{"type":"FeatureCollection","features":[{"type":"Feature","geometry":{"type":"Polygon","coordinates":[[[4.291,44.549],[4.2921,44.5486],[4.2926,44.5482],[4.2927,44.548],[4.2927,44.5476],[4.2922,44.5473],[4.2918,44.5472],[4.292,44.5469],[4.2919,44.5462],[4.2916,44.5459],[4.2913,44.5457],[4.2906,44.5458],[4.2904,44.5461],[4.2905,44.5466],[4.2905,44.5469],[4.2904,44.5472],[4.2902,44.5475],[4.2893,44.5478],[4.2891,44.5481],[4.289,44.5482],[4.2886,44.5484],[4.288,44.5487],[4.2879,44.5491],[4.2883,44.5495],[4.2893,44.5495],[4.2905,44.5492],[4.291,44.549],[4.291,44.549]]]},"properties":{"id_ffco":"2004-D07-EN-09","nom":"LA SEGALIERE AUBESSON","_dept":"07","numero":"2004-D07-EN-09","commune":"LARGENTIERE","echelle":"1/1200","surface":"0.08 km²","annee":"2004","cartographes":"CHANNAC Cédric","proprietaire":"CONSEIL GENERAL ARDECHE","specialite":"CO à pied","contacts":"CONSEIL GENERAL ARDECHE, 04 75 66 77 07","latitude":"44.54796","longitude":"4.29062","date_saisie":"19/07/2013","valide":"Non","ppo":"Non","obsolete":false}},{"type":"Feature","geometry":{"type":"Polygon","coordinates":[[[4.5835,44.7397],[4.5825,44.7391],[4.5796,44.7387],[4.578,44.7387],[4.5752,44.739],[4.5739,44.7392],[4.5736,44.7391],[4.5733,44.7386],[4.5722,44.738],[4.5712,44.7377],[4.5698,44.7379],[4.5692,44.7382],[4.5686,44.7387],[4.5662,44.7388],[4.5637,44.7391],[4.5634,44.7392],[4.5632,44.7396],[4.5633,44.7401],[4.5625,44.7403],[4.562,44.7405],[4.562,44.7408],[4.5621,44.7412],[4.5629,44.7418],[4.5641,44.742],[4.5645,44.7421],[4.5648,44.7426],[4.5655,44.7428],[4.5665,44.7426],[4.5669,44.7424],[4.5678,44.7423],[4.5682,44.7423],[4.5686,44.7421],[4.5689,44.7419],[4.5702,44.7419],[4.5711,44.7419],[4.5723,44.7422],[4.5744,44.7422],[4.5758,44.7422],[4.5779,44.7421],[4.5796,44.7421],[4.581,44.7421],[4.582,44.7418],[4.5829,44.7414],[4.5835,44.7404],[4.5835,44.7397],[4.5835,44.7397]]]},"properties":{"id_ffco":"2004-D07-EN-05","nom":"BOIS LAVILLE","_dept":"07","numero":"2004-D07-EN-05","commune":"VEYRAS","echelle":"1/6000","surface":"0.62 km²","annee":"2004","cartographes":"COUPAT Gerard","proprietaire":"CONSEIL GENERAL ARDECHE","specialite":"CO à pied","contacts":"CONSEIL GENERAL ARDECHE, 04 75 66 77 07","latitude":"44.74039","longitude":"4.57109","date_saisie":"19/07/2013","valide":"Non","ppo":"Non","obsolete":false}},{"type":"Feature","geometry":null,"properties":{"id_ffco":"2025-D07-999","nom":"nouvelle","_dept":"07","numero":"2025-D07-999","surface":"None km²","annee":"2025","niveau":"Régional","specialite":"CO à pied","date_saisie":"06/10/2025","valide":"Non","ppo":"Non","obsolete":false}},{"type":"Feature","geometry":{"type":"Polygon","coordinates":[[[4.4465,44.3566],[4.4464,44.3561],[4.4471,44.3554],[4.4478,44.3554],[4.4496,44.3557],[4.4507,44.3561],[4.452,44.3567],[4.4535,44.3575],[4.4543,44.3581],[4.4545,44.359],[4.4548,44.3595],[4.4547,44.3599],[4.4548,44.3605],[4.4523,44.3605],[4.4518,44.3596],[4.4511,44.3586],[4.4502,44.3578],[4.4488,44.3573],[4.4475,44.3568],[4.4465,44.3566]]]},"properties":{"id_ffco":"2013-D07-98","nom":"GAUD GORGES DE L'ARDECHE","_dept":"07","numero":"2013-D07-98","commune":"07700 ST REMEZE,","echelle":"1/2500","surface":"0.16 km²","format":"A4","annee":"2013","cartographes":"CHANNAC Cédric","niveau":"Initiation, Scolaire","specialite":"CO à pied","contacts":"SGGA, 04 75 98 77 31, www.gorgesdelardeche.fr/?","latitude":"44.35766","longitude":"4.45197","date_saisie":"13/03/2014","date_depot":"12/02/2016","valide":"Oui","ppo":"Non","type_carte":"Nouvelle carte","fond":"Cadastre","obsolete":false}},{"type":"Feature","geometry":{"type":"Polygon","coordinates":[[[4.6031,44.843],[4.6029,44.8426],[4.6028,44.8424],[4.6024,44.8422],[4.6018,44.8422],[4.6014,44.8423],[4.6009,44.8421],[4.6007,44.8419],[4.6012,44.8412],[4.6017,44.8404],[4.6014,44.8385],[4.6018,44.838],[4.6028,44.8378],[4.6032,44.8384],[4.6031,44.8391],[4.6028,44.8396],[4.6033,44.8402],[4.6043,44.8419],[4.6042,44.8421],[4.6042,44.8427],[4.6031,44.843]]]},"properties":{"id_ffco":"2013-D07-97","nom":"ST MICHEL DE CHABRILLANOUX","_dept":"07","numero":"2013-D07-97","commune":"ST MICHEL DE CHABRILLANOUX","echelle":"1/3000","surface":"0.09 km²","format":"A4","annee":"2013","cartographes":"PARDOEN Thomas","niveau":"Initiation, Scolaire","specialite":"CO à pied","contacts":"CDCO 07, 06-85-11-63-94, cartotheque@cdco07.fr, http://cdco07.fr/","latitude":"44.84048","longitude":"4.60251","date_saisie":"01/01/2015","date_depot":"12/02/2016","valide":"Oui","ppo":"Non","type_carte":"Nouvelle carte","fond":"IGN","obsolete":false}},{"type":"Feature","geometry":{"type":"Polygon","coordinates":[[[4.2816,44.5527],[4.2827,44.5527],[4.2837,44.5516],[4.284,44.551],[4.2842,44.5504],[4.2847,44.5497],[4.2851,44.5489],[4.2858,44.5482],[4.287,44.5475],[4.2881,44.5467],[4.2881,44.5454],[4.288,44.5433],[4.288,44.5415],[4.2871,44.5416],[4.2859,44.5419],[4.2851,44.5425],[4.2846,44.5422],[4.2837,44.5422],[4.2826,44.5422],[4.2818,44.5423],[4.2816,44.5429],[4.2809,44.5438],[4.2801,44.5448],[4.2796,44.5454],[4.2794,44.5461],[4.2804,44.5478],[4.2805,44.5489],[4.2803,44.5497],[4.2804,44.5504],[4.2808,44.5512],[4.2811,44.5523],[4.2816,44.5527],[4.2816,44.5527]]]},"properties":{"id_ffco":"2013-D07-96","nom":"BOIS DE TAURIERS","_dept":"07","numero":"2013-D07-96","commune":"TAURIERS","echelle":"1/4000","surface":"0.54 km²","format":"A4","annee":"2013","cartographes":"CHANNAC Cédric","proprietaire":"07 - Ardèche","niveau":"Départemental","specialite":"CO à pied","contacts":"CDCO 07, 06-85-11-63-94, cartotheque@cdco07.fr, http://cdco07.fr/","latitude":"44.5471","longitude":"4.28374","date_saisie":"19/07/2013","date_depot":"12/02/2016","valide":"Oui","ppo":"Non","type_carte":"Nouvelle carte","fond":"IGN","obsolete":false}},{"type":"Feature","geometry":{"type":"Polygon","coordinates":[[[4.7277,44.655],[4.7252,44.6549],[4.7239,44.6541],[4.7226,44.6546],[4.7215,44.6546],[4.7198,44.6542],[4.7184,44.653],[4.717,44.6529],[4.7146,44.6516],[4.7135,44.6511],[4.7125,44.6504],[4.7121,44.6483],[4.7124,44.6462],[4.7165,44.6442],[4.7183,44.6444],[4.7198,44.6439],[4.721,44.6425],[4.7229,44.6437],[4.7237,44.6429],[4.7243,44.6414],[4.7259,44.6411],[4.728,44.6414],[4.7308,44.641],[4.7331,44.6407],[4.7331,44.6433],[4.7328,44.6445],[4.7233,44.6488],[4.724,44.6501],[4.7238,44.6509],[4.7254,44.6517],[4.7266,44.6534],[4.7277,44.655]]]},"properties":{"id_ffco":"2013-D07-95","nom":"LA FERME DE LA DURANNE -CRUAS","_dept":"07","numero":"2013-D07-95","commune":"CRUAS","echelle":"1/7500","surface":"1.4 km²","format":"A4","annee":"2013","cartographes":"PARDOEN Thomas","proprietaire":"07 - Ardèche","niveau":"Départemental","specialite":"CO à pied","contacts":"CDCO 07, 06-85-11-63-94, cartotheque@cdco07.fr, http://cdco07.fr/","latitude":"44.64786","longitude":"4.72258","date_saisie":"19/07/2013","date_depot":"12/02/2016","valide":"Oui","ppo":"Non","type_carte":"Nouvelle carte","fond":"IGN","obsolete":false}},{"type":"Feature","geometry":{"type":"Polygon","coordinates":[[[4.6061,44.5519],[4.6049,44.5531],[4.6025,44.5546],[4.6006,44.5559],[4.5983,44.5571],[4.5973,44.5574],[4.5962,44.5573],[4.5958,44.5567],[4.5965,44.5554],[4.5951,44.5549],[4.596,44.5534],[4.5981,44.5531],[4.5998,44.5536],[4.6006,44.5537],[4.602,44.5529],[4.6027,44.5521],[4.6034,44.5515],[4.6048,44.5513],[4.6061,44.5519]]]},"properties":{"id_ffco":"2013-D07-93","nom":"ALBA LA ROMAINE","_dept":"07","numero":"2013-D07-93","commune":"ALBA LA ROMAINE","echelle":"1/4000","surface":"0.24 km²","format":"A4","annee":"2013","cartographes":"COUPAT Gerard","proprietaire":"2606 - LOISIR ORIENTATION UNION PIERRELATTINE","niveau":"Départemental","specialite":"CO à pied","contacts":"CLUB L.O.U.PIERRELATTE, 04 75 52 58 23, 06 86 40 42 35, laure.coupat@free.fr, http://loup.segustero.com/","latitude":"44.55439","longitude":"4.60061","date_saisie":"19/07/2013","date_depot":"12/02/2016","valide":"Oui","ppo":"Non","type_carte":"Nouvelle carte","fond":"Cadastre","obsolete":false}},{"type":"Feature","geometry":{"type":"Polygon","coordinates":[[[3.9693,44.7999],[3.969,44.8534],[3.9853,44.8529],[3.9877,44.8497],[3.9913,44.8489],[3.9925,44.8458],[3.9997,44.8484],[4.0037,44.8492],[4.0071,44.8472],[4.0105,44.8493],[4.0133,44.8477],[4.0206,44.846],[4.0203,44.846],[4.021,44.8458],[4.0213,44.8117],[4.0188,44.8111],[4.0186,44.8111],[4.0186,44.8112],[4.0145,44.8117],[4.0073,44.8111],[4.0038,44.8096],[4.0037,44.8057],[4.0006,44.8039],[3.9992,44.8023],[3.9968,44.8027],[3.9923,44.8012],[3.9915,44.7995],[3.9695,44.7997],[3.9693,44.7999]]]},"properties":{"id_ffco":"2013-D07-92","nom":"LES 3 VALLEES - COUCOURON","_dept":"07","numero":"2013-D07-92","commune":"COUCOURON","echelle":"1/15000","surface":"20.76 km²","format":"A3","annee":"2013","cartographes":"PARDOEN Thomas","proprietaire":"07 - Ardèche","niveau":"Départemental","specialite":"CO à VTT","contacts":"CDCO 07, 06-85-11-63-94, cartotheque@cdco07.fr, http://cdco07.fr/","latitude":"44.82647","longitude":"3.99516","date_saisie":"19/07/2013","date_depot":"12/02/2016","valide":"Oui","ppo":"Non","type_carte":"Nouvelle carte","fond":"IGN","obsolete":false}},{"type":"Feature","geometry":{"type":"Polygon","coordinates":[[[4.1692,44.3771],[4.1726,44.3755],[4.1739,44.3717],[4.1821,44.3736],[4.1873,44.3736],[4.1909,44.3741],[4.1967,44.3744],[4.2012,44.374],[4.2037,44.3759],[4.2081,44.3772],[4.2105,44.3775],[4.2131,44.3784],[4.2134,44.3799],[4.2164,44.3828],[4.2145,44.386],[4.2127,44.3888],[4.2106,44.3934],[4.2075,44.3965],[4.2054,44.3976],[4.2029,44.3969],[4.2015,44.3961],[4.1993,44.3953],[4.198,44.3946],[4.1961,44.3936],[4.1957,44.3918],[4.192,44.3919],[4.1921,44.3932],[4.1915,44.3942],[4.1871,44.3945],[4.1821,44.3953],[4.1801,44.3968],[4.1784,44.3962],[4.1776,44.3953],[4.177,44.3964],[4.1745,44.3971],[4.1694,44.3965],[4.1673,44.3957],[4.1684,44.3925],[4.1706,44.3898],[4.1715,44.3882],[4.1713,44.3861],[4.1728,44.383],[4.1746,44.3811],[4.1745,44.3798],[4.1717,44.3787],[4.1692,44.3771]]]},"properties":{"id_ffco":"2013-D07-91","nom":"LE BOIS DE PAIOLIVE","_dept":"07","numero":"2013-D07-91","commune":"Berrias et Casteljau","echelle":"1/10000","surface":"7.77 km²","format":"A4","annee":"2013","cartographes":"PARDOEN Thomas","proprietaire":"07 - Ardèche","niveau":"Régional","specialite":"CO à VTT","contacts":"CDCO 07, 06-85-11-63-94, cartotheque@cdco07.fr, http://cdco07.fr/","latitude":"44.38467","longitude":"4.1918","date_saisie":"19/07/2013","date_depot":"12/02/2016","valide":"Oui","ppo":"Non","type_carte":"Nouvelle carte","fond":"IGN","obsolete":false}},{"type":"Feature","geometry":{"type":"Polygon","coordinates":[[[4.2534,44.6289],[4.2545,44.6295],[4.2548,44.6291],[4.2552,44.6289],[4.2559,44.6287],[4.2565,44.6286],[4.2568,44.6284],[4.2566,44.6282],[4.2564,44.6279],[4.2562,44.6275],[4.2562,44.627],[4.2561,44.6267],[4.2555,44.627],[4.255,44.6273],[4.2548,44.6277],[4.2543,44.628],[4.2539,44.6281],[4.2534,44.6289]]]},"properties":{"id_ffco":"2012-D07-90","nom":"LA BASTIDE (commune de Jaujac)","_dept":"07","numero":"2012-D07-90","commune":"JAUJAC","echelle":"1/1500","surface":"0.04 km²","format":"A4","annee":"2012","cartographes":"PARDOEN Thomas","proprietaire":"07 - Ardèche","niveau":"Initiation, Scolaire","specialite":"CO à pied","contacts":"CDCO 07, 06-85-11-63-94, cartotheque@cdco07.fr, http://cdco07.fr/","latitude":"44.62808","longitude":"4.25506","date_saisie":"19/07/2013","date_depot":"22/01/2016","valide":"Oui","ppo":"Oui (34 postes)","type_carte":"Nouvelle carte","fond":"Cadastre","obsolete":false}},{"type":"Feature","geometry":{"type":"Polygon","coordinates":[[[3.9551,44.8005],[3.9573,44.7988],[3.96,44.7967],[3.9619,44.7935],[3.9631,44.7927],[3.965,44.7941],[3.9664,44.7946],[3.965,44.7959],[3.9644,44.7975],[3.9641,44.7988],[3.9646,44.801],[3.9646,44.8026],[3.9653,44.8036],[3.9644,44.8057],[3.9625,44.807],[3.9614,44.8077],[3.9595,44.8072],[3.9582,44.8071],[3.9564,44.8088],[3.9514,44.8113],[3.949,44.811],[3.9474,44.8102],[3.948,44.8082],[3.9496,44.8065],[3.9501,44.805],[3.9539,44.8025],[3.9551,44.8005],[3.9551,44.8005]]]},"properties":{"id_ffco":"2012-D07-89","nom":"BOIS DE MONTVIEUX - COUCOURON","_dept":"07","numero":"2012-D07-89","commune":"COUCOURON","echelle":"1/7500","surface":"1.35 km²","format":"A4","annee":"2012","cartographes":"PARDOEN Thomas","proprietaire":"07 - Ardèche","niveau":"Départemental","specialite":"CO à pied","contacts":"CDCO 07, 06-85-11-63-94, cartotheque@cdco07.fr, http://cdco07.fr/","latitude":"44.80201","longitude":"3.95692","date_saisie":"19/07/2013","date_depot":"22/01/2016","valide":"Oui","ppo":"Non","type_carte":"Nouvelle carte","fond":"IGN","obsolete":false}},{"type":"Feature","geometry":{"type":"Polygon","coordinates":[[[4.3737,44.4497],[4.3728,44.4495],[4.3718,44.4494],[4.3705,44.4486],[4.3701,44.448],[4.3692,44.4479],[4.3674,44.4479],[4.3667,44.4477],[4.3659,44.447],[4.3663,44.4464],[4.3674,44.4459],[4.3678,44.4448],[4.3673,44.444],[4.3693,44.4436],[4.37,44.4429],[4.3707,44.4422],[4.3713,44.4413],[4.3722,44.4414],[4.3728,44.4416],[4.3731,44.443],[4.3731,44.4438],[4.3732,44.4466],[4.3729,44.4468],[4.3732,44.4475],[4.374,44.4483],[4.3741,44.449],[4.3739,44.4494],[4.3737,44.4497]]]},"properties":{"id_ffco":"2012-D07-88","nom":"DOMAINE DE CHAUSSY","_dept":"07","numero":"2012-D07-88","commune":"LAGORCE","echelle":"1/3000","surface":"0.33 km²","format":"A4","annee":"2012","cartographes":"PARDOEN Thomas","proprietaire":"07 - Ardèche","niveau":"Départemental","specialite":"CO à pied","contacts":"CDCO 07, 06-85-11-63-94, cartotheque@cdco07.fr, http://cdco07.fr/","latitude":"44.44548","longitude":"4.37002","date_saisie":"19/07/2013","date_depot":"22/01/2016","valide":"Oui","ppo":"Non","type_carte":"Nouvelle carte","fond":"Cadastre","obsolete":false}},{"type":"Feature","geometry":{"type":"Polygon","coordinates":[[[4.2362,44.3955],[4.236,44.3948],[4.2355,44.3948],[4.2358,44.3941],[4.235,44.394],[4.2351,44.3924],[4.2351,44.3917],[4.2351,44.3914],[4.2433,44.3913],[4.2458,44.3914],[4.2485,44.3923],[4.2511,44.3933],[4.255,44.3947],[4.2558,44.3949],[4.258,44.3975],[4.2583,44.4013],[4.2562,44.4029],[4.2459,44.403],[4.2444,44.403],[4.2436,44.402],[4.2427,44.4021],[4.2416,44.3987],[4.2416,44.3978],[4.2405,44.3968],[4.2391,44.3959],[4.2362,44.3955]]]},"properties":{"id_ffco":"2012-D07-87","nom":"LE CHAMAS - CHANDOLAS","_dept":"07","numero":"2012-D07-87","commune":"CHANDOLAS","echelle":"1/6500","surface":"1.65 km²","format":"A4","annee":"2012","cartographes":"PARDOEN Thomas","proprietaire":"07 - Ardèche","niveau":"Départemental","specialite":"CO à pied","contacts":"CDCO 07, 06-85-11-63-94, cartotheque@cdco07.fr, http://cdco07.fr/","latitude":"44.39717","longitude":"4.24665","date_saisie":"19/07/2013","date_depot":"22/01/2016","valide":"Oui","ppo":"Non","type_carte":"Nouvelle carte","fond":"IGN","obsolete":false}},{"type":"Feature","geometry":{"type":"Polygon","coordinates":[[[4.5758,44.8814],[4.5781,44.8809],[4.5783,44.8802],[4.5765,44.8784],[4.5752,44.8773],[4.5754,44.8762],[4.5757,44.8753],[4.5751,44.8751],[4.5737,44.8762],[4.5733,44.8761],[4.5715,44.8774],[4.5712,44.8781],[4.571,44.8786],[4.5698,44.8796],[4.5683,44.88],[4.5697,44.8812],[4.5705,44.8818],[4.5725,44.881],[4.5754,44.8806],[4.5755,44.8812],[4.5758,44.8814]]]},"properties":{"id_ffco":"2012-D07-86","nom":"CHALENCON VILLAGE","_dept":"07","numero":"2012-D07-86","commune":"CHALENCON","echelle":"1/4000","surface":"0.28 km²","format":"A4","annee":"2012","cartographes":"PARDOEN Thomas","proprietaire":"07 - Ardèche","niveau":"Régional","specialite":"CO à pied","contacts":"CDCO 07, 06-85-11-63-94, cartotheque@cdco07.fr, http://cdco07.fr/","latitude":"44.8791134177","longitude":"4.57358283842","date_saisie":"19/07/2013","date_depot":"22/01/2016","valide":"Oui","ppo":"Non","type_carte":"Nouvelle carte","fond":"IGN","obsolete":false}},{"type":"Feature","geometry":{"type":"Polygon","coordinates":[[[4.3926,44.5745],[4.4076,44.5743],[4.4064,44.5718],[4.4067,44.5699],[4.4076,44.5676],[4.408,44.5656],[4.4073,44.5637],[4.4067,44.5618],[4.4078,44.5597],[4.4102,44.558],[4.4101,44.5564],[4.4101,44.5519],[4.4105,44.5501],[4.41,44.5497],[4.3985,44.5547],[4.3972,44.5575],[4.3962,44.5597],[4.3945,44.5608],[4.3924,44.5622],[4.391,44.5667],[4.3901,44.5684],[4.3916,44.57],[4.3926,44.5745]]]},"properties":{"id_ffco":"2016-D07-85","nom":"St Sernin MTB","_dept":"07","numero":"2016-D07-85","commune":"St Sernin","echelle":"1/10000","surface":"2.78 km²","format":"A4","annee":"2016","cartographes":"C.NEEL","proprietaire":"07 - Ardèche","niveau":"Départemental","specialite":"CO à VTT","contacts":"CDCO 07, 06-48-09-82-92, cartotheque@cdco07.fr, http://cdco07.fr/","latitude":"44.5638801137","longitude":"4.40096438234","date_saisie":"09/01/2017","date_depot":"26/01/2018","valide":"Oui","ppo":"Non","type_carte":"Nouvelle carte","fond":"Ortho","obsolete":false}},{"type":"Feature","geometry":{"type":"Polygon","coordinates":[[[4.6898,44.4776],[4.6914,44.4789],[4.692,44.4801],[4.6932,44.4804],[4.6931,44.4816],[4.6922,44.483],[4.6907,44.4837],[4.6913,44.4854],[4.6919,44.4866],[4.6897,44.4868],[4.6867,44.4866],[4.6852,44.4862],[4.6845,44.4845],[4.6861,44.483],[4.6876,44.4824],[4.6886,44.4813],[4.6894,44.4798],[4.6881,44.4778],[4.6898,44.4776]]]},"properties":{"id_ffco":"2012-D07-84","nom":"VIVIERS","_dept":"07","numero":"2012-D07-84","commune":"VIVIERS","echelle":"1/4000","surface":"0.37 km²","format":"A4","annee":"2012","cartographes":"COUPAT Gerard","proprietaire":"2606 - LOISIR ORIENTATION UNION PIERRELATTINE","niveau":"Régional","specialite":"CO à pied","contacts":"CLUB L.O.U.PIERRELATTE, 04 75 52 58 23, 06 86 40 42 35, laure.coupat@free.fr, http://loup.segustero.com/","latitude":"44.48221","longitude":"4.68889","date_saisie":"19/07/2013","date_depot":"22/01/2016","valide":"Oui","ppo":"Non","type_carte":"Nouvelle carte","fond":"Cadastre","obsolete":false}},{"type":"Feature","geometry":{"type":"Polygon","coordinates":[[[4.0974,44.6359],[4.0926,44.6343],[4.0896,44.6341],[4.0867,44.6344],[4.0843,44.6333],[4.0837,44.6309],[4.0826,44.6286],[4.0797,44.6288],[4.0764,44.6288],[4.0714,44.6287],[4.0643,44.6287],[4.0578,44.6266],[4.0559,44.6243],[4.0596,44.6228],[4.0643,44.6197],[4.0671,44.6197],[4.0687,44.6193],[4.0693,44.6165],[4.0684,44.6156],[4.07,44.6141],[4.0702,44.6127],[4.0709,44.6105],[4.0746,44.6123],[4.0777,44.6144],[4.081,44.6174],[4.0837,44.6185],[4.0872,44.6191],[4.0949,44.6176],[4.0947,44.6197],[4.0964,44.6215],[4.1001,44.62],[4.1076,44.6199],[4.1112,44.6197],[4.1114,44.6215],[4.1098,44.6232],[4.1067,44.6249],[4.097,44.6276],[4.0958,44.63],[4.0952,44.6313],[4.0982,44.6339],[4.0974,44.6359]]]},"properties":{"id_ffco":"2012-D07-83","nom":"STATION DE LA CROIX DE BAUZON","_dept":"07","numero":"2012-D07-83","commune":"ST ETIENNE DE LUGDARES","echelle":"1/15000","surface":"5.08 km²","format":"A4","annee":"2012","cartographes":"PARDOEN Thomas","proprietaire":"07 - Ardèche","niveau":"Départemental","specialite":"CO à VTT","contacts":"CDCO 07, 06-85-11-63-94, cartotheque@cdco07.fr, http://cdco07.fr/","latitude":"44.62316","longitude":"4.08365","date_saisie":"19/07/2013","date_depot":"29/06/2016","valide":"Oui","ppo":"Non","type_carte":"Nouvelle carte","fond":"IGN","obsolete":false}},{"type":"Feature","geometry":{"type":"Polygon","coordinates":[[[4.0974,44.6359],[4.0926,44.6343],[4.0896,44.6341],[4.0867,44.6344],[4.0843,44.6333],[4.0837,44.6309],[4.0826,44.6286],[4.0797,44.6288],[4.0764,44.6288],[4.0714,44.6287],[4.0643,44.6287],[4.0578,44.6266],[4.0559,44.6243],[4.0596,44.6228],[4.0643,44.6197],[4.0671,44.6197],[4.0687,44.6193],[4.0693,44.6165],[4.0684,44.6156],[4.07,44.6141],[4.0702,44.6127],[4.0709,44.6105],[4.0746,44.6123],[4.0777,44.6144],[4.081,44.6174],[4.0837,44.6185],[4.0872,44.6191],[4.0949,44.6176],[4.0947,44.6197],[4.0964,44.6215],[4.1001,44.62],[4.1076,44.6199],[4.1112,44.6197],[4.1114,44.6215],[4.1098,44.6232],[4.1067,44.6249],[4.097,44.6276],[4.0958,44.63],[4.0952,44.6313],[4.0982,44.6339],[4.0974,44.6359]]]},"properties":{"id_ffco":"2012-D07-82","nom":"STATION DE LA CROIX DE BAUZON CO à SKI","_dept":"07","numero":"2012-D07-82","commune":"ST ETIENNE DE LUGDARES","echelle":"1/15000","surface":"5.08 km²","format":"A4","annee":"2012","cartographes":"PARDOEN Thomas","proprietaire":"07 - Ardèche","niveau":"Départemental","specialite":"CO à ski","contacts":"CDCO 07, 06-85-11-63-94, cartotheque@cdco07.fr, http://cdco07.fr/","latitude":"44.62273","longitude":"4.0855","date_saisie":"19/07/2013","date_depot":"22/01/2016","valide":"Oui","ppo":"Non","type_carte":"Nouvelle carte","fond":"IGN","obsolete":false}},{"type":"Feature","geometry":{"type":"Polygon","coordinates":[[[4.0261,44.6597],[4.0256,44.6606],[4.0264,44.6622],[4.0262,44.6631],[4.0255,44.6641],[4.0249,44.6649],[4.0254,44.6667],[4.0246,44.6685],[4.0236,44.6705],[4.0237,44.6715],[4.0249,44.6721],[4.0267,44.6728],[4.0269,44.674],[4.0269,44.6756],[4.0272,44.6769],[4.0264,44.6776],[4.0252,44.6782],[4.0249,44.6792],[4.024,44.6798],[4.0231,44.6813],[4.0225,44.6827],[4.0214,44.6843],[4.0202,44.6853],[4.0183,44.6853],[4.0157,44.6856],[4.013,44.6851],[4.0124,44.6834],[4.011,44.6838],[4.0089,44.6838],[4.0075,44.6831],[4.0073,44.6814],[4.0067,44.6805],[4.0041,44.6812],[4.0012,44.6803],[3.9989,44.6802],[3.9954,44.6809],[3.995,44.6818],[3.9958,44.6834],[3.9962,44.6848],[3.9956,44.6863],[3.995,44.688],[3.9928,44.6891],[3.9886,44.69],[3.9856,44.6903],[3.9849,44.6911],[3.985,44.6932],[3.9851,44.6952],[3.9847,44.6969],[3.9838,44.6986],[3.9824,44.7001],[3.9788,44.7009],[3.9753,44.7014],[3.9728,44.7011],[3.9698,44.6991],[3.9693,44.697],[3.9705,44.6952],[3.9726,44.6935],[3.9748,44.6921],[3.9782,44.691],[3.9806,44.6901],[3.9782,44.6891],[3.9764,44.6884],[3.9752,44.687],[3.9751,44.6852],[3.9756,44.6834],[3.9763,44.6818],[3.9766,44.6798],[3.9769,44.6774],[3.9741,44.6767],[3.9729,44.6751],[3.9731,44.6739],[3.9758,44.6744],[3.9792,44.6739],[3.9842,44.6724],[3.9887,44.671],[3.9923,44.6696],[3.9967,44.6671],[4.0,44.6653],[4.0053,44.6638],[4.0108,44.6628],[4.0146,44.6619],[4.0192,44.6624],[4.0224,44.6605],[4.0247,44.6586],[4.0269,44.6559],[4.0281,44.6526],[4.0296,44.6518],[4.0309,44.652],[4.03,44.6538],[4.0295,44.6556],[4.0291,44.6578],[4.0284,44.6587],[4.0261,44.6597]]]},"properties":{"id_ffco":"2011-D07-81","nom":"STATION DE LA CHAVADE - BEL AIR","_dept":"07","numero":"2011-D07-81","commune":"ASTET","echelle":"1/20000","surface":"9.63 km²","format":"A4","annee":"2011","cartographes":"PARDOEN Thomas","proprietaire":"07 - Ardèche","niveau":"Départemental","specialite":"CO à VTT","contacts":"CDCO 07, 06-85-11-63-94, cartotheque@cdco07.fr, http://cdco07.fr/","latitude":"44.67661","longitude":"4.00014","date_saisie":"19/07/2013","date_depot":"22/01/2016","valide":"Oui","ppo":"Non","type_carte":"Nouvelle carte","fond":"IGN","obsolete":false}},{"type":"Feature","geometry":{"type":"Polygon","coordinates":[[[4.584,44.9845],[4.5823,44.9844],[4.582,44.9828],[4.5819,44.9819],[4.5829,44.9813],[4.5838,44.9803],[4.5849,44.9794],[4.585,44.9782],[4.586,44.9776],[4.5867,44.9772],[4.5873,44.9756],[4.5881,44.9753],[4.5902,44.9755],[4.59,44.9743],[4.5929,44.9738],[4.5942,44.9731],[4.5962,44.9727],[4.5985,44.973],[4.5999,44.9736],[4.602,44.974],[4.6064,44.9745],[4.6078,44.9739],[4.6086,44.9754],[4.6099,44.9769],[4.6098,44.9781],[4.6083,44.9789],[4.6044,44.9809],[4.6025,44.9806],[4.6013,44.9791],[4.6005,44.9779],[4.5983,44.9782],[4.5976,44.9792],[4.595,44.9798],[4.5946,44.9809],[4.5926,44.982],[4.5914,44.9823],[4.5892,44.9825],[4.5872,44.9828],[4.5856,44.9831],[4.584,44.9845]]]},"properties":{"id_ffco":"2011-D07-80","nom":"Forêt d'Urbillac","_dept":"07","numero":"2011-D07-80","commune":"Lamastre","echelle":"1/7500","surface":"1.44 km²","format":"A4","annee":"2011","cartographes":"PARDOEN THOMAS","proprietaire":"07 - Ardèche","niveau":"Départemental","specialite":"CO à pied","contacts":"CDCO 07, 06-48-09-82-92, cartotheque@cdco07.fr, http://cdco07.fr/","latitude":"44.977861789","longitude":"4.59557656144","date_saisie":"16/11/2015","date_depot":"03/04/2019","valide":"Oui","ppo":"Non","type_carte":"Nouvelle carte","fond":"Cadastre","obsolete":false}},{"type":"Feature","geometry":{"type":"Polygon","coordinates":[[[4.3198,44.5087],[4.3166,44.5097],[4.3166,44.5121],[4.3171,44.5129],[4.3175,44.5136],[4.319,44.5147],[4.3217,44.5178],[4.3236,44.5195],[4.3281,44.521],[4.3283,44.5207],[4.3284,44.5203],[4.3296,44.5197],[4.3307,44.5211],[4.3353,44.5219],[4.3364,44.5221],[4.3372,44.5192],[4.3334,44.5178],[4.3303,44.5156],[4.3284,44.5145],[4.3249,44.5103],[4.3233,44.508],[4.3198,44.5087]]]},"properties":{"id_ffco":"2011-D07-79","nom":"UZER","_dept":"07","numero":"2011-D07-79","commune":"UZER","echelle":"1/7500","surface":"1.13 km²","format":"A4","annee":"2011","cartographes":"PARDOEN Thomas","proprietaire":"07 - Ardèche","niveau":"Départemental","specialite":"CO à pied","contacts":"CDCO 07, 06-85-11-63-94, cartotheque@cdco07.fr, http://cdco07.fr/","latitude":"44.51504","longitude":"4.32689","date_saisie":"19/07/2013","date_depot":"25/07/2013","valide":"Oui","ppo":"Non","type_carte":"Nouvelle carte","fond":"Ortho","obsolete":false}},{"type":"Feature","geometry":{"type":"Polygon","coordinates":[[[4.259,44.6367],[4.2612,44.6359],[4.2617,44.6348],[4.2637,44.6333],[4.2666,44.6326],[4.2654,44.6323],[4.2659,44.6306],[4.2679,44.6244],[4.2646,44.624],[4.2608,44.624],[4.2603,44.6245],[4.2601,44.6257],[4.2566,44.6256],[4.2561,44.6273],[4.2547,44.6277],[4.2536,44.6285],[4.2531,44.6292],[4.2542,44.63],[4.2543,44.6312],[4.2551,44.6322],[4.2563,44.6326],[4.2557,44.6343],[4.2558,44.6351],[4.2552,44.6357],[4.2559,44.6359],[4.2567,44.6352],[4.259,44.6367]]]},"properties":{"id_ffco":"2011-D07-78","nom":"DOMAINE DE ROCHEMURE","_dept":"07","numero":"2011-D07-78","commune":"07380 JAUJAC,","echelle":"1/5000","surface":"1.02 km²","format":"A4","annee":"2011","cartographes":"PARDOEN Thomas","niveau":"Régional","specialite":"CO à pied","contacts":"CDCO 07, 06-85-11-63-94, cartotheque@cdco07.fr, http://cdco07.fr/","latitude":"44.63084","longitude":"4.25922","date_saisie":"13/03/2014","date_depot":"22/01/2016","valide":"Oui","ppo":"Non","type_carte":"Nouvelle carte","fond":"IGN","obsolete":false}},{"type":"Feature","geometry":{"type":"Polygon","coordinates":[[[4.3674,44.6554],[4.3644,44.6555],[4.366,44.6581],[4.3664,44.6592],[4.3661,44.66],[4.3642,44.6614],[4.3639,44.6636],[4.3633,44.665],[4.3626,44.6668],[4.3684,44.6668],[4.3694,44.664],[4.3697,44.6622],[4.3693,44.6597],[4.3694,44.6581],[4.3709,44.6581],[4.3717,44.6574],[4.3704,44.6568],[4.3694,44.6554],[4.3674,44.6554]]]},"properties":{"id_ffco":"2011-D07-76","nom":"VALS LES BAINS","_dept":"07","numero":"2011-D07-76","commune":"VALS LES BAINS","echelle":"1/4000","surface":"0.5 km²","format":"A4","annee":"2011","cartographes":"PARDOEN Thomas","proprietaire":"07 - Ardèche","niveau":"Départemental","specialite":"CO à pied","contacts":"CDCO 07, 06-85-11-63-94, cartotheque@cdco07.fr, http://cdco07.fr/","latitude":"44.66108","longitude":"4.36716","date_saisie":"19/07/2013","date_depot":"25/07/2013","valide":"Oui","ppo":"Non","type_carte":"Nouvelle carte","fond":"Cadastre","obsolete":false}},{"type":"Feature","geometry":{"type":"Polygon","coordinates":[[[4.3259,44.5391],[4.3258,44.54],[4.3254,44.5408],[4.3247,44.5417],[4.3238,44.542],[4.3232,44.5416],[4.3224,44.5418],[4.3216,44.5419],[4.3208,44.5417],[4.3209,44.5408],[4.3207,44.54],[4.3211,44.5392],[4.3212,44.5386],[4.3214,44.538],[4.3209,44.5375],[4.3213,44.537],[4.3224,44.5371],[4.3229,44.5374],[4.3236,44.5373],[4.3243,44.5368],[4.3248,44.5361],[4.3258,44.5371],[4.3262,44.5374],[4.3267,44.538],[4.3266,44.5386],[4.3259,44.5389],[4.3259,44.5391]]]},"properties":{"id_ffco":"2011-D07-75","nom":"VINEZAC VILLAGE","_dept":"07","numero":"2011-D07-75","commune":"VINEZAC","echelle":"1/2500","surface":"0.21 km²","format":"A4","annee":"2011","cartographes":"CHANNAC Cédric","proprietaire":"07 - Ardèche","niveau":"Initiation, Scolaire","specialite":"CO à pied","contacts":"CDCO 07, 06-85-11-63-94, cartotheque@cdco07.fr, http://cdco07.fr/","latitude":"44.53904","longitude":"4.32371","date_saisie":"19/07/2013","date_depot":"22/01/2016","valide":"Oui","ppo":"Oui (41 postes)","type_carte":"Nouvelle carte","fond":"IGN","obsolete":false}},{"type":"Feature","geometry":{"type":"Polygon","coordinates":[[[4.4148,44.4526],[4.4166,44.4516],[4.416,44.4498],[4.4153,44.4472],[4.415,44.4452],[4.4149,44.4441],[4.4159,44.4442],[4.4163,44.4444],[4.4186,44.445],[4.4187,44.4463],[4.4207,44.4468],[4.42,44.4484],[4.4201,44.4499],[4.4199,44.4514],[4.4189,44.4522],[4.4185,44.4535],[4.4174,44.4537],[4.4169,44.453],[4.4148,44.4526]]]},"properties":{"id_ffco":"2011-D07-72","nom":"LAGORCE VILLAGE","_dept":"07","numero":"2011-D07-72","commune":"LAGORCE","echelle":"1/4000","surface":"0.31 km²","format":"A4","annee":"2011","cartographes":"DURAND Bernard","proprietaire":"07 - Ardèche","niveau":"Initiation, Scolaire","specialite":"CO à pied","contacts":"CDCO 07, 06-85-11-63-94, cartotheque@cdco07.fr, http://cdco07.fr/","latitude":"44.4489","longitude":"4.41775","date_saisie":"19/07/2013","date_depot":"22/01/2016","valide":"Oui","ppo":"Non","type_carte":"Nouvelle carte","fond":"Cadastre","obsolete":false}},{"type":"Feature","geometry":{"type":"Polygon","coordinates":[[[4.3717,44.5126],[4.3685,44.5119],[4.3657,44.513],[4.3636,44.5149],[4.3625,44.5162],[4.3603,44.5179],[4.3573,44.5214],[4.3497,44.5234],[4.3467,44.5235],[4.3451,44.52],[4.3414,44.5186],[4.3386,44.5174],[4.3353,44.5184],[4.3295,44.5172],[4.3265,44.516],[4.3252,44.5134],[4.3227,44.5122],[4.3211,44.5097],[4.3236,44.5076],[4.3296,44.5073],[4.3336,44.5061],[4.34,44.503],[4.3458,44.5004],[4.3479,44.5007],[4.3515,44.4993],[4.3531,44.498],[4.355,44.4974],[4.3547,44.495],[4.3568,44.493],[4.3615,44.4915],[4.3636,44.4937],[4.3611,44.4948],[4.3593,44.4964],[4.3599,44.5006],[4.3605,44.5029],[4.3642,44.5051],[4.3666,44.5072],[4.3678,44.5091],[4.3718,44.5105],[4.3728,44.5119],[4.3717,44.5126]]]},"properties":{"id_ffco":"2011-D07-71","nom":"DU RANG DE GUILLONNET A L'ARDECHE","_dept":"07","numero":"2011-D07-71","commune":"BALAZUC","echelle":"1/10000","surface":"6.47 km²","format":"A4","annee":"2011","cartographes":"MIDENA Benjamin","proprietaire":"ASSOCIATION LE MAT","niveau":"Départemental","specialite":"Rand'O","contacts":"ASSOCIATION LE MAT, 04 75 37 73 80, contact@levielaudon.org, http://www.levielaudon.org","latitude":"44.50749","longitude":"4.34694","date_saisie":"19/07/2013","date_depot":"29/06/2016","valide":"Oui","ppo":"Non","type_carte":"Nouvelle carte","fond":"IGN","obsolete":false}},{"type":"Feature","geometry":{"type":"Polygon","coordinates":[[[4.276,44.3839],[4.2752,44.3839],[4.2744,44.384],[4.2736,44.3845],[4.2733,44.384],[4.2715,44.3835],[4.2713,44.383],[4.2712,44.3826],[4.2715,44.3823],[4.2712,44.3817],[4.271,44.3811],[4.2704,44.3814],[4.27,44.3812],[4.269,44.3822],[4.2684,44.3821],[4.2674,44.3818],[4.2668,44.3816],[4.2667,44.3812],[4.2664,44.3809],[4.266,44.3806],[4.2662,44.3797],[4.2663,44.3791],[4.2659,44.3779],[4.2658,44.377],[4.2661,44.3763],[4.2665,44.3759],[4.2679,44.3764],[4.2682,44.377],[4.2692,44.377],[4.2703,44.3766],[4.2699,44.3772],[4.2701,44.3782],[4.2707,44.3783],[4.2707,44.3787],[4.2713,44.379],[4.2719,44.3788],[4.272,44.3794],[4.2727,44.3795],[4.2736,44.3793],[4.2744,44.3789],[4.2737,44.3785],[4.2743,44.378],[4.275,44.3779],[4.2756,44.3783],[4.2756,44.3786],[4.2762,44.379],[4.2765,44.3794],[4.2775,44.3797],[4.2783,44.3801],[4.2785,44.3817],[4.2783,44.3825],[4.2777,44.3828],[4.2769,44.3832],[4.2764,44.3835],[4.276,44.3839]]]},"properties":{"id_ffco":"2011-D07-70","nom":"DOMAINE DU ROURET - GROSPIERRES","_dept":"07","numero":"2011-D07-70","commune":"GROSPIERRES","echelle":"1/5000","surface":"0.5 km²","format":"A4","annee":"2011","cartographes":"GOUDARD Olivier","niveau":"Régional","specialite":"CO à pied","contacts":"Village vacances Le Rouret, 04 75 36 53 10, www.pierreetvacances.com/rouret?","latitude":"44.38084","longitude":"4.27495","date_saisie":"13/03/2014","date_depot":"22/01/2016","valide":"Oui","ppo":"Non","type_carte":"Nouvelle carte","fond":"IGN","obsolete":false}},{"type":"Feature","geometry":{"type":"Polygon","coordinates":[[[4.3726,44.5126],[4.3731,44.5115],[4.3748,44.5115],[4.3739,44.5096],[4.3755,44.5081],[4.3758,44.5069],[4.377,44.5065],[4.3762,44.505],[4.3729,44.5063],[4.3705,44.5084],[4.3697,44.5098],[4.3708,44.5102],[4.3716,44.5117],[4.3712,44.5121],[4.3726,44.5126]]]},"properties":{"id_ffco":"2010-D07-69","nom":"BALAZUC VILLAGE","_dept":"07","numero":"2010-D07-69","commune":"BALAZUC","echelle":"1/2500","surface":"0.22 km²","format":"A4","annee":"2010","cartographes":"PARDOEN Thomas","proprietaire":"07 - Ardèche","niveau":"Initiation, Scolaire","specialite":"CO à pied","contacts":"CDCO 07, 06-85-11-63-94, cartotheque@cdco07.fr, http://cdco07.fr/","latitude":"44.50883","longitude":"4.37339","date_saisie":"19/07/2013","date_depot":"25/07/2013","valide":"Oui","ppo":"Non","type_carte":"Nouvelle carte","fond":"Ortho","obsolete":false}},{"type":"Feature","geometry":{"type":"Polygon","coordinates":[[[4.3038,44.5419],[4.3044,44.5423],[4.3041,44.5429],[4.3045,44.543],[4.3057,44.5428],[4.3063,44.5427],[4.3071,44.5427],[4.3083,44.5424],[4.3077,44.5413],[4.3072,44.5412],[4.3045,44.5416],[4.3038,44.5419]]]},"properties":{"id_ffco":"2010-D07-68","nom":"VILLA MALLET - CHASSIERS- LARGENTIERE","_dept":"07","numero":"2010-D07-68","commune":"CHASSIERS-LARGENTIERE","echelle":"1/7500","surface":"0.05 km²","format":"A4","annee":"2010","cartographes":"PARDOEN Thomas","proprietaire":"07 - Ardèche","niveau":"Initiation, Scolaire","specialite":"CO à pied","contacts":"CDCO 07, 06-85-11-63-94, cartotheque@cdco07.fr, http://cdco07.fr/","latitude":"44.54208","longitude":"4.30608","date_saisie":"19/07/2013","date_depot":"25/07/2013","valide":"Oui","ppo":"Oui (40 postes)","type_carte":"Nouvelle carte","fond":"Ortho","obsolete":false}},{"type":"Feature","geometry":{"type":"Polygon","coordinates":[[[4.3647,44.6697],[4.3637,44.6697],[4.3631,44.6696],[4.3627,44.67],[4.3623,44.6701],[4.3623,44.6702],[4.3616,44.6703],[4.3613,44.6694],[4.3613,44.6687],[4.3616,44.6682],[4.3622,44.6681],[4.3627,44.6682],[4.3633,44.6677],[4.364,44.6675],[4.3642,44.6677],[4.3648,44.6678],[4.3647,44.6697]]]},"properties":{"id_ffco":"2010-D07-67","nom":"COLLEGE G. GOUY - VALS LES BAINS","_dept":"07","numero":"2010-D07-67","commune":"07600 VALS LES BAINS,","echelle":"1/1500","surface":"0.06 km²","format":"A5","annee":"2010","cartographes":"NEEL Christophe","niveau":"Initiation, Scolaire","specialite":"CO à pied","contacts":"Collège G.Gouy, 04 75 37 46 35","latitude":"44.66827","longitude":"4.36385","date_saisie":"13/03/2014","date_depot":"22/01/2016","valide":"Oui","ppo":"Oui (50 postes)","type_carte":"Nouvelle carte","fond":"Cadastre","obsolete":false}},{"type":"Feature","geometry":{"type":"Polygon","coordinates":[[[4.1781,44.4117],[4.1787,44.4119],[4.1787,44.4125],[4.1787,44.4127],[4.1784,44.4132],[4.1781,44.4134],[4.1772,44.4133],[4.1772,44.4131],[4.177,44.4132],[4.1768,44.4133],[4.1764,44.4132],[4.1765,44.4129],[4.1769,44.4128],[4.1772,44.4123],[4.1773,44.4117],[4.1781,44.4117]]]},"properties":{"id_ffco":"2010-D07-66","nom":"BASE CEVEN'AVENTURE PASSION","_dept":"07","numero":"2010-D07-66","commune":"LES ASSIONS","echelle":"1/900","surface":"0.02 km²","format":"A5","annee":"2010","cartographes":"NEEL Christophe","proprietaire":"07 - Ardèche","niveau":"Initiation, Scolaire","specialite":"CO à pied","contacts":"CDCO 07, 06-85-11-63-94, cartotheque@cdco07.fr, http://cdco07.fr/","latitude":"44.41257","longitude":"4.17757","date_saisie":"19/07/2013","date_depot":"22/01/2016","valide":"Oui","ppo":"Oui (20 postes)","type_carte":"Nouvelle carte","fond":"Cadastre","obsolete":false}},{"type":"Feature","geometry":{"type":"Polygon","coordinates":[[[4.4211,44.9036],[4.4196,44.9053],[4.4193,44.9068],[4.4198,44.908],[4.4214,44.909],[4.4237,44.9099],[4.4267,44.9109],[4.4277,44.9121],[4.4297,44.9126],[4.4307,44.9141],[4.4325,44.9149],[4.4348,44.9156],[4.438,44.916],[4.4419,44.9162],[4.442,44.9129],[4.4414,44.9109],[4.4407,44.9087],[4.4358,44.9087],[4.4336,44.9078],[4.4333,44.9066],[4.4338,44.9059],[4.4359,44.9051],[4.4314,44.9021],[4.4309,44.902],[4.4282,44.9033],[4.4262,44.9046],[4.425,44.9037],[4.4234,44.9034],[4.422,44.9035],[4.4211,44.9036]]]},"properties":{"id_ffco":"2010-D07-65","nom":"LE CHEYLARD","_dept":"07","numero":"2010-D07-65","commune":"LE CHEYLARD","echelle":"1/7500","surface":"1.53 km²","format":"A4","annee":"2010","cartographes":"PARDOEN Thomas","proprietaire":"07 - Ardèche","niveau":"Départemental","specialite":"CO à pied","contacts":"CDCO 07, 06-85-11-63-94, cartotheque@cdco07.fr, http://cdco07.fr/","latitude":"44.90907","longitude":"4.43063","date_saisie":"19/07/2013","date_depot":"25/07/2013","valide":"Oui","ppo":"Oui (20 postes)","type_carte":"Nouvelle carte","fond":"Ortho","obsolete":false}},{"type":"Feature","geometry":{"type":"Polygon","coordinates":[[[4.3915,44.4105],[4.3833,44.4125],[4.3802,44.4142],[4.3808,44.4194],[4.3828,44.4233],[4.3832,44.425],[4.3865,44.4257],[4.3894,44.4255],[4.396,44.4245],[4.3981,44.419],[4.3979,44.417],[4.3953,44.4092],[4.3915,44.4105]]]},"properties":{"id_ffco":"2010-D07-64","nom":"MOUREDON - VALLON PONT D'ARC","_dept":"07","numero":"2010-D07-64","commune":"VALLON PONT D'ARC","echelle":"1/7500","surface":"1.95 km²","format":"A4","annee":"2010","cartographes":"PARDOEN Thomas","proprietaire":"07 - Ardèche","niveau":"Départemental","specialite":"CO à pied","contacts":"CDCO 07, 06-85-11-63-94, cartotheque@cdco07.fr, http://cdco07.fr/","latitude":"44.41743","longitude":"4.38915","date_saisie":"19/07/2013","date_depot":"25/07/2013","valide":"Oui","ppo":"Non","type_carte":"Nouvelle carte","fond":"Ortho","obsolete":false}},{"type":"Feature","geometry":{"type":"Polygon","coordinates":[[[4.4134,44.5439],[4.4127,44.5441],[4.4124,44.5448],[4.412,44.5455],[4.4123,44.5461],[4.413,44.5467],[4.4129,44.5471],[4.4136,44.5474],[4.4138,44.5481],[4.4136,44.5486],[4.4128,44.5492],[4.4126,44.5496],[4.4132,44.5497],[4.4139,44.5495],[4.4156,44.549],[4.4165,44.5485],[4.415,44.5454],[4.4134,44.5439]]]},"properties":{"id_ffco":"2010-D07-63","nom":"VILLAGE VACANCES LOU CAPITELE","_dept":"07","numero":"2010-D07-63","commune":"VOGUE","echelle":"1/2000","surface":"0.12 km²","format":"A4","annee":"2010","cartographes":"PARDOEN Thomas","proprietaire":"07 - Ardèche","niveau":"Initiation, Scolaire","specialite":"CO à pied","contacts":"CDCO 07, 06-85-11-63-94, cartotheque@cdco07.fr, http://cdco07.fr/","latitude":"44.54679","longitude":"4.41423","date_saisie":"19/07/2013","date_depot":"22/01/2016","valide":"Oui","ppo":"Non","type_carte":"Nouvelle carte","fond":"Cadastre","obsolete":false}},{"type":"Feature","geometry":{"type":"Polygon","coordinates":[[[4.2364,44.8439],[4.2327,44.8321],[4.2355,44.8229],[4.2334,44.818],[4.2293,44.8094],[4.213,44.8102],[4.211,44.8157],[4.2081,44.8237],[4.2105,44.8299],[4.2172,44.8383],[4.2239,44.8465],[4.2321,44.8472],[4.2364,44.8439]]]},"properties":{"id_ffco":"2010-D07-62","nom":"ZONE NORDIQUE DU GERBIER","_dept":"07","numero":"2010-D07-62","commune":"ST EULALIE","echelle":"1/10000","surface":"6.61 km²","format":"A4","annee":"2010","cartographes":"PARDOEN Thomas","proprietaire":"07 - Ardèche","niveau":"Départemental","specialite":"CO à ski","contacts":"CDCO 07, 06-85-11-63-94, cartotheque@cdco07.fr, http://cdco07.fr/","latitude":"44.8283","longitude":"4.22227","date_saisie":"19/07/2013","date_depot":"25/07/2013","valide":"Oui","ppo":"Non","type_carte":"Nouvelle carte","fond":"Ortho","obsolete":false}},{"type":"Feature","geometry":{"type":"Polygon","coordinates":[[[4.1692,44.3771],[4.1726,44.3755],[4.1739,44.3717],[4.1821,44.3736],[4.1873,44.3736],[4.1909,44.3741],[4.1967,44.3744],[4.2012,44.374],[4.2037,44.3759],[4.2081,44.3772],[4.2105,44.3775],[4.2131,44.3784],[4.2134,44.3799],[4.2164,44.3828],[4.2145,44.386],[4.2127,44.3888],[4.2106,44.3934],[4.2075,44.3965],[4.2054,44.3976],[4.2029,44.3969],[4.2015,44.3961],[4.1993,44.3953],[4.198,44.3946],[4.1961,44.3936],[4.1957,44.3918],[4.192,44.3919],[4.1921,44.3932],[4.1915,44.3942],[4.1871,44.3945],[4.1821,44.3953],[4.1801,44.3968],[4.1784,44.3962],[4.1776,44.3953],[4.177,44.3964],[4.1745,44.3971],[4.1694,44.3965],[4.1673,44.3957],[4.1684,44.3925],[4.1706,44.3898],[4.1715,44.3882],[4.1713,44.3861],[4.1728,44.383],[4.1746,44.3811],[4.1745,44.3798],[4.1717,44.3787],[4.1692,44.3771]]]},"properties":{"id_ffco":"2009-D07-61","nom":"LE BOIS DE PAIOLIVE (secteur Sud)","_dept":"07","numero":"2009-D07-61","commune":"Berrias et Casteljau","echelle":"1/10000","surface":"7.77 km²","format":"A4","annee":"2009","cartographes":"GOUDARD Olivier","proprietaire":"07 - Ardèche","niveau":"Régional","specialite":"CO à pied","contacts":"CDCO 07, 06-85-11-63-94, cartotheque@cdco07.fr, http://cdco07.fr/","latitude":"44.38326","longitude":"4.2009","date_saisie":"19/07/2013","date_depot":"22/01/2016","valide":"Oui","ppo":"Non","type_carte":"Nouvelle carte","fond":"IGN","obsolete":false}},{"type":"Feature","geometry":{"type":"Polygon","coordinates":[[[4.4992,44.5743],[4.5053,44.5762],[4.5053,44.5805],[4.5066,44.5851],[4.5071,44.5872],[4.5038,44.5873],[4.5041,44.5889],[4.5007,44.5895],[4.4973,44.5863],[4.4954,44.5834],[4.4938,44.5811],[4.4925,44.5773],[4.4916,44.5752],[4.4921,44.5734],[4.495,44.5727],[4.4992,44.5743]]]},"properties":{"id_ffco":"2009-D07-60","nom":"DOMAINE DE PRADEL","_dept":"07","numero":"2009-D07-60","commune":"MIRABEL ET VILLENEUVE DE BERG","echelle":"1/6000","surface":"1.41 km²","format":"A4","annee":"2009","cartographes":"PARDOEN Thomas","proprietaire":"07 - Ardèche","niveau":"Départemental","specialite":"CO à pied","contacts":"CDCO 07, 06-85-11-63-94, cartotheque@cdco07.fr, http://cdco07.fr/","latitude":"44.58107","longitude":"4.49935","date_saisie":"19/07/2013","date_depot":"22/01/2016","valide":"Oui","ppo":"Oui (33 postes)","type_carte":"Nouvelle carte","fond":"IGN","obsolete":false}},{"type":"Feature","geometry":{"type":"Polygon","coordinates":[[[4.2894,44.5487],[4.2901,44.549],[4.2908,44.549],[4.2916,44.5486],[4.2922,44.5478],[4.2918,44.5469],[4.2913,44.5462],[4.2909,44.5459],[4.2902,44.5459],[4.2901,44.5467],[4.2904,44.5473],[4.2907,44.5479],[4.2906,44.5482],[4.2899,44.5483],[4.2894,44.5487]]]},"properties":{"id_ffco":"2009-D07-58","nom":"Collège la Ségalière","_dept":"07","numero":"2009-D07-58","commune":"Largentière","echelle":"1/1200","surface":"0.04 km²","format":"A4","annee":"2009","cartographes":"Cédric Channac, Christophe Néel","niveau":"Initiation, Scolaire","specialite":"CO à pied","contacts":"CDCO 07, 06-48-09-82-92, cartotheque@cdco07.fr, http://cdco07.fr/","latitude":"44.5475403595","longitude":"4.29092148151","date_saisie":"29/06/2021","valide":"Non","ppo":"Oui (148 postes)","type_carte":"Reprise","base":"2004-D07-EN-09 LA SEGALIERE AUBESSON","fond":"Cadastre","obsolete":false}},{"type":"Feature","geometry":{"type":"Polygon","coordinates":[[[4.326,44.4605],[4.324,44.4587],[4.3208,44.4584],[4.3193,44.4592],[4.3189,44.4601],[4.3169,44.4607],[4.3168,44.4614],[4.3176,44.4621],[4.3177,44.4628],[4.3186,44.4632],[4.3194,44.4638],[4.3198,44.4634],[4.3206,44.4629],[4.3248,44.4627],[4.3252,44.4637],[4.326,44.4634],[4.3255,44.4624],[4.3262,44.4607],[4.326,44.4605]]]},"properties":{"id_ffco":"2009-D07-57","nom":"RANG DE FIGERE - LA BEAUME","_dept":"07","numero":"2009-D07-57","commune":"LA BEAUME","echelle":"1/4000","surface":"0.29 km²","format":"A4","annee":"2009","cartographes":"CHANNAC Cédric","proprietaire":"07 - Ardèche","niveau":"Initiation, Scolaire","specialite":"CO à pied","contacts":"CDCO 07, 06-85-11-63-94, cartotheque@cdco07.fr, http://cdco07.fr/","latitude":"44.46111","longitude":"4.3215","date_saisie":"19/07/2013","date_depot":"22/01/2016","valide":"Oui","ppo":"Non","type_carte":"Nouvelle carte","fond":"IGN","obsolete":false}},{"type":"Feature","geometry":{"type":"Polygon","coordinates":[[[4.4014,44.3502],[4.4001,44.3515],[4.3981,44.3513],[4.3975,44.3524],[4.3951,44.3565],[4.3955,44.3605],[4.3956,44.3618],[4.397,44.3625],[4.398,44.3636],[4.3974,44.3649],[4.3994,44.3654],[4.4036,44.3655],[4.4089,44.3654],[4.4097,44.3638],[4.4095,44.3621],[4.4081,44.3609],[4.4103,44.3596],[4.4139,44.3567],[4.4131,44.3556],[4.4132,44.354],[4.4102,44.354],[4.4094,44.3503],[4.4063,44.3504],[4.4047,44.3508],[4.4033,44.3506],[4.4014,44.3502]]]},"properties":{"id_ffco":"2009-D07-55","nom":"LE GRAS DE VIRAC","_dept":"07","numero":"2009-D07-55","commune":"LA BASTIDE DE VIRAC","echelle":"1/7500","surface":"1.86 km²","format":"A4","annee":"2009","cartographes":"PARDOEN Thomas","proprietaire":"07 - Ardèche","niveau":"Départemental","specialite":"CO à pied","contacts":"CDCO 07, 06-85-11-63-94, cartotheque@cdco07.fr, http://cdco07.fr/","latitude":"44.35786","longitude":"4.40449","date_saisie":"19/07/2013","date_depot":"22/01/2016","valide":"Oui","ppo":"Non","type_carte":"Nouvelle carte","fond":"IGN","obsolete":false}},{"type":"Feature","geometry":{"type":"Polygon","coordinates":[[[4.3806,44.392],[4.3794,44.3914],[4.3779,44.3909],[4.3763,44.3899],[4.376,44.3885],[4.3767,44.3877],[4.3768,44.3866],[4.3762,44.3847],[4.3748,44.3828],[4.3708,44.3778],[4.3708,44.3769],[4.3709,44.3755],[4.3706,44.3746],[4.3708,44.3725],[4.3694,44.3713],[4.369,44.3701],[4.3677,44.368],[4.3691,44.3672],[4.3697,44.3663],[4.3692,44.365],[4.3692,44.3632],[4.3702,44.362],[4.3704,44.3607],[4.372,44.3597],[4.3736,44.3585],[4.3757,44.3579],[4.3776,44.3565],[4.3799,44.3558],[4.3823,44.3555],[4.3866,44.3555],[4.3895,44.3548],[4.3899,44.3563],[4.3899,44.3575],[4.3907,44.3585],[4.3914,44.3596],[4.392,44.3606],[4.3962,44.3615],[4.3972,44.3626],[4.3985,44.3639],[4.3986,44.3648],[4.3999,44.365],[4.4008,44.3638],[4.4028,44.3646],[4.4045,44.3651],[4.4032,44.3679],[4.401,44.3677],[4.3971,44.3659],[4.3975,44.3692],[4.3971,44.3712],[4.3961,44.3735],[4.3943,44.3745],[4.3931,44.3753],[4.3912,44.3747],[4.3902,44.3755],[4.3911,44.3763],[4.3915,44.3779],[4.392,44.3791],[4.3931,44.3794],[4.3925,44.3802],[4.3916,44.381],[4.3916,44.3817],[4.3936,44.3826],[4.3936,44.3834],[4.392,44.384],[4.391,44.3838],[4.3895,44.3852],[4.3885,44.3867],[4.3894,44.3887],[4.3906,44.3897],[4.3879,44.3901],[4.3865,44.3908],[4.385,44.3914],[4.3829,44.392],[4.3806,44.392]]]},"properties":{"id_ffco":"2009-D07-54","nom":"LA GOULE DE FOUSSOUBIE","_dept":"07","numero":"2009-D07-54","commune":"SALAVAS VIRAC LA BASTIDE DE VIRAC","echelle":"1/15000","surface":"6.72 km²","format":"A4","annee":"2009","cartographes":"DURAND Bernard","proprietaire":"07 - Ardèche","niveau":"Départemental","specialite":"Rand'O","contacts":"CDCO 07, 06-85-11-63-94, cartotheque@cdco07.fr, http://cdco07.fr/","latitude":"44.36804","longitude":"4.38629","date_saisie":"19/07/2013","date_depot":"22/01/2016","valide":"Oui","ppo":"Non","type_carte":"Nouvelle carte","fond":"IGN","obsolete":false}},{"type":"Feature","geometry":{"type":"Polygon","coordinates":[[[4.3871,44.4078],[4.3888,44.4102],[4.3893,44.4104],[4.3931,44.4092],[4.3952,44.4093],[4.3961,44.4101],[4.3978,44.4097],[4.3985,44.4085],[4.3976,44.4075],[4.3974,44.4063],[4.396,44.4038],[4.3957,44.4018],[4.3956,44.4007],[4.396,44.3991],[4.3967,44.3982],[4.3894,44.399],[4.3882,44.3998],[4.3864,44.4011],[4.3851,44.4018],[4.3856,44.4071],[4.3866,44.4074],[4.3871,44.4079],[4.3871,44.4078]]]},"properties":{"id_ffco":"2009-D07-52","nom":"VALLON PONT D'ARC VILLAGE","_dept":"07","numero":"2009-D07-52","commune":"VALLON PONT D'ARC","echelle":"1/5500","surface":"1.0 km²","format":"A4","annee":"2009","cartographes":"DURAND Bernard","proprietaire":"07 - Ardèche","niveau":"Départemental","specialite":"CO à pied","contacts":"CDCO 07, 06-85-11-63-94, cartotheque@cdco07.fr, http://cdco07.fr/","latitude":"44.4043","longitude":"4.39177","date_saisie":"19/07/2013","date_depot":"27/11/2015","valide":"Oui","ppo":"Non","type_carte":"Nouvelle carte","fond":"Cadastre","obsolete":false}},{"type":"Feature","geometry":{"type":"Polygon","coordinates":[[[4.288,44.4182],[4.2901,44.4159],[4.2924,44.4175],[4.2954,44.4182],[4.2978,44.4204],[4.3048,44.4223],[4.301,44.4263],[4.3049,44.4288],[4.3034,44.4306],[4.3054,44.4364],[4.3011,44.4374],[4.298,44.4389],[4.2955,44.4394],[4.2945,44.4426],[4.2915,44.4443],[4.2878,44.442],[4.2889,44.4393],[4.2873,44.4369],[4.2841,44.4334],[4.2821,44.4326],[4.2814,44.4299],[4.2849,44.4272],[4.2883,44.4267],[4.2909,44.4263],[4.2932,44.4245],[4.2952,44.4253],[4.2971,44.4247],[4.2946,44.4224],[4.2915,44.4204],[4.2889,44.4195],[4.288,44.4182]]]},"properties":{"id_ffco":"2009-D07-51","nom":"BOIS COMMUNAL DE ST ALBAN AURIOLLES","_dept":"07","numero":"2009-D07-51","commune":"07120 ST ALBAN AURIOLLES,","echelle":"1/10000","surface":"3.0 km²","format":"A4","annee":"2009","cartographes":"PARDOEN Thomas","niveau":"Départemental","specialite":"CO à pied","contacts":"CDCO 07, 06-85-11-63-94, cartotheque@cdco07.fr, http://cdco07.fr/","latitude":"44.4281","longitude":"4.29857","date_saisie":"13/03/2014","date_depot":"27/11/2015","valide":"Oui","ppo":"Non","type_carte":"Nouvelle carte","fond":"IGN","obsolete":false}},{"type":"Feature","geometry":{"type":"Polygon","coordinates":[[[4.4135,44.5481],[4.4132,44.5488],[4.4121,44.5496],[4.4122,44.5501],[4.4099,44.5512],[4.4094,44.552],[4.4093,44.5551],[4.4101,44.5551],[4.4108,44.5541],[4.4128,44.5537],[4.4144,44.5532],[4.4157,44.5522],[4.4168,44.5509],[4.4175,44.549],[4.4172,44.5476],[4.4163,44.5472],[4.4143,44.5476],[4.4135,44.5481]]]},"properties":{"id_ffco":"2009-D07-50","nom":"VOGUE VILLAGE","_dept":"07","numero":"2009-D07-50","commune":"VOGUE","echelle":"1/4000","surface":"0.3 km²","format":"A4","annee":"2009","cartographes":"PARDOEN Thomas","proprietaire":"07 - Ardèche","niveau":"Départemental","specialite":"CO à pied","contacts":"CDCO 07, 06-85-11-63-94, cartotheque@cdco07.fr, http://cdco07.fr/","latitude":"44.55113","longitude":"4.4134","date_saisie":"19/07/2013","date_depot":"27/11/2016","valide":"Oui","ppo":"Non","type_carte":"Nouvelle carte","fond":"Cadastre","obsolete":false}},{"type":"Feature","geometry":{"type":"Polygon","coordinates":[[[4.1974,44.3948],[4.1997,44.3969],[4.2023,44.3987],[4.2016,44.4002],[4.1996,44.4029],[4.2006,44.4056],[4.2012,44.4069],[4.2031,44.408],[4.2038,44.4261],[4.1878,44.4264],[4.1863,44.4244],[4.1855,44.4228],[4.1839,44.4211],[4.1815,44.4201],[4.1819,44.4181],[4.1808,44.4165],[4.1775,44.4157],[4.1753,44.4148],[4.1729,44.4134],[4.1745,44.412],[4.1757,44.4108],[4.1757,44.4091],[4.1774,44.408],[4.1794,44.4079],[4.1803,44.4087],[4.1827,44.4092],[4.1853,44.4078],[4.1876,44.4059],[4.1896,44.405],[4.1928,44.4055],[4.1945,44.405],[4.194,44.4039],[4.1919,44.4028],[4.1923,44.4005],[4.1939,44.3972],[4.1956,44.395],[4.1974,44.3948]]]},"properties":{"id_ffco":"2009-D07-49","nom":"LE PONTIER CASTELJAU","_dept":"07","numero":"2009-D07-49","commune":"LES ASSIONS -  CASTELJAU","echelle":"1/15000","surface":"4.75 km²","format":"A4","annee":"2009","cartographes":"CHANNAC Cédric","proprietaire":"07 - Ardèche","niveau":"Départemental","specialite":"Rand'O","contacts":"CDCO 07, 06-85-11-63-94, cartotheque@cdco07.fr, http://cdco07.fr/","latitude":"44.41061","longitude":"4.18837","date_saisie":"19/07/2013","date_depot":"27/11/2015","valide":"Oui","ppo":"Non","type_carte":"Nouvelle carte","fond":"IGN","obsolete":false}},{"type":"Feature","geometry":{"type":"Polygon","coordinates":[[[4.3371,44.4487],[4.3336,44.4495],[4.3336,44.4506],[4.3338,44.4508],[4.334,44.4517],[4.3357,44.4517],[4.3371,44.4487]]]},"properties":{"id_ffco":"2009-D07-48","nom":"BASE ADRENALINE - LA BEAUME","_dept":"07","numero":"2009-D07-48","commune":"LA BEAUME","echelle":"1/1500","surface":"0.06 km²","format":"A4","annee":"2009","cartographes":"PARDOEN Thomas","proprietaire":"07 - Ardèche","niveau":"Initiation, Scolaire","specialite":"CO à pied","contacts":"CDCO 07, 06-85-11-63-94, cartotheque@cdco07.fr, http://cdco07.fr/","latitude":"44.4502","longitude":"4.33534","date_saisie":"19/07/2013","valide":"Oui","ppo":"Non","type_carte":"Nouvelle carte","fond":"Cadastre","obsolete":false}},{"type":"Feature","geometry":{"type":"Polygon","coordinates":[[[4.6332,44.9002],[4.6323,44.9003],[4.6315,44.9005],[4.6304,44.9003],[4.6295,44.9001],[4.6277,44.9001],[4.6263,44.8998],[4.6254,44.8992],[4.6259,44.8984],[4.6265,44.8981],[4.627,44.8977],[4.6271,44.8974],[4.6281,44.8968],[4.6288,44.8966],[4.6301,44.8961],[4.6315,44.8956],[4.6319,44.8955],[4.6327,44.8959],[4.6335,44.896],[4.6349,44.8971],[4.6344,44.8978],[4.6341,44.8981],[4.6346,44.8989],[4.6343,44.8995],[4.6332,44.9002]]]},"properties":{"id_ffco":"2009-D07-47","nom":"SERVIER  -VERNOUX EN VIVARAIS","_dept":"07","numero":"2009-D07-47","commune":"VERNOUX EN VIVARAIS","echelle":"1/3000","surface":"0.27 km²","format":"A4","annee":"2009","cartographes":"PARDOEN Thomas","proprietaire":"07 - Ardèche","niveau":"Départemental","specialite":"CO à pied","contacts":"CDCO 07, 06-85-11-63-94, cartotheque@cdco07.fr, http://cdco07.fr/","latitude":"44.898","longitude":"4.63014","date_saisie":"19/07/2013","date_depot":"27/11/2015","valide":"Oui","ppo":"Oui (68 postes)","type_carte":"Nouvelle carte","fond":"IGN","obsolete":false}},{"type":"Feature","geometry":{"type":"Polygon","coordinates":[[[4.7422,44.7559],[4.7418,44.755],[4.7425,44.7543],[4.7427,44.753],[4.7408,44.7522],[4.7397,44.7522],[4.7397,44.7512],[4.7385,44.7508],[4.7363,44.7511],[4.7357,44.7506],[4.7361,44.7488],[4.7357,44.7485],[4.7345,44.7488],[4.7341,44.7497],[4.7321,44.7496],[4.7318,44.7492],[4.7297,44.7493],[4.7279,44.7494],[4.7258,44.7494],[4.7239,44.7501],[4.7227,44.7501],[4.7213,44.7509],[4.7211,44.7517],[4.7216,44.7532],[4.7217,44.7546],[4.7225,44.7546],[4.7235,44.7559],[4.7243,44.7571],[4.7248,44.7576],[4.7252,44.757],[4.7255,44.7561],[4.7275,44.7554],[4.7297,44.755],[4.7318,44.755],[4.7333,44.7552],[4.7354,44.7553],[4.7379,44.755],[4.7399,44.7553],[4.7416,44.756],[4.7422,44.7559]]]},"properties":{"id_ffco":"2009-D07-46","nom":"SERRE DU GOUVERNEMENT","_dept":"07","numero":"2009-D07-46","commune":"LE POUZIN","echelle":"1/7500","surface":"0.97 km²","format":"A4","annee":"2009","cartographes":"PARDOEN Thomas","proprietaire":"07 - Ardèche","niveau":"Départemental","specialite":"CO à pied","contacts":"CDCO 07, 06-85-11-63-94, cartotheque@cdco07.fr, http://cdco07.fr/","latitude":"44.75173","longitude":"4.73142","date_saisie":"19/07/2013","date_depot":"27/11/2015","valide":"Oui","ppo":"Non","type_carte":"Nouvelle carte","fond":"IGN","obsolete":false}},{"type":"Feature","geometry":{"type":"Polygon","coordinates":[[[4.1703,44.7316],[4.1738,44.7347],[4.1786,44.7351],[4.1834,44.7366],[4.187,44.7376],[4.1892,44.7389],[4.1933,44.7454],[4.1966,44.7473],[4.2026,44.7553],[4.2023,44.7594],[4.2031,44.7639],[4.2079,44.765],[4.2114,44.7653],[4.2078,44.7679],[4.2036,44.7681],[4.2047,44.7706],[4.2043,44.7736],[4.2014,44.7748],[4.1963,44.7754],[4.1918,44.7762],[4.1906,44.7733],[4.1865,44.7731],[4.1801,44.7727],[4.1781,44.7705],[4.175,44.7703],[4.1715,44.7709],[4.1676,44.7704],[4.1664,44.7684],[4.163,44.7659],[4.1623,44.7622],[4.157,44.7591],[4.1539,44.762],[4.1467,44.7668],[4.1382,44.7692],[4.1334,44.7724],[4.1238,44.7778],[4.1164,44.7784],[4.1034,44.7792],[4.1,44.7718],[4.094,44.7685],[4.0924,44.7598],[4.0837,44.7605],[4.0781,44.7575],[4.0718,44.7621],[4.0682,44.7619],[4.0636,44.7603],[4.0649,44.7561],[4.0688,44.7533],[4.0668,44.7509],[4.0661,44.745],[4.0641,44.7414],[4.0606,44.7413],[4.0642,44.7377],[4.0659,44.7353],[4.0721,44.7361],[4.0806,44.7348],[4.0872,44.7328],[4.097,44.7332],[4.1055,44.7426],[4.1125,44.7475],[4.1202,44.7447],[4.1235,44.7466],[4.1281,44.7423],[4.1341,44.7442],[4.1398,44.7416],[4.1448,44.7392],[4.1489,44.7377],[4.1518,44.7381],[4.1549,44.7362],[4.1611,44.7379],[4.1611,44.7404],[4.1647,44.7387],[4.1686,44.7397],[4.1674,44.7343],[4.1702,44.7315],[4.1703,44.7316]]]},"properties":{"id_ffco":"2009-D07-45","nom":"LA MONTAGNE ARDECHOISE","_dept":"07","numero":"2009-D07-45","commune":"ST CIRGUE EN MONTAGNE RIEUTOR","echelle":"1/20000","surface":"36.62 km²","format":"A3","annee":"2009","cartographes":"COTIRTA Marian","proprietaire":"07 - Ardèche","niveau":"National, International","specialite":"Raid'O","contacts":"CDCO 07, 06-85-11-63-94, cartotheque@cdco07.fr, http://cdco07.fr/","latitude":"44.75532","longitude":"4.13601","date_saisie":"19/07/2013","date_depot":"24/06/2016","valide":"Oui","ppo":"Non","type_carte":"Nouvelle carte","fond":"IGN","obsolete":false}},{"type":"Feature","geometry":{"type":"Polygon","coordinates":[[[4.653,44.8965],[4.6526,44.8975],[4.6517,44.898],[4.6512,44.899],[4.6542,44.8998],[4.6568,44.8999],[4.6583,44.9007],[4.6589,44.9021],[4.6607,44.9024],[4.6624,44.9027],[4.6638,44.9025],[4.6667,44.9002],[4.6666,44.8992],[4.667,44.8964],[4.6641,44.8955],[4.6637,44.8961],[4.6624,44.8961],[4.6594,44.8957],[4.6576,44.8961],[4.6556,44.8965],[4.653,44.8965]]]},"properties":{"id_ffco":"2009-D07-44","nom":"LE BOIS DU FOUR","_dept":"07","numero":"2009-D07-44","commune":"VERNOUX EN VIVARAIS","echelle":"1/5000","surface":"0.64 km²","format":"A4","annee":"2009","cartographes":"PARDOEN Thomas","proprietaire":"07 - Ardèche","niveau":"Départemental","specialite":"CO à pied","contacts":"CDCO 07, 06-85-11-63-94, cartotheque@cdco07.fr, http://cdco07.fr/","latitude":"44.89911","longitude":"4.6591","date_saisie":"19/07/2013","date_depot":"27/11/2015","valide":"Oui","ppo":"Oui (61 postes)","type_carte":"Reprise","base":"1992-D07-04 LE BOIS DU FOUR","fond":"Cadastre","obsolete":false}},{"type":"Feature","geometry":{"type":"Polygon","coordinates":[[[4.5678,44.3572],[4.5679,44.3606],[4.5684,44.3629],[4.569,44.3644],[4.5695,44.368],[4.5683,44.3691],[4.5676,44.3774],[4.5694,44.3778],[4.571,44.3779],[4.5734,44.3765],[4.578,44.3803],[4.5828,44.3813],[4.5853,44.3833],[4.5837,44.386],[4.5837,44.3875],[4.5851,44.3863],[4.5862,44.3866],[4.5869,44.3855],[4.5891,44.3888],[4.5891,44.392],[4.5913,44.3948],[4.5913,44.3955],[4.5581,44.3947],[4.5487,44.3942],[4.5341,44.3901],[4.5271,44.3858],[4.5234,44.3844],[4.5172,44.3852],[4.5121,44.3896],[4.5109,44.3918],[4.5013,44.3939],[4.495,44.3894],[4.4953,44.3864],[4.4966,44.3856],[4.4961,44.3832],[4.4966,44.381],[4.4923,44.3773],[4.4907,44.3738],[4.5053,44.3739],[4.5076,44.3728],[4.5099,44.3718],[4.5122,44.3717],[4.5163,44.3674],[4.5194,44.3672],[4.5217,44.3699],[4.5227,44.3685],[4.5231,44.366],[4.5252,44.3658],[4.5272,44.3667],[4.5288,44.3659],[4.5331,44.3654],[4.5345,44.3663],[4.5374,44.3636],[4.5428,44.3602],[4.5458,44.3584],[4.5488,44.3618],[4.5516,44.3629],[4.5534,44.3618],[4.5543,44.3599],[4.5618,44.358],[4.5636,44.3585],[4.5661,44.3578],[4.5678,44.3572]]]},"properties":{"id_ffco":"2009-D07-43","nom":"PLATEAU LE LAOUL","_dept":"07","numero":"2009-D07-43","commune":"BIDON ST REMEZE","echelle":"1/20000","surface":"19.38 km²","format":"A3","annee":"2009","cartographes":"COUPAT Gerard","proprietaire":"2606 - LOISIR ORIENTATION UNION PIERRELATTINE","niveau":"Régional","specialite":"CO à pied","contacts":"CLUB 2606 LOISIRS ORIENTATION UNION PIERRELATTINE, 04 75 52 58 23, 06 86 40 42 35, loupcoraid@gmail.com, http://loupcoraid.com/","latitude":"44.37638","longitude":"4.54096","date_saisie":"19/07/2013","date_depot":"27/11/2015","valide":"Oui","ppo":"Non","type_carte":"Nouvelle carte","fond":"IGN","obsolete":false}},{"type":"Feature","geometry":{"type":"Polygon","coordinates":[[[4.7801,44.6604],[4.7763,44.6614],[4.7747,44.6619],[4.7733,44.6619],[4.7733,44.6607],[4.7738,44.6597],[4.7743,44.6587],[4.7747,44.6556],[4.7747,44.6542],[4.7725,44.6527],[4.7695,44.6502],[4.7741,44.6498],[4.7752,44.6508],[4.7769,44.651],[4.7783,44.656],[4.7777,44.6565],[4.7801,44.6604]]]},"properties":{"id_ffco":"2008-D07-42","nom":"LES LACS - CRUAS","_dept":"07","numero":"2008-D07-42","commune":"CRUAS","echelle":"1/7500","surface":"0.46 km²","format":"A4","annee":"2008","cartographes":"PARDOEN Thomas","proprietaire":"07 - Ardèche","niveau":"Initiation, Scolaire","specialite":"CO à pied","contacts":"CDCO 07, 06-85-11-63-94, cartotheque@cdco07.fr, http://cdco07.fr/","latitude":"44.65588","longitude":"4.77483","date_saisie":"19/07/2013","date_depot":"27/11/2015","valide":"Oui","ppo":"Non","type_carte":"Nouvelle carte","fond":"Cadastre","obsolete":false}},{"type":"Feature","geometry":{"type":"Polygon","coordinates":[[[4.3966,44.6025],[4.3975,44.6026],[4.3986,44.6037],[4.3991,44.6048],[4.3981,44.605],[4.3965,44.6052],[4.3965,44.604],[4.3966,44.6033],[4.3966,44.6025]]]},"properties":{"id_ffco":"2008-D07-41","nom":"STADE RIPOTIER - AUBENAS","_dept":"07","numero":"2008-D07-41","commune":"AUBENAS","echelle":"1/1500","surface":"0.04 km²","format":"A4","annee":"2008","cartographes":"PARDOEN Thomas","proprietaire":"07 - Ardèche","niveau":"Initiation, Scolaire","specialite":"CO à pied","contacts":"CDCO 07, 06-85-11-63-94, cartotheque@cdco07.fr, http://cdco07.fr/","latitude":"44.60384","longitude":"4.39781","date_saisie":"19/07/2013","date_depot":"27/11/2015","valide":"Oui","ppo":"Oui (76 postes)","type_carte":"Nouvelle carte","fond":"Cadastre","obsolete":false}},{"type":"Feature","geometry":{"type":"Polygon","coordinates":[[[4.29,44.4158],[4.2875,44.4183],[4.289,44.4198],[4.2907,44.4204],[4.294,44.4222],[4.2957,44.4235],[4.297,44.4249],[4.3015,44.4262],[4.3024,44.4255],[4.3045,44.4227],[4.3033,44.422],[4.3,44.4209],[4.2975,44.4196],[4.2945,44.4175],[4.2923,44.4168],[4.29,44.4158]]]},"properties":{"id_ffco":"2008-D07-40","nom":"LA BARQUE","_dept":"07","numero":"2008-D07-40","commune":"ST ALBAN AURIOLLES","echelle":"1/5000","surface":"0.63 km²","format":"A4","annee":"2008","cartographes":"PARDOEN Thomas","proprietaire":"07 - Ardèche","niveau":"Départemental","specialite":"CO à pied","contacts":"CDCO 07, 06-85-11-63-94, cartotheque@cdco07.fr, http://cdco07.fr/","latitude":"44.421","longitude":"4.296","date_saisie":"19/07/2013","date_depot":"27/11/2015","valide":"Oui","ppo":"Non","type_carte":"Nouvelle carte","fond":"IGN","obsolete":false}},{"type":"Feature","geometry":{"type":"Polygon","coordinates":[[[4.3872,44.3999],[4.3876,44.3995],[4.3879,44.3996],[4.3882,44.3992],[4.3884,44.3993],[4.3894,44.3987],[4.3891,44.3983],[4.3892,44.3981],[4.3887,44.3976],[4.3879,44.3972],[4.3864,44.3968],[4.3861,44.397],[4.3856,44.3976],[4.3853,44.3981],[4.3846,44.3985],[4.3872,44.3999]]]},"properties":{"id_ffco":"2008-D07-39","nom":"CREPS DE VALLON PONT D'ARC","_dept":"07","numero":"2008-D07-39","commune":"VALLON PONT D'ARC","echelle":"1/2000","surface":"0.07 km²","format":"A4","annee":"2008","cartographes":"PARDOEN Thomas","proprietaire":"07 - Ardèche","niveau":"Départemental","specialite":"CO à pied","contacts":"CDCO 07, 06-85-11-63-94, cartotheque@cdco07.fr, http://cdco07.fr/","latitude":"44.39835","longitude":"4.38703","date_saisie":"19/07/2013","date_depot":"22/01/2016","valide":"Oui","ppo":"Oui (30 postes)","type_carte":"Nouvelle carte","fond":"Cadastre","obsolete":false}},{"type":"Feature","geometry":{"type":"Polygon","coordinates":[[[4.2782,44.528],[4.279,44.5302],[4.2809,44.5305],[4.2824,44.5306],[4.2862,44.5296],[4.2883,44.5291],[4.2906,44.5287],[4.2928,44.5303],[4.2938,44.5299],[4.2943,44.5286],[4.294,44.5282],[4.2949,44.5274],[4.2954,44.5258],[4.2953,44.525],[4.2934,44.5244],[4.293,44.5241],[4.2925,44.5229],[4.2919,44.5217],[4.2876,44.5222],[4.2873,44.5212],[4.2869,44.5193],[4.2866,44.5177],[4.2854,44.5177],[4.2832,44.5177],[4.2819,44.5179],[4.2811,44.5191],[4.2822,44.5204],[4.2805,44.5208],[4.2796,44.5212],[4.2763,44.5227],[4.2761,44.5238],[4.2765,44.5253],[4.277,44.5269],[4.2782,44.528]]]},"properties":{"id_ffco":"2008-D07-38","nom":"MONTREAL","_dept":"07","numero":"2008-D07-38","commune":"MONTREAL","echelle":"1/7500","surface":"1.4 km²","format":"A4","annee":"2008","cartographes":"PARDOEN Thomas","proprietaire":"07 - Ardèche","niveau":"Départemental","specialite":"CO à pied","contacts":"CDCO 07, 06-85-11-63-94, cartotheque@cdco07.fr, http://cdco07.fr/","latitude":"44.52416","longitude":"4.28577","date_saisie":"19/07/2013","date_depot":"06/05/2015","valide":"Oui","ppo":"Non","type_carte":"Nouvelle carte","fond":"IGN","obsolete":false}},{"type":"Feature","geometry":{"type":"Polygon","coordinates":[[[3.9782,44.8141],[3.9708,44.8175],[3.9686,44.8194],[3.9613,44.8167],[3.9588,44.8156],[3.9592,44.814],[3.9578,44.813],[3.9583,44.8117],[3.9601,44.81],[3.9621,44.8098],[3.9635,44.807],[3.9614,44.8071],[3.9593,44.807],[3.9572,44.8049],[3.9579,44.8029],[3.9601,44.8011],[3.9622,44.8015],[3.9638,44.8024],[3.9647,44.8035],[3.9673,44.8032],[3.9691,44.8031],[3.9687,44.8023],[3.9709,44.8002],[3.9721,44.8013],[3.9719,44.8025],[3.9731,44.8041],[3.9731,44.8049],[3.972,44.8053],[3.9743,44.8075],[3.9778,44.8101],[3.9764,44.8131],[3.9782,44.8141]]]},"properties":{"id_ffco":"2008-D07-36","nom":"LE PLOT DE LA LAOUNE","_dept":"07","numero":"2008-D07-36","commune":"COURCOURON","echelle":"1/10000","surface":"2.14 km²","format":"A4","annee":"2008","cartographes":"MIDENA Benjamin","proprietaire":"0707 - SPORTS LOISIRS COUCOURONNAIS","niveau":"Départemental","specialite":"CO à pied","contacts":"CLUB SPORTS LOISIRS COUCOURON, 04 66 46 10 93, thierry.deshors@orange.fr, http://sportloisirs07.jimdo.com/","latitude":"44.80979","longitude":"3.9677","date_saisie":"19/07/2013","date_depot":"06/05/2015","valide":"Oui","ppo":"Non","type_carte":"Nouvelle carte","fond":"IGN","obsolete":false}},{"type":"Feature","geometry":{"type":"Polygon","coordinates":[[[4.3824,44.3951],[4.386,44.3939],[4.3883,44.3929],[4.3873,44.3906],[4.3885,44.3901],[4.39,44.3897],[4.3918,44.3903],[4.3941,44.3914],[4.3974,44.3906],[4.395,44.3862],[4.3939,44.3838],[4.3938,44.3826],[4.3908,44.3806],[4.3884,44.3805],[4.3828,44.3798],[4.3808,44.3797],[4.3798,44.3798],[4.3784,44.3802],[4.3774,44.38],[4.3773,44.382],[4.3773,44.3837],[4.3777,44.3855],[4.3799,44.3867],[4.3804,44.3886],[4.381,44.3907],[4.3799,44.3912],[4.379,44.3916],[4.3795,44.3934],[4.3824,44.3951]]]},"properties":{"id_ffco":"2007-D07-34","nom":"SALAVAS VILLAGE ET RIEUSSEC","_dept":"07","numero":"2007-D07-34","commune":"SALAVAS","echelle":"1/7500","surface":"1.73 km²","format":"A4","annee":"2007","cartographes":"DURAND Bernard","proprietaire":"07 - Ardèche","niveau":"Départemental","specialite":"CO à pied","contacts":"CDCO 07, 06-85-11-63-94, cartotheque@cdco07.fr, http://cdco07.fr/","latitude":"44.38682","longitude":"4.38731","date_saisie":"19/07/2013","valide":"Oui","ppo":"Non","type_carte":"Nouvelle carte","fond":"Ortho","obsolete":false}},{"type":"Feature","geometry":{"type":"Polygon","coordinates":[[[4.1703,44.7316],[4.1738,44.7347],[4.1786,44.7351],[4.1834,44.7366],[4.187,44.7376],[4.1892,44.7389],[4.1933,44.7454],[4.1966,44.7473],[4.2026,44.7553],[4.2023,44.7594],[4.2031,44.7639],[4.2079,44.765],[4.2117,44.7649],[4.2078,44.7679],[4.2036,44.7681],[4.2047,44.7706],[4.2043,44.7736],[4.2014,44.7748],[4.1963,44.7754],[4.1918,44.7762],[4.1906,44.7733],[4.1865,44.7731],[4.1801,44.7727],[4.1781,44.7705],[4.175,44.7703],[4.1715,44.7709],[4.1676,44.7704],[4.1664,44.7684],[4.163,44.7659],[4.1623,44.7622],[4.157,44.7591],[4.1539,44.762],[4.1504,44.7606],[4.1485,44.7608],[4.1468,44.7582],[4.1437,44.7591],[4.1406,44.7592],[4.1386,44.7573],[4.136,44.7565],[4.1353,44.7531],[4.1376,44.7486],[4.1398,44.7416],[4.1448,44.7392],[4.1489,44.7377],[4.1518,44.7381],[4.1549,44.7362],[4.1611,44.7379],[4.1611,44.7404],[4.1647,44.7387],[4.1686,44.7397],[4.1674,44.7343],[4.1702,44.7315],[4.1703,44.7316]]]},"properties":{"id_ffco":"2007-D07-32","nom":"LA MONTAGNE ARDECHOISE MTB","_dept":"07","numero":"2007-D07-32","commune":"ST CIRGUE EN  MONTAGNE - RIEUTOR","echelle":"1/20000","surface":"16.44 km²","format":"A3","annee":"2007","cartographes":"MAREIGNER Franz et Yann","proprietaire":"07 - Ardèche","niveau":"Initiation, Scolaire","specialite":"CO à VTT","contacts":"CDCO 07, 06-85-11-63-94, cartotheque@cdco07.fr, http://cdco07.fr/","latitude":"44.75386","longitude":"4.17352","date_saisie":"19/07/2013","valide":"Non","ppo":"Oui (120 postes)","type_carte":"Nouvelle carte","fond":"Ortho","obsolete":false}},{"type":"Feature","geometry":{"type":"Polygon","coordinates":[[[4.1703,44.7316],[4.1738,44.7347],[4.1786,44.7351],[4.1834,44.7366],[4.187,44.7376],[4.1892,44.7389],[4.1933,44.7454],[4.1966,44.7473],[4.2026,44.7553],[4.2023,44.7594],[4.2031,44.7639],[4.2079,44.765],[4.2114,44.7653],[4.2078,44.7679],[4.2036,44.7681],[4.2047,44.7706],[4.2043,44.7736],[4.2014,44.7748],[4.1963,44.7754],[4.1918,44.7762],[4.1906,44.7733],[4.1865,44.7731],[4.1801,44.7727],[4.1781,44.7705],[4.175,44.7703],[4.1715,44.7709],[4.1676,44.7704],[4.1664,44.7684],[4.163,44.7659],[4.1623,44.7622],[4.157,44.7591],[4.1539,44.762],[4.1504,44.7606],[4.1485,44.7608],[4.1468,44.7582],[4.1437,44.7591],[4.1406,44.7592],[4.1386,44.7573],[4.136,44.7565],[4.1353,44.7531],[4.1376,44.7486],[4.1398,44.7416],[4.1448,44.7392],[4.1489,44.7377],[4.1518,44.7381],[4.1549,44.7362],[4.1611,44.7379],[4.1611,44.7404],[4.1647,44.7387],[4.1686,44.7397],[4.1674,44.7343],[4.1702,44.7315],[4.1703,44.7316]]]},"properties":{"id_ffco":"2007-D07-31","nom":"LA MONTAGNE ARDECHOISE","_dept":"07","numero":"2007-D07-31","commune":"ST CIRGUE EN MONTAGNE - RIEUTOR","echelle":"1/20000","surface":"16.44 km²","format":"A3","annee":"2007","cartographes":"MAREIGNER Franz et Yann","proprietaire":"07 - Ardèche","niveau":"Régional","specialite":"Rand'O","contacts":"CDCO 07, 06-85-11-63-94, cartotheque@cdco07.fr, http://cdco07.fr/","latitude":"44.75386","longitude":"4.17335","date_saisie":"19/07/2013","valide":"Non","ppo":"Oui (120 postes)","type_carte":"Nouvelle carte","fond":"Ortho","obsolete":false}},{"type":"Feature","geometry":{"type":"Polygon","coordinates":[[[4.14,44.7581],[4.1412,44.7565],[4.1421,44.7548],[4.1443,44.7532],[4.1452,44.7532],[4.1463,44.753],[4.1461,44.7515],[4.1455,44.7506],[4.1458,44.7491],[4.1483,44.747],[4.1523,44.7459],[4.1523,44.7446],[4.1551,44.7432],[4.1564,44.7429],[4.1575,44.7421],[4.1559,44.7398],[4.1515,44.7378],[4.1509,44.7381],[4.149,44.7372],[4.1444,44.7388],[4.1427,44.7409],[4.1417,44.7407],[4.14,44.742],[4.139,44.7428],[4.1385,44.7455],[4.1372,44.7469],[4.138,44.749],[4.1367,44.7511],[4.1351,44.7529],[4.1358,44.7546],[4.1371,44.7549],[4.1361,44.7563],[4.137,44.7574],[4.1388,44.7574],[4.1397,44.7576],[4.14,44.758],[4.14,44.7581]]]},"properties":{"id_ffco":"2007-D07-30","nom":"LE BOIS DE BAUZON","_dept":"07","numero":"2007-D07-30","commune":"ST CIRGUE EN MONTAGNE - LANARCE","echelle":"1/10000","surface":"1.83 km²","format":"A4","annee":"2007","cartographes":"MAREIGNER Franz et Yann","niveau":"Régional","specialite":"CO à pied","contacts":"INCONNU","latitude":"44.74763","longitude":"4.14629","date_saisie":"19/07/2013","valide":"Non","ppo":"Oui (60 postes)","type_carte":"Nouvelle carte","fond":"Ortho","obsolete":false}},{"type":"Feature","geometry":{"type":"Polygon","coordinates":[[[4.3939,45.0626],[4.3895,45.063],[4.3883,45.0613],[4.3855,45.0593],[4.3841,45.0588],[4.3812,45.0593],[4.3773,45.0553],[4.3801,45.051],[4.3816,45.0459],[4.3818,45.0421],[4.3798,45.0371],[4.3841,45.0385],[4.3862,45.0394],[4.3869,45.0393],[4.3869,45.0399],[4.389,45.0411],[4.3895,45.0423],[4.3938,45.0429],[4.396,45.0427],[4.3977,45.0428],[4.402,45.0431],[4.4047,45.0432],[4.4069,45.0436],[4.4057,45.0463],[4.4048,45.0485],[4.4031,45.0497],[4.4005,45.0516],[4.4005,45.0525],[4.4018,45.0526],[4.4026,45.0538],[4.3996,45.0553],[4.3971,45.0565],[4.3956,45.0579],[4.393,45.0595],[4.3925,45.061],[4.3936,45.0619],[4.3939,45.0626]]]},"properties":{"id_ffco":"2007-D07-29","nom":"BASE DE LOISIRS DU LAC DEVESSET","_dept":"07","numero":"2007-D07-29","commune":"DEVESSET","echelle":"1/12500","surface":"3.58 km²","format":"A4","annee":"2007","cartographes":"MAREIGNER Franz et Yann","proprietaire":"BASE DE LOISIRS DU LAC DEVESSET","niveau":"Initiation, Scolaire","specialite":"Rand'O","contacts":"BASE DE LOISIRS DU LAC DEVESSET, 04.75.30.00.37, base.de.loisirs@lac-de-devesset.fr, http://www.lac-de-devesset.fr/loisirs.htm","latitude":"45.05552","longitude":"4.38835","date_saisie":"19/07/2013","valide":"Non","ppo":"Non","type_carte":"Nouvelle carte","fond":"Ortho","obsolete":false}},{"type":"Feature","geometry":{"type":"Polygon","coordinates":[[[4.0261,44.6597],[4.0256,44.6606],[4.0264,44.6622],[4.0262,44.6631],[4.0255,44.6641],[4.0249,44.6649],[4.0254,44.6667],[4.0246,44.6685],[4.0236,44.6705],[4.0237,44.6715],[4.0249,44.6721],[4.0267,44.6728],[4.0269,44.674],[4.0269,44.6756],[4.0272,44.6769],[4.0264,44.6776],[4.0252,44.6782],[4.0249,44.6792],[4.024,44.6798],[4.0231,44.6813],[4.0225,44.6827],[4.0214,44.6843],[4.0202,44.6853],[4.0183,44.6853],[4.0157,44.6856],[4.013,44.6851],[4.0124,44.6834],[4.011,44.6838],[4.0089,44.6838],[4.0075,44.6831],[4.0073,44.6814],[4.0067,44.6805],[4.0041,44.6812],[4.0012,44.6803],[3.9989,44.6802],[3.9954,44.6809],[3.995,44.6818],[3.9958,44.6834],[3.9962,44.6848],[3.9956,44.6863],[3.995,44.688],[3.9928,44.6891],[3.9886,44.69],[3.9856,44.6903],[3.9849,44.6911],[3.985,44.6932],[3.9851,44.6952],[3.9847,44.6969],[3.9838,44.6986],[3.9824,44.7001],[3.9788,44.7009],[3.9753,44.7014],[3.9728,44.7011],[3.9698,44.6991],[3.9693,44.697],[3.9705,44.6952],[3.9726,44.6935],[3.9748,44.6921],[3.9782,44.691],[3.9806,44.6901],[3.9782,44.6891],[3.9764,44.6884],[3.9752,44.687],[3.9751,44.6852],[3.9756,44.6834],[3.9763,44.6818],[3.9766,44.6798],[3.9769,44.6774],[3.9741,44.6767],[3.9729,44.6751],[3.9731,44.6739],[3.9758,44.6744],[3.9792,44.6739],[3.9842,44.6724],[3.9887,44.671],[3.9923,44.6696],[3.9967,44.6671],[4.0,44.6653],[4.0053,44.6638],[4.0108,44.6628],[4.0146,44.6619],[4.0192,44.6624],[4.0224,44.6605],[4.0247,44.6586],[4.0269,44.6559],[4.0281,44.6526],[4.0296,44.6518],[4.0309,44.652],[4.03,44.6538],[4.0295,44.6556],[4.0291,44.6578],[4.0284,44.6587],[4.0261,44.6597]]]},"properties":{"id_ffco":"2006-D07-28","nom":"STATION NORDIQUE  DE LA CHAVADE - BEL AIR","_dept":"07","numero":"2006-D07-28","commune":"ASTET","echelle":"1/20000","surface":"9.63 km²","format":"A4","annee":"2006","cartographes":"PARDOEN Thomas","proprietaire":"07 - Ardèche","niveau":"National, International","specialite":"CO à ski","contacts":"CDCO 07, 06-85-11-63-94, cartotheque@cdco07.fr, http://cdco07.fr/","latitude":"44.6778177406","longitude":"3.99971804432","date_saisie":"19/07/2013","valide":"Non","ppo":"Non","type_carte":"Nouvelle carte","fond":"IGN","obsolete":false}},{"type":"Feature","geometry":{"type":"Polygon","coordinates":[[[4.0237,44.67],[4.0235,44.6712],[4.0243,44.672],[4.0268,44.6727],[4.0268,44.6751],[4.0273,44.6771],[4.0256,44.6779],[4.025,44.6793],[4.0232,44.6813],[4.0237,44.6838],[4.0232,44.6846],[4.0218,44.6859],[4.0237,44.6872],[4.0237,44.6882],[4.0226,44.6889],[4.0213,44.6893],[4.0201,44.691],[4.0192,44.6931],[4.0195,44.6939],[4.0186,44.6942],[4.0166,44.6934],[4.0094,44.6902],[4.0073,44.6874],[4.0076,44.6669],[4.0152,44.6662],[4.0184,44.6653],[4.0232,44.6686],[4.0237,44.67]]]},"properties":{"id_ffco":"2006-D07-27","nom":"LA CHAVADE - BEL AIR","_dept":"07","numero":"2006-D07-27","commune":"ASTET","echelle":"1/17500","surface":"3.68 km²","format":"A4","annee":"2006","cartographes":"PARDOEN Thomas","proprietaire":"07 - Ardèche","niveau":"Initiation, Scolaire","specialite":"CO à pied","contacts":"CDCO 07, 06-85-11-63-94, cartotheque@cdco07.fr, http://cdco07.fr/","latitude":"44.6787798893","longitude":"4.01597457574","date_saisie":"19/07/2013","valide":"Non","ppo":"Non","type_carte":"Nouvelle carte","fond":"IGN","obsolete":false}},{"type":"Feature","geometry":{"type":"Polygon","coordinates":[[[4.4456,44.5574],[4.4487,44.5547],[4.4483,44.5534],[4.4459,44.5512],[4.4433,44.5493],[4.4419,44.5485],[4.4411,44.5485],[4.4407,44.5487],[4.4396,44.5489],[4.4383,44.5491],[4.4367,44.5492],[4.4356,44.5494],[4.4282,44.546],[4.4247,44.5483],[4.4235,44.5489],[4.4211,44.5493],[4.4197,44.5481],[4.4175,44.5481],[4.4162,44.548],[4.4133,44.5499],[4.4105,44.5513],[4.4092,44.5537],[4.4102,44.5581],[4.409,44.56],[4.4096,44.5645],[4.4121,44.5687],[4.4132,44.5736],[4.4119,44.5818],[4.4131,44.5874],[4.4154,44.5916],[4.4193,44.5935],[4.4221,44.5928],[4.4241,44.5938],[4.4249,44.5922],[4.4272,44.593],[4.4272,44.591],[4.4284,44.59],[4.4277,44.5884],[4.4285,44.5886],[4.4333,44.5897],[4.4393,44.5878],[4.4394,44.587],[4.4453,44.5848],[4.4489,44.5799],[4.4519,44.5771],[4.4501,44.5714],[4.4484,44.5631],[4.4454,44.5575],[4.4456,44.5574]]]},"properties":{"id_ffco":"2006-D07-25","nom":"LES GRAS DE VOGUE","_dept":"07","numero":"2006-D07-25","commune":"VOGUE","echelle":"1/15000","surface":"13.36 km²","format":"A3","annee":"2006","cartographes":"CHANNAC Cédric","proprietaire":"07 - Ardèche","niveau":"Régional","specialite":"CO à pied","contacts":"CDCO 07, 06-85-11-63-94, cartotheque@cdco07.fr, http://cdco07.fr/","latitude":"44.56989","longitude":"4.43046","date_saisie":"19/07/2013","date_depot":"01/07/2011","valide":"Oui","ppo":"Non","type_carte":"Nouvelle carte","fond":"Ortho","obsolete":false}},{"type":"Feature","geometry":{"type":"Polygon","coordinates":[[[4.3932,45.0604],[4.3943,45.0594],[4.3959,45.0585],[4.3969,45.0577],[4.3978,45.0572],[4.4005,45.0556],[4.4016,45.0549],[4.4021,45.0545],[4.4035,45.0538],[4.4035,45.0531],[4.4025,45.0527],[4.4014,45.0523],[4.4009,45.0521],[4.4007,45.0515],[4.4006,45.0507],[4.4006,45.0502],[4.4005,45.0495],[4.3999,45.0494],[4.3984,45.0495],[4.397,45.0501],[4.3943,45.051],[4.393,45.0523],[4.3926,45.0534],[4.3923,45.0541],[4.3918,45.0552],[4.392,45.0556],[4.3926,45.0559],[4.3941,45.0559],[4.3951,45.0558],[4.3957,45.0559],[4.3957,45.0567],[4.3959,45.0575],[4.3932,45.0604],[4.3932,45.0604]]]},"properties":{"id_ffco":"2006-D07-24","nom":"BASE DE LOISIRS DU LAC DE DEVESSET initiation","_dept":"07","numero":"2006-D07-24","commune":"DEVESSET","echelle":"1/5000","surface":"0.5 km²","format":"A4","annee":"2006","cartographes":"MAREIGNER Franz et Yann","proprietaire":"07 - Ardèche","niveau":"Initiation, Scolaire","specialite":"CO à pied","contacts":"CDCO 07, 06-85-11-63-94, cartotheque@cdco07.fr, http://cdco07.fr/","latitude":"45.05377","longitude":"4.3972","date_saisie":"19/07/2013","valide":"Non","ppo":"Non","type_carte":"Nouvelle carte","fond":"Ortho","obsolete":false}},{"type":"Feature","geometry":{"type":"Polygon","coordinates":[[[4.5035,44.3923],[4.5107,44.391],[4.514,44.3866],[4.5241,44.3842],[4.531,44.3875],[4.5377,44.391],[4.5499,44.3943],[4.561,44.3947],[4.5911,44.3955],[4.5937,44.3998],[4.5935,44.4047],[4.5961,44.4137],[4.5923,44.4165],[4.5729,44.4354],[4.571,44.4335],[4.5681,44.4316],[4.5583,44.4324],[4.553,44.4342],[4.5507,44.4348],[4.5451,44.4355],[4.5454,44.4438],[4.543,44.4432],[4.5428,44.4416],[4.5444,44.4406],[4.542,44.4381],[4.5372,44.4365],[4.5331,44.4363],[4.5259,44.4367],[4.5233,44.4381],[4.5185,44.433],[4.5109,44.4272],[4.5157,44.4236],[4.5219,44.421],[4.5192,44.4175],[4.5162,44.4145],[4.5142,44.412],[4.5159,44.4091],[4.5095,44.4007],[4.5035,44.3923]]]},"properties":{"id_ffco":"2006-D07-23","nom":"PLATEAU LE LAOUL","_dept":"07","numero":"2006-D07-23","commune":"ST REMEZE GRAS LARNAS","echelle":"1/20000","surface":"28.82 km²","format":"A3","annee":"2006","cartographes":"COUPAT Gerard","proprietaire":"2606 - LOISIR ORIENTATION UNION PIERRELATTINE","niveau":"Régional","specialite":"CO à pied","contacts":"CLUB L.O.U.PIERRELATTE, 04 75 52 58 23, 06 86 40 42 35, laure.coupat@free.fr, http://loup.segustero.com/","latitude":"44.41403","longitude":"4.5498","date_saisie":"19/07/2013","valide":"Non","ppo":"Non","type_carte":"Nouvelle carte","fond":"Ortho","obsolete":false}},{"type":"Feature","geometry":{"type":"Polygon","coordinates":[[[4.2683,44.6527],[4.2677,44.6526],[4.2651,44.6515],[4.2648,44.6507],[4.2647,44.6492],[4.2659,44.6492],[4.2662,44.6499],[4.2665,44.6511],[4.2679,44.6522],[4.2683,44.6527]]]},"properties":{"id_ffco":"2026-D07-229","nom":"Aire de jeux de l'Echelette","_dept":"07","numero":"2026-D07-229","commune":"Fabras","echelle":"1/2500","surface":"0.04 km²","format":"A5","annee":"2026","cartographes":"Toma Pardoen","proprietaire":"CDCO07","niveau":"Initiation, Scolaire","specialite":"CO à pied","contacts":"CDCO 07, 06-48-09-82-92, cartotheque@cdco07.fr, http://cdco07.fr/","latitude":"44.6508649473","longitude":"4.26598496575","date_saisie":"09/03/2026","valide":"Non","ppo":"Non","type_carte":"Nouvelle carte","fond":"Ortho","obsolete":false}},{"type":"Feature","geometry":{"type":"Polygon","coordinates":[[[4.3804,44.3939],[4.3778,44.3901],[4.3771,44.3886],[4.3783,44.3877],[4.3766,44.3836],[4.3717,44.3777],[4.3715,44.3727],[4.3675,44.3665],[4.3682,44.3645],[4.3676,44.3622],[4.3664,44.3593],[4.367,44.3568],[4.3657,44.3513],[4.3667,44.347],[4.3658,44.3453],[4.3603,44.3469],[4.3553,44.3491],[4.3505,44.3498],[4.3485,44.3478],[4.34,44.3479],[4.3336,44.3551],[4.3261,44.3571],[4.3229,44.3578],[4.3222,44.359],[4.3226,44.3646],[4.3283,44.368],[4.3302,44.3701],[4.3248,44.376],[4.3277,44.3783],[4.3386,44.3819],[4.3406,44.3822],[4.354,44.3917],[4.3638,44.398],[4.3745,44.4027],[4.3777,44.4024],[4.3804,44.3951],[4.3804,44.3939]]]},"properties":{"id_ffco":"2025-D07-227","nom":"Bois des Bruyères MTBO","_dept":"07","numero":"2025-D07-227","commune":"Salavas","echelle":"1/15000","surface":"16.21 km²","format":"A3","annee":"2025","cartographes":"Jean-Charles LALEVEE","proprietaire":"CDCO07","niveau":"National, International","specialite":"CO à VTT","contacts":"CDCO 07, 06-48-09-82-92, cartotheque@cdco07.fr, http://cdco07.fr/","latitude":"44.3720988657","longitude":"4.35292925444","date_saisie":"20/10/2025","valide":"Non","ppo":"Non","type_carte":"Nouvelle carte","fond":"Ortho","obsolete":false}},{"type":"Feature","geometry":{"type":"Polygon","coordinates":[[[4.7929,44.8127],[4.7924,44.8117],[4.7927,44.8116],[4.7921,44.8104],[4.7928,44.8106],[4.7929,44.8108],[4.7935,44.8108],[4.7939,44.8109],[4.7941,44.8113],[4.7946,44.8112],[4.7948,44.8115],[4.7949,44.8121],[4.7949,44.8123],[4.7948,44.8125],[4.7942,44.8125],[4.7929,44.8127]]]},"properties":{"id_ffco":"2025-D07-226","nom":"Collège Les Trois Vallées","_dept":"07","numero":"2025-D07-226","commune":"La Voulte sur Rhône","echelle":"1/1250","surface":"0.03 km²","format":"A4","annee":"2025","cartographes":"MERCIER Bruno","proprietaire":"CDCO07","niveau":"Initiation, Scolaire","specialite":"CO à pied","contacts":"CDCO 07, 06-48-09-82-92, cartotheque@cdco07.fr, http://cdco07.fr/","latitude":"44.8116918414","longitude":"4.79356889762","date_saisie":"20/10/2025","valide":"Non","ppo":"Non","type_carte":"Nouvelle carte","fond":"Ortho","obsolete":false}},{"type":"Feature","geometry":{"type":"Polygon","coordinates":[[[4.7988,44.9754],[4.7986,44.9765],[4.7984,44.9771],[4.7979,44.9778],[4.7983,44.9779],[4.7977,44.9787],[4.7977,44.9796],[4.7979,44.9798],[4.7979,44.98],[4.7978,44.9802],[4.7978,44.9805],[4.7984,44.9809],[4.7988,44.9809],[4.7989,44.9812],[4.7989,44.9813],[4.7988,44.9816],[4.7996,44.9821],[4.7997,44.982],[4.8,44.9819],[4.8004,44.982],[4.8009,44.9824],[4.8013,44.9824],[4.8015,44.9823],[4.8017,44.9821],[4.8017,44.9819],[4.8023,44.9819],[4.8023,44.9823],[4.8024,44.9826],[4.8022,44.983],[4.8026,44.9835],[4.8025,44.9841],[4.8019,44.9843],[4.8015,44.9844],[4.8013,44.9844],[4.8013,44.9847],[4.8016,44.985],[4.8023,44.9854],[4.8023,44.9856],[4.8022,44.9857],[4.8019,44.9856],[4.8016,44.9855],[4.8012,44.9856],[4.8007,44.9856],[4.8006,44.9857],[4.8007,44.9863],[4.8004,44.9865],[4.8004,44.9867],[4.801,44.9871],[4.8011,44.9873],[4.8016,44.9876],[4.802,44.9877],[4.8022,44.9881],[4.8029,44.9879],[4.8037,44.988],[4.8041,44.9886],[4.8046,44.9888],[4.8046,44.9896],[4.805,44.9897],[4.8049,44.9918],[4.801,44.9917],[4.8008,44.9905],[4.7995,44.9907],[4.799,44.9901],[4.7977,44.9898],[4.7975,44.9895],[4.7975,44.9889],[4.7962,44.9891],[4.7958,44.9889],[4.7955,44.9884],[4.7943,44.9889],[4.7943,44.9892],[4.7938,44.9893],[4.7934,44.9886],[4.7934,44.9878],[4.7942,44.9867],[4.7932,44.9868],[4.7933,44.9858],[4.7928,44.9858],[4.7917,44.9841],[4.7922,44.9833],[4.7914,44.983],[4.7913,44.9824],[4.7903,44.9826],[4.7892,44.9811],[4.7883,44.9809],[4.7873,44.9786],[4.7864,44.9784],[4.7865,44.9781],[4.7876,44.9775],[4.7877,44.9763],[4.7886,44.9763],[4.7885,44.9734],[4.7902,44.9734],[4.7912,44.9729],[4.7966,44.9729],[4.7977,44.974],[4.7981,44.9741],[4.7989,44.9741],[4.7993,44.9741],[4.7988,44.9754]]]},"properties":{"id_ffco":"2025-D07-225","nom":"Saint-Romain de Lerps","_dept":"07","numero":"2025-D07-225","commune":"Saint-Romain de Lerps","echelle":"1/7500","surface":"1.5 km²","format":"A4","annee":"2025","cartographes":"MERCIER Bruno","proprietaire":"CDCO07","niveau":"Initiation, Scolaire","specialite":"CO à pied","contacts":"CDCO 07, 06-48-09-82-92, cartotheque@cdco07.fr, http://cdco07.fr/","latitude":"44.9816257676","longitude":"4.79554847597","date_saisie":"20/10/2025","valide":"Non","ppo":"Non","type_carte":"Nouvelle carte","fond":"Ortho","obsolete":false}},{"type":"Feature","geometry":{"type":"Polygon","coordinates":[[[4.8478,44.9599],[4.8469,44.9575],[4.8442,44.9575],[4.8427,44.9593],[4.842,44.9593],[4.8421,44.9614],[4.8416,44.9623],[4.8413,44.9637],[4.8429,44.9655],[4.844,44.9673],[4.8441,44.9682],[4.8439,44.9683],[4.8452,44.9703],[4.8509,44.9703],[4.8503,44.9686],[4.8478,44.9599]]]},"properties":{"id_ffco":"2025-D07-224","nom":"Cornas","_dept":"07","numero":"2025-D07-224","commune":"Cornas","echelle":"1/5000","surface":"0.68 km²","format":"A4","annee":"2025","cartographes":"MERCIER Bruno","proprietaire":"CDCO07","niveau":"Initiation, Scolaire","specialite":"CO à pied","contacts":"CDCO 07, 06-85-11-63-94, cartotheque@cdco07.fr, http://cdco07.fr/","latitude":"44.9641971715","longitude":"4.84592417011","date_saisie":"20/10/2025","valide":"Non","ppo":"Non","type_carte":"Nouvelle carte","fond":"Ortho","obsolete":false}},{"type":"Feature","geometry":{"type":"Polygon","coordinates":[[[4.2179,44.842],[4.2183,44.8425],[4.2189,44.8424],[4.2203,44.8422],[4.2213,44.8425],[4.2219,44.8429],[4.2221,44.8439],[4.2227,44.8439],[4.2234,44.8444],[4.2234,44.8438],[4.2235,44.8434],[4.2234,44.8418],[4.2229,44.8415],[4.2225,44.8411],[4.22,44.8416],[4.2179,44.842]]]},"properties":{"id_ffco":"2025-D07-223","nom":"Site du Mont Gerbier de Jonc","_dept":"07","numero":"2025-D07-223","commune":"Saint-Martial","echelle":"1/2000","surface":"0.06 km²","format":"A4","annee":"2025","cartographes":"Ludvik FERNANDES","proprietaire":"CDCO07","niveau":"Initiation, Scolaire","specialite":"CO à pied","contacts":"CDCO 07, 06-48-09-82-92, cartotheque@cdco07.fr, http://cdco07.fr/","latitude":"44.8423959521","longitude":"4.22163665293","date_saisie":"22/10/2024","valide":"Non","ppo":"Non","type_carte":"Nouvelle carte","fond":"Ortho","obsolete":false}},{"type":"Feature","geometry":{"type":"Polygon","coordinates":[[[4.4271,44.9106],[4.4262,44.9102],[4.425,44.9098],[4.4242,44.9096],[4.4239,44.9093],[4.4242,44.9089],[4.4249,44.9086],[4.4258,44.9082],[4.4263,44.9082],[4.4268,44.9078],[4.4282,44.9083],[4.4293,44.9084],[4.4301,44.9089],[4.4303,44.9094],[4.4302,44.9098],[4.4303,44.9102],[4.4294,44.9105],[4.4288,44.91],[4.4282,44.9096],[4.4273,44.9105],[4.4271,44.9106]]]},"properties":{"id_ffco":"2025-D07-222","nom":"Complexe sportif Pré Jalla","_dept":"07","numero":"2025-D07-222","commune":"Le Cheylard","echelle":"1/2000","surface":"0.1 km²","format":"A4","annee":"2025","cartographes":"Ludvik FERNANDES","proprietaire":"07 - Ardèche","niveau":"Initiation, Scolaire","specialite":"CO à pied","contacts":"CDCO 07, 06-48-09-82-92, cartotheque@cdco07.fr, http://cdco07.fr/","latitude":"44.9092093121","longitude":"4.42729710246","date_saisie":"23/04/2025","valide":"Non","ppo":"Non","type_carte":"Nouvelle carte","fond":"Ortho","obsolete":false}},{"type":"Feature","geometry":{"type":"Polygon","coordinates":[[[4.4336,44.9066],[4.433,44.9066],[4.4326,44.9068],[4.4324,44.907],[4.4322,44.9073],[4.4316,44.9077],[4.4312,44.9078],[4.4308,44.9078],[4.4304,44.9078],[4.4301,44.9078],[4.4294,44.9074],[4.4292,44.9073],[4.4294,44.907],[4.4299,44.9067],[4.4303,44.9065],[4.4307,44.9064],[4.4312,44.906],[4.4321,44.9052],[4.4337,44.9053],[4.4332,44.9057],[4.4333,44.9061],[4.4336,44.9066]]]},"properties":{"id_ffco":"2025-D07-221","nom":"Château de la Chèze","_dept":"07","numero":"2025-D07-221","commune":"Le Cheylard","echelle":"1/1500","surface":"0.05 km²","format":"A4","annee":"2025","cartographes":"Ludvik FERNANDES","proprietaire":"07 - Ardèche","niveau":"Initiation, Scolaire","specialite":"CO à pied","contacts":"CDCO 07, 06-48-09-82-92, cartotheque@cdco07.fr, http://cdco07.fr/","latitude":"44.9066066128","longitude":"4.43156948694","date_saisie":"23/04/2025","valide":"Non","ppo":"Non","type_carte":"Nouvelle carte","fond":"Ortho","obsolete":false}},{"type":"Feature","geometry":{"type":"Polygon","coordinates":[[[4.641,44.3679],[4.6406,44.3692],[4.6407,44.3706],[4.6425,44.3744],[4.648,44.374],[4.6479,44.3713],[4.6473,44.3685],[4.647,44.3671],[4.641,44.3679]]]},"properties":{"id_ffco":"2006-D07-22","nom":"BOURG SAINT ANDEOL CENTRE","_dept":"07","numero":"2006-D07-22","commune":"BOURG-SAINT-ANDEOL","echelle":"1/3000","surface":"0.39 km²","format":"A4","annee":"2006","cartographes":"COUPAT Gerard","niveau":"Départemental","specialite":"Sprint (ISSOM)","contacts":"CLUB L.O.U.PIERRELATTE, 04 75 52 58 23, 06 86 40 42 35, laure.coupat@free.fr, http://loup.segustero.com/","latitude":"44.37072","longitude":"4.64427","date_saisie":"19/07/2013","valide":"Oui","ppo":"Non","type_carte":"Nouvelle carte","fond":"Cadastre","obsolete":false}},{"type":"Feature","geometry":{"type":"Polygon","coordinates":[[[4.0909,44.4181],[4.0913,44.4186],[4.0918,44.4191],[4.0921,44.4195],[4.0925,44.4198],[4.0929,44.42],[4.0938,44.4204],[4.0941,44.4205],[4.095,44.421],[4.0958,44.4215],[4.096,44.4217],[4.0961,44.422],[4.0955,44.4225],[4.0949,44.4229],[4.094,44.4232],[4.093,44.4234],[4.0927,44.4235],[4.0922,44.4232],[4.0915,44.4228],[4.0909,44.4227],[4.0899,44.423],[4.0895,44.4231],[4.0894,44.4232],[4.089,44.423],[4.0888,44.4228],[4.0887,44.4225],[4.0893,44.422],[4.0897,44.4216],[4.0902,44.4215],[4.0906,44.4213],[4.0908,44.4212],[4.091,44.4211],[4.091,44.4206],[4.0908,44.42],[4.0907,44.4194],[4.0905,44.419],[4.0905,44.4185],[4.0905,44.4182],[4.0907,44.418],[4.0909,44.4181]]]},"properties":{"id_ffco":"2024-D07-218","nom":"Gravières","_dept":"07","numero":"2024-D07-218","commune":"Gravières","echelle":"1/3000","surface":"0.16 km²","format":"A4","annee":"2024","cartographes":"Ludvik Fernandes","proprietaire":"07 - Ardèche","niveau":"Départemental","specialite":"Sprint (ISSOM)","contacts":"CDCO 07, 06-48-09-82-92, cartotheque@cdco07.fr, http://cdco07.fr/","latitude":"44.4214780571","longitude":"4.09243364942","date_saisie":"27/03/2024","date_depot":"19/06/2025","valide":"Oui","ppo":"Non","type_carte":"Nouvelle carte","fond":"Ortho","obsolete":false}},{"type":"Feature","geometry":{"type":"Polygon","coordinates":[[[4.0926,44.4156],[4.0952,44.4126],[4.0957,44.4125],[4.0961,44.4125],[4.0964,44.4128],[4.0968,44.413],[4.0974,44.4131],[4.0983,44.4128],[4.0986,44.413],[4.0993,44.4135],[4.1,44.4139],[4.1023,44.4147],[4.1028,44.4149],[4.1022,44.4156],[4.1022,44.4161],[4.1023,44.4166],[4.1026,44.4172],[4.1029,44.4177],[4.1032,44.4181],[4.1033,44.4194],[4.1028,44.4202],[4.1021,44.4208],[4.1016,44.4212],[4.1018,44.4216],[4.1013,44.4219],[4.1008,44.4223],[4.1003,44.4225],[4.0989,44.4233],[4.0979,44.4238],[4.0977,44.4239],[4.0967,44.4234],[4.0961,44.4229],[4.0951,44.4234],[4.0945,44.4237],[4.0928,44.4235],[4.0922,44.4235],[4.0915,44.4236],[4.0912,44.4226],[4.0908,44.4222],[4.0905,44.4222],[4.0904,44.4218],[4.0906,44.4211],[4.0906,44.4203],[4.0902,44.4191],[4.0898,44.4181],[4.0908,44.4174],[4.092,44.4161],[4.0926,44.4156]]]},"properties":{"id_ffco":"2024-D07-217","nom":"Gravières-plaine du Chassezac","_dept":"07","numero":"2024-D07-217","commune":"Gravières","echelle":"1/7500","surface":"0.96 km²","format":"A4","annee":"2024","cartographes":"Ludvik Fernandes","proprietaire":"07 - Ardèche","niveau":"Départemental","specialite":"CO à pied","contacts":"CDCO 07, 06-48-09-82-92, cartotheque@cdco07.fr, http://cdco07.fr/","latitude":"44.4185223447","longitude":"4.09663638171","date_saisie":"27/03/2024","date_depot":"19/06/2025","valide":"Oui","ppo":"Non","type_carte":"Nouvelle carte","fond":"Ortho","obsolete":false}},{"type":"Feature","geometry":{"type":"Polygon","coordinates":[[[4.775,44.877],[4.7763,44.8773],[4.778,44.8771],[4.7804,44.8776],[4.7819,44.8785],[4.7826,44.878],[4.7842,44.8787],[4.7859,44.8792],[4.7859,44.8786],[4.7882,44.8783],[4.7914,44.8783],[4.7919,44.8773],[4.7938,44.8763],[4.7929,44.8751],[4.7929,44.872],[4.7968,44.8739],[4.7994,44.8741],[4.8004,44.8721],[4.8014,44.8704],[4.805,44.8684],[4.8046,44.8671],[4.7998,44.8673],[4.797,44.8672],[4.799,44.8644],[4.7982,44.8632],[4.7953,44.865],[4.7898,44.8666],[4.7888,44.8665],[4.7885,44.8647],[4.7871,44.8643],[4.7853,44.8667],[4.7818,44.8687],[4.7797,44.8717],[4.7786,44.8738],[4.7761,44.8748],[4.7749,44.8761],[4.7742,44.8769],[4.775,44.877]]]},"properties":{"id_ffco":"2024-D07-215","nom":"Serre de Planèze","_dept":"07","numero":"2024-D07-215","commune":"Saint Georges les Bains","echelle":"1/10000","surface":"2.06 km²","format":"A4","annee":"2024","cartographes":"Bruno Mercier","proprietaire":"07 - Ardèche","niveau":"Régional","specialite":"CO à pied","contacts":"CDCO 07, 06-85-11-63-94, cartotheque@cdco07.fr, http://cdco07.fr/","latitude":"44.8716780539","longitude":"4.78944629815","date_saisie":"05/12/2024","date_depot":"19/06/2025","valide":"Oui","ppo":"Non","type_carte":"Nouvelle carte","fond":"Ortho","obsolete":false}},{"type":"Feature","geometry":{"type":"Polygon","coordinates":[[[4.2963,44.5311],[4.2952,44.5322],[4.2941,44.5323],[4.2917,44.5316],[4.2901,44.5314],[4.2895,44.5336],[4.2861,44.5356],[4.2836,44.5364],[4.2797,44.5368],[4.2754,44.5404],[4.2732,44.5407],[4.2699,44.5399],[4.2655,44.5406],[4.2608,44.5437],[4.259,44.5453],[4.2581,44.546],[4.2551,44.546],[4.25,44.5479],[4.2466,44.5481],[4.2412,44.5486],[4.234,44.5493],[4.2306,44.5499],[4.2284,44.5501],[4.225,44.5492],[4.2242,44.5471],[4.2245,44.5456],[4.2241,44.5431],[4.2257,44.5382],[4.2266,44.5361],[4.2291,44.536],[4.2306,44.5357],[4.2318,44.5321],[4.2339,44.5292],[4.2356,44.5277],[4.2393,44.5274],[4.2436,44.5282],[4.2445,44.5279],[4.2479,44.5251],[4.2493,44.5239],[4.2541,44.5235],[4.2571,44.5232],[4.2611,44.5201],[4.2638,44.52],[4.2654,44.519],[4.2666,44.5182],[4.2675,44.5143],[4.2691,44.5106],[4.2699,44.5105],[4.2729,44.5101],[4.2761,44.5094],[4.2783,44.5089],[4.2786,44.5083],[4.2816,44.5087],[4.2848,44.5087],[4.2876,44.5085],[4.2886,44.508],[4.2903,44.5077],[4.2912,44.5094],[4.2902,44.5106],[4.2903,44.5112],[4.2899,44.5125],[4.2902,44.5145],[4.2923,44.5163],[4.2939,44.5214],[4.295,44.5226],[4.2973,44.5238],[4.2971,44.526],[4.296,44.5292],[4.2963,44.5311]]]},"properties":{"id_ffco":"2024-D07-214","nom":"Montréal-Sanilhac MTBO","_dept":"07","numero":"2024-D07-214","commune":"Montréal","echelle":"1/15000","surface":"14.24 km²","format":"A3","annee":"2024","cartographes":"Thomas Pardoen, Jean Charles Lalevée","proprietaire":"07 - Ardèche","niveau":"Régional","specialite":"CO à VTT","contacts":"CDCO 07, 06-48-09-82-92, cartotheque@cdco07.fr, http://cdco07.fr/","latitude":"44.5306160747","longitude":"4.26235714487","date_saisie":"13/02/2024","date_depot":"18/03/2025","valide":"Oui","ppo":"Non","type_carte":"Reprise","base":"2021-D07-185 Montréal MTB O","fond":"Ortho","obsolete":false}},{"type":"Feature","geometry":{"type":"Polygon","coordinates":[[[4.3576,44.5556],[4.3532,44.5576],[4.3512,44.5634],[4.3484,44.5619],[4.346,44.5607],[4.3405,44.5605],[4.3339,44.5611],[4.3303,44.5608],[4.3282,44.5603],[4.3239,44.5611],[4.3216,44.5648],[4.3208,44.5665],[4.3206,44.5689],[4.3207,44.5704],[4.3198,44.5718],[4.3214,44.5729],[4.3214,44.5742],[4.3228,44.5752],[4.3225,44.5765],[4.3197,44.5776],[4.3203,44.5791],[4.3222,44.5803],[4.3229,44.583],[4.3212,44.5846],[4.3186,44.586],[4.3173,44.5866],[4.3151,44.5889],[4.3154,44.5922],[4.3148,44.5971],[4.315,44.5991],[4.3156,44.6106],[4.316,44.6116],[4.319,44.6147],[4.3214,44.6178],[4.3229,44.619],[4.3262,44.6201],[4.3304,44.6203],[4.3321,44.62],[4.3354,44.618],[4.3364,44.6168],[4.3375,44.616],[4.3395,44.614],[4.3423,44.6116],[4.3466,44.6094],[4.3496,44.6062],[4.3503,44.6042],[4.3532,44.6029],[4.355,44.6016],[4.3583,44.5999],[4.359,44.599],[4.3601,44.5979],[4.3631,44.5965],[4.3639,44.5954],[4.3654,44.5933],[4.3687,44.5892],[4.3678,44.5865],[4.3658,44.586],[4.3671,44.585],[4.3668,44.5787],[4.3674,44.5765],[4.3682,44.5759],[4.3698,44.5753],[4.3694,44.5712],[4.3714,44.5691],[4.3664,44.5635],[4.3632,44.5621],[4.3611,44.5604],[4.3576,44.5556]]]},"properties":{"id_ffco":"2024-D07-213","nom":"Ailhon - Fons MTBO","_dept":"07","numero":"2024-D07-213","commune":"Ailhon","echelle":"1/10000","surface":"21.48 km²","format":"A3","annee":"2024","cartographes":"Thomas Pardoen, David Lesquer","proprietaire":"07 - Ardèche","niveau":"Régional","specialite":"CO à VTT","contacts":"CDCO 07, 06-48-09-82-92, cartotheque@cdco07.fr, http://cdco07.fr/","latitude":"44.5866120816","longitude":"4.34062080784","date_saisie":"13/02/2024","date_depot":"18/03/2025","valide":"Oui","ppo":"Non","type_carte":"Reprise","base":"2021-D07-187 Ailhon MTB O","fond":"Ortho","obsolete":false}},{"type":"Feature","geometry":{"type":"Polygon","coordinates":[[[4.8672,44.9321],[4.8672,44.9348],[4.8722,44.9348],[4.8722,44.9321],[4.8672,44.9321]]]},"properties":{"id_ffco":"2024-D07-212","nom":"Plateaux Sportifs","_dept":"07","numero":"2024-D07-212","commune":"Guilherand Granges","echelle":"1/1750","surface":"0.12 km²","format":"A4","annee":"2024","cartographes":"Bruno Mercier","proprietaire":"07 - Ardèche","niveau":"Initiation, Scolaire","specialite":"Sprint (ISSOM)","contacts":"CDCO 07, 06-48-09-82-92, cartotheque@cdco07.fr, http://cdco07.fr/ // Mairie de Guilherand-Granges (Service des sports), 1 Place des Cinq-Continents,, 07500, Guilherand-Granges,  0475440082, http://www.guilherand-granges.fr/","latitude":"44.9334533261","longitude":"4.86970067024","date_saisie":"21/11/2024","date_depot":"19/06/2025","valide":"Oui","ppo":"Oui (22 postes)","type_carte":"Nouvelle carte","fond":"Cadastre","obsolete":false}},{"type":"Feature","geometry":{"type":"Polygon","coordinates":[[[4.3288,44.521],[4.3253,44.5195],[4.3254,44.5187],[4.3243,44.5177],[4.3245,44.5171],[4.3256,44.5165],[4.3246,44.5158],[4.3247,44.515],[4.3256,44.5142],[4.3264,44.5134],[4.3277,44.5141],[4.3289,44.5148],[4.331,44.5157],[4.3313,44.5167],[4.332,44.5176],[4.3321,44.5183],[4.333,44.5188],[4.3322,44.5193],[4.3322,44.5199],[4.3288,44.521]]]},"properties":{"id_ffco":"2023-D07-211","nom":"Uzer \"les bords de la Lande\"","_dept":"07","numero":"2023-D07-211","commune":"Uzer","echelle":"1/3000","surface":"0.35 km²","format":"A4","annee":"2023","cartographes":"Tomas PARDOEN","proprietaire":"07 - Ardèche","niveau":"Départemental","specialite":"CO à pied","contacts":"CDCO 07, 06-48-09-82-92, cartotheque@cdco07.fr, http://cdco07.fr/","latitude":"44.5175175743","longitude":"4.3282681118","date_saisie":"17/12/2023","date_depot":"04/07/2024","valide":"Oui","ppo":"Non","type_carte":"Reprise","base":"2011-D07-79 UZER","fond":"Ortho","obsolete":false}},{"type":"Feature","geometry":{"type":"Polygon","coordinates":[[[4.873,44.9238],[4.871,44.9244],[4.8694,44.9224],[4.8698,44.922],[4.8688,44.9205],[4.8696,44.9199],[4.8706,44.9202],[4.8727,44.9231],[4.873,44.9238]]]},"properties":{"id_ffco":"2023-D07-210","nom":"stade des Combes","_dept":"07","numero":"2023-D07-210","commune":"Guilherand Granges","echelle":"1/2500","surface":"0.08 km²","format":"A4","annee":"2023","cartographes":"Bruno Mercier","proprietaire":"07 - Ardèche","niveau":"Initiation, Scolaire","specialite":"CO à pied","contacts":"CDCO 07, 06-48-09-82-92, cartotheque@cdco07.fr, http://cdco07.fr/","latitude":"44.9222810402","longitude":"4.87083203365","date_saisie":"17/12/2023","date_depot":"19/06/2025","valide":"Oui","ppo":"Oui (20 postes)","type_carte":"Nouvelle carte","fond":"Cadastre","obsolete":false}},{"type":"Feature","geometry":{"type":"Polygon","coordinates":[[[4.626,44.4422],[4.6297,44.4395],[4.6292,44.4387],[4.628,44.4375],[4.6273,44.437],[4.6267,44.4369],[4.6258,44.4367],[4.6245,44.4367],[4.6228,44.4371],[4.6205,44.4354],[4.6194,44.4354],[4.6165,44.4373],[4.6165,44.438],[4.6176,44.4389],[4.6191,44.4394],[4.6198,44.4399],[4.6199,44.4402],[4.6188,44.441],[4.6182,44.4414],[4.6182,44.442],[4.6185,44.4425],[4.6189,44.4428],[4.6197,44.4431],[4.6212,44.4431],[4.6252,44.442],[4.626,44.4422],[4.626,44.4422]]]},"properties":{"id_ffco":"2006-D07-21","nom":"SAINT MONTAN","_dept":"07","numero":"2006-D07-21","commune":"SAINT-MONTAN","echelle":"1/3000","surface":"0.55 km²","format":"A4","annee":"2006","cartographes":"COUPAT Gerard","niveau":"Départemental","specialite":"Sprint (ISSOM)","contacts":"CLUB L.O.U.PIERRELATTE, 04 75 52 58 23, 06 86 40 42 35, laure.coupat@free.fr, http://loup.segustero.com/","latitude":"44.43924","longitude":"4.62308","date_saisie":"19/07/2013","valide":"Oui","ppo":"Non","type_carte":"Nouvelle carte","fond":"Cadastre","obsolete":false}},{"type":"Feature","geometry":{"type":"Polygon","coordinates":[[[4.8663,44.9303],[4.8663,44.9288],[4.8692,44.9286],[4.8699,44.9312],[4.8687,44.9311],[4.8663,44.9303]]]},"properties":{"id_ffco":"2023-D07-209","nom":"Parc de la Savine","_dept":"07","numero":"2023-D07-209","commune":"Guilherand Granges","echelle":"1/1500","surface":"0.06 km²","format":"A4","annee":"2023","cartographes":"Bruno Mercier","proprietaire":"07 - Ardèche","niveau":"Initiation, Scolaire","specialite":"CO à pied","contacts":"Mairie de Guilherand-Granges (Service des sports), 1 Place des Cinq-Continents,, 07500, Guilherand-Granges,  0475440082, http://www.guilherand-granges.fr/","latitude":"44.9298220014","longitude":"4.86806475925","date_saisie":"17/12/2023","date_depot":"04/07/2024","valide":"Oui","ppo":"Oui (15 postes)","type_carte":"Reprise","base":"2003-D07-10 LA BOISSONNAT","fond":"Cadastre","obsolete":false}},{"type":"Feature","geometry":{"type":"Polygon","coordinates":[[[4.8775,44.9319],[4.8766,44.9307],[4.8761,44.9304],[4.8726,44.9307],[4.8724,44.9308],[4.8728,44.9322],[4.8775,44.9319]]]},"properties":{"id_ffco":"2023-D07-208","nom":"parc Clémenceau","_dept":"07","numero":"2023-D07-208","commune":"Guilherand Granges","echelle":"1/1500","surface":"0.06 km²","format":"A4","annee":"2023","cartographes":"Bruno Mercier","proprietaire":"07 - Ardèche","niveau":"Initiation, Scolaire","specialite":"CO à pied","contacts":"Mairie de Guilherand-Granges (Service des sports), 1 Place des Cinq-Continents,, 07500, Guilherand-Granges,  0475440082, http://www.guilherand-granges.fr/","latitude":"44.9313508591","longitude":"4.87481183147","date_saisie":"17/12/2023","date_depot":"04/07/2024","valide":"Oui","ppo":"Oui (20 postes)","type_carte":"Nouvelle carte","fond":"Cadastre","obsolete":false}},{"type":"Feature","geometry":{"type":"Polygon","coordinates":[[[4.3447,44.5761],[4.3427,44.5765],[4.3416,44.5775],[4.3399,44.5791],[4.3394,44.5799],[4.3384,44.5822],[4.3382,44.5829],[4.3385,44.5834],[4.3362,44.5834],[4.3357,44.584],[4.3361,44.5857],[4.3371,44.5874],[4.3381,44.5887],[4.3406,44.5899],[4.3433,44.5906],[4.3461,44.5911],[4.3478,44.592],[4.3487,44.5938],[4.3495,44.596],[4.3508,44.5965],[4.3531,44.5959],[4.3547,44.5957],[4.3585,44.596],[4.3602,44.5953],[4.3603,44.594],[4.3596,44.5926],[4.3586,44.5918],[4.3555,44.591],[4.3547,44.5903],[4.3538,44.5885],[4.3528,44.5862],[4.3514,44.5843],[4.3494,44.5824],[4.3471,44.5804],[4.3475,44.5778],[4.3464,44.5765],[4.3457,44.5759],[4.3447,44.5761]]]},"properties":{"id_ffco":"2022-D07-207","nom":"Fons- Bois de Vogué EST","_dept":"07","numero":"2022-D07-207","commune":"Fons","echelle":"1/10000","surface":"2.01 km²","format":"A4","annee":"2022","cartographes":"Corentin Roux","proprietaire":"0705 - RAIDLINK'S 07","niveau":"Interrégional","specialite":"CO à pied","contacts":"CDCO 07, 06-48-09-82-92, cartotheque@cdco07.fr, http://cdco07.fr/","latitude":"44.5869446291","longitude":"4.34701522284","date_saisie":"14/11/2022","date_depot":"17/05/2023","valide":"Oui","ppo":"Non","type_carte":"Nouvelle carte","fond":"Ortho","obsolete":false}},{"type":"Feature","geometry":{"type":"Polygon","coordinates":[[[4.5842,44.9967],[4.583,44.9968],[4.5821,44.9971],[4.5818,44.9971],[4.5808,44.9949],[4.5836,44.994],[4.5841,44.9949],[4.5847,44.9953],[4.5847,44.9961],[4.5846,44.9964],[4.5842,44.9967]]]},"properties":{"id_ffco":"2022-D07-206","nom":"Arboretum Descours","_dept":"07","numero":"2022-D07-206","commune":"Lamastre","echelle":"1/2500","surface":"0.07 km²","format":"A4","annee":"2022","cartographes":"Thomas Pardoen","proprietaire":"07 - Ardèche","niveau":"Initiation, Scolaire","specialite":"CO à pied","contacts":"CDCO 07, 06-48-09-82-92, cartotheque@cdco07.fr, http://cdco07.fr/","latitude":"44.995614095","longitude":"4.58285761462","date_saisie":"27/08/2022","date_depot":"17/05/2023","valide":"Oui","ppo":"Non","type_carte":"Nouvelle carte","fond":"Ortho","obsolete":false}},{"type":"Feature","geometry":{"type":"Polygon","coordinates":[[[4.2671,44.6832],[4.264,44.6829],[4.263,44.6827],[4.2622,44.682],[4.2621,44.6806],[4.2624,44.679],[4.2636,44.6783],[4.2646,44.6776],[4.2662,44.6765],[4.2666,44.6757],[4.2676,44.6749],[4.269,44.674],[4.27,44.674],[4.2729,44.6744],[4.2718,44.6757],[4.2702,44.6767],[4.2696,44.6778],[4.2703,44.6788],[4.2697,44.6802],[4.2687,44.6819],[4.2671,44.6832]]]},"properties":{"id_ffco":"2022-D07-205","nom":"Meyras village","_dept":"07","numero":"2022-D07-205","commune":"Meyras","echelle":"1/4000","surface":"0.47 km²","format":"A4","annee":"2022","cartographes":"Thomas Pardoen","proprietaire":"07 - Ardèche","niveau":"Départemental","specialite":"CO à pied","contacts":"CDCO 07, 06-48-09-82-92, cartotheque@cdco07.fr, http://cdco07.fr/ // com-com ardèche des sources et volcans, 04 75 89 01 48, http://www.asv-cdc.fr/","latitude":"44.6788397277","longitude":"4.2669504864","date_saisie":"27/08/2022","date_depot":"17/05/2023","valide":"Oui","ppo":"Non","type_carte":"Reprise","base":"2016-D07-134 Meyras village","fond":"Cadastre","obsolete":false}},{"type":"Feature","geometry":{"type":"Polygon","coordinates":[[[4.8816,44.9321],[4.8819,44.9381],[4.8677,44.9384],[4.8676,44.9322],[4.8816,44.9321]]]},"properties":{"id_ffco":"2022-D07-204","nom":"Guilherand Granges","_dept":"07","numero":"2022-D07-204","commune":"Guilherand Granges","echelle":"1/4000","surface":"0.75 km²","format":"A4","annee":"2022","cartographes":"Thomas Pardoen","proprietaire":"07 - Ardèche","niveau":"Régional","specialite":"Sprint (ISSOM)","contacts":"CDCO 07, 06-48-09-82-92, cartotheque@cdco07.fr, http://cdco07.fr/","latitude":"44.9352180237","longitude":"4.8746616572","date_saisie":"29/06/2022","date_depot":"17/05/2023","valide":"Oui","ppo":"Non","type_carte":"Reprise","base":"2003-D07-09 CENTRE VILLE","fond":"Cadastre","obsolete":false}},{"type":"Feature","geometry":{"type":"Polygon","coordinates":[[[4.1986,44.3961],[4.1983,44.3959],[4.1983,44.3954],[4.1978,44.395],[4.1975,44.3947],[4.195,44.3948],[4.1943,44.3957],[4.1934,44.3969],[4.1926,44.3983],[4.1923,44.4001],[4.1918,44.4016],[4.1928,44.4018],[4.193,44.4027],[4.1939,44.4032],[4.1957,44.4046],[4.1959,44.4056],[4.1969,44.4054],[4.1967,44.4049],[4.1961,44.4041],[4.196,44.4032],[4.197,44.403],[4.1979,44.4027],[4.1989,44.4012],[4.1995,44.4003],[4.1992,44.3999],[4.1994,44.3993],[4.1993,44.3986],[4.1994,44.398],[4.1994,44.3973],[4.1981,44.3972],[4.1971,44.3969],[4.1965,44.3967],[4.1975,44.3968],[4.1981,44.3965],[4.1986,44.3961]]]},"properties":{"id_ffco":"2022-D07-203","nom":"Résidence \"Lou Castel\"","_dept":"07","numero":"2022-D07-203","commune":"Casteljeau","echelle":"1/4000","surface":"0.44 km²","format":"A4","annee":"2022","cartographes":"Tomas PARDOEN, C. NEEL","proprietaire":"07 - Ardèche","niveau":"Départemental","specialite":"CO à pied","contacts":"CDCO 07, 06-48-09-82-92, cartotheque@cdco07.fr, http://cdco07.fr/","latitude":"44.3995027036","longitude":"4.19580438406","date_saisie":"16/12/2023","date_depot":"04/07/2024","valide":"Oui","ppo":"Non","type_carte":"Nouvelle carte","fond":"Ortho","obsolete":false}},{"type":"Feature","geometry":{"type":"Polygon","coordinates":[[[4.3271,44.6515],[4.3248,44.6492],[4.3257,44.6489],[4.3289,44.6493],[4.3279,44.6508],[4.3271,44.6515]]]},"properties":{"id_ffco":"2022-D07-202","nom":"Base de Loisirs de « La Clape »","_dept":"07","numero":"2022-D07-202","commune":"Lalevade","echelle":"1/2500","surface":"0.05 km²","format":"A4","annee":"2022","cartographes":"Thomas Pardoen","proprietaire":"07 - Ardèche","niveau":"Initiation, Scolaire","specialite":"CO à pied","contacts":"CDCO 07, 06-48-09-82-92, cartotheque@cdco07.fr, http://cdco07.fr/ // com-com ardèche des sources et volcans, 04 75 89 01 48 , http://www.asv-cdc.fr/","latitude":"44.6499201234","longitude":"4.32690178789","date_saisie":"27/08/2022","date_depot":"17/05/2023","valide":"Oui","ppo":"Non","type_carte":"Nouvelle carte","fond":"Ortho","obsolete":false}},{"type":"Feature","geometry":{"type":"Polygon","coordinates":[[[4.2574,44.6397],[4.2562,44.64],[4.2554,44.6393],[4.2548,44.6391],[4.2545,44.6389],[4.2536,44.6385],[4.2531,44.638],[4.254,44.6371],[4.2537,44.6365],[4.2539,44.6356],[4.2542,44.6355],[4.2546,44.635],[4.2544,44.6339],[4.2549,44.6338],[4.2562,44.6341],[4.2595,44.6365],[4.2595,44.6383],[4.2595,44.6386],[4.2574,44.6397]]]},"properties":{"id_ffco":"2022-D07-201","nom":"Jaujac village","_dept":"07","numero":"2022-D07-201","commune":"Jaujac","echelle":"1/3000","surface":"0.23 km²","format":"A4","annee":"2022","cartographes":"Thomas Pardoen","proprietaire":"07 - Ardèche","niveau":"Départemental","specialite":"Sprint (ISSOM)","contacts":"CDCO 07, 06-48-09-82-92, cartotheque@cdco07.fr, http://cdco07.fr/ // com-com ardèche des sources et volcans,  04 75 89 01 48 , https://www.asv-cdc.fr/","latitude":"44.637069805","longitude":"4.2564307895","date_saisie":"27/08/2022","date_depot":"17/05/2023","valide":"Oui","ppo":"Oui (26 postes)","type_carte":"Reprise","base":"2013-D07-99 VILLAGE DE JAUJAC","fond":"Cadastre","obsolete":false}},{"type":"Feature","geometry":{"type":"Polygon","coordinates":[[[4.224,44.6748],[4.2245,44.6759],[4.2236,44.6765],[4.2236,44.677],[4.2248,44.6775],[4.2247,44.6777],[4.2236,44.6779],[4.223,44.6783],[4.223,44.6796],[4.2215,44.6799],[4.2206,44.679],[4.2199,44.6774],[4.2197,44.6763],[4.2184,44.6755],[4.2173,44.6751],[4.2177,44.6743],[4.2229,44.6754],[4.2237,44.6752],[4.224,44.6748]]]},"properties":{"id_ffco":"2022-D07-200","nom":"Thueyts Village","_dept":"07","numero":"2022-D07-200","commune":"Thueyts","echelle":"1/4000","surface":"0.17 km²","format":"A4","annee":"2022","cartographes":"Thomas Pardoen","proprietaire":"07 - Ardèche","niveau":"Régional","specialite":"Sprint (ISSOM)","contacts":"CDCO 07, 06-48-09-82-92, cartotheque@cdco07.fr, http://cdco07.fr/ // com-com ardèche des sources et volcans, 04 75 89 01 48, http://www.asv-cdc.fr/","latitude":"44.6768154893","longitude":"4.22144480193","date_saisie":"27/08/2022","date_depot":"19/05/2023","valide":"Oui","ppo":"Non","type_carte":"Nouvelle carte","fond":"Cadastre","obsolete":false}},{"type":"Feature","geometry":{"type":"Polygon","coordinates":[[[4.4096,44.6641],[4.4074,44.6645],[4.4058,44.664],[4.4045,44.6638],[4.4039,44.6625],[4.4053,44.6614],[4.4056,44.6601],[4.407,44.6596],[4.4075,44.6588],[4.4068,44.6578],[4.4084,44.6564],[4.409,44.6565],[4.4105,44.6557],[4.4096,44.6549],[4.4108,44.6539],[4.411,44.6527],[4.4123,44.6526],[4.4142,44.6533],[4.4133,44.6542],[4.4128,44.6546],[4.4131,44.656],[4.4125,44.6582],[4.4118,44.6599],[4.4119,44.6606],[4.4102,44.6619],[4.4105,44.6627],[4.4096,44.6641]]]},"properties":{"id_ffco":"2022-D07-199","nom":"Saint Julien Du Serre","_dept":"07","numero":"2022-D07-199","commune":"Saint Julien Du Serre","echelle":"1/5000","surface":"0.47 km²","format":"A4","annee":"2022","cartographes":"Thomas Pardoen","proprietaire":"07 - Ardèche","niveau":"Régional","specialite":"CO à pied","contacts":"CDCO 07, 06-48-09-82-92, cartotheque@cdco07.fr, http://cdco07.fr/ // mairie de Saint Julien du Serre","latitude":"44.6592302212","longitude":"4.4092980562","date_saisie":"27/08/2022","date_depot":"17/05/2023","valide":"Oui","ppo":"Non","type_carte":"Nouvelle carte","fond":"Ortho","obsolete":false}},{"type":"Feature","geometry":{"type":"Polygon","coordinates":[[[4.3811,44.5674],[4.3785,44.566],[4.3767,44.5628],[4.3738,44.5592],[4.3669,44.5576],[4.3629,44.5542],[4.3619,44.5522],[4.3622,44.5495],[4.3596,44.5447],[4.3574,44.5418],[4.3556,44.5421],[4.3531,44.5401],[4.3502,44.5368],[4.3496,44.5346],[4.352,44.5313],[4.3553,44.5299],[4.3722,44.5301],[4.3744,44.5302],[4.377,44.5368],[4.3823,44.5434],[4.3859,44.5472],[4.3853,44.5486],[4.3815,44.5511],[4.3825,44.5548],[4.3832,44.5576],[4.3859,44.5592],[4.3847,44.5641],[4.3835,44.5664],[4.3811,44.5674]]]},"properties":{"id_ffco":"2022-D07-198","nom":"Les Gras de Lanas MTB","_dept":"07","numero":"2022-D07-198","commune":"Lanas","echelle":"1/15000","surface":"6.4 km²","format":"A4","annee":"2022","cartographes":"Thomas Pardoen","proprietaire":"07 - Ardèche","niveau":"Régional","specialite":"CO à VTT","contacts":"CDCO 07, 06-48-09-82-92, cartotheque@cdco07.fr, http://cdco07.fr/","latitude":"44.5452176783","longitude":"4.36991886513","date_saisie":"26/08/2022","date_depot":"19/05/2023","valide":"Oui","ppo":"Non","type_carte":"Nouvelle carte","fond":"Ortho","obsolete":false}},{"type":"Feature","geometry":{"type":"Polygon","coordinates":[[[4.8767,44.9458],[4.8775,44.9451],[4.8778,44.9446],[4.8782,44.944],[4.8802,44.9426],[4.8816,44.9417],[4.8821,44.9383],[4.8851,44.9379],[4.8849,44.9395],[4.8844,44.9409],[4.8835,44.9418],[4.8823,44.943],[4.8802,44.9445],[4.8782,44.9466],[4.8767,44.9458]]]},"properties":{"id_ffco":"2022-D07-197","nom":"Parc Mistral","_dept":"07","numero":"2022-D07-197","commune":"Guilherand Granges","echelle":"1/4000","surface":"0.18 km²","format":"A4","annee":"2022","cartographes":"Bruno Mercier","proprietaire":"07 - Ardèche","niveau":"Départemental","specialite":"CO à pied","contacts":"CDCO 07, 06-48-09-82-92, cartotheque@cdco07.fr, http://cdco07.fr/ // Mairie de Guilherand-Granges (Service des sports), 1 Place des Cinq-Continents,, 07500, Guilherand-Granges,  0475440082, http://www.guilherand-granges.fr/","latitude":"44.9419247953","longitude":"4.88154725797","date_saisie":"14/11/2022","date_depot":"19/05/2023","valide":"Oui","ppo":"Oui (32 postes)","type_carte":"Reprise","base":"2003-D07-11 BORDS DU RHONE","fond":"Ortho","obsolete":false}},{"type":"Feature","geometry":{"type":"Polygon","coordinates":[[[4.2711,44.4684],[4.2699,44.4679],[4.2703,44.467],[4.27,44.4646],[4.2706,44.4636],[4.273,44.4609],[4.2753,44.4618],[4.2735,44.464],[4.2727,44.4655],[4.2719,44.4668],[4.2717,44.4675],[4.2711,44.4684]]]},"properties":{"id_ffco":"2022-D07-196","nom":"Camping Arleblanc","_dept":"07","numero":"2022-D07-196","commune":"Rosières","echelle":"1/2000","surface":"0.16 km²","format":"A4","annee":"2022","cartographes":"Thomas Pardoen","proprietaire":"07 - Ardèche","niveau":"Initiation, Scolaire","specialite":"CO à pied","contacts":"ARLEBLANC CAMPING, 2720, route de la Charve , 07260, Rosières, 0475395311","latitude":"44.4642994705","longitude":"4.27209769165","date_saisie":"29/12/2021","date_depot":"19/05/2023","valide":"Oui","ppo":"Oui (30 postes)","type_carte":"Nouvelle carte","fond":"Cadastre","obsolete":false}},{"type":"Feature","geometry":{"type":"Polygon","coordinates":[[[4.0243,44.6815],[4.0256,44.6792],[4.0259,44.6783],[4.0275,44.677],[4.0274,44.6727],[4.0246,44.6716],[4.0241,44.6705],[4.0254,44.6678],[4.0258,44.6657],[4.0257,44.6644],[4.0267,44.6631],[4.0267,44.6619],[4.026,44.6602],[4.0255,44.6596],[4.0224,44.6614],[4.0218,44.6622],[4.0212,44.6613],[4.0203,44.6602],[4.0181,44.6604],[4.0151,44.6627],[4.0112,44.6632],[4.0063,44.6649],[3.9999,44.6664],[3.9981,44.6674],[3.9992,44.6695],[4.0,44.6705],[4.0006,44.6723],[4.0001,44.6756],[4.0008,44.677],[4.0008,44.6792],[4.0024,44.6801],[4.0039,44.6805],[4.0055,44.6803],[4.0064,44.6799],[4.0078,44.6804],[4.0079,44.6819],[4.008,44.6829],[4.0093,44.6834],[4.0111,44.6834],[4.0126,44.6828],[4.0134,44.6817],[4.0146,44.6805],[4.0157,44.6798],[4.0165,44.6793],[4.0179,44.6787],[4.0197,44.6784],[4.0212,44.6784],[4.0223,44.6797],[4.0217,44.6808],[4.0211,44.6828],[4.0219,44.6827],[4.0229,44.6821],[4.0243,44.6815]]]},"properties":{"id_ffco":"2021-D07-195","nom":"Serre de Montgros","_dept":"07","numero":"2021-D07-195","commune":"Astet","echelle":"1/10000","surface":"4.08 km²","format":"A4","annee":"2021","cartographes":"Corentin Roux","proprietaire":"07 - Ardèche","niveau":"National, International","specialite":"CO à pied","contacts":"CDCO 07, 06-48-09-82-92, cartotheque@cdco07.fr, http://cdco07.fr/","latitude":"44.6717365123","longitude":"4.01386539898","date_saisie":"29/12/2021","date_depot":"04/07/2024","valide":"Oui","ppo":"Non","type_carte":"Nouvelle carte","fond":"Ortho","obsolete":false}},{"type":"Feature","geometry":{"type":"Polygon","coordinates":[[[4.6312,44.3815],[4.6327,44.3807],[4.6335,44.3809],[4.6335,44.3818],[4.6338,44.3828],[4.6322,44.3832],[4.632,44.3831],[4.6308,44.3831],[4.6308,44.3828],[4.6311,44.3826],[4.6312,44.3822],[4.6312,44.3815]]]},"properties":{"id_ffco":"2021-D07-194","nom":"Stade L. Thuram Bourg Saint Andéol","_dept":"07","numero":"2021-D07-194","commune":"Bourg Saint Andéol","echelle":"1/1500","surface":"0.04 km²","format":"A4","annee":"2021","cartographes":"Gérard Coupat","niveau":"Initiation, Scolaire","specialite":"CO à pied","contacts":"CLUB 2606 LOISIRS ORIENTATION UNION PIERRELATTINE, 04 75 52 58 23, 06 86 40 42 35, loupcoraid@gmail.com, http://loupcoraid.com/","latitude":"44.3820783641","longitude":"4.6323684747","date_saisie":"14/12/2021","date_depot":"08/03/2022","valide":"Oui","ppo":"Non","type_carte":"Reprise","base":"2005-D07-20 STADE LILIAN THURAM","fond":"Cadastre","obsolete":false}},{"type":"Feature","geometry":{"type":"Polygon","coordinates":[[[4.6411,44.3695],[4.6412,44.3693],[4.6413,44.3691],[4.6419,44.3692],[4.6422,44.3694],[4.6421,44.3698],[4.6424,44.3703],[4.6431,44.3707],[4.6427,44.3709],[4.6412,44.3716],[4.6409,44.3709],[4.6408,44.3704],[4.6407,44.3696],[4.6408,44.3695],[4.6411,44.3695]]]},"properties":{"id_ffco":"2021-D07-193","nom":"Parc Pradelle site de Tourne","_dept":"07","numero":"2021-D07-193","commune":"Bourg Saint Andéol","echelle":"1/1500","surface":"0.03 km²","format":"A4","annee":"2021","cartographes":"Gérard Coupat","niveau":"Initiation, Scolaire","specialite":"CO à pied","contacts":"CLUB 2606 LOISIRS ORIENTATION UNION PIERRELATTINE, 04 75 52 58 23, 06 86 40 42 35, loupcoraid@gmail.com, http://loupcoraid.com/","latitude":"44.3703546486","longitude":"4.64166398261","date_saisie":"14/12/2021","date_depot":"08/03/2022","valide":"Oui","ppo":"Non","type_carte":"Reprise","base":"2005-D07-16 PARC PRADELLE BOURG SAINT ANDEOL","fond":"Cadastre","obsolete":false}},{"type":"Feature","geometry":{"type":"Polygon","coordinates":[[[4.6429,44.3776],[4.6423,44.3775],[4.6414,44.3774],[4.6409,44.3775],[4.6409,44.3784],[4.6407,44.3784],[4.6407,44.3789],[4.6406,44.3792],[4.64,44.3792],[4.6402,44.381],[4.6408,44.3815],[4.6414,44.3816],[4.6429,44.3776]]]},"properties":{"id_ffco":"2021-D07-192","nom":"Collège Le Laoul Bourg Saint Andéol","_dept":"07","numero":"2021-D07-192","commune":"Bourg Saint Andéol","echelle":"1/1500","surface":"0.06 km²","format":"A4","annee":"2021","cartographes":"Gérard Coupat","niveau":"Initiation, Scolaire","specialite":"CO à pied","contacts":"CLUB 2606 LOISIRS ORIENTATION UNION PIERRELATTINE, 04 75 52 58 23, 06 86 40 42 35, loupcoraid@gmail.com, http://loupcoraid.com/","latitude":"44.379363304","longitude":"4.64135154187","date_saisie":"14/12/2021","date_depot":"08/03/2022","valide":"Oui","ppo":"Non","type_carte":"Reprise","base":"2005-D07-15 PLATEAU SPORTIF LA ROCHETTE COLLEGE LE LAOUL","fond":"Cadastre","obsolete":false}},{"type":"Feature","geometry":{"type":"Polygon","coordinates":[[[4.6396,44.3628],[4.6404,44.3622],[4.6416,44.3619],[4.6419,44.3632],[4.6419,44.3634],[4.6416,44.3634],[4.6413,44.3634],[4.6407,44.3634],[4.6404,44.3632],[4.6401,44.3632],[4.6399,44.3633],[4.6396,44.3628]]]},"properties":{"id_ffco":"2021-D07-191","nom":"Stade Cambérabéro Bourg Saint Andéol","_dept":"07","numero":"2021-D07-191","commune":"Bourg Saint Andéol","echelle":"1/1000","surface":"0.02 km²","format":"A4","annee":"2021","cartographes":"Gérard Coupat","niveau":"Initiation, Scolaire","specialite":"CO à pied","contacts":"CLUB 2606 LOISIRS ORIENTATION UNION PIERRELATTINE, 04 75 52 58 23, 06 86 40 42 35, loupcoraid@gmail.com, http://loupcoraid.com/","latitude":"44.3627581416","longitude":"4.64086837481","date_saisie":"14/12/2021","date_depot":"08/03/2022","valide":"Oui","ppo":"Non","type_carte":"Reprise","base":"2005-D07-14 STADE CAMBERABERO BOURG SAINT ANDEOL","fond":"Cadastre","obsolete":false}},{"type":"Feature","geometry":{"type":"Polygon","coordinates":[[[4.4298,44.9122],[4.4299,44.9136],[4.4331,44.9152],[4.4346,44.9156],[4.4377,44.9158],[4.4401,44.9161],[4.443,44.9165],[4.4435,44.9164],[4.4437,44.9161],[4.4432,44.9148],[4.442,44.9133],[4.4424,44.9122],[4.4426,44.9119],[4.4426,44.9109],[4.4405,44.9113],[4.4396,44.9118],[4.4379,44.9125],[4.4368,44.9127],[4.4352,44.9128],[4.4333,44.913],[4.432,44.9127],[4.43,44.912],[4.4298,44.9122]]]},"properties":{"id_ffco":"2021-D07-190","nom":"La Palisse","_dept":"07","numero":"2021-D07-190","commune":"Le Cheylard","echelle":"1/4000","surface":"0.37 km²","format":"A4","annee":"2021","cartographes":"Thomas Pardoen","proprietaire":"07 - Ardèche","niveau":"Départemental","specialite":"Sprint (ISSOM)","contacts":"CDCO 07, 06-48-09-82-92, cartotheque@cdco07.fr, http://cdco07.fr/","latitude":"44.9139724109","longitude":"4.43767365875","date_saisie":"29/06/2021","date_depot":"08/03/2022","valide":"Oui","ppo":"Non","type_carte":"Nouvelle carte","fond":"Cadastre","obsolete":false}},{"type":"Feature","geometry":{"type":"Polygon","coordinates":[[[4.3942,44.3958],[4.3949,44.3947],[4.3949,44.3935],[4.3945,44.3914],[4.3929,44.39],[4.3915,44.3899],[4.3884,44.3904],[4.3828,44.3914],[4.3793,44.3911],[4.3776,44.3895],[4.3772,44.3887],[4.378,44.388],[4.3781,44.3864],[4.3775,44.3842],[4.3738,44.3799],[4.372,44.3774],[4.3727,44.3764],[4.3722,44.3761],[4.3716,44.3729],[4.3712,44.3718],[4.3698,44.3694],[4.3692,44.3679],[4.3675,44.3681],[4.3674,44.3667],[4.3648,44.3667],[4.3611,44.367],[4.3572,44.3672],[4.3565,44.3671],[4.3556,44.3662],[4.3547,44.3645],[4.3524,44.3634],[4.3489,44.3629],[4.3445,44.3643],[4.3398,44.3651],[4.3368,44.3682],[4.3354,44.368],[4.3324,44.3674],[4.3281,44.3673],[4.3238,44.3667],[4.321,44.3671],[4.3189,44.3683],[4.3185,44.37],[4.3185,44.3708],[4.3192,44.3732],[4.3212,44.3751],[4.3219,44.3767],[4.3234,44.3781],[4.3239,44.3791],[4.3255,44.3802],[4.326,44.3809],[4.3274,44.3813],[4.3306,44.3814],[4.3349,44.3816],[4.3377,44.3835],[4.3409,44.3853],[4.3461,44.3897],[4.3507,44.3933],[4.3517,44.3958],[4.3555,44.398],[4.3569,44.3995],[4.3621,44.4004],[4.3666,44.4005],[4.3738,44.4002],[4.3752,44.4005],[4.3743,44.4015],[4.3745,44.4052],[4.3798,44.4045],[4.3825,44.4042],[4.3942,44.3958],[4.3942,44.3958]]]},"properties":{"id_ffco":"2005-D07-19","nom":"BOIS DES BRUYERES","_dept":"07","numero":"2005-D07-19","commune":"SALAVAS","echelle":"1/20000","surface":"13.64 km²","annee":"2005","cartographes":"DURAND Bernard","proprietaire":"0705 - RAIDLINK'S 07","specialite":"Rand'O","contacts":"CLUB RAIDLINK'S 07, 04 75 39 56 43, famille.goulabert@orange.fr, http://teamraidlinks07.over-blog.com/","latitude":"44.38368","longitude":"4.35767","date_saisie":"19/07/2013","valide":"Non","ppo":"Non","obsolete":false}},{"type":"Feature","geometry":{"type":"Polygon","coordinates":[[[4.3637,44.8789],[4.3628,44.8796],[4.3608,44.8797],[4.3605,44.8805],[4.3611,44.8812],[4.3606,44.8821],[4.3612,44.883],[4.3627,44.8832],[4.3638,44.8843],[4.3651,44.8839],[4.3686,44.8857],[4.3705,44.8862],[4.3717,44.8861],[4.3713,44.8844],[4.3693,44.882],[4.3672,44.8804],[4.3669,44.879],[4.3653,44.8788],[4.3637,44.8789]]]},"properties":{"id_ffco":"2021-D07-189","nom":"Mariac","_dept":"07","numero":"2021-D07-189","commune":"Mariac","echelle":"1/4000","surface":"0.4 km²","format":"A4","annee":"2021","cartographes":"Christophe Néel","proprietaire":"07 - Ardèche","niveau":"Départemental","specialite":"Sprint (ISSOM)","contacts":"CDCO 07, 06-48-09-82-92, cartotheque@cdco07.fr, http://cdco07.fr/","latitude":"44.8823032914","longitude":"4.36592759846","date_saisie":"29/06/2021","date_depot":"08/03/2022","valide":"Oui","ppo":"Non","type_carte":"Nouvelle carte","fond":"Cadastre","obsolete":false}},{"type":"Feature","geometry":{"type":"Polygon","coordinates":[[[4.3416,44.5984],[4.3441,44.5982],[4.3452,44.5978],[4.3448,44.597],[4.3447,44.5963],[4.3452,44.5956],[4.346,44.5949],[4.3457,44.5942],[4.3449,44.5938],[4.3454,44.5933],[4.3457,44.5926],[4.3452,44.5917],[4.3437,44.5913],[4.3427,44.5915],[4.3424,44.5909],[4.342,44.5903],[4.3407,44.5897],[4.3357,44.5872],[4.3361,44.5865],[4.3398,44.5866],[4.3397,44.5853],[4.3374,44.5829],[4.3368,44.5822],[4.3347,44.5805],[4.3321,44.5763],[4.331,44.5766],[4.3317,44.579],[4.3311,44.5822],[4.3305,44.5842],[4.3292,44.5849],[4.3287,44.5859],[4.3299,44.588],[4.3313,44.5898],[4.3332,44.591],[4.3331,44.5927],[4.333,44.5938],[4.336,44.5954],[4.3375,44.5969],[4.3391,44.5975],[4.3399,44.5971],[4.3416,44.5984]]]},"properties":{"id_ffco":"2021-D07-188","nom":"Ailhon \"Le bois de vogüé\" (extrait)","_dept":"07","numero":"2021-D07-188","commune":"Ailhon","echelle":"1/7500","surface":"1.41 km²","format":"A4","annee":"2021","cartographes":"Thomas Pardoen","proprietaire":"07 - Ardèche","niveau":"Départemental","specialite":"CO à pied","contacts":"CDCO 07, 06-48-09-82-92, cartotheque@cdco07.fr, http://cdco07.fr/","latitude":"44.589288805","longitude":"4.33679595978","date_saisie":"03/01/2022","date_depot":"08/03/2022","valide":"Oui","ppo":"Non","type_carte":"Reprise","base":"2010-D07-59 AIHLON","fond":"Ortho","obsolete":false}},{"type":"Feature","geometry":{"type":"Polygon","coordinates":[[[4.3419,44.6075],[4.3393,44.6074],[4.3369,44.6082],[4.335,44.6073],[4.3352,44.6069],[4.3362,44.6061],[4.3354,44.605],[4.335,44.6034],[4.3344,44.6015],[4.3349,44.6007],[4.3337,44.5999],[4.3326,44.5988],[4.3316,44.5979],[4.3311,44.5971],[4.3295,44.5962],[4.3289,44.5951],[4.327,44.5951],[4.3263,44.5936],[4.3255,44.5871],[4.3256,44.5846],[4.3261,44.5815],[4.3258,44.5784],[4.3246,44.5749],[4.3251,44.5714],[4.3266,44.5679],[4.3282,44.5667],[4.3308,44.5658],[4.3345,44.5647],[4.3386,44.5621],[4.3414,44.5616],[4.3409,44.5627],[4.3423,44.5633],[4.3439,44.565],[4.3448,44.5647],[4.3461,44.5639],[4.3484,44.5636],[4.3499,44.5638],[4.3509,44.5643],[4.3524,44.564],[4.3556,44.5675],[4.3549,44.5682],[4.3542,44.5687],[4.3526,44.57],[4.3517,44.5716],[4.3526,44.5722],[4.3522,44.5743],[4.3509,44.5756],[4.3494,44.5759],[4.3485,44.5773],[4.3472,44.5779],[4.3468,44.5789],[4.3465,44.5802],[4.3476,44.5814],[4.3477,44.5824],[4.3483,44.5827],[4.3499,44.5828],[4.3506,44.584],[4.3506,44.5848],[4.3518,44.5879],[4.3533,44.5916],[4.3574,44.5921],[4.3596,44.5928],[4.3599,44.5959],[4.359,44.5971],[4.359,44.598],[4.3572,44.5996],[4.3555,44.6004],[4.3529,44.6021],[4.3507,44.6031],[4.3494,44.6048],[4.3487,44.6067],[4.348,44.6074],[4.3468,44.6082],[4.346,44.6086],[4.3451,44.6094],[4.3419,44.6075]]]},"properties":{"id_ffco":"2021-D07-187","nom":"Ailhon MTB O","_dept":"07","numero":"2021-D07-187","commune":"Ailhon","echelle":"1/15000","surface":"9.46 km²","format":"A3","annee":"2021","cartographes":"Thomas Pardoen","proprietaire":"07 - Ardèche","niveau":"National, International","specialite":"CO à VTT","contacts":"CDCO 07, 06-48-09-82-92, cartotheque@cdco07.fr, http://cdco07.fr/","latitude":"44.5848646147","longitude":"4.34050918231","date_saisie":"13/02/2021","date_depot":"01/04/2021","valide":"Oui","ppo":"Non","type_carte":"Reprise","base":"2009-D07-56 LE BOIS DE VOGUE","fond":"Ortho","obsolete":false}},{"type":"Feature","geometry":{"type":"Polygon","coordinates":[[[4.2471,44.5339],[4.2459,44.5347],[4.2448,44.5359],[4.2451,44.5373],[4.2472,44.5385],[4.2474,44.5403],[4.249,44.5433],[4.2511,44.545],[4.2522,44.5455],[4.2555,44.5452],[4.2578,44.5442],[4.2601,44.5442],[4.2612,44.5434],[4.2637,44.5418],[4.2644,44.5409],[4.2689,44.5394],[4.2693,44.5338],[4.2655,44.534],[4.263,44.5332],[4.2642,44.5327],[4.2648,44.5311],[4.2651,44.53],[4.2627,44.5293],[4.2599,44.53],[4.2565,44.5306],[4.2545,44.5307],[4.2471,44.5339]]]},"properties":{"id_ffco":"2021-D07-186","nom":"Sanilhac MTB O","_dept":"07","numero":"2021-D07-186","commune":"Sanilhac","echelle":"1/10000","surface":"2.28 km²","format":"A4","annee":"2021","cartographes":"Thomas Pardoen","proprietaire":"07 - Ardèche","niveau":"National, International","specialite":"CO à VTT","contacts":"CDCO 07, 06-48-09-82-92, cartotheque@cdco07.fr, http://cdco07.fr/","latitude":"44.5373564085","longitude":"4.25710324484","date_saisie":"13/02/2021","date_depot":"01/04/2021","valide":"Oui","ppo":"Non","type_carte":"Nouvelle carte","fond":"Ortho","obsolete":false}},{"type":"Feature","geometry":{"type":"Polygon","coordinates":[[[4.2628,44.5293],[4.2639,44.5289],[4.2643,44.5292],[4.2651,44.5293],[4.2657,44.5286],[4.2669,44.5281],[4.2679,44.5278],[4.2686,44.5281],[4.2699,44.5286],[4.2722,44.5291],[4.2757,44.5296],[4.2777,44.5299],[4.2791,44.5301],[4.2809,44.5297],[4.2836,44.5292],[4.2856,44.5286],[4.2879,44.529],[4.2894,44.5287],[4.2924,44.5282],[4.2938,44.5285],[4.2949,44.5277],[4.2956,44.5261],[4.2963,44.5248],[4.2975,44.5235],[4.2968,44.5233],[4.2954,44.5233],[4.2938,44.5215],[4.2921,44.5161],[4.2902,44.5144],[4.2898,44.5122],[4.2902,44.5106],[4.2911,44.5092],[4.2903,44.5076],[4.2866,44.508],[4.2783,44.5085],[4.2675,44.5111],[4.2661,44.5195],[4.2666,44.521],[4.2669,44.5231],[4.2675,44.5249],[4.2665,44.5259],[4.2643,44.5272],[4.263,44.5281],[4.2628,44.5293]]]},"properties":{"id_ffco":"2021-D07-185","nom":"Montréal MTB O","_dept":"07","numero":"2021-D07-185","commune":"Montréal","echelle":"1/15000","surface":"4.69 km²","format":"A4","annee":"2021","cartographes":"Thomas Pardoen","proprietaire":"07 - Ardèche","niveau":"National, International","specialite":"CO à VTT","contacts":"CDCO 07, 06-48-09-82-92, cartotheque@cdco07.fr, http://cdco07.fr/","latitude":"44.5195417113","longitude":"4.28004461644","date_saisie":"13/02/2021","date_depot":"01/04/2021","valide":"Oui","ppo":"Non","type_carte":"Nouvelle carte","fond":"Ortho","obsolete":false}},{"type":"Feature","geometry":{"type":"Polygon","coordinates":[[[4.3926,44.5763],[4.39,44.5762],[4.3882,44.5763],[4.3854,44.5748],[4.3876,44.5696],[4.3897,44.5682],[4.392,44.5684],[4.3956,44.5702],[4.3948,44.5743],[4.3926,44.5763]]]},"properties":{"id_ffco":"2021-D07-184","nom":"St Sernin Village","_dept":"07","numero":"2021-D07-184","commune":"St Sernin","echelle":"1/4000","surface":"0.53 km²","format":"A4","annee":"2021","cartographes":"Christophe Néel","proprietaire":"07 - Ardèche","niveau":"Départemental","specialite":"Sprint (ISSOM)","contacts":"CDCO 07, 06-48-09-82-92, cartotheque@cdco07.fr, http://cdco07.fr/","latitude":"44.5724737574","longitude":"4.39067807339","date_saisie":"03/01/2022","date_depot":"08/03/2022","valide":"Oui","ppo":"Non","type_carte":"Nouvelle carte","fond":"Cadastre","obsolete":false}},{"type":"Feature","geometry":{"type":"Polygon","coordinates":[[[4.1566,44.4141],[4.1574,44.4143],[4.1589,44.4145],[4.1595,44.4144],[4.1605,44.4138],[4.1611,44.4135],[4.1613,44.4134],[4.1613,44.4132],[4.1612,44.413],[4.1604,44.413],[4.1586,44.4131],[4.1576,44.4132],[4.1567,44.4139],[4.1566,44.4141]]]},"properties":{"id_ffco":"2021-D07-183","nom":"Bambou Canoë","_dept":"07","numero":"2021-D07-183","commune":"Les Vans","echelle":"1/2000","surface":"0.04 km²","format":"A4","annee":"2021","cartographes":"Christophe Néel","proprietaire":"07 - Ardèche","niveau":"Initiation, Scolaire","specialite":"CO à pied","contacts":"CDCO 07, 06-48-09-82-92, cartotheque@cdco07.fr, http://cdco07.fr/","latitude":"44.4137135616","longitude":"4.15891945034","date_saisie":"29/12/2021","date_depot":"08/03/2022","valide":"Oui","ppo":"Non","type_carte":"Nouvelle carte","fond":"Cadastre","obsolete":false}},{"type":"Feature","geometry":{"type":"Polygon","coordinates":[[[4.4057,44.4087],[4.4051,44.4082],[4.4043,44.4078],[4.403,44.4076],[4.4022,44.4073],[4.4017,44.4069],[4.4015,44.4062],[4.4013,44.4058],[4.4008,44.4053],[4.4009,44.4041],[4.4011,44.4014],[4.4039,44.4025],[4.4044,44.4019],[4.4049,44.4012],[4.4065,44.3992],[4.4082,44.4],[4.4095,44.4009],[4.4094,44.4017],[4.4119,44.4047],[4.4119,44.4048],[4.4115,44.4052],[4.4112,44.4058],[4.4103,44.4066],[4.4096,44.4073],[4.4085,44.408],[4.4077,44.4085],[4.4069,44.4087],[4.4059,44.4089],[4.4057,44.4087]]]},"properties":{"id_ffco":"2021-D07-181","nom":"« LArenié» (Vieux Vallon)","_dept":"07","numero":"2021-D07-181","commune":"Vallon pont d'Arc","echelle":"1/4000","surface":"0.59 km²","format":"A4","annee":"2021","cartographes":"Christophe Néel, Cédric Channac","proprietaire":"Collège Henri Ageron de Vallon Pont d'Arc","niveau":"Initiation, Scolaire","specialite":"CO à pied","contacts":"CDCO 07, 06-48-09-82-92, cartotheque@cdco07.fr, http://cdco07.fr/","latitude":"44.4043917226","longitude":"4.40616462089","date_saisie":"14/12/2021","date_depot":"03/03/2022","valide":"Oui","ppo":"Non","type_carte":"Nouvelle carte","fond":"Ortho","obsolete":false}},{"type":"Feature","geometry":{"type":"Polygon","coordinates":[[[4.3927,45.063],[4.3913,45.0629],[4.3896,45.0632],[4.3892,45.063],[4.3884,45.062],[4.3859,45.06],[4.3846,45.0592],[4.3827,45.0592],[4.3815,45.0595],[4.3772,45.0551],[4.3778,45.0541],[4.38,45.0501],[4.381,45.0472],[4.3814,45.045],[4.3814,45.0422],[4.3805,45.039],[4.3797,45.037],[4.3823,45.0374],[4.3872,45.0392],[4.3875,45.04],[4.3903,45.0418],[4.3938,45.0427],[4.3955,45.0425],[4.3978,45.0426],[4.4015,45.0431],[4.4039,45.0429],[4.4056,45.0431],[4.4082,45.0432],[4.4064,45.0448],[4.4054,45.0481],[4.4046,45.0508],[4.4035,45.0533],[4.4009,45.0549],[4.398,45.0562],[4.3968,45.0573],[4.3939,45.0591],[4.3926,45.0603],[4.393,45.0611],[4.3932,45.0619],[4.3927,45.063]]]},"properties":{"id_ffco":"2021-D07-180","nom":"Base de Loisirs du Lac de Devesset","_dept":"07","numero":"2021-D07-180","commune":"Devesset","echelle":"1/12500","surface":"3.86 km²","format":"A4","annee":"2021","cartographes":"Thomas Pardoen","proprietaire":"Sports Nature Devesset","niveau":"Départemental","specialite":"CO à pied","contacts":"Sports Nature Devesset, 670 chemin du Lac, 07320, Devesset, 0475300186, info@sports-nature-devesset.fr, http://www.sports-nature-devesset.fr/","latitude":"45.0501124432","longitude":"4.39095693842","date_saisie":"03/01/2022","date_depot":"03/03/2022","valide":"Oui","ppo":"Non","type_carte":"Reprise","base":"2006-D07-26 BASE DE LOISIRS DU LAC DEVESSET Compétition","fond":"Ortho","obsolete":false}},{"type":"Feature","geometry":{"type":"Polygon","coordinates":[[[4.6571,44.7097],[4.6562,44.7095],[4.6543,44.7095],[4.6539,44.7087],[4.654,44.7065],[4.6551,44.7064],[4.6574,44.7062],[4.6584,44.706],[4.6619,44.7057],[4.6641,44.7066],[4.6645,44.7077],[4.6656,44.7079],[4.6664,44.7086],[4.6666,44.7101],[4.6677,44.7111],[4.6664,44.7119],[4.6651,44.7115],[4.6649,44.7118],[4.6644,44.7127],[4.6641,44.7128],[4.6633,44.7126],[4.6618,44.7119],[4.661,44.7119],[4.6609,44.7114],[4.6586,44.7102],[4.6581,44.7097],[4.6571,44.7097]]]},"properties":{"id_ffco":"2021-D07-178","nom":"Chomérac village","_dept":"07","numero":"2021-D07-178","commune":"Chomérac","echelle":"1/4000","surface":"0.5 km²","format":"A4","annee":"2021","cartographes":"Tomas PARDOEN","proprietaire":"07 - Ardèche","niveau":"Départemental","specialite":"Sprint (ISSOM)","contacts":"CDCO 07, 06-48-09-82-92, cartotheque@cdco07.fr, http://cdco07.fr/","latitude":"44.7088430443","longitude":"4.66089296176","date_saisie":"17/12/2023","valide":"Non","ppo":"Non","type_carte":"Nouvelle carte","fond":"Ortho","obsolete":false}},{"type":"Feature","geometry":{"type":"Polygon","coordinates":[[[4.4153,44.4439],[4.4144,44.4441],[4.4149,44.4457],[4.4155,44.4476],[4.416,44.4491],[4.4158,44.4506],[4.4158,44.4511],[4.4168,44.4515],[4.4176,44.4514],[4.4179,44.4499],[4.4187,44.45],[4.419,44.4489],[4.42,44.4488],[4.4207,44.4467],[4.4205,44.4463],[4.4193,44.4462],[4.4179,44.4458],[4.4172,44.4458],[4.4163,44.4443],[4.4158,44.4443],[4.4153,44.4439]]]},"properties":{"id_ffco":"2021-D07-177","nom":"Lagorce","_dept":"07","numero":"2021-D07-177","commune":"Lagorce","echelle":"1/4000","surface":"0.21 km²","format":"A4","annee":"2021","cartographes":"Thomas Pardoen","proprietaire":"07 - Ardèche","niveau":"Départemental","specialite":"Sprint (ISSOM)","contacts":"CDCO 07, 06-48-09-82-92, cartotheque@cdco07.fr, http://cdco07.fr/","latitude":"44.4476646048","longitude":"4.41732861667","date_saisie":"17/12/2021","date_depot":"03/03/2022","valide":"Oui","ppo":"Non","type_carte":"Reprise","base":"2011-D07-72 LAGORCE VILLAGE","fond":"Cadastre","obsolete":false}},{"type":"Feature","geometry":{"type":"Polygon","coordinates":[[[4.4697,44.6122],[4.4698,44.6127],[4.472,44.6145],[4.474,44.6138],[4.4747,44.6138],[4.4759,44.6139],[4.4771,44.6135],[4.4781,44.6145],[4.4801,44.6118],[4.4796,44.6117],[4.4791,44.6113],[4.4794,44.611],[4.479,44.6107],[4.4786,44.6109],[4.4782,44.6107],[4.4795,44.61],[4.4785,44.6093],[4.4779,44.6095],[4.4776,44.609],[4.4767,44.6094],[4.4763,44.6091],[4.4753,44.6095],[4.4749,44.6093],[4.4733,44.6093],[4.4701,44.6099],[4.4697,44.6122]]]},"properties":{"id_ffco":"2021-D07-176","nom":"Lussas","_dept":"07","numero":"2021-D07-176","commune":"Lussas","echelle":"1/4000","surface":"0.37 km²","format":"A4","annee":"2021","cartographes":"Thomas Pardoen","proprietaire":"07 - Ardèche","niveau":"Départemental","specialite":"Sprint (ISSOM)","contacts":"CDCO 07, 06-48-09-82-92, cartotheque@cdco07.fr, http://cdco07.fr/","latitude":"44.6116760932","longitude":"4.47467111782","date_saisie":"28/06/2021","date_depot":"03/03/2022","valide":"Oui","ppo":"Oui (15 postes)","type_carte":"Nouvelle carte","fond":"Cadastre","obsolete":false}},{"type":"Feature","geometry":{"type":"Polygon","coordinates":[[[4.3988,45.0141],[4.3967,45.0144],[4.3958,45.0149],[4.3947,45.0151],[4.3943,45.0149],[4.3937,45.0143],[4.3934,45.014],[4.3932,45.0135],[4.3887,45.0121],[4.3885,45.0119],[4.3885,45.011],[4.3893,45.0093],[4.3931,45.0083],[4.3949,45.0072],[4.399,45.0079],[4.3998,45.009],[4.4003,45.0091],[4.4023,45.009],[4.403,45.0096],[4.403,45.0106],[4.4029,45.0113],[4.4027,45.0118],[4.4019,45.0123],[4.4007,45.0125],[4.3993,45.0131],[4.3988,45.0141]]]},"properties":{"id_ffco":"2021-D07-175","nom":"St Agrève","_dept":"07","numero":"2021-D07-175","commune":"St Agrève","echelle":"1/4000","surface":"0.63 km²","format":"A4","annee":"2021","cartographes":"Thomas Pardoen","niveau":"Régional","specialite":"Sprint (ISSOM)","contacts":"CDCO 07, 06-48-09-82-92, cartotheque@cdco07.fr, http://cdco07.fr/","latitude":"45.0109501656","longitude":"4.39578619223","date_saisie":"06/07/2021","date_depot":"03/03/2022","valide":"Oui","ppo":"Non","type_carte":"Nouvelle carte","fond":"Cadastre","obsolete":false}},{"type":"Feature","geometry":{"type":"Polygon","coordinates":[[[4.5716,44.4973],[4.5712,44.5019],[4.5729,44.5018],[4.5733,44.5022],[4.5786,44.5023],[4.5798,44.5023],[4.58,44.5003],[4.5805,44.5003],[4.5808,44.4964],[4.5794,44.4968],[4.5777,44.4971],[4.5754,44.4967],[4.5752,44.4971],[4.5748,44.4972],[4.5745,44.4974],[4.574,44.4972],[4.5731,44.4975],[4.5716,44.4973]]]},"properties":{"id_ffco":"2020-D07-174","nom":"Valvignières village","_dept":"07","numero":"2020-D07-174","commune":"Valvignières","echelle":"1/4000","surface":"0.41 km²","format":"A4","annee":"2020","cartographes":"Thomas Pardoen","niveau":"Départemental","specialite":"Sprint (ISSOM)","contacts":"CDCO 07, 06-48-09-82-92, cartotheque@cdco07.fr, http://cdco07.fr/","latitude":"44.4995437324","longitude":"4.57608529694","date_saisie":"06/07/2021","date_depot":"03/03/2022","valide":"Oui","ppo":"Non","type_carte":"Nouvelle carte","fond":"Cadastre","obsolete":false}},{"type":"Feature","geometry":{"type":"Polygon","coordinates":[[[4.2521,44.4819],[4.2521,44.4806],[4.2534,44.4799],[4.2559,44.4795],[4.2601,44.4796],[4.2606,44.4803],[4.2596,44.4829],[4.2567,44.4826],[4.2564,44.4832],[4.2553,44.4827],[4.2537,44.482],[4.2521,44.4819]]]},"properties":{"id_ffco":"2020-D07-173","nom":"Rosières Village","_dept":"07","numero":"2020-D07-173","commune":"Rosières","echelle":"1/4000","surface":"0.2 km²","format":"A4","annee":"2020","cartographes":"Thomas Pardoen","proprietaire":"07 - Ardèche","niveau":"Départemental","specialite":"Sprint (ISSOM)","contacts":"CDCO 07, 06-48-09-82-92, cartotheque@cdco07.fr, http://cdco07.fr/","latitude":"44.4811051128","longitude":"4.25652671655","date_saisie":"17/12/2021","date_depot":"03/03/2022","valide":"Oui","ppo":"Non","type_carte":"Nouvelle carte","fond":"Cadastre","obsolete":false}},{"type":"Feature","geometry":{"type":"Polygon","coordinates":[[[4.3204,44.5089],[4.3211,44.5087],[4.3216,44.5088],[4.3223,44.5089],[4.3231,44.5085],[4.3235,44.5074],[4.3233,44.5063],[4.3228,44.5053],[4.3225,44.504],[4.3219,44.504],[4.3216,44.5044],[4.3194,44.5055],[4.3204,44.5089]]]},"properties":{"id_ffco":"2020-D07-172","nom":"camping la turelure","_dept":"07","numero":"2020-D07-172","commune":"Uzer","echelle":"1/2000","surface":"0.12 km²","format":"A4","annee":"2020","cartographes":"Christophe Néel","proprietaire":"07 - Ardèche","niveau":"Initiation, Scolaire","specialite":"CO à pied","contacts":"CDCO 07, 06-48-09-82-92, cartotheque@cdco07.fr, http://cdco07.fr/","latitude":"44.5066237642","longitude":"4.32156764973","date_saisie":"28/06/2021","date_depot":"03/03/2022","valide":"Oui","ppo":"Non","type_carte":"Nouvelle carte","fond":"Ortho","obsolete":false}},{"type":"Feature","geometry":{"type":"Polygon","coordinates":[[[4.1556,44.3694],[4.1552,44.3696],[4.1545,44.3687],[4.1527,44.3686],[4.152,44.368],[4.1519,44.366],[4.1516,44.3638],[4.1535,44.3629],[4.1564,44.363],[4.1579,44.3633],[4.1583,44.3642],[4.1581,44.3656],[4.1586,44.3675],[4.1585,44.3687],[4.1556,44.3694]]]},"properties":{"id_ffco":"2020-D07-171","nom":"Banne Village","_dept":"07","numero":"2020-D07-171","commune":"Banne","echelle":"1/4000","surface":"0.33 km²","format":"A4","annee":"2020","cartographes":"Christophe Néel","proprietaire":"07 - Ardèche","niveau":"Départemental","specialite":"Sprint (ISSOM)","contacts":"CDCO 07, 06-48-09-82-92, cartotheque@cdco07.fr, http://cdco07.fr/","latitude":"44.3660290161","longitude":"4.15518134897","date_saisie":"02/12/2020","date_depot":"03/03/2022","valide":"Oui","ppo":"Non","type_carte":"Nouvelle carte","fond":"Cadastre","obsolete":false}},{"type":"Feature","geometry":{"type":"Polygon","coordinates":[[[4.3968,44.4026],[4.3884,44.4023],[4.3875,44.4035],[4.3883,44.4048],[4.3862,44.4066],[4.388,44.4078],[4.3871,44.4094],[4.388,44.4105],[4.3913,44.4099],[4.3934,44.4092],[4.3962,44.4103],[4.3992,44.4094],[4.4013,44.4076],[4.4005,44.4061],[4.4012,44.4045],[4.3998,44.4032],[4.3971,44.4033],[4.3968,44.4026]]]},"properties":{"id_ffco":"2020-D07-170","nom":"Vallon pont d'Arc","_dept":"07","numero":"2020-D07-170","commune":"Vallon Pont dArc","echelle":"1/4000","surface":"0.83 km²","format":"A4","annee":"2020","cartographes":"Thomas Pardoen","proprietaire":"07 - Ardèche","niveau":"National, International","specialite":"Sprint (ISSOM)","contacts":"CDCO 07, 06-48-09-82-92, cartotheque@cdco07.fr, http://cdco07.fr/","latitude":"44.4062727369","longitude":"4.39379550506","date_saisie":"17/12/2021","date_depot":"08/03/2022","valide":"Oui","ppo":"Non","type_carte":"Reprise","base":"2009-D07-52 VALLON PONT D'ARC VILLAGE","fond":"Cadastre","obsolete":false}},{"type":"Feature","geometry":{"type":"Polygon","coordinates":[[[4.6505,44.3797],[4.6488,44.3802],[4.6492,44.3811],[4.6482,44.3814],[4.6482,44.3816],[4.6495,44.3832],[4.6498,44.3838],[4.6515,44.3837],[4.6517,44.3839],[4.6535,44.3832],[4.6505,44.3797],[4.6505,44.3797]]]},"properties":{"id_ffco":"2005-D07-17","nom":"CAMPING DU LION BOURG SAINT ANDEOL","_dept":"07","numero":"2005-D07-17","commune":"BOURG-SAINT-ANDEOL","echelle":"1/1000","surface":"0.11 km²","annee":"2005","cartographes":"COUPAT Gerard","proprietaire":"2606 - LOISIR ORIENTATION UNION PIERRELATTINE","specialite":"CO à pied","contacts":"CLUB L.O.U.PIERRELATTE, 04 75 52 58 23, 06 86 40 42 35, laure.coupat@free.fr, http://loup.segustero.com/","latitude":"44.38139","longitude":"4.65069","date_saisie":"19/07/2013","valide":"Non","ppo":"Non","obsolete":false}},{"type":"Feature","geometry":{"type":"Polygon","coordinates":[[[4.2926,44.5456],[4.2919,44.5454],[4.2923,44.544],[4.2908,44.5438],[4.2895,44.5428],[4.289,44.5419],[4.2888,44.5404],[4.2888,44.5401],[4.2896,44.5392],[4.2922,44.5393],[4.2925,44.5405],[4.2933,44.5412],[4.2952,44.5417],[4.2953,44.5427],[4.2977,44.5435],[4.2948,44.5454],[4.2937,44.5451],[4.2926,44.5456]]]},"properties":{"id_ffco":"2020-D07-169","nom":"Largentière","_dept":"07","numero":"2020-D07-169","commune":"Largentière","echelle":"1/4000","surface":"0.26 km²","format":"A4","annee":"2020","cartographes":"Thomas Pardoen","proprietaire":"07 - Ardèche","niveau":"Régional","specialite":"Sprint (ISSOM)","contacts":"CDCO 07, 06-48-09-82-92, cartotheque@cdco07.fr, http://cdco07.fr/","latitude":"44.5424410531","longitude":"4.29252134879","date_saisie":"02/12/2020","date_depot":"09/03/2021","valide":"Oui","ppo":"Non","type_carte":"Reprise","base":"2016-D07-135 Largentière","fond":"Cadastre","obsolete":false}},{"type":"Feature","geometry":{"type":"Polygon","coordinates":[[[4.29,44.5113],[4.2891,44.5116],[4.2871,44.5118],[4.2855,44.511],[4.2847,44.5096],[4.284,44.5084],[4.2817,44.5078],[4.2815,44.5063],[4.2827,44.5059],[4.2861,44.506],[4.2865,44.5054],[4.2882,44.5045],[4.289,44.5047],[4.2906,44.504],[4.2914,44.5049],[4.2938,44.5068],[4.2927,44.508],[4.2939,44.5086],[4.2926,44.5098],[4.29,44.5113]]]},"properties":{"id_ffco":"2020-D07-168","nom":"Laurac en Vivarais","_dept":"07","numero":"2020-D07-168","commune":"Laurac en Vivarais","echelle":"1/4000","surface":"0.51 km²","format":"A4","annee":"2020","cartographes":"Thomas Pardoen","proprietaire":"07 - Ardèche","niveau":"Départemental","specialite":"Sprint (ISSOM)","contacts":"CDCO 07, 06-48-09-82-92, cartotheque@cdco07.fr, http://cdco07.fr/","latitude":"44.5079406953","longitude":"4.28822152793","date_saisie":"02/12/2020","date_depot":"09/03/2021","valide":"Oui","ppo":"Non","type_carte":"Reprise","base":"2011-D07-73 LAURAC VILLAGE","fond":"Cadastre","obsolete":false}},{"type":"Feature","geometry":{"type":"Polygon","coordinates":[[[4.5401,44.329],[4.5377,44.3345],[4.5375,44.3355],[4.5382,44.3357],[4.5384,44.3362],[4.5388,44.3366],[4.5464,44.3367],[4.548,44.3355],[4.549,44.3338],[4.549,44.3316],[4.5486,44.3303],[4.5434,44.3299],[4.5427,44.3299],[4.5421,44.3304],[4.5413,44.3316],[4.541,44.3316],[4.5415,44.3302],[4.5415,44.3292],[4.5411,44.3288],[4.5401,44.329]]]},"properties":{"id_ffco":"2019-D07-167","nom":"Grotte de St Marcel d'Ardèche","_dept":"07","numero":"2019-D07-167","commune":"St Marcel d'Ardèche","echelle":"1/5000","surface":"0.59 km²","format":"A4","annee":"2019","cartographes":"Tomas PARDOEN","proprietaire":"07 - Ardèche","niveau":"Initiation, Scolaire","specialite":"Rand'O","contacts":"Grotte de St Marcel d'Ardèche, Route des Gorges , 07700, St Marcel d'Ardèche, 04 75 04 38 07, contact@grotte-ardeche.com, https://www.grotte-ardeche.com/","latitude":"44.3333018355","longitude":"4.54341156183","date_saisie":"10/12/2019","date_depot":"02/04/2021","valide":"Oui","ppo":"Oui (13 postes)","type_carte":"Nouvelle carte","fond":"Ortho","obsolete":false}},{"type":"Feature","geometry":{"type":"Polygon","coordinates":[[[4.3757,44.3937],[4.3753,44.3943],[4.3752,44.3955],[4.3753,44.3973],[4.3752,44.3985],[4.38,44.3985],[4.3854,44.3987],[4.3873,44.3967],[4.3879,44.3962],[4.3869,44.3933],[4.3844,44.3931],[4.3828,44.3923],[4.3773,44.3932],[4.3757,44.3937]]]},"properties":{"id_ffco":"2019-D07-166","nom":"Salavas village","_dept":"07","numero":"2019-D07-166","commune":"Salavas","echelle":"1/4000","surface":"0.58 km²","format":"A4","annee":"2019","cartographes":"Tomas PARDOEN","proprietaire":"07 - Ardèche","niveau":"Régional","specialite":"Sprint (ISSOM)","contacts":"CDCO 07, 06-48-09-82-92, cartotheque@cdco07.fr, http://cdco07.fr/","latitude":"44.3957083001","longitude":"4.3813087711","date_saisie":"28/11/2019","date_depot":"08/03/2022","valide":"Oui","ppo":"Non","type_carte":"Nouvelle carte","fond":"Cadastre","obsolete":false}},{"type":"Feature","geometry":{"type":"Polygon","coordinates":[[[4.4445,44.6532],[4.4517,44.6519],[4.4513,44.6499],[4.4542,44.6497],[4.4579,44.6513],[4.4603,44.6532],[4.4605,44.6565],[4.4586,44.6573],[4.4594,44.6585],[4.462,44.6593],[4.4634,44.6602],[4.4646,44.6663],[4.4675,44.6695],[4.4675,44.6704],[4.4594,44.6703],[4.4567,44.668],[4.4545,44.6659],[4.4545,44.6642],[4.4539,44.6631],[4.4524,44.6613],[4.4491,44.6586],[4.4445,44.6532]]]},"properties":{"id_ffco":"2019-D07-165","nom":"Vesseaux - le Tram","_dept":"07","numero":"2019-D07-165","commune":"Vesseaux","echelle":"1/10000","surface":"1.92 km²","format":"A4","annee":"2019","cartographes":"Adam Chromy,  Zdenek Lenhart","proprietaire":"07 - Ardèche","niveau":"National, International","specialite":"CO à pied","contacts":"CDCO 07, 06-48-09-82-92, cartotheque@cdco07.fr, http://cdco07.fr/","latitude":"44.6599269481","longitude":"4.45665474845","date_saisie":"10/12/2019","date_depot":"02/04/2021","valide":"Oui","ppo":"Non","type_carte":"Nouvelle carte","fond":"Ortho","obsolete":false}},{"type":"Feature","geometry":{"type":"Polygon","coordinates":[[[4.0974,44.6114],[4.1057,44.6099],[4.106,44.6131],[4.1076,44.6169],[4.1073,44.6221],[4.1047,44.625],[4.0958,44.6302],[4.096,44.6328],[4.0979,44.6353],[4.0925,44.6363],[4.0885,44.6363],[4.0846,44.6361],[4.0809,44.6361],[4.0724,44.6357],[4.0685,44.636],[4.0639,44.6367],[4.0617,44.6361],[4.0609,44.6354],[4.0546,44.6339],[4.0539,44.6328],[4.0536,44.6262],[4.0547,44.6229],[4.0593,44.6216],[4.0613,44.6193],[4.0631,44.6181],[4.0666,44.6178],[4.0674,44.6173],[4.0677,44.6162],[4.0671,44.6154],[4.0685,44.614],[4.0705,44.6101],[4.0727,44.6089],[4.0742,44.6071],[4.0782,44.6094],[4.082,44.6109],[4.0837,44.6105],[4.0897,44.61],[4.0953,44.6108],[4.0974,44.6114]]]},"properties":{"id_ffco":"2019-D07-164","nom":"La Croix de Bauzon (Borne)","_dept":"07","numero":"2019-D07-164","commune":"St Etienne de Lugdares","echelle":"1/15000","surface":"9.91 km²","format":"A3","annee":"2019","cartographes":"Bob Haj , Matej Klusacek, Jan Potstejnsky, Evzen Cigos","proprietaire":"07 - Ardèche","niveau":"National, International","specialite":"CO à pied","contacts":"CDCO 07, 06-48-09-82-92, cartotheque@cdco07.fr, http://cdco07.fr/","latitude":"44.6232896332","longitude":"4.0810982617","date_saisie":"10/12/2019","date_depot":"02/04/2021","valide":"Oui","ppo":"Non","type_carte":"Extrait","base":"2015-D07-110 Cevennes et Montagne Ardéchoise","fond":"Ortho","obsolete":false}},{"type":"Feature","geometry":{"type":"Polygon","coordinates":[[[4.3395,44.4489],[4.3387,44.449],[4.3382,44.4501],[4.3357,44.4507],[4.3344,44.4531],[4.334,44.4539],[4.3337,44.4552],[4.3354,44.4555],[4.3373,44.455],[4.3392,44.4554],[4.3401,44.4557],[4.3423,44.4547],[4.3437,44.4558],[4.3471,44.4516],[4.3447,44.4515],[4.3439,44.4503],[4.3406,44.4498],[4.3395,44.4489]]]},"properties":{"id_ffco":"2019-D07-163","nom":"Ruoms","_dept":"07","numero":"2019-D07-163","commune":"Ruoms","echelle":"1/4000","surface":"0.5 km²","format":"A4","annee":"2019","cartographes":"Tomas PARDOEN","proprietaire":"07 - Ardèche","niveau":"National, International","specialite":"Sprint (ISSOM)","contacts":"CDCO 07, 06-48-09-82-92, cartotheque@cdco07.fr, http://cdco07.fr/","latitude":"44.4526982325","longitude":"4.33999033765","date_saisie":"28/11/2019","date_depot":"02/04/2021","valide":"Oui","ppo":"Non","type_carte":"Nouvelle carte","fond":"Cadastre","obsolete":false}},{"type":"Feature","geometry":{"type":"Polygon","coordinates":[[[4.4037,44.3893],[4.4031,44.3888],[4.4034,44.3883],[4.4035,44.387],[4.4034,44.386],[4.4045,44.386],[4.4048,44.3858],[4.4055,44.3854],[4.4055,44.3847],[4.4054,44.3838],[4.4055,44.3823],[4.4072,44.3823],[4.4076,44.384],[4.4084,44.3856],[4.4082,44.387],[4.408,44.3881],[4.4061,44.389],[4.4037,44.3893]]]},"properties":{"id_ffco":"2019-D07-162","nom":"Domaine des Blachas","_dept":"07","numero":"2019-D07-162","commune":"Salavas","echelle":"1/2500","surface":"0.2 km²","format":"A4","annee":"2019","cartographes":"Christophe NEEL","proprietaire":"Domaine des Blachas","niveau":"Départemental","specialite":"Sprint (ISSOM)","contacts":"Domaine des Blachas, 2590, Route du Chassel 07150 Salavas Ardèche - France, 04 75 88 02 07, contact@lesblachas.com, http://www.lesblachas.com/contacter-le-domaine-des-blachas-en-ardeche/","latitude":"44.3862852964","longitude":"4.40601485925","date_saisie":"28/11/2019","date_depot":"02/04/2021","valide":"Oui","ppo":"Oui (50 postes)","type_carte":"Nouvelle carte","fond":"Cadastre","obsolete":false}},{"type":"Feature","geometry":{"type":"Polygon","coordinates":[[[4.3446,44.5236],[4.3473,44.5232],[4.3484,44.5232],[4.353,44.5223],[4.3568,44.5213],[4.3583,44.5202],[4.3597,44.5184],[4.3613,44.5163],[4.3622,44.5158],[4.3616,44.5152],[4.3611,44.5147],[4.3592,44.5142],[4.356,44.5145],[4.3526,44.5157],[4.3519,44.5161],[4.3499,44.5159],[4.3485,44.5158],[4.3471,44.5143],[4.3467,44.5131],[4.3461,44.5126],[4.3441,44.5144],[4.3432,44.5128],[4.3425,44.511],[4.3393,44.5111],[4.338,44.5165],[4.3394,44.5175],[4.3428,44.5218],[4.344,44.5215],[4.3446,44.5236]]]},"properties":{"id_ffco":"2019-D07-161","nom":"Couyras","_dept":"07","numero":"2019-D07-161","commune":"Uzer","echelle":"1/7500","surface":"1.45 km²","format":"A4","annee":"2019","cartographes":"Tomas PARDOEN","proprietaire":"07 - Ardèche","niveau":"Régional","specialite":"CO à pied","contacts":"CDCO 07, 06-48-09-82-92, cartotheque@cdco07.fr, http://cdco07.fr/","latitude":"44.517716678","longitude":"4.34876990529","date_saisie":"28/11/2019","date_depot":"12/04/2021","valide":"Oui","ppo":"Non","type_carte":"Nouvelle carte","fond":"Ortho","obsolete":false}},{"type":"Feature","geometry":{"type":"Polygon","coordinates":[[[4.0194,44.5759],[4.0205,44.5752],[4.0227,44.5751],[4.0231,44.5746],[4.0229,44.5735],[4.0238,44.5729],[4.0268,44.5719],[4.0282,44.5714],[4.0317,44.5707],[4.0329,44.5702],[4.0326,44.5689],[4.0326,44.567],[4.0343,44.5652],[4.0296,44.5618],[4.0295,44.5592],[4.0261,44.5587],[4.0243,44.5585],[4.0234,44.5575],[4.0224,44.5571],[4.0213,44.5567],[4.0201,44.5574],[4.019,44.5577],[4.019,44.5593],[4.0171,44.5614],[4.0164,44.5626],[4.0152,44.5637],[4.0105,44.565],[4.0101,44.5669],[4.0104,44.5677],[4.0122,44.5688],[4.0122,44.5703],[4.0132,44.5708],[4.0141,44.5721],[4.0141,44.5731],[4.0184,44.5758],[4.0194,44.5759]]]},"properties":{"id_ffco":"2019-D07-160","nom":"Col de la Femme morte","_dept":"07","numero":"2019-D07-160","commune":"Montselgues","echelle":"1/10000","surface":"2.38 km²","format":"A4","annee":"2019","cartographes":"Thomas Pardoen","proprietaire":"07 - Ardèche","niveau":"Départemental","specialite":"CO à pied","contacts":"CDCO 07, 06-48-09-82-92, cartotheque@cdco07.fr, http://cdco07.fr/","latitude":"44.5665346489","longitude":"4.02214029808","date_saisie":"03/01/2022","date_depot":"08/03/2022","valide":"Oui","ppo":"Non","type_carte":"Nouvelle carte","fond":"Ortho","obsolete":false}},{"type":"Feature","geometry":{"type":"Polygon","coordinates":[[[4.3962,44.6273],[4.3948,44.6263],[4.3967,44.6245],[4.3979,44.6238],[4.3996,44.6233],[4.4019,44.6233],[4.4032,44.6237],[4.4044,44.6243],[4.4039,44.6264],[4.4033,44.6267],[4.4018,44.6267],[4.3989,44.6269],[4.3962,44.6273]]]},"properties":{"id_ffco":"2019-D07-159","nom":"Pont d'Ucel \"Espace Deydier\"","_dept":"07","numero":"2019-D07-159","commune":"Ucel","echelle":"1/2500","surface":"0.24 km²","format":"A4","annee":"2019","cartographes":"Tomas PARDOEN, Christophe NEEL","proprietaire":"07 - Ardèche","niveau":"Initiation, Scolaire","specialite":"CO à pied","contacts":"CDCO 07, 06-48-09-82-92, cartotheque@cdco07.fr, http://cdco07.fr/","latitude":"44.6252946528","longitude":"4.39991847984","date_saisie":"29/11/2019","date_depot":"12/04/2021","valide":"Oui","ppo":"Oui (30 postes)","type_carte":"Nouvelle carte","fond":"Ortho","obsolete":false}},{"type":"Feature","geometry":{"type":"Polygon","coordinates":[[[4.3749,44.5699],[4.3729,44.5671],[4.3696,44.5636],[4.3668,44.5612],[4.3631,44.5585],[4.361,44.5568],[4.3595,44.5552],[4.3584,44.553],[4.3567,44.5479],[4.3635,44.549],[4.3674,44.5486],[4.3696,44.5496],[4.3711,44.5538],[4.373,44.5535],[4.374,44.5519],[4.3742,44.5496],[4.379,44.5517],[4.3799,44.5519],[4.3805,44.5534],[4.3818,44.5537],[4.3823,44.555],[4.3817,44.5571],[4.3811,44.5575],[4.3803,44.5575],[4.3789,44.558],[4.3772,44.5595],[4.3773,44.5629],[4.3775,44.5661],[4.3817,44.5685],[4.3823,44.5689],[4.3822,44.5712],[4.3796,44.5715],[4.3786,44.5715],[4.3767,44.571],[4.3749,44.5699]]]},"properties":{"id_ffco":"2019-D07-158","nom":"Serre de Vignobre","_dept":"07","numero":"2019-D07-158","commune":"La Chapelle sous Aubenas","echelle":"1/10000","surface":"2.55 km²","format":"A4","annee":"2019","cartographes":"Corentin Roux","proprietaire":"07 - Ardèche","niveau":"Régional","specialite":"CO à pied","contacts":"CDCO 07, 06-48-09-82-92, cartotheque@cdco07.fr, http://cdco07.fr/","latitude":"44.5576886696","longitude":"4.37093921617","date_saisie":"28/11/2019","date_depot":"08/03/2022","valide":"Oui","ppo":"Non","type_carte":"Nouvelle carte","fond":"Ortho","obsolete":false}},{"type":"Feature","geometry":{"type":"Polygon","coordinates":[[[4.1698,44.4111],[4.1705,44.4122],[4.1709,44.4122],[4.1711,44.4128],[4.1708,44.4129],[4.1711,44.4141],[4.1729,44.4142],[4.1736,44.4137],[4.174,44.4134],[4.1718,44.4105],[4.1698,44.4111]]]},"properties":{"id_ffco":"2018-D07-157","nom":"camping  Lou Rouchetou","_dept":"07","numero":"2018-D07-157","commune":"Les Vans (Chassagne)","echelle":"1/2000","surface":"0.07 km²","format":"A5","annee":"2018","cartographes":"Tomas PARDOEN","proprietaire":"07 - Ardèche","niveau":"Initiation, Scolaire","specialite":"CO à pied","contacts":"CDCO 07, 06-48-09-82-92, cartotheque@cdco07.fr, http://cdco07.fr/","latitude":"44.4124812433","longitude":"4.1719082365","date_saisie":"29/11/2019","date_depot":"12/04/2021","valide":"Oui","ppo":"Non","type_carte":"Nouvelle carte","fond":"Ortho","obsolete":false}},{"type":"Feature","geometry":{"type":"Polygon","coordinates":[[[4.7867,44.8034],[4.7844,44.8057],[4.7832,44.8052],[4.7855,44.8027],[4.7867,44.8034]]]},"properties":{"id_ffco":"2018-D07-156","nom":"Complexe Battandier","_dept":"07","numero":"2018-D07-156","commune":"La Voulte sur Rhône","echelle":"1/1500","surface":"0.04 km²","format":"A4","annee":"2018","cartographes":"Tomas PARDOEN, Bruno MERCIER","proprietaire":"07 - Ardèche","niveau":"Initiation, Scolaire","specialite":"CO à pied","contacts":"CDCO 07, 06-48-09-82-92, cartotheque@cdco07.fr, http://cdco07.fr/","latitude":"44.8042218351","longitude":"4.78497831526","date_saisie":"01/12/2019","date_depot":"12/04/2021","valide":"Oui","ppo":"Non","type_carte":"Reprise","base":"2018-D07-156 Complexe Battandier","fond":"Cadastre","obsolete":false}},{"type":"Feature","geometry":{"type":"Polygon","coordinates":[[[4.3849,44.4085],[4.3843,44.4083],[4.3841,44.4079],[4.3839,44.4076],[4.384,44.4073],[4.3841,44.4072],[4.3843,44.4073],[4.3848,44.4066],[4.3849,44.4065],[4.3866,44.4071],[4.3872,44.4074],[4.3871,44.4077],[4.3865,44.408],[4.3851,44.4085],[4.3849,44.4085]]]},"properties":{"id_ffco":"2018-D07-155","nom":"Stade de Foot de Vallon pont d'Arc","_dept":"07","numero":"2018-D07-155","commune":"Vallon Pont D'Arc","echelle":"1/1500","surface":"0.03 km²","format":"A5","annee":"2018","cartographes":"Thomas PARDOEN","proprietaire":"07 - Ardèche","niveau":"Initiation, Scolaire","specialite":"CO à pied","contacts":"CDCO 07, 06-48-09-82-92, cartotheque@cdco07.fr, http://cdco07.fr/","latitude":"44.4075557392","longitude":"4.38542603672","date_saisie":"29/08/2018","date_depot":"05/04/2019","valide":"Oui","ppo":"Non","type_carte":"Nouvelle carte","fond":"Cadastre","obsolete":false}},{"type":"Feature","geometry":{"type":"Polygon","coordinates":[[[4.4951,44.5563],[4.4951,44.5553],[4.4941,44.5546],[4.4938,44.5546],[4.4938,44.5551],[4.4934,44.5553],[4.4935,44.5563],[4.4951,44.5563]]]},"properties":{"id_ffco":"2018-D07-154","nom":"Villeneuve de Berg Gymnase et Tennis","_dept":"07","numero":"2018-D07-154","commune":"Villeneuve de Berg","echelle":"1/750","surface":"0.02 km²","format":"A4","annee":"2018","cartographes":"NEEL CHRISTOPHE","proprietaire":"07 - Ardèche","niveau":"Initiation, Scolaire","specialite":"Sprint (ISSOM)","contacts":"CDCO 07, 06-48-09-82-92, cartotheque@cdco07.fr, http://cdco07.fr/","latitude":"44.5555942388","longitude":"4.49426399774","date_saisie":"19/12/2018","valide":"Non","ppo":"Non","type_carte":"Extrait","base":"2017-D07-144 Villeneuve de Berg","fond":"Cadastre","obsolete":false}},{"type":"Feature","geometry":{"type":"Polygon","coordinates":[[[4.4454,44.654],[4.4417,44.6561],[4.4386,44.656],[4.4369,44.6545],[4.4377,44.6537],[4.4369,44.6528],[4.4354,44.6528],[4.4354,44.65],[4.4362,44.6481],[4.437,44.6476],[4.4389,44.6476],[4.4424,44.651],[4.4454,44.654]]]},"properties":{"id_ffco":"2018-D07-152","nom":"Vesseaux village","_dept":"07","numero":"2018-D07-152","commune":"Vesseaux","echelle":"1/4000","surface":"0.46 km²","format":"A4","annee":"2018","cartographes":"NEEL CHRISTOPHE","proprietaire":"07 - Ardèche","niveau":"Régional","specialite":"Sprint (ISSOM)","contacts":"CDCO 07, 06-48-09-82-92, cartotheque@cdco07.fr, http://cdco07.fr/","latitude":"44.6521212128","longitude":"4.43963393706","date_saisie":"19/12/2018","date_depot":"05/04/2019","valide":"Oui","ppo":"Non","type_carte":"Nouvelle carte","fond":"Cadastre","obsolete":false}},{"type":"Feature","geometry":{"type":"Polygon","coordinates":[[[4.6695,44.8283],[4.6694,44.8287],[4.6713,44.8299],[4.673,44.8308],[4.6738,44.8309],[4.6747,44.8317],[4.6758,44.8317],[4.6792,44.8308],[4.6794,44.8301],[4.6816,44.8299],[4.6823,44.829],[4.6825,44.8282],[4.683,44.8279],[4.6828,44.8252],[4.6823,44.8252],[4.6818,44.8242],[4.6732,44.8239],[4.6721,44.8248],[4.6739,44.8258],[4.6744,44.826],[4.6742,44.8264],[4.6737,44.8269],[4.6724,44.8267],[4.6706,44.8267],[4.67,44.8273],[4.6695,44.8283]]]},"properties":{"id_ffco":"2018-D07-151","nom":"St Fortunat sur Eyrieux","_dept":"07","numero":"2018-D07-151","commune":"St Fortunat sur Eyrieux","echelle":"1/4000","surface":"0.65 km²","format":"A4","annee":"2018","cartographes":"Bruno Mercier","proprietaire":"07 - Ardèche","niveau":"Régional","specialite":"Sprint (ISSOM)","contacts":"CDCO 07, 06-48-09-82-92, cartotheque@cdco07.fr, http://cdco07.fr/","latitude":"44.827588996","longitude":"4.67673046477","date_saisie":"29/11/2019","date_depot":"12/04/2021","valide":"Oui","ppo":"Non","type_carte":"Nouvelle carte","fond":"Cadastre","obsolete":false}},{"type":"Feature","geometry":{"type":"Polygon","coordinates":[[[4.6497,44.8989],[4.6478,44.8994],[4.6462,44.8994],[4.6453,44.8981],[4.6434,44.8975],[4.6424,44.8974],[4.6383,44.8953],[4.6402,44.8927],[4.6403,44.8925],[4.6484,44.8925],[4.6489,44.8936],[4.6479,44.896],[4.6492,44.8968],[4.6497,44.8989]]]},"properties":{"id_ffco":"2018-D07-150","nom":"Vernoux en Vivarais","_dept":"07","numero":"2018-D07-150","commune":"Vernoux en Vivarais","echelle":"1/4000","surface":"0.45 km²","format":"A4","annee":"2018","cartographes":"Thomas PARDOEN","proprietaire":"07 - Ardèche","niveau":"Régional","specialite":"Sprint (ISSOM)","contacts":"CDCO 07, 06-48-09-82-92, cartotheque@cdco07.fr, http://cdco07.fr/","latitude":"44.8954300279","longitude":"4.64460098397","date_saisie":"29/08/2018","date_depot":"05/04/2019","valide":"Oui","ppo":"Non","type_carte":"Nouvelle carte","fond":"Cadastre","obsolete":false}},{"type":"Feature","geometry":{"type":"Polygon","coordinates":[[[4.3508,44.5367],[4.3539,44.54],[4.3587,44.5419],[4.367,44.54],[4.3671,44.5368],[4.3722,44.5366],[4.3732,44.5334],[4.3726,44.5322],[4.3715,44.533],[4.3705,44.5327],[4.3706,44.5315],[4.3686,44.5321],[4.3687,44.5307],[4.3694,44.5297],[4.3697,44.529],[4.3616,44.5291],[4.3614,44.5306],[4.3598,44.5318],[4.3574,44.5317],[4.357,44.5302],[4.3566,44.5304],[4.3563,44.5303],[4.356,44.5307],[4.3561,44.5314],[4.3563,44.5319],[4.3546,44.532],[4.3539,44.5323],[4.3528,44.5325],[4.3513,44.5328],[4.3495,44.5338],[4.3508,44.5367]]]},"properties":{"id_ffco":"2018-D07-149","nom":"Aérodrôme Lanas (côté Sud)","_dept":"07","numero":"2018-D07-149","commune":"Lanas","echelle":"1/7500","surface":"1.67 km²","format":"A4","annee":"2018","cartographes":"Thomas PARDOEN","proprietaire":"07 - Ardèche","niveau":"Régional","specialite":"CO à pied","contacts":"CDCO 07, 06-48-09-82-92, cartotheque@cdco07.fr, http://cdco07.fr/","latitude":"44.5352962136","longitude":"4.36137290892","date_saisie":"29/08/2018","date_depot":"05/04/2019","valide":"Oui","ppo":"Non","type_carte":"Nouvelle carte","fond":"Ortho","obsolete":false}},{"type":"Feature","geometry":{"type":"Polygon","coordinates":[[[4.5634,44.3052],[4.5607,44.3039],[4.5584,44.3026],[4.5597,44.3017],[4.5613,44.3011],[4.563,44.3006],[4.5648,44.3004],[4.5665,44.3002],[4.5673,44.2999],[4.568,44.2995],[4.5691,44.2996],[4.5699,44.2999],[4.5723,44.3005],[4.5732,44.3009],[4.5728,44.3014],[4.5707,44.302],[4.5671,44.3041],[4.5665,44.3044],[4.5655,44.3047],[4.5634,44.3052]]]},"properties":{"id_ffco":"2018-D07-148","nom":"St Martin d'Ardèche","_dept":"07","numero":"2018-D07-148","commune":"St Martin d'Ardèche","echelle":"1/4000","surface":"0.39 km²","format":"A4","annee":"2018","cartographes":"Gérard COUPAT","niveau":"Régional","specialite":"Sprint (ISSOM)","contacts":"CLUB L.O.U.PIERRELATTE, 04 75 52 58 23, 06 86 40 42 35, laure.coupat@free.fr, http://loup.segustero.com/","latitude":"44.3022054335","longitude":"4.56553061599","date_saisie":"29/08/2018","date_depot":"05/04/2019","valide":"Oui","ppo":"Non","type_carte":"Nouvelle carte","fond":"Cadastre","obsolete":false}},{"type":"Feature","geometry":{"type":"Polygon","coordinates":[[[4.3469,44.5781],[4.3456,44.5767],[4.3455,44.5763],[4.3449,44.5763],[4.3436,44.5759],[4.3424,44.5763],[4.3405,44.5763],[4.3392,44.5763],[4.3399,44.5756],[4.3405,44.5741],[4.3407,44.5727],[4.3399,44.5708],[4.3381,44.5697],[4.3398,44.5686],[4.3423,44.5683],[4.3433,44.567],[4.3471,44.5657],[4.3484,44.5652],[4.3492,44.5656],[4.349,44.5662],[4.3487,44.5668],[4.3494,44.5673],[4.3495,44.568],[4.3499,44.5673],[4.3511,44.5672],[4.3522,44.5674],[4.353,44.5677],[4.3544,44.5678],[4.3548,44.5681],[4.3565,44.5687],[4.3578,44.5691],[4.3587,44.5712],[4.3589,44.5719],[4.3564,44.5724],[4.356,44.574],[4.356,44.5755],[4.3513,44.5759],[4.3497,44.576],[4.3469,44.5781]]]},"properties":{"id_ffco":"2018-D07-147","nom":"Bois du Lachet","_dept":"07","numero":"2018-D07-147","commune":"FONS","echelle":"1/7500","surface":"1.37 km²","format":"A4","annee":"2018","cartographes":"Thomas PARDOEN","proprietaire":"07 - Ardèche","niveau":"National, International","specialite":"CO à pied","contacts":"CDCO 07, 06-48-09-82-92, cartotheque@cdco07.fr, http://cdco07.fr/","latitude":"44.5716090947","longitude":"4.34827869515","date_saisie":"03/03/2018","date_depot":"05/04/2019","valide":"Oui","ppo":"Non","type_carte":"Nouvelle carte","fond":"Ortho","obsolete":false}},{"type":"Feature","geometry":{"type":"Polygon","coordinates":[[[4.3782,44.5043],[4.3792,44.5047],[4.3803,44.505],[4.3806,44.5057],[4.3809,44.5086],[4.3799,44.509],[4.3795,44.5094],[4.3792,44.51],[4.3784,44.5098],[4.3774,44.5099],[4.3763,44.5104],[4.3759,44.5108],[4.374,44.5112],[4.3727,44.5119],[4.3721,44.5125],[4.3718,44.5125],[4.3706,44.5118],[4.3707,44.5114],[4.3709,44.511],[4.3704,44.5103],[4.3689,44.51],[4.3686,44.5097],[4.3682,44.5073],[4.3689,44.5067],[4.3701,44.5064],[4.3724,44.5055],[4.3755,44.5052],[4.3782,44.5043]]]},"properties":{"id_ffco":"2017-D07-146","nom":"Balazuc","_dept":"07","numero":"2017-D07-146","commune":"Balazuc","echelle":"1/5000","surface":"0.57 km²","format":"A4","annee":"2017","cartographes":"C NEEL","proprietaire":"07 - Ardèche","niveau":"Régional","specialite":"CO à pied","contacts":"CDCO 07, 06-48-09-82-92, cartotheque@cdco07.fr, http://cdco07.fr/","latitude":"44.5080352365","longitude":"4.37465455992","date_saisie":"25/09/2017","date_depot":"26/01/2018","valide":"Oui","ppo":"Non","type_carte":"Nouvelle carte","fond":"Ortho","obsolete":false}},{"type":"Feature","geometry":{"type":"Polygon","coordinates":[[[4.4332,44.9075],[4.4336,44.907],[4.4338,44.9063],[4.4367,44.9053],[4.4399,44.9051],[4.4402,44.9046],[4.44,44.9043],[4.4395,44.9037],[4.4402,44.903],[4.441,44.9023],[4.441,44.9017],[4.4402,44.9011],[4.4395,44.9011],[4.4392,44.9002],[4.4387,44.8994],[4.4381,44.8988],[4.4372,44.8987],[4.4355,44.8991],[4.4335,44.8991],[4.4314,44.9012],[4.4311,44.9015],[4.4302,44.9016],[4.4282,44.9018],[4.4282,44.9024],[4.4291,44.9024],[4.4292,44.9028],[4.4281,44.9036],[4.4269,44.9057],[4.427,44.9061],[4.4273,44.907],[4.4286,44.9076],[4.4332,44.9075]]]},"properties":{"id_ffco":"2017-D07-145","nom":"château de la Chèze","_dept":"07","numero":"2017-D07-145","commune":"Le Cheylard","echelle":"1/5000","surface":"0.69 km²","format":"A4","annee":"2017","cartographes":"Thomas PARDOEN","proprietaire":"07 - Ardèche","niveau":"Régional","specialite":"CO à pied","contacts":"CDCO 07, 06-48-09-82-92, cartotheque@cdco07.fr, http://cdco07.fr/","latitude":"44.9033160557","longitude":"4.43388118257","date_saisie":"29/08/2018","date_depot":"05/05/2019","valide":"Oui","ppo":"Oui (10 postes)","type_carte":"Reprise","base":"2006-D07-1012 CHATEAU DE LA CHAISE","fond":"Ortho","obsolete":false}},{"type":"Feature","geometry":{"type":"Polygon","coordinates":[[[4.5032,44.5617],[4.5035,44.5615],[4.504,44.561],[4.5053,44.5604],[4.5062,44.5599],[4.506,44.5593],[4.5069,44.5575],[4.5062,44.5565],[4.5046,44.5551],[4.4997,44.554],[4.4966,44.5532],[4.4923,44.5555],[4.4943,44.5568],[4.4949,44.5575],[4.4975,44.5577],[4.4982,44.5581],[4.4982,44.559],[4.4988,44.5594],[4.5001,44.5595],[4.5012,44.56],[4.5017,44.5615],[4.5032,44.5617]]]},"properties":{"id_ffco":"2017-D07-144","nom":"Villeneuve de Berg","_dept":"07","numero":"2017-D07-144","commune":"Villeneuve de Berg","echelle":"1/5000","surface":"0.57 km²","format":"A4","annee":"2017","cartographes":"Christophe NEEL","proprietaire":"07 - Ardèche","niveau":"Régional","specialite":"Sprint (ISSOM)","contacts":"CDCO 07, 06-48-09-82-92, cartotheque@cdco07.fr, http://cdco07.fr/","latitude":"44.5570219862","longitude":"4.50048932208","date_saisie":"29/08/2018","date_depot":"05/04/2019","valide":"Oui","ppo":"Non","type_carte":"Nouvelle carte","fond":"Cadastre","obsolete":false}},{"type":"Feature","geometry":{"type":"Polygon","coordinates":[[[4.3909,44.8869],[4.3896,44.8883],[4.3822,44.8882],[4.3787,44.8866],[4.3767,44.886],[4.3759,44.8847],[4.3765,44.8832],[4.3762,44.8819],[4.3775,44.8791],[4.3759,44.8759],[4.379,44.8749],[4.3821,44.8754],[4.3836,44.8766],[4.3864,44.8766],[4.3878,44.8779],[4.3886,44.8812],[4.3881,44.8826],[4.3881,44.8838],[4.3892,44.8855],[4.3909,44.8869]]]},"properties":{"id_ffco":"2017-D07-143","nom":"Accons","_dept":"07","numero":"2017-D07-143","commune":"Accons","echelle":"1/7500","surface":"1.24 km²","format":"A4","annee":"2017","cartographes":"Thomas PARDOEN","proprietaire":"07 - Ardèche","niveau":"Régional","specialite":"CO à pied","contacts":"CDCO 07, 06-48-09-82-92, cartotheque@cdco07.fr, http://cdco07.fr/","latitude":"44.882055757","longitude":"4.38265360818","date_saisie":"29/08/2018","date_depot":"05/04/2019","valide":"Oui","ppo":"Non","type_carte":"Nouvelle carte","fond":"Cadastre","obsolete":false}},{"type":"Feature","geometry":{"type":"Polygon","coordinates":[[[4.8111,45.1075],[4.811,45.1091],[4.8063,45.1132],[4.8053,45.1145],[4.8048,45.1152],[4.8036,45.1153],[4.8016,45.115],[4.8012,45.1141],[4.8021,45.1128],[4.8021,45.112],[4.802,45.1113],[4.8018,45.1104],[4.8019,45.1091],[4.8026,45.1073],[4.8037,45.107],[4.8055,45.1071],[4.8066,45.1072],[4.8086,45.1072],[4.8111,45.1075]]]},"properties":{"id_ffco":"2017-D07-142","nom":"Vion","_dept":"07","numero":"2017-D07-142","commune":"VION","echelle":"1/4000","surface":"0.46 km²","format":"A4","annee":"2017","cartographes":"C NEEL","proprietaire":"07 - Ardèche","niveau":"Régional","specialite":"Sprint (ISSOM)","contacts":"CDCO 07, 06-48-09-82-92, cartotheque@cdco07.fr, http://cdco07.fr/","latitude":"45.1105298964","longitude":"4.80550540605","date_saisie":"23/09/2017","date_depot":"26/01/2018","valide":"Oui","ppo":"Non","type_carte":"Nouvelle carte","fond":"Ortho","obsolete":false}},{"type":"Feature","geometry":{"type":"Polygon","coordinates":[[[4.4121,44.5315],[4.412,44.5326],[4.412,44.533],[4.4055,44.5371],[4.4034,44.5333],[4.4034,44.5289],[4.4054,44.5287],[4.4099,44.53],[4.4121,44.5315]]]},"properties":{"id_ffco":"2018-D07-141","nom":"Le cros d'Auzon","_dept":"07","numero":"2018-D07-141","commune":"St Maurice d'Ardèche","echelle":"1/3500","surface":"0.42 km²","format":"A4","annee":"2018","cartographes":"NEEL CHRISTOPHE","proprietaire":"07 - Ardèche","niveau":"Régional","specialite":"CO à pied","contacts":"CDCO 07, 06-48-09-82-92, cartotheque@cdco07.fr, http://cdco07.fr/","latitude":"44.5323836629","longitude":"4.40707980516","date_saisie":"22/01/2019","date_depot":"05/04/2019","valide":"Oui","ppo":"Oui (29 postes)","type_carte":"Nouvelle carte","fond":"Cadastre","obsolete":false}},{"type":"Feature","geometry":{"type":"Polygon","coordinates":[[[4.1527,44.3352],[4.1488,44.3353],[4.1467,44.3373],[4.1474,44.3389],[4.1467,44.3392],[4.1469,44.34],[4.1476,44.3412],[4.1478,44.3423],[4.1481,44.3437],[4.1492,44.3442],[4.1502,44.3458],[4.1568,44.3457],[4.157,44.3421],[4.1542,44.3387],[4.1537,44.3386],[4.1527,44.3352]]]},"properties":{"id_ffco":"2017-D07-140","nom":"St Paul le Jeune","_dept":"07","numero":"2017-D07-140","commune":"St Paul le Jeune","echelle":"1/4000","surface":"0.69 km²","format":"A4","annee":"2017","cartographes":"Tomas PARDOEN","proprietaire":"07 - Ardèche","niveau":"Régional","specialite":"Sprint (ISSOM)","contacts":"CDCO 07, 06-48-09-82-92, cartotheque@cdco07.fr, http://cdco07.fr/","latitude":"44.34087601","longitude":"4.15166710102","date_saisie":"01/12/2019","date_depot":"12/04/2021","valide":"Oui","ppo":"Non","type_carte":"Nouvelle carte","fond":"Cadastre","obsolete":false}},{"type":"Feature","geometry":{"type":"Polygon","coordinates":[[[4.3475,44.562],[4.3473,44.5619],[4.3469,44.5613],[4.3463,44.5602],[4.348,44.56],[4.3484,44.5604],[4.3486,44.5606],[4.3485,44.5612],[4.3487,44.5617],[4.3475,44.562]]]},"properties":{"id_ffco":"2016-D07-139","nom":"Foyer d'hébergement Les Amandiers","_dept":"07","numero":"2016-D07-139","commune":"La Chapelle sous Aubenas","echelle":"1/750","surface":"0.03 km²","format":"A4","annee":"2016","cartographes":"C.NEEL","niveau":"Initiation, Scolaire","specialite":"CO à pied","contacts":"Foyer d'hébergement Les Amandiers, Soudournas,, 07200,  Lachapelle-Sous-Aubenas, 04 75 93 20 29","latitude":"44.5609512787","longitude":"4.34760121467","date_saisie":"09/01/2017","valide":"Non","ppo":"Oui (30 postes)","type_carte":"Nouvelle carte","fond":"Ortho","obsolete":false}},{"type":"Feature","geometry":{"type":"Polygon","coordinates":[[[4.0223,44.6858],[4.021,44.6858],[4.0194,44.6854],[4.0188,44.6848],[4.0169,44.685],[4.0157,44.685],[4.012,44.683],[4.0111,44.6837],[4.01,44.6837],[4.0081,44.6836],[4.007,44.6825],[4.0072,44.681],[4.0076,44.6795],[4.0109,44.6755],[4.0108,44.6741],[4.0114,44.6703],[4.014,44.6654],[4.0187,44.6639],[4.0259,44.6655],[4.0256,44.6677],[4.0239,44.6709],[4.0247,44.6717],[4.0272,44.6727],[4.0274,44.677],[4.027,44.6779],[4.0257,44.6788],[4.024,44.6821],[4.024,44.6839],[4.0238,44.685],[4.0223,44.6858]]]},"properties":{"id_ffco":"2016-D07-138","nom":"Zone nordique la Chavade - Bel Air 10000","_dept":"07","numero":"2016-D07-138","commune":"Astet","echelle":"1/10000","surface":"2.69 km²","format":"A4","annee":"2016","cartographes":"T. PARDOEN","proprietaire":"07 - Ardèche","niveau":"National, International","specialite":"CO à ski","contacts":"CDCO 07, 06-48-09-82-92, cartotheque@cdco07.fr, http://cdco07.fr/ //  La Chavade, 07140 Saint-Pierre-Saint-Jean, 07140, Saint-Pierre-Saint-Jean","latitude":"44.6753347231","longitude":"4.01800276833","date_saisie":"09/01/2017","date_depot":"01/02/2017","valide":"Oui","ppo":"Oui (30 postes)","type_carte":"Extrait","base":"2006-D07-28 STATION NORDIQUE  DE LA CHAVADE - BEL AIR","fond":"Ortho","obsolete":false}},{"type":"Feature","geometry":{"type":"Polygon","coordinates":[[[4.2185,44.4601],[4.2172,44.4593],[4.21,44.4599],[4.2102,44.4641],[4.2121,44.4663],[4.2152,44.4663],[4.2192,44.4655],[4.2209,44.4641],[4.22,44.4628],[4.2185,44.4601]]]},"properties":{"id_ffco":"2016-D07-137","nom":"Lablachère","_dept":"07","numero":"2016-D07-137","commune":"Lablachère","echelle":"1/4000","surface":"0.53 km²","format":"A4","annee":"2016","cartographes":"Tomas PARDOEN","proprietaire":"07 - Ardèche","niveau":"Régional","specialite":"Sprint (ISSOM)","contacts":"CDCO 07, 06-48-09-82-92, cartotheque@cdco07.fr, http://cdco07.fr/","latitude":"44.4628555771","longitude":"4.21498180576","date_saisie":"01/12/2019","date_depot":"12/04/2021","valide":"Oui","ppo":"Non","type_carte":"Nouvelle carte","fond":"Cadastre","obsolete":false}},{"type":"Feature","geometry":{"type":"Polygon","coordinates":[[[4.2153,44.4043],[4.2143,44.4033],[4.2153,44.4028],[4.2146,44.4021],[4.2135,44.4026],[4.2133,44.4022],[4.2122,44.4026],[4.2131,44.4033],[4.2136,44.4034],[4.2132,44.4039],[4.2137,44.4041],[4.2133,44.4043],[4.2142,44.4052],[4.2145,44.4051],[4.2153,44.4043]]]},"properties":{"id_ffco":"2016-D07-136","nom":"Camping la Vignasse","_dept":"07","numero":"2016-D07-136","commune":"Les Borels","echelle":"1/2000","surface":"0.04 km²","format":"A5","annee":"2016","cartographes":"C.NEEL","niveau":"Initiation, Scolaire","specialite":"CO à pied","contacts":"Camping la Vignasse,  Terres du Moulin, , 07460, Berrias Casteljau, 04 75 39 30 44","latitude":"44.4034765881","longitude":"4.21401072096","date_saisie":"19/12/2016","date_depot":"01/02/2017","valide":"Oui","ppo":"Non","type_carte":"Nouvelle carte","fond":"Cadastre","obsolete":false}},{"type":"Feature","geometry":{"type":"Polygon","coordinates":[[[4.3612,44.4915],[4.3587,44.4913],[4.3544,44.4859],[4.3555,44.484],[4.3593,44.4815],[4.3657,44.4821],[4.3657,44.4895],[4.3612,44.4915]]]},"properties":{"id_ffco":"2016-D07-133","nom":"Chauzon","_dept":"07","numero":"2016-D07-133","commune":"Chauzon","echelle":"1/4000","surface":"0.75 km²","format":"A4","annee":"2016","cartographes":"C.NEEL","proprietaire":"07 - Ardèche","niveau":"Régional","specialite":"Sprint (ISSOM)","contacts":"CDCO 07, 06-48-09-82-92, cartotheque@cdco07.fr, http://cdco07.fr/","latitude":"44.4863029791","longitude":"4.36076455396","date_saisie":"14/12/2016","date_depot":"01/02/2017","valide":"Oui","ppo":"Non","type_carte":"Nouvelle carte","fond":"Cadastre","obsolete":false}},{"type":"Feature","geometry":{"type":"Polygon","coordinates":[[[4.3878,44.4004],[4.3853,44.399],[4.3848,44.3985],[4.386,44.3971],[4.387,44.3963],[4.3879,44.3957],[4.3886,44.3954],[4.3893,44.3948],[4.3901,44.3947],[4.3914,44.3948],[4.3921,44.3952],[4.3929,44.395],[4.3938,44.395],[4.3946,44.3948],[4.395,44.3952],[4.3956,44.395],[4.3959,44.3987],[4.392,44.399],[4.3894,44.3994],[4.3878,44.4004]]]},"properties":{"id_ffco":"2016-D07-132","nom":"Du CREPS au Port rive gauche","_dept":"07","numero":"2016-D07-132","commune":"Vallon Pont D'Arc","echelle":"1/3500","surface":"0.36 km²","format":"A4","annee":"2016","cartographes":"C CHANNAC","proprietaire":"07 - Ardèche","niveau":"Initiation, Scolaire","specialite":"CO à pied","contacts":"CDCO 07, 06-48-09-82-92, cartotheque@cdco07.fr, http://cdco07.fr/","latitude":"44.3973132537","longitude":"4.39069281054","date_saisie":"25/09/2017","date_depot":"26/01/2018","valide":"Oui","ppo":"Non","type_carte":"Nouvelle carte","fond":"Ortho","obsolete":false}},{"type":"Feature","geometry":{"type":"Polygon","coordinates":[[[4.2015,44.3715],[4.1993,44.3727],[4.1966,44.3735],[4.1942,44.3735],[4.1947,44.3768],[4.1969,44.3776],[4.199,44.3779],[4.201,44.3777],[4.205,44.3784],[4.2057,44.378],[4.2065,44.3779],[4.2068,44.3756],[4.2074,44.3739],[4.2065,44.3725],[4.2015,44.3715]]]},"properties":{"id_ffco":"2016-D07-131","nom":"Berrias village","_dept":"07","numero":"2016-D07-131","commune":"Berrias et Casteljau","echelle":"1/4000","surface":"0.58 km²","format":"A4","annee":"2016","cartographes":"Tomas PARDOEN","proprietaire":"07 - Ardèche","niveau":"Départemental","specialite":"Sprint (ISSOM)","contacts":"CDCO 07, 06-48-09-82-92, cartotheque@cdco07.fr, http://cdco07.fr/","latitude":"44.3751009637","longitude":"4.20122174167","date_saisie":"01/12/2019","date_depot":"12/04/2021","valide":"Oui","ppo":"Non","type_carte":"Nouvelle carte","fond":"Cadastre","obsolete":false}},{"type":"Feature","geometry":{"type":"Polygon","coordinates":[[[4.3221,44.934],[4.321,44.9348],[4.3197,44.9339],[4.3179,44.9339],[4.3168,44.934],[4.3169,44.9333],[4.3171,44.9329],[4.3154,44.9319],[4.3142,44.9316],[4.3127,44.9321],[4.3121,44.9322],[4.3121,44.9318],[4.3124,44.9314],[4.3109,44.9309],[4.3109,44.9305],[4.3115,44.9295],[4.313,44.9294],[4.314,44.9292],[4.3161,44.9301],[4.3198,44.932],[4.321,44.9327],[4.3221,44.934]]]},"properties":{"id_ffco":"2016-D07-130","nom":"Chanéac","_dept":"07","numero":"2016-D07-130","commune":"Chanéac","echelle":"1/4000","surface":"0.21 km²","format":"A4","annee":"2016","cartographes":"V. Chareyre","proprietaire":"07 - Ardèche","niveau":"Initiation, Scolaire","specialite":"Sprint (ISSOM)","contacts":"CDCO 07, 06-48-09-82-92, cartotheque@cdco07.fr, http://cdco07.fr/ // Chareyre Valentin, chareyre5007@laposte.net","latitude":"44.9317430434","longitude":"4.31635504025","date_saisie":"12/12/2016","date_depot":"26/01/2018","valide":"Oui","ppo":"Non","type_carte":"Nouvelle carte","fond":"Cadastre","obsolete":false}},{"type":"Feature","geometry":{"type":"Polygon","coordinates":[[[4.3896,44.6217],[4.3858,44.6219],[4.3849,44.6203],[4.3847,44.6193],[4.3849,44.6172],[4.3853,44.6158],[4.3854,44.615],[4.3896,44.6151],[4.3906,44.616],[4.3914,44.6174],[4.3922,44.6192],[4.3931,44.621],[4.3896,44.6217]]]},"properties":{"id_ffco":"2016-D07-129","nom":"Centre ville d'Aubenas","_dept":"07","numero":"2016-D07-129","commune":"Aubenas","echelle":"1/4000","surface":"0.39 km²","format":"A4","annee":"2016","cartographes":"Tomas PARDOEN","proprietaire":"07 - Ardèche","niveau":"Régional","specialite":"Sprint (ISSOM)","contacts":"CDCO 07, 06-48-09-82-92, cartotheque@cdco07.fr, http://cdco07.fr/","latitude":"44.6185913252","longitude":"4.38833862145","date_saisie":"10/12/2019","date_depot":"12/04/2021","valide":"Oui","ppo":"Non","type_carte":"Nouvelle carte","fond":"Cadastre","obsolete":false}},{"type":"Feature","geometry":{"type":"Polygon","coordinates":[[[4.1826,44.7569],[4.1813,44.7554],[4.1796,44.7536],[4.1785,44.7536],[4.1769,44.7537],[4.1766,44.7529],[4.1754,44.753],[4.1737,44.7534],[4.1733,44.7534],[4.1729,44.7526],[4.173,44.7517],[4.1704,44.7504],[4.1696,44.7493],[4.1686,44.7484],[4.1662,44.7481],[4.1654,44.7476],[4.1657,44.7464],[4.1645,44.7456],[4.1615,44.7452],[4.16,44.7453],[4.1593,44.7455],[4.1583,44.7444],[4.1573,44.7436],[4.1545,44.7416],[4.1529,44.7406],[4.1518,44.7384],[4.1502,44.7375],[4.1488,44.7373],[4.1442,44.7388],[4.1425,44.7403],[4.1403,44.7412],[4.1388,44.7429],[4.1383,44.7449],[4.1372,44.7465],[4.1373,44.748],[4.1375,44.749],[4.1363,44.7509],[4.135,44.7522],[4.1348,44.7534],[4.136,44.7554],[4.1358,44.7564],[4.1364,44.757],[4.1378,44.7576],[4.1398,44.7578],[4.1398,44.7587],[4.1414,44.7594],[4.1433,44.7594],[4.1446,44.7592],[4.1454,44.7584],[4.1473,44.7592],[4.1481,44.7605],[4.1493,44.7612],[4.1506,44.761],[4.1536,44.7622],[4.1548,44.7617],[4.1562,44.7604],[4.1566,44.7595],[4.1604,44.7608],[4.1618,44.7619],[4.1628,44.7627],[4.1636,44.7619],[4.1653,44.7616],[4.1686,44.7621],[4.1703,44.7608],[4.1717,44.7606],[4.1736,44.7615],[4.1751,44.7612],[4.1767,44.7607],[4.1785,44.7608],[4.1789,44.7596],[4.1804,44.7582],[4.1826,44.7569]]]},"properties":{"id_ffco":"2016-D07-128","nom":"Suc de Bauzon","_dept":"07","numero":"2016-D07-128","commune":"St Cirgues en Montagne","echelle":"1/10000","surface":"6.03 km²","format":"A3","annee":"2016","cartographes":"Bruno Mercier","proprietaire":"07 - Ardèche","niveau":"Régional","specialite":"CO à pied","contacts":"CDCO 07, 06-48-09-82-92, cartotheque@cdco07.fr, http://cdco07.fr/","latitude":"44.751965736","longitude":"4.15538406346","date_saisie":"10/12/2019","date_depot":"12/04/2021","valide":"Oui","ppo":"Non","type_carte":"Reprise","base":"2007-D07-31 LA MONTAGNE ARDECHOISE","fond":"Ortho","obsolete":false}},{"type":"Feature","geometry":{"type":"Polygon","coordinates":[[[4.3451,44.5236],[4.3475,44.5229],[4.3474,44.5201],[4.3459,44.5191],[4.344,44.5187],[4.3437,44.5183],[4.3448,44.5183],[4.3457,44.5175],[4.3441,44.5144],[4.3416,44.5082],[4.3404,44.5057],[4.3398,44.5043],[4.3397,44.5038],[4.3389,44.5041],[4.3384,44.505],[4.3326,44.5073],[4.332,44.5073],[4.3297,44.5086],[4.3287,44.5127],[4.3292,44.5135],[4.3295,44.5142],[4.3308,44.5142],[4.3321,44.5156],[4.332,44.5168],[4.3335,44.5177],[4.3352,44.5182],[4.3387,44.5188],[4.3397,44.5175],[4.342,44.522],[4.3438,44.5214],[4.3445,44.5236],[4.3451,44.5236]]]},"properties":{"id_ffco":"2016-D07-127","nom":"Les Gras d'Uzer","_dept":"07","numero":"2016-D07-127","commune":"Uzer","echelle":"1/7500","surface":"1.59 km²","format":"A4","annee":"2016","cartographes":"Tomas PARDOEN","proprietaire":"07 - Ardèche","niveau":"Régional","specialite":"CO à pied","contacts":"CDCO 07, 06-85-11-63-94, cartotheque@cdco07.fr, http://cdco07.fr/","latitude":"44.5134213229","longitude":"4.3380477445","date_saisie":"01/12/2019","date_depot":"12/04/2021","valide":"Oui","ppo":"Non","type_carte":"Nouvelle carte","fond":"Ortho","obsolete":false}},{"type":"Feature","geometry":{"type":"Polygon","coordinates":[[[4.0716,44.8232],[4.0712,44.8241],[4.0621,44.8233],[4.0554,44.8222],[4.057,44.8202],[4.0614,44.8183],[4.0626,44.8166],[4.0641,44.8165],[4.0716,44.8232]]]},"properties":{"id_ffco":"2016-D07-125","nom":"Village du Lac d'Issarlèss","_dept":"07","numero":"2016-D07-125","commune":"Issarlès","echelle":"1/4000","surface":"0.56 km²","format":"A4","annee":"2016","cartographes":"T.Pardoen","proprietaire":"07 - Ardèche","niveau":"Régional","specialite":"Sprint (ISSOM)","contacts":"CDCO 07, 06-48-09-82-92, cartotheque@cdco07.fr, http://cdco07.fr/","latitude":"44.8209378075","longitude":"4.063687259","date_saisie":"12/12/2016","date_depot":"26/01/2018","valide":"Oui","ppo":"Non","type_carte":"Nouvelle carte","fond":"Cadastre","obsolete":false}},{"type":"Feature","geometry":{"type":"Polygon","coordinates":[[[4.5905,44.446],[4.5865,44.4443],[4.583,44.4424],[4.5788,44.4397],[4.5766,44.4371],[4.5771,44.4363],[4.5768,44.4357],[4.5773,44.4345],[4.5792,44.4345],[4.5808,44.4347],[4.5826,44.4346],[4.5849,44.4338],[4.5859,44.4336],[4.5872,44.4359],[4.5894,44.4357],[4.5919,44.436],[4.5931,44.437],[4.5927,44.4398],[4.5955,44.4424],[4.5959,44.4438],[4.5951,44.4445],[4.5919,44.4451],[4.5905,44.446]]]},"properties":{"id_ffco":"2016-D07-124","nom":"Domaine D'Imbours Larnas","_dept":"07","numero":"2016-D07-124","commune":"Larnas","echelle":"1/7500","surface":"1.21 km²","format":"A4","annee":"2016","cartographes":"G. COUPAT","niveau":"Régional","specialite":"CO à pied","contacts":"CLUB L.O.U.PIERRELATTE, 04 75 52 58 23, 06 86 40 42 35, laure.coupat@free.fr, http://loup.segustero.com/","latitude":"44.4395172973","longitude":"4.58647190175","date_saisie":"28/12/2016","date_depot":"01/02/2017","valide":"Oui","ppo":"Oui (20 postes)","type_carte":"Reprise","base":"2000-D07-08 DOMAINE D'IMBOURS","fond":"Ortho","obsolete":false}},{"type":"Feature","geometry":{"type":"Polygon","coordinates":[[[4.6011,44.5656],[4.604,44.5653],[4.6039,44.5646],[4.6042,44.564],[4.6035,44.5632],[4.6035,44.5626],[4.6031,44.5621],[4.6031,44.5617],[4.603,44.5607],[4.6029,44.5597],[4.6035,44.5583],[4.6027,44.5576],[4.5982,44.5606],[4.5967,44.5616],[4.5968,44.5623],[4.5992,44.5623],[4.5997,44.5629],[4.5999,44.5644],[4.6011,44.5656]]]},"properties":{"id_ffco":"2016-D07-123","nom":"Alba les vestiges","_dept":"07","numero":"2016-D07-123","commune":"Alba la Romaine","echelle":"1/3000","surface":"0.27 km²","format":"A4","annee":"2016","cartographes":"C.NEEL","proprietaire":"07 - Ardèche","niveau":"Initiation, Scolaire","specialite":"CO à pied","contacts":"MUSEAL, Quartier, 07400,  Alba-la-Romaine, 04 75 52 45 15","latitude":"44.5619052949","longitude":"4.60117736618","date_saisie":"09/01/2017","date_depot":"01/02/2017","valide":"Oui","ppo":"Non","type_carte":"Reprise","base":"2009-D07-53 ALBA LA ROMAINE LES VESTIGES","fond":"Ortho","obsolete":false}},{"type":"Feature","geometry":{"type":"Polygon","coordinates":[[[4.2968,44.5479],[4.2954,44.5479],[4.2946,44.5499],[4.2919,44.5531],[4.2918,44.5549],[4.2931,44.5557],[4.2949,44.556],[4.2957,44.556],[4.2976,44.5551],[4.2969,44.5535],[4.2977,44.5532],[4.2986,44.5533],[4.2998,44.552],[4.2968,44.5479]]]},"properties":{"id_ffco":"2016-D07-122","nom":"Chassiers village","_dept":"07","numero":"2016-D07-122","commune":"Chassiers","echelle":"1/3000","surface":"0.34 km²","format":"A4","annee":"2016","cartographes":"Tomas PARDOEN","proprietaire":"07 - Ardèche","niveau":"Départemental","specialite":"Sprint (ISSOM)","contacts":"CDCO 07, 06-48-09-82-92, cartotheque@cdco07.fr, http://cdco07.fr/","latitude":"44.5523437657","longitude":"4.29561964755","date_saisie":"01/12/2019","date_depot":"12/04/2021","valide":"Oui","ppo":"Non","type_carte":"Nouvelle carte","fond":"Cadastre","obsolete":false}},{"type":"Feature","geometry":{"type":"Polygon","coordinates":[[[4.287,44.5621],[4.2863,44.5622],[4.2861,44.5628],[4.2855,44.5629],[4.2832,44.5613],[4.2837,44.5605],[4.2838,44.5598],[4.2849,44.5585],[4.2864,44.5575],[4.2877,44.5573],[4.2882,44.5566],[4.2889,44.5567],[4.2891,44.5573],[4.2884,44.5583],[4.2874,44.56],[4.2875,44.5611],[4.2877,44.5613],[4.2867,44.5614],[4.287,44.5621]]]},"properties":{"id_ffco":"2016-D07-121","nom":"Domaine des Ranchisses","_dept":"07","numero":"2016-D07-121","commune":"Largentière","echelle":"1/2500","surface":"0.16 km²","format":"A4","annee":"2016","cartographes":"T.Pardoen","proprietaire":"07 - Ardèche","niveau":"Initiation, Scolaire","specialite":"CO à pied","contacts":"Domaine des Ranchisses, route de Rocher, , 07110, Largentière, 04 75 88 31 97","latitude":"44.559852364","longitude":"4.28607289412","date_saisie":"12/12/2016","date_depot":"26/01/2018","valide":"Oui","ppo":"Oui (30 postes)","type_carte":"Nouvelle carte","fond":"Cadastre","obsolete":false}},{"type":"Feature","geometry":{"type":"Polygon","coordinates":[[[4.2368,44.4877],[4.2359,44.4874],[4.2355,44.4866],[4.2357,44.4856],[4.2354,44.485],[4.2354,44.4839],[4.2347,44.4836],[4.2353,44.4826],[4.234,44.4821],[4.233,44.4809],[4.2337,44.4796],[4.2348,44.4788],[4.2377,44.478],[4.2413,44.4776],[4.2434,44.478],[4.2448,44.4794],[4.2443,44.481],[4.2415,44.4816],[4.2394,44.4833],[4.2381,44.4852],[4.2368,44.4877]]]},"properties":{"id_ffco":"2016-D07-120","nom":"Ville de Joyeuse","_dept":"07","numero":"2016-D07-120","commune":"Joyeuse","echelle":"1/4000","surface":"0.52 km²","format":"A4","annee":"2016","cartographes":"C. NEEL","proprietaire":"07 - Ardèche","niveau":"Régional","specialite":"Sprint (ISSOM)","contacts":"CDCO 07, 06-48-09-82-92, cartotheque@cdco07.fr, http://cdco07.fr/","latitude":"44.4812395004","longitude":"4.2384255009","date_saisie":"12/12/2016","date_depot":"26/01/2018","valide":"Oui","ppo":"Oui (30 postes)","type_carte":"Nouvelle carte","fond":"Cadastre","obsolete":false}},{"type":"Feature","geometry":{"type":"Polygon","coordinates":[[[4.8822,44.9414],[4.8839,44.9415],[4.8847,44.9401],[4.8849,44.9372],[4.8847,44.9356],[4.8844,44.9351],[4.8839,44.9347],[4.8837,44.9351],[4.8828,44.9357],[4.8821,44.936],[4.8822,44.9363],[4.8818,44.9381],[4.8815,44.9403],[4.8815,44.9413],[4.8822,44.9414],[4.8822,44.9414]]]},"properties":{"id_ffco":"2003-D07-12","nom":"STADE MISTRAL","_dept":"07","numero":"2003-D07-12","commune":"GUILHERAND-GRANGES","echelle":"1/2500","surface":"0.15 km²","annee":"2003","cartographes":"PLOCKYN Daniel","proprietaire":"26 - Drôme","specialite":"CO à pied","contacts":"CDCO 26, cdco26@free.fr, http://cdco26.free.fr/index.html","latitude":"44.93816","longitude":"4.88322","date_saisie":"19/07/2013","valide":"Non","ppo":"Non","obsolete":false}},{"type":"Feature","geometry":{"type":"Polygon","coordinates":[[[4.4161,44.5523],[4.4128,44.5523],[4.412,44.5533],[4.4115,44.5567],[4.4123,44.5578],[4.4123,44.5595],[4.4115,44.5622],[4.4121,44.5651],[4.4134,44.5656],[4.4128,44.5674],[4.4126,44.5683],[4.4132,44.5695],[4.4144,44.5725],[4.4184,44.5718],[4.4213,44.5704],[4.4232,44.5701],[4.4255,44.5693],[4.4285,44.5696],[4.4302,44.5692],[4.4294,44.5674],[4.4265,44.5641],[4.4237,44.5616],[4.4217,44.5603],[4.4192,44.5591],[4.4187,44.5571],[4.4165,44.556],[4.416,44.5547],[4.4161,44.5523]]]},"properties":{"id_ffco":"2016-D07-119","nom":"Plateau de Vogüé (Sud-Ouest)","_dept":"07","numero":"2016-D07-119","commune":"Vogüé","echelle":"1/7500","surface":"1.74 km²","format":"A4","annee":"2016","cartographes":"T.Pardoen","proprietaire":"07 - Ardèche","niveau":"Régional","specialite":"CO à pied","contacts":"CDCO 07, 06-48-09-82-92, cartotheque@cdco07.fr, http://cdco07.fr/","latitude":"44.5638551611","longitude":"4.41848556708","date_saisie":"12/12/2016","date_depot":"26/01/2018","valide":"Oui","ppo":"Non","type_carte":"Reprise","base":"2006-D07-25 LES GRAS DE VOGUE","fond":"Ortho","obsolete":false}},{"type":"Feature","geometry":{"type":"Polygon","coordinates":[[[4.175,44.4232],[4.1757,44.4227],[4.1757,44.4219],[4.1753,44.4209],[4.1739,44.4203],[4.1709,44.4203],[4.1688,44.4197],[4.168,44.4187],[4.166,44.4188],[4.1648,44.4194],[4.163,44.4197],[4.1621,44.4206],[4.1611,44.4214],[4.1598,44.4218],[4.1582,44.422],[4.1576,44.4227],[4.158,44.4236],[4.16,44.4244],[4.1605,44.4253],[4.1603,44.4261],[4.1593,44.4266],[4.1587,44.4269],[4.1574,44.4271],[4.1572,44.4279],[4.158,44.4288],[4.1601,44.4304],[4.1622,44.4304],[4.1635,44.4293],[4.1651,44.4275],[4.168,44.4272],[4.1718,44.4265],[4.1733,44.4257],[4.175,44.4232]]]},"properties":{"id_ffco":"2016-D07-118","nom":"Les Assions","_dept":"07","numero":"2016-D07-118","commune":"Les Assions","echelle":"1/7500","surface":"1.11 km²","format":"A4","annee":"2016","cartographes":"T.Pardoen","proprietaire":"07 - Ardèche","niveau":"Régional","specialite":"CO à pied","contacts":"CDCO 07, 06-48-09-82-92, cartotheque@cdco07.fr, http://cdco07.fr/","latitude":"44.4240871327","longitude":"4.1660034493","date_saisie":"12/12/2016","date_depot":"26/01/2018","valide":"Oui","ppo":"Non","type_carte":"Nouvelle carte","fond":"Ortho","obsolete":false}},{"type":"Feature","geometry":{"type":"Polygon","coordinates":[[[4.1741,44.4147],[4.1768,44.4163],[4.1819,44.4162],[4.1824,44.4155],[4.1811,44.415],[4.1811,44.4141],[4.181,44.4126],[4.1804,44.4117],[4.181,44.4112],[4.1819,44.4109],[4.1833,44.4091],[4.1801,44.4084],[4.1789,44.4077],[4.1756,44.409],[4.1748,44.4113],[4.1745,44.4123],[4.1741,44.4147]]]},"properties":{"id_ffco":"2016-D07-117","nom":"Le Pontier","_dept":"07","numero":"2016-D07-117","commune":"Les Assions","echelle":"1/7500","surface":"0.47 km²","format":"A5","annee":"2016","cartographes":"C.NEEL","niveau":"Départemental","specialite":"CO à pied","contacts":"CDCO 07, 06-48-09-82-92, cartotheque@cdco07.fr, http://cdco07.fr/","latitude":"44.4122311749","longitude":"4.1782822392","date_saisie":"13/12/2016","date_depot":"26/01/2018","valide":"Oui","ppo":"Non","type_carte":"Nouvelle carte","fond":"Cadastre","obsolete":false}},{"type":"Feature","geometry":{"type":"Polygon","coordinates":[[[4.2366,44.4832],[4.2362,44.484],[4.2358,44.4849],[4.2356,44.4858],[4.2377,44.4861],[4.2383,44.4848],[4.2389,44.4841],[4.239,44.4838],[4.2366,44.4832]]]},"properties":{"id_ffco":"2015-D07-116","nom":"Le Stade de Joyeuse","_dept":"07","numero":"2015-D07-116","commune":"Joyeuse","echelle":"1/2500","surface":"0.05 km²","format":"A4","annee":"2015","cartographes":"NEEL Christophe","proprietaire":"07 - Ardèche","niveau":"Initiation, Scolaire","specialite":"CO à pied","contacts":"CDCO 07, 06-48-09-82-92, cartotheque@cdco07.fr, http://cdco07.fr/","latitude":"44.4846615407","longitude":"4.23716146487","date_saisie":"16/11/2015","date_depot":"13/02/2017","valide":"Oui","ppo":"Non","type_carte":"Nouvelle carte","fond":"Cadastre","obsolete":false}},{"type":"Feature","geometry":{"type":"Polygon","coordinates":[[[4.5866,44.9892],[4.5867,44.9851],[4.5855,44.985],[4.5853,44.9842],[4.5847,44.9835],[4.5837,44.983],[4.5818,44.9833],[4.5812,44.9819],[4.5801,44.9813],[4.5791,44.9818],[4.5771,44.9818],[4.5728,44.9813],[4.5722,44.9844],[4.5743,44.9857],[4.5761,44.9869],[4.5771,44.9881],[4.5786,44.9884],[4.5801,44.9884],[4.5817,44.988],[4.5834,44.9881],[4.5848,44.9891],[4.5866,44.9892]]]},"properties":{"id_ffco":"2015-D07-115","nom":"Lamastre ville","_dept":"07","numero":"2015-D07-115","commune":"Lamastre","echelle":"1/4000","surface":"0.66 km²","format":"A4","annee":"2015","cartographes":"PARDOEN THOMAS","proprietaire":"07 - Ardèche","niveau":"Départemental","specialite":"Sprint (ISSOM)","contacts":"CDCO 07, 06-85-11-63-94, cartotheque@cdco07.fr, http://cdco07.fr/","latitude":"44.9850849917","longitude":"4.57969485414","date_saisie":"16/11/2015","date_depot":"13/02/2017","valide":"Oui","ppo":"Oui (30 postes)","type_carte":"Nouvelle carte","fond":"Cadastre","obsolete":false}},{"type":"Feature","geometry":{"type":"Polygon","coordinates":[[[4.8154,45.0733],[4.8103,45.072],[4.8115,45.0675],[4.8147,45.0689],[4.8141,45.07],[4.8166,45.0708],[4.8184,45.072],[4.8172,45.0728],[4.8154,45.0733]]]},"properties":{"id_ffco":"2015-D07-114","nom":"STADE DE TOURNON","_dept":"07","numero":"2015-D07-114","commune":"TOURNON","echelle":"1/2500","surface":"0.21 km²","format":"A4","annee":"2015","cartographes":"PARDOEN THOMAS","proprietaire":"07 - Ardèche","niveau":"Initiation, Scolaire","specialite":"CO à pied","contacts":"CDCO 07, 06-48-09-82-92, cartotheque@cdco07.fr, http://cdco07.fr/","latitude":"45.0709237712","longitude":"4.81374004844","date_saisie":"27/10/2015","date_depot":"13/02/2017","valide":"Oui","ppo":"Non","type_carte":"Nouvelle carte","fond":"Cadastre","obsolete":false}},{"type":"Feature","geometry":{"type":"Polygon","coordinates":[[[4.6413,45.2073],[4.6427,45.2061],[4.6441,45.2048],[4.645,45.2036],[4.6364,45.1987],[4.634,45.2002],[4.6318,45.2015],[4.6319,45.2023],[4.6333,45.2038],[4.6381,45.2067],[4.6397,45.2073],[4.6413,45.2073]]]},"properties":{"id_ffco":"2015-D07-113","nom":"Peyre Buf St Alban d'Ay","_dept":"07","numero":"2015-D07-113","commune":"St Alban d'Ay","echelle":"1/5000","surface":"0.55 km²","format":"A4","annee":"2015","cartographes":"PARDOEN THOMAS","proprietaire":"07 - Ardèche","niveau":"Initiation, Scolaire","specialite":"CO à pied","contacts":"CDCO 07, 06-48-09-82-92, cartotheque@cdco07.fr, http://cdco07.fr/","latitude":"45.203194315","longitude":"4.63825764537","date_saisie":"16/11/2015","date_depot":"13/02/2017","valide":"Oui","ppo":"Non","type_carte":"Nouvelle carte","fond":"Cadastre","obsolete":false}},{"type":"Feature","geometry":{"type":"Polygon","coordinates":[[[4.0952,44.7581],[4.0955,44.7576],[4.0961,44.7578],[4.0974,44.7579],[4.098,44.7574],[4.0984,44.757],[4.0981,44.7566],[4.0973,44.7566],[4.0968,44.7563],[4.0961,44.7557],[4.0966,44.7551],[4.0966,44.7545],[4.0962,44.7541],[4.0931,44.7542],[4.0922,44.7547],[4.0908,44.7547],[4.0894,44.7551],[4.0888,44.7551],[4.0879,44.7552],[4.0878,44.7557],[4.0882,44.7561],[4.0892,44.7565],[4.0902,44.7571],[4.0907,44.7579],[4.0939,44.7583],[4.0952,44.7581]]]},"properties":{"id_ffco":"2015-D07-112","nom":"St Cirgues en Montagne","_dept":"07","numero":"2015-D07-112","commune":"St Cirgues en Montagne","echelle":"1/4000","surface":"0.25 km²","format":"A4","annee":"2015","cartographes":"PARDOEN THOMAS","proprietaire":"07 - Ardèche","niveau":"Départemental","specialite":"Sprint (ISSOM)","latitude":"44.7562192071","longitude":"4.09325321387","date_saisie":"16/11/2015","date_depot":"13/02/2017","valide":"Oui","ppo":"Non","type_carte":"Nouvelle carte","fond":"Cadastre","obsolete":false}},{"type":"Feature","geometry":{"type":"Polygon","coordinates":[[[4.101,44.6123],[4.089,44.6103],[4.0795,44.6103],[4.0746,44.6072],[4.0725,44.6095],[4.0677,44.6152],[4.067,44.6186],[4.0625,44.6191],[4.0584,44.6222],[4.0545,44.624],[4.0497,44.6238],[4.0418,44.6259],[4.0328,44.6285],[4.0244,44.6325],[4.0174,44.6401],[4.011,44.6403],[4.0074,44.6409],[4.0057,44.6426],[4.0043,44.6469],[3.988,44.6459],[3.9815,44.6487],[3.9728,44.6522],[3.9731,44.6573],[3.9681,44.6671],[3.9669,44.6905],[3.9618,44.7025],[3.9745,44.7076],[4.0062,44.6912],[4.0097,44.6927],[4.0207,44.6894],[4.0237,44.6878],[4.0231,44.6854],[4.0246,44.6805],[4.0267,44.6767],[4.027,44.6726],[4.0239,44.6715],[4.026,44.6665],[4.0258,44.6646],[4.0308,44.6654],[4.0364,44.666],[4.0526,44.6662],[4.0579,44.659],[4.0687,44.6478],[4.0792,44.6445],[4.0879,44.643],[4.1049,44.6415],[4.1133,44.64],[4.1123,44.6359],[4.1073,44.6357],[4.1063,44.6373],[4.1031,44.636],[4.0974,44.6356],[4.1012,44.6318],[4.0976,44.629],[4.0941,44.627],[4.0989,44.6246],[4.1082,44.6222],[4.1101,44.613],[4.1075,44.6161],[4.1037,44.6164],[4.1055,44.6103],[4.101,44.6123]]]},"properties":{"id_ffco":"2015-D07-110","nom":"Cevennes et Montagne Ardéchoise","_dept":"07","numero":"2015-D07-110","commune":"St Etienne de Lugdares","echelle":"1/20000","surface":"51.32 km²","format":"A3","annee":"2015","cartographes":"Coti Marian, Bruno Marchegay","proprietaire":"07 - Ardèche","niveau":"National, International","specialite":"Raid'O","contacts":"CDCO 07, 06-48-09-82-92, cartotheque@cdco07.fr, http://cdco07.fr/","latitude":"44.6549001908","longitude":"4.02861003517","date_saisie":"18/05/2015","date_depot":"13/02/2017","valide":"Oui","ppo":"Non","type_carte":"Nouvelle carte","fond":"Ortho","obsolete":false}},{"type":"Feature","geometry":{"type":"Polygon","coordinates":[[[4.1318,44.4102],[4.1386,44.41],[4.1387,44.4039],[4.1341,44.4025],[4.1304,44.4043],[4.1257,44.4048],[4.1258,44.4048],[4.1239,44.4048],[4.1242,44.4072],[4.1241,44.4099],[4.1318,44.4102]]]},"properties":{"id_ffco":"2014-D07-109","nom":"LES VANS","_dept":"07","numero":"2014-D07-109","commune":"LES VANS","echelle":"1/4000","surface":"0.8 km²","format":"A4","annee":"2014","cartographes":"PARDOEN THOMAS","proprietaire":"07 - Ardèche","niveau":"Régional","specialite":"Sprint (ISSOM)","contacts":"CDCO 07, 06-48-09-82-92, cartotheque@cdco07.fr, http://cdco07.fr/","latitude":"44.4069267841","longitude":"4.13181256249","date_saisie":"27/10/2015","date_depot":"13/02/2017","valide":"Oui","ppo":"Non","type_carte":"Nouvelle carte","fond":"Cadastre","obsolete":false}},{"type":"Feature","geometry":{"type":"Polygon","coordinates":[[[4.2643,44.3699],[4.2623,44.3706],[4.2593,44.3723],[4.2548,44.3755],[4.256,44.381],[4.2566,44.383],[4.2578,44.3849],[4.2602,44.3857],[4.264,44.3864],[4.2656,44.3869],[4.2675,44.3865],[4.2703,44.3876],[4.2728,44.3871],[4.2748,44.3861],[4.2781,44.3866],[4.2816,44.3866],[4.2827,44.3853],[4.2822,44.3835],[4.2815,44.3812],[4.2798,44.3809],[4.2781,44.3795],[4.2742,44.3757],[4.2719,44.3737],[4.2681,44.3727],[4.2643,44.3699]]]},"properties":{"id_ffco":"2014-D07-108","nom":"DOMAINE DU ROURET-MTB","_dept":"07","numero":"2014-D07-108","commune":"GROSPIERRE","echelle":"1/10000","surface":"2.76 km²","format":"A4","annee":"2014","cartographes":"PARDOEN THOMAS","proprietaire":"07 - Ardèche","niveau":"Départemental","specialite":"CO à VTT","contacts":"CDCO 07, 06-48-09-82-92, cartotheque@cdco07.fr, http://cdco07.fr/","latitude":"44.3798800071","longitude":"4.26746758719","date_saisie":"27/10/2015","date_depot":"13/02/2017","valide":"Oui","ppo":"Non","type_carte":"Nouvelle carte","fond":"Cadastre","obsolete":false}},{"type":"Feature","geometry":{"type":"Polygon","coordinates":[[[4.29,44.4729],[4.2945,44.4693],[4.2993,44.4634],[4.3048,44.4572],[4.3214,44.4573],[4.3236,44.4908],[4.3214,44.4915],[4.3204,44.493],[4.3183,44.4938],[4.3166,44.4959],[4.3171,44.4991],[4.3183,44.5014],[4.2866,44.4996],[4.2792,44.4963],[4.2872,44.4852],[4.2814,44.4781],[4.29,44.4729]]]},"properties":{"id_ffco":"2015-D07-107","nom":"Les Gras de Chapias","_dept":"07","numero":"2015-D07-107","commune":"Chapias","echelle":"1/15000","surface":"12.44 km²","format":"A4","annee":"2015","cartographes":"PARDOEN THOMAS","proprietaire":"07 - Ardèche","niveau":"Départemental","specialite":"CO à VTT","contacts":"CDCO 07, 06-48-09-82-92, cartotheque@cdco07.fr, http://cdco07.fr/","latitude":"44.4809781706","longitude":"4.3046461834","date_saisie":"16/11/2015","date_depot":"13/02/2017","valide":"Oui","ppo":"Non","type_carte":"Nouvelle carte","fond":"Ortho","obsolete":false}},{"type":"Feature","geometry":{"type":"Polygon","coordinates":[[[4.4018,44.5322],[4.3964,44.5324],[4.3938,44.5289],[4.392,44.5253],[4.392,44.5249],[4.392,44.5231],[4.3956,44.5232],[4.4007,44.5295],[4.4015,44.53],[4.4018,44.5322]]]},"properties":{"id_ffco":"2014-D07-106","nom":"LANAS VILLAGE","_dept":"07","numero":"2014-D07-106","commune":"lanas","echelle":"1/4000","surface":"0.46 km²","format":"A4","annee":"2014","cartographes":"PARDOEN THOMAS","proprietaire":"07 - Ardèche","niveau":"Départemental","specialite":"CO à pied","contacts":"CDCO 07, 06-48-09-82-92, cartotheque@cdco07.fr, http://cdco07.fr/","latitude":"44.5280395463","longitude":"4.39653217318","date_saisie":"27/10/2015","date_depot":"13/02/2017","valide":"Oui","ppo":"Non","type_carte":"Nouvelle carte","fond":"Cadastre","obsolete":false}},{"type":"Feature","geometry":{"type":"Polygon","coordinates":[[[4.1909,44.4058],[4.1953,44.4059],[4.1947,44.4032],[4.1933,44.4006],[4.1951,44.3968],[4.201,44.3979],[4.2082,44.3976],[4.2164,44.4062],[4.2265,44.401],[4.227,44.3974],[4.2242,44.3937],[4.2274,44.3916],[4.2358,44.3932],[4.2341,44.3863],[4.2247,44.3851],[4.2207,44.3817],[4.2169,44.3796],[4.2146,44.3763],[4.2073,44.3733],[4.2008,44.3733],[4.1958,44.3742],[4.1849,44.3735],[4.1773,44.3728],[4.1739,44.3756],[4.1697,44.3774],[4.1727,44.3792],[4.175,44.3801],[4.1739,44.3829],[4.1714,44.385],[4.1674,44.3963],[4.1724,44.397],[4.1761,44.3968],[4.1797,44.3973],[4.1909,44.4058]]]},"properties":{"id_ffco":"2014-D07-105","nom":"carte de rando Berrias et Casteljau","_dept":"07","numero":"2014-D07-105","commune":"Berrias et Casteljau","echelle":"1/15000","surface":"12.69 km²","format":"A3","annee":"2014","cartographes":"Tomas PARDOEN, Cristophe NEEL","proprietaire":"07 - Ardèche","niveau":"Départemental","specialite":"Rand'O","contacts":"CDCO 07, 06-48-09-82-92, cartotheque@cdco07.fr, http://cdco07.fr/","latitude":"44.3882190622","longitude":"4.19923581072","date_saisie":"10/12/2019","valide":"Non","ppo":"Non","type_carte":"Nouvelle carte","fond":"Ortho","obsolete":false}},{"type":"Feature","geometry":{"type":"Polygon","coordinates":[[[4.1987,44.3972],[4.1973,44.397],[4.1957,44.397],[4.195,44.398],[4.1944,44.3993],[4.1938,44.4005],[4.193,44.401],[4.1929,44.4001],[4.1935,44.3986],[4.1929,44.398],[4.1935,44.397],[4.1943,44.3958],[4.1949,44.3948],[4.1961,44.3947],[4.1974,44.3947],[4.1983,44.3954],[4.1991,44.3961],[4.1987,44.3972]]]},"properties":{"id_ffco":"2014-D07-104","nom":"Mazet Plage","_dept":"07","numero":"2014-D07-104","commune":"Berrias et Casteljau","echelle":"1/4000","surface":"0.13 km²","format":"A4","annee":"2014","cartographes":"PARDOEN THOMAS","proprietaire":"07 - Ardèche","niveau":"Initiation, Scolaire","specialite":"CO à pied","contacts":"CDCO 07, 06-48-09-82-92, cartotheque@cdco07.fr, http://cdco07.fr/","latitude":"44.3969150408","longitude":"4.19555871298","date_saisie":"16/11/2015","date_depot":"13/02/2017","valide":"Oui","ppo":"Non","type_carte":"Nouvelle carte","fond":"Cadastre","obsolete":false}},{"type":"Feature","geometry":{"type":"Polygon","coordinates":[[[4.5825,44.6981],[4.5828,44.6997],[4.5831,44.7008],[4.5844,44.7032],[4.5847,44.7043],[4.5854,44.7045],[4.5872,44.7048],[4.5881,44.706],[4.5895,44.7067],[4.5909,44.7075],[4.5922,44.7086],[4.5932,44.7088],[4.5967,44.71],[4.5979,44.7102],[4.5986,44.7099],[4.5967,44.7074],[4.5946,44.7058],[4.5936,44.7044],[4.592,44.7025],[4.5902,44.7001],[4.5886,44.6981],[4.5887,44.6975],[4.5825,44.6981]]]},"properties":{"id_ffco":"2017-D07-1033","nom":"Chabanet","_dept":"07","numero":"2017-D07-1033","commune":"PRIVAS","echelle":"1/5000","surface":"0.71 km²","format":"A4","annee":"2017","cartographes":"C NEEL","proprietaire":"07 - Ardèche","niveau":"Initiation, Scolaire","specialite":"CO à pied","contacts":"CDCO 07, 06-48-09-82-92, cartotheque@cdco07.fr, http://cdco07.fr/","latitude":"44.7034661977","longitude":"4.58949584315","date_saisie":"23/09/2017","date_depot":"26/01/2018","valide":"Oui","ppo":"Non","type_carte":"Nouvelle carte","fond":"Ortho","obsolete":false}},{"type":"Feature","geometry":{"type":"Polygon","coordinates":[[[4.4011,44.6056],[4.4007,44.6052],[4.4007,44.604],[4.4018,44.6038],[4.4019,44.6032],[4.4022,44.603],[4.4041,44.6032],[4.4038,44.6041],[4.4033,44.6048],[4.4011,44.6056]]]},"properties":{"id_ffco":"2016-D07-1032","nom":"Lycée Olivier de Serres","_dept":"07","numero":"2016-D07-1032","commune":"Aubenas","echelle":"1/2000","surface":"0.05 km²","format":"A5","annee":"2016","cartographes":"T. PARDOEN","niveau":"Initiation, Scolaire","specialite":"CO à pied","contacts":"Lycée Olivier de Serres","latitude":"44.6042032519","longitude":"4.40229289388","date_saisie":"28/12/2016","date_depot":"26/01/2018","valide":"Oui","ppo":"Non","type_carte":"Reprise","base":"2006-D07-1001 LYCEE AGRICOLE OLIVIER DE SERRE","fond":"Ortho","obsolete":false}},{"type":"Feature","geometry":{"type":"Polygon","coordinates":[[[4.5036,44.5587],[4.5042,44.5584],[4.5035,44.5573],[4.5034,44.5573],[4.5034,44.5572],[4.5029,44.5575],[4.5034,44.558],[4.503,44.5583],[4.5036,44.5587]]]},"properties":{"id_ffco":"2016-D07-1030","nom":"Villeneuve de Berg école privée et parc public","_dept":"07","numero":"2016-D07-1030","commune":"Villeneuve de Berg","echelle":"1/1000","surface":"0.01 km²","format":"A5","annee":"2016","cartographes":"C.NEEL","niveau":"Initiation, Scolaire","specialite":"CO à pied","contacts":"CDCO 07, 06-48-09-82-92, cartotheque@cdco07.fr, http://cdco07.fr/","latitude":"44.5579876839","longitude":"4.50353101739","date_saisie":"14/12/2016","valide":"Non","ppo":"Non","type_carte":"Nouvelle carte","fond":"Cadastre","obsolete":false}},{"type":"Feature","geometry":{"type":"Polygon","coordinates":[[[4.3148,44.8008],[4.3132,44.8006],[4.3113,44.8008],[4.3091,44.8001],[4.3092,44.7986],[4.3084,44.7976],[4.3073,44.7962],[4.3044,44.7937],[4.303,44.7923],[4.3011,44.7917],[4.3018,44.7901],[4.303,44.7884],[4.3036,44.7869],[4.3053,44.7878],[4.3071,44.7881],[4.3087,44.7903],[4.311,44.7903],[4.3144,44.7898],[4.3153,44.7912],[4.3171,44.7925],[4.3187,44.7937],[4.3182,44.7953],[4.3203,44.7959],[4.3194,44.7974],[4.3171,44.7974],[4.3148,44.8008]]]},"properties":{"id_ffco":"2014-D07-103","nom":"SUC DE L'AREILLADOU","_dept":"07","numero":"2014-D07-103","commune":"07530 MEZILHAC","echelle":"1/7500","surface":"1.16 km²","format":"A4","annee":"2014","cartographes":"PARDOEN Thomas","niveau":"Régional","specialite":"CO à pied","contacts":"CDCO 07, 06-85-11-63-94, cartotheque@cdco07.fr, http://cdco07.fr/","latitude":"44.79361","longitude":"4.31329","date_saisie":"01/01/2015","date_depot":"22/01/2016","valide":"Oui","ppo":"Non","type_carte":"Nouvelle carte","fond":"IGN","obsolete":false}},{"type":"Feature","geometry":{"type":"Polygon","coordinates":[[[4.498,44.5553],[4.499,44.5559],[4.4985,44.5564],[4.498,44.5572],[4.497,44.5571],[4.4971,44.556],[4.4972,44.5556],[4.4978,44.5553],[4.498,44.5553]]]},"properties":{"id_ffco":"2016-D07-1029","nom":"Villeneuve de Berg ecole et parc public","_dept":"07","numero":"2016-D07-1029","commune":"Villeneuve de Berg","echelle":"1/1000","surface":"0.02 km²","format":"A5","annee":"2016","cartographes":"C.NEEL","niveau":"Initiation, Scolaire","specialite":"CO à pied","contacts":"CDCO 07, 06-48-09-82-92, cartotheque@cdco07.fr, http://cdco07.fr/","latitude":"44.5562393853","longitude":"4.49782061474","date_saisie":"14/12/2016","date_depot":"13/02/2017","valide":"Oui","ppo":"Non","type_carte":"Nouvelle carte","fond":"Cadastre","obsolete":false}},{"type":"Feature","geometry":{"type":"Polygon","coordinates":[[[4.6497,45.2242],[4.6482,45.2224],[4.6504,45.2214],[4.6518,45.2232],[4.6497,45.2242]]]},"properties":{"id_ffco":"2014-D07-1028","nom":"STADE DE LA GARDE -ROIFFIEUX","_dept":"07","numero":"2014-D07-1028","commune":"07100 ROIFFIEUX,","echelle":"1/2000","surface":"0.05 km²","format":"A4","annee":"2014","cartographes":"PARDOEN Thomas","niveau":"Initiation, Scolaire","specialite":"CO à pied","contacts":"CDCO 07, 06-85-11-63-94, cartotheque@cdco07.fr, http://cdco07.fr/","latitude":"45.22285","longitude":"4.65008","date_saisie":"13/03/2014","date_depot":"12/02/2016","valide":"Oui","ppo":"Non","type_carte":"Nouvelle carte","fond":"Cadastre","obsolete":false}},{"type":"Feature","geometry":null,"properties":{"id_ffco":"2014-D07-1027","nom":"STADE ET GYMNASE DES VANS","_dept":"07","numero":"2014-D07-1027","commune":"LES VANS","echelle":"1/750","surface":"0.2 km²","format":"A4","annee":"2014","cartographes":"PARDOEN Thomas","niveau":"Initiation, Scolaire","specialite":"CO à pied","contacts":"CDCO 07, 06-85-11-63-94, cartotheque@cdco07.fr, http://cdco07.fr/","latitude":"44.40262","longitude":"4.13479","date_saisie":"01/01/2015","valide":"Non","ppo":"Non","type_carte":"Nouvelle carte","fond":"Cadastre","obsolete":false}},{"type":"Feature","geometry":{"type":"Polygon","coordinates":[[[4.1344,44.4098],[4.1337,44.4094],[4.1338,44.4092],[4.1343,44.4092],[4.1343,44.409],[4.1351,44.409],[4.1351,44.4091],[4.1344,44.4098]]]},"properties":{"id_ffco":"2013-D07-1026","nom":"PLATEAU DU COLLEGE - LES VANS","_dept":"07","numero":"2013-D07-1026","commune":"LES VANS","echelle":"1/750","surface":"0.0 km²","format":"A4","annee":"2013","cartographes":"PARDOEN Thomas","niveau":"Initiation, Scolaire","specialite":"CO à pied","contacts":"CDCO 07, 06-85-11-63-94, cartotheque@cdco07.fr, http://cdco07.fr/","latitude":"44.4093245216","longitude":"4.1344403635","date_saisie":"13/03/2014","date_depot":"12/02/2016","valide":"Oui","ppo":"Non","type_carte":"Nouvelle carte","fond":"Cadastre","obsolete":false}},{"type":"Feature","geometry":{"type":"Polygon","coordinates":[[[4.1339,44.4043],[4.1345,44.4044],[4.1345,44.4044],[4.1348,44.4044],[4.135,44.4042],[4.1352,44.4033],[4.1342,44.4034],[4.1342,44.4038],[4.1341,44.404],[4.1339,44.4042],[4.1339,44.4043]]]},"properties":{"id_ffco":"2013-D07-1025","nom":"PARC PUBLIC - LES VANS","_dept":"07","numero":"2013-D07-1025","commune":"LES VANS","echelle":"1/750","surface":"0.01 km²","format":"A4","annee":"2013","cartographes":"PARDOEN Thomas","niveau":"Initiation, Scolaire","specialite":"CO à pied","contacts":"CDCO 07, 06-85-11-63-94, cartotheque@cdco07.fr, http://cdco07.fr/","latitude":"44.40394","longitude":"4.13445","date_saisie":"13/03/2014","date_depot":"12/02/2016","valide":"Oui","ppo":"Non","type_carte":"Nouvelle carte","fond":"Cadastre","obsolete":false}},{"type":"Feature","geometry":{"type":"Polygon","coordinates":[[[4.6906,44.5517],[4.6898,44.552],[4.6887,44.5501],[4.688,44.5504],[4.6877,44.5499],[4.6871,44.55],[4.6865,44.549],[4.6864,44.5474],[4.6852,44.5473],[4.6866,44.5449],[4.6874,44.544],[4.688,44.5434],[4.6903,44.5439],[4.6893,44.5461],[4.6893,44.5481],[4.6903,44.5508],[4.6906,44.5517]]]},"properties":{"id_ffco":"2013-D07-1024","nom":"COLLEGE MARCEL CHAMONTIN - LE  TEIL","_dept":"07","numero":"2013-D07-1024","commune":"LE TEIL","echelle":"1/3000","surface":"0.2 km²","format":"A4","annee":"2013","cartographes":"PARDOEN Thomas","proprietaire":"07 - Ardèche","niveau":"Initiation, Scolaire","specialite":"CO à pied","contacts":"CDCO 07, 06-85-11-63-94, cartotheque@cdco07.fr, http://cdco07.fr/","latitude":"44.54771","longitude":"4.68791","date_saisie":"19/07/2013","date_depot":"12/02/2016","valide":"Oui","ppo":"Non","type_carte":"Nouvelle carte","fond":"Cadastre","obsolete":false}},{"type":"Feature","geometry":{"type":"Polygon","coordinates":[[[4.7296,44.9383],[4.7291,44.9387],[4.7299,44.9397],[4.7305,44.9395],[4.731,44.9397],[4.7312,44.9395],[4.7321,44.9395],[4.733,44.9398],[4.7338,44.9399],[4.7344,44.9398],[4.7353,44.9401],[4.7359,44.9404],[4.736,44.9397],[4.7354,44.9395],[4.735,44.9392],[4.7342,44.9393],[4.7332,44.9391],[4.7323,44.9387],[4.7319,44.9383],[4.7315,44.9379],[4.7309,44.9381],[4.7305,44.9382],[4.7301,44.938],[4.7297,44.9376],[4.7296,44.9378],[4.7296,44.9383]]]},"properties":{"id_ffco":"2012-D07-1023","nom":"CAMPING D'ALBOUSSIERE","_dept":"07","numero":"2012-D07-1023","commune":"ALBOUSSIERE","echelle":"1/2000","surface":"0.06 km²","format":"A4","annee":"2012","cartographes":"PARDOEN Thomas","proprietaire":"07 - Ardèche","niveau":"Initiation, Scolaire","specialite":"CO à pied","contacts":"CDCO 07, 06-85-11-63-94, cartotheque@cdco07.fr, http://cdco07.fr/","latitude":"44.93902","longitude":"4.73257","date_saisie":"19/07/2013","date_depot":"12/02/2016","valide":"Oui","ppo":"Non","type_carte":"Nouvelle carte","fond":"Cadastre","obsolete":false}},{"type":"Feature","geometry":{"type":"Polygon","coordinates":[[[4.1396,44.4122],[4.1384,44.4118],[4.138,44.4122],[4.1378,44.4123],[4.1377,44.4127],[4.1375,44.4133],[4.1373,44.414],[4.1391,44.414],[4.1392,44.4135],[4.1394,44.4132],[4.1394,44.4128],[4.1395,44.4125],[4.1396,44.4124],[4.1396,44.4122]]]},"properties":{"id_ffco":"2012-D07-1022","nom":"CAMPING LES CHATAIGNIERS","_dept":"07","numero":"2012-D07-1022","commune":"LES VANS","echelle":"1/1500","surface":"0.03 km²","format":"A5","annee":"2012","cartographes":"PARDOEN Thomas","proprietaire":"07 - Ardèche","niveau":"Initiation, Scolaire","specialite":"CO à pied","contacts":"CDCO 07, 06-85-11-63-94, cartotheque@cdco07.fr, http://cdco07.fr/","latitude":"44.41291","longitude":"4.13847","date_saisie":"19/07/2013","date_depot":"12/02/2016","valide":"Oui","ppo":"Non","type_carte":"Nouvelle carte","fond":"Cadastre","obsolete":false}},{"type":"Feature","geometry":{"type":"Polygon","coordinates":[[[4.6444,45.2245],[4.6435,45.2233],[4.6426,45.2204],[4.6416,45.2195],[4.6399,45.2182],[4.6371,45.2151],[4.6365,45.2164],[4.636,45.218],[4.6352,45.2185],[4.6366,45.2204],[4.6373,45.2217],[4.6376,45.2231],[4.6387,45.2245],[4.6403,45.2257],[4.6414,45.2261],[4.6419,45.2266],[4.6433,45.2276],[4.6437,45.228],[4.644,45.2276],[4.644,45.2257],[4.6444,45.2245]]]},"properties":{"id_ffco":"2012-D07-1021","nom":"FORET COMMUNALE DE ROIFFIEUX","_dept":"07","numero":"2012-D07-1021","commune":"ROIFFIEUX","echelle":"1/5000","surface":"0.45 km²","format":"A4","annee":"2012","cartographes":"PARDOEN Thomas","proprietaire":"07 - Ardèche","niveau":"Initiation, Scolaire","specialite":"CO à pied","contacts":"CDCO 07, 06-85-11-63-94, cartotheque@cdco07.fr, http://cdco07.fr/","latitude":"45.22154","longitude":"4.63979","date_saisie":"19/07/2013","date_depot":"12/02/2016","valide":"Oui","ppo":"Non","type_carte":"Nouvelle carte","fond":"Cadastre","obsolete":false}},{"type":"Feature","geometry":{"type":"Polygon","coordinates":[[[4.2148,44.7086],[4.2154,44.7078],[4.216,44.7074],[4.2165,44.7073],[4.2169,44.7071],[4.2171,44.7069],[4.2172,44.7066],[4.2175,44.7063],[4.2179,44.7062],[4.2188,44.7062],[4.2187,44.7069],[4.2184,44.7072],[4.2189,44.7076],[4.2188,44.7083],[4.2179,44.7089],[4.217,44.7094],[4.2158,44.7094],[4.2153,44.7087],[4.2148,44.7086]]]},"properties":{"id_ffco":"2012-D07-1020","nom":"LE PRES BONNEFOIS","_dept":"07","numero":"2012-D07-1020","commune":"07560 MONTPEZAT SOUS BAUZON,","echelle":"1/3000","surface":"0.07 km²","format":"A4","annee":"2012","cartographes":"PARDOEN Thomas","proprietaire":"07 - Ardèche","niveau":"Initiation, Scolaire","specialite":"CO à pied","contacts":"CDCO 07, 06-85-11-63-94, cartotheque@cdco07.fr, http://cdco07.fr/","latitude":"44.7078","longitude":"4.21688","date_saisie":"19/07/2013","date_depot":"12/02/2016","valide":"Oui","ppo":"Non","type_carte":"Nouvelle carte","fond":"Cadastre","obsolete":false}},{"type":"Feature","geometry":{"type":"Polygon","coordinates":[[[4.3445,44.4479],[4.3439,44.4478],[4.3435,44.4481],[4.3418,44.4468],[4.3442,44.4453],[4.3445,44.4459],[4.3446,44.4466],[4.3445,44.4471],[4.3448,44.4475],[4.3445,44.4479]]]},"properties":{"id_ffco":"2013-D07-102","nom":"LES ANTALOS","_dept":"07","numero":"2013-D07-102","commune":"07120 RUOMS,","echelle":"1/1000","surface":"0.04 km²","format":"A4","annee":"2013","cartographes":"PARDOEN Thomas","niveau":"Initiation, Scolaire","specialite":"CO à pied","contacts":"CDCO 07, 06-85-11-63-94, cartotheque@cdco07.fr, http://cdco07.fr/","latitude":"44.44679","longitude":"4.3435","date_saisie":"13/03/2014","date_depot":"12/02/2016","valide":"Oui","ppo":"Oui (42 postes)","type_carte":"Nouvelle carte","fond":"Cadastre","obsolete":false}},{"type":"Feature","geometry":{"type":"Polygon","coordinates":[[[4.2135,44.7071],[4.2145,44.7075],[4.2139,44.7079],[4.2148,44.7081],[4.2157,44.7084],[4.2153,44.7089],[4.215,44.7097],[4.2146,44.7104],[4.2138,44.7109],[4.2125,44.7123],[4.21,44.7133],[4.2086,44.7131],[4.2076,44.7123],[4.2071,44.7116],[4.2076,44.7105],[4.2087,44.71],[4.2092,44.7098],[4.2099,44.7091],[4.2107,44.7087],[4.2119,44.7082],[4.2135,44.7071]]]},"properties":{"id_ffco":"2012-D07-1019","nom":"COLLEGE DE MONTPEZAT","_dept":"07","numero":"2012-D07-1019","commune":"07560 MONTPEZAT SOUS BAUZON,","echelle":"1/3000","surface":"0.25 km²","format":"A4","annee":"2012","cartographes":"PARDOEN Thomas","proprietaire":"07 - Ardèche","niveau":"Initiation, Scolaire","specialite":"CO à pied","contacts":"CDCO 07, 06-85-11-63-94, cartotheque@cdco07.fr, http://cdco07.fr/","latitude":"44.71022","longitude":"4.2114","date_saisie":"19/07/2013","date_depot":"12/02/2016","valide":"Oui","ppo":"Non","type_carte":"Nouvelle carte","fond":"Cadastre","obsolete":false}},{"type":"Feature","geometry":{"type":"Polygon","coordinates":[[[4.5846,44.9856],[4.5835,44.985],[4.5825,44.9839],[4.5824,44.9832],[4.5824,44.9822],[4.5832,44.9813],[4.5838,44.9807],[4.5842,44.9799],[4.5848,44.9793],[4.585,44.9787],[4.5854,44.9779],[4.5865,44.9772],[4.5863,44.976],[4.5847,44.974],[4.5842,44.9728],[4.5853,44.9735],[4.5867,44.9746],[4.5883,44.9753],[4.5909,44.9758],[4.5916,44.9754],[4.5905,44.975],[4.5908,44.974],[4.5933,44.9738],[4.5953,44.9732],[4.6017,44.9743],[4.6037,44.9747],[4.6037,44.9771],[4.6025,44.9773],[4.5999,44.9775],[4.5979,44.978],[4.5956,44.978],[4.5953,44.9794],[4.5937,44.9811],[4.5926,44.981],[4.5912,44.9822],[4.5895,44.9824],[4.5881,44.9828],[4.5866,44.9832],[4.5852,44.9829],[4.5841,44.9837],[4.5847,44.9848],[4.5846,44.9856]]]},"properties":{"id_ffco":"2011-D07-1018","nom":"URBILLAC - LAMASTRE","_dept":"07","numero":"2011-D07-1018","commune":"LAMASTRE","echelle":"1/5000","surface":"1.02 km²","format":"A4","annee":"2011","cartographes":"PARDOEN Thomas","proprietaire":"CONSEIL GENERAL ARDECHE","niveau":"Départemental","specialite":"CO à pied","contacts":"CONSEIL GENERAL ARDECHE, 04 75 66 77 07","latitude":"44.97889","longitude":"4.58885","date_saisie":"19/07/2013","date_depot":"12/02/2016","valide":"Oui","ppo":"Non","type_carte":"Nouvelle carte","fond":"IGN","obsolete":false}},{"type":"Feature","geometry":{"type":"Polygon","coordinates":[[[4.6107,44.7221],[4.6109,44.7216],[4.6101,44.7211],[4.6091,44.7208],[4.6082,44.7212],[4.6079,44.7215],[4.6076,44.7218],[4.607,44.722],[4.6066,44.722],[4.6068,44.7226],[4.607,44.7234],[4.6073,44.7238],[4.6085,44.7234],[4.6096,44.7229],[4.6106,44.7222],[4.6107,44.7221],[4.6107,44.7221]]]},"properties":{"id_ffco":"2006-D07-1017","nom":"COMPLEXE DU LAC","_dept":"07","numero":"2006-D07-1017","commune":"PRIVAS","echelle":"1/1500","surface":"0.06 km²","format":"A4","annee":"2006","cartographes":"COUPAT Gerard","proprietaire":"CONSEIL GENERAL ARDECHE","niveau":"Initiation, Scolaire","specialite":"CO à pied","contacts":"CONSEIL GENERAL ARDECHE, 04 75 66 77 07","latitude":"44.72221","longitude":"4.60854","date_saisie":"19/07/2013","date_depot":"12/02/2016","valide":"Oui","ppo":"Non","type_carte":"Nouvelle carte","fond":"Cadastre","obsolete":false}},{"type":"Feature","geometry":{"type":"Polygon","coordinates":[[[4.2816,44.5527],[4.2827,44.5527],[4.2837,44.5516],[4.284,44.551],[4.2841,44.5504],[4.2847,44.5497],[4.2851,44.5489],[4.2858,44.5482],[4.287,44.5475],[4.2881,44.5467],[4.2881,44.5454],[4.288,44.5433],[4.288,44.5415],[4.2871,44.5416],[4.2859,44.5419],[4.2851,44.5425],[4.2846,44.5422],[4.2837,44.5422],[4.2826,44.5422],[4.2818,44.5423],[4.2816,44.5429],[4.2809,44.5438],[4.2801,44.5449],[4.2795,44.5454],[4.2794,44.5461],[4.2804,44.5478],[4.2805,44.5489],[4.2803,44.5497],[4.2804,44.5504],[4.2808,44.5512],[4.2811,44.5523],[4.2816,44.5527],[4.2816,44.5527]]]},"properties":{"id_ffco":"2006-D07-1016","nom":"BOIS DE TAURIERS","_dept":"07","numero":"2006-D07-1016","commune":"TAURIERS","echelle":"1/5000","surface":"0.54 km²","format":"A4","annee":"2006","cartographes":"TAILLEBOIS O VERT 4","proprietaire":"CONSEIL GENERAL ARDECHE","niveau":"Départemental","specialite":"CO à pied","contacts":"CONSEIL GENERAL ARDECHE, 04 75 66 77 07","latitude":"44.54674","longitude":"4.28279","date_saisie":"19/07/2013","date_depot":"12/02/2016","valide":"Oui","ppo":"Non","type_carte":"Nouvelle carte","fond":"IGN","obsolete":false}},{"type":"Feature","geometry":{"type":"Polygon","coordinates":[[[4.5128,44.5522],[4.5145,44.5522],[4.5148,44.5516],[4.5152,44.5502],[4.5156,44.5489],[4.5156,44.5484],[4.5144,44.5481],[4.5136,44.5478],[4.5135,44.5468],[4.5139,44.546],[4.5139,44.5456],[4.5139,44.5451],[4.5136,44.544],[4.5138,44.5435],[4.5148,44.5427],[4.5141,44.5419],[4.5121,44.541],[4.5111,44.5414],[4.51,44.5423],[4.5098,44.5425],[4.5077,44.5429],[4.5051,44.5436],[4.5048,44.5439],[4.5057,44.5449],[4.5071,44.5464],[4.5087,44.5481],[4.5097,44.5494],[4.5104,44.5511],[4.511,44.5521],[4.512,44.5522],[4.5128,44.5522],[4.5128,44.5522]]]},"properties":{"id_ffco":"2006-D07-1015","nom":"LE DEVOIS","_dept":"07","numero":"2006-D07-1015","commune":"VILLENEUVE-DE-BERG","echelle":"1/5000","surface":"0.58 km²","format":"A4","annee":"2006","cartographes":"TAILLEBOIS O VERT 4","proprietaire":"CONSEIL GENERAL ARDECHE","niveau":"Départemental","specialite":"CO à pied","contacts":"CONSEIL GENERAL ARDECHE, 04 75 66 77 07","latitude":"44.54695","longitude":"4.51106","date_saisie":"19/07/2013","date_depot":"22/01/2016","valide":"Oui","ppo":"Non","type_carte":"Nouvelle carte","fond":"IGN","obsolete":false}},{"type":"Feature","geometry":{"type":"Polygon","coordinates":[[[4.5609,44.8107],[4.5615,44.8107],[4.5626,44.81],[4.5627,44.8097],[4.5623,44.8089],[4.5614,44.8081],[4.5607,44.808],[4.5601,44.8076],[4.5599,44.8071],[4.5588,44.8064],[4.5577,44.8063],[4.5573,44.8062],[4.5572,44.8058],[4.5567,44.8058],[4.5562,44.8059],[4.5559,44.8064],[4.5558,44.807],[4.555,44.8073],[4.554,44.8076],[4.5528,44.8078],[4.5526,44.808],[4.5528,44.8083],[4.5537,44.8083],[4.5543,44.8083],[4.5546,44.8083],[4.5547,44.8091],[4.5559,44.8095],[4.5565,44.8096],[4.557,44.8099],[4.5572,44.8105],[4.558,44.8107],[4.5587,44.8107],[4.5597,44.8106],[4.5609,44.8107],[4.5609,44.8107]]]},"properties":{"id_ffco":"2006-D07-1014","nom":"CINTENAT","_dept":"07","numero":"2006-D07-1014","commune":"SAINT-ETIENNE-DE-SERRE","echelle":"1/3000","surface":"0.23 km²","format":"A4","annee":"2006","cartographes":"TAILLEBOIS O VERT 4","proprietaire":"CONSEIL GENERAL ARDECHE","niveau":"Initiation, Scolaire","specialite":"CO à pied","contacts":"CONSEIL GENERAL ARDECHE, 04 75 66 77 07","latitude":"44.80872","longitude":"4.55806","date_saisie":"19/07/2013","date_depot":"12/02/2016","valide":"Oui","ppo":"Non","type_carte":"Nouvelle carte","fond":"Cadastre","obsolete":false}},{"type":"Feature","geometry":{"type":"Polygon","coordinates":[[[4.3709,44.661],[4.3704,44.661],[4.3701,44.6613],[4.3702,44.662],[4.3702,44.6626],[4.37,44.6634],[4.3697,44.6645],[4.3695,44.6652],[4.3696,44.6656],[4.3695,44.6661],[4.3704,44.6667],[4.3714,44.6661],[4.3725,44.6661],[4.3752,44.6665],[4.376,44.6665],[4.377,44.6671],[4.3785,44.6676],[4.3787,44.6671],[4.379,44.666],[4.3792,44.6658],[4.3804,44.6667],[4.381,44.6667],[4.3814,44.6665],[4.3815,44.6657],[4.3816,44.6655],[4.3825,44.6655],[4.3831,44.6653],[4.383,44.6648],[4.3823,44.664],[4.3823,44.6633],[4.3824,44.6629],[4.3828,44.6625],[4.3825,44.6618],[4.3821,44.6616],[4.3796,44.6607],[4.3795,44.6601],[4.3781,44.6601],[4.3765,44.6601],[4.3758,44.6605],[4.3756,44.6608],[4.3748,44.6609],[4.3738,44.6606],[4.3728,44.6606],[4.3719,44.6609],[4.3709,44.661],[4.3709,44.661]]]},"properties":{"id_ffco":"2006-D07-1013","nom":"LE BOIS DE VALS LES BAINS","_dept":"07","numero":"2006-D07-1013","commune":"VALS-LES-BAINS","echelle":"1/5000","surface":"0.64 km²","format":"A4","annee":"2006","cartographes":"TAILLEBOIS O VERT 4","proprietaire":"CONSEIL GENERAL ARDECHE","niveau":"Départemental","specialite":"CO à pied","contacts":"CONSEIL GENERAL ARDECHE, 04 75 66 77 07","latitude":"44.6635","longitude":"4.37536","date_saisie":"19/07/2013","date_depot":"12/02/2016","valide":"Oui","ppo":"Non","type_carte":"Nouvelle carte","fond":"IGN","obsolete":false}},{"type":"Feature","geometry":{"type":"Polygon","coordinates":[[[4.4342,44.9089],[4.4347,44.9081],[4.4347,44.9074],[4.4344,44.9072],[4.4342,44.9065],[4.4366,44.9055],[4.4384,44.9049],[4.4375,44.9041],[4.4363,44.9034],[4.4355,44.9027],[4.4341,44.9027],[4.4331,44.9028],[4.4321,44.9037],[4.4319,44.9047],[4.4314,44.9055],[4.431,44.906],[4.4302,44.9063],[4.4295,44.9067],[4.4294,44.907],[4.4294,44.9074],[4.43,44.908],[4.4303,44.9083],[4.4316,44.9084],[4.4323,44.9082],[4.4325,44.9087],[4.433,44.9089],[4.4337,44.909],[4.4342,44.9089],[4.4342,44.9089]]]},"properties":{"id_ffco":"2006-D07-1012","nom":"CHATEAU DE LA CHAISE","_dept":"07","numero":"2006-D07-1012","commune":"LE CHEYLARD","echelle":"1/4000","surface":"0.25 km²","format":"A4","annee":"2006","cartographes":"TAILLEBOIS O VERT 4","proprietaire":"CONSEIL GENERAL ARDECHE","niveau":"Initiation, Scolaire","specialite":"CO à pied","contacts":"CONSEIL GENERAL ARDECHE, 04 75 66 77 07","latitude":"44.90579","longitude":"4.43309","date_saisie":"19/07/2013","date_depot":"12/02/2016","valide":"Oui","ppo":"Non","type_carte":"Nouvelle carte","fond":"Cadastre","obsolete":false}},{"type":"Feature","geometry":{"type":"Polygon","coordinates":[[[4.6988,45.2522],[4.6979,45.251],[4.697,45.251],[4.6969,45.2498],[4.6947,45.25],[4.6934,45.2501],[4.6931,45.2502],[4.6929,45.2506],[4.6919,45.2506],[4.6917,45.2512],[4.6913,45.2517],[4.6937,45.2526],[4.6947,45.2528],[4.6964,45.2531],[4.697,45.2531],[4.6972,45.253],[4.6973,45.2527],[4.6983,45.2525],[4.6988,45.2522],[4.6988,45.2522]]]},"properties":{"id_ffco":"2005-D07-1011","nom":"LA LOMBARDIERE","_dept":"07","numero":"2005-D07-1011","commune":"DAVEZIEUX","echelle":"1/2000","surface":"0.14 km²","format":"A4","annee":"2005","cartographes":"COUPAT Gerard","proprietaire":"07 - Ardèche","niveau":"Initiation, Scolaire","specialite":"CO à pied","contacts":"CONSEIL GENERAL ARDECHE, 04 75 66 77 07","latitude":"45.2515","longitude":"4.69484","date_saisie":"19/07/2013","valide":"Non","ppo":"Non","type_carte":"Nouvelle carte","fond":"Cadastre","obsolete":false}},{"type":"Feature","geometry":{"type":"Polygon","coordinates":[[[4.3793,44.3951],[4.3864,44.3992],[4.3875,44.3975],[4.3904,44.3956],[4.3917,44.3955],[4.3935,44.3961],[4.3948,44.3962],[4.3991,44.3948],[4.4012,44.3927],[4.4027,44.3895],[4.4023,44.3892],[4.4012,44.3892],[4.3989,44.3901],[4.3954,44.3908],[4.3949,44.3909],[4.3942,44.3903],[4.3931,44.3904],[4.3913,44.3909],[4.3892,44.3912],[4.3882,44.3912],[4.3861,44.3917],[4.3847,44.3921],[4.3834,44.3928],[4.382,44.393],[4.3804,44.3934],[4.3793,44.3938],[4.379,44.3947],[4.379,44.3949],[4.3793,44.3951],[4.3793,44.3951]]]},"properties":{"id_ffco":"2004-D07-1010","nom":"LE JEAU SALAVAS","_dept":"07","numero":"2004-D07-1010","commune":"SALAVAS","echelle":"1/7500","surface":"0.98 km²","format":"A4","annee":"2004","cartographes":"FONTAINE Jean-Claude","proprietaire":"07 - Ardèche","niveau":"Initiation, Scolaire","specialite":"CO à pied","contacts":"CLUB SUD ARDECHE ORIENTATION Club en sommeil","latitude":"44.39366","longitude":"4.39039","date_saisie":"19/07/2013","valide":"Non","ppo":"Non","type_carte":"Nouvelle carte","fond":"Cadastre","obsolete":false}},{"type":"Feature","geometry":{"type":"Polygon","coordinates":[[[4.2905,44.4014],[4.2903,44.4012],[4.2895,44.4012],[4.2892,44.4013],[4.2892,44.399],[4.2899,44.3986],[4.292,44.3982],[4.2922,44.3994],[4.2925,44.3999],[4.2928,44.4001],[4.2928,44.4004],[4.2921,44.401],[4.2915,44.4012],[4.2916,44.4014],[4.2905,44.4014]]]},"properties":{"id_ffco":"2013-D07-101","nom":"ECOLE DE GROSPIERRES","_dept":"07","numero":"2013-D07-101","commune":"07120 GROSPIERRES,","echelle":"1/2000","surface":"0.08 km²","format":"A4","annee":"2013","cartographes":"PARDOEN Thomas","niveau":"Initiation, Scolaire","specialite":"CO à pied","contacts":"CDCO 07, 06-85-11-63-94, cartotheque@cdco07.fr, http://cdco07.fr/","latitude":"44.39994","longitude":"4.29057","date_saisie":"13/03/2014","date_depot":"12/02/2016","valide":"Oui","ppo":"Non","type_carte":"Nouvelle carte","fond":"Cadastre","obsolete":false}},{"type":"Feature","geometry":{"type":"Polygon","coordinates":[[[4.8244,45.0849],[4.8296,45.0847],[4.8297,45.0842],[4.828,45.0814],[4.8273,45.0795],[4.827,45.0785],[4.8272,45.0767],[4.8278,45.0751],[4.828,45.0742],[4.8277,45.0737],[4.8268,45.074],[4.8248,45.0754],[4.8237,45.0763],[4.8232,45.0763],[4.821,45.076],[4.8189,45.0755],[4.8186,45.0759],[4.8181,45.0778],[4.8182,45.0798],[4.8191,45.0821],[4.8193,45.0823],[4.8231,45.0812],[4.8236,45.0819],[4.824,45.0837],[4.8242,45.0845],[4.8244,45.0849],[4.8244,45.0849]]]},"properties":{"id_ffco":"2003-D07-1007","nom":"LA TABLE DU ROI","_dept":"07","numero":"2003-D07-1007","commune":"SAINT-JEAN-DE-MUZOLS","echelle":"1/2500","surface":"0.64 km²","format":"A4","annee":"2003","cartographes":"PLEYVEL Benoît","proprietaire":"07 - Ardèche","niveau":"Initiation, Scolaire","specialite":"CO à pied","contacts":"CDCO 07, 06-85-11-63-94, cartotheque@cdco07.fr, http://cdco07.fr/","latitude":"45.07915","longitude":"4.82352","date_saisie":"19/07/2013","valide":"Non","ppo":"Oui (39 postes)","type_carte":"Nouvelle carte","fond":"Cadastre","obsolete":false}},{"type":"Feature","geometry":{"type":"Polygon","coordinates":[[[4.0818,44.7552],[4.0803,44.7558],[4.0787,44.7561],[4.0774,44.7566],[4.0768,44.757],[4.077,44.7575],[4.0778,44.7577],[4.0793,44.7584],[4.0814,44.7589],[4.0817,44.7593],[4.0825,44.7598],[4.083,44.7605],[4.0832,44.7609],[4.0847,44.7616],[4.0851,44.7619],[4.087,44.7617],[4.0883,44.7616],[4.0899,44.7613],[4.0903,44.7613],[4.0909,44.7613],[4.0926,44.7613],[4.0933,44.761],[4.0934,44.7602],[4.0934,44.7595],[4.0934,44.759],[4.0935,44.7582],[4.0927,44.7576],[4.0924,44.757],[4.0916,44.7568],[4.0893,44.7565],[4.0885,44.7564],[4.0876,44.7561],[4.0867,44.7555],[4.0858,44.755],[4.0854,44.7547],[4.0847,44.7547],[4.0842,44.7549],[4.0828,44.7553],[4.0818,44.7552],[4.0818,44.7552]]]},"properties":{"id_ffco":"2006-D07-1004","nom":"LE PRESIN","_dept":"07","numero":"2006-D07-1004","commune":"SAINT-CIRGUES-EN-MONTAGNE","echelle":"1/7500","surface":"0.64 km²","format":"A4","annee":"2006","cartographes":"T. PARDOEN","proprietaire":"07 - Ardèche","niveau":"Régional","specialite":"CO à pied","contacts":"CDCO 07, 06-48-09-82-92, cartotheque@cdco07.fr, http://cdco07.fr/ // CONSEIL GENERAL ARDECHE, 04 75 66 77 07","latitude":"44.75864","longitude":"4.08584","date_saisie":"19/07/2013","valide":"Non","ppo":"Non","type_carte":"Nouvelle carte","fond":"IGN","obsolete":false}},{"type":"Feature","geometry":{"type":"Polygon","coordinates":[[[4.6753,45.2522],[4.6746,45.2522],[4.6737,45.2521],[4.6733,45.2521],[4.673,45.2527],[4.6727,45.2531],[4.6723,45.2534],[4.6721,45.2536],[4.6721,45.254],[4.6721,45.2543],[4.6721,45.2547],[4.6722,45.2551],[4.6722,45.2555],[4.672,45.2561],[4.6719,45.2565],[4.6735,45.2567],[4.6743,45.2569],[4.6748,45.2569],[4.6753,45.2564],[4.6761,45.255],[4.6764,45.2547],[4.6768,45.2542],[4.6771,45.2533],[4.677,45.253],[4.6753,45.2522],[4.6753,45.2522]]]},"properties":{"id_ffco":"2006-D07-1003","nom":"PARC DE DEOMAS","_dept":"07","numero":"2006-D07-1003","commune":"ANNONAY","echelle":"1/2000","surface":"0.15 km²","format":"A4","annee":"2006","cartographes":"COUPAT Gerard","proprietaire":"CONSEIL GENERAL ARDECHE","niveau":"Initiation, Scolaire","specialite":"CO à pied","contacts":"CDCO 07, 06-48-09-82-92, cartotheque@cdco07.fr, http://cdco07.fr/ // CONSEIL GENERAL ARDECHE, 04 75 66 77 07","latitude":"45.2545","longitude":"4.67449","date_saisie":"19/07/2013","valide":"Non","ppo":"Non","type_carte":"Nouvelle carte","fond":"Cadastre","obsolete":false}},{"type":"Feature","geometry":{"type":"Polygon","coordinates":[[[4.3975,44.6164],[4.3976,44.6164],[4.3973,44.6162],[4.3971,44.6161],[4.397,44.6161],[4.397,44.6162],[4.3967,44.6166],[4.3968,44.6167],[4.3962,44.6171],[4.3962,44.6174],[4.3972,44.6174],[4.3975,44.6175],[4.3976,44.6174],[4.3975,44.6173],[4.3982,44.6168],[4.3982,44.6167],[4.3975,44.6164],[4.3975,44.6164]]]},"properties":{"id_ffco":"2006-D07-1002","nom":"COLLEGE DE JASTRE","_dept":"07","numero":"2006-D07-1002","commune":"AUBENAS","echelle":"1/650","surface":"0.01 km²","format":"A4","annee":"2006","cartographes":"COUPAT Gerard","proprietaire":"CONSEIL GENERAL ARDECHE","niveau":"Initiation, Scolaire","specialite":"CO à pied","contacts":"CONSEIL GENERAL ARDECHE, 04 75 66 77 07","latitude":"44.61685","longitude":"4.39715","date_saisie":"19/07/2013","valide":"Non","ppo":"Non","type_carte":"Nouvelle carte","fond":"Cadastre","obsolete":false}},{"type":"Feature","geometry":{"type":"Polygon","coordinates":[[[4.3072,44.5138],[4.3079,44.5139],[4.3081,44.5138],[4.3088,44.5138],[4.3091,44.5136],[4.3092,44.5133],[4.3095,44.5131],[4.3096,44.5128],[4.3095,44.5125],[4.3098,44.5123],[4.3096,44.512],[4.3094,44.5119],[4.309,44.5122],[4.3089,44.5124],[4.3081,44.5125],[4.3078,44.513],[4.3075,44.513],[4.3073,44.513],[4.307,44.5137],[4.3072,44.5138]]]},"properties":{"id_ffco":"2013-D07-100","nom":"LA CLÉ DES CHAMPS","_dept":"07","numero":"2013-D07-100","commune":"07110 MONTREAL,","echelle":"1/1000","surface":"0.03 km²","format":"A4","annee":"2013","cartographes":"NEEL Christophe","niveau":"Initiation, Scolaire","specialite":"CO à pied","contacts":"CDCO 07, 06-85-11-63-94, cartotheque@cdco07.fr, http://cdco07.fr/","latitude":"44.51312","longitude":"4.30848","date_saisie":"13/03/2014","date_depot":"12/02/2016","valide":"Oui","ppo":"Non","type_carte":"Nouvelle carte","fond":"Cadastre","obsolete":false}},{"type":"Feature","geometry":{"type":"Polygon","coordinates":[[[4.8721,44.9318],[4.8686,44.9322],[4.8675,44.9326],[4.8676,44.9354],[4.8676,44.9356],[4.8723,44.9355],[4.8727,44.9354],[4.8727,44.932],[4.8721,44.9318],[4.8721,44.9318]]]},"properties":{"id_ffco":"2003-D07-09","nom":"CENTRE VILLE","_dept":"07","numero":"2003-D07-09","commune":"GUILHERAND-GRANGES","echelle":"1/2000","surface":"0.16 km²","annee":"2003","cartographes":"PLOCKYN Daniel","proprietaire":"26 - Drôme","specialite":"CO à pied","contacts":"CDCO 26, cdco26@free.fr, http://cdco26.free.fr/index.html","latitude":"44.9337","longitude":"4.87037","date_saisie":"19/07/2013","valide":"Non","ppo":"Non","obsolete":false}}]}