{"type":"FeatureCollection","features":[{"type":"Feature","geometry":{"type":"Polygon","coordinates":[[[4.3656,49.3985],[4.368,49.3987],[4.37,49.3991],[4.3719,49.3997],[4.3729,49.3994],[4.3745,49.3988],[4.3772,49.398],[4.3769,49.3955],[4.3767,49.3937],[4.3766,49.3926],[4.3747,49.3917],[4.3735,49.391],[4.3714,49.39],[4.371,49.3894],[4.3705,49.3875],[4.3698,49.3872],[4.3607,49.3892],[4.3639,49.3953],[4.3656,49.3985]]]},"properties":{"id_ffco":"11047","nom":"La Petite Paroisse - Juniville","_dept":"08","numero":"2014-D08-99","commune":"Juniville 08310","echelle":"1/6000","surface":"1.06 km²","format":"A4","annee":"2014","cartographes":"SEGUINOT Albert","proprietaire":"08 - Ardennes","niveau":"O+","specialite":"CO à pied","latitude":"49.3936272285","longitude":"4.36933147094","date_saisie":"17/10/2018","date_depot":"27/12/2018","valide":"Oui","ppo":"Non","type_carte":"Nouvelle carte","fond":"Cadastre","obsolete":false}},{"type":"Feature","geometry":{"type":"Polygon","coordinates":[[[4.939,49.6929],[4.9403,49.6925],[4.9426,49.6929],[4.9443,49.6933],[4.9453,49.6933],[4.947,49.6936],[4.9478,49.693],[4.9487,49.6928],[4.9497,49.6934],[4.9514,49.694],[4.9534,49.695],[4.9537,49.6945],[4.9546,49.6922],[4.9538,49.6907],[4.9522,49.6883],[4.9504,49.687],[4.9467,49.6875],[4.9438,49.6877],[4.9432,49.6887],[4.9423,49.6902],[4.9398,49.6914],[4.9386,49.6926],[4.939,49.6929]]]},"properties":{"id_ffco":"11046","nom":"LE LAC - SEDAN","_dept":"08","numero":"2012-D08-98","commune":"SEDAN 08200","echelle":"1/4500","surface":"0.57 km²","format":"A4","annee":"2012","cartographes":"SEGUINOT Albert","proprietaire":"08 - Ardennes","niveau":"O+","specialite":"CO à pied","latitude":"49.6908340387","longitude":"4.94780060486","date_saisie":"17/10/2018","date_depot":"27/12/2018","valide":"Oui","ppo":"Non","type_carte":"Nouvelle carte","fond":"Cadastre","obsolete":false}},{"type":"Feature","geometry":{"type":"Polygon","coordinates":[[[4.6929,49.4032],[4.6958,49.4035],[4.6965,49.4011],[4.6958,49.4004],[4.6923,49.4004],[4.6923,49.4016],[4.6929,49.4032]]]},"properties":{"id_ffco":"11045","nom":"Collège multisite VOUZIERS - Le CHESNE","_dept":"08","numero":"2012-D08-97","commune":"Vouziers 08400","echelle":"1/2000","surface":"0.09 km²","format":"A4","annee":"2012","cartographes":"SEGUINOT Albert","proprietaire":"08 - Ardennes","niveau":"O+","specialite":"CO à pied","latitude":"49.4018023439","longitude":"4.69433109281","date_saisie":"17/10/2018","date_depot":"27/12/2018","valide":"Oui","ppo":"Non","type_carte":"Nouvelle carte","fond":"Cadastre","obsolete":false}},{"type":"Feature","geometry":{"type":"Polygon","coordinates":[[[4.9466,49.6982],[4.9453,49.6979],[4.946,49.6962],[4.947,49.6964],[4.9475,49.6963],[4.9479,49.6966],[4.9473,49.6975],[4.947,49.6975],[4.9466,49.6982]]]},"properties":{"id_ffco":"11044","nom":"Jardin Botanique - SEDAN","_dept":"08","numero":"2011-D08-96","commune":"SEDAN 08200","echelle":"1/1000","surface":"0.02 km²","format":"A4","annee":"2011","cartographes":"SEGUINOT Albert","proprietaire":"08 - Ardennes","niveau":"O+","specialite":"CO à pied","latitude":"49.6971413501","longitude":"4.94652598019","date_saisie":"17/10/2018","date_depot":"27/12/2018","valide":"Oui","ppo":"Non","type_carte":"Nouvelle carte","fond":"Cadastre","obsolete":false}},{"type":"Feature","geometry":{"type":"Polygon","coordinates":[[[4.9836,49.6849],[4.9853,49.6847],[4.9857,49.6838],[4.986,49.6825],[4.9864,49.682],[4.9851,49.681],[4.9835,49.6801],[4.9823,49.6802],[4.9819,49.6808],[4.9814,49.6825],[4.9826,49.6834],[4.9836,49.6849]]]},"properties":{"id_ffco":"11043","nom":"Parc de MONTVILLIERS - BAZEILLES","_dept":"08","numero":"2011-D08-95","commune":"Bazeilles - 08140","echelle":"1/2500","surface":"0.12 km²","format":"A4","annee":"2011","cartographes":"SEGUINOT Albert","proprietaire":"08 - Ardennes","niveau":"O+","specialite":"CO à pied","latitude":"49.6824266495","longitude":"4.98386538078","date_saisie":"17/10/2018","date_depot":"27/12/2018","valide":"Oui","ppo":"Non","type_carte":"Nouvelle carte","fond":"Cadastre","obsolete":false}},{"type":"Feature","geometry":{"type":"Polygon","coordinates":[[[4.9319,49.7004],[4.9326,49.6997],[4.9307,49.6986],[4.9303,49.6985],[4.9295,49.6998],[4.9319,49.7004]]]},"properties":{"id_ffco":"11042","nom":"Collège MABILLON - SEDAN","_dept":"08","numero":"2012-D08-94","commune":"SEDAN 08200","echelle":"1/1000","surface":"0.03 km²","format":"A4","annee":"2012","cartographes":"SEGUINOT Albert","proprietaire":"08 - Ardennes","niveau":"O+","specialite":"CO à pied","latitude":"49.6995319785","longitude":"4.93099919363","date_saisie":"17/10/2018","date_depot":"27/12/2018","valide":"Oui","ppo":"Non","type_carte":"Nouvelle carte","fond":"Cadastre","obsolete":false}},{"type":"Feature","geometry":{"type":"Polygon","coordinates":[[[4.6404,49.9367],[4.638,49.9366],[4.6382,49.9376],[4.6395,49.9378],[4.6399,49.9376],[4.6401,49.9376],[4.6404,49.9367]]]},"properties":{"id_ffco":"11041","nom":"Parc Municipal Maurice ROCHETEAU - REVIN","_dept":"08","numero":"2011-D08-93","commune":"Revin 08500","echelle":"1/750","surface":"0.02 km²","format":"A4","annee":"2011","cartographes":"SEGUINOT Albert","proprietaire":"08 - Ardennes","niveau":"O+","specialite":"CO à pied","latitude":"49.9371344044","longitude":"4.63918566828","date_saisie":"17/10/2018","date_depot":"27/12/2018","valide":"Oui","ppo":"Non","type_carte":"Nouvelle carte","fond":"Cadastre","obsolete":false}},{"type":"Feature","geometry":{"type":"Polygon","coordinates":[[[4.7167,49.7644],[4.7162,49.7651],[4.7137,49.7652],[4.7136,49.7626],[4.7168,49.7625],[4.7167,49.7644]]]},"properties":{"id_ffco":"11040","nom":"Orient'Show - STADE BAYARD","_dept":"08","numero":"2011-D08-92","commune":"CHARLEVILLE-MEZIERES","echelle":"1/1000","surface":"0.06 km²","format":"A4","annee":"2011","proprietaire":"08 - Ardennes","niveau":"Initiation, Scolaire","specialite":"CO à pied","latitude":"49.7638251173","longitude":"4.7151694588","date_saisie":"17/10/2018","date_depot":"27/12/2018","valide":"Oui","ppo":"Non","type_carte":"Reprise","base":"2011-D08-90 ESO STADE BAYARD","fond":"Cadastre","obsolete":false}},{"type":"Feature","geometry":{"type":"Polygon","coordinates":[[[4.6827,49.7585],[4.6828,49.7565],[4.6882,49.7566],[4.688,49.7599],[4.6828,49.7597],[4.6827,49.7585]]]},"properties":{"id_ffco":"11039","nom":"Orient'Show - La WARENNE","_dept":"08","numero":"2011-D08-91","commune":"CHARLEVILLE-MEZIERES","echelle":"1/2000","surface":"0.14 km²","format":"A4","annee":"2011","cartographes":"SEGUINOT Albert","proprietaire":"08 - Ardennes","niveau":"Initiation, Scolaire","specialite":"CO à pied","latitude":"49.758167699","longitude":"4.68543841831","date_saisie":"17/10/2018","date_depot":"21/12/2018","valide":"Oui","ppo":"Non","type_carte":"Reprise","base":"2009-D08-58 Orient'Show - La WARENNE","fond":"Cadastre","obsolete":false}},{"type":"Feature","geometry":{"type":"Polygon","coordinates":[[[4.7173,49.7621],[4.7174,49.7632],[4.7171,49.7644],[4.7165,49.7651],[4.7152,49.7653],[4.7133,49.7654],[4.7118,49.7653],[4.7102,49.7653],[4.7084,49.7656],[4.7068,49.766],[4.7061,49.7662],[4.7056,49.7656],[4.7049,49.7641],[4.7045,49.7624],[4.7053,49.7621],[4.7062,49.762],[4.7077,49.7617],[4.7098,49.7616],[4.7116,49.7615],[4.7135,49.7613],[4.7138,49.7623],[4.7151,49.7621],[4.7166,49.7621],[4.7172,49.7621],[4.7173,49.7621]]]},"properties":{"id_ffco":"11038","nom":"ESO STADE BAYARD","_dept":"08","numero":"2011-D08-90","commune":"CHARLEVILLE-MEZIERES","echelle":"1/3000","surface":"0.36 km²","format":"A4","annee":"2011","cartographes":"SEGUINOT Albert","proprietaire":"08 - Ardennes","niveau":"Initiation, Scolaire","specialite":"CO à pied","latitude":"49.7636084139","longitude":"4.71079281214","date_saisie":"17/10/2018","date_depot":"27/12/2018","valide":"Oui","ppo":"Oui (40 postes)","type_carte":"Reprise","base":"2009-D08-53 Stade Bayard - Charleville-Mézières","fond":"Cadastre","obsolete":false}},{"type":"Feature","geometry":{"type":"Polygon","coordinates":[[[4.9777,49.7367],[4.9789,49.7376],[4.9787,49.7385],[4.9789,49.7394],[4.9786,49.7419],[4.989,49.7418],[4.9954,49.742],[4.9988,49.742],[5.0029,49.7421],[5.0045,49.7326],[5.0032,49.732],[5.0009,49.7306],[4.9991,49.7298],[4.9974,49.7295],[4.995,49.729],[4.9926,49.7284],[4.9855,49.7283],[4.9835,49.7301],[4.9821,49.7311],[4.9804,49.7319],[4.9794,49.7339],[4.9777,49.7367]]]},"properties":{"id_ffco":"11037","nom":"LE BANNET 2","_dept":"08","numero":"2011-D08-89","commune":"Givonne 08200","echelle":"1/7500","surface":"2.44 km²","format":"A4","annee":"2011","cartographes":"SEGUINOT Albert,ROSINI Dany","proprietaire":"08 - Ardennes","niveau":"Départemental","specialite":"CO à pied","latitude":"49.7357282851","longitude":"4.99135074457","date_saisie":"17/10/2018","date_depot":"27/12/2018","valide":"Oui","ppo":"Non","type_carte":"Reprise","base":"1982-D08-12 SEDAN \"Le BANNET\"","fond":"IGN","obsolete":false}},{"type":"Feature","geometry":{"type":"Polygon","coordinates":[[[4.9846,49.7296],[4.9837,49.7302],[4.9832,49.7309],[4.9826,49.7311],[4.9818,49.7316],[4.9812,49.7317],[4.9813,49.7324],[4.9818,49.7326],[4.9827,49.7326],[4.983,49.7332],[4.9833,49.7337],[4.9837,49.734],[4.9845,49.734],[4.9854,49.7342],[4.9859,49.7346],[4.9863,49.735],[4.9872,49.7353],[4.9878,49.7353],[4.989,49.7333],[4.9894,49.7329],[4.9901,49.7321],[4.9903,49.7314],[4.9903,49.7304],[4.9901,49.7289],[4.9888,49.7279],[4.9862,49.7276],[4.9853,49.7288],[4.9846,49.7296]]]},"properties":{"id_ffco":"11036","nom":"Base de Loisirs du BANNET","_dept":"08","numero":"2011-D08-88","commune":"Givonne 08200","echelle":"1/3000","surface":"0.34 km²","format":"A4","annee":"2011","cartographes":"SEGUINOT Albert","proprietaire":"08 - Ardennes","niveau":"Initiation, Scolaire","specialite":"CO à pied","latitude":"49.7314007647","longitude":"4.986551034","date_saisie":"17/10/2018","date_depot":"27/12/2018","valide":"Oui","ppo":"Non","type_carte":"Reprise","base":"1982-D08-12 SEDAN \"Le BANNET\"","fond":"IGN","obsolete":false}},{"type":"Feature","geometry":{"type":"Polygon","coordinates":[[[4.6769,49.7622],[4.6762,49.7611],[4.6758,49.7597],[4.6761,49.7585],[4.6767,49.7578],[4.6782,49.7571],[4.6793,49.7567],[4.681,49.7563],[4.6833,49.756],[4.6849,49.756],[4.6867,49.7561],[4.6884,49.7562],[4.6906,49.7565],[4.6919,49.7572],[4.6918,49.758],[4.6918,49.7594],[4.6917,49.7603],[4.6909,49.7608],[4.6893,49.7616],[4.6906,49.764],[4.6869,49.7653],[4.6861,49.7618],[4.6783,49.7629],[4.6775,49.763],[4.6769,49.7622]]]},"properties":{"id_ffco":"11035","nom":"LA WARENNE - CHARLEVILLE MEZIERES","_dept":"08","numero":"2011-D08-87","commune":"CHARLEVILLE-MEZIERES","echelle":"1/5000","surface":"0.79 km²","format":"A4","annee":"2011","cartographes":"SEGUINOT Albert","proprietaire":"08 - Ardennes","niveau":"O+","specialite":"CO à pied","latitude":"49.7596992646","longitude":"4.68424192965","date_saisie":"17/10/2018","date_depot":"27/12/2018","valide":"Oui","ppo":"Non","type_carte":"Reprise","base":"1996-D08-29 LA WARENNE","fond":"Cadastre","obsolete":false}},{"type":"Feature","geometry":{"type":"Polygon","coordinates":[[[4.7215,49.7525],[4.7206,49.7523],[4.72,49.7522],[4.7192,49.752],[4.7189,49.752],[4.7192,49.7494],[4.7198,49.7494],[4.7211,49.7493],[4.7215,49.7496],[4.7218,49.7502],[4.7222,49.7504],[4.7219,49.752],[4.7215,49.7525]]]},"properties":{"id_ffco":"11034","nom":"Stade Roger SALENGRO","_dept":"08","numero":"2011-D08-86","commune":"CHARLEVILLE-MEZIERES","echelle":"1/1500","surface":"0.07 km²","format":"A4","annee":"2011","cartographes":"SEGUINOT Albert","proprietaire":"08 - Ardennes","niveau":"O+","specialite":"CO à pied","latitude":"49.7508430814","longitude":"4.72051120175","date_saisie":"17/10/2018","date_depot":"27/12/2018","valide":"Oui","ppo":"Non","type_carte":"Nouvelle carte","fond":"Cadastre","obsolete":false}},{"type":"Feature","geometry":{"type":"Polygon","coordinates":[[[5.1801,49.6389],[5.1822,49.6387],[5.1847,49.6381],[5.1883,49.6382],[5.1872,49.6405],[5.1866,49.6413],[5.183,49.6423],[5.1831,49.6405],[5.1801,49.6391],[5.1801,49.6389]]]},"properties":{"id_ffco":"11033","nom":"LE MONT TILLEUL - CARIGNAN","_dept":"08","numero":"2011-D08-85","commune":"Carignan 08110","echelle":"1/2500","surface":"0.15 km²","format":"A4","annee":"2011","cartographes":"SEGUINOT Albert","proprietaire":"08 - Ardennes","niveau":"Initiation, Scolaire","specialite":"CO à pied","latitude":"49.6397869328","longitude":"5.18471319997","date_saisie":"17/10/2018","date_depot":"27/12/2018","valide":"Oui","ppo":"Non","type_carte":"Nouvelle carte","fond":"IGN","obsolete":false}},{"type":"Feature","geometry":{"type":"Polygon","coordinates":[[[4.7293,49.7766],[4.7294,49.7837],[4.7281,49.7838],[4.7267,49.7839],[4.7248,49.784],[4.7229,49.784],[4.7214,49.7841],[4.7194,49.7833],[4.718,49.7828],[4.717,49.7815],[4.7173,49.78],[4.7179,49.7787],[4.7182,49.7778],[4.7195,49.7767],[4.7205,49.7761],[4.7214,49.7757],[4.7225,49.7754],[4.7235,49.7754],[4.7261,49.7755],[4.7277,49.7756],[4.7293,49.7757],[4.7293,49.7766]]]},"properties":{"id_ffco":"11032","nom":"LE MONT - OLYMPE 3","_dept":"08","numero":"2011-D08-84","commune":"CHARLEVILLE-MEZIERES","echelle":"1/4000","surface":"0.74 km²","format":"A4","annee":"2011","cartographes":"SEGUINOT Albert","proprietaire":"0801 - ORIENTATION SPORTIVE DE CHARLEVILLE-MEZIERES","niveau":"Régional","specialite":"Sprint (ISSOM)","latitude":"49.7798367228","longitude":"4.72377875335","date_saisie":"17/10/2018","date_depot":"27/12/2018","valide":"Oui","ppo":"Oui (40 postes)","type_carte":"Reprise","base":"2004-D08-43 Le MONT-OLYMPE","fond":"Cadastre","obsolete":false}},{"type":"Feature","geometry":{"type":"Polygon","coordinates":[[[5.1729,49.6321],[5.1725,49.632],[5.1718,49.6318],[5.1712,49.6316],[5.1706,49.6313],[5.1728,49.6294],[5.1734,49.6297],[5.1739,49.6299],[5.1741,49.6304],[5.1729,49.6321]]]},"properties":{"id_ffco":"11031","nom":"Parc de la Croisette - CARIGNAN","_dept":"08","numero":"2011-D08-83","commune":"Carignan 08110","echelle":"1/1500","surface":"0.04 km²","format":"A4","annee":"2011","cartographes":"SEGUINOT Albert","proprietaire":"08 - Ardennes","niveau":"O+","specialite":"CO à pied","latitude":"49.630822671","longitude":"5.17254012657","date_saisie":"17/10/2018","date_depot":"27/12/2018","valide":"Oui","ppo":"Non","type_carte":"Nouvelle carte","fond":"Cadastre","obsolete":false}},{"type":"Feature","geometry":{"type":"Polygon","coordinates":[[[5.1755,49.6292],[5.1746,49.6298],[5.1743,49.6301],[5.1734,49.6301],[5.1734,49.6297],[5.1728,49.6294],[5.1742,49.6281],[5.175,49.628],[5.1751,49.6283],[5.1755,49.6292]]]},"properties":{"id_ffco":"11030","nom":"Collège de CARIGNAN","_dept":"08","numero":"2011-D08-82","commune":"Carignan 08110","echelle":"1/1500","surface":"0.03 km²","format":"A4","annee":"2011","cartographes":"SEGUINOT Albert","proprietaire":"08 - Ardennes","niveau":"O+","specialite":"CO à pied","latitude":"49.6291109866","longitude":"5.17425204391","date_saisie":"17/10/2018","date_depot":"27/12/2018","valide":"Oui","ppo":"Non","type_carte":"Nouvelle carte","fond":"Cadastre","obsolete":false}},{"type":"Feature","geometry":{"type":"Polygon","coordinates":[[[5.1748,49.6342],[5.1754,49.6338],[5.1759,49.6336],[5.1754,49.6331],[5.1747,49.6326],[5.1735,49.6321],[5.1731,49.6321],[5.1729,49.633],[5.1729,49.6334],[5.1748,49.6342]]]},"properties":{"id_ffco":"11029","nom":"Le Champ Raimond - CARIGNAN","_dept":"08","numero":"2011-D08-81","commune":"Carignan 08110","echelle":"1/500","surface":"0.03 km²","format":"A4","annee":"2011","cartographes":"SEGUINOT Albert","proprietaire":"08 - Ardennes","niveau":"O+","specialite":"CO à pied","latitude":"49.63313941","longitude":"5.17417244604","date_saisie":"17/10/2018","date_depot":"27/12/2018","valide":"Oui","ppo":"Non","type_carte":"Nouvelle carte","fond":"Cadastre","obsolete":false}},{"type":"Feature","geometry":{"type":"Polygon","coordinates":[[[4.7425,50.0853],[4.7386,50.0827],[4.7394,50.0822],[4.7392,50.0812],[4.7426,50.081],[4.7432,50.0828],[4.7423,50.0832],[4.7425,50.0839],[4.7431,50.0852],[4.7425,50.0853]]]},"properties":{"id_ffco":"11028","nom":"Stade du Bon Air - Vireux Wallerand","_dept":"08","numero":"2011-D08-80","commune":"Vireux-Wallerand","echelle":"1/2000","surface":"0.09 km²","format":"A4","annee":"2011","proprietaire":"08 - Ardennes","niveau":"O+","specialite":"CO à pied","latitude":"50.082756242","longitude":"4.74121937091","date_saisie":"17/10/2018","date_depot":"27/12/2018","valide":"Oui","ppo":"Non","type_carte":"Nouvelle carte","fond":"Cadastre","obsolete":false}},{"type":"Feature","geometry":{"type":"Polygon","coordinates":[[[4.744,50.0842],[4.7463,50.0837],[4.7489,50.0827],[4.7509,50.0818],[4.7504,50.0808],[4.75,50.0798],[4.7491,50.0784],[4.7484,50.0772],[4.7483,50.076],[4.7485,50.0739],[4.7481,50.0728],[4.7477,50.072],[4.7454,50.072],[4.7418,50.0734],[4.7417,50.0749],[4.7418,50.0761],[4.7421,50.0769],[4.7426,50.0788],[4.7431,50.0795],[4.7431,50.081],[4.7435,50.0829],[4.744,50.0842]]]},"properties":{"id_ffco":"11027","nom":"Les Chêniats - Vireux-Wallerand","_dept":"08","numero":"2010-D08-79","commune":"Vireux-Wallerand","echelle":"1/5000","surface":"0.58 km²","format":"A4","annee":"2010","proprietaire":"08 - Ardennes","niveau":"O+","specialite":"CO à pied","latitude":"50.0779698511","longitude":"4.74580670438","date_saisie":"17/10/2018","date_depot":"27/12/2018","valide":"Oui","ppo":"Non","type_carte":"Nouvelle carte","fond":"IGN","obsolete":false}},{"type":"Feature","geometry":{"type":"Polygon","coordinates":[[[4.7188,49.7519],[4.7171,49.7518],[4.7157,49.752],[4.7153,49.7515],[4.7146,49.7504],[4.7142,49.7495],[4.7141,49.7488],[4.7152,49.7488],[4.7164,49.7489],[4.7176,49.7489],[4.7188,49.7489],[4.719,49.7492],[4.7188,49.7519]]]},"properties":{"id_ffco":"11026","nom":"Parc de la Briqueterie","_dept":"08","numero":"2011-D08-78","commune":"CHARLEVILLE-MEZIERES","echelle":"1/2000","surface":"0.1 km²","format":"A4","annee":"2011","cartographes":"SEGUINOT Albert","proprietaire":"08 - Ardennes","niveau":"Initiation, Scolaire","specialite":"CO à pied","latitude":"49.7502914686","longitude":"4.71674551343","date_saisie":"17/10/2018","date_depot":"21/12/2018","valide":"Oui","ppo":"Non","type_carte":"Nouvelle carte","fond":"Cadastre","obsolete":false}},{"type":"Feature","geometry":{"type":"Polygon","coordinates":[[[4.3867,49.7154],[4.3854,49.7151],[4.3838,49.7152],[4.3824,49.7156],[4.3807,49.7154],[4.3798,49.7152],[4.3796,49.7144],[4.3794,49.7133],[4.3786,49.7123],[4.3786,49.7116],[4.3788,49.7109],[4.3799,49.7092],[4.381,49.7073],[4.3819,49.7055],[4.3823,49.7044],[4.3825,49.7041],[4.385,49.7041],[4.3868,49.704],[4.3913,49.7036],[4.3923,49.7044],[4.3932,49.7048],[4.3948,49.7054],[4.3966,49.7055],[4.4002,49.7061],[4.401,49.7054],[4.4026,49.7044],[4.4033,49.7055],[4.4033,49.7071],[4.4034,49.7091],[4.4037,49.7105],[4.4036,49.7117],[4.4029,49.7124],[4.4015,49.7127],[4.399,49.7142],[4.3973,49.7152],[4.395,49.7159],[4.3938,49.7155],[4.3918,49.7149],[4.3902,49.7147],[4.3885,49.7143],[4.3867,49.7154]]]},"properties":{"id_ffco":"11025","nom":"La Héronnière - SIGNY L'ABBAYE","_dept":"08","numero":"2011-D08-77","commune":"SIGNY-L'ABBAYE","echelle":"1/7500","surface":"1.89 km²","format":"A4","annee":"2011","cartographes":"SEGUINOT Albert","proprietaire":"08 - Ardennes","niveau":"O+","specialite":"CO à pied","latitude":"49.7098485079","longitude":"4.39095950464","date_saisie":"17/10/2018","date_depot":"27/12/2018","valide":"Oui","ppo":"Non","type_carte":"Nouvelle carte","fond":"IGN","obsolete":false}},{"type":"Feature","geometry":{"type":"Polygon","coordinates":[[[4.9829,49.6761],[4.9847,49.6762],[4.9873,49.6762],[4.9893,49.6765],[4.9913,49.6764],[4.9905,49.6814],[4.9861,49.6821],[4.9848,49.6812],[4.984,49.6803],[4.9836,49.6797],[4.9831,49.6782],[4.9829,49.6767],[4.9829,49.6761]]]},"properties":{"id_ffco":"11024","nom":"Maison des Sports - BAZEILLES","_dept":"08","numero":"2010-D08-76","commune":"Bazeilles - 08140","echelle":"1/3500","surface":"0.32 km²","format":"A4","annee":"2010","cartographes":"SEGUINOT Albert","proprietaire":"08 - Ardennes","niveau":"Initiation, Scolaire","specialite":"CO à pied","latitude":"49.6788051893","longitude":"4.98711527597","date_saisie":"17/10/2018","date_depot":"27/12/2018","valide":"Oui","ppo":"Non","type_carte":"Nouvelle carte","fond":"Cadastre","obsolete":false}},{"type":"Feature","geometry":{"type":"Polygon","coordinates":[[[4.9581,49.6063],[4.9606,49.6067],[4.9627,49.607],[4.965,49.6063],[4.9675,49.6055],[4.9742,49.605],[4.9776,49.6052],[4.9789,49.6035],[4.979,49.6022],[4.9801,49.6011],[4.98,49.5987],[4.9782,49.5974],[4.9756,49.596],[4.9732,49.5953],[4.972,49.5953],[4.9693,49.5957],[4.9666,49.5957],[4.9646,49.5959],[4.9628,49.5961],[4.9607,49.5967],[4.9602,49.5975],[4.9586,49.5991],[4.958,49.6005],[4.958,49.6019],[4.9581,49.6063]]]},"properties":{"id_ffco":"11022","nom":"Bois du Cogneux - RAUCOURT","_dept":"08","numero":"2010-D08-75","commune":"Raucourt 08450","echelle":"1/7500","surface":"1.61 km²","format":"A4","annee":"2010","cartographes":"SEGUINOT Albert","proprietaire":"08 - Ardennes","niveau":"O+","specialite":"CO à pied","latitude":"49.6009491343","longitude":"4.96846634075","date_saisie":"17/10/2018","date_depot":"27/12/2018","valide":"Oui","ppo":"Non","type_carte":"Nouvelle carte","fond":"IGN","obsolete":false}},{"type":"Feature","geometry":{"type":"Polygon","coordinates":[[[4.5484,49.9422],[4.5506,49.9425],[4.5527,49.9429],[4.5553,49.9433],[4.5562,49.9435],[4.5579,49.9398],[4.5599,49.9358],[4.5581,49.9355],[4.5543,49.9347],[4.553,49.9348],[4.5512,49.9346],[4.5458,49.9345],[4.5442,49.9395],[4.5463,49.9406],[4.5486,49.9422],[4.5484,49.9422]]]},"properties":{"id_ffco":"11021","nom":"Bois des QUEBLETS - ROCROI","_dept":"08","numero":"2011-D08-74","commune":"Rocroi","echelle":"1/6000","surface":"0.8 km²","format":"A4","annee":"2011","cartographes":"SEGUINOT Albert","proprietaire":"08 - Ardennes","niveau":"O+","specialite":"CO à pied","latitude":"49.9384628966","longitude":"4.55191321374","date_saisie":"17/10/2018","date_depot":"27/12/2018","valide":"Oui","ppo":"Non","type_carte":"Nouvelle carte","fond":"Cadastre","obsolete":false}},{"type":"Feature","geometry":{"type":"Polygon","coordinates":[[[4.5324,49.9305],[4.5331,49.9296],[4.5341,49.9287],[4.5338,49.9281],[4.5332,49.927],[4.5315,49.9266],[4.5301,49.928],[4.5298,49.9283],[4.5286,49.9279],[4.5279,49.9288],[4.5285,49.9291],[4.5324,49.9305]]]},"properties":{"id_ffco":"11020","nom":"Collège de ROCROI","_dept":"08","numero":"2010-D08-73","commune":"Rocroi","echelle":"1/2000","surface":"0.1 km²","format":"A4","annee":"2010","cartographes":"SEGUINOT Albert","proprietaire":"08 - Ardennes","niveau":"O+","specialite":"CO à pied","latitude":"49.9285699475","longitude":"4.53145227375","date_saisie":"17/10/2018","date_depot":"26/12/2018","valide":"Oui","ppo":"Non","type_carte":"Nouvelle carte","fond":"Cadastre","obsolete":false}},{"type":"Feature","geometry":{"type":"Polygon","coordinates":[[[4.7974,49.7028],[4.7968,49.7033],[4.7956,49.7039],[4.7966,49.7151],[4.8019,49.7223],[4.8197,49.7165],[4.8227,49.7153],[4.8225,49.713],[4.8182,49.7097],[4.8066,49.7042],[4.8035,49.7037],[4.8004,49.7032],[4.7996,49.7034],[4.7976,49.7026],[4.7974,49.7028]]]},"properties":{"id_ffco":"11019","nom":"L'Epinois - Nouvion sur Meuse","_dept":"08","numero":"2010-D08-72","commune":"Nouvion 08160","echelle":"1/6000","surface":"2.66 km²","format":"A4","annee":"2010","cartographes":"SEGUINOT Albert","proprietaire":"08 - Ardennes","niveau":"O+","specialite":"CO à pied","latitude":"49.7123200678","longitude":"4.80699803093","date_saisie":"17/10/2018","date_depot":"26/12/2018","valide":"Oui","ppo":"Non","type_carte":"Nouvelle carte","fond":"Cadastre","obsolete":false}},{"type":"Feature","geometry":{"type":"Polygon","coordinates":[[[4.7971,49.7059],[4.7966,49.7054],[4.7961,49.7047],[4.7955,49.7041],[4.7955,49.7039],[4.7966,49.7034],[4.7972,49.703],[4.7974,49.7025],[4.7977,49.7026],[4.7985,49.7029],[4.7992,49.7032],[4.8,49.7034],[4.8007,49.7037],[4.8015,49.7041],[4.8024,49.7044],[4.8027,49.7045],[4.8005,49.7058],[4.7997,49.7056],[4.7993,49.7053],[4.7973,49.706],[4.7971,49.7059]]]},"properties":{"id_ffco":"11018","nom":"Collège Val de Meuse - NOUVION","_dept":"08","numero":"2010-D08-71","commune":"Nouvion 08160","echelle":"1/2000","surface":"0.11 km²","format":"A4","annee":"2010","cartographes":"SEGUINOT Albert","proprietaire":"08 - Ardennes","niveau":"O+","specialite":"CO à pied","latitude":"49.704368196","longitude":"4.79875510657","date_saisie":"17/10/2018","date_depot":"26/12/2018","valide":"Oui","ppo":"Non","type_carte":"Nouvelle carte","fond":"Cadastre","obsolete":false}},{"type":"Feature","geometry":{"type":"Polygon","coordinates":[[[4.5343,49.8441],[4.5326,49.8445],[4.5312,49.8446],[4.5313,49.8441],[4.5314,49.8437],[4.5315,49.8435],[4.534,49.8432],[4.5343,49.8441]]]},"properties":{"id_ffco":"11017","nom":"Collège du Blanc-Marais - Rimogne","_dept":"08","numero":"2010-D08-70","commune":"Rimogne 08150","echelle":"1/1000","surface":"0.02 km²","format":"A4","annee":"2010","cartographes":"SEGUINOT Albert","proprietaire":"08 - Ardennes","niveau":"O+","specialite":"CO à pied","latitude":"49.8438964749","longitude":"4.5326909306","date_saisie":"17/10/2018","date_depot":"26/12/2018","valide":"Oui","ppo":"Non","type_carte":"Nouvelle carte","fond":"Cadastre","obsolete":false}},{"type":"Feature","geometry":{"type":"Polygon","coordinates":[[[4.7003,49.7809],[4.7004,49.7813],[4.701,49.7813],[4.7015,49.7812],[4.7019,49.7811],[4.7023,49.781],[4.7027,49.7809],[4.7028,49.7808],[4.7032,49.7807],[4.7033,49.7806],[4.7033,49.7805],[4.7031,49.7802],[4.7029,49.7799],[4.7029,49.7796],[4.7029,49.7793],[4.703,49.779],[4.7029,49.7789],[4.7022,49.779],[4.7018,49.779],[4.7017,49.7788],[4.7016,49.7787],[4.7012,49.7788],[4.7009,49.7789],[4.7005,49.779],[4.7003,49.779],[4.7004,49.7794],[4.7006,49.7797],[4.7009,49.7803],[4.701,49.7805],[4.7006,49.7805],[4.7003,49.7806],[4.7002,49.7808],[4.7003,49.7809]]]},"properties":{"id_ffco":"11016","nom":"Collège La Fontaine - Charleville-Mézières","_dept":"08","numero":"2010-D08-69","commune":"CHARLEVILLE-MEZIERES","echelle":"1/500","surface":"0.05 km²","format":"A4","annee":"2010","cartographes":"SEGUINOT Albert","proprietaire":"08 - Ardennes","niveau":"O+","specialite":"CO à pied","latitude":"49.7800459391","longitude":"4.70170720035","date_saisie":"17/10/2018","date_depot":"26/12/2018","valide":"Oui","ppo":"Non","type_carte":"Nouvelle carte","fond":"Cadastre","obsolete":false}},{"type":"Feature","geometry":{"type":"Polygon","coordinates":[[[4.7131,49.7751],[4.713,49.7749],[4.7126,49.7749],[4.7125,49.7749],[4.7118,49.7737],[4.7126,49.7735],[4.7136,49.774],[4.7139,49.7743],[4.7139,49.7746],[4.7138,49.7749],[4.7137,49.7751],[4.7133,49.7752],[4.7131,49.7751]]]},"properties":{"id_ffco":"11015","nom":"PARC PIERQUIN - Charleville-Mézières","_dept":"08","numero":"2010-D08-68","commune":"CHARLEVILLE-MEZIERES","echelle":"1/600","surface":"0.02 km²","format":"A4","annee":"2010","cartographes":"SEGUINOT Albert,JAUVAIN Thierry","proprietaire":"08 - Ardennes","niveau":"Initiation, Scolaire","specialite":"CO à pied","latitude":"49.7743359664","longitude":"4.71294948416","date_saisie":"17/10/2018","date_depot":"26/12/2018","valide":"Oui","ppo":"Non","type_carte":"Nouvelle carte","fond":"Cadastre","obsolete":false}},{"type":"Feature","geometry":{"type":"Polygon","coordinates":[[[4.6242,49.8961],[4.6259,49.8962],[4.6281,49.8961],[4.6284,49.8959],[4.6283,49.8949],[4.6284,49.8942],[4.6284,49.8934],[4.6288,49.8928],[4.6292,49.8921],[4.6296,49.8915],[4.6304,49.8908],[4.631,49.8903],[4.6317,49.8896],[4.6319,49.8892],[4.632,49.8884],[4.6319,49.8879],[4.6316,49.8872],[4.6312,49.8866],[4.6308,49.8857],[4.6302,49.8851],[4.6294,49.8848],[4.6284,49.8847],[4.6273,49.8847],[4.6219,49.8863],[4.6212,49.8867],[4.6203,49.8867],[4.6207,49.8921],[4.6208,49.8955],[4.621,49.896],[4.624,49.8961],[4.6242,49.8961]]]},"properties":{"id_ffco":"11014","nom":"Les Mazures","_dept":"08","numero":"2010-D08-67","commune":"LES MAZURES 08500","echelle":"1/5000","surface":"0.81 km²","format":"A4","annee":"2010","cartographes":"SEGUINOT Albert","proprietaire":"08 - Ardennes","niveau":"Régional","specialite":"Sprint (ISSOM)","latitude":"49.8902879307","longitude":"4.62563389591","date_saisie":"17/10/2018","date_depot":"26/12/2018","valide":"Oui","ppo":"Non","type_carte":"Nouvelle carte","fond":"Cadastre","obsolete":false}},{"type":"Feature","geometry":{"type":"Polygon","coordinates":[[[4.7334,49.7685],[4.7425,49.7686],[4.743,49.768],[4.7436,49.7662],[4.7432,49.7654],[4.743,49.7646],[4.7436,49.7635],[4.745,49.7627],[4.7458,49.7626],[4.7459,49.7621],[4.7445,49.762],[4.7428,49.7618],[4.7421,49.7613],[4.7409,49.7607],[4.7391,49.7602],[4.7367,49.7603],[4.735,49.7605],[4.7336,49.7603],[4.7323,49.76],[4.7305,49.7596],[4.7288,49.7594],[4.7277,49.7592],[4.7273,49.7601],[4.7269,49.7629],[4.7285,49.7646],[4.7288,49.766],[4.7303,49.7676],[4.7315,49.7683],[4.7326,49.7687],[4.7334,49.7685]]]},"properties":{"id_ffco":"11013","nom":"Berthaucourt - 08","_dept":"08","numero":"2010-D08-66","commune":"CHARLEVILLE-MEZIERES","echelle":"1/5000","surface":"1.01 km²","format":"A4","annee":"2010","cartographes":"SEGUINOT Albert","proprietaire":"08 - Ardennes","niveau":"Initiation, Scolaire","specialite":"CO à pied","latitude":"49.7641320014","longitude":"4.73562215394","date_saisie":"17/10/2018","date_depot":"26/12/2018","valide":"Oui","ppo":"Non","type_carte":"Reprise","base":"1982-D08-13 CHARLEVILLE-MEZIERES \"PLATEAU DE BERTHAUCOURT\"","fond":"IGN","obsolete":false}},{"type":"Feature","geometry":{"type":"Polygon","coordinates":[[[4.524,49.8439],[4.526,49.8435],[4.5287,49.8432],[4.5322,49.8431],[4.534,49.8431],[4.5343,49.844],[4.5346,49.8451],[4.5346,49.8457],[4.5366,49.8476],[4.5339,49.8488],[4.5322,49.8495],[4.53,49.8501],[4.5271,49.8509],[4.5252,49.8506],[4.5244,49.8503],[4.524,49.8439]]]},"properties":{"id_ffco":"11012","nom":"Le Bois Chatelain - Rimogne","_dept":"08","numero":"2010-D08-65","commune":"Rimogne 08150","echelle":"1/6000","surface":"0.58 km²","format":"A4","annee":"2010","cartographes":"SEGUINOT Albert","proprietaire":"08 - Ardennes","niveau":"O+","specialite":"CO à pied","latitude":"49.8467255474","longitude":"4.52940872515","date_saisie":"17/10/2018","date_depot":"26/12/2018","valide":"Oui","ppo":"Non","type_carte":"Nouvelle carte","fond":"Cadastre","obsolete":false}},{"type":"Feature","geometry":{"type":"Polygon","coordinates":[[[4.7557,49.6669],[4.755,49.6676],[4.7532,49.6681],[4.7523,49.6688],[4.7512,49.6691],[4.7498,49.6687],[4.7432,49.666],[4.7412,49.6653],[4.738,49.664],[4.7364,49.6634],[4.7357,49.6631],[4.7346,49.6622],[4.7326,49.6596],[4.7315,49.6585],[4.7298,49.6576],[4.7279,49.657],[4.7263,49.6563],[4.725,49.656],[4.7236,49.6552],[4.7234,49.6535],[4.7228,49.6527],[4.7226,49.6517],[4.7234,49.6513],[4.7251,49.6506],[4.7278,49.6502],[4.7288,49.6501],[4.7291,49.649],[4.7303,49.649],[4.7324,49.6492],[4.733,49.6492],[4.7336,49.6489],[4.7342,49.6475],[4.7347,49.6468],[4.7349,49.646],[4.737,49.6464],[4.7382,49.6458],[4.7383,49.6446],[4.7388,49.6437],[4.7564,49.6429],[4.7565,49.6433],[4.7578,49.6439],[4.7597,49.6437],[4.7624,49.6435],[4.7644,49.6437],[4.7658,49.6445],[4.7672,49.6449],[4.7681,49.6446],[4.7695,49.644],[4.7709,49.6432],[4.7719,49.6425],[4.7718,49.6434],[4.7725,49.6445],[4.7736,49.6454],[4.776,49.6463],[4.777,49.6472],[4.7781,49.6478],[4.7795,49.6485],[4.7792,49.6492],[4.7786,49.65],[4.7785,49.6509],[4.7778,49.6517],[4.7773,49.6523],[4.7783,49.6532],[4.7791,49.6546],[4.7792,49.6557],[4.7796,49.657],[4.7792,49.6588],[4.7797,49.66],[4.78,49.6606],[4.7805,49.6616],[4.7811,49.6626],[4.7815,49.6636],[4.7794,49.6636],[4.7769,49.6637],[4.7735,49.6632],[4.7706,49.6635],[4.769,49.664],[4.7665,49.6642],[4.7639,49.6644],[4.76,49.6645],[4.7577,49.665],[4.7571,49.665],[4.7557,49.6669]]]},"properties":{"id_ffco":"11011","nom":"La CROIX SERIN - ELAN","_dept":"08","numero":"2010-D08-64","commune":"ELAN 08160","echelle":"1/15000","surface":"8.26 km²","format":"A4","annee":"2010","proprietaire":"08 - Ardennes","niveau":"Régional","specialite":"CO à pied","latitude":"49.654707814","longitude":"4.75387850088","date_saisie":"17/10/2018","date_depot":"26/12/2018","valide":"Oui","ppo":"Non","type_carte":"Reprise","base":"1983-D08-14 ELAN la CROIX SERIN","fond":"IGN","obsolete":false}},{"type":"Feature","geometry":{"type":"Polygon","coordinates":[[[4.7174,49.778],[4.7149,49.778],[4.7149,49.7715],[4.7161,49.7712],[4.7191,49.7706],[4.7261,49.769],[4.7269,49.7699],[4.7285,49.771],[4.7302,49.7718],[4.7327,49.7724],[4.7333,49.7726],[4.7327,49.7741],[4.7307,49.7753],[4.7291,49.7759],[4.727,49.7759],[4.7252,49.7761],[4.7231,49.7765],[4.7219,49.7766],[4.7201,49.7772],[4.7187,49.7777],[4.7174,49.778]]]},"properties":{"id_ffco":"11010","nom":"CHARLESTOWN","_dept":"08","numero":"2010-D08-63","commune":"CHARLEVILLE-MEZIERES","echelle":"1/5000","surface":"0.85 km²","format":"A4","annee":"2010","cartographes":"SEGUINOT Albert","proprietaire":"0801 - ORIENTATION SPORTIVE DE CHARLEVILLE-MEZIERES","niveau":"Régional","specialite":"Sprint (ISSOM)","latitude":"49.7735730834","longitude":"4.72275603563","date_saisie":"17/10/2018","date_depot":"21/12/2018","valide":"Oui","ppo":"Non","type_carte":"Nouvelle carte","fond":"Cadastre","obsolete":false}},{"type":"Feature","geometry":{"type":"Polygon","coordinates":[[[4.7384,49.8805],[4.7393,49.8803],[4.7401,49.8803],[4.7407,49.8803],[4.7417,49.8805],[4.743,49.8808],[4.744,49.8811],[4.7453,49.882],[4.7471,49.8828],[4.7479,49.883],[4.7488,49.8832],[4.7488,49.8828],[4.7479,49.8825],[4.7471,49.882],[4.7463,49.8816],[4.7459,49.8811],[4.7451,49.8804],[4.7438,49.8794],[4.7422,49.8782],[4.7414,49.878],[4.7403,49.8783],[4.7386,49.8796],[4.738,49.8804],[4.7384,49.8805]]]},"properties":{"id_ffco":"11009","nom":"L'Ile de la SEMOY - MONTHERME","_dept":"08","numero":"2010-D08-62","commune":"Monthermé 08800","echelle":"1/2500","surface":"0.12 km²","format":"A4","annee":"2010","cartographes":"SEGUINOT Albert","proprietaire":"08 - Ardennes","niveau":"Initiation, Scolaire","specialite":"CO à pied","latitude":"49.8801785224","longitude":"4.74279971429","date_saisie":"16/10/2018","date_depot":"26/12/2018","valide":"Oui","ppo":"Non","type_carte":"Nouvelle carte","fond":"Cadastre","obsolete":false}},{"type":"Feature","geometry":{"type":"Polygon","coordinates":[[[4.2822,49.9066],[4.2851,49.9066],[4.286,49.9066],[4.2862,49.9066],[4.2854,49.905],[4.2844,49.9046],[4.2836,49.9043],[4.2825,49.9042],[4.2818,49.9042],[4.281,49.9042],[4.2811,49.9052],[4.2817,49.9053],[4.2822,49.9067],[4.2822,49.9066]]]},"properties":{"id_ffco":"11008","nom":"Collège de SIGNY LE PETIT","_dept":"08","numero":"2009-D08-61","commune":"Signy le Petit 08380","echelle":"1/1400","surface":"0.07 km²","format":"A4","annee":"2009","cartographes":"SEGUINOT Albert","proprietaire":"08 - Ardennes","niveau":"Initiation, Scolaire","specialite":"CO à pied","latitude":"49.9054750256","longitude":"4.28352484421","date_saisie":"16/10/2018","date_depot":"26/12/2018","valide":"Oui","ppo":"Non","type_carte":"Nouvelle carte","fond":"Cadastre","obsolete":false}},{"type":"Feature","geometry":{"type":"Polygon","coordinates":[[[4.7044,49.9879],[4.711,49.9877],[4.7109,49.9848],[4.7099,49.9841],[4.7092,49.9838],[4.7078,49.9837],[4.7066,49.9838],[4.7039,49.9839],[4.7035,49.984],[4.7044,49.9879]]]},"properties":{"id_ffco":"11007","nom":"Bois du HAN - FUMAY","_dept":"08","numero":"2009-D08-60","commune":"Fumay 08170","echelle":"1/2000","surface":"0.22 km²","format":"A4","annee":"2009","cartographes":"SEGUINOT Albert","proprietaire":"08 - Ardennes","niveau":"Initiation, Scolaire","specialite":"CO à pied","latitude":"49.9857954862","longitude":"4.70732189229","date_saisie":"16/10/2018","date_depot":"26/12/2018","valide":"Oui","ppo":"Non","type_carte":"Nouvelle carte","fond":"Cadastre","obsolete":false}},{"type":"Feature","geometry":{"type":"Polygon","coordinates":[[[4.3429,49.7706],[4.3414,49.769],[4.3406,49.7676],[4.3403,49.7668],[4.3416,49.7662],[4.3428,49.7654],[4.3444,49.7648],[4.3475,49.7657],[4.3466,49.767],[4.3446,49.7691],[4.343,49.7708],[4.3429,49.7706]]]},"properties":{"id_ffco":"11006","nom":"Collège Edouard PIETTE - LIART","_dept":"08","numero":"2009-D08-59","commune":"LIART 08290","echelle":"1/2500","surface":"0.18 km²","format":"A4","annee":"2009","cartographes":"SEGUINOT Albert","proprietaire":"08 - Ardennes","niveau":"Initiation, Scolaire","specialite":"CO à pied","latitude":"49.7673407973","longitude":"4.34366555388","date_saisie":"16/10/2018","date_depot":"26/12/2018","valide":"Oui","ppo":"Non","type_carte":"Nouvelle carte","fond":"Cadastre","obsolete":false}},{"type":"Feature","geometry":{"type":"Polygon","coordinates":[[[4.6842,49.7598],[4.6878,49.7598],[4.6878,49.7564],[4.6826,49.7565],[4.6827,49.7598],[4.6834,49.7598],[4.6842,49.7598]]]},"properties":{"id_ffco":"11004","nom":"Orient'Show - La WARENNE","_dept":"08","numero":"2009-D08-58","commune":"CHARLEVILLE-MEZIERES","echelle":"1/2000","surface":"0.14 km²","format":"A4","annee":"2009","cartographes":"SEGUINOT Albert","proprietaire":"08 - Ardennes","niveau":"Initiation, Scolaire","specialite":"CO à pied","latitude":"49.7581286679","longitude":"4.68523747607","date_saisie":"16/10/2018","date_depot":"21/12/2018","valide":"Oui","ppo":"Non","type_carte":"Nouvelle carte","fond":"Cadastre","obsolete":false}},{"type":"Feature","geometry":{"type":"Polygon","coordinates":[[[4.9587,49.4274],[4.958,49.4264],[4.9579,49.425],[4.9584,49.4248],[4.9591,49.4244],[4.9598,49.4241],[4.9607,49.424],[4.9616,49.4241],[4.9648,49.425],[4.9653,49.4252],[4.9657,49.4253],[4.9655,49.4255],[4.9643,49.427],[4.9636,49.427],[4.9629,49.4269],[4.9618,49.427],[4.9607,49.4271],[4.9599,49.4273],[4.9588,49.4275],[4.9588,49.4274],[4.9587,49.4274]]]},"properties":{"id_ffco":"11003","nom":"Parc du Collège Château ChANZY - BUZANZY","_dept":"08","numero":"2009-D08-57","commune":"Buzancy 08240","echelle":"1/2000","surface":"0.15 km²","format":"A4","annee":"2009","cartographes":"SEGUINOT Albert","proprietaire":"08 - Ardennes","niveau":"Initiation, Scolaire","specialite":"CO à pied","latitude":"49.4257197254","longitude":"4.96133387414","date_saisie":"16/10/2018","date_depot":"26/12/2018","valide":"Oui","ppo":"Non","type_carte":"Nouvelle carte","fond":"Cadastre","obsolete":false}},{"type":"Feature","geometry":{"type":"Polygon","coordinates":[[[4.4229,49.7016],[4.4223,49.7018],[4.4216,49.7021],[4.4213,49.7023],[4.421,49.7021],[4.4206,49.702],[4.42,49.7022],[4.4195,49.7024],[4.4192,49.7026],[4.4188,49.7028],[4.4184,49.7028],[4.4179,49.7027],[4.4177,49.7026],[4.4177,49.7023],[4.418,49.7019],[4.4173,49.7006],[4.4176,49.7002],[4.4179,49.6999],[4.4182,49.6995],[4.4183,49.6992],[4.4182,49.6988],[4.4182,49.6986],[4.4182,49.6983],[4.4187,49.6983],[4.4193,49.6982],[4.4197,49.6981],[4.4201,49.6979],[4.4203,49.6978],[4.4208,49.6977],[4.4212,49.6977],[4.4215,49.6981],[4.4219,49.6984],[4.4222,49.6987],[4.4231,49.6991],[4.4232,49.6996],[4.4232,49.7],[4.4232,49.7004],[4.4232,49.7008],[4.4232,49.7012],[4.4232,49.7015],[4.4229,49.7016]]]},"properties":{"id_ffco":"11002","nom":"Collège Marcel GANICHON - Signy l'Abbaye","_dept":"08","numero":"2009-D08-56","commune":"SIGNY-L'ABBAYE","echelle":"1/2000","surface":"0.17 km²","format":"A4","annee":"2009","cartographes":"SEGUINOT Albert","proprietaire":"08 - Ardennes","niveau":"Initiation, Scolaire","specialite":"CO à pied","latitude":"49.700286703","longitude":"4.42029656895","date_saisie":"16/10/2018","date_depot":"26/12/2018","valide":"Oui","ppo":"Non","type_carte":"Nouvelle carte","fond":"Cadastre","obsolete":false}},{"type":"Feature","geometry":{"type":"Polygon","coordinates":[[[4.3686,49.5128],[4.3681,49.5131],[4.3675,49.5133],[4.367,49.5131],[4.3669,49.5135],[4.3665,49.5138],[4.366,49.5145],[4.3656,49.515],[4.3651,49.5155],[4.3649,49.5157],[4.3655,49.5159],[4.3661,49.5159],[4.3664,49.5162],[4.3663,49.5163],[4.3673,49.5165],[4.3677,49.5167],[4.3685,49.5156],[4.3692,49.5157],[4.3697,49.5156],[4.3691,49.515],[4.3689,49.513],[4.3688,49.5129],[4.3686,49.5128]]]},"properties":{"id_ffco":"11001","nom":"Stade Municipal de RETHEL","_dept":"08","numero":"2009-D08-55","commune":"Rethel","echelle":"1/1600","surface":"0.08 km²","format":"A4","annee":"2009","cartographes":"SEGUINOT Albert","proprietaire":"08 - Ardennes","niveau":"Initiation, Scolaire","specialite":"CO à pied","latitude":"49.5148305175","longitude":"4.36745887944","date_saisie":"16/10/2018","date_depot":"26/12/2018","valide":"Oui","ppo":"Non","type_carte":"Nouvelle carte","fond":"Cadastre","obsolete":false}},{"type":"Feature","geometry":{"type":"Polygon","coordinates":[[[4.7484,49.8182],[4.7481,49.8186],[4.7475,49.8191],[4.7473,49.8193],[4.748,49.8204],[4.7483,49.8212],[4.7479,49.8221],[4.7488,49.8227],[4.7492,49.8233],[4.7494,49.8237],[4.7498,49.824],[4.7552,49.8239],[4.7552,49.8208],[4.7547,49.8204],[4.7542,49.8199],[4.7537,49.819],[4.7535,49.8185],[4.7531,49.8177],[4.7529,49.8175],[4.7525,49.8174],[4.752,49.8173],[4.7512,49.817],[4.7485,49.8169],[4.7485,49.8175],[4.7486,49.8181],[4.7484,49.8182]]]},"properties":{"id_ffco":"11000","nom":"La PLATELLE","_dept":"08","numero":"2009-D08-54","commune":"Nouzonville","echelle":"1/3000","surface":"0.34 km²","format":"A4","annee":"2009","cartographes":"SEGUINOT Albert","proprietaire":"08 - Ardennes","niveau":"Initiation, Scolaire","specialite":"CO à pied","latitude":"49.820689319","longitude":"4.75135614357","date_saisie":"16/10/2018","date_depot":"21/12/2018","valide":"Oui","ppo":"Non","type_carte":"Nouvelle carte","fond":"IGN","obsolete":false}},{"type":"Feature","geometry":{"type":"Polygon","coordinates":[[[4.7174,49.762],[4.7163,49.762],[4.7142,49.7621],[4.7129,49.7623],[4.7115,49.7623],[4.7109,49.7623],[4.7109,49.762],[4.7103,49.762],[4.709,49.7624],[4.7089,49.7628],[4.7088,49.7631],[4.708,49.7639],[4.708,49.7641],[4.7072,49.7644],[4.7073,49.7657],[4.7083,49.7656],[4.7099,49.7652],[4.7114,49.7652],[4.7128,49.7654],[4.714,49.7654],[4.715,49.7654],[4.7162,49.7653],[4.7168,49.7648],[4.7171,49.7641],[4.7174,49.7634],[4.7175,49.7628],[4.7179,49.7624],[4.7183,49.7619],[4.7179,49.7618],[4.7174,49.762]]]},"properties":{"id_ffco":"10999","nom":"Stade Bayard - Charleville-Mézières","_dept":"08","numero":"2009-D08-53","commune":"CHARLEVILLE-MEZIERES","echelle":"1/2500","surface":"0.24 km²","format":"A4","annee":"2009","cartographes":"SEGUINOT Albert","proprietaire":"0801 - ORIENTATION SPORTIVE DE CHARLEVILLE-MEZIERES","niveau":"Initiation, Scolaire","specialite":"CO à pied","latitude":"49.7637789402","longitude":"4.71268117459","date_saisie":"16/10/2018","date_depot":"26/12/2018","valide":"Oui","ppo":"Non","type_carte":"Nouvelle carte","fond":"Cadastre","obsolete":false}},{"type":"Feature","geometry":{"type":"Polygon","coordinates":[[[4.7508,49.8162],[4.7515,49.816],[4.7519,49.8158],[4.7515,49.8156],[4.7509,49.8154],[4.7506,49.8152],[4.7506,49.8151],[4.7505,49.8149],[4.7503,49.8148],[4.7494,49.8145],[4.7492,49.8145],[4.7491,49.8145],[4.749,49.8146],[4.7487,49.8146],[4.748,49.8144],[4.7479,49.8147],[4.7478,49.8149],[4.748,49.815],[4.7484,49.8151],[4.7486,49.8152],[4.7491,49.8153],[4.75,49.8157],[4.7508,49.8162]]]},"properties":{"id_ffco":"10998","nom":"Stade André STEVENIN","_dept":"08","numero":"2009-D08-52","commune":"Nouzonville","echelle":"1/1000","surface":"0.02 km²","format":"A5","annee":"2009","cartographes":"SEGUINOT Albert","proprietaire":"08 - Ardennes","niveau":"Initiation, Scolaire","specialite":"CO à pied","latitude":"49.8152046226","longitude":"4.74976108627","date_saisie":"16/10/2018","date_depot":"26/12/2018","valide":"Oui","ppo":"Non","type_carte":"Nouvelle carte","fond":"Cadastre","obsolete":false}},{"type":"Feature","geometry":{"type":"Polygon","coordinates":[[[4.7955,50.1341],[4.7975,50.1313],[4.7983,50.1317],[4.7989,50.132],[4.7997,50.132],[4.8007,50.1319],[4.802,50.1324],[4.8027,50.1327],[4.8032,50.133],[4.8044,50.1332],[4.8054,50.1334],[4.8062,50.1336],[4.8077,50.1338],[4.8071,50.1355],[4.8085,50.1354],[4.8101,50.1352],[4.8116,50.135],[4.813,50.135],[4.8146,50.1351],[4.8161,50.1351],[4.8168,50.135],[4.8167,50.138],[4.8158,50.1377],[4.8134,50.1376],[4.8123,50.1376],[4.8109,50.1377],[4.8104,50.1385],[4.8096,50.1382],[4.8089,50.1381],[4.8081,50.1383],[4.8075,50.1384],[4.8068,50.1385],[4.8058,50.1384],[4.8051,50.1377],[4.8021,50.1375],[4.8007,50.1376],[4.8004,50.1386],[4.7993,50.1386],[4.7992,50.1373],[4.7966,50.1365],[4.7961,50.1362],[4.7972,50.1358],[4.7951,50.1346],[4.7955,50.1341]]]},"properties":{"id_ffco":"10997","nom":"Fort de Charlemont","_dept":"08","numero":"2008-D08-51","commune":"Givet","echelle":"1/5000","surface":"0.66 km²","format":"A4","annee":"2008","proprietaire":"Ligue Champagne-Ardennes de CO","niveau":"Initiation, Scolaire","specialite":"CO à pied","latitude":"50.1355431969","longitude":"4.80480598458","date_saisie":"16/10/2018","date_depot":"21/12/2018","valide":"Oui","ppo":"Non","type_carte":"Nouvelle carte","fond":"IGN","obsolete":false}},{"type":"Feature","geometry":{"type":"Polygon","coordinates":[[[4.714,49.8309],[4.7139,49.8315],[4.712,49.8334],[4.7117,49.8344],[4.7114,49.8359],[4.7107,49.8364],[4.7091,49.8373],[4.7083,49.8378],[4.7071,49.8386],[4.7054,49.839],[4.704,49.8393],[4.7045,49.8404],[4.704,49.8421],[4.7038,49.8423],[4.7016,49.8428],[4.7015,49.8441],[4.7013,49.8451],[4.7015,49.847],[4.7017,49.8479],[4.702,49.8492],[4.7027,49.8497],[4.7043,49.85],[4.7058,49.8503],[4.7076,49.8509],[4.7088,49.8514],[4.7105,49.8517],[4.7104,49.851],[4.7094,49.85],[4.7091,49.8492],[4.7103,49.8495],[4.7121,49.85],[4.7133,49.8505],[4.7143,49.8505],[4.7152,49.8506],[4.7163,49.851],[4.717,49.8509],[4.718,49.8507],[4.7195,49.8504],[4.7209,49.8501],[4.7225,49.8502],[4.7243,49.8505],[4.7264,49.851],[4.7282,49.8516],[4.7294,49.8523],[4.73,49.8531],[4.7314,49.8536],[4.7324,49.8539],[4.7339,49.8545],[4.7346,49.8546],[4.7357,49.8549],[4.7373,49.8554],[4.738,49.8561],[4.741,49.8563],[4.7414,49.8562],[4.7426,49.8564],[4.7438,49.8558],[4.7448,49.8575],[4.7466,49.8585],[4.7488,49.8589],[4.7497,49.8592],[4.7503,49.8585],[4.7509,49.8577],[4.7521,49.857],[4.7523,49.8564],[4.7526,49.8538],[4.752,49.8521],[4.7529,49.8506],[4.7563,49.8484],[4.7569,49.8481],[4.7567,49.8472],[4.7577,49.8448],[4.7576,49.8429],[4.7568,49.8423],[4.7554,49.8421],[4.7532,49.8419],[4.7505,49.8409],[4.7487,49.8406],[4.746,49.8388],[4.7449,49.8378],[4.7444,49.8371],[4.7429,49.8362],[4.7418,49.8354],[4.741,49.8352],[4.7403,49.8341],[4.7403,49.8311],[4.7428,49.8279],[4.743,49.8267],[4.7431,49.8252],[4.743,49.8244],[4.7427,49.8233],[4.7417,49.8214],[4.741,49.8197],[4.7406,49.8177],[4.7402,49.8169],[4.7352,49.818],[4.7324,49.8186],[4.7299,49.819],[4.729,49.8193],[4.7268,49.8192],[4.7237,49.8186],[4.7218,49.8184],[4.7209,49.8184],[4.7191,49.8186],[4.7171,49.8194],[4.7161,49.8205],[4.715,49.8211],[4.7133,49.8222],[4.7129,49.823],[4.7139,49.8246],[4.7133,49.8256],[4.7127,49.8264],[4.7121,49.8277],[4.7127,49.8288],[4.7128,49.8298],[4.714,49.8309]]]},"properties":{"id_ffco":"10996","nom":"Meiller-Fontaine 2","_dept":"08","numero":"2007-D08-50","commune":"Nouzonville","echelle":"1/15000","surface":"10.69 km²","format":"A3","annee":"2007","proprietaire":"Ligue Champagne-Ardennes de CO","niveau":"Interrégional","specialite":"Raid'O","latitude":"49.8387032849","longitude":"4.72956329578","date_saisie":"16/10/2018","date_depot":"26/12/2018","valide":"Oui","ppo":"Non","type_carte":"Nouvelle carte","fond":"IGN","obsolete":false}},{"type":"Feature","geometry":{"type":"Polygon","coordinates":[[[4.6027,49.8726],[4.6034,49.8725],[4.6046,49.8723],[4.6053,49.8722],[4.6063,49.872],[4.6075,49.8718],[4.6081,49.8717],[4.6078,49.8711],[4.6073,49.8709],[4.6048,49.8711],[4.6032,49.8715],[4.6022,49.8719],[4.6027,49.8726]]]},"properties":{"id_ffco":"10995","nom":"Plage de la base des Vieilles Forges","_dept":"08","numero":"2007-D08-49","commune":"LES MAZURES","echelle":"1/1000","surface":"0.04 km²","format":"A4","annee":"2007","proprietaire":"Ligue Champagne-Ardennes de CO","niveau":"Initiation, Scolaire","specialite":"CO à pied","latitude":"49.8716833604","longitude":"4.60509552967","date_saisie":"16/10/2018","date_depot":"26/12/2018","valide":"Oui","ppo":"Non","type_carte":"Nouvelle carte","fond":"Cadastre","obsolete":false}},{"type":"Feature","geometry":{"type":"Polygon","coordinates":[[[4.7279,49.7754],[4.7255,49.7755],[4.7226,49.7756],[4.7215,49.7757],[4.7204,49.7761],[4.719,49.7772],[4.7176,49.7783],[4.7169,49.7792],[4.7166,49.7803],[4.7165,49.7812],[4.717,49.7824],[4.7175,49.7829],[4.7185,49.7833],[4.7208,49.784],[4.7226,49.7843],[4.7243,49.7842],[4.7266,49.7843],[4.7279,49.784],[4.7287,49.7839],[4.7299,49.7836],[4.7299,49.7752],[4.7279,49.7754]]]},"properties":{"id_ffco":"10994","nom":"PPO Mont Olympe","_dept":"08","numero":"2004-D08-48","commune":"CHARLEVILLE-MEZIERES","echelle":"1/5000","surface":"0.82 km²","format":"A4","annee":"2004","cartographes":"SEGUINOT Albert","proprietaire":"0801 - ORIENTATION SPORTIVE DE CHARLEVILLE-MEZIERES","niveau":"Initiation, Scolaire","specialite":"CO à pied","latitude":"49.7799338013","longitude":"4.72387928539","date_saisie":"16/10/2018","date_depot":"26/12/2018","valide":"Oui","ppo":"Oui (25 postes)","type_carte":"Reprise","base":"2004-D08-43 Le MONT-OLYMPE","fond":"Cadastre","obsolete":false}},{"type":"Feature","geometry":{"type":"Polygon","coordinates":[[[4.7964,49.9507],[4.7975,49.9503],[4.7988,49.9494],[4.8003,49.9489],[4.8028,49.9483],[4.8045,49.9478],[4.805,49.9474],[4.8066,49.947],[4.8086,49.9469],[4.8104,49.9467],[4.812,49.9464],[4.8136,49.9463],[4.8154,49.9461],[4.8165,49.946],[4.8168,49.9453],[4.818,49.9455],[4.8192,49.9458],[4.8201,49.9456],[4.8224,49.945],[4.8236,49.9446],[4.826,49.9438],[4.8274,49.943],[4.8287,49.9421],[4.8296,49.9415],[4.8306,49.941],[4.8327,49.9398],[4.8337,49.9393],[4.8351,49.9387],[4.8371,49.9379],[4.8386,49.9371],[4.8388,49.9363],[4.8389,49.9352],[4.8381,49.9341],[4.8366,49.9332],[4.8361,49.9324],[4.8355,49.9316],[4.8348,49.9301],[4.8354,49.9293],[4.8359,49.9286],[4.836,49.9276],[4.8361,49.927],[4.8364,49.9261],[4.8377,49.9249],[4.8385,49.9243],[4.8405,49.9231],[4.8418,49.9223],[4.8416,49.9219],[4.8408,49.9199],[4.8399,49.9187],[4.8397,49.917],[4.8397,49.9164],[4.8396,49.9158],[4.839,49.9143],[4.8381,49.913],[4.8366,49.9114],[4.8366,49.9107],[4.833,49.9079],[4.8325,49.9071],[4.8313,49.907],[4.828,49.9068],[4.8273,49.9069],[4.8257,49.9064],[4.8249,49.9059],[4.8243,49.9054],[4.8234,49.9052],[4.8232,49.9041],[4.8231,49.9033],[4.8225,49.9021],[4.8217,49.9014],[4.8203,49.9017],[4.8188,49.902],[4.8186,49.9026],[4.8182,49.9036],[4.8167,49.9041],[4.8155,49.9049],[4.814,49.9055],[4.8137,49.9056],[4.8117,49.905],[4.8102,49.9043],[4.8091,49.9043],[4.8084,49.9046],[4.8058,49.9035],[4.8052,49.9028],[4.8039,49.9018],[4.8022,49.9009],[4.7997,49.9],[4.7986,49.9001],[4.7968,49.9008],[4.7951,49.9012],[4.7943,49.9015],[4.7926,49.9019],[4.7924,49.9002],[4.7945,49.8977],[4.7954,49.8963],[4.7947,49.8959],[4.7936,49.8946],[4.7927,49.8943],[4.792,49.8939],[4.7918,49.8926],[4.792,49.8913],[4.7922,49.8902],[4.7872,49.8879],[4.7864,49.8869],[4.7855,49.8859],[4.7852,49.885],[4.7844,49.884],[4.7833,49.8842],[4.7824,49.8854],[4.7817,49.8869],[4.7806,49.8883],[4.7798,49.8892],[4.7783,49.89],[4.7759,49.8908],[4.7744,49.8911],[4.773,49.8913],[4.7716,49.8915],[4.7711,49.8917],[4.7706,49.8924],[4.7717,49.8938],[4.7717,49.8946],[4.7712,49.8951],[4.7704,49.8954],[4.7711,49.896],[4.7715,49.8972],[4.7713,49.8984],[4.7701,49.8994],[4.7689,49.9003],[4.7671,49.9008],[4.7665,49.9008],[4.7658,49.9019],[4.7646,49.9031],[4.7657,49.9034],[4.7674,49.9035],[4.7694,49.9035],[4.7716,49.9035],[4.7726,49.9031],[4.7737,49.9029],[4.7758,49.9036],[4.7775,49.9041],[4.782,49.9055],[4.7825,49.9062],[4.7828,49.9074],[4.7828,49.9091],[4.7829,49.9117],[4.7833,49.9131],[4.7834,49.9143],[4.7833,49.915],[4.7825,49.9157],[4.7819,49.9163],[4.7818,49.9173],[4.7822,49.9182],[4.7827,49.9191],[4.7828,49.9205],[4.7827,49.9212],[4.7822,49.9226],[4.781,49.9245],[4.781,49.9257],[4.7816,49.9279],[4.7813,49.929],[4.7808,49.9303],[4.7808,49.9309],[4.781,49.9318],[4.781,49.9328],[4.7805,49.934],[4.7803,49.9353],[4.7803,49.9366],[4.7799,49.9376],[4.7803,49.9385],[4.7815,49.9401],[4.7825,49.941],[4.7839,49.9421],[4.7856,49.9435],[4.7872,49.9442],[4.7892,49.945],[4.7906,49.9455],[4.7925,49.947],[4.7937,49.9479],[4.7949,49.949],[4.7956,49.9499],[4.7962,49.9506],[4.7964,49.9507]]]},"properties":{"id_ffco":"10993","nom":"Les Vieux Moulins de Thilay","_dept":"08","numero":"2006-D08-47","commune":"Monthermé","echelle":"1/20000","surface":"21.15 km²","format":"A3","annee":"2006","proprietaire":"Ligue Champagne-Ardennes de CO","niveau":"Interrégional","specialite":"Raid'O","latitude":"49.9209938215","longitude":"4.80508241766","date_saisie":"16/10/2018","date_depot":"26/12/2018","valide":"Oui","ppo":"Non","type_carte":"Reprise","base":"2000-D08-40 Les Vieux Moulins de Thilay","fond":"IGN","obsolete":false}},{"type":"Feature","geometry":{"type":"Polygon","coordinates":[[[4.6368,49.9398],[4.6335,49.9399],[4.633,49.9389],[4.6327,49.9382],[4.632,49.9376],[4.6312,49.9371],[4.6303,49.9365],[4.6296,49.9361],[4.629,49.9354],[4.6288,49.9313],[4.6302,49.9313],[4.632,49.9315],[4.6334,49.9316],[4.6347,49.9324],[4.6355,49.9329],[4.6363,49.9338],[4.6368,49.9348],[4.6369,49.936],[4.6374,49.9369],[4.6375,49.9378],[4.6376,49.9385],[4.6375,49.9394],[4.6368,49.9398]]]},"properties":{"id_ffco":"10992","nom":"Bois de la Chapelle O8 Revin","_dept":"08","numero":"2004-D08-46","commune":"Revin","echelle":"1/3000","surface":"0.41 km²","format":"A4","annee":"2004","cartographes":"Team Ardennes Nature","proprietaire":"08 - Ardennes","niveau":"Initiation, Scolaire","specialite":"CO à pied","latitude":"49.9354304031","longitude":"4.633285657","date_saisie":"16/10/2018","date_depot":"26/12/2018","valide":"Oui","ppo":"Non","type_carte":"Nouvelle carte","fond":"IGN","obsolete":false}},{"type":"Feature","geometry":{"type":"Polygon","coordinates":[[[4.7363,49.772],[4.7374,49.7714],[4.739,49.7706],[4.7403,49.77],[4.7416,49.7693],[4.7429,49.768],[4.7437,49.7669],[4.7432,49.7659],[4.7432,49.765],[4.7435,49.7637],[4.7447,49.7629],[4.7458,49.7626],[4.747,49.7626],[4.7458,49.7619],[4.7444,49.7619],[4.7431,49.7619],[4.7418,49.7612],[4.7415,49.7608],[4.74,49.7604],[4.7387,49.7602],[4.7375,49.7602],[4.7357,49.7604],[4.7344,49.7604],[4.734,49.7603],[4.7326,49.7601],[4.729,49.7593],[4.728,49.7591],[4.7273,49.7602],[4.727,49.7611],[4.7262,49.7625],[4.7263,49.7627],[4.7272,49.7632],[4.7278,49.7641],[4.7283,49.7651],[4.7289,49.7661],[4.7294,49.7669],[4.7304,49.7676],[4.7315,49.7683],[4.7329,49.7693],[4.7336,49.7705],[4.7336,49.7714],[4.7337,49.7721],[4.7339,49.7725],[4.7355,49.7725],[4.7362,49.7724],[4.7363,49.772]]]},"properties":{"id_ffco":"10991","nom":"Berthaucourt 08","_dept":"08","numero":"2004-D08-45","commune":"CHARLEVILLE-MEZIERES","echelle":"1/7500","surface":"1.22 km²","format":"A4","annee":"2004","cartographes":"ROSINI Dany","proprietaire":"0801 - ORIENTATION SPORTIVE DE CHARLEVILLE-MEZIERES","niveau":"Initiation, Scolaire","specialite":"CO à pied","latitude":"49.7650074377","longitude":"4.73575818618","date_saisie":"16/10/2018","date_depot":"26/12/2018","valide":"Oui","ppo":"Non","type_carte":"Reprise","base":"1982-D08-13 CHARLEVILLE-MEZIERES \"PLATEAU DE BERTHAUCOURT\"","fond":"IGN","obsolete":false}},{"type":"Feature","geometry":{"type":"Polygon","coordinates":[[[4.7712,49.8918],[4.7708,49.8921],[4.771,49.8926],[4.7716,49.8935],[4.7719,49.8946],[4.7709,49.8954],[4.7709,49.8961],[4.7714,49.8972],[4.7712,49.8984],[4.7697,49.8999],[4.7687,49.9006],[4.7668,49.9008],[4.7656,49.9019],[4.7646,49.9033],[4.7661,49.9035],[4.7678,49.9036],[4.7693,49.9036],[4.7709,49.9035],[4.7737,49.903],[4.775,49.9034],[4.7773,49.904],[4.7788,49.9046],[4.7804,49.9049],[4.7821,49.9057],[4.7824,49.9072],[4.7834,49.9139],[4.7843,49.9133],[4.7854,49.9131],[4.7872,49.9122],[4.7892,49.9119],[4.7905,49.9118],[4.7917,49.9114],[4.7928,49.9107],[4.7933,49.9101],[4.7942,49.9092],[4.7946,49.9083],[4.7953,49.9078],[4.7973,49.9077],[4.7993,49.9081],[4.8016,49.9079],[4.803,49.9077],[4.8049,49.9075],[4.8066,49.9079],[4.8074,49.9082],[4.8084,49.9085],[4.8088,49.9086],[4.8091,49.9081],[4.8094,49.9072],[4.809,49.9063],[4.8087,49.9057],[4.8089,49.9051],[4.8092,49.9043],[4.8077,49.9046],[4.8069,49.9044],[4.8057,49.9037],[4.8049,49.9027],[4.8043,49.902],[4.8032,49.9013],[4.8016,49.9004],[4.7999,49.9],[4.7984,49.9002],[4.7963,49.9008],[4.7949,49.9012],[4.7927,49.902],[4.792,49.902],[4.7915,49.9014],[4.792,49.9007],[4.7924,49.9002],[4.7933,49.899],[4.7944,49.8977],[4.7951,49.8968],[4.7953,49.8963],[4.7944,49.8956],[4.7938,49.8947],[4.7928,49.8942],[4.7919,49.8942],[4.7921,49.8939],[4.7915,49.8929],[4.7917,49.8922],[4.7922,49.8912],[4.7922,49.8902],[4.7927,49.8897],[4.7871,49.8878],[4.7864,49.8869],[4.7859,49.8861],[4.7851,49.8854],[4.7847,49.8847],[4.7841,49.8839],[4.783,49.8846],[4.7824,49.886],[4.781,49.8877],[4.78,49.8887],[4.7791,49.8894],[4.7776,49.8902],[4.7755,49.8909],[4.774,49.8911],[4.7722,49.8915],[4.7712,49.8918]]]},"properties":{"id_ffco":"3871","nom":"Roc La Tour","_dept":"08","numero":"2004-D08-44","commune":"Monthermé","echelle":"1/10000","surface":"4.32 km²","format":"A3","annee":"2004","cartographes":"F et Y Mareigner,S Beaulieu","proprietaire":"Ligue Champagne-Ardennes de CO","niveau":"Interrégional","specialite":"CO à pied","latitude":"49.8999118348","longitude":"4.78621954494","date_saisie":"29/12/2004","date_depot":"25/01/2005","valide":"Oui","ppo":"Non","type_carte":"Nouvelle carte","fond":"IGN","obsolete":false}},{"type":"Feature","geometry":{"type":"Polygon","coordinates":[[[4.7297,49.7829],[4.7296,49.7836],[4.7289,49.7836],[4.7258,49.784],[4.7238,49.7841],[4.722,49.7839],[4.7201,49.7834],[4.7191,49.7831],[4.7175,49.7822],[4.7171,49.7807],[4.7178,49.7786],[4.7195,49.7773],[4.7198,49.7766],[4.7216,49.7756],[4.7234,49.7752],[4.726,49.7755],[4.7283,49.7755],[4.7297,49.7759],[4.7305,49.7763],[4.7297,49.7829]]]},"properties":{"id_ffco":"10990","nom":"Le MONT-OLYMPE","_dept":"08","numero":"2004-D08-43","commune":"CHARLEVILLE-MEZIERES","echelle":"1/4000","surface":"0.77 km²","format":"A4","annee":"2004","cartographes":"SEGUINOT Albert","proprietaire":"0801 - ORIENTATION SPORTIVE DE CHARLEVILLE-MEZIERES","niveau":"Initiation, Scolaire","specialite":"CO à pied","latitude":"49.7797431252","longitude":"4.72419824115","date_saisie":"16/10/2018","date_depot":"26/12/2018","valide":"Oui","ppo":"Non","type_carte":"Nouvelle carte","fond":"Cadastre","obsolete":false}},{"type":"Feature","geometry":{"type":"Polygon","coordinates":[[[4.5898,49.8783],[4.5908,49.8788],[4.5913,49.8797],[4.5915,49.8806],[4.5916,49.8809],[4.5918,49.8814],[4.6161,49.8815],[4.6125,49.8704],[4.6109,49.8713],[4.6105,49.871],[4.6092,49.8705],[4.6079,49.8709],[4.6063,49.8711],[4.6048,49.8714],[4.6033,49.8715],[4.6022,49.8719],[4.6012,49.8724],[4.5991,49.8725],[4.5966,49.873],[4.5945,49.8732],[4.5928,49.874],[4.5909,49.8747],[4.59,49.8749],[4.5898,49.8755],[4.5899,49.8767],[4.5898,49.8783]]]},"properties":{"id_ffco":"10989","nom":"Base des Vieilles-Forges 2","_dept":"08","numero":"2004-D08-42","commune":"LES MAZURES","echelle":"1/7500","surface":"1.79 km²","format":"A4","annee":"2004","cartographes":"SEGUINOT Albert","proprietaire":"Ligue Champagne-Ardennes de CO","niveau":"Initiation, Scolaire","specialite":"CO à pied","latitude":"49.87679086","longitude":"4.60333214938","date_saisie":"16/10/2018","date_depot":"26/12/2018","valide":"Oui","ppo":"Non","type_carte":"Reprise","base":"2000-D08-39 Lac des Vieilles Forges","fond":"IGN","obsolete":false}},{"type":"Feature","geometry":{"type":"Polygon","coordinates":[[[4.7827,49.9215],[4.7813,49.9242],[4.7812,49.9267],[4.7815,49.928],[4.7812,49.9296],[4.7808,49.9338],[4.7859,49.9334],[4.7918,49.9337],[4.8321,49.9343],[4.8336,49.9256],[4.836,49.9075],[4.8302,49.9067],[4.8278,49.9069],[4.8257,49.9064],[4.8242,49.9055],[4.8233,49.9048],[4.8224,49.9024],[4.8222,49.9016],[4.8214,49.9025],[4.8205,49.904],[4.819,49.9049],[4.8186,49.9052],[4.8171,49.9051],[4.8155,49.9054],[4.8152,49.9051],[4.8141,49.9053],[4.8125,49.9049],[4.8104,49.9044],[4.8087,49.9043],[4.8072,49.9044],[4.8059,49.9036],[4.8052,49.9025],[4.803,49.901],[4.801,49.9005],[4.7996,49.9001],[4.798,49.9004],[4.7954,49.9012],[4.7938,49.9015],[4.7919,49.9019],[4.7912,49.9014],[4.7923,49.9001],[4.7917,49.8994],[4.7928,49.8985],[4.7929,49.8976],[4.7943,49.8974],[4.7958,49.8963],[4.7948,49.8957],[4.7939,49.8946],[4.7921,49.8934],[4.7923,49.8907],[4.793,49.8903],[4.7945,49.8901],[4.796,49.8896],[4.7974,49.8887],[4.799,49.8877],[4.7991,49.8867],[4.7997,49.8855],[4.7996,49.8838],[4.8003,49.883],[4.8022,49.8811],[4.8025,49.8796],[4.8029,49.8783],[4.8033,49.8773],[4.8034,49.876],[4.8042,49.8744],[4.805,49.8739],[4.8067,49.8735],[4.807,49.8728],[4.8063,49.8723],[4.8046,49.8723],[4.8037,49.8736],[4.8016,49.8746],[4.7987,49.8753],[4.7959,49.8765],[4.7947,49.8771],[4.7918,49.8769],[4.7909,49.8772],[4.7903,49.878],[4.7893,49.8786],[4.7874,49.8792],[4.7854,49.879],[4.7841,49.8794],[4.7833,49.8806],[4.7837,49.8812],[4.7835,49.8825],[4.7823,49.8837],[4.7826,49.8851],[4.7828,49.8868],[4.7827,49.8886],[4.7832,49.8899],[4.7839,49.8901],[4.7842,49.8911],[4.7831,49.8925],[4.7832,49.893],[4.7836,49.8941],[4.7818,49.8963],[4.7805,49.8984],[4.7791,49.9001],[4.7779,49.9013],[4.7826,49.9027],[4.7821,49.9039],[4.782,49.9049],[4.7824,49.9075],[4.7826,49.9087],[4.7829,49.9108],[4.7831,49.9126],[4.7831,49.9153],[4.7821,49.9165],[4.7818,49.9174],[4.7825,49.9188],[4.7828,49.92],[4.7821,49.923],[4.7812,49.9243],[4.7827,49.9215]]]},"properties":{"id_ffco":"10988","nom":"ARDENNAISE 2003","_dept":"08","numero":"2003-D08-41","commune":"Monthermé","echelle":"1/15000","surface":"15.57 km²","format":"A3","annee":"2003","proprietaire":"Ligue Champagne-Ardennes de CO","niveau":"Interrégional","specialite":"Raid'O","latitude":"49.9128333736","longitude":"4.80427692954","date_saisie":"16/10/2018","date_depot":"26/12/2018","valide":"Oui","ppo":"Non","type_carte":"Nouvelle carte","fond":"IGN","obsolete":false}},{"type":"Feature","geometry":{"type":"Polygon","coordinates":[[[4.7962,49.9507],[4.7954,49.9495],[4.7943,49.9481],[4.7927,49.9466],[4.7915,49.9455],[4.79,49.945],[4.7892,49.945],[4.788,49.9446],[4.7866,49.9438],[4.7845,49.9424],[4.7833,49.9415],[4.7812,49.9268],[4.781,49.9255],[4.781,49.9243],[4.7818,49.923],[4.7829,49.9214],[4.7827,49.92],[4.7823,49.9185],[4.7819,49.9177],[4.7819,49.9164],[4.783,49.9148],[4.7837,49.914],[4.7842,49.9134],[4.7856,49.913],[4.7874,49.9122],[4.79,49.9118],[4.7925,49.9107],[4.7932,49.9103],[4.794,49.9092],[4.7952,49.908],[4.7963,49.9075],[4.7977,49.9077],[4.7988,49.9079],[4.8004,49.9079],[4.8036,49.9075],[4.8051,49.9076],[4.8075,49.9084],[4.809,49.9089],[4.8104,49.9088],[4.8115,49.9084],[4.8132,49.9073],[4.8147,49.9067],[4.8157,49.906],[4.8154,49.9055],[4.8166,49.9054],[4.818,49.9053],[4.8192,49.905],[4.8197,49.9041],[4.8209,49.9035],[4.8221,49.9016],[4.8228,49.9025],[4.823,49.9036],[4.8232,49.9049],[4.824,49.9055],[4.8253,49.9064],[4.8272,49.907],[4.8303,49.9068],[4.8326,49.9072],[4.833,49.908],[4.8372,49.9109],[4.8365,49.9113],[4.8372,49.9123],[4.8384,49.9137],[4.839,49.9147],[4.8396,49.9157],[4.8403,49.9169],[4.84,49.9182],[4.8415,49.9221],[4.8413,49.9232],[4.837,49.9254],[4.8364,49.9262],[4.836,49.9271],[4.8355,49.9292],[4.8348,49.9301],[4.8354,49.9315],[4.8362,49.9326],[4.8369,49.9335],[4.838,49.9345],[4.8392,49.9354],[4.8387,49.9365],[4.8378,49.9374],[4.836,49.9382],[4.8341,49.9389],[4.8322,49.9401],[4.8299,49.9414],[4.8275,49.943],[4.8256,49.944],[4.8239,49.9445],[4.8214,49.9451],[4.8196,49.9458],[4.8178,49.9458],[4.8161,49.946],[4.814,49.9462],[4.8119,49.9464],[4.8095,49.9467],[4.8071,49.947],[4.8052,49.9473],[4.8039,49.9481],[4.8011,49.9487],[4.7995,49.9493],[4.7965,49.9508],[4.7962,49.9507]]]},"properties":{"id_ffco":"10987","nom":"Les Vieux Moulins de Thilay","_dept":"08","numero":"2000-D08-40","commune":"Monthermé","echelle":"1/15000","surface":"16.44 km²","format":"A3","annee":"2000","proprietaire":"Ligue Champagne-Ardennes de CO","niveau":"National, International","specialite":"CO à pied","latitude":"49.9265616137","longitude":"4.8101324608","date_saisie":"16/10/2018","date_depot":"26/12/2018","valide":"Oui","ppo":"Non","type_carte":"Reprise","base":"1997-D08-30 LES VIEUX MOULINS DE THILAY","fond":"IGN","obsolete":false}},{"type":"Feature","geometry":{"type":"Polygon","coordinates":[[[4.5884,49.8913],[4.5892,49.8898],[4.5898,49.8884],[4.5898,49.8873],[4.5904,49.8861],[4.5906,49.885],[4.5913,49.883],[4.5915,49.8819],[4.5913,49.8798],[4.5907,49.8789],[4.5898,49.8783],[4.5898,49.8776],[4.5896,49.876],[4.5899,49.8754],[4.5912,49.8747],[4.592,49.8742],[4.5934,49.8738],[4.595,49.8734],[4.5965,49.8731],[4.5982,49.873],[4.6002,49.8725],[4.6016,49.8723],[4.6034,49.8717],[4.6049,49.8713],[4.6064,49.8709],[4.6077,49.871],[4.6093,49.8716],[4.6114,49.8714],[4.6116,49.8724],[4.6119,49.8736],[4.6128,49.8745],[4.6128,49.8761],[4.6128,49.8769],[4.6134,49.878],[4.6145,49.8788],[4.6155,49.8803],[4.6144,49.8806],[4.6136,49.8808],[4.6142,49.8825],[4.6146,49.8839],[4.6147,49.8847],[4.6145,49.8895],[4.613,49.8898],[4.611,49.8899],[4.6064,49.8894],[4.6034,49.8891],[4.6016,49.8891],[4.5986,49.8894],[4.5969,49.8897],[4.5948,49.89],[4.5926,49.8903],[4.591,49.8904],[4.5896,49.8907],[4.5884,49.8913]]]},"properties":{"id_ffco":"10986","nom":"Lac des Vieilles Forges","_dept":"08","numero":"2000-D08-39","commune":"LES MAZURES","echelle":"1/10000","surface":"3.23 km²","format":"A4","annee":"2000","cartographes":"FONTAINE Jean Claude","proprietaire":"Ligue Champagne-Ardennes de CO","niveau":"Régional","specialite":"CO à pied","latitude":"49.8812447896","longitude":"4.60237102053","date_saisie":"16/10/2018","date_depot":"26/12/2018","valide":"Oui","ppo":"Non","type_carte":"Reprise","base":"1997-D08-35 LES MAZURES","fond":"IGN","obsolete":false}},{"type":"Feature","geometry":{"type":"Polygon","coordinates":[[[4.8097,50.0918],[4.8103,50.0912],[4.8115,50.0909],[4.8125,50.0912],[4.8138,50.0916],[4.8151,50.0923],[4.8159,50.0923],[4.8166,50.092],[4.8165,50.0912],[4.8167,50.0908],[4.817,50.0898],[4.8179,50.0893],[4.8199,50.0892],[4.8205,50.0895],[4.8209,50.0898],[4.8212,50.0901],[4.8222,50.0899],[4.8245,50.0899],[4.8258,50.0899],[4.8267,50.09],[4.8275,50.0899],[4.8279,50.089],[4.8279,50.0885],[4.8272,50.0876],[4.8262,50.0872],[4.8252,50.0867],[4.8238,50.0864],[4.8247,50.0858],[4.8236,50.0859],[4.8228,50.0858],[4.8214,50.0855],[4.8204,50.0847],[4.8206,50.0836],[4.8208,50.0825],[4.821,50.0817],[4.821,50.0803],[4.82,50.0796],[4.8189,50.0793],[4.8182,50.0785],[4.8172,50.0781],[4.8155,50.0774],[4.8147,50.0768],[4.8145,50.0764],[4.8147,50.0753],[4.8161,50.074],[4.8165,50.0733],[4.8163,50.0728],[4.8159,50.0718],[4.8154,50.0703],[4.8153,50.069],[4.8153,50.0682],[4.8154,50.0676],[4.8156,50.0671],[4.8048,50.066],[4.8046,50.0665],[4.8004,50.0661],[4.8004,50.0655],[4.7945,50.0649],[4.7939,50.0657],[4.7928,50.0668],[4.7924,50.0675],[4.7915,50.069],[4.7912,50.0703],[4.7909,50.0718],[4.7903,50.0726],[4.7899,50.0741],[4.7897,50.0757],[4.7891,50.0768],[4.7892,50.0785],[4.7898,50.0804],[4.7913,50.0806],[4.7921,50.0809],[4.7933,50.0814],[4.7952,50.0817],[4.7968,50.0819],[4.7965,50.0827],[4.7962,50.0837],[4.796,50.0842],[4.7981,50.0849],[4.8009,50.0856],[4.8022,50.0864],[4.8034,50.0874],[4.8044,50.0883],[4.8051,50.0887],[4.8064,50.0896],[4.8077,50.0904],[4.8089,50.0911],[4.8097,50.0918]]]},"properties":{"id_ffco":"10985","nom":"BOIS COMMUNAL DE CHOOZ","_dept":"08","numero":"1999-D08-38","commune":"Chooz","echelle":"1/15000","surface":"4.81 km²","format":"A4","annee":"1999","cartographes":"colonel Allonsius M.","proprietaire":"CEC 9° zouaves GIVET","niveau":"Régional","specialite":"CO à pied","latitude":"50.0781931751","longitude":"4.80632228863","date_saisie":"16/10/2018","date_depot":"26/12/2018","valide":"Oui","ppo":"Non","type_carte":"Nouvelle carte","fond":"IGN","obsolete":false}},{"type":"Feature","geometry":{"type":"Polygon","coordinates":[[[4.6264,49.9306],[4.6262,49.9301],[4.6271,49.9289],[4.6287,49.9271],[4.633,49.9233],[4.6325,49.9232],[4.6309,49.9226],[4.6302,49.922],[4.6298,49.9213],[4.6306,49.9202],[4.6325,49.9188],[4.6334,49.9177],[4.6349,49.9161],[4.6339,49.9149],[4.6331,49.9134],[4.6319,49.9119],[4.6318,49.911],[4.632,49.9095],[4.6312,49.9081],[4.6291,49.9067],[4.6299,49.9061],[4.6325,49.9048],[4.6341,49.9038],[4.6359,49.9028],[4.6344,49.9018],[4.6322,49.8998],[4.6304,49.8983],[4.6291,49.8971],[4.6287,49.8958],[4.6283,49.8947],[4.6285,49.8933],[4.6293,49.892],[4.6303,49.8908],[4.631,49.8899],[4.6313,49.889],[4.6319,49.8879],[4.6317,49.8871],[4.6305,49.885],[4.63,49.8838],[4.63,49.8826],[4.6305,49.8813],[4.6323,49.8793],[4.633,49.8785],[4.6329,49.8769],[4.6322,49.8751],[4.6315,49.874],[4.6308,49.8727],[4.631,49.8716],[4.6318,49.8701],[4.632,49.8694],[4.6292,49.8694],[4.6195,49.8694],[4.6167,49.8693],[4.6154,49.8695],[4.614,49.8696],[4.6113,49.8702],[4.6093,49.8706],[4.6092,49.8706],[4.6075,49.8712],[4.606,49.8712],[4.6048,49.8715],[4.6027,49.8721],[4.6007,49.8726],[4.5989,49.873],[4.5976,49.8734],[4.5957,49.8734],[4.5942,49.8737],[4.5925,49.8743],[4.5911,49.8748],[4.5901,49.8756],[4.5898,49.8778],[4.5902,49.8785],[4.591,49.8791],[4.5913,49.8823],[4.5909,49.884],[4.5902,49.8857],[4.5898,49.8871],[4.5898,49.889],[4.5891,49.89],[4.5884,49.8913],[4.5871,49.8903],[4.5859,49.89],[4.5859,49.8908],[4.584,49.8936],[4.5831,49.8952],[4.5829,49.8962],[4.5832,49.8978],[4.5837,49.8995],[4.5843,49.9006],[4.5846,49.9013],[4.5851,49.9018],[4.5861,49.902],[4.5873,49.9024],[4.5877,49.9032],[4.5881,49.9041],[4.5875,49.9051],[4.5864,49.9061],[4.5851,49.9072],[4.5849,49.9082],[4.584,49.9091],[4.5834,49.9097],[4.5828,49.91],[4.5827,49.9107],[4.5839,49.9114],[4.5851,49.9121],[4.5851,49.9125],[4.5861,49.9124],[4.5875,49.9134],[4.5897,49.9135],[4.5877,49.9163],[4.5874,49.9174],[4.5898,49.9198],[4.5912,49.9199],[4.5947,49.9204],[4.5965,49.9213],[4.5974,49.9225],[4.5986,49.9237],[4.5992,49.9248],[4.6002,49.9261],[4.6018,49.9273],[4.603,49.9275],[4.6051,49.9272],[4.6066,49.9277],[4.6077,49.9284],[4.6085,49.9296],[4.6088,49.9311],[4.61,49.932],[4.6124,49.9325],[4.6143,49.9327],[4.6155,49.9322],[4.6163,49.9313],[4.6153,49.9293],[4.6163,49.9284],[4.619,49.9286],[4.6212,49.9292],[4.6237,49.9295],[4.6248,49.9302],[4.6259,49.9308],[4.6265,49.9307],[4.6264,49.9306]]]},"properties":{"id_ffco":"10984","nom":"Les Trois Lacs","_dept":"08","numero":"1999-D08-37","commune":"Revin ou les Mazures","echelle":"1/20000","surface":"19.63 km²","format":"A3","annee":"1999","niveau":"National, International","specialite":"CO à VTT","latitude":"49.8995856976","longitude":"4.61045656275","date_saisie":"16/10/2018","date_depot":"26/12/2018","valide":"Oui","ppo":"Non","type_carte":"Nouvelle carte","fond":"IGN","obsolete":false}},{"type":"Feature","geometry":{"type":"Polygon","coordinates":[[[4.7198,50.0513],[4.7182,50.0514],[4.7171,50.0513],[4.7163,50.0507],[4.7162,50.0497],[4.7157,50.0486],[4.7161,50.0478],[4.7164,50.0466],[4.7162,50.0456],[4.7156,50.045],[4.7148,50.0454],[4.7143,50.045],[4.7143,50.0442],[4.7137,50.0435],[4.7131,50.0432],[4.7126,50.042],[4.7121,50.0412],[4.7116,50.0405],[4.7103,50.0404],[4.7097,50.0402],[4.7085,50.041],[4.7078,50.0414],[4.7068,50.0414],[4.7051,50.0409],[4.7045,50.0409],[4.7021,50.0408],[4.7013,50.0406],[4.7,50.04],[4.6995,50.0399],[4.6982,50.04],[4.697,50.0403],[4.6949,50.0406],[4.6946,50.041],[4.6956,50.0416],[4.6967,50.0423],[4.6973,50.0433],[4.6969,50.044],[4.6963,50.0452],[4.6961,50.0464],[4.6962,50.0474],[4.6968,50.0487],[4.6976,50.0497],[4.6991,50.0512],[4.7,50.052],[4.7002,50.0531],[4.6999,50.0539],[4.6988,50.0547],[4.6982,50.0557],[4.6977,50.0571],[4.6973,50.0579],[4.6976,50.0589],[4.6975,50.0601],[4.697,50.0609],[4.6967,50.0623],[4.6967,50.0633],[4.6967,50.0644],[4.6981,50.0646],[4.6995,50.0646],[4.7005,50.0653],[4.7015,50.0662],[4.7028,50.0669],[4.7043,50.0679],[4.7059,50.0688],[4.7071,50.0691],[4.7082,50.0685],[4.7105,50.0678],[4.7123,50.0675],[4.7139,50.0676],[4.7146,50.068],[4.715,50.0688],[4.7152,50.0692],[4.7174,50.069],[4.7188,50.0691],[4.7205,50.0691],[4.7218,50.0687],[4.7226,50.0681],[4.7222,50.0666],[4.7214,50.0641],[4.7207,50.061],[4.7206,50.0588],[4.7203,50.056],[4.7198,50.0513]]]},"properties":{"id_ffco":"10983","nom":"BOIS DE L'HOSPICE","_dept":"08","numero":"1998-D08-36","commune":"Vireux-Mohlain","echelle":"1/15000","surface":"4.56 km²","format":"A4","annee":"1998","cartographes":"colonel Allonsius","proprietaire":"CEC 9° zouaves GIVET","niveau":"Régional","specialite":"CO à pied","latitude":"50.0552196416","longitude":"4.70847634323","date_saisie":"16/10/2018","date_depot":"26/12/2018","valide":"Oui","ppo":"Non","type_carte":"Nouvelle carte","fond":"IGN","obsolete":false}},{"type":"Feature","geometry":{"type":"Polygon","coordinates":[[[4.6192,49.9043],[4.6202,49.9038],[4.6213,49.9028],[4.6226,49.9016],[4.6229,49.9007],[4.6229,49.8994],[4.6229,49.8981],[4.6233,49.8975],[4.6236,49.8964],[4.6241,49.8959],[4.6258,49.8962],[4.6266,49.8957],[4.6265,49.8952],[4.626,49.8946],[4.6255,49.8937],[4.6255,49.8928],[4.6256,49.8915],[4.6259,49.8907],[4.6265,49.8896],[4.6264,49.8884],[4.6239,49.8887],[4.6221,49.8893],[4.6204,49.8894],[4.6195,49.8892],[4.6175,49.8892],[4.6158,49.8892],[4.614,49.8895],[4.6114,49.8899],[4.6095,49.8897],[4.6079,49.8896],[4.6068,49.8894],[4.6048,49.8894],[4.6026,49.8893],[4.601,49.8891],[4.5983,49.8896],[4.5953,49.89],[4.5931,49.8901],[4.5917,49.8905],[4.5899,49.8908],[4.5887,49.8912],[4.5883,49.8915],[4.5877,49.8928],[4.5861,49.8948],[4.5853,49.8965],[4.585,49.8983],[4.585,49.8991],[4.5861,49.8997],[4.5873,49.9005],[4.589,49.901],[4.59,49.9018],[4.5909,49.9029],[4.5915,49.9041],[4.5909,49.9057],[4.5903,49.9067],[4.5893,49.9075],[4.5877,49.9082],[4.5861,49.9089],[4.5852,49.9095],[4.5851,49.9103],[4.5853,49.9113],[4.5864,49.9117],[4.5883,49.9117],[4.5896,49.9119],[4.5912,49.9127],[4.5935,49.9119],[4.5955,49.9111],[4.5976,49.9103],[4.5989,49.9102],[4.6002,49.9103],[4.6034,49.9107],[4.6044,49.9105],[4.6066,49.9096],[4.6077,49.9094],[4.6076,49.9088],[4.607,49.9079],[4.6091,49.9075],[4.6109,49.9068],[4.6133,49.9061],[4.6161,49.9051],[4.6179,49.9048],[4.6201,49.904],[4.6192,49.9043]]]},"properties":{"id_ffco":"10982","nom":"LES MAZURES","_dept":"08","numero":"1997-D08-35","commune":"CHARLEVILLE-MEZIERES","echelle":"1/5000","surface":"5.49 km²","format":"A4","annee":"1997","cartographes":"FONTAINE Jean Claude,PEREIRA Jean-Claude","proprietaire":"Ligue Champagne-Ardennes de CO","niveau":"Régional","specialite":"CO à pied","latitude":"49.8990288592","longitude":"4.60451733169","date_saisie":"16/10/2018","date_depot":"26/12/2018","valide":"Oui","ppo":"Non","type_carte":"Reprise","base":"1991-D08-20 LES MAZURES \"LAC DES VEILLES FORGES\"","fond":"IGN","obsolete":false}},{"type":"Feature","geometry":{"type":"Polygon","coordinates":[[[4.6978,49.827],[4.6979,49.8262],[4.6976,49.8243],[4.6981,49.823],[4.6985,49.8203],[4.699,49.8195],[4.6999,49.818],[4.7006,49.8168],[4.7018,49.8151],[4.7014,49.8131],[4.7014,49.8119],[4.7014,49.8105],[4.7045,49.8112],[4.709,49.8119],[4.712,49.8125],[4.7124,49.8117],[4.7135,49.8119],[4.7149,49.8121],[4.7165,49.8119],[4.7189,49.812],[4.7211,49.8122],[4.7223,49.8123],[4.7234,49.8124],[4.7232,49.8134],[4.7231,49.8146],[4.7232,49.8167],[4.723,49.8184],[4.7214,49.8184],[4.7197,49.8185],[4.7176,49.819],[4.7162,49.8204],[4.7148,49.8212],[4.714,49.8218],[4.7126,49.823],[4.7119,49.8243],[4.71,49.8248],[4.7082,49.8254],[4.7063,49.8266],[4.7039,49.8272],[4.7015,49.8273],[4.6993,49.8277],[4.6982,49.8276],[4.6978,49.827]]]},"properties":{"id_ffco":"10981","nom":"La HAVETIERE - CHARLEVILLE-MEZIERES","_dept":"08","numero":"1997-D08-34","commune":"CHARLEVILLE-MEZIERES","echelle":"1/10000","surface":"2.18 km²","format":"A4","annee":"1997","cartographes":"SEGUINOT Albert","proprietaire":"0801 - ORIENTATION SPORTIVE DE CHARLEVILLE-MEZIERES","niveau":"Départemental","specialite":"CO à pied","latitude":"49.8184299106","longitude":"4.70904298596","date_saisie":"16/10/2018","date_depot":"26/12/2018","valide":"Oui","ppo":"Non","type_carte":"Reprise","base":"1989-D08-10 \"LA HAVETIERE\" Charleville-Mézières","fond":"IGN","obsolete":false}},{"type":"Feature","geometry":{"type":"Polygon","coordinates":[[[4.6204,49.9291],[4.6185,49.9286],[4.6167,49.9284],[4.6156,49.9289],[4.616,49.9304],[4.6163,49.9314],[4.6155,49.9323],[4.6139,49.9327],[4.6121,49.9326],[4.6107,49.9322],[4.6096,49.9316],[4.6087,49.9307],[4.608,49.9293],[4.6076,49.9284],[4.6055,49.9273],[4.6034,49.9272],[4.6015,49.9272],[4.6002,49.926],[4.5997,49.9252],[4.5986,49.924],[4.5967,49.9219],[4.5952,49.9206],[4.5924,49.9201],[4.5903,49.9199],[4.5866,49.9174],[4.5875,49.9172],[4.5897,49.9134],[4.5904,49.9125],[4.591,49.913],[4.5919,49.9138],[4.5933,49.9132],[4.5955,49.9129],[4.5972,49.9131],[4.5992,49.9131],[4.6009,49.9137],[4.6018,49.9146],[4.6032,49.9162],[4.6044,49.9179],[4.6055,49.9189],[4.607,49.9188],[4.608,49.9184],[4.6107,49.9172],[4.6131,49.9162],[4.6175,49.9148],[4.6192,49.9144],[4.6192,49.9134],[4.6199,49.9123],[4.6178,49.9111],[4.6164,49.91],[4.6161,49.9089],[4.6169,49.9078],[4.6183,49.9065],[4.6201,49.9059],[4.6217,49.9061],[4.6234,49.9062],[4.6258,49.9066],[4.6272,49.907],[4.6294,49.9069],[4.6303,49.9077],[4.632,49.9089],[4.6322,49.9099],[4.6319,49.9113],[4.6326,49.9127],[4.6331,49.9137],[4.6343,49.9158],[4.6346,49.9166],[4.6328,49.9182],[4.6326,49.9187],[4.6317,49.9196],[4.6304,49.9204],[4.6296,49.9212],[4.6303,49.9222],[4.6314,49.9228],[4.6329,49.9231],[4.6324,49.9239],[4.631,49.9253],[4.6301,49.9261],[4.6279,49.9283],[4.6258,49.9306],[4.6246,49.9301],[4.6231,49.9293],[4.6204,49.9291]]]},"properties":{"id_ffco":"10980","nom":"Revin - St Nicolas","_dept":"08","numero":"1997-D08-33","commune":"Revin","echelle":"1/15000","surface":"5.1 km²","format":"A4","annee":"1997","proprietaire":"Ligue Champagne-Ardennes de CO","niveau":"Régional","specialite":"CO à pied","latitude":"49.9195488481","longitude":"4.61490037764","date_saisie":"16/10/2018","date_depot":"21/12/2018","valide":"Oui","ppo":"Non","type_carte":"Nouvelle carte","fond":"IGN","obsolete":false}},{"type":"Feature","geometry":{"type":"Polygon","coordinates":[[[4.9881,49.7246],[4.9874,49.7254],[4.9863,49.7269],[4.9853,49.7285],[4.9843,49.7297],[4.9833,49.7304],[4.9812,49.7315],[4.9808,49.7318],[4.9796,49.7335],[4.979,49.7347],[4.9782,49.7361],[4.9769,49.7375],[4.9769,49.7389],[4.977,49.7403],[4.977,49.7412],[4.9759,49.7437],[4.9762,49.7451],[4.9753,49.7458],[4.9739,49.7463],[4.9727,49.747],[4.9716,49.748],[4.9725,49.7483],[4.9743,49.7483],[4.9759,49.7483],[4.9768,49.7491],[4.9774,49.7506],[4.9781,49.7517],[4.9796,49.7521],[4.981,49.7514],[4.9821,49.7515],[4.9837,49.7525],[4.9835,49.7542],[4.9831,49.7552],[4.9829,49.7565],[4.9829,49.758],[4.9838,49.7601],[4.9852,49.7612],[4.9866,49.7622],[4.9869,49.763],[4.9936,49.7629],[4.9952,49.7624],[4.9965,49.7622],[4.9974,49.7619],[4.9989,49.7614],[5.0002,49.7617],[5.0015,49.7625],[5.0027,49.7627],[5.0038,49.7624],[5.0063,49.7616],[5.0076,49.7618],[5.0091,49.7619],[5.0103,49.7616],[5.0116,49.7612],[5.0182,49.7589],[5.0228,49.7576],[5.0249,49.7557],[5.0214,49.7521],[5.0216,49.7504],[5.0206,49.7481],[5.0111,49.7374],[5.0015,49.7315],[4.9881,49.7246]]]},"properties":{"id_ffco":"3171","nom":"FORET DOM. DE SEDAN","_dept":"08","numero":"1997-D08-32","commune":"SEDAN","echelle":"1/20000","surface":"9.61 km²","format":"A4","annee":"1997","cartographes":"FONTAINE Jean Claude,FONTAINE Denis","proprietaire":"Ligue Champagne-Ardennes de CO","niveau":"Interrégional","specialite":"CO à VTT","latitude":"49.7464331485","longitude":"4.99753236484","valide":"Oui","ppo":"Non","type_carte":"Nouvelle carte","fond":"IGN","obsolete":false}},{"type":"Feature","geometry":{"type":"Polygon","coordinates":[[[4.988,49.7246],[4.9893,49.726],[4.9906,49.7268],[4.9914,49.7273],[4.9927,49.7282],[4.9943,49.7289],[4.9968,49.7293],[4.9995,49.7301],[5.0028,49.7317],[5.0052,49.7331],[5.0085,49.7351],[5.0096,49.7363],[5.0107,49.7376],[5.0121,49.7388],[5.0154,49.7419],[5.0174,49.743],[5.019,49.7446],[5.0198,49.7461],[5.0214,49.7486],[5.0223,49.7501],[5.0223,49.7504],[5.0211,49.7515],[5.0201,49.7526],[5.0186,49.7542],[5.0176,49.7557],[5.018,49.7569],[5.0183,49.7581],[5.0164,49.7591],[5.0158,49.7597],[5.0142,49.7601],[5.0124,49.7609],[5.0101,49.7618],[5.008,49.7619],[5.0069,49.7618],[5.0061,49.7616],[5.004,49.7623],[5.0027,49.7628],[5.0015,49.7629],[5.0007,49.7621],[5.0008,49.7616],[5.0007,49.7604],[4.9979,49.7604],[4.9974,49.7596],[4.9974,49.7586],[4.9971,49.7576],[4.997,49.7565],[4.9962,49.7557],[4.9946,49.7548],[4.9925,49.7529],[4.992,49.7523],[4.9877,49.7483],[4.9878,49.7464],[4.9852,49.7461],[4.9838,49.7459],[4.982,49.745],[4.9805,49.743],[4.9804,49.7421],[4.9795,49.7393],[4.98,49.7373],[4.9808,49.736],[4.9818,49.7343],[4.9813,49.7331],[4.9815,49.732],[4.983,49.7303],[4.9843,49.7293],[4.9855,49.7283],[4.9865,49.7269],[4.9875,49.7253],[4.988,49.7246]]]},"properties":{"id_ffco":"2989","nom":"GIVONNE - LE BANNET","_dept":"08","numero":"1997-D08-31","commune":"GIVONNE","echelle":"1/15000","surface":"7.31 km²","format":"A4","annee":"1997","cartographes":"MAREIGNER Franz et Yann,Dionisie Rosca,Istvan FOLDI","proprietaire":"Ligue Champagne-Ardennes de CO","niveau":"National, International","specialite":"CO à pied","latitude":"49.7446223845","longitude":"5.00037629904","valide":"Oui","ppo":"Non","type_carte":"Nouvelle carte","fond":"IGN","obsolete":false}},{"type":"Feature","geometry":{"type":"Polygon","coordinates":[[[4.7961,49.9507],[4.7954,49.9494],[4.7942,49.9482],[4.793,49.9468],[4.7914,49.9456],[4.7895,49.9448],[4.7877,49.9444],[4.7856,49.9432],[4.7839,49.9422],[4.783,49.9414],[4.7822,49.9408],[4.7814,49.9399],[4.7806,49.9388],[4.7798,49.9368],[4.7803,49.9348],[4.7806,49.9337],[4.7808,49.9319],[4.7808,49.9312],[4.7812,49.9303],[4.7812,49.9283],[4.7809,49.9259],[4.7812,49.9242],[4.7824,49.922],[4.7825,49.9209],[4.7825,49.9193],[4.7823,49.9183],[4.782,49.9168],[4.7827,49.9153],[4.7834,49.9145],[4.7837,49.9135],[4.7844,49.9132],[4.7867,49.9125],[4.7879,49.9119],[4.7897,49.9117],[4.7915,49.9113],[4.7931,49.9103],[4.7942,49.9093],[4.7948,49.9083],[4.7965,49.9077],[4.7988,49.908],[4.8,49.9082],[4.8027,49.9077],[4.8042,49.9075],[4.806,49.9077],[4.8072,49.9081],[4.8082,49.9085],[4.8097,49.9089],[4.8112,49.9085],[4.8131,49.9075],[4.8148,49.9068],[4.8162,49.9064],[4.8159,49.9056],[4.8157,49.9053],[4.8169,49.9052],[4.8182,49.9054],[4.8196,49.9046],[4.8205,49.9038],[4.8215,49.9023],[4.8221,49.9016],[4.8227,49.9023],[4.8229,49.9032],[4.8233,49.9051],[4.8246,49.9057],[4.8254,49.9064],[4.8266,49.9069],[4.8291,49.9069],[4.8308,49.9068],[4.8329,49.9073],[4.8366,49.9114],[4.8375,49.9126],[4.8386,49.9141],[4.8397,49.9155],[4.8396,49.9162],[4.8403,49.9169],[4.84,49.9181],[4.8405,49.9191],[4.8414,49.921],[4.8419,49.9223],[4.8412,49.9228],[4.8399,49.9235],[4.8387,49.9242],[4.8375,49.9259],[4.8384,49.9279],[4.8384,49.9289],[4.8388,49.9304],[4.8387,49.9328],[4.838,49.9343],[4.839,49.9351],[4.8389,49.9363],[4.837,49.9377],[4.835,49.9386],[4.8335,49.9395],[4.8311,49.9409],[4.8295,49.9416],[4.828,49.9428],[4.8262,49.9438],[4.824,49.9446],[4.8212,49.9454],[4.8194,49.9458],[4.8173,49.9454],[4.8166,49.9459],[4.8148,49.9463],[4.8111,49.9467],[4.8072,49.9472],[4.8054,49.9475],[4.804,49.9481],[4.8025,49.9485],[4.7997,49.949],[4.7982,49.9498],[4.7963,49.9508],[4.7961,49.9507]]]},"properties":{"id_ffco":"2984","nom":"LES VIEUX MOULINS DE THILAY","_dept":"08","numero":"1997-D08-30","commune":"Monthermé","echelle":"1/15000","surface":"16.8 km²","format":"A3","annee":"1997","cartographes":"Mareigner Yann,Coti Marian,Dionisie Rosca,Istvan FOLDI","proprietaire":"Ligue Champagne-Ardennes de CO","niveau":"National, International","specialite":"CO à pied","latitude":"49.9267288421","longitude":"4.81011371455","valide":"Oui","ppo":"Non","type_carte":"Nouvelle carte","fond":"IGN","obsolete":false}},{"type":"Feature","geometry":{"type":"Polygon","coordinates":[[[4.9357,49.7013],[4.9375,49.7015],[4.9407,49.7022],[4.9425,49.7027],[4.9444,49.7029],[4.9467,49.7034],[4.9494,49.7039],[4.9502,49.704],[4.9503,49.7032],[4.9514,49.7027],[4.9529,49.7019],[4.9523,49.7005],[4.9519,49.6993],[4.9517,49.6985],[4.9529,49.6979],[4.954,49.6971],[4.9548,49.6968],[4.9546,49.6961],[4.9541,49.6954],[4.9535,49.695],[4.9546,49.6931],[4.9545,49.6913],[4.9502,49.6863],[4.9434,49.6863],[4.9432,49.6886],[4.9411,49.6906],[4.9391,49.6919],[4.9378,49.6931],[4.936,49.6938],[4.9346,49.6949],[4.9341,49.6965],[4.9341,49.6981],[4.9357,49.6993],[4.936,49.7003],[4.9357,49.7013]]]},"properties":{"id_ffco":"11083","nom":"SEDAN - Ardennes","_dept":"08","numero":"2018-D08-131","commune":"SEDAN 08200","echelle":"1/5000","surface":"2.01 km²","format":"A3","annee":"2018","cartographes":"SEGUINOT Albert","proprietaire":"0801 - ORIENTATION SPORTIVE DE CHARLEVILLE-MEZIERES","niveau":"Régional","specialite":"Sprint (ISSOM)","latitude":"49.695430529","longitude":"4.94532218914","date_saisie":"19/10/2018","valide":"Non","ppo":"Non","type_carte":"Nouvelle carte","fond":"Cadastre","obsolete":false}},{"type":"Feature","geometry":{"type":"Polygon","coordinates":[[[4.6285,49.8961],[4.6254,49.8962],[4.6238,49.8955],[4.62,49.8953],[4.6204,49.8893],[4.6227,49.8866],[4.6236,49.8863],[4.6254,49.8845],[4.6306,49.8845],[4.6313,49.8862],[4.6321,49.8879],[4.6318,49.8894],[4.6304,49.8908],[4.629,49.8926],[4.6282,49.8943],[4.6285,49.8961]]]},"properties":{"id_ffco":"11082","nom":"Les MAZURES 2","_dept":"08","numero":"2018-D08-130","commune":"LES MAZURES","echelle":"1/5000","surface":"0.81 km²","format":"A4","annee":"2018","cartographes":"SEGUINOT Albert","proprietaire":"0801 - ORIENTATION SPORTIVE DE CHARLEVILLE-MEZIERES","niveau":"Régional","specialite":"Sprint (ISSOM)","latitude":"49.8902175622","longitude":"4.62583508964","date_saisie":"19/10/2018","date_depot":"27/12/2018","valide":"Oui","ppo":"Non","type_carte":"Reprise","base":"2010-D08-67 Les Mazures","fond":"Cadastre","obsolete":false}},{"type":"Feature","geometry":{"type":"Polygon","coordinates":[[[4.803,49.8994],[4.803,49.9043],[4.8009,49.9045],[4.7967,49.9049],[4.7821,49.9041],[4.778,49.9013],[4.7764,49.9018],[4.7493,49.903],[4.7479,49.9021],[4.7464,49.901],[4.7462,49.8992],[4.7452,49.8978],[4.744,49.8967],[4.7431,49.8955],[4.7425,49.8943],[4.7426,49.8926],[4.7428,49.891],[4.7441,49.8921],[4.7458,49.8923],[4.7467,49.892],[4.7476,49.8912],[4.7487,49.8904],[4.7494,49.8893],[4.7506,49.8888],[4.7506,49.8882],[4.7497,49.8863],[4.7484,49.8848],[4.7485,49.884],[4.7504,49.8841],[4.7522,49.8841],[4.7537,49.8841],[4.7548,49.884],[4.7568,49.8837],[4.7594,49.8832],[4.7606,49.883],[4.7622,49.8829],[4.7645,49.8829],[4.7663,49.8831],[4.7686,49.883],[4.7716,49.8837],[4.774,49.8838],[4.7753,49.8833],[4.7776,49.8823],[4.7796,49.8811],[4.7814,49.88],[4.7829,49.8788],[4.7838,49.8778],[4.7846,49.8775],[4.7862,49.8777],[4.7873,49.8776],[4.7885,49.8774],[4.7916,49.8769],[4.793,49.8779],[4.7934,49.8786],[4.7935,49.8798],[4.7945,49.8809],[4.7958,49.8817],[4.7974,49.881],[4.7982,49.8811],[4.7988,49.8826],[4.7995,49.8837],[4.7996,49.8848],[4.7994,49.8867],[4.7992,49.8876],[4.7987,49.8915],[4.7984,49.8942],[4.8003,49.8967],[4.803,49.8994]]]},"properties":{"id_ffco":"11081","nom":"Bois des CERCEAUX","_dept":"08","numero":"2018-D08-129","commune":"Monthermé","echelle":"1/10000","surface":"9.18 km²","format":"A3","annee":"2018","cartographes":"SEGUINOT Albert,JAUVAIN Thierry,ROSINI Daniel","proprietaire":"0801 - ORIENTATION SPORTIVE DE CHARLEVILLE-MEZIERES","niveau":"Interrégional","specialite":"CO à pied","latitude":"49.892627906","longitude":"4.77523402593","date_saisie":"19/10/2018","date_depot":"27/12/2018","valide":"Oui","ppo":"Non","type_carte":"Nouvelle carte","fond":"IGN","obsolete":false}},{"type":"Feature","geometry":{"type":"Polygon","coordinates":[[[4.6213,49.8917],[4.6211,49.8926],[4.6208,49.8934],[4.6208,49.8942],[4.6184,49.8951],[4.616,49.8952],[4.6134,49.8954],[4.6112,49.8954],[4.6078,49.8959],[4.6066,49.8959],[4.6035,49.8968],[4.6006,49.8979],[4.5977,49.8987],[4.5954,49.8986],[4.5924,49.898],[4.5915,49.8977],[4.5899,49.8978],[4.5877,49.8989],[4.5867,49.8995],[4.5858,49.8996],[4.5851,49.8989],[4.5851,49.8966],[4.5855,49.8954],[4.5866,49.8942],[4.5877,49.8927],[4.5882,49.8918],[4.5886,49.8909],[4.5892,49.8895],[4.5897,49.8885],[4.5897,49.8876],[4.5905,49.8854],[4.5911,49.8835],[4.5917,49.8821],[4.5913,49.8801],[4.5909,49.879],[4.5899,49.8785],[4.59,49.8779],[4.5898,49.8767],[4.5895,49.8759],[4.5899,49.8753],[4.5916,49.8743],[4.5931,49.8739],[4.5949,49.8736],[4.5984,49.8733],[4.6002,49.8731],[4.6034,49.8727],[4.6045,49.8724],[4.6063,49.8721],[4.609,49.8717],[4.6108,49.8716],[4.6119,49.8709],[4.6128,49.87],[4.6145,49.8693],[4.6158,49.8694],[4.6207,49.8694],[4.623,49.8695],[4.6236,49.8806],[4.6242,49.8809],[4.624,49.8816],[4.6235,49.8822],[4.6229,49.8865],[4.6228,49.8881],[4.622,49.8891],[4.6214,49.8904],[4.6213,49.8917]]]},"properties":{"id_ffco":"11080","nom":"Les Mannesarts","_dept":"08","numero":"2018-D08-128","commune":"LES MAZURES 08500","echelle":"1/10000","surface":"6.68 km²","format":"A3","annee":"2018","cartographes":"Coti Marian","proprietaire":"0801 - ORIENTATION SPORTIVE DE CHARLEVILLE-MEZIERES","niveau":"Interrégional","specialite":"CO à pied","latitude":"49.884414401","longitude":"4.60600489998","date_saisie":"19/10/2018","date_depot":"27/12/2018","valide":"Oui","ppo":"Non","type_carte":"Reprise","base":"1999-D08-37 Les Trois Lacs","fond":"IGN","obsolete":false}},{"type":"Feature","geometry":{"type":"Polygon","coordinates":[[[4.5248,49.9285],[4.5241,49.9287],[4.5222,49.9287],[4.5217,49.9295],[4.5201,49.9292],[4.5183,49.9287],[4.5164,49.9279],[4.5155,49.9278],[4.5139,49.9277],[4.5142,49.9241],[4.515,49.9236],[4.515,49.9216],[4.5161,49.9207],[4.5183,49.9201],[4.5204,49.9198],[4.5208,49.9207],[4.5228,49.9219],[4.5239,49.9229],[4.5251,49.9233],[4.5262,49.9238],[4.5256,49.9247],[4.525,49.9253],[4.5258,49.9261],[4.5253,49.9267],[4.5248,49.9285]]]},"properties":{"id_ffco":"11079","nom":"Plateau de ROCROI","_dept":"08","numero":"2017-D08-127","commune":"Rocroi","echelle":"1/3000","surface":"0.65 km²","format":"A3","annee":"2017","cartographes":"SEGUINOT Albert","proprietaire":"0801 - ORIENTATION SPORTIVE DE CHARLEVILLE-MEZIERES","niveau":"Régional","specialite":"CO à pied","latitude":"49.9248547315","longitude":"4.51973721232","date_saisie":"19/10/2018","date_depot":"27/12/2018","valide":"Oui","ppo":"Non","type_carte":"Nouvelle carte","fond":"Cadastre","obsolete":false}},{"type":"Feature","geometry":{"type":"Polygon","coordinates":[[[4.3704,49.5208],[4.3685,49.5194],[4.3648,49.5164],[4.3616,49.5137],[4.3566,49.5134],[4.3562,49.5103],[4.3575,49.5089],[4.3578,49.5077],[4.3593,49.5066],[4.361,49.5055],[4.362,49.505],[4.3632,49.5063],[4.3647,49.5073],[4.3663,49.5086],[4.3675,49.5081],[4.3696,49.5078],[4.3726,49.508],[4.3726,49.5087],[4.3721,49.5089],[4.3717,49.5096],[4.3713,49.5104],[4.3722,49.5102],[4.3739,49.5107],[4.3741,49.5124],[4.3762,49.5137],[4.3753,49.5179],[4.3746,49.5189],[4.3737,49.5198],[4.3719,49.5202],[4.3704,49.5208]]]},"properties":{"id_ffco":"11078","nom":"RETHEL Château Mazarin","_dept":"08","numero":"2016-D08-126","commune":"Rethel","echelle":"1/5000","surface":"1.37 km²","format":"A3","annee":"2016","cartographes":"SEGUINOT Albert","proprietaire":"08 - Ardennes","niveau":"Régional","specialite":"Sprint (ISSOM)","latitude":"49.5127394328","longitude":"4.36677354538","date_saisie":"19/10/2018","valide":"Non","ppo":"Non","type_carte":"Nouvelle carte","fond":"Cadastre","obsolete":false}},{"type":"Feature","geometry":{"type":"Polygon","coordinates":[[[4.7641,49.8184],[4.7629,49.819],[4.7631,49.8203],[4.7624,49.821],[4.7609,49.8208],[4.7599,49.8204],[4.7587,49.8199],[4.7576,49.8196],[4.7557,49.8191],[4.7544,49.8185],[4.7537,49.8181],[4.7534,49.8176],[4.7527,49.8171],[4.7509,49.816],[4.7498,49.8159],[4.7476,49.8151],[4.7458,49.8153],[4.7432,49.8161],[4.7411,49.8164],[4.7408,49.8156],[4.7402,49.8148],[4.7403,49.8135],[4.7405,49.8121],[4.7419,49.8099],[4.7435,49.8084],[4.7462,49.8061],[4.7497,49.804],[4.7533,49.802],[4.7551,49.8013],[4.7563,49.8002],[4.7578,49.799],[4.7584,49.7973],[4.7586,49.7961],[4.7608,49.7958],[4.7628,49.7959],[4.7792,49.796],[4.7798,49.7966],[4.7816,49.798],[4.7822,49.7986],[4.782,49.7996],[4.7828,49.8003],[4.7841,49.8011],[4.7843,49.8023],[4.7845,49.803],[4.7855,49.8039],[4.7875,49.8048],[4.7889,49.8057],[4.7899,49.8065],[4.7905,49.8075],[4.7914,49.8081],[4.7924,49.8086],[4.7936,49.8092],[4.7948,49.8102],[4.7931,49.8102],[4.7906,49.8113],[4.787,49.8123],[4.7854,49.8127],[4.7832,49.8132],[4.781,49.8136],[4.7788,49.8145],[4.7776,49.8151],[4.7753,49.8161],[4.7732,49.8166],[4.7713,49.8169],[4.7695,49.8172],[4.767,49.8177],[4.7641,49.8184]]]},"properties":{"id_ffco":"11077","nom":"BOIS DE GESLY - Nouzonville","_dept":"08","numero":"2017-D08-125","commune":"Nouzonville 08700","echelle":"1/10000","surface":"6.41 km²","format":"A3","annee":"2017","cartographes":"SEGUINOT Albert","proprietaire":"08 - Ardennes","niveau":"Départemental","specialite":"CO à pied","latitude":"49.807834482","longitude":"4.76618529577","date_saisie":"19/10/2018","valide":"Non","ppo":"Non","type_carte":"Nouvelle carte","fond":"IGN","obsolete":false}},{"type":"Feature","geometry":{"type":"Polygon","coordinates":[[[4.7371,49.7297],[4.736,49.7287],[4.7344,49.727],[4.7333,49.7261],[4.7353,49.725],[4.7367,49.7234],[4.7389,49.724],[4.7406,49.7244],[4.7423,49.724],[4.7445,49.723],[4.7476,49.7223],[4.75,49.7225],[4.7507,49.7234],[4.7511,49.724],[4.7509,49.7251],[4.7495,49.7261],[4.7488,49.7268],[4.7469,49.7278],[4.7457,49.7282],[4.743,49.7287],[4.7397,49.7294],[4.7371,49.7297]]]},"properties":{"id_ffco":"11076","nom":"Fort des Ayvelles - Villers Semeuse","_dept":"08","numero":"2017-D08-124","commune":"CHARLEVILLE-MEZIERES","echelle":"1/4000","surface":"0.64 km²","format":"A4","annee":"2017","proprietaire":"08 - Ardennes","niveau":"Initiation, Scolaire","specialite":"CO à pied","latitude":"49.725911133","longitude":"4.74242087507","date_saisie":"19/10/2018","valide":"Non","ppo":"Non","type_carte":"Nouvelle carte","fond":"IGN","obsolete":false}},{"type":"Feature","geometry":{"type":"Polygon","coordinates":[[[4.7386,49.8173],[4.7336,49.8183],[4.7287,49.8193],[4.7233,49.8189],[4.7199,49.8188],[4.7173,49.8197],[4.7145,49.8218],[4.7117,49.8239],[4.7083,49.826],[4.7059,49.8268],[4.7001,49.8275],[4.698,49.8272],[4.6977,49.8252],[4.6983,49.8223],[4.6989,49.8193],[4.7007,49.8162],[4.7013,49.8135],[4.7012,49.8098],[4.7005,49.8079],[4.7021,49.8052],[4.7048,49.8034],[4.709,49.7998],[4.7107,49.7989],[4.7124,49.7961],[4.7133,49.7942],[4.7143,49.7919],[4.7136,49.788],[4.7163,49.7879],[4.7173,49.7864],[4.719,49.7847],[4.7217,49.7864],[4.7233,49.7863],[4.7268,49.7877],[4.7296,49.7902],[4.7331,49.7919],[4.7364,49.7935],[4.7406,49.7943],[4.7445,49.7947],[4.7478,49.7952],[4.7494,49.7973],[4.7478,49.8002],[4.7448,49.8034],[4.7415,49.8064],[4.7391,49.8091],[4.7379,49.8119],[4.7376,49.8135],[4.7386,49.8173]]]},"properties":{"id_ffco":"11075","nom":"Bois de la Havetière","_dept":"08","numero":"2016-D08-123","commune":"CHARLEVILLE-MEZIERES","echelle":"1/12500","surface":"9.48 km²","format":"A3","annee":"2016","cartographes":"SEGUINOT Albert,JAUVAIN Thierry","proprietaire":"0801 - ORIENTATION SPORTIVE DE CHARLEVILLE-MEZIERES","niveau":"Départemental","specialite":"Rand'O","latitude":"49.8064408187","longitude":"4.72150550494","date_saisie":"19/10/2018","date_depot":"27/12/2018","valide":"Oui","ppo":"Non","type_carte":"Reprise","base":"1997-D08-34 La HAVETIERE - CHARLEVILLE-MEZIERES","fond":"IGN","obsolete":false}},{"type":"Feature","geometry":{"type":"Polygon","coordinates":[[[4.7178,50.0076],[4.7203,50.0079],[4.7205,50.0074],[4.7208,50.0069],[4.7212,50.0063],[4.7218,50.0055],[4.7221,50.0052],[4.7222,50.0049],[4.7229,50.0046],[4.7238,50.004],[4.7237,50.0034],[4.7239,50.0031],[4.7241,50.0024],[4.7244,50.0017],[4.7247,50.0012],[4.7248,50.0008],[4.7243,49.9998],[4.7245,49.9993],[4.7257,49.9974],[4.726,49.997],[4.7264,49.9966],[4.7271,49.9964],[4.7279,49.996],[4.728,49.9957],[4.727,49.995],[4.7256,49.9953],[4.7246,49.9957],[4.7241,49.9957],[4.723,49.9958],[4.7218,49.996],[4.7206,49.9962],[4.7191,49.9965],[4.7181,49.9967],[4.7174,49.9971],[4.7169,49.9978],[4.716,49.9985],[4.7155,49.9989],[4.7157,49.999],[4.7168,49.9992],[4.7173,50.001],[4.7174,50.0019],[4.7175,50.0028],[4.7173,50.0038],[4.7168,50.0048],[4.7169,50.0058],[4.7179,50.0063],[4.7182,50.0066],[4.7178,50.0077],[4.7178,50.0076]]]},"properties":{"id_ffco":"11074","nom":"VALLEE DU MOHRON - HAYBES","_dept":"08","numero":"2015-D08-122","commune":"HAYBES 08170","echelle":"1/5000","surface":"0.63 km²","format":"A4","annee":"2015","cartographes":"SEGUINOT Albert","proprietaire":"08 - Ardennes","niveau":"Initiation, Scolaire","specialite":"CO à pied","latitude":"50.0008143857","longitude":"4.72096815274","date_saisie":"18/10/2018","date_depot":"27/12/2018","valide":"Oui","ppo":"Non","type_carte":"Nouvelle carte","fond":"IGN","obsolete":false}},{"type":"Feature","geometry":{"type":"Polygon","coordinates":[[[4.7187,50.0098],[4.7201,50.008],[4.721,50.0068],[4.7201,50.0065],[4.7198,50.007],[4.7188,50.0077],[4.7181,50.0082],[4.7174,50.009],[4.7174,50.0092],[4.7186,50.0098],[4.7187,50.0098]]]},"properties":{"id_ffco":"11073","nom":"Maison des Randonnées - HAYBES","_dept":"08","numero":"2015-D08-121","commune":"HAYBES 08170","echelle":"1/1500","surface":"0.04 km²","format":"A4","annee":"2015","cartographes":"SEGUINOT Albert","proprietaire":"08 - Ardennes","niveau":"Initiation, Scolaire","specialite":"CO à pied","latitude":"50.0082438262","longitude":"4.7191269048","date_saisie":"18/10/2018","date_depot":"27/12/2018","valide":"Oui","ppo":"Non","type_carte":"Nouvelle carte","fond":"Cadastre","obsolete":false}},{"type":"Feature","geometry":{"type":"Polygon","coordinates":[[[4.7042,50.0117],[4.7041,50.0113],[4.7018,50.0107],[4.7012,50.0105],[4.7004,50.0103],[4.6987,50.0097],[4.6984,50.01],[4.6992,50.0103],[4.7001,50.0106],[4.7009,50.0109],[4.7015,50.0111],[4.7024,50.0114],[4.7031,50.0115],[4.7042,50.0117]]]},"properties":{"id_ffco":"11072","nom":"Base Nautique - Aventure Evasion - HAYBES","_dept":"08","numero":"2015-D08-120","commune":"HAYBES 08170","echelle":"1/1500","surface":"0.02 km²","format":"A4","annee":"2015","cartographes":"SEGUINOT Albert","proprietaire":"08 - Ardennes","niveau":"Initiation, Scolaire","specialite":"CO à pied","latitude":"50.0107830864","longitude":"4.70139889339","date_saisie":"18/10/2018","date_depot":"27/12/2018","valide":"Oui","ppo":"Non","type_carte":"Nouvelle carte","fond":"Cadastre","obsolete":false}},{"type":"Feature","geometry":{"type":"Polygon","coordinates":[[[4.7564,49.8993],[4.7566,49.8954],[4.7571,49.8863],[4.7894,49.8871],[4.7883,49.8994],[4.7564,49.8993]]]},"properties":{"id_ffco":"11071","nom":"Le Château Bossu","_dept":"08","numero":"2015-D08-119","commune":"Monthermé 08800","echelle":"1/10000","surface":"3.25 km²","format":"A4","annee":"2015","cartographes":"FONTAINE Jean Claude","proprietaire":"0801 - ORIENTATION SPORTIVE DE CHARLEVILLE-MEZIERES","niveau":"Régional","specialite":"CO à pied","latitude":"49.8930092548","longitude":"4.77263303374","date_saisie":"18/10/2018","date_depot":"27/12/2018","valide":"Oui","ppo":"Non","type_carte":"Nouvelle carte","fond":"IGN","obsolete":false}},{"type":"Feature","geometry":{"type":"Polygon","coordinates":[[[4.5811,49.868],[4.584,49.8693],[4.5859,49.87],[4.5856,49.873],[4.5854,49.8754],[4.5856,49.8775],[4.5906,49.8786],[4.5995,49.8757],[4.6076,49.8743],[4.6141,49.8727],[4.6179,49.8725],[4.6246,49.8721],[4.6272,49.8713],[4.6286,49.8664],[4.6285,49.8622],[4.6278,49.8595],[4.6241,49.8613],[4.6196,49.8605],[4.6125,49.8619],[4.5986,49.8619],[4.5937,49.8622],[4.5864,49.8628],[4.5804,49.8628],[4.5806,49.8652],[4.581,49.8683],[4.5811,49.868]]]},"properties":{"id_ffco":"11070","nom":"Lac des Vieilles Forges","_dept":"08","numero":"2014-D08-118","commune":"LES MAZURES","echelle":"1/12500","surface":"4.66 km²","format":"A4","annee":"2014","niveau":"Initiation, Scolaire","specialite":"CO à pied","latitude":"49.8682026645","longitude":"4.60428697167","date_saisie":"18/10/2018","date_depot":"21/12/2018","valide":"Oui","ppo":"Non","type_carte":"Reprise","base":"1984-D08-18 LAC DES VIEILLES FORGES","fond":"IGN","obsolete":false}},{"type":"Feature","geometry":{"type":"Polygon","coordinates":[[[4.7416,49.8805],[4.7428,49.8807],[4.7438,49.8811],[4.7452,49.8819],[4.7471,49.8827],[4.7488,49.8832],[4.7491,49.8829],[4.7482,49.8825],[4.7474,49.8822],[4.7465,49.8817],[4.7458,49.8811],[4.7451,49.8804],[4.7442,49.8797],[4.7438,49.8792],[4.7421,49.8782],[4.7415,49.8804],[4.7416,49.8805]]]},"properties":{"id_ffco":"11069","nom":"L'Ile de la SEMOY 2 - MONTHERME","_dept":"08","numero":"2014-D08-117","commune":"Monthermé 08800","echelle":"1/2000","surface":"0.07 km²","format":"A4","annee":"2014","cartographes":"SEGUINOT Albert","proprietaire":"08 - Ardennes","niveau":"Initiation, Scolaire","specialite":"CO à pied","latitude":"49.880669542","longitude":"4.74433239747","date_saisie":"18/10/2018","date_depot":"21/12/2018","valide":"Oui","ppo":"Non","type_carte":"Reprise","base":"2010-D08-62 L'Ile de la SEMOY - MONTHERME","fond":"Cadastre","obsolete":false}},{"type":"Feature","geometry":{"type":"Polygon","coordinates":[[[4.5899,49.8753],[4.5897,49.8763],[4.5899,49.8776],[4.5896,49.8783],[4.5906,49.8788],[4.5916,49.8813],[4.5916,49.8824],[4.6113,49.8817],[4.6161,49.8814],[4.6147,49.8802],[4.6137,49.8781],[4.6128,49.8759],[4.6125,49.8749],[4.612,49.8737],[4.6117,49.8727],[4.6113,49.8714],[4.611,49.871],[4.6095,49.8707],[4.6078,49.871],[4.6048,49.8711],[4.6025,49.8716],[4.5994,49.8721],[4.5938,49.8731],[4.5907,49.8741],[4.5899,49.8753]]]},"properties":{"id_ffco":"11068","nom":"Base des Vieilles-Forges 3","_dept":"08","numero":"2013-D08-116","commune":"LES MAZURES","echelle":"1/7500","surface":"1.83 km²","format":"A4","annee":"2013","cartographes":"SEGUINOT Albert,JAUVAIN Thierry","proprietaire":"08 - Ardennes","niveau":"Départemental","specialite":"CO à pied","latitude":"49.8770620302","longitude":"4.6023178556","date_saisie":"18/10/2018","date_depot":"27/12/2018","valide":"Oui","ppo":"Non","type_carte":"Reprise","base":"2013-D08-109 Base des Vieilles-Forges","fond":"IGN","obsolete":false}},{"type":"Feature","geometry":{"type":"Polygon","coordinates":[[[4.7171,49.7639],[4.7135,49.7639],[4.7135,49.7622],[4.7175,49.7622],[4.7173,49.7639],[4.7171,49.7639]]]},"properties":{"id_ffco":"11067","nom":"TASO 10 - Orient'Show - STADE BAYARD","_dept":"08","numero":"2013-D08-115","commune":"CHARLEVILLE-MEZIERES","echelle":"1/1000","surface":"0.05 km²","format":"A4","annee":"2013","proprietaire":"08 - Ardennes","niveau":"Initiation, Scolaire","specialite":"CO à pied","latitude":"49.7630432706","longitude":"4.71545024042","date_saisie":"18/10/2018","date_depot":"27/12/2018","valide":"Oui","ppo":"Non","type_carte":"Reprise","base":"2011-D08-92 Orient'Show - STADE BAYARD","fond":"Cadastre","obsolete":false}},{"type":"Feature","geometry":{"type":"Polygon","coordinates":[[[4.7483,49.8166],[4.7494,49.8165],[4.7504,49.8165],[4.751,49.8169],[4.7521,49.8175],[4.753,49.8178],[4.7532,49.8185],[4.7538,49.8194],[4.7543,49.8203],[4.7552,49.8209],[4.7554,49.8211],[4.7571,49.822],[4.7579,49.8223],[4.7576,49.8246],[4.7578,49.8254],[4.7501,49.8259],[4.7495,49.8251],[4.7492,49.8243],[4.7486,49.8232],[4.7483,49.8221],[4.7482,49.8212],[4.7476,49.8201],[4.7473,49.8193],[4.7481,49.8187],[4.7486,49.8178],[4.7483,49.8172],[4.7483,49.8166]]]},"properties":{"id_ffco":"11066","nom":"SOLFERINO 2 - Nouzonville","_dept":"08","numero":"2013-D08-114","commune":"Nouzonville 08700","echelle":"1/4000","surface":"0.5 km²","format":"A4","annee":"2013","cartographes":"SEGUINOT Albert","proprietaire":"08 - Ardennes","niveau":"Initiation, Scolaire","specialite":"CO à pied","latitude":"49.8217845431","longitude":"4.75219992386","date_saisie":"18/10/2018","date_depot":"21/12/2018","valide":"Oui","ppo":"Oui (44 postes)","type_carte":"Reprise","base":"2008-D08- Solferino","fond":"Cadastre","obsolete":false}},{"type":"Feature","geometry":{"type":"Polygon","coordinates":[[[4.7478,49.8147],[4.7486,49.8149],[4.7495,49.8153],[4.7506,49.8157],[4.7515,49.816],[4.7519,49.8158],[4.7513,49.8155],[4.7506,49.8152],[4.7508,49.8149],[4.75,49.8146],[4.7493,49.8143],[4.749,49.8145],[4.7482,49.8144],[4.7478,49.8147]]]},"properties":{"id_ffco":"11065","nom":"Stade André STEVENIN 2 - Nouzonville","_dept":"08","numero":"2013-D08-113","commune":"Nouzonville","echelle":"1/1000","surface":"0.02 km²","format":"A5","annee":"2013","cartographes":"SEGUINOT Albert","proprietaire":"08 - Ardennes","niveau":"Initiation, Scolaire","specialite":"CO à pied","latitude":"49.8150531433","longitude":"4.7498193291","date_saisie":"18/10/2018","date_depot":"21/12/2018","valide":"Oui","ppo":"Non","type_carte":"Reprise","base":"2009-D08-52 Stade André STEVENIN","fond":"Cadastre","obsolete":false}},{"type":"Feature","geometry":{"type":"Polygon","coordinates":[[[4.6047,49.8721],[4.6047,49.8717],[4.6047,49.8713],[4.6032,49.8716],[4.6023,49.8718],[4.6025,49.8726],[4.6038,49.8725],[4.6049,49.8723],[4.6047,49.8721]]]},"properties":{"id_ffco":"11064","nom":"Orient'Show 3 : Plage-Parc à bateaux Lac des Vieilles Forges","_dept":"08","numero":"2013-D08-112","commune":"LES MAZURES","echelle":"1/1500","surface":"0.02 km²","format":"A5","annee":"2013","cartographes":"SEGUINOT Albert","proprietaire":"Ligue Champagne-Ardennes de CO","niveau":"Initiation, Scolaire","specialite":"CO à pied","latitude":"49.872010371","longitude":"4.603630043","date_saisie":"18/10/2018","date_depot":"27/12/2018","valide":"Oui","ppo":"Non","type_carte":"Reprise","base":"2013-D08-109 Base des Vieilles-Forges","fond":"Cadastre","obsolete":false}},{"type":"Feature","geometry":{"type":"Polygon","coordinates":[[[4.7516,49.6577],[4.7605,49.6576],[4.7609,49.6496],[4.7508,49.6479],[4.7482,49.6559],[4.7493,49.6559],[4.7507,49.6561],[4.7516,49.6577]]]},"properties":{"id_ffco":"11063","nom":"La Source St Roger","_dept":"08","numero":"2013-D08-111","commune":"ELAN 08160","echelle":"1/3000","surface":"0.79 km²","format":"A4","annee":"2013","cartographes":"SEGUINOT Albert,ROSINI Dany","proprietaire":"0801 - ORIENTATION SPORTIVE DE CHARLEVILLE-MEZIERES","niveau":"Régional","specialite":"CO à pied","latitude":"49.6531405274","longitude":"4.75502194745","date_saisie":"18/10/2018","date_depot":"27/12/2018","valide":"Oui","ppo":"Non","type_carte":"Nouvelle carte","fond":"IGN","obsolete":false}},{"type":"Feature","geometry":{"type":"Polygon","coordinates":[[[4.7793,49.6593],[4.7423,49.6598],[4.7433,49.6453],[4.7453,49.6455],[4.7488,49.6456],[4.7507,49.6447],[4.773,49.6453],[4.7756,49.6464],[4.7772,49.6473],[4.7786,49.6483],[4.7791,49.6489],[4.7783,49.65],[4.7781,49.6515],[4.7775,49.6526],[4.7785,49.6533],[4.7791,49.6544],[4.7797,49.6558],[4.7795,49.6568],[4.7793,49.6593]]]},"properties":{"id_ffco":"11062","nom":"Forêt d'Elan","_dept":"08","numero":"2013-D08-110","commune":"ELAN 08160","echelle":"1/10000","surface":"4.1 km²","format":"A4","annee":"2013","cartographes":"SEGUINOT Albert,ROSINI Dany","proprietaire":"0801 - ORIENTATION SPORTIVE DE CHARLEVILLE-MEZIERES","niveau":"Régional","specialite":"CO à pied","latitude":"49.6525165611","longitude":"4.76048627365","date_saisie":"18/10/2018","date_depot":"27/12/2018","valide":"Oui","ppo":"Non","type_carte":"Reprise","base":"1983-D08-14 ELAN la CROIX SERIN","fond":"IGN","obsolete":false}},{"type":"Feature","geometry":{"type":"Polygon","coordinates":[[[4.599,49.874],[4.6009,49.8739],[4.6008,49.8723],[4.5992,49.8723],[4.598,49.8729],[4.5984,49.8734],[4.5992,49.8733],[4.599,49.874]]]},"properties":{"id_ffco":"11061","nom":"Base des Vieilles-Forges","_dept":"08","numero":"2013-D08-109","commune":"LES MAZURES","echelle":"1/1000","surface":"0.03 km²","format":"A4","annee":"2013","proprietaire":"Union Nationale du Sport Scolaire (UNSS)","niveau":"Initiation, Scolaire","specialite":"CO à pied","latitude":"49.8731193233","longitude":"4.59972376177","date_saisie":"18/10/2018","date_depot":"21/12/2018","valide":"Oui","ppo":"Non","type_carte":"Reprise","base":"2007-D08-49 Plage de la base des Vieilles Forges","fond":"Cadastre","obsolete":false}},{"type":"Feature","geometry":{"type":"Polygon","coordinates":[[[4.3672,49.5165],[4.3665,49.5163],[4.3663,49.5162],[4.3662,49.516],[4.3656,49.5159],[4.3648,49.5156],[4.365,49.5154],[4.3656,49.5148],[4.3664,49.514],[4.3669,49.5136],[4.3669,49.5131],[4.3675,49.5133],[4.3686,49.5128],[4.369,49.5128],[4.3691,49.5134],[4.3692,49.514],[4.3691,49.5149],[4.3696,49.5157],[4.3686,49.5155],[4.3677,49.5166],[4.3673,49.5165],[4.3672,49.5165]]]},"properties":{"id_ffco":"11060","nom":"Stade Municipal de RETHEL 2","_dept":"08","numero":"2013-D08-108","commune":"Rethel","echelle":"1/1600","surface":"0.08 km²","format":"A4","annee":"2013","cartographes":"SEGUINOT Albert","proprietaire":"08 - Ardennes","niveau":"Initiation, Scolaire","specialite":"CO à pied","latitude":"49.5147793645","longitude":"4.36745530831","date_saisie":"18/10/2018","date_depot":"21/12/2018","valide":"Oui","ppo":"Non","type_carte":"Reprise","base":"2009-D08-55 Stade Municipal de RETHEL","fond":"Cadastre","obsolete":false}},{"type":"Feature","geometry":{"type":"Polygon","coordinates":[[[4.8619,49.7375],[4.8639,49.7339],[4.8645,49.7325],[4.8642,49.7323],[4.8624,49.7327],[4.8614,49.733],[4.8604,49.7331],[4.8573,49.7332],[4.8553,49.7334],[4.856,49.7346],[4.8572,49.736],[4.8591,49.7369],[4.8619,49.7375]]]},"properties":{"id_ffco":"11059","nom":"VRIGNE AUX BOIS - LE PARC","_dept":"08","numero":"2013-D08-107","commune":"Vrigne aux bois 08330","echelle":"1/3000","surface":"0.22 km²","format":"A4","annee":"2013","cartographes":"SEGUINOT Albert","proprietaire":"08 - Ardennes","niveau":"O+","specialite":"CO à pied","latitude":"49.734741528","longitude":"4.86014429227","date_saisie":"18/10/2018","date_depot":"27/12/2018","valide":"Oui","ppo":"Non","type_carte":"Nouvelle carte","fond":"Cadastre","obsolete":false}},{"type":"Feature","geometry":{"type":"Polygon","coordinates":[[[4.7405,49.7741],[4.7399,49.7753],[4.7387,49.7769],[4.7362,49.7798],[4.7345,49.7813],[4.7327,49.782],[4.7315,49.7828],[4.7176,49.7824],[4.7171,49.7809],[4.7173,49.7799],[4.7177,49.7782],[4.7172,49.7777],[4.7144,49.7779],[4.7138,49.7765],[4.7135,49.7753],[4.7122,49.7753],[4.7112,49.7738],[4.7108,49.7723],[4.7137,49.7718],[4.7127,49.7698],[4.7143,49.7691],[4.7163,49.7679],[4.7182,49.767],[4.7218,49.7669],[4.7232,49.7672],[4.7266,49.7695],[4.7276,49.7704],[4.7285,49.7709],[4.7297,49.7715],[4.7319,49.771],[4.7336,49.7708],[4.7406,49.7726],[4.7405,49.7741]]]},"properties":{"id_ffco":"11058","nom":"Grand Charlestown","_dept":"08","numero":"2012-D08-106","commune":"CHARLEVILLE-MEZIERES","echelle":"1/5000","surface":"2.5 km²","format":"A3","annee":"2012","cartographes":"SEGUINOT Albert","proprietaire":"08 - Ardennes","niveau":"Départemental","specialite":"Sprint (ISSOM)","latitude":"49.7752418556","longitude":"4.72527090055","date_saisie":"18/10/2018","date_depot":"27/12/2018","valide":"Oui","ppo":"Non","type_carte":"Nouvelle carte","fond":"Cadastre","obsolete":false}},{"type":"Feature","geometry":{"type":"Polygon","coordinates":[[[4.7186,49.7846],[4.7197,49.7853],[4.718,49.7876],[4.7176,49.7875],[4.7167,49.7875],[4.7164,49.787],[4.7184,49.7848],[4.7186,49.7846]]]},"properties":{"id_ffco":"11057","nom":"Collège Rouget de Lisle - Charleville-Mézières","_dept":"08","numero":"2012-D08-105","commune":"CHARLEVILLE-MEZIERES","echelle":"1/1000","surface":"0.04 km²","format":"A4","annee":"2012","cartographes":"SEGUINOT Albert","proprietaire":"08 - Ardennes","niveau":"O+","specialite":"CO à pied","latitude":"49.7862165378","longitude":"4.71804100608","date_saisie":"18/10/2018","date_depot":"27/12/2018","valide":"Oui","ppo":"Non","type_carte":"Nouvelle carte","fond":"Cadastre","obsolete":false}},{"type":"Feature","geometry":{"type":"Polygon","coordinates":[[[4.6909,49.7598],[4.6849,49.7599],[4.6846,49.7632],[4.6899,49.7628],[4.6893,49.7616],[4.6912,49.7606],[4.6909,49.7598]]]},"properties":{"id_ffco":"11056","nom":"LA PATINOIRE - LA WARENNE - Charleville-Mézières","_dept":"08","numero":"2012-D08-104","commune":"CHARLEVILLE-MEZIERES","echelle":"1/2000","surface":"0.14 km²","format":"A4","annee":"2012","cartographes":"SEGUINOT Albert","proprietaire":"Union Nationale du Sport Scolaire (UNSS)","niveau":"Initiation, Scolaire","specialite":"CO à pied","latitude":"49.76136113","longitude":"4.6874470888","date_saisie":"18/10/2018","date_depot":"27/12/2018","valide":"Oui","ppo":"Non","type_carte":"Reprise","base":"2011-D08-87 LA WARENNE - CHARLEVILLE MEZIERES","fond":"Cadastre","obsolete":false}},{"type":"Feature","geometry":{"type":"Polygon","coordinates":[[[4.9864,49.727],[4.9856,49.7282],[4.984,49.7299],[4.9826,49.7309],[4.9808,49.7318],[4.9812,49.7327],[4.9826,49.7326],[4.9832,49.7335],[4.9841,49.7342],[4.9855,49.7342],[4.9867,49.7352],[4.9878,49.7353],[4.9891,49.7355],[4.9901,49.7359],[4.9909,49.7367],[4.9915,49.738],[4.9921,49.7393],[4.9926,49.7402],[4.9936,49.7412],[4.9952,49.7416],[4.9959,49.7418],[4.9974,49.7404],[4.9993,49.7387],[4.9997,49.7388],[5.0022,49.7366],[5.0018,49.7361],[5.001,49.7349],[5.0003,49.7347],[4.9998,49.7352],[4.9987,49.735],[4.9968,49.7345],[4.9957,49.7344],[4.994,49.7339],[4.9943,49.7335],[4.9939,49.7322],[4.9922,49.7312],[4.9907,49.7276],[4.9864,49.727]]]},"properties":{"id_ffco":"11055","nom":"Parcours Permanent d'Orientation du Bannet","_dept":"08","numero":"2012-D08-103","commune":"Givonne 08200","echelle":"1/7500","surface":"1.0 km²","format":"A4","annee":"2012","cartographes":"Besbot François","niveau":"Initiation, Scolaire","specialite":"CO à pied","latitude":"49.7342379801","longitude":"4.99156048394","date_saisie":"18/10/2018","date_depot":"21/12/2018","valide":"Oui","ppo":"Oui (40 postes)","type_carte":"Reprise","base":"2011-D08-89 LE BANNET 2","fond":"IGN","obsolete":false}},{"type":"Feature","geometry":{"type":"Polygon","coordinates":[[[4.9303,49.7099],[4.9314,49.7093],[4.9327,49.7088],[4.9334,49.7078],[4.9335,49.7069],[4.9344,49.7058],[4.9333,49.7044],[4.9316,49.7036],[4.9308,49.7043],[4.9304,49.7044],[4.9296,49.7043],[4.9277,49.7056],[4.9286,49.7087],[4.9303,49.7099]]]},"properties":{"id_ffco":"11054","nom":"Parc de la CASSINE - SEDAN","_dept":"08","numero":"2012-D08-102","commune":"SEDAN 08200","echelle":"1/3000","surface":"0.21 km²","format":"A4","annee":"2012","cartographes":"SEGUINOT Albert","proprietaire":"08 - Ardennes","niveau":"O+","specialite":"CO à pied","latitude":"49.7066365061","longitude":"4.93095068406","date_saisie":"18/10/2018","date_depot":"27/12/2018","valide":"Oui","ppo":"Non","type_carte":"Nouvelle carte","fond":"Cadastre","obsolete":false}},{"type":"Feature","geometry":{"type":"Polygon","coordinates":[[[4.7788,49.5312],[4.7757,49.5306],[4.7788,49.5277],[4.7814,49.5266],[4.7832,49.5257],[4.7849,49.5247],[4.7869,49.5244],[4.7879,49.5255],[4.7879,49.5297],[4.7788,49.5312]]]},"properties":{"id_ffco":"11053","nom":"Base de Loisirs de BAIRON","_dept":"08","numero":"2012-D08-101","commune":"LE CHESNE 08390","echelle":"1/3750","surface":"0.39 km²","format":"A4","annee":"2012","proprietaire":"08 - Ardennes","niveau":"O+","specialite":"CO à pied","latitude":"49.5282038044","longitude":"4.78298101154","date_saisie":"18/10/2018","date_depot":"27/12/2018","valide":"Oui","ppo":"Non","type_carte":"Nouvelle carte","fond":"Cadastre","obsolete":false}},{"type":"Feature","geometry":{"type":"Polygon","coordinates":[[[4.3763,49.3941],[4.3762,49.3938],[4.3762,49.3933],[4.3759,49.3931],[4.3755,49.3928],[4.3748,49.3928],[4.375,49.3931],[4.3739,49.3932],[4.3727,49.3933],[4.3722,49.3933],[4.3724,49.3945],[4.3764,49.3944],[4.3763,49.3941]]]},"properties":{"id_ffco":"11048","nom":"Stade et COSEC de la Petite Paroisse - Juniville","_dept":"08","numero":"2014-D08-100","commune":"Juniville 08310","echelle":"1/1250","surface":"0.04 km²","format":"A4","annee":"2014","cartographes":"SEGUINOT Albert","proprietaire":"08 - Ardennes","niveau":"O+","specialite":"CO à pied","latitude":"49.3937818636","longitude":"4.37433767284","date_saisie":"17/10/2018","date_depot":"27/12/2018","valide":"Oui","ppo":"Non","type_carte":"Extrait","base":"2014-D08-99 La Petite Paroisse - Juniville","fond":"Cadastre","obsolete":false}},{"type":"Feature","geometry":null,"properties":{"id_ffco":"2042","nom":"BOIS DES HAIES","_dept":"08","numero":"1989-D08-00","commune":"NEUVILLE AUX HAIES","echelle":"1/10000","surface":"0.8 km²","annee":"1989","specialite":"CO à pied","latitude":"49.9266046","longitude":"4.8129292","valide":"Non","ppo":"Non","obsolete":false}},{"type":"Feature","geometry":null,"properties":{"id_ffco":"36","nom":"Le Beau Terme","_dept":"08","numero":"????-D08-","commune":"Pouru Aux Bois","surface":"None km²","latitude":"49.7060459","longitude":"5.0922032","valide":"Non","ppo":"Oui","obsolete":false}},{"type":"Feature","geometry":{"type":"Polygon","coordinates":[[[4.614,49.8819],[4.6157,49.8809],[4.6114,49.8711],[4.6103,49.869],[4.6058,49.8698],[4.5958,49.8717],[4.5911,49.873],[4.5881,49.8753],[4.5899,49.8753],[4.5897,49.8759],[4.5896,49.8765],[4.5898,49.8769],[4.5899,49.8773],[4.5899,49.8778],[4.5897,49.8783],[4.5902,49.8785],[4.5905,49.8787],[4.5908,49.8789],[4.5909,49.8792],[4.5911,49.8796],[4.5914,49.8802],[4.5915,49.8805],[4.5915,49.8808],[4.5916,49.8819],[4.614,49.8819]]]},"properties":{"id_ffco":"37","nom":"Base des Vieilles Forges 2","_dept":"08","numero":"2003-D08-","commune":"Les Mazures","echelle":"1/7500","surface":"2.06 km²","annee":"2003","contacts":"CDCO 08, 03 24 56 27 30, albertseguinot@wanadoo.fr, http://site.voila.fr/oscm","latitude":"49.8764185873","longitude":"4.60253590558","valide":"Non","ppo":"Oui (30 postes)","obsolete":false}},{"type":"Feature","geometry":null,"properties":{"id_ffco":"36","nom":"La Havetière","_dept":"08","numero":"????-D08-","commune":"Charleville Mézières","surface":"None km²","latitude":"49.7736086","longitude":"4.7202099","valide":"Non","ppo":"Oui","observations":"PPO remis à jour en 2010","obsolete":false}},{"type":"Feature","geometry":null,"properties":{"id_ffco":"36","nom":"Le Bannet Givonne","_dept":"08","numero":"????-D08-","commune":"Givonne","surface":"None km²","latitude":"49.7212971","longitude":"4.9886508","valide":"Non","ppo":"Oui","obsolete":false}},{"type":"Feature","geometry":{"type":"Polygon","coordinates":[[[4.7293,49.7838],[4.7288,49.7757],[4.7281,49.7757],[4.7273,49.7757],[4.7258,49.7756],[4.7234,49.7756],[4.7222,49.7756],[4.7204,49.7763],[4.72,49.7767],[4.7184,49.7775],[4.7171,49.7787],[4.7171,49.7793],[4.717,49.7803],[4.7171,49.7811],[4.7171,49.7819],[4.7172,49.7826],[4.7176,49.783],[4.7186,49.7833],[4.7197,49.7836],[4.7209,49.7841],[4.7223,49.7844],[4.7241,49.7844],[4.7261,49.7843],[4.7293,49.7838]]]},"properties":{"id_ffco":"34","nom":"Le Mont Olympe 2","_dept":"08","numero":"2004-D08-","commune":"Charleville Mézières","echelle":"1/4000","surface":"0.74 km²","annee":"2004","contacts":"CDCO 08, 03 24 56 27 30, albertseguinot@wanadoo.fr, http://site.voila.fr/oscm","latitude":"49.7800689662","longitude":"4.7235180263","valide":"Non","ppo":"Oui (30 postes)","obsolete":false}},{"type":"Feature","geometry":null,"properties":{"id_ffco":"36","nom":"Roche à Faux","_dept":"08","numero":"????-D08-","commune":"Revin","surface":"None km²","latitude":"49.9423236","longitude":"4.6375906","valide":"Non","ppo":"Oui","obsolete":false}},{"type":"Feature","geometry":{"type":"Polygon","coordinates":[[[4.7536,49.818],[4.7526,49.8174],[4.7521,49.8175],[4.751,49.8169],[4.7499,49.8164],[4.7489,49.8165],[4.7482,49.8167],[4.7485,49.8171],[4.7484,49.8181],[4.7483,49.8186],[4.7481,49.8187],[4.7477,49.8189],[4.7476,49.8219],[4.7487,49.8226],[4.7488,49.823],[4.7492,49.8233],[4.7509,49.8259],[4.753,49.826],[4.7556,49.8261],[4.7576,49.826],[4.7576,49.8216],[4.7566,49.8212],[4.7554,49.8209],[4.7546,49.8205],[4.7539,49.8194],[4.7533,49.8183],[4.7536,49.818]]]},"properties":{"id_ffco":"39","nom":"Solferino","_dept":"08","numero":"2008-D08-","commune":"Nouzonville","echelle":"1/4000","surface":"0.52 km²","annee":"2008","contacts":"CDCO 08, 03 24 56 27 30, albertseguinot@wanadoo.fr, http://site.voila.fr/oscm","latitude":"49.8218226343","longitude":"4.75239650875","valide":"Non","ppo":"Oui (30 postes)","obsolete":false}}]}