{"type":"FeatureCollection","features":[{"type":"Feature","geometry":{"type":"Polygon","coordinates":[[[4.7374,43.885],[4.7485,43.8846],[4.7599,43.8847],[4.7652,43.8831],[4.7651,43.8754],[4.7515,43.8664],[4.7433,43.8598],[4.7363,43.8555],[4.7286,43.8527],[4.7188,43.8517],[4.7168,43.8616],[4.7192,43.8701],[4.729,43.8669],[4.7326,43.8756],[4.7374,43.885]]]},"properties":{"id_ffco":"2011-D13-98","nom":"Les Monts de la Mère","_dept":"13","numero":"2011-D13-98","commune":"Barbentane","echelle":"1/10000","surface":"7.93 km²","format":"A4","annee":"2011","cartographes":"P Delenne","proprietaire":"13 - Bouches-du-Rhône","niveau":"Régional","specialite":"CO à pied","contacts":"CDCO13, cd.bouches-du-rhone@ffcorientation.fr","latitude":"43.8697348073","longitude":"4.74026503886","date_saisie":"12/02/2012","date_depot":"22/01/2016","valide":"Oui","ppo":"Non","type_carte":"Nouvelle carte","fond":"Ortho","obsolete":false}},{"type":"Feature","geometry":{"type":"Polygon","coordinates":[[[4.8292,43.7738],[4.8165,43.7765],[4.8023,43.7765],[4.8002,43.7661],[4.8133,43.7603],[4.829,43.761],[4.8299,43.7739],[4.8292,43.7738]]]},"properties":{"id_ffco":"2011-D13-96","nom":"les Peiroou","_dept":"13","numero":"2011-D13-96","commune":"St Rémi de Provence","echelle":"1/10000","surface":"3.6 km²","format":"A4","annee":"2011","cartographes":"B Haberkorn, D Seckler","proprietaire":"13 - Bouches-du-Rhône","niveau":"Départemental","specialite":"CO à pied","contacts":"CDCO13, cd.bouches-du-rhone@ffcorientation.fr","latitude":"43.7686723126","longitude":"4.8155787415","date_saisie":"13/02/2012","date_depot":"20/10/2015","valide":"Oui","ppo":"Non","type_carte":"Nouvelle carte","fond":"Ortho","obsolete":false}},{"type":"Feature","geometry":{"type":"Polygon","coordinates":[[[4.8575,43.8846],[4.8591,43.8844],[4.8588,43.8826],[4.8598,43.8804],[4.8597,43.8792],[4.8583,43.8784],[4.8528,43.8781],[4.8498,43.879],[4.8516,43.8797],[4.8527,43.8841],[4.8575,43.8846]]]},"properties":{"id_ffco":"2011-D13-93","nom":"Chateaurenard Ville","_dept":"13","numero":"2011-D13-93","commune":"Chateaurenard","echelle":"1/4000","surface":"0.41 km²","format":"A4","annee":"2011","cartographes":"D Seckler","proprietaire":"13 - Bouches-du-Rhône","niveau":"National, International","specialite":"CO à pied","contacts":"CDCO13, cd.bouches-du-rhone@ffcorientation.fr","latitude":"43.8811369501","longitude":"4.85552291588","date_saisie":"13/02/2012","date_depot":"27/01/2016","valide":"Oui","ppo":"Non","type_carte":"Nouvelle carte","fond":"Cadastre","obsolete":false}},{"type":"Feature","geometry":{"type":"Polygon","coordinates":[[[4.8666,43.8805],[4.8654,43.88],[4.8651,43.8798],[4.8655,43.8797],[4.866,43.8793],[4.8663,43.8789],[4.8667,43.8785],[4.8671,43.8784],[4.8677,43.8783],[4.8682,43.8781],[4.8687,43.8771],[4.8693,43.8759],[4.8698,43.8759],[4.8705,43.8759],[4.8711,43.8759],[4.8721,43.8761],[4.8728,43.8766],[4.8732,43.8771],[4.8737,43.8781],[4.8739,43.8785],[4.8739,43.8801],[4.8738,43.8804],[4.8733,43.881],[4.8732,43.8811],[4.8728,43.8812],[4.8723,43.8814],[4.8721,43.8817],[4.8721,43.8823],[4.8719,43.8827],[4.8715,43.883],[4.871,43.8832],[4.8702,43.8833],[4.8693,43.8833],[4.8684,43.8833],[4.8678,43.8833],[4.8671,43.8832],[4.8667,43.8831],[4.8663,43.8829],[4.866,43.8828],[4.8656,43.8826],[4.8666,43.8805]]]},"properties":{"id_ffco":"2011-D13-92","nom":"Vallon de la Roquette","_dept":"13","numero":"2011-D13-92","commune":"Chateaurenard","echelle":"1/4000","surface":"0.4 km²","format":"A4","annee":"2011","cartographes":"D Seckler","proprietaire":"13 - Bouches-du-Rhône","niveau":"National, International","specialite":"CO à pied","contacts":"CDCO13, cd.bouches-du-rhone@ffcorientation.fr","latitude":"43.879837861","longitude":"4.86991527953","date_depot":"27/01/2016","valide":"Oui","ppo":"Non","type_carte":"Extrait","base":"2010-D13-91 Rocher de Martin","fond":"Ortho","obsolete":false}},{"type":"Feature","geometry":{"type":"Polygon","coordinates":[[[4.8654,43.8827],[4.8672,43.8834],[4.8696,43.8833],[4.8719,43.8835],[4.8744,43.8835],[4.8774,43.8843],[4.8799,43.8859],[4.8817,43.8862],[4.8835,43.8858],[4.8851,43.8855],[4.8924,43.8852],[4.8939,43.8824],[4.8934,43.8778],[4.8875,43.879],[4.8826,43.8722],[4.8808,43.8685],[4.8799,43.8674],[4.8785,43.8671],[4.8761,43.8677],[4.8737,43.8663],[4.8684,43.8669],[4.868,43.8697],[4.866,43.8727],[4.8635,43.8748],[4.8628,43.8799],[4.8647,43.8799],[4.8663,43.8804],[4.8654,43.8827]]]},"properties":{"id_ffco":"2010-D13-91","nom":"Rocher de Martin","_dept":"13","numero":"2010-D13-91","commune":"Chateaurenard","echelle":"1/10000","surface":"3.37 km²","format":"A3","annee":"2010","cartographes":"Alain Pellegry, Daniel Seckler","proprietaire":"1311 - CHATEAURENARD ORIENTATION","niveau":"Régional","specialite":"CO à pied","latitude":"43.8772287572","longitude":"4.87718207658","date_saisie":"02/02/2012","date_depot":"21/11/2016","valide":"Oui","ppo":"Non","type_carte":"Reprise","base":"2003-D13-41 Chateaurenard, Rocher de Martin","fond":"Ortho","obsolete":false}},{"type":"Feature","geometry":{"type":"Polygon","coordinates":[[[4.7283,43.8663],[4.7235,43.8688],[4.7197,43.8712],[4.7157,43.8735],[4.7137,43.875],[4.7101,43.8706],[4.7082,43.8647],[4.7084,43.857],[4.7073,43.8493],[4.7206,43.8506],[4.7365,43.8517],[4.7341,43.8585],[4.7297,43.8594],[4.7281,43.8661],[4.7283,43.8663]]]},"properties":{"id_ffco":"2011-D13-90","nom":"St Michel de Frigolet","_dept":"13","numero":"2011-D13-90","commune":"Tarascon","echelle":"1/10000","surface":"4.17 km²","format":"A4","annee":"2011","cartographes":"P Delenne","proprietaire":"13 - Bouches-du-Rhône","niveau":"Régional","specialite":"CO à pied","contacts":"CDCO13, cd.bouches-du-rhone@ffcorientation.fr","latitude":"43.8599295785","longitude":"4.71937056779","date_saisie":"12/02/2012","date_depot":"21/11/2016","valide":"Oui","ppo":"Non","type_carte":"Nouvelle carte","fond":"Ortho","obsolete":false}},{"type":"Feature","geometry":{"type":"Polygon","coordinates":[[[5.5708,43.5237],[5.5749,43.5254],[5.5744,43.5286],[5.5735,43.5315],[5.5701,43.5328],[5.5638,43.5331],[5.5567,43.5332],[5.5486,43.5348],[5.5428,43.5357],[5.5371,43.54],[5.5332,43.5414],[5.526,43.5394],[5.5212,43.5382],[5.515,43.5381],[5.5109,43.5367],[5.5088,43.5361],[5.5087,43.5329],[5.5092,43.5308],[5.509,43.5288],[5.509,43.5261],[5.5177,43.5256],[5.5236,43.5259],[5.5322,43.5241],[5.5306,43.5226],[5.5301,43.5215],[5.5383,43.5198],[5.5428,43.5198],[5.5492,43.5219],[5.5569,43.5239],[5.5629,43.5242],[5.5704,43.5236],[5.5708,43.5237]]]},"properties":{"id_ffco":"2008-D13-9","nom":"domaine de Roques Hautes","_dept":"13","numero":"2008-D13-9","commune":"Beaurecueil","echelle":"1/15000","surface":"7.54 km²","format":"A3","annee":"2008","cartographes":"Pierre Delenne","proprietaire":"13 - Bouches-du-Rhône","niveau":"Régional","specialite":"CO à pied","latitude":"43.5299982205","longitude":"5.53912392241","date_saisie":"02/02/2012","valide":"Non","ppo":"Non","obsolete":false}},{"type":"Feature","geometry":{"type":"Polygon","coordinates":[[[5.0291,43.7966],[5.0298,43.7944],[5.0335,43.7933],[5.0348,43.7936],[5.0355,43.7943],[5.0368,43.7946],[5.0365,43.7959],[5.0362,43.7966],[5.0357,43.7967],[5.0376,43.7983],[5.0375,43.7997],[5.0369,43.8008],[5.0355,43.8005],[5.0343,43.7997],[5.0334,43.7987],[5.0327,43.7984],[5.0319,43.7986],[5.0315,43.799],[5.0291,43.7966]]]},"properties":{"id_ffco":"2011-D13-87","nom":"College Mont Sauvy","_dept":"13","numero":"2011-D13-87","commune":"Orgon","echelle":"1/3000","surface":"0.34 km²","format":"A4","annee":"2011","cartographes":"P Delenne","proprietaire":"13 - Bouches-du-Rhône","niveau":"Initiation, Scolaire","specialite":"CO à pied","contacts":"CDCO13, cd.bouches-du-rhone@ffcorientation.fr","latitude":"43.7967456835","longitude":"5.03362013757","date_saisie":"12/02/2012","date_depot":"21/11/2016","valide":"Oui","ppo":"Non","type_carte":"Nouvelle carte","fond":"Ortho","obsolete":false}},{"type":"Feature","geometry":{"type":"Polygon","coordinates":[[[5.5628,43.272],[5.5637,43.2741],[5.5775,43.2742],[5.5775,43.2676],[5.5691,43.2652],[5.5679,43.2647],[5.5653,43.2602],[5.5594,43.2588],[5.5514,43.2576],[5.5506,43.2633],[5.5526,43.2675],[5.5608,43.2708],[5.5628,43.272]]]},"properties":{"id_ffco":"2010-D13-85","nom":"Parc de la Coueste","_dept":"13","numero":"2010-D13-85","commune":"aubagne","echelle":"1/10000","surface":"2.4 km²","format":"A4","annee":"2010","cartographes":"S Rozoum","proprietaire":"1316 - GEMENOS AVENTURES ET DECOUVERTE","niveau":"Départemental","specialite":"Rand'O","latitude":"43.266583614","longitude":"5.56356944662","date_saisie":"12/02/2012","date_depot":"21/11/2016","valide":"Oui","ppo":"Non","type_carte":"Nouvelle carte","fond":"Ortho","obsolete":false}},{"type":"Feature","geometry":{"type":"Polygon","coordinates":[[[5.582,43.656],[5.5827,43.656],[5.5832,43.6558],[5.5839,43.6559],[5.5846,43.6558],[5.5853,43.6557],[5.5858,43.6557],[5.5863,43.6558],[5.5864,43.6556],[5.5862,43.6552],[5.5862,43.6543],[5.5861,43.654],[5.586,43.6538],[5.5861,43.6534],[5.5862,43.6523],[5.5862,43.6516],[5.5851,43.6516],[5.5842,43.6517],[5.584,43.6519],[5.5838,43.6534],[5.5837,43.6544],[5.5831,43.6549],[5.5821,43.6549],[5.582,43.656]]]},"properties":{"id_ffco":"2010-D13-82","nom":"Plan d'eau du plantain","_dept":"13","numero":"2010-D13-82","commune":"Peyrolles","echelle":"1/2500","surface":"0.11 km²","format":"A4","annee":"2010","cartographes":"P Delenne","proprietaire":"13 - Bouches-du-Rhône","niveau":"Initiation, Scolaire","specialite":"CO à pied","contacts":"CDCO13, cd.bouches-du-rhone@ffcorientation.fr","latitude":"43.654012471","longitude":"5.58466154823","date_saisie":"12/02/2012","date_depot":"21/11/2016","valide":"Oui","ppo":"Non","type_carte":"Nouvelle carte","fond":"Ortho","obsolete":false}},{"type":"Feature","geometry":{"type":"Polygon","coordinates":[[[5.5447,43.4232],[5.5503,43.4232],[5.5524,43.4263],[5.5526,43.4281],[5.5525,43.4297],[5.5514,43.4305],[5.5508,43.4311],[5.5504,43.4318],[5.5532,43.4335],[5.5529,43.4351],[5.5516,43.4356],[5.5497,43.4353],[5.5473,43.434],[5.5461,43.433],[5.5451,43.4297],[5.5447,43.4232]]]},"properties":{"id_ffco":"2010-D13-81","nom":"Vallon du Tombereau","_dept":"13","numero":"2010-D13-81","commune":"Greasque","echelle":"1/5000","surface":"0.7 km²","format":"A4","annee":"2010","cartographes":"P Delenne","proprietaire":"13 - Bouches-du-Rhône","niveau":"Initiation, Scolaire","specialite":"CO à pied","contacts":"CDCO13, cd.bouches-du-rhone@ffcorientation.fr // Mairie de Gréasque","latitude":"43.4289143985","longitude":"5.54876614024","date_saisie":"12/02/2012","date_depot":"21/11/2016","valide":"Oui","ppo":"Oui (60 postes)","type_carte":"Extrait","base":"1992-D13-1030 GREASQUE","fond":"Ortho","obsolete":false}},{"type":"Feature","geometry":{"type":"Polygon","coordinates":[[[5.3783,43.346],[5.3815,43.3459],[5.3802,43.3428],[5.378,43.3433],[5.3782,43.3444],[5.3783,43.346]]]},"properties":{"id_ffco":"2010-D13-79","nom":"Parc du Grand Seminaire","_dept":"13","numero":"2010-D13-79","commune":"Marseille 13","echelle":"1/2000","surface":"0.07 km²","format":"A4","annee":"2010","cartographes":"R Viale","proprietaire":"13 - Bouches-du-Rhône","niveau":"Initiation, Scolaire","specialite":"CO à pied","contacts":"CDCO, 06 87 49 57 65, paul.visca@wanadoo.fr // Inspection Académie","latitude":"43.3445873664","longitude":"5.37958207148","date_saisie":"12/02/2012","date_depot":"21/11/2016","valide":"Oui","ppo":"Non","type_carte":"Nouvelle carte","fond":"Cadastre","obsolete":false}},{"type":"Feature","geometry":{"type":"Polygon","coordinates":[[[5.1878,43.5555],[5.1926,43.5544],[5.2025,43.5548],[5.2015,43.5618],[5.185,43.5617],[5.1878,43.5555]]]},"properties":{"id_ffco":"2010-D13-78","nom":"ste Rosalie","_dept":"13","numero":"2010-D13-78","commune":"La Fare","echelle":"1/5000","surface":"0.98 km²","format":"A4","annee":"2010","cartographes":"P Delenne","proprietaire":"13 - Bouches-du-Rhône","niveau":"Initiation, Scolaire","specialite":"CO à pied","contacts":"CDCO13, cd.bouches-du-rhone@ffcorientation.fr // Mairie La Fare, 04 90 45 46 41, sport-asso-jeunesse@lafarelesoliviers.fr, https://www.lafarelesoliviers.com/circuits-orientation","latitude":"43.5583281866","longitude":"5.19432810763","date_saisie":"12/02/2012","date_depot":"21/11/2016","valide":"Oui","ppo":"Non","type_carte":"Extrait","base":"2010-D13-77 La colline Farenque","fond":"Ortho","obsolete":false}},{"type":"Feature","geometry":{"type":"Polygon","coordinates":[[[5.1675,43.5578],[5.1682,43.5754],[5.2111,43.5755],[5.2125,43.5558],[5.2102,43.5559],[5.209,43.556],[5.2065,43.5559],[5.2048,43.5559],[5.2035,43.5555],[5.2029,43.5551],[5.2009,43.5547],[5.1993,43.5545],[5.1971,43.5543],[5.1948,43.5544],[5.1915,43.5546],[5.1889,43.5547],[5.1851,43.5549],[5.1821,43.5548],[5.178,43.5541],[5.1762,43.5541],[5.1675,43.5578]]]},"properties":{"id_ffco":"2010-D13-77","nom":"La colline Farenque","_dept":"13","numero":"2010-D13-77","commune":"La Fare-les-Oliviers","echelle":"1/10000","surface":"8.06 km²","format":"A3","annee":"2010","cartographes":"Delenne Pierre","proprietaire":"13 - Bouches-du-Rhône","niveau":"Régional","specialite":"CO à pied","contacts":"Mairie La Fare, 04 90 45 46 41, sport-asso-jeunesse@lafarelesoliviers.fr, https://www.lafarelesoliviers.com/circuits-orientation","latitude":"43.565186738","longitude":"5.18985254526","date_saisie":"02/02/2012","date_depot":"21/11/2016","valide":"Oui","ppo":"Oui (60 postes)","type_carte":"Nouvelle carte","fond":"Ortho","obsolete":false}},{"type":"Feature","geometry":{"type":"Polygon","coordinates":[[[5.3667,43.3613],[5.3678,43.3606],[5.3668,43.3604],[5.3664,43.3598],[5.367,43.3593],[5.367,43.3587],[5.3669,43.3584],[5.3664,43.3583],[5.3662,43.3588],[5.3657,43.3593],[5.3658,43.3599],[5.3659,43.3603],[5.3664,43.3607],[5.3666,43.361],[5.3667,43.3613]]]},"properties":{"id_ffco":"2009-D13-76","nom":"Parc Varela","_dept":"13","numero":"2009-D13-76","commune":"Marseille 13","echelle":"1/2000","surface":"0.02 km²","format":"A4","annee":"2009","cartographes":"P Delenne","proprietaire":"13 - Bouches-du-Rhône","niveau":"Initiation, Scolaire","specialite":"CO à pied","contacts":"CDCO, 06 87 49 57 65, paul.visca@wanadoo.fr // Inspection Académie","latitude":"43.3597812725","longitude":"5.36653133081","date_saisie":"12/02/2012","date_depot":"16/06/2017","valide":"Oui","ppo":"Non","type_carte":"Nouvelle carte","fond":"IGN","obsolete":false}},{"type":"Feature","geometry":{"type":"Polygon","coordinates":[[[5.357,43.3541],[5.3565,43.355],[5.3559,43.3555],[5.3553,43.3556],[5.3539,43.3562],[5.3533,43.3565],[5.3527,43.3561],[5.3527,43.3553],[5.3536,43.3552],[5.3542,43.355],[5.3546,43.3545],[5.3555,43.3541],[5.3567,43.3537],[5.3572,43.354],[5.357,43.3541]]]},"properties":{"id_ffco":"2009-D13-75","nom":"Parc Bregante","_dept":"13","numero":"2009-D13-75","commune":"Marseiile 13","echelle":"1/2500","surface":"0.05 km²","format":"A4","annee":"2009","cartographes":"P Delenne","proprietaire":"13 - Bouches-du-Rhône","niveau":"Initiation, Scolaire","specialite":"CO à pied","contacts":"CDCO, 06 87 49 57 65, paul.visca@wanadoo.fr // Inspection Académie","latitude":"43.3551097985","longitude":"5.35490350961","date_saisie":"12/02/2012","date_depot":"16/06/2017","valide":"Oui","ppo":"Non","type_carte":"Nouvelle carte","fond":"IGN","obsolete":false}},{"type":"Feature","geometry":{"type":"Polygon","coordinates":[[[5.4639,43.3437],[5.4639,43.3427],[5.464,43.3422],[5.463,43.3415],[5.4627,43.3408],[5.4614,43.3399],[5.4601,43.3393],[5.4583,43.3406],[5.4592,43.3415],[5.4608,43.342],[5.4611,43.3427],[5.4637,43.3439],[5.4639,43.3437]]]},"properties":{"id_ffco":"2009-D13-74","nom":"Parc du bocage","_dept":"13","numero":"2009-D13-74","commune":"Plan de Cuques","echelle":"1/2500","surface":"0.11 km²","format":"A4","annee":"2009","cartographes":"P Delenne","proprietaire":"13 - Bouches-du-Rhône","niveau":"Initiation, Scolaire","specialite":"CO à pied","contacts":"CDCO, 06 87 49 57 65, paul.visca@wanadoo.fr","latitude":"43.3414750796","longitude":"5.46142619154","date_saisie":"12/02/2012","date_depot":"16/06/2017","valide":"Oui","ppo":"Non","type_carte":"Nouvelle carte","fond":"IGN","obsolete":false}},{"type":"Feature","geometry":{"type":"Polygon","coordinates":[[[5.4485,43.3688],[5.4493,43.3688],[5.4502,43.369],[5.4521,43.3692],[5.4537,43.3726],[5.4539,43.3735],[5.4545,43.3742],[5.4548,43.3746],[5.4548,43.375],[5.4543,43.3758],[5.4543,43.3768],[5.4545,43.3782],[5.4541,43.379],[5.4534,43.3791],[5.4534,43.3801],[5.4529,43.3798],[5.451,43.3807],[5.4499,43.381],[5.4488,43.3806],[5.448,43.3794],[5.4472,43.3776],[5.447,43.3772],[5.4469,43.3768],[5.4472,43.376],[5.4468,43.3753],[5.4465,43.3763],[5.4462,43.3747],[5.4456,43.3742],[5.4455,43.3728],[5.4465,43.3725],[5.4468,43.3718],[5.4471,43.3714],[5.4476,43.3708],[5.4484,43.3702],[5.4487,43.3696],[5.4484,43.3693],[5.4485,43.3688]]]},"properties":{"id_ffco":"2009-D13-73","nom":"La Nègre","_dept":"13","numero":"2009-D13-73","commune":"Plan de Cuques","echelle":"1/5000","surface":"0.69 km²","format":"A4","annee":"2009","cartographes":"P Delenne","proprietaire":"13 - Bouches-du-Rhône","niveau":"Départemental","specialite":"CO à pied","contacts":"Département 13 MSV, msv@cg13.fr","latitude":"43.3749237886","longitude":"5.45036622036","valide":"Non","ppo":"Oui (41 postes)","url":"https://www.departement13.fr/nos-actions/environnement/parcs-et-domaines-departementaux/la-course-dorientation/","obsolete":false}},{"type":"Feature","geometry":{"type":"Polygon","coordinates":[[[5.501,43.5826],[5.5074,43.5771],[5.5175,43.5798],[5.5228,43.587],[5.524,43.5894],[5.5194,43.5966],[5.5096,43.5901],[5.501,43.5826]]]},"properties":{"id_ffco":"2009-D13-72","nom":"Le Garagay","_dept":"13","numero":"2009-D13-72","commune":"Venelles","echelle":"1/5000","surface":"2.1 km²","format":"A4","annee":"2009","cartographes":"P Delenne","proprietaire":"13 - Bouches-du-Rhône","niveau":"Régional","specialite":"CO à pied","latitude":"43.5858651086","longitude":"5.51346515981","date_saisie":"12/02/2012","valide":"Non","ppo":"Non","obsolete":false}},{"type":"Feature","geometry":{"type":"Polygon","coordinates":[[[5.6777,43.5816],[5.6623,43.5781],[5.6441,43.5781],[5.6293,43.5771],[5.6314,43.5654],[5.64,43.5607],[5.6592,43.5629],[5.664,43.5582],[5.6637,43.5493],[5.6743,43.5435],[5.6894,43.5458],[5.7007,43.552],[5.7069,43.557],[5.7138,43.5624],[5.7031,43.5716],[5.6904,43.5769],[5.6774,43.5811],[5.6777,43.5816]]]},"properties":{"id_ffco":"2007-D13-7","nom":"La Sinne, Puits d'Auzon","_dept":"13","numero":"2007-D13-7","commune":"Vauvenargues","echelle":"1/15000","surface":"16.54 km²","format":"A3","annee":"2007","cartographes":"Pierre Delenne","proprietaire":"13 - Bouches-du-Rhône","niveau":"Régional","specialite":"CO à pied","contacts":"Département 13 MSV, 04 13 31 57 20, msv@cg13.fr","latitude":"43.564546792","longitude":"5.67339542916","valide":"Non","ppo":"Oui","obsolete":false}},{"type":"Feature","geometry":{"type":"Polygon","coordinates":[[[4.6871,43.8219],[4.6819,43.8246],[4.684,43.8329],[4.6843,43.835],[4.6855,43.8371],[4.6886,43.8394],[4.6971,43.8427],[4.7042,43.8436],[4.7074,43.841],[4.7088,43.8303],[4.7046,43.828],[4.6871,43.8219]]]},"properties":{"id_ffco":"2010-D13-69","nom":"La Montagnette Sud","_dept":"13","numero":"2010-D13-69","commune":"Tarascon","echelle":"1/10000","surface":"3.5 km²","format":"A4","annee":"2010","cartographes":"M Haberkorn, D Seckler","proprietaire":"13 - Bouches-du-Rhône","niveau":"Régional","specialite":"CO à pied","contacts":"CDCO13, cd.bouches-du-rhone@ffcorientation.fr","latitude":"43.8329701811","longitude":"4.6955280476","date_saisie":"12/02/2012","date_depot":"04/10/2016","valide":"Oui","ppo":"Non","type_carte":"Nouvelle carte","fond":"Ortho","obsolete":false}},{"type":"Feature","geometry":{"type":"Polygon","coordinates":[[[5.5287,43.6398],[5.5365,43.6403],[5.5396,43.6412],[5.5442,43.6405],[5.5423,43.636],[5.5401,43.6316],[5.5389,43.6298],[5.5433,43.6265],[5.5461,43.6225],[5.5464,43.6164],[5.5493,43.6104],[5.5521,43.6058],[5.5523,43.6046],[5.5469,43.6045],[5.5428,43.6025],[5.5392,43.6019],[5.5313,43.6031],[5.5236,43.6056],[5.52,43.6068],[5.522,43.6116],[5.5226,43.6168],[5.5198,43.6226],[5.5214,43.6262],[5.5219,43.6291],[5.521,43.6316],[5.5239,43.6334],[5.5272,43.6334],[5.5284,43.6371],[5.5284,43.6395],[5.5287,43.6398]]]},"properties":{"id_ffco":"2010-D13-63","nom":"Meyrargues Vallon du Pas de l'Etroit","_dept":"13","numero":"2010-D13-63","commune":"Meyrargues","echelle":"1/15000","surface":"7.51 km²","format":"A3","annee":"2010","cartographes":"S Rozoum, P Delenne","proprietaire":"13 - Bouches-du-Rhône","niveau":"Interrégional","specialite":"CO à pied","latitude":"43.6195796135","longitude":"5.53438391639","date_saisie":"02/02/2012","date_depot":"21/11/2016","valide":"Oui","ppo":"Non","type_carte":"Nouvelle carte","fond":"Ortho","obsolete":false}},{"type":"Feature","geometry":{"type":"Polygon","coordinates":[[[5.5521,43.4441],[5.5507,43.4421],[5.5493,43.4397],[5.547,43.4385],[5.5442,43.4341],[5.5427,43.4299],[5.5424,43.4289],[5.5419,43.426],[5.5433,43.4248],[5.544,43.4229],[5.5441,43.4214],[5.563,43.4215],[5.5695,43.4217],[5.5702,43.4228],[5.5699,43.4239],[5.5695,43.4256],[5.5689,43.4264],[5.568,43.4281],[5.5656,43.4299],[5.5652,43.4315],[5.5644,43.4328],[5.5596,43.4363],[5.5587,43.4378],[5.5548,43.4417],[5.5533,43.444],[5.5521,43.4441]]]},"properties":{"id_ffco":"2010-D13-57","nom":"Les Euves 2 nord","_dept":"13","numero":"2010-D13-57","commune":"Gréasque","echelle":"1/10000","surface":"3.6 km²","format":"A4","annee":"2010","cartographes":"Delenne Pierre","proprietaire":"13 - Bouches-du-Rhône","niveau":"Régional","specialite":"CO à pied","latitude":"43.4297853107","longitude":"5.55474403717","date_saisie":"02/02/2012","date_depot":"21/11/2016","valide":"Oui","ppo":"Non","type_carte":"Extrait","base":"2010-D13-56 Les Euves 2","fond":"Ortho","obsolete":false}},{"type":"Feature","geometry":{"type":"Polygon","coordinates":[[[5.554,43.4417],[5.553,43.441],[5.5518,43.4385],[5.551,43.4357],[5.5443,43.434],[5.5451,43.4309],[5.5458,43.4262],[5.5439,43.425],[5.5435,43.4216],[5.5379,43.4161],[5.5406,43.4098],[5.5455,43.4082],[5.5496,43.4077],[5.5546,43.4052],[5.5609,43.4046],[5.5623,43.4049],[5.5697,43.4074],[5.5775,43.4075],[5.5777,43.408],[5.5771,43.409],[5.5779,43.4101],[5.5777,43.4119],[5.5768,43.414],[5.5761,43.4147],[5.574,43.4151],[5.5697,43.4172],[5.569,43.4186],[5.5697,43.423],[5.5685,43.4262],[5.5682,43.4276],[5.5649,43.43],[5.5647,43.4316],[5.5587,43.4367],[5.558,43.4379],[5.554,43.4417]]]},"properties":{"id_ffco":"2010-D13-56","nom":"Les Euves 2","_dept":"13","numero":"2010-D13-56","commune":"Gréasque","echelle":"1/15000","surface":"7.5 km²","format":"A4","annee":"2010","cartographes":"Delenne Pierre","proprietaire":"13 - Bouches-du-Rhône","niveau":"Régional","specialite":"CO à pied","latitude":"43.419620018","longitude":"5.55685195158","date_saisie":"02/02/2012","date_depot":"21/11/2016","valide":"Oui","ppo":"Non","type_carte":"Nouvelle carte","fond":"Ortho","obsolete":false}},{"type":"Feature","geometry":{"type":"Polygon","coordinates":[[[5.5464,43.5208],[5.5465,43.5226],[5.5447,43.5225],[5.5431,43.5224],[5.5373,43.5225],[5.5371,43.5262],[5.5433,43.5265],[5.5462,43.5274],[5.5497,43.5285],[5.5555,43.5301],[5.5644,43.53],[5.5675,43.5311],[5.5692,43.5313],[5.5708,43.5303],[5.5719,43.5296],[5.5733,43.5261],[5.5725,43.5245],[5.571,43.5238],[5.5686,43.5237],[5.568,43.5232],[5.5658,43.5236],[5.5634,43.524],[5.5602,43.5238],[5.5576,43.524],[5.5559,43.5236],[5.5511,43.5222],[5.5483,43.5215],[5.5464,43.5208]]]},"properties":{"id_ffco":"2009-D13-5","nom":"Harmelins, refuge Cezanne","_dept":"13","numero":"2009-D13-5","commune":"Beaurecueil","echelle":"1/7500","surface":"1.88 km²","format":"A3","annee":"2009","cartographes":"Pierre Delenne","proprietaire":"13 - Bouches-du-Rhône","niveau":"Interrégional","specialite":"CO à pied","contacts":"Département 13 MSV, 04 13 31 57 20, msv@cg13.fr","latitude":"43.5261390997","longitude":"5.55642615537","date_saisie":"02/02/2012","date_depot":"16/06/2017","valide":"Oui","ppo":"Non","type_carte":"Nouvelle carte","fond":"IGN","obsolete":false}},{"type":"Feature","geometry":{"type":"Polygon","coordinates":[[[5.5768,43.6258],[5.5849,43.6258],[5.5849,43.6181],[5.5767,43.618],[5.5768,43.6258]]]},"properties":{"id_ffco":"2010-D13-48","nom":"CPIFP( Le Loubatas)","_dept":"13","numero":"2010-D13-48","commune":"Peyrolles-en-Provence","echelle":"1/5000","surface":"0.57 km²","format":"A5","annee":"2010","cartographes":"Delenne Pierre","proprietaire":"13 - Bouches-du-Rhône","niveau":"Initiation, Scolaire","specialite":"CO à pied","contacts":"Le Loubatas, 04 42 67 06 70, info@loubatas.org, https://www.loubatas.org/le-loubatas/la-course-dorientation/ // Office de Tourisme de Peyrolles, 04 42 57 89 82, accueil.tourisme@mairie-peyrollesenprovence.fr","latitude":"43.6218914515","longitude":"5.5808023948","date_saisie":"02/02/2012","date_depot":"21/11/2016","valide":"Oui","ppo":"Oui (12 postes)","type_carte":"Nouvelle carte","fond":"Ortho","obsolete":false}},{"type":"Feature","geometry":{"type":"Polygon","coordinates":[[[5.4381,43.6519],[5.4353,43.6538],[5.4311,43.655],[5.43,43.6527],[5.4305,43.6499],[5.4338,43.6476],[5.434,43.6452],[5.4363,43.6449],[5.4412,43.6454],[5.4428,43.6473],[5.442,43.65],[5.4388,43.6522],[5.4374,43.653],[5.4363,43.6537],[5.4381,43.6519]]]},"properties":{"id_ffco":"2008-D13-46","nom":"La Quille","_dept":"13","numero":"2008-D13-46","commune":"La Puy Sainte Réparade","echelle":"1/5000","surface":"0.72 km²","format":"A4","annee":"2008","cartographes":"P Delenne","proprietaire":"13 - Bouches-du-Rhône","niveau":"Départemental","specialite":"CO à pied","contacts":"Département 13 MSV, msv@cg13.fr","latitude":"43.6495695296","longitude":"5.43621819848","date_saisie":"01/09/2005","date_depot":"09/09/2005","valide":"Non","ppo":"Oui (45 postes)","url":"https://www.departement13.fr/nos-actions/environnement/parcs-et-domaines-departementaux/la-course-dorientation/","obsolete":false}},{"type":"Feature","geometry":{"type":"Polygon","coordinates":[[[5.5494,43.5275],[5.5495,43.5262],[5.5496,43.525],[5.5499,43.5243],[5.5499,43.5237],[5.5494,43.523],[5.5473,43.5234],[5.5472,43.5245],[5.5469,43.5249],[5.5456,43.5251],[5.5438,43.5249],[5.5432,43.5249],[5.5424,43.5259],[5.5427,43.5263],[5.5493,43.5274],[5.5494,43.5275]]]},"properties":{"id_ffco":"2009-D13-4","nom":"Prairies de Roques Hautes","_dept":"13","numero":"2009-D13-4","commune":"Beaurecueil","echelle":"1/5000","surface":"0.16 km²","format":"A4","annee":"2009","cartographes":"Pierre Delenne","proprietaire":"13 - Bouches-du-Rhône","niveau":"Départemental","specialite":"CO à pied","contacts":"Département 13 MSV, 04 13 31 57 20, msv@cg13.fr","latitude":"43.5254583251","longitude":"5.54701857758","date_saisie":"02/02/2012","valide":"Non","ppo":"Oui","obsolete":false}},{"type":"Feature","geometry":{"type":"Polygon","coordinates":[[[5.5378,43.5281],[5.5384,43.5254],[5.5456,43.5255],[5.5474,43.5249],[5.5482,43.5225],[5.5486,43.5218],[5.5554,43.5234],[5.5565,43.5244],[5.556,43.5278],[5.5559,43.5297],[5.5487,43.5285],[5.5424,43.5283],[5.5376,43.528],[5.5378,43.5281]]]},"properties":{"id_ffco":"2009-D13-4","nom":"Vallon du Marbre","_dept":"13","numero":"2009-D13-4","commune":"Beaurecueil","echelle":"1/7500","surface":"0.73 km²","format":"A4","annee":"2009","cartographes":"Pierre Delenne","proprietaire":"13 - Bouches-du-Rhône","niveau":"Régional","specialite":"CO à pied","contacts":"Département 13 MSV, msv@cg13.fr","latitude":"43.5261778711","longitude":"5.54890743934","date_saisie":"02/02/2012","valide":"Non","ppo":"Non","obsolete":false}},{"type":"Feature","geometry":{"type":"Polygon","coordinates":[[[5.5583,43.2858],[5.5589,43.2846],[5.5602,43.2849],[5.5621,43.2848],[5.5631,43.285],[5.5632,43.2858],[5.5629,43.2865],[5.5622,43.2867],[5.5615,43.287],[5.5605,43.2867],[5.5592,43.2861],[5.5585,43.2859],[5.5583,43.2858]]]},"properties":{"id_ffco":"2012-D13-39","nom":"Aubagne, Parc jean Moulin","_dept":"13","numero":"2012-D13-39","commune":"Aubagne","echelle":"1/2500","surface":"0.07 km²","format":"A4","annee":"2012","cartographes":"S Rozoum","proprietaire":"13 - Bouches-du-Rhône","niveau":"Initiation, Scolaire","specialite":"CO à pied","latitude":"43.2857278139","longitude":"5.56093146748","date_saisie":"01/09/2005","date_depot":"20/09/2005","valide":"Oui","ppo":"Non","type_carte":"Reprise","base":"2012-D13-39 Aubagne, Parc jean Moulin","fond":"Ortho","obsolete":false}},{"type":"Feature","geometry":{"type":"Polygon","coordinates":[[[5.4992,43.6102],[5.4978,43.6043],[5.4953,43.6001],[5.4965,43.6006],[5.4908,43.5964],[5.4973,43.5932],[5.5001,43.593],[5.5014,43.5909],[5.5081,43.5891],[5.5152,43.5925],[5.5184,43.5985],[5.5169,43.601],[5.5153,43.6058],[5.51,43.6074],[5.5076,43.6088],[5.4999,43.6099],[5.4992,43.6102]]]},"properties":{"id_ffco":"2009-D13-38","nom":"Venelles Collet Redon","_dept":"13","numero":"2009-D13-38","commune":"Venelles","echelle":"1/10000","surface":"3.2 km²","format":"A4","annee":"2009","cartographes":"Pierre Delenne","proprietaire":"13 - Bouches-du-Rhône","niveau":"Régional","specialite":"CO à pied","latitude":"43.5993318553","longitude":"5.50587562523","date_saisie":"28/01/2012","valide":"Non","ppo":"Non","obsolete":false}},{"type":"Feature","geometry":{"type":"Polygon","coordinates":[[[5.4955,43.5976],[5.4959,43.594],[5.5051,43.5949],[5.5026,43.5983],[5.4952,43.5978],[5.4952,43.5976],[5.4957,43.5974],[5.4955,43.5976]]]},"properties":{"id_ffco":"2009-D13-37","nom":"PARC DES SPORTS","_dept":"13","numero":"2009-D13-37","commune":"VENELLES","echelle":"1/3000","surface":"0.27 km²","format":"A4","annee":"2009","cartographes":"P Delenne","proprietaire":"13 - Bouches-du-Rhône","niveau":"Initiation, Scolaire","specialite":"CO à pied","contacts":"Mairie de Venelles, 04 42 54 93 32, c.enjalric@venelle.fr","latitude":"43.5961540252","longitude":"5.49974638269","valide":"Non","ppo":"Oui (70 postes)","obsolete":false}},{"type":"Feature","geometry":{"type":"Polygon","coordinates":[[[5.0537,43.4434],[5.0488,43.4423],[5.0495,43.4378],[5.0519,43.4331],[5.0551,43.4289],[5.0584,43.4303],[5.0565,43.4358],[5.0543,43.443],[5.0537,43.4434]]]},"properties":{"id_ffco":"2009-D13-36","nom":"Colline de Figuerolles","_dept":"13","numero":"2009-D13-36","commune":"Martigues","echelle":"1/5000","surface":"0.68 km²","format":"A4","annee":"2009","cartographes":"S Rozoum, P Delenne","proprietaire":"13 - Bouches-du-Rhône","niveau":"Départemental","specialite":"CO à pied","latitude":"43.4365337441","longitude":"5.05344999938","date_saisie":"01/09/2005","date_depot":"20/09/2005","valide":"Non","ppo":"Non","obsolete":false}},{"type":"Feature","geometry":{"type":"Polygon","coordinates":[[[5.5543,43.384],[5.5507,43.3843],[5.5471,43.3837],[5.5458,43.3822],[5.5432,43.3802],[5.5406,43.3779],[5.5386,43.3766],[5.5368,43.3729],[5.5384,43.3714],[5.5456,43.3703],[5.549,43.3681],[5.5515,43.37],[5.5541,43.3748],[5.5563,43.3825],[5.5552,43.3837],[5.5543,43.384]]]},"properties":{"id_ffco":"2011-D13-33","nom":"La Bastidonne","_dept":"13","numero":"2011-D13-33","commune":"Allauch","echelle":"1/5000","surface":"1.72 km²","format":"A4","annee":"2011","cartographes":"P Delenne","proprietaire":"13 - Bouches-du-Rhône","niveau":"Régional","specialite":"CO à pied","contacts":"Département 13 MSV, msv@cg13.fr","latitude":"43.3764952433","longitude":"5.5474929556","date_saisie":"12/02/2012","date_depot":"21/11/2016","valide":"Oui","ppo":"Non","type_carte":"Extrait","base":"2011-D13-114 Domaine Départemental de Pichauris","fond":"Ortho","obsolete":false}},{"type":"Feature","geometry":{"type":"Polygon","coordinates":[[[5.3982,43.3281],[5.3986,43.3273],[5.3991,43.3269],[5.4001,43.3264],[5.3993,43.3258],[5.4003,43.3254],[5.4012,43.326],[5.4022,43.3251],[5.403,43.3248],[5.4033,43.3244],[5.4042,43.3241],[5.4042,43.3252],[5.4037,43.326],[5.4033,43.3266],[5.4041,43.3273],[5.4029,43.3279],[5.4037,43.3291],[5.4034,43.3294],[5.4019,43.3293],[5.4004,43.3288],[5.3992,43.3283],[5.3982,43.3281]]]},"properties":{"id_ffco":"2012-D13-31","nom":"Font Obscure","_dept":"13","numero":"2012-D13-31","commune":"Marseille","echelle":"1/2000","surface":"0.15 km²","format":"A4","annee":"2012","cartographes":"Pierre Delenne","proprietaire":"13 - Bouches-du-Rhône","niveau":"Initiation, Scolaire","specialite":"CO à pied","latitude":"43.3270857818","longitude":"5.40165337013","date_saisie":"02/02/2012","date_depot":"16/06/2017","valide":"Oui","ppo":"Non","type_carte":"Nouvelle carte","fond":"IGN","obsolete":false}},{"type":"Feature","geometry":{"type":"Polygon","coordinates":[[[5.3389,43.492],[5.3353,43.4983],[5.332,43.5031],[5.327,43.5022],[5.3233,43.5021],[5.3152,43.4997],[5.2966,43.5047],[5.285,43.5081],[5.2781,43.5034],[5.2716,43.4983],[5.2706,43.4956],[5.2718,43.4855],[5.2745,43.4814],[5.2757,43.4782],[5.2836,43.4787],[5.2905,43.4723],[5.2934,43.4698],[5.321,43.4707],[5.3221,43.4754],[5.3212,43.4833],[5.3269,43.4863],[5.3363,43.489],[5.3394,43.4914],[5.3389,43.492]]]},"properties":{"id_ffco":"2010-D13-30","nom":"Domaine de l'Arbois","_dept":"13","numero":"2010-D13-30","commune":"Les Milles/Aix-en-Provence","echelle":"1/15000","surface":"15.6 km²","format":"A3","annee":"2010","cartographes":"Delenne Pierre","proprietaire":"13 - Bouches-du-Rhône","niveau":"Interrégional","specialite":"CO à pied","latitude":"43.4889265184","longitude":"5.30180349003","date_saisie":"02/02/2012","date_depot":"21/11/2016","valide":"Oui","ppo":"Oui (26 postes)","type_carte":"Nouvelle carte","fond":"Ortho","obsolete":false}},{"type":"Feature","geometry":{"type":"Polygon","coordinates":[[[5.5536,43.4429],[5.5563,43.4443],[5.5586,43.4451],[5.56,43.4456],[5.5637,43.4472],[5.564,43.4432],[5.5625,43.4395],[5.5601,43.436],[5.557,43.4391],[5.5536,43.4427],[5.5537,43.4428],[5.5536,43.4429]]]},"properties":{"id_ffco":"2007-D13-3","nom":"Foret Communale de Fuveau","_dept":"13","numero":"2007-D13-3","commune":"Fuveau","echelle":"1/5000","surface":"0.55 km²","format":"A4","annee":"2007","cartographes":"Pierre Delenne","proprietaire":"13 - Bouches-du-Rhône","niveau":"Départemental","specialite":"CO à pied","latitude":"43.4419761633","longitude":"5.55963703287","date_saisie":"02/02/2012","valide":"Non","ppo":"Non","obsolete":false}},{"type":"Feature","geometry":{"type":"Polygon","coordinates":[[[5.1903,43.5621],[5.2101,43.5623],[5.2102,43.5561],[5.2081,43.5558],[5.2058,43.5559],[5.2042,43.5557],[5.2028,43.5552],[5.1995,43.5546],[5.1953,43.5543],[5.1941,43.5546],[5.1925,43.5546],[5.1929,43.5553],[5.1931,43.5566],[5.192,43.5595],[5.1909,43.5606],[5.1903,43.5614],[5.1903,43.5621]]]},"properties":{"id_ffco":"2010-D13-28","nom":"Le Castellas","_dept":"13","numero":"2010-D13-28","commune":"La Fare-les-Oliviers","echelle":"1/5000","surface":"1.16 km²","format":"A4","annee":"2010","cartographes":"Delenne Pierre","proprietaire":"13 - Bouches-du-Rhône","niveau":"Départemental","specialite":"CO à pied","contacts":"Mairie La Fare, 04 90 45 46 41, sport-asso-jeunesse@lafarelesoliviers.fr, https://www.lafarelesoliviers.com/circuits-orientation","latitude":"43.558726212","longitude":"5.20066150596","date_saisie":"02/02/2012","date_depot":"21/11/2016","valide":"Oui","ppo":"Non","type_carte":"Extrait","base":"2000-D13-1023 La Fare Les Oliviers","fond":"Ortho","obsolete":false}},{"type":"Feature","geometry":{"type":"Polygon","coordinates":[[[5.4466,43.5327],[5.4477,43.5328],[5.4509,43.5324],[5.4529,43.5299],[5.455,43.5283],[5.4551,43.5279],[5.455,43.5267],[5.4549,43.5253],[5.4532,43.5244],[5.4486,43.5241],[5.4468,43.5241],[5.4458,43.5261],[5.4419,43.5234],[5.4372,43.5237],[5.4381,43.525],[5.4394,43.5261],[5.441,43.526],[5.442,43.5269],[5.4421,43.5274],[5.4432,43.5273],[5.4442,43.5293],[5.4443,43.5303],[5.4439,43.531],[5.4439,43.5313],[5.4465,43.5325],[5.4466,43.5327]]]},"properties":{"id_ffco":"2009-D13-27","nom":"Aix Centre","_dept":"13","numero":"2009-D13-27","commune":"Aix-en-Provence","echelle":"1/4000","surface":"0.84 km²","format":"A4","annee":"2009","cartographes":"Jean-Luc Grauer, Gilles Macherey","proprietaire":"1307 - ATHLETIC CLUB AURELIEN","niveau":"Régional","specialite":"CO à pied","latitude":"43.5276361628","longitude":"5.44769583984","date_saisie":"02/02/2012","date_depot":"16/06/2017","valide":"Oui","ppo":"Non","type_carte":"Nouvelle carte","fond":"Cadastre","obsolete":false}},{"type":"Feature","geometry":{"type":"Polygon","coordinates":[[[5.5229,43.6401],[5.5195,43.6396],[5.5176,43.6382],[5.5171,43.6358],[5.5184,43.6353],[5.52,43.6349],[5.5214,43.6334],[5.523,43.6335],[5.5253,43.6342],[5.5249,43.6365],[5.5233,43.6401],[5.5229,43.6401]]]},"properties":{"id_ffco":"2009-D13-26","nom":"Meyrargues le Plateau","_dept":"13","numero":"2009-D13-26","commune":"Meyrargues","echelle":"1/5000","surface":"0.34 km²","format":"A4","annee":"2009","cartographes":"Delenne Pierre","proprietaire":"13 - Bouches-du-Rhône","niveau":"Initiation, Scolaire","specialite":"CO à pied","latitude":"43.6367783524","longitude":"5.5214114239","date_saisie":"02/02/2012","valide":"Non","ppo":"Non","obsolete":false}},{"type":"Feature","geometry":{"type":"Polygon","coordinates":[[[5.5232,43.6399],[5.5193,43.6391],[5.5169,43.6365],[5.5171,43.6334],[5.5143,43.6307],[5.5109,43.6312],[5.5062,43.6323],[5.5032,43.6319],[5.5002,43.6293],[5.497,43.6258],[5.4942,43.6248],[5.4939,43.6211],[5.4961,43.6185],[5.5049,43.6183],[5.508,43.6214],[5.5117,43.6215],[5.5186,43.624],[5.5208,43.6288],[5.5227,43.6333],[5.5275,43.6347],[5.525,43.6399],[5.5232,43.6399]]]},"properties":{"id_ffco":"2009-D13-25","nom":"Meyrargues les Traversières","_dept":"13","numero":"2009-D13-25","commune":"Meyrargues","echelle":"1/10000","surface":"2.86 km²","format":"A4","annee":"2009","cartographes":"Delenne Pierre","proprietaire":"13 - Bouches-du-Rhône","niveau":"National, International","specialite":"CO à pied","latitude":"43.6275875092","longitude":"5.50997343528","date_saisie":"02/02/2012","valide":"Non","ppo":"Non","obsolete":false}},{"type":"Feature","geometry":{"type":"Polygon","coordinates":[[[5.4812,43.3364],[5.4802,43.3359],[5.4808,43.3348],[5.4844,43.3333],[5.4875,43.333],[5.4899,43.3325],[5.4953,43.3314],[5.4997,43.3357],[5.4898,43.3394],[5.4842,43.3382],[5.4814,43.3366],[5.4812,43.3364]]]},"properties":{"id_ffco":"2009-D13-23","nom":"Allauch","_dept":"13","numero":"2009-D13-23","commune":"Allauch","echelle":"1/5000","surface":"0.83 km²","format":"A4","annee":"2009","cartographes":"Delenne Pierre","proprietaire":"13 - Bouches-du-Rhône","niveau":"Régional","specialite":"CO à pied","latitude":"43.3354667615","longitude":"5.490035904","date_saisie":"02/02/2012","valide":"Non","ppo":"Non","type_carte":"Nouvelle carte","fond":"IGN","obsolete":false}},{"type":"Feature","geometry":{"type":"Polygon","coordinates":[[[5.4782,43.3362],[5.4776,43.3357],[5.478,43.3352],[5.48,43.3343],[5.4817,43.3339],[5.4832,43.3333],[5.4844,43.3324],[5.4864,43.332],[5.4875,43.3344],[5.4884,43.3354],[5.4857,43.3368],[5.4842,43.3375],[5.4837,43.3376],[5.4828,43.3369],[5.4804,43.3364],[5.4794,43.3363],[5.4782,43.3362]]]},"properties":{"id_ffco":"2009-D13-22","nom":"village d'Allauch","_dept":"13","numero":"2009-D13-22","commune":"Allauch","echelle":"1/4000","surface":"0.28 km²","format":"A4","annee":"2009","cartographes":"Delenne Pierre","proprietaire":"13 - Bouches-du-Rhône","niveau":"Régional","specialite":"Sprint (ISSOM)","latitude":"43.335008114","longitude":"5.48359782417","date_saisie":"02/02/2012","date_depot":"16/06/2017","valide":"Non","ppo":"Non","obsolete":false}},{"type":"Feature","geometry":{"type":"Polygon","coordinates":[[[5.4514,43.2395],[5.4502,43.2251],[5.4435,43.2191],[5.4356,43.2205],[5.4263,43.2261],[5.4241,43.2372],[5.4257,43.241],[5.449,43.2398],[5.4514,43.2395]]]},"properties":{"id_ffco":"2007-D13-21","nom":"Luminy","_dept":"13","numero":"2007-D13-21","commune":"Marseille","echelle":"1/10000","surface":"4.24 km²","format":"A4","annee":"2007","cartographes":"Alain Pellegry","proprietaire":"13 - Bouches-du-Rhône","niveau":"Départemental","specialite":"CO à pied","latitude":"43.2311885034","longitude":"5.43817285784","date_saisie":"02/02/2012","valide":"Non","ppo":"Non","obsolete":false}},{"type":"Feature","geometry":null,"properties":{"id_ffco":"2026-D13-2001","nom":"xx","_dept":"13","numero":"2026-D13-2001","surface":"None km²","annee":"2026","date_saisie":"22/01/2026","valide":"Non","ppo":"Non","obsolete":false}},{"type":"Feature","geometry":{"type":"Polygon","coordinates":[[[5.3365,43.5044],[5.3282,43.5027],[5.3243,43.5016],[5.3219,43.496],[5.3195,43.4904],[5.3176,43.4856],[5.32,43.4851],[5.3238,43.4844],[5.331,43.4868],[5.3396,43.4888],[5.3385,43.4945],[5.337,43.5038],[5.3365,43.5044]]]},"properties":{"id_ffco":"2010-D13-200","nom":"Europole de l'Arbois","_dept":"13","numero":"2010-D13-200","commune":"Aix les Milles","echelle":"1/10000","surface":"2.6 km²","format":"A4","annee":"2010","cartographes":"P Delenne","proprietaire":"13 - Bouches-du-Rhône","niveau":"Régional","specialite":"CO à pied","contacts":"CDCO13, cd.bouches-du-rhone@ffcorientation.fr // Département 13 MSV, msv@cg13.fr","latitude":"43.4938637676","longitude":"5.3293507036","date_saisie":"12/02/2012","date_depot":"02/11/2016","valide":"Oui","ppo":"Non","type_carte":"Nouvelle carte","fond":"Ortho","obsolete":false}},{"type":"Feature","geometry":{"type":"Polygon","coordinates":[[[5.5353,43.3708],[5.5311,43.3694],[5.5255,43.368],[5.527,43.3622],[5.538,43.3616],[5.5483,43.3622],[5.5493,43.3677],[5.5445,43.3702],[5.5344,43.3709],[5.5353,43.3708]]]},"properties":{"id_ffco":"2011-D13-20","nom":"Ferme de Pichauris","_dept":"13","numero":"2011-D13-20","commune":"Allauch","echelle":"1/5000","surface":"1.61 km²","format":"A4","annee":"2011","cartographes":"P Delenne","proprietaire":"13 - Bouches-du-Rhône","niveau":"Régional","specialite":"CO à pied","contacts":"Département 13 MSV, msv@cg13.fr","latitude":"43.3659484578","longitude":"5.53765958275","date_saisie":"12/02/2012","date_depot":"21/11/2016","valide":"Oui","ppo":"Oui (60 postes)","type_carte":"Extrait","base":"2011-D13-114 Domaine Départemental de Pichauris","fond":"Ortho","url":"https://www.departement13.fr/nos-actions/environnement/parcs-et-domaines-departementaux/la-course-dorientation/","obsolete":false}},{"type":"Feature","geometry":{"type":"Polygon","coordinates":[[[5.3975,43.3073],[5.398,43.3078],[5.3985,43.3076],[5.3987,43.3066],[5.398,43.3056],[5.3975,43.3044],[5.3971,43.304],[5.3967,43.3037],[5.3955,43.3039],[5.3945,43.3036],[5.3932,43.3038],[5.3933,43.3046],[5.3942,43.3049],[5.3956,43.3055],[5.3967,43.306],[5.3973,43.307],[5.3975,43.3073]]]},"properties":{"id_ffco":"2008-D13-17","nom":"Parc Longchamp","_dept":"13","numero":"2008-D13-17","commune":"Marseille","echelle":"1/2000","surface":"0.09 km²","format":"A4","annee":"2008","cartographes":"Pierre Delenne","proprietaire":"13 - Bouches-du-Rhône","niveau":"Initiation, Scolaire","specialite":"CO à pied","contacts":"Inspection Académie","latitude":"43.3051937207","longitude":"5.39630918821","date_saisie":"02/02/2012","date_depot":"16/06/2017","valide":"Oui","ppo":"Non","type_carte":"Nouvelle carte","fond":"IGN","obsolete":false}},{"type":"Feature","geometry":{"type":"Polygon","coordinates":[[[4.7401,43.8991],[4.7418,43.9],[4.7434,43.9012],[4.7451,43.902],[4.7504,43.9026],[4.7518,43.9026],[4.7528,43.9022],[4.7548,43.9018],[4.7553,43.9012],[4.7543,43.9003],[4.7523,43.8998],[4.7515,43.897],[4.7497,43.8954],[4.748,43.895],[4.743,43.8948],[4.7432,43.8956],[4.7414,43.896],[4.7413,43.8965],[4.7415,43.897],[4.7412,43.8975],[4.741,43.898],[4.7401,43.8985],[4.7401,43.8991]]]},"properties":{"id_ffco":"2011-D13-164","nom":"Barbentane Village","_dept":"13","numero":"2011-D13-164","commune":"Barbentane","echelle":"1/5000","surface":"0.68 km²","format":"A4","annee":"2011","cartographes":"Daniel Seckler","proprietaire":"13 - Bouches-du-Rhône","niveau":"National, International","specialite":"CO à pied","latitude":"43.898859146","longitude":"4.74723688807","date_saisie":"29/12/2015","date_depot":"22/01/2016","valide":"Oui","ppo":"Non","type_carte":"Nouvelle carte","fond":"Cadastre","obsolete":false}},{"type":"Feature","geometry":{"type":"Polygon","coordinates":[[[5.3789,43.2613],[5.3811,43.2572],[5.3847,43.2589],[5.3846,43.2608],[5.3835,43.2627],[5.3804,43.262],[5.3789,43.2613]]]},"properties":{"id_ffco":"2008-D13-16","nom":"PARC BORELY","_dept":"13","numero":"2008-D13-16","commune":"MARSEILLE","echelle":"1/3000","surface":"0.18 km²","format":"A4","annee":"2008","cartographes":"Colette Jouve","proprietaire":"13 - Bouches-du-Rhône","niveau":"Initiation, Scolaire","specialite":"CO à pied","contacts":"Inspection Académie","latitude":"43.2601524675","longitude":"5.38204914886","date_depot":"16/06/2017","valide":"Oui","ppo":"Non","type_carte":"Nouvelle carte","fond":"IGN","obsolete":false}},{"type":"Feature","geometry":{"type":"Polygon","coordinates":[[[5.4927,43.5983],[5.4932,43.5968],[5.4937,43.5944],[5.4971,43.5932],[5.5033,43.5928],[5.5095,43.5928],[5.5102,43.601],[5.5093,43.6029],[5.4977,43.6027],[5.4929,43.5986],[5.4927,43.5983]]]},"properties":{"id_ffco":"2020-D13-15","nom":"Collet Redon 5000","_dept":"13","numero":"2020-D13-15","commune":"Venelles","echelle":"1/5000","surface":"1.37 km²","format":"A4","annee":"2020","cartographes":"Pierre Delenne","proprietaire":"13 - Bouches-du-Rhône","niveau":"Départemental","specialite":"CO à pied","contacts":"Mairie Venelles, 04 42 54 93 32, c.enjalric@venelles.fr","latitude":"43.5977619021","longitude":"5.50212905302","date_saisie":"02/02/2012","date_depot":"21/11/2016","valide":"Oui","ppo":"Oui (60 postes)","type_carte":"Nouvelle carte","fond":"Ortho","url":"https://venelles.fr/sport-associations/sport/equipements/","obsolete":false}},{"type":"Feature","geometry":{"type":"Polygon","coordinates":[[[5.5291,43.5215],[5.5308,43.5224],[5.5323,43.5235],[5.533,43.5252],[5.5277,43.5257],[5.5236,43.5266],[5.5198,43.5271],[5.52,43.5251],[5.5217,43.5247],[5.5236,43.5239],[5.5241,43.5215],[5.5272,43.5214],[5.5291,43.5215]]]},"properties":{"id_ffco":"2009-D13-14","nom":"Plaine de Toscan","_dept":"13","numero":"2009-D13-14","commune":"Le Tholonet","echelle":"1/5000","surface":"0.39 km²","format":"A4","annee":"2009","cartographes":"Pierre Delenne","proprietaire":"13 - Bouches-du-Rhône","niveau":"Départemental","specialite":"CO à pied","contacts":"Département 13 MSV, 04 13 31 57 20, msv@cg13.fr","latitude":"43.5241857603","longitude":"5.52650012565","date_saisie":"02/02/2012","valide":"Non","ppo":"Oui","url":"https://www.departement13.fr/nos-actions/environnement/parcs-et-domaines-departementaux/la-course-dorientation/","obsolete":false}},{"type":"Feature","geometry":{"type":"Polygon","coordinates":[[[5.5738,43.2747],[5.5721,43.2744],[5.5714,43.2744],[5.5707,43.2745],[5.5687,43.2759],[5.5703,43.2769],[5.5698,43.2773],[5.5703,43.2776],[5.5735,43.2757],[5.5743,43.2757],[5.574,43.2747],[5.5738,43.2747]]]},"properties":{"id_ffco":"2010-D13-139","nom":"Bois de l'Espalère","_dept":"13","numero":"2010-D13-139","commune":"Aubagne","echelle":"1/2000","surface":"0.08 km²","format":"A4","annee":"2010","cartographes":"S Rozoum","proprietaire":"1316 - GEMENOS AVENTURES ET DECOUVERTE","niveau":"Initiation, Scolaire","specialite":"CO à pied","latitude":"43.2756895406","longitude":"5.57140782705","date_saisie":"12/02/2012","date_depot":"21/11/2016","valide":"Oui","ppo":"Non","type_carte":"Nouvelle carte","fond":"Ortho","obsolete":false}},{"type":"Feature","geometry":{"type":"Polygon","coordinates":[[[5.4347,43.4709],[5.432,43.4755],[5.4319,43.4766],[5.4322,43.4776],[5.4342,43.4777],[5.4366,43.4777],[5.4376,43.4784],[5.4373,43.482],[5.4423,43.4802],[5.4451,43.4793],[5.4499,43.4782],[5.4521,43.4774],[5.4528,43.4767],[5.453,43.4758],[5.4518,43.4753],[5.4508,43.4749],[5.4511,43.474],[5.4523,43.4732],[5.4535,43.473],[5.4532,43.4719],[5.4512,43.4708],[5.4563,43.4714],[5.4572,43.4702],[5.4576,43.4692],[5.4583,43.466],[5.458,43.4624],[5.4572,43.4595],[5.4427,43.4592],[5.441,43.4636],[5.4393,43.4668],[5.4347,43.4709]]]},"properties":{"id_ffco":"2013-D13-138","nom":"Valabre - commune de Gardanne","_dept":"13","numero":"2013-D13-138","commune":"Gardanne","echelle":"1/10000","surface":"3.32 km²","format":"A4","annee":"2013","cartographes":"Pierre Delenne","proprietaire":"13 - Bouches-du-Rhône","niveau":"Régional","specialite":"CO à pied","contacts":"Mairie Gardanne, 04 42 65 77 05","latitude":"43.4696979791","longitude":"5.4459863128","date_saisie":"02/11/2016","date_depot":"09/11/2016","valide":"Oui","ppo":"Oui (150 postes)","type_carte":"Nouvelle carte","fond":"Ortho","obsolete":false}},{"type":"Feature","geometry":{"type":"Polygon","coordinates":[[[5.6272,43.5839],[5.6274,43.5795],[5.6313,43.5798],[5.6334,43.5796],[5.6348,43.5796],[5.6372,43.579],[5.6388,43.5789],[5.6419,43.5787],[5.6459,43.5786],[5.6502,43.5781],[5.6559,43.5775],[5.6556,43.5787],[5.6561,43.5813],[5.6577,43.5832],[5.6589,43.5841],[5.6589,43.5854],[5.658,43.5878],[5.6538,43.5868],[5.6502,43.5868],[5.6466,43.5938],[5.6434,43.5924],[5.6393,43.5904],[5.6364,43.589],[5.6333,43.5873],[5.6318,43.5869],[5.6287,43.5858],[5.6269,43.5855],[5.6272,43.5839]]]},"properties":{"id_ffco":"2016-D13-137","nom":"Domaine départemental du Taulisson","_dept":"13","numero":"2016-D13-137","commune":"Jouques","echelle":"1/10000","surface":"2.73 km²","format":"A4","annee":"2016","cartographes":"Pierre Delenne","proprietaire":"13 - Bouches-du-Rhône","niveau":"Régional","specialite":"CO à pied","latitude":"43.5841889177","longitude":"5.64318354085","date_saisie":"17/10/2016","date_depot":"09/11/2016","valide":"Oui","ppo":"Non","type_carte":"Nouvelle carte","fond":"Ortho","obsolete":false}},{"type":"Feature","geometry":{"type":"Polygon","coordinates":[[[4.6297,43.6704],[4.6323,43.671],[4.6325,43.6709],[4.6328,43.671],[4.6329,43.6711],[4.633,43.6711],[4.6344,43.6688],[4.6304,43.6685],[4.6297,43.6704]]]},"properties":{"id_ffco":"2016-D13-136","nom":"Complexe sportif Fournier-Arles","_dept":"13","numero":"2016-D13-136","commune":"Arles","echelle":"1/1500","surface":"0.07 km²","format":"A4","annee":"2016","cartographes":"Seckler Daniel","proprietaire":"13 - Bouches-du-Rhône","niveau":"Initiation, Scolaire","specialite":"CO à pied","latitude":"43.6697016924","longitude":"4.6319339065","date_saisie":"24/07/2016","date_depot":"02/11/2016","valide":"Oui","ppo":"Non","type_carte":"Nouvelle carte","fond":"Cadastre","obsolete":false}},{"type":"Feature","geometry":{"type":"Polygon","coordinates":[[[5.5644,43.4306],[5.5644,43.4314],[5.554,43.4415],[5.5568,43.4446],[5.5578,43.4443],[5.5593,43.4448],[5.5595,43.4452],[5.5614,43.4466],[5.5635,43.4475],[5.5664,43.4476],[5.5709,43.448],[5.5757,43.4465],[5.5752,43.4374],[5.5696,43.4341],[5.5677,43.4307],[5.5644,43.4306]]]},"properties":{"id_ffco":"2016-D13-133","nom":"fuveau les planes 1/10000","_dept":"13","numero":"2016-D13-133","commune":"fuveau","echelle":"1/10000","surface":"2.19 km²","format":"A4","annee":"2016","cartographes":"Pierre Delenne","proprietaire":"PZ - Provence-Alpes-Côte d'Azur","niveau":"Départemental","specialite":"CO à pied","latitude":"43.440448632","longitude":"5.56615291678","date_saisie":"09/05/2016","date_depot":"04/10/2016","valide":"Oui","ppo":"Non","type_carte":"Reprise","base":"1985-D13- GALERE","fond":"Ortho","obsolete":false}},{"type":"Feature","geometry":{"type":"Polygon","coordinates":[[[5.5546,43.4414],[5.5563,43.4441],[5.5595,43.4443],[5.5595,43.4452],[5.5629,43.447],[5.5659,43.447],[5.5662,43.445],[5.5641,43.4403],[5.5642,43.4371],[5.5662,43.4347],[5.5662,43.4324],[5.5641,43.432],[5.5585,43.4362],[5.5576,43.4376],[5.5559,43.4388],[5.5546,43.4408],[5.5546,43.4414]]]},"properties":{"id_ffco":"2016-D13-132","nom":"Forêt Communale de fuveau","_dept":"13","numero":"2016-D13-132","commune":"Fuveau","echelle":"1/5000","surface":"0.93 km²","format":"A4","annee":"2016","cartographes":"Pierre Delenne","proprietaire":"13 - Bouches-du-Rhône","niveau":"Initiation, Scolaire","specialite":"CO à pied","contacts":"Office de Tourisme de Fuveau, 04 42 50 49 77, contact@fuveau-tourisme.com","latitude":"43.440128358","longitude":"5.56124317212","date_saisie":"09/05/2016","date_depot":"02/11/2016","valide":"Oui","ppo":"Oui (60 postes)","type_carte":"Extrait","base":"2016-D13-133 fuveau les planes 1/10000","fond":"Ortho","obsolete":false}},{"type":"Feature","geometry":{"type":"Polygon","coordinates":[[[4.745,43.898],[4.7407,43.899],[4.7373,43.8986],[4.7338,43.8993],[4.7242,43.899],[4.7179,43.8965],[4.712,43.8947],[4.7067,43.8932],[4.7045,43.8908],[4.7062,43.8896],[4.7064,43.885],[4.705,43.8806],[4.7031,43.8804],[4.6986,43.8793],[4.6937,43.8769],[4.6897,43.8673],[4.6906,43.8651],[4.6943,43.8631],[4.6952,43.8598],[4.6926,43.8552],[4.6868,43.8509],[4.6811,43.8465],[4.6834,43.8451],[4.6842,43.8406],[4.6806,43.8322],[4.6806,43.8301],[4.6811,43.8254],[4.6852,43.8245],[4.6864,43.827],[4.6887,43.827],[4.6907,43.8231],[4.7024,43.826],[4.7108,43.8302],[4.7165,43.8339],[4.727,43.8381],[4.7345,43.8408],[4.7434,43.8441],[4.7397,43.8483],[4.7366,43.8541],[4.733,43.8582],[4.7292,43.8597],[4.7283,43.8619],[4.7299,43.8714],[4.7319,43.8746],[4.7345,43.8792],[4.7366,43.8842],[4.7385,43.888],[4.7417,43.8896],[4.7434,43.8959],[4.745,43.898]]]},"properties":{"id_ffco":"2016-D13-131","nom":"Montagnette VTT","_dept":"13","numero":"2016-D13-131","commune":"Tarascon","echelle":"1/15000","surface":"25.45 km²","format":"+","annee":"2016","cartographes":"D. Seckler","proprietaire":"13 - Bouches-du-Rhône","niveau":"National, International","specialite":"CO à VTT","latitude":"43.8603067835","longitude":"4.71234066113","date_saisie":"05/03/2016","date_depot":"04/10/2016","valide":"Oui","ppo":"Non","type_carte":"Reprise","base":"2014-D13-122 La Montagnette-Frigolet","fond":"Ortho","obsolete":false}},{"type":"Feature","geometry":{"type":"Polygon","coordinates":[[[5.5375,43.2281],[5.5361,43.2287],[5.5348,43.2288],[5.5331,43.229],[5.5321,43.2289],[5.5309,43.2289],[5.5304,43.2295],[5.5294,43.23],[5.5284,43.2318],[5.5316,43.234],[5.5345,43.2348],[5.5388,43.2364],[5.5403,43.2346],[5.54,43.2337],[5.5393,43.2331],[5.5384,43.2325],[5.5378,43.2318],[5.5388,43.2309],[5.5394,43.2303],[5.5397,43.2298],[5.5375,43.2281]]]},"properties":{"id_ffco":"2015-D13-130","nom":"Vallon du Mussuguet","_dept":"13","numero":"2015-D13-130","commune":"Cassis","echelle":"1/4000","surface":"0.53 km²","format":"A4","annee":"2015","cartographes":"Pierre Delenne","proprietaire":"13 - Bouches-du-Rhône","niveau":"Initiation, Scolaire","specialite":"CO à pied","latitude":"43.2319606788","longitude":"5.53482995868","date_saisie":"04/02/2016","date_depot":"04/10/2016","valide":"Oui","ppo":"Non","type_carte":"Reprise","base":"2003-D13-1012 Collège des Gorguettes","fond":"Ortho","obsolete":false}},{"type":"Feature","geometry":{"type":"Polygon","coordinates":[[[5.2036,43.4169],[5.2047,43.4172],[5.2044,43.4177],[5.204,43.4182],[5.205,43.4184],[5.206,43.4187],[5.2073,43.4191],[5.2077,43.4184],[5.2083,43.4184],[5.2085,43.4181],[5.2061,43.4175],[5.2065,43.4168],[5.2039,43.4163],[5.2036,43.4169]]]},"properties":{"id_ffco":"2015-D13-129","nom":"Parc Ferrage","_dept":"13","numero":"2015-D13-129","commune":"Marignane","echelle":"1/2500","surface":"0.06 km²","format":"A4","annee":"2015","cartographes":"Pierre Delenne","proprietaire":"13 - Bouches-du-Rhône","niveau":"Initiation, Scolaire","specialite":"CO à pied","latitude":"43.4177094041","longitude":"5.20581399598","date_saisie":"09/11/2015","date_depot":"22/01/2016","valide":"Oui","ppo":"Non","type_carte":"Nouvelle carte","fond":"Cadastre","obsolete":false}},{"type":"Feature","geometry":{"type":"Polygon","coordinates":[[[5.6729,43.2339],[5.6707,43.2346],[5.6687,43.2365],[5.6662,43.2379],[5.6644,43.2379],[5.6631,43.2373],[5.6603,43.2392],[5.6593,43.2408],[5.6604,43.2435],[5.6618,43.2457],[5.6628,43.2474],[5.6651,43.249],[5.6663,43.251],[5.6683,43.2524],[5.6694,43.2534],[5.6698,43.2555],[5.672,43.2549],[5.6747,43.2543],[5.6788,43.2539],[5.6821,43.2539],[5.6852,43.2539],[5.6874,43.2536],[5.6915,43.2514],[5.6948,43.2508],[5.6989,43.2498],[5.7012,43.2481],[5.7025,43.2466],[5.7036,43.2436],[5.7043,43.2415],[5.7003,43.2413],[5.6947,43.241],[5.6895,43.24],[5.6865,43.2383],[5.6813,43.2364],[5.6794,43.2355],[5.6729,43.2339]]]},"properties":{"id_ffco":"2015-D13-128","nom":"Domaine Départemental de Fontblanche","_dept":"13","numero":"2015-D13-128","commune":"Cuges les Pins","echelle":"1/10000","surface":"5.32 km²","format":"A3","annee":"2015","cartographes":"Pierre Delenne","proprietaire":"13 - Bouches-du-Rhône","niveau":"Régional","specialite":"CO à pied","latitude":"43.2448901296","longitude":"5.67996545394","date_saisie":"16/10/2015","date_depot":"22/01/2016","valide":"Oui","ppo":"Non","type_carte":"Reprise","base":"1985-D13-50 FORET DE FONT BLANCHE","fond":"Ortho","obsolete":false}},{"type":"Feature","geometry":{"type":"Polygon","coordinates":[[[4.9817,43.4642],[4.989,43.4617],[4.9939,43.4588],[4.9944,43.449],[4.9875,43.4454],[4.988,43.4434],[4.9879,43.4411],[4.9781,43.4415],[4.978,43.4433],[4.9788,43.4445],[4.979,43.4457],[4.9779,43.4474],[4.9749,43.4499],[4.9745,43.4522],[4.9746,43.4545],[4.9744,43.4557],[4.9817,43.4642]]]},"properties":{"id_ffco":"2015-D13-127","nom":"castillon 10000","_dept":"13","numero":"2015-D13-127","commune":"Port de bouc","echelle":"1/10000","surface":"2.92 km²","format":"A4","annee":"2015","cartographes":"Pierre Delenne","proprietaire":"13 - Bouches-du-Rhône","niveau":"Régional","specialite":"CO à pied","contacts":"CDCO13, cd.bouches-du-rhone@ffcorientation.fr","latitude":"43.4526681817","longitude":"4.98439556005","date_saisie":"12/06/2015","date_depot":"29/07/2015","valide":"Oui","ppo":"Non","type_carte":"Extrait","base":"2012-D13-1003 Domaine forestier de Castillon","fond":"Ortho","obsolete":false}},{"type":"Feature","geometry":{"type":"Polygon","coordinates":[[[5.524,43.5212],[5.5241,43.5224],[5.5232,43.5233],[5.521,43.5247],[5.5178,43.5249],[5.5157,43.5249],[5.511,43.525],[5.5093,43.526],[5.5082,43.5271],[5.5085,43.528],[5.5099,43.5289],[5.5109,43.5298],[5.5108,43.5308],[5.5093,43.5322],[5.5082,43.533],[5.5076,43.534],[5.5082,43.5356],[5.509,43.5365],[5.5142,43.5376],[5.5164,43.5382],[5.5176,43.539],[5.5193,43.5392],[5.5213,43.5395],[5.5243,43.5397],[5.5289,43.5411],[5.5335,43.5414],[5.5348,43.5415],[5.5365,43.541],[5.5367,43.5393],[5.5387,43.5386],[5.5409,43.5372],[5.5471,43.5319],[5.5433,43.5305],[5.5384,43.532],[5.5339,43.5318],[5.5329,43.5282],[5.5414,43.5266],[5.5406,43.5253],[5.5392,43.5237],[5.5348,43.5234],[5.5322,43.5233],[5.531,43.5224],[5.5304,43.5214],[5.5258,43.521],[5.524,43.5212]]]},"properties":{"id_ffco":"2015-D13-125","nom":"Lac Zola, Le Toscan","_dept":"13","numero":"2015-D13-125","commune":"Le Tholonet","echelle":"1/10000","surface":"4.39 km²","format":"A3","annee":"2015","cartographes":"Pierre Delenne","proprietaire":"13 - Bouches-du-Rhône","niveau":"Interrégional","specialite":"CO à pied","contacts":"Département 13 MSV, 04 13 31 57 20, msv@cg13.fr","latitude":"43.5317099065","longitude":"5.52590337999","date_saisie":"06/05/2015","date_depot":"22/01/2016","valide":"Oui","ppo":"Non","type_carte":"Reprise","base":"2008-D13-9 domaine de Roques Hautes","fond":"Ortho","obsolete":false}},{"type":"Feature","geometry":{"type":"Polygon","coordinates":[[[5.4979,43.6107],[5.4972,43.6025],[5.4915,43.5975],[5.4934,43.5932],[5.4999,43.5905],[5.5084,43.5877],[5.506,43.5854],[5.5034,43.5847],[5.5008,43.5828],[5.507,43.5778],[5.5188,43.5744],[5.5252,43.5743],[5.5319,43.5743],[5.5398,43.5723],[5.5473,43.5716],[5.5508,43.5736],[5.5532,43.5775],[5.5535,43.5824],[5.5554,43.5874],[5.558,43.5905],[5.5595,43.5958],[5.5581,43.5998],[5.5504,43.6033],[5.5475,43.6063],[5.5415,43.608],[5.5341,43.6106],[5.5211,43.6089],[5.5152,43.6089],[5.509,43.6092],[5.4979,43.6107]]]},"properties":{"id_ffco":"2015-D13-124","nom":"Venelles Le Ligourès","_dept":"13","numero":"2015-D13-124","commune":"Venelles","echelle":"1/15000","surface":"17.19 km²","format":"A3","annee":"2015","cartographes":"SH O Cart, Pierre Delenne","proprietaire":"13 - Bouches-du-Rhône","niveau":"Interrégional","specialite":"CO à pied","contacts":"CDCO13, cd.bouches-du-rhone@ffcorientation.fr","latitude":"43.5922355675","longitude":"5.52718282984","date_saisie":"16/03/2015","date_depot":"27/01/2016","valide":"Oui","ppo":"Non","type_carte":"Reprise","base":"1992-D13- Collet Redon","fond":"Ortho","obsolete":false}},{"type":"Feature","geometry":{"type":"Polygon","coordinates":[[[5.6724,43.2341],[5.6699,43.235],[5.6682,43.2369],[5.6672,43.2378],[5.6647,43.2379],[5.6632,43.2375],[5.6617,43.2387],[5.6612,43.2385],[5.6609,43.2375],[5.6599,43.2374],[5.6585,43.2374],[5.6576,43.2378],[5.6559,43.2379],[5.6542,43.2384],[5.6535,43.2383],[5.6524,43.2368],[5.651,43.2365],[5.6512,43.2353],[5.6519,43.2332],[5.654,43.2327],[5.6554,43.2327],[5.6585,43.2332],[5.6613,43.2339],[5.6631,43.2346],[5.6651,43.2353],[5.6673,43.2351],[5.6692,43.2348],[5.6724,43.2341]]]},"properties":{"id_ffco":"2015-D13-123","nom":"Grand Caunet Ouest","_dept":"13","numero":"2015-D13-123","commune":"Ceyreste","echelle":"1/7500","surface":"0.62 km²","format":"A4","annee":"2015","cartographes":"Pierre Delenne","proprietaire":"13 - Bouches-du-Rhône","niveau":"Départemental","specialite":"CO à pied","latitude":"43.2356868931","longitude":"5.65916035334","date_saisie":"16/03/2015","date_depot":"27/01/2016","valide":"Oui","ppo":"Non","type_carte":"Nouvelle carte","fond":"Ortho","obsolete":false}},{"type":"Feature","geometry":{"type":"Polygon","coordinates":[[[4.728,43.8665],[4.7287,43.8614],[4.7314,43.8593],[4.734,43.8579],[4.735,43.8543],[4.729,43.8519],[4.7259,43.8474],[4.7196,43.8434],[4.7098,43.8407],[4.6964,43.8396],[4.6974,43.8467],[4.7041,43.8538],[4.7069,43.8603],[4.7076,43.8649],[4.7089,43.8701],[4.7172,43.8727],[4.7232,43.8691],[4.728,43.8665]]]},"properties":{"id_ffco":"2014-D13-122","nom":"La Montagnette-Frigolet","_dept":"13","numero":"2014-D13-122","commune":"Tarascon","echelle":"1/15000","surface":"6.44 km²","format":"A3","annee":"2014","cartographes":"Daniel Seckler, Pierre Delenne","proprietaire":"13 - Bouches-du-Rhône","niveau":"Régional","specialite":"CO à pied","latitude":"43.8549938538","longitude":"4.71536701772","date_saisie":"30/12/2014","date_depot":"20/10/2015","valide":"Oui","ppo":"Non","type_carte":"Reprise","base":"2011-D13-90 St Michel de Frigolet","fond":"Ortho","obsolete":false}},{"type":"Feature","geometry":{"type":"Polygon","coordinates":[[[5.4432,43.5098],[5.4442,43.5098],[5.4467,43.5097],[5.4471,43.5092],[5.447,43.5083],[5.4468,43.5073],[5.4475,43.5066],[5.4479,43.5062],[5.4475,43.5057],[5.4456,43.5053],[5.4449,43.5073],[5.4438,43.5072],[5.443,43.5072],[5.4428,43.5079],[5.4427,43.5084],[5.4433,43.5091],[5.4432,43.5098]]]},"properties":{"id_ffco":"2014-D13-121","nom":"CREPS Aix en Provence","_dept":"13","numero":"2014-D13-121","commune":"Aix en Provence","echelle":"1/2500","surface":"0.13 km²","format":"A4","annee":"2014","cartographes":"Pierre Delenne","proprietaire":"13 - Bouches-du-Rhône","niveau":"Départemental","specialite":"Sprint (ISSOM)","latitude":"43.5078838254","longitude":"5.44532910919","date_saisie":"12/12/2014","date_depot":"20/10/2015","valide":"Oui","ppo":"Non","type_carte":"Reprise","base":"1999-D13-12A CREPS D'AIX EN PROVENCE","fond":"Ortho","obsolete":false}},{"type":"Feature","geometry":{"type":"Polygon","coordinates":[[[5.5249,43.3679],[5.5248,43.3702],[5.5295,43.3719],[5.5328,43.3729],[5.5338,43.3771],[5.5335,43.3794],[5.532,43.3803],[5.5359,43.385],[5.5367,43.3866],[5.5384,43.3883],[5.5423,43.3904],[5.5448,43.3905],[5.5514,43.3871],[5.5543,43.3854],[5.5547,43.3847],[5.5547,43.3832],[5.5544,43.3812],[5.5567,43.3811],[5.5577,43.3788],[5.5563,43.3769],[5.5546,43.3749],[5.5541,43.3726],[5.5567,43.372],[5.5582,43.3705],[5.5573,43.3664],[5.5562,43.3656],[5.5585,43.3645],[5.5594,43.3627],[5.5613,43.3624],[5.5628,43.3594],[5.559,43.3575],[5.5602,43.3541],[5.557,43.3519],[5.5548,43.3495],[5.5519,43.3483],[5.548,43.3474],[5.547,43.3452],[5.5437,43.3471],[5.5423,43.3498],[5.5387,43.3503],[5.5363,43.3507],[5.5339,43.3522],[5.5327,43.3549],[5.5296,43.3578],[5.5243,43.358],[5.5207,43.3591],[5.5179,43.3611],[5.5167,43.3634],[5.5182,43.3673],[5.5207,43.3684],[5.5237,43.3679],[5.5249,43.3679]]]},"properties":{"id_ffco":"2013-D13-120","nom":"Pichauris VTT","_dept":"13","numero":"2013-D13-120","commune":"Allauch","echelle":"1/15000","surface":"10.14 km²","format":"A3","annee":"2013","cartographes":"Pierre Delenne, Pascal Bourdarie","proprietaire":"13 - Bouches-du-Rhône","niveau":"Régional","specialite":"CO à VTT","latitude":"43.3671284938","longitude":"5.54249379003","date_saisie":"10/12/2013","date_depot":"20/10/2015","valide":"Oui","ppo":"Non","type_carte":"Nouvelle carte","fond":"Ortho","obsolete":false}},{"type":"Feature","geometry":{"type":"Polygon","coordinates":[[[5.096,43.6744],[5.0974,43.6741],[5.0986,43.6736],[5.1006,43.6746],[5.1031,43.6753],[5.1053,43.6758],[5.1076,43.6747],[5.109,43.6749],[5.1115,43.6759],[5.1115,43.6767],[5.1116,43.6781],[5.1135,43.6781],[5.115,43.6768],[5.1172,43.6769],[5.1191,43.6777],[5.1208,43.6776],[5.1203,43.6765],[5.1216,43.6761],[5.1233,43.6762],[5.1249,43.6766],[5.1258,43.6758],[5.1286,43.6747],[5.1293,43.6734],[5.128,43.6718],[5.1255,43.6725],[5.1233,43.6724],[5.1207,43.6709],[5.1204,43.6696],[5.1195,43.6681],[5.1193,43.6664],[5.1187,43.6647],[5.1171,43.6634],[5.1142,43.6625],[5.11,43.6622],[5.1077,43.6609],[5.1059,43.6591],[5.1048,43.6582],[5.1038,43.6589],[5.1012,43.6613],[5.0988,43.6644],[5.0976,43.6673],[5.097,43.6689],[5.0964,43.672],[5.096,43.6744]]]},"properties":{"id_ffco":"2014-D13-118","nom":"Le Tallagard","_dept":"13","numero":"2014-D13-118","commune":"Salon de Provence","echelle":"1/10000","surface":"3.13 km²","format":"A4","annee":"2014","cartographes":"Daniel Seckler","proprietaire":"13 - Bouches-du-Rhône","niveau":"Régional","specialite":"CO à pied","latitude":"43.6694969206","longitude":"5.11028233163","date_saisie":"30/12/2014","date_depot":"29/07/2015","valide":"Oui","ppo":"Non","type_carte":"Nouvelle carte","fond":"Ortho","obsolete":false}},{"type":"Feature","geometry":{"type":"Polygon","coordinates":[[[5.6126,43.4188],[5.6106,43.4185],[5.6106,43.4152],[5.6105,43.4119],[5.6117,43.41],[5.6159,43.4084],[5.623,43.4077],[5.6258,43.4044],[5.628,43.4035],[5.6316,43.4002],[5.6536,43.3978],[5.6625,43.3979],[5.6697,43.4001],[5.6729,43.4129],[5.6706,43.4209],[5.6663,43.4252],[5.6645,43.4313],[5.6644,43.433],[5.6444,43.4347],[5.6354,43.434],[5.6284,43.4349],[5.6247,43.43],[5.62,43.4255],[5.6184,43.4234],[5.6179,43.4209],[5.6155,43.4198],[5.6133,43.419],[5.6126,43.4188]]]},"properties":{"id_ffco":"2014-D13-115","nom":"Belcodène-Kirbon","_dept":"13","numero":"2014-D13-115","commune":"Belcodène","echelle":"1/20000","surface":"15.73 km²","format":"A4","annee":"2014","cartographes":"Christophe Gaillard, Pieryves Coudray","proprietaire":"13 - Bouches-du-Rhône","niveau":"Régional","specialite":"CO à VTT","latitude":"43.4161489246","longitude":"5.64429255412","date_saisie":"30/12/2014","date_depot":"20/10/2015","valide":"Oui","ppo":"Non","type_carte":"Reprise","base":"2004-D13-103 Le regagnas","fond":"Ortho","obsolete":false}},{"type":"Feature","geometry":{"type":"Polygon","coordinates":[[[5.4658,43.5114],[5.4669,43.5118],[5.4675,43.5111],[5.4683,43.5109],[5.4688,43.5105],[5.4694,43.5088],[5.4695,43.5084],[5.4686,43.5076],[5.4681,43.5071],[5.4679,43.5077],[5.4673,43.5088],[5.4667,43.5087],[5.4665,43.5095],[5.4662,43.5101],[5.466,43.5107],[5.4655,43.5108],[5.4653,43.5108],[5.4652,43.5112],[5.4658,43.5114]]]},"properties":{"id_ffco":"2026-D13-1149","nom":"Complexe sportif du Val de l'Arc","_dept":"13","numero":"2026-D13-1149","commune":"Aix en Provence","echelle":"1/2000","surface":"0.08 km²","format":"A4","annee":"2026","cartographes":"Pierre Delenne","proprietaire":"13 - Bouches-du-Rhône","niveau":"Initiation, Scolaire","specialite":"CO à pied","latitude":"43.509696071","longitude":"5.46763794983","date_saisie":"07/04/2026","valide":"Non","ppo":"Non","type_carte":"Nouvelle carte","fond":"Ortho","obsolete":false}},{"type":"Feature","geometry":{"type":"Polygon","coordinates":[[[5.6078,43.192],[5.6066,43.1919],[5.6056,43.1917],[5.6049,43.1911],[5.6058,43.1899],[5.6061,43.19],[5.6069,43.1891],[5.6066,43.189],[5.6058,43.1886],[5.6054,43.1884],[5.6054,43.1882],[5.6057,43.1881],[5.6058,43.1879],[5.6059,43.1876],[5.6063,43.1873],[5.6065,43.1871],[5.6074,43.1868],[5.608,43.1864],[5.6081,43.187],[5.608,43.1878],[5.6083,43.1885],[5.6086,43.1892],[5.6083,43.1893],[5.6085,43.1897],[5.6084,43.1906],[5.608,43.1905],[5.6078,43.1909],[5.6078,43.192]]]},"properties":{"id_ffco":"2026-D13-1148","nom":"Parc de la Tour","_dept":"13","numero":"2026-D13-1148","commune":"La Ciotat","echelle":"1/2500","surface":"0.1 km²","format":"A4","annee":"2026","cartographes":"Pierre Delenne","proprietaire":"13 - Bouches-du-Rhône","niveau":"Initiation, Scolaire","specialite":"CO à pied","latitude":"43.1894876371","longitude":"5.60699888213","date_saisie":"04/04/2026","valide":"Non","ppo":"Non","type_carte":"Reprise","base":"2021-D13-1095 Parc du Domaine de la Tour","fond":"Ortho","obsolete":false}},{"type":"Feature","geometry":{"type":"Polygon","coordinates":[[[5.0389,43.5918],[5.0339,43.5953],[5.0334,43.5957],[5.0311,43.5964],[5.0288,43.5961],[5.029,43.5956],[5.0278,43.5954],[5.0276,43.5947],[5.0261,43.5947],[5.0257,43.5931],[5.0264,43.5925],[5.0261,43.5919],[5.025,43.5917],[5.0241,43.5891],[5.0232,43.589],[5.0216,43.5873],[5.0215,43.5855],[5.0215,43.5843],[5.023,43.5832],[5.0265,43.5816],[5.0263,43.5804],[5.0266,43.5785],[5.029,43.5799],[5.0337,43.5813],[5.0345,43.5812],[5.0345,43.582],[5.0355,43.5826],[5.0349,43.5841],[5.0354,43.5865],[5.037,43.5877],[5.0376,43.5887],[5.0372,43.59],[5.0389,43.5918]]]},"properties":{"id_ffco":"2026-D13-1147","nom":"chateau de Cabasse","_dept":"13","numero":"2026-D13-1147","commune":"Miramas","echelle":"1/7500","surface":"1.66 km²","format":"+","annee":"2026","cartographes":"daniel Seckler","proprietaire":"13 - Bouches-du-Rhône","niveau":"Régional","specialite":"CO à pied","contacts":"CDCO13, cd.bouches-du-rhone@ffcorientation.fr","latitude":"43.5879390045","longitude":"5.02998257028","date_saisie":"26/03/2026","valide":"Non","ppo":"Non","type_carte":"Reprise","base":"2017-D13-1044 chateau de cabasse","fond":"Ortho","obsolete":false}},{"type":"Feature","geometry":null,"properties":{"id_ffco":"2026-D13-1146","nom":"Meyrargues, Vallon du Pas de l'Etroit","_dept":"13","numero":"2026-D13-1146","commune":"Meyrargues","echelle":"1/15000","surface":"None km²","format":"A3","annee":"2026","cartographes":"franck Dechavanne","proprietaire":"13 - Bouches-du-Rhône","niveau":"National, International","specialite":"CO à pied","date_saisie":"16/02/2026","valide":"Non","ppo":"Non","type_carte":"Nouvelle carte","fond":"Laser","obsolete":false}},{"type":"Feature","geometry":{"type":"Polygon","coordinates":[[[5.6381,43.4492],[5.6373,43.4476],[5.637,43.4467],[5.6362,43.4459],[5.6353,43.4457],[5.6318,43.4464],[5.6313,43.4455],[5.6291,43.4432],[5.6289,43.4425],[5.6281,43.4415],[5.6271,43.4398],[5.6199,43.4402],[5.6167,43.4412],[5.6128,43.4436],[5.6106,43.4446],[5.6099,43.4464],[5.6096,43.448],[5.6097,43.4494],[5.6124,43.45],[5.6153,43.4507],[5.618,43.4514],[5.6209,43.4519],[5.6255,43.4515],[5.6287,43.4501],[5.633,43.4497],[5.6358,43.4493],[5.6379,43.4486],[5.6381,43.4492]]]},"properties":{"id_ffco":"2026-D13-1145","nom":"Peynier La Garenne","_dept":"13","numero":"2026-D13-1145","commune":"Peynier","echelle":"1/7500","surface":"1.95 km²","format":"A4","annee":"2026","cartographes":"Daniel Seckler, Pierre Delenne","proprietaire":"13 - Bouches-du-Rhône","niveau":"Régional","specialite":"CO à pied","latitude":"43.4462941463","longitude":"5.62226140922","date_saisie":"22/01/2026","valide":"Non","ppo":"Non","type_carte":"Reprise","base":"2014-D13-117 Peynier, La Garenne","fond":"Ortho","obsolete":false}},{"type":"Feature","geometry":{"type":"Polygon","coordinates":[[[5.4602,43.5259],[5.4604,43.5252],[5.4605,43.5242],[5.4606,43.5233],[5.4606,43.5232],[5.4616,43.5231],[5.4617,43.5228],[5.4627,43.5227],[5.4636,43.5225],[5.4646,43.5222],[5.4655,43.522],[5.4657,43.5215],[5.4661,43.5209],[5.4656,43.5204],[5.4647,43.5195],[5.4632,43.5186],[5.4637,43.5184],[5.4651,43.5189],[5.4656,43.5195],[5.4661,43.5198],[5.4665,43.5201],[5.4671,43.5208],[5.4673,43.5208],[5.4678,43.5217],[5.4683,43.5224],[5.4677,43.5224],[5.4668,43.5222],[5.4661,43.5224],[5.4657,43.5226],[5.4657,43.5229],[5.466,43.5233],[5.4662,43.5238],[5.4659,43.5244],[5.4652,43.5253],[5.465,43.5259],[5.4649,43.5261],[5.464,43.5266],[5.4636,43.5268],[5.4638,43.5262],[5.4636,43.5255],[5.462,43.5257],[5.461,43.5257],[5.4609,43.5264],[5.46,43.5262],[5.4602,43.5259]]]},"properties":{"id_ffco":"2025-D13-1144","nom":"La Torse, Plaine Nature","_dept":"13","numero":"2025-D13-1144","commune":"Aix en Provence","echelle":"1/4000","surface":"0.21 km²","format":"A4","annee":"2025","cartographes":"Pierre Delenne","proprietaire":"Ville d'Aix en Provence","niveau":"Initiation, Scolaire","specialite":"CO à pied","latitude":"43.5233856655","longitude":"5.46395150712","date_saisie":"03/12/2025","valide":"Non","ppo":"Oui (60 postes)","type_carte":"Reprise","base":"2014-D13-119 La Torse","fond":"Ortho","url":"https://www.aixenprovence.fr/Parcours-de-course-d-orientation-du-parc-de-la-Torse-en-acces-libre","obsolete":false}},{"type":"Feature","geometry":{"type":"Polygon","coordinates":[[[5.3964,43.3357],[5.3963,43.3353],[5.3963,43.3345],[5.3954,43.3346],[5.3954,43.3338],[5.3949,43.3338],[5.395,43.3342],[5.3944,43.3346],[5.3945,43.3355],[5.3955,43.3354],[5.3956,43.3356],[5.3964,43.3357]]]},"properties":{"id_ffco":"2025-D13-1143","nom":"College Pytheas","_dept":"13","numero":"2025-D13-1143","commune":"Marseille 14eme","echelle":"1/1000","surface":"0.02 km²","format":"A4","annee":"2025","cartographes":"Pierre Delenne","proprietaire":"13 - Bouches-du-Rhône","niveau":"Initiation, Scolaire","specialite":"CO à pied","latitude":"43.3348907547","longitude":"5.39539572417","date_saisie":"20/11/2025","valide":"Non","ppo":"Non","type_carte":"Nouvelle carte","fond":"Ortho","obsolete":false}},{"type":"Feature","geometry":{"type":"Polygon","coordinates":[[[5.1324,43.3834],[5.1301,43.3817],[5.1293,43.3811],[5.1281,43.3803],[5.129,43.3798],[5.1311,43.379],[5.1341,43.378],[5.1346,43.3772],[5.135,43.3761],[5.1364,43.3753],[5.1378,43.3749],[5.1412,43.3738],[5.1444,43.3725],[5.1463,43.3718],[5.1478,43.3737],[5.1482,43.3754],[5.1445,43.3775],[5.1418,43.3785],[5.1399,43.3794],[5.1387,43.3797],[5.1376,43.3802],[5.1364,43.3814],[5.1357,43.3823],[5.1347,43.3824],[5.134,43.3831],[5.1336,43.3836],[5.1324,43.3834]]]},"properties":{"id_ffco":"2025-D13-1142","nom":"Bois de Chateauneuf","_dept":"13","numero":"2025-D13-1142","commune":"Chateauneuf les Martigues","echelle":"1/7500","surface":"0.8 km²","format":"A4","annee":"2025","cartographes":"Pierre Delenne","proprietaire":"13 - Bouches-du-Rhône","niveau":"Initiation, Scolaire","specialite":"CO à pied","latitude":"43.377582051","longitude":"5.13866815708","date_saisie":"20/09/2025","date_depot":"15/01/2026","valide":"Oui","ppo":"Non","type_carte":"Nouvelle carte","fond":"Ortho","obsolete":false}},{"type":"Feature","geometry":{"type":"Polygon","coordinates":[[[5.422,43.274],[5.4206,43.2732],[5.4195,43.274],[5.4208,43.275],[5.422,43.274]]]},"properties":{"id_ffco":"2025-D13-1141","nom":"Parc Départemental de la Pintade","_dept":"13","numero":"2025-D13-1141","commune":"Marseille","echelle":"1/1000","surface":"0.02 km²","format":"A4","annee":"2025","cartographes":"Pierre Delenne","proprietaire":"13 - Bouches-du-Rhône","niveau":"Initiation, Scolaire","specialite":"CO à pied","latitude":"43.2740678526","longitude":"5.42070684682","date_saisie":"19/09/2025","date_depot":"15/01/2026","valide":"Oui","ppo":"Non","type_carte":"Nouvelle carte","fond":"Ortho","obsolete":false}},{"type":"Feature","geometry":{"type":"Polygon","coordinates":[[[4.6187,43.6756],[4.6232,43.6783],[4.6246,43.679],[4.6268,43.6794],[4.6287,43.6799],[4.6299,43.6807],[4.6302,43.6815],[4.6318,43.6816],[4.6334,43.6812],[4.6341,43.6802],[4.6343,43.6793],[4.634,43.6784],[4.6328,43.6747],[4.6319,43.6748],[4.6295,43.6749],[4.627,43.6749],[4.6256,43.6747],[4.6238,43.6747],[4.623,43.6743],[4.6219,43.674],[4.6214,43.6738],[4.62,43.6744],[4.6186,43.6754],[4.6187,43.6756]]]},"properties":{"id_ffco":"2025-D13-1140","nom":"Arles Antique","_dept":"13","numero":"2025-D13-1140","commune":"Arles","echelle":"1/4000","surface":"0.61 km²","format":"+","annee":"2025","cartographes":"daniel Seckler","proprietaire":"13 - Bouches-du-Rhône","niveau":"Régional","specialite":"CO à pied","latitude":"43.6773131306","longitude":"4.62765271214","date_saisie":"08/08/2025","valide":"Non","ppo":"Non","type_carte":"Nouvelle carte","fond":"Cadastre","obsolete":false}},{"type":"Feature","geometry":{"type":"Polygon","coordinates":[[[5.5307,43.37],[5.5312,43.3738],[5.5333,43.378],[5.5331,43.3824],[5.5351,43.3866],[5.5405,43.3917],[5.548,43.389],[5.5528,43.3865],[5.5557,43.3816],[5.5592,43.3799],[5.5595,43.373],[5.5578,43.3718],[5.5528,43.3714],[5.5497,43.3685],[5.5509,43.3666],[5.5566,43.366],[5.5612,43.3653],[5.5623,43.3623],[5.5643,43.3609],[5.565,43.3569],[5.5599,43.3534],[5.5547,43.3509],[5.5504,43.3454],[5.5475,43.3433],[5.5358,43.3424],[5.531,43.3501],[5.531,43.3529],[5.5285,43.3628],[5.5238,43.3641],[5.5216,43.3642],[5.5183,43.3657],[5.5182,43.3675],[5.5203,43.3687],[5.523,43.3683],[5.5251,43.3682],[5.5258,43.3691],[5.5279,43.3688],[5.5295,43.37],[5.5307,43.37]]]},"properties":{"id_ffco":"2011-D13-114","nom":"Domaine Départemental de Pichauris","_dept":"13","numero":"2011-D13-114","commune":"Allauch","echelle":"1/15000","surface":"10.97 km²","format":"A3","annee":"2011","cartographes":"Pierre Delenne","proprietaire":"13 - Bouches-du-Rhône","niveau":"Régional","specialite":"CO à pied","contacts":"Département 13 MSV, msv@cg13.fr","latitude":"43.3657716082","longitude":"5.54375046931","date_saisie":"10/12/2013","date_depot":"27/01/2016","valide":"Oui","ppo":"Non","type_carte":"Nouvelle carte","fond":"Ortho","obsolete":false}},{"type":"Feature","geometry":{"type":"Polygon","coordinates":[[[4.9801,43.4415],[4.9779,43.4425],[4.9782,43.445],[4.9771,43.4468],[4.9762,43.4484],[4.9754,43.45],[4.9761,43.4507],[4.9778,43.4515],[4.9794,43.4523],[4.9817,43.4527],[4.9842,43.4526],[4.9865,43.4511],[4.9885,43.4486],[4.9888,43.444],[4.989,43.4427],[4.9891,43.441],[4.9878,43.4404],[4.9866,43.4401],[4.9851,43.4401],[4.981,43.4412],[4.9801,43.4415]]]},"properties":{"id_ffco":"2025-D13-1139","nom":"Castillon 5000","_dept":"13","numero":"2025-D13-1139","commune":"Port de bouc","echelle":"1/5000","surface":"1.14 km²","format":"A4","annee":"2025","cartographes":"Pierre Delenne","proprietaire":"13 - Bouches-du-Rhône","niveau":"Départemental","specialite":"CO à pied","latitude":"43.446494698","longitude":"4.98289556857","date_saisie":"16/10/2025","valide":"Non","ppo":"Non","type_carte":"Reprise","base":"2018-D13-1046 Castillon 2018","fond":"Ortho","obsolete":false}},{"type":"Feature","geometry":{"type":"Polygon","coordinates":[[[4.9931,43.5019],[4.9955,43.502],[4.9963,43.5017],[4.9968,43.5016],[4.9969,43.5007],[4.9967,43.4998],[4.9969,43.4989],[4.9971,43.498],[4.9973,43.497],[4.9985,43.4954],[4.9987,43.4948],[4.9988,43.4935],[4.9987,43.4928],[4.9988,43.4919],[4.998,43.4917],[4.9957,43.4918],[4.9932,43.4917],[4.9931,43.4934],[4.9923,43.4969],[4.992,43.4986],[4.9916,43.499],[4.9923,43.4995],[4.9928,43.501],[4.9931,43.5019]]]},"properties":{"id_ffco":"2025-D13-1138","nom":"Istres les heures claires","_dept":"13","numero":"2025-D13-1138","commune":"istres","echelle":"1/4000","surface":"0.47 km²","format":"+","annee":"2025","cartographes":"daniel Seckler","proprietaire":"1303 - MARSEILLE COURSE ORIENTATION","niveau":"Régional","specialite":"CO à pied","latitude":"43.4965144617","longitude":"4.99520585389","date_saisie":"26/05/2025","date_depot":"15/01/2026","valide":"Oui","ppo":"Non","type_carte":"Nouvelle carte","fond":"Cadastre","obsolete":false}},{"type":"Feature","geometry":{"type":"Polygon","coordinates":[[[5.0541,43.4414],[5.0548,43.4397],[5.0561,43.4369],[5.0568,43.4348],[5.0573,43.4333],[5.0579,43.4311],[5.0567,43.4303],[5.056,43.4296],[5.0547,43.4296],[5.0531,43.4303],[5.0529,43.431],[5.0519,43.4313],[5.0517,43.4325],[5.0515,43.4329],[5.0516,43.4341],[5.0498,43.4358],[5.0494,43.4363],[5.0495,43.4377],[5.0496,43.4388],[5.0491,43.4399],[5.0494,43.4412],[5.049,43.4423],[5.0519,43.4423],[5.0541,43.4414]]]},"properties":{"id_ffco":"2025-D13-1137","nom":"Figuerolles","_dept":"13","numero":"2025-D13-1137","commune":"Martigues","echelle":"1/5000","surface":"0.62 km²","format":"A4","annee":"2025","cartographes":"Pierre Delenne","proprietaire":"13 - Bouches-du-Rhône","niveau":"Départemental","specialite":"CO à pied","latitude":"43.4360318125","longitude":"5.05328474093","date_saisie":"11/03/2025","date_depot":"15/01/2026","valide":"Oui","ppo":"Non","type_carte":"Reprise","base":"2009-D13-36 Colline de Figuerolles","fond":"Ortho","obsolete":false}},{"type":"Feature","geometry":{"type":"Polygon","coordinates":[[[5.6754,43.5279],[5.6788,43.5289],[5.6809,43.5288],[5.6839,43.5281],[5.6836,43.5261],[5.6838,43.5241],[5.6835,43.5226],[5.6836,43.5208],[5.6819,43.5184],[5.6807,43.5169],[5.6798,43.5149],[5.6801,43.5123],[5.6797,43.5116],[5.6776,43.512],[5.6723,43.5154],[5.6686,43.517],[5.666,43.5178],[5.6642,43.5188],[5.6673,43.5212],[5.6706,43.5242],[5.6724,43.5257],[5.6732,43.5267],[5.6733,43.5279],[5.6748,43.5291],[5.6754,43.5279]]]},"properties":{"id_ffco":"2024-D13-1136","nom":"Puyloubier, du village à la colline de la Glacière","_dept":"13","numero":"2024-D13-1136","commune":"Puyloubier","echelle":"1/5000","surface":"1.75 km²","format":"A3","annee":"2024","cartographes":"Pierre Delenne","proprietaire":"13 - Bouches-du-Rhône","niveau":"Départemental","specialite":"CO à pied","latitude":"43.5209896322","longitude":"5.67596460441","date_saisie":"22/11/2024","date_depot":"15/01/2026","valide":"Oui","ppo":"Non","type_carte":"Nouvelle carte","fond":"Ortho","obsolete":false}},{"type":"Feature","geometry":{"type":"Polygon","coordinates":[[[5.4136,43.3452],[5.4131,43.3449],[5.4137,43.3446],[5.4138,43.3442],[5.4155,43.3443],[5.4159,43.3443],[5.4161,43.3448],[5.4161,43.3452],[5.4159,43.3455],[5.4136,43.3452]]]},"properties":{"id_ffco":"2024-D13-1135","nom":"Lycée Simone Veil","_dept":"13","numero":"2024-D13-1135","commune":"Marseille","echelle":"1/1000","surface":"0.02 km²","format":"A4","annee":"2024","cartographes":"Pierre Delenne","proprietaire":"Lycée Simone Veil","niveau":"Initiation, Scolaire","specialite":"CO à pied","latitude":"43.3448248929","longitude":"5.41478288983","date_saisie":"24/10/2024","date_depot":"15/01/2026","valide":"Oui","ppo":"Non","type_carte":"Nouvelle carte","fond":"Ortho","obsolete":false}},{"type":"Feature","geometry":{"type":"Polygon","coordinates":[[[5.3704,43.2903],[5.3707,43.2904],[5.3711,43.29],[5.3714,43.2898],[5.3717,43.2898],[5.3716,43.2896],[5.3713,43.2896],[5.371,43.2893],[5.3709,43.2894],[5.3702,43.2892],[5.3696,43.2891],[5.3691,43.2891],[5.3687,43.2892],[5.3685,43.2893],[5.3686,43.2896],[5.3689,43.2896],[5.3692,43.2895],[5.3695,43.2894],[5.3697,43.2896],[5.3702,43.2899],[5.3704,43.2901],[5.3704,43.2903]]]},"properties":{"id_ffco":"2024-D13-1134","nom":"Parc de la colline Puget","_dept":"13","numero":"2024-D13-1134","commune":"Marseille","echelle":"1/1000","surface":"0.02 km²","format":"A4","annee":"2024","cartographes":"Pierre Delenne","proprietaire":"13 - Bouches-du-Rhône","niveau":"Initiation, Scolaire","specialite":"CO à pied","latitude":"43.289604596","longitude":"5.37021604348","date_saisie":"15/10/2024","date_depot":"15/01/2026","valide":"Oui","ppo":"Non","type_carte":"Nouvelle carte","fond":"Ortho","obsolete":false}},{"type":"Feature","geometry":{"type":"Polygon","coordinates":[[[5.4257,43.2749],[5.4265,43.2747],[5.4267,43.2744],[5.427,43.2739],[5.4277,43.2732],[5.428,43.2729],[5.4282,43.2725],[5.4283,43.2723],[5.4281,43.2722],[5.4265,43.2716],[5.4262,43.2721],[5.4258,43.2723],[5.4251,43.2727],[5.4242,43.2731],[5.4238,43.2733],[5.4245,43.274],[5.4248,43.2744],[5.4254,43.2748],[5.4257,43.2749]]]},"properties":{"id_ffco":"2024-D13-1133","nom":"Lycée Jean Perrin","_dept":"13","numero":"2024-D13-1133","commune":"Marseille","echelle":"1/2000","surface":"0.07 km²","format":"A4","annee":"2024","cartographes":"Annabelle Delenne","proprietaire":"13 - Bouches-du-Rhône","niveau":"Initiation, Scolaire","specialite":"CO à pied","latitude":"43.2732690114","longitude":"5.42613059562","date_saisie":"24/09/2024","date_depot":"15/01/2026","valide":"Oui","ppo":"Non","type_carte":"Nouvelle carte","fond":"Ortho","obsolete":false}},{"type":"Feature","geometry":{"type":"Polygon","coordinates":[[[5.0306,43.5516],[5.0276,43.5509],[5.028,43.5495],[5.0282,43.5488],[5.0289,43.5488],[5.0294,43.5483],[5.03,43.5478],[5.0306,43.5474],[5.0314,43.5464],[5.0315,43.5458],[5.032,43.5456],[5.0326,43.5453],[5.0332,43.5447],[5.0336,43.5444],[5.0348,43.5439],[5.0355,43.5436],[5.0364,43.5436],[5.0368,43.5448],[5.0364,43.5459],[5.0369,43.548],[5.0384,43.5498],[5.0381,43.5502],[5.0373,43.5505],[5.0366,43.5512],[5.036,43.5518],[5.0345,43.5515],[5.0342,43.5507],[5.0336,43.5504],[5.033,43.5505],[5.0324,43.5505],[5.0314,43.5509],[5.0306,43.5516]]]},"properties":{"id_ffco":"2024-D13-1132","nom":"Saint Chamas","_dept":"13","numero":"2024-D13-1132","commune":"Saint Chamas","echelle":"1/4000","surface":"0.44 km²","format":"A4","annee":"2024","cartographes":"Pierre Delenne","proprietaire":"13 - Bouches-du-Rhône","niveau":"Régional","specialite":"Sprint (ISSOM)","latitude":"43.5482622037","longitude":"5.03343641254","date_saisie":"12/08/2024","date_depot":"15/01/2026","valide":"Non","ppo":"Non","type_carte":"Nouvelle carte","fond":"Cadastre","obsolete":false}},{"type":"Feature","geometry":{"type":"Polygon","coordinates":[[[4.654,43.8054],[4.6541,43.8039],[4.6539,43.8017],[4.6541,43.8013],[4.6563,43.801],[4.6579,43.8012],[4.6613,43.8025],[4.6623,43.8028],[4.6632,43.8034],[4.6632,43.805],[4.6634,43.8067],[4.6636,43.8079],[4.6632,43.8085],[4.6627,43.8087],[4.6544,43.8071],[4.654,43.8054]]]},"properties":{"id_ffco":"2024-D13-1131","nom":"Tarascon ville","_dept":"13","numero":"2024-D13-1131","commune":"Tarascon sur Rhône","echelle":"1/4000","surface":"0.51 km²","format":"A4","annee":"2024","cartographes":"D. Seckler","proprietaire":"13 - Bouches-du-Rhône","niveau":"Régional","specialite":"CO à pied","latitude":"43.8048197959","longitude":"4.65863388327","date_saisie":"02/06/2024","date_depot":"15/01/2026","valide":"Oui","ppo":"Non","type_carte":"Nouvelle carte","fond":"Cadastre","obsolete":false}},{"type":"Feature","geometry":{"type":"Polygon","coordinates":[[[5.2731,43.5324],[5.273,43.5301],[5.2732,43.5286],[5.2733,43.5265],[5.2721,43.5247],[5.2713,43.5236],[5.2698,43.5239],[5.2674,43.5252],[5.2657,43.5256],[5.2638,43.5267],[5.2628,43.5293],[5.2648,43.5348],[5.2661,43.5349],[5.2678,43.5349],[5.2707,43.5337],[5.2731,43.5324]]]},"properties":{"id_ffco":"2024-D13-1130","nom":"Prends toi garde","_dept":"13","numero":"2024-D13-1130","commune":"Velaux","echelle":"1/5000","surface":"0.78 km²","format":"A4","annee":"2024","cartographes":"Pierre Delenne","proprietaire":"13 - Bouches-du-Rhône","niveau":"Départemental","specialite":"CO à pied","latitude":"43.5295066062","longitude":"5.26835921673","date_saisie":"18/05/2024","date_depot":"15/01/2026","valide":"Oui","ppo":"Non","type_carte":"Reprise","base":"2014-D13-116 Prends toi garde","fond":"Ortho","obsolete":false}},{"type":"Feature","geometry":{"type":"Polygon","coordinates":[[[5.0905,43.3356],[5.0915,43.3353],[5.0927,43.336],[5.0938,43.336],[5.095,43.3361],[5.0951,43.3358],[5.0964,43.3358],[5.0971,43.3365],[5.0979,43.3368],[5.0988,43.3369],[5.0998,43.3368],[5.1004,43.3376],[5.101,43.3374],[5.1011,43.3377],[5.1012,43.3381],[5.1009,43.3381],[5.101,43.3386],[5.1009,43.339],[5.1011,43.3392],[5.1008,43.3396],[5.1005,43.3395],[5.1002,43.3396],[5.0999,43.3403],[5.0986,43.34],[5.0978,43.3397],[5.0975,43.3396],[5.0974,43.3393],[5.0954,43.3399],[5.095,43.34],[5.0942,43.3399],[5.0929,43.3401],[5.0919,43.3401],[5.0917,43.3397],[5.0919,43.3393],[5.0932,43.3388],[5.0929,43.3384],[5.0923,43.3382],[5.0917,43.3378],[5.0912,43.3369],[5.0907,43.3361],[5.0902,43.3356],[5.0905,43.3356]]]},"properties":{"id_ffco":"2024-D13-1129","nom":"Le Grand Vallat","_dept":"13","numero":"2024-D13-1129","commune":"Sausset les Pins","echelle":"1/4000","surface":"0.3 km²","format":"A4","annee":"2024","cartographes":"Pierre Delenne","proprietaire":"13 - Bouches-du-Rhône","niveau":"Initiation, Scolaire","specialite":"CO à pied","latitude":"43.3379622835","longitude":"5.09580039609","date_saisie":"12/03/2024","date_depot":"19/01/2026","valide":"Oui","ppo":"Non","type_carte":"Nouvelle carte","fond":"Laser","obsolete":false}},{"type":"Feature","geometry":{"type":"Polygon","coordinates":[[[5.445,43.3416],[5.4463,43.3411],[5.4465,43.3407],[5.4466,43.3402],[5.4467,43.3394],[5.4467,43.339],[5.4461,43.3391],[5.4458,43.339],[5.4458,43.3389],[5.4461,43.3383],[5.4453,43.3381],[5.4439,43.3377],[5.444,43.3382],[5.4436,43.3388],[5.443,43.3388],[5.4423,43.3391],[5.4421,43.3393],[5.4423,43.3396],[5.4424,43.3398],[5.4423,43.34],[5.4428,43.3404],[5.4434,43.3406],[5.4442,43.3407],[5.4444,43.3411],[5.4447,43.3414],[5.445,43.3416]]]},"properties":{"id_ffco":"2024-D13-1128","nom":"Parc Athéna","_dept":"13","numero":"2024-D13-1128","commune":"Marseille","echelle":"1/2500","surface":"0.1 km²","format":"A4","annee":"2024","cartographes":"Christine Verdeil","proprietaire":"Christine Verdeil 06 82 27 30 36","niveau":"Initiation, Scolaire","specialite":"CO à pied","latitude":"43.3396783254","longitude":"5.44465426704","date_saisie":"01/02/2024","date_depot":"19/01/2026","valide":"Oui","ppo":"Non","type_carte":"Nouvelle carte","fond":"Ortho","obsolete":false}},{"type":"Feature","geometry":{"type":"Polygon","coordinates":[[[5.105,43.6578],[5.1066,43.6601],[5.1081,43.6617],[5.1095,43.6625],[5.1122,43.6623],[5.1143,43.6633],[5.1157,43.6639],[5.1183,43.6655],[5.1204,43.6652],[5.1237,43.6636],[5.1265,43.6619],[5.1319,43.6596],[5.1325,43.6578],[5.1285,43.6569],[5.1242,43.6569],[5.1204,43.656],[5.1175,43.6538],[5.1168,43.6483],[5.1147,43.6485],[5.113,43.6494],[5.1093,43.6516],[5.1077,43.653],[5.105,43.6578]]]},"properties":{"id_ffco":"2024-D13-1127","nom":"La Pastorale","_dept":"13","numero":"2024-D13-1127","commune":"Salon de Provence","echelle":"1/10000","surface":"2.07 km²","format":"A4","annee":"2024","cartographes":"D. Seckler","proprietaire":"13 - Bouches-du-Rhône","niveau":"Régional","specialite":"CO à pied","contacts":"CDCO13, cd.bouches-du-rhone@ffcorientation.fr","latitude":"43.657924936","longitude":"5.11674665892","date_saisie":"13/01/2024","date_depot":"19/01/2026","valide":"Oui","ppo":"Non","type_carte":"Nouvelle carte","fond":"Cadastre","obsolete":false}},{"type":"Feature","geometry":{"type":"Polygon","coordinates":[[[5.4097,43.4566],[5.4074,43.4554],[5.4061,43.4543],[5.4061,43.4539],[5.4065,43.4535],[5.4061,43.4529],[5.4046,43.4527],[5.4039,43.4524],[5.4042,43.4515],[5.4034,43.4504],[5.4031,43.4495],[5.4035,43.4485],[5.4043,43.4479],[5.406,43.4469],[5.4065,43.4475],[5.4073,43.4481],[5.4089,43.4479],[5.4097,43.4477],[5.4105,43.4477],[5.413,43.4484],[5.4158,43.4487],[5.4174,43.4494],[5.4195,43.4502],[5.4233,43.451],[5.4244,43.4518],[5.4274,43.452],[5.4301,43.4522],[5.4319,43.4521],[5.4335,43.4517],[5.4355,43.451],[5.4364,43.4513],[5.4374,43.4508],[5.4394,43.4515],[5.4405,43.4511],[5.4428,43.4525],[5.4435,43.4534],[5.4447,43.4524],[5.4455,43.4535],[5.4461,43.4547],[5.4469,43.4552],[5.4475,43.4553],[5.4487,43.4567],[5.4497,43.4577],[5.4499,43.4587],[5.4498,43.4603],[5.4495,43.4621],[5.4496,43.4639],[5.4499,43.4655],[5.4494,43.4671],[5.4512,43.4681],[5.4507,43.4696],[5.4491,43.4702],[5.4466,43.4717],[5.4456,43.4719],[5.4433,43.4718],[5.4419,43.4723],[5.4409,43.4724],[5.4389,43.4728],[5.4364,43.4733],[5.434,43.4742],[5.4332,43.4744],[5.4329,43.4738],[5.4327,43.4734],[5.433,43.4721],[5.4326,43.4717],[5.4316,43.4715],[5.431,43.4704],[5.431,43.4697],[5.4304,43.4692],[5.4277,43.4676],[5.4265,43.4669],[5.4257,43.4658],[5.4245,43.4639],[5.4235,43.4633],[5.4225,43.4625],[5.4204,43.4619],[5.4189,43.4615],[5.4181,43.4613],[5.4177,43.4607],[5.4171,43.4599],[5.4168,43.4593],[5.4162,43.4583],[5.4156,43.4579],[5.4145,43.4577],[5.4139,43.4573],[5.4131,43.4572],[5.4126,43.457],[5.4118,43.4566],[5.4117,43.4562],[5.4108,43.4564],[5.4097,43.4566]]]},"properties":{"id_ffco":"2024-D13-1126","nom":"Mangegarri","_dept":"13","numero":"2024-D13-1126","commune":"Bouc Bel Air","echelle":"1/10000","surface":"5.96 km²","format":"A3","annee":"2024","cartographes":"Pierre Delenne","proprietaire":"13 - Bouches-du-Rhône","niveau":"Régional","specialite":"CO à pied","latitude":"43.4596037567","longitude":"5.43093622713","date_saisie":"13/01/2024","date_depot":"19/01/2026","valide":"Oui","ppo":"Non","type_carte":"Nouvelle carte","fond":"Ortho","obsolete":false}},{"type":"Feature","geometry":{"type":"Polygon","coordinates":[[[5.3432,43.5033],[5.3432,43.5029],[5.3429,43.5027],[5.3426,43.5016],[5.3424,43.5008],[5.342,43.4974],[5.3422,43.4962],[5.3427,43.4951],[5.3423,43.4944],[5.3419,43.4938],[5.3412,43.4932],[5.3402,43.4923],[5.3386,43.4915],[5.3376,43.4905],[5.3367,43.4894],[5.3356,43.4887],[5.3347,43.4887],[5.3335,43.488],[5.3312,43.4878],[5.3304,43.4873],[5.3285,43.4863],[5.3269,43.4853],[5.3236,43.4855],[5.3217,43.4853],[5.32,43.4843],[5.3193,43.4838],[5.3165,43.4837],[5.3166,43.4852],[5.318,43.4863],[5.3195,43.489],[5.3215,43.4925],[5.3227,43.4933],[5.3235,43.4945],[5.3244,43.4956],[5.3255,43.4968],[5.3259,43.4984],[5.3259,43.5009],[5.3266,43.5022],[5.3282,43.5026],[5.3292,43.5041],[5.3298,43.5046],[5.3319,43.504],[5.3338,43.5037],[5.3352,43.5036],[5.3363,43.5044],[5.3369,43.5041],[5.3374,43.5045],[5.3398,43.5039],[5.3419,43.5034],[5.3432,43.5033]]]},"properties":{"id_ffco":"2024-D13-1125","nom":"Europole de l'Arbois","_dept":"13","numero":"2024-D13-1125","commune":"Aix en Provence","echelle":"1/10000","surface":"2.75 km²","format":"A4","annee":"2024","cartographes":"Pierre Delenne","proprietaire":"13 - Bouches-du-Rhône","niveau":"Régional","specialite":"CO à pied","latitude":"43.494697839","longitude":"5.33122877441","date_saisie":"12/01/2024","date_depot":"19/01/2026","valide":"Oui","ppo":"Non","type_carte":"Nouvelle carte","fond":"Ortho","obsolete":false}},{"type":"Feature","geometry":{"type":"Polygon","coordinates":[[[5.4895,43.5971],[5.4857,43.5949],[5.4836,43.5939],[5.4825,43.5942],[5.4815,43.5927],[5.4799,43.5913],[5.4784,43.5903],[5.4773,43.589],[5.4761,43.5877],[5.4752,43.5873],[5.4737,43.5876],[5.4738,43.5886],[5.473,43.5891],[5.472,43.5896],[5.4699,43.5898],[5.4675,43.5897],[5.4653,43.5908],[5.4645,43.5928],[5.4643,43.5951],[5.4653,43.5951],[5.466,43.5964],[5.4683,43.5968],[5.4693,43.5981],[5.4724,43.5973],[5.4728,43.5982],[5.4739,43.6003],[5.4756,43.6009],[5.4774,43.6017],[5.4786,43.6015],[5.4793,43.6025],[5.4821,43.6024],[5.4835,43.6023],[5.485,43.6016],[5.4857,43.601],[5.4875,43.6012],[5.4889,43.6013],[5.4909,43.6002],[5.4923,43.5994],[5.4895,43.5971]]]},"properties":{"id_ffco":"2023-D13-1124","nom":"Venelles Village et Bosque","_dept":"13","numero":"2023-D13-1124","commune":"Venelles","echelle":"1/5000","surface":"1.97 km²","format":"A3","annee":"2023","cartographes":"Pierre Delenne","proprietaire":"13 - Bouches-du-Rhône","niveau":"Régional","specialite":"Sprint (ISSOM)","latitude":"43.5956398473","longitude":"5.47721408771","date_saisie":"28/12/2023","valide":"Non","ppo":"Non","type_carte":"Reprise","base":"2012-D13-1000 Venelles centre ville","fond":"Cadastre","obsolete":false}},{"type":"Feature","geometry":{"type":"Polygon","coordinates":[[[5.3754,43.4106],[5.3755,43.4092],[5.3753,43.4079],[5.3754,43.4074],[5.3767,43.4081],[5.3792,43.4085],[5.3819,43.4089],[5.3844,43.4093],[5.3834,43.4113],[5.3803,43.4112],[5.3766,43.411],[5.3754,43.4106]]]},"properties":{"id_ffco":"2023-D13-1123","nom":"Fabregoules","_dept":"13","numero":"2023-D13-1123","commune":"Septemes","echelle":"1/2500","surface":"0.2 km²","format":"A4","annee":"2023","cartographes":"Pierre Delenne","proprietaire":"College Marc Ferrandi","niveau":"Initiation, Scolaire","specialite":"CO à pied","latitude":"43.4097719706","longitude":"5.37939802783","date_saisie":"01/12/2023","valide":"Non","ppo":"Non","type_carte":"Nouvelle carte","fond":"Ortho","obsolete":false}},{"type":"Feature","geometry":{"type":"Polygon","coordinates":[[[5.3944,43.305],[5.3932,43.3044],[5.3933,43.3037],[5.3952,43.3038],[5.3963,43.3037],[5.3969,43.3036],[5.3974,43.3043],[5.3975,43.3047],[5.398,43.3057],[5.3986,43.3066],[5.3983,43.3078],[5.3977,43.3079],[5.3974,43.3076],[5.3968,43.3064],[5.3963,43.3058],[5.3951,43.3053],[5.3947,43.3049],[5.3944,43.305]]]},"properties":{"id_ffco":"2023-D13-1122","nom":"Parc et Palais Longchamp","_dept":"13","numero":"2023-D13-1122","commune":"Marseille","echelle":"1/2500","surface":"0.08 km²","format":"A4","annee":"2023","cartographes":"Pierre Delenne","proprietaire":"13 - Bouches-du-Rhône","niveau":"Initiation, Scolaire","specialite":"CO à pied","latitude":"43.3052503126","longitude":"5.39633045725","date_saisie":"11/08/2023","valide":"Non","ppo":"Non","type_carte":"Reprise","base":"2008-D13-17 Parc Longchamp","fond":"Ortho","obsolete":false}},{"type":"Feature","geometry":{"type":"Polygon","coordinates":[[[5.1986,43.4188],[5.1998,43.4187],[5.2006,43.4185],[5.2014,43.4177],[5.2022,43.4165],[5.2025,43.4152],[5.2006,43.4146],[5.1996,43.4143],[5.1989,43.4137],[5.1986,43.4138],[5.1978,43.4141],[5.1971,43.4145],[5.1968,43.415],[5.1972,43.415],[5.1984,43.4151],[5.1989,43.4156],[5.1984,43.4161],[5.198,43.4165],[5.1978,43.4177],[5.1979,43.4184],[5.1986,43.4188]]]},"properties":{"id_ffco":"2023-D13-1121","nom":"Parc de Bolmon","_dept":"13","numero":"2023-D13-1121","commune":"Marignane","echelle":"1/2500","surface":"0.15 km²","format":"A4","annee":"2023","cartographes":"Pierre Delenne","proprietaire":"13 - Bouches-du-Rhône","niveau":"Initiation, Scolaire","specialite":"CO à pied","latitude":"43.4162969517","longitude":"5.19977053379","date_saisie":"13/04/2023","valide":"Non","ppo":"Non","type_carte":"Nouvelle carte","fond":"Ortho","obsolete":false}},{"type":"Feature","geometry":{"type":"Polygon","coordinates":[[[5.672,43.2347],[5.6708,43.235],[5.6701,43.2359],[5.6682,43.237],[5.666,43.238],[5.6664,43.2413],[5.6651,43.2436],[5.6664,43.2488],[5.669,43.2524],[5.6703,43.2543],[5.6768,43.2548],[5.6813,43.255],[5.6937,43.2564],[5.6976,43.2574],[5.7023,43.2578],[5.7053,43.2579],[5.7122,43.2548],[5.7144,43.25],[5.7132,43.2427],[5.7108,43.2426],[5.7063,43.2416],[5.7028,43.2415],[5.6977,43.2408],[5.6937,43.2409],[5.6881,43.2397],[5.6867,43.2385],[5.6825,43.2374],[5.6784,43.2358],[5.6748,43.2353],[5.672,43.2347]]]},"properties":{"id_ffco":"2023-D13-1120","nom":"Fontblanche VTT","_dept":"13","numero":"2023-D13-1120","commune":"Cuges les Pins","echelle":"1/15000","surface":"7.07 km²","format":"A4","annee":"2023","cartographes":"Xavier Gaillard, Eric Pomet, Maxence Volpe","proprietaire":"13 - Bouches-du-Rhône","niveau":"Régional","specialite":"CO à VTT","latitude":"43.2472159417","longitude":"5.68887403704","date_saisie":"09/03/2023","valide":"Non","ppo":"Non","type_carte":"Nouvelle carte","fond":"Ortho","obsolete":false}},{"type":"Feature","geometry":{"type":"Polygon","coordinates":[[[5.5704,43.4475],[5.5754,43.4465],[5.5751,43.4434],[5.575,43.4405],[5.5746,43.4369],[5.5726,43.4362],[5.5694,43.4353],[5.5693,43.4344],[5.5709,43.4342],[5.5705,43.4331],[5.5688,43.4336],[5.5649,43.4295],[5.5643,43.4304],[5.5643,43.4317],[5.562,43.4337],[5.5606,43.4346],[5.5597,43.4353],[5.5587,43.4362],[5.5552,43.4401],[5.5541,43.4417],[5.557,43.4448],[5.5596,43.4454],[5.5616,43.4464],[5.5632,43.4472],[5.5662,43.4473],[5.5704,43.4475]]]},"properties":{"id_ffco":"2023-D13-1119","nom":"Fuveau les planes","_dept":"13","numero":"2023-D13-1119","commune":"Fuveau","echelle":"1/10000","surface":"2.13 km²","format":"A4","annee":"2023","cartographes":"P. Delenne","proprietaire":"13 - Bouches-du-Rhône","niveau":"Régional","specialite":"CO à pied","latitude":"43.4403775911","longitude":"5.56575219847","date_saisie":"19/01/2023","valide":"Non","ppo":"Non","type_carte":"Extrait","base":"2016-D13-133 fuveau les planes 1/10000","fond":"Ortho","obsolete":false}},{"type":"Feature","geometry":{"type":"Polygon","coordinates":[[[5.4097,43.4563],[5.4076,43.4557],[5.406,43.4544],[5.4058,43.4535],[5.4056,43.4526],[5.405,43.4498],[5.4054,43.4482],[5.4068,43.4474],[5.4081,43.4477],[5.4093,43.4477],[5.4109,43.4479],[5.4154,43.4487],[5.4177,43.4493],[5.4182,43.4505],[5.422,43.452],[5.4245,43.4526],[5.4255,43.4529],[5.4253,43.4538],[5.4235,43.4549],[5.4226,43.4555],[5.4209,43.4559],[5.4181,43.4549],[5.4157,43.4556],[5.4145,43.4546],[5.413,43.455],[5.411,43.4563],[5.4104,43.4567],[5.4097,43.4563]]]},"properties":{"id_ffco":"2022-D13-1118","nom":"Bouc Bel Air, le village","_dept":"13","numero":"2022-D13-1118","commune":"Bouc Bel Air","echelle":"1/4000","surface":"1.05 km²","format":"A3","annee":"2022","cartographes":"Pierre Delenne","proprietaire":"13 - Bouches-du-Rhône","niveau":"Régional","specialite":"Sprint (ISSOM)","latitude":"43.45216245","longitude":"5.41350368132","date_saisie":"13/12/2022","date_depot":"21/02/2023","valide":"Oui","ppo":"Non","type_carte":"Nouvelle carte","fond":"Cadastre","obsolete":false}},{"type":"Feature","geometry":{"type":"Polygon","coordinates":[[[4.8583,43.8107],[4.8599,43.8134],[4.8605,43.8147],[4.8617,43.8203],[4.8591,43.8204],[4.8559,43.8198],[4.8526,43.8194],[4.8491,43.8204],[4.8458,43.8204],[4.8458,43.8193],[4.8465,43.8189],[4.8475,43.8182],[4.8474,43.8177],[4.847,43.8171],[4.8474,43.816],[4.8485,43.8156],[4.8498,43.8157],[4.8507,43.8157],[4.8514,43.8155],[4.8519,43.8146],[4.8518,43.8135],[4.8522,43.8125],[4.8518,43.8106],[4.8499,43.8088],[4.8475,43.8072],[4.8463,43.8066],[4.8418,43.8064],[4.8389,43.8062],[4.8379,43.8054],[4.8374,43.8035],[4.8358,43.8024],[4.8351,43.8011],[4.8351,43.8001],[4.836,43.7989],[4.838,43.7985],[4.8392,43.7979],[4.8398,43.7973],[4.8406,43.7972],[4.841,43.7967],[4.8416,43.795],[4.842,43.7941],[4.843,43.7949],[4.8452,43.7976],[4.8472,43.7993],[4.8483,43.8007],[4.8504,43.8024],[4.8525,43.8043],[4.8535,43.8035],[4.8565,43.8041],[4.8584,43.8054],[4.8591,43.8079],[4.8597,43.8097],[4.8583,43.8107]]]},"properties":{"id_ffco":"2022-D13-1117","nom":"La petite Crau","_dept":"13","numero":"2022-D13-1117","commune":"Saint Remy de Provence","echelle":"1/10000","surface":"2.5 km²","format":"A4","annee":"2022","cartographes":"D. Seckler","proprietaire":"13 - Bouches-du-Rhône","niveau":"Régional","specialite":"CO à pied","latitude":"43.8082447357","longitude":"4.84967978115","date_saisie":"10/11/2022","date_depot":"15/02/2023","valide":"Oui","ppo":"Non","type_carte":"Reprise","base":"1992-D13-55 PETITE CRAU","fond":"IGN","obsolete":false}},{"type":"Feature","geometry":{"type":"Polygon","coordinates":[[[5.1637,43.6434],[5.1636,43.643],[5.1635,43.643],[5.1615,43.6424],[5.162,43.6417],[5.1619,43.6413],[5.1615,43.6412],[5.161,43.6417],[5.1609,43.6416],[5.1605,43.6415],[5.1605,43.6413],[5.1603,43.6412],[5.1598,43.6418],[5.1595,43.6417],[5.159,43.6409],[5.159,43.6406],[5.1588,43.6402],[5.1581,43.6402],[5.158,43.6399],[5.1585,43.6396],[5.158,43.6392],[5.1584,43.6387],[5.1583,43.6385],[5.1585,43.6383],[5.159,43.6385],[5.1595,43.6386],[5.1591,43.6392],[5.1595,43.6394],[5.1601,43.639],[5.1605,43.6389],[5.1608,43.6392],[5.161,43.6396],[5.162,43.6396],[5.1621,43.6394],[5.1623,43.6395],[5.1625,43.6399],[5.1624,43.6404],[5.1628,43.6406],[5.163,43.641],[5.1634,43.6412],[5.1638,43.6415],[5.164,43.6418],[5.1637,43.6434]]]},"properties":{"id_ffco":"2022-D13-1116","nom":"Pelissanne La Boulie","_dept":"13","numero":"2022-D13-1116","commune":"Pelissanne","echelle":"1/2500","surface":"0.11 km²","format":"A4","annee":"2022","cartographes":"D. Seckler","proprietaire":"13 - Bouches-du-Rhône","niveau":"Initiation, Scolaire","specialite":"CO à pied","latitude":"43.6406530875","longitude":"5.16099873729","date_saisie":"10/11/2022","date_depot":"15/02/2023","valide":"Oui","ppo":"Non","type_carte":"Nouvelle carte","fond":"IGN","obsolete":false}},{"type":"Feature","geometry":{"type":"Polygon","coordinates":[[[5.1652,43.6396],[5.1671,43.6398],[5.1683,43.6401],[5.1684,43.6396],[5.1682,43.6392],[5.1681,43.6389],[5.1681,43.6384],[5.1681,43.638],[5.1681,43.6377],[5.1677,43.6375],[5.1674,43.6373],[5.167,43.6371],[5.1668,43.6371],[5.1664,43.637],[5.1658,43.6369],[5.1658,43.6374],[5.1654,43.6382],[5.1651,43.6388],[5.1651,43.6395],[5.1652,43.6396]]]},"properties":{"id_ffco":"2022-D13-1115","nom":"Pelissanne le Pesquier","_dept":"13","numero":"2022-D13-1115","commune":"Pelissanne","echelle":"1/2000","surface":"0.07 km²","format":"A4","annee":"2022","cartographes":"D. Seckler","proprietaire":"13 - Bouches-du-Rhône","niveau":"Initiation, Scolaire","specialite":"CO à pied","latitude":"43.6385869057","longitude":"5.1667369515","date_saisie":"10/11/2022","date_depot":"21/02/2023","valide":"Oui","ppo":"Non","type_carte":"Nouvelle carte","fond":"IGN","obsolete":false}},{"type":"Feature","geometry":{"type":"Polygon","coordinates":[[[5.3149,43.6642],[5.3164,43.6646],[5.3204,43.6645],[5.3211,43.6632],[5.3214,43.6621],[5.3205,43.6616],[5.3198,43.6609],[5.319,43.6602],[5.3198,43.6594],[5.3206,43.6589],[5.3211,43.658],[5.3217,43.6572],[5.3207,43.6569],[5.3194,43.6561],[5.3192,43.6559],[5.3172,43.6555],[5.3163,43.6553],[5.3151,43.6557],[5.3142,43.6554],[5.313,43.6557],[5.3122,43.656],[5.3117,43.6563],[5.3105,43.6578],[5.3104,43.6589],[5.311,43.6595],[5.3117,43.66],[5.3134,43.6604],[5.3132,43.661],[5.3126,43.6611],[5.3123,43.663],[5.3138,43.663],[5.3145,43.663],[5.3149,43.6631],[5.3148,43.6637],[5.3149,43.6641],[5.3149,43.6642]]]},"properties":{"id_ffco":"2022-D13-1114","nom":"Rognes, La Javie","_dept":"13","numero":"2022-D13-1114","commune":"Rognes","echelle":"1/4000","surface":"0.66 km²","format":"A4","annee":"2022","cartographes":"Pierre Delenne","proprietaire":"13 - Bouches-du-Rhône","niveau":"Départemental","specialite":"CO à pied","latitude":"43.6597817205","longitude":"5.31625890033","date_saisie":"20/10/2022","date_depot":"15/02/2023","valide":"Oui","ppo":"Non","type_carte":"Nouvelle carte","fond":"Ortho","obsolete":false}},{"type":"Feature","geometry":{"type":"Polygon","coordinates":[[[5.5742,43.3028],[5.5736,43.3027],[5.5736,43.3028],[5.573,43.3029],[5.5726,43.3022],[5.5724,43.3023],[5.5722,43.3021],[5.5719,43.3019],[5.5721,43.3019],[5.5724,43.3018],[5.5727,43.302],[5.5733,43.3016],[5.5735,43.3015],[5.5736,43.3017],[5.5735,43.302],[5.5736,43.3024],[5.5745,43.3025],[5.5742,43.3028]]]},"properties":{"id_ffco":"2022-D13-1113","nom":"Parc en Ciel Aubagne","_dept":"13","numero":"2022-D13-1113","commune":"Aubagne","echelle":"1/1000","surface":"0.01 km²","format":"A4","annee":"2022","cartographes":"Pierre Delenne","proprietaire":"13 - Bouches-du-Rhône","niveau":"Initiation, Scolaire","specialite":"CO à pied","latitude":"43.3022845637","longitude":"5.57319140394","date_saisie":"08/10/2022","date_depot":"15/02/2023","valide":"Oui","ppo":"Non","type_carte":"Nouvelle carte","fond":"Ortho","obsolete":false}},{"type":"Feature","geometry":{"type":"Polygon","coordinates":[[[5.5809,43.2964],[5.5822,43.2962],[5.5831,43.2956],[5.5827,43.2952],[5.5816,43.2954],[5.5815,43.2943],[5.5807,43.294],[5.5806,43.2938],[5.5795,43.2938],[5.5795,43.2941],[5.5803,43.2944],[5.5803,43.2948],[5.5806,43.295],[5.5809,43.295],[5.5811,43.2958],[5.5806,43.2959],[5.5806,43.2964],[5.5809,43.2964]]]},"properties":{"id_ffco":"2022-D13-1112","nom":"Parc des Passons- Aubagne","_dept":"13","numero":"2022-D13-1112","commune":"Aubagne","echelle":"1/2000","surface":"0.03 km²","format":"A4","annee":"2022","cartographes":"Pierre Delenne","proprietaire":"13 - Bouches-du-Rhône","niveau":"Initiation, Scolaire","specialite":"CO à pied","latitude":"43.2951361316","longitude":"5.5812570856","date_saisie":"08/10/2022","date_depot":"15/02/2023","valide":"Oui","ppo":"Non","type_carte":"Nouvelle carte","fond":"Ortho","obsolete":false}},{"type":"Feature","geometry":{"type":"Polygon","coordinates":[[[5.6726,43.5256],[5.6731,43.5249],[5.6731,43.5245],[5.6735,43.5239],[5.6755,43.5234],[5.6761,43.5238],[5.6767,43.5235],[5.6773,43.5229],[5.6796,43.5237],[5.6804,43.5234],[5.6835,43.5235],[5.6838,43.5242],[5.683,43.5258],[5.6832,43.5275],[5.6825,43.5284],[5.6812,43.5285],[5.6805,43.5282],[5.6792,43.5278],[5.6786,43.5272],[5.6781,43.5267],[5.6757,43.5266],[5.6758,43.5275],[5.6754,43.5288],[5.674,43.5286],[5.6737,43.5284],[5.674,43.5276],[5.674,43.5272],[5.6734,43.5265],[5.6732,43.5262],[5.6726,43.5261],[5.6723,43.5259],[5.6726,43.5256]]]},"properties":{"id_ffco":"2022-D13-1111","nom":"Village de Puyloubier","_dept":"13","numero":"2022-D13-1111","commune":"Puyloubier","echelle":"1/4000","surface":"0.39 km²","format":"A4","annee":"2022","cartographes":"Pierre Delenne","proprietaire":"13 - Bouches-du-Rhône","niveau":"Régional","specialite":"Sprint (ISSOM)","latitude":"43.5256465843","longitude":"5.67838632042","date_saisie":"10/09/2022","date_depot":"21/02/2023","valide":"Oui","ppo":"Non","type_carte":"Nouvelle carte","fond":"Cadastre","obsolete":false}},{"type":"Feature","geometry":{"type":"Polygon","coordinates":[[[5.0653,43.6095],[5.0661,43.6094],[5.0673,43.6088],[5.0676,43.6085],[5.0679,43.6081],[5.0684,43.6079],[5.0688,43.608],[5.0692,43.608],[5.0695,43.6075],[5.0691,43.6071],[5.0685,43.6071],[5.0677,43.607],[5.0672,43.6074],[5.0666,43.6073],[5.0663,43.6071],[5.0661,43.6072],[5.0658,43.6073],[5.0651,43.6074],[5.065,43.6077],[5.0647,43.6078],[5.0651,43.6083],[5.0646,43.6086],[5.0653,43.6095]]]},"properties":{"id_ffco":"2022-D13-1110","nom":"Le Foirail ,Grans","_dept":"13","numero":"2022-D13-1110","commune":"Grans","echelle":"1/1500","surface":"0.06 km²","format":"A4","annee":"2022","cartographes":"Christine Verdeil","proprietaire":"College Grans","niveau":"Initiation, Scolaire","specialite":"Sprint (ISSOM)","latitude":"43.6081001521","longitude":"5.06672430689","date_saisie":"10/09/2022","date_depot":"17/05/2023","valide":"Oui","ppo":"Non","type_carte":"Nouvelle carte","fond":"Cadastre","obsolete":false}},{"type":"Feature","geometry":{"type":"Polygon","coordinates":[[[5.3987,43.4317],[5.3986,43.4309],[5.3996,43.4306],[5.4014,43.4301],[5.4024,43.4302],[5.4025,43.4309],[5.4015,43.4309],[5.4015,43.4318],[5.401,43.4319],[5.3999,43.4321],[5.3993,43.4321],[5.3992,43.432],[5.3987,43.4317]]]},"properties":{"id_ffco":"2022-D13-1109","nom":"Parc de la Forme","_dept":"13","numero":"2022-D13-1109","commune":"Bouc Bel Air","echelle":"1/1500","surface":"0.05 km²","format":"A4","annee":"2022","cartographes":"Pierre Delenne","proprietaire":"13 - Bouches-du-Rhône","niveau":"Initiation, Scolaire","specialite":"CO à pied","latitude":"43.4310937983","longitude":"5.40044691615","date_saisie":"02/04/2022","date_depot":"21/02/2023","valide":"Oui","ppo":"Non","type_carte":"Nouvelle carte","fond":"Ortho","obsolete":false}},{"type":"Feature","geometry":{"type":"Polygon","coordinates":[[[5.0959,43.6734],[5.1041,43.6758],[5.1085,43.6746],[5.1111,43.6757],[5.1122,43.6766],[5.121,43.6738],[5.1219,43.6728],[5.1197,43.6685],[5.119,43.6674],[5.1189,43.6655],[5.1177,43.6645],[5.1146,43.6633],[5.1124,43.6614],[5.1105,43.6621],[5.108,43.6613],[5.105,43.6589],[5.1024,43.6589],[5.098,43.6649],[5.096,43.6719],[5.0959,43.6734]]]},"properties":{"id_ffco":"2022-D13-1108","nom":"le talagard 2022","_dept":"13","numero":"2022-D13-1108","commune":"Salon de provence","echelle":"1/10000","surface":"2.73 km²","format":"A4","annee":"2022","cartographes":"D. Seckler","proprietaire":"13 - Bouches-du-Rhône","niveau":"Régional","specialite":"CO à pied","contacts":"CDCO13, cd.bouches-du-rhone@ffcorientation.fr","latitude":"43.66857442","longitude":"5.1081564725","date_saisie":"18/03/2022","date_depot":"05/05/2022","valide":"Oui","ppo":"Non","type_carte":"Reprise","base":"2014-D13-118 Le Tallagard","fond":"Ortho","obsolete":false}},{"type":"Feature","geometry":{"type":"Polygon","coordinates":[[[5.2464,43.4449],[5.2462,43.4444],[5.2462,43.4441],[5.2467,43.4437],[5.2473,43.4432],[5.2479,43.4427],[5.2484,43.4422],[5.2488,43.4417],[5.2492,43.4428],[5.2482,43.443],[5.2472,43.4442],[5.2472,43.4444],[5.2472,43.445],[5.2471,43.4455],[5.2467,43.4452],[5.2465,43.445],[5.2464,43.4449]]]},"properties":{"id_ffco":"2022-D13-1107","nom":"Parc des 3 marres","_dept":"13","numero":"2022-D13-1107","commune":"Vitrolles","echelle":"1/1500","surface":"0.03 km²","format":"A4","annee":"2022","cartographes":"Pierre Delenne","proprietaire":"13 - Bouches-du-Rhône","niveau":"Initiation, Scolaire","specialite":"CO à pied","latitude":"43.4436351252","longitude":"5.24750397413","date_saisie":"07/03/2022","date_depot":"16/02/2023","valide":"Oui","ppo":"Non","type_carte":"Nouvelle carte","fond":"Ortho","obsolete":false}},{"type":"Feature","geometry":{"type":"Polygon","coordinates":[[[5.5247,43.6406],[5.518,43.6394],[5.5212,43.6287],[5.5206,43.6248],[5.5216,43.6212],[5.5235,43.615],[5.5224,43.6107],[5.5206,43.6068],[5.5405,43.6043],[5.5571,43.6014],[5.5817,43.6022],[5.5882,43.6125],[5.5942,43.624],[5.593,43.6347],[5.5872,43.6429],[5.5697,43.6396],[5.5549,43.6393],[5.5394,43.6411],[5.5367,43.6411],[5.5247,43.6406]]]},"properties":{"id_ffco":"2022-D13-1106","nom":"De Meyrargues à Peyrolles","_dept":"13","numero":"2022-D13-1106","commune":"Meyrargues","echelle":"1/15000","surface":"23.11 km²","format":"A3","annee":"2022","cartographes":"Pierre Delenne","proprietaire":"13 - Bouches-du-Rhône","niveau":"Régional","specialite":"CO à pied","latitude":"43.6224018542","longitude":"5.55655482581","date_saisie":"22/01/2022","date_depot":"21/02/2023","valide":"Oui","ppo":"Non","type_carte":"Reprise","base":"2005-D13-1017 Peyrolles, La Grande Baume","fond":"Ortho","obsolete":false}},{"type":"Feature","geometry":{"type":"Polygon","coordinates":[[[5.368,43.2405],[5.3671,43.2399],[5.3661,43.2392],[5.3683,43.2372],[5.3691,43.2364],[5.3683,43.2342],[5.3673,43.2324],[5.3671,43.2314],[5.3716,43.2307],[5.3748,43.2308],[5.3774,43.2333],[5.3752,43.2356],[5.3729,43.2349],[5.3711,43.2373],[5.3692,43.2396],[5.368,43.2405]]]},"properties":{"id_ffco":"2017-D13-1105","nom":"Campagne Pastré","_dept":"13","numero":"2017-D13-1105","commune":"Marseille","echelle":"1/5000","surface":"0.46 km²","format":"A4","annee":"2017","cartographes":"Alain Pellegry, Jacques Keller","proprietaire":"13 - Bouches-du-Rhône","niveau":"Initiation, Scolaire","specialite":"CO à pied","latitude":"43.2343528486","longitude":"5.37130652889","date_saisie":"13/01/2022","date_depot":"21/02/2023","valide":"Oui","ppo":"Non","type_carte":"Reprise","base":"2004-D13-99 Campagne Pastré","fond":"Ortho","obsolete":false}},{"type":"Feature","geometry":{"type":"Polygon","coordinates":[[[5.5257,43.6405],[5.5217,43.6401],[5.5193,43.6394],[5.5177,43.638],[5.517,43.6365],[5.5172,43.6353],[5.5191,43.6352],[5.5195,43.6346],[5.5198,43.6339],[5.5224,43.6326],[5.5239,43.6328],[5.5263,43.6324],[5.5281,43.6322],[5.5298,43.6318],[5.5318,43.632],[5.5336,43.6326],[5.5345,43.634],[5.5357,43.6353],[5.5382,43.6345],[5.5385,43.6354],[5.5397,43.6372],[5.5408,43.6379],[5.5415,43.6388],[5.5414,43.6411],[5.5393,43.6415],[5.5368,43.6411],[5.5348,43.6406],[5.5319,43.6405],[5.5285,43.6405],[5.5273,43.6407],[5.5257,43.6405]]]},"properties":{"id_ffco":"2021-D13-1104","nom":"Meyrargues, le village","_dept":"13","numero":"2021-D13-1104","commune":"Meyrargues","echelle":"1/5000","surface":"1.45 km²","format":"A3","annee":"2021","cartographes":"Pierre Delenne","proprietaire":"13 - Bouches-du-Rhône","niveau":"Régional","specialite":"Sprint (ISSOM)","latitude":"43.6369011193","longitude":"5.52922762558","date_saisie":"19/12/2021","date_depot":"21/02/2023","valide":"Oui","ppo":"Non","type_carte":"Reprise","base":"2009-D13-24 Meyrargues village","fond":"Cadastre","obsolete":false}},{"type":"Feature","geometry":{"type":"Polygon","coordinates":[[[5.1098,43.5766],[5.1181,43.5755],[5.1217,43.5753],[5.1248,43.5748],[5.1307,43.5745],[5.1306,43.5743],[5.1274,43.5731],[5.1239,43.5704],[5.1218,43.5675],[5.1222,43.5664],[5.1224,43.5655],[5.1219,43.565],[5.1205,43.5642],[5.1196,43.5636],[5.1182,43.5633],[5.1177,43.563],[5.1166,43.562],[5.1159,43.5612],[5.1148,43.5606],[5.1132,43.5598],[5.1128,43.5598],[5.1124,43.5599],[5.1115,43.5598],[5.1103,43.5601],[5.1098,43.5604],[5.1064,43.5612],[5.1036,43.5694],[5.1046,43.5711],[5.1077,43.5739],[5.1083,43.5746],[5.1089,43.5761],[5.1094,43.5764],[5.1098,43.5766]]]},"properties":{"id_ffco":"2021-D13-1103","nom":"campagnole","_dept":"13","numero":"2021-D13-1103","commune":"Lançon-provence","echelle":"1/10000","surface":"2.34 km²","format":"A4","annee":"2021","cartographes":"D. Seckler","proprietaire":"13 - Bouches-du-Rhône","niveau":"Départemental","specialite":"CO à pied","contacts":"CDCO13, cd.bouches-du-rhone@ffcorientation.fr","latitude":"43.5688807648","longitude":"5.11433442287","date_saisie":"01/10/2021","valide":"Non","ppo":"Non","type_carte":"Nouvelle carte","fond":"Laser","obsolete":false}},{"type":"Feature","geometry":{"type":"Polygon","coordinates":[[[5.4238,43.2622],[5.4244,43.2623],[5.4246,43.2624],[5.4246,43.2626],[5.4244,43.263],[5.4249,43.2629],[5.4253,43.2631],[5.4258,43.2632],[5.4274,43.2636],[5.427,43.2625],[5.4261,43.2621],[5.426,43.2616],[5.4255,43.2612],[5.4245,43.2611],[5.4245,43.2615],[5.4243,43.2616],[5.4241,43.262],[5.4238,43.262],[5.4238,43.2622]]]},"properties":{"id_ffco":"2021-D13-1102","nom":"Lycée Pastré Grande Bastide","_dept":"13","numero":"2021-D13-1102","commune":"Marseille 9eme","echelle":"1/1500","surface":"0.04 km²","format":"A4","annee":"2021","cartographes":"Pierre Delenne","proprietaire":"13 - Bouches-du-Rhône","niveau":"Initiation, Scolaire","specialite":"CO à pied","latitude":"43.2623651847","longitude":"5.4255899434","date_saisie":"24/09/2021","valide":"Non","ppo":"Non","type_carte":"Nouvelle carte","fond":"Ortho","obsolete":false}},{"type":"Feature","geometry":{"type":"Polygon","coordinates":[[[5.4648,43.509],[5.4648,43.5097],[5.4649,43.5097],[5.4649,43.5099],[5.4645,43.5099],[5.4642,43.5099],[5.464,43.5099],[5.4642,43.5107],[5.4639,43.5108],[5.4636,43.5108],[5.4635,43.5108],[5.4634,43.5107],[5.4635,43.5106],[5.4633,43.5097],[5.4632,43.5091],[5.4648,43.509]]]},"properties":{"id_ffco":"2021-D13-1101","nom":"College Arc de Meyran","_dept":"13","numero":"2021-D13-1101","commune":"Aix en Provence","echelle":"1/750","surface":"0.02 km²","format":"A4","annee":"2021","cartographes":"Pierre Delenne","proprietaire":"13 - Bouches-du-Rhône","niveau":"Initiation, Scolaire","specialite":"CO à pied","latitude":"43.5097417627","longitude":"5.46395801666","date_saisie":"23/09/2021","valide":"Non","ppo":"Non","type_carte":"Nouvelle carte","fond":"Ortho","obsolete":false}},{"type":"Feature","geometry":{"type":"Polygon","coordinates":[[[4.7813,43.6337],[4.7783,43.6295],[4.7917,43.6266],[4.793,43.6291],[4.794,43.6313],[4.7988,43.6305],[4.7962,43.6345],[4.7939,43.635],[4.7923,43.6357],[4.7919,43.6365],[4.7865,43.6358],[4.7854,43.6357],[4.7848,43.6356],[4.7842,43.6355],[4.7837,43.6353],[4.7829,43.6346],[4.7813,43.6337]]]},"properties":{"id_ffco":"2021-D13-1100","nom":"Base de loisir Baisse de raillon","_dept":"13","numero":"2021-D13-1100","commune":"Saint Martin de Crau","echelle":"1/7500","surface":"1.05 km²","format":"A4","annee":"2021","cartographes":"D. Seckler","proprietaire":"13 - Bouches-du-Rhône","niveau":"Initiation, Scolaire","specialite":"CO à pied","latitude":"43.6317580523","longitude":"4.78828098571","date_saisie":"19/08/2021","valide":"Non","ppo":"Non","type_carte":"Nouvelle carte","fond":"Cadastre","obsolete":false}},{"type":"Feature","geometry":{"type":"Polygon","coordinates":[[[5.6312,43.6354],[5.6326,43.6371],[5.6333,43.6385],[5.6441,43.6387],[5.6447,43.6368],[5.6449,43.6363],[5.6461,43.6358],[5.6456,43.635],[5.6442,43.6354],[5.6432,43.6351],[5.6439,43.6332],[5.6439,43.6323],[5.6421,43.6328],[5.6425,43.6311],[5.6433,43.6309],[5.6433,43.6301],[5.6439,43.6292],[5.6406,43.6287],[5.638,43.6293],[5.633,43.6313],[5.6334,43.6317],[5.6312,43.6335],[5.6312,43.6354]]]},"properties":{"id_ffco":"2013-D13-110","nom":"Le Défends","_dept":"13","numero":"2013-D13-110","commune":"Jouques","echelle":"1/5000","surface":"0.93 km²","format":"A4","annee":"2013","cartographes":"Pierre Delenne","proprietaire":"13 - Bouches-du-Rhône","niveau":"Initiation, Scolaire","specialite":"CO à pied","latitude":"43.634246257","longitude":"5.63830721633","date_saisie":"09/12/2013","date_depot":"27/01/2016","valide":"Oui","ppo":"Non","type_carte":"Nouvelle carte","fond":"Ortho","obsolete":false}},{"type":"Feature","geometry":{"type":"Polygon","coordinates":[[[5.5538,43.4429],[5.5562,43.4443],[5.5596,43.4458],[5.5616,43.4464],[5.5636,43.4471],[5.5665,43.4471],[5.5699,43.4464],[5.5747,43.4448],[5.5745,43.4369],[5.5693,43.4354],[5.5649,43.4317],[5.5605,43.4352],[5.5581,43.4375],[5.5562,43.4399],[5.5539,43.4428],[5.5538,43.4429]]]},"properties":{"id_ffco":"2008-D13-11","nom":"Fuveau, les planes","_dept":"13","numero":"2008-D13-11","commune":"Fuveau","echelle":"1/7500","surface":"1.86 km²","format":"A4","annee":"2008","cartographes":"Gerard Venon, Pierre Delenne","proprietaire":"13 - Bouches-du-Rhône","niveau":"Régional","specialite":"CO à pied","latitude":"43.4405730385","longitude":"5.56534268235","date_saisie":"02/02/2012","valide":"Non","ppo":"Non","obsolete":false}},{"type":"Feature","geometry":{"type":"Polygon","coordinates":[[[5.4861,43.6077],[5.4892,43.6083],[5.4898,43.6097],[5.4901,43.6103],[5.489,43.6117],[5.4886,43.6131],[5.4934,43.6125],[5.4938,43.613],[5.4941,43.6135],[5.4926,43.6149],[5.4896,43.616],[5.4884,43.6163],[5.4879,43.618],[5.4871,43.6194],[5.4847,43.6192],[5.4823,43.6195],[5.4818,43.6172],[5.4811,43.6155],[5.4795,43.6155],[5.4781,43.6154],[5.4777,43.6132],[5.4781,43.6126],[5.4777,43.6119],[5.4794,43.6108],[5.482,43.6106],[5.4835,43.6104],[5.4835,43.609],[5.4836,43.608],[5.4857,43.6084],[5.4861,43.6077]]]},"properties":{"id_ffco":"2021-D13-1099","nom":"Les Fournas","_dept":"13","numero":"2021-D13-1099","commune":"Venelles","echelle":"1/7500","surface":"0.94 km²","format":"A4","annee":"2021","cartographes":"Pierre Delenne","proprietaire":"13 - Bouches-du-Rhône","niveau":"Régional","specialite":"CO à pied","latitude":"43.6136000696","longitude":"5.48521293565","date_saisie":"13/05/2021","date_depot":"25/08/2021","valide":"Oui","ppo":"Non","type_carte":"Nouvelle carte","fond":"Ortho","obsolete":false}},{"type":"Feature","geometry":{"type":"Polygon","coordinates":[[[5.1578,43.4901],[5.1593,43.4885],[5.1597,43.4881],[5.1608,43.4888],[5.1599,43.4897],[5.1603,43.4899],[5.1597,43.4905],[5.159,43.4903],[5.1588,43.4905],[5.1578,43.4901]]]},"properties":{"id_ffco":"2021-D13-1098","nom":"Stade de l'Arc","_dept":"13","numero":"2021-D13-1098","commune":"Berre l'Etang","echelle":"1/1500","surface":"0.03 km²","format":"A4","annee":"2021","cartographes":"Pierre Delenne","proprietaire":"13 - Bouches-du-Rhône","niveau":"Initiation, Scolaire","specialite":"CO à pied","latitude":"43.4894192893","longitude":"5.15937065058","date_saisie":"10/05/2021","date_depot":"25/08/2021","valide":"Oui","ppo":"Non","type_carte":"Nouvelle carte","fond":"Ortho","obsolete":false}},{"type":"Feature","geometry":{"type":"Polygon","coordinates":[[[5.1574,43.4881],[5.1582,43.4873],[5.1589,43.4874],[5.1594,43.4877],[5.1588,43.4884],[5.1581,43.4882],[5.1579,43.4882],[5.1574,43.4881]]]},"properties":{"id_ffco":"2021-D13-1097","nom":"College Fernand Léger","_dept":"13","numero":"2021-D13-1097","commune":"Berre l'Etang","echelle":"1/1000","surface":"0.01 km²","format":"A4","annee":"2021","cartographes":"Pierre Delenne","proprietaire":"13 - Bouches-du-Rhône","niveau":"Initiation, Scolaire","specialite":"CO à pied","latitude":"43.4878451295","longitude":"5.15845990902","date_saisie":"10/05/2021","date_depot":"25/08/2021","valide":"Oui","ppo":"Non","type_carte":"Nouvelle carte","fond":"Ortho","obsolete":false}},{"type":"Feature","geometry":{"type":"Polygon","coordinates":[[[5.2414,43.484],[5.244,43.4833],[5.2462,43.4828],[5.2474,43.4838],[5.2482,43.4835],[5.2492,43.4843],[5.2494,43.485],[5.2498,43.4862],[5.2507,43.4859],[5.2519,43.4861],[5.2527,43.4852],[5.2534,43.4848],[5.2523,43.4835],[5.2519,43.4829],[5.2528,43.4827],[5.2533,43.4825],[5.2532,43.4815],[5.2536,43.4811],[5.2532,43.4808],[5.2531,43.4804],[5.2526,43.4804],[5.2517,43.481],[5.251,43.4806],[5.2502,43.4803],[5.2507,43.4794],[5.251,43.4789],[5.2503,43.4784],[5.2497,43.4779],[5.2488,43.4777],[5.2483,43.4785],[5.2475,43.4788],[5.2461,43.4791],[5.2448,43.4796],[5.244,43.4796],[5.2435,43.4802],[5.2432,43.4809],[5.2408,43.4809],[5.2414,43.484]]]},"properties":{"id_ffco":"2021-D13-1096","nom":"Ravin de malaga","_dept":"13","numero":"2021-D13-1096","commune":"Rognac","echelle":"1/5000","surface":"0.49 km²","format":"A4","annee":"2021","cartographes":"Pierre Delenne","proprietaire":"13 - Bouches-du-Rhône","niveau":"Initiation, Scolaire","specialite":"CO à pied","latitude":"43.4818889001","longitude":"5.24788212963","date_saisie":"27/04/2021","date_depot":"25/08/2021","valide":"Oui","ppo":"Non","type_carte":"Reprise","base":"2010-D13-86 Ravin de Malaga","fond":"Ortho","obsolete":false}},{"type":"Feature","geometry":{"type":"Polygon","coordinates":[[[5.6458,43.3708],[5.6469,43.3705],[5.647,43.3702],[5.6471,43.3695],[5.6472,43.3691],[5.6462,43.3687],[5.645,43.3686],[5.6437,43.3685],[5.6429,43.3685],[5.6428,43.3696],[5.6433,43.3701],[5.6438,43.3705],[5.645,43.3708],[5.6458,43.3708]]]},"properties":{"id_ffco":"2021-D13-1094","nom":"Stade Christophe Joly","_dept":"13","numero":"2021-D13-1094","commune":"Auriol","echelle":"1/1000","surface":"0.07 km²","format":"A4","annee":"2021","cartographes":"Jean Luc Barral","proprietaire":"13 - Bouches-du-Rhône","niveau":"O+","specialite":"CO à pied","latitude":"43.3695894881","longitude":"5.64499021512","date_saisie":"08/04/2021","date_depot":"25/08/2021","valide":"Oui","ppo":"Non","type_carte":"Extrait","base":"2021-D13-1093 Parc de la confluence","fond":"Ortho","obsolete":false}},{"type":"Feature","geometry":{"type":"Polygon","coordinates":[[[5.6432,43.3683],[5.6445,43.3684],[5.6459,43.3686],[5.646,43.3694],[5.6455,43.3701],[5.6453,43.3705],[5.6436,43.3704],[5.6433,43.3701],[5.6429,43.3703],[5.6429,43.3705],[5.642,43.3703],[5.6418,43.3695],[5.6421,43.3693],[5.6421,43.3689],[5.6427,43.3686],[5.6432,43.3683]]]},"properties":{"id_ffco":"2021-D13-1093","nom":"Parc de la confluence","_dept":"13","numero":"2021-D13-1093","commune":"Auriol","echelle":"1/1000","surface":"0.07 km²","format":"A4","annee":"2021","cartographes":"Jean Luc Barral","proprietaire":"13 - Bouches-du-Rhône","niveau":"O+","specialite":"CO à pied","contacts":"Mairie d'Auriol, 04 42 01 91 09, sports.associations@mairie-auriol.fr","latitude":"43.3694156624","longitude":"5.64394519368","date_saisie":"08/04/2021","valide":"Non","ppo":"Oui (40 postes)","type_carte":"Nouvelle carte","fond":"Ortho","obsolete":false}},{"type":"Feature","geometry":{"type":"Polygon","coordinates":[[[5.4339,43.4297],[5.4339,43.4291],[5.4353,43.4291],[5.4352,43.4298],[5.4339,43.4297]]]},"properties":{"id_ffco":"2021-D13-1092","nom":"Parc de la mairie","_dept":"13","numero":"2021-D13-1092","commune":"Simiane Collongue","echelle":"1/750","surface":"0.01 km²","format":"A4","annee":"2021","cartographes":"Pierre Delenne","proprietaire":"13 - Bouches-du-Rhône","niveau":"Initiation, Scolaire","specialite":"CO à pied","latitude":"43.4294044852","longitude":"5.4345909211","date_saisie":"30/03/2021","date_depot":"25/08/2021","valide":"Oui","ppo":"Non","type_carte":"Nouvelle carte","fond":"Ortho","obsolete":false}},{"type":"Feature","geometry":{"type":"Polygon","coordinates":[[[5.4432,43.3338],[5.4437,43.3328],[5.444,43.3326],[5.4448,43.3324],[5.4448,43.332],[5.4446,43.3315],[5.4447,43.3312],[5.445,43.3306],[5.4458,43.3308],[5.446,43.3312],[5.4467,43.3314],[5.4466,43.3319],[5.447,43.3321],[5.448,43.3321],[5.4479,43.3325],[5.4477,43.3332],[5.4475,43.3336],[5.4473,43.3338],[5.4465,43.3338],[5.446,43.3337],[5.4456,43.3335],[5.4451,43.3336],[5.4445,43.3336],[5.4438,43.3337],[5.4432,43.3338]]]},"properties":{"id_ffco":"2021-D13-1091","nom":"Parc de la Ravelle","_dept":"13","numero":"2021-D13-1091","commune":"Marseille 13eme","echelle":"1/2000","surface":"0.08 km²","format":"A4","annee":"2021","cartographes":"Pierre Delenne","proprietaire":"13 - Bouches-du-Rhône","niveau":"Initiation, Scolaire","specialite":"CO à pied","latitude":"43.3325540164","longitude":"5.4457602016","date_saisie":"21/03/2021","valide":"Non","ppo":"Non","type_carte":"Nouvelle carte","fond":"Ortho","obsolete":false}},{"type":"Feature","geometry":{"type":"Polygon","coordinates":[[[5.4114,43.4812],[5.41,43.4804],[5.4094,43.48],[5.4098,43.4788],[5.4102,43.4785],[5.411,43.4787],[5.4115,43.4781],[5.4127,43.4788],[5.4144,43.4783],[5.4147,43.4794],[5.4145,43.4801],[5.4128,43.48],[5.4118,43.4808],[5.4121,43.4805],[5.4127,43.48],[5.4126,43.4801],[5.4114,43.4812]]]},"properties":{"id_ffco":"2021-D13-1090","nom":"Lycée Georges Duby","_dept":"13","numero":"2021-D13-1090","commune":"AIX EN PROVENCE","echelle":"1/2000","surface":"0.09 km²","format":"A4","annee":"2021","cartographes":"Pierre Delenne","proprietaire":"13 - Bouches-du-Rhône","niveau":"Initiation, Scolaire","specialite":"CO à pied","latitude":"43.4795279699","longitude":"5.41191800113","date_saisie":"29/01/2021","date_depot":"25/08/2021","valide":"Oui","ppo":"Non","type_carte":"Nouvelle carte","fond":"Ortho","obsolete":false}},{"type":"Feature","geometry":{"type":"Polygon","coordinates":[[[4.7125,43.7251],[4.7136,43.7265],[4.7156,43.7278],[4.7182,43.7274],[4.7203,43.7265],[4.7209,43.7263],[4.7209,43.7258],[4.7209,43.725],[4.7217,43.7246],[4.7243,43.7247],[4.7263,43.7248],[4.7286,43.7244],[4.7315,43.724],[4.732,43.7185],[4.7322,43.7156],[4.7321,43.7055],[4.7224,43.7048],[4.7174,43.7057],[4.7173,43.7064],[4.7161,43.7065],[4.7162,43.7074],[4.7159,43.7082],[4.7161,43.7091],[4.7168,43.7101],[4.7172,43.7112],[4.7173,43.7128],[4.7168,43.7144],[4.7167,43.7153],[4.7152,43.7162],[4.7134,43.7171],[4.7125,43.7179],[4.7115,43.7193],[4.7103,43.7219],[4.7099,43.7231],[4.7101,43.7238],[4.7125,43.7251]]]},"properties":{"id_ffco":"2012-D13-109","nom":"Le Moulin de Daudet","_dept":"13","numero":"2012-D13-109","commune":"Fontvieille","echelle":"1/10000","surface":"3.23 km²","format":"A4","annee":"2012","cartographes":"D Seckler","proprietaire":"13 - Bouches-du-Rhône","niveau":"Régional","specialite":"CO à pied","contacts":"CDCO13, cd.bouches-du-rhone@ffcorientation.fr","latitude":"43.7161955947","longitude":"4.72262960214","date_saisie":"09/12/2013","date_depot":"29/07/2015","valide":"Oui","ppo":"Non","type_carte":"Nouvelle carte","fond":"Ortho","obsolete":false}},{"type":"Feature","geometry":{"type":"Polygon","coordinates":[[[5.3544,43.3466],[5.3545,43.3459],[5.3539,43.3458],[5.3529,43.3451],[5.3523,43.3452],[5.3516,43.3446],[5.3508,43.3449],[5.3498,43.3448],[5.3493,43.346],[5.3496,43.3465],[5.3501,43.3468],[5.3512,43.3465],[5.3532,43.3464],[5.3545,43.3464],[5.3544,43.3466]]]},"properties":{"id_ffco":"2021-D13-1089","nom":"Lycee Saint Exupery","_dept":"13","numero":"2021-D13-1089","commune":"Marseille","echelle":"1/1500","surface":"0.06 km²","format":"A4","annee":"2021","cartographes":"Pierre Delenne","proprietaire":"13 - Bouches-du-Rhône","niveau":"Initiation, Scolaire","specialite":"CO à pied","latitude":"43.3457689009","longitude":"5.35154537682","date_saisie":"16/01/2021","date_depot":"25/08/2021","valide":"Oui","ppo":"Non","type_carte":"Nouvelle carte","fond":"Ortho","obsolete":false}},{"type":"Feature","geometry":{"type":"Polygon","coordinates":[[[5.4125,43.3593],[5.4105,43.3612],[5.4058,43.3616],[5.3963,43.3632],[5.3945,43.3666],[5.3989,43.3692],[5.4036,43.3732],[5.4077,43.376],[5.4101,43.3776],[5.4128,43.3791],[5.4174,43.3829],[5.4201,43.3832],[5.4215,43.3815],[5.4228,43.3807],[5.425,43.3815],[5.4272,43.3813],[5.4279,43.3803],[5.43,43.3808],[5.4344,43.3808],[5.4359,43.382],[5.4381,43.3828],[5.4389,43.3838],[5.4406,43.3838],[5.4419,43.3824],[5.4434,43.3833],[5.445,43.3841],[5.4448,43.3858],[5.4464,43.3863],[5.4478,43.3855],[5.4486,43.3865],[5.4464,43.3905],[5.446,43.3915],[5.4489,43.3932],[5.4518,43.3936],[5.453,43.3938],[5.4537,43.3942],[5.4548,43.3951],[5.4563,43.3958],[5.458,43.395],[5.4594,43.3949],[5.4615,43.3943],[5.4627,43.3939],[5.4648,43.3931],[5.4667,43.3934],[5.4753,43.393],[5.4815,43.3933],[5.4841,43.3931],[5.4863,43.3932],[5.4913,43.3931],[5.4939,43.3815],[5.4911,43.3737],[5.4975,43.364],[5.4966,43.3639],[5.4958,43.3631],[5.4947,43.3629],[5.494,43.3623],[5.4923,43.3617],[5.4875,43.3613],[5.4831,43.3612],[5.415,43.3609],[5.4125,43.3593]]]},"properties":{"id_ffco":"2020-D13-1088","nom":"Massif de l'étoile 2020","_dept":"13","numero":"2020-D13-1088","commune":"marseille","echelle":"1/20000","surface":"21.76 km²","format":"A3","annee":"2020","cartographes":"D. Seckler, J.L. Barral","proprietaire":"13 - Bouches-du-Rhône","niveau":"Régional","specialite":"CO à VTT","contacts":"CDCO13, cd.bouches-du-rhone@ffcorientation.fr","latitude":"43.3747518583","longitude":"5.4528392483","date_saisie":"15/12/2020","valide":"Non","ppo":"Non","type_carte":"Reprise","base":"2020-D13-1088 Massif de l'étoile 2020","fond":"Ortho","obsolete":false}},{"type":"Feature","geometry":{"type":"Polygon","coordinates":[[[5.5016,43.2933],[5.5022,43.2915],[5.505,43.2916],[5.5092,43.2933],[5.5093,43.2941],[5.5088,43.2955],[5.5066,43.2959],[5.503,43.2947],[5.5016,43.2933]]]},"properties":{"id_ffco":"2020-D13-1087","nom":"Parc des 7 collines","_dept":"13","numero":"2020-D13-1087","commune":"Marseille","echelle":"1/2500","surface":"0.21 km²","format":"A4","annee":"2020","cartographes":"Paul Visca, Pierre Delenne","proprietaire":"13 - Bouches-du-Rhône","niveau":"Initiation, Scolaire","specialite":"CO à pied","latitude":"43.2936411862","longitude":"5.5054674052","date_saisie":"08/10/2020","date_depot":"25/08/2021","valide":"Oui","ppo":"Non","type_carte":"Extrait","base":"2010-D13-155 Parc 7 collines","fond":"Ortho","obsolete":false}},{"type":"Feature","geometry":{"type":"Polygon","coordinates":[[[5.4242,43.658],[5.4234,43.6567],[5.4233,43.6557],[5.4234,43.6546],[5.4228,43.6531],[5.4226,43.6521],[5.4227,43.6512],[5.4242,43.6521],[5.426,43.6519],[5.4293,43.6512],[5.4309,43.6499],[5.4319,43.6478],[5.4334,43.6462],[5.4336,43.6452],[5.4333,43.6446],[5.4373,43.6448],[5.4423,43.6452],[5.4434,43.6469],[5.4422,43.6508],[5.4391,43.6522],[5.4381,43.6532],[5.4354,43.6544],[5.4354,43.6562],[5.4332,43.657],[5.4309,43.6563],[5.4289,43.6568],[5.4276,43.6577],[5.4266,43.6583],[5.4258,43.6582],[5.4242,43.658]]]},"properties":{"id_ffco":"2020-D13-1086","nom":"La Quille-Le Puy Ste Reparade","_dept":"13","numero":"2020-D13-1086","commune":"Le Puy Ste Reparade","echelle":"1/7500","surface":"1.33 km²","format":"A4","annee":"2020","cartographes":"Pierre Delenne","proprietaire":"13 - Bouches-du-Rhône","niveau":"Régional","specialite":"CO à pied","latitude":"43.651360416","longitude":"5.43337057005","date_saisie":"03/10/2020","date_depot":"25/08/2021","valide":"Oui","ppo":"Non","type_carte":"Extrait","base":"2020-D13-1083 Le Puy Ste Reparade","fond":"Ortho","obsolete":false}},{"type":"Feature","geometry":{"type":"Polygon","coordinates":[[[5.393,43.3168],[5.393,43.3169],[5.3929,43.3171],[5.393,43.3174],[5.3929,43.3176],[5.3926,43.3178],[5.392,43.3178],[5.3917,43.3176],[5.3916,43.3174],[5.3914,43.3172],[5.391,43.317],[5.391,43.3169],[5.3911,43.3167],[5.3913,43.3166],[5.3916,43.3167],[5.3918,43.3167],[5.392,43.3166],[5.3923,43.3165],[5.3926,43.3165],[5.3929,43.3164],[5.393,43.3166],[5.393,43.3167],[5.393,43.3168]]]},"properties":{"id_ffco":"2020-D13-1085","nom":"College Alexandre Dumas","_dept":"13","numero":"2020-D13-1085","commune":"Marseille","echelle":"1/1000","surface":"0.02 km²","format":"A4","annee":"2020","cartographes":"Pierre Delenne","proprietaire":"13 - Bouches-du-Rhône","niveau":"Initiation, Scolaire","specialite":"CO à pied","latitude":"43.317121471","longitude":"5.39216920856","date_saisie":"01/09/2020","date_depot":"25/08/2021","valide":"Oui","ppo":"Non","type_carte":"Nouvelle carte","fond":"Ortho","obsolete":false}},{"type":"Feature","geometry":{"type":"Polygon","coordinates":[[[5.3777,43.24],[5.3778,43.2396],[5.3778,43.2393],[5.3778,43.2387],[5.3778,43.2378],[5.3777,43.2373],[5.3782,43.237],[5.3787,43.2369],[5.3797,43.2372],[5.3814,43.2376],[5.3815,43.2382],[5.3812,43.2388],[5.3805,43.2395],[5.38,43.2401],[5.3809,43.2408],[5.3806,43.2409],[5.3807,43.2411],[5.3801,43.2416],[5.3797,43.2413],[5.3799,43.2411],[5.3791,43.2406],[5.3786,43.2402],[5.3783,43.2402],[5.378,43.2404],[5.3778,43.2402],[5.3777,43.24]]]},"properties":{"id_ffco":"2020-D13-1084","nom":"College et Lycée Marseilleveyre","_dept":"13","numero":"2020-D13-1084","commune":"Marseille","echelle":"1/2000","surface":"0.1 km²","format":"A4","annee":"2020","cartographes":"Pierre Delenne, Adrien Delenne","proprietaire":"13 - Bouches-du-Rhône","niveau":"Initiation, Scolaire","specialite":"CO à pied","latitude":"43.2388897309","longitude":"5.37942836508","date_saisie":"29/08/2020","date_depot":"25/08/2021","valide":"Oui","ppo":"Non","type_carte":"Nouvelle carte","fond":"Ortho","obsolete":false}},{"type":"Feature","geometry":{"type":"Polygon","coordinates":[[[5.4274,43.6594],[5.4331,43.6547],[5.4374,43.6532],[5.442,43.6516],[5.4453,43.6469],[5.4448,43.6412],[5.445,43.638],[5.4507,43.6344],[5.4563,43.6317],[5.4563,43.6303],[5.4569,43.6296],[5.4561,43.6283],[5.4554,43.6271],[5.4553,43.6261],[5.4545,43.6252],[5.4537,43.6238],[5.4534,43.6229],[5.4511,43.6224],[5.4505,43.6228],[5.4489,43.6244],[5.447,43.6246],[5.4453,43.6257],[5.4415,43.6265],[5.4384,43.6271],[5.4355,43.6255],[5.4354,43.6255],[5.4357,43.6278],[5.4369,43.6291],[5.4366,43.6301],[5.4349,43.6312],[5.4332,43.6324],[5.4311,43.6324],[5.4294,43.6345],[5.4293,43.6357],[5.4309,43.6386],[5.4303,43.6411],[5.4299,43.6422],[5.4303,43.6431],[5.4324,43.6436],[5.4333,43.6442],[5.4339,43.6455],[5.4326,43.647],[5.4314,43.6479],[5.4303,43.6487],[5.4305,43.6509],[5.43,43.6514],[5.4264,43.6524],[5.4243,43.6528],[5.4236,43.652],[5.4229,43.6513],[5.4229,43.6528],[5.4236,43.6544],[5.4233,43.6563],[5.4243,43.6577],[5.4247,43.6585],[5.4232,43.6589],[5.4218,43.6601],[5.4227,43.6613],[5.4245,43.6613],[5.4258,43.6604],[5.4257,43.6592],[5.4266,43.6592],[5.4274,43.6594]]]},"properties":{"id_ffco":"2020-D13-1083","nom":"Le Puy Ste Reparade","_dept":"13","numero":"2020-D13-1083","commune":"Le Puy Ste Reparade","echelle":"1/10000","surface":"4.62 km²","format":"A3","annee":"2020","cartographes":"Pierre Delenne","proprietaire":"13 - Bouches-du-Rhône","niveau":"Régional","specialite":"CO à pied","latitude":"43.6395708211","longitude":"5.43948879114","date_saisie":"16/01/2020","date_depot":"25/08/2021","valide":"Oui","ppo":"Non","type_carte":"Nouvelle carte","fond":"Ortho","obsolete":false}},{"type":"Feature","geometry":{"type":"Polygon","coordinates":[[[4.7435,43.8972],[4.74,43.8989],[4.7385,43.8986],[4.7361,43.8988],[4.7337,43.8991],[4.7324,43.8991],[4.7304,43.8989],[4.7285,43.8989],[4.7249,43.899],[4.7236,43.8989],[4.7222,43.8985],[4.7206,43.898],[4.7188,43.8972],[4.7154,43.8963],[4.7136,43.896],[4.7125,43.8958],[4.7126,43.895],[4.7125,43.8941],[4.713,43.893],[4.7133,43.8925],[4.7144,43.8926],[4.7152,43.8923],[4.7155,43.8919],[4.7166,43.8922],[4.717,43.8922],[4.7169,43.8916],[4.7167,43.8908],[4.7175,43.8902],[4.7177,43.8898],[4.7172,43.8891],[4.717,43.888],[4.7169,43.8873],[4.717,43.8865],[4.7176,43.8857],[4.718,43.8856],[4.7188,43.8861],[4.7192,43.886],[4.7201,43.8856],[4.7204,43.885],[4.7202,43.8841],[4.7201,43.8828],[4.7204,43.8817],[4.7219,43.8812],[4.7238,43.8809],[4.7247,43.8809],[4.7255,43.8817],[4.7263,43.8825],[4.7275,43.883],[4.7286,43.8832],[4.7298,43.8833],[4.7311,43.8832],[4.7322,43.8833],[4.733,43.8835],[4.7337,43.8837],[4.7347,43.8836],[4.7357,43.8835],[4.7367,43.8834],[4.7373,43.8837],[4.7374,43.8848],[4.7379,43.8858],[4.7383,43.8868],[4.7388,43.8877],[4.7398,43.8886],[4.7405,43.889],[4.7414,43.8895],[4.7421,43.8901],[4.7428,43.8914],[4.7431,43.8919],[4.7429,43.8928],[4.7429,43.8937],[4.7432,43.8947],[4.7434,43.8961],[4.7435,43.8972]]]},"properties":{"id_ffco":"2020-D13-1082","nom":"auriol et mouroumiou","_dept":"13","numero":"2020-D13-1082","commune":"Barbentane","echelle":"1/10000","surface":"3.46 km²","format":"A4","annee":"2020","cartographes":"D. Seckler","proprietaire":"13 - Bouches-du-Rhône","niveau":"Régional","specialite":"CO à pied","contacts":"CDCO13, cd.bouches-du-rhone@ffcorientation.fr","latitude":"43.8913328104","longitude":"4.72870902542","date_saisie":"04/01/2020","date_depot":"21/07/2020","valide":"Oui","ppo":"Non","type_carte":"Reprise","base":"2011-D13-134 Auriol et Mouroumiou","fond":"Ortho","obsolete":false}},{"type":"Feature","geometry":{"type":"Polygon","coordinates":[[[5.6342,43.6371],[5.6337,43.6376],[5.6332,43.6387],[5.6351,43.6389],[5.6374,43.6384],[5.6398,43.6385],[5.6417,43.6382],[5.6433,43.6377],[5.6442,43.6373],[5.6444,43.6366],[5.6441,43.6357],[5.6433,43.6356],[5.6436,43.6342],[5.6437,43.6334],[5.644,43.6329],[5.6442,43.6323],[5.6446,43.6315],[5.6447,43.6311],[5.6437,43.6306],[5.6433,43.63],[5.6427,43.6292],[5.6438,43.6285],[5.6445,43.6276],[5.6436,43.6269],[5.6421,43.6264],[5.6413,43.6263],[5.6396,43.627],[5.6382,43.628],[5.638,43.6289],[5.6348,43.631],[5.6331,43.632],[5.6312,43.6335],[5.632,43.6341],[5.6318,43.6356],[5.6329,43.6367],[5.6335,43.6372],[5.6342,43.6371]]]},"properties":{"id_ffco":"2019-D13-1081","nom":"Jouques, village et colline du Défend","_dept":"13","numero":"2019-D13-1081","commune":"Jouques","echelle":"1/5000","surface":"0.99 km²","format":"+","annee":"2019","cartographes":"Pierre Delenne","proprietaire":"13 - Bouches-du-Rhône","niveau":"Régional","specialite":"CO à pied","latitude":"43.633321724","longitude":"5.63872736677","date_saisie":"11/12/2019","date_depot":"14/02/2020","valide":"Oui","ppo":"Non","type_carte":"Reprise","base":"2013-D13-110 Le Défends","fond":"Ortho","obsolete":false}},{"type":"Feature","geometry":{"type":"Polygon","coordinates":[[[5.4687,43.4445],[5.4684,43.4437],[5.4683,43.4434],[5.4684,43.4431],[5.4685,43.4428],[5.4686,43.4425],[5.469,43.4424],[5.469,43.4426],[5.469,43.4429],[5.47,43.4429],[5.47,43.4436],[5.4699,43.4444],[5.4691,43.4444],[5.4687,43.4445]]]},"properties":{"id_ffco":"2019-D13-1080","nom":"Complexe du Pesquier","_dept":"13","numero":"2019-D13-1080","commune":"Gardanne","echelle":"1/1000","surface":"0.02 km²","format":"A4","annee":"2019","cartographes":"Pierre Delenne","proprietaire":"13 - Bouches-du-Rhône","niveau":"Initiation, Scolaire","specialite":"CO à pied","latitude":"43.4435476077","longitude":"5.469188241","date_saisie":"14/10/2019","date_depot":"14/02/2020","valide":"Oui","ppo":"Non","type_carte":"Nouvelle carte","fond":"Cadastre","obsolete":false}},{"type":"Feature","geometry":{"type":"Polygon","coordinates":[[[4.8824,43.8841],[4.8804,43.8839],[4.8798,43.8757],[4.8846,43.8757],[4.8859,43.8779],[4.8861,43.8789],[4.8867,43.8794],[4.8884,43.8791],[4.892,43.8771],[4.8922,43.8822],[4.8924,43.8841],[4.8824,43.8841]]]},"properties":{"id_ffco":"2009-D13-108","nom":"Le Rougadou","_dept":"13","numero":"2009-D13-108","commune":"Noves","echelle":"1/5000","surface":"0.73 km²","format":"A4","annee":"2009","cartographes":"D Seckler","proprietaire":"13 - Bouches-du-Rhône","niveau":"Initiation, Scolaire","specialite":"CO à pied","contacts":"CDCO13, cd.bouches-du-rhone@ffcorientation.fr","latitude":"43.8804821704","longitude":"4.88562464788","date_saisie":"09/12/2013","date_depot":"20/10/2015","valide":"Oui","ppo":"Non","type_carte":"Extrait","base":"2003-D13-41 Chateaurenard, Rocher de Martin","fond":"Ortho","obsolete":false}},{"type":"Feature","geometry":{"type":"Polygon","coordinates":[[[5.4686,43.4445],[5.4684,43.4432],[5.4683,43.4429],[5.4674,43.443],[5.4667,43.4431],[5.4664,43.4435],[5.4663,43.4437],[5.4666,43.4443],[5.4678,43.4446],[5.4685,43.4445],[5.4686,43.4445]]]},"properties":{"id_ffco":"2019-D13-1079","nom":"College Pesquier","_dept":"13","numero":"2019-D13-1079","commune":"Gardanne","echelle":"1/1000","surface":"0.03 km²","format":"A4","annee":"2019","cartographes":"Pierre Delenne","proprietaire":"13 - Bouches-du-Rhône","niveau":"Initiation, Scolaire","specialite":"CO à pied","latitude":"43.4437581812","longitude":"5.4675208648","date_saisie":"12/10/2019","date_depot":"14/02/2020","valide":"Oui","ppo":"Non","type_carte":"Nouvelle carte","fond":"Ortho","obsolete":false}},{"type":"Feature","geometry":{"type":"Polygon","coordinates":[[[5.5447,43.4338],[5.5449,43.4333],[5.5451,43.4328],[5.5458,43.4322],[5.546,43.4318],[5.5481,43.431],[5.5494,43.4312],[5.5506,43.4316],[5.5522,43.4325],[5.5531,43.4331],[5.5532,43.434],[5.5529,43.4349],[5.5521,43.4353],[5.5517,43.4358],[5.5517,43.4362],[5.5508,43.4363],[5.5499,43.4358],[5.5483,43.4346],[5.5471,43.434],[5.5459,43.4339],[5.5447,43.4338]]]},"properties":{"id_ffco":"2019-D13-1078","nom":"Colline du stade","_dept":"13","numero":"2019-D13-1078","commune":"Greasque","echelle":"1/2500","surface":"0.23 km²","format":"A4","annee":"2019","cartographes":"Pierre Delenne","proprietaire":"13 - Bouches-du-Rhône","niveau":"Initiation, Scolaire","specialite":"CO à pied","latitude":"43.4334242737","longitude":"5.5494294352","date_saisie":"11/10/2019","date_depot":"14/02/2020","valide":"Oui","ppo":"Non","type_carte":"Reprise","base":"2010-D13-2 Stade de Gréasque","fond":"Ortho","obsolete":false}},{"type":"Feature","geometry":{"type":"Polygon","coordinates":[[[5.0611,43.3946],[5.0608,43.3948],[5.0607,43.3951],[5.0604,43.3955],[5.0606,43.3962],[5.0605,43.3965],[5.061,43.3966],[5.0616,43.3965],[5.0614,43.3958],[5.0616,43.3953],[5.0617,43.3946],[5.0614,43.3945],[5.0611,43.3946]]]},"properties":{"id_ffco":"2019-D13-1077","nom":"college G. Philippe - Martigues","_dept":"13","numero":"2019-D13-1077","commune":"Martigues","echelle":"1/1000","surface":"0.02 km²","format":"A4","annee":"2019","cartographes":"Daniel Seckler","proprietaire":"13 - Bouches-du-Rhône","niveau":"Initiation, Scolaire","specialite":"CO à pied","latitude":"43.3955991144","longitude":"5.06107058929","date_saisie":"11/10/2019","date_depot":"14/02/2020","valide":"Oui","ppo":"Non","type_carte":"Nouvelle carte","fond":"Cadastre","obsolete":false}},{"type":"Feature","geometry":{"type":"Polygon","coordinates":[[[5.5509,43.4362],[5.5497,43.4356],[5.5482,43.4344],[5.5465,43.4339],[5.545,43.4337],[5.5444,43.4337],[5.5443,43.4332],[5.5427,43.4332],[5.5421,43.4329],[5.5414,43.4332],[5.5412,43.433],[5.5424,43.4309],[5.5428,43.4302],[5.5436,43.4304],[5.5444,43.4301],[5.5449,43.4301],[5.5453,43.4293],[5.546,43.4295],[5.5475,43.4303],[5.5488,43.431],[5.5505,43.4315],[5.5519,43.4322],[5.5528,43.4329],[5.5533,43.4339],[5.5529,43.4349],[5.5515,43.4353],[5.5515,43.4359],[5.5515,43.4362],[5.5509,43.4362]]]},"properties":{"id_ffco":"2019-D13-1076","nom":"Greasque Village","_dept":"13","numero":"2019-D13-1076","commune":"Greasque","echelle":"1/4000","surface":"0.36 km²","format":"A4","annee":"2019","cartographes":"Pierre Delenne","proprietaire":"13 - Bouches-du-Rhône","niveau":"Régional","specialite":"Sprint (ISSOM)","latitude":"43.4326237534","longitude":"5.54759966971","date_saisie":"22/09/2019","date_depot":"14/02/2020","valide":"Oui","ppo":"Non","type_carte":"Reprise","base":"2010-D13-89 Village de Gréasque","fond":"Cadastre","obsolete":false}},{"type":"Feature","geometry":{"type":"Polygon","coordinates":[[[5.6269,43.369],[5.6277,43.3696],[5.629,43.37],[5.6294,43.3703],[5.6293,43.3706],[5.6294,43.3711],[5.6297,43.3716],[5.6309,43.3713],[5.6327,43.371],[5.6341,43.3712],[5.6348,43.3717],[5.6361,43.3713],[5.6374,43.3712],[5.6394,43.3714],[5.6417,43.3716],[5.6437,43.3721],[5.6451,43.3721],[5.6471,43.3723],[5.6479,43.3722],[5.649,43.3723],[5.6495,43.3716],[5.6492,43.3705],[5.6491,43.3696],[5.649,43.3689],[5.6479,43.3682],[5.646,43.3678],[5.6439,43.3676],[5.6421,43.3677],[5.64,43.3682],[5.6382,43.3683],[5.6376,43.3673],[5.6372,43.3667],[5.6374,43.3662],[5.6369,43.3657],[5.6361,43.3649],[5.6345,43.3651],[5.6324,43.365],[5.6317,43.3646],[5.63,43.3648],[5.6288,43.3654],[5.6284,43.3673],[5.6282,43.3684],[5.6269,43.369]]]},"properties":{"id_ffco":"2019-D13-1075","nom":"Auriol, centre ancien","_dept":"13","numero":"2019-D13-1075","commune":"Auriol","echelle":"1/4000","surface":"0.91 km²","format":"A4","annee":"2019","cartographes":"Pierre Delenne","proprietaire":"13 - Bouches-du-Rhône","niveau":"National, International","specialite":"Sprint (ISSOM)","latitude":"43.3689545959","longitude":"5.63769164851","date_saisie":"20/09/2019","date_depot":"14/02/2020","valide":"Oui","ppo":"Non","type_carte":"Nouvelle carte","fond":"Cadastre","obsolete":false}},{"type":"Feature","geometry":{"type":"Polygon","coordinates":[[[5.3968,43.2416],[5.3971,43.2409],[5.3974,43.2399],[5.3973,43.239],[5.3968,43.2389],[5.3955,43.2391],[5.3936,43.2394],[5.394,43.2399],[5.3946,43.2407],[5.3958,43.2413],[5.3964,43.2415],[5.3968,43.2416]]]},"properties":{"id_ffco":"2019-D13-1074","nom":"College du Roy d'Espagne","_dept":"13","numero":"2019-D13-1074","commune":"Marseille","echelle":"1/1500","surface":"0.06 km²","format":"A4","annee":"2019","cartographes":"Pierre Delenne","proprietaire":"13 - Bouches-du-Rhône","niveau":"Initiation, Scolaire","specialite":"CO à pied","latitude":"43.2400814328","longitude":"5.3958533027","date_saisie":"10/09/2019","date_depot":"14/02/2020","valide":"Oui","ppo":"Non","type_carte":"Nouvelle carte","fond":"Ortho","obsolete":false}},{"type":"Feature","geometry":{"type":"Polygon","coordinates":[[[5.5416,43.4331],[5.5422,43.4328],[5.5427,43.4323],[5.543,43.432],[5.5435,43.4318],[5.543,43.4309],[5.5426,43.4308],[5.5421,43.4317],[5.5415,43.4324],[5.5414,43.4327],[5.5413,43.433],[5.5414,43.4331],[5.5416,43.4331]]]},"properties":{"id_ffco":"2019-D13-1073","nom":"College de Gréasque","_dept":"13","numero":"2019-D13-1073","commune":"Greasque","echelle":"1/1000","surface":"0.02 km²","format":"A4","annee":"2019","cartographes":"Adrien Delenne","proprietaire":"13 - Bouches-du-Rhône","niveau":"Initiation, Scolaire","specialite":"CO à pied","latitude":"43.4319530555","longitude":"5.54238877511","date_saisie":"09/09/2019","date_depot":"14/02/2020","valide":"Oui","ppo":"Non","type_carte":"Nouvelle carte","fond":"Ortho","obsolete":false}},{"type":"Feature","geometry":{"type":"Polygon","coordinates":[[[5.4099,43.4396],[5.4092,43.4395],[5.4087,43.4394],[5.4083,43.4398],[5.4084,43.4402],[5.4084,43.4404],[5.4094,43.4406],[5.4097,43.4402],[5.4099,43.4396]]]},"properties":{"id_ffco":"2019-D13-1072","nom":"Stade Guy Drut","_dept":"13","numero":"2019-D13-1072","commune":"Bouc Bel Air","echelle":"1/1000","surface":"0.01 km²","format":"A4","annee":"2019","cartographes":"Adrien Delenne","proprietaire":"13 - Bouches-du-Rhône","niveau":"Initiation, Scolaire","specialite":"CO à pied","latitude":"43.4399900142","longitude":"5.40906064942","date_saisie":"09/09/2019","date_depot":"14/02/2020","valide":"Oui","ppo":"Non","type_carte":"Nouvelle carte","fond":"Ortho","obsolete":false}},{"type":"Feature","geometry":{"type":"Polygon","coordinates":[[[5.4092,43.4378],[5.4092,43.4381],[5.4092,43.4384],[5.409,43.4387],[5.4087,43.4389],[5.4083,43.4389],[5.4075,43.4387],[5.4078,43.4379],[5.4082,43.4378],[5.4087,43.4376],[5.4093,43.4377],[5.4092,43.4378]]]},"properties":{"id_ffco":"2019-D13-1071","nom":"College Brassens","_dept":"13","numero":"2019-D13-1071","commune":"Bouc Bel Air","echelle":"1/1000","surface":"0.01 km²","format":"A4","annee":"2019","cartographes":"Adrien Delenne","proprietaire":"13 - Bouches-du-Rhône","niveau":"Initiation, Scolaire","specialite":"CO à pied","latitude":"43.4382678067","longitude":"5.40843865442","date_saisie":"09/09/2019","date_depot":"14/02/2020","valide":"Oui","ppo":"Non","type_carte":"Nouvelle carte","fond":"Ortho","obsolete":false}},{"type":"Feature","geometry":{"type":"Polygon","coordinates":[[[5.3368,43.3851],[5.3372,43.3844],[5.3382,43.3831],[5.3401,43.3818],[5.3414,43.3819],[5.3426,43.3815],[5.3425,43.3805],[5.3427,43.3799],[5.3419,43.3792],[5.3414,43.3789],[5.3398,43.3792],[5.3383,43.3797],[5.3372,43.3798],[5.3356,43.3803],[5.3369,43.3821],[5.3371,43.3825],[5.3356,43.3836],[5.3349,43.3842],[5.3357,43.3847],[5.3368,43.3851]]]},"properties":{"id_ffco":"2019-D13-1070","nom":"Le Verduron","_dept":"13","numero":"2019-D13-1070","commune":"Les Pennes Mirabeau","echelle":"1/2000","surface":"0.2 km²","format":"A4","annee":"2019","cartographes":"Pierre Delenne","proprietaire":"13 - Bouches-du-Rhône","niveau":"Initiation, Scolaire","specialite":"CO à pied","latitude":"43.3814048986","longitude":"5.33883000353","date_saisie":"08/09/2019","date_depot":"14/02/2020","valide":"Oui","ppo":"Non","type_carte":"Nouvelle carte","fond":"Ortho","obsolete":false}},{"type":"Feature","geometry":{"type":"Polygon","coordinates":[[[5.1049,43.6258],[5.105,43.6254],[5.105,43.6251],[5.1048,43.625],[5.1039,43.6248],[5.1031,43.6248],[5.1029,43.6251],[5.1029,43.6254],[5.1028,43.6257],[5.1029,43.6259],[5.1032,43.6262],[5.1062,43.6266],[5.1063,43.6261],[5.1059,43.626],[5.106,43.6259],[5.1049,43.6258]]]},"properties":{"id_ffco":"2019-D13-1069","nom":"Stade de Lurian","_dept":"13","numero":"2019-D13-1069","commune":"Salon de Provence","echelle":"1/1000","surface":"0.03 km²","format":"A4","annee":"2019","cartographes":"Daniel Seckler","proprietaire":"13 - Bouches-du-Rhône","niveau":"Initiation, Scolaire","specialite":"Sprint (ISSOM)","latitude":"43.6257011643","longitude":"5.10432159342","date_saisie":"06/09/2019","date_depot":"14/02/2020","valide":"Oui","ppo":"Non","type_carte":"Nouvelle carte","fond":"Cadastre","obsolete":false}},{"type":"Feature","geometry":{"type":"Polygon","coordinates":[[[5.1053,43.6251],[5.1052,43.6252],[5.1051,43.6252],[5.1051,43.6253],[5.1051,43.6254],[5.105,43.6258],[5.1059,43.626],[5.1073,43.6251],[5.1071,43.6249],[5.1065,43.6251],[5.1054,43.6249],[5.1053,43.6251]]]},"properties":{"id_ffco":"2019-D13-1068","nom":"College d'Arbaud","_dept":"13","numero":"2019-D13-1068","commune":"Salon de Provence","echelle":"1/750","surface":"0.01 km²","format":"A4","annee":"2019","cartographes":"Daniel Seckler","proprietaire":"13 - Bouches-du-Rhône","niveau":"Initiation, Scolaire","specialite":"Sprint (ISSOM)","latitude":"43.6254005215","longitude":"5.10595304788","date_saisie":"06/09/2019","date_depot":"14/02/2020","valide":"Oui","ppo":"Non","type_carte":"Nouvelle carte","fond":"Cadastre","obsolete":false}},{"type":"Feature","geometry":{"type":"Polygon","coordinates":[[[5.344,43.366],[5.3442,43.3649],[5.3443,43.3645],[5.3429,43.3645],[5.3428,43.3648],[5.3426,43.3649],[5.343,43.3655],[5.3433,43.3659],[5.3434,43.3661],[5.344,43.366]]]},"properties":{"id_ffco":"2019-D13-1067","nom":"College Henri Barnier","_dept":"13","numero":"2019-D13-1067","commune":"Marseille","echelle":"1/1000","surface":"0.02 km²","format":"A4","annee":"2019","cartographes":"Pierre Delenne","proprietaire":"13 - Bouches-du-Rhône","niveau":"Initiation, Scolaire","specialite":"CO à pied","latitude":"43.3651782474","longitude":"5.34354227841","date_saisie":"28/08/2019","date_depot":"14/02/2020","valide":"Oui","ppo":"Non","type_carte":"Nouvelle carte","fond":"Ortho","obsolete":false}},{"type":"Feature","geometry":{"type":"Polygon","coordinates":[[[5.4955,43.4809],[5.4949,43.4796],[5.4945,43.4789],[5.4952,43.4785],[5.4979,43.4782],[5.5004,43.4779],[5.5022,43.4774],[5.5034,43.4781],[5.5058,43.4791],[5.5078,43.4797],[5.509,43.4798],[5.5113,43.4799],[5.5134,43.4805],[5.5158,43.4809],[5.5182,43.4814],[5.5208,43.4823],[5.5227,43.4823],[5.5239,43.4836],[5.5235,43.4856],[5.5215,43.4875],[5.5215,43.4888],[5.5201,43.4899],[5.5178,43.489],[5.514,43.4894],[5.5126,43.4886],[5.5113,43.4884],[5.5089,43.4879],[5.5064,43.4874],[5.5047,43.487],[5.5025,43.4866],[5.5028,43.4854],[5.5005,43.4842],[5.4989,43.4833],[5.4976,43.4819],[5.4955,43.4809]]]},"properties":{"id_ffco":"2019-D13-1066","nom":"Le Défends de Meyreuil","_dept":"13","numero":"2019-D13-1066","commune":"Meyreuil","echelle":"1/10000","surface":"1.8 km²","format":"A4","annee":"2019","cartographes":"Olivier Estela","proprietaire":"13 - Bouches-du-Rhône","niveau":"Départemental","specialite":"CO à pied","latitude":"43.4836211163","longitude":"5.51001831721","date_saisie":"14/05/2019","date_depot":"14/02/2020","valide":"Oui","ppo":"Non","type_carte":"Nouvelle carte","fond":"Ortho","obsolete":false}},{"type":"Feature","geometry":{"type":"Polygon","coordinates":[[[5.4389,43.2364],[5.4409,43.2369],[5.4425,43.2369],[5.4462,43.2347],[5.4474,43.2334],[5.448,43.231],[5.4475,43.2285],[5.4467,43.2266],[5.4454,43.2247],[5.4443,43.2237],[5.4404,43.2248],[5.4375,43.2258],[5.4364,43.2289],[5.4356,43.2316],[5.4355,43.2339],[5.4368,43.2359],[5.4389,43.2364]]]},"properties":{"id_ffco":"2019-D13-1065","nom":"Campus de Luminy","_dept":"13","numero":"2019-D13-1065","commune":"Marseille","echelle":"1/5000","surface":"1.12 km²","format":"A4","annee":"2019","cartographes":"Alain Pellegry, Pierre Delenne","proprietaire":"13 - Bouches-du-Rhône","niveau":"Initiation, Scolaire","specialite":"CO à pied","latitude":"43.230618552","longitude":"5.44173299307","date_saisie":"03/03/2019","date_depot":"14/02/2020","valide":"Oui","ppo":"Non","type_carte":"Reprise","base":"2007-D13-21 Luminy","fond":"Ortho","obsolete":false}},{"type":"Feature","geometry":{"type":"Polygon","coordinates":[[[5.4259,43.2405],[5.431,43.2424],[5.4349,43.2423],[5.435,43.2363],[5.435,43.2332],[5.4351,43.2319],[5.424,43.2315],[5.4229,43.2348],[5.4236,43.2374],[5.4251,43.2394],[5.4259,43.2405]]]},"properties":{"id_ffco":"2019-D13-1064","nom":"Stade de Luminy","_dept":"13","numero":"2019-D13-1064","commune":"Marseille","echelle":"1/5000","surface":"0.99 km²","format":"A4","annee":"2019","cartographes":"Alain Pellegry, Pierre Delenne","proprietaire":"13 - Bouches-du-Rhône","niveau":"Initiation, Scolaire","specialite":"CO à pied","latitude":"43.2365201526","longitude":"5.42957153877","date_saisie":"03/03/2019","date_depot":"14/02/2020","valide":"Oui","ppo":"Non","type_carte":"Reprise","base":"2007-D13-21 Luminy","fond":"Ortho","obsolete":false}},{"type":"Feature","geometry":{"type":"Polygon","coordinates":[[[5.2923,43.5396],[5.2917,43.5395],[5.2921,43.537],[5.2919,43.5359],[5.2919,43.535],[5.292,43.534],[5.2934,43.5336],[5.2933,43.5331],[5.2936,43.5327],[5.2937,43.5315],[5.2936,43.531],[5.2952,43.5314],[5.2958,43.5318],[5.2969,43.5306],[5.2976,43.5301],[5.2976,43.5291],[5.297,43.5283],[5.2965,43.5272],[5.2988,43.5274],[5.3045,43.5275],[5.3041,43.5302],[5.3035,43.5319],[5.3051,43.5323],[5.3049,43.5335],[5.3016,43.5345],[5.2999,43.5349],[5.2993,43.5358],[5.2982,43.5366],[5.2971,43.5371],[5.2957,43.5373],[5.2945,43.5384],[5.2936,43.5392],[5.293,43.5395],[5.2923,43.5396]]]},"properties":{"id_ffco":"2019-D13-1063","nom":"Ventabren","_dept":"13","numero":"2019-D13-1063","commune":"Ventabren","echelle":"1/5000","surface":"0.79 km²","format":"A4","annee":"2019","cartographes":"Pierre Delenne","proprietaire":"13 - Bouches-du-Rhône","niveau":"Départemental","specialite":"Sprint (ISSOM)","latitude":"43.5327928238","longitude":"5.29822149782","date_saisie":"26/02/2019","date_depot":"14/02/2020","valide":"Oui","ppo":"Non","type_carte":"Nouvelle carte","fond":"Ortho","obsolete":false}},{"type":"Feature","geometry":{"type":"Polygon","coordinates":[[[4.7087,43.7254],[4.7128,43.7173],[4.7162,43.7155],[4.7172,43.7139],[4.7174,43.7112],[4.7167,43.7098],[4.7161,43.7085],[4.7162,43.707],[4.7179,43.7052],[4.7231,43.7047],[4.7422,43.7062],[4.7495,43.7076],[4.7545,43.7091],[4.7512,43.7181],[4.7567,43.7212],[4.7554,43.7255],[4.7471,43.7244],[4.7411,43.7242],[4.7378,43.7288],[4.7332,43.7297],[4.7334,43.728],[4.7327,43.7274],[4.7317,43.7274],[4.731,43.7265],[4.727,43.726],[4.7259,43.7261],[4.724,43.7257],[4.7149,43.728],[4.7087,43.7254]]]},"properties":{"id_ffco":"2019-D13-1062","nom":"Fontvieille VTT","_dept":"13","numero":"2019-D13-1062","commune":"Fontvieille","echelle":"1/15000","surface":"7.29 km²","format":"A4","annee":"2019","cartographes":"Daniel Seckler","proprietaire":"13 - Bouches-du-Rhône","niveau":"Régional","specialite":"CO à VTT","latitude":"43.7167056668","longitude":"4.73278610168","date_saisie":"25/02/2019","date_depot":"14/02/2020","valide":"Oui","ppo":"Non","type_carte":"Nouvelle carte","fond":"IGN","obsolete":false}},{"type":"Feature","geometry":{"type":"Polygon","coordinates":[[[5.6375,43.4504],[5.6383,43.4499],[5.6393,43.4502],[5.6406,43.4496],[5.6431,43.4489],[5.6454,43.4491],[5.6466,43.449],[5.6471,43.4482],[5.6453,43.4464],[5.643,43.4456],[5.6414,43.4448],[5.6401,43.4443],[5.6394,43.4452],[5.638,43.4455],[5.637,43.4459],[5.6355,43.4457],[5.6343,43.4466],[5.6323,43.4468],[5.6316,43.4474],[5.6323,43.4492],[5.632,43.4506],[5.6354,43.4504],[5.6375,43.4504]]]},"properties":{"id_ffco":"2019-D13-1061","nom":"Village de Peynier","_dept":"13","numero":"2019-D13-1061","commune":"Peynier","echelle":"1/4000","surface":"0.53 km²","format":"A4","annee":"2019","cartographes":"Matthieu Puech","proprietaire":"13 - Bouches-du-Rhône","niveau":"Régional","specialite":"Sprint (ISSOM)","latitude":"43.4477808584","longitude":"5.63884866661","date_saisie":"15/01/2019","date_depot":"14/02/2020","valide":"Oui","ppo":"Non","type_carte":"Nouvelle carte","fond":"Cadastre","obsolete":false}},{"type":"Feature","geometry":{"type":"Polygon","coordinates":[[[4.9929,43.4917],[4.9951,43.492],[4.999,43.4918],[4.9994,43.491],[4.9994,43.4902],[5.0006,43.4908],[5.0014,43.4891],[5.0017,43.4882],[5.0031,43.4861],[5.003,43.4841],[5.0029,43.4825],[5.0026,43.4802],[5.0019,43.4793],[5.0004,43.4793],[4.9978,43.4797],[4.9977,43.4812],[4.9982,43.4818],[4.9982,43.4823],[4.9963,43.4825],[4.9959,43.4851],[4.998,43.4854],[4.9963,43.4868],[4.9962,43.4877],[4.9953,43.4895],[4.9929,43.4917]]]},"properties":{"id_ffco":"2018-D13-1059","nom":"Istres la pinède","_dept":"13","numero":"2018-D13-1059","commune":"Istres","echelle":"1/5000","surface":"0.65 km²","format":"A4","annee":"2018","cartographes":"Daniel Seckler","proprietaire":"13 - Bouches-du-Rhône","niveau":"Régional","specialite":"Sprint (ISSOM)","contacts":"Office de Tourisme de Istres, 04 42 81 76 00, tourisme@istres.fr","latitude":"43.4858253242","longitude":"4.99912122567","date_saisie":"11/10/2018","date_depot":"06/12/2018","valide":"Oui","ppo":"Oui (55 postes)","type_carte":"Nouvelle carte","fond":"IGN","obsolete":false}},{"type":"Feature","geometry":{"type":"Polygon","coordinates":[[[5.5602,43.4577],[5.559,43.457],[5.5586,43.4565],[5.5584,43.4543],[5.5584,43.4539],[5.5595,43.4527],[5.5628,43.4484],[5.5651,43.4488],[5.5674,43.4505],[5.5664,43.4521],[5.5664,43.4534],[5.5672,43.454],[5.5662,43.4549],[5.565,43.4555],[5.5633,43.4562],[5.5625,43.4565],[5.5617,43.457],[5.5611,43.4577],[5.5602,43.4577]]]},"properties":{"id_ffco":"2018-D13-1058","nom":"Fuveau","_dept":"13","numero":"2018-D13-1058","commune":"Fuveau","echelle":"1/4000","surface":"0.47 km²","format":"A4","annee":"2018","cartographes":"Matthieu Puech","proprietaire":"13 - Bouches-du-Rhône","niveau":"Régional","specialite":"Sprint (ISSOM)","latitude":"43.4530900126","longitude":"5.56278211048","date_saisie":"27/09/2018","date_depot":"06/12/2018","valide":"Oui","ppo":"Non","type_carte":"Nouvelle carte","fond":"Cadastre","obsolete":false}},{"type":"Feature","geometry":{"type":"Polygon","coordinates":[[[5.4555,43.6311],[5.4564,43.6301],[5.4561,43.6291],[5.4562,43.6289],[5.4556,43.6276],[5.4554,43.6268],[5.4546,43.6258],[5.4539,43.625],[5.454,43.624],[5.4534,43.6227],[5.4531,43.6217],[5.4524,43.6213],[5.4507,43.6211],[5.4503,43.623],[5.449,43.6243],[5.4473,43.625],[5.4454,43.6261],[5.444,43.6269],[5.443,43.628],[5.4406,43.6286],[5.4388,43.6291],[5.4369,43.6294],[5.4361,43.6304],[5.4354,43.6306],[5.4351,43.6312],[5.4344,43.6325],[5.435,43.634],[5.436,43.6333],[5.4383,43.6329],[5.4403,43.6327],[5.442,43.6324],[5.4435,43.6319],[5.4439,43.6327],[5.4454,43.6339],[5.4474,43.6338],[5.4478,43.633],[5.449,43.6321],[5.4513,43.6325],[5.4532,43.6317],[5.455,43.6314],[5.4562,43.6307],[5.4555,43.6311]]]},"properties":{"id_ffco":"2018-D13-1057","nom":"Bois de Saint  Canadet","_dept":"13","numero":"2018-D13-1057","commune":"Le Puy Ste Reparade","echelle":"1/7500","surface":"1.2 km²","format":"A4","annee":"2018","cartographes":"Pierre Delenne","proprietaire":"13 - Bouches-du-Rhône","niveau":"Régional","specialite":"CO à pied","latitude":"43.6289076856","longitude":"5.44721502895","date_saisie":"15/09/2018","date_depot":"06/12/2018","valide":"Oui","ppo":"Non","type_carte":"Nouvelle carte","fond":"Ortho","obsolete":false}},{"type":"Feature","geometry":{"type":"Polygon","coordinates":[[[5.2499,43.451],[5.2497,43.4506],[5.2496,43.4504],[5.2501,43.4497],[5.2509,43.45],[5.2511,43.4497],[5.2514,43.4499],[5.2515,43.45],[5.2516,43.4501],[5.2514,43.4503],[5.2503,43.4509],[5.2499,43.451]]]},"properties":{"id_ffco":"2018-D13-1056","nom":"Gymnase Coubertin","_dept":"13","numero":"2018-D13-1056","commune":"Vitrolles","echelle":"1/1000","surface":"0.01 km²","format":"A4","annee":"2018","cartographes":"Pierre Delenne","proprietaire":"13 - Bouches-du-Rhône","niveau":"Initiation, Scolaire","specialite":"CO à pied","latitude":"43.4503026901","longitude":"5.25049089661","date_saisie":"31/07/2018","date_depot":"06/12/2018","valide":"Oui","ppo":"Non","type_carte":"Nouvelle carte","fond":"Ortho","obsolete":false}},{"type":"Feature","geometry":{"type":"Polygon","coordinates":[[[5.4231,43.266],[5.4218,43.2662],[5.4211,43.2663],[5.4209,43.2656],[5.4207,43.2653],[5.4206,43.2646],[5.4223,43.2646],[5.4224,43.2651],[5.4229,43.2651],[5.4231,43.266]]]},"properties":{"id_ffco":"2018-D13-1055","nom":"College Gyptis","_dept":"13","numero":"2018-D13-1055","commune":"Marseille","echelle":"1/1500","surface":"0.03 km²","format":"A4","annee":"2018","cartographes":"Pierre Delenne","proprietaire":"13 - Bouches-du-Rhône","niveau":"Initiation, Scolaire","specialite":"CO à pied","latitude":"43.2653925568","longitude":"5.42177556898","date_saisie":"13/07/2018","date_depot":"06/12/2018","valide":"Oui","ppo":"Non","type_carte":"Nouvelle carte","fond":"Ortho","obsolete":false}},{"type":"Feature","geometry":{"type":"Polygon","coordinates":[[[5.25,43.4496],[5.2487,43.4491],[5.2492,43.4483],[5.2498,43.4486],[5.2502,43.4489],[5.2505,43.4491],[5.25,43.4496]]]},"properties":{"id_ffco":"2018-D13-1054","nom":"College Henri Bosco","_dept":"13","numero":"2018-D13-1054","commune":"Vitrolles","echelle":"1/1000","surface":"0.01 km²","format":"A4","annee":"2018","cartographes":"Pierre Delenne","proprietaire":"13 - Bouches-du-Rhône","niveau":"Initiation, Scolaire","specialite":"CO à pied","latitude":"43.4489953467","longitude":"5.2495410022","date_saisie":"07/06/2018","date_depot":"06/12/2018","valide":"Oui","ppo":"Non","type_carte":"Nouvelle carte","fond":"Cadastre","obsolete":false}},{"type":"Feature","geometry":{"type":"Polygon","coordinates":[[[5.6135,43.1925],[5.6131,43.1921],[5.6126,43.1917],[5.6124,43.1908],[5.6132,43.1907],[5.6138,43.1906],[5.614,43.1906],[5.6141,43.191],[5.6142,43.1911],[5.6142,43.1913],[5.6146,43.1917],[5.6148,43.192],[5.6147,43.1923],[5.6142,43.1924],[5.6135,43.1925]]]},"properties":{"id_ffco":"2018-D13-1053","nom":"Lycée de la Méditerranée","_dept":"13","numero":"2018-D13-1053","commune":"La Ciotat","echelle":"1/1000","surface":"0.03 km²","format":"A4","annee":"2018","cartographes":"Pierre Delenne","proprietaire":"13 - Bouches-du-Rhône","niveau":"Initiation, Scolaire","specialite":"CO à pied","latitude":"43.1915425885","longitude":"5.61358484351","date_saisie":"30/05/2018","date_depot":"06/12/2018","valide":"Oui","ppo":"Non","type_carte":"Nouvelle carte","fond":"Ortho","obsolete":false}},{"type":"Feature","geometry":{"type":"Polygon","coordinates":[[[5.0391,43.4176],[5.0386,43.4166],[5.0388,43.4161],[5.0388,43.4152],[5.0403,43.4157],[5.0411,43.4151],[5.0421,43.4151],[5.0431,43.4149],[5.0425,43.4139],[5.043,43.4137],[5.0439,43.4137],[5.0454,43.4141],[5.0461,43.4143],[5.0472,43.4141],[5.0483,43.4144],[5.0489,43.4143],[5.049,43.415],[5.05,43.4153],[5.0503,43.4147],[5.0511,43.4145],[5.0515,43.4148],[5.0522,43.4152],[5.0528,43.4157],[5.0524,43.4159],[5.0518,43.4162],[5.0512,43.4168],[5.0509,43.4174],[5.051,43.4182],[5.05,43.418],[5.0488,43.4176],[5.0479,43.4175],[5.0475,43.418],[5.0476,43.4186],[5.0473,43.419],[5.0471,43.4194],[5.047,43.4198],[5.0465,43.4196],[5.0459,43.4193],[5.0451,43.4193],[5.0444,43.4192],[5.0441,43.419],[5.0438,43.4185],[5.0446,43.4183],[5.0443,43.4179],[5.0439,43.4178],[5.043,43.418],[5.042,43.418],[5.041,43.4179],[5.0391,43.4176]]]},"properties":{"id_ffco":"2018-D13-1052","nom":"Notre Dame des Marins","_dept":"13","numero":"2018-D13-1052","commune":"Martigues","echelle":"1/5000","surface":"0.42 km²","format":"A4","annee":"2018","cartographes":"Pierre Delenne","proprietaire":"13 - Bouches-du-Rhône","niveau":"Initiation, Scolaire","specialite":"CO à pied","latitude":"43.4164138719","longitude":"5.04553183045","date_saisie":"22/05/2018","date_depot":"06/12/2018","valide":"Oui","ppo":"Non","type_carte":"Nouvelle carte","fond":"Ortho","obsolete":false}},{"type":"Feature","geometry":{"type":"Polygon","coordinates":[[[5.1083,43.6367],[5.1077,43.6373],[5.1071,43.6378],[5.1069,43.6384],[5.1055,43.6392],[5.1047,43.6392],[5.1045,43.6387],[5.1045,43.6382],[5.1045,43.6378],[5.1043,43.6375],[5.1043,43.6371],[5.105,43.6369],[5.105,43.6366],[5.1051,43.6364],[5.1059,43.6361],[5.1067,43.6359],[5.1075,43.6358],[5.1083,43.6358],[5.1083,43.6367]]]},"properties":{"id_ffco":"2018-D13-1051","nom":"Colline Saint Léon","_dept":"13","numero":"2018-D13-1051","commune":"Salon de Provence","echelle":"1/2000","surface":"0.08 km²","format":"A4","annee":"2018","cartographes":"Daniel Seckler","proprietaire":"13 - Bouches-du-Rhône","niveau":"Initiation, Scolaire","specialite":"CO à pied","contacts":"Ville de Salon","latitude":"43.6373677964","longitude":"5.10617681985","date_saisie":"22/05/2018","date_depot":"06/12/2018","valide":"Oui","ppo":"Oui (40 postes)","type_carte":"Nouvelle carte","fond":"IGN","url":"https://www.salondeprovence.fr/votre-mairie/1912-parcours-dorientation/","obsolete":false}},{"type":"Feature","geometry":{"type":"Polygon","coordinates":[[[5.2795,43.4335],[5.2808,43.4331],[5.2812,43.4324],[5.2808,43.4317],[5.2805,43.4307],[5.2811,43.4297],[5.2814,43.4288],[5.2823,43.4287],[5.2841,43.429],[5.2845,43.4297],[5.2854,43.4291],[5.2854,43.4286],[5.285,43.4281],[5.2841,43.4277],[5.2832,43.4274],[5.2829,43.4271],[5.2832,43.4265],[5.2823,43.4262],[5.2812,43.427],[5.2803,43.4273],[5.2796,43.427],[5.2786,43.4271],[5.2768,43.4275],[5.2742,43.4282],[5.2738,43.4285],[5.2738,43.4292],[5.2777,43.4318],[5.2795,43.4335]]]},"properties":{"id_ffco":"2018-D13-1050","nom":"Parc du Griffon","_dept":"13","numero":"2018-D13-1050","commune":"Vitrolles","echelle":"1/4000","surface":"0.34 km²","format":"A4","annee":"2018","cartographes":"Pierre Delenne","proprietaire":"13 - Bouches-du-Rhône","niveau":"Initiation, Scolaire","specialite":"CO à pied","contacts":"Mairie de Vitrolles, 04 42 97 70 00, https://www.vitrolles13.fr/courseorientation/","latitude":"43.4293636187","longitude":"5.27923990717","date_saisie":"19/05/2018","date_depot":"06/12/2018","valide":"Oui","ppo":"Oui (95 postes)","type_carte":"Nouvelle carte","fond":"Ortho","url":"https://www.vitrolles13.fr/courseorientation/","obsolete":false}},{"type":"Feature","geometry":{"type":"Polygon","coordinates":[[[5.235,43.4118],[5.2348,43.4092],[5.2387,43.4089],[5.2386,43.41],[5.2411,43.4097],[5.2411,43.4089],[5.2448,43.4089],[5.2489,43.4094],[5.2506,43.4074],[5.253,43.4085],[5.2532,43.4082],[5.2528,43.4076],[5.252,43.4063],[5.251,43.406],[5.2431,43.406],[5.2376,43.4058],[5.2343,43.4055],[5.2325,43.4055],[5.2308,43.4061],[5.2309,43.4075],[5.2324,43.4088],[5.2327,43.4094],[5.2325,43.4118],[5.235,43.4118]]]},"properties":{"id_ffco":"2018-D13-1047","nom":"Colline Notre Dame","_dept":"13","numero":"2018-D13-1047","commune":"Marignane","echelle":"1/5000","surface":"0.65 km²","format":"A4","annee":"2018","cartographes":"Pierre Delenne","proprietaire":"13 - Bouches-du-Rhône","niveau":"Départemental","specialite":"CO à pied","latitude":"43.4077241598","longitude":"5.24046723421","date_saisie":"04/04/2018","date_depot":"06/12/2018","valide":"Oui","ppo":"Non","type_carte":"Nouvelle carte","fond":"Ortho","obsolete":false}},{"type":"Feature","geometry":{"type":"Polygon","coordinates":[[[4.9806,43.4631],[4.985,43.4628],[4.9905,43.4604],[4.9938,43.4572],[4.9943,43.4548],[4.9936,43.4519],[4.9917,43.4508],[4.9899,43.4476],[4.9899,43.4438],[4.9909,43.4408],[4.9952,43.4403],[4.9974,43.4361],[5.0034,43.4347],[5.005,43.4276],[5.0007,43.4264],[4.9947,43.4241],[4.9919,43.425],[4.989,43.4254],[4.985,43.4246],[4.9828,43.4241],[4.9811,43.4275],[4.9814,43.4295],[4.9833,43.431],[4.983,43.4348],[4.9794,43.4373],[4.9789,43.4408],[4.9787,43.4428],[4.9808,43.4444],[4.9797,43.4466],[4.9766,43.4498],[4.9754,43.4527],[4.9754,43.4554],[4.9796,43.4578],[4.9806,43.4631]]]},"properties":{"id_ffco":"2018-D13-1046","nom":"Castillon 2018","_dept":"13","numero":"2018-D13-1046","commune":"Port de Bouc","echelle":"1/15000","surface":"5.37 km²","format":"A3","annee":"2018","cartographes":"Pierre Delenne, Daniel Seckler","proprietaire":"13 - Bouches-du-Rhône","niveau":"Régional","specialite":"CO à pied","latitude":"43.4418260134","longitude":"4.98824272934","date_saisie":"24/03/2018","date_depot":"06/12/2018","valide":"Oui","ppo":"Non","type_carte":"Reprise","base":"2012-D13-1002 Domaine de Castillon","fond":"Ortho","obsolete":false}},{"type":"Feature","geometry":{"type":"Polygon","coordinates":[[[4.9519,43.4558],[4.9556,43.4561],[4.9602,43.4557],[4.9642,43.4504],[4.9629,43.4494],[4.9589,43.4501],[4.9589,43.4446],[4.9561,43.4434],[4.9551,43.4456],[4.9522,43.4492],[4.9495,43.4528],[4.9514,43.4539],[4.9525,43.4543],[4.9519,43.4558]]]},"properties":{"id_ffco":"2017-D13-1045","nom":"Mourre Poussiou","_dept":"13","numero":"2017-D13-1045","commune":"Fos sur mer","echelle":"1/5000","surface":"0.88 km²","format":"A4","annee":"2017","cartographes":"Pierre Delenne","proprietaire":"13 - Bouches-du-Rhône","niveau":"Initiation, Scolaire","specialite":"CO à pied","latitude":"43.4510440619","longitude":"4.95662457461","date_saisie":"29/11/2017","date_depot":"15/01/2018","valide":"Oui","ppo":"Non","type_carte":"Nouvelle carte","fond":"Ortho","obsolete":false}},{"type":"Feature","geometry":{"type":"Polygon","coordinates":[[[5.0356,43.5826],[5.0353,43.5822],[5.0347,43.5821],[5.0348,43.5814],[5.0339,43.5814],[5.0333,43.581],[5.0289,43.58],[5.0266,43.5809],[5.0215,43.5845],[5.0217,43.585],[5.0215,43.5855],[5.0215,43.586],[5.0215,43.5867],[5.0219,43.5874],[5.0226,43.5879],[5.0233,43.5887],[5.0242,43.5891],[5.0243,43.5896],[5.0253,43.5903],[5.0253,43.5916],[5.0265,43.5922],[5.0264,43.5926],[5.0259,43.5928],[5.0257,43.5931],[5.0261,43.5947],[5.0271,43.5947],[5.0276,43.5953],[5.0288,43.5955],[5.0292,43.5957],[5.0301,43.5954],[5.0315,43.5951],[5.0341,43.5952],[5.0349,43.5948],[5.0353,43.594],[5.0362,43.5934],[5.0368,43.5936],[5.0375,43.5937],[5.038,43.594],[5.039,43.5933],[5.0394,43.5929],[5.0399,43.5929],[5.0395,43.5924],[5.0392,43.5916],[5.038,43.5909],[5.0375,43.5905],[5.0372,43.5898],[5.0374,43.5885],[5.037,43.5876],[5.0357,43.5867],[5.0349,43.5841],[5.0356,43.5826]]]},"properties":{"id_ffco":"2017-D13-1044","nom":"chateau de cabasse","_dept":"13","numero":"2017-D13-1044","commune":"Miramas","echelle":"1/7500","surface":"1.62 km²","format":"A4","annee":"2017","cartographes":"D. Seckler","proprietaire":"13 - Bouches-du-Rhône","niveau":"Initiation, Scolaire","specialite":"CO à pied","latitude":"43.5879637517","longitude":"5.03024195302","date_saisie":"05/10/2017","date_depot":"15/01/2018","valide":"Oui","ppo":"Non","type_carte":"Nouvelle carte","fond":"IGN","obsolete":false}},{"type":"Feature","geometry":{"type":"Polygon","coordinates":[[[5.6596,43.3509],[5.6591,43.35],[5.659,43.3494],[5.6588,43.3487],[5.6587,43.3475],[5.6601,43.346],[5.6591,43.3441],[5.6589,43.3425],[5.661,43.3405],[5.6612,43.3381],[5.6624,43.3378],[5.6642,43.3396],[5.6646,43.3413],[5.6627,43.3427],[5.6628,43.3437],[5.6648,43.3447],[5.6659,43.3456],[5.6664,43.3463],[5.6668,43.3478],[5.665,43.3506],[5.6629,43.3516],[5.6606,43.3514],[5.6596,43.3509]]]},"properties":{"id_ffco":"2017-D13-1043","nom":"BAU REDON","_dept":"13","numero":"2017-D13-1043","commune":"AURIOL","echelle":"1/5000","surface":"0.61 km²","format":"A4","annee":"2017","cartographes":"JEAN LUC BARRAL","proprietaire":"1303 - MARSEILLE COURSE ORIENTATION","niveau":"Départemental","specialite":"Raid'O","latitude":"43.3457689642","longitude":"5.66232743616","date_saisie":"02/10/2017","date_depot":"15/01/2018","valide":"Oui","ppo":"Non","type_carte":"Nouvelle carte","fond":"IGN","obsolete":false}},{"type":"Feature","geometry":{"type":"Polygon","coordinates":[[[4.8656,43.8827],[4.8675,43.8833],[4.8701,43.8833],[4.8705,43.8844],[4.8736,43.8847],[4.8785,43.8856],[4.8811,43.886],[4.8841,43.886],[4.8861,43.886],[4.8887,43.8862],[4.8908,43.8859],[4.8936,43.8836],[4.8951,43.8804],[4.8939,43.8767],[4.8908,43.8752],[4.8863,43.8719],[4.8823,43.8693],[4.8796,43.8676],[4.877,43.8677],[4.8752,43.8672],[4.8737,43.8664],[4.8685,43.8669],[4.8684,43.8685],[4.8684,43.8697],[4.8677,43.8702],[4.8675,43.872],[4.8714,43.8749],[4.8711,43.8757],[4.8692,43.8759],[4.8681,43.8782],[4.8665,43.8791],[4.8655,43.8797],[4.8666,43.8805],[4.8656,43.8827]]]},"properties":{"id_ffco":"2017-D13-1042","nom":"le rocher de martin 2017","_dept":"13","numero":"2017-D13-1042","commune":"chateaurenard","echelle":"1/10000","surface":"3.56 km²","format":"+","annee":"2017","cartographes":"seckler daniel, pellegry alain","proprietaire":"13 - Bouches-du-Rhône","niveau":"Régional","specialite":"CO à pied","latitude":"43.8774182285","longitude":"4.87973858963","date_saisie":"01/10/2017","date_depot":"15/01/2018","valide":"Oui","ppo":"Non","type_carte":"Reprise","base":"2010-D13-91 Rocher de Martin","fond":"IGN","obsolete":false}},{"type":"Feature","geometry":{"type":"Polygon","coordinates":[[[5.2474,43.4431],[5.248,43.4426],[5.2485,43.4422],[5.2489,43.4416],[5.2492,43.4412],[5.2496,43.4408],[5.25,43.4412],[5.2501,43.4413],[5.25,43.4417],[5.2505,43.4419],[5.2501,43.4426],[5.2489,43.4429],[5.2478,43.443],[5.2474,43.4431]]]},"properties":{"id_ffco":"2017-D13-1041","nom":"Stade Carpentier","_dept":"13","numero":"2017-D13-1041","commune":"Vitrolles","echelle":"1/1500","surface":"0.03 km²","format":"A4","annee":"2017","cartographes":"Pierre Delenne","proprietaire":"13 - Bouches-du-Rhône","niveau":"Initiation, Scolaire","specialite":"CO à pied","latitude":"43.442120764","longitude":"5.24923472775","date_saisie":"23/09/2017","date_depot":"15/01/2018","valide":"Oui","ppo":"Non","type_carte":"Nouvelle carte","fond":"Ortho","obsolete":false}},{"type":"Feature","geometry":{"type":"Polygon","coordinates":[[[5.2512,43.4413],[5.2518,43.4402],[5.2507,43.4405],[5.2503,43.4406],[5.2503,43.4407],[5.2505,43.4407],[5.2503,43.441],[5.2512,43.4413]]]},"properties":{"id_ffco":"2017-D13-1040","nom":"College Henri Fabre","_dept":"13","numero":"2017-D13-1040","commune":"Vitrolles","echelle":"1/1000","surface":"0.01 km²","format":"A4","annee":"2017","cartographes":"Pierre Delenne","proprietaire":"13 - Bouches-du-Rhône","niveau":"Initiation, Scolaire","specialite":"CO à pied","latitude":"43.4407351013","longitude":"5.25098625915","date_saisie":"19/09/2017","date_depot":"15/01/2018","valide":"Oui","ppo":"Non","type_carte":"Nouvelle carte","fond":"Ortho","obsolete":false}},{"type":"Feature","geometry":{"type":"Polygon","coordinates":[[[4.8558,43.8839],[4.8606,43.8844],[4.8616,43.8833],[4.8606,43.8834],[4.8603,43.8828],[4.8616,43.8801],[4.8619,43.8789],[4.8611,43.8777],[4.8593,43.877],[4.8577,43.8761],[4.8563,43.8748],[4.8553,43.8754],[4.8546,43.8761],[4.8527,43.8773],[4.8501,43.8765],[4.8495,43.8784],[4.8501,43.8788],[4.8519,43.8798],[4.8523,43.881],[4.853,43.8822],[4.854,43.884],[4.8558,43.8839]]]},"properties":{"id_ffco":"2017-D13-1039","nom":"Châteaurenard - PIC CHABAUD","_dept":"13","numero":"2017-D13-1039","commune":"chateaurenard","echelle":"1/5000","surface":"0.65 km²","format":"A4","annee":"2017","cartographes":"D. SECKLER","proprietaire":"13 - Bouches-du-Rhône","niveau":"Régional","specialite":"Sprint (ISSOM)","latitude":"43.879852669","longitude":"4.8563263131","date_saisie":"04/07/2017","date_depot":"15/01/2018","valide":"Oui","ppo":"Non","type_carte":"Reprise","base":"2011-D13-93 Chateaurenard Ville","fond":"Cadastre","obsolete":false}},{"type":"Feature","geometry":{"type":"Polygon","coordinates":[[[5.2046,43.4112],[5.2049,43.4106],[5.2053,43.4102],[5.2054,43.4101],[5.2048,43.4102],[5.2043,43.4103],[5.2038,43.4106],[5.2037,43.4108],[5.2039,43.411],[5.2046,43.4112]]]},"properties":{"id_ffco":"2017-D13-1038","nom":"College Georges Brassens","_dept":"13","numero":"2017-D13-1038","commune":"Marignane","echelle":"1/1000","surface":"0.01 km²","format":"A4","annee":"2017","cartographes":"Pierre Delenne","proprietaire":"13 - Bouches-du-Rhône","niveau":"O+","specialite":"CO à pied","latitude":"43.4106378077","longitude":"5.20446893179","date_saisie":"26/06/2017","date_depot":"15/01/2018","valide":"Oui","ppo":"Non","type_carte":"Nouvelle carte","fond":"Cadastre","obsolete":false}},{"type":"Feature","geometry":{"type":"Polygon","coordinates":[[[5.4485,43.3617],[5.4556,43.3615],[5.4684,43.3616],[5.4682,43.3656],[5.4685,43.3699],[5.4681,43.3737],[5.4685,43.3756],[5.4684,43.3792],[5.4705,43.3824],[5.47,43.3854],[5.4705,43.3878],[5.4691,43.3888],[5.4679,43.3891],[5.4673,43.3895],[5.4673,43.3907],[5.4665,43.391],[5.466,43.391],[5.466,43.3919],[5.4649,43.3924],[5.4631,43.393],[5.4617,43.3928],[5.4606,43.3932],[5.4593,43.3936],[5.4583,43.3932],[5.4565,43.3949],[5.456,43.3952],[5.4551,43.3949],[5.4551,43.3932],[5.4554,43.3921],[5.4547,43.3923],[5.4535,43.3926],[5.4524,43.3929],[5.4518,43.3924],[5.4518,43.3911],[5.4512,43.3904],[5.4489,43.3917],[5.4481,43.392],[5.4476,43.3916],[5.4474,43.3907],[5.4475,43.3898],[5.4479,43.3895],[5.4487,43.388],[5.4493,43.3863],[5.4497,43.3852],[5.4493,43.385],[5.4481,43.3847],[5.4465,43.3854],[5.4457,43.3857],[5.4446,43.3859],[5.4449,43.3847],[5.445,43.3842],[5.444,43.3837],[5.4434,43.3834],[5.4436,43.3828],[5.4426,43.3824],[5.4416,43.3821],[5.4406,43.3828],[5.4402,43.3833],[5.4394,43.3832],[5.4378,43.382],[5.4363,43.3817],[5.4359,43.3809],[5.4357,43.38],[5.4347,43.3798],[5.4329,43.3792],[5.4311,43.3807],[5.4299,43.3812],[5.4286,43.3808],[5.4281,43.3798],[5.4268,43.3804],[5.4264,43.3811],[5.4248,43.3813],[5.4233,43.3807],[5.4219,43.3806],[5.4206,43.3811],[5.4202,43.3821],[5.4197,43.3828],[5.4183,43.383],[5.4172,43.3821],[5.4151,43.3804],[5.4144,43.3783],[5.4125,43.3772],[5.4102,43.3752],[5.4059,43.3729],[5.4015,43.3697],[5.3992,43.3678],[5.3981,43.3658],[5.3975,43.3642],[5.3974,43.3616],[5.402,43.3604],[5.4062,43.3606],[5.4436,43.3615],[5.4485,43.3617]]]},"properties":{"id_ffco":"2017-D13-1037","nom":"Massif de l'étoile VTT","_dept":"13","numero":"2017-D13-1037","commune":"Marseille château gombert","echelle":"1/20000","surface":"13.78 km²","format":"+","annee":"2017","cartographes":"D. SECKLER","proprietaire":"13 - Bouches-du-Rhône","niveau":"Régional","specialite":"CO à VTT","contacts":"CDCO13, cd.bouches-du-rhone@ffcorientation.fr","latitude":"43.3733402722","longitude":"5.43965661265","date_saisie":"25/04/2017","date_depot":"16/05/2017","valide":"Oui","ppo":"Non","type_carte":"Nouvelle carte","fond":"IGN","obsolete":false}},{"type":"Feature","geometry":{"type":"Polygon","coordinates":[[[5.6053,43.3534],[5.6087,43.3541],[5.6092,43.3534],[5.6079,43.3513],[5.6071,43.3499],[5.6059,43.3484],[5.6047,43.3478],[5.604,43.347],[5.6038,43.3447],[5.6012,43.3452],[5.6001,43.3449],[5.5987,43.345],[5.5981,43.3458],[5.598,43.3474],[5.5987,43.35],[5.5998,43.3515],[5.602,43.3525],[5.6045,43.3531],[5.6053,43.3534]]]},"properties":{"id_ffco":"2017-D13-1036","nom":"Roquevaire","_dept":"13","numero":"2017-D13-1036","commune":"Roquevaire","echelle":"1/4000","surface":"0.54 km²","format":"A4","annee":"2017","cartographes":"Pierre Delenne","proprietaire":"13 - Bouches-du-Rhône","niveau":"Régional","specialite":"Sprint (ISSOM)","latitude":"43.3494113771","longitude":"5.60294479647","date_saisie":"12/04/2017","date_depot":"16/05/2017","valide":"Oui","ppo":"Non","type_carte":"Nouvelle carte","fond":"Cadastre","obsolete":false}},{"type":"Feature","geometry":{"type":"Polygon","coordinates":[[[4.8691,43.8766],[4.8666,43.8787],[4.8654,43.88],[4.8666,43.8803],[4.8662,43.8816],[4.8655,43.8827],[4.8663,43.8832],[4.868,43.8835],[4.8704,43.8837],[4.8716,43.8846],[4.8751,43.8858],[4.8783,43.8861],[4.8816,43.8864],[4.8839,43.8857],[4.8884,43.8861],[4.8898,43.8848],[4.8915,43.884],[4.8935,43.8827],[4.894,43.8812],[4.8943,43.8799],[4.894,43.8783],[4.8942,43.877],[4.8935,43.8763],[4.8896,43.8781],[4.887,43.8793],[4.8852,43.8773],[4.8836,43.8749],[4.8823,43.8727],[4.8817,43.8709],[4.88,43.8688],[4.8802,43.8678],[4.879,43.8673],[4.8765,43.8676],[4.8748,43.8671],[4.8743,43.8662],[4.8717,43.8665],[4.8688,43.8671],[4.8688,43.8698],[4.8678,43.8703],[4.8675,43.8717],[4.8668,43.8727],[4.8692,43.8759],[4.8694,43.8761],[4.8691,43.8766]]]},"properties":{"id_ffco":"2017-D13-1035","nom":"le rocher de Martin VTT","_dept":"13","numero":"2017-D13-1035","commune":"chateaurenard","echelle":"1/10000","surface":"3.17 km²","format":"A4","annee":"2017","cartographes":"D. SECKLER","proprietaire":"13 - Bouches-du-Rhône","niveau":"Régional","specialite":"CO à VTT","contacts":"CDCO13, cd.bouches-du-rhone@ffcorientation.fr","latitude":"43.8777455175","longitude":"4.87820709182","date_saisie":"02/04/2017","date_depot":"16/05/2017","valide":"Oui","ppo":"Non","type_carte":"Reprise","base":"2010-D13-91 Rocher de Martin","fond":"Ortho","obsolete":false}},{"type":"Feature","geometry":{"type":"Polygon","coordinates":[[[5.5543,43.29],[5.5563,43.2916],[5.5575,43.293],[5.5589,43.2941],[5.5597,43.2943],[5.5611,43.2948],[5.5643,43.2947],[5.5673,43.2943],[5.57,43.2948],[5.5715,43.2949],[5.5728,43.2955],[5.5736,43.2953],[5.5737,43.2948],[5.5751,43.295],[5.5765,43.2959],[5.5776,43.2951],[5.578,43.2937],[5.5769,43.292],[5.5764,43.2916],[5.5742,43.2918],[5.5733,43.2908],[5.5718,43.2897],[5.5707,43.2892],[5.5701,43.289],[5.5687,43.2894],[5.5676,43.2895],[5.5666,43.2895],[5.5654,43.2908],[5.5645,43.2913],[5.5629,43.2916],[5.5624,43.2916],[5.561,43.2906],[5.5601,43.29],[5.5581,43.2896],[5.5566,43.29],[5.5543,43.29]]]},"properties":{"id_ffco":"2017-D13-1034","nom":"Aubagne, centre ville","_dept":"13","numero":"2017-D13-1034","commune":"Aubagne","echelle":"1/4000","surface":"0.81 km²","format":"A3","annee":"2017","cartographes":"Pierre Delenne","proprietaire":"13 - Bouches-du-Rhône","niveau":"Régional","specialite":"Sprint (ISSOM)","latitude":"43.2924566597","longitude":"5.56711918338","date_saisie":"03/02/2017","date_depot":"16/06/2017","valide":"Oui","ppo":"Non","type_carte":"Nouvelle carte","fond":"Cadastre","obsolete":false}},{"type":"Feature","geometry":{"type":"Polygon","coordinates":[[[5.5728,43.27],[5.5742,43.2682],[5.5698,43.2663],[5.5687,43.266],[5.5667,43.2624],[5.566,43.2612],[5.5651,43.2604],[5.5639,43.2608],[5.5596,43.2597],[5.5574,43.2606],[5.5563,43.2623],[5.5591,43.2662],[5.5693,43.2692],[5.5728,43.27]]]},"properties":{"id_ffco":"2017-D13-1033","nom":"Carnoux, plateau de Languilard","_dept":"13","numero":"2017-D13-1033","commune":"Carnoux","echelle":"1/5000","surface":"0.76 km²","format":"A4","annee":"2017","cartographes":"Pierre Delenne","proprietaire":"13 - Bouches-du-Rhône","niveau":"Initiation, Scolaire","specialite":"CO à pied","latitude":"43.2646879725","longitude":"5.5641525913","date_saisie":"03/02/2017","date_depot":"16/06/2017","valide":"Oui","ppo":"Non","type_carte":"Nouvelle carte","fond":"Ortho","obsolete":false}},{"type":"Feature","geometry":{"type":"Polygon","coordinates":[[[5.566,43.6351],[5.5664,43.6309],[5.5683,43.6263],[5.5657,43.623],[5.5621,43.6204],[5.5592,43.6181],[5.5638,43.6154],[5.566,43.6131],[5.5662,43.6092],[5.5629,43.6055],[5.5575,43.6028],[5.5604,43.6003],[5.5636,43.5969],[5.5669,43.5951],[5.5714,43.5954],[5.5882,43.5896],[5.5962,43.5888],[5.6028,43.5881],[5.6005,43.5908],[5.5978,43.5941],[5.5966,43.5995],[5.5999,43.6049],[5.6012,43.607],[5.5962,43.6125],[5.5962,43.6187],[5.5964,43.6222],[5.5986,43.6275],[5.5976,43.6294],[5.594,43.6346],[5.5935,43.6363],[5.5875,43.6376],[5.5741,43.6386],[5.5675,43.6384],[5.566,43.6351]]]},"properties":{"id_ffco":"2017-D13-1032","nom":"Peyrolles, du Canal de Provence au Terme de Judas","_dept":"13","numero":"2017-D13-1032","commune":"Peyrolles","echelle":"1/15000","surface":"13.63 km²","format":"A3","annee":"2017","cartographes":"Pierre Delenne","proprietaire":"13 - Bouches-du-Rhône","niveau":"Régional","specialite":"Rand'O","latitude":"43.6137922875","longitude":"5.58125310062","date_saisie":"29/12/2016","date_depot":"16/06/2017","valide":"Oui","ppo":"Non","type_carte":"Nouvelle carte","fond":"Ortho","obsolete":false}},{"type":"Feature","geometry":{"type":"Polygon","coordinates":[[[5.6324,43.2974],[5.6341,43.2963],[5.6357,43.2951],[5.6355,43.2902],[5.6243,43.293],[5.6259,43.2957],[5.6297,43.2984],[5.6324,43.2974]]]},"properties":{"id_ffco":"2012-D13-1009","nom":"Gemenos","_dept":"13","numero":"2012-D13-1009","commune":"Gemenos","echelle":"1/4000","surface":"0.52 km²","format":"A4","annee":"2012","cartographes":"P Delenne","proprietaire":"13 - Bouches-du-Rhône","niveau":"Régional","specialite":"CO à pied","latitude":"43.294240542","longitude":"5.6307627504","date_saisie":"19/07/2012","date_depot":"09/11/2016","valide":"Oui","ppo":"Non","type_carte":"Nouvelle carte","fond":"Ortho","obsolete":false}},{"type":"Feature","geometry":{"type":"Polygon","coordinates":[[[5.4674,43.6129],[5.4681,43.6051],[5.4785,43.6032],[5.4808,43.6063],[5.4783,43.6078],[5.4733,43.6108],[5.4702,43.6122],[5.4674,43.6129]]]},"properties":{"id_ffco":"2012-D13-1005","nom":"Bois des plaines","_dept":"13","numero":"2012-D13-1005","commune":"Venelles","echelle":"1/5000","surface":"0.67 km²","format":"A4","annee":"2012","cartographes":"P Delenne","proprietaire":"13 - Bouches-du-Rhône","niveau":"Initiation, Scolaire","specialite":"CO à pied","latitude":"43.607480661","longitude":"5.47314669258","date_saisie":"18/01/2013","date_depot":"21/11/2016","valide":"Oui","ppo":"Non","type_carte":"Nouvelle carte","fond":"Ortho","obsolete":false}},{"type":"Feature","geometry":{"type":"Polygon","coordinates":[[[5.6395,43.6348],[5.6346,43.6349],[5.6321,43.6354],[5.6315,43.6368],[5.6314,43.638],[5.6334,43.6387],[5.6369,43.639],[5.6405,43.6389],[5.6426,43.6386],[5.6431,43.6377],[5.6461,43.6359],[5.6457,43.6347],[5.6395,43.6348]]]},"properties":{"id_ffco":"2012-D13-1004","nom":"Jouques","_dept":"13","numero":"2012-D13-1004","commune":"Jouques","echelle":"1/4000","surface":"0.45 km²","format":"A4","annee":"2012","cartographes":"P Delenne","proprietaire":"13 - Bouches-du-Rhône","niveau":"Départemental","specialite":"CO à pied","latitude":"43.6367414886","longitude":"5.63835961419","date_saisie":"19/07/2012","date_depot":"10/03/2016","valide":"Oui","ppo":"Non","type_carte":"Nouvelle carte","fond":"Cadastre","obsolete":false}},{"type":"Feature","geometry":{"type":"Polygon","coordinates":[[[4.9803,43.4633],[4.988,43.4617],[4.9947,43.4607],[4.995,43.4501],[4.9882,43.4453],[4.989,43.44],[4.9849,43.4364],[4.9786,43.4369],[4.9786,43.4449],[4.976,43.4496],[4.9746,43.4554],[4.9804,43.4633],[4.9803,43.4633]]]},"properties":{"id_ffco":"2012-D13-1003","nom":"Domaine forestier de Castillon","_dept":"13","numero":"2012-D13-1003","commune":"Port de Bouc","echelle":"1/10000","surface":"3.35 km²","format":"A4","annee":"2012","cartographes":"P Delenne","proprietaire":"13 - Bouches-du-Rhône","niveau":"Interrégional","specialite":"CO à pied","latitude":"43.4511305805","longitude":"4.98469441783","date_saisie":"19/07/2012","date_depot":"09/11/2016","valide":"Oui","ppo":"Non","type_carte":"Extrait","base":"2012-D13-1002 Domaine de Castillon","fond":"Ortho","obsolete":false}},{"type":"Feature","geometry":{"type":"Polygon","coordinates":[[[4.9907,43.4601],[4.9937,43.4557],[4.9934,43.4523],[4.9917,43.4488],[4.9881,43.4459],[4.9887,43.4418],[4.9968,43.4393],[4.9998,43.4372],[4.999,43.434],[4.9884,43.433],[4.9814,43.4332],[4.9788,43.437],[4.9801,43.4457],[4.978,43.4474],[4.9718,43.4547],[4.9767,43.4562],[4.9804,43.4624],[4.9813,43.4637],[4.9871,43.4618],[4.9907,43.4601]]]},"properties":{"id_ffco":"2012-D13-1002","nom":"Domaine de Castillon","_dept":"13","numero":"2012-D13-1002","commune":"Port de Bouc","echelle":"1/10000","surface":"3.91 km²","format":"A3","annee":"2012","cartographes":"P Delenne","proprietaire":"13 - Bouches-du-Rhône","niveau":"Interrégional","specialite":"CO à pied","latitude":"43.4473900545","longitude":"4.98554225291","date_saisie":"19/07/2012","date_depot":"09/11/2016","valide":"Oui","ppo":"Non","type_carte":"Nouvelle carte","fond":"Ortho","obsolete":false}},{"type":"Feature","geometry":{"type":"Polygon","coordinates":[[[5.5171,43.6005],[5.5226,43.6007],[5.5284,43.599],[5.5423,43.602],[5.5524,43.6033],[5.5473,43.6127],[5.5226,43.6135],[5.5172,43.6045],[5.5167,43.6024],[5.5171,43.6005]]]},"properties":{"id_ffco":"2012-D13-1001","nom":"Meyrargues Parrouvier","_dept":"13","numero":"2012-D13-1001","commune":"Meyrargues","echelle":"1/10000","surface":"3.39 km²","format":"A4","annee":"2012","cartographes":"P Delenne","proprietaire":"13 - Bouches-du-Rhône","niveau":"Interrégional","specialite":"CO à pied","latitude":"43.6066098224","longitude":"5.53353838771","date_saisie":"19/07/2012","date_depot":"09/11/2016","valide":"Oui","ppo":"Non","type_carte":"Nouvelle carte","fond":"Ortho","obsolete":false}},{"type":"Feature","geometry":{"type":"Polygon","coordinates":[[[5.4795,43.6028],[5.4832,43.6025],[5.4849,43.6013],[5.4855,43.5988],[5.4839,43.5956],[5.4821,43.5933],[5.4798,43.5932],[5.4761,43.5935],[5.4757,43.5963],[5.4752,43.5982],[5.4764,43.5998],[5.4773,43.601],[5.4795,43.6028]]]},"properties":{"id_ffco":"2012-D13-1000","nom":"Venelles centre ville","_dept":"13","numero":"2012-D13-1000","commune":"Venelles","echelle":"1/4000","surface":"0.67 km²","format":"A4","annee":"2012","cartographes":"A Delenne","proprietaire":"1307 - ATHLETIC CLUB AURELIEN","niveau":"Régional","specialite":"CO à pied","latitude":"43.5979260819","longitude":"5.48032441936","date_saisie":"19/07/2012","date_depot":"21/11/2016","valide":"Oui","ppo":"Non","type_carte":"Nouvelle carte","fond":"Cadastre","obsolete":false}},{"type":"Feature","geometry":{"type":"Polygon","coordinates":[[[5.4944,43.5991],[5.497,43.6026],[5.4985,43.6057],[5.4989,43.6099],[5.5078,43.6091],[5.5171,43.6052],[5.5169,43.6007],[5.5198,43.5963],[5.5268,43.5944],[5.526,43.5888],[5.5226,43.5833],[5.5208,43.5797],[5.5121,43.582],[5.5066,43.5856],[5.5042,43.5882],[5.5004,43.5907],[5.4977,43.5933],[5.4951,43.5938],[5.4942,43.5956],[5.4935,43.5986],[5.4944,43.5991]]]},"properties":{"id_ffco":"2009-D13-1","nom":"Venelles, les collets","_dept":"13","numero":"2009-D13-1","commune":"Venelles","echelle":"1/10000","surface":"5.24 km²","format":"A3","annee":"2009","cartographes":"Pierre Delenne","proprietaire":"13 - Bouches-du-Rhône","niveau":"Interrégional","specialite":"CO à pied","latitude":"43.5951695037","longitude":"5.51025064497","date_saisie":"02/02/2012","valide":"Non","ppo":"Non","obsolete":false}}]}