{"type":"FeatureCollection","features":[{"type":"Feature","geometry":{"type":"Polygon","coordinates":[[[-0.2929,45.4728],[-0.2981,45.4729],[-0.302,45.4742],[-0.306,45.4738],[-0.3069,45.4757],[-0.3079,45.4789],[-0.3068,45.4818],[-0.3068,45.4854],[-0.3045,45.4906],[-0.303,45.492],[-0.2944,45.4905],[-0.2924,45.4864],[-0.2919,45.4763],[-0.2929,45.4728]]]},"properties":{"id_ffco":"2015-D17-99","nom":"Bois de Brie Sous Archiac","_dept":"17","numero":"2015-D17-99","commune":"Brie sous Archiac","echelle":"1/7500","surface":"2.17 km²","format":"A4","annee":"2015","cartographes":"Robin Patrick","proprietaire":"1705 - CHARENTE-MARITIME ORIENTATION","niveau":"Départemental","specialite":"CO à pied","latitude":"45.4819089686","longitude":"-0.299511487396","date_saisie":"04/11/2015","date_depot":"16/12/2015","valide":"Oui","ppo":"Non","type_carte":"Nouvelle carte","fond":"Ortho","obsolete":false}},{"type":"Feature","geometry":{"type":"Polygon","coordinates":[[[-0.8959,45.9502],[-0.8958,45.9494],[-0.8955,45.9486],[-0.8958,45.9473],[-0.8958,45.9469],[-0.8965,45.9459],[-0.8995,45.9467],[-0.9003,45.9472],[-0.9006,45.9475],[-0.9017,45.9478],[-0.9023,45.9479],[-0.902,45.949],[-0.9006,45.9496],[-0.8987,45.9499],[-0.8965,45.9503],[-0.8959,45.9502]]]},"properties":{"id_ffco":"2015-D17-98","nom":"Parc Tonnay Charente","_dept":"17","numero":"2015-D17-98","commune":"Tonnay Charente","echelle":"1/2000","surface":"0.17 km²","format":"A4","annee":"2015","cartographes":"Robin Patrick","proprietaire":"1705 - CHARENTE-MARITIME ORIENTATION","niveau":"Initiation, Scolaire","specialite":"CO à pied","latitude":"45.9482655526","longitude":"-0.898391324081","date_saisie":"04/11/2015","date_depot":"16/12/2015","valide":"Oui","ppo":"Non","type_carte":"Nouvelle carte","fond":"Ortho","obsolete":false}},{"type":"Feature","geometry":{"type":"Polygon","coordinates":[[[-1.0758,45.8655],[-1.0751,45.8666],[-1.0742,45.8678],[-1.0737,45.8686],[-1.0732,45.8691],[-1.0717,45.8691],[-1.0707,45.8689],[-1.0696,45.8691],[-1.0686,45.8688],[-1.0671,45.8682],[-1.066,45.8679],[-1.0664,45.8672],[-1.0665,45.8666],[-1.0665,45.8658],[-1.0675,45.8649],[-1.0679,45.8638],[-1.0687,45.8637],[-1.0697,45.8642],[-1.0711,45.864],[-1.0718,45.8634],[-1.0728,45.8628],[-1.0738,45.8637],[-1.075,45.8649],[-1.0761,45.8651],[-1.0758,45.8655]]]},"properties":{"id_ffco":"2015-D17-97","nom":"Citadelle de Brouage","_dept":"17","numero":"2015-D17-97","commune":"Hiers Brouage","echelle":"1/3000","surface":"0.35 km²","format":"A4","annee":"2015","cartographes":"Robin Patrick","proprietaire":"1705 - CHARENTE-MARITIME ORIENTATION","niveau":"Régional","specialite":"Sprint (ISSOM)","latitude":"45.8662987043","longitude":"-1.07095188981","date_saisie":"28/08/2015","date_depot":"16/12/2015","valide":"Oui","ppo":"Non","type_carte":"Nouvelle carte","fond":"Ortho","obsolete":false}},{"type":"Feature","geometry":{"type":"Polygon","coordinates":[[[-1.1394,45.8229],[-1.1379,45.8246],[-1.1397,45.8256],[-1.1412,45.8261],[-1.1426,45.8262],[-1.1428,45.8258],[-1.1415,45.825],[-1.1402,45.8238],[-1.1394,45.8229]]]},"properties":{"id_ffco":"2015-D17-96","nom":"Plage de Marennes","_dept":"17","numero":"2015-D17-96","commune":"Marennes","echelle":"1/2250","surface":"0.06 km²","format":"A4","annee":"2015","cartographes":"Robin Patrick","proprietaire":"1705 - CHARENTE-MARITIME ORIENTATION","niveau":"Initiation, Scolaire","specialite":"CO à pied","latitude":"45.8248004016","longitude":"-1.14015785795","date_saisie":"25/09/2015","date_depot":"16/12/2015","valide":"Oui","ppo":"Non","type_carte":"Nouvelle carte","fond":"Ortho","obsolete":false}},{"type":"Feature","geometry":{"type":"Polygon","coordinates":[[[-0.1829,46.0122],[-0.1754,46.0083],[-0.1738,46.0053],[-0.1637,46.005],[-0.1527,46.0033],[-0.1453,46.0035],[-0.1414,46.0109],[-0.1348,46.0157],[-0.1357,46.0342],[-0.1479,46.0349],[-0.1614,46.0377],[-0.1608,46.0352],[-0.1784,46.0155],[-0.1829,46.0122]]]},"properties":{"id_ffco":"2015-D17-95","nom":"Bois Giffard","_dept":"17","numero":"2015-D17-95","commune":"Saleignes","echelle":"1/10000","surface":"9.41 km²","format":"A3","annee":"2015","cartographes":"Tintard.L, ROSCA.D","proprietaire":"1705 - CHARENTE-MARITIME ORIENTATION","niveau":"Régional","specialite":"CO à pied","latitude":"46.0192249851","longitude":"-0.15533675227","date_saisie":"25/09/2015","date_depot":"16/12/2015","valide":"Oui","ppo":"Non","type_carte":"Nouvelle carte","fond":"Ortho","obsolete":false}},{"type":"Feature","geometry":{"type":"Polygon","coordinates":[[[-0.7051,45.9347],[-0.7063,45.9316],[-0.7021,45.9307],[-0.6975,45.9307],[-0.6881,45.9288],[-0.6873,45.9337],[-0.6869,45.9375],[-0.6936,45.9455],[-0.7005,45.9471],[-0.7051,45.9347]]]},"properties":{"id_ffco":"2015-D17-94","nom":"Fontaine de Benon","_dept":"17","numero":"2015-D17-94","commune":"Archingeay","echelle":"1/10000","surface":"2.02 km²","format":"A4","annee":"2015","cartographes":"Guerraud Thierry","proprietaire":"1705 - CHARENTE-MARITIME ORIENTATION","niveau":"Départemental","specialite":"CO à pied","latitude":"45.9371543531","longitude":"-0.696086494947","date_saisie":"25/09/2015","date_depot":"16/12/2015","valide":"Oui","ppo":"Non","type_carte":"Nouvelle carte","fond":"Ortho","obsolete":false}},{"type":"Feature","geometry":{"type":"Polygon","coordinates":[[[-1.0336,45.8043],[-1.0321,45.804],[-1.0313,45.8035],[-1.0301,45.804],[-1.0295,45.8045],[-1.0301,45.8049],[-1.0302,45.8063],[-1.0303,45.807],[-1.0315,45.8079],[-1.0317,45.8084],[-1.0331,45.8091],[-1.0345,45.809],[-1.0354,45.8083],[-1.0356,45.8071],[-1.0347,45.8059],[-1.0336,45.8051],[-1.0334,45.8047],[-1.0336,45.8043]]]},"properties":{"id_ffco":"2015-D17-93","nom":"la Garenne","_dept":"17","numero":"2015-D17-93","commune":"st Just Luzac","echelle":"1/2750","surface":"0.18 km²","format":"A4","annee":"2015","cartographes":"Robin Patrick","proprietaire":"1705 - CHARENTE-MARITIME ORIENTATION","niveau":"Départemental","specialite":"CO à pied","latitude":"45.806425878","longitude":"-1.03261098892","date_saisie":"28/08/2015","date_depot":"16/12/2015","valide":"Oui","ppo":"Non","type_carte":"Nouvelle carte","fond":"Ortho","obsolete":false}},{"type":"Feature","geometry":{"type":"Polygon","coordinates":[[[-0.5393,46.0058],[-0.5344,46.0054],[-0.5296,46.0051],[-0.5259,46.0044],[-0.5241,46.0078],[-0.5228,46.0131],[-0.5222,46.017],[-0.5197,46.0207],[-0.5246,46.0233],[-0.5331,46.0265],[-0.5377,46.0299],[-0.5403,46.0221],[-0.5403,46.0137],[-0.5393,46.0058]]]},"properties":{"id_ffco":"2015-D17-92","nom":"Essouvert","_dept":"17","numero":"2015-D17-92","commune":"la Benate","echelle":"1/5000","surface":"3.07 km²","format":"A4","annee":"2015","cartographes":"Robin Patrick","proprietaire":"1705 - CHARENTE-MARITIME ORIENTATION","niveau":"Départemental","specialite":"CO à pied","latitude":"46.0159709398","longitude":"-0.531674866712","date_saisie":"25/09/2015","date_depot":"16/12/2015","valide":"Oui","ppo":"Oui (50 postes)","type_carte":"Nouvelle carte","fond":"Ortho","obsolete":false}},{"type":"Feature","geometry":{"type":"Polygon","coordinates":[[[-1.0878,45.949],[-1.0889,45.9469],[-1.0905,45.9459],[-1.0907,45.9445],[-1.0898,45.9435],[-1.0902,45.9429],[-1.0931,45.9439],[-1.0964,45.9446],[-1.0976,45.943],[-1.1011,45.9453],[-1.1005,45.9455],[-1.0996,45.9454],[-1.0987,45.946],[-1.0969,45.9486],[-1.0963,45.9493],[-1.0948,45.9492],[-1.0924,45.949],[-1.0893,45.9497],[-1.0878,45.949]]]},"properties":{"id_ffco":"2015-D17-91","nom":"Port des Barques","_dept":"17","numero":"2015-D17-91","commune":"Port des Barques","echelle":"1/4000","surface":"0.43 km²","format":"A4","annee":"2015","cartographes":"Robin Patrick","proprietaire":"1705 - CHARENTE-MARITIME ORIENTATION","niveau":"Initiation, Scolaire","specialite":"CO à pied","latitude":"45.9464896416","longitude":"-1.09383722038","date_saisie":"25/09/2015","date_depot":"16/12/2015","valide":"Oui","ppo":"Oui (60 postes)","type_carte":"Nouvelle carte","fond":"Ortho","obsolete":false}},{"type":"Feature","geometry":{"type":"Polygon","coordinates":[[[-1.105,45.9947],[-1.1017,45.9952],[-1.0996,45.994],[-1.0988,45.9931],[-1.0985,45.9922],[-1.0981,45.9909],[-1.0989,45.9909],[-1.1003,45.9919],[-1.1024,45.9933],[-1.1038,45.9942],[-1.105,45.9947]]]},"properties":{"id_ffco":"2002-D17-90","nom":"Parc du Vert Bois","_dept":"17","numero":"2002-D17-90","commune":"fouras","echelle":"1/1250","surface":"0.1 km²","format":"A4","annee":"2002","cartographes":"Hassmann Didier","proprietaire":"1705 - CHARENTE-MARITIME ORIENTATION","niveau":"Initiation, Scolaire","specialite":"CO à pied","latitude":"45.9933503209","longitude":"-1.1008989463","date_saisie":"13/01/2010","date_depot":"16/12/2015","valide":"Oui","ppo":"Non","type_carte":"Nouvelle carte","base":"2015-D17-046 PARC HOTEL DE VILLE DE VAUX SUR MER","fond":"Ortho","obsolete":false}},{"type":"Feature","geometry":{"type":"Polygon","coordinates":[[[-1.2611,45.8477],[-1.2523,45.8505],[-1.2475,45.8543],[-1.238,45.862],[-1.2439,45.8652],[-1.2472,45.8699],[-1.2468,45.8732],[-1.2503,45.8776],[-1.2515,45.8795],[-1.2544,45.8818],[-1.2622,45.8775],[-1.2695,45.8738],[-1.2726,45.8706],[-1.2731,45.8689],[-1.2655,45.8596],[-1.2611,45.8477]]]},"properties":{"id_ffco":"2002-D17-89","nom":"Grand Village","_dept":"17","numero":"2002-D17-89","commune":"Grand Village","echelle":"1/10000","surface":"5.47 km²","format":"A3","annee":"2002","cartographes":"Crochet gerard","proprietaire":"1705 - CHARENTE-MARITIME ORIENTATION","specialite":"Rand'O","contacts":"robin patrick, 4 rue du stade, 17250, beurlay, 07.81.02.90.23, patrick.robin1@free.fr, http://www.club-co17.com/","latitude":"45.8648778084","longitude":"-1.25644410651","date_saisie":"11/09/2016","valide":"Non","ppo":"Non","type_carte":"Nouvelle carte","fond":"Cadastre","obsolete":false}},{"type":"Feature","geometry":{"type":"Polygon","coordinates":[[[-0.5931,45.6055],[-0.598,45.6093],[-0.6026,45.6128],[-0.6052,45.6158],[-0.607,45.6188],[-0.6027,45.6202],[-0.6011,45.6212],[-0.5995,45.6211],[-0.5957,45.6224],[-0.5938,45.6239],[-0.5926,45.6244],[-0.5898,45.6235],[-0.5888,45.6228],[-0.5875,45.6215],[-0.5867,45.6204],[-0.5849,45.619],[-0.5836,45.6181],[-0.5857,45.6171],[-0.5857,45.6156],[-0.5799,45.6129],[-0.5785,45.6119],[-0.5794,45.6081],[-0.5752,45.6047],[-0.5818,45.6009],[-0.589,45.5969],[-0.5911,45.6024],[-0.5931,45.6055]]]},"properties":{"id_ffco":"2015-D17-88","nom":"Bois Bertaud","_dept":"17","numero":"2015-D17-88","commune":"St Leger","echelle":"1/3000","surface":"3.54 km²","format":"A4","annee":"2015","cartographes":"Gueraud Thierry","proprietaire":"1705 - CHARENTE-MARITIME ORIENTATION","niveau":"Départemental","specialite":"CO à pied","contacts":"robin patrick, 4 rue du stade, 17250, beurlay, 07.81.02.90.23, patrick.robin1@free.fr, http://www.club-co17.com/","latitude":"45.6117671296","longitude":"-0.590500864773","date_saisie":"04/11/2015","date_depot":"16/12/2015","valide":"Oui","ppo":"Non","type_carte":"Nouvelle carte","fond":"Ortho","obsolete":false}},{"type":"Feature","geometry":{"type":"Polygon","coordinates":[[[-0.5521,45.9594],[-0.5489,45.9584],[-0.5459,45.9583],[-0.5412,45.9568],[-0.539,45.9562],[-0.5379,45.9565],[-0.5363,45.9548],[-0.5325,45.9513],[-0.5275,45.9473],[-0.529,45.9464],[-0.5308,45.9458],[-0.5288,45.9439],[-0.525,45.942],[-0.5232,45.9405],[-0.5274,45.9358],[-0.5287,45.9364],[-0.531,45.9381],[-0.5345,45.9391],[-0.5373,45.9413],[-0.5402,45.9428],[-0.5435,45.9395],[-0.5453,45.9383],[-0.5581,45.9413],[-0.5559,45.949],[-0.5537,45.9552],[-0.5521,45.9594]]]},"properties":{"id_ffco":"2015-D17-87","nom":"Bernouet","_dept":"17","numero":"2015-D17-87","commune":"St Jean D'Angely","echelle":"1/5000","surface":"3.96 km²","format":"A4","annee":"2015","cartographes":"Robin Patrick","proprietaire":"1705 - CHARENTE-MARITIME ORIENTATION","niveau":"Départemental","specialite":"CO à pied","latitude":"45.9473053212","longitude":"-0.542497345475","date_saisie":"25/09/2015","date_depot":"16/12/2015","valide":"Oui","ppo":"Oui (40 postes)","type_carte":"Nouvelle carte","fond":"Ortho","obsolete":false}},{"type":"Feature","geometry":{"type":"Polygon","coordinates":[[[-1.1451,45.7754],[-1.1432,45.776],[-1.1439,45.7774],[-1.1444,45.7782],[-1.1447,45.7795],[-1.1478,45.7818],[-1.1543,45.7841],[-1.1557,45.7824],[-1.1529,45.7798],[-1.1481,45.7771],[-1.1451,45.7754]]]},"properties":{"id_ffco":"2012-D17-86","nom":"La Tremblade","_dept":"17","numero":"2012-D17-86","commune":"La Tremblade","echelle":"1/2500","surface":"0.4 km²","format":"A4","annee":"2012","cartographes":"Robin Patrick","proprietaire":"1705 - CHARENTE-MARITIME ORIENTATION","niveau":"Initiation, Scolaire","specialite":"CO à pied","latitude":"45.7799169676","longitude":"-1.14924462383","date_saisie":"19/07/2015","date_depot":"16/12/2015","valide":"Oui","ppo":"Non","type_carte":"Nouvelle carte","fond":"Ortho","obsolete":false}},{"type":"Feature","geometry":{"type":"Polygon","coordinates":[[[-0.5209,45.7278],[-0.519,45.7315],[-0.5209,45.7403],[-0.5212,45.7495],[-0.5166,45.7533],[-0.512,45.7557],[-0.4842,45.7563],[-0.4605,45.7542],[-0.4421,45.7548],[-0.4358,45.7483],[-0.4366,45.7329],[-0.4366,45.7219],[-0.4982,45.7237],[-0.5209,45.7278]]]},"properties":{"id_ffco":"2012-D17-85","nom":"st Sauvant","_dept":"17","numero":"2012-D17-85","commune":"st Sauvant","echelle":"1/10000","surface":"22.8 km²","format":"A3","annee":"2012","cartographes":"Robin Patrick","proprietaire":"1705 - CHARENTE-MARITIME ORIENTATION","niveau":"Départemental","specialite":"Raid'O","latitude":"45.7392752302","longitude":"-0.477706780871","date_saisie":"18/07/2015","valide":"Non","ppo":"Non","type_carte":"Nouvelle carte","fond":"Ortho","obsolete":false}},{"type":"Feature","geometry":{"type":"Polygon","coordinates":[[[-0.9626,45.87],[-0.9627,45.8709],[-0.9617,45.8714],[-0.9603,45.8717],[-0.9585,45.87],[-0.9563,45.8679],[-0.9603,45.8666],[-0.9619,45.8678],[-0.9621,45.8686],[-0.9632,45.8689],[-0.9626,45.87]]]},"properties":{"id_ffco":"2014-D17-84","nom":"Collège Monnet","_dept":"17","numero":"2014-D17-84","commune":"St AGNANT","echelle":"1/1500","surface":"0.17 km²","format":"A4","annee":"2014","cartographes":"Robin Patrick","proprietaire":"1705 - CHARENTE-MARITIME ORIENTATION","niveau":"Initiation, Scolaire","specialite":"Rand'O","latitude":"45.869064235","longitude":"-0.960103258937","date_saisie":"18/07/2015","date_depot":"16/12/2015","valide":"Oui","ppo":"Non","type_carte":"Nouvelle carte","fond":"Ortho","obsolete":false}},{"type":"Feature","geometry":{"type":"Polygon","coordinates":[[[-1.1359,46.144],[-1.1371,46.144],[-1.138,46.1446],[-1.1389,46.1456],[-1.1389,46.1478],[-1.1402,46.1511],[-1.1399,46.1519],[-1.1412,46.152],[-1.1432,46.1527],[-1.1421,46.1541],[-1.1408,46.1553],[-1.1399,46.1568],[-1.1344,46.1584],[-1.1286,46.1601],[-1.1222,46.162],[-1.1217,46.1607],[-1.1204,46.1589],[-1.1179,46.1569],[-1.1159,46.1554],[-1.1145,46.1539],[-1.1136,46.1523],[-1.1114,46.1488],[-1.1142,46.148],[-1.1195,46.1472],[-1.1202,46.1464],[-1.1227,46.1464],[-1.1262,46.1456],[-1.1302,46.1453],[-1.1347,46.145],[-1.1357,46.1444],[-1.1359,46.144]]]},"properties":{"id_ffco":"2014-D17-83","nom":"Villeuneuve les Salines 1/ 2 /3","_dept":"17","numero":"2014-D17-83","commune":"La Rochelle","echelle":"1/5000","surface":"2.94 km²","format":"A3","annee":"2014","cartographes":"Robin Patrick","proprietaire":"1705 - CHARENTE-MARITIME ORIENTATION","niveau":"Initiation, Scolaire","specialite":"Rand'O","contacts":"robin patrick, 4 rue du stade, 17250, beurlay, 07.81.02.90.23","latitude":"46.1524557474","longitude":"-1.12766559063","date_saisie":"18/07/2015","date_depot":"16/12/2015","valide":"Oui","ppo":"Non","type_carte":"Nouvelle carte","fond":"Ortho","obsolete":false}},{"type":"Feature","geometry":{"type":"Polygon","coordinates":[[[-1.2093,45.8454],[-1.2073,45.846],[-1.2056,45.846],[-1.2044,45.8463],[-1.2035,45.8458],[-1.2033,45.8424],[-1.2029,45.8415],[-1.202,45.8397],[-1.2023,45.8385],[-1.2011,45.8364],[-1.2044,45.8345],[-1.2085,45.8344],[-1.2101,45.8359],[-1.2114,45.838],[-1.2132,45.8394],[-1.2138,45.8421],[-1.2127,45.844],[-1.2093,45.8454]]]},"properties":{"id_ffco":"2014-D17-82","nom":"ST Trojan Ville","_dept":"17","numero":"2014-D17-82","commune":"st Trojan Les Bains","echelle":"1/4000","surface":"0.9 km²","format":"A4","annee":"2014","cartographes":"Cortirta Marian","proprietaire":"1705 - CHARENTE-MARITIME ORIENTATION","niveau":"National, International","specialite":"Sprint (ISSOM)","contacts":"robin patrick, 4 rue du stade, 17250, beurlay, 07.81.02.90.23, patrick.robin1@free.fr","latitude":"45.8402796374","longitude":"-1.20732103739","date_saisie":"18/07/2015","date_depot":"16/12/2015","valide":"Oui","ppo":"Non","type_carte":"Nouvelle carte","fond":"Ortho","obsolete":false}},{"type":"Feature","geometry":{"type":"Polygon","coordinates":[[[-1.0863,46.1245],[-1.0871,46.1243],[-1.0878,46.124],[-1.0899,46.1242],[-1.0901,46.1244],[-1.0909,46.1243],[-1.0917,46.125],[-1.0917,46.1257],[-1.0917,46.1264],[-1.0915,46.1266],[-1.0907,46.1267],[-1.0898,46.1266],[-1.0883,46.1267],[-1.0868,46.1261],[-1.0866,46.1252],[-1.0863,46.1245]]]},"properties":{"id_ffco":"2014-D17-81","nom":"Vertigo Parc","_dept":"17","numero":"2014-D17-81","commune":"La Jarne","echelle":"1/1500","surface":"0.1 km²","format":"A4","annee":"2014","cartographes":"Robin Patrick","proprietaire":"1705 - CHARENTE-MARITIME ORIENTATION","niveau":"Initiation, Scolaire","specialite":"Rand'O","latitude":"46.1253992454","longitude":"-1.08913313632","date_saisie":"18/07/2015","date_depot":"16/12/2015","valide":"Oui","ppo":"Non","type_carte":"Nouvelle carte","fond":"Ortho","obsolete":false}},{"type":"Feature","geometry":{"type":"Polygon","coordinates":[[[-0.6559,45.7559],[-0.6567,45.7572],[-0.6585,45.7584],[-0.6597,45.7602],[-0.6622,45.7621],[-0.6628,45.7625],[-0.6605,45.7653],[-0.6567,45.7669],[-0.6548,45.7681],[-0.6518,45.7695],[-0.6499,45.767],[-0.6488,45.7647],[-0.647,45.7618],[-0.6482,45.7609],[-0.6448,45.7579],[-0.6488,45.7574],[-0.653,45.7559],[-0.6559,45.7559]]]},"properties":{"id_ffco":"2014-D17-80","nom":"Lycée Desclaudes","_dept":"17","numero":"2014-D17-80","commune":"Saintes","echelle":"1/2500","surface":"1.17 km²","format":"A4","annee":"2014","cartographes":"Guerraud Thierry","proprietaire":"1705 - CHARENTE-MARITIME ORIENTATION","niveau":"Initiation, Scolaire","specialite":"Rand'O","contacts":"robin patrick, 4 rue du stade, 17250, beurlay, 07.81.02.90.23","latitude":"45.7620788476","longitude":"-0.653864868166","date_saisie":"18/07/2015","date_depot":"16/12/2015","valide":"Oui","ppo":"Non","type_carte":"Nouvelle carte","fond":"Ortho","obsolete":false}},{"type":"Feature","geometry":{"type":"Polygon","coordinates":[[[-0.1953,45.8794],[-0.1967,45.8833],[-0.1971,45.8888],[-0.1928,45.8891],[-0.1901,45.8898],[-0.186,45.8884],[-0.1817,45.8867],[-0.1805,45.8844],[-0.1804,45.8828],[-0.1822,45.8821],[-0.1818,45.8798],[-0.1884,45.8776],[-0.1934,45.8778],[-0.1953,45.8794]]]},"properties":{"id_ffco":"2014-D17-79","nom":"Beauvais sur Matha","_dept":"17","numero":"2014-D17-79","commune":"Beauvais sur Matha","echelle":"1/5000","surface":"1.34 km²","format":"A4","annee":"2014","cartographes":"Robin Patrick","proprietaire":"1705 - CHARENTE-MARITIME ORIENTATION","niveau":"Initiation, Scolaire","specialite":"Rand'O","contacts":"robin patrick, 4 rue du stade, 17250, beurlay, 07.81.02.90.23, patrick.robin1@free.fr","latitude":"45.8836459196","longitude":"-0.189271786384","date_saisie":"18/07/2015","date_depot":"16/12/2015","valide":"Oui","ppo":"Non","type_carte":"Nouvelle carte","fond":"Ortho","obsolete":false}},{"type":"Feature","geometry":{"type":"Polygon","coordinates":[[[-1.1587,45.846],[-1.1585,45.8462],[-1.159,45.8463],[-1.1605,45.8461],[-1.1614,45.8462],[-1.162,45.8465],[-1.1609,45.8483],[-1.1602,45.8484],[-1.1593,45.8481],[-1.1583,45.8487],[-1.1567,45.849],[-1.1546,45.8475],[-1.1528,45.8462],[-1.1514,45.8451],[-1.1534,45.8445],[-1.1553,45.8453],[-1.1575,45.8458],[-1.1587,45.846]]]},"properties":{"id_ffco":"2014-D17-78","nom":"Lycée de la MER","_dept":"17","numero":"2014-D17-78","commune":"Bourcefranc","echelle":"1/2500","surface":"0.2 km²","format":"A4","annee":"2014","cartographes":"Robin Patrick","proprietaire":"1705 - CHARENTE-MARITIME ORIENTATION","niveau":"Initiation, Scolaire","specialite":"Rand'O","contacts":"robin patrick, 4 rue du stade, 17250, beurlay, 07.81.02.90.23, patrick.robin1@free.fr","latitude":"45.846818132","longitude":"-1.15687721868","date_saisie":"18/07/2015","date_depot":"16/12/2015","valide":"Oui","ppo":"Non","type_carte":"Nouvelle carte","fond":"Ortho","obsolete":false}},{"type":"Feature","geometry":{"type":"Polygon","coordinates":[[[-1.1881,45.6936],[-1.1841,45.6928],[-1.1794,45.6926],[-1.1767,45.694],[-1.1714,45.6941],[-1.1665,45.6923],[-1.1673,45.6908],[-1.1692,45.6894],[-1.1686,45.6866],[-1.1704,45.6855],[-1.1746,45.688],[-1.1764,45.6869],[-1.1767,45.6823],[-1.1787,45.6811],[-1.1867,45.6862],[-1.1909,45.689],[-1.1881,45.6936]]]},"properties":{"id_ffco":"2013-D17-77","nom":"La Palmyre","_dept":"17","numero":"2013-D17-77","commune":"Les Mathes","echelle":"1/7500","surface":"1.52 km²","format":"A4","annee":"2013","cartographes":"Robin Patrick","proprietaire":"1705 - CHARENTE-MARITIME ORIENTATION","niveau":"Régional","specialite":"CO à pied","contacts":"robin patrick, 4 rue du stade, 17250, beurlay, 07.81.02.90.23, patrick.robin1@free.fr","latitude":"45.6890270998","longitude":"-1.17887463067","date_saisie":"17/07/2015","date_depot":"16/12/2015","valide":"Oui","ppo":"Oui (40 postes)","type_carte":"Nouvelle carte","fond":"Ortho","obsolete":false}},{"type":"Feature","geometry":{"type":"Polygon","coordinates":[[[-0.8905,45.9453],[-0.892,45.9462],[-0.8915,45.9473],[-0.8912,45.9474],[-0.8902,45.9471],[-0.89,45.9476],[-0.8896,45.9478],[-0.8884,45.9472],[-0.89,45.9458],[-0.8905,45.9453]]]},"properties":{"id_ffco":"2014-D17-76","nom":"Collège juliot Curie","_dept":"17","numero":"2014-D17-76","commune":"Tonnay Charente","echelle":"1/1500","surface":"0.04 km²","format":"A4","annee":"2014","cartographes":"Robin Patrick","proprietaire":"1705 - CHARENTE-MARITIME ORIENTATION","niveau":"Initiation, Scolaire","specialite":"Rand'O","latitude":"45.9466207588","longitude":"-0.890328233689","date_saisie":"17/07/2015","date_depot":"16/12/2015","valide":"Oui","ppo":"Non","type_carte":"Nouvelle carte","fond":"Ortho","obsolete":false}},{"type":"Feature","geometry":{"type":"Polygon","coordinates":[[[-1.2517,45.9511],[-1.2511,45.9506],[-1.2505,45.9505],[-1.2501,45.9506],[-1.2497,45.9502],[-1.2495,45.95],[-1.249,45.95],[-1.2486,45.9496],[-1.2474,45.9488],[-1.2467,45.9484],[-1.2459,45.9487],[-1.2449,45.9494],[-1.2431,45.95],[-1.2424,45.9501],[-1.2425,45.9503],[-1.2416,45.9507],[-1.2427,45.9523],[-1.2421,45.9538],[-1.2428,45.954],[-1.2451,45.9534],[-1.2458,45.9526],[-1.2467,45.9533],[-1.2472,45.9537],[-1.2488,45.9542],[-1.251,45.9526],[-1.2519,45.9517],[-1.2517,45.9511]]]},"properties":{"id_ffco":"2013-D17-75","nom":"CNRS CEAS","_dept":"17","numero":"2013-D17-75","commune":"St Pierre d'Oléron","echelle":"1/4000","surface":"0.31 km²","format":"A4","annee":"2013","cartographes":"Cortirta Marian","proprietaire":"1705 - CHARENTE-MARITIME ORIENTATION","niveau":"National, International","specialite":"Sprint (ISSOM)","latitude":"45.9514958729","longitude":"-1.24660479589","date_saisie":"17/07/2015","date_depot":"16/12/2015","valide":"Oui","ppo":"Non","type_carte":"Nouvelle carte","fond":"Ortho","obsolete":false}},{"type":"Feature","geometry":{"type":"Polygon","coordinates":[[[-1.1255,45.7894],[-1.132,45.7942],[-1.1291,45.8018],[-1.1282,45.8038],[-1.127,45.8056],[-1.1306,45.807],[-1.1306,45.8084],[-1.1284,45.8099],[-1.13,45.8111],[-1.1281,45.8123],[-1.1264,45.8139],[-1.1191,45.8195],[-1.1181,45.8212],[-1.1155,45.8218],[-1.1102,45.8212],[-1.1073,45.82],[-1.1082,45.8174],[-1.1066,45.8139],[-1.1008,45.8109],[-1.0932,45.814],[-1.0903,45.8178],[-1.0881,45.8234],[-1.0828,45.8202],[-1.0858,45.8166],[-1.0925,45.8093],[-1.0944,45.8078],[-1.1039,45.8087],[-1.1109,45.8099],[-1.1143,45.8024],[-1.1185,45.7947],[-1.1233,45.7891],[-1.1255,45.7894]]]},"properties":{"id_ffco":"2013-D17-74","nom":"Marennes port Sud","_dept":"17","numero":"2013-D17-74","commune":"Marennes","echelle":"1/10000","surface":"5.0 km²","format":"A3","annee":"2013","cartographes":"Robin Patrick","proprietaire":"1705 - CHARENTE-MARITIME ORIENTATION","niveau":"Départemental","specialite":"Raid'O","contacts":"robin patrick, 4 rue du stade, 17250, beurlay, 07.81.02.90.23, patrick.robin1@free.fr","latitude":"45.8080945146","longitude":"-1.11478051083","date_saisie":"17/07/2015","date_depot":"16/12/2015","valide":"Oui","ppo":"Non","type_carte":"Nouvelle carte","fond":"Ortho","obsolete":false}},{"type":"Feature","geometry":{"type":"Polygon","coordinates":[[[-0.7832,46.0775],[-0.7852,46.0753],[-0.7889,46.0726],[-0.7932,46.0723],[-0.7979,46.074],[-0.8008,46.077],[-0.7983,46.0812],[-0.794,46.082],[-0.7888,46.0826],[-0.7857,46.082],[-0.7822,46.0813],[-0.7832,46.0775]]]},"properties":{"id_ffco":"2013-D17-73","nom":"st Germain de marencenne","_dept":"17","numero":"2013-D17-73","commune":"st Germain de Marencenne","echelle":"1/4000","surface":"1.18 km²","format":"A3","annee":"2013","cartographes":"Sepans Daniel","proprietaire":"1705 - CHARENTE-MARITIME ORIENTATION","niveau":"Départemental","specialite":"Rand'O","contacts":"robin patrick, 4 rue du stade, 17250, beurlay, 07.81.02.90.23, patrick.robin1@free.fr","latitude":"46.0777434776","longitude":"-0.791465567955","date_saisie":"17/07/2015","date_depot":"16/12/2015","valide":"Oui","ppo":"Non","type_carte":"Nouvelle carte","fond":"Ortho","obsolete":false}},{"type":"Feature","geometry":{"type":"Polygon","coordinates":[[[-1.1053,45.8268],[-1.1064,45.8274],[-1.1073,45.8276],[-1.1086,45.8273],[-1.1086,45.8276],[-1.1085,45.8279],[-1.1091,45.8283],[-1.1084,45.8292],[-1.1077,45.8299],[-1.1068,45.8294],[-1.1065,45.8292],[-1.1059,45.8294],[-1.1049,45.8289],[-1.1046,45.8284],[-1.1042,45.8284],[-1.1046,45.8276],[-1.1053,45.8268]]]},"properties":{"id_ffco":"2013-D17-72","nom":"Marennes Collège","_dept":"17","numero":"2013-D17-72","commune":"Marennes","echelle":"1/1500","surface":"0.07 km²","format":"A4","annee":"2013","cartographes":"Robin Patrick","proprietaire":"1705 - CHARENTE-MARITIME ORIENTATION","niveau":"Initiation, Scolaire","specialite":"Rand'O","latitude":"45.8283371793","longitude":"-1.10667585707","date_saisie":"17/07/2015","date_depot":"16/12/2015","valide":"Oui","ppo":"Non","type_carte":"Nouvelle carte","fond":"Ortho","obsolete":false}},{"type":"Feature","geometry":{"type":"Polygon","coordinates":[[[-0.4219,46.083],[-0.4226,46.0889],[-0.4137,46.0942],[-0.3965,46.0942],[-0.3869,46.0997],[-0.377,46.0954],[-0.3663,46.0875],[-0.3574,46.0828],[-0.3643,46.0785],[-0.3608,46.0751],[-0.3426,46.0811],[-0.3361,46.083],[-0.3214,46.0618],[-0.3354,46.0487],[-0.3492,46.0508],[-0.3601,46.0492],[-0.4037,46.0456],[-0.4295,46.0494],[-0.4408,46.0494],[-0.4419,46.0604],[-0.4377,46.0675],[-0.423,46.0654],[-0.4161,46.0685],[-0.4219,46.083]]]},"properties":{"id_ffco":"2011-D17-71","nom":"Dampierre sur boutonne","_dept":"17","numero":"2011-D17-71","commune":"Dampierre sur Boutonne","echelle":"1/15000","surface":"35.19 km²","format":"A3","annee":"2011","cartographes":"Robin Patrick","proprietaire":"1705 - CHARENTE-MARITIME ORIENTATION","niveau":"Départemental","specialite":"Raid'O","contacts":"robin patrick, beurlay, 07.81.02.90.23, patrick.robin1@free.fr","latitude":"46.0680690384","longitude":"-0.383195852283","date_saisie":"17/07/2015","date_depot":"16/12/2015","valide":"Oui","ppo":"Non","type_carte":"Nouvelle carte","fond":"Ortho","obsolete":false}},{"type":"Feature","geometry":{"type":"Polygon","coordinates":[[[-0.62,45.7231],[-0.6188,45.7275],[-0.6106,45.7299],[-0.6039,45.7304],[-0.601,45.7281],[-0.5979,45.7298],[-0.5919,45.7282],[-0.5854,45.7267],[-0.5873,45.7237],[-0.5867,45.721],[-0.5811,45.7189],[-0.5783,45.7194],[-0.5766,45.7214],[-0.5715,45.7202],[-0.567,45.7188],[-0.5622,45.7167],[-0.5591,45.714],[-0.5519,45.7136],[-0.5488,45.7109],[-0.5442,45.7075],[-0.5385,45.7076],[-0.5325,45.7059],[-0.5603,45.6716],[-0.5812,45.687],[-0.5974,45.6983],[-0.6027,45.7009],[-0.5993,45.7082],[-0.6044,45.7118],[-0.6182,45.7153],[-0.6133,45.7208],[-0.62,45.7231]]]},"properties":{"id_ffco":"2013-D17-70","nom":"Courcoury","_dept":"17","numero":"2013-D17-70","commune":"COURCOURY","echelle":"1/15000","surface":"20.21 km²","format":"A3","annee":"2013","cartographes":"Robin Patrick","proprietaire":"1705 - CHARENTE-MARITIME ORIENTATION","niveau":"Départemental","specialite":"Rand'O","latitude":"45.7041744812","longitude":"-0.575580195625","date_saisie":"17/07/2015","date_depot":"16/12/2015","valide":"Oui","ppo":"Non","type_carte":"Nouvelle carte","fond":"Ortho","obsolete":false}},{"type":"Feature","geometry":{"type":"Polygon","coordinates":[[[-1.096,46.0631],[-1.0938,46.0635],[-1.0935,46.0655],[-1.0923,46.0659],[-1.0902,46.0657],[-1.0892,46.0648],[-1.0855,46.0656],[-1.0848,46.0651],[-1.0867,46.0608],[-1.0861,46.0597],[-1.0862,46.0585],[-1.0811,46.058],[-1.0842,46.0548],[-1.0897,46.0554],[-1.0902,46.0587],[-1.0923,46.0609],[-1.0954,46.0604],[-1.0956,46.062],[-1.096,46.0631]]]},"properties":{"id_ffco":"2011-D17-69","nom":"Chatelaillon Sud","_dept":"17","numero":"2011-D17-69","commune":"chatelaillon","echelle":"1/4500","surface":"0.67 km²","format":"A4","annee":"2011","cartographes":"Robin Patrick","proprietaire":"1705 - CHARENTE-MARITIME ORIENTATION","niveau":"Départemental","specialite":"Raid'O","contacts":"robin patrick, 4 rue du stade, 17250, beurlay, 07.81.02.90.23, patrick.robin1@free.fr, http://www.club-co17.com/","latitude":"46.0606433232","longitude":"-1.08881471135","date_saisie":"17/07/2015","date_depot":"16/12/2015","valide":"Oui","ppo":"Non","type_carte":"Nouvelle carte","fond":"Ortho","obsolete":false}},{"type":"Feature","geometry":{"type":"Polygon","coordinates":[[[-1.1645,45.8001],[-1.1615,45.801],[-1.1569,45.8024],[-1.1553,45.8024],[-1.1552,45.8013],[-1.1528,45.801],[-1.1514,45.8006],[-1.1507,45.7998],[-1.1498,45.7988],[-1.1496,45.798],[-1.1483,45.7975],[-1.1438,45.7963],[-1.143,45.7959],[-1.1432,45.7951],[-1.1447,45.7941],[-1.1452,45.7925],[-1.1467,45.7914],[-1.1492,45.7904],[-1.1505,45.7897],[-1.1519,45.7881],[-1.1529,45.7869],[-1.1542,45.785],[-1.1548,45.7842],[-1.1568,45.7847],[-1.1574,45.7855],[-1.1591,45.7853],[-1.1638,45.7849],[-1.1664,45.7856],[-1.167,45.7846],[-1.1686,45.7839],[-1.1711,45.7831],[-1.1719,45.7825],[-1.1747,45.7813],[-1.1772,45.7805],[-1.1777,45.7801],[-1.1784,45.7791],[-1.1791,45.7781],[-1.1813,45.7773],[-1.1829,45.7767],[-1.1843,45.7758],[-1.1848,45.7755],[-1.1886,45.7755],[-1.1928,45.7755],[-1.1925,45.7801],[-1.1923,45.7847],[-1.192,45.7886],[-1.1919,45.7895],[-1.1893,45.7897],[-1.1859,45.7904],[-1.1831,45.7916],[-1.1804,45.7927],[-1.1772,45.7934],[-1.1741,45.7939],[-1.172,45.7949],[-1.1706,45.7961],[-1.1678,45.7981],[-1.1659,45.7992],[-1.1645,45.8001]]]},"properties":{"id_ffco":"2012-D17-68","nom":"Ronce les bains","_dept":"17","numero":"2012-D17-68","commune":"la Tremblade","echelle":"1/10000","surface":"5.58 km²","format":"A3","annee":"2012","cartographes":"Robin Patrick","proprietaire":"1705 - CHARENTE-MARITIME ORIENTATION","niveau":"Départemental","specialite":"CO à pied","latitude":"45.7891873141","longitude":"-1.16975374073","date_saisie":"28/12/2014","date_depot":"16/12/2015","valide":"Oui","ppo":"Non","type_carte":"Reprise","base":"2002-D17-29 Côte Sauvage","fond":"Ortho","obsolete":false}},{"type":"Feature","geometry":{"type":"Polygon","coordinates":[[[-1.1928,45.8821],[-1.1944,45.882],[-1.1948,45.8821],[-1.1956,45.8822],[-1.1956,45.883],[-1.1959,45.8836],[-1.1973,45.8836],[-1.1985,45.8841],[-1.1995,45.8848],[-1.1999,45.8854],[-1.2007,45.8857],[-1.2029,45.8858],[-1.2033,45.8859],[-1.2031,45.8863],[-1.2029,45.8873],[-1.2003,45.8879],[-1.2008,45.8884],[-1.2012,45.8889],[-1.201,45.8893],[-1.1989,45.8901],[-1.1975,45.8908],[-1.1967,45.8912],[-1.1959,45.8911],[-1.1943,45.8902],[-1.193,45.8894],[-1.1915,45.8888],[-1.1906,45.8882],[-1.1892,45.8866],[-1.188,45.8862],[-1.1878,45.8856],[-1.1878,45.8842],[-1.188,45.8836],[-1.1889,45.8831],[-1.1889,45.8824],[-1.1897,45.8822],[-1.1914,45.8822],[-1.1928,45.8821]]]},"properties":{"id_ffco":"2016-D17-67","nom":"Le Chateau d'Oléron","_dept":"17","numero":"2016-D17-67","commune":"le Chateau d'Oléron","echelle":"1/4000","surface":"0.73 km²","format":"A4","annee":"2016","cartographes":"CORTIRTA Marian","proprietaire":"1705 - CHARENTE-MARITIME ORIENTATION","niveau":"National, International","specialite":"Sprint (ISSOM)","latitude":"45.8863129087","longitude":"-1.19488359622","date_saisie":"28/12/2014","date_depot":"16/12/2015","valide":"Oui","ppo":"Oui (60 postes)","type_carte":"Nouvelle carte","fond":"Ortho","obsolete":false}},{"type":"Feature","geometry":{"type":"Polygon","coordinates":[[[-1.3039,45.9358],[-1.3066,45.9364],[-1.3126,45.9398],[-1.3162,45.9432],[-1.3194,45.9447],[-1.3232,45.9463],[-1.3322,45.9526],[-1.3329,45.9532],[-1.3301,45.9557],[-1.3284,45.9561],[-1.3259,45.9574],[-1.3252,45.9583],[-1.322,45.957],[-1.3191,45.9561],[-1.3176,45.9562],[-1.3149,45.9563],[-1.3145,45.9562],[-1.3126,45.9555],[-1.311,45.9556],[-1.3101,45.9561],[-1.3062,45.9562],[-1.3048,45.9559],[-1.3018,45.9555],[-1.3018,45.955],[-1.3024,45.9535],[-1.3024,45.953],[-1.3016,45.9527],[-1.3007,45.9515],[-1.3002,45.9511],[-1.2967,45.9498],[-1.2949,45.949],[-1.2952,45.9483],[-1.2955,45.9475],[-1.2937,45.9448],[-1.2911,45.941],[-1.2896,45.939],[-1.291,45.9343],[-1.2902,45.9301],[-1.2919,45.9308],[-1.2935,45.9323],[-1.2959,45.9334],[-1.3039,45.9358]]]},"properties":{"id_ffco":"2012-D17-66","nom":"Saint Pierre d'Oléron","_dept":"17","numero":"2012-D17-66","commune":"Saint Pierre d'Oléron","echelle":"1/7500","surface":"4.87 km²","format":"A3","annee":"2012","cartographes":"Robin Patrick","proprietaire":"1705 - CHARENTE-MARITIME ORIENTATION","niveau":"Initiation, Scolaire","specialite":"CO à pied","latitude":"45.9463253589","longitude":"-1.30867483523","date_saisie":"28/12/2014","date_depot":"16/12/2015","valide":"Oui","ppo":"Non","type_carte":"Nouvelle carte","fond":"Ortho","obsolete":false}},{"type":"Feature","geometry":{"type":"Polygon","coordinates":[[[-0.9335,45.6737],[-0.9317,45.674],[-0.9294,45.6744],[-0.9281,45.6746],[-0.9268,45.6744],[-0.9263,45.6743],[-0.9257,45.6751],[-0.9248,45.6759],[-0.9257,45.6764],[-0.926,45.6765],[-0.9265,45.6767],[-0.9274,45.6772],[-0.9285,45.6775],[-0.9289,45.6776],[-0.9295,45.6772],[-0.9305,45.6778],[-0.9309,45.6789],[-0.9312,45.6799],[-0.9316,45.6809],[-0.9314,45.6812],[-0.9319,45.6818],[-0.9333,45.6826],[-0.9348,45.6835],[-0.9356,45.6843],[-0.936,45.6845],[-0.9373,45.685],[-0.9394,45.6857],[-0.9403,45.6858],[-0.9409,45.6853],[-0.9413,45.6849],[-0.9427,45.6848],[-0.9439,45.6851],[-0.9445,45.6842],[-0.9454,45.6844],[-0.9463,45.6845],[-0.9471,45.6847],[-0.9478,45.6844],[-0.9454,45.6823],[-0.9428,45.6802],[-0.9391,45.6777],[-0.9367,45.676],[-0.9344,45.6741],[-0.9335,45.6737]]]},"properties":{"id_ffco":"2015-D17-65","nom":"La Lande Saujon","_dept":"17","numero":"2015-D17-65","commune":"Saujon","echelle":"1/6000","surface":"1.03 km²","format":"A4","annee":"2015","cartographes":"Robin Patrick","proprietaire":"1705 - CHARENTE-MARITIME ORIENTATION","niveau":"Initiation, Scolaire","specialite":"CO à pied","latitude":"45.6798233507","longitude":"-0.936281380508","date_saisie":"28/12/2014","date_depot":"16/12/2015","valide":"Oui","ppo":"Oui (40 postes)","type_carte":"Reprise","base":"2015-D17-65 La Lande Saujon","fond":"Ortho","obsolete":false}},{"type":"Feature","geometry":{"type":"Polygon","coordinates":[[[-1.0096,45.617],[-1.01,45.6171],[-1.0099,45.6166],[-1.0095,45.616],[-1.0091,45.6156],[-1.0089,45.6154],[-1.008,45.6154],[-1.0073,45.6156],[-1.0067,45.6158],[-1.0059,45.6158],[-1.0054,45.6158],[-1.0052,45.616],[-1.0056,45.6163],[-1.0059,45.6165],[-1.0063,45.6166],[-1.0069,45.6165],[-1.0075,45.6164],[-1.0081,45.6164],[-1.0088,45.6166],[-1.0094,45.6169],[-1.0096,45.617]]]},"properties":{"id_ffco":"2012-D17-64","nom":"Royan Parc","_dept":"17","numero":"2012-D17-64","commune":"Royan 17","echelle":"1/1250","surface":"0.03 km²","format":"A4","annee":"2012","cartographes":"Robin Patrick","proprietaire":"1705 - CHARENTE-MARITIME ORIENTATION","niveau":"Initiation, Scolaire","specialite":"CO à pied","latitude":"45.6161140096","longitude":"-1.00781816192","date_saisie":"28/12/2014","date_depot":"16/12/2015","valide":"Oui","ppo":"Non","type_carte":"Nouvelle carte","fond":"Ortho","obsolete":false}},{"type":"Feature","geometry":{"type":"Polygon","coordinates":[[[-1.2557,45.989],[-1.2554,45.9868],[-1.2556,45.9852],[-1.2562,45.9845],[-1.258,45.9835],[-1.2587,45.9832],[-1.2596,45.9834],[-1.2628,45.9767],[-1.2574,45.9756],[-1.2539,45.9741],[-1.2506,45.9726],[-1.2498,45.9714],[-1.2507,45.9693],[-1.2503,45.9672],[-1.2486,45.9672],[-1.2468,45.9662],[-1.2447,45.9646],[-1.2408,45.9665],[-1.238,45.9682],[-1.2353,45.9696],[-1.2344,45.9701],[-1.2363,45.9725],[-1.2364,45.9744],[-1.2359,45.9767],[-1.2352,45.9784],[-1.2345,45.9815],[-1.236,45.9843],[-1.2386,45.9866],[-1.2413,45.9878],[-1.2478,45.9902],[-1.2511,45.9902],[-1.2547,45.9898],[-1.2557,45.989]]]},"properties":{"id_ffco":"2012-D17-63","nom":"Fort des Saumonards","_dept":"17","numero":"2012-D17-63","commune":"ST GEORGES D'Oléron","echelle":"1/10000","surface":"3.85 km²","format":"A4","annee":"2012","cartographes":"CORTIRTA Marian","proprietaire":"1705 - CHARENTE-MARITIME ORIENTATION","niveau":"National, International","specialite":"CO à pied","latitude":"45.9785142637","longitude":"-1.2467122491","date_saisie":"24/12/2014","date_depot":"16/12/2015","valide":"Oui","ppo":"Non","type_carte":"Extrait","base":"1984-D17-20 SAUMONARDS (LES)","fond":"Ortho","obsolete":false}},{"type":"Feature","geometry":{"type":"Polygon","coordinates":[[[-1.2933,45.9889],[-1.295,45.9822],[-1.2917,45.9815],[-1.2868,45.9804],[-1.2839,45.9804],[-1.2793,45.9789],[-1.2766,45.9784],[-1.2694,45.9779],[-1.2617,45.9781],[-1.2579,45.9804],[-1.2541,45.9825],[-1.2553,45.9894],[-1.2563,45.9906],[-1.2674,45.99],[-1.2767,45.9888],[-1.2837,45.9884],[-1.2896,45.9886],[-1.2933,45.9889]]]},"properties":{"id_ffco":"2012-D17-62","nom":"Saumonards Ouest","_dept":"17","numero":"2012-D17-62","commune":"ST GEORGES D'Oléron","echelle":"1/10000","surface":"3.36 km²","format":"A3","annee":"2012","cartographes":"CORTIRTA Marian","proprietaire":"17 - Charente-Maritime","niveau":"National, International","specialite":"CO à pied","latitude":"45.9842836743","longitude":"-1.27294709159","date_saisie":"22/12/2014","date_depot":"16/12/2015","valide":"Oui","ppo":"Non","type_carte":"Reprise","base":"1984-D17-20 SAUMONARDS (LES)","fond":"Ortho","obsolete":false}},{"type":"Feature","geometry":{"type":"Polygon","coordinates":[[[-1.2408,45.9732],[-1.239,45.9747],[-1.2376,45.9732],[-1.2357,45.9714],[-1.2346,45.9701],[-1.2343,45.9697],[-1.2365,45.9689],[-1.2381,45.9683],[-1.2397,45.9673],[-1.2418,45.9662],[-1.2426,45.9656],[-1.2458,45.9656],[-1.2471,45.9677],[-1.2486,45.9694],[-1.2507,45.9691],[-1.2507,45.9702],[-1.2497,45.9713],[-1.2479,45.9719],[-1.2459,45.9719],[-1.2436,45.9727],[-1.2417,45.973],[-1.2408,45.9732]]]},"properties":{"id_ffco":"2012-D17-61","nom":"BOYARD","_dept":"17","numero":"2012-D17-61","commune":"ST GEORGES D'Oléron","echelle":"1/5000","surface":"0.67 km²","format":"A4","annee":"2012","cartographes":"CORTIRTA Marian","proprietaire":"17 - Charente-Maritime","niveau":"Régional","specialite":"Sprint (ISSOM)","contacts":"Robin Patrick, 05.4695.68.07, patrick.robin1@free.fr, http://www.club-co17.com/","latitude":"45.9698621714","longitude":"-1.24242128344","date_saisie":"22/12/2014","date_depot":"16/12/2015","valide":"Oui","ppo":"Non","type_carte":"Reprise","base":"1984-D17-20 SAUMONARDS (LES)","fond":"Ortho","obsolete":false}},{"type":"Feature","geometry":{"type":"Polygon","coordinates":[[[-0.6235,45.7467],[-0.636,45.7475],[-0.6364,45.7446],[-0.6358,45.7446],[-0.6375,45.7418],[-0.6339,45.7408],[-0.6264,45.7407],[-0.6249,45.7454],[-0.6241,45.7453],[-0.6235,45.7467]]]},"properties":{"id_ffco":"2011-D17-60","nom":"Arc de Triomphe","_dept":"17","numero":"2011-D17-60","commune":"Saintes","echelle":"1/4000","surface":"0.62 km²","format":"A4","annee":"2011","cartographes":"Patrick ROBIN","proprietaire":"1705 - CHARENTE-MARITIME ORIENTATION","niveau":"Initiation, Scolaire","specialite":"CO à pied","latitude":"45.7440749312","longitude":"-0.630848303054","date_saisie":"22/03/2012","date_depot":"07/11/2012","valide":"Oui","ppo":"Non","type_carte":"Nouvelle carte","fond":"Cadastre","obsolete":false}},{"type":"Feature","geometry":{"type":"Polygon","coordinates":[[[-1.1218,46.1322],[-1.1217,46.1326],[-1.1231,46.1326],[-1.1254,46.1332],[-1.1277,46.134],[-1.1276,46.1344],[-1.1305,46.134],[-1.1312,46.1313],[-1.1324,46.1301],[-1.1282,46.1275],[-1.1255,46.1275],[-1.124,46.1269],[-1.1217,46.1273],[-1.1212,46.1279],[-1.1217,46.1281],[-1.1225,46.1285],[-1.1225,46.1285],[-1.1228,46.1302],[-1.1218,46.1317],[-1.1218,46.1322]]]},"properties":{"id_ffco":"2011-D17-59","nom":"Aytré","_dept":"17","numero":"2011-D17-59","commune":"Aytré","echelle":"1/3000","surface":"0.46 km²","format":"A4","annee":"2011","cartographes":"Patrick ROBIN","proprietaire":"1705 - CHARENTE-MARITIME ORIENTATION","niveau":"Initiation, Scolaire","specialite":"CO à pied","latitude":"46.1305234531","longitude":"-1.12672095045","date_saisie":"22/03/2012","date_depot":"07/11/2012","valide":"Oui","ppo":"Non","type_carte":"Nouvelle carte","fond":"Cadastre","obsolete":false}},{"type":"Feature","geometry":{"type":"Polygon","coordinates":[[[-1.1528,46.1676],[-1.1528,46.1676],[-1.1547,46.1677],[-1.1564,46.1674],[-1.1563,46.1665],[-1.158,46.1656],[-1.1576,46.164],[-1.1588,46.1641],[-1.1585,46.1623],[-1.1549,46.1621],[-1.1547,46.1632],[-1.1551,46.1633],[-1.1554,46.1649],[-1.1548,46.1653],[-1.1541,46.1654],[-1.153,46.1664],[-1.1531,46.1669],[-1.1528,46.1676]]]},"properties":{"id_ffco":"2011-D17-58","nom":"Parc Charruyer","_dept":"17","numero":"2011-D17-58","commune":"La Rochelle","echelle":"1/2500","surface":"0.16 km²","format":"A4","annee":"2011","cartographes":"Sylvain MICHEL","proprietaire":"1705 - CHARENTE-MARITIME ORIENTATION","niveau":"Initiation, Scolaire","specialite":"CO à pied","latitude":"46.1648987057","longitude":"-1.15595097967","date_saisie":"22/03/2012","date_depot":"07/11/2012","valide":"Oui","ppo":"Non","type_carte":"Nouvelle carte","fond":"Cadastre","obsolete":false}},{"type":"Feature","geometry":{"type":"Polygon","coordinates":[[[-1.1637,45.6819],[-1.1643,45.6813],[-1.1652,45.6799],[-1.165,45.6792],[-1.1655,45.6791],[-1.166,45.6785],[-1.166,45.6781],[-1.1654,45.6773],[-1.1661,45.6768],[-1.1668,45.6775],[-1.168,45.6771],[-1.1685,45.6765],[-1.1653,45.6751],[-1.1614,45.6761],[-1.1619,45.6773],[-1.1592,45.6793],[-1.1637,45.6819]]]},"properties":{"id_ffco":"2009-D17-57","nom":"Club MED","_dept":"17","numero":"2009-D17-57","commune":"Les Mathes","echelle":"1/3500","surface":"0.26 km²","format":"A4","annee":"2009","cartographes":"Patrick ROBIN","proprietaire":"1705 - CHARENTE-MARITIME ORIENTATION","niveau":"Initiation, Scolaire","specialite":"CO à pied","latitude":"45.678189674","longitude":"-1.16363786078","date_saisie":"13/01/2010","date_depot":"20/01/2010","valide":"Oui","ppo":"Non","type_carte":"Nouvelle carte","fond":"Ortho","obsolete":false}},{"type":"Feature","geometry":{"type":"Polygon","coordinates":[[[-1.23,45.7897],[-1.2362,45.7832],[-1.2377,45.778],[-1.2233,45.7766],[-1.2189,45.777],[-1.2165,45.7768],[-1.2152,45.7758],[-1.1946,45.7756],[-1.1869,45.7753],[-1.1861,45.7908],[-1.1924,45.7898],[-1.1973,45.792],[-1.2014,45.7939],[-1.2102,45.7939],[-1.2169,45.7934],[-1.2237,45.7906],[-1.23,45.7897]]]},"properties":{"id_ffco":"2009-D17-56","nom":"Le Galon d'Or","_dept":"17","numero":"2009-D17-56","commune":"La Tremblade","echelle":"1/10000","surface":"6.54 km²","format":"A3","annee":"2009","cartographes":"Patrick ROBIN","proprietaire":"1705 - CHARENTE-MARITIME ORIENTATION","niveau":"Départemental","specialite":"CO à pied","latitude":"45.7840112511","longitude":"-1.20982204162","date_saisie":"23/03/2012","date_depot":"16/12/2015","valide":"Oui","ppo":"Non","type_carte":"Nouvelle carte","fond":"Ortho","obsolete":false}},{"type":"Feature","geometry":{"type":"Polygon","coordinates":[[[-0.5374,45.5793],[-0.539,45.5803],[-0.5426,45.5807],[-0.5463,45.5815],[-0.547,45.5805],[-0.5473,45.5807],[-0.5476,45.5804],[-0.5483,45.5806],[-0.5505,45.5781],[-0.5494,45.5775],[-0.5499,45.5756],[-0.5491,45.5746],[-0.5495,45.5736],[-0.549,45.5726],[-0.546,45.5728],[-0.5433,45.5719],[-0.5425,45.5741],[-0.5397,45.5772],[-0.5374,45.5793]]]},"properties":{"id_ffco":"2010-D17-55","nom":"Pons Le Donjon","_dept":"17","numero":"2010-D17-55","commune":"Pons","echelle":"1/3500","surface":"0.66 km²","format":"A3","annee":"2010","cartographes":"Gérard CROCHET","proprietaire":"1705 - CHARENTE-MARITIME ORIENTATION","niveau":"Initiation, Scolaire","specialite":"CO à pied","latitude":"45.5770883513","longitude":"-0.544752319282","date_saisie":"23/03/2012","date_depot":"07/11/2012","valide":"Oui","ppo":"Non","type_carte":"Nouvelle carte","fond":"Cadastre","obsolete":false}},{"type":"Feature","geometry":{"type":"Polygon","coordinates":[[[-1.2564,45.8812],[-1.2652,45.8755],[-1.2607,45.8686],[-1.2576,45.862],[-1.253,45.8486],[-1.2374,45.8621],[-1.2432,45.8655],[-1.2459,45.8699],[-1.2461,45.8738],[-1.2564,45.8812]]]},"properties":{"id_ffco":"2009-D17-54","nom":"Les Allasins","_dept":"17","numero":"2009-D17-54","commune":"Grand Village","echelle":"1/10000","surface":"3.54 km²","format":"A3","annee":"2009","cartographes":"Gérard CROCHET","proprietaire":"1705 - CHARENTE-MARITIME ORIENTATION","niveau":"Départemental","specialite":"CO à pied","latitude":"45.8660330995","longitude":"-1.25199134358","date_saisie":"23/03/2012","date_depot":"16/12/2015","valide":"Oui","ppo":"Non","type_carte":"Nouvelle carte","fond":"Ortho","obsolete":false}},{"type":"Feature","geometry":{"type":"Polygon","coordinates":[[[-0.7477,46.1041],[-0.7485,46.1045],[-0.7487,46.1052],[-0.7492,46.1057],[-0.7521,46.1062],[-0.7542,46.1031],[-0.7536,46.1001],[-0.7529,46.0994],[-0.7518,46.0992],[-0.75,46.0989],[-0.7475,46.1035],[-0.7479,46.1037],[-0.7476,46.1039],[-0.7477,46.1041]]]},"properties":{"id_ffco":"2009-D17-53","nom":"Le Chateau","_dept":"17","numero":"2009-D17-53","commune":"Surgères","echelle":"1/3000","surface":"0.29 km²","format":"A4","annee":"2009","cartographes":"Adrien BOUDET","proprietaire":"1705 - CHARENTE-MARITIME ORIENTATION","niveau":"Initiation, Scolaire","specialite":"CO à pied","latitude":"46.1026040151","longitude":"-0.751037737234","date_saisie":"23/03/2012","date_depot":"16/12/2015","valide":"Oui","ppo":"Non","type_carte":"Nouvelle carte","fond":"Ortho","obsolete":false}},{"type":"Feature","geometry":{"type":"Polygon","coordinates":[[[-1.3562,46.1946],[-1.3562,46.1946],[-1.353,46.1941],[-1.3496,46.1942],[-1.3466,46.194],[-1.3457,46.1925],[-1.3459,46.1901],[-1.3434,46.1877],[-1.3457,46.185],[-1.3464,46.1815],[-1.3521,46.1797],[-1.3545,46.1813],[-1.3577,46.1826],[-1.3571,46.1866],[-1.3572,46.1881],[-1.3562,46.1894],[-1.3562,46.1946]]]},"properties":{"id_ffco":"2009-D17-52","nom":"les salières","_dept":"17","numero":"2009-D17-52","commune":"st Martin de Ré","echelle":"1/7500","surface":"1.29 km²","format":"A4","annee":"2009","cartographes":"Adrien BOUDET, Pierre BOUDET, Gérard CROCHET","proprietaire":"1705 - CHARENTE-MARITIME ORIENTATION","niveau":"Initiation, Scolaire","specialite":"CO à pied","latitude":"46.1873853071","longitude":"-1.3510932258","date_saisie":"23/03/2012","date_depot":"16/12/2015","valide":"Oui","ppo":"Non","type_carte":"Reprise","base":"1991-D17-11 SALIERES","fond":"Ortho","obsolete":false}},{"type":"Feature","geometry":{"type":"Polygon","coordinates":[[[-1.2541,45.8815],[-1.2575,45.8802],[-1.2641,45.8756],[-1.266,45.8746],[-1.2704,45.8818],[-1.2773,45.8858],[-1.2824,45.8901],[-1.2809,45.8939],[-1.2649,45.8882],[-1.2594,45.8861],[-1.2541,45.8815]]]},"properties":{"id_ffco":"2008-D17-51","nom":"VERT BOIS","_dept":"17","numero":"2008-D17-51","commune":"grand village","echelle":"1/10000","surface":"1.87 km²","format":"A4","annee":"2008","cartographes":"G Crochet","proprietaire":"1705 - CHARENTE-MARITIME ORIENTATION","niveau":"Départemental","specialite":"CO à pied","latitude":"45.8846828821","longitude":"-1.26821406745","date_saisie":"13/01/2010","date_depot":"20/01/2010","valide":"Oui","ppo":"Non","type_carte":"Nouvelle carte","fond":"Ortho","obsolete":false}},{"type":"Feature","geometry":{"type":"Polygon","coordinates":[[[-1.3317,45.972],[-1.3332,45.972],[-1.3355,45.9724],[-1.3377,45.9727],[-1.3394,45.9728],[-1.3416,45.9731],[-1.3395,45.9753],[-1.3376,45.9763],[-1.3367,45.9765],[-1.3359,45.9762],[-1.335,45.9753],[-1.332,45.9754],[-1.3313,45.974],[-1.3316,45.9723],[-1.3317,45.972]]]},"properties":{"id_ffco":"2016-D17-50","nom":"les près Valet","_dept":"17","numero":"2016-D17-50","commune":"st georges d'Oleron","echelle":"1/2000","surface":"0.25 km²","format":"A4","annee":"2016","cartographes":"lavalade jacques","proprietaire":"1705 - CHARENTE-MARITIME ORIENTATION","niveau":"Initiation, Scolaire","specialite":"CO à pied","contacts":"robin patrick, 4 rue du stade, 17250, beurlay, 07.81.02.90.23, patrick.robin1@free.fr, http://www.club-co17.com/","latitude":"45.9740320323","longitude":"-1.33594509584","date_saisie":"25/09/2015","date_depot":"16/12/2015","valide":"Oui","ppo":"Oui (40 postes)","type_carte":"Nouvelle carte","fond":"Ortho","obsolete":false}},{"type":"Feature","geometry":{"type":"Polygon","coordinates":[[[-1.2454,45.965],[-1.2357,45.9704],[-1.2386,45.9747],[-1.2357,45.98],[-1.2365,45.9836],[-1.2399,45.9871],[-1.2448,45.9899],[-1.2512,45.9906],[-1.2557,45.9905],[-1.2617,45.9768],[-1.2569,45.9753],[-1.2504,45.9725],[-1.2506,45.97],[-1.2497,45.967],[-1.2472,45.9664],[-1.2454,45.965]]]},"properties":{"id_ffco":"2007-D17-40","nom":"BOYARDVILLE","_dept":"17","numero":"2007-D17-40","commune":"Boyardville","echelle":"1/7500","surface":"3.68 km²","format":"A3","annee":"2007","cartographes":"Di Hassmann, Do Hassmann, A Nouhet","proprietaire":"1705 - CHARENTE-MARITIME ORIENTATION","niveau":"Régional","specialite":"CO à pied","latitude":"45.9790638428","longitude":"-1.24742474425","date_saisie":"28/12/2007","date_depot":"15/12/2009","valide":"Oui","ppo":"Non","type_carte":"Reprise","base":"1984-D17-20 SAUMONARDS (LES)","fond":"Ortho","obsolete":false}},{"type":"Feature","geometry":{"type":"Polygon","coordinates":[[[-1.0721,45.6636],[-1.0764,45.6629],[-1.0874,45.6579],[-1.0956,45.6553],[-1.1049,45.6544],[-1.1109,45.6553],[-1.1186,45.6561],[-1.1202,45.6569],[-1.1195,45.6593],[-1.1181,45.6622],[-1.1217,45.6657],[-1.1233,45.669],[-1.1231,45.6727],[-1.1231,45.6751],[-1.1191,45.6778],[-1.1159,45.6783],[-1.1114,45.6828],[-1.1094,45.6852],[-1.1011,45.6789],[-1.096,45.6757],[-1.0913,45.6732],[-1.0877,45.6701],[-1.0829,45.6687],[-1.0786,45.6654],[-1.074,45.6653],[-1.0721,45.6636]]]},"properties":{"id_ffco":"2004-D17-39","nom":"Saint-Augustin sur Mer","_dept":"17","numero":"2004-D17-39","commune":"Saint Augustin sur Mer","echelle":"1/10000","surface":"7.42 km²","format":"A3","annee":"2004","cartographes":"Etienne Bousser","proprietaire":"1705 - CHARENTE-MARITIME ORIENTATION","niveau":"National, International","specialite":"CO à pied","latitude":"45.6671241878","longitude":"-1.10318248075","date_saisie":"14/10/2004","date_depot":"13/10/2004","valide":"Oui","ppo":"Non","type_carte":"Nouvelle carte","base":"2015-D17-046 PARC HOTEL DE VILLE DE VAUX SUR MER","fond":"Ortho","obsolete":false}},{"type":"Feature","geometry":{"type":"Polygon","coordinates":[[[-1.0894,45.6461],[-1.089,45.6466],[-1.0881,45.6471],[-1.0874,45.6478],[-1.0868,45.6488],[-1.086,45.6495],[-1.085,45.6509],[-1.0848,45.6514],[-1.0848,45.6516],[-1.086,45.6517],[-1.0877,45.652],[-1.0884,45.6521],[-1.0892,45.6522],[-1.0897,45.6522],[-1.0912,45.6524],[-1.0931,45.6527],[-1.0941,45.6531],[-1.0947,45.6533],[-1.0953,45.6531],[-1.0961,45.6528],[-1.0965,45.6526],[-1.0963,45.6518],[-1.0964,45.651],[-1.0965,45.6507],[-1.0959,45.6497],[-1.0949,45.6498],[-1.0933,45.6491],[-1.094,45.6475],[-1.0915,45.6465],[-1.0901,45.6456],[-1.0896,45.6459],[-1.0894,45.6461]]]},"properties":{"id_ffco":"2004-D17-38","nom":"SAINT PALAIS SUR MER LE LAC","_dept":"17","numero":"2004-D17-38","commune":"Saint Palais sur Mer","echelle":"1/4000","surface":"0.44 km²","format":"A4","annee":"2004","cartographes":"Patrick Robin - Jacques Lavalade","proprietaire":"1705 - CHARENTE-MARITIME ORIENTATION","niveau":"National, International","specialite":"Sprint (ISSOM)","contacts":"Robin Patrick, 05.4695.68.07, patrick.robin1@free.fr, http://www.club-co17.com/","latitude":"45.6499229278","longitude":"-1.09090616711","date_saisie":"14/10/2004","date_depot":"16/12/2015","valide":"Oui","ppo":"Oui (50 postes)","type_carte":"Nouvelle carte","base":"2004-D17-38 SAINT PALAIS SUR MER LE LAC","fond":"Ortho","obsolete":false}},{"type":"Feature","geometry":{"type":"Polygon","coordinates":[[[-1.1954,45.6965],[-1.1998,45.6932],[-1.2086,45.6964],[-1.217,45.6959],[-1.2292,45.6938],[-1.233,45.6934],[-1.236,45.7031],[-1.2364,45.7136],[-1.2144,45.7146],[-1.1938,45.7129],[-1.1909,45.7123],[-1.1926,45.6983],[-1.1954,45.6965]]]},"properties":{"id_ffco":"2004-D17-37","nom":"BONNE-ANSE","_dept":"17","numero":"2004-D17-37","commune":"La Tremblade","echelle":"1/10000","surface":"7.08 km²","format":"A3","annee":"2004","cartographes":"Gérard Crochet, ROBIN PATRICK","proprietaire":"1705 - CHARENTE-MARITIME ORIENTATION","niveau":"National, International","specialite":"CO à pied","latitude":"45.704644066","longitude":"-1.21424416231","date_saisie":"14/10/2004","date_depot":"16/12/2015","valide":"Oui","ppo":"Non","type_carte":"Reprise","base":"1991-D17-19 COUBRE SUD","fond":"Ortho","obsolete":false}},{"type":"Feature","geometry":{"type":"Polygon","coordinates":[[[-1.2323,45.7128],[-1.2312,45.7292],[-1.2239,45.7263],[-1.2142,45.7261],[-1.2101,45.726],[-1.2031,45.7303],[-1.1993,45.731],[-1.1852,45.7286],[-1.1827,45.7289],[-1.1818,45.7237],[-1.1813,45.7189],[-1.1831,45.7088],[-1.1943,45.7091],[-1.2323,45.7095],[-1.2323,45.7128]]]},"properties":{"id_ffco":"2004-D17-36","nom":"LA BOUVERIE","_dept":"17","numero":"2004-D17-36","commune":"La Tremblade","echelle":"1/10000","surface":"8.2 km²","format":"A3","annee":"2004","cartographes":"Gérard Crochet, ROBIN PATRICK","proprietaire":"1705 - CHARENTE-MARITIME ORIENTATION","niveau":"National, International","specialite":"CO à pied","latitude":"45.7187787346","longitude":"-1.20602693014","date_saisie":"14/10/2004","date_depot":"16/12/2015","valide":"Oui","ppo":"Non","type_carte":"Reprise","base":"1991-D17-19 COUBRE SUD","fond":"Ortho","obsolete":false}},{"type":"Feature","geometry":{"type":"Polygon","coordinates":[[[-1.1921,45.7757],[-1.193,45.7648],[-1.193,45.7624],[-1.1963,45.7596],[-1.196,45.7479],[-1.2403,45.7503],[-1.2415,45.7793],[-1.2216,45.7768],[-1.2093,45.776],[-1.1921,45.7757]]]},"properties":{"id_ffco":"1999-D17-35","nom":"Les 4 Fontaines","_dept":"17","numero":"1999-D17-35","commune":"La Tremblade","echelle":"1/10000","surface":"11.21 km²","format":"A3","annee":"1999","cartographes":"Robin Patrick","proprietaire":"1705 - CHARENTE-MARITIME ORIENTATION","niveau":"Départemental","specialite":"CO à pied","latitude":"45.7633085656","longitude":"-1.21769931211","date_saisie":"24/09/2015","date_depot":"16/12/2015","valide":"Oui","ppo":"Non","type_carte":"Nouvelle carte","fond":"Ortho","obsolete":false}},{"type":"Feature","geometry":{"type":"Polygon","coordinates":[[[-0.9877,45.9724],[-0.9885,45.9716],[-0.9893,45.9711],[-0.9892,45.9701],[-0.9893,45.9694],[-0.9896,45.9691],[-0.989,45.9683],[-0.9889,45.9673],[-0.9891,45.9663],[-0.9872,45.966],[-0.9846,45.9671],[-0.9837,45.9689],[-0.9852,45.9702],[-0.9877,45.9724]]]},"properties":{"id_ffco":"2002-D17-34","nom":"PARC DE LOISIR","_dept":"17","numero":"2002-D17-34","commune":"VERGEROUX","echelle":"1/2000","surface":"0.2 km²","format":"A4","annee":"2002","cartographes":"Hassmann Didier","proprietaire":"1705 - CHARENTE-MARITIME ORIENTATION","niveau":"Initiation, Scolaire","specialite":"Rand'O","latitude":"45.9688933625","longitude":"-0.986984531788","date_saisie":"24/09/2015","date_depot":"16/12/2015","valide":"Oui","ppo":"Non","type_carte":"Nouvelle carte","base":"2015-D17-046 PARC HOTEL DE VILLE DE VAUX SUR MER","fond":"Cadastre","obsolete":false}},{"type":"Feature","geometry":{"type":"Polygon","coordinates":[[[-1.2276,45.8069],[-1.2275,45.8035],[-1.2315,45.8005],[-1.2356,45.8012],[-1.2396,45.8037],[-1.2446,45.8108],[-1.2466,45.8182],[-1.2468,45.8199],[-1.2484,45.8276],[-1.249,45.8306],[-1.246,45.8313],[-1.2377,45.8303],[-1.2282,45.8316],[-1.2237,45.8322],[-1.2235,45.8292],[-1.2257,45.8273],[-1.2223,45.8247],[-1.2172,45.8217],[-1.2165,45.8203],[-1.2166,45.8185],[-1.2197,45.816],[-1.2177,45.8133],[-1.2235,45.811],[-1.2276,45.8069]]]},"properties":{"id_ffco":"2014-D17-33","nom":"LA FORET DE SAINT TROJAN La Pointe de Gatseau","_dept":"17","numero":"2014-D17-33","commune":"Saint Trojan","echelle":"1/10000","surface":"5.82 km²","format":"A3","annee":"2014","cartographes":"Cortirta Marian","proprietaire":"1705 - CHARENTE-MARITIME ORIENTATION","niveau":"National, International","specialite":"CO à pied","contacts":"robin patrick, 4 rue du stade, 17250, beurlay, 07.81.02.90.23","latitude":"45.8180023137","longitude":"-1.23359315456","date_saisie":"14/10/2004","date_depot":"16/12/2015","valide":"Oui","ppo":"Non","type_carte":"Reprise","base":"1984-D17-05 GATSAU","fond":"Ortho","obsolete":false}},{"type":"Feature","geometry":{"type":"Polygon","coordinates":[[[-1.2245,45.7272],[-1.2266,45.7276],[-1.2287,45.7282],[-1.2304,45.7291],[-1.2367,45.7292],[-1.2395,45.7293],[-1.2402,45.7294],[-1.2406,45.7347],[-1.2409,45.7384],[-1.2412,45.7422],[-1.2412,45.7473],[-1.2416,45.7492],[-1.237,45.7491],[-1.2321,45.749],[-1.2275,45.7487],[-1.2235,45.7484],[-1.2202,45.7483],[-1.2163,45.7482],[-1.2154,45.7482],[-1.2151,45.7454],[-1.2148,45.7427],[-1.2159,45.7386],[-1.2192,45.7345],[-1.2212,45.7314],[-1.2234,45.7291],[-1.2245,45.7272]]]},"properties":{"id_ffco":"2014-D17-32","nom":"LA FORET DE LA COUBRE La Canton du Pavillon","_dept":"17","numero":"2014-D17-32","commune":"La Tremblade","echelle":"1/10000","surface":"4.05 km²","format":"A3","annee":"2014","cartographes":"Robin Patrick","proprietaire":"1705 - CHARENTE-MARITIME ORIENTATION","niveau":"Interrégional","specialite":"CO à pied","latitude":"45.7394018675","longitude":"-1.22903326165","date_saisie":"14/10/2004","date_depot":"16/12/2015","valide":"Oui","ppo":"Non","type_carte":"Reprise","base":"1991-D17-04 COUBRE PASSE BLANCHE","fond":"Ortho","ref_ign":"top 25","obsolete":false}},{"type":"Feature","geometry":{"type":"Polygon","coordinates":[[[-1.2173,45.7538],[-1.2237,45.7538],[-1.239,45.7535],[-1.2433,45.7539],[-1.2431,45.7695],[-1.2419,45.7795],[-1.2431,45.7859],[-1.239,45.7885],[-1.2153,45.7867],[-1.2177,45.7794],[-1.218,45.7746],[-1.2153,45.7706],[-1.2124,45.7665],[-1.2139,45.763],[-1.2167,45.76],[-1.2187,45.757],[-1.2173,45.7538]]]},"properties":{"id_ffco":"2003-D17-31","nom":"LA POINTE ESPAGNOLE N°1","_dept":"17","numero":"2003-D17-31","commune":"La Tremblade","echelle":"1/10000","surface":"7.81 km²","format":"A3","annee":"2003","cartographes":"Robin Patrick","proprietaire":"1705 - CHARENTE-MARITIME ORIENTATION","niveau":"Départemental","specialite":"CO à pied","latitude":"45.7704830176","longitude":"-1.22950873058","date_saisie":"19/06/2003","date_depot":"16/12/2015","valide":"Oui","ppo":"Non","type_carte":"Extrait","base":"1987-D17-15 NEGREVAUX","fond":"Ortho","obsolete":false}},{"type":"Feature","geometry":{"type":"Polygon","coordinates":[[[-1.2076,45.6991],[-1.2103,45.6981],[-1.2137,45.6974],[-1.2187,45.6973],[-1.2216,45.6962],[-1.2261,45.6956],[-1.2297,45.6961],[-1.2348,45.6963],[-1.2367,45.7121],[-1.2383,45.7242],[-1.2393,45.7288],[-1.2364,45.7292],[-1.2251,45.7291],[-1.224,45.7267],[-1.2192,45.7261],[-1.2122,45.7254],[-1.2094,45.7274],[-1.2055,45.729],[-1.2076,45.6991]]]},"properties":{"id_ffco":"2002-D17-30","nom":"Chapelle de Buze","_dept":"17","numero":"2002-D17-30","commune":"la Tremblade","echelle":"1/10000","surface":"8.04 km²","format":"A3","annee":"2002","cartographes":"Robin Patrick","proprietaire":"1705 - CHARENTE-MARITIME ORIENTATION","niveau":"Interrégional","specialite":"CO à pied","latitude":"45.7127744108","longitude":"-1.22225602362","date_saisie":"28/12/2014","date_depot":"16/12/2015","valide":"Oui","ppo":"Non","type_carte":"Extrait","base":"1991-D17-19 COUBRE SUD","fond":"Ortho","obsolete":false}},{"type":"Feature","geometry":{"type":"Polygon","coordinates":[[[-1.1724,45.7945],[-1.1652,45.7934],[-1.1609,45.7922],[-1.1593,45.7905],[-1.1633,45.7885],[-1.1667,45.7849],[-1.1698,45.7826],[-1.1753,45.7806],[-1.1803,45.7778],[-1.1832,45.7767],[-1.1863,45.7752],[-1.1911,45.7755],[-1.1924,45.7741],[-1.1924,45.7711],[-1.1926,45.7673],[-1.1931,45.7646],[-1.1997,45.7645],[-1.2072,45.7645],[-1.2146,45.7649],[-1.2225,45.7652],[-1.2302,45.765],[-1.2378,45.7643],[-1.2403,45.7645],[-1.2414,45.7752],[-1.2409,45.783],[-1.2415,45.7862],[-1.2372,45.7892],[-1.2237,45.7911],[-1.2132,45.7921],[-1.2077,45.7946],[-1.2036,45.793],[-1.1974,45.7904],[-1.19,45.7897],[-1.183,45.7917],[-1.1763,45.7935],[-1.1724,45.7945]]]},"properties":{"id_ffco":"2002-D17-29","nom":"Côte Sauvage","_dept":"17","numero":"2002-D17-29","commune":"la Tremblade","echelle":"1/15000","surface":"14.38 km²","format":"+","annee":"2002","cartographes":"Robin Patrick","proprietaire":"1705 - CHARENTE-MARITIME ORIENTATION","niveau":"Départemental","specialite":"Rand'O","latitude":"45.779808671","longitude":"-1.20762441761","date_saisie":"28/12/2014","date_depot":"16/12/2015","valide":"Oui","ppo":"Non","type_carte":"Extrait","fond":"Ortho","obsolete":false}},{"type":"Feature","geometry":{"type":"Polygon","coordinates":[[[-0.9717,45.9526],[-0.9688,45.9531],[-0.9691,45.9556],[-0.9722,45.9548],[-0.9717,45.9526]]]},"properties":{"id_ffco":"2001-D17-28","nom":"Complexe sportif de la casse aux prêtres","_dept":"17","numero":"2001-D17-28","commune":"Rochefort","echelle":"1/1000","surface":"0.06 km²","format":"A4","annee":"2001","cartographes":"Hassmann Didier","proprietaire":"1705 - CHARENTE-MARITIME ORIENTATION","niveau":"Initiation, Scolaire","specialite":"Sprint (ISSOM)","latitude":"45.9540185032","longitude":"-0.970430678324","date_saisie":"20/07/2015","date_depot":"16/12/2015","valide":"Oui","ppo":"Non","type_carte":"Nouvelle carte","fond":"Cadastre","obsolete":false}},{"type":"Feature","geometry":{"type":"Polygon","coordinates":[[[-0.9655,45.9309],[-0.9645,45.9302],[-0.9643,45.9291],[-0.9657,45.9272],[-0.9675,45.9253],[-0.9681,45.9246],[-0.971,45.9255],[-0.9703,45.9264],[-0.9705,45.9266],[-0.9672,45.9302],[-0.9663,45.9312],[-0.9655,45.9309]]]},"properties":{"id_ffco":"2001-D17-27","nom":"Complexe sportif  du polygone","_dept":"17","numero":"2001-D17-27","commune":"Rochefort","echelle":"1/2500","surface":"0.18 km²","format":"A4","annee":"2001","cartographes":"Hassmann Didier","proprietaire":"1705 - CHARENTE-MARITIME ORIENTATION","niveau":"Initiation, Scolaire","specialite":"CO à pied","latitude":"45.9277830394","longitude":"-0.967370514355","date_saisie":"20/07/2015","date_depot":"16/12/2015","valide":"Oui","ppo":"Non","type_carte":"Nouvelle carte","fond":"Cadastre","obsolete":false}},{"type":"Feature","geometry":{"type":"Polygon","coordinates":[[[-0.6179,45.7693],[-0.6158,45.7669],[-0.6095,45.7658],[-0.6045,45.7656],[-0.6004,45.7658],[-0.5968,45.7672],[-0.5933,45.7681],[-0.5908,45.7686],[-0.5916,45.7706],[-0.5891,45.7729],[-0.5865,45.7705],[-0.5844,45.7693],[-0.5818,45.7704],[-0.5798,45.7702],[-0.5731,45.7764],[-0.5712,45.7793],[-0.5702,45.7881],[-0.5664,45.7959],[-0.563,45.8006],[-0.5525,45.8107],[-0.5479,45.8149],[-0.5412,45.8271],[-0.5403,45.8283],[-0.5687,45.8231],[-0.579,45.8269],[-0.5931,45.825],[-0.6048,45.8252],[-0.6168,45.8238],[-0.6254,45.8209],[-0.6315,45.814],[-0.6322,45.8092],[-0.635,45.803],[-0.6384,45.7989],[-0.6357,45.7886],[-0.6274,45.7802],[-0.6188,45.7733],[-0.6179,45.7693]]]},"properties":{"id_ffco":"1999-D17-25","nom":"L'ESCAMBOUILLE","_dept":"17","numero":"1999-D17-25","commune":"SAINTES","echelle":"1/20000","surface":"33.3 km²","format":"A3","annee":"1999","cartographes":"GEURAUD Thierry","proprietaire":"1705 - CHARENTE-MARITIME ORIENTATION","niveau":"National, International","specialite":"CO à VTT","latitude":"45.7996534729","longitude":"-0.595388096249","date_depot":"16/12/2015","valide":"Oui","ppo":"Non","type_carte":"Nouvelle carte","fond":"Cadastre","obsolete":false}},{"type":"Feature","geometry":{"type":"Polygon","coordinates":[[[-0.6501,45.7518],[-0.6497,45.7527],[-0.6501,45.7528],[-0.6498,45.7533],[-0.6498,45.7535],[-0.6501,45.7543],[-0.6503,45.7546],[-0.6499,45.7548],[-0.6504,45.7555],[-0.6495,45.7559],[-0.6487,45.7554],[-0.6484,45.7552],[-0.648,45.7545],[-0.6477,45.754],[-0.647,45.7539],[-0.6461,45.7536],[-0.6461,45.7532],[-0.6462,45.7526],[-0.6463,45.7524],[-0.647,45.7512],[-0.6473,45.751],[-0.6477,45.7508],[-0.6479,45.7506],[-0.6501,45.7518]]]},"properties":{"id_ffco":"2004-D17-24","nom":"Complexe sportif Yvon Chevalier","_dept":"17","numero":"2004-D17-24","commune":"Saintes","echelle":"1/2500","surface":"0.12 km²","format":"A4","annee":"2004","cartographes":"GEURAUD Thierry","proprietaire":"1705 - CHARENTE-MARITIME ORIENTATION","niveau":"Initiation, Scolaire","specialite":"Sprint (ISSOM)","latitude":"45.7531070592","longitude":"-0.648370451425","date_depot":"16/12/2015","valide":"Oui","ppo":"Oui (25 postes)","type_carte":"Nouvelle carte","fond":"Cadastre","obsolete":false}},{"type":"Feature","geometry":{"type":"Polygon","coordinates":[[[-0.6722,45.76],[-0.6671,45.7571],[-0.663,45.755],[-0.6581,45.7557],[-0.657,45.7567],[-0.661,45.762],[-0.655,45.7659],[-0.656,45.7674],[-0.6603,45.7692],[-0.6641,45.7703],[-0.6676,45.7728],[-0.6691,45.7732],[-0.6725,45.76],[-0.6722,45.76]]]},"properties":{"id_ffco":"2025-D17-229","nom":"Bois Les Marsais","_dept":"17","numero":"2025-D17-229","commune":"Saintes","echelle":"1/5000","surface":"1.61 km²","format":"A4","annee":"2025","cartographes":"Robin P","proprietaire":"1705 - CHARENTE-MARITIME ORIENTATION","niveau":"Initiation, Scolaire","specialite":"CO à pied","contacts":"robin patrick, 17390, 23 rue de la Seudre, 17390, la Tremblade, 0781029023, patrick.robin1@free.fr, http://www.club-co17.com/","latitude":"45.7635451731","longitude":"-0.664502746612","date_saisie":"23/11/2025","valide":"Non","ppo":"Non","type_carte":"Nouvelle carte","fond":"Laser","obsolete":false}},{"type":"Feature","geometry":{"type":"Polygon","coordinates":[[[-0.6273,45.8696],[-0.6243,45.8729],[-0.6234,45.8737],[-0.6225,45.8775],[-0.6204,45.8815],[-0.6182,45.8834],[-0.6158,45.8857],[-0.6136,45.8874],[-0.614,45.8888],[-0.6165,45.8922],[-0.6169,45.8938],[-0.6211,45.8941],[-0.6249,45.8936],[-0.6281,45.8939],[-0.6311,45.8963],[-0.633,45.8951],[-0.6388,45.8942],[-0.6457,45.8936],[-0.6496,45.8916],[-0.6528,45.8913],[-0.6583,45.8888],[-0.6567,45.8865],[-0.6538,45.8815],[-0.6538,45.8779],[-0.6541,45.8756],[-0.6554,45.873],[-0.6562,45.8712],[-0.6515,45.8699],[-0.6458,45.8696],[-0.6413,45.8695],[-0.6416,45.8656],[-0.6366,45.8667],[-0.6308,45.8676],[-0.6276,45.8678],[-0.6273,45.8696]]]},"properties":{"id_ffco":"2025-D17-228","nom":"Bois de Saint Savinien Nord Est","_dept":"17","numero":"2025-D17-228","commune":"Saint savinien","echelle":"1/7500","surface":"7.66 km²","format":"+","annee":"2025","cartographes":"robin patrick","proprietaire":"1705 - CHARENTE-MARITIME ORIENTATION","niveau":"Départemental","specialite":"CO à pied","contacts":"CHARENTE MARITIME ORIENTATION, 17250, 0781029023, patrick.robin1@free.fr, https://club-co17.com/","latitude":"45.8819440524","longitude":"-0.636687176611","date_saisie":"22/10/2025","date_depot":"28/01/2026","valide":"Oui","ppo":"Non","type_carte":"Nouvelle carte","fond":"Laser","url":"https://club-co17.com/","obsolete":false}},{"type":"Feature","geometry":{"type":"Polygon","coordinates":[[[-1.3764,46.2059],[-1.3764,46.2043],[-1.3753,46.2011],[-1.3724,46.199],[-1.3711,46.1978],[-1.3662,46.1974],[-1.3643,46.1974],[-1.3609,46.1984],[-1.3593,46.1993],[-1.3616,46.2032],[-1.3618,46.2068],[-1.364,46.2086],[-1.3703,46.208],[-1.3764,46.2059]]]},"properties":{"id_ffco":"2025-D17-227","nom":"Saint Martin de Ré 2025","_dept":"17","numero":"2025-D17-227","commune":"Saint Martin de Ré","echelle":"1/4000","surface":"1.2 km²","format":"A3","annee":"2025","cartographes":"robin patrick","proprietaire":"1705 - CHARENTE-MARITIME ORIENTATION","niveau":"Régional","specialite":"Sprint (ISSOM)","contacts":"robin patrick, 17390, 23 rue de la Seudre, 17390, la Tremblade, 0781029023, patrick.robin1@free.fr, https://club-co17.com/","latitude":"46.2028782303","longitude":"-1.36789340848","date_saisie":"30/09/2025","valide":"Non","ppo":"Non","type_carte":"Reprise","base":"2016-D17-112 Saint Martin de Ré","fond":"Laser","obsolete":false}},{"type":"Feature","geometry":{"type":"Polygon","coordinates":[[[-0.7607,45.8973],[-0.7595,45.9003],[-0.7647,45.9032],[-0.7719,45.9063],[-0.774,45.9072],[-0.7767,45.9063],[-0.7791,45.906],[-0.7801,45.9037],[-0.778,45.9027],[-0.776,45.9009],[-0.7748,45.8998],[-0.7748,45.897],[-0.7757,45.895],[-0.7724,45.8936],[-0.7682,45.8932],[-0.7654,45.8935],[-0.7625,45.8948],[-0.7607,45.8956],[-0.7607,45.8973]]]},"properties":{"id_ffco":"2025-D17-226","nom":"Bois de l'Ane","_dept":"17","numero":"2025-D17-226","commune":"Bords","echelle":"1/7500","surface":"1.49 km²","format":"A4","annee":"2025","cartographes":"Gueraud Thierry","niveau":"Initiation, Scolaire","specialite":"CO à pied","latitude":"45.8998594856","longitude":"-0.769513415806","date_saisie":"27/03/2025","date_depot":"28/01/2026","valide":"Non","ppo":"Non","type_carte":"Nouvelle carte","fond":"Laser","obsolete":false}},{"type":"Feature","geometry":{"type":"Polygon","coordinates":[[[-0.6335,45.7869],[-0.6257,45.7782],[-0.6197,45.7732],[-0.6184,45.7693],[-0.6127,45.7661],[-0.609,45.7658],[-0.6049,45.7651],[-0.6018,45.7645],[-0.5958,45.7696],[-0.5951,45.7727],[-0.5882,45.7745],[-0.5834,45.7787],[-0.5799,45.782],[-0.5775,45.7909],[-0.5759,45.8],[-0.569,45.8084],[-0.5624,45.8125],[-0.5743,45.8168],[-0.5816,45.8184],[-0.6139,45.8132],[-0.6189,45.8012],[-0.6335,45.7869]]]},"properties":{"id_ffco":"2025-D17-225","nom":"La Piffeterie","_dept":"17","numero":"2025-D17-225","commune":"Bussac sur Charente /le Douhet /Fontcouverte","echelle":"1/15000","surface":"18.71 km²","format":"A3","annee":"2025","cartographes":"Gueraud Thierry","niveau":"National, International","specialite":"CO à VTT","latitude":"45.7932368588","longitude":"-0.599704907485","date_saisie":"27/03/2025","date_depot":"28/01/2026","valide":"Oui","ppo":"Non","type_carte":"Nouvelle carte","fond":"Laser","obsolete":false}},{"type":"Feature","geometry":{"type":"Polygon","coordinates":[[[-0.5882,45.7846],[-0.5864,45.7836],[-0.5842,45.7834],[-0.5826,45.7835],[-0.5805,45.784],[-0.5781,45.7841],[-0.5764,45.784],[-0.5728,45.784],[-0.5711,45.7841],[-0.5704,45.7883],[-0.5696,45.791],[-0.5688,45.7928],[-0.5676,45.7954],[-0.5696,45.7974],[-0.5725,45.7987],[-0.5759,45.7999],[-0.5792,45.8037],[-0.5803,45.8053],[-0.5831,45.8079],[-0.5896,45.804],[-0.5921,45.8002],[-0.5919,45.7959],[-0.5923,45.7899],[-0.59,45.7855],[-0.5882,45.7846]]]},"properties":{"id_ffco":"2025-D17-224","nom":"Bois de la TONNE","_dept":"17","numero":"2025-D17-224","commune":"LE DOUHET","echelle":"1/10000","surface":"3.62 km²","format":"A4","annee":"2025","cartographes":"Gueraud Thierry","niveau":"Régional","specialite":"CO à VTT","latitude":"45.7939726251","longitude":"-0.581378752443","date_saisie":"27/03/2025","date_depot":"28/01/2026","valide":"Oui","ppo":"Non","type_carte":"Nouvelle carte","fond":"Ortho","obsolete":false}},{"type":"Feature","geometry":{"type":"Polygon","coordinates":[[[-0.6938,45.9457],[-0.7006,45.947],[-0.7029,45.9449],[-0.7047,45.9405],[-0.7075,45.9341],[-0.7105,45.9326],[-0.7137,45.9279],[-0.7137,45.9249],[-0.7075,45.9233],[-0.7009,45.9219],[-0.6975,45.9212],[-0.6932,45.9239],[-0.689,45.9252],[-0.6831,45.9273],[-0.6803,45.9298],[-0.6755,45.9323],[-0.6745,45.9338],[-0.6827,45.9406],[-0.689,45.9455],[-0.6938,45.9457]]]},"properties":{"id_ffco":"2025-D17-223","nom":"ARCHINGEAY","_dept":"17","numero":"2025-D17-223","commune":"Archingeay","echelle":"1/7500","surface":"5.22 km²","format":"A4","annee":"2025","cartographes":"Robin P","proprietaire":"1705 - CHARENTE-MARITIME ORIENTATION","niveau":"Départemental","specialite":"CO à pied","contacts":"robin patrick, 17390, 23 rue de la Seudre, 17390, la Tremblade, 0781029023, patrick.robin1@free.fr, https://club-co17.com/","latitude":"45.9335554837","longitude":"-0.695174691627","date_saisie":"19/03/2025","date_depot":"28/01/2026","valide":"Oui","ppo":"Non","type_carte":"Nouvelle carte","fond":"Laser","obsolete":false}},{"type":"Feature","geometry":{"type":"Polygon","coordinates":[[[-0.6872,45.8348],[-0.6941,45.8345],[-0.6999,45.8323],[-0.7036,45.8313],[-0.7084,45.8278],[-0.7063,45.8211],[-0.6951,45.8093],[-0.6905,45.8038],[-0.6799,45.8],[-0.6752,45.7983],[-0.6728,45.8004],[-0.6684,45.8024],[-0.6641,45.805],[-0.6632,45.8086],[-0.6624,45.8118],[-0.6629,45.8148],[-0.6673,45.8166],[-0.6675,45.8189],[-0.6715,45.8235],[-0.6728,45.8264],[-0.6797,45.8299],[-0.6872,45.8348]]]},"properties":{"id_ffco":"2024-D17-222","nom":"Font Morte VTTO","_dept":"17","numero":"2024-D17-222","commune":"Port d'Envaux","echelle":"1/15000","surface":"8.84 km²","format":"A4","annee":"2024","cartographes":"Gueraud Thierry","proprietaire":"1705 - CHARENTE-MARITIME ORIENTATION","niveau":"National, International","specialite":"CO à VTT","contacts":"robin, 0781029023, patrick.robin1@free.fr, https://club-co17.com/","latitude":"45.8173089544","longitude":"-0.68468572196","date_saisie":"21/11/2024","valide":"Non","ppo":"Non","type_carte":"Nouvelle carte","fond":"Laser","obsolete":false}},{"type":"Feature","geometry":{"type":"Polygon","coordinates":[[[-0.8785,45.8283],[-0.8848,45.8321],[-0.8912,45.8363],[-0.8877,45.8388],[-0.8853,45.8395],[-0.883,45.8409],[-0.8819,45.8397],[-0.8818,45.8359],[-0.8803,45.8338],[-0.8775,45.8312],[-0.8763,45.83],[-0.8785,45.8283]]]},"properties":{"id_ffco":"2024-D17-221","nom":"Bois des Cadorettes","_dept":"17","numero":"2024-D17-221","commune":"St Radegonde","echelle":"1/5000","surface":"0.63 km²","format":"A4","annee":"2024","cartographes":"Robin P","proprietaire":"1705 - CHARENTE-MARITIME ORIENTATION","niveau":"Initiation, Scolaire","specialite":"CO à pied","contacts":"robin, 0781029023, patrick.robin1@free.fr, https://club-co17.com/","latitude":"45.8347466628","longitude":"-0.883677090595","date_saisie":"20/11/2024","date_depot":"28/01/2026","valide":"Oui","ppo":"Non","type_carte":"Nouvelle carte","fond":"Ortho","obsolete":false}},{"type":"Feature","geometry":{"type":"Polygon","coordinates":[[[-0.7135,45.9623],[-0.7189,45.9643],[-0.7224,45.9657],[-0.7174,45.9704],[-0.7128,45.9739],[-0.7097,45.9749],[-0.7055,45.9759],[-0.6993,45.9761],[-0.6949,45.9763],[-0.6922,45.9766],[-0.6822,45.9795],[-0.683,45.9848],[-0.6857,45.9899],[-0.6852,46.0058],[-0.6886,46.012],[-0.6944,46.014],[-0.6905,46.0268],[-0.67,46.0355],[-0.6564,46.0362],[-0.6481,46.0356],[-0.6383,46.0286],[-0.6381,46.0172],[-0.6359,46.0041],[-0.635,45.9887],[-0.6536,45.9807],[-0.6619,45.9737],[-0.7091,45.9594],[-0.7135,45.9623]]]},"properties":{"id_ffco":"2024-D17-220","nom":"La Trézence","_dept":"17","numero":"2024-D17-220","commune":"St Loup","echelle":"1/15000","surface":"28.59 km²","format":"+","annee":"2024","cartographes":"cotirta","proprietaire":"1705 - CHARENTE-MARITIME ORIENTATION","niveau":"Initiation, Scolaire","specialite":"CO à pied","contacts":"robin, 0781029023, patrick.robin1@free.fr","latitude":"46.0005187751","longitude":"-0.668513618207","date_saisie":"20/11/2024","date_depot":"28/01/2026","valide":"Oui","ppo":"Non","type_carte":"Nouvelle carte","fond":"Laser","obsolete":false}},{"type":"Feature","geometry":null,"properties":{"id_ffco":"1984-D17-22","nom":"LA LANDE","_dept":"17","numero":"1984-D17-22","echelle":"1/15000","surface":"20.0 km²","annee":"1984","niveau":"Interrégional","specialite":"CO à pied","latitude":"45.74949","longitude":"-0.7733188","valide":"Non","ppo":"Non","obsolete":false}},{"type":"Feature","geometry":{"type":"Polygon","coordinates":[[[-1.0697,46.1766],[-1.0678,46.1754],[-1.0636,46.1779],[-1.0564,46.1825],[-1.0527,46.1869],[-1.0532,46.1908],[-1.0539,46.1952],[-1.0538,46.1963],[-1.0605,46.1952],[-1.0667,46.1928],[-1.0715,46.1899],[-1.0766,46.1862],[-1.0816,46.1835],[-1.0816,46.1792],[-1.081,46.1742],[-1.0921,46.1677],[-1.0911,46.1675],[-1.0697,46.1766]]]},"properties":{"id_ffco":"2024-D17-219","nom":"Dompierre sur Mer","_dept":"17","numero":"2024-D17-219","commune":"Dompierre sur Mer","echelle":"1/4000","surface":"3.53 km²","format":"A3","annee":"2024","cartographes":"robin p","niveau":"Initiation, Scolaire","specialite":"Sprint (ISSOM)","contacts":"patrick, Rue du Stade, 4, 17250, Beurlay, 0781029023, patrick.robin1@free.fr, https://club-co17.com/","latitude":"46.1838943609","longitude":"-1.06785105446","date_saisie":"21/08/2024","date_depot":"28/01/2026","valide":"Oui","ppo":"Non","type_carte":"Nouvelle carte","fond":"Laser","obsolete":false}},{"type":"Feature","geometry":{"type":"Polygon","coordinates":[[[-0.0209,45.1609],[-0.0257,45.1623],[-0.0337,45.1645],[-0.0356,45.1651],[-0.0336,45.1673],[-0.0312,45.1685],[-0.0285,45.171],[-0.026,45.1706],[-0.0242,45.1708],[-0.0217,45.1701],[-0.02,45.1704],[-0.0204,45.1659],[-0.0199,45.1628],[-0.0186,45.1612],[-0.0168,45.1609],[-0.012,45.1597],[-0.0084,45.1593],[-0.005,45.1587],[-0.0017,45.1597],[0.0001,45.1589],[0.0031,45.156],[0.0048,45.1536],[0.0026,45.1519],[-0.0028,45.1506],[-0.0074,45.1494],[-0.0105,45.1487],[-0.0144,45.148],[-0.0178,45.1473],[-0.0184,45.1515],[-0.0187,45.1542],[-0.0195,45.1591],[-0.0196,45.1602],[-0.0209,45.1609]]]},"properties":{"id_ffco":"2024-D17-218","nom":"Saint Aigulin","_dept":"17","numero":"2024-D17-218","commune":"Saint Aigulin","echelle":"1/4000","surface":"2.84 km²","format":"A3","annee":"2024","cartographes":"robin p","proprietaire":"1705 - CHARENTE-MARITIME ORIENTATION","niveau":"Initiation, Scolaire","specialite":"Sprint (ISSOM)","contacts":"patrick robin, Rue du Stade, 4, 17250, Beurlay, 0781029023, patrick.robin1@free.fr, https://club-co17.com/","latitude":"45.1582187715","longitude":"-0.01454278856","date_saisie":"21/08/2024","date_depot":"28/01/2026","valide":"Oui","ppo":"Non","type_carte":"Nouvelle carte","fond":"Laser","obsolete":false}},{"type":"Feature","geometry":{"type":"Polygon","coordinates":[[[-0.4145,45.7723],[-0.4161,45.7739],[-0.4187,45.7757],[-0.4209,45.777],[-0.4193,45.7793],[-0.4185,45.7807],[-0.4171,45.7815],[-0.4172,45.784],[-0.417,45.7858],[-0.4103,45.7855],[-0.4065,45.7847],[-0.403,45.7838],[-0.4017,45.7783],[-0.4015,45.7757],[-0.4036,45.7723],[-0.4119,45.7696],[-0.4145,45.7723]]]},"properties":{"id_ffco":"2024-D17-217","nom":"Burie","_dept":"17","numero":"2024-D17-217","commune":"Burie","echelle":"1/4000","surface":"1.87 km²","format":"A3","annee":"2024","cartographes":"robin p","proprietaire":"1705 - CHARENTE-MARITIME ORIENTATION","niveau":"Initiation, Scolaire","specialite":"Sprint (ISSOM)","contacts":"patrick robin, Rue du Stade, 4, 17250, Beurlay, 0781029023, patrick.robin1@free.fr, https://club-co17.com/","latitude":"45.7782460654","longitude":"-0.410350562676","date_saisie":"21/08/2024","date_depot":"28/01/2026","valide":"Oui","ppo":"Non","type_carte":"Nouvelle carte","fond":"Laser","obsolete":false}},{"type":"Feature","geometry":{"type":"Polygon","coordinates":[[[-1.3552,46.1971],[-1.3562,46.1963],[-1.357,46.1943],[-1.3568,46.1896],[-1.3555,46.1892],[-1.3522,46.1897],[-1.3496,46.1897],[-1.3466,46.1895],[-1.3457,46.1895],[-1.3461,46.1914],[-1.3461,46.1931],[-1.3467,46.1941],[-1.3487,46.1942],[-1.3516,46.1941],[-1.3511,46.1955],[-1.3552,46.1971]]]},"properties":{"id_ffco":"2024-D17-216","nom":"Collège les Salières","_dept":"17","numero":"2024-D17-216","commune":"St Martin de Ré","echelle":"1/3750","surface":"0.53 km²","format":"A4","annee":"2024","cartographes":"robin p","proprietaire":"1705 - CHARENTE-MARITIME ORIENTATION","niveau":"Initiation, Scolaire","specialite":"CO à pied","contacts":"patrick robin, Rue du Stade, 4, 17250, Beurlay, 0781029023, patrick.robin1@free.fr, https://club-co17.com/","latitude":"46.192503491","longitude":"-1.3520662243","date_saisie":"09/07/2024","date_depot":"28/01/2026","valide":"Oui","ppo":"Non","type_carte":"Reprise","base":"2009-D17-52 les salières","fond":"Ortho","obsolete":false}},{"type":"Feature","geometry":{"type":"Polygon","coordinates":[[[-0.6995,45.8357],[-0.697,45.8376],[-0.6944,45.84],[-0.6893,45.8383],[-0.691,45.8374],[-0.6893,45.8348],[-0.6917,45.8328],[-0.6959,45.833],[-0.6981,45.8337],[-0.6995,45.8357]]]},"properties":{"id_ffco":"2024-D17-215","nom":"grottes des Chabossières","_dept":"17","numero":"2024-D17-215","commune":"Port d'envaux","echelle":"1/3000","surface":"0.41 km²","format":"A4","annee":"2024","cartographes":"robin p","proprietaire":"1705 - CHARENTE-MARITIME ORIENTATION","niveau":"Départemental","specialite":"Sprint (ISSOM)","contacts":"orientation charente-maritime, Rue du Stade, 4, 17250, Beurlay, 0781029023, 0781029023, patrick.robin1@free.fr, https://club-co17.com/","latitude":"45.835975755","longitude":"-0.694083936749","date_saisie":"06/05/2024","date_depot":"28/01/2026","valide":"Oui","ppo":"Non","type_carte":"Extrait","base":"2024-D17-214 Port d'Envaux Village","fond":"Ortho","obsolete":false}},{"type":"Feature","geometry":{"type":"Polygon","coordinates":[[[-0.6893,45.8452],[-0.6922,45.8463],[-0.6942,45.8456],[-0.6964,45.8444],[-0.6982,45.8435],[-0.7033,45.8402],[-0.7065,45.8391],[-0.7072,45.8381],[-0.7052,45.8371],[-0.7018,45.8366],[-0.6986,45.8354],[-0.6953,45.8339],[-0.691,45.8325],[-0.6886,45.8306],[-0.6878,45.8292],[-0.6881,45.8281],[-0.687,45.8268],[-0.685,45.8266],[-0.6832,45.8273],[-0.6808,45.8277],[-0.6798,45.8283],[-0.6757,45.8272],[-0.6735,45.8269],[-0.6717,45.8264],[-0.6692,45.8264],[-0.6675,45.8265],[-0.6664,45.8271],[-0.6684,45.8308],[-0.6717,45.8335],[-0.6746,45.8364],[-0.678,45.8371],[-0.6813,45.842],[-0.6823,45.8443],[-0.6828,45.8454],[-0.6876,45.8464],[-0.6893,45.8452]]]},"properties":{"id_ffco":"2024-D17-214","nom":"Port d'Envaux Village","_dept":"17","numero":"2024-D17-214","commune":"Port d'Envaux","echelle":"1/5000","surface":"3.48 km²","format":"A3","annee":"2024","cartographes":"robin p","proprietaire":"1705 - CHARENTE-MARITIME ORIENTATION","niveau":"Départemental","specialite":"Sprint (ISSOM)","contacts":"CHARENTE MARITIME ORIENTATION, 17250, 0781029023, patrick.robin1@free.fr, https://club-co17.com/","latitude":"45.8361216526","longitude":"-0.686084855789","date_saisie":"06/05/2024","date_depot":"27/01/2026","valide":"Oui","ppo":"Oui (100 postes)","type_carte":"Nouvelle carte","fond":"Ortho","obsolete":false}},{"type":"Feature","geometry":{"type":"Polygon","coordinates":[[[-0.5041,46.091],[-0.5022,46.0915],[-0.5001,46.0937],[-0.4991,46.0975],[-0.4984,46.0992],[-0.4988,46.1026],[-0.4996,46.1035],[-0.5038,46.1026],[-0.5094,46.1023],[-0.5107,46.1004],[-0.5109,46.0974],[-0.5092,46.0945],[-0.5075,46.0919],[-0.5041,46.091]]]},"properties":{"id_ffco":"2024-D17-213","nom":"Villeneuve La Comtesse Village","_dept":"17","numero":"2024-D17-213","commune":"Villeuneuve La Comtesse","echelle":"1/4000","surface":"1.0 km²","format":"A4","annee":"2024","cartographes":"Robin Patrick","proprietaire":"1705 - CHARENTE-MARITIME ORIENTATION","niveau":"Départemental","specialite":"Sprint (ISSOM)","contacts":"CHARENTE MARITIME ORIENTATION ROBIN, Beurlay, 0781029023, 0781029023, patrick.robin1@free.fr, https://club-co17.com/","latitude":"46.0975967445","longitude":"-0.504492204714","date_saisie":"17/04/2024","valide":"Non","ppo":"Non","type_carte":"Nouvelle carte","fond":"Ortho","obsolete":false}},{"type":"Feature","geometry":null,"properties":{"id_ffco":"2024-D17-212","nom":"Pont l'abbé Village","_dept":"17","numero":"2024-D17-212","commune":"Pont l'Abbé D'Arnoult","echelle":"1/7500","surface":"None km²","format":"+","annee":"2024","niveau":"Départemental","specialite":"Sprint (ISSOM)","date_saisie":"06/05/2024","valide":"Non","ppo":"Non","type_carte":"Nouvelle carte","fond":"Ortho","obsolete":false}},{"type":"Feature","geometry":{"type":"Polygon","coordinates":[[[-0.7228,45.9658],[-0.7208,45.9671],[-0.7182,45.9696],[-0.7149,45.9728],[-0.7133,45.9738],[-0.711,45.9719],[-0.7095,45.9702],[-0.7078,45.9706],[-0.7049,45.9712],[-0.7021,45.9709],[-0.7003,45.9694],[-0.7009,45.9672],[-0.7017,45.9654],[-0.7039,45.9649],[-0.7078,45.9646],[-0.7101,45.9635],[-0.7114,45.9628],[-0.7124,45.9625],[-0.7138,45.9651],[-0.7154,45.9662],[-0.7208,45.9657],[-0.7228,45.9658]]]},"properties":{"id_ffco":"2024-D17-211","nom":"Tonnay Boutonne","_dept":"17","numero":"2024-D17-211","commune":"Tonnay Boutonne","echelle":"1/5000","surface":"1.06 km²","format":"A4","annee":"2024","cartographes":"Cotirta- Gueraud","proprietaire":"1705 - CHARENTE-MARITIME ORIENTATION","niveau":"Régional","specialite":"Sprint (ISSOM)","contacts":"patrick robin, 4 Rue Du Stade, 17250, Beurlay, 0781029023, patrick.robin1@free.fr, https://club-co17.com/","latitude":"45.9680156592","longitude":"-0.710382223583","date_saisie":"18/01/2024","date_depot":"27/01/2026","valide":"Oui","ppo":"Non","type_carte":"Nouvelle carte","fond":"Ortho","obsolete":false}},{"type":"Feature","geometry":{"type":"Polygon","coordinates":[[[-0.6529,45.7321],[-0.6506,45.7322],[-0.6494,45.7321],[-0.6489,45.7358],[-0.6485,45.7379],[-0.6495,45.7409],[-0.6523,45.7396],[-0.6535,45.7389],[-0.6536,45.7376],[-0.6535,45.7358],[-0.6533,45.7331],[-0.6529,45.7321]]]},"properties":{"id_ffco":"2024-D17-210","nom":"Les Boiffiers Quinet","_dept":"17","numero":"2024-D17-210","commune":"Saintes","echelle":"1/4000","surface":"0.3 km²","format":"A4","annee":"2024","cartographes":"Robin P","proprietaire":"1705 - CHARENTE-MARITIME ORIENTATION","niveau":"Initiation, Scolaire","specialite":"Sprint (ISSOM)","contacts":"patrick robin, 4 Rue Du Stade, 17250, Beurlay, 0781029023, patrick.robin1@free.fr, https://club-co17.com/","latitude":"45.7362436293","longitude":"-0.651109610052","date_saisie":"18/01/2024","date_depot":"18/02/2026","valide":"Oui","ppo":"Non","type_carte":"Nouvelle carte","fond":"Ortho","obsolete":false}},{"type":"Feature","geometry":{"type":"Polygon","coordinates":[[[-1.2285,45.7597],[-1.2283,45.7553],[-1.2282,45.7489],[-1.2277,45.7399],[-1.2245,45.7398],[-1.2247,45.7361],[-1.2053,45.7356],[-1.1989,45.7355],[-1.1986,45.7408],[-1.1966,45.7408],[-1.1999,45.7516],[-1.1995,45.7559],[-1.1982,45.7588],[-1.1971,45.7605],[-1.2289,45.7614],[-1.2285,45.7597]]]},"properties":{"id_ffco":"1978-D17-21","nom":"TRANCHEE DU VOLCAN","_dept":"17","numero":"1978-D17-21","commune":"RONCE LES BAINS","echelle":"1/15000","surface":"6.3 km²","format":"A4","annee":"1978","cartographes":"Donio Pierrick","proprietaire":"1705 - CHARENTE-MARITIME ORIENTATION","niveau":"Départemental","specialite":"CO à pied","latitude":"45.7485893875","longitude":"-1.21318194161","date_depot":"16/12/2015","valide":"Oui","ppo":"Non","type_carte":"Nouvelle carte","fond":"Cadastre","obsolete":false}},{"type":"Feature","geometry":{"type":"Polygon","coordinates":[[[-1.1087,45.6848],[-1.101,45.6785],[-1.0972,45.6758],[-1.0912,45.6734],[-1.0889,45.6712],[-1.0848,45.6697],[-1.0819,45.6685],[-1.0788,45.6655],[-1.0742,45.6656],[-1.0721,45.6642],[-1.0804,45.6616],[-1.1039,45.6542],[-1.1068,45.654],[-1.1178,45.656],[-1.1207,45.6571],[-1.1183,45.662],[-1.1219,45.6656],[-1.1231,45.669],[-1.1228,45.6725],[-1.1234,45.6742],[-1.1203,45.6766],[-1.1186,45.6779],[-1.1157,45.6784],[-1.1116,45.6824],[-1.1104,45.6842],[-1.1087,45.6848]]]},"properties":{"id_ffco":"2023-D17-209","nom":"Saint Augustin 2023","_dept":"17","numero":"2023-D17-209","commune":"Saint Augustin","echelle":"1/10000","surface":"7.25 km²","format":"A3","annee":"2023","cartographes":"cotirta M","proprietaire":"1705 - CHARENTE-MARITIME ORIENTATION","niveau":"National, International","specialite":"CO à pied","contacts":"patrick robin, Rue du Stade, 4, 17250, Beurlay, 0781029023, patrick.robin1@free.fr, https://club-co17.com/","latitude":"45.6672589386","longitude":"-1.10345879779","date_saisie":"22/08/2023","date_depot":"26/10/2023","valide":"Oui","ppo":"Non","type_carte":"Reprise","base":"2004-D17-39 Saint-Augustin sur Mer","fond":"Ortho","obsolete":false}},{"type":"Feature","geometry":{"type":"Polygon","coordinates":[[[-0.7511,45.7558],[-0.7522,45.7582],[-0.7542,45.7617],[-0.7493,45.7615],[-0.7458,45.7609],[-0.7432,45.7608],[-0.74,45.7608],[-0.7386,45.761],[-0.7348,45.7596],[-0.7377,45.7581],[-0.7401,45.7576],[-0.7427,45.7573],[-0.7449,45.7569],[-0.7461,45.7561],[-0.7464,45.7555],[-0.7486,45.7551],[-0.7501,45.7546],[-0.7511,45.7558]]]},"properties":{"id_ffco":"2023-D17-208","nom":"Bois du Château Nieul les Saintes","_dept":"17","numero":"2023-D17-208","commune":"Nieul les Saintes","echelle":"1/3000","surface":"0.63 km²","format":"A4","annee":"2023","cartographes":"robin p","proprietaire":"1705 - CHARENTE-MARITIME ORIENTATION","niveau":"Initiation, Scolaire","specialite":"CO à pied","contacts":"patrick robin, Rue du Stade, 4, 17250, Beurlay, 0781029023, patrick.robin1@free.fr, https://club-co17.com/","latitude":"45.7588266297","longitude":"-0.745838676735","date_saisie":"18/08/2023","date_depot":"26/10/2023","valide":"Oui","ppo":"Non","type_carte":"Nouvelle carte","fond":"Ortho","obsolete":false}},{"type":"Feature","geometry":{"type":"Polygon","coordinates":[[[-1.1627,46.1556],[-1.1601,46.1548],[-1.159,46.1545],[-1.1571,46.1565],[-1.1556,46.161],[-1.155,46.1627],[-1.1537,46.1652],[-1.151,46.1695],[-1.1523,46.1704],[-1.156,46.1686],[-1.1588,46.1655],[-1.1599,46.1613],[-1.1631,46.1561],[-1.1627,46.1556]]]},"properties":{"id_ffco":"2023-D17-207","nom":"Parc Charruyer 2023","_dept":"17","numero":"2023-D17-207","commune":"la Rochelle","echelle":"1/2500","surface":"0.62 km²","format":"A4","annee":"2023","cartographes":"robin p","proprietaire":"1705 - CHARENTE-MARITIME ORIENTATION","niveau":"Initiation, Scolaire","specialite":"Sprint (ISSOM)","contacts":"patrick robin, Rue du Stade, 4, 17250, Beurlay, 0781029023, patrick.robin1@free.fr, https://club-co17.com/","latitude":"46.1621834374","longitude":"-1.15726872801","date_saisie":"18/08/2023","date_depot":"26/10/2023","valide":"Oui","ppo":"Non","type_carte":"Reprise","base":"2011-D17-58 Parc Charruyer","fond":"Ortho","obsolete":false}},{"type":"Feature","geometry":{"type":"Polygon","coordinates":[[[-0.5118,46.0448],[-0.5115,46.0471],[-0.5101,46.0486],[-0.5071,46.0485],[-0.5061,46.0487],[-0.5047,46.0483],[-0.5003,46.0454],[-0.5015,46.044],[-0.5039,46.0416],[-0.5046,46.0414],[-0.507,46.0432],[-0.5092,46.0429],[-0.5113,46.043],[-0.5118,46.0448]]]},"properties":{"id_ffco":"2023-D17-206","nom":"Collège de la Trézence","_dept":"17","numero":"2023-D17-206","commune":"Loulay","echelle":"1/2000","surface":"0.47 km²","format":"A4","annee":"2023","cartographes":"robin p","proprietaire":"1705 - CHARENTE-MARITIME ORIENTATION","niveau":"Initiation, Scolaire","specialite":"Sprint (ISSOM)","contacts":"patrick robin, 4 Rue Du Stade, 17250, Beurlay, 0781029023, patrick.robin1@free.fr, https://club-co17.com/","latitude":"46.0453652014","longitude":"-0.506574650959","date_saisie":"02/08/2023","date_depot":"26/10/2023","valide":"Oui","ppo":"Non","type_carte":"Nouvelle carte","fond":"Ortho","obsolete":false}},{"type":"Feature","geometry":{"type":"Polygon","coordinates":[[[-0.9018,45.9494],[-0.8993,45.9499],[-0.8959,45.9504],[-0.8959,45.9494],[-0.8926,45.9494],[-0.8938,45.9466],[-0.8957,45.947],[-0.8969,45.9469],[-0.8996,45.9468],[-0.9024,45.9476],[-0.9018,45.9494]]]},"properties":{"id_ffco":"2023-D17-205","nom":"Parc la Varenne","_dept":"17","numero":"2023-D17-205","commune":"Tonnay Charente","echelle":"1/2000","surface":"0.22 km²","format":"A4","annee":"2023","cartographes":"robin p","proprietaire":"1705 - CHARENTE-MARITIME ORIENTATION","niveau":"Initiation, Scolaire","specialite":"Sprint (ISSOM)","contacts":"patrick robin, 4 Rue Du Stade, 17250, Beurlay, 0781029023, patrick.robin1@free.fr, https://club-co17.com/","latitude":"45.9483837133","longitude":"-0.897528755656","date_saisie":"02/08/2023","date_depot":"26/10/2023","valide":"Oui","ppo":"Oui (50 postes)","type_carte":"Reprise","base":"2015-D17-98 Parc Tonnay Charente","fond":"Ortho","obsolete":false}},{"type":"Feature","geometry":{"type":"Polygon","coordinates":[[[-1.1789,45.6913],[-1.1793,45.6921],[-1.1786,45.6931],[-1.177,45.6946],[-1.176,45.6957],[-1.174,45.6973],[-1.1734,45.6979],[-1.166,45.6954],[-1.1687,45.6944],[-1.1686,45.6934],[-1.1668,45.6926],[-1.1666,45.6912],[-1.1683,45.6902],[-1.169,45.6891],[-1.1692,45.688],[-1.1688,45.6868],[-1.1737,45.6887],[-1.1776,45.6902],[-1.1789,45.6913]]]},"properties":{"id_ffco":"2023-D17-204","nom":"La Palmyre Nord 2023","_dept":"17","numero":"2023-D17-204","commune":"les Mathes","echelle":"1/4000","surface":"0.72 km²","format":"A4","annee":"2023","cartographes":"Marchegeay B","proprietaire":"1705 - CHARENTE-MARITIME ORIENTATION","niveau":"National, International","specialite":"Sprint (ISSOM)","contacts":"Patrick Robin, 4 RUE du stade, 17250, BEURLAY, +33781029023, patrick.robin1@free.fr, https://club-co17.com/","latitude":"45.6926033142","longitude":"-1.17252235362","date_saisie":"31/07/2023","date_depot":"26/10/2023","valide":"Oui","ppo":"Non","type_carte":"Reprise","base":"2017-D17-125 La Palmyre Nord","fond":"Ortho","obsolete":false}},{"type":"Feature","geometry":{"type":"Polygon","coordinates":[[[-1.1792,45.6909],[-1.1776,45.6877],[-1.1784,45.681],[-1.1822,45.6831],[-1.1859,45.6849],[-1.1881,45.6864],[-1.1889,45.6871],[-1.1878,45.6935],[-1.182,45.6919],[-1.1792,45.6909]]]},"properties":{"id_ffco":"2023-D17-203","nom":"La Palmyre Sud 2023","_dept":"17","numero":"2023-D17-203","commune":"les Mathes","echelle":"1/4000","surface":"0.76 km²","format":"A4","annee":"2023","cartographes":"Marchegeay B","proprietaire":"1705 - CHARENTE-MARITIME ORIENTATION","niveau":"National, International","specialite":"Sprint (ISSOM)","contacts":"patrick robin, 4 Rue Du Stade, 17250, Beurlay, 0781029023, patrick.robin1@free.fr, https://club-co17.com/","latitude":"45.6877345409","longitude":"-1.18299995073","date_saisie":"31/07/2023","date_depot":"26/10/2023","valide":"Oui","ppo":"Oui (45 postes)","type_carte":"Reprise","base":"2017-D17-126 La Palmyre Sud","fond":"Ortho","obsolete":false}},{"type":"Feature","geometry":{"type":"Polygon","coordinates":[[[-0.5972,45.8764],[-0.5997,45.8769],[-0.6075,45.8782],[-0.611,45.8803],[-0.612,45.8836],[-0.6124,45.8868],[-0.6144,45.8886],[-0.6001,45.8974],[-0.5882,45.9065],[-0.5839,45.9065],[-0.5783,45.9038],[-0.573,45.9018],[-0.5706,45.9],[-0.5831,45.889],[-0.5933,45.8779],[-0.5972,45.8764]]]},"properties":{"id_ffco":"2023-D17-202","nom":"Fenioux","_dept":"17","numero":"2023-D17-202","commune":"Fenioux","echelle":"1/10000","surface":"5.84 km²","format":"A3","annee":"2023","cartographes":"robin p","proprietaire":"1705 - CHARENTE-MARITIME ORIENTATION","niveau":"Départemental","specialite":"CO à pied","contacts":"Patrick Robin, 4 RUE du stade, 17250, BEURLAY, +33781029023, patrick.robin1@free.fr, https://club-co17.com/","latitude":"45.8913853396","longitude":"-0.593489014079","date_saisie":"30/05/2023","date_depot":"26/10/2023","valide":"Oui","ppo":"Non","type_carte":"Nouvelle carte","fond":"Ortho","obsolete":false}},{"type":"Feature","geometry":{"type":"Polygon","coordinates":[[[-0.7015,45.5707],[-0.704,45.5705],[-0.7061,45.5705],[-0.7083,45.5683],[-0.7091,45.567],[-0.7095,45.5659],[-0.7106,45.5655],[-0.711,45.5651],[-0.7102,45.5642],[-0.7093,45.5642],[-0.7089,45.5632],[-0.7085,45.5627],[-0.7088,45.5612],[-0.7062,45.5601],[-0.7023,45.5578],[-0.7001,45.5556],[-0.6991,45.5561],[-0.6988,45.5576],[-0.6964,45.5605],[-0.6954,45.562],[-0.6951,45.5636],[-0.6943,45.5654],[-0.6953,45.5667],[-0.6971,45.5683],[-0.698,45.5695],[-0.7015,45.5707]]]},"properties":{"id_ffco":"2023-D17-201","nom":"Le Château de Bernessard","_dept":"17","numero":"2023-D17-201","commune":"Gemozac","echelle":"1/7500","surface":"1.31 km²","format":"A4","annee":"2023","cartographes":"robin p","proprietaire":"1705 - CHARENTE-MARITIME ORIENTATION","niveau":"Initiation, Scolaire","specialite":"Sprint (ISSOM)","contacts":"Patrick  Robin, 4 RUE du stade, 17250, BEURLAY, 0781029023, 0781029023, patrick.robin1@free.fr, https://club-co17.com/","latitude":"45.5641851519","longitude":"-0.702127014052","date_saisie":"30/05/2023","date_depot":"26/10/2023","valide":"Oui","ppo":"Non","type_carte":"Nouvelle carte","fond":"Ortho","obsolete":false}},{"type":"Feature","geometry":{"type":"Polygon","coordinates":[[[-1.2443,45.7249],[-1.2266,45.7236],[-1.2233,45.7296],[-1.2182,45.736],[-1.2156,45.7395],[-1.2148,45.7431],[-1.2151,45.7457],[-1.2426,45.7476],[-1.2431,45.7369],[-1.2443,45.7249]]]},"properties":{"id_ffco":"2023-D17-200","nom":"Le Pavillon Sud 2023","_dept":"17","numero":"2023-D17-200","commune":"La Tremblade","echelle":"1/10000","surface":"4.67 km²","format":"A4","annee":"2023","cartographes":"cotirta","proprietaire":"1705 - CHARENTE-MARITIME ORIENTATION","niveau":"National, International","specialite":"CO à pied","contacts":"patrick robin, 4 Rue Du Stade, 17250, Beurlay, 0781029023, patrick.robin1@free.fr, https://club-co17.com/","latitude":"45.7363466051","longitude":"-1.23117108578","date_saisie":"30/05/2023","date_depot":"26/10/2023","valide":"Oui","ppo":"Non","type_carte":"Reprise","base":"2018-D17-146 le Pavillon 2019","fond":"Ortho","obsolete":false}},{"type":"Feature","geometry":{"type":"Polygon","coordinates":[[[-1.2832,45.9877],[-1.2936,45.9891],[-1.2954,45.9821],[-1.2844,45.9801],[-1.2778,45.9787],[-1.2748,45.9784],[-1.2678,45.9767],[-1.2585,45.976],[-1.2524,45.9736],[-1.2491,45.9714],[-1.2503,45.9705],[-1.2496,45.9676],[-1.247,45.9663],[-1.2451,45.9648],[-1.2364,45.9687],[-1.2354,45.9702],[-1.2367,45.9723],[-1.2381,45.9757],[-1.2355,45.9784],[-1.235,45.9815],[-1.2366,45.9847],[-1.241,45.9877],[-1.2467,45.9903],[-1.2575,45.9905],[-1.2716,45.9897],[-1.2832,45.9877]]]},"properties":{"id_ffco":"1984-D17-20","nom":"SAUMONARDS (LES)","_dept":"17","numero":"1984-D17-20","commune":"BOYARDVILLE","echelle":"1/15000","surface":"6.99 km²","format":"A4","annee":"1984","cartographes":"Stages carto","proprietaire":"1705 - CHARENTE-MARITIME ORIENTATION","niveau":"Interrégional","specialite":"CO à pied","latitude":"45.9812442428","longitude":"-1.2594589807","valide":"Non","ppo":"Non","fond":"IGN","ref_ign":"1/20000°","obsolete":false}},{"type":"Feature","geometry":{"type":"Polygon","coordinates":[[[-1.1653,45.6846],[-1.1693,45.6889],[-1.166,45.6917],[-1.166,45.6942],[-1.1746,45.6941],[-1.1768,45.6943],[-1.1676,45.7027],[-1.1468,45.7002],[-1.1411,45.6992],[-1.1375,45.6938],[-1.1305,45.6898],[-1.1214,45.6881],[-1.1111,45.6856],[-1.1066,45.6834],[-1.1109,45.673],[-1.1215,45.6728],[-1.1409,45.6796],[-1.1452,45.6824],[-1.1533,45.6792],[-1.1591,45.6811],[-1.1653,45.6846]]]},"properties":{"id_ffco":"2023-D17-199","nom":"Le ZOO La Palmyre","_dept":"17","numero":"2023-D17-199","commune":"les Mathes","echelle":"1/10000","surface":"8.87 km²","format":"A4","annee":"2023","cartographes":"cotirta","proprietaire":"1705 - CHARENTE-MARITIME ORIENTATION","niveau":"National, International","specialite":"CO à pied","contacts":"Patrick Robin, 4 RUE du stade, 17250, BEURLAY, +33781029023, patrick.robin1@free.fr, https://club-co17.com/","latitude":"45.6874476741","longitude":"-1.14171419813","date_saisie":"30/05/2023","date_depot":"26/10/2023","valide":"Oui","ppo":"Non","type_carte":"Reprise","base":"2021-D17-172 Les Combots Nord","fond":"Ortho","obsolete":false}},{"type":"Feature","geometry":{"type":"Polygon","coordinates":[[[-1.2089,45.8449],[-1.2069,45.8456],[-1.2035,45.8445],[-1.2032,45.842],[-1.2022,45.8409],[-1.2021,45.8388],[-1.201,45.8367],[-1.203,45.8357],[-1.2093,45.8364],[-1.2109,45.8397],[-1.2117,45.8423],[-1.2105,45.844],[-1.2089,45.8449]]]},"properties":{"id_ffco":"2023-D17-198","nom":"Saint Trojan les Bains","_dept":"17","numero":"2023-D17-198","commune":"Saint Trojan les Bains","echelle":"1/4000","surface":"0.63 km²","format":"A4","annee":"2023","cartographes":"BAPTISTE TRONCHE MASSO","proprietaire":"1705 - CHARENTE-MARITIME ORIENTATION","niveau":"National, International","specialite":"Sprint (ISSOM)","contacts":"Robin Patrick, 17250, Beurlay, 0781029023, patrick.robin1@free.fr, https://club-co17.com/","latitude":"45.8404191352","longitude":"-1.20647563722","date_saisie":"07/01/2023","date_depot":"21/02/2023","valide":"Oui","ppo":"Non","type_carte":"Reprise","base":"2014-D17-82 ST Trojan Ville","fond":"Ortho","obsolete":false}},{"type":"Feature","geometry":{"type":"Polygon","coordinates":[[[-1.2164,45.8184],[-1.2166,45.8211],[-1.2198,45.8232],[-1.2259,45.8271],[-1.2252,45.8289],[-1.2256,45.833],[-1.2261,45.835],[-1.245,45.8327],[-1.2439,45.8107],[-1.2433,45.807],[-1.2164,45.8184]]]},"properties":{"id_ffco":"2022-D17-197","nom":"GATSEAU 2023","_dept":"17","numero":"2022-D17-197","commune":"Saint Trojan","echelle":"1/15000","surface":"4.38 km²","format":"A4","annee":"2022","proprietaire":"1705 - CHARENTE-MARITIME ORIENTATION","niveau":"National, International","specialite":"CO à pied","contacts":"CHARENTE MARITIME ORIENTATION, 17250, 0781029023, patrick.robin1@free.fr, https://club-co17.com/","latitude":"45.8220447651","longitude":"-1.23351546656","date_saisie":"13/12/2022","date_depot":"18/01/2023","valide":"Oui","ppo":"Non","type_carte":"Reprise","base":"1984-D17-05 GATSAU","fond":"Ortho","obsolete":false}},{"type":"Feature","geometry":{"type":"Polygon","coordinates":[[[-1.0355,45.6194],[-1.036,45.6223],[-1.0359,45.6233],[-1.0355,45.6239],[-1.0338,45.6245],[-1.0323,45.6243],[-1.0302,45.625],[-1.0286,45.6252],[-1.027,45.626],[-1.0254,45.6263],[-1.0238,45.6262],[-1.0227,45.6252],[-1.021,45.623],[-1.0223,45.6212],[-1.0237,45.6189],[-1.028,45.6164],[-1.0304,45.6161],[-1.0338,45.6168],[-1.0348,45.6182],[-1.0355,45.6194]]]},"properties":{"id_ffco":"2022-D17-196","nom":"Royan La Grande Conche","_dept":"17","numero":"2022-D17-196","commune":"Royan","echelle":"1/4000","surface":"0.93 km²","format":"A4","annee":"2022","cartographes":"ROBIN","proprietaire":"1705 - CHARENTE-MARITIME ORIENTATION","niveau":"Régional","specialite":"Sprint (ISSOM)","contacts":"Robin Patrick, 0781029023, patrick.robin1@free.fr, https://club-co17.com/","latitude":"45.6212729862","longitude":"-1.02885005852","date_saisie":"19/08/2022","date_depot":"26/10/2023","valide":"Oui","ppo":"Non","type_carte":"Nouvelle carte","fond":"Ortho","obsolete":false}},{"type":"Feature","geometry":{"type":"Polygon","coordinates":[[[-1.0261,45.9858],[-1.0298,45.9819],[-1.0375,45.9784],[-1.044,45.9738],[-1.0518,45.9735],[-1.0586,45.9784],[-1.0536,45.9824],[-1.0555,45.987],[-1.0579,45.9879],[-1.0574,45.9894],[-1.0545,45.9903],[-1.0475,45.9907],[-1.0428,45.992],[-1.0369,45.9954],[-1.0328,45.9934],[-1.0269,45.9925],[-1.0266,45.9876],[-1.0261,45.9858]]]},"properties":{"id_ffco":"2022-D17-195","nom":"Saint Laurent de la Prée","_dept":"17","numero":"2022-D17-195","commune":"Saint Laurent de la Prée","echelle":"1/5000","surface":"3.82 km²","format":"A4","annee":"2022","cartographes":"ROBIN","proprietaire":"1705 - CHARENTE-MARITIME ORIENTATION","niveau":"Départemental","specialite":"Sprint (ISSOM)","contacts":"CHARENTE MARITIME CMO, 4 RUE DU STADE, 17250, BEURLAY, 0781029023, patrick.robin1@free.fr, https://club-co17.com/","latitude":"45.9843958398","longitude":"-1.04235402955","date_saisie":"19/08/2022","date_depot":"26/10/2023","valide":"Oui","ppo":"Oui (40 postes)","type_carte":"Nouvelle carte","fond":"Ortho","obsolete":false}},{"type":"Feature","geometry":{"type":"Polygon","coordinates":[[[-1.077,45.9373],[-1.0768,45.9384],[-1.0726,45.9377],[-1.0639,45.9346],[-1.0601,45.9337],[-1.0567,45.9325],[-1.0516,45.9319],[-1.0497,45.9309],[-1.0427,45.9286],[-1.0366,45.9256],[-1.0253,45.9135],[-1.0291,45.9107],[-1.0355,45.9099],[-1.0416,45.9088],[-1.0473,45.9101],[-1.0588,45.9132],[-1.0594,45.9157],[-1.0619,45.9165],[-1.0669,45.9129],[-1.0698,45.9121],[-1.0724,45.9088],[-1.0754,45.907],[-1.0756,45.9149],[-1.0759,45.9238],[-1.0776,45.9334],[-1.077,45.9373]]]},"properties":{"id_ffco":"2022-D17-194","nom":"Saint Froult","_dept":"17","numero":"2022-D17-194","commune":"Saint Froult","echelle":"1/7500","surface":"8.11 km²","format":"A3","annee":"2022","cartographes":"ROBIN","proprietaire":"1705 - CHARENTE-MARITIME ORIENTATION","niveau":"Départemental","specialite":"CO à pied","contacts":"CHARENTE MARITIME CMO, 4 RUE DU STADE, 17250, BEURLAY, 0781029023, patrick.robin1@free.fr, https://club-co17.com/","latitude":"45.9216670007","longitude":"-1.05532691717","date_saisie":"19/08/2022","valide":"Non","ppo":"Oui (40 postes)","type_carte":"Nouvelle carte","fond":"Ortho","obsolete":false}},{"type":"Feature","geometry":{"type":"Polygon","coordinates":[[[-1.1756,46.1642],[-1.175,46.1651],[-1.1721,46.1646],[-1.1702,46.1643],[-1.1695,46.165],[-1.1711,46.1679],[-1.1718,46.1688],[-1.1726,46.1699],[-1.1736,46.1708],[-1.1742,46.173],[-1.1746,46.1743],[-1.1777,46.1736],[-1.1814,46.1727],[-1.1854,46.1718],[-1.1882,46.1712],[-1.1893,46.1709],[-1.1901,46.1701],[-1.191,46.1687],[-1.1917,46.1678],[-1.1923,46.1668],[-1.1894,46.166],[-1.1869,46.1654],[-1.1838,46.1649],[-1.1811,46.1645],[-1.1785,46.1646],[-1.1756,46.1642]]]},"properties":{"id_ffco":"2022-D17-193","nom":"Parc Kennedy La Rochelle Mireuil","_dept":"17","numero":"2022-D17-193","commune":"La Rochelle","echelle":"1/4000","surface":"1.24 km²","format":"A3","annee":"2022","cartographes":"ROBIN","proprietaire":"1705 - CHARENTE-MARITIME ORIENTATION","niveau":"Départemental","specialite":"Sprint (ISSOM)","contacts":"CHARENTE MARITIME ORIENTATION ROBIN, 0781029023, 0781029023, patrick.robin1@free.fr, https://club-co17.com/","latitude":"46.1685437352","longitude":"-1.18039401352","date_saisie":"08/08/2022","date_depot":"26/10/2023","valide":"Oui","ppo":"Oui (55 postes)","type_carte":"Nouvelle carte","fond":"Ortho","obsolete":false}},{"type":"Feature","geometry":{"type":"Polygon","coordinates":[[[-0.6444,45.7576],[-0.6406,45.7598],[-0.6379,45.76],[-0.6378,45.7606],[-0.6396,45.7631],[-0.6438,45.7664],[-0.6444,45.7674],[-0.6503,45.7682],[-0.6555,45.7656],[-0.6577,45.7644],[-0.659,45.7636],[-0.6619,45.7618],[-0.663,45.7587],[-0.6574,45.7563],[-0.6574,45.7554],[-0.6559,45.7546],[-0.6527,45.7563],[-0.6444,45.7576]]]},"properties":{"id_ffco":"2022-D17-192","nom":"Lycée Georges Desclaudes","_dept":"17","numero":"2022-D17-192","commune":"Saintes","echelle":"1/5000","surface":"1.73 km²","format":"A4","annee":"2022","cartographes":"robin p","proprietaire":"1705 - CHARENTE-MARITIME ORIENTATION","niveau":"Initiation, Scolaire","specialite":"CO à pied","contacts":"Patrick Maritime Robin, 4 RUE du stade, 17250, BEURLAY, +33781029023, +33781029023, patrick.robin1@free.fr, https://club-co17.com/","latitude":"45.76152578","longitude":"-0.650674957935","date_saisie":"10/03/2022","date_depot":"26/10/2023","valide":"Oui","ppo":"Non","type_carte":"Nouvelle carte","fond":"Ortho","obsolete":false}},{"type":"Feature","geometry":{"type":"Polygon","coordinates":[[[-0.6071,45.6188],[-0.6051,45.6194],[-0.6028,45.6201],[-0.6011,45.6211],[-0.6002,45.6212],[-0.5991,45.6212],[-0.5961,45.6221],[-0.5941,45.6236],[-0.5928,45.6244],[-0.5919,45.6242],[-0.5903,45.6236],[-0.5894,45.6233],[-0.5884,45.6222],[-0.5877,45.6215],[-0.5871,45.6215],[-0.5841,45.6233],[-0.5832,45.6236],[-0.5829,45.6227],[-0.581,45.6211],[-0.5799,45.6198],[-0.5788,45.6189],[-0.5814,45.6182],[-0.5834,45.6181],[-0.5854,45.6171],[-0.5869,45.6159],[-0.5881,45.6154],[-0.5884,45.615],[-0.5887,45.6129],[-0.5891,45.611],[-0.5894,45.6094],[-0.5905,45.6081],[-0.5925,45.6058],[-0.5936,45.6052],[-0.5987,45.6087],[-0.6036,45.6128],[-0.6067,45.6162],[-0.6071,45.6188]]]},"properties":{"id_ffco":"2022-D17-191","nom":"St Leger Nord OVTT","_dept":"17","numero":"2022-D17-191","commune":"ST Leger","echelle":"1/10000","surface":"2.3 km²","format":"A4","annee":"2022","cartographes":"robin p","proprietaire":"1705 - CHARENTE-MARITIME ORIENTATION","niveau":"Régional","specialite":"CO à VTT","contacts":"robin P, 4 RUE du stade, 17250, beurlay, +33781029023, patrick.robin1@free.fr, https://club-co17.com/","latitude":"45.6160688916","longitude":"-0.59422322346","date_saisie":"03/03/2022","date_depot":"19/07/2022","valide":"Oui","ppo":"Non","type_carte":"Nouvelle carte","fond":"Ortho","obsolete":false}},{"type":"Feature","geometry":{"type":"Polygon","coordinates":[[[-0.6076,45.6185],[-0.6009,45.6211],[-0.5975,45.6219],[-0.5926,45.6245],[-0.5894,45.6235],[-0.5872,45.6215],[-0.5833,45.6238],[-0.58,45.6203],[-0.5787,45.619],[-0.5816,45.6181],[-0.5843,45.6176],[-0.588,45.6152],[-0.5889,45.6095],[-0.5929,45.6052],[-0.5942,45.605],[-0.6043,45.6115],[-0.6076,45.6185]]]},"properties":{"id_ffco":"2022-D17-190","nom":"St Leger Nord","_dept":"17","numero":"2022-D17-190","commune":"ST LEGER","echelle":"1/7500","surface":"2.51 km²","format":"A4","annee":"2022","cartographes":"robin p","proprietaire":"1705 - CHARENTE-MARITIME ORIENTATION","niveau":"Départemental","specialite":"CO à pied","contacts":"robin P, 4 RUE du stade, 17250, beurlay, +33781029023, patrick.robin1@free.fr, https://club-co17.com/ // robin P, 4 RUE du stade, 17250, beurlay, +33781029023, patrick.robin1@free.fr, https://club-co17.com/","latitude":"45.615849358","longitude":"-0.594383674809","date_saisie":"03/03/2022","date_depot":"19/07/2022","valide":"Oui","ppo":"Non","type_carte":"Nouvelle carte","fond":"Ortho","obsolete":false}},{"type":"Feature","geometry":{"type":"Polygon","coordinates":[[[-1.2347,45.6931],[-1.2177,45.6961],[-1.2065,45.6965],[-1.1974,45.6947],[-1.189,45.7012],[-1.1864,45.7045],[-1.1705,45.7045],[-1.1603,45.7122],[-1.1627,45.7148],[-1.1696,45.7175],[-1.1849,45.7152],[-1.1827,45.7201],[-1.1858,45.7231],[-1.1852,45.7285],[-1.19,45.7292],[-1.1959,45.7298],[-1.2012,45.731],[-1.2093,45.7276],[-1.2115,45.726],[-1.2189,45.7264],[-1.2252,45.7273],[-1.2316,45.7296],[-1.2422,45.7294],[-1.2374,45.703],[-1.2347,45.6931]]]},"properties":{"id_ffco":"1991-D17-19","nom":"COUBRE SUD","_dept":"17","numero":"1991-D17-19","commune":"LA TREMBLADE","echelle":"1/15000","surface":"17.21 km²","format":"A3","annee":"1991","cartographes":"IVOS NOVAK, MILAN BOROVICKA","proprietaire":"1705 - CHARENTE-MARITIME ORIENTATION","niveau":"National, International","specialite":"CO à pied","latitude":"45.7125046292","longitude":"-1.20795775634","date_depot":"16/12/2015","valide":"Oui","ppo":"Non","type_carte":"Nouvelle carte","fond":"Cadastre","obsolete":false}},{"type":"Feature","geometry":{"type":"Polygon","coordinates":[[[-0.9536,45.9397],[-0.9532,45.9422],[-0.9528,45.9443],[-0.9534,45.9463],[-0.9538,45.9466],[-0.9578,45.9466],[-0.9604,45.9461],[-0.9649,45.9452],[-0.9659,45.9419],[-0.9677,45.9383],[-0.9684,45.9355],[-0.9671,45.9329],[-0.9652,45.9301],[-0.9631,45.9272],[-0.9612,45.9258],[-0.9501,45.9222],[-0.9478,45.9243],[-0.9483,45.9279],[-0.9542,45.9352],[-0.9541,45.9371],[-0.9536,45.9397]]]},"properties":{"id_ffco":"2022-D17-189","nom":"La Corderie Royale","_dept":"17","numero":"2022-D17-189","commune":"ROCHEFORT","echelle":"1/5000","surface":"2.66 km²","format":"A3","annee":"2022","cartographes":"robin p","proprietaire":"1705 - CHARENTE-MARITIME ORIENTATION","niveau":"Régional","specialite":"Sprint (ISSOM)","contacts":"robin P, 4 RUE du stade, 17250, beurlay, +33781029023, patrick.robin1@free.fr, https://club-co17.com/","latitude":"45.9346663936","longitude":"-0.958431923395","date_saisie":"03/03/2022","date_depot":"26/10/2023","valide":"Oui","ppo":"Non","type_carte":"Nouvelle carte","fond":"Ortho","obsolete":false}},{"type":"Feature","geometry":{"type":"Polygon","coordinates":[[[-0.7782,45.8197],[-0.7764,45.8194],[-0.7748,45.8187],[-0.7738,45.8174],[-0.772,45.8171],[-0.7713,45.8164],[-0.7694,45.8171],[-0.7676,45.8188],[-0.7674,45.8193],[-0.7664,45.8209],[-0.7704,45.8225],[-0.7708,45.8231],[-0.7727,45.8224],[-0.7741,45.8219],[-0.7753,45.8221],[-0.7766,45.8218],[-0.7793,45.8215],[-0.7814,45.8218],[-0.7817,45.8212],[-0.7808,45.8207],[-0.7797,45.8204],[-0.7782,45.8197]]]},"properties":{"id_ffco":"2022-D17-188","nom":"ST Porchaire","_dept":"17","numero":"2022-D17-188","commune":"ST Porchaire","echelle":"1/4000","surface":"0.43 km²","format":"A4","annee":"2022","cartographes":"robin p","proprietaire":"1705 - CHARENTE-MARITIME ORIENTATION","niveau":"Initiation, Scolaire","specialite":"Sprint (ISSOM)","contacts":"Patrick Robin, 4 RUE du stade, 17250, BEURLAY, +33781029023, patrick.robin1@free.fr, https://club-co17.com/","latitude":"45.8200271472","longitude":"-0.772713113946","date_saisie":"03/03/2022","date_depot":"19/07/2022","valide":"Oui","ppo":"Oui (40 postes)","type_carte":"Nouvelle carte","fond":"Ortho","obsolete":false}},{"type":"Feature","geometry":{"type":"Polygon","coordinates":[[[-1.2496,45.9715],[-1.2513,45.973],[-1.2609,45.9764],[-1.2716,45.9774],[-1.2753,45.978],[-1.284,45.9792],[-1.2934,45.981],[-1.299,45.9836],[-1.3088,45.9863],[-1.3114,45.9904],[-1.312,45.9921],[-1.301,45.9896],[-1.2911,45.9883],[-1.28,45.9878],[-1.2697,45.9894],[-1.2525,45.9905],[-1.2468,45.99],[-1.2407,45.9875],[-1.2365,45.9844],[-1.2345,45.9812],[-1.2357,45.9777],[-1.2368,45.9743],[-1.2345,45.9705],[-1.2422,45.9656],[-1.2445,45.9644],[-1.2506,45.9671],[-1.2506,45.9697],[-1.2496,45.9715]]]},"properties":{"id_ffco":"2022-D17-187","nom":"Les Saumonards 2022","_dept":"17","numero":"2022-D17-187","commune":"St Georges D'OLERON","echelle":"1/10000","surface":"7.9 km²","format":"+","annee":"2022","cartographes":"COTIRTA MARIAN","proprietaire":"1705 - CHARENTE-MARITIME ORIENTATION","niveau":"National, International","specialite":"CO à pied","contacts":"robin Patrick, 4 RUE du stade, 17250, BEURLAY, +33781029023, patrick.robin1@free.fr, https://club-co17.com/","latitude":"45.9815151895","longitude":"-1.26355963963","date_saisie":"18/01/2022","date_depot":"08/02/2022","valide":"Oui","ppo":"Non","type_carte":"Reprise","base":"2007-D17-045 LES SAUMONARDS 1","fond":"Ortho","obsolete":false}},{"type":"Feature","geometry":{"type":"Polygon","coordinates":[[[-1.2505,45.9672],[-1.2506,45.9704],[-1.2486,45.9718],[-1.2441,45.9727],[-1.2409,45.9731],[-1.239,45.9745],[-1.2354,45.972],[-1.2343,45.9698],[-1.2425,45.9652],[-1.2441,45.9643],[-1.2471,45.9664],[-1.2486,45.9672],[-1.2505,45.9672]]]},"properties":{"id_ffco":"2022-D17-186","nom":"Boyardville 2022","_dept":"17","numero":"2022-D17-186","commune":"St Georges D'OLERON","echelle":"1/4000","surface":"0.82 km²","format":"A4","annee":"2022","cartographes":"cotirta","proprietaire":"1705 - CHARENTE-MARITIME ORIENTATION","niveau":"Régional","specialite":"Sprint (ISSOM)","contacts":"robin Patrick, 4 RUE du stade, 17250, BEURLAY, +33781029023, patrick.robin1@free.fr, https://club-co17.com/","latitude":"45.9695663533","longitude":"-1.24272641223","date_saisie":"18/01/2022","date_depot":"08/02/2022","valide":"Oui","ppo":"Non","type_carte":"Reprise","base":"1984-D17-08 BOYARDVILLE","fond":"Ortho","obsolete":false}},{"type":"Feature","geometry":{"type":"Polygon","coordinates":[[[-0.5834,45.7655],[-0.5882,45.7674],[-0.5907,45.7687],[-0.5961,45.7673],[-0.6026,45.7713],[-0.6056,45.7719],[-0.6071,45.7715],[-0.6081,45.7726],[-0.6067,45.7777],[-0.6055,45.7789],[-0.6052,45.7809],[-0.6047,45.7834],[-0.6069,45.7829],[-0.6078,45.7842],[-0.6014,45.7853],[-0.597,45.7857],[-0.5941,45.7865],[-0.5881,45.7871],[-0.5881,45.7882],[-0.5849,45.7872],[-0.5836,45.788],[-0.5818,45.7876],[-0.578,45.7877],[-0.5741,45.7871],[-0.5708,45.7877],[-0.5698,45.7881],[-0.5709,45.78],[-0.5725,45.7766],[-0.5787,45.7705],[-0.5834,45.7655]]]},"properties":{"id_ffco":"2022-D17-185","nom":"Fontcouverte","_dept":"17","numero":"2022-D17-185","commune":"Fontcouverte","echelle":"1/10000","surface":"5.22 km²","format":"A4","annee":"2022","cartographes":"robin p","proprietaire":"1705 - CHARENTE-MARITIME ORIENTATION","niveau":"Départemental","specialite":"CO à pied","contacts":"robin P, 4 RUE du stade, 17250, beurlay, +33781029023, patrick.robin1@free.fr, https://club-co17.com/","latitude":"45.7779981403","longitude":"-0.588717385161","date_saisie":"18/01/2022","date_depot":"26/10/2023","valide":"Oui","ppo":"Non","type_carte":"Nouvelle carte","fond":"Ortho","obsolete":false}},{"type":"Feature","geometry":{"type":"Polygon","coordinates":[[[-0.6559,45.7546],[-0.6522,45.7528],[-0.647,45.7502],[-0.6443,45.7487],[-0.6424,45.7485],[-0.6392,45.7481],[-0.6387,45.7516],[-0.641,45.7532],[-0.6433,45.7565],[-0.6447,45.7577],[-0.6494,45.7574],[-0.6526,45.7565],[-0.6559,45.7546]]]},"properties":{"id_ffco":"2022-D17-184","nom":"St Remy Saintes","_dept":"17","numero":"2022-D17-184","commune":"Saintes","echelle":"1/5000","surface":"0.78 km²","format":"A4","annee":"2022","cartographes":"robin p","proprietaire":"1705 - CHARENTE-MARITIME ORIENTATION","niveau":"Départemental","specialite":"Sprint (ISSOM)","contacts":"robin Patrick, 4 RUE du stade, 17250, BEURLAY, +33781029023, +33781029023, patrick.robin1@free.fr, https://club-co17.com/","latitude":"45.7532243339","longitude":"-0.646206180944","date_saisie":"18/01/2022","date_depot":"26/10/2023","valide":"Oui","ppo":"Non","type_carte":"Reprise","base":"2004-D17-24 Complexe sportif Yvon Chevalier","fond":"Ortho","obsolete":false}},{"type":"Feature","geometry":{"type":"Polygon","coordinates":[[[-0.652,45.6709],[-0.6517,45.6715],[-0.6554,45.6726],[-0.657,45.6705],[-0.6576,45.6693],[-0.6561,45.6676],[-0.6528,45.6671],[-0.6509,45.67],[-0.652,45.6709]]]},"properties":{"id_ffco":"2021-D17-183","nom":"THENAC","_dept":"17","numero":"2021-D17-183","commune":"THENAC","echelle":"1/1500","surface":"0.21 km²","format":"A4","annee":"2021","cartographes":"robin p","proprietaire":"1705 - CHARENTE-MARITIME ORIENTATION","niveau":"Initiation, Scolaire","specialite":"Sprint (ISSOM)","contacts":"Patrick  Robin, 4 RUE du stade, 17250, BEURLAY, 0781029023, 0781029023, patrick.robin1@free.fr, https://club-co17.com/","latitude":"45.6697437364","longitude":"-0.654307974336","date_saisie":"03/06/2021","date_depot":"25/08/2021","valide":"Oui","ppo":"Non","type_carte":"Nouvelle carte","fond":"Ortho","obsolete":false}},{"type":"Feature","geometry":{"type":"Polygon","coordinates":[[[-0.3369,45.8732],[-0.3281,45.8767],[-0.3181,45.8791],[-0.3079,45.8787],[-0.3065,45.8781],[-0.3019,45.8755],[-0.2993,45.8693],[-0.2968,45.864],[-0.2988,45.86],[-0.3006,45.856],[-0.3009,45.8501],[-0.3057,45.8376],[-0.3226,45.8407],[-0.3365,45.8428],[-0.3433,45.8442],[-0.3416,45.85],[-0.3415,45.853],[-0.3409,45.8608],[-0.3364,45.8735],[-0.3369,45.8732]]]},"properties":{"id_ffco":"2021-D17-182","nom":"MATHA","_dept":"17","numero":"2021-D17-182","commune":"MATHA","echelle":"1/10000","surface":"12.55 km²","format":"A3","annee":"2021","cartographes":"robin p, GUERAUD","proprietaire":"1705 - CHARENTE-MARITIME ORIENTATION","niveau":"Départemental","specialite":"CO à pied","contacts":"Patrick Maritime Robin, 4 RUE du stade, 17700, BEURLAY, 0781029023, 0781029023, patrick.robin1@free.fr, https://club-co17.com/","latitude":"45.8587549806","longitude":"-0.319570082698","date_saisie":"30/06/2021","date_depot":"25/08/2021","valide":"Oui","ppo":"Oui (65 postes)","type_carte":"Nouvelle carte","fond":"Ortho","obsolete":false}},{"type":"Feature","geometry":{"type":"Polygon","coordinates":[[[-0.3102,45.8397],[-0.3026,45.836],[-0.2987,45.8339],[-0.3034,45.8276],[-0.3075,45.8206],[-0.3214,45.8205],[-0.3316,45.8207],[-0.3357,45.8203],[-0.3382,45.8258],[-0.3358,45.8291],[-0.3325,45.836],[-0.3266,45.8418],[-0.3226,45.8429],[-0.3102,45.8397]]]},"properties":{"id_ffco":"2021-D17-181","nom":"THORS","_dept":"17","numero":"2021-D17-181","commune":"THORS","echelle":"1/10000","surface":"5.43 km²","format":"A4","annee":"2021","cartographes":"robin p, GUERAUD","proprietaire":"1705 - CHARENTE-MARITIME ORIENTATION","niveau":"Départemental","specialite":"CO à pied","contacts":"robin Patrick, 4 RUE du stade, 17250, BEURLAY, +33781029023, patrick.robin1@free.fr, https://club-co17.com/","latitude":"45.8303935956","longitude":"-0.319287995006","date_saisie":"30/06/2021","date_depot":"25/08/2021","valide":"Oui","ppo":"Oui (35 postes)","type_carte":"Nouvelle carte","fond":"Ortho","obsolete":false}},{"type":"Feature","geometry":{"type":"Polygon","coordinates":[[[-0.367,45.8415],[-0.3757,45.827],[-0.3783,45.8212],[-0.3751,45.8204],[-0.37,45.8178],[-0.346,45.8192],[-0.3373,45.8172],[-0.332,45.8203],[-0.3294,45.8238],[-0.3267,45.8269],[-0.3256,45.8301],[-0.3234,45.8334],[-0.3267,45.8353],[-0.336,45.8367],[-0.3329,45.8404],[-0.3412,45.8435],[-0.3532,45.8453],[-0.3544,45.8455],[-0.3632,45.8444],[-0.367,45.8415]]]},"properties":{"id_ffco":"2021-D17-180","nom":"PRIGNAC","_dept":"17","numero":"2021-D17-180","commune":"Prignac","echelle":"1/10000","surface":"9.44 km²","format":"A3","annee":"2021","cartographes":"robin p, GUERAUD","proprietaire":"1705 - CHARENTE-MARITIME ORIENTATION","niveau":"Départemental","specialite":"CO à pied","contacts":"Patrick  Robin, 4 RUE du stade, 17250, BEURLAY, 0781029023, 0781029023, patrick.robin1@free.fr, https://club-co17.com/","latitude":"45.8304468838","longitude":"-0.35135326574","date_saisie":"30/06/2021","date_depot":"25/08/2021","valide":"Oui","ppo":"Oui (40 postes)","type_carte":"Nouvelle carte","fond":"Ortho","obsolete":false}},{"type":"Feature","geometry":null,"properties":{"id_ffco":"1991-D17-18","nom":"CEDRES","_dept":"17","numero":"1991-D17-18","commune":"ROCHEFORT","echelle":"1/5000","surface":"0.4 km²","annee":"1991","proprietaire":"1704","specialite":"CO à pied","latitude":"45.9450336","longitude":"-0.9756731","valide":"Non","ppo":"Non","obsolete":false}},{"type":"Feature","geometry":{"type":"Polygon","coordinates":[[[-1.1535,46.1374],[-1.1542,46.1385],[-1.1576,46.1416],[-1.1593,46.1437],[-1.17,46.1481],[-1.1734,46.1456],[-1.1741,46.1386],[-1.1613,46.1368],[-1.1582,46.1379],[-1.1535,46.1374]]]},"properties":{"id_ffco":"2021-D17-179","nom":"Parc des Pères","_dept":"17","numero":"2021-D17-179","commune":"La Rochelle","echelle":"1/4000","surface":"1.19 km²","format":"A4","annee":"2021","cartographes":"robin p","proprietaire":"1705 - CHARENTE-MARITIME ORIENTATION","niveau":"Départemental","specialite":"Sprint (ISSOM)","contacts":"robin P, beurlay, +33781029023, patrick.robin1@free.fr, https://club-co17.com/","latitude":"46.1416375105","longitude":"-1.1656113996","date_saisie":"17/04/2021","date_depot":"25/08/2021","valide":"Oui","ppo":"Non","type_carte":"Nouvelle carte","fond":"Ortho","obsolete":false}},{"type":"Feature","geometry":{"type":"Polygon","coordinates":[[[-1.0232,45.6348],[-1.0191,45.6329],[-1.0179,45.6324],[-1.0162,45.6299],[-1.015,45.6292],[-1.0125,45.6287],[-1.0106,45.6289],[-1.007,45.6308],[-1.0155,45.6357],[-1.0178,45.6368],[-1.0211,45.6366],[-1.0227,45.6359],[-1.0232,45.6348]]]},"properties":{"id_ffco":"2021-D17-178","nom":"Lycée Atlantique","_dept":"17","numero":"2021-D17-178","commune":"ROYAN","echelle":"1/4000","surface":"0.54 km²","format":"A4","annee":"2021","cartographes":"robin p","proprietaire":"1705 - CHARENTE-MARITIME ORIENTATION","niveau":"Initiation, Scolaire","specialite":"Sprint (ISSOM)","contacts":"Patrick Maritime Robin, 4 RUE du stade, 17250, BEURLAY, +33781029023, patrick.robin1@free.fr, https://club-co17.com/","latitude":"45.6327347145","longitude":"-1.01514139859","date_saisie":"23/03/2021","date_depot":"26/10/2023","valide":"Oui","ppo":"Non","type_carte":"Nouvelle carte","fond":"Ortho","obsolete":false}},{"type":"Feature","geometry":{"type":"Polygon","coordinates":[[[-0.4295,45.4478],[-0.4269,45.4499],[-0.4222,45.454],[-0.416,45.4572],[-0.4114,45.4589],[-0.3997,45.4622],[-0.3959,45.4597],[-0.3939,45.4559],[-0.3915,45.4536],[-0.395,45.4522],[-0.397,45.4521],[-0.3947,45.4489],[-0.3907,45.4464],[-0.3901,45.4451],[-0.4058,45.4441],[-0.4144,45.4436],[-0.4182,45.4433],[-0.4241,45.4447],[-0.4281,45.4466],[-0.4295,45.4478]]]},"properties":{"id_ffco":"2021-D17-177","nom":"Le Renaudin VTTO","_dept":"17","numero":"2021-D17-177","commune":"JONZAC","echelle":"1/10000","surface":"4.04 km²","format":"A4","annee":"2021","cartographes":"robin p","proprietaire":"1705 - CHARENTE-MARITIME ORIENTATION","niveau":"Départemental","specialite":"CO à VTT","contacts":"Patrick Robin, 4 RUE du stade, 17250, BEURLAY, +33781029023, patrick.robin1@free.fr, https://club-co17.com/","latitude":"45.4513198116","longitude":"-0.40855209696","date_saisie":"23/03/2021","date_depot":"25/08/2021","valide":"Oui","ppo":"Non","type_carte":"Reprise","base":"2021-D17-176 Lycée Le Renaudin","fond":"Ortho","obsolete":false}},{"type":"Feature","geometry":{"type":"Polygon","coordinates":[[[-0.4157,45.4573],[-0.4127,45.4581],[-0.4073,45.4604],[-0.3991,45.4624],[-0.3959,45.4597],[-0.3944,45.4562],[-0.3915,45.4534],[-0.3974,45.4523],[-0.3946,45.4487],[-0.393,45.4476],[-0.3903,45.4461],[-0.3905,45.445],[-0.4012,45.4443],[-0.4087,45.4439],[-0.4189,45.4432],[-0.4225,45.4442],[-0.4258,45.4457],[-0.4281,45.4469],[-0.4294,45.4475],[-0.4276,45.4494],[-0.4244,45.4515],[-0.4219,45.4542],[-0.419,45.4556],[-0.4157,45.4573]]]},"properties":{"id_ffco":"2021-D17-176","nom":"Lycée Le Renaudin","_dept":"17","numero":"2021-D17-176","commune":"Jonzac","echelle":"1/10000","surface":"4.01 km²","format":"A4","annee":"2021","cartographes":"robin p","proprietaire":"1705 - CHARENTE-MARITIME ORIENTATION","niveau":"Initiation, Scolaire","specialite":"CO à pied","contacts":"robin P, beurlay, 0781029023, patrick.robin1@free.fr, https://club-co17.com/","latitude":"45.4513348343","longitude":"-0.408505495766","date_saisie":"21/03/2021","date_depot":"25/08/2021","valide":"Oui","ppo":"Oui (25 postes)","type_carte":"Nouvelle carte","fond":"Ortho","obsolete":false}},{"type":"Feature","geometry":{"type":"Polygon","coordinates":[[[-0.5724,45.5917],[-0.5667,45.5947],[-0.5594,45.597],[-0.5588,45.5978],[-0.565,45.6037],[-0.5731,45.6106],[-0.5822,45.6181],[-0.5873,45.6157],[-0.5887,45.6121],[-0.5911,45.6079],[-0.5911,45.6056],[-0.5879,45.6008],[-0.582,45.5959],[-0.5748,45.5922],[-0.5724,45.5917]]]},"properties":{"id_ffco":"2021-D17-175","nom":"Les Raguideaux VTTO","_dept":"17","numero":"2021-D17-175","commune":"St Leger Pons","echelle":"1/11000","surface":"3.94 km²","format":"A4","annee":"2021","cartographes":"robin p","proprietaire":"1705 - CHARENTE-MARITIME ORIENTATION","niveau":"Régional","specialite":"CO à VTT","contacts":"Patrick  Robin, 4 RUE du stade, 17250, BEURLAY, 0781029023, 0781029023, patrick.robin1@free.fr, https://club-co17.com/","latitude":"45.6038216709","longitude":"-0.577083878227","date_saisie":"12/03/2021","date_depot":"04/06/2021","valide":"Oui","ppo":"Non","type_carte":"Reprise","base":"2021-D17-174 St Leger Pons","fond":"Ortho","obsolete":false}},{"type":"Feature","geometry":{"type":"Polygon","coordinates":[[[-0.5918,45.606],[-0.586,45.5991],[-0.5801,45.5947],[-0.5727,45.5915],[-0.5678,45.5946],[-0.5628,45.596],[-0.5582,45.5975],[-0.57,45.6076],[-0.5784,45.6144],[-0.5784,45.6116],[-0.5848,45.6091],[-0.5894,45.6091],[-0.5918,45.606]]]},"properties":{"id_ffco":"2021-D17-174","nom":"St Leger Pons","_dept":"17","numero":"2021-D17-174","commune":"St Leger Pons","echelle":"1/10000","surface":"3.26 km²","format":"A4","annee":"2021","cartographes":"robin p","proprietaire":"1705 - CHARENTE-MARITIME ORIENTATION","niveau":"Départemental","specialite":"CO à pied","contacts":"robin P, beurlay, +33781029023, patrick.robin1@free.fr, https://club-co17.com/","latitude":"45.6020486866","longitude":"-0.57591103267","date_saisie":"04/03/2021","date_depot":"04/06/2021","valide":"Oui","ppo":"Non","type_carte":"Nouvelle carte","fond":"Ortho","obsolete":false}},{"type":"Feature","geometry":{"type":"Polygon","coordinates":[[[-1.5221,46.2073],[-1.5213,46.2095],[-1.5203,46.2107],[-1.5185,46.2121],[-1.5171,46.2134],[-1.5163,46.2138],[-1.5145,46.2121],[-1.5133,46.2111],[-1.5119,46.212],[-1.5115,46.2135],[-1.5107,46.2142],[-1.5082,46.2135],[-1.5108,46.2115],[-1.5107,46.21],[-1.509,46.209],[-1.5061,46.2077],[-1.5073,46.2071],[-1.5088,46.2048],[-1.5108,46.2032],[-1.5135,46.2042],[-1.5174,46.2051],[-1.5204,46.206],[-1.5218,46.2067],[-1.5221,46.2073]]]},"properties":{"id_ffco":"2021-D17-173","nom":"Ars en Ré","_dept":"17","numero":"2021-D17-173","commune":"Ars en Ré","echelle":"1/4000","surface":"0.84 km²","format":"A4","annee":"2021","cartographes":"COTIRTA MARIAN","proprietaire":"1705 - CHARENTE-MARITIME ORIENTATION","niveau":"Régional","specialite":"Sprint (ISSOM)","contacts":"robin patrick, 4 rue du stade, 17250, beurlay, 07.81.02.90.23, patrick.robin1@free.fr, http://www.club-co17.com/","latitude":"46.2083924796","longitude":"-1.51438801645","date_saisie":"28/01/2021","date_depot":"04/06/2021","valide":"Oui","ppo":"Non","type_carte":"Nouvelle carte","fond":"Ortho","obsolete":false}},{"type":"Feature","geometry":{"type":"Polygon","coordinates":[[[-1.1559,45.6803],[-1.1535,45.6935],[-1.142,45.6997],[-1.1337,45.692],[-1.1276,45.6888],[-1.1183,45.6875],[-1.1099,45.6852],[-1.1142,45.6796],[-1.1179,45.6779],[-1.1221,45.6755],[-1.1231,45.6732],[-1.1413,45.6798],[-1.1475,45.6754],[-1.1559,45.6803]]]},"properties":{"id_ffco":"2021-D17-172","nom":"Les Combots Nord","_dept":"17","numero":"2021-D17-172","commune":"St Augustin les mathes","echelle":"1/10000","surface":"5.56 km²","format":"A3","annee":"2021","cartographes":"COTIRTA MARIAN","proprietaire":"1705 - CHARENTE-MARITIME ORIENTATION","niveau":"Régional","specialite":"CO à pied","contacts":"Patrick Maritime Robin, 4 RUE du stade, 17250, BEURLAY, +33781029023, patrick.robin1@free.fr, https://club-co17.com/","latitude":"45.6851248283","longitude":"-1.13620403711","date_saisie":"04/03/2021","date_depot":"25/08/2021","valide":"Oui","ppo":"Non","type_carte":"Nouvelle carte","fond":"Laser","obsolete":false}},{"type":"Feature","geometry":{"type":"Polygon","coordinates":[[[-0.9365,45.7852],[-0.9408,45.7835],[-0.944,45.7827],[-0.9491,45.7875],[-0.9526,45.7856],[-0.9554,45.7851],[-0.9609,45.7887],[-0.9625,45.7912],[-0.9626,45.7954],[-0.9632,45.7997],[-0.96,45.81],[-0.9619,45.8146],[-0.9579,45.8157],[-0.9471,45.8165],[-0.9444,45.8169],[-0.9404,45.8166],[-0.9394,45.8147],[-0.9366,45.8137],[-0.9327,45.8136],[-0.9315,45.8135],[-0.9361,45.8019],[-0.9365,45.7852]]]},"properties":{"id_ffco":"2021-D17-171","nom":"La Gripperie","_dept":"17","numero":"2021-D17-171","commune":"La Gripperie St Symphorien","echelle":"1/10000","surface":"6.96 km²","format":"A3","annee":"2021","cartographes":"robin p","proprietaire":"1705 - CHARENTE-MARITIME ORIENTATION","niveau":"Départemental","specialite":"CO à pied","contacts":"Patrick Maritime Robin, 4 RUE du stade, 17250, BEURLAY, +33781029023, +33781029023, patrick.robin1@free.fr, https://club-co17.com/","latitude":"45.8008430972","longitude":"-0.948288931364","date_saisie":"20/12/2020","date_depot":"25/08/2021","valide":"Oui","ppo":"Oui (100 postes)","type_carte":"Nouvelle carte","fond":"Ortho","obsolete":false}},{"type":"Feature","geometry":{"type":"Polygon","coordinates":[[[-0.5302,45.8503],[-0.5291,45.8506],[-0.5284,45.8521],[-0.528,45.8537],[-0.528,45.854],[-0.5328,45.8548],[-0.5346,45.8551],[-0.5349,45.8523],[-0.5325,45.8515],[-0.5305,45.8504],[-0.5302,45.8503]]]},"properties":{"id_ffco":"2020-D17-170","nom":"Complexe Sportif de St Hilaire de Villefranche","_dept":"17","numero":"2020-D17-170","commune":"Saint Hilaire de Villefranche","echelle":"1/1500","surface":"0.19 km²","format":"A4","annee":"2020","cartographes":"robin p","proprietaire":"1705 - CHARENTE-MARITIME ORIENTATION","niveau":"Initiation, Scolaire","specialite":"Sprint (ISSOM)","contacts":"robin P, +33781029023, patrick.robin1@free.fr, https://club-co17.com/","latitude":"45.8528703294","longitude":"-0.531445382423","date_saisie":"04/12/2020","date_depot":"04/06/2021","valide":"Oui","ppo":"Oui (55 postes)","type_carte":"Nouvelle carte","fond":"Ortho","obsolete":false}},{"type":"Feature","geometry":{"type":"Polygon","coordinates":[[[-0.3567,46.0231],[-0.3547,46.0252],[-0.3536,46.0265],[-0.3515,46.0255],[-0.3505,46.0251],[-0.3505,46.0248],[-0.3503,46.0245],[-0.3489,46.024],[-0.3471,46.0234],[-0.3482,46.0217],[-0.3502,46.022],[-0.352,46.0213],[-0.354,46.0222],[-0.3567,46.0231]]]},"properties":{"id_ffco":"2020-D17-169","nom":"Complexe Sportif Aulnay de Saintonge","_dept":"17","numero":"2020-D17-169","commune":"Aulnay de Saintonge","echelle":"1/2000","surface":"0.22 km²","format":"A4","annee":"2020","cartographes":"robin p","proprietaire":"17 - Charente-Maritime","niveau":"Initiation, Scolaire","specialite":"Sprint (ISSOM)","contacts":"robin , 07.81.02.90.23","latitude":"46.0235816872","longitude":"-0.352045400502","date_saisie":"07/10/2020","date_depot":"04/06/2021","valide":"Oui","ppo":"Non","type_carte":"Nouvelle carte","fond":"Ortho","obsolete":false}},{"type":"Feature","geometry":{"type":"Polygon","coordinates":[[[-1.0551,45.6906],[-1.0561,45.6897],[-1.0582,45.689],[-1.062,45.6881],[-1.0631,45.6877],[-1.0645,45.6877],[-1.0657,45.688],[-1.066,45.6898],[-1.0648,45.6915],[-1.0595,45.6928],[-1.0576,45.6921],[-1.0561,45.691],[-1.0551,45.6906]]]},"properties":{"id_ffco":"2020-D17-168","nom":"Breuillet","_dept":"17","numero":"2020-D17-168","commune":"Breuillet","echelle":"1/2000","surface":"0.3 km²","format":"A4","annee":"2020","cartographes":"robin p","proprietaire":"1705 - CHARENTE-MARITIME ORIENTATION","niveau":"Initiation, Scolaire","specialite":"Sprint (ISSOM)","contacts":"Robin Patrick, 4 RUE du stade, 17250, BEURLAY, 0781029023, patrick.robin1@free.fr, https://club-co17.com/","latitude":"45.690192961","longitude":"-1.06115946159","date_saisie":"14/10/2020","date_depot":"04/06/2021","valide":"Oui","ppo":"Oui (60 postes)","type_carte":"Nouvelle carte","fond":"Ortho","obsolete":false}},{"type":"Feature","geometry":{"type":"Polygon","coordinates":[[[-0.6377,45.7894],[-0.6358,45.7896],[-0.6346,45.7874],[-0.6363,45.7868],[-0.6371,45.7882],[-0.6377,45.7894]]]},"properties":{"id_ffco":"2020-D17-167","nom":"Bussac sur Charente","_dept":"17","numero":"2020-D17-167","commune":"Bussac sur Charente","echelle":"1/1200","surface":"0.04 km²","format":"A4","annee":"2020","cartographes":"GUERAUD T","proprietaire":"commune de Bussac Charente","niveau":"Initiation, Scolaire","specialite":"CO à pied","latitude":"45.788282298","longitude":"-0.636135188469","date_saisie":"27/06/2020","date_depot":"23/09/2020","valide":"Oui","ppo":"Oui (25 postes)","type_carte":"Nouvelle carte","fond":"Ortho","obsolete":false}},{"type":"Feature","geometry":{"type":"Polygon","coordinates":[[[-0.7517,45.4203],[-0.7417,45.4224],[-0.7364,45.4238],[-0.7294,45.4259],[-0.726,45.4291],[-0.7246,45.431],[-0.7258,45.4351],[-0.7268,45.4382],[-0.7299,45.4414],[-0.7364,45.4461],[-0.7478,45.4475],[-0.7529,45.4497],[-0.7572,45.4503],[-0.7611,45.4469],[-0.7596,45.4438],[-0.7587,45.4382],[-0.7579,45.4329],[-0.7589,45.428],[-0.7517,45.4203]]]},"properties":{"id_ffco":"2020-D17-166","nom":"Port Maubert","_dept":"17","numero":"2020-D17-166","commune":"St Fort sur Gironde","echelle":"1/5000","surface":"6.5 km²","format":"A4","annee":"2020","cartographes":"robin p","proprietaire":"1705 - CHARENTE-MARITIME ORIENTATION","niveau":"Initiation, Scolaire","specialite":"CO à pied","latitude":"45.4351177206","longitude":"-0.744141917986","date_saisie":"27/06/2020","date_depot":"22/09/2020","valide":"Oui","ppo":"Oui (40 postes)","type_carte":"Nouvelle carte","fond":"Ortho","obsolete":false}},{"type":"Feature","geometry":{"type":"Polygon","coordinates":[[[-0.837,45.8569],[-0.843,45.8545],[-0.8494,45.85],[-0.853,45.8453],[-0.8574,45.8439],[-0.8593,45.8421],[-0.8665,45.8428],[-0.8707,45.8458],[-0.8738,45.8469],[-0.8738,45.8532],[-0.8686,45.8621],[-0.8679,45.8655],[-0.8669,45.8679],[-0.86,45.8672],[-0.8542,45.8672],[-0.8492,45.8695],[-0.8463,45.8702],[-0.8413,45.8654],[-0.8377,45.8618],[-0.8346,45.8603],[-0.837,45.8569]]]},"properties":{"id_ffco":"2020-D17-165","nom":"Saint-Thomas","_dept":"17","numero":"2020-D17-165","commune":"Saint Radegonde","echelle":"1/10000","surface":"5.81 km²","format":"A4","annee":"2020","cartographes":"robin p","proprietaire":"1705 - CHARENTE-MARITIME ORIENTATION","niveau":"Initiation, Scolaire","specialite":"CO à pied","contacts":"robin patrick, 4 rue du stade, 17250, beurlay, 07.81.02.90.23, patrick.robin1@free.fr, http://www.club-co17.com/","latitude":"45.8565226052","longitude":"-0.856645325136","date_saisie":"05/06/2020","date_depot":"22/09/2020","valide":"Oui","ppo":"Non","type_carte":"Nouvelle carte","fond":"Ortho","obsolete":false}},{"type":"Feature","geometry":{"type":"Polygon","coordinates":[[[-1.2242,45.7267],[-1.2215,45.7268],[-1.2164,45.7263],[-1.2135,45.7257],[-1.211,45.7262],[-1.21,45.7275],[-1.207,45.7287],[-1.2036,45.7304],[-1.2012,45.731],[-1.1992,45.7311],[-1.2025,45.7323],[-1.2036,45.7338],[-1.1954,45.7293],[-1.1925,45.7293],[-1.1898,45.7294],[-1.1933,45.7309],[-1.1944,45.7317],[-1.1947,45.7354],[-1.1977,45.7436],[-1.1997,45.7505],[-1.2,45.7526],[-1.1995,45.7563],[-1.1976,45.76],[-1.1972,45.7605],[-1.2064,45.7608],[-1.2165,45.7612],[-1.2169,45.759],[-1.2191,45.7568],[-1.2173,45.7541],[-1.2156,45.7493],[-1.2154,45.7449],[-1.2149,45.7434],[-1.2157,45.7404],[-1.217,45.7367],[-1.219,45.7352],[-1.2226,45.73],[-1.224,45.7282],[-1.2242,45.7267]]]},"properties":{"id_ffco":"2020-D17-164","nom":"Le Volcan","_dept":"17","numero":"2020-D17-164","commune":"La Tremblade","echelle":"1/10000","surface":"5.74 km²","format":"A3","annee":"2020","cartographes":"COTIRTA MARIAN","proprietaire":"1705 - CHARENTE-MARITIME ORIENTATION","niveau":"Régional","specialite":"CO à pied","contacts":"robin patrick, 4 rue du stade, 17250, beurlay, 07.81.02.90.23, patrick.robin1@free.fr, http://www.club-co17.com/","latitude":"45.7429708692","longitude":"-1.20801763562","date_saisie":"11/01/2020","date_depot":"22/09/2020","valide":"Oui","ppo":"Non","type_carte":"Nouvelle carte","fond":"Laser","obsolete":false}},{"type":"Feature","geometry":{"type":"Polygon","coordinates":[[[-1.1129,45.833],[-1.1152,45.8337],[-1.1165,45.8331],[-1.1177,45.833],[-1.1196,45.8335],[-1.1188,45.8344],[-1.1214,45.8357],[-1.1188,45.8378],[-1.1174,45.8393],[-1.1157,45.8387],[-1.1139,45.8379],[-1.1133,45.8374],[-1.1129,45.8341],[-1.1129,45.833]]]},"properties":{"id_ffco":"2020-D17-163","nom":"Château de la Gautaudière","_dept":"17","numero":"2020-D17-163","commune":"Marennes","echelle":"1/3000","surface":"0.3 km²","format":"A4","annee":"2020","cartographes":"robin p","proprietaire":"1705 - CHARENTE-MARITIME ORIENTATION","niveau":"Initiation, Scolaire","specialite":"Sprint (ISSOM)","contacts":"robin patrick, 4 rue du stade, 17250, beurlay, 07.81.02.90.23, patrick.robin1@free.fr, http://www.club-co17.com/","latitude":"45.8358320451","longitude":"-1.11654010301","date_saisie":"11/01/2020","date_depot":"22/09/2020","valide":"Oui","ppo":"Non","type_carte":"Nouvelle carte","fond":"Ortho","obsolete":false}},{"type":"Feature","geometry":{"type":"Polygon","coordinates":[[[-1.309,45.9458],[-1.3083,45.9475],[-1.3066,45.9516],[-1.3077,45.9521],[-1.3096,45.952],[-1.3105,45.9512],[-1.3116,45.9511],[-1.3132,45.9512],[-1.3139,45.9513],[-1.3148,45.9477],[-1.3127,45.947],[-1.3108,45.9465],[-1.3116,45.9451],[-1.3103,45.945],[-1.3095,45.9448],[-1.309,45.9458]]]},"properties":{"id_ffco":"2020-D17-162","nom":"Complexe Sportif de l'houmière","_dept":"17","numero":"2020-D17-162","commune":"Saint Pierre d'Oleron","echelle":"1/2000","surface":"0.3 km²","format":"A4","annee":"2020","cartographes":"robin p","proprietaire":"1705 - CHARENTE-MARITIME ORIENTATION","niveau":"Initiation, Scolaire","specialite":"Sprint (ISSOM)","contacts":"robin patrick, 4 rue du stade, 17250, beurlay, 07.81.02.90.23, patrick.robin1@free.fr, http://www.club-co17.com/","latitude":"45.9489301446","longitude":"-1.31065074321","date_saisie":"11/01/2020","date_depot":"22/09/2020","valide":"Oui","ppo":"Oui (65 postes)","type_carte":"Extrait","base":"2007-D17-048 le logis de sorlut","fond":"Ortho","obsolete":false}},{"type":"Feature","geometry":{"type":"Polygon","coordinates":[[[-0.6544,45.7538],[-0.6551,45.7532],[-0.6551,45.7526],[-0.6553,45.7521],[-0.6561,45.7518],[-0.6562,45.7512],[-0.6561,45.7509],[-0.6563,45.7503],[-0.6566,45.7498],[-0.6562,45.7494],[-0.6567,45.749],[-0.6568,45.7486],[-0.6552,45.7486],[-0.6533,45.7486],[-0.6518,45.7487],[-0.65,45.7486],[-0.6499,45.749],[-0.6497,45.7499],[-0.6493,45.7506],[-0.6491,45.7511],[-0.6516,45.7524],[-0.6544,45.7538]]]},"properties":{"id_ffco":"2019-D17-161","nom":"Lycée Recouvrance","_dept":"17","numero":"2019-D17-161","commune":"Saintes","echelle":"1/3000","surface":"0.23 km²","format":"A4","annee":"2019","cartographes":"GUERAUD","proprietaire":"1705 - CHARENTE-MARITIME ORIENTATION","niveau":"Initiation, Scolaire","specialite":"CO à pied","contacts":"robin , 07.81.02.90.23 // robin patrick, 4 rue du stade, 17250, beurlay, 07.81.02.90.23, patrick.robin1@free.fr, http://www.club-co17.com/","latitude":"45.7506747931","longitude":"-0.653105966271","date_saisie":"08/12/2019","date_depot":"22/09/2020","valide":"Oui","ppo":"Non","type_carte":"Nouvelle carte","fond":"Ortho","obsolete":false}},{"type":"Feature","geometry":null,"properties":{"id_ffco":"2019-D17-160","nom":"Parc de l'Etuaire","_dept":"17","numero":"2019-D17-160","commune":"Saint Georges de Didonne","echelle":"1/1500","surface":"None km²","format":"A4","annee":"2019","cartographes":"GUERAUD","proprietaire":"1705 - CHARENTE-MARITIME ORIENTATION","niveau":"Initiation, Scolaire","specialite":"CO à pied","date_saisie":"08/12/2019","valide":"Non","ppo":"Non","type_carte":"Nouvelle carte","fond":"Ortho","obsolete":false}},{"type":"Feature","geometry":{"type":"Polygon","coordinates":[[[-0.5055,45.7436],[-0.5057,45.7446],[-0.5063,45.746],[-0.5073,45.7459],[-0.5086,45.746],[-0.5091,45.7462],[-0.5096,45.7479],[-0.5095,45.7493],[-0.5086,45.7503],[-0.5073,45.7527],[-0.5063,45.7538],[-0.504,45.7548],[-0.5031,45.7547],[-0.5016,45.755],[-0.5004,45.7549],[-0.4994,45.7543],[-0.4987,45.7531],[-0.4979,45.7527],[-0.4988,45.7526],[-0.4994,45.7516],[-0.5007,45.7514],[-0.5008,45.7502],[-0.5009,45.7492],[-0.5005,45.7483],[-0.5001,45.7479],[-0.5003,45.7467],[-0.5006,45.7462],[-0.5011,45.7455],[-0.5023,45.7451],[-0.5034,45.7445],[-0.5046,45.7438],[-0.5055,45.7436]]]},"properties":{"id_ffco":"2019-D17-159","nom":"Paléosite","_dept":"17","numero":"2019-D17-159","commune":"Sainte Césaire","echelle":"1/5000","surface":"0.68 km²","format":"A4","annee":"2019","cartographes":"GUERAUD","proprietaire":"1705 - CHARENTE-MARITIME ORIENTATION","niveau":"Initiation, Scolaire","specialite":"CO à pied","contacts":"robin patrick, 4 rue du stade, 17250, beurlay, 07.81.02.90.23, patrick.robin1@free.fr, http://www.club-co17.com/","latitude":"45.7497126733","longitude":"-0.504160659975","date_saisie":"17/11/2019","date_depot":"27/01/2020","valide":"Oui","ppo":"Oui (30 postes)","type_carte":"Nouvelle carte","fond":"Ortho","obsolete":false}},{"type":"Feature","geometry":{"type":"Polygon","coordinates":[[[-1.2499,45.9668],[-1.2497,45.9713],[-1.2569,45.9757],[-1.2689,45.9768],[-1.2772,45.9782],[-1.283,45.9802],[-1.2892,45.981],[-1.2947,45.9813],[-1.3039,45.9854],[-1.3079,45.9864],[-1.3111,45.9896],[-1.3144,45.9917],[-1.3031,45.9898],[-1.2844,45.9876],[-1.2682,45.9891],[-1.2548,45.9899],[-1.2473,45.9901],[-1.2392,45.9864],[-1.2356,45.9817],[-1.2361,45.9779],[-1.2387,45.9744],[-1.2368,45.9701],[-1.2499,45.9668]]]},"properties":{"id_ffco":"2019-D17-158","nom":"Saumonards VTTO","_dept":"17","numero":"2019-D17-158","commune":"Saint Georges D'Oléron","echelle":"1/15000","surface":"7.22 km²","format":"A4","annee":"2019","cartographes":"GUERAUD","proprietaire":"1705 - CHARENTE-MARITIME ORIENTATION","niveau":"Régional","specialite":"CO à VTT","contacts":"robin patrick, 4 rue du stade, 17250, beurlay, 07.81.02.90.23, patrick.robin1@free.fr, http://www.club-co17.com/","latitude":"45.9820347182","longitude":"-1.26454620401","date_saisie":"23/10/2019","date_depot":"27/01/2020","valide":"Oui","ppo":"Non","type_carte":"Reprise","base":"2012-D17-63 Fort des Saumonards","fond":"Ortho","obsolete":false}},{"type":"Feature","geometry":{"type":"Polygon","coordinates":[[[-0.6953,45.834],[-0.697,45.8346],[-0.6989,45.8355],[-0.6993,45.8358],[-0.6974,45.8374],[-0.6957,45.8388],[-0.6943,45.8385],[-0.6935,45.8381],[-0.6924,45.8392],[-0.6903,45.8386],[-0.6893,45.8382],[-0.6911,45.8373],[-0.692,45.8364],[-0.6908,45.8348],[-0.6936,45.8346],[-0.6953,45.834]]]},"properties":{"id_ffco":"2019-D17-157","nom":"les Chabossières","_dept":"17","numero":"2019-D17-157","commune":"Port D'Envaux","echelle":"1/3500","surface":"0.25 km²","format":"A4","annee":"2019","cartographes":"GUERAUD","proprietaire":"1705 - CHARENTE-MARITIME ORIENTATION","niveau":"Initiation, Scolaire","specialite":"CO à pied","contacts":"robin patrick, 4 rue du stade, 17250, beurlay, 07.81.02.90.23, patrick.robin1@free.fr, http://www.club-co17.com/","latitude":"45.8365551384","longitude":"-0.694435497529","date_saisie":"17/11/2019","date_depot":"27/01/2020","valide":"Oui","ppo":"Non","type_carte":"Nouvelle carte","fond":"Ortho","obsolete":false}},{"type":"Feature","geometry":{"type":"Polygon","coordinates":[[[-1.3191,45.9191],[-1.3141,45.9242],[-1.3133,45.9261],[-1.3084,45.9308],[-1.3074,45.9296],[-1.3043,45.9286],[-1.3027,45.9284],[-1.3007,45.9253],[-1.2996,45.9237],[-1.2993,45.9222],[-1.2986,45.9197],[-1.2982,45.9182],[-1.299,45.9166],[-1.2993,45.9159],[-1.2984,45.9155],[-1.2996,45.9139],[-1.3015,45.9115],[-1.3069,45.9141],[-1.3091,45.9139],[-1.3113,45.9116],[-1.3156,45.9116],[-1.3175,45.9125],[-1.3176,45.9169],[-1.3191,45.9191]]]},"properties":{"id_ffco":"2019-D17-156","nom":"La Jaudonnière 2019","_dept":"17","numero":"2019-D17-156","commune":"Saint Pierre d'Oleron","echelle":"1/10000","surface":"2.31 km²","format":"A4","annee":"2019","cartographes":"GUERAUD","proprietaire":"1705 - CHARENTE-MARITIME ORIENTATION","niveau":"Initiation, Scolaire","specialite":"CO à pied","contacts":"robin , 07.81.02.90.23","latitude":"45.9199307795","longitude":"-1.30809616195","date_saisie":"08/10/2019","date_depot":"27/01/2020","valide":"Oui","ppo":"Oui (30 postes)","type_carte":"Reprise","base":"2006-D17-043 Centre APAS - LA JAUDONNIERE","fond":"Ortho","obsolete":false}},{"type":"Feature","geometry":{"type":"Polygon","coordinates":[[[-0.3512,46.0676],[-0.361,46.0667],[-0.3716,46.0661],[-0.379,46.0656],[-0.3849,46.0723],[-0.3866,46.0796],[-0.3692,46.0859],[-0.3584,46.0874],[-0.3516,46.0785],[-0.3486,46.0735],[-0.3512,46.0676]]]},"properties":{"id_ffco":"2019-D17-155","nom":"Asinerie","_dept":"17","numero":"2019-D17-155","commune":"Dampierre sur Boutonne","echelle":"1/10000","surface":"5.14 km²","format":"A4","annee":"2019","cartographes":"robin","proprietaire":"1705 - CHARENTE-MARITIME ORIENTATION","niveau":"Départemental","specialite":"CO à pied","contacts":"robin patrick, 4 rue du stade, 17250, beurlay, 07.81.02.90.23, patrick.robin1@free.fr, http://www.club-co17.com/","latitude":"46.0756147441","longitude":"-0.367316886758","date_saisie":"15/07/2019","date_depot":"27/01/2020","valide":"Oui","ppo":"Oui (40 postes)","type_carte":"Extrait","base":"2019-D17-152 Dampierre sur Boutonne","fond":"Ortho","obsolete":false}},{"type":"Feature","geometry":{"type":"Polygon","coordinates":[[[-0.3364,45.8732],[-0.3285,45.8756],[-0.3263,45.8735],[-0.3226,45.8738],[-0.3151,45.875],[-0.3109,45.8747],[-0.3049,45.8683],[-0.3096,45.8671],[-0.3157,45.8672],[-0.3169,45.8647],[-0.3214,45.8641],[-0.3282,45.8659],[-0.3364,45.8732]]]},"properties":{"id_ffco":"2019-D17-154","nom":"Collège Marc Jeanjean","_dept":"17","numero":"2019-D17-154","commune":"Matha","echelle":"1/2000","surface":"1.87 km²","format":"A4","annee":"2019","cartographes":"robin","proprietaire":"1705 - CHARENTE-MARITIME ORIENTATION","niveau":"Initiation, Scolaire","specialite":"Sprint (ISSOM)","contacts":"robin patrick, 4 rue du stade, 17250, beurlay, 07.81.02.90.23, patrick.robin1@free.fr, http://www.club-co17.com/","latitude":"45.8701827297","longitude":"-0.320614305883","date_saisie":"09/07/2019","date_depot":"27/01/2020","valide":"Oui","ppo":"Non","type_carte":"Nouvelle carte","fond":"Ortho","obsolete":false}},{"type":"Feature","geometry":{"type":"Polygon","coordinates":[[[-0.2723,45.2427],[-0.2735,45.2433],[-0.2745,45.2437],[-0.2759,45.244],[-0.275,45.2456],[-0.2741,45.2467],[-0.273,45.2482],[-0.2724,45.2488],[-0.2708,45.2483],[-0.2699,45.2479],[-0.2694,45.247],[-0.2683,45.2464],[-0.2697,45.2448],[-0.2711,45.2436],[-0.2723,45.2427]]]},"properties":{"id_ffco":"2019-D17-153","nom":"Maison de la Forêt","_dept":"17","numero":"2019-D17-153","commune":"Montlieu la Garde","echelle":"1/3000","surface":"0.22 km²","format":"A4","annee":"2019","cartographes":"robin","proprietaire":"1705 - CHARENTE-MARITIME ORIENTATION","niveau":"Initiation, Scolaire","specialite":"Sprint (ISSOM)","contacts":"robin , 07.81.02.90.23","latitude":"45.2457148828","longitude":"-0.272120357946","date_saisie":"03/07/2019","date_depot":"20/01/2020","valide":"Oui","ppo":"Non","type_carte":"Nouvelle carte","fond":"Ortho","obsolete":false}},{"type":"Feature","geometry":{"type":"Polygon","coordinates":[[[-0.4021,46.0438],[-0.4165,46.0487],[-0.4195,46.0532],[-0.4227,46.0585],[-0.4234,46.0623],[-0.4191,46.0682],[-0.4262,46.0756],[-0.4256,46.0844],[-0.4096,46.0862],[-0.3953,46.0937],[-0.3913,46.0969],[-0.3866,46.0994],[-0.3819,46.0987],[-0.3752,46.0946],[-0.3727,46.0969],[-0.372,46.1007],[-0.3656,46.0961],[-0.3607,46.0938],[-0.3528,46.0962],[-0.342,46.0964],[-0.3397,46.0878],[-0.3381,46.0838],[-0.3416,46.075],[-0.3444,46.0672],[-0.345,46.0662],[-0.338,46.0648],[-0.3323,46.063],[-0.33,46.0555],[-0.3383,46.0453],[-0.3486,46.0324],[-0.3532,46.0274],[-0.3676,46.0314],[-0.3833,46.0357],[-0.3929,46.0394],[-0.4021,46.0438]]]},"properties":{"id_ffco":"2019-D17-152","nom":"Dampierre sur Boutonne","_dept":"17","numero":"2019-D17-152","commune":"Dampierre sur Boutonne","echelle":"1/15000","surface":"40.6 km²","format":"+","annee":"2019","cartographes":"robin","proprietaire":"1705 - CHARENTE-MARITIME ORIENTATION","niveau":"Départemental","specialite":"CO à pied","contacts":"robin patrick, 4 rue du stade, 17250, beurlay, 07.81.02.90.23, patrick.robin1@free.fr, http://www.club-co17.com/","latitude":"46.0653841517","longitude":"-0.376551843621","date_saisie":"15/07/2019","date_depot":"27/01/2020","valide":"Oui","ppo":"Oui (40 postes)","type_carte":"Reprise","base":"2011-D17-71 Dampierre sur boutonne","fond":"Ortho","obsolete":false}},{"type":"Feature","geometry":{"type":"Polygon","coordinates":[[[-0.8054,45.9708],[-0.807,45.9719],[-0.8081,45.9721],[-0.8078,45.9738],[-0.807,45.9755],[-0.8037,45.9757],[-0.8007,45.9762],[-0.7982,45.9764],[-0.7982,45.9753],[-0.7982,45.9744],[-0.795,45.9734],[-0.796,45.9715],[-0.7964,45.9702],[-0.7943,45.9697],[-0.7949,45.9667],[-0.7942,45.9648],[-0.7958,45.9639],[-0.7987,45.9639],[-0.8013,45.9643],[-0.803,45.9649],[-0.8056,45.9661],[-0.8065,45.9665],[-0.8054,45.9687],[-0.8054,45.9708]]]},"properties":{"id_ffco":"2019-D17-151","nom":"Moragne","_dept":"17","numero":"2019-D17-151","commune":"Moragne","echelle":"1/5000","surface":"1.07 km²","format":"A4","annee":"2019","cartographes":"Gueraud thierry","proprietaire":"1705 - CHARENTE-MARITIME ORIENTATION","niveau":"Initiation, Scolaire","specialite":"Sprint (ISSOM)","contacts":"robin patrick, 4 rue du stade, 17250, beurlay, 07.81.02.90.23, patrick.robin1@free.fr, http://www.club-co17.com/","latitude":"45.9700755415","longitude":"-0.800755333934","date_saisie":"15/07/2019","date_depot":"27/01/2020","valide":"Oui","ppo":"Oui (50 postes)","type_carte":"Nouvelle carte","fond":"Ortho","obsolete":false}},{"type":"Feature","geometry":{"type":"Polygon","coordinates":[[[-1.1073,45.9978],[-1.0994,45.9963],[-1.0985,45.9959],[-1.0971,45.9926],[-1.0951,45.9918],[-1.0881,45.9936],[-1.0833,45.9956],[-1.0805,45.9966],[-1.0761,45.9953],[-1.0769,45.993],[-1.0788,45.9929],[-1.0798,45.9913],[-1.0796,45.9895],[-1.0825,45.9882],[-1.0858,45.9867],[-1.0916,45.9862],[-1.0931,45.9859],[-1.0925,45.9844],[-1.0952,45.9844],[-1.0981,45.9875],[-1.0994,45.9912],[-1.1058,45.9946],[-1.1073,45.9978]]]},"properties":{"id_ffco":"2019-D17-150","nom":"Fouras","_dept":"17","numero":"2019-D17-150","commune":"Fouras","echelle":"1/4000","surface":"1.54 km²","format":"A4","annee":"2019","cartographes":"robin","proprietaire":"1705 - CHARENTE-MARITIME ORIENTATION","niveau":"Initiation, Scolaire","specialite":"Sprint (ISSOM)","contacts":"robin patrick, 4 rue du stade, 17250, beurlay, 07.81.02.90.23, patrick.robin1@free.fr, http://www.club-co17.com/","latitude":"45.991341052","longitude":"-1.09075553502","date_saisie":"15/07/2019","date_depot":"27/01/2020","valide":"Oui","ppo":"Oui (40 postes)","type_carte":"Reprise","base":"2002-D17-90 Parc du Vert Bois","fond":"Ortho","obsolete":false}},{"type":"Feature","geometry":{"type":"Polygon","coordinates":[[[-1.2385,45.7407],[-1.2276,45.74],[-1.2179,45.7393],[-1.2155,45.7393],[-1.2147,45.7438],[-1.2157,45.7499],[-1.218,45.7548],[-1.2185,45.7568],[-1.2165,45.7592],[-1.2161,45.7613],[-1.214,45.7633],[-1.2126,45.7674],[-1.2151,45.7685],[-1.241,45.7688],[-1.2403,45.7536],[-1.2397,45.7405],[-1.2385,45.7407]]]},"properties":{"id_ffco":"1987-D17-15","nom":"NEGREVAUX","_dept":"17","numero":"1987-D17-15","commune":"La Tremblade","echelle":"1/15000","surface":"6.14 km²","format":"A4","annee":"1987","cartographes":"stages","proprietaire":"1705 - CHARENTE-MARITIME ORIENTATION","niveau":"Interrégional","specialite":"CO à pied","latitude":"45.7545327836","longitude":"-1.22783208308","date_depot":"16/12/2015","valide":"Oui","ppo":"Non","type_carte":"Nouvelle carte","base":"2007-D17-045 LES SAUMONARDS 1","fond":"Cadastre","obsolete":false}},{"type":"Feature","geometry":{"type":"Polygon","coordinates":[[[-1.5341,46.2028],[-1.5292,46.2049],[-1.5281,46.2068],[-1.5305,46.21],[-1.5321,46.2111],[-1.5281,46.2138],[-1.5256,46.2155],[-1.5269,46.2189],[-1.5316,46.2219],[-1.5347,46.2231],[-1.5389,46.2246],[-1.5415,46.2243],[-1.545,46.225],[-1.5486,46.2245],[-1.5444,46.2206],[-1.5424,46.2169],[-1.5413,46.2126],[-1.5379,46.2088],[-1.535,46.2041],[-1.5341,46.2028]]]},"properties":{"id_ffco":"2019-D17-149","nom":"karola","_dept":"17","numero":"2019-D17-149","commune":"Ars en Ré","echelle":"1/10000","surface":"2.11 km²","format":"A4","annee":"2019","cartographes":"COTIRTA MARIAN","proprietaire":"1705 - CHARENTE-MARITIME ORIENTATION","niveau":"Régional","specialite":"CO à pied","contacts":"robin patrick, 4 rue du stade, 17250, beurlay, 07.81.02.90.23, patrick.robin1@free.fr, http://www.club-co17.com/","latitude":"46.2155659133","longitude":"-1.53566396143","date_saisie":"15/07/2019","date_depot":"20/01/2020","valide":"Oui","ppo":"Non","type_carte":"Nouvelle carte","fond":"Laser","obsolete":false}},{"type":"Feature","geometry":{"type":"Polygon","coordinates":[[[-1.5439,46.243],[-1.5401,46.2426],[-1.5341,46.2438],[-1.5271,46.2449],[-1.5214,46.2466],[-1.5171,46.2473],[-1.513,46.2477],[-1.5086,46.248],[-1.5072,46.2496],[-1.506,46.2516],[-1.5022,46.2534],[-1.5005,46.2567],[-1.5007,46.2588],[-1.5067,46.258],[-1.5129,46.2587],[-1.5189,46.256],[-1.5261,46.2504],[-1.5343,46.2464],[-1.5415,46.2443],[-1.5439,46.243]]]},"properties":{"id_ffco":"2019-D17-148","nom":"le Lizay 2019","_dept":"17","numero":"2019-D17-148","commune":"les Portes en Ré","echelle":"1/10000","surface":"2.2 km²","format":"A4","annee":"2019","cartographes":"Marchegeay Bruno","proprietaire":"1705 - CHARENTE-MARITIME ORIENTATION","niveau":"Interrégional","specialite":"CO à pied","latitude":"46.2511847448","longitude":"-1.5174511519","date_saisie":"15/07/2019","date_depot":"27/01/2020","valide":"Oui","ppo":"Non","type_carte":"Reprise","base":"2007-D17-044 FORET DOMANIALE DU LIZAY","fond":"Laser","obsolete":false}},{"type":"Feature","geometry":{"type":"Polygon","coordinates":[[[-0.655,45.7487],[-0.6562,45.7494],[-0.6556,45.7499],[-0.6562,45.7504],[-0.6561,45.7511],[-0.6564,45.7512],[-0.6554,45.7528],[-0.6543,45.7525],[-0.6527,45.7519],[-0.6525,45.7515],[-0.6516,45.7513],[-0.6509,45.7509],[-0.6501,45.7505],[-0.6495,45.7504],[-0.6492,45.7508],[-0.6492,45.7511],[-0.6471,45.7502],[-0.6474,45.7494],[-0.6477,45.7484],[-0.6483,45.7484],[-0.6543,45.7486],[-0.655,45.7487]]]},"properties":{"id_ffco":"2019-D17-147","nom":"VOIVILLE Recouvrance","_dept":"17","numero":"2019-D17-147","commune":"Saintes","echelle":"1/4000","surface":"0.22 km²","format":"A4","annee":"2019","cartographes":"gueraud  thierry","proprietaire":"1705 - CHARENTE-MARITIME ORIENTATION","niveau":"Initiation, Scolaire","specialite":"Sprint (ISSOM)","contacts":"robin patrick, 4 rue du stade, 17250, beurlay, 07.81.02.90.23, patrick.robin1@free.fr, http://www.club-co17.com/","latitude":"45.7501204839","longitude":"-0.65221636","date_saisie":"15/07/2019","date_depot":"22/09/2020","valide":"Oui","ppo":"Non","type_carte":"Nouvelle carte","fond":"Ortho","obsolete":false}},{"type":"Feature","geometry":{"type":"Polygon","coordinates":[[[-1.2303,45.7164],[-1.2377,45.7157],[-1.2396,45.7413],[-1.2413,45.7655],[-1.2411,45.7784],[-1.2296,45.7775],[-1.2181,45.7772],[-1.2147,45.7685],[-1.2124,45.7655],[-1.2181,45.7574],[-1.2148,45.7439],[-1.2164,45.7365],[-1.2236,45.7286],[-1.2303,45.7164]]]},"properties":{"id_ffco":"2018-D17-146","nom":"le Pavillon 2019","_dept":"17","numero":"2018-D17-146","commune":"La Tremblade","echelle":"1/10000","surface":"11.28 km²","format":"A3","annee":"2018","cartographes":"CORTIRTA Marian","proprietaire":"1705 - CHARENTE-MARITIME ORIENTATION","niveau":"Interrégional","specialite":"CO à pied","contacts":"robin patrick, 4 rue du stade, 17250, beurlay, 07.81.02.90.23, patrick.robin1@free.fr, http://www.club-co17.com/","latitude":"45.7508741234","longitude":"-1.2288097629","date_saisie":"17/06/2019","date_depot":"27/01/2020","valide":"Oui","ppo":"Non","type_carte":"Reprise","base":"2014-D17-32 LA FORET DE LA COUBRE La Canton du Pavillon","fond":"Laser","obsolete":false}},{"type":"Feature","geometry":{"type":"Polygon","coordinates":[[[-1.1585,45.7596],[-1.1661,45.7583],[-1.1723,45.7581],[-1.1779,45.7588],[-1.1802,45.7552],[-1.185,45.7545],[-1.191,45.7548],[-1.2044,45.7608],[-1.2039,45.7641],[-1.1932,45.7644],[-1.1929,45.7711],[-1.1886,45.771],[-1.1925,45.776],[-1.1848,45.7757],[-1.1809,45.7778],[-1.1754,45.7824],[-1.1716,45.7847],[-1.1647,45.782],[-1.164,45.7758],[-1.1601,45.7627],[-1.1585,45.7596]]]},"properties":{"id_ffco":"2018-D17-145","nom":"Les Roseaux","_dept":"17","numero":"2018-D17-145","commune":"La Tremblade","echelle":"1/10000","surface":"6.6 km²","format":"A3","annee":"2018","cartographes":"Cortirta Marian","proprietaire":"1705 - CHARENTE-MARITIME ORIENTATION","niveau":"Régional","specialite":"CO à pied","latitude":"45.7674089649","longitude":"-1.17863655283","date_saisie":"29/10/2018","date_depot":"27/01/2020","valide":"Oui","ppo":"Non","type_carte":"Nouvelle carte","fond":"Ortho","obsolete":false}},{"type":"Feature","geometry":{"type":"Polygon","coordinates":[[[-0.958,45.8209],[-0.9556,45.8205],[-0.9523,45.8193],[-0.9481,45.8189],[-0.9472,45.8189],[-0.9468,45.8208],[-0.9472,45.8223],[-0.949,45.8234],[-0.9499,45.8259],[-0.9519,45.8251],[-0.9543,45.8237],[-0.9579,45.8235],[-0.958,45.8209]]]},"properties":{"id_ffco":"2018-D17-144","nom":"Chateau Fort de St Jean d'Angle","_dept":"17","numero":"2018-D17-144","commune":"St Jean D'ANGLE","echelle":"1/5000","surface":"0.42 km²","format":"A4","annee":"2018","cartographes":"Robin Patrick","proprietaire":"1705 - CHARENTE-MARITIME ORIENTATION","niveau":"Initiation, Scolaire","specialite":"CO à pied","latitude":"45.8219062288","longitude":"-0.951980985072","date_saisie":"29/10/2018","date_depot":"20/05/2019","valide":"Oui","ppo":"Non","type_carte":"Nouvelle carte","fond":"Ortho","obsolete":false}},{"type":"Feature","geometry":{"type":"Polygon","coordinates":[[[-0.4819,45.7365],[-0.4819,45.7369],[-0.4814,45.7372],[-0.4813,45.7381],[-0.4809,45.7389],[-0.4805,45.74],[-0.4802,45.7414],[-0.4801,45.7417],[-0.4755,45.7416],[-0.4716,45.7413],[-0.4707,45.7414],[-0.4705,45.7392],[-0.4708,45.7386],[-0.4753,45.7384],[-0.477,45.7378],[-0.4776,45.7376],[-0.4777,45.7373],[-0.4796,45.7367],[-0.4809,45.7365],[-0.4819,45.7365]]]},"properties":{"id_ffco":"2018-D17-143","nom":"Pidou","_dept":"17","numero":"2018-D17-143","commune":"St Sauvant","echelle":"1/3000","surface":"0.33 km²","format":"A4","annee":"2018","cartographes":"Gueraud Thierry","proprietaire":"1705 - CHARENTE-MARITIME ORIENTATION","niveau":"Initiation, Scolaire","specialite":"CO à pied","contacts":"Robin Patrick, 05.4695.68.07, patrick.robin1@free.fr, http://www.club-co17.com/","latitude":"45.7395349543","longitude":"-0.476452211887","date_saisie":"29/10/2018","date_depot":"29/03/2019","valide":"Oui","ppo":"Oui (25 postes)","type_carte":"Reprise","base":"2017-D17-122 St Sauvant Village","fond":"Ortho","obsolete":false}},{"type":"Feature","geometry":{"type":"Polygon","coordinates":[[[-0.4037,45.2734],[-0.4016,45.2737],[-0.4018,45.2743],[-0.3976,45.277],[-0.3946,45.2781],[-0.3871,45.271],[-0.3853,45.2686],[-0.3823,45.2615],[-0.3801,45.2564],[-0.3796,45.2559],[-0.3818,45.2531],[-0.3822,45.252],[-0.3894,45.2498],[-0.3909,45.2509],[-0.3954,45.254],[-0.396,45.2562],[-0.3989,45.2591],[-0.4007,45.2625],[-0.4022,45.2635],[-0.4012,45.2664],[-0.4008,45.2684],[-0.402,45.2708],[-0.4037,45.2734]]]},"properties":{"id_ffco":"2018-D17-142","nom":"Lac de Montendre","_dept":"17","numero":"2018-D17-142","commune":"Montendre","echelle":"1/10000","surface":"3.41 km²","format":"A4","annee":"2018","cartographes":"Gueraud Thierry","proprietaire":"1705 - CHARENTE-MARITIME ORIENTATION","niveau":"Départemental","specialite":"CO à pied","contacts":"Robin Patrick, 05.4695.68.07, patrick.robin1@free.fr, http://www.club-co17.com/","latitude":"45.2635290239","longitude":"-0.391777273416","date_saisie":"11/12/2017","date_depot":"29/03/2019","valide":"Oui","ppo":"Oui (60 postes)","type_carte":"Nouvelle carte","fond":"Ortho","obsolete":false}},{"type":"Feature","geometry":{"type":"Polygon","coordinates":[[[-0.6641,45.9308],[-0.6636,45.9294],[-0.6624,45.9289],[-0.6609,45.9282],[-0.6594,45.9273],[-0.6589,45.9268],[-0.6627,45.9226],[-0.6639,45.9214],[-0.666,45.9226],[-0.6671,45.922],[-0.6696,45.9228],[-0.6719,45.9229],[-0.6741,45.9249],[-0.6747,45.9258],[-0.6747,45.927],[-0.6747,45.928],[-0.6735,45.9285],[-0.673,45.9298],[-0.6727,45.9303],[-0.6708,45.9306],[-0.6696,45.9312],[-0.6687,45.9312],[-0.6676,45.9321],[-0.6665,45.9321],[-0.6647,45.9312],[-0.6641,45.9308]]]},"properties":{"id_ffco":"2018-D17-141","nom":"Bois Charmant","_dept":"17","numero":"2018-D17-141","commune":"les Nouillers","echelle":"1/7500","surface":"0.92 km²","format":"A4","annee":"2018","cartographes":"Gueraud Thierry","proprietaire":"1705 - CHARENTE-MARITIME ORIENTATION","niveau":"Départemental","specialite":"CO à pied","contacts":"robin patrick, beurlay, 07.81.02.90.23, patrick.robin1@free.fr","latitude":"45.9266666039","longitude":"-0.667303969815","date_saisie":"11/12/2017","date_depot":"29/03/2019","valide":"Oui","ppo":"Non","type_carte":"Nouvelle carte","fond":"Ortho","obsolete":false}},{"type":"Feature","geometry":{"type":"Polygon","coordinates":[[[-0.8658,45.8257],[-0.8674,45.8247],[-0.8675,45.8241],[-0.8693,45.8242],[-0.8708,45.8243],[-0.8728,45.825],[-0.8742,45.8255],[-0.875,45.826],[-0.8747,45.8264],[-0.874,45.827],[-0.8741,45.8277],[-0.8742,45.828],[-0.8736,45.8283],[-0.8732,45.8285],[-0.874,45.8288],[-0.8724,45.8291],[-0.8693,45.8295],[-0.8673,45.8294],[-0.8661,45.8292],[-0.8656,45.8283],[-0.8651,45.8267],[-0.8658,45.8257]]]},"properties":{"id_ffco":"2017-D17-140","nom":"Pont l'Abbé d'Arnoult","_dept":"17","numero":"2017-D17-140","commune":"Pont l'Abbé d'Arnoult","echelle":"1/3000","surface":"0.34 km²","format":"A4","annee":"2017","cartographes":"Robin p","proprietaire":"1705 - CHARENTE-MARITIME ORIENTATION","niveau":"Initiation, Scolaire","specialite":"Sprint (ISSOM)","contacts":"robin patrick, 4 rue du stade, 17250, beurlay, 07.81.02.90.23, patrick.robin1@free.fr, http://www.club-co17.com/","latitude":"45.8268993959","longitude":"-0.869772709252","date_saisie":"15/11/2017","date_depot":"29/03/2019","valide":"Oui","ppo":"Oui (48 postes)","type_carte":"Nouvelle carte","fond":"Ortho","obsolete":false}},{"type":"Feature","geometry":null,"properties":{"id_ffco":"1984-D17-14","nom":"PENITENCIER","_dept":"17","numero":"1984-D17-14","commune":"BARBEZIEUX","echelle":"1/15000","surface":"4.0 km²","annee":"1984","proprietaire":"3311","niveau":"Interrégional","specialite":"CO à pied","latitude":"45.5086158","longitude":"-0.2678047","valide":"Non","ppo":"Non","obsolete":false}},{"type":"Feature","geometry":{"type":"Polygon","coordinates":[[[-0.42,45.4318],[-0.4165,45.4343],[-0.4146,45.434],[-0.4123,45.4329],[-0.4066,45.4311],[-0.4037,45.43],[-0.4024,45.4287],[-0.4066,45.426],[-0.4073,45.4241],[-0.4109,45.4213],[-0.4121,45.42],[-0.4155,45.4204],[-0.4199,45.4197],[-0.4201,45.4196],[-0.4237,45.4212],[-0.4282,45.4243],[-0.4289,45.4253],[-0.4317,45.4282],[-0.42,45.4318]]]},"properties":{"id_ffco":"2017-D17-138","nom":"Les Rochers","_dept":"17","numero":"2017-D17-138","commune":"Jonzac","echelle":"1/7500","surface":"2.18 km²","format":"A4","annee":"2017","cartographes":"Robin Patrick","proprietaire":"1705 - CHARENTE-MARITIME ORIENTATION","niveau":"Départemental","specialite":"CO à pied","latitude":"45.4267566401","longitude":"-0.416821901304","date_saisie":"01/09/2017","date_depot":"10/09/2017","valide":"Oui","ppo":"Non","type_carte":"Nouvelle carte","fond":"Ortho","obsolete":false}},{"type":"Feature","geometry":{"type":"Polygon","coordinates":[[[-0.4331,45.4364],[-0.4334,45.4401],[-0.4299,45.4413],[-0.4257,45.4414],[-0.4234,45.4405],[-0.4205,45.4374],[-0.4171,45.4355],[-0.4154,45.4338],[-0.4193,45.4312],[-0.4246,45.4302],[-0.4295,45.431],[-0.4322,45.4319],[-0.4342,45.4344],[-0.4331,45.4364]]]},"properties":{"id_ffco":"2017-D17-137","nom":"Parc de Loisirs","_dept":"17","numero":"2017-D17-137","commune":"Jonzac","echelle":"1/5000","surface":"1.24 km²","format":"A4","annee":"2017","cartographes":"Robin P","proprietaire":"1705 - CHARENTE-MARITIME ORIENTATION","niveau":"Régional","specialite":"Sprint (ISSOM)","contacts":"robin patrick, 4 rue du stade, 17250, beurlay, 07.81.02.90.23, patrick.robin1@free.fr, http://www.club-co17.com/","latitude":"45.4355468202","longitude":"-0.42590624279","date_saisie":"01/09/2017","date_depot":"10/09/2017","valide":"Oui","ppo":"Non","type_carte":"Nouvelle carte","fond":"Ortho","obsolete":false}},{"type":"Feature","geometry":{"type":"Polygon","coordinates":[[[-0.4305,45.4353],[-0.4262,45.4362],[-0.4223,45.438],[-0.4208,45.4394],[-0.4226,45.4421],[-0.4224,45.4442],[-0.4271,45.4462],[-0.4295,45.4475],[-0.4351,45.447],[-0.4344,45.4435],[-0.4336,45.4365],[-0.4305,45.4353]]]},"properties":{"id_ffco":"2017-D17-136","nom":"Les Antilles","_dept":"17","numero":"2017-D17-136","commune":"Jonzac","echelle":"1/5000","surface":"1.06 km²","format":"A4","annee":"2017","cartographes":"Robin P","proprietaire":"1705 - CHARENTE-MARITIME ORIENTATION","niveau":"Régional","specialite":"Sprint (ISSOM)","latitude":"45.4414027532","longitude":"-0.428629641806","date_saisie":"01/09/2017","date_depot":"10/09/2017","valide":"Oui","ppo":"Non","type_carte":"Nouvelle carte","fond":"Ortho","obsolete":false}},{"type":"Feature","geometry":{"type":"Polygon","coordinates":[[[-0.4471,45.441],[-0.4492,45.4414],[-0.4481,45.4432],[-0.4468,45.4452],[-0.4461,45.4466],[-0.4452,45.4492],[-0.438,45.4482],[-0.4348,45.4475],[-0.4348,45.4454],[-0.4344,45.4435],[-0.4372,45.4413],[-0.4383,45.4404],[-0.4437,45.4394],[-0.4452,45.4409],[-0.4471,45.441]]]},"properties":{"id_ffco":"2017-D17-135","nom":"Maison du Pêcheur","_dept":"17","numero":"2017-D17-135","commune":"Jonzac","echelle":"1/4000","surface":"0.84 km²","format":"A4","annee":"2017","cartographes":"Robin Patrick","proprietaire":"1705 - CHARENTE-MARITIME ORIENTATION","niveau":"Régional","specialite":"Sprint (ISSOM)","contacts":"robin patrick, 4 rue du stade, 17250, beurlay, 07.81.02.90.23, patrick.robin1@free.fr, http://www.club-co17.com/","latitude":"45.4443142792","longitude":"-0.441409397722","date_saisie":"31/08/2017","date_depot":"10/09/2017","valide":"Oui","ppo":"Non","type_carte":"Nouvelle carte","fond":"Ortho","obsolete":false}},{"type":"Feature","geometry":{"type":"Polygon","coordinates":[[[-0.5603,45.8421],[-0.5604,45.8437],[-0.5595,45.8456],[-0.5602,45.8472],[-0.5593,45.8501],[-0.5596,45.8513],[-0.5598,45.8532],[-0.5544,45.8532],[-0.5515,45.8542],[-0.5482,45.856],[-0.5463,45.8573],[-0.5442,45.8559],[-0.5411,45.8545],[-0.539,45.8533],[-0.5356,45.8524],[-0.532,45.8544],[-0.5281,45.8536],[-0.529,45.8507],[-0.5307,45.8502],[-0.5355,45.8488],[-0.5399,45.8475],[-0.5427,45.8462],[-0.5478,45.8461],[-0.551,45.8451],[-0.5547,45.8441],[-0.5581,45.8434],[-0.5603,45.8421]]]},"properties":{"id_ffco":"2017-D17-134","nom":"Fontaine de la Sandillère","_dept":"17","numero":"2017-D17-134","commune":"St Hilaire de Villefranche","echelle":"1/10000","surface":"2.05 km²","format":"A4","annee":"2017","cartographes":"Gueraud Thierry","proprietaire":"1705 - CHARENTE-MARITIME ORIENTATION","niveau":"Initiation, Scolaire","specialite":"CO à pied","contacts":"Robin Patrick, 05.4695.68.07, patrick.robin1@free.fr, http://www.club-co17.com/","latitude":"45.85015323","longitude":"-0.546947640837","date_saisie":"23/07/2017","date_depot":"10/09/2017","valide":"Oui","ppo":"Non","type_carte":"Nouvelle carte","fond":"Ortho","obsolete":false}},{"type":"Feature","geometry":{"type":"Polygon","coordinates":[[[-1.1787,45.6907],[-1.1794,45.6916],[-1.179,45.6929],[-1.1774,45.6941],[-1.1749,45.6966],[-1.1729,45.6983],[-1.1691,45.6979],[-1.1657,45.6974],[-1.165,45.6986],[-1.1644,45.7003],[-1.1639,45.702],[-1.1637,45.7027],[-1.1613,45.7023],[-1.1557,45.7015],[-1.1501,45.7006],[-1.1472,45.7003],[-1.1454,45.7001],[-1.1425,45.6996],[-1.1415,45.6995],[-1.1404,45.6981],[-1.14,45.6967],[-1.1385,45.6954],[-1.1384,45.6944],[-1.141,45.692],[-1.1442,45.6922],[-1.1511,45.6899],[-1.155,45.6872],[-1.1561,45.6805],[-1.1581,45.6807],[-1.161,45.6821],[-1.1647,45.6844],[-1.1685,45.6867],[-1.1717,45.6879],[-1.1761,45.6896],[-1.1787,45.6907]]]},"properties":{"id_ffco":"2017-D17-133","nom":"La Palmyre ZOO","_dept":"17","numero":"2017-D17-133","commune":"Les Mathes","echelle":"1/10000","surface":"4.05 km²","format":"A3","annee":"2017","cartographes":"COTIRTA Marian","proprietaire":"1705 - CHARENTE-MARITIME ORIENTATION","niveau":"Régional","specialite":"CO à pied","latitude":"45.6931746943","longitude":"-1.15913544112","date_saisie":"23/07/2017","date_depot":"10/09/2017","valide":"Oui","ppo":"Non","type_carte":"Nouvelle carte","fond":"Laser","obsolete":false}},{"type":"Feature","geometry":{"type":"Polygon","coordinates":[[[-0.6936,45.8067],[-0.6906,45.8098],[-0.6908,45.8144],[-0.6877,45.8205],[-0.6822,45.8243],[-0.6796,45.8278],[-0.6725,45.8268],[-0.6695,45.8219],[-0.6668,45.8183],[-0.6678,45.8167],[-0.6646,45.8148],[-0.6658,45.8137],[-0.6679,45.8122],[-0.6678,45.8095],[-0.6633,45.8086],[-0.6637,45.8049],[-0.666,45.8041],[-0.6724,45.8007],[-0.6753,45.7982],[-0.6936,45.8067]]]},"properties":{"id_ffco":"2017-D17-132","nom":"Chateau Gaillard","_dept":"17","numero":"2017-D17-132","commune":"Port d'Envaux","echelle":"1/10000","surface":"4.72 km²","format":"A4","annee":"2017","cartographes":"Gueraud Thierry","proprietaire":"1705 - CHARENTE-MARITIME ORIENTATION","niveau":"Régional","specialite":"CO à pied","contacts":"robin patrick, 4 rue du stade, 17250, beurlay, 07.81.02.90.23, patrick.robin1@free.fr, http://www.club-co17.com/","latitude":"45.8125965586","longitude":"-0.67787458677","date_saisie":"10/06/2017","date_depot":"23/07/2017","valide":"Oui","ppo":"Non","type_carte":"Reprise","base":"1991-D17-17 Le Tumulus","fond":"Ortho","obsolete":false}},{"type":"Feature","geometry":{"type":"Polygon","coordinates":[[[-0.8082,46.2394],[-0.8096,46.2399],[-0.8103,46.2406],[-0.8106,46.2407],[-0.8114,46.241],[-0.8104,46.2431],[-0.8083,46.2429],[-0.8064,46.2428],[-0.8048,46.2428],[-0.8037,46.2425],[-0.8051,46.2383],[-0.8071,46.2389],[-0.8082,46.2394]]]},"properties":{"id_ffco":"2017-D17-131","nom":"Courçon","_dept":"17","numero":"2017-D17-131","commune":"Courçon d'Aunis","echelle":"1/3000","surface":"0.2 km²","format":"A4","annee":"2017","cartographes":"Robin Patrick","proprietaire":"1705 - CHARENTE-MARITIME ORIENTATION","niveau":"Initiation, Scolaire","specialite":"Sprint (ISSOM)","contacts":"Robin Patrick, 05.4695.68.07, patrick.robin1@free.fr, http://www.club-co17.com/","latitude":"46.2410728619","longitude":"-0.807304014507","date_saisie":"23/07/2017","date_depot":"10/09/2017","valide":"Oui","ppo":"Non","type_carte":"Nouvelle carte","fond":"Ortho","obsolete":false}},{"type":"Feature","geometry":{"type":"Polygon","coordinates":[[[-0.6857,45.5682],[-0.6842,45.5683],[-0.6835,45.5682],[-0.683,45.5681],[-0.6821,45.567],[-0.6811,45.5667],[-0.6828,45.5657],[-0.6842,45.5654],[-0.6857,45.5682]]]},"properties":{"id_ffco":"2017-D17-130","nom":"Camping de Gemozac","_dept":"17","numero":"2017-D17-130","commune":"Gemozac","echelle":"1/2000","surface":"0.06 km²","format":"A4","annee":"2017","cartographes":"Gueraud Thierry","proprietaire":"1705 - CHARENTE-MARITIME ORIENTATION","niveau":"Initiation, Scolaire","specialite":"CO à pied","latitude":"45.5669327974","longitude":"-0.683596768365","date_saisie":"10/06/2017","date_depot":"23/07/2017","valide":"Oui","ppo":"Non","type_carte":"Nouvelle carte","fond":"Ortho","obsolete":false}},{"type":"Feature","geometry":{"type":"Polygon","coordinates":[[[-0.9833,45.9128],[-0.9856,45.9098],[-0.9887,45.9069],[-0.9919,45.9043],[-0.994,45.9012],[-0.9971,45.8986],[-0.9978,45.8966],[-0.9716,45.8855],[-0.9665,45.8908],[-0.9695,45.8926],[-0.9746,45.8958],[-0.9799,45.8987],[-0.9825,45.8999],[-0.9826,45.906],[-0.9818,45.9099],[-0.9798,45.9115],[-0.9833,45.9128]]]},"properties":{"id_ffco":"2006-D17-13","nom":"la Raquette","_dept":"17","numero":"2006-D17-13","commune":"St AGNANT","echelle":"1/7500","surface":"2.71 km²","format":"A4","annee":"2006","cartographes":"Robin Patrick","proprietaire":"1705 - CHARENTE-MARITIME ORIENTATION","niveau":"Départemental","specialite":"CO à pied","latitude":"45.8971138983","longitude":"-0.983046372063","date_saisie":"25/09/2015","date_depot":"16/12/2015","valide":"Oui","ppo":"Non","type_carte":"Nouvelle carte","fond":"Ortho","obsolete":false}},{"type":"Feature","geometry":{"type":"Polygon","coordinates":[[[-0.6839,45.5648],[-0.6833,45.5682],[-0.6824,45.5693],[-0.6767,45.5695],[-0.677,45.5678],[-0.6777,45.5656],[-0.6788,45.5637],[-0.6839,45.5648]]]},"properties":{"id_ffco":"2017-D17-129","nom":"Gemozac EST","_dept":"17","numero":"2017-D17-129","commune":"Gemozac","echelle":"1/5000","surface":"0.27 km²","format":"A4","annee":"2017","cartographes":"Gueraud Thierry","proprietaire":"1705 - CHARENTE-MARITIME ORIENTATION","niveau":"Initiation, Scolaire","specialite":"CO à pied","latitude":"45.5668388447","longitude":"-0.680302061831","date_saisie":"10/06/2017","date_depot":"23/07/2017","valide":"Oui","ppo":"Non","type_carte":"Nouvelle carte","fond":"Ortho","obsolete":false}},{"type":"Feature","geometry":{"type":"Polygon","coordinates":[[[-0.6767,45.5694],[-0.6803,45.5693],[-0.6826,45.5693],[-0.6829,45.57],[-0.684,45.5712],[-0.6853,45.5722],[-0.6792,45.574],[-0.678,45.5724],[-0.6765,45.5718],[-0.6767,45.5694]]]},"properties":{"id_ffco":"2017-D17-128","nom":"Hippodrome de Gemozac","_dept":"17","numero":"2017-D17-128","commune":"Gemozac","echelle":"1/2500","surface":"0.24 km²","format":"A4","annee":"2017","cartographes":"Gueraud Thierry","proprietaire":"1705 - CHARENTE-MARITIME ORIENTATION","niveau":"Initiation, Scolaire","specialite":"CO à pied","latitude":"45.5713430908","longitude":"-0.680373381243","date_saisie":"10/06/2017","date_depot":"23/07/2017","valide":"Oui","ppo":"Non","type_carte":"Nouvelle carte","fond":"Ortho","obsolete":false}},{"type":"Feature","geometry":{"type":"Polygon","coordinates":[[[-0.969,45.8639],[-0.9693,45.8663],[-0.9693,45.8696],[-0.9685,45.872],[-0.9681,45.8726],[-0.9661,45.8729],[-0.9645,45.8733],[-0.9631,45.8732],[-0.9624,45.8721],[-0.961,45.8708],[-0.9625,45.8701],[-0.9632,45.8689],[-0.964,45.8663],[-0.9645,45.8653],[-0.9676,45.8643],[-0.969,45.8639]]]},"properties":{"id_ffco":"2017-D17-127","nom":"La Fontaine de roule Tronc","_dept":"17","numero":"2017-D17-127","commune":"St Agnant","echelle":"1/3000","surface":"0.43 km²","format":"A4","annee":"2017","cartographes":"robin p","proprietaire":"1705 - CHARENTE-MARITIME ORIENTATION","niveau":"Initiation, Scolaire","specialite":"CO à pied","contacts":"robin patrick, 4 rue du stade, 17250, beurlay, 07.81.02.90.23, patrick.robin1@free.fr, http://www.club-co17.com/","latitude":"45.8689960915","longitude":"-0.966022595141","date_saisie":"10/06/2017","date_depot":"23/07/2017","valide":"Oui","ppo":"Non","type_carte":"Nouvelle carte","fond":"Ortho","obsolete":false}},{"type":"Feature","geometry":{"type":"Polygon","coordinates":[[[-1.1883,45.6875],[-1.1869,45.6896],[-1.1854,45.6929],[-1.1795,45.691],[-1.1814,45.6898],[-1.1808,45.6881],[-1.1804,45.6848],[-1.1805,45.6836],[-1.1816,45.683],[-1.1878,45.6864],[-1.1883,45.6875]]]},"properties":{"id_ffco":"2017-D17-126","nom":"La Palmyre Sud","_dept":"17","numero":"2017-D17-126","commune":"Les Mathes","echelle":"1/4000","surface":"0.44 km²","format":"A4","annee":"2017","cartographes":"Robin P","proprietaire":"1705 - CHARENTE-MARITIME ORIENTATION","niveau":"Régional","specialite":"Sprint (ISSOM)","latitude":"45.6880371181","longitude":"-1.1837424959","date_saisie":"10/06/2017","date_depot":"23/07/2017","valide":"Oui","ppo":"Non","type_carte":"Reprise","base":"2013-D17-77 La Palmyre","fond":"Ortho","obsolete":false}},{"type":"Feature","geometry":{"type":"Polygon","coordinates":[[[-1.1783,45.6904],[-1.1786,45.6908],[-1.1795,45.691],[-1.1795,45.6916],[-1.1792,45.6927],[-1.1778,45.6939],[-1.1757,45.6956],[-1.1732,45.6953],[-1.1718,45.6944],[-1.1698,45.6937],[-1.1673,45.693],[-1.1664,45.6922],[-1.1666,45.6912],[-1.1684,45.6902],[-1.1691,45.6892],[-1.1691,45.6878],[-1.1686,45.6866],[-1.1718,45.688],[-1.176,45.6895],[-1.1783,45.6904]]]},"properties":{"id_ffco":"2017-D17-125","nom":"La Palmyre Nord","_dept":"17","numero":"2017-D17-125","commune":"Les Mathes","echelle":"1/4000","surface":"0.56 km²","format":"A4","annee":"2017","cartographes":"Cotirta","proprietaire":"1705 - CHARENTE-MARITIME ORIENTATION","niveau":"Régional","specialite":"Sprint (ISSOM)","latitude":"45.6916366217","longitude":"-1.17299141754","date_saisie":"10/06/2017","date_depot":"23/07/2017","valide":"Oui","ppo":"Non","type_carte":"Reprise","base":"2013-D17-77 La Palmyre","fond":"Ortho","obsolete":false}},{"type":"Feature","geometry":{"type":"Polygon","coordinates":[[[-0.9677,45.925],[-0.9705,45.926],[-0.9705,45.9266],[-0.9664,45.9312],[-0.9654,45.931],[-0.9642,45.9296],[-0.9647,45.9284],[-0.9677,45.925]]]},"properties":{"id_ffco":"2017-D17-124","nom":"Complexe sportif du Polygone","_dept":"17","numero":"2017-D17-124","commune":"rochefort","echelle":"1/2500","surface":"0.17 km²","format":"A4","annee":"2017","cartographes":"robin p","proprietaire":"1705 - CHARENTE-MARITIME ORIENTATION","niveau":"Initiation, Scolaire","specialite":"CO à pied","contacts":"robin , 07.81.02.90.23","latitude":"45.9280109095","longitude":"-0.967202689412","date_saisie":"10/06/2017","date_depot":"23/07/2017","valide":"Oui","ppo":"Non","type_carte":"Reprise","base":"2001-D17-27 Complexe sportif  du polygone","fond":"Ortho","obsolete":false}},{"type":"Feature","geometry":{"type":"Polygon","coordinates":[[[-0.813,46.0787],[-0.8226,46.0812],[-0.8242,46.0795],[-0.8348,46.0819],[-0.8345,46.0952],[-0.8362,46.101],[-0.8174,46.1025],[-0.8057,46.1032],[-0.8032,46.0997],[-0.8018,46.0824],[-0.8123,46.0798],[-0.813,46.0787]]]},"properties":{"id_ffco":"2017-D17-123","nom":"Péré","_dept":"17","numero":"2017-D17-123","commune":"Péré","echelle":"1/4000","surface":"6.01 km²","format":"A4","annee":"2017","cartographes":"Sepans Daniel","niveau":"Initiation, Scolaire","specialite":"CO à pied","latitude":"46.0913014311","longitude":"-0.818540777536","date_saisie":"09/06/2017","date_depot":"23/07/2017","valide":"Oui","ppo":"Non","type_carte":"Nouvelle carte","fond":"Ortho","obsolete":false}},{"type":"Feature","geometry":{"type":"Polygon","coordinates":[[[-0.5058,45.7385],[-0.505,45.7404],[-0.4996,45.7436],[-0.4981,45.7438],[-0.4954,45.7435],[-0.4902,45.7445],[-0.4816,45.7448],[-0.4743,45.7429],[-0.4708,45.7425],[-0.4705,45.7352],[-0.4766,45.7343],[-0.4814,45.7341],[-0.4854,45.7346],[-0.4956,45.7337],[-0.5025,45.7346],[-0.5039,45.734],[-0.508,45.7344],[-0.509,45.7359],[-0.5084,45.7386],[-0.5078,45.7393],[-0.5058,45.7385]]]},"properties":{"id_ffco":"2017-D17-122","nom":"St Sauvant Village","_dept":"17","numero":"2017-D17-122","commune":"St Sauvant","echelle":"1/7500","surface":"2.93 km²","format":"A4","annee":"2017","cartographes":"Gueraud Thierry","proprietaire":"1705 - CHARENTE-MARITIME ORIENTATION","niveau":"Départemental","specialite":"CO à pied","contacts":"robin patrick, 4 rue du stade, 17250, beurlay, 07.81.02.90.23, patrick.robin1@free.fr, http://www.club-co17.com/","latitude":"45.7388872368","longitude":"-0.488652123404","date_saisie":"09/06/2017","valide":"Non","ppo":"Non","type_carte":"Nouvelle carte","fond":"Ortho","obsolete":false}},{"type":"Feature","geometry":{"type":"Polygon","coordinates":[[[-0.4052,45.5557],[-0.4077,45.5565],[-0.4071,45.5583],[-0.4063,45.5601],[-0.4049,45.5595],[-0.4038,45.5593],[-0.4027,45.5595],[-0.4011,45.5595],[-0.3992,45.5593],[-0.3976,45.5554],[-0.401,45.5539],[-0.4055,45.5553],[-0.4052,45.5557]]]},"properties":{"id_ffco":"2016-D17-121","nom":"Jarnac Champagne","_dept":"17","numero":"2016-D17-121","commune":"JARNAC CHAMPAGNE","echelle":"1/3000","surface":"0.35 km²","format":"A4","annee":"2016","cartographes":"ROBIN P","proprietaire":"1705 - CHARENTE-MARITIME ORIENTATION","niveau":"Initiation, Scolaire","specialite":"CO à pied","latitude":"45.5570593329","longitude":"-0.402550911395","date_saisie":"09/06/2017","date_depot":"23/07/2017","valide":"Oui","ppo":"Non","type_carte":"Nouvelle carte","fond":"Ortho","obsolete":false}},{"type":"Feature","geometry":{"type":"Polygon","coordinates":[[[-1.2318,45.9765],[-1.24,45.9734],[-1.2469,45.9714],[-1.2505,45.9718],[-1.2591,45.9756],[-1.2661,45.9769],[-1.2728,45.9779],[-1.2783,45.9781],[-1.2845,45.9803],[-1.292,45.981],[-1.2939,45.9892],[-1.2797,45.9896],[-1.267,45.991],[-1.2567,45.9912],[-1.25,45.9917],[-1.2419,45.9889],[-1.2349,45.9848],[-1.2337,45.9806],[-1.2318,45.9765]]]},"properties":{"id_ffco":"2016-D17-120","nom":"Saumonards VTTO","_dept":"17","numero":"2016-D17-120","commune":"Saint georges d'Oléron","echelle":"1/15000","surface":"6.99 km²","format":"A4","annee":"2016","cartographes":"Gueraud Thierry","proprietaire":"1705 - CHARENTE-MARITIME ORIENTATION","niveau":"Régional","specialite":"CO à VTT","latitude":"45.9827907799","longitude":"-1.26043566516","date_saisie":"03/11/2016","date_depot":"24/11/2016","valide":"Oui","ppo":"Non","type_carte":"Reprise","base":"2012-D17-63 Fort des Saumonards","fond":"Ortho","obsolete":false}},{"type":"Feature","geometry":{"type":"Polygon","coordinates":[[[-0.5577,45.48],[-0.5557,45.4809],[-0.5543,45.4813],[-0.5538,45.4815],[-0.5529,45.4821],[-0.5522,45.4822],[-0.5513,45.4826],[-0.551,45.4838],[-0.5526,45.4846],[-0.554,45.4857],[-0.556,45.4867],[-0.5569,45.4871],[-0.5586,45.4863],[-0.5603,45.4854],[-0.5592,45.4829],[-0.5577,45.48]]]},"properties":{"id_ffco":"2016-D17-119","nom":"Bois Mouflet","_dept":"17","numero":"2016-D17-119","commune":"Saint Genis de Saintonge","echelle":"1/7500","surface":"0.33 km²","format":"A4","annee":"2016","cartographes":"Gueraud Thierry","proprietaire":"1705 - CHARENTE-MARITIME ORIENTATION","niveau":"Initiation, Scolaire","specialite":"CO à pied","latitude":"45.4836988861","longitude":"-0.555996275025","date_saisie":"07/11/2016","date_depot":"24/11/2016","valide":"Oui","ppo":"Non","type_carte":"Nouvelle carte","fond":"Ortho","obsolete":false}},{"type":"Feature","geometry":{"type":"Polygon","coordinates":[[[-0.5337,45.7548],[-0.5317,45.7555],[-0.5286,45.7564],[-0.5272,45.7564],[-0.5263,45.7562],[-0.5232,45.7554],[-0.5209,45.755],[-0.5218,45.7546],[-0.5238,45.7535],[-0.5252,45.7533],[-0.5266,45.7534],[-0.5281,45.7533],[-0.5296,45.7541],[-0.5312,45.7545],[-0.533,45.7545],[-0.5337,45.7548]]]},"properties":{"id_ffco":"2016-D17-118","nom":"Residence Brumenard","_dept":"17","numero":"2016-D17-118","commune":"la Chapelle des Pots","echelle":"1/2000","surface":"0.2 km²","format":"A4","annee":"2016","cartographes":"Geuraud Thierry","proprietaire":"1705 - CHARENTE-MARITIME ORIENTATION","niveau":"Initiation, Scolaire","specialite":"Raid'O","latitude":"45.7548333307","longitude":"-0.527149098377","date_saisie":"03/11/2016","date_depot":"24/11/2016","valide":"Oui","ppo":"Non","type_carte":"Extrait","fond":"Ortho","obsolete":false}},{"type":"Feature","geometry":{"type":"Polygon","coordinates":[[[-1.0086,45.6212],[-1.0076,45.6201],[-1.0066,45.6192],[-1.0048,45.6184],[-1.0036,45.6173],[-1.0031,45.6167],[-1.0018,45.616],[-1.001,45.6169],[-0.9996,45.6181],[-0.9986,45.6182],[-0.998,45.619],[-0.9975,45.6197],[-0.9976,45.6205],[-0.998,45.621],[-0.9979,45.6217],[-0.9988,45.622],[-0.9992,45.6227],[-1.0004,45.6227],[-1.0017,45.6228],[-1.0023,45.6232],[-1.0033,45.6233],[-1.0041,45.6226],[-1.0045,45.6223],[-1.0053,45.6227],[-1.0068,45.6232],[-1.0074,45.6227],[-1.0081,45.6219],[-1.0086,45.6212]]]},"properties":{"id_ffco":"2016-D17-117","nom":"Espace Cordouan","_dept":"17","numero":"2016-D17-117","commune":"Royan","echelle":"1/4000","surface":"0.42 km²","format":"A4","annee":"2016","cartographes":"Robin Patrick","proprietaire":"1705 - CHARENTE-MARITIME ORIENTATION","niveau":"Départemental","specialite":"Sprint (ISSOM)","latitude":"45.6202429566","longitude":"-1.00269166061","date_saisie":"05/10/2016","date_depot":"24/11/2016","valide":"Oui","ppo":"Non","type_carte":"Nouvelle carte","fond":"Ortho","obsolete":false}},{"type":"Feature","geometry":{"type":"Polygon","coordinates":[[[-0.9109,46.1275],[-0.9109,46.1268],[-0.9105,46.1264],[-0.911,46.1258],[-0.911,46.1253],[-0.9115,46.125],[-0.9116,46.1246],[-0.9115,46.1239],[-0.9111,46.123],[-0.9119,46.1208],[-0.912,46.1198],[-0.9125,46.1185],[-0.9139,46.1173],[-0.9145,46.1175],[-0.916,46.1184],[-0.9169,46.1172],[-0.918,46.1164],[-0.9189,46.1157],[-0.9202,46.1157],[-0.9212,46.1159],[-0.9224,46.1161],[-0.9232,46.116],[-0.9236,46.1154],[-0.9252,46.1155],[-0.9256,46.1153],[-0.9267,46.1146],[-0.9274,46.114],[-0.9278,46.1139],[-0.9296,46.115],[-0.9311,46.1157],[-0.93,46.1165],[-0.9304,46.1168],[-0.9321,46.1174],[-0.932,46.1177],[-0.9322,46.1179],[-0.9314,46.1189],[-0.9301,46.1188],[-0.9278,46.1186],[-0.9256,46.119],[-0.9248,46.1192],[-0.9239,46.12],[-0.9233,46.1207],[-0.9229,46.1212],[-0.922,46.1215],[-0.9211,46.1216],[-0.9195,46.1223],[-0.9187,46.1226],[-0.9173,46.124],[-0.9171,46.1247],[-0.9165,46.1253],[-0.916,46.1258],[-0.9159,46.1266],[-0.9152,46.1272],[-0.9148,46.1277],[-0.9128,46.1276],[-0.9109,46.1275]]]},"properties":{"id_ffco":"2016-D17-116","nom":"Lac de Frace","_dept":"17","numero":"2016-D17-116","commune":"Aigrefeuille d'Aunis","echelle":"1/5000","surface":"1.05 km²","format":"A4","annee":"2016","cartographes":"Robin Patrick","proprietaire":"1705 - CHARENTE-MARITIME ORIENTATION","niveau":"Départemental","specialite":"Sprint (ISSOM)","latitude":"46.1200872423","longitude":"-0.919465619197","date_saisie":"03/11/2016","date_depot":"24/11/2016","valide":"Oui","ppo":"Non","type_carte":"Nouvelle carte","fond":"Ortho","obsolete":false}},{"type":"Feature","geometry":{"type":"Polygon","coordinates":[[[-0.9413,46.1229],[-0.9401,46.122],[-0.9385,46.1209],[-0.9372,46.12],[-0.936,46.1187],[-0.9354,46.1184],[-0.9361,46.1173],[-0.9365,46.1165],[-0.9372,46.1166],[-0.9388,46.1167],[-0.9412,46.1169],[-0.942,46.1169],[-0.9422,46.117],[-0.9428,46.1181],[-0.9427,46.1186],[-0.9422,46.1195],[-0.9418,46.121],[-0.9413,46.1229]]]},"properties":{"id_ffco":"2016-D17-115","nom":"Complexe sportif Aigrefeuille","_dept":"17","numero":"2016-D17-115","commune":"Aigrefeuille d'Aunis","echelle":"1/4000","surface":"0.24 km²","format":"A4","annee":"2016","cartographes":"Robin Patrick","proprietaire":"1705 - CHARENTE-MARITIME ORIENTATION","niveau":"Initiation, Scolaire","specialite":"Sprint (ISSOM)","latitude":"46.1189893462","longitude":"-0.939478977648","date_saisie":"03/11/2016","date_depot":"24/11/2016","valide":"Oui","ppo":"Non","type_carte":"Nouvelle carte","fond":"Ortho","obsolete":false}},{"type":"Feature","geometry":{"type":"Polygon","coordinates":[[[-1.1209,45.657],[-1.1183,45.6622],[-1.1224,45.6663],[-1.1218,45.6764],[-1.1097,45.685],[-1.1022,45.6793],[-1.0966,45.676],[-1.0911,45.6733],[-1.088,45.6704],[-1.0847,45.6698],[-1.0802,45.6672],[-1.078,45.6654],[-1.0743,45.6654],[-1.072,45.6639],[-1.0778,45.6627],[-1.0931,45.656],[-1.1054,45.6541],[-1.1147,45.6556],[-1.1209,45.657]]]},"properties":{"id_ffco":"2016-D17-114","nom":"Saint Augustin 2016","_dept":"17","numero":"2016-D17-114","commune":"Saint Augustin sur Mer","echelle":"1/10000","surface":"7.44 km²","format":"A3","annee":"2016","cartographes":"Cortita","proprietaire":"1705 - CHARENTE-MARITIME ORIENTATION","niveau":"National, International","specialite":"CO à pied","latitude":"45.6672498799","longitude":"-1.10332149471","date_saisie":"05/10/2016","valide":"Non","ppo":"Non","type_carte":"Reprise","base":"2004-D17-39 Saint-Augustin sur Mer","obsolete":false}},{"type":"Feature","geometry":{"type":"Polygon","coordinates":[[[-0.5464,45.7565],[-0.543,45.7555],[-0.5408,45.7548],[-0.5381,45.7541],[-0.5361,45.7571],[-0.5311,45.7612],[-0.5314,45.7621],[-0.5356,45.7646],[-0.5418,45.7655],[-0.545,45.7647],[-0.5441,45.7627],[-0.5452,45.7602],[-0.5464,45.7565]]]},"properties":{"id_ffco":"2016-D17-113","nom":"La Chapelle des Pôts","_dept":"17","numero":"2016-D17-113","commune":"La Chapelle des Pots","echelle":"1/3000","surface":"0.96 km²","format":"A4","annee":"2016","cartographes":"Gueraud Thierry","proprietaire":"1705 - CHARENTE-MARITIME ORIENTATION","niveau":"Initiation, Scolaire","specialite":"Raid'O","latitude":"45.7602194733","longitude":"-0.539433548814","date_saisie":"05/10/2016","date_depot":"24/11/2016","valide":"Oui","ppo":"Non","type_carte":"Extrait","fond":"Ortho","obsolete":false}},{"type":"Feature","geometry":{"type":"Polygon","coordinates":[[[-1.3626,46.2061],[-1.3628,46.2042],[-1.3625,46.2028],[-1.3601,46.2027],[-1.3582,46.2024],[-1.3569,46.2019],[-1.3589,46.1991],[-1.3604,46.1985],[-1.3637,46.1976],[-1.3703,46.1977],[-1.3748,46.2012],[-1.3734,46.2023],[-1.3734,46.2043],[-1.3733,46.206],[-1.37,46.2062],[-1.3683,46.2074],[-1.3654,46.2081],[-1.3642,46.2069],[-1.3626,46.2061]]]},"properties":{"id_ffco":"2016-D17-112","nom":"Saint Martin de Ré","_dept":"17","numero":"2016-D17-112","commune":"Saint Martin de Re","echelle":"1/5000","surface":"0.99 km²","format":"A4","annee":"2016","cartographes":"GUERAUD","proprietaire":"1705 - CHARENTE-MARITIME ORIENTATION","niveau":"Initiation, Scolaire","specialite":"CO à pied","contacts":"robin patrick, 4 rue du stade, 17250, beurlay, 07.81.02.90.23, patrick.robin1@free.fr, http://www.club-co17.com/","latitude":"46.2021337216","longitude":"-1.36657373438","date_saisie":"11/09/2016","date_depot":"24/11/2016","valide":"Oui","ppo":"Non","type_carte":"Nouvelle carte","fond":"Ortho","obsolete":false}},{"type":"Feature","geometry":{"type":"Polygon","coordinates":[[[-0.4938,45.7189],[-0.4935,45.7224],[-0.4919,45.7272],[-0.4885,45.7303],[-0.483,45.7328],[-0.4794,45.7363],[-0.4761,45.7381],[-0.4624,45.739],[-0.4492,45.7399],[-0.4509,45.7336],[-0.4543,45.7266],[-0.4631,45.7219],[-0.4653,45.716],[-0.47,45.7141],[-0.4725,45.7131],[-0.4815,45.7155],[-0.4876,45.7161],[-0.4938,45.7189]]]},"properties":{"id_ffco":"2016-D17-111","nom":"CHERAC","_dept":"17","numero":"2016-D17-111","commune":"CHERAC","echelle":"1/10000","surface":"6.52 km²","format":"A3","annee":"2016","cartographes":"GUERAUD","proprietaire":"1705 - CHARENTE-MARITIME ORIENTATION","niveau":"Départemental","specialite":"CO à pied","contacts":"robin patrick, 4 rue du stade, 17250, beurlay, 07.81.02.90.23, patrick.robin1@free.fr, http://www.club-co17.com/ // robin patrick, beurlay, 07.81.02.90.23, patrick.robin1@free.fr","latitude":"45.7271627439","longitude":"-0.472021133399","date_saisie":"11/09/2016","valide":"Non","ppo":"Non","type_carte":"Nouvelle carte","fond":"Ortho","obsolete":false}},{"type":"Feature","geometry":{"type":"Polygon","coordinates":[[[-0.5518,45.7601],[-0.5472,45.7727],[-0.5416,45.775],[-0.5357,45.7743],[-0.5295,45.7762],[-0.5243,45.7709],[-0.5163,45.766],[-0.5225,45.7637],[-0.5319,45.7623],[-0.5268,45.7586],[-0.5256,45.7557],[-0.5297,45.751],[-0.535,45.7532],[-0.539,45.7529],[-0.542,45.746],[-0.5566,45.759],[-0.5518,45.7601]]]},"properties":{"id_ffco":"2016-D17-110","nom":"Bois du Celeri","_dept":"17","numero":"2016-D17-110","commune":"La Chapelle des Pots","echelle":"1/10000","surface":"5.22 km²","format":"A4","annee":"2016","cartographes":"Gueraud THIERRY","proprietaire":"1705 - CHARENTE-MARITIME ORIENTATION","niveau":"Départemental","specialite":"CO à pied","latitude":"45.7627319374","longitude":"-0.537710143513","date_saisie":"11/09/2016","date_depot":"24/11/2016","valide":"Oui","ppo":"Oui (40 postes)","type_carte":"Nouvelle carte","fond":"Ortho","obsolete":false}},{"type":"Feature","geometry":{"type":"Polygon","coordinates":[[[-1.3564,46.194],[-1.3605,46.194],[-1.3642,46.1939],[-1.3655,46.1937],[-1.3641,46.192],[-1.3615,46.1906],[-1.3587,46.1901],[-1.3559,46.1894],[-1.3552,46.1893],[-1.3518,46.1897],[-1.3479,46.1899],[-1.3483,46.191],[-1.3476,46.1923],[-1.3473,46.1936],[-1.3501,46.1938],[-1.355,46.1939],[-1.3564,46.194]]]},"properties":{"id_ffco":"1991-D17-11","nom":"SALIERES","_dept":"17","numero":"1991-D17-11","commune":"ILE DE Ré","echelle":"1/5000","surface":"0.55 km²","format":"A4","annee":"1991","proprietaire":"1705 - CHARENTE-MARITIME ORIENTATION","niveau":"Initiation, Scolaire","specialite":"CO à pied","latitude":"46.1919830315","longitude":"-1.35570175676","valide":"Non","ppo":"Non","type_carte":"Nouvelle carte","fond":"Cadastre","obsolete":false}},{"type":"Feature","geometry":{"type":"Polygon","coordinates":[[[-0.6863,45.8775],[-0.6891,45.8805],[-0.6923,45.8816],[-0.6895,45.8852],[-0.6852,45.8834],[-0.6832,45.8825],[-0.6824,45.8836],[-0.679,45.8831],[-0.6774,45.8831],[-0.6776,45.8813],[-0.6785,45.8805],[-0.6776,45.8785],[-0.6739,45.877],[-0.6762,45.8756],[-0.6773,45.8745],[-0.6789,45.8741],[-0.6804,45.8738],[-0.6835,45.8737],[-0.6851,45.8755],[-0.6863,45.8775]]]},"properties":{"id_ffco":"2016-D17-109","nom":"La Grenouillette","_dept":"17","numero":"2016-D17-109","commune":"Le Mung St Savinien","echelle":"1/5000","surface":"0.92 km²","format":"A4","annee":"2016","cartographes":"robin","proprietaire":"1705 - CHARENTE-MARITIME ORIENTATION","niveau":"Régional","specialite":"CO à pied","latitude":"45.8793371463","longitude":"-0.682975058058","date_saisie":"11/09/2016","date_depot":"24/11/2016","valide":"Oui","ppo":"Oui (60 postes)","type_carte":"Nouvelle carte","fond":"Ortho","obsolete":false}},{"type":"Feature","geometry":{"type":"Polygon","coordinates":[[[-1.238,45.8621],[-1.2411,45.8595],[-1.253,45.8497],[-1.2547,45.8544],[-1.261,45.8691],[-1.258,45.8702],[-1.2546,45.8723],[-1.2491,45.8738],[-1.2474,45.8744],[-1.2465,45.8726],[-1.2464,45.8697],[-1.2436,45.8653],[-1.2414,45.8639],[-1.238,45.8621]]]},"properties":{"id_ffco":"2016-D17-108","nom":"Grand Village Plage","_dept":"17","numero":"2016-D17-108","commune":"Grand Village Plage","echelle":"1/10000","surface":"2.44 km²","format":"A3","annee":"2016","proprietaire":"1705 - CHARENTE-MARITIME ORIENTATION","niveau":"Régional","specialite":"CO à pied","latitude":"45.8630270791","longitude":"-1.25052630011","date_saisie":"11/09/2016","date_depot":"24/11/2016","valide":"Oui","ppo":"Non","type_carte":"Nouvelle carte","fond":"Ortho","obsolete":false}},{"type":"Feature","geometry":{"type":"Polygon","coordinates":[[[-0.3028,46.0246],[-0.2978,46.0329],[-0.2938,46.0371],[-0.3,46.0418],[-0.2921,46.0457],[-0.2861,46.0513],[-0.2834,46.0562],[-0.264,46.0536],[-0.2372,46.0488],[-0.2468,46.0357],[-0.2476,46.0332],[-0.2664,46.029],[-0.2822,46.0262],[-0.289,46.0255],[-0.3028,46.0246]]]},"properties":{"id_ffco":"2016-D17-107","nom":"le Lizot","_dept":"17","numero":"2016-D17-107","commune":"ST MANDE sur Brèdoire","echelle":"1/10000","surface":"11.04 km²","format":"A3","annee":"2016","cartographes":"ROBIN","proprietaire":"1705 - CHARENTE-MARITIME ORIENTATION","niveau":"Départemental","specialite":"CO à pied","contacts":"robin patrick, 4 rue du stade, 17250, beurlay, 07.81.02.90.23, patrick.robin1@free.fr, http://www.club-co17.com/","latitude":"46.0403839448","longitude":"-0.271571121006","date_saisie":"11/09/2016","date_depot":"24/11/2016","valide":"Oui","ppo":"Oui (70 postes)","type_carte":"Nouvelle carte","fond":"Ortho","obsolete":false}},{"type":"Feature","geometry":{"type":"Polygon","coordinates":[[[-1.0392,45.8023],[-1.0398,45.8022],[-1.0401,45.8022],[-1.0409,45.8024],[-1.0415,45.8026],[-1.0425,45.8031],[-1.0427,45.8032],[-1.042,45.8038],[-1.0413,45.8041],[-1.0407,45.804],[-1.0403,45.8036],[-1.0399,45.803],[-1.0396,45.8028],[-1.0395,45.8024],[-1.0392,45.8023]]]},"properties":{"id_ffco":"2016-D17-106","nom":"Eric Tabarly Ecole","_dept":"17","numero":"2016-D17-106","commune":"St Just Luzac","echelle":"1/1000","surface":"0.03 km²","format":"A4","annee":"2016","cartographes":"robin","proprietaire":"1705 - CHARENTE-MARITIME ORIENTATION","niveau":"Initiation, Scolaire","specialite":"CO à pied","latitude":"45.8031378655","longitude":"-1.04097164398","date_saisie":"11/09/2016","date_depot":"24/11/2016","valide":"Oui","ppo":"Non","type_carte":"Nouvelle carte","fond":"Ortho","obsolete":false}},{"type":"Feature","geometry":{"type":"Polygon","coordinates":[[[-0.8368,45.5803],[-0.8372,45.5805],[-0.8375,45.5807],[-0.8376,45.581],[-0.8377,45.5811],[-0.8361,45.5824],[-0.8368,45.5803]]]},"properties":{"id_ffco":"2016-D17-105","nom":"Nazareth Cozes","_dept":"17","numero":"2016-D17-105","commune":"Cozes","echelle":"1/1000","surface":"0.01 km²","format":"A4","annee":"2016","cartographes":"robin","proprietaire":"1705 - CHARENTE-MARITIME ORIENTATION","niveau":"Initiation, Scolaire","specialite":"CO à pied","latitude":"45.581197327","longitude":"-0.836887812715","date_saisie":"11/09/2016","date_depot":"24/11/2016","valide":"Oui","ppo":"Oui (20 postes)","type_carte":"Nouvelle carte","fond":"Ortho","obsolete":false}},{"type":"Feature","geometry":{"type":"Polygon","coordinates":[[[-0.2831,45.4753],[-0.2824,45.4653],[-0.2836,45.4594],[-0.2886,45.458],[-0.2922,45.4579],[-0.3035,45.4577],[-0.3124,45.4575],[-0.3238,45.4583],[-0.3306,45.4626],[-0.3366,45.4686],[-0.3385,45.4678],[-0.3452,45.4722],[-0.344,45.4759],[-0.3519,45.4768],[-0.362,45.4772],[-0.3694,45.4802],[-0.3605,45.4852],[-0.3488,45.4918],[-0.3394,45.5],[-0.3323,45.5059],[-0.3303,45.5089],[-0.3193,45.5065],[-0.3054,45.5043],[-0.3009,45.5035],[-0.2994,45.4987],[-0.2951,45.4917],[-0.2927,45.4881],[-0.2863,45.4778],[-0.2831,45.4753]]]},"properties":{"id_ffco":"2015-D17-104","nom":"Brie Sous Archiac","_dept":"17","numero":"2015-D17-104","commune":"Brie sous Archiac","echelle":"1/10000","surface":"23.09 km²","format":"+","annee":"2015","cartographes":"Robin Patrick","proprietaire":"1705 - CHARENTE-MARITIME ORIENTATION","niveau":"Départemental","specialite":"CO à pied","contacts":"Robin Patrick, 05.4695.68.07, patrick.robin1@free.fr, http://www.club-co17.com/","latitude":"45.4810853794","longitude":"-0.318656894554","date_saisie":"15/12/2015","date_depot":"24/11/2016","valide":"Oui","ppo":"Oui (70 postes)","type_carte":"Nouvelle carte","fond":"Ortho","obsolete":false}},{"type":"Feature","geometry":{"type":"Polygon","coordinates":[[[-0.3014,45.5139],[-0.3047,45.516],[-0.3067,45.5176],[-0.3094,45.5194],[-0.3122,45.5189],[-0.3103,45.5223],[-0.3086,45.5256],[-0.3054,45.5286],[-0.302,45.5257],[-0.2991,45.5253],[-0.297,45.5247],[-0.2911,45.5204],[-0.2872,45.518],[-0.291,45.5164],[-0.2928,45.5152],[-0.2967,45.5135],[-0.3014,45.5139]]]},"properties":{"id_ffco":"2015-D17-103","nom":"Archiac","_dept":"17","numero":"2015-D17-103","commune":"Archiac","echelle":"1/3000","surface":"1.67 km²","format":"A4","annee":"2015","cartographes":"robin","proprietaire":"1705 - CHARENTE-MARITIME ORIENTATION","niveau":"Initiation, Scolaire","specialite":"CO à pied","contacts":"robin patrick, 4 rue du stade, 17250, beurlay, 07.81.02.90.23, patrick.robin1@free.fr, http://www.club-co17.com/","latitude":"45.5201983393","longitude":"-0.300509843507","date_saisie":"11/09/2016","date_depot":"24/11/2016","valide":"Oui","ppo":"Non","type_carte":"Nouvelle carte","fond":"Ortho","obsolete":false}},{"type":"Feature","geometry":{"type":"Polygon","coordinates":[[[-1.0993,45.7289],[-1.0983,45.7302],[-1.0972,45.7313],[-1.0953,45.7301],[-1.0925,45.7291],[-1.0906,45.7276],[-1.0904,45.7274],[-1.0916,45.7269],[-1.0936,45.7265],[-1.0944,45.726],[-1.0953,45.7251],[-1.0961,45.7245],[-1.0974,45.7253],[-1.0993,45.7263],[-1.0991,45.7269],[-1.1001,45.7274],[-1.0993,45.7289]]]},"properties":{"id_ffco":"2015-D17-102","nom":"Etaule","_dept":"17","numero":"2015-D17-102","commune":"Etaule","echelle":"1/2500","surface":"0.29 km²","format":"A4","annee":"2015","cartographes":"ROBIN","proprietaire":"1705 - CHARENTE-MARITIME ORIENTATION","niveau":"Initiation, Scolaire","specialite":"CO à pied","contacts":"robin patrick, 4 rue du stade, 17250, beurlay, 07.81.02.90.23, patrick.robin1@free.fr, http://www.club-co17.com/","latitude":"45.7278592288","longitude":"-1.09586634243","date_saisie":"11/09/2016","date_depot":"24/11/2016","valide":"Oui","ppo":"Oui (40 postes)","type_carte":"Nouvelle carte","fond":"Ortho","obsolete":false}},{"type":"Feature","geometry":{"type":"Polygon","coordinates":[[[-1.1469,45.7719],[-1.1461,45.7723],[-1.1452,45.7728],[-1.1447,45.773],[-1.1431,45.7725],[-1.1429,45.7716],[-1.1434,45.7713],[-1.1435,45.7713],[-1.1438,45.7713],[-1.1444,45.7714],[-1.1455,45.7714],[-1.1465,45.7716],[-1.1469,45.7719]]]},"properties":{"id_ffco":"2015-D17-101","nom":"Ecole la Sablière La Tremblade","_dept":"17","numero":"2015-D17-101","commune":"La Tremblade","echelle":"1/1000","surface":"0.04 km²","format":"A4","annee":"2015","cartographes":"Robin Patrick","proprietaire":"1705 - CHARENTE-MARITIME ORIENTATION","niveau":"Initiation, Scolaire","specialite":"CO à pied","latitude":"45.7720381988","longitude":"-1.14467347229","date_saisie":"04/11/2015","date_depot":"16/12/2015","valide":"Oui","ppo":"Non","type_carte":"Nouvelle carte","fond":"Ortho","obsolete":false}},{"type":"Feature","geometry":{"type":"Polygon","coordinates":[[[-1.1259,45.7399],[-1.1249,45.741],[-1.1265,45.7414],[-1.1274,45.7417],[-1.1266,45.7434],[-1.1232,45.7424],[-1.1234,45.7412],[-1.1216,45.7412],[-1.1183,45.7413],[-1.1196,45.7393],[-1.1207,45.7373],[-1.1241,45.7386],[-1.1254,45.739],[-1.1259,45.7399]]]},"properties":{"id_ffco":"2015-D17-100","nom":"Parc Loisir Scolaire Arvert","_dept":"17","numero":"2015-D17-100","commune":"Arvert","echelle":"1/1000","surface":"0.22 km²","format":"A4","annee":"2015","cartographes":"Robin Patrick","proprietaire":"1705 - CHARENTE-MARITIME ORIENTATION","niveau":"Initiation, Scolaire","specialite":"CO à pied","latitude":"45.7403310233","longitude":"-1.12296904631","date_saisie":"04/11/2015","date_depot":"16/12/2015","valide":"Oui","ppo":"Non","type_carte":"Nouvelle carte","fond":"Ortho","obsolete":false}},{"type":"Feature","geometry":null,"properties":{"id_ffco":"1991-D17-09","nom":"ARBORETUM","_dept":"17","numero":"1991-D17-09","commune":"RONCE BAINS","echelle":"1/5000","surface":"1.6 km²","annee":"1991","proprietaire":"1704","specialite":"CO à pied","latitude":"45.796589","longitude":"-1.1607889","valide":"Non","ppo":"Non","obsolete":false}},{"type":"Feature","geometry":null,"properties":{"id_ffco":"1991-D17-08","nom":"COUBRE BRISQUETTE","_dept":"17","numero":"1991-D17-08","commune":"RONCE BAINS","echelle":"1/15000","surface":"3.2 km²","annee":"1991","proprietaire":"1704","specialite":"CO à pied","latitude":"45.796589","longitude":"-1.1607889","valide":"Non","ppo":"Non","obsolete":false}},{"type":"Feature","geometry":null,"properties":{"id_ffco":"1984-D17-08","nom":"BOYARDVILLE","_dept":"17","numero":"1984-D17-08","commune":"OLERON","echelle":"1/15000","surface":"4.0 km²","annee":"1984","proprietaire":"1704","niveau":"Interrégional","specialite":"CO à pied","latitude":"45.953973","longitude":"-1.2733651","valide":"Non","ppo":"Non","obsolete":false}},{"type":"Feature","geometry":null,"properties":{"id_ffco":"1984-D17-07","nom":"COUBRE POINTE ESPAGNOLE","_dept":"17","numero":"1984-D17-07","commune":"RONCE BAINS","echelle":"1/15000","surface":"4.5 km²","annee":"1984","cartographes":"Stages carto","proprietaire":"1704","niveau":"Interrégional","specialite":"CO à pied","latitude":"45.796589","longitude":"-1.1607889","valide":"Non","ppo":"Non","obsolete":false}},{"type":"Feature","geometry":{"type":"Polygon","coordinates":[[[-1.2106,45.8458],[-1.2305,45.8431],[-1.2479,45.8409],[-1.2478,45.8367],[-1.2462,45.8268],[-1.245,45.812],[-1.2434,45.8046],[-1.2377,45.7996],[-1.2302,45.8002],[-1.2265,45.8028],[-1.2253,45.8046],[-1.2254,45.809],[-1.2224,45.8123],[-1.2164,45.8137],[-1.215,45.8156],[-1.2162,45.8211],[-1.2196,45.8238],[-1.225,45.8263],[-1.2244,45.8289],[-1.2196,45.8309],[-1.215,45.8335],[-1.2093,45.8361],[-1.2065,45.8385],[-1.2095,45.8415],[-1.2096,45.8439],[-1.21,45.8456],[-1.2106,45.8458]]]},"properties":{"id_ffco":"1984-D17-05","nom":"GATSAU","_dept":"17","numero":"1984-D17-05","commune":"St Trojan","echelle":"1/15000","surface":"10.07 km²","format":"A3","annee":"1984","cartographes":"Stage Carto","proprietaire":"1705 - CHARENTE-MARITIME ORIENTATION","niveau":"National, International","specialite":"CO à pied","latitude":"45.8249527398","longitude":"-1.23089145845","valide":"Oui","ppo":"Non","type_carte":"Nouvelle carte","base":"2007-D17-048 le logis de sorlut","fond":"Ortho","ref_ign":"top 25","obsolete":false}},{"type":"Feature","geometry":{"type":"Polygon","coordinates":[[[-1.3925,45.9757],[-1.39,45.9767],[-1.3863,45.9776],[-1.3844,45.9779],[-1.3838,45.9768],[-1.3832,45.9757],[-1.3829,45.975],[-1.3819,45.9741],[-1.3812,45.9728],[-1.3801,45.9722],[-1.3788,45.9719],[-1.3795,45.971],[-1.38,45.9705],[-1.3785,45.9692],[-1.3772,45.9677],[-1.3763,45.9664],[-1.3766,45.9636],[-1.3771,45.9621],[-1.3788,45.9604],[-1.3783,45.9595],[-1.3802,45.958],[-1.3822,45.9568],[-1.3845,45.9556],[-1.3864,45.9553],[-1.3876,45.9555],[-1.3883,45.9581],[-1.3864,45.9607],[-1.3861,45.9629],[-1.3868,45.9649],[-1.3876,45.9668],[-1.3901,45.9697],[-1.3903,45.9716],[-1.3913,45.9739],[-1.3924,45.9752],[-1.3925,45.9757]]]},"properties":{"id_ffco":"2014-D17-049","nom":"DOMINO","_dept":"17","numero":"2014-D17-049","commune":"Domino","echelle":"1/10000","surface":"1.73 km²","format":"A4","annee":"2014","cartographes":"P Robin, G Crochet, Marchegeay Bruno 2014","proprietaire":"1705 - CHARENTE-MARITIME ORIENTATION","niveau":"Régional","specialite":"CO à pied","latitude":"45.9669666242","longitude":"-1.38392168855","date_saisie":"09/12/2009","date_depot":"15/12/2009","valide":"Oui","ppo":"Non","type_carte":"Reprise","base":"2014-D17-049 DOMINO","fond":"Ortho","obsolete":false}},{"type":"Feature","geometry":{"type":"Polygon","coordinates":[[[-0.8346,45.5888],[-0.8355,45.5883],[-0.838,45.5869],[-0.8374,45.5864],[-0.8379,45.586],[-0.8356,45.5845],[-0.8337,45.5852],[-0.8325,45.5862],[-0.8313,45.5863],[-0.8334,45.588],[-0.8346,45.5888]]]},"properties":{"id_ffco":"2007-D17-048","nom":"le logis de sorlut","_dept":"17","numero":"2007-D17-048","commune":"Cozes","echelle":"1/1750","surface":"0.13 km²","format":"A4","annee":"2007","cartographes":"P Robin","proprietaire":"1705 - CHARENTE-MARITIME ORIENTATION","niveau":"Initiation, Scolaire","specialite":"CO à pied","latitude":"45.5865934096","longitude":"-0.834960598988","date_saisie":"09/12/2009","date_depot":"15/12/2009","valide":"Oui","ppo":"Oui (40 postes)","type_carte":"Nouvelle carte","fond":"Ortho","obsolete":false}},{"type":"Feature","geometry":{"type":"Polygon","coordinates":[[[-0.7458,46.1067],[-0.7445,46.1065],[-0.7431,46.1067],[-0.7423,46.1068],[-0.7419,46.1073],[-0.7416,46.1083],[-0.7424,46.1092],[-0.7437,46.1105],[-0.7447,46.1115],[-0.7451,46.1117],[-0.7457,46.1111],[-0.7466,46.1105],[-0.7476,46.1103],[-0.7486,46.11],[-0.7498,46.1102],[-0.7501,46.1096],[-0.7475,46.1087],[-0.7461,46.1082],[-0.7456,46.1078],[-0.7458,46.1067]]]},"properties":{"id_ffco":"2007-D17-047","nom":"SURGERES : complexe sportif","_dept":"17","numero":"2007-D17-047","commune":"Surgères","echelle":"1/2500","surface":"0.18 km²","format":"A4","annee":"2007","cartographes":"P Robin","proprietaire":"1705 - CHARENTE-MARITIME ORIENTATION","niveau":"Initiation, Scolaire","specialite":"CO à pied","latitude":"46.1089302838","longitude":"-0.74508495597","date_saisie":"19/03/2010","date_depot":"26/03/2010","valide":"Oui","ppo":"Non","type_carte":"Nouvelle carte","fond":"Ortho","obsolete":false}},{"type":"Feature","geometry":{"type":"Polygon","coordinates":[[[-1.0661,45.6474],[-1.0651,45.6473],[-1.0633,45.647],[-1.0629,45.6467],[-1.0624,45.6461],[-1.0619,45.646],[-1.0615,45.6459],[-1.0598,45.6453],[-1.0605,45.6447],[-1.0613,45.6443],[-1.0625,45.6444],[-1.0635,45.6443],[-1.0653,45.6436],[-1.0666,45.6426],[-1.0688,45.6422],[-1.0693,45.6425],[-1.0703,45.6423],[-1.0713,45.6432],[-1.0697,45.6437],[-1.0685,45.6442],[-1.068,45.6444],[-1.0677,45.6458],[-1.0665,45.647],[-1.0661,45.6474]]]},"properties":{"id_ffco":"2015-D17-046","nom":"PARC HOTEL DE VILLE DE VAUX SUR MER","_dept":"17","numero":"2015-D17-046","commune":"Vaux sur Mer","echelle":"1/3000","surface":"0.23 km²","format":"A4","annee":"2015","cartographes":"P Robin","proprietaire":"1705 - CHARENTE-MARITIME ORIENTATION","niveau":"Départemental","specialite":"CO à pied","latitude":"45.6448088131","longitude":"-1.0655797548","date_saisie":"09/12/2009","date_depot":"15/12/2009","valide":"Oui","ppo":"Oui (40 postes)","type_carte":"Reprise","base":"2015-D17-046 PARC HOTEL DE VILLE DE VAUX SUR MER","fond":"Ortho","obsolete":false}},{"type":"Feature","geometry":{"type":"Polygon","coordinates":[[[-1.2454,45.965],[-1.2506,45.9691],[-1.2506,45.9734],[-1.2684,45.9767],[-1.2794,45.9781],[-1.2928,45.9812],[-1.289,45.9884],[-1.2567,45.9908],[-1.2413,45.9874],[-1.2348,45.98],[-1.2372,45.9693],[-1.2454,45.965]]]},"properties":{"id_ffco":"2007-D17-045","nom":"LES SAUMONARDS 1","_dept":"17","numero":"2007-D17-045","commune":"Boyardville","echelle":"1/10000","surface":"6.88 km²","format":"+","annee":"2007","cartographes":"G Crochet","proprietaire":"1705 - CHARENTE-MARITIME ORIENTATION","niveau":"Régional","specialite":"CO à pied","latitude":"45.9810206655","longitude":"-1.25946853007","date_saisie":"28/12/2007","date_depot":"15/12/2009","valide":"Oui","ppo":"Non","type_carte":"Reprise","base":"1984-D17-20 SAUMONARDS (LES)","fond":"Ortho","obsolete":false}},{"type":"Feature","geometry":{"type":"Polygon","coordinates":[[[-1.5442,46.2423],[-1.5344,46.2433],[-1.5232,46.2462],[-1.5165,46.2471],[-1.5102,46.2483],[-1.5064,46.251],[-1.5018,46.2547],[-1.5006,46.2582],[-1.5052,46.2576],[-1.5129,46.2584],[-1.5176,46.2563],[-1.5262,46.25],[-1.5373,46.2449],[-1.5442,46.2423]]]},"properties":{"id_ffco":"2007-D17-044","nom":"FORET DOMANIALE DU LIZAY","_dept":"17","numero":"2007-D17-044","commune":"Les Portes","echelle":"1/10000","surface":"2.01 km²","format":"A4","annee":"2007","cartographes":"G Crochet, J Lavalade, P Robin, T Guerraud","proprietaire":"1705 - CHARENTE-MARITIME ORIENTATION","niveau":"Départemental","specialite":"CO à pied","latitude":"46.2510658758","longitude":"-1.5175054507","date_saisie":"28/12/2007","date_depot":"15/12/2009","valide":"Oui","ppo":"Non","type_carte":"Nouvelle carte","fond":"Ortho","obsolete":false}},{"type":"Feature","geometry":{"type":"Polygon","coordinates":[[[-1.3038,45.9077],[-1.311,45.9112],[-1.3164,45.9133],[-1.3226,45.9181],[-1.3209,45.9199],[-1.3164,45.9267],[-1.3127,45.9299],[-1.3089,45.9335],[-1.3033,45.9327],[-1.2974,45.9304],[-1.2842,45.9261],[-1.2931,45.9161],[-1.3038,45.9077]]]},"properties":{"id_ffco":"2006-D17-043","nom":"Centre APAS - LA JAUDONNIERE","_dept":"17","numero":"2006-D17-043","commune":"St Pierre d'Oléron","echelle":"1/15000","surface":"4.83 km²","format":"A3","annee":"2006","cartographes":"T Guerraud","proprietaire":"1705 - CHARENTE-MARITIME ORIENTATION","niveau":"Départemental","specialite":"CO à pied","latitude":"45.9212378188","longitude":"-1.30435243254","date_saisie":"09/12/2009","date_depot":"15/12/2009","valide":"Oui","ppo":"Non","type_carte":"Nouvelle carte","base":"2015-D17-046 PARC HOTEL DE VILLE DE VAUX SUR MER","fond":"Ortho","obsolete":false}},{"type":"Feature","geometry":{"type":"Polygon","coordinates":[[[-1.1775,46.0109],[-1.1783,46.0113],[-1.1794,46.0121],[-1.1781,46.0137],[-1.1774,46.0168],[-1.1768,46.019],[-1.1771,46.0215],[-1.176,46.023],[-1.1753,46.0242],[-1.1704,46.0247],[-1.1689,46.0254],[-1.1677,46.026],[-1.1637,46.0247],[-1.1603,46.0235],[-1.1568,46.0219],[-1.1538,46.0185],[-1.1574,46.0179],[-1.163,46.018],[-1.1664,46.0194],[-1.1717,46.0185],[-1.1726,46.0167],[-1.1726,46.0146],[-1.1714,46.0123],[-1.1748,46.0101],[-1.1737,46.0091],[-1.1748,46.0077],[-1.1764,46.0076],[-1.1789,46.0096],[-1.1785,46.0104],[-1.1777,46.0108],[-1.1775,46.0109]]]},"properties":{"id_ffco":"2015-D17-042","nom":"ILE D'AIX","_dept":"17","numero":"2015-D17-042","commune":"Fouras","echelle":"1/10000","surface":"1.53 km²","format":"A4","annee":"2015","cartographes":"G Crochet, J Lavalade","proprietaire":"1705 - CHARENTE-MARITIME ORIENTATION","niveau":"Régional","specialite":"CO à pied","latitude":"46.0188781241","longitude":"-1.16922423193","date_saisie":"28/12/2007","date_depot":"15/12/2009","valide":"Oui","ppo":"Oui (60 postes)","type_carte":"Nouvelle carte","base":"2015-D17-042 ILE D'AIX","fond":"Ortho","obsolete":false}},{"type":"Feature","geometry":{"type":"Polygon","coordinates":[[[-1.2756,46.1592],[-1.2808,46.1644],[-1.2842,46.1722],[-1.2897,46.1789],[-1.3007,46.1841],[-1.3086,46.1853],[-1.3189,46.1808],[-1.3309,46.1787],[-1.3333,46.1775],[-1.3247,46.1682],[-1.3148,46.1566],[-1.3072,46.153],[-1.2911,46.1539],[-1.2866,46.1566],[-1.2756,46.1592]]]},"properties":{"id_ffco":"2007-D17-041","nom":"L'ILE DE RE - EST","_dept":"17","numero":"2007-D17-041","commune":"Rivedoux","echelle":"1/10000","surface":"9.69 km²","format":"+","annee":"2007","cartographes":"G Crochet, Di Hassmann, P Robin, J Lavalade","proprietaire":"1705 - CHARENTE-MARITIME ORIENTATION","niveau":"Régional","specialite":"CO à pied","latitude":"46.16878343","longitude":"-1.30390544712","date_saisie":"28/12/2007","date_depot":"15/12/2009","valide":"Oui","ppo":"Non","type_carte":"Nouvelle carte","fond":"Ortho","obsolete":false}},{"type":"Feature","geometry":null,"properties":{"id_ffco":"1991-D17-04","nom":"COUBRE PASSE BLANCHE","_dept":"17","numero":"1991-D17-04","commune":"ROCHEFORT","echelle":"1/10000","surface":"4.6 km²","annee":"1991","proprietaire":"1701","specialite":"CO à pied","latitude":"45.9450336","longitude":"-0.9756731","valide":"Non","ppo":"Non","obsolete":false}},{"type":"Feature","geometry":null,"properties":{"id_ffco":"1984-D17-03","nom":"FONT MORTE","_dept":"17","numero":"1984-D17-03","commune":"SAINTES","echelle":"1/15000","surface":"3.6 km²","annee":"1984","proprietaire":"1703","niveau":"Interrégional","specialite":"CO à pied","latitude":"45.747437","longitude":"-0.6371092","valide":"Non","ppo":"Non","obsolete":false}},{"type":"Feature","geometry":null,"properties":{"id_ffco":"1995-D17-00","nom":"BOIS VALLE","_dept":"17","numero":"1995-D17-00","echelle":"1/5000","surface":"0.0 km²","annee":"1995","specialite":"CO à pied","latitude":"45.74949","longitude":"-0.7733188","valide":"Non","ppo":"Non","obsolete":false}}]}