{"type":"FeatureCollection","features":[{"type":"Feature","geometry":null,"properties":{"id_ffco":"2003-D25-99","nom":"LES GOUFFRES DU GROSBOIS - La Planche du Mont","_dept":"25","numero":"2003-D25-99","commune":"Mamirolle","echelle":"1/15000","surface":"8.5 km²","format":"A4","annee":"2003","proprietaire":"2508 - BALISE 25 BESANCON","specialite":"CO à pied","latitude":"47.1960151","longitude":"6.1611238","date_saisie":"21/11/2003","date_depot":"24/11/2003","valide":"Non","ppo":"Non","fond":"IGN","obsolete":false}},{"type":"Feature","geometry":null,"properties":{"id_ffco":"2003-D25-98","nom":"BOIS DE LA MENERE","_dept":"25","numero":"2003-D25-98","commune":"Serre Les Sapins","echelle":"1/10000","surface":"2.0 km²","format":"A5","annee":"2003","proprietaire":"2508 - BALISE 25 BESANCON","specialite":"CO à pied","latitude":"47.2415317","longitude":"5.9271311","date_saisie":"02/10/2003","date_depot":"03/10/2003","valide":"Non","ppo":"Non","obsolete":false}},{"type":"Feature","geometry":null,"properties":{"id_ffco":"2002-D25-98","nom":"Bois de Serre","_dept":"25","numero":"2002-D25-98","commune":"Besançon","echelle":"1/10000","surface":"2.3 km²","annee":"2002","proprietaire":"2508 - BALISE 25 BESANCON","specialite":"CO à pied","latitude":"47.2412254","longitude":"6.0255656","date_saisie":"29/11/2002","date_depot":"02/12/2002","valide":"Non","ppo":"Non","obsolete":false}},{"type":"Feature","geometry":null,"properties":{"id_ffco":"2002-D25-97","nom":"Le CHENE du DIABLE","_dept":"25","numero":"2002-D25-97","commune":"Rougemont","echelle":"1/10000","surface":"4.0 km²","annee":"2002","proprietaire":"2514 - CLUB ORIENTATION ET RANDONNEE DE ROUGEMONT","specialite":"CO à pied","latitude":"47.4784781","longitude":"6.3538954","date_saisie":"19/11/2002","date_depot":"02/12/2002","valide":"Non","ppo":"Non","obsolete":false}},{"type":"Feature","geometry":null,"properties":{"id_ffco":"2000-D25-91","nom":"LA SERRE-LA CHAILLE","_dept":"25","numero":"2000-D25-91","commune":"BESANCON","echelle":"1/10000","surface":"4.2 km²","annee":"2000","proprietaire":"2508 - BALISE 25 BESANCON","niveau":"Interrégional","specialite":"CO à pied","latitude":"47.2412254","longitude":"6.0255656","valide":"Non","ppo":"Non","obsolete":false}},{"type":"Feature","geometry":null,"properties":{"id_ffco":"2000-D25-90","nom":"BOIS D'ABBENANS (25)","_dept":"25","numero":"2000-D25-90","commune":"Abbenans","echelle":"1/10000","surface":"2.5 km²","annee":"2000","proprietaire":"2514 - CLUB ORIENTATION ET RANDONNEE DE ROUGEMONT","niveau":"Interrégional","specialite":"CO à pied","latitude":"47.5003509","longitude":"6.4515084","valide":"Non","ppo":"Non","obsolete":false}},{"type":"Feature","geometry":null,"properties":{"id_ffco":"2000-D25-89","nom":"PARCOURS SANTE - 25 ROUGEMONT","_dept":"25","numero":"2000-D25-89","commune":"Rougemont","echelle":"1/5000","surface":"0.3 km²","annee":"2000","proprietaire":"2514 - CLUB ORIENTATION ET RANDONNEE DE ROUGEMONT","specialite":"CO à pied","latitude":"47.4784781","longitude":"6.3538954","valide":"Non","ppo":"Non","obsolete":false}},{"type":"Feature","geometry":null,"properties":{"id_ffco":"1999-D25-88","nom":"FORT DE MONTFAUCON","_dept":"25","numero":"1999-D25-88","commune":"BESANCON","echelle":"1/15000","surface":"3.8 km²","annee":"1999","proprietaire":"19°RG Besançon","specialite":"CO à pied","latitude":"47.2412254","longitude":"6.0255656","date_saisie":"23/11/2001","date_depot":"06/12/2001","valide":"Non","ppo":"Non","obsolete":false}},{"type":"Feature","geometry":null,"properties":{"id_ffco":"1999-D25-87","nom":"FORT DES MONTBOUCONS","_dept":"25","numero":"1999-D25-87","commune":"BESANCON","echelle":"1/10000","surface":"1.2 km²","annee":"1999","proprietaire":"19°RG Besançon","specialite":"CO à pied","latitude":"47.2412254","longitude":"6.0255656","date_saisie":"23/11/2001","date_depot":"06/12/2001","valide":"Non","ppo":"Non","obsolete":false}},{"type":"Feature","geometry":null,"properties":{"id_ffco":"1999-D25-86","nom":"LE GRAND BARMAUD Ornans","_dept":"25","numero":"1999-D25-86","commune":"ORNANS","echelle":"1/10000","surface":"5.6 km²","annee":"1999","proprietaire":"FC - Franche-Comté","specialite":"CO à pied","latitude":"47.1052259","longitude":"6.1447207","date_saisie":"23/11/2001","date_depot":"06/12/2001","valide":"Non","ppo":"Non","obsolete":false}},{"type":"Feature","geometry":null,"properties":{"id_ffco":"1998-D25-85","nom":"BOIS de la CHAILLE","_dept":"25","numero":"1998-D25-85","commune":"Besançon","echelle":"1/10000","surface":"1.5 km²","annee":"1998","proprietaire":"2508 - BALISE 25 BESANCON","specialite":"CO à pied","latitude":"47.2412254","longitude":"6.0255656","valide":"Non","ppo":"Non","obsolete":false}},{"type":"Feature","geometry":null,"properties":{"id_ffco":"1998-D25-84","nom":"COLLEGE Pierre Vernier","_dept":"25","numero":"1998-D25-84","commune":"Ornans","echelle":"1/5000","surface":"1.0 km²","annee":"1998","specialite":"CO à pied","latitude":"47.1052259","longitude":"6.1447207","valide":"Non","ppo":"Non","obsolete":false}},{"type":"Feature","geometry":null,"properties":{"id_ffco":"1998-D25-83","nom":"Chamars - Gare d'eau","_dept":"25","numero":"1998-D25-83","commune":"BESANCON","echelle":"1/2500","surface":"1.0 km²","annee":"1998","proprietaire":"2508 - BALISE 25 BESANCON","specialite":"CO à pied","latitude":"47.2412254","longitude":"6.0255656","valide":"Non","ppo":"Non","obsolete":false}},{"type":"Feature","geometry":null,"properties":{"id_ffco":"1997-D25-78","nom":"LES PRES DE MEIX","_dept":"25","numero":"1997-D25-78","commune":"GONSENS","echelle":"1/15000","surface":"11.1 km²","annee":"1997","niveau":"Interrégional","specialite":"CO à pied","latitude":"47.2327816","longitude":"6.3012953","valide":"Non","ppo":"Non","obsolete":false}},{"type":"Feature","geometry":null,"properties":{"id_ffco":"1997-D25-77","nom":"LES TERRES DE CHATELARD","_dept":"25","numero":"1997-D25-77","commune":"GONSENS","echelle":"1/15000","surface":"9.9 km²","annee":"1997","niveau":"Interrégional","specialite":"CO à pied","latitude":"47.2327816","longitude":"6.3012953","valide":"Non","ppo":"Non","obsolete":false}},{"type":"Feature","geometry":null,"properties":{"id_ffco":"1998-D25-75","nom":"LA GRANDE BORNE","_dept":"25","numero":"1998-D25-75","commune":"LES FOURGS","echelle":"1/15000","surface":"13.0 km²","annee":"1998","proprietaire":"FC - Franche-Comté","niveau":"National, International","specialite":"CO à pied","latitude":"46.8350879","longitude":"6.4011581","valide":"Non","ppo":"Non","obsolete":false}},{"type":"Feature","geometry":null,"properties":{"id_ffco":"1996-D25-74","nom":"COLLEGE CLAIRS-SOLEILS","_dept":"25","numero":"1996-D25-74","commune":"BESANCON","echelle":"1/2000","surface":"0.1 km²","annee":"1996","proprietaire":"2510","specialite":"CO à pied","latitude":"47.2412254","longitude":"6.0255656","valide":"Non","ppo":"Non","obsolete":false}},{"type":"Feature","geometry":null,"properties":{"id_ffco":"1989-D25-72","nom":"BOIS DE FRANOIS","_dept":"25","numero":"1989-D25-72","commune":"FRANOIS","echelle":"1/10000","surface":"2.7 km²","annee":"1989","proprietaire":"2510","specialite":"CO à pied","latitude":"47.2344389","longitude":"5.9242998","valide":"Non","ppo":"Non","obsolete":false}},{"type":"Feature","geometry":null,"properties":{"id_ffco":"1989-D25-71","nom":"GLACIS (LES)","_dept":"25","numero":"1989-D25-71","echelle":"1/2000","surface":"0.2 km²","annee":"1989","proprietaire":"2508 - BALISE 25 BESANCON","specialite":"CO à pied","latitude":"47.1969824","longitude":"6.3126004","valide":"Non","ppo":"Non","obsolete":false}},{"type":"Feature","geometry":null,"properties":{"id_ffco":"1989-D25-70","nom":"FONTAINE STE AGATHE","_dept":"25","numero":"1989-D25-70","echelle":"1/10000","surface":"2.7 km²","annee":"1989","proprietaire":"2507","specialite":"CO à pied","latitude":"47.1969824","longitude":"6.3126004","valide":"Non","ppo":"Non","obsolete":false}},{"type":"Feature","geometry":null,"properties":{"id_ffco":"1989-D25-69","nom":"ECOLE EDOUARD HERRIOT","_dept":"25","numero":"1989-D25-69","echelle":"1/2000","surface":"0.5 km²","annee":"1989","proprietaire":"2508 - BALISE 25 BESANCON","specialite":"CO à pied","latitude":"47.1969824","longitude":"6.3126004","valide":"Non","ppo":"Non","obsolete":false}},{"type":"Feature","geometry":null,"properties":{"id_ffco":"1989-D25-68","nom":"BAUME LOISIRS","_dept":"25","numero":"1989-D25-68","echelle":"1/2000","surface":"0.5 km²","annee":"1989","proprietaire":"2508 - BALISE 25 BESANCON","specialite":"CO à pied","latitude":"47.1969824","longitude":"6.3126004","valide":"Non","ppo":"Non","obsolete":false}},{"type":"Feature","geometry":null,"properties":{"id_ffco":"1982-D25-66","nom":"COTE D'ANROZ - EST","_dept":"25","numero":"1982-D25-66","commune":"VERRIERE DU GROSBOIS","echelle":"1/15000","surface":"14.0 km²","annee":"1982","proprietaire":"2510","niveau":"Interrégional","specialite":"CO à pied","latitude":"47.200263","longitude":"6.2762383","valide":"Non","ppo":"Non","obsolete":false}},{"type":"Feature","geometry":null,"properties":{"id_ffco":"1982-D25-65","nom":"FORET DE LA VERRIERE DU GROSBOIS","_dept":"25","numero":"1982-D25-65","commune":"VERRIERE DU GROSBOIS","echelle":"1/15000","surface":"6.7 km²","annee":"1982","proprietaire":"2510","niveau":"Interrégional","specialite":"CO à pied","latitude":"47.200263","longitude":"6.2762383","valide":"Non","ppo":"Non","obsolete":false}},{"type":"Feature","geometry":null,"properties":{"id_ffco":"1982-D25-63","nom":"COTE D'ANROZ","_dept":"25","numero":"1982-D25-63","commune":"VERRIERE DU GROSBOIS","echelle":"1/15000","surface":"10.4 km²","annee":"1982","proprietaire":"2510","niveau":"Interrégional","specialite":"CO à pied","latitude":"47.200263","longitude":"6.2762383","valide":"Non","ppo":"Non","obsolete":false}},{"type":"Feature","geometry":null,"properties":{"id_ffco":"1982-D25-62","nom":"FORET DE LA VERRIERE DU GROSBOIS","_dept":"25","numero":"1982-D25-62","commune":"VERRIERE DU GROSBOIS","echelle":"1/15000","surface":"6.7 km²","annee":"1982","proprietaire":"2510","niveau":"Interrégional","specialite":"CO à pied","latitude":"47.200263","longitude":"6.2762383","valide":"Non","ppo":"Non","obsolete":false}},{"type":"Feature","geometry":null,"properties":{"id_ffco":"1989-D25-61","nom":"COMBE ST PIERRE","_dept":"25","numero":"1989-D25-61","commune":"CHARQUEMONT","echelle":"1/10000","surface":"1.8 km²","annee":"1989","proprietaire":"2514 - CLUB ORIENTATION ET RANDONNEE DE ROUGEMONT","specialite":"CO à pied","latitude":"47.2129802","longitude":"6.8251069","valide":"Non","ppo":"Non","obsolete":false}},{"type":"Feature","geometry":null,"properties":{"id_ffco":"1982-D25-60","nom":"MALMAISON","_dept":"25","numero":"1982-D25-60","commune":"PONTARLIER","echelle":"1/20000","surface":"10.0 km²","annee":"1982","proprietaire":"2507","niveau":"Interrégional","specialite":"CO à pied","latitude":"46.9020963","longitude":"6.3590849","valide":"Non","ppo":"Non","obsolete":false}},{"type":"Feature","geometry":null,"properties":{"id_ffco":"1982-D25-58","nom":"GRANGES DESSUS","_dept":"25","numero":"1982-D25-58","commune":"PONTARLIER","echelle":"1/15000","surface":"12.0 km²","annee":"1982","proprietaire":"FC - Franche-Comté","niveau":"Interrégional","specialite":"CO à pied","latitude":"46.9020963","longitude":"6.3590849","valide":"Non","ppo":"Non","obsolete":false}},{"type":"Feature","geometry":null,"properties":{"id_ffco":"1989-D25-53","nom":"BOIS DERRIERE LA COTE","_dept":"25","numero":"1989-D25-53","commune":"CUBRIAL","echelle":"1/15000","surface":"3.5 km²","annee":"1989","proprietaire":"2514 - CLUB ORIENTATION ET RANDONNEE DE ROUGEMONT","specialite":"CO à pied","latitude":"47.4956028","longitude":"6.4072412","valide":"Non","ppo":"Non","obsolete":false}},{"type":"Feature","geometry":null,"properties":{"id_ffco":"1982-D25-52","nom":"MONTBOUCONS-CAMPUS","_dept":"25","numero":"1982-D25-52","commune":"BESANCON","echelle":"1/10000","surface":"2.5 km²","annee":"1982","proprietaire":"2507","niveau":"Interrégional","specialite":"CO à pied","latitude":"47.2412254","longitude":"6.0255656","valide":"Non","ppo":"Non","obsolete":false}},{"type":"Feature","geometry":null,"properties":{"id_ffco":"1989-D25-50","nom":"BOIS D'AMBRE","_dept":"25","numero":"1989-D25-50","commune":"ST VIT","echelle":"1/10000","surface":"1.8 km²","annee":"1989","proprietaire":"2505","specialite":"CO à pied","latitude":"47.1810409","longitude":"5.8100855","valide":"Non","ppo":"Non","obsolete":false}},{"type":"Feature","geometry":null,"properties":{"id_ffco":"1982-D25-50","nom":"MONT NOIR","_dept":"25","numero":"1982-D25-50","commune":"CHAPELLE DES BOIS","echelle":"1/15000","surface":"13.5 km²","annee":"1982","proprietaire":"FFCO","niveau":"Interrégional","specialite":"CO à pied","latitude":"46.5977875","longitude":"6.1142096","valide":"Non","ppo":"Non","obsolete":false}},{"type":"Feature","geometry":null,"properties":{"id_ffco":"1982-D25-46","nom":"LAGATTAU","_dept":"25","numero":"1982-D25-46","commune":"MORTEAU","echelle":"1/20000","surface":"30.0 km²","annee":"1982","proprietaire":"2507","niveau":"Interrégional","specialite":"CO à pied","latitude":"47.0560539","longitude":"6.5966762","valide":"Non","ppo":"Non","obsolete":false}},{"type":"Feature","geometry":null,"properties":{"id_ffco":"1989-D25-45","nom":"CHENE NOTRE DAME","_dept":"25","numero":"1989-D25-45","commune":"BESANCON","echelle":"1/10000","surface":"1.0 km²","annee":"1989","proprietaire":"25 - Doubs","specialite":"CO à pied","latitude":"47.2412254","longitude":"6.0255656","valide":"Non","ppo":"Non","obsolete":false}},{"type":"Feature","geometry":null,"properties":{"id_ffco":"1989-D25-44","nom":"BOIS de BONNAL","_dept":"25","numero":"1989-D25-44","commune":"ROUGEMONT","echelle":"1/10000","surface":"1.5 km²","annee":"1989","proprietaire":"2514 - CLUB ORIENTATION ET RANDONNEE DE ROUGEMONT","specialite":"CO à pied","latitude":"47.4784781","longitude":"6.3538954","valide":"Non","ppo":"Non","obsolete":false}},{"type":"Feature","geometry":null,"properties":{"id_ffco":"1989-D25-43","nom":"SQUARE COLUCHE","_dept":"25","numero":"1989-D25-43","commune":"BESANCON","echelle":"1/1000","surface":"0.1 km²","annee":"1989","proprietaire":"2508 - BALISE 25 BESANCON","specialite":"CO à pied","latitude":"47.2412254","longitude":"6.0255656","valide":"Non","ppo":"Non","obsolete":false}},{"type":"Feature","geometry":null,"properties":{"id_ffco":"1989-D25-41","nom":"MALCOMBE-ROSEMONT","_dept":"25","numero":"1989-D25-41","commune":"BESANCON","echelle":"1/10000","surface":"1.4 km²","annee":"1989","proprietaire":"2507","specialite":"CO à pied","latitude":"47.2412254","longitude":"6.0255656","valide":"Non","ppo":"Non","obsolete":false}},{"type":"Feature","geometry":null,"properties":{"id_ffco":"1989-D25-40","nom":"CHASSAGNE ROUGEMONT","_dept":"25","numero":"1989-D25-40","commune":"ROUGEMONT","echelle":"1/10000","surface":"0.2 km²","annee":"1989","proprietaire":"2514 - CLUB ORIENTATION ET RANDONNEE DE ROUGEMONT","specialite":"CO à pied","latitude":"47.4784781","longitude":"6.3538954","valide":"Non","ppo":"Non","obsolete":false}},{"type":"Feature","geometry":null,"properties":{"id_ffco":"1989-D25-39","nom":"SERRE LOISIRS","_dept":"25","numero":"1989-D25-39","commune":"DOLE","echelle":"1/10000","surface":"1.9 km²","annee":"1989","proprietaire":"2508 - BALISE 25 BESANCON","specialite":"CO à pied","latitude":"47.2263479","longitude":"5.9778361","valide":"Non","ppo":"Non","obsolete":false}},{"type":"Feature","geometry":null,"properties":{"id_ffco":"1989-D25-37","nom":"BOIS VALENTIGNEY","_dept":"25","numero":"1989-D25-37","commune":"MONTBELIARD","echelle":"1/10000","surface":"1.4 km²","annee":"1989","proprietaire":"2509","specialite":"CO à pied","latitude":"47.5118726","longitude":"6.7997133","valide":"Non","ppo":"Non","obsolete":false}},{"type":"Feature","geometry":null,"properties":{"id_ffco":"1982-D25-36","nom":"GROS BOIS EST COTE ANROZ","_dept":"25","numero":"1982-D25-36","commune":"GROSBOIS","echelle":"1/15000","surface":"9.5 km²","annee":"1982","proprietaire":"2510","niveau":"Interrégional","specialite":"CO à pied","latitude":"47.3442853","longitude":"6.3059214","valide":"Non","ppo":"Non","obsolete":false}},{"type":"Feature","geometry":null,"properties":{"id_ffco":"1982-D25-35","nom":"GROS BOIS OUEST - 2","_dept":"25","numero":"1982-D25-35","commune":"GROSBOIS","echelle":"1/15000","surface":"8.37 km²","annee":"1982","proprietaire":"2510","niveau":"Interrégional","specialite":"CO à pied","latitude":"47.3442853","longitude":"6.3059214","valide":"Non","ppo":"Non","obsolete":false}},{"type":"Feature","geometry":null,"properties":{"id_ffco":"1989-D25-34","nom":"BEURRIERE","_dept":"25","numero":"1989-D25-34","commune":"CHAPELLE DES BOIS","echelle":"1/5000","surface":"1.9 km²","annee":"1989","proprietaire":"2512","specialite":"CO à pied","latitude":"46.5977875","longitude":"6.1142096","valide":"Non","ppo":"Non","obsolete":false}},{"type":"Feature","geometry":null,"properties":{"id_ffco":"1989-D25-33","nom":"PRELOT","_dept":"25","numero":"1989-D25-33","commune":"BESANCON","echelle":"1/10000","surface":"1.1 km²","annee":"1989","proprietaire":"2510","specialite":"CO à pied","latitude":"47.2412254","longitude":"6.0255656","valide":"Non","ppo":"Non","obsolete":false}},{"type":"Feature","geometry":null,"properties":{"id_ffco":"1982-D25-31","nom":"AVANNE AVENEY","_dept":"25","numero":"1982-D25-31","commune":"AVANNE","echelle":"1/15000","surface":"5.4 km²","annee":"1982","proprietaire":"2507","niveau":"Interrégional","specialite":"CO à pied","latitude":"47.2012529","longitude":"5.964388","valide":"Non","ppo":"Non","obsolete":false}},{"type":"Feature","geometry":null,"properties":{"id_ffco":"1989-D25-30","nom":"MONTAUCIVEY","_dept":"25","numero":"1989-D25-30","commune":"ROUGEMONT","echelle":"1/10000","surface":"1.0 km²","annee":"1989","proprietaire":"2514 - CLUB ORIENTATION ET RANDONNEE DE ROUGEMONT","specialite":"CO à pied","latitude":"47.4784781","longitude":"6.3538954","valide":"Non","ppo":"Non","obsolete":false}},{"type":"Feature","geometry":null,"properties":{"id_ffco":"1982-D25-29","nom":"PRE LORRAIN","_dept":"25","numero":"1982-D25-29","commune":"MOUTHE","echelle":"1/15000","surface":"8.8 km²","annee":"1982","proprietaire":"2512","niveau":"Interrégional","specialite":"CO à pied","latitude":"46.7107698","longitude":"6.1943729","valide":"Non","ppo":"Non","obsolete":false}},{"type":"Feature","geometry":null,"properties":{"id_ffco":"1989-D25-28","nom":"CHALEZEULE LOISIRS","_dept":"25","numero":"1989-D25-28","commune":"BESANCON","echelle":"1/10000","surface":"0.7 km²","annee":"1989","proprietaire":"2508 - BALISE 25 BESANCON","specialite":"CO à pied","latitude":"47.2412254","longitude":"6.0255656","valide":"Non","ppo":"Non","obsolete":false}},{"type":"Feature","geometry":{"type":"Polygon","coordinates":[[[6.3323,46.7554],[6.3211,46.75],[6.324,46.7479],[6.3263,46.7459],[6.3292,46.7451],[6.3352,46.7457],[6.3386,46.7445],[6.3426,46.7444],[6.3489,46.7448],[6.3553,46.7454],[6.3595,46.7463],[6.3593,46.7495],[6.3582,46.7503],[6.3582,46.7531],[6.356,46.7565],[6.3562,46.7582],[6.3576,46.7596],[6.3607,46.7608],[6.3634,46.7616],[6.3615,46.7632],[6.3581,46.7631],[6.3547,46.7634],[6.3541,46.7634],[6.3505,46.7632],[6.3461,46.7632],[6.337,46.7594],[6.3323,46.7554]]]},"properties":{"id_ffco":"2025-D25-278","nom":"Le Morond VTT","_dept":"25","numero":"2025-D25-278","commune":"Métabief","echelle":"1/7500","surface":"4.27 km²","format":"A3","annee":"2025","cartographes":"Pinsard Nicolas, Vuillemin Michel","proprietaire":"2508 - BALISE 25 BESANCON","niveau":"National, International","specialite":"CO à VTT","contacts":"Balise 25, 1 impasse des chênes, 25000, Besançon, 06 68 87 64 53, contact@balise25.fr","latitude":"46.7529711809","longitude":"6.34391027359","date_saisie":"11/04/2025","valide":"Non","ppo":"Non","type_carte":"Nouvelle carte","fond":"Ortho","obsolete":false}},{"type":"Feature","geometry":{"type":"Polygon","coordinates":[[[6.3779,46.7502],[6.3748,46.749],[6.371,46.749],[6.3697,46.7509],[6.37,46.7536],[6.3694,46.7561],[6.3677,46.7576],[6.3629,46.7602],[6.3625,46.7614],[6.3604,46.7633],[6.3584,46.7662],[6.356,46.7673],[6.3567,46.7699],[6.3569,46.7723],[6.3605,46.7724],[6.3663,46.7723],[6.3697,46.7735],[6.3748,46.7759],[6.3772,46.775],[6.3798,46.7715],[6.3808,46.7698],[6.3832,46.767],[6.3848,46.7624],[6.3834,46.758],[6.3827,46.7554],[6.3799,46.7532],[6.3779,46.7502]]]},"properties":{"id_ffco":"2025-D25-277","nom":"Le Mont Ramey VTT","_dept":"25","numero":"2025-D25-277","commune":"Métabief","echelle":"1/7500","surface":"3.87 km²","format":"A3","annee":"2025","cartographes":"Pinsard Nicolas, Vuillemin Michel","proprietaire":"2508 - BALISE 25 BESANCON","niveau":"National, International","specialite":"CO à VTT","contacts":"Balise 25, 1 impasse des chênes, 25000, Besançon, 06 68 87 64 53, contact@balise25.fr","latitude":"46.7634825305","longitude":"6.37214012133","date_saisie":"11/04/2025","valide":"Non","ppo":"Non","type_carte":"Nouvelle carte","fond":"Ortho","obsolete":false}},{"type":"Feature","geometry":{"type":"Polygon","coordinates":[[[5.9749,47.2106],[5.9758,47.2103],[5.9848,47.2174],[5.9817,47.2197],[5.9803,47.2207],[5.9789,47.2207],[5.9756,47.2197],[5.9729,47.2199],[5.97,47.2194],[5.9683,47.2183],[5.9676,47.2169],[5.9673,47.2147],[5.9693,47.2135],[5.9749,47.2106]]]},"properties":{"id_ffco":"2024-D25-276","nom":"Parc Lafayette","_dept":"25","numero":"2024-D25-276","commune":"Besançon","echelle":"1/4000","surface":"0.94 km²","format":"A3","annee":"2024","cartographes":"Johan Tinchant, Guy Gutschenritter, Charly Boichut","proprietaire":"2517 - ORIENTATION TEAM BESANCON","niveau":"Régional","specialite":"Sprint (ISSOM)","contacts":"Orientation Team Besançon, 8 rue du Maréchal Liautey, 25000, Besançon, 06 98 54 61 33","latitude":"47.2160951826","longitude":"5.97549378679","date_saisie":"04/09/2024","date_depot":"11/02/2025","valide":"Oui","ppo":"Non","type_carte":"Reprise","base":"2008-D25-139 PLANOISE","fond":"Ortho","obsolete":false}},{"type":"Feature","geometry":{"type":"Polygon","coordinates":[[[6.0003,47.2725],[5.9987,47.2749],[6.0,47.2756],[5.9997,47.2761],[5.9994,47.2771],[5.9986,47.2779],[6.0036,47.2803],[5.9997,47.2826],[6.002,47.2843],[6.0047,47.2857],[6.0084,47.2869],[6.0114,47.2879],[6.0137,47.2869],[6.0167,47.2855],[6.0156,47.2824],[6.0157,47.2803],[6.014,47.2794],[6.0128,47.2759],[6.0111,47.2747],[6.0084,47.2738],[6.0057,47.2755],[6.0032,47.2743],[6.0033,47.2738],[6.0003,47.2725]]]},"properties":{"id_ffco":"2024-D25-275","nom":"La combe de la laye","_dept":"25","numero":"2024-D25-275","commune":"Ecole valentin","echelle":"1/10000","surface":"1.43 km²","format":"A4","annee":"2024","cartographes":"Johan Tinchant","proprietaire":"2517 - ORIENTATION TEAM BESANCON","niveau":"Interrégional","specialite":"CO à pied","contacts":"Orientation Team Besançon, 8 rue du Maréchal Liautey, 25000, Besançon, 06 98 54 61 33","latitude":"47.2804604046","longitude":"6.00778464522","date_saisie":"04/09/2024","date_depot":"11/02/2025","valide":"Non","ppo":"Non","type_carte":"Reprise","base":"2014-D25-190 Combe de la Laye","obsolete":false}},{"type":"Feature","geometry":{"type":"Polygon","coordinates":[[[6.007,47.2338],[6.0091,47.2343],[6.0125,47.2348],[6.0141,47.2358],[6.0153,47.2355],[6.0148,47.2375],[6.0154,47.2422],[6.0131,47.2436],[6.0089,47.2427],[6.0058,47.2419],[6.0045,47.2413],[6.0004,47.24],[6.0024,47.237],[6.007,47.2338]]]},"properties":{"id_ffco":"2024-D25-274","nom":"La butte","_dept":"25","numero":"2024-D25-274","commune":"Besançon","echelle":"1/4000","surface":"0.82 km²","format":"A4","annee":"2024","cartographes":"Quentin Moulet","proprietaire":"2517 - ORIENTATION TEAM BESANCON","niveau":"Régional","specialite":"Sprint (ISSOM)","contacts":"Orientation Team Besançon, 8 rue du Maréchal Liautey, 25000, Besançon, 06 98 54 61 33","latitude":"47.2387120168","longitude":"6.00891696841","date_saisie":"04/09/2024","date_depot":"11/02/2025","valide":"Oui","ppo":"Non","type_carte":"Reprise","base":"2018-D25-229 La Butte","fond":"Ortho","obsolete":false}},{"type":"Feature","geometry":{"type":"Polygon","coordinates":[[[6.0353,47.2421],[6.0394,47.2424],[6.0441,47.2427],[6.0484,47.2438],[6.0545,47.2451],[6.059,47.2468],[6.0617,47.2483],[6.0631,47.2483],[6.0631,47.2469],[6.067,47.2439],[6.0658,47.2416],[6.0623,47.2389],[6.0607,47.236],[6.0593,47.2329],[6.0573,47.2315],[6.0545,47.2289],[6.0491,47.227],[6.0438,47.2266],[6.0396,47.2283],[6.0365,47.233],[6.036,47.2345],[6.0356,47.2363],[6.0363,47.2379],[6.0351,47.2394],[6.0342,47.2417],[6.0353,47.2421]]]},"properties":{"id_ffco":"2024-D25-273","nom":"Bregille","_dept":"25","numero":"2024-D25-273","commune":"Besançon","echelle":"1/10000","surface":"3.5 km²","format":"A4","annee":"2024","cartographes":"Alain Ruaud","proprietaire":"2508 - BALISE 25 BESANCON","niveau":"Régional","specialite":"CO à pied","contacts":"Balise 25, 1 impasse des chênes, 25000, Besançon, 06 68 87 64 53, contact@balise25.fr","latitude":"47.2371185417","longitude":"6.04992718183","date_saisie":"04/07/2024","date_depot":"24/07/2024","valide":"Oui","ppo":"Non","type_carte":"Reprise","base":"2012-D25-170 Bregille","fond":"Cadastre","obsolete":false}},{"type":"Feature","geometry":{"type":"Polygon","coordinates":[[[6.0237,47.2425],[6.0256,47.2427],[6.0248,47.2429],[6.0238,47.2434],[6.0237,47.2445],[6.0235,47.245],[6.024,47.2455],[6.024,47.2457],[6.0227,47.2463],[6.0201,47.2456],[6.0202,47.2454],[6.0217,47.2446],[6.0217,47.244],[6.0218,47.2434],[6.0224,47.2437],[6.0229,47.2434],[6.0232,47.2429],[6.0234,47.2428],[6.0237,47.2425]]]},"properties":{"id_ffco":"2024-D25-272","nom":"Les Glacis","_dept":"25","numero":"2024-D25-272","commune":"Besançon","echelle":"1/2000","surface":"0.07 km²","format":"A4","annee":"2024","cartographes":"Alain Ruaud","proprietaire":"2508 - BALISE 25 BESANCON","niveau":"Initiation, Scolaire","specialite":"CO à pied","contacts":"Balise 25, 1 impasse des chênes, 25000, Besançon, 06 68 87 64 53, contact@balise25.fr","latitude":"47.2446172566","longitude":"6.02267550675","date_saisie":"04/07/2024","date_depot":"24/07/2024","valide":"Oui","ppo":"Non","type_carte":"Reprise","base":"1989-D25-71 GLACIS (LES)","fond":"Ortho","obsolete":false}},{"type":"Feature","geometry":{"type":"Polygon","coordinates":[[[5.9287,47.2238],[5.9167,47.22],[5.9125,47.224],[5.9113,47.226],[5.9177,47.2293],[5.9124,47.2315],[5.9124,47.2344],[5.9156,47.2357],[5.9178,47.2381],[5.9235,47.2401],[5.9244,47.2439],[5.9276,47.248],[5.9317,47.2476],[5.9398,47.2519],[5.9436,47.2504],[5.9529,47.2443],[5.9476,47.2385],[5.9509,47.2367],[5.9488,47.2346],[5.9448,47.2267],[5.9342,47.225],[5.9309,47.225],[5.9287,47.2238]]]},"properties":{"id_ffco":"2024-D25-271","nom":"Serre franois","_dept":"25","numero":"2024-D25-271","commune":"Franois","echelle":"1/7500","surface":"6.42 km²","format":"A3","annee":"2024","cartographes":"Amri Karim, Pourre Alain","proprietaire":"2508 - BALISE 25 BESANCON","niveau":"Initiation, Scolaire","specialite":"CO à pied","contacts":"Balise 25, 1 impasse des chênes, 25000, Besançon, 06 68 87 64 53, contact@balise25.fr","latitude":"47.235621944","longitude":"5.93243686117","date_saisie":"04/07/2024","date_depot":"24/07/2024","valide":"Oui","ppo":"Non","type_carte":"Nouvelle carte","base":"2012-D25-170 Bregille","fond":"Cadastre","obsolete":false}},{"type":"Feature","geometry":{"type":"Polygon","coordinates":[[[6.3498,47.092],[6.3572,47.0941],[6.3684,47.096],[6.3728,47.0958],[6.3731,47.0951],[6.3699,47.0943],[6.3696,47.0921],[6.3698,47.0886],[6.3701,47.0876],[6.374,47.0846],[6.372,47.0838],[6.371,47.0835],[6.37,47.0832],[6.3676,47.0824],[6.3653,47.0801],[6.3645,47.0799],[6.3637,47.0799],[6.3614,47.0799],[6.3578,47.0779],[6.3553,47.0778],[6.3536,47.0786],[6.3531,47.0795],[6.3514,47.0792],[6.3517,47.0805],[6.3514,47.0832],[6.3523,47.0854],[6.3523,47.0875],[6.352,47.0891],[6.3502,47.0913],[6.35,47.0915],[6.3498,47.092]]]},"properties":{"id_ffco":"2024-D25-270","nom":"Le Rocher Charmeux","_dept":"25","numero":"2024-D25-270","commune":"Les premiers sapins","echelle":"1/10000","surface":"2.4 km²","format":"A4","annee":"2024","cartographes":"Manuel Zenevre","proprietaire":"2508 - BALISE 25 BESANCON","niveau":"Régional","specialite":"CO à pied","contacts":"Balise 25, 1 impasse des chênes, 25000, Besançon, 06 68 87 64 53, contact@balise25.fr","latitude":"47.087184746","longitude":"6.36108265465","date_saisie":"13/03/2024","date_depot":"02/07/2024","valide":"Oui","ppo":"Non","type_carte":"Nouvelle carte","fond":"Ortho","obsolete":false}},{"type":"Feature","geometry":null,"properties":{"id_ffco":"1989-D25-27","nom":"MISEREY LOISIRS","_dept":"25","numero":"1989-D25-27","commune":"BESANCON","echelle":"1/10000","surface":"0.7 km²","annee":"1989","proprietaire":"2508 - BALISE 25 BESANCON","specialite":"CO à pied","latitude":"47.2412254","longitude":"6.0255656","valide":"Non","ppo":"Non","obsolete":false}},{"type":"Feature","geometry":{"type":"Polygon","coordinates":[[[6.0167,47.2352],[6.0138,47.2358],[6.0127,47.2349],[6.0113,47.2345],[6.0098,47.2344],[6.0071,47.2339],[6.0065,47.2338],[6.0096,47.2296],[6.0117,47.2303],[6.0141,47.2305],[6.0156,47.2304],[6.0176,47.2311],[6.017,47.2319],[6.0165,47.2333],[6.0165,47.2341],[6.0165,47.2347],[6.0167,47.2352]]]},"properties":{"id_ffco":"2023-D25-269","nom":"Canot","_dept":"25","numero":"2023-D25-269","commune":"Besançon","echelle":"1/4000","surface":"0.35 km²","format":"A4","annee":"2023","cartographes":"Quentin Moulet","proprietaire":"2517 - ORIENTATION TEAM BESANCON","niveau":"Régional","specialite":"Sprint (ISSOM)","latitude":"47.2326317725","longitude":"6.01243567149","date_saisie":"22/10/2023","date_depot":"24/07/2024","valide":"Oui","ppo":"Non","type_carte":"Nouvelle carte","fond":"Ortho","obsolete":false}},{"type":"Feature","geometry":{"type":"Polygon","coordinates":[[[5.9806,47.2285],[5.9841,47.2291],[5.9864,47.229],[5.9866,47.2285],[5.9917,47.2297],[5.9942,47.2305],[5.9992,47.2318],[6.0027,47.2327],[6.0013,47.2366],[6.0027,47.2369],[6.0021,47.2381],[5.9966,47.2373],[5.9949,47.2377],[5.9841,47.2339],[5.9837,47.2331],[5.9818,47.2302],[5.9804,47.2287],[5.9806,47.2285]]]},"properties":{"id_ffco":"2023-D25-268","nom":"Saint-Ferjeux","_dept":"25","numero":"2023-D25-268","commune":"Besançon","echelle":"1/4000","surface":"1.02 km²","format":"A4","annee":"2023","cartographes":"Quentin Moulet","proprietaire":"2517 - ORIENTATION TEAM BESANCON","niveau":"Régional","specialite":"Sprint (ISSOM)","latitude":"47.2332091496","longitude":"5.99240482094","date_saisie":"22/10/2023","date_depot":"24/07/2024","valide":"Oui","ppo":"Non","type_carte":"Nouvelle carte","fond":"Ortho","obsolete":false}},{"type":"Feature","geometry":{"type":"Polygon","coordinates":[[[5.9803,47.2216],[5.9788,47.224],[5.9796,47.227],[5.9805,47.2286],[5.9853,47.2292],[5.9864,47.229],[5.9868,47.2287],[5.9934,47.2302],[5.9954,47.2309],[5.9993,47.2318],[6.0004,47.2296],[6.0013,47.2276],[5.9981,47.2264],[5.9947,47.2246],[5.9917,47.2237],[5.9848,47.2233],[5.9821,47.2223],[5.9811,47.2211],[5.9803,47.2216]]]},"properties":{"id_ffco":"2023-D25-267","nom":"Rosemont","_dept":"25","numero":"2023-D25-267","commune":"Besançon","echelle":"1/4000","surface":"1.03 km²","format":"A3","annee":"2023","cartographes":"Quentin Moulet","proprietaire":"2517 - ORIENTATION TEAM BESANCON","niveau":"Régional","specialite":"Sprint (ISSOM)","latitude":"47.2267533256","longitude":"5.98944389141","date_saisie":"22/10/2023","date_depot":"24/07/2024","valide":"Oui","ppo":"Non","type_carte":"Nouvelle carte","fond":"Ortho","obsolete":false}},{"type":"Feature","geometry":{"type":"Polygon","coordinates":[[[5.9777,47.2261],[5.9637,47.2228],[5.9571,47.221],[5.9555,47.2194],[5.9569,47.2184],[5.9586,47.2178],[5.9595,47.2161],[5.9618,47.2149],[5.9633,47.215],[5.9661,47.2176],[5.9678,47.2173],[5.9699,47.2191],[5.9731,47.2199],[5.9747,47.2191],[5.9759,47.2197],[5.9802,47.221],[5.9789,47.2236],[5.979,47.2254],[5.9777,47.2261]]]},"properties":{"id_ffco":"2023-D25-266","nom":"Planoise","_dept":"25","numero":"2023-D25-266","commune":"Besançon","echelle":"1/4000","surface":"1.1 km²","format":"A3","annee":"2023","cartographes":"Vincent Papon","proprietaire":"2517 - ORIENTATION TEAM BESANCON","niveau":"Régional","specialite":"Sprint (ISSOM)","latitude":"47.220766645","longitude":"5.96803785086","date_saisie":"22/10/2023","date_depot":"24/07/2024","valide":"Oui","ppo":"Non","type_carte":"Nouvelle carte","fond":"Ortho","obsolete":false}},{"type":"Feature","geometry":{"type":"Polygon","coordinates":[[[5.9118,47.2683],[5.9123,47.2709],[5.9106,47.2725],[5.9086,47.2727],[5.9065,47.2743],[5.9052,47.2742],[5.9008,47.2736],[5.8988,47.2728],[5.8965,47.2725],[5.8916,47.2696],[5.8905,47.2674],[5.8926,47.2652],[5.8946,47.2635],[5.8972,47.2626],[5.9003,47.2615],[5.8996,47.2601],[5.9037,47.2599],[5.9091,47.2588],[5.9112,47.2605],[5.9159,47.2608],[5.9195,47.2621],[5.9195,47.264],[5.9167,47.2656],[5.913,47.2678],[5.9118,47.2683]]]},"properties":{"id_ffco":"2023-D25-265","nom":"Pelousey","_dept":"25","numero":"2023-D25-265","commune":"Pelousey","echelle":"1/10000","surface":"2.32 km²","format":"A4","annee":"2023","cartographes":"Marian Cotirta","proprietaire":"2517 - ORIENTATION TEAM BESANCON","niveau":"Régional","specialite":"CO à pied","latitude":"47.2664103229","longitude":"5.90464073823","date_saisie":"22/10/2023","date_depot":"24/07/2024","valide":"Oui","ppo":"Non","type_carte":"Reprise","base":"2015-D25-198 Bois de Chanois","fond":"Ortho","obsolete":false}},{"type":"Feature","geometry":{"type":"Polygon","coordinates":[[[5.99,47.3043],[5.9893,47.3054],[5.9877,47.3056],[5.986,47.3059],[5.9836,47.3048],[5.9808,47.3037],[5.978,47.3007],[5.9761,47.2994],[5.9745,47.2979],[5.9714,47.2952],[5.9696,47.2927],[5.9722,47.2897],[5.9718,47.2889],[5.9728,47.2884],[5.9759,47.2887],[5.9818,47.2915],[5.983,47.2922],[5.9874,47.2965],[5.99,47.3043]]]},"properties":{"id_ffco":"2023-D25-264","nom":"Bois de Miserey","_dept":"25","numero":"2023-D25-264","commune":"Miserey salines","echelle":"1/10000","surface":"1.57 km²","format":"A4","annee":"2023","cartographes":"Marian Cotirta","proprietaire":"2517 - ORIENTATION TEAM BESANCON","niveau":"Régional","specialite":"CO à pied","latitude":"47.2969169858","longitude":"5.98025426065","date_saisie":"22/10/2023","date_depot":"24/07/2024","valide":"Oui","ppo":"Non","type_carte":"Nouvelle carte","fond":"Ortho","obsolete":false}},{"type":"Feature","geometry":{"type":"Polygon","coordinates":[[[5.9879,47.1289],[5.9884,47.1325],[5.9898,47.1382],[5.9851,47.1382],[5.9791,47.1355],[5.9774,47.1332],[5.9768,47.1315],[5.9767,47.1296],[5.9762,47.1281],[5.9778,47.126],[5.977,47.124],[5.976,47.1232],[5.977,47.1211],[5.9698,47.1228],[5.9676,47.1204],[5.9633,47.1176],[5.9621,47.1155],[5.9637,47.1127],[5.9672,47.111],[5.9703,47.1086],[5.9782,47.1062],[5.9804,47.1052],[5.9849,47.1015],[5.9893,47.1027],[5.9985,47.1082],[6.0051,47.1132],[6.0127,47.1178],[6.0106,47.1199],[6.0051,47.1204],[6.004,47.1215],[6.0014,47.1221],[5.9989,47.1229],[5.9963,47.125],[5.9933,47.126],[5.9928,47.127],[5.9903,47.1287],[5.9888,47.129],[5.9879,47.1289]]]},"properties":{"id_ffco":"2023-D25-263","nom":"Epeugney 1","_dept":"25","numero":"2023-D25-263","commune":"Epeugney","echelle":"1/15000","surface":"7.3 km²","format":"A3","annee":"2023","cartographes":"Rafael Miguel","proprietaire":"2517 - ORIENTATION TEAM BESANCON","niveau":"National, International","specialite":"CO à pied","latitude":"47.1178052326","longitude":"5.98578425002","date_saisie":"22/10/2023","date_depot":"24/07/2024","valide":"Oui","ppo":"Non","type_carte":"Reprise","base":"2009-D25-153 Bois Marquis","fond":"Ortho","obsolete":false}},{"type":"Feature","geometry":{"type":"Polygon","coordinates":[[[5.9436,47.2143],[5.9525,47.2104],[5.9595,47.2096],[5.96,47.209],[5.9583,47.2069],[5.9559,47.202],[5.9567,47.2005],[5.9491,47.1975],[5.946,47.1942],[5.946,47.1914],[5.9448,47.1907],[5.9419,47.1905],[5.9395,47.1912],[5.9315,47.1917],[5.9271,47.1923],[5.9259,47.1918],[5.9253,47.1988],[5.9266,47.1997],[5.9269,47.201],[5.9299,47.2067],[5.9335,47.2108],[5.9365,47.2123],[5.9391,47.2128],[5.9436,47.2143]]]},"properties":{"id_ffco":"2023-D25-262","nom":"Mare Morel VTT","_dept":"25","numero":"2023-D25-262","commune":"Avanne-Aveney","echelle":"1/10000","surface":"4.45 km²","format":"A4","annee":"2023","cartographes":"Alain Ruaud, Loic Lonchampt","proprietaire":"2508 - BALISE 25 BESANCON","niveau":"Régional","specialite":"CO à VTT","contacts":"Balise 25, 1 impasse des chênes, 25000, Besançon, 06 68 87 64 53, contact@balise25.fr","latitude":"47.2022013156","longitude":"5.94113136625","date_saisie":"29/05/2023","date_depot":"19/07/2023","valide":"Oui","ppo":"Non","type_carte":"Nouvelle carte","fond":"IGN","obsolete":false}},{"type":"Feature","geometry":null,"properties":{"id_ffco":"2022-D25-261","nom":"Le Fort Benoit 2","_dept":"25","numero":"2022-D25-261","surface":"None km²","annee":"2022","date_saisie":"06/04/2022","valide":"Non","ppo":"Non","obsolete":false}},{"type":"Feature","geometry":{"type":"Polygon","coordinates":[[[6.0702,47.2573],[6.0696,47.2553],[6.0678,47.2544],[6.0678,47.2552],[6.0658,47.2553],[6.0648,47.2536],[6.0635,47.253],[6.0623,47.2523],[6.0611,47.252],[6.0599,47.2524],[6.0589,47.2531],[6.0581,47.2537],[6.0568,47.2564],[6.0552,47.2582],[6.0535,47.2587],[6.0524,47.2591],[6.0521,47.2606],[6.0514,47.2602],[6.0512,47.2609],[6.0502,47.2615],[6.0533,47.2621],[6.056,47.2615],[6.058,47.2609],[6.0593,47.26],[6.0605,47.2589],[6.0625,47.2582],[6.0644,47.2579],[6.0672,47.2575],[6.0693,47.2571],[6.0702,47.2573]]]},"properties":{"id_ffco":"2022-D25-260","nom":"Le Fort Benoit","_dept":"25","numero":"2022-D25-260","commune":"Chalezeule","echelle":"1/6000","surface":"0.67 km²","format":"A4","annee":"2022","cartographes":"Alain Ruaud","proprietaire":"2508 - BALISE 25 BESANCON","niveau":"Départemental","specialite":"CO à pied","latitude":"47.2570583256","longitude":"6.06023351681","date_saisie":"06/04/2022","date_depot":"04/05/2022","valide":"Oui","ppo":"Non","type_carte":"Reprise","base":"2009-D25-151 Le Fort Benoit","fond":"Ortho","obsolete":false}},{"type":"Feature","geometry":null,"properties":{"id_ffco":"1989-D25-26","nom":"CHAILLE LOISIR","_dept":"25","numero":"1989-D25-26","commune":"BESANCON","echelle":"1/10000","surface":"1.5 km²","annee":"1989","proprietaire":"2508 - BALISE 25 BESANCON","specialite":"CO à pied","latitude":"47.2412254","longitude":"6.0255656","valide":"Non","ppo":"Non","obsolete":false}},{"type":"Feature","geometry":null,"properties":{"id_ffco":"1989-D25-26","nom":"THEATRE FORESTIER","_dept":"25","numero":"1989-D25-26","commune":"PONTARLIER","echelle":"1/10000","surface":"1.7 km²","annee":"1989","proprietaire":"2507","specialite":"CO à pied","latitude":"46.9020963","longitude":"6.3590849","valide":"Non","ppo":"Non","obsolete":false}},{"type":"Feature","geometry":{"type":"Polygon","coordinates":[[[5.9556,47.2755],[5.9549,47.2743],[5.9519,47.2714],[5.9468,47.2673],[5.946,47.2666],[5.9434,47.2655],[5.9408,47.2628],[5.9386,47.2617],[5.9366,47.2613],[5.935,47.263],[5.9359,47.2643],[5.9378,47.2651],[5.9391,47.2674],[5.941,47.2696],[5.9433,47.2724],[5.9447,47.2733],[5.9471,47.2747],[5.9486,47.2759],[5.951,47.2767],[5.9556,47.2755]]]},"properties":{"id_ffco":"2022-D25-259","nom":"Pouilley-les-vignes","_dept":"25","numero":"2022-D25-259","commune":"Pouilley-les-vignes","echelle":"1/10000","surface":"0.92 km²","format":"A4","annee":"2022","cartographes":"COTIRTA Marian","proprietaire":"2517 - ORIENTATION TEAM BESANCON","niveau":"Régional","specialite":"CO à pied","contacts":"Orientation Team Besançon, 8 rue du Maréchal Liautey, 25000, Besançon, 06 98 54 61 33","latitude":"47.2695658312","longitude":"5.9452513508","date_saisie":"29/03/2022","date_depot":"05/01/2023","valide":"Oui","ppo":"Non","type_carte":"Reprise","base":"2014-D25-189 Le Mont dePouilley-les-Vignes","fond":"Ortho","obsolete":false}},{"type":"Feature","geometry":{"type":"Polygon","coordinates":[[[6.1103,47.2063],[6.1091,47.2005],[6.1089,47.1981],[6.1096,47.1971],[6.1154,47.1974],[6.1201,47.1919],[6.127,47.1946],[6.1273,47.1957],[6.1296,47.1965],[6.1292,47.1988],[6.1337,47.203],[6.1247,47.206],[6.1192,47.2067],[6.1154,47.207],[6.1103,47.2063]]]},"properties":{"id_ffco":"2022-D25-258","nom":"Bois Blanc de Saône","_dept":"25","numero":"2022-D25-258","commune":"Saône","echelle":"1/10000","surface":"1.98 km²","format":"A4","annee":"2022","cartographes":"COTIRTA Marian","proprietaire":"2517 - ORIENTATION TEAM BESANCON","niveau":"Régional","specialite":"CO à pied","contacts":"Orientation Team Besançon, 8 rue du Maréchal Liautey, 25000, Besançon, 06 98 54 61 33","latitude":"47.2005739144","longitude":"6.12027552039","date_saisie":"29/03/2022","date_depot":"05/01/2023","valide":"Oui","ppo":"Non","type_carte":"Reprise","base":"2014-D25-191 Le Bois Blanc de Saone","fond":"Ortho","obsolete":false}},{"type":"Feature","geometry":{"type":"Polygon","coordinates":[[[6.0857,47.1994],[6.0852,47.1988],[6.0761,47.1981],[6.0674,47.1969],[6.0643,47.1963],[6.0616,47.1953],[6.0651,47.1917],[6.0686,47.1891],[6.0697,47.187],[6.0762,47.1872],[6.0855,47.1867],[6.0873,47.189],[6.0901,47.1931],[6.0906,47.1941],[6.0896,47.1946],[6.0901,47.196],[6.089,47.1969],[6.0895,47.1975],[6.0857,47.1994]]]},"properties":{"id_ffco":"2022-D25-257","nom":"Bois d'Aglans","_dept":"25","numero":"2022-D25-257","commune":"Saone","echelle":"1/10000","surface":"2.15 km²","format":"A4","annee":"2022","cartographes":"COTIRTA Marian","proprietaire":"2517 - ORIENTATION TEAM BESANCON","niveau":"Régional","specialite":"CO à pied","contacts":"Orientation Team Besançon, 8 rue du Maréchal Liautey, 25000, Besançon, 06 98 54 61 33","latitude":"47.1929009553","longitude":"6.07751854633","date_saisie":"29/03/2022","date_depot":"05/01/2023","valide":"Oui","ppo":"Non","type_carte":"Reprise","base":"2014-D25-185 Bois d'Aglans","fond":"Ortho","obsolete":false}},{"type":"Feature","geometry":{"type":"Polygon","coordinates":[[[6.0395,47.2974],[6.0425,47.2998],[6.0417,47.3007],[6.0402,47.3017],[6.0372,47.3037],[6.0326,47.3007],[6.0307,47.2996],[6.0244,47.2973],[6.0233,47.2956],[6.0222,47.2922],[6.0229,47.2909],[6.0244,47.2877],[6.025,47.2842],[6.0251,47.282],[6.0272,47.2798],[6.0282,47.2782],[6.0295,47.2772],[6.0331,47.2789],[6.0344,47.2784],[6.042,47.2846],[6.0478,47.2898],[6.0395,47.2974]]]},"properties":{"id_ffco":"2022-D25-256","nom":"Chailluz Ouest","_dept":"25","numero":"2022-D25-256","commune":"Besançon","echelle":"1/10000","surface":"3.32 km²","format":"A4","annee":"2022","cartographes":"RUAUD Alain","proprietaire":"2508 - BALISE 25 BESANCON","niveau":"Régional","specialite":"CO à pied","contacts":"Balise 25, 1 impasse des chênes, 25000, Besançon, 06 68 87 64 53, contact@balise25.fr","latitude":"47.2903307057","longitude":"6.03381168732","date_saisie":"25/03/2022","date_depot":"05/01/2023","valide":"Oui","ppo":"Non","type_carte":"Reprise","base":"1982-D25-05 CHAILLUZ OUEST","fond":"Ortho","obsolete":false}},{"type":"Feature","geometry":{"type":"Polygon","coordinates":[[[6.0383,47.2378],[6.0418,47.2394],[6.0482,47.2419],[6.0518,47.2437],[6.0547,47.2452],[6.0582,47.2455],[6.06,47.2464],[6.0621,47.2459],[6.0614,47.2442],[6.0595,47.2411],[6.0588,47.238],[6.0579,47.2357],[6.0558,47.2341],[6.0532,47.2328],[6.0509,47.2321],[6.0489,47.2322],[6.0472,47.2325],[6.0446,47.2328],[6.0419,47.2336],[6.0399,47.2345],[6.0391,47.2352],[6.0385,47.2362],[6.0382,47.237],[6.0383,47.2378]]]},"properties":{"id_ffco":"2022-D25-255","nom":"Le grand désert VTT","_dept":"25","numero":"2022-D25-255","commune":"Besançon","echelle":"1/7500","surface":"1.6 km²","format":"A3","annee":"2022","cartographes":"Lonchampt Loic","proprietaire":"2508 - BALISE 25 BESANCON","niveau":"Régional","specialite":"CO à VTT","contacts":"Balise 25, 1 impasse des chênes, 25000, Besançon, 06 68 87 64 53, contact@balise25.fr","latitude":"47.2384451162","longitude":"6.05075125411","date_saisie":"16/03/2022","date_depot":"05/01/2023","valide":"Oui","ppo":"Non","type_carte":"Nouvelle carte","fond":"Ortho","obsolete":false}},{"type":"Feature","geometry":{"type":"Polygon","coordinates":[[[6.0069,47.1411],[6.009,47.148],[6.0061,47.1478],[6.0035,47.145],[5.9997,47.1442],[5.9963,47.143],[5.993,47.1429],[5.9894,47.1414],[5.989,47.1394],[5.9897,47.1378],[5.988,47.1361],[5.988,47.1349],[5.9857,47.1308],[5.9842,47.1285],[5.989,47.1289],[5.9928,47.127],[5.9935,47.1257],[5.9963,47.1249],[5.999,47.1228],[6.0043,47.1214],[6.0051,47.1203],[6.0105,47.1198],[6.0121,47.1179],[6.0163,47.1168],[6.0216,47.1221],[6.0102,47.1346],[6.0091,47.1359],[6.0093,47.1382],[6.0069,47.1411]]]},"properties":{"id_ffco":"2022-D25-254","nom":"Epeugney 2 Le Grand Bois","_dept":"25","numero":"2022-D25-254","commune":"Epeugney","echelle":"1/10000","surface":"4.67 km²","format":"A3","annee":"2022","cartographes":"CARTOMATT","proprietaire":"2517 - ORIENTATION TEAM BESANCON","niveau":"National, International","specialite":"CO à pied","contacts":"Orientation Team Besançon, 8 rue du Maréchal Liautey, 25000, Besançon, 06 98 54 61 33","latitude":"47.1314694011","longitude":"6.00291403236","date_saisie":"29/03/2022","date_depot":"05/01/2023","valide":"Oui","ppo":"Non","type_carte":"Reprise","base":"2010-D25-160 LE GRAND BOIS","fond":"Ortho","obsolete":false}},{"type":"Feature","geometry":{"type":"Polygon","coordinates":[[[5.9685,47.1961],[5.9692,47.1951],[5.9716,47.1946],[5.9746,47.195],[5.9759,47.1949],[5.9782,47.1953],[5.9798,47.1957],[5.9822,47.1944],[5.9837,47.1932],[5.9817,47.1922],[5.9799,47.1914],[5.9747,47.1894],[5.9725,47.1887],[5.9712,47.1891],[5.9684,47.1877],[5.9677,47.1872],[5.9661,47.1878],[5.9661,47.1891],[5.9664,47.1909],[5.9659,47.1938],[5.9662,47.1947],[5.9672,47.1953],[5.9683,47.1961],[5.9685,47.1961]]]},"properties":{"id_ffco":"2021-D25-253","nom":"Bois de Valmy","_dept":"25","numero":"2021-D25-253","commune":"Larnod","echelle":"1/10000","surface":"0.76 km²","format":"A4","annee":"2021","cartographes":"FOLTZER Alain","proprietaire":"2517 - ORIENTATION TEAM BESANCON","niveau":"Départemental","specialite":"CO à pied","contacts":"Orientation Team Besançon, 8 rue du Maréchal Liautey, 25000, Besançon, 06 98 54 61 33","latitude":"47.1921716952","longitude":"5.97310728786","date_saisie":"29/03/2022","date_depot":"05/01/2023","valide":"Oui","ppo":"Non","type_carte":"Nouvelle carte","fond":"Ortho","obsolete":false}},{"type":"Feature","geometry":{"type":"Polygon","coordinates":[[[6.024,47.2454],[6.0238,47.2438],[6.0242,47.2431],[6.0259,47.2428],[6.0259,47.2426],[6.0287,47.2422],[6.0292,47.2421],[6.0294,47.2425],[6.0309,47.2422],[6.0319,47.242],[6.0327,47.2414],[6.0339,47.2397],[6.0339,47.2391],[6.0344,47.2388],[6.0358,47.2394],[6.035,47.2405],[6.0349,47.2413],[6.0369,47.2412],[6.0382,47.2414],[6.0395,47.2414],[6.0397,47.2416],[6.0412,47.2422],[6.0424,47.2422],[6.0422,47.2435],[6.0425,47.2438],[6.044,47.2444],[6.0437,47.2449],[6.0447,47.2459],[6.045,47.2475],[6.0443,47.2485],[6.0435,47.2499],[6.0406,47.2507],[6.0358,47.2518],[6.0335,47.252],[6.0315,47.2518],[6.0303,47.2515],[6.0268,47.2501],[6.0233,47.2487],[6.0207,47.247],[6.0216,47.2462],[6.0228,47.2464],[6.0239,47.2456],[6.024,47.2454]]]},"properties":{"id_ffco":"2021-D25-252","nom":"Besançon - Les chaprais","_dept":"25","numero":"2021-D25-252","commune":"Besançon","echelle":"1/4000","surface":"1.59 km²","format":"+","annee":"2021","cartographes":"MOULET Quentin","proprietaire":"2517 - ORIENTATION TEAM BESANCON","niveau":"Régional","specialite":"Sprint (ISSOM)","contacts":"Orientation Team Besançon, 8 rue du Maréchal Liautey, 25000, Besançon, 06 98 54 61 33","latitude":"47.2464150902","longitude":"6.03385470014","date_saisie":"29/03/2022","date_depot":"05/01/2023","valide":"Oui","ppo":"Non","type_carte":"Nouvelle carte","fond":"Ortho","obsolete":false}},{"type":"Feature","geometry":{"type":"Polygon","coordinates":[[[6.0156,47.2355],[6.0205,47.2344],[6.0198,47.2328],[6.0223,47.2324],[6.023,47.2331],[6.024,47.2326],[6.0283,47.2354],[6.0314,47.2355],[6.0332,47.236],[6.0341,47.235],[6.0357,47.2359],[6.0336,47.2384],[6.0325,47.2402],[6.0292,47.2419],[6.0259,47.2424],[6.0237,47.2424],[6.0232,47.243],[6.023,47.2432],[6.0224,47.2432],[6.0219,47.2435],[6.0217,47.244],[6.0215,47.2445],[6.0194,47.2443],[6.018,47.2442],[6.0173,47.2433],[6.0157,47.2432],[6.0155,47.2416],[6.0153,47.2406],[6.0148,47.2381],[6.0153,47.2359],[6.0156,47.2355]]]},"properties":{"id_ffco":"2021-D25-251","nom":"Besançon - La Boucle","_dept":"25","numero":"2021-D25-251","commune":"Besançon","echelle":"1/4000","surface":"1.28 km²","format":"+","annee":"2021","cartographes":"CHATELAIN Grégoire, TINCHANT Johan","proprietaire":"2517 - ORIENTATION TEAM BESANCON","niveau":"Régional","specialite":"Sprint (ISSOM)","contacts":"Orientation Team Besançon, 8 rue du Maréchal Liautey, 25000, Besançon, 06 98 54 61 33","latitude":"47.2384713732","longitude":"6.02363477691","date_saisie":"29/03/2022","date_depot":"05/01/2023","valide":"Oui","ppo":"Non","type_carte":"Reprise","base":"2008-D25-125 LA BOUCLE","fond":"Ortho","obsolete":false}},{"type":"Feature","geometry":{"type":"Polygon","coordinates":[[[6.856,47.4531],[6.8563,47.4542],[6.8573,47.4553],[6.8575,47.4567],[6.8593,47.457],[6.8596,47.4573],[6.8607,47.4576],[6.8618,47.4567],[6.8634,47.4562],[6.867,47.4557],[6.8682,47.456],[6.8733,47.454],[6.8746,47.4531],[6.874,47.4506],[6.8754,47.4466],[6.877,47.4441],[6.8751,47.4421],[6.8693,47.4382],[6.8661,47.4394],[6.863,47.4388],[6.8606,47.4398],[6.8595,47.4411],[6.8595,47.4423],[6.8582,47.444],[6.8576,47.4455],[6.857,47.4484],[6.857,47.4495],[6.8557,47.4513],[6.856,47.4531]]]},"properties":{"id_ffco":"2021-D25-250","nom":"Seloncourt : les essarts","_dept":"25","numero":"2021-D25-250","commune":"Seloncourt","echelle":"1/10000","surface":"2.4 km²","format":"A4","annee":"2021","cartographes":"GUTSCHENRITTER Guy","proprietaire":"2517 - ORIENTATION TEAM BESANCON","niveau":"Régional","specialite":"CO à pied","latitude":"47.4478422743","longitude":"6.86588546641","date_saisie":"29/03/2022","date_depot":"05/01/2023","valide":"Oui","ppo":"Non","type_carte":"Nouvelle carte","fond":"IGN","obsolete":false}},{"type":"Feature","geometry":null,"properties":{"id_ffco":"1982-D25-25","nom":"VERRIERES DU GROS BOIS","_dept":"25","numero":"1982-D25-25","commune":"BESANCON","echelle":"1/15000","surface":"6.0 km²","annee":"1982","niveau":"Interrégional","specialite":"CO à pied","latitude":"47.2412254","longitude":"6.0255656","valide":"Non","ppo":"Non","obsolete":false}},{"type":"Feature","geometry":{"type":"Polygon","coordinates":[[[6.0423,47.2652],[6.0423,47.2655],[6.043,47.2658],[6.044,47.2664],[6.0451,47.2669],[6.0454,47.2671],[6.0464,47.2661],[6.0461,47.2658],[6.0465,47.2656],[6.0465,47.2654],[6.0461,47.2651],[6.0459,47.2647],[6.0453,47.2637],[6.0443,47.2636],[6.0438,47.2635],[6.0429,47.2632],[6.0412,47.2628],[6.0409,47.2632],[6.041,47.2635],[6.0409,47.2636],[6.0409,47.2644],[6.0423,47.2652]]]},"properties":{"id_ffco":"2021-D25-249","nom":"Lycée Pergaud","_dept":"25","numero":"2021-D25-249","commune":"Besançon","echelle":"1/4000","surface":"0.11 km²","format":"A5","annee":"2021","cartographes":"GUTSCHENRITTER Guy","proprietaire":"2517 - ORIENTATION TEAM BESANCON","niveau":"Initiation, Scolaire","specialite":"Sprint (ISSOM)","contacts":"Orientation Team Besançon, 8 rue du Maréchal Liautey, 25000, Besançon, 06 98 54 61 33","latitude":"47.264804299","longitude":"6.04375415685","date_saisie":"29/03/2022","date_depot":"05/01/2023","valide":"Oui","ppo":"Non","type_carte":"Nouvelle carte","fond":"Ortho","obsolete":false}},{"type":"Feature","geometry":{"type":"Polygon","coordinates":[[[6.0651,47.2879],[6.0655,47.2885],[6.0662,47.289],[6.0662,47.2895],[6.0662,47.2902],[6.0662,47.2908],[6.066,47.2913],[6.0655,47.2919],[6.0625,47.2946],[6.0603,47.2965],[6.0599,47.2967],[6.0624,47.2988],[6.06,47.3008],[6.0567,47.3035],[6.0555,47.3052],[6.0512,47.3048],[6.0509,47.3047],[6.0511,47.3044],[6.051,47.3038],[6.0509,47.3029],[6.0509,47.3017],[6.0515,47.3007],[6.0511,47.2999],[6.0504,47.2999],[6.05,47.2998],[6.0495,47.2994],[6.0495,47.2988],[6.0497,47.2982],[6.0482,47.2986],[6.0472,47.2986],[6.0466,47.2988],[6.0459,47.2988],[6.0453,47.2987],[6.0449,47.2987],[6.0434,47.2993],[6.0431,47.2996],[6.0425,47.2999],[6.0422,47.2997],[6.0421,47.2993],[6.0413,47.2984],[6.0411,47.2981],[6.0406,47.2978],[6.0402,47.2977],[6.0397,47.2976],[6.0394,47.2975],[6.0396,47.2973],[6.0426,47.2944],[6.0472,47.2901],[6.0477,47.2896],[6.0463,47.287],[6.0461,47.2865],[6.0461,47.286],[6.0453,47.2851],[6.044,47.2837],[6.0443,47.2829],[6.0436,47.2825],[6.0427,47.2822],[6.0427,47.2815],[6.0428,47.2809],[6.0418,47.2799],[6.0414,47.2791],[6.0407,47.2786],[6.0402,47.2775],[6.0404,47.2775],[6.0418,47.2785],[6.0466,47.2793],[6.0494,47.2796],[6.0513,47.2799],[6.0569,47.2798],[6.0589,47.2798],[6.0598,47.2798],[6.06,47.2797],[6.0609,47.2815],[6.0617,47.2827],[6.0623,47.2835],[6.0632,47.2843],[6.0639,47.2854],[6.0643,47.2863],[6.0646,47.2868],[6.0647,47.2869],[6.0651,47.2879]]]},"properties":{"id_ffco":"2020-D25-246","nom":"Le Creux Vivier","_dept":"25","numero":"2020-D25-246","commune":"Besançon","echelle":"1/10000","surface":"3.53 km²","format":"A4","annee":"2020","proprietaire":"2508 - BALISE 25 BESANCON","niveau":"Interrégional","specialite":"CO à pied","latitude":"47.2907912112","longitude":"6.05357329993","date_saisie":"09/12/2020","date_depot":"21/01/2021","valide":"Oui","ppo":"Non","type_carte":"Reprise","base":"2014-D25-187 Les Trois Charmes","fond":"Cadastre","obsolete":false}},{"type":"Feature","geometry":{"type":"Polygon","coordinates":[[[5.995,47.2431],[5.9968,47.2429],[5.9982,47.2428],[5.9991,47.2427],[6.0002,47.2424],[6.0011,47.2429],[6.0019,47.2428],[6.0022,47.2428],[6.0024,47.2435],[6.0027,47.2443],[6.0028,47.245],[6.0016,47.2456],[6.0004,47.246],[5.9995,47.2461],[5.9991,47.2462],[5.9989,47.2459],[5.9988,47.2451],[5.9979,47.2447],[5.9969,47.2448],[5.9962,47.2442],[5.995,47.2431]]]},"properties":{"id_ffco":"2020-D25-245","nom":"COMPLEXE SPORTIF LEO LAGRANGE 2","_dept":"25","numero":"2020-D25-245","commune":"Besançon","echelle":"1/2500","surface":"0.15 km²","format":"A4","annee":"2020","cartographes":"Jacques ABISSE","proprietaire":"2508 - BALISE 25 BESANCON","niveau":"Régional","specialite":"CO à pied","latitude":"47.2441119337","longitude":"5.99952798416","date_saisie":"27/11/2020","date_depot":"21/01/2021","valide":"Oui","ppo":"Non","type_carte":"Reprise","base":"2007-D25-126 COMPLEXE SPORTIF LEO LAGRANGE","fond":"Cadastre","obsolete":false}},{"type":"Feature","geometry":{"type":"Polygon","coordinates":[[[6.3247,47.1437],[6.3227,47.1447],[6.3202,47.146],[6.3192,47.1468],[6.3184,47.1473],[6.3186,47.1477],[6.3188,47.148],[6.3168,47.149],[6.3156,47.1495],[6.3157,47.1502],[6.3137,47.1506],[6.3122,47.1511],[6.3111,47.1513],[6.3101,47.1505],[6.3092,47.1497],[6.3083,47.1486],[6.3075,47.1478],[6.3072,47.1466],[6.3063,47.1456],[6.3053,47.1445],[6.3039,47.1431],[6.301,47.1409],[6.2986,47.1391],[6.2973,47.1382],[6.2962,47.1372],[6.2973,47.1367],[6.2978,47.1362],[6.2995,47.137],[6.3014,47.1356],[6.3031,47.1343],[6.3047,47.1346],[6.3065,47.1349],[6.3078,47.1356],[6.3096,47.1361],[6.3119,47.1366],[6.3134,47.1369],[6.3146,47.1372],[6.3157,47.1377],[6.3165,47.1381],[6.3176,47.1384],[6.3191,47.1397],[6.3202,47.1404],[6.3212,47.141],[6.3219,47.1417],[6.3234,47.1425],[6.3243,47.1434],[6.3247,47.1437]]]},"properties":{"id_ffco":"2020-D25-244","nom":"Le Prélot 2","_dept":"25","numero":"2020-D25-244","commune":"Valdahon","echelle":"1/10000","surface":"1.99 km²","format":"A4","annee":"2020","cartographes":"Pourre Alain","proprietaire":"2508 - BALISE 25 BESANCON","niveau":"Interrégional","specialite":"CO à pied","latitude":"47.1421913193","longitude":"6.31088776157","date_saisie":"26/10/2020","date_depot":"21/01/2021","valide":"Oui","ppo":"Non","type_carte":"Reprise","base":"2017-D25-220 Le Prélot 2","fond":"Cadastre","obsolete":false}},{"type":"Feature","geometry":{"type":"Polygon","coordinates":[[[6.3652,46.894],[6.3651,46.8824],[6.3658,46.8816],[6.3663,46.8815],[6.3673,46.882],[6.3687,46.8827],[6.3701,46.8832],[6.3713,46.8834],[6.3728,46.8835],[6.374,46.8832],[6.3755,46.8828],[6.377,46.8823],[6.3781,46.8817],[6.3792,46.8817],[6.3782,46.8829],[6.3782,46.8843],[6.378,46.8853],[6.3785,46.8863],[6.3799,46.8865],[6.3801,46.8872],[6.3801,46.8881],[6.3805,46.8885],[6.3806,46.8894],[6.3808,46.8903],[6.3813,46.8912],[6.3793,46.8929],[6.379,46.8931],[6.3779,46.8929],[6.3768,46.8931],[6.3754,46.8935],[6.3739,46.8939],[6.3735,46.8945],[6.3737,46.8957],[6.3737,46.8966],[6.3729,46.8967],[6.3717,46.8963],[6.3698,46.8955],[6.368,46.8948],[6.3649,46.8946],[6.3652,46.894]]]},"properties":{"id_ffco":"2020-D25-243","nom":"Les Rosiers","_dept":"25","numero":"2020-D25-243","commune":"Pontarlier","echelle":"1/7500","surface":"1.46 km²","format":"A4","annee":"2020","cartographes":"Vuillemin Michel","proprietaire":"2508 - BALISE 25 BESANCON","niveau":"Interrégional","specialite":"CO à pied","latitude":"46.8888159603","longitude":"6.37214190171","date_saisie":"26/10/2020","date_depot":"21/01/2021","valide":"Oui","ppo":"Non","type_carte":"Nouvelle carte","fond":"Cadastre","obsolete":false}},{"type":"Feature","geometry":{"type":"Polygon","coordinates":[[[6.3227,46.8612],[6.3262,46.8627],[6.3275,46.8638],[6.3288,46.8645],[6.3309,46.8649],[6.3321,46.8654],[6.3277,46.8729],[6.3277,46.8734],[6.3281,46.8737],[6.3285,46.8739],[6.3289,46.8738],[6.3299,46.874],[6.3306,46.8737],[6.3319,46.8736],[6.3333,46.8734],[6.3346,46.8733],[6.3353,46.8734],[6.3372,46.874],[6.3397,46.8748],[6.3403,46.8745],[6.3409,46.8745],[6.3414,46.8747],[6.3417,46.8749],[6.3422,46.8752],[6.343,46.8752],[6.3436,46.8752],[6.345,46.8756],[6.3454,46.8755],[6.3458,46.8751],[6.3462,46.8748],[6.3463,46.8745],[6.3464,46.8741],[6.3466,46.8737],[6.3468,46.8734],[6.347,46.8727],[6.3471,46.8721],[6.3495,46.871],[6.3514,46.8698],[6.3523,46.8693],[6.353,46.8688],[6.3537,46.868],[6.3531,46.867],[6.3501,46.8658],[6.3489,46.8648],[6.3464,46.8634],[6.3447,46.8634],[6.3431,46.8625],[6.34,46.8615],[6.3361,46.8602],[6.334,46.86],[6.332,46.8589],[6.3303,46.8585],[6.3294,46.8576],[6.3271,46.8579],[6.3255,46.8577],[6.3243,46.8579],[6.3237,46.8586],[6.323,46.8596],[6.3227,46.8612]]]},"properties":{"id_ffco":"2020-D25-242","nom":"Combe à Point","_dept":"25","numero":"2020-D25-242","commune":"Oye et Pallet","echelle":"1/10000","surface":"2.49 km²","format":"A4","annee":"2020","proprietaire":"2508 - BALISE 25 BESANCON","niveau":"Interrégional","specialite":"CO à pied","contacts":"Balise 25, 1 impasse des chênes, 25000, Besançon, 06 68 87 64 53, contact@balise25.fr","latitude":"46.8669305403","longitude":"6.3378832709","date_saisie":"26/10/2020","date_depot":"21/01/2021","valide":"Oui","ppo":"Non","type_carte":"Reprise","base":"1982-D25-58 GRANGES DESSUS","fond":"Cadastre","obsolete":false}},{"type":"Feature","geometry":{"type":"Polygon","coordinates":[[[6.3726,47.1598],[6.3749,47.161],[6.3758,47.1614],[6.3772,47.1612],[6.3783,47.1603],[6.3844,47.1553],[6.3846,47.155],[6.384,47.1536],[6.3833,47.1527],[6.3825,47.152],[6.3817,47.1514],[6.3811,47.1509],[6.3807,47.1503],[6.3803,47.1497],[6.3797,47.149],[6.3792,47.1483],[6.3779,47.1464],[6.3766,47.1462],[6.3732,47.1463],[6.3713,47.1464],[6.3682,47.1468],[6.367,47.1473],[6.3651,47.148],[6.3633,47.1499],[6.3608,47.1518],[6.3569,47.1551],[6.359,47.1559],[6.3599,47.1567],[6.361,47.1569],[6.3622,47.1575],[6.3642,47.1577],[6.3652,47.1581],[6.3664,47.1588],[6.3671,47.1592],[6.3683,47.1595],[6.3707,47.1592],[6.3726,47.1598]]]},"properties":{"id_ffco":"2020-D25-241","nom":"Les Epesses VTT","_dept":"25","numero":"2020-D25-241","commune":"Valdahon 25800","echelle":"1/10000","surface":"2.19 km²","format":"A4","annee":"2020","cartographes":"Loïc Lonchampt","proprietaire":"2508 - BALISE 25 BESANCON","niveau":"Interrégional","specialite":"CO à VTT","latitude":"47.1535359003","longitude":"6.37188243121","date_saisie":"21/09/2020","date_depot":"09/10/2020","valide":"Oui","ppo":"Non","type_carte":"Nouvelle carte","fond":"Cadastre","obsolete":false}},{"type":"Feature","geometry":{"type":"Polygon","coordinates":[[[6.0711,47.2929],[6.0742,47.2969],[6.0771,47.298],[6.0796,47.2986],[6.0825,47.3008],[6.0862,47.3031],[6.0881,47.3051],[6.0895,47.3068],[6.0926,47.3089],[6.0964,47.3101],[6.0982,47.311],[6.1005,47.3119],[6.1028,47.3114],[6.1036,47.31],[6.1052,47.3092],[6.1086,47.3099],[6.115,47.3121],[6.1204,47.3142],[6.1237,47.3161],[6.125,47.315],[6.1268,47.3133],[6.1282,47.3111],[6.1284,47.3085],[6.1293,47.3063],[6.1301,47.3037],[6.1303,47.3001],[6.1305,47.2976],[6.1333,47.2954],[6.1349,47.2928],[6.1343,47.2913],[6.1323,47.2897],[6.1295,47.289],[6.1277,47.2881],[6.1245,47.2873],[6.1211,47.2871],[6.1187,47.287],[6.1173,47.2862],[6.1149,47.2843],[6.1137,47.2822],[6.1105,47.2805],[6.1079,47.2792],[6.1041,47.2805],[6.0994,47.2817],[6.0977,47.2842],[6.0957,47.2846],[6.0964,47.2867],[6.0961,47.2884],[6.095,47.2891],[6.0929,47.2891],[6.0911,47.2886],[6.0893,47.2879],[6.0879,47.2867],[6.0875,47.2852],[6.0863,47.2846],[6.0847,47.2851],[6.0786,47.288],[6.0756,47.2896],[6.0724,47.2913],[6.071,47.2926],[6.0711,47.2929]]]},"properties":{"id_ffco":"2020-D25-240","nom":"Le Coutelot 2","_dept":"25","numero":"2020-D25-240","commune":"Thise","echelle":"1/15000","surface":"11.14 km²","format":"A3","annee":"2020","cartographes":"Ruaud Alain","proprietaire":"2508 - BALISE 25 BESANCON","niveau":"Interrégional","specialite":"CO à pied","contacts":"Balise 25, 1 impasse des chênes, 25000, Besançon, 06 68 87 64 53, contact@balise25.fr","latitude":"47.2971194823","longitude":"6.1059991881","date_saisie":"05/02/2020","date_depot":"22/05/2020","valide":"Oui","ppo":"Non","type_carte":"Nouvelle carte","base":"2003-D25-107 LE COUTELOT","fond":"Cadastre","obsolete":false}},{"type":"Feature","geometry":{"type":"Polygon","coordinates":[[[6.0166,47.2352],[6.0207,47.2342],[6.0201,47.2329],[6.0227,47.2324],[6.0232,47.2321],[6.0237,47.2315],[6.0242,47.2312],[6.0245,47.2311],[6.0243,47.2306],[6.0198,47.2307],[6.019,47.2306],[6.0183,47.2307],[6.0177,47.231],[6.0172,47.2316],[6.0169,47.2323],[6.0164,47.2343],[6.0166,47.2352]]]},"properties":{"id_ffco":"2020-D25-239","nom":"Chamars-Gare d'Eau 2","_dept":"25","numero":"2020-D25-239","commune":"Besançon","echelle":"1/2500","surface":"0.17 km²","format":"A4","annee":"2020","cartographes":"ABISSE Jacques","proprietaire":"2508 - BALISE 25 BESANCON","niveau":"Régional","specialite":"CO à pied","contacts":"Balise 25, 1 impasse des chênes, 25000, Besançon, 06 68 87 64 53, contact@balise25.fr","latitude":"47.2324632754","longitude":"6.01962638222","date_saisie":"07/01/2020","date_depot":"28/01/2020","valide":"Oui","ppo":"Non","type_carte":"Reprise","base":"2017-D25-224 Chamars - gare d'eau","fond":"Cadastre","obsolete":false}},{"type":"Feature","geometry":{"type":"Polygon","coordinates":[[[5.9737,47.173],[5.9723,47.1716],[5.9716,47.1703],[5.9706,47.1671],[5.9707,47.1645],[5.9708,47.1631],[5.9706,47.1617],[5.9705,47.1606],[5.9717,47.1593],[5.9729,47.1589],[5.9752,47.1587],[5.9772,47.1588],[5.9788,47.1588],[5.9799,47.1591],[5.9822,47.1612],[5.9835,47.1632],[5.9846,47.1647],[5.9855,47.1664],[5.986,47.1678],[5.9866,47.1695],[5.9866,47.1702],[5.9832,47.1712],[5.9809,47.1718],[5.978,47.1722],[5.9762,47.1723],[5.9737,47.173]]]},"properties":{"id_ffco":"2019-D25-238","nom":"Le Grand Bois de Larnod","_dept":"25","numero":"2019-D25-238","commune":"Larnod","echelle":"1/10000","surface":"1.45 km²","format":"A4","annee":"2019","cartographes":"Alain Foltzer","proprietaire":"2517 - ORIENTATION TEAM BESANCON","niveau":"Initiation, Scolaire","specialite":"CO à pied","latitude":"47.1658246385","longitude":"5.97760806921","date_saisie":"09/11/2019","date_depot":"28/01/2020","valide":"Oui","ppo":"Non","type_carte":"Nouvelle carte","fond":"Cadastre","obsolete":false}},{"type":"Feature","geometry":{"type":"Polygon","coordinates":[[[6.0172,47.2357],[6.015,47.2368],[6.0156,47.2407],[6.0175,47.2429],[6.02,47.2435],[6.0217,47.2446],[6.0237,47.2445],[6.026,47.2422],[6.0263,47.2413],[6.0296,47.2408],[6.0318,47.2397],[6.0332,47.2383],[6.0318,47.2371],[6.0281,47.2352],[6.0255,47.2333],[6.0239,47.2324],[6.0208,47.2343],[6.0172,47.2357]]]},"properties":{"id_ffco":"2019-D25-237","nom":"La Boucle-Besançon","_dept":"25","numero":"2019-D25-237","commune":"Besançon","echelle":"1/4000","surface":"1.08 km²","format":"A4","annee":"2019","cartographes":"Chatelain Grégoire, Tinchant Johann","proprietaire":"2517 - ORIENTATION TEAM BESANCON","niveau":"Régional","specialite":"CO à pied","latitude":"47.2386062098","longitude":"6.02313883414","date_saisie":"13/06/2019","date_depot":"28/01/2020","valide":"Oui","ppo":"Non","type_carte":"Reprise","base":"2008-D25-125 LA BOUCLE","fond":"Cadastre","obsolete":false}},{"type":"Feature","geometry":{"type":"Polygon","coordinates":[[[6.1298,47.1646],[6.1283,47.1673],[6.1281,47.1687],[6.1281,47.1696],[6.1279,47.1706],[6.1272,47.1719],[6.1256,47.1733],[6.1244,47.175],[6.1224,47.1768],[6.1218,47.178],[6.1212,47.179],[6.1211,47.1808],[6.1215,47.1821],[6.1226,47.1828],[6.1245,47.1831],[6.1274,47.1829],[6.1299,47.1826],[6.132,47.1823],[6.133,47.182],[6.1341,47.181],[6.1347,47.1797],[6.1358,47.1789],[6.137,47.1785],[6.1381,47.1779],[6.1394,47.1781],[6.1401,47.1785],[6.1412,47.1793],[6.1423,47.1801],[6.1436,47.1802],[6.1453,47.1803],[6.146,47.179],[6.1465,47.1772],[6.1468,47.1763],[6.1478,47.1752],[6.1493,47.1752],[6.1508,47.1751],[6.1503,47.1738],[6.1501,47.1729],[6.1487,47.1705],[6.1484,47.1692],[6.1488,47.1676],[6.1482,47.1666],[6.1456,47.166],[6.1442,47.1664],[6.1414,47.1659],[6.1388,47.1657],[6.136,47.1649],[6.1335,47.1643],[6.1298,47.1646]]]},"properties":{"id_ffco":"2019-D25-236","nom":"La Chapelle Saint Maximin","_dept":"25","numero":"2019-D25-236","commune":"Trepot","echelle":"1/10000","surface":"2.99 km²","format":"A3","annee":"2019","cartographes":"Cartomatt.com","proprietaire":"2508 - BALISE 25 BESANCON","niveau":"National, International","specialite":"CO à pied","contacts":"Balise 25, 1 impasse des chênes, 25000, Besançon, 06 68 87 64 53, contact@balise25.fr","latitude":"47.1736817403","longitude":"6.13570307439","date_saisie":"04/06/2019","date_depot":"09/07/2019","valide":"Oui","ppo":"Non","type_carte":"Nouvelle carte","fond":"Ortho","obsolete":false}},{"type":"Feature","geometry":{"type":"Polygon","coordinates":[[[6.1599,47.193],[6.1644,47.1941],[6.1711,47.1961],[6.1741,47.1957],[6.1783,47.1959],[6.1815,47.196],[6.185,47.1955],[6.188,47.1944],[6.1913,47.1931],[6.1927,47.191],[6.1935,47.1885],[6.1941,47.186],[6.1963,47.1831],[6.1985,47.1815],[6.1999,47.1786],[6.202,47.1764],[6.2061,47.175],[6.1996,47.1734],[6.1959,47.1735],[6.1929,47.1733],[6.1886,47.1752],[6.1834,47.1772],[6.1772,47.1776],[6.1753,47.1777],[6.1717,47.1768],[6.1659,47.175],[6.1602,47.1721],[6.1549,47.1696],[6.1515,47.168],[6.1477,47.1675],[6.147,47.1699],[6.1489,47.1734],[6.1489,47.1748],[6.1458,47.1755],[6.1446,47.1799],[6.1453,47.1824],[6.1472,47.1859],[6.1529,47.1894],[6.1559,47.1911],[6.1599,47.193]]]},"properties":{"id_ffco":"2019-D25-235","nom":"Le Gouffre du Paradis 2","_dept":"25","numero":"2019-D25-235","commune":"Trepot","echelle":"1/15000","surface":"8.3 km²","format":"A3","annee":"2019","cartographes":"Cartomatt.com","proprietaire":"2508 - BALISE 25 BESANCON","niveau":"National, International","specialite":"CO à pied","contacts":"Balise 25, 1 impasse des chênes, 25000, Besançon, 06 68 87 64 53, contact@balise25.fr","latitude":"47.1831764998","longitude":"6.17161571359","date_saisie":"04/06/2019","date_depot":"09/07/2019","valide":"Oui","ppo":"Non","type_carte":"Nouvelle carte","fond":"Ortho","obsolete":false}},{"type":"Feature","geometry":{"type":"Polygon","coordinates":[[[5.8243,47.1814],[5.8277,47.1825],[5.8264,47.1859],[5.8361,47.1889],[5.8415,47.1908],[5.8434,47.1882],[5.8456,47.1861],[5.8458,47.1826],[5.8461,47.1789],[5.8464,47.1776],[5.8461,47.1758],[5.8454,47.1728],[5.8432,47.1694],[5.8413,47.1687],[5.8385,47.1685],[5.8337,47.1691],[5.8298,47.1701],[5.8252,47.1726],[5.8202,47.1743],[5.8166,47.1761],[5.8149,47.1791],[5.821,47.1798],[5.8243,47.1814]]]},"properties":{"id_ffco":"2019-D25-234","nom":"Le Bois D'Ambre VTT","_dept":"25","numero":"2019-D25-234","commune":"Saint Vit","echelle":"1/10000","surface":"3.58 km²","format":"A3","annee":"2019","cartographes":"WWW.CARTOMATT.COM, Longchampt Loïc","proprietaire":"2508 - BALISE 25 BESANCON","niveau":"Interrégional","specialite":"CO à VTT","contacts":"Balise 25, 1 impasse des chênes, 25000, Besançon, 06 68 87 64 53, contact@balise25.fr","latitude":"47.1786481059","longitude":"5.83424341828","date_saisie":"18/02/2019","date_depot":"08/04/2019","valide":"Oui","ppo":"Non","type_carte":"Reprise","base":"2017-D25-223 Le Bois d'Ambre","fond":"Cadastre","obsolete":false}},{"type":"Feature","geometry":{"type":"Polygon","coordinates":[[[6.0936,47.3091],[6.0955,47.3087],[6.0969,47.3082],[6.099,47.3086],[6.1037,47.3092],[6.1082,47.31],[6.114,47.3117],[6.1157,47.3122],[6.1185,47.312],[6.1198,47.3117],[6.1212,47.3118],[6.1226,47.312],[6.1242,47.3125],[6.1256,47.3128],[6.1278,47.3132],[6.1308,47.3076],[6.1276,47.3058],[6.1275,47.2996],[6.1262,47.2999],[6.1238,47.3002],[6.122,47.3007],[6.1201,47.3011],[6.1187,47.3012],[6.1172,47.3009],[6.1154,47.3004],[6.1141,47.2996],[6.1133,47.2984],[6.1129,47.2972],[6.1151,47.2932],[6.1184,47.2932],[6.119,47.2924],[6.1209,47.2893],[6.1207,47.2884],[6.121,47.2878],[6.1226,47.2863],[6.123,47.2846],[6.1192,47.2826],[6.115,47.2807],[6.1138,47.2814],[6.1133,47.2817],[6.1114,47.2807],[6.11,47.2799],[6.1085,47.2791],[6.107,47.2787],[6.1058,47.2789],[6.1044,47.2791],[6.104,47.2799],[6.1015,47.2809],[6.0998,47.2817],[6.0989,47.2828],[6.0987,47.2835],[6.1,47.2839],[6.0996,47.2851],[6.0989,47.2858],[6.0987,47.2869],[6.098,47.2881],[6.0975,47.2895],[6.0964,47.2901],[6.0945,47.2915],[6.0929,47.2898],[6.091,47.2888],[6.0896,47.2882],[6.0887,47.2877],[6.0878,47.2866],[6.086,47.2875],[6.0844,47.2883],[6.0835,47.289],[6.079,47.2877],[6.0781,47.2884],[6.0756,47.2878],[6.0708,47.2904],[6.0693,47.2917],[6.0707,47.2933],[6.0717,47.2946],[6.0733,47.2968],[6.0754,47.2979],[6.0779,47.2984],[6.0796,47.299],[6.082,47.3005],[6.0845,47.302],[6.0859,47.3035],[6.0877,47.305],[6.089,47.3068],[6.09,47.3078],[6.0936,47.3091]]]},"properties":{"id_ffco":"2019-D25-233","nom":"Le Coutelot 2","_dept":"25","numero":"2019-D25-233","commune":"Thise","echelle":"1/15000","surface":"9.21 km²","format":"A3","annee":"2019","cartographes":"Alain Ruaud","proprietaire":"2508 - BALISE 25 BESANCON","niveau":"National, International","specialite":"CO à pied","latitude":"47.2968149053","longitude":"6.10267765239","date_saisie":"04/02/2019","valide":"Non","ppo":"Non","type_carte":"Reprise","base":"1982-D25-06 THISE","fond":"Cadastre","obsolete":false}},{"type":"Feature","geometry":{"type":"Polygon","coordinates":[[[6.3451,47.1518],[6.3464,47.152],[6.3474,47.1521],[6.3485,47.1524],[6.3493,47.1528],[6.3501,47.1533],[6.3507,47.1539],[6.3519,47.154],[6.3532,47.1541],[6.3546,47.1543],[6.3548,47.1544],[6.3556,47.1501],[6.3542,47.1504],[6.3534,47.1506],[6.3522,47.1508],[6.3511,47.151],[6.3496,47.151],[6.3478,47.1507],[6.3462,47.1504],[6.3457,47.1511],[6.3451,47.1518]]]},"properties":{"id_ffco":"2019-D25-232","nom":"La Combe Bourdon","_dept":"25","numero":"2019-D25-232","commune":"Valdahon","echelle":"1/3000","surface":"0.21 km²","format":"A4","annee":"2019","cartographes":"Yann PINARD","proprietaire":"2508 - BALISE 25 BESANCON","niveau":"Départemental","specialite":"CO à pied","latitude":"47.1520776767","longitude":"6.35140368778","date_saisie":"29/01/2019","date_depot":"08/04/2019","valide":"Oui","ppo":"Non","type_carte":"Nouvelle carte","fond":"Cadastre","obsolete":false}},{"type":"Feature","geometry":{"type":"Polygon","coordinates":[[[6.0205,47.2644],[6.0193,47.2656],[6.0203,47.2662],[6.0213,47.2668],[6.022,47.2674],[6.0228,47.2678],[6.0234,47.2684],[6.0239,47.269],[6.0248,47.2695],[6.0256,47.2699],[6.027,47.2707],[6.028,47.2699],[6.0282,47.2695],[6.0281,47.2686],[6.0279,47.2678],[6.0277,47.2667],[6.0275,47.2658],[6.0275,47.2651],[6.0276,47.2641],[6.0274,47.2636],[6.0259,47.2627],[6.0254,47.2625],[6.0246,47.2619],[6.0237,47.2615],[6.0226,47.262],[6.0222,47.2625],[6.0219,47.2627],[6.0226,47.2633],[6.0224,47.2637],[6.0222,47.2639],[6.0219,47.2642],[6.0205,47.2644]]]},"properties":{"id_ffco":"2019-D25-231","nom":"Le point du jour","_dept":"25","numero":"2019-D25-231","commune":"Besançon","echelle":"1/5000","surface":"0.37 km²","format":"A4","annee":"2019","cartographes":"Jacques ABISSE","proprietaire":"2508 - BALISE 25 BESANCON","niveau":"Régional","specialite":"CO à pied","latitude":"47.2659629866","longitude":"6.0245887321","date_saisie":"23/01/2019","date_depot":"28/01/2019","valide":"Oui","ppo":"Non","type_carte":"Nouvelle carte","fond":"Cadastre","obsolete":false}},{"type":"Feature","geometry":{"type":"Polygon","coordinates":[[[6.8594,47.4642],[6.8604,47.4637],[6.8614,47.463],[6.8622,47.4627],[6.863,47.4622],[6.8644,47.4618],[6.8654,47.4616],[6.8661,47.4612],[6.8672,47.461],[6.8679,47.4607],[6.8689,47.4601],[6.8699,47.46],[6.8704,47.4598],[6.8705,47.4591],[6.8686,47.4584],[6.8675,47.4586],[6.866,47.4591],[6.8645,47.4596],[6.8636,47.4599],[6.8626,47.4602],[6.8616,47.4605],[6.8609,47.4606],[6.8602,47.4609],[6.8592,47.4614],[6.8582,47.462],[6.858,47.4625],[6.8574,47.4631],[6.8594,47.4642]]]},"properties":{"id_ffco":"2018-D25-230","nom":"Seloncourt, centre ville","_dept":"25","numero":"2018-D25-230","commune":"Seloncourt","echelle":"1/5000","surface":"0.23 km²","format":"A4","annee":"2018","cartographes":"GUTSCHENRITTER Guy","proprietaire":"2517 - ORIENTATION TEAM BESANCON","niveau":"Départemental","specialite":"CO à pied","latitude":"47.4610781118","longitude":"6.86363006554","date_saisie":"27/12/2018","date_depot":"30/01/2019","valide":"Oui","ppo":"Non","type_carte":"Nouvelle carte","fond":"Cadastre","obsolete":false}},{"type":"Feature","geometry":{"type":"Polygon","coordinates":[[[6.0208,47.2455],[6.0215,47.2451],[6.022,47.2446],[6.023,47.2434],[6.0234,47.2424],[6.0237,47.242],[6.0221,47.2412],[6.0193,47.2391],[6.0175,47.2378],[6.0165,47.2358],[6.0162,47.2348],[6.0157,47.2349],[6.0138,47.2352],[6.0132,47.2348],[6.012,47.2345],[6.0104,47.2342],[6.0083,47.2341],[6.0085,47.2341],[6.0069,47.2364],[6.0057,47.2378],[6.0044,47.242],[6.0071,47.2428],[6.0105,47.2432],[6.012,47.2433],[6.0138,47.2418],[6.0208,47.2455]]]},"properties":{"id_ffco":"2018-D25-229","nom":"La Butte","_dept":"25","numero":"2018-D25-229","commune":"Besançon","echelle":"1/5000","surface":"1.02 km²","format":"A4","annee":"2018","cartographes":"Grégoire Chatelain","proprietaire":"2517 - ORIENTATION TEAM BESANCON","niveau":"Initiation, Scolaire","specialite":"CO à pied","latitude":"47.2396891166","longitude":"6.01336972299","date_saisie":"21/09/2018","date_depot":"09/07/2019","valide":"Oui","ppo":"Non","type_carte":"Nouvelle carte","fond":"Cadastre","obsolete":false}},{"type":"Feature","geometry":{"type":"Polygon","coordinates":[[[6.0159,47.2537],[6.0183,47.255],[6.0218,47.2574],[6.0234,47.2582],[6.0252,47.2587],[6.0285,47.2593],[6.0308,47.26],[6.0333,47.2609],[6.0373,47.2618],[6.0403,47.2625],[6.042,47.2608],[6.0455,47.2636],[6.0473,47.2635],[6.0491,47.2628],[6.0497,47.2622],[6.039,47.2545],[6.0357,47.2519],[6.0352,47.2518],[6.0336,47.2518],[6.0324,47.2517],[6.0309,47.2515],[6.0284,47.2507],[6.0255,47.2497],[6.0243,47.2495],[6.0231,47.2492],[6.0224,47.249],[6.0212,47.2484],[6.0206,47.2482],[6.0178,47.251],[6.0159,47.2531],[6.0159,47.2537]]]},"properties":{"id_ffco":"2018-D25-228","nom":"Les Cras, la Viotte","_dept":"25","numero":"2018-D25-228","commune":"Besançon","echelle":"1/5000","surface":"1.92 km²","format":"A3","annee":"2018","cartographes":"Johann Tinchant","proprietaire":"2517 - ORIENTATION TEAM BESANCON","niveau":"Départemental","specialite":"CO à pied","latitude":"47.256021974","longitude":"6.0314434448","date_saisie":"21/09/2018","date_depot":"09/07/2019","valide":"Oui","ppo":"Non","type_carte":"Nouvelle carte","fond":"Cadastre","obsolete":false}},{"type":"Feature","geometry":{"type":"Polygon","coordinates":[[[5.9622,47.1991],[5.9658,47.199],[5.9666,47.201],[5.9672,47.2011],[5.9691,47.2049],[5.9703,47.2067],[5.9731,47.2086],[5.9722,47.2089],[5.9764,47.2118],[5.9769,47.2126],[5.9766,47.2132],[5.976,47.2139],[5.9752,47.2139],[5.9743,47.214],[5.974,47.2135],[5.9736,47.2135],[5.9737,47.2139],[5.9727,47.2143],[5.9716,47.2143],[5.9707,47.2141],[5.9696,47.2141],[5.9682,47.2146],[5.9677,47.2143],[5.9644,47.2132],[5.9628,47.2127],[5.9629,47.212],[5.9629,47.211],[5.9628,47.2099],[5.9623,47.2098],[5.962,47.2091],[5.961,47.2086],[5.9608,47.2081],[5.961,47.2075],[5.9615,47.2065],[5.9622,47.2053],[5.9632,47.206],[5.9639,47.2056],[5.9634,47.205],[5.9626,47.2043],[5.9623,47.2035],[5.9627,47.2033],[5.9629,47.2027],[5.9619,47.2025],[5.9619,47.2023],[5.9618,47.2016],[5.9618,47.201],[5.9618,47.1999],[5.9617,47.1991],[5.9622,47.1991]]]},"properties":{"id_ffco":"2018-D25-227","nom":"Avanne-Avenney","_dept":"25","numero":"2018-D25-227","commune":"Avanne-Avenney","echelle":"1/5000","surface":"1.1 km²","format":"A4","annee":"2018","cartographes":"Vincent Coupat","proprietaire":"2517 - ORIENTATION TEAM BESANCON","niveau":"Initiation, Scolaire","specialite":"CO à pied","latitude":"47.2080766621","longitude":"5.96739637102","date_saisie":"20/09/2018","date_depot":"09/07/2019","valide":"Oui","ppo":"Non","type_carte":"Nouvelle carte","fond":"Cadastre","obsolete":false}},{"type":"Feature","geometry":{"type":"Polygon","coordinates":[[[6.0578,47.2778],[6.0578,47.2798],[6.0548,47.2802],[6.0505,47.2803],[6.0473,47.2799],[6.0444,47.2794],[6.0413,47.2787],[6.0401,47.2772],[6.0393,47.2752],[6.0391,47.2745],[6.0448,47.2719],[6.0511,47.2745],[6.0566,47.2768],[6.0578,47.2778]]]},"properties":{"id_ffco":"2018-D25-226","nom":"Le Cul des Prés","_dept":"25","numero":"2018-D25-226","commune":"Besançon","echelle":"1/10000","surface":"0.84 km²","format":"A4","annee":"2018","cartographes":"Jacques ABISSE","proprietaire":"2508 - BALISE 25 BESANCON","niveau":"Régional","specialite":"CO à pied","latitude":"47.276765671","longitude":"6.04801493337","date_saisie":"20/09/2018","date_depot":"30/01/2019","valide":"Oui","ppo":"Non","type_carte":"Nouvelle carte","fond":"Cadastre","obsolete":false}},{"type":"Feature","geometry":{"type":"Polygon","coordinates":[[[6.1058,47.1786],[6.1049,47.1787],[6.1032,47.1794],[6.1024,47.1799],[6.1015,47.1808],[6.101,47.1811],[6.1003,47.1807],[6.1,47.1809],[6.0997,47.1813],[6.0991,47.1812],[6.0984,47.1814],[6.0976,47.1818],[6.0958,47.1822],[6.0951,47.1818],[6.0942,47.1816],[6.0929,47.1813],[6.0914,47.1808],[6.0902,47.1803],[6.0897,47.1806],[6.089,47.1807],[6.0878,47.1803],[6.0861,47.1798],[6.0851,47.1794],[6.0842,47.1788],[6.0833,47.1781],[6.0824,47.1774],[6.082,47.1771],[6.081,47.1765],[6.0801,47.1761],[6.0793,47.1758],[6.0783,47.1755],[6.0779,47.1751],[6.0779,47.1746],[6.0775,47.1738],[6.0774,47.1733],[6.0778,47.1731],[6.0788,47.1723],[6.0813,47.1707],[6.0825,47.1703],[6.0836,47.1696],[6.0845,47.1691],[6.0853,47.1683],[6.0857,47.1677],[6.0863,47.1668],[6.0859,47.1656],[6.0856,47.165],[6.0854,47.1645],[6.0859,47.1641],[6.0863,47.1639],[6.0868,47.1638],[6.0872,47.1633],[6.0876,47.1636],[6.0884,47.164],[6.0894,47.1645],[6.0903,47.1649],[6.091,47.1653],[6.0919,47.1656],[6.093,47.166],[6.0942,47.1668],[6.0951,47.1676],[6.0963,47.1685],[6.0966,47.1694],[6.0975,47.1698],[6.098,47.1706],[6.0979,47.1712],[6.0978,47.172],[6.098,47.1724],[6.0994,47.1733],[6.1006,47.174],[6.1015,47.1748],[6.1025,47.1756],[6.1032,47.1765],[6.1041,47.1773],[6.1051,47.1779],[6.1058,47.1786]]]},"properties":{"id_ffco":"2018-D25-225","nom":"Tarcenay-Les Essarts","_dept":"25","numero":"2018-D25-225","commune":"Tarcenay","echelle":"1/10000","surface":"2.31 km²","format":"A4","annee":"2018","cartographes":"Michel Duboc","proprietaire":"2517 - ORIENTATION TEAM BESANCON","niveau":"Interrégional","specialite":"CO à pied","contacts":"Orientation Team Besançon, 8 rue du Maréchal Liautey, 25000, Besançon, 06 98 54 61 33","latitude":"47.1740681734","longitude":"6.09111106356","date_saisie":"12/04/2018","date_depot":"09/07/2019","valide":"Oui","ppo":"Non","type_carte":"Nouvelle carte","fond":"IGN","ref_ign":"ign 25","obsolete":false}},{"type":"Feature","geometry":{"type":"Polygon","coordinates":[[[6.0167,47.2351],[6.0165,47.2344],[6.0166,47.2328],[6.017,47.2321],[6.0173,47.2314],[6.0177,47.231],[6.0183,47.2306],[6.0194,47.2305],[6.0199,47.2306],[6.0206,47.2306],[6.0214,47.2306],[6.0219,47.2306],[6.0226,47.2306],[6.0232,47.2306],[6.0236,47.2306],[6.0238,47.2306],[6.0243,47.2311],[6.0238,47.2313],[6.0234,47.2316],[6.0231,47.232],[6.0227,47.2323],[6.0222,47.2324],[6.0217,47.2325],[6.021,47.2326],[6.0198,47.2329],[6.0201,47.2334],[6.0204,47.2339],[6.0203,47.2342],[6.0197,47.2345],[6.0167,47.2351]]]},"properties":{"id_ffco":"2017-D25-224","nom":"Chamars - gare d'eau","_dept":"25","numero":"2017-D25-224","commune":"Besançon","echelle":"1/2500","surface":"0.17 km²","format":"A4","annee":"2017","cartographes":"Jacques ABISSE","proprietaire":"2508 - BALISE 25 BESANCON","niveau":"Régional","specialite":"CO à pied","latitude":"47.2324017528","longitude":"6.0195444784","date_saisie":"13/12/2017","date_depot":"25/01/2018","valide":"Oui","ppo":"Non","type_carte":"Reprise","base":"2005-D25-113 Chamars - Gare d'eau","fond":"Cadastre","obsolete":false}},{"type":"Feature","geometry":{"type":"Polygon","coordinates":[[[5.8135,47.1798],[5.8288,47.1859],[5.8291,47.1875],[5.8396,47.1902],[5.8452,47.186],[5.8478,47.1841],[5.8511,47.1818],[5.8464,47.18],[5.8509,47.1764],[5.8446,47.1722],[5.8401,47.1684],[5.8377,47.1677],[5.832,47.168],[5.8276,47.1699],[5.8243,47.1721],[5.8204,47.1731],[5.8166,47.1748],[5.8149,47.1759],[5.8135,47.1798]]]},"properties":{"id_ffco":"2017-D25-223","nom":"Le Bois d'Ambre","_dept":"25","numero":"2017-D25-223","commune":"Saint Vit","echelle":"1/10000","surface":"4.32 km²","format":"A3","annee":"2017","cartographes":"Cartomatt.com","proprietaire":"2508 - BALISE 25 BESANCON","niveau":"National, International","specialite":"CO à pied","latitude":"47.178498365","longitude":"5.83361633358","date_saisie":"05/12/2017","date_depot":"25/01/2018","valide":"Oui","ppo":"Non","type_carte":"Nouvelle carte","fond":"Ortho","obsolete":false}},{"type":"Feature","geometry":{"type":"Polygon","coordinates":[[[6.8154,47.5492],[6.8144,47.5477],[6.8144,47.5469],[6.8133,47.5459],[6.8111,47.545],[6.8115,47.5434],[6.8126,47.5416],[6.8123,47.5407],[6.809,47.5399],[6.8056,47.5389],[6.8033,47.5387],[6.8029,47.5382],[6.8056,47.5315],[6.8083,47.5317],[6.8099,47.5309],[6.8161,47.5327],[6.8184,47.533],[6.8181,47.5361],[6.8205,47.5362],[6.8217,47.5374],[6.8238,47.5375],[6.8245,47.5392],[6.824,47.5404],[6.82,47.5429],[6.8211,47.5434],[6.8211,47.5446],[6.8185,47.5481],[6.8154,47.5492]]]},"properties":{"id_ffco":"2017-D25-222","nom":"Les Grandes Feuillées","_dept":"25","numero":"2017-D25-222","commune":"BETHONCOURT et GRAND CHARMONT","echelle":"1/7500","surface":"1.68 km²","format":"A4","annee":"2017","cartographes":"Alexandre GANZITTI","proprietaire":"9006 - ROYAL AZIMUT MONTBELIARD BELFORT ORIENTATION","niveau":"Initiation, Scolaire","specialite":"CO à pied","latitude":"47.5388208367","longitude":"6.81398432457","date_saisie":"29/08/2017","date_depot":"11/09/2017","valide":"Oui","ppo":"Non","type_carte":"Nouvelle carte","fond":"IGN","ref_ign":"3621 OT","obsolete":false}},{"type":"Feature","geometry":{"type":"Polygon","coordinates":[[[5.9932,47.2241],[5.9925,47.2236],[5.9915,47.2229],[5.9906,47.2221],[5.9899,47.2214],[5.9891,47.2209],[5.9887,47.2204],[5.9884,47.2199],[5.9881,47.2195],[5.9881,47.219],[5.988,47.2182],[5.9881,47.2177],[5.9879,47.2171],[5.9875,47.2165],[5.9869,47.2161],[5.9861,47.2162],[5.9855,47.2169],[5.9847,47.2173],[5.9839,47.2178],[5.9832,47.2181],[5.9824,47.2188],[5.9819,47.2191],[5.9815,47.2196],[5.981,47.2202],[5.9801,47.2205],[5.9796,47.2209],[5.9797,47.2213],[5.9802,47.2217],[5.9807,47.2217],[5.9812,47.2216],[5.9813,47.222],[5.9817,47.2225],[5.9825,47.2228],[5.9833,47.2232],[5.9839,47.2234],[5.9845,47.2235],[5.9854,47.2236],[5.9858,47.2236],[5.9864,47.2237],[5.9873,47.2237],[5.988,47.2237],[5.9889,47.2237],[5.99,47.2237],[5.9906,47.2238],[5.9912,47.2239],[5.992,47.224],[5.9927,47.2243],[5.9932,47.2241]]]},"properties":{"id_ffco":"2017-D25-221","nom":"Complexe Sportif de la Malcombe","_dept":"25","numero":"2017-D25-221","commune":"Besançon","echelle":"1/4000","surface":"0.42 km²","format":"A4","annee":"2017","cartographes":"Alexandre Ganzitti, Jacques ABISSE","proprietaire":"2508 - BALISE 25 BESANCON","niveau":"National, International","specialite":"CO à pied","latitude":"47.2207589729","longitude":"5.98578705347","date_saisie":"11/07/2017","date_depot":"31/07/2017","valide":"Oui","ppo":"Non","type_carte":"Reprise","base":"2003-D25-101 Complexe Sportif de la MALCOMBE","fond":"Cadastre","obsolete":false}},{"type":"Feature","geometry":{"type":"Polygon","coordinates":[[[6.3118,47.1513],[6.3143,47.1506],[6.3154,47.1502],[6.3161,47.1494],[6.319,47.1482],[6.3186,47.1477],[6.3184,47.1475],[6.3186,47.1471],[6.3205,47.1459],[6.3227,47.1448],[6.3251,47.1435],[6.3245,47.1429],[6.3237,47.1421],[6.3221,47.1412],[6.3205,47.1402],[6.3191,47.1395],[6.318,47.1385],[6.3177,47.1379],[6.3169,47.138],[6.3161,47.1378],[6.3132,47.1368],[6.3095,47.1361],[6.3077,47.1354],[6.3071,47.1351],[6.3055,47.1347],[6.3039,47.1344],[6.3032,47.1344],[6.3028,47.1348],[6.3004,47.1358],[6.2968,47.1378],[6.2978,47.1387],[6.3004,47.1405],[6.3021,47.1419],[6.304,47.1433],[6.3055,47.1448],[6.307,47.1464],[6.3074,47.1476],[6.308,47.1486],[6.3088,47.1494],[6.3101,47.1505],[6.3118,47.1513]]]},"properties":{"id_ffco":"2017-D25-220","nom":"Le Prélot 2","_dept":"25","numero":"2017-D25-220","commune":"Valdahon","echelle":"1/10000","surface":"2.04 km²","format":"A4","annee":"2017","cartographes":"Jacques ABISSE , Yann PINARD","proprietaire":"2508 - BALISE 25 BESANCON","niveau":"Interrégional","specialite":"CO à pied","latitude":"47.1421882935","longitude":"6.31107983709","date_saisie":"11/07/2017","date_depot":"31/07/2017","valide":"Oui","ppo":"Non","type_carte":"Reprise","base":"1989-D25-33 PRELOT","fond":"Cadastre","obsolete":false}},{"type":"Feature","geometry":null,"properties":{"id_ffco":"1989-D25-22","nom":"GRAND BOIS","_dept":"25","numero":"1989-D25-22","commune":"BONAL","echelle":"1/10000","surface":"1.7 km²","annee":"1989","proprietaire":"2507","specialite":"CO à pied","latitude":"47.5121053","longitude":"6.8109426","valide":"Non","ppo":"Non","obsolete":false}},{"type":"Feature","geometry":{"type":"Polygon","coordinates":[[[5.9773,47.2658],[5.9686,47.2677],[5.963,47.2689],[5.9488,47.2591],[5.9477,47.2549],[5.9476,47.2511],[5.9507,47.2499],[5.9558,47.2495],[5.9677,47.2552],[5.9773,47.2658]]]},"properties":{"id_ffco":"2017-D25-219","nom":"Pirey Village","_dept":"25","numero":"2017-D25-219","commune":"Pirey","echelle":"1/10000","surface":"2.74 km²","format":"A4","annee":"2017","cartographes":"Longchamp Loïc","proprietaire":"2508 - BALISE 25 BESANCON","niveau":"Régional","specialite":"CO à VTT","contacts":"Balise 25, 1 impasse des chênes, 25000, Besançon, 06 68 87 64 53, contact@balise25.fr","latitude":"47.2592364092","longitude":"5.9608510343","date_saisie":"06/06/2017","date_depot":"16/06/2017","valide":"Oui","ppo":"Non","type_carte":"Nouvelle carte","fond":"Cadastre","obsolete":false}},{"type":"Feature","geometry":{"type":"Polygon","coordinates":[[[6.8299,47.5309],[6.828,47.5309],[6.8272,47.5334],[6.8265,47.5338],[6.8244,47.5338],[6.822,47.5334],[6.8169,47.5329],[6.8133,47.532],[6.8098,47.5309],[6.8085,47.5316],[6.8081,47.5322],[6.8096,47.5335],[6.8109,47.5342],[6.8114,47.5353],[6.8114,47.5364],[6.8117,47.5374],[6.812,47.5382],[6.8119,47.5388],[6.8114,47.5395],[6.8123,47.5415],[6.8104,47.5447],[6.8094,47.545],[6.8047,47.545],[6.8021,47.5447],[6.7973,47.5431],[6.7959,47.5456],[6.7953,47.5472],[6.7953,47.548],[6.7968,47.549],[6.797,47.5508],[6.7982,47.5518],[6.7998,47.5535],[6.8003,47.5547],[6.8008,47.5562],[6.8012,47.5571],[6.8015,47.5589],[6.8014,47.5603],[6.8012,47.5614],[6.8015,47.5621],[6.8028,47.5626],[6.8046,47.5631],[6.8059,47.5632],[6.8087,47.5631],[6.8123,47.5636],[6.8133,47.5635],[6.8159,47.5638],[6.818,47.5639],[6.8198,47.5642],[6.8214,47.5651],[6.8227,47.566],[6.8233,47.5666],[6.8251,47.5674],[6.8263,47.5674],[6.8277,47.5668],[6.8288,47.5661],[6.8295,47.5653],[6.8302,47.5645],[6.83,47.5636],[6.8301,47.5619],[6.831,47.5609],[6.8313,47.5597],[6.8331,47.557],[6.8335,47.5563],[6.8338,47.5548],[6.8339,47.5541],[6.8363,47.5527],[6.8377,47.5518],[6.8386,47.5506],[6.8386,47.5489],[6.8373,47.5471],[6.8356,47.5462],[6.8362,47.5447],[6.8374,47.5438],[6.8386,47.5424],[6.8378,47.5405],[6.8376,47.5388],[6.8362,47.5381],[6.8373,47.5363],[6.8357,47.5358],[6.8349,47.5355],[6.8352,47.5343],[6.8377,47.5327],[6.838,47.5321],[6.8326,47.5313],[6.8299,47.5309]]]},"properties":{"id_ffco":"2017-D25-218","nom":"La Combe de Villars","_dept":"25","numero":"2017-D25-218","commune":"Grand Charmont - 25","echelle":"1/15000","surface":"8.5 km²","format":"A3","annee":"2017","cartographes":"Michel Stribeau, Alexandre GANZITTI","proprietaire":"9006 - ROYAL AZIMUT MONTBELIARD BELFORT ORIENTATION","niveau":"National, International","specialite":"CO à VTT","contacts":"Royal Azimut Montbéliard Belfort Orientation - Michel Stribeau, 10, rue Saint Michel, 68040, Ingersheim","latitude":"47.5489120615","longitude":"6.81941729514","date_saisie":"25/04/2017","date_depot":"31/07/2017","valide":"Oui","ppo":"Non","type_carte":"Nouvelle carte","fond":"IGN","ref_ign":"3621 OT","obsolete":false}},{"type":"Feature","geometry":{"type":"Polygon","coordinates":[[[6.0296,47.2426],[6.0313,47.2423],[6.0321,47.242],[6.0328,47.2416],[6.0335,47.241],[6.0339,47.2403],[6.034,47.2397],[6.034,47.2391],[6.0342,47.2383],[6.0336,47.2382],[6.0329,47.2391],[6.0324,47.2401],[6.0318,47.2406],[6.0305,47.2411],[6.0289,47.2418],[6.0296,47.2426]]]},"properties":{"id_ffco":"2016-D25-217","nom":"Parc Micaud","_dept":"25","numero":"2016-D25-217","commune":"Besançon","echelle":"1/2000","surface":"0.07 km²","format":"A4","annee":"2016","cartographes":"Jacques ABISSE, François THEBAULT","proprietaire":"2508 - BALISE 25 BESANCON","niveau":"Régional","specialite":"CO à pied","latitude":"47.2408236322","longitude":"6.03200125183","date_saisie":"29/11/2016","date_depot":"15/12/2016","valide":"Oui","ppo":"Non","type_carte":"Reprise","base":"2007-D25-122 PARC MICAUD","fond":"Cadastre","obsolete":false}},{"type":"Feature","geometry":{"type":"Polygon","coordinates":[[[5.9582,47.252],[5.9594,47.2527],[5.9607,47.2526],[5.9626,47.2524],[5.9644,47.252],[5.9654,47.2518],[5.9671,47.2512],[5.9691,47.2505],[5.974,47.2499],[5.9745,47.2495],[5.9733,47.2487],[5.9724,47.2484],[5.9725,47.2463],[5.9718,47.2447],[5.9709,47.2439],[5.9699,47.2425],[5.9682,47.2406],[5.969,47.2403],[5.97,47.2402],[5.9695,47.2379],[5.9686,47.2375],[5.9678,47.237],[5.9663,47.2366],[5.9647,47.236],[5.9646,47.2351],[5.9641,47.2347],[5.9637,47.2344],[5.963,47.2343],[5.9617,47.2352],[5.9611,47.2356],[5.9579,47.2378],[5.9585,47.2384],[5.9583,47.2394],[5.9568,47.2404],[5.9563,47.2414],[5.9553,47.2421],[5.955,47.2428],[5.9545,47.243],[5.954,47.2435],[5.9537,47.244],[5.9536,47.2445],[5.9536,47.2451],[5.9534,47.2457],[5.9531,47.2466],[5.9529,47.2479],[5.953,47.2489],[5.9533,47.2495],[5.9565,47.2513],[5.9582,47.252]]]},"properties":{"id_ffco":"2016-D25-216","nom":"La Chaille VTT","_dept":"25","numero":"2016-D25-216","commune":"Besançon","echelle":"1/10000","surface":"2.04 km²","format":"A4","annee":"2016","cartographes":"Loïc LONGCHAMP","proprietaire":"2508 - BALISE 25 BESANCON","niveau":"National, International","specialite":"CO à VTT","latitude":"47.2446977221","longitude":"5.96286816598","date_saisie":"23/11/2016","date_depot":"15/12/2016","valide":"Oui","ppo":"Non","type_carte":"Reprise","base":"1989-D25-26 CHAILLE LOISIR","fond":"Cadastre","obsolete":false}},{"type":"Feature","geometry":{"type":"Polygon","coordinates":[[[6.8102,47.454],[6.8143,47.4549],[6.8172,47.4565],[6.8196,47.4586],[6.8222,47.4592],[6.8249,47.4585],[6.8258,47.4571],[6.8265,47.4558],[6.8278,47.4537],[6.8297,47.4526],[6.8316,47.4497],[6.828,47.4479],[6.8246,47.4471],[6.8198,47.4463],[6.8158,47.4475],[6.8127,47.4492],[6.8105,47.4508],[6.8102,47.454]]]},"properties":{"id_ffco":"2016-D25-215","nom":"Bois du Vernois","_dept":"25","numero":"2016-D25-215","commune":"Valentigney","echelle":"1/5000","surface":"1.44 km²","format":"A4","annee":"2016","cartographes":"Guy Gutschenritter","proprietaire":"2517 - ORIENTATION TEAM BESANCON","niveau":"Régional","specialite":"CO à pied","latitude":"47.4521703248","longitude":"6.82076457749","date_saisie":"30/11/2016","date_depot":"15/12/2016","valide":"Oui","ppo":"Non","type_carte":"Nouvelle carte","fond":"Cadastre","obsolete":false}},{"type":"Feature","geometry":{"type":"Polygon","coordinates":[[[5.9828,47.2444],[5.984,47.2491],[5.9843,47.2493],[5.9872,47.2485],[5.9884,47.2482],[5.9896,47.248],[5.9916,47.2476],[5.9917,47.2463],[5.9915,47.2454],[5.9913,47.2445],[5.9869,47.2439],[5.9848,47.2439],[5.9828,47.2444]]]},"properties":{"id_ffco":"2016-D25-214","nom":"La Bouloie Sud","_dept":"25","numero":"2016-D25-214","commune":"Besançon","echelle":"1/5000","surface":"0.3 km²","format":"A5","annee":"2016","cartographes":"Luc GIRARD","proprietaire":"2508 - BALISE 25 BESANCON","niveau":"National, International","specialite":"CO à pied","latitude":"47.2462566959","longitude":"5.9870997375","date_saisie":"23/11/2016","date_depot":"15/12/2016","valide":"Oui","ppo":"Non","type_carte":"Nouvelle carte","fond":"Cadastre","obsolete":false}},{"type":"Feature","geometry":{"type":"Polygon","coordinates":[[[6.0933,47.3083],[6.0902,47.3068],[6.0869,47.3034],[6.0845,47.301],[6.0775,47.3131],[6.0802,47.3159],[6.0864,47.3171],[6.0936,47.3185],[6.1029,47.32],[6.1051,47.3186],[6.1122,47.3214],[6.1163,47.3207],[6.122,47.3217],[6.1273,47.3201],[6.1271,47.3188],[6.1237,47.3159],[6.122,47.314],[6.1172,47.3122],[6.1127,47.3107],[6.1075,47.3089],[6.1039,47.3085],[6.1017,47.3065],[6.0964,47.3069],[6.0933,47.3083]]]},"properties":{"id_ffco":"2016-D25-213","nom":"Les Combottes","_dept":"25","numero":"2016-D25-213","commune":"Marchaux","echelle":"1/10000","surface":"4.15 km²","format":"A4","annee":"2016","cartographes":"Alain RUAUD","proprietaire":"2508 - BALISE 25 BESANCON","niveau":"National, International","specialite":"CO à pied","latitude":"47.3135327356","longitude":"6.10048109939","date_saisie":"23/11/2016","date_depot":"15/12/2016","valide":"Oui","ppo":"Non","type_carte":"Nouvelle carte","fond":"Cadastre","obsolete":false}},{"type":"Feature","geometry":{"type":"Polygon","coordinates":[[[6.2183,47.0645],[6.2869,47.0654],[6.2965,47.0598],[6.3075,47.0472],[6.3068,47.0383],[6.3096,47.0257],[6.3103,47.0196],[6.3089,47.0107],[6.2986,47.0046],[6.2814,47.0041],[6.2684,47.0079],[6.2547,47.0135],[6.232,47.0177],[6.232,47.0201],[6.2176,47.0285],[6.1977,47.035],[6.1887,47.043],[6.1764,47.0547],[6.1743,47.0645],[6.2183,47.0645]]]},"properties":{"id_ffco":"2016-D25-212","nom":"Vallée de la Loue Est","_dept":"25","numero":"2016-D25-212","commune":"Vuillafans","echelle":"1/25000","surface":"48.58 km²","format":"A3","annee":"2016","cartographes":"Jacques AMIOT, Daniel FAIVRE","proprietaire":"2516 - ASSOCIATION POUR LE DEVELOPPEMENT DE L'ORIENTATION, DE LA RA","niveau":"National, International","specialite":"Raid'O","latitude":"47.0396367848","longitude":"6.25277025116","date_saisie":"17/11/2016","date_depot":"15/12/2016","valide":"Oui","ppo":"Non","type_carte":"Nouvelle carte","fond":"Cadastre","obsolete":false}},{"type":"Feature","geometry":{"type":"Polygon","coordinates":[[[6.14,47.1122],[6.2292,47.1117],[6.2498,47.0884],[6.2814,47.0654],[6.265,47.0378],[6.1441,47.0407],[6.14,47.1122]]]},"properties":{"id_ffco":"2016-D25-211","nom":"Vallée de la loue Ouest","_dept":"25","numero":"2016-D25-211","commune":"Ornans","echelle":"1/25000","surface":"72.4 km²","format":"A3","annee":"2016","cartographes":"Jacques AMIOT, Daniel FAIVRE","proprietaire":"2516 - ASSOCIATION POUR LE DEVELOPPEMENT DE L'ORIENTATION, DE LA RA","niveau":"National, International","specialite":"Raid'O","latitude":"47.0733056745","longitude":"6.20250937781","date_saisie":"16/11/2016","date_depot":"15/12/2016","valide":"Oui","ppo":"Non","type_carte":"Nouvelle carte","fond":"Cadastre","obsolete":false}},{"type":"Feature","geometry":{"type":"Polygon","coordinates":[[[5.9597,47.2525],[5.9617,47.2525],[5.963,47.2525],[5.9642,47.2522],[5.9651,47.2519],[5.9667,47.2514],[5.9674,47.2511],[5.9684,47.2507],[5.9692,47.2505],[5.9704,47.2502],[5.9714,47.2501],[5.9728,47.25],[5.974,47.2499],[5.9743,47.2494],[5.9736,47.2486],[5.9727,47.2479],[5.9727,47.2469],[5.9728,47.246],[5.9723,47.2453],[5.9718,47.2445],[5.9708,47.2437],[5.9703,47.243],[5.9697,47.2421],[5.9692,47.2404],[5.9691,47.2392],[5.9688,47.2374],[5.9678,47.2369],[5.9661,47.2363],[5.9651,47.2362],[5.9648,47.2356],[5.9644,47.2349],[5.9636,47.2345],[5.9629,47.2347],[5.9621,47.2352],[5.9614,47.2353],[5.9586,47.2382],[5.9583,47.2392],[5.9575,47.2399],[5.9564,47.2407],[5.9563,47.2415],[5.955,47.2425],[5.9543,47.2432],[5.9533,47.2443],[5.9535,47.2451],[5.9533,47.2457],[5.953,47.2466],[5.9529,47.2471],[5.9529,47.2479],[5.953,47.2484],[5.9533,47.2494],[5.9588,47.2524],[5.9597,47.2525]]]},"properties":{"id_ffco":"2016-D25-210","nom":"La Chaille 2","_dept":"25","numero":"2016-D25-210","commune":"Besançon","echelle":"1/10000","surface":"2.04 km²","format":"A4","annee":"2016","cartographes":"Luc GIRARD","proprietaire":"2508 - BALISE 25 BESANCON","niveau":"Régional","specialite":"CO à pied","latitude":"47.2447614331","longitude":"5.96296532046","date_saisie":"02/11/2016","date_depot":"15/12/2016","valide":"Oui","ppo":"Non","type_carte":"Reprise","base":"1989-D25-12 CHAILLE","fond":"Cadastre","obsolete":false}},{"type":"Feature","geometry":null,"properties":{"id_ffco":"1989-D25-21","nom":"RATTE","_dept":"25","numero":"1989-D25-21","commune":"BESANCON","echelle":"1/10000","surface":"1.4 km²","annee":"1989","proprietaire":"2507","specialite":"CO à pied","latitude":"47.2412254","longitude":"6.0255656","valide":"Non","ppo":"Non","obsolete":false}},{"type":"Feature","geometry":{"type":"Polygon","coordinates":[[[6.0262,47.2428],[6.0262,47.2427],[6.0277,47.2426],[6.028,47.2426],[6.0283,47.2426],[6.0285,47.2426],[6.0286,47.2429],[6.0281,47.2433],[6.0277,47.2432],[6.0272,47.2432],[6.027,47.2433],[6.0269,47.2434],[6.0266,47.2434],[6.0263,47.2431],[6.0262,47.2428]]]},"properties":{"id_ffco":"2016-D25-209","nom":"Ecole Publique Helvétie","_dept":"25","numero":"2016-D25-209","commune":"Besançon","echelle":"1/600","surface":"0.01 km²","format":"A4","annee":"2016","cartographes":"LAURENT Philippe","proprietaire":"2508 - BALISE 25 BESANCON","niveau":"Départemental","specialite":"CO à pied","latitude":"47.2429451631","longitude":"6.02737503788","date_saisie":"17/06/2016","date_depot":"21/06/2016","valide":"Oui","ppo":"Non","type_carte":"Nouvelle carte","fond":"Cadastre","obsolete":false}},{"type":"Feature","geometry":{"type":"Polygon","coordinates":[[[6.0556,47.2946],[6.0563,47.298],[6.0534,47.3004],[6.0548,47.3023],[6.056,47.3034],[6.0554,47.3054],[6.0566,47.3059],[6.0602,47.3071],[6.0617,47.3079],[6.0636,47.3089],[6.065,47.3096],[6.0666,47.3102],[6.0678,47.3109],[6.0709,47.3123],[6.0746,47.3127],[6.0856,47.3128],[6.0856,47.3122],[6.0854,47.3118],[6.0857,47.3114],[6.086,47.3112],[6.0866,47.311],[6.0867,47.3107],[6.0878,47.3095],[6.0888,47.3085],[6.0893,47.3074],[6.0894,47.3071],[6.0881,47.3053],[6.0872,47.3043],[6.0862,47.3035],[6.0841,47.3015],[6.0828,47.3007],[6.0811,47.2995],[6.0792,47.2985],[6.0783,47.2983],[6.0768,47.298],[6.0758,47.2977],[6.074,47.2971],[6.0722,47.2953],[6.0717,47.2943],[6.0556,47.2946]]]},"properties":{"id_ffco":"2016-D25-208","nom":"Les Acacias VTT","_dept":"25","numero":"2016-D25-208","commune":"BRAILLANS","echelle":"1/10000","surface":"3.79 km²","format":"A4","annee":"2016","cartographes":"Longchamp Loïc","proprietaire":"2508 - BALISE 25 BESANCON","niveau":"National, International","specialite":"CO à VTT","latitude":"47.3036881361","longitude":"6.07115804318","date_saisie":"16/06/2016","date_depot":"21/06/2016","valide":"Oui","ppo":"Non","type_carte":"Reprise","base":"2011-D25-165 La Fontaine des Acacias","fond":"Cadastre","obsolete":false}},{"type":"Feature","geometry":{"type":"Polygon","coordinates":[[[6.8565,47.4882],[6.8577,47.4838],[6.8653,47.4841],[6.8656,47.4808],[6.8816,47.4781],[6.8838,47.4785],[6.8859,47.4829],[6.8855,47.4935],[6.8893,47.5032],[6.8886,47.5057],[6.8819,47.5073],[6.8749,47.5029],[6.8683,47.5022],[6.8659,47.499],[6.8618,47.4982],[6.8608,47.4951],[6.8577,47.4919],[6.8558,47.4895],[6.8565,47.4882]]]},"properties":{"id_ffco":"2016-D25-207","nom":"Bois des Ecouteaux","_dept":"25","numero":"2016-D25-207","commune":"Audincourt","echelle":"1/10000","surface":"5.23 km²","format":"A4","annee":"2016","cartographes":"Alexandre GANZITTI","proprietaire":"9006 - ROYAL AZIMUT MONTBELIARD BELFORT ORIENTATION","niveau":"Régional","specialite":"CO à pied","latitude":"47.4919379425","longitude":"6.87427605786","date_saisie":"15/06/2016","date_depot":"24/06/2016","valide":"Oui","ppo":"Non","type_carte":"Reprise","base":"1976-D25-023 FAYS","fond":"IGN","ref_ign":"3622 OT","obsolete":false}},{"type":"Feature","geometry":{"type":"Polygon","coordinates":[[[6.7464,47.534],[6.7454,47.5376],[6.741,47.5433],[6.7497,47.5434],[6.7605,47.5425],[6.7695,47.5392],[6.7756,47.5379],[6.7817,47.537],[6.7808,47.5316],[6.7782,47.5312],[6.7756,47.5262],[6.7676,47.5267],[6.7659,47.5288],[6.7581,47.5281],[6.7557,47.5237],[6.7513,47.525],[6.747,47.5262],[6.7422,47.5265],[6.7415,47.5297],[6.7464,47.534]]]},"properties":{"id_ffco":"2016-D25-206","nom":"Forêt de Montevillars","_dept":"25","numero":"2016-D25-206","commune":"Montbéliard","echelle":"1/10000","surface":"4.37 km²","format":"A4","annee":"2016","cartographes":"Alexandre GANZITTI","proprietaire":"9006 - ROYAL AZIMUT MONTBELIARD BELFORT ORIENTATION","niveau":"Régional","specialite":"CO à pied","latitude":"47.534036694","longitude":"6.75977934285","date_saisie":"15/06/2016","date_depot":"24/06/2016","valide":"Oui","ppo":"Non","type_carte":"Reprise","base":"1982-D25-19 BOIS BOURGEOIS","fond":"IGN","ref_ign":"3621 OT","obsolete":false}},{"type":"Feature","geometry":{"type":"Polygon","coordinates":[[[5.7794,47.0348],[5.78,47.0339],[5.78,47.0333],[5.78,47.033],[5.7799,47.0327],[5.7796,47.0323],[5.7792,47.032],[5.7789,47.0318],[5.7782,47.0315],[5.778,47.0316],[5.7777,47.0316],[5.7774,47.0316],[5.7771,47.0316],[5.7768,47.0316],[5.7766,47.0317],[5.7764,47.0318],[5.7761,47.0319],[5.7759,47.032],[5.7757,47.0321],[5.7755,47.0323],[5.7753,47.0325],[5.7752,47.0325],[5.7747,47.0332],[5.7794,47.0348]]]},"properties":{"id_ffco":"2016-D25-205","nom":"Saline Royale d'Arc et Senans","_dept":"25","numero":"2016-D25-205","commune":"Arc et Senans","echelle":"1/2000","surface":"0.09 km²","format":"A4","annee":"2016","cartographes":"Alain RUAUD, Jacques ABISSE","proprietaire":"2508 - BALISE 25 BESANCON","niveau":"Initiation, Scolaire","specialite":"CO à pied","latitude":"47.0330068774","longitude":"5.7777471412","date_saisie":"27/04/2016","date_depot":"02/06/2016","valide":"Oui","ppo":"Non","type_carte":"Nouvelle carte","fond":"Cadastre","obsolete":false}},{"type":"Feature","geometry":{"type":"Polygon","coordinates":[[[6.7603,47.5268],[6.768,47.5268],[6.7738,47.5243],[6.7783,47.5272],[6.7826,47.5332],[6.7835,47.5364],[6.7754,47.5406],[6.7702,47.5451],[6.7684,47.5502],[6.7696,47.5541],[6.7721,47.5572],[6.7721,47.5598],[6.7654,47.5608],[6.757,47.5626],[6.7491,47.5642],[6.7405,47.564],[6.739,47.5576],[6.7325,47.5488],[6.7246,47.5444],[6.7253,47.5393],[6.7302,47.5306],[6.7335,47.5271],[6.7429,47.5238],[6.7603,47.5268]]]},"properties":{"id_ffco":"2016-D25-204","nom":"Les Six Combes","_dept":"25","numero":"2016-D25-204","commune":"MONTBELIARD","echelle":"1/20000","surface":"13.33 km²","format":"A4","annee":"2016","cartographes":"Michel Stribeau","proprietaire":"9006 - ROYAL AZIMUT MONTBELIARD BELFORT ORIENTATION","niveau":"Régional","specialite":"CO à VTT","latitude":"47.5423272421","longitude":"6.75278365583","date_saisie":"15/03/2016","date_depot":"02/06/2016","valide":"Oui","ppo":"Non","type_carte":"Nouvelle carte","fond":"IGN","ref_ign":"3622 OT","obsolete":false}},{"type":"Feature","geometry":{"type":"Polygon","coordinates":[[[6.8095,47.4595],[6.8143,47.4654],[6.8156,47.4683],[6.8181,47.4707],[6.8192,47.4732],[6.8204,47.4743],[6.8222,47.4738],[6.8237,47.4736],[6.8259,47.4747],[6.8286,47.4748],[6.8299,47.472],[6.8321,47.4701],[6.8322,47.4689],[6.8303,47.4681],[6.8277,47.4663],[6.8245,47.4627],[6.8216,47.4591],[6.819,47.4569],[6.817,47.4558],[6.8148,47.4559],[6.812,47.4567],[6.8095,47.4595]]]},"properties":{"id_ffco":"2016-D25-203","nom":"Bois des Buis","_dept":"25","numero":"2016-D25-203","commune":"VALENTIGNEY","echelle":"1/7500","surface":"1.83 km²","format":"A4","annee":"2016","cartographes":"Alexandre GANZITTI","proprietaire":"9006 - ROYAL AZIMUT MONTBELIARD BELFORT ORIENTATION","niveau":"Régional","specialite":"CO à pied","latitude":"47.4655432454","longitude":"6.82059933584","date_saisie":"08/02/2016","date_depot":"02/06/2016","valide":"Oui","ppo":"Non","type_carte":"Reprise","base":"1989-D25-37 BOIS VALENTIGNEY","fond":"IGN","ref_ign":"3622 OT","obsolete":false}},{"type":"Feature","geometry":{"type":"Polygon","coordinates":[[[6.8379,47.4559],[6.8379,47.4542],[6.8377,47.4525],[6.8366,47.4525],[6.836,47.4526],[6.8347,47.4531],[6.8348,47.4535],[6.8333,47.454],[6.8337,47.4546],[6.8332,47.4547],[6.8332,47.455],[6.8342,47.4564],[6.8356,47.4561],[6.8379,47.4559]]]},"properties":{"id_ffco":"2015-D25-202","nom":"Valentigney,les Longines","_dept":"25","numero":"2015-D25-202","commune":"Valentigney","echelle":"1/2000","surface":"0.12 km²","format":"A4","annee":"2015","cartographes":"Gutschenritter Guy","proprietaire":"2517 - ORIENTATION TEAM BESANCON","niveau":"Départemental","specialite":"CO à pied","latitude":"47.4544910347","longitude":"6.83584013097","date_saisie":"03/11/2015","date_depot":"27/11/2015","valide":"Oui","ppo":"Oui (30 postes)","type_carte":"Nouvelle carte","fond":"Cadastre","obsolete":false}},{"type":"Feature","geometry":{"type":"Polygon","coordinates":[[[5.9232,47.2559],[5.9248,47.2575],[5.9259,47.2578],[5.9262,47.2584],[5.9264,47.2588],[5.9274,47.2589],[5.927,47.2601],[5.9272,47.2606],[5.9271,47.2611],[5.927,47.2622],[5.9285,47.2623],[5.9293,47.2622],[5.9309,47.2622],[5.9313,47.2625],[5.9315,47.2625],[5.9319,47.2623],[5.933,47.2622],[5.9337,47.2624],[5.9344,47.2631],[5.935,47.2629],[5.9356,47.2626],[5.9362,47.2622],[5.9374,47.262],[5.9384,47.2623],[5.9387,47.2624],[5.9388,47.2621],[5.9382,47.2613],[5.938,47.261],[5.9382,47.2605],[5.9384,47.2603],[5.9385,47.2599],[5.9394,47.2602],[5.9404,47.2588],[5.9395,47.2585],[5.9405,47.2578],[5.9409,47.2577],[5.9427,47.2587],[5.9428,47.2582],[5.943,47.2578],[5.9443,47.2558],[5.9436,47.2554],[5.9428,47.2552],[5.9424,47.2551],[5.9416,47.2544],[5.9409,47.2541],[5.9402,47.254],[5.9395,47.254],[5.9386,47.254],[5.937,47.2541],[5.9357,47.2545],[5.9337,47.2559],[5.9335,47.256],[5.932,47.2557],[5.9307,47.2555],[5.9294,47.2552],[5.9273,47.2548],[5.9273,47.2551],[5.9259,47.2551],[5.9247,47.2553],[5.9236,47.2555],[5.923,47.2557],[5.9232,47.2559]]]},"properties":{"id_ffco":"2015-D25-201","nom":"Pouilley les Vignes Village","_dept":"25","numero":"2015-D25-201","commune":"Pouilley les Vignes","echelle":"1/5000","surface":"0.95 km²","format":"A4","annee":"2015","cartographes":"Gutschenritter Guy","proprietaire":"2517 - ORIENTATION TEAM BESANCON","niveau":"Départemental","specialite":"CO à pied","latitude":"47.2581118667","longitude":"5.93383822314","date_saisie":"03/11/2015","date_depot":"27/11/2015","valide":"Oui","ppo":"Non","type_carte":"Nouvelle carte","fond":"Cadastre","obsolete":false}},{"type":"Feature","geometry":{"type":"Polygon","coordinates":[[[6.1875,46.7044],[6.1878,46.7066],[6.1883,46.7078],[6.1896,46.7093],[6.1884,46.7099],[6.1877,46.7117],[6.1867,46.7139],[6.1858,46.7137],[6.1854,46.714],[6.1857,46.7145],[6.186,46.7149],[6.1858,46.7153],[6.185,46.7154],[6.1845,46.7157],[6.1835,46.7154],[6.1826,46.7155],[6.1811,46.7178],[6.1803,46.7195],[6.1791,46.7194],[6.1779,46.7159],[6.1735,46.7112],[6.1577,46.7059],[6.1557,46.7051],[6.155,46.7047],[6.1544,46.7026],[6.1556,46.7009],[6.1548,46.7005],[6.1531,46.7003],[6.152,46.7003],[6.1508,46.6998],[6.1501,46.6994],[6.1501,46.6988],[6.1501,46.6982],[6.1497,46.6976],[6.1487,46.6971],[6.1484,46.6966],[6.1486,46.6961],[6.1489,46.6959],[6.1495,46.6948],[6.15,46.6942],[6.1502,46.6936],[6.1508,46.6935],[6.1523,46.6929],[6.1536,46.6924],[6.1553,46.6925],[6.1571,46.6921],[6.1635,46.6953],[6.1642,46.6949],[6.1686,46.6969],[6.1732,46.7014],[6.1738,46.7036],[6.1741,46.7039],[6.1759,46.703],[6.182,46.7064],[6.1847,46.7066],[6.1848,46.7049],[6.1871,46.7041],[6.1875,46.7044]]]},"properties":{"id_ffco":"2015-D25-200","nom":"Le Pré Lorrain II","_dept":"25","numero":"2015-D25-200","commune":"Mouthe 25","echelle":"1/10000","surface":"3.61 km²","format":"A3","annee":"2015","cartographes":"DUBOC Mchel","proprietaire":"2508 - BALISE 25 BESANCON","niveau":"Interrégional","specialite":"CO à pied","latitude":"46.7043280741","longitude":"6.16891218403","date_saisie":"25/06/2015","date_depot":"22/10/2015","valide":"Oui","ppo":"Non","type_carte":"Nouvelle carte","fond":"Ortho","obsolete":false}},{"type":"Feature","geometry":null,"properties":{"id_ffco":"1994-D25-20","nom":"CHAUMELLES","_dept":"25","numero":"1994-D25-20","surface":"4.2 km²","annee":"1994","proprietaire":"2510","specialite":"CO à pied","latitude":"47.1969824","longitude":"6.3126004","valide":"Non","ppo":"Non","obsolete":false}},{"type":"Feature","geometry":{"type":"Polygon","coordinates":[[[6.3755,46.7794],[6.3767,46.7785],[6.3779,46.7784],[6.3792,46.7781],[6.3804,46.7778],[6.3816,46.7775],[6.3825,46.7773],[6.3849,46.7784],[6.3864,46.7799],[6.3879,46.7808],[6.3909,46.7812],[6.3931,46.7809],[6.3964,46.7824],[6.3954,46.7839],[6.395,46.7859],[6.3964,46.7864],[6.3959,46.7873],[6.3947,46.7884],[6.3981,46.7901],[6.3982,46.7934],[6.3963,46.795],[6.3961,46.7961],[6.397,46.7969],[6.3956,46.7974],[6.3942,46.7971],[6.3928,46.7964],[6.3925,46.7969],[6.3914,46.7974],[6.3898,46.7971],[6.3873,46.7985],[6.3835,46.7984],[6.3803,46.7975],[6.38,46.7972],[6.3796,46.795],[6.3802,46.7943],[6.3795,46.7919],[6.3777,46.7899],[6.3796,46.7875],[6.3808,46.7864],[6.3803,46.7854],[6.3779,46.7841],[6.3765,46.7843],[6.3742,46.7819],[6.3739,46.7808],[6.3755,46.7794]]]},"properties":{"id_ffco":"2015-D25-199","nom":"L'HERBA","_dept":"25","numero":"2015-D25-199","commune":"Les Hopitaux Neufs","echelle":"1/10000","surface":"2.8 km²","format":"A4","annee":"2015","cartographes":"VUILLEMIN Michel","proprietaire":"2508 - BALISE 25 BESANCON","niveau":"Interrégional","specialite":"CO à pied","latitude":"46.7882316804","longitude":"6.38669384224","date_saisie":"25/06/2015","date_depot":"22/10/2015","valide":"Oui","ppo":"Non","type_carte":"Nouvelle carte","fond":"Ortho","obsolete":false}},{"type":"Feature","geometry":{"type":"Polygon","coordinates":[[[5.9071,47.2744],[5.9065,47.2746],[5.9047,47.2744],[5.9031,47.2742],[5.9019,47.2741],[5.9008,47.2739],[5.8998,47.2734],[5.8991,47.2731],[5.898,47.2729],[5.8968,47.2728],[5.8961,47.272],[5.8938,47.2703],[5.8932,47.27],[5.8926,47.2698],[5.8921,47.2696],[5.8914,47.2692],[5.8911,47.2684],[5.8908,47.2679],[5.8939,47.2664],[5.8952,47.2657],[5.8938,47.2647],[5.8944,47.2641],[5.8952,47.2636],[5.8964,47.2633],[5.8976,47.263],[5.8989,47.2627],[5.8998,47.262],[5.9008,47.2616],[5.9039,47.2606],[5.9036,47.2598],[5.9055,47.2593],[5.9077,47.2588],[5.9129,47.2581],[5.9152,47.2577],[5.9165,47.2586],[5.918,47.2595],[5.9197,47.2604],[5.9214,47.262],[5.9223,47.2634],[5.9231,47.2646],[5.9235,47.2651],[5.9227,47.2654],[5.9216,47.2654],[5.9204,47.2657],[5.9196,47.2658],[5.9189,47.2664],[5.9184,47.2672],[5.9182,47.2678],[5.9176,47.2683],[5.9167,47.2685],[5.9161,47.2688],[5.9158,47.2692],[5.9153,47.2695],[5.9152,47.2701],[5.9149,47.2703],[5.9143,47.2704],[5.9136,47.2706],[5.9127,47.2711],[5.9122,47.2713],[5.9118,47.2716],[5.9112,47.2721],[5.9108,47.2724],[5.9102,47.2725],[5.9094,47.2727],[5.9087,47.2728],[5.9082,47.273],[5.9076,47.2735],[5.907,47.2735],[5.9068,47.2738],[5.9065,47.2741],[5.9071,47.2744]]]},"properties":{"id_ffco":"2015-D25-198","nom":"Bois de Chanois","_dept":"25","numero":"2015-D25-198","commune":"Pelousey 25","echelle":"1/10000","surface":"2.7 km²","format":"A4","annee":"2015","cartographes":"DUBOC Michel","proprietaire":"2517 - ORIENTATION TEAM BESANCON","niveau":"Régional","specialite":"CO à pied","latitude":"47.2660575493","longitude":"5.90715122434","date_saisie":"25/06/2015","date_depot":"22/10/2015","valide":"Oui","ppo":"Non","type_carte":"Nouvelle carte","fond":"Ortho","obsolete":false}},{"type":"Feature","geometry":{"type":"Polygon","coordinates":[[[6.2263,46.7905],[6.2265,46.7893],[6.2263,46.7889],[6.2252,46.7883],[6.2237,46.787],[6.2228,46.786],[6.2217,46.7851],[6.2208,46.7848],[6.2205,46.7845],[6.2187,46.7846],[6.2183,46.785],[6.216,46.7845],[6.2153,46.7847],[6.2143,46.7843],[6.2134,46.784],[6.2126,46.7839],[6.2116,46.7837],[6.211,46.7842],[6.2114,46.7849],[6.2121,46.7851],[6.2121,46.7856],[6.2126,46.7868],[6.2132,46.7875],[6.2135,46.788],[6.2144,46.7886],[6.2167,46.7893],[6.2167,46.791],[6.2167,46.7922],[6.2167,46.7937],[6.2167,46.7945],[6.2191,46.7945],[6.2193,46.7933],[6.2197,46.7908],[6.2211,46.7904],[6.2227,46.7906],[6.2239,46.7905],[6.2257,46.7912],[6.2263,46.7905]]]},"properties":{"id_ffco":"2015-D25-197","nom":"La Combe au Prince","_dept":"25","numero":"2015-D25-197","commune":"Vaux et Chantegrue","echelle":"1/6000","surface":"0.64 km²","format":"A4","annee":"2015","cartographes":"CAP Orientation","proprietaire":"25 - Doubs","niveau":"Régional","specialite":"CO à pied","latitude":"46.7882283018","longitude":"6.21879796654","date_saisie":"08/05/2015","date_depot":"22/10/2015","valide":"Oui","ppo":"Non","type_carte":"Nouvelle carte","fond":"Cadastre","obsolete":false}},{"type":"Feature","geometry":{"type":"Polygon","coordinates":[[[5.9819,47.2202],[5.9793,47.2196],[5.9763,47.2188],[5.9762,47.2183],[5.9756,47.2182],[5.975,47.219],[5.9741,47.2192],[5.9732,47.2192],[5.9712,47.2181],[5.9697,47.2173],[5.9697,47.2133],[5.9716,47.213],[5.9734,47.213],[5.9721,47.2116],[5.97,47.2096],[5.9678,47.2076],[5.9661,47.2054],[5.9653,47.2036],[5.9643,47.2018],[5.9639,47.2001],[5.9671,47.2],[5.9709,47.1999],[5.9745,47.1999],[5.9797,47.1996],[5.9822,47.1992],[5.9839,47.1985],[5.9872,47.1995],[5.9885,47.2004],[5.991,47.2014],[5.9925,47.2029],[5.9932,47.2047],[5.9936,47.2067],[5.9947,47.2083],[5.9956,47.2096],[5.9961,47.2105],[5.9972,47.2117],[5.9953,47.2122],[5.9925,47.2123],[5.9902,47.2127],[5.9891,47.2134],[5.9879,47.2147],[5.9871,47.2165],[5.9856,47.2173],[5.9842,47.2181],[5.983,47.2187],[5.9824,47.2192],[5.9819,47.2202]]]},"properties":{"id_ffco":"2015-D25-196","nom":"Fort de Planoise O'VTT","_dept":"25","numero":"2015-D25-196","commune":"Besançon","echelle":"1/12500","surface":"3.75 km²","format":"A4","annee":"2015","cartographes":"TINCHANT Johann","proprietaire":"2517 - ORIENTATION TEAM BESANCON","niveau":"Régional","specialite":"CO à VTT","latitude":"47.2083665463","longitude":"5.98006379159","date_saisie":"10/05/2015","date_depot":"28/07/2015","valide":"Oui","ppo":"Non","type_carte":"Reprise","base":"2013-D25-180 Fort de Planoise","fond":"Cadastre","obsolete":false}},{"type":"Feature","geometry":{"type":"Polygon","coordinates":[[[5.9412,47.2159],[5.9491,47.2116],[5.9584,47.2084],[5.9552,47.2041],[5.9536,47.2029],[5.9482,47.1981],[5.9497,47.1976],[5.9477,47.1961],[5.9468,47.1948],[5.9463,47.1938],[5.9464,47.1925],[5.9463,47.1916],[5.9448,47.1905],[5.9436,47.1904],[5.9424,47.1903],[5.9413,47.1905],[5.9403,47.1912],[5.939,47.1913],[5.9371,47.1915],[5.9346,47.1915],[5.932,47.1917],[5.9278,47.1923],[5.9272,47.1924],[5.9264,47.1947],[5.9257,47.199],[5.9265,47.2],[5.927,47.2015],[5.928,47.2031],[5.9289,47.2048],[5.93,47.2069],[5.9312,47.2082],[5.9325,47.2097],[5.9333,47.2108],[5.9347,47.2115],[5.9363,47.2125],[5.9376,47.2132],[5.9394,47.2141],[5.94,47.2148],[5.9408,47.216],[5.9412,47.2159]]]},"properties":{"id_ffco":"2015-D25-195","nom":"La Mare Morel II","_dept":"25","numero":"2015-D25-195","commune":"Besançon","echelle":"1/10000","surface":"4.21 km²","format":"A3","annee":"2015","cartographes":"Michel DUBOC","proprietaire":"2508 - BALISE 25 BESANCON","niveau":"Interrégional","specialite":"CO à pied","contacts":"Balise 25, 1 impasse des chênes, 25000, Besançon, 06 68 87 64 53, contact@balise25.fr","latitude":"47.20243424","longitude":"5.94036954489","date_saisie":"17/03/2015","date_depot":"28/07/2015","valide":"Oui","ppo":"Non","type_carte":"Reprise","base":"2003-D25-104 LE BOIS DE LA MARE MOREL","fond":"Cadastre","obsolete":false}},{"type":"Feature","geometry":{"type":"Polygon","coordinates":[[[6.0386,47.2292],[6.0391,47.2282],[6.0397,47.2277],[6.0406,47.2272],[6.0414,47.2269],[6.0426,47.2265],[6.0433,47.2264],[6.0439,47.2263],[6.0461,47.2262],[6.0472,47.2263],[6.0493,47.2266],[6.0507,47.227],[6.0531,47.2278],[6.0547,47.2285],[6.0558,47.2293],[6.0572,47.2304],[6.0581,47.2314],[6.0599,47.2334],[6.0619,47.2328],[6.0644,47.2332],[6.0652,47.2346],[6.0671,47.2336],[6.067,47.233],[6.068,47.2324],[6.0681,47.232],[6.0689,47.2321],[6.0713,47.2322],[6.0716,47.2318],[6.0722,47.2314],[6.0718,47.2307],[6.0714,47.2298],[6.0713,47.2295],[6.0714,47.2288],[6.0717,47.2283],[6.0718,47.2278],[6.0719,47.2272],[6.073,47.2272],[6.0731,47.2268],[6.074,47.2263],[6.074,47.2258],[6.0742,47.2253],[6.0743,47.2249],[6.0735,47.2244],[6.0719,47.2235],[6.0708,47.2229],[6.0699,47.2226],[6.0688,47.2224],[6.0672,47.2222],[6.0659,47.222],[6.065,47.2217],[6.0643,47.2212],[6.0637,47.2203],[6.0634,47.2195],[6.063,47.2188],[6.0623,47.2182],[6.0613,47.2173],[6.0607,47.2166],[6.0589,47.2154],[6.0574,47.2151],[6.0565,47.2151],[6.0553,47.2152],[6.0546,47.2155],[6.0535,47.2161],[6.0531,47.2163],[6.0529,47.2166],[6.0529,47.217],[6.0527,47.2173],[6.0522,47.2175],[6.0519,47.2175],[6.0513,47.2175],[6.0503,47.2172],[6.0499,47.2172],[6.0495,47.2174],[6.0489,47.2177],[6.0486,47.2179],[6.048,47.2179],[6.0462,47.218],[6.0445,47.2181],[6.0432,47.2179],[6.0425,47.2177],[6.0415,47.2177],[6.041,47.2177],[6.0393,47.2201],[6.0386,47.2197],[6.0377,47.2205],[6.0373,47.2205],[6.0348,47.2202],[6.0346,47.2211],[6.0342,47.2217],[6.0346,47.2221],[6.0351,47.2225],[6.0354,47.2231],[6.0358,47.2236],[6.0357,47.2242],[6.0353,47.2244],[6.0347,47.2245],[6.0342,47.2245],[6.0335,47.2244],[6.0329,47.2243],[6.0323,47.2242],[6.0309,47.2245],[6.0318,47.226],[6.032,47.2266],[6.0314,47.2276],[6.0382,47.2294],[6.0386,47.2292]]]},"properties":{"id_ffco":"2015-D25-194","nom":"Chapelle des Buis","_dept":"25","numero":"2015-D25-194","commune":"25000 Besançon","echelle":"1/10000","surface":"3.57 km²","format":"A3","annee":"2015","cartographes":"Alain RUAUD","proprietaire":"2508 - BALISE 25 BESANCON","niveau":"Régional","specialite":"CO à pied","latitude":"47.2242923087","longitude":"6.05439153144","date_saisie":"02/03/2015","date_depot":"06/05/2015","valide":"Oui","ppo":"Non","type_carte":"Nouvelle carte","fond":"Cadastre","obsolete":false}},{"type":"Feature","geometry":{"type":"Polygon","coordinates":[[[5.917,47.2113],[5.9202,47.2124],[5.9229,47.2124],[5.9248,47.2123],[5.926,47.212],[5.9286,47.2119],[5.9306,47.2114],[5.934,47.2111],[5.9309,47.2076],[5.9301,47.2065],[5.9288,47.2041],[5.9279,47.2028],[5.9271,47.2013],[5.9266,47.1996],[5.9259,47.1988],[5.9246,47.1983],[5.9239,47.198],[5.9222,47.1994],[5.9206,47.199],[5.9166,47.1989],[5.9137,47.1989],[5.9124,47.1993],[5.9111,47.1983],[5.9099,47.1974],[5.9094,47.197],[5.9092,47.1966],[5.9089,47.1962],[5.9083,47.1961],[5.9071,47.1964],[5.9061,47.1969],[5.9054,47.1976],[5.9072,47.2001],[5.9079,47.2023],[5.9087,47.2038],[5.9125,47.2064],[5.9145,47.2082],[5.9164,47.2112],[5.917,47.2113]]]},"properties":{"id_ffco":"2015-D25-193","nom":"Grandfontaine \"Le Grand Bois\"","_dept":"25","numero":"2015-D25-193","commune":"25320 Grandfontaine","echelle":"1/10000","surface":"2.12 km²","format":"A4","annee":"2015","cartographes":"Michel DUBOC","proprietaire":"2517 - ORIENTATION TEAM BESANCON","niveau":"Régional","specialite":"CO à pied","latitude":"47.2048465888","longitude":"5.91977293578","date_saisie":"02/03/2015","date_depot":"06/05/2015","valide":"Oui","ppo":"Non","type_carte":"Nouvelle carte","fond":"Cadastre","obsolete":false}},{"type":"Feature","geometry":{"type":"Polygon","coordinates":[[[6.3845,47.1555],[6.382,47.1577],[6.3788,47.1609],[6.3758,47.1619],[6.3737,47.1612],[6.3721,47.1601],[6.3698,47.1599],[6.3685,47.1593],[6.367,47.1584],[6.3647,47.1579],[6.3634,47.1574],[6.3619,47.157],[6.3595,47.1568],[6.3586,47.1559],[6.3582,47.1543],[6.3597,47.152],[6.3627,47.1492],[6.363,47.1485],[6.3686,47.1465],[6.3703,47.1448],[6.3768,47.1446],[6.3767,47.1455],[6.3782,47.1467],[6.3793,47.1483],[6.3807,47.1504],[6.3814,47.1513],[6.3831,47.1525],[6.384,47.1533],[6.3845,47.1542],[6.3849,47.1553],[6.3845,47.1555]]]},"properties":{"id_ffco":"2014-D25-192","nom":"Bois des Epesses 2","_dept":"25","numero":"2014-D25-192","commune":"Valdahon","echelle":"1/10000","surface":"2.4 km²","format":"A4","annee":"2014","cartographes":"Guy GUTSCHENRITTER","proprietaire":"2517 - ORIENTATION TEAM BESANCON","niveau":"Régional","specialite":"CO à pied","latitude":"47.1532537408","longitude":"6.37198887211","date_saisie":"08/01/2015","date_depot":"06/02/2015","valide":"Oui","ppo":"Non","type_carte":"Nouvelle carte","fond":"Cadastre","obsolete":false}},{"type":"Feature","geometry":{"type":"Polygon","coordinates":[[[6.1017,47.2063],[6.1054,47.2016],[6.1128,47.1971],[6.1177,47.1957],[6.1198,47.1924],[6.1241,47.1936],[6.1278,47.1962],[6.1337,47.2025],[6.1321,47.2037],[6.1284,47.2053],[6.1255,47.2063],[6.1239,47.2067],[6.12,47.207],[6.1164,47.2072],[6.114,47.2072],[6.1106,47.2068],[6.1076,47.2064],[6.1059,47.2062],[6.1046,47.2061],[6.1027,47.2063],[6.1017,47.2063]]]},"properties":{"id_ffco":"2014-D25-191","nom":"Le Bois Blanc de Saone","_dept":"25","numero":"2014-D25-191","commune":"Saone","echelle":"1/10000","surface":"2.29 km²","format":"A4","annee":"2014","cartographes":"Johan TINCHANT, Jean Marc TINCHANT","proprietaire":"2517 - ORIENTATION TEAM BESANCON","niveau":"Régional","specialite":"CO à pied","latitude":"47.2013250568","longitude":"6.11879181474","date_saisie":"08/01/2015","date_depot":"05/02/2015","valide":"Oui","ppo":"Non","type_carte":"Nouvelle carte","fond":"Cadastre","obsolete":false}},{"type":"Feature","geometry":{"type":"Polygon","coordinates":[[[6.0113,47.288],[6.0171,47.2852],[6.0163,47.2846],[6.0163,47.2838],[6.0157,47.2829],[6.0161,47.2801],[6.0139,47.2791],[6.013,47.2757],[6.0109,47.2751],[6.0072,47.2766],[6.0032,47.2744],[5.9995,47.2756],[5.9987,47.2772],[5.9977,47.279],[5.9999,47.2801],[6.0023,47.2796],[6.0032,47.2809],[6.0001,47.2829],[6.0058,47.2861],[6.0113,47.288]]]},"properties":{"id_ffco":"2014-D25-190","nom":"Combe de la Laye","_dept":"25","numero":"2014-D25-190","commune":"Besançon","echelle":"1/7500","surface":"1.34 km²","format":"A4","annee":"2014","cartographes":"Mengin cartographie","proprietaire":"2517 - ORIENTATION TEAM BESANCON","niveau":"Régional","specialite":"CO à pied","latitude":"47.2809804005","longitude":"6.00797841649","date_saisie":"18/11/2014","date_depot":"05/02/2015","valide":"Oui","ppo":"Non","type_carte":"Nouvelle carte","fond":"Cadastre","obsolete":false}},{"type":"Feature","geometry":null,"properties":{"id_ffco":"1982-D25-19","nom":"BOIS BOURGEOIS","_dept":"25","numero":"1982-D25-19","commune":"BETHONCOURT","echelle":"1/15000","surface":"4.4 km²","annee":"1982","proprietaire":"2509","niveau":"Interrégional","specialite":"CO à pied","latitude":"47.5322912","longitude":"6.7961991","valide":"Non","ppo":"Non","obsolete":false}},{"type":"Feature","geometry":null,"properties":{"id_ffco":"1982-D25-19","nom":"MONTAGNE DU LAVERON","_dept":"25","numero":"1982-D25-19","commune":"PONTARLIER","echelle":"1/15000","surface":"4.5 km²","annee":"1982","proprietaire":"2510","niveau":"Interrégional","specialite":"CO à pied","latitude":"46.9020963","longitude":"6.3590849","valide":"Non","ppo":"Non","obsolete":false}},{"type":"Feature","geometry":{"type":"Polygon","coordinates":[[[5.943,47.2723],[5.9436,47.2731],[5.9483,47.2758],[5.9519,47.2764],[5.9544,47.2748],[5.9539,47.2714],[5.9494,47.2673],[5.9459,47.265],[5.9441,47.2625],[5.9432,47.2618],[5.9393,47.2618],[5.936,47.2619],[5.935,47.2625],[5.9352,47.2639],[5.9376,47.2681],[5.943,47.2723]]]},"properties":{"id_ffco":"2014-D25-189","nom":"Le Mont dePouilley-les-Vignes","_dept":"25","numero":"2014-D25-189","commune":"Pouilley les Vignes","echelle":"1/10000","surface":"1.25 km²","format":"A4","annee":"2014","cartographes":"Guy Gutschenritter","proprietaire":"2517 - ORIENTATION TEAM BESANCON","niveau":"Régional","specialite":"CO à pied","latitude":"47.2687962283","longitude":"5.94485887727","date_saisie":"18/11/2014","date_depot":"05/02/2015","valide":"Oui","ppo":"Non","type_carte":"Nouvelle carte","fond":"Cadastre","obsolete":false}},{"type":"Feature","geometry":{"type":"Polygon","coordinates":[[[6.032,47.2699],[6.033,47.2696],[6.0335,47.2691],[6.0355,47.2683],[6.0338,47.2664],[6.0338,47.2654],[6.0336,47.2647],[6.033,47.2638],[6.0322,47.2631],[6.0316,47.2627],[6.0312,47.2614],[6.0309,47.2609],[6.0287,47.2592],[6.0267,47.2604],[6.0271,47.2629],[6.0271,47.2645],[6.0269,47.2659],[6.0272,47.2666],[6.0275,47.2682],[6.0289,47.2689],[6.029,47.2694],[6.0305,47.2698],[6.032,47.2699]]]},"properties":{"id_ffco":"2014-D25-188","nom":"La Combe Saragosse","_dept":"25","numero":"2014-D25-188","commune":"Besançon","echelle":"1/4000","surface":"0.47 km²","format":"A4","annee":"2014","cartographes":"TINCHANT Johann","proprietaire":"2517 - ORIENTATION TEAM BESANCON","niveau":"Départemental","specialite":"CO à pied","latitude":"47.265200818","longitude":"6.03029241309","date_saisie":"03/07/2014","date_depot":"17/06/2014","valide":"Oui","ppo":"Non","type_carte":"Nouvelle carte","fond":"IGN","obsolete":false}},{"type":"Feature","geometry":{"type":"Polygon","coordinates":[[[6.0732,47.3065],[6.0796,47.2987],[6.076,47.2976],[6.0713,47.2939],[6.0686,47.2898],[6.0657,47.2874],[6.0626,47.283],[6.0612,47.279],[6.0583,47.2748],[6.0542,47.272],[6.0468,47.2707],[6.0452,47.2703],[6.0384,47.2736],[6.0344,47.2757],[6.0293,47.2785],[6.025,47.282],[6.0217,47.2839],[6.0181,47.2876],[6.0148,47.2913],[6.0272,47.2979],[6.0332,47.3],[6.0394,47.3039],[6.0445,47.3044],[6.0511,47.3047],[6.0559,47.3055],[6.0634,47.3081],[6.0689,47.3109],[6.0732,47.3065]]]},"properties":{"id_ffco":"2014-D25-187","nom":"Les Trois Charmes","_dept":"25","numero":"2014-D25-187","commune":"Besançon","echelle":"1/15000","surface":"11.74 km²","format":"A3","annee":"2014","cartographes":"Jacques ABISSE, Loïc LONCHAMPT","proprietaire":"2508 - BALISE 25 BESANCON","niveau":"National, International","specialite":"CO à VTT","latitude":"47.2906746787","longitude":"6.04791059914","date_saisie":"14/05/2014","date_depot":"08/06/2014","valide":"Oui","ppo":"Non","type_carte":"Reprise","base":"1976-D25-004 FORET DE CHAILLUZ","fond":"Cadastre","obsolete":false}},{"type":"Feature","geometry":{"type":"Polygon","coordinates":[[[6.149,47.2187],[6.1473,47.2211],[6.1488,47.2238],[6.1568,47.2221],[6.1592,47.2223],[6.16,47.2211],[6.1602,47.216],[6.1487,47.216],[6.149,47.2187]]]},"properties":{"id_ffco":"2014-D25-186","nom":"Le Golf de la Chevillotte","_dept":"25","numero":"2014-D25-186","commune":"La Chevillotte","echelle":"1/6500","surface":"0.66 km²","format":"A4","annee":"2014","cartographes":"TINCHANT Johann, TINCHANT Jean Marc, VERANT Michel","proprietaire":"2517 - ORIENTATION TEAM BESANCON","niveau":"Régional","specialite":"CO à pied","latitude":"47.2194569233","longitude":"6.15388473592","date_saisie":"03/07/2014","date_depot":"17/06/2014","valide":"Oui","ppo":"Non","type_carte":"Nouvelle carte","fond":"IGN","obsolete":false}},{"type":"Feature","geometry":{"type":"Polygon","coordinates":[[[6.062,47.196],[6.0653,47.1968],[6.0729,47.1982],[6.0788,47.1988],[6.0839,47.1993],[6.0854,47.2002],[6.0898,47.198],[6.0909,47.1943],[6.089,47.1913],[6.086,47.1863],[6.0763,47.1866],[6.0755,47.1869],[6.075,47.1882],[6.0735,47.1878],[6.0689,47.188],[6.0684,47.1897],[6.0621,47.1952],[6.062,47.196]]]},"properties":{"id_ffco":"2014-D25-185","nom":"Bois d'Aglans","_dept":"25","numero":"2014-D25-185","commune":"La vèze","echelle":"1/10000","surface":"2.27 km²","format":"A4","annee":"2014","cartographes":"TINCHANT Johann","proprietaire":"2517 - ORIENTATION TEAM BESANCON","niveau":"Régional","specialite":"CO à pied","latitude":"47.1931710815","longitude":"6.07804443455","date_saisie":"03/07/2014","date_depot":"17/06/2014","valide":"Oui","ppo":"Non","type_carte":"Nouvelle carte","fond":"IGN","obsolete":false}},{"type":"Feature","geometry":{"type":"Polygon","coordinates":[[[6.7985,47.4976],[6.7962,47.4957],[6.7958,47.4943],[6.7964,47.4928],[6.7983,47.4922],[6.7996,47.4918],[6.8005,47.4922],[6.8011,47.4931],[6.8014,47.4942],[6.8015,47.4954],[6.8009,47.4962],[6.8,47.4973],[6.799,47.4975],[6.7985,47.4976]]]},"properties":{"id_ffco":"2014-D25-184","nom":"Piscines de Montbéliard","_dept":"25","numero":"2014-D25-184","commune":"MONTBELIARD","echelle":"1/2500","surface":"0.2 km²","format":"A4","annee":"2014","cartographes":"Alexandre GANZITTI","proprietaire":"9006 - ROYAL AZIMUT MONTBELIARD BELFORT ORIENTATION","niveau":"Initiation, Scolaire","specialite":"CO à pied","latitude":"47.4946224637","longitude":"6.79877506494","date_saisie":"28/01/2014","date_depot":"15/05/2014","valide":"Oui","ppo":"Non","type_carte":"Nouvelle carte","fond":"Cadastre","obsolete":false}},{"type":"Feature","geometry":{"type":"Polygon","coordinates":[[[6.8443,47.5112],[6.8424,47.511],[6.8395,47.51],[6.8383,47.5095],[6.8374,47.511],[6.8365,47.5118],[6.8366,47.5129],[6.8373,47.5146],[6.8377,47.5166],[6.8364,47.5187],[6.8398,47.5207],[6.8409,47.5217],[6.8419,47.5229],[6.8456,47.5221],[6.8468,47.5231],[6.8494,47.5221],[6.8482,47.5197],[6.8478,47.5176],[6.8491,47.5176],[6.8487,47.5137],[6.8467,47.5123],[6.8443,47.5112]]]},"properties":{"id_ffco":"2014-D25-183","nom":"Espace Loisirs Sochaux - Vieux Charmont","_dept":"25","numero":"2014-D25-183","commune":"SOCHAUX et VIEUX-CHARMONT","echelle":"1/5000","surface":"1.03 km²","format":"A4","annee":"2014","cartographes":"Alexandre GANZITTI","proprietaire":"9006 - ROYAL AZIMUT MONTBELIARD BELFORT ORIENTATION","niveau":"Initiation, Scolaire","specialite":"CO à pied","latitude":"47.516500067","longitude":"6.84284893568","date_saisie":"28/01/2014","date_depot":"15/05/2014","valide":"Oui","ppo":"Non","type_carte":"Nouvelle carte","fond":"Cadastre","obsolete":false}},{"type":"Feature","geometry":{"type":"Polygon","coordinates":[[[6.3603,46.9159],[6.3585,46.9174],[6.3566,46.918],[6.3566,46.9252],[6.3579,46.9261],[6.3588,46.9268],[6.3601,46.927],[6.3611,46.9274],[6.3621,46.9278],[6.3629,46.928],[6.3636,46.9281],[6.3643,46.9288],[6.3653,46.9289],[6.3666,46.9293],[6.3673,46.9291],[6.3685,46.9295],[6.3694,46.93],[6.3703,46.9302],[6.3715,46.9305],[6.3717,46.9297],[6.3718,46.9291],[6.3722,46.9286],[6.3726,46.9282],[6.3723,46.9259],[6.3745,46.9262],[6.3774,46.9277],[6.381,46.9234],[6.3748,46.9179],[6.3732,46.9175],[6.3749,46.9168],[6.3741,46.9154],[6.3738,46.9145],[6.3741,46.9139],[6.3748,46.913],[6.3745,46.9117],[6.3734,46.9104],[6.372,46.9098],[6.3705,46.909],[6.3689,46.9084],[6.3668,46.9079],[6.3654,46.9078],[6.3647,46.9079],[6.3625,46.908],[6.3604,46.9085],[6.3598,46.9098],[6.3595,46.9109],[6.3598,46.9127],[6.3598,46.9147],[6.3603,46.9159]]]},"properties":{"id_ffco":"2013-D25-182","nom":"Le Théatre Forestier","_dept":"25","numero":"2013-D25-182","commune":"Pontarlier","echelle":"1/10000","surface":"3.0 km²","format":"A4","annee":"2013","cartographes":"PAPON Vincent","proprietaire":"25 - Doubs","niveau":"Régional","specialite":"CO à pied","latitude":"46.9193517426","longitude":"6.36732049828","date_saisie":"03/12/2013","date_depot":"15/05/2014","valide":"Oui","ppo":"Non","type_carte":"Nouvelle carte","fond":"Cadastre","obsolete":false}},{"type":"Feature","geometry":{"type":"Polygon","coordinates":[[[6.3211,46.9415],[6.3162,46.9379],[6.3113,46.9403],[6.3123,46.941],[6.3114,46.9416],[6.3198,46.9484],[6.3237,46.9516],[6.3273,46.9497],[6.326,46.9474],[6.3238,46.944],[6.3214,46.9415],[6.3211,46.9415]]]},"properties":{"id_ffco":"2013-D25-181","nom":"Les Hauts de Vuillecin","_dept":"25","numero":"2013-D25-181","commune":"Pontarlier","echelle":"1/5000","surface":"0.8 km²","format":"A4","annee":"2013","cartographes":"PAPON Vincent","proprietaire":"25 - Doubs","niveau":"Régional","specialite":"CO à pied","latitude":"46.944474969","longitude":"6.31949145704","date_saisie":"03/12/2013","date_depot":"15/05/2014","valide":"Oui","ppo":"Non","type_carte":"Nouvelle carte","fond":"Cadastre","obsolete":false}},{"type":"Feature","geometry":{"type":"Polygon","coordinates":[[[5.9865,47.216],[5.986,47.2149],[5.986,47.2139],[5.9863,47.2129],[5.9864,47.2116],[5.9866,47.2109],[5.987,47.21],[5.9878,47.2096],[5.989,47.2099],[5.9896,47.2101],[5.9903,47.2101],[5.9901,47.2095],[5.9879,47.2077],[5.9855,47.2064],[5.9827,47.205],[5.9805,47.2038],[5.9798,47.2032],[5.9788,47.2027],[5.9775,47.2029],[5.9765,47.2035],[5.9749,47.2034],[5.9738,47.2032],[5.9732,47.2031],[5.9721,47.2029],[5.9718,47.2032],[5.9718,47.2037],[5.9726,47.2041],[5.9718,47.2053],[5.9707,47.2058],[5.9722,47.2078],[5.973,47.2085],[5.9742,47.2092],[5.9758,47.2102],[5.9773,47.2111],[5.9781,47.2116],[5.9759,47.2122],[5.9743,47.2127],[5.9738,47.213],[5.9727,47.2135],[5.9706,47.2128],[5.9694,47.2133],[5.9693,47.2173],[5.9775,47.2174],[5.9788,47.2164],[5.9807,47.216],[5.9815,47.2165],[5.9822,47.2173],[5.9833,47.2183],[5.9865,47.216]]]},"properties":{"id_ffco":"2013-D25-180","nom":"Fort de Planoise","_dept":"25","numero":"2013-D25-180","commune":"Besançon","echelle":"1/10000","surface":"1.59 km²","format":"A4","annee":"2013","cartographes":"BARTELEMY Matthieu, TINCHANT Johan","proprietaire":"2517 - ORIENTATION TEAM BESANCON","niveau":"Régional","specialite":"CO à pied","latitude":"47.2106658125","longitude":"5.97903991232","date_saisie":"26/11/2013","date_depot":"15/05/2014","valide":"Oui","ppo":"Non","type_carte":"Nouvelle carte","fond":"Cadastre","obsolete":false}},{"type":"Feature","geometry":null,"properties":{"id_ffco":"1982-D25-18","nom":"PRELOT","_dept":"25","numero":"1982-D25-18","commune":"BESANCON","echelle":"1/15000","surface":"18.0 km²","annee":"1982","proprietaire":"2510","niveau":"Interrégional","specialite":"CO à pied","latitude":"47.2412254","longitude":"6.0255656","valide":"Non","ppo":"Non","obsolete":false}},{"type":"Feature","geometry":{"type":"Polygon","coordinates":[[[6.3568,47.3416],[6.3557,47.3419],[6.3547,47.3425],[6.3544,47.3432],[6.3547,47.3438],[6.3554,47.3446],[6.3565,47.3453],[6.3579,47.3458],[6.3584,47.3461],[6.357,47.3477],[6.3561,47.3486],[6.3558,47.349],[6.353,47.3481],[6.3521,47.3511],[6.3501,47.3503],[6.3491,47.35],[6.3496,47.3481],[6.3498,47.3468],[6.3508,47.3458],[6.3478,47.3452],[6.3474,47.3452],[6.3479,47.3444],[6.3462,47.3437],[6.3475,47.3432],[6.3497,47.3429],[6.3519,47.3423],[6.3526,47.3417],[6.3536,47.3407],[6.3525,47.3394],[6.3535,47.3393],[6.3568,47.3416]]]},"properties":{"id_ffco":"2013-D25-179","nom":"Baume les Dames zone de loisir","_dept":"25","numero":"2013-D25-179","commune":"Baume les Dames","echelle":"1/4000","surface":"0.5 km²","format":"A4","annee":"2013","cartographes":"GUTSCHENRITTER Guy","proprietaire":"2517 - ORIENTATION TEAM BESANCON","niveau":"Régional","specialite":"CO à pied","latitude":"47.3454609501","longitude":"6.35263596822","date_saisie":"26/11/2013","date_depot":"15/05/2014","valide":"Oui","ppo":"Non","type_carte":"Nouvelle carte","fond":"Cadastre","obsolete":false}},{"type":"Feature","geometry":{"type":"Polygon","coordinates":[[[6.1142,47.2443],[6.1159,47.2449],[6.113,47.2495],[6.1151,47.25],[6.1133,47.2519],[6.1141,47.2523],[6.1139,47.255],[6.1042,47.2544],[6.1,47.2548],[6.0881,47.2548],[6.086,47.2541],[6.0819,47.2501],[6.0781,47.2473],[6.0755,47.2438],[6.0729,47.2432],[6.0699,47.2403],[6.0687,47.2389],[6.0693,47.2375],[6.0713,47.2362],[6.0698,47.2352],[6.0704,47.2339],[6.072,47.2339],[6.075,47.2334],[6.0767,47.2334],[6.0782,47.2348],[6.0807,47.2352],[6.0835,47.2346],[6.0841,47.2339],[6.0863,47.2347],[6.087,47.234],[6.0878,47.233],[6.089,47.2332],[6.0932,47.2342],[6.0943,47.2343],[6.0961,47.2351],[6.11,47.2403],[6.1116,47.2409],[6.1106,47.2422],[6.1142,47.2443]]]},"properties":{"id_ffco":"2014-D25-178","nom":"Les Forts de Montfaucon","_dept":"25","numero":"2014-D25-178","commune":"Besançon","echelle":"1/10000","surface":"5.92 km²","format":"A3","annee":"2014","cartographes":"Michel DUBOC","proprietaire":"2508 - BALISE 25 BESANCON","niveau":"National, International","specialite":"CO à pied","latitude":"47.2443085406","longitude":"6.09306012629","date_saisie":"21/01/2014","date_depot":"15/05/2014","valide":"Oui","ppo":"Non","type_carte":"Nouvelle carte","fond":"Cadastre","obsolete":false}},{"type":"Feature","geometry":{"type":"Polygon","coordinates":[[[6.0071,47.2338],[6.0078,47.2328],[6.0076,47.2326],[6.0082,47.2311],[6.009,47.2298],[6.0064,47.229],[6.0024,47.228],[6.0021,47.2283],[6.001,47.2283],[6.0004,47.2289],[5.9991,47.2313],[6.0027,47.2323],[6.0025,47.2326],[6.0066,47.2337],[6.0071,47.2338]]]},"properties":{"id_ffco":"2013-D25-177","nom":"Quartier JOFFRE","_dept":"25","numero":"2013-D25-177","commune":"Besançon","echelle":"1/4000","surface":"0.29 km²","format":"A4","annee":"2013","cartographes":"GUTSCHENRITTER Guy","proprietaire":"2517 - ORIENTATION TEAM BESANCON","niveau":"Régional","specialite":"CO à pied","latitude":"47.2307448783","longitude":"6.00416378988","date_saisie":"26/11/2013","date_depot":"15/05/2014","valide":"Oui","ppo":"Non","type_carte":"Nouvelle carte","fond":"Cadastre","obsolete":false}},{"type":"Feature","geometry":{"type":"Polygon","coordinates":[[[6.755,47.4931],[6.7535,47.4926],[6.7528,47.4914],[6.7527,47.49],[6.7555,47.4898],[6.7568,47.4892],[6.7579,47.4891],[6.7597,47.4891],[6.7614,47.489],[6.7636,47.4888],[6.7648,47.4887],[6.7657,47.4885],[6.7669,47.4882],[6.768,47.4878],[6.7702,47.4875],[6.7712,47.4874],[6.7717,47.4882],[6.772,47.4894],[6.772,47.4902],[6.7719,47.4908],[6.7717,47.4916],[6.7714,47.4922],[6.7709,47.4926],[6.7704,47.4932],[6.7696,47.4931],[6.7684,47.4926],[6.7673,47.4924],[6.7659,47.4924],[6.7645,47.4925],[6.7626,47.4925],[6.7612,47.4925],[6.7607,47.4926],[6.76,47.4928],[6.7596,47.4931],[6.7589,47.4935],[6.7586,47.4938],[6.758,47.4938],[6.7572,47.4937],[6.7562,47.4935],[6.755,47.4931]]]},"properties":{"id_ffco":"2013-D25-176","nom":"Collège André BOULLOCHE","_dept":"25","numero":"2013-D25-176","commune":"BART","echelle":"1/5000","surface":"0.65 km²","format":"A4","annee":"2013","cartographes":"Alexandre GANZITTI - RAMBO","proprietaire":"9006 - ROYAL AZIMUT MONTBELIARD BELFORT ORIENTATION","niveau":"Initiation, Scolaire","specialite":"CO à pied","latitude":"47.4907526954","longitude":"6.76302143846","date_saisie":"08/09/2013","date_depot":"30/12/2014","valide":"Oui","ppo":"Non","type_carte":"Nouvelle carte","fond":"Cadastre","obsolete":false}},{"type":"Feature","geometry":{"type":"Polygon","coordinates":[[[6.7939,47.4368],[6.7939,47.4349],[6.7947,47.4329],[6.7954,47.4283],[6.7987,47.4275],[6.802,47.4273],[6.8025,47.4268],[6.8023,47.4258],[6.8025,47.4254],[6.8049,47.4256],[6.8059,47.4261],[6.8069,47.4286],[6.8093,47.4296],[6.8101,47.4303],[6.809,47.4337],[6.8027,47.4364],[6.8017,47.4368],[6.7939,47.4368]]]},"properties":{"id_ffco":"2013-D25-175","nom":"Belvédère de MANDEURE","_dept":"25","numero":"2013-D25-175","commune":"MANDEURE","echelle":"1/5000","surface":"1.07 km²","format":"A4","annee":"2013","cartographes":"Alexandre GANZITTI - RAMBO","proprietaire":"9006 - ROYAL AZIMUT MONTBELIARD BELFORT ORIENTATION","niveau":"Initiation, Scolaire","specialite":"CO à pied","latitude":"47.4317564463","longitude":"6.80156786788","date_saisie":"08/09/2013","date_depot":"30/10/2014","valide":"Oui","ppo":"Non","type_carte":"Nouvelle carte","fond":"IGN","ref_ign":"3622 OT","obsolete":false}},{"type":"Feature","geometry":{"type":"Polygon","coordinates":[[[6.779,47.4882],[6.7792,47.4882],[6.7859,47.492],[6.7921,47.4936],[6.8031,47.491],[6.8119,47.4881],[6.8055,47.4848],[6.8005,47.486],[6.7902,47.4821],[6.7747,47.4855],[6.779,47.4882]]]},"properties":{"id_ffco":"2013-D25-174","nom":"Aérodrome du Pays de Montbéliard","_dept":"25","numero":"2013-D25-174","commune":"ARBOUANS","echelle":"1/10000","surface":"1.91 km²","format":"A4","annee":"2013","cartographes":"Alexandre GANZITTI - RAMBO","proprietaire":"9006 - ROYAL AZIMUT MONTBELIARD BELFORT ORIENTATION","niveau":"Initiation, Scolaire","specialite":"CO à pied","latitude":"47.4878120204","longitude":"6.792678513","date_saisie":"25/03/2013","date_depot":"25/07/2013","valide":"Oui","ppo":"Non","type_carte":"Nouvelle carte","fond":"Ortho","obsolete":false}},{"type":"Feature","geometry":{"type":"Polygon","coordinates":[[[6.7964,47.5056],[6.7997,47.506],[6.8031,47.5066],[6.809,47.5052],[6.8089,47.5048],[6.8028,47.5049],[6.7995,47.5051],[6.7965,47.5053],[6.7963,47.5053],[6.7965,47.5053],[6.7964,47.5056]]]},"properties":{"id_ffco":"2013-D25-173","nom":"Le Prés la Rose","_dept":"25","numero":"2013-D25-173","commune":"MONTBELIARD","echelle":"1/4000","surface":"0.11 km²","format":"A4","annee":"2013","cartographes":"Alexandre GANZITTI - RAMBO","proprietaire":"9006 - ROYAL AZIMUT MONTBELIARD BELFORT ORIENTATION","niveau":"Initiation, Scolaire","specialite":"CO à pied","latitude":"47.5055248268","longitude":"6.80297400867","date_saisie":"25/03/2013","date_depot":"25/07/2013","valide":"Oui","ppo":"Non","type_carte":"Nouvelle carte","fond":"Cadastre","obsolete":false}},{"type":"Feature","geometry":{"type":"Polygon","coordinates":[[[6.135,46.6569],[6.1264,46.6607],[6.112,46.6562],[6.1115,46.6526],[6.0972,46.6463],[6.0924,46.6405],[6.0936,46.6373],[6.1022,46.6283],[6.102,46.627],[6.1017,46.6257],[6.1396,46.6274],[6.1414,46.6351],[6.1405,46.6434],[6.1362,46.6493],[6.135,46.6569]]]},"properties":{"id_ffco":"2012-D25-172","nom":"Le Mont Noir","_dept":"25","numero":"2012-D25-172","commune":"Chapelle des Bois","echelle":"1/15000","surface":"10.29 km²","format":"A4","annee":"2012","cartographes":"TELECKY Martin, LEJSEK Martin, KOZAK Osvald","proprietaire":"BF - Bourgogne-Franche-Comté","niveau":"National, International","specialite":"CO à pied","contacts":"Comité Départemental du Doubs de Course d'Orientation , 17 rue de Bellevue, 25220, Thise, cdco25@orange.fr","latitude":"46.6410221406","longitude":"6.11923863744","date_saisie":"14/09/2012","date_depot":"16/06/2017","valide":"Oui","ppo":"Non","type_carte":"Nouvelle carte","base":"2003-D25-102 Parcours Sportif du BOIS BOURGEOIS","fond":"Ortho","obsolete":false}},{"type":"Feature","geometry":{"type":"Polygon","coordinates":[[[6.0948,47.2347],[6.094,47.2346],[6.0928,47.2349],[6.092,47.2353],[6.0911,47.2357],[6.0906,47.2362],[6.0871,47.238],[6.0884,47.2394],[6.0882,47.242],[6.088,47.2445],[6.0905,47.2465],[6.0917,47.2473],[6.092,47.2479],[6.0914,47.2483],[6.0902,47.2483],[6.0896,47.2489],[6.0886,47.2498],[6.0885,47.2511],[6.0887,47.252],[6.0899,47.2572],[6.0907,47.258],[6.0917,47.2588],[6.0938,47.2597],[6.0972,47.2616],[6.1002,47.2627],[6.1014,47.2631],[6.1014,47.2624],[6.1008,47.2619],[6.1012,47.2614],[6.1021,47.2612],[6.1035,47.2609],[6.106,47.2589],[6.1069,47.2586],[6.1076,47.2589],[6.108,47.2593],[6.1081,47.26],[6.1084,47.2607],[6.109,47.2606],[6.1099,47.2603],[6.1125,47.2612],[6.1135,47.262],[6.1144,47.2627],[6.1151,47.2632],[6.1167,47.2628],[6.1193,47.2621],[6.12,47.2626],[6.1275,47.2649],[6.1282,47.266],[6.1287,47.2669],[6.1302,47.2673],[6.1323,47.2687],[6.1343,47.2701],[6.1338,47.275],[6.1354,47.2765],[6.1367,47.2775],[6.1376,47.2772],[6.1391,47.2766],[6.1418,47.2755],[6.1481,47.2738],[6.1511,47.2723],[6.1533,47.272],[6.1545,47.2727],[6.1572,47.2731],[6.1595,47.2733],[6.1611,47.2732],[6.1617,47.2729],[6.164,47.2727],[6.1665,47.2727],[6.1673,47.2724],[6.1685,47.2721],[6.1695,47.2714],[6.1705,47.2712],[6.1723,47.2698],[6.1741,47.2668],[6.1759,47.264],[6.1746,47.2631],[6.1734,47.2624],[6.1723,47.2621],[6.1715,47.2618],[6.1713,47.2617],[6.1713,47.2613],[6.1724,47.2605],[6.1732,47.2599],[6.1741,47.2595],[6.175,47.259],[6.1759,47.2583],[6.1768,47.2579],[6.1757,47.2566],[6.1757,47.2562],[6.1757,47.2556],[6.1756,47.2551],[6.1749,47.2547],[6.1742,47.2541],[6.1735,47.2535],[6.1733,47.2528],[6.1733,47.2518],[6.1733,47.2507],[6.1727,47.2498],[6.1729,47.2489],[6.1726,47.2478],[6.1664,47.2451],[6.1639,47.245],[6.1618,47.2448],[6.1609,47.2448],[6.1591,47.2449],[6.1542,47.2454],[6.152,47.2457],[6.1443,47.2459],[6.1385,47.2458],[6.1357,47.2477],[6.1328,47.2471],[6.1303,47.2464],[6.1287,47.2457],[6.1276,47.2446],[6.1257,47.2434],[6.1251,47.2407],[6.1248,47.2402],[6.1233,47.2399],[6.1229,47.2403],[6.1227,47.241],[6.1225,47.2418],[6.1216,47.2431],[6.1212,47.2438],[6.1202,47.2443],[6.1192,47.2442],[6.1179,47.244],[6.1173,47.2438],[6.116,47.2431],[6.1141,47.2425],[6.1124,47.2418],[6.1113,47.2415],[6.1101,47.241],[6.1096,47.2407],[6.1072,47.2395],[6.1038,47.2384],[6.101,47.2374],[6.0986,47.2365],[6.0964,47.2356],[6.0955,47.235],[6.0948,47.2347]]]},"properties":{"id_ffco":"2012-D25-171","nom":"Le Bois de la Cote","_dept":"25","numero":"2012-D25-171","commune":"25 Besançon","echelle":"1/20000","surface":"17.52 km²","format":"A4","annee":"2012","cartographes":"Michel DUBOC","proprietaire":"2508 - BALISE 25 BESANCON","niveau":"National, International","specialite":"CO à VTT","latitude":"47.2557796108","longitude":"6.13341118155","date_saisie":"14/09/2012","date_depot":"25/07/2013","valide":"Oui","ppo":"Non","type_carte":"Nouvelle carte","fond":"Ortho","obsolete":false}},{"type":"Feature","geometry":{"type":"Polygon","coordinates":[[[6.0393,47.2279],[6.0365,47.232],[6.0347,47.2407],[6.0366,47.2417],[6.039,47.2417],[6.043,47.2415],[6.0456,47.2424],[6.0468,47.2429],[6.048,47.2416],[6.051,47.2433],[6.0544,47.245],[6.0566,47.2463],[6.0597,47.2476],[6.0625,47.2483],[6.0679,47.2459],[6.0658,47.2423],[6.0636,47.2397],[6.0615,47.2382],[6.06,47.2343],[6.0576,47.2307],[6.0536,47.228],[6.0505,47.227],[6.0465,47.2264],[6.0417,47.2266],[6.0393,47.2279]]]},"properties":{"id_ffco":"2012-D25-170","nom":"Bregille","_dept":"25","numero":"2012-D25-170","commune":"Besançon","echelle":"1/10000","surface":"3.54 km²","format":"A4","annee":"2012","cartographes":"Alain RUAUD, Jacques ABISSE","proprietaire":"2508 - BALISE 25 BESANCON","niveau":"National, International","specialite":"CO à pied","contacts":"Balise 25, 1 impasse des chênes, 25000, Besançon, 06 68 87 64 53, contact@balise25.fr","latitude":"47.2368558008","longitude":"6.05028188755","date_saisie":"12/01/2013","date_depot":"16/06/2017","valide":"Oui","ppo":"Non","type_carte":"Nouvelle carte","fond":"Ortho","obsolete":false}},{"type":"Feature","geometry":null,"properties":{"id_ffco":"1982-D25-17","nom":"GROS BOIS OUEST","_dept":"25","numero":"1982-D25-17","commune":"VALDAHON","echelle":"1/15000","surface":"7.2 km²","annee":"1982","proprietaire":"2510","niveau":"Interrégional","specialite":"CO à pied","latitude":"47.1473086","longitude":"6.3454793","valide":"Non","ppo":"Non","obsolete":false}},{"type":"Feature","geometry":{"type":"Polygon","coordinates":[[[6.0231,47.1218],[6.0262,47.1247],[6.0289,47.1261],[6.0317,47.1273],[6.0334,47.1287],[6.0353,47.1312],[6.0353,47.1337],[6.0332,47.136],[6.0341,47.1381],[6.0349,47.1405],[6.0354,47.1421],[6.0372,47.1449],[6.0308,47.1452],[6.0263,47.1451],[6.0263,47.1458],[6.0234,47.1475],[6.0205,47.1482],[6.0176,47.1482],[6.014,47.1482],[6.0119,47.1451],[6.0124,47.1434],[6.0109,47.1407],[6.0078,47.1398],[6.0097,47.1367],[6.0121,47.1322],[6.015,47.1282],[6.0196,47.1238],[6.0231,47.1218]]]},"properties":{"id_ffco":"2012-D25-169","nom":"Epeugney 3","_dept":"25","numero":"2012-D25-169","commune":"Besançon","echelle":"1/10000","surface":"4.13 km²","format":"+","annee":"2012","cartographes":"Matthieu BARTHELEMY, Jean-Luc CHANDEZON","proprietaire":"2517 - ORIENTATION TEAM BESANCON","niveau":"Interrégional","specialite":"CO à pied","latitude":"47.1363716453","longitude":"6.02272751604","date_saisie":"01/10/2012","date_depot":"15/11/2012","valide":"Oui","ppo":"Non","type_carte":"Nouvelle carte","fond":"Ortho","obsolete":false}},{"type":"Feature","geometry":{"type":"Polygon","coordinates":[[[5.9769,47.2381],[5.9765,47.2377],[5.9762,47.2375],[5.9758,47.2376],[5.9753,47.2377],[5.975,47.2379],[5.9751,47.2381],[5.9755,47.2384],[5.9758,47.2386],[5.9761,47.2385],[5.9763,47.2384],[5.9767,47.2383],[5.977,47.2383],[5.9769,47.2381]]]},"properties":{"id_ffco":"2012-D25-168","nom":"Ecoles BOICHARD","_dept":"25","numero":"2012-D25-168","commune":"Besançon","echelle":"1/500","surface":"0.01 km²","format":"A4","annee":"2012","cartographes":"Jean-Marc TINCHANT","proprietaire":"2517 - ORIENTATION TEAM BESANCON","niveau":"Initiation, Scolaire","specialite":"CO à pied","latitude":"47.2380343527","longitude":"5.97596792153","date_saisie":"04/06/2012","date_depot":"15/11/2012","valide":"Oui","ppo":"Non","type_carte":"Nouvelle carte","fond":"Cadastre","obsolete":false}},{"type":"Feature","geometry":{"type":"Polygon","coordinates":[[[6.7305,47.4954],[6.766,47.4908],[6.7662,47.4904],[6.7647,47.4807],[6.7629,47.4811],[6.7315,47.4865],[6.7315,47.4866],[6.7305,47.4954]]]},"properties":{"id_ffco":"2012-D25-167","nom":"Forêt du Mont Bart","_dept":"25","numero":"2012-D25-167","commune":"BAVANS  - 25","echelle":"1/10000","surface":"2.72 km²","format":"A4","annee":"2012","cartographes":"Alexandre GANZITTI - RAMBO","proprietaire":"9006 - ROYAL AZIMUT MONTBELIARD BELFORT ORIENTATION","niveau":"Régional","specialite":"CO à pied","latitude":"47.4883428214","longitude":"6.74868079408","date_saisie":"13/10/2012","date_depot":"15/11/2012","valide":"Oui","ppo":"Non","type_carte":"Nouvelle carte","fond":"Ortho","obsolete":false}},{"type":"Feature","geometry":{"type":"Polygon","coordinates":[[[6.0694,47.2923],[6.063,47.2976],[6.064,47.3005],[6.0641,47.3021],[6.0641,47.3026],[6.063,47.3042],[6.0609,47.3065],[6.0604,47.3073],[6.0666,47.3101],[6.0711,47.3121],[6.0751,47.3137],[6.0796,47.3146],[6.0827,47.3154],[6.0838,47.3118],[6.0857,47.3102],[6.088,47.3093],[6.0893,47.3084],[6.088,47.305],[6.0861,47.3028],[6.0827,47.3003],[6.0814,47.2993],[6.0798,47.2986],[6.0747,47.2965],[6.0724,47.2943],[6.0694,47.2923]]]},"properties":{"id_ffco":"2011-D25-165","nom":"La Fontaine des Acacias","_dept":"25","numero":"2011-D25-165","commune":"Besançon","echelle":"1/10000","surface":"3.13 km²","format":"A4","annee":"2011","cartographes":"DUBOC Michel","proprietaire":"25 - Doubs","niveau":"National, International","specialite":"CO à pied","latitude":"47.304639094","longitude":"6.07454046902","date_saisie":"16/06/2016","date_depot":"21/06/2016","valide":"Oui","ppo":"Non","type_carte":"Nouvelle carte","fond":"Ortho","obsolete":false}},{"type":"Feature","geometry":{"type":"Polygon","coordinates":[[[6.8383,47.5334],[6.8115,47.5334],[6.8087,47.56],[6.8372,47.5617],[6.8383,47.5334]]]},"properties":{"id_ffco":"2011-D25-164","nom":"LES GRANDS BOIS (GRAND - CHARMONT - 25 )","_dept":"25","numero":"2011-D25-164","commune":"GRAND-CHARMONT - 25","echelle":"1/10000","surface":"6.36 km²","format":"A4","annee":"2011","cartographes":"Alexandre GANZITTI - RAMBO","proprietaire":"9006 - ROYAL AZIMUT MONTBELIARD BELFORT ORIENTATION","niveau":"Régional","specialite":"CO à pied","latitude":"47.5472735161","longitude":"6.82404157734","date_saisie":"15/02/2012","date_depot":"07/11/2012","valide":"Oui","ppo":"Non","type_carte":"Nouvelle carte","fond":"Ortho","obsolete":false}},{"type":"Feature","geometry":{"type":"Polygon","coordinates":[[[6.7664,47.4896],[6.7578,47.4895],[6.7573,47.4807],[6.7671,47.4808],[6.7667,47.4808],[6.7664,47.4896]]]},"properties":{"id_ffco":"2011-D25-163","nom":"Le FORT du MONT BART - 25","_dept":"25","numero":"2011-D25-163","commune":"BAVANS  - 25","echelle":"1/5000","surface":"0.67 km²","format":"A4","annee":"2011","cartographes":"Alexandre GANZITTI - RAMBO","proprietaire":"9006 - ROYAL AZIMUT MONTBELIARD BELFORT ORIENTATION","niveau":"Initiation, Scolaire","specialite":"CO à pied","latitude":"47.4850807893","longitude":"6.76204625304","date_saisie":"15/02/2012","date_depot":"07/11/2012","valide":"Oui","ppo":"Non","type_carte":"Nouvelle carte","fond":"Cadastre","obsolete":false}},{"type":"Feature","geometry":{"type":"Polygon","coordinates":[[[6.021,47.1227],[6.01,47.1364],[6.01,47.1384],[6.0075,47.141],[6.0093,47.1482],[6.0064,47.1482],[6.0027,47.1457],[5.9973,47.1441],[5.9903,47.1421],[5.9848,47.1406],[5.9831,47.1386],[5.9833,47.1363],[5.9846,47.1347],[5.9843,47.1321],[5.9815,47.1298],[5.9798,47.1281],[5.9851,47.1285],[5.9877,47.1287],[5.9908,47.1275],[5.9927,47.1259],[5.9963,47.1239],[5.9994,47.1225],[6.0033,47.1211],[6.0066,47.1197],[6.0106,47.1197],[6.013,47.1176],[6.021,47.1227]]]},"properties":{"id_ffco":"2010-D25-160","nom":"LE GRAND BOIS","_dept":"25","numero":"2010-D25-160","commune":"Epeugney","echelle":"1/15000","surface":"5.3 km²","format":"A4","annee":"2010","cartographes":"R Antunes, J Bastia","proprietaire":"2517 - ORIENTATION TEAM BESANCON","niveau":"Régional","specialite":"CO à pied","latitude":"47.1322830964","longitude":"6.00117402949","date_saisie":"07/07/2010","date_depot":"12/07/2010","valide":"Oui","ppo":"Non","type_carte":"Nouvelle carte","fond":"Ortho","obsolete":false}},{"type":"Feature","geometry":null,"properties":{"id_ffco":"1982-D25-16","nom":"MASSIF DE L'HERBA","_dept":"25","numero":"1982-D25-16","commune":"PONTARLIER","echelle":"1/25000","surface":"38.0 km²","annee":"1982","proprietaire":"FC - Franche-Comté","niveau":"Interrégional","specialite":"CO à pied","latitude":"46.9020963","longitude":"6.3590849","valide":"Non","ppo":"Non","obsolete":false}},{"type":"Feature","geometry":{"type":"Polygon","coordinates":[[[5.9657,47.2027],[5.964,47.2031],[5.9636,47.2026],[5.9624,47.2023],[5.9614,47.202],[5.9611,47.2016],[5.9608,47.2006],[5.9599,47.1982],[5.9608,47.1986],[5.9618,47.1988],[5.9628,47.1989],[5.9637,47.1989],[5.965,47.1988],[5.966,47.1989],[5.966,47.2002],[5.966,47.2009],[5.9653,47.2012],[5.9648,47.2015],[5.9648,47.202],[5.9657,47.2027]]]},"properties":{"id_ffco":"2010-D25-159","nom":"Avanne","_dept":"25","numero":"2010-D25-159","commune":"Avanne","echelle":"1/800","surface":"0.16 km²","format":"A4","annee":"2010","cartographes":"JM Tinchant","proprietaire":"2517 - ORIENTATION TEAM BESANCON","niveau":"Initiation, Scolaire","specialite":"CO à pied","latitude":"47.2005081523","longitude":"5.96324128656","date_saisie":"17/09/2010","date_depot":"22/09/2010","valide":"Oui","ppo":"Non","type_carte":"Nouvelle carte","fond":"Cadastre","obsolete":false}},{"type":"Feature","geometry":{"type":"Polygon","coordinates":[[[6.0584,47.2536],[6.059,47.2535],[6.0597,47.2529],[6.0604,47.2525],[6.0603,47.2522],[6.0599,47.252],[6.0592,47.2518],[6.0587,47.2521],[6.0581,47.2522],[6.0577,47.2524],[6.0571,47.2528],[6.0576,47.2532],[6.0579,47.2535],[6.0584,47.2536]]]},"properties":{"id_ffco":"2010-D25-158","nom":"COLLEGE CLAIRS SOLEILS","_dept":"25","numero":"2010-D25-158","commune":"Besançon","echelle":"1/1000","surface":"0.03 km²","format":"A4","annee":"2010","cartographes":"A Ruaud","proprietaire":"2508 - BALISE 25 BESANCON","niveau":"Initiation, Scolaire","specialite":"CO à pied","latitude":"47.252714912","longitude":"6.0587565082","date_saisie":"07/07/2010","date_depot":"12/07/2010","valide":"Oui","ppo":"Non","type_carte":"Nouvelle carte","fond":"Cadastre","obsolete":false}},{"type":"Feature","geometry":{"type":"Polygon","coordinates":[[[6.1181,47.2771],[6.1183,47.2769],[6.1184,47.2765],[6.118,47.2763],[6.1176,47.2761],[6.1173,47.2759],[6.1174,47.2757],[6.1175,47.2753],[6.1176,47.2748],[6.1177,47.2747],[6.118,47.2744],[6.1192,47.2756],[6.1205,47.2767],[6.1212,47.2772],[6.1212,47.2775],[6.1204,47.2779],[6.1181,47.2771]]]},"properties":{"id_ffco":"2009-D25-156","nom":"Stade de Roche Lez Beaupré","_dept":"25","numero":"2009-D25-156","commune":"Roche lez Beaupré","echelle":"1/1000","surface":"0.05 km²","format":"A4","annee":"2009","cartographes":"I Wymer","proprietaire":"2508 - BALISE 25 BESANCON","niveau":"Initiation, Scolaire","specialite":"CO à pied","latitude":"47.2763574323","longitude":"6.11905733514","date_saisie":"13/01/2010","date_depot":"20/01/2010","valide":"Oui","ppo":"Non","type_carte":"Nouvelle carte","fond":"Cadastre","obsolete":false}},{"type":"Feature","geometry":{"type":"Polygon","coordinates":[[[6.1147,47.2753],[6.1154,47.2755],[6.1159,47.2748],[6.1153,47.2746],[6.1147,47.2753]]]},"properties":{"id_ffco":"2009-D25-155","nom":"Ecole de Roche Lez Beaupré","_dept":"25","numero":"2009-D25-155","commune":"Roche lez Beaupré","echelle":"1/400","surface":"0.0 km²","format":"A4","annee":"2009","cartographes":"E Wymer","proprietaire":"2508 - BALISE 25 BESANCON","niveau":"Initiation, Scolaire","specialite":"CO à pied","latitude":"47.2750741389","longitude":"6.11532270294","date_saisie":"13/01/2010","date_depot":"20/01/2010","valide":"Oui","ppo":"Non","type_carte":"Nouvelle carte","fond":"Cadastre","obsolete":false}},{"type":"Feature","geometry":{"type":"Polygon","coordinates":[[[6.0317,47.2271],[6.031,47.2279],[6.0294,47.2289],[6.0278,47.2295],[6.0254,47.23],[6.0227,47.2303],[6.0211,47.2303],[6.0189,47.2304],[6.0171,47.2309],[6.0166,47.2307],[6.0159,47.2304],[6.0151,47.2304],[6.0144,47.2304],[6.0135,47.2305],[6.013,47.2305],[6.0122,47.2304],[6.0114,47.2302],[6.0097,47.2298],[6.009,47.2295],[6.0085,47.2291],[6.0028,47.2276],[6.0019,47.2276],[6.001,47.2276],[6.0005,47.2275],[5.9999,47.2277],[5.9995,47.2274],[5.9995,47.2271],[5.9974,47.2262],[5.9945,47.2249],[5.9934,47.2244],[5.9922,47.2241],[5.9907,47.2238],[5.9895,47.2237],[5.9887,47.2236],[5.9872,47.2236],[5.9863,47.2236],[5.9852,47.2234],[5.9841,47.2232],[5.9834,47.2231],[5.9829,47.2228],[5.9823,47.2226],[5.9818,47.2221],[5.9816,47.2218],[5.9814,47.2214],[5.9809,47.2212],[5.9807,47.2211],[5.9815,47.2201],[5.9823,47.2194],[5.9829,47.2189],[5.9835,47.2186],[5.9842,47.2179],[5.9851,47.2175],[5.9858,47.2171],[5.9866,47.2163],[5.9868,47.2159],[5.9871,47.2161],[5.9875,47.2154],[5.9877,47.2149],[5.9879,47.2142],[5.9884,47.2138],[5.9891,47.2132],[5.9898,47.2127],[5.9904,47.2125],[5.9922,47.2121],[5.9934,47.212],[5.9947,47.2119],[5.9956,47.2119],[5.9962,47.2118],[5.9968,47.2117],[5.9975,47.2114],[6.0001,47.2137],[6.0022,47.2154],[6.0043,47.2166],[6.0063,47.2171],[6.0078,47.217],[6.0139,47.2172],[6.0156,47.2174],[6.0172,47.2175],[6.019,47.2182],[6.0231,47.2199],[6.0253,47.2205],[6.0288,47.2224],[6.0305,47.224],[6.0316,47.2255],[6.0318,47.2263],[6.0317,47.2271]]]},"properties":{"id_ffco":"2009-D25-154","nom":"Les Trois Forts","_dept":"25","numero":"2009-D25-154","commune":"Besançon","echelle":"1/10000","surface":"4.53 km²","format":"A3","annee":"2009","cartographes":"J Abisse, A Ruaud","proprietaire":"2508 - BALISE 25 BESANCON","niveau":"Régional","specialite":"CO à pied","latitude":"47.2220671865","longitude":"6.00665724153","date_saisie":"13/01/2010","date_depot":"20/01/2010","valide":"Oui","ppo":"Non","type_carte":"Nouvelle carte","fond":"Ortho","obsolete":false}},{"type":"Feature","geometry":{"type":"Polygon","coordinates":[[[6.0132,47.1175],[6.0113,47.1188],[6.0104,47.1199],[6.0087,47.12],[6.0069,47.12],[6.006,47.1201],[6.0048,47.1206],[6.0041,47.1214],[6.0024,47.122],[5.9994,47.1228],[5.9974,47.124],[5.996,47.125],[5.9939,47.1256],[5.9931,47.1264],[5.9929,47.1271],[5.9917,47.1276],[5.9897,47.1289],[5.9882,47.1291],[5.9866,47.1288],[5.9843,47.1286],[5.9824,47.1285],[5.9812,47.1283],[5.9805,47.1283],[5.9796,47.1151],[5.9748,47.1165],[5.9745,47.1162],[5.974,47.1159],[5.9732,47.1158],[5.9718,47.1146],[5.9712,47.1139],[5.971,47.1133],[5.9707,47.1126],[5.9709,47.1118],[5.9712,47.1105],[5.9728,47.1099],[5.978,47.1066],[5.9778,47.1061],[5.979,47.1059],[5.9795,47.1058],[5.98,47.1054],[5.9803,47.1051],[5.981,47.1045],[5.9812,47.1039],[5.9819,47.1034],[5.983,47.1029],[5.9838,47.1021],[5.9844,47.102],[5.9879,47.1033],[5.9907,47.1043],[5.9928,47.1054],[5.9934,47.1062],[5.9953,47.1073],[5.9954,47.1078],[5.9951,47.1086],[5.9949,47.1097],[5.9951,47.1105],[5.9983,47.1119],[6.0036,47.1146],[6.0074,47.1161],[6.0108,47.1168],[6.0132,47.1175]]]},"properties":{"id_ffco":"2009-D25-153","nom":"Bois Marquis","_dept":"25","numero":"2009-D25-153","commune":"Epeugney","echelle":"1/5000","surface":"4.7 km²","format":"A4","annee":"2009","cartographes":"R Antunes, J Bastia","proprietaire":"2517 - ORIENTATION TEAM BESANCON","niveau":"Régional","specialite":"CO à pied","latitude":"47.1158893273","longitude":"5.98903636099","date_saisie":"13/01/2010","date_depot":"20/01/2010","valide":"Oui","ppo":"Non","type_carte":"Nouvelle carte","fond":"Ortho","obsolete":false}},{"type":"Feature","geometry":{"type":"Polygon","coordinates":[[[6.8442,47.5381],[6.843,47.5379],[6.8431,47.5374],[6.844,47.537],[6.8444,47.5369],[6.8449,47.5372],[6.8447,47.5378],[6.8451,47.5379],[6.8451,47.5381],[6.8455,47.5382],[6.8455,47.5383],[6.8442,47.5381]]]},"properties":{"id_ffco":"2009-D25-152","nom":"Les écoles de Nommay","_dept":"25","numero":"2009-D25-152","commune":"Nommay","echelle":"1/800","surface":"0.01 km²","format":"A4","annee":"2009","cartographes":"JM Tinchant","proprietaire":"2517 - ORIENTATION TEAM BESANCON","niveau":"Initiation, Scolaire","specialite":"CO à pied","latitude":"47.5375896941","longitude":"6.84410636135","date_saisie":"13/01/2010","date_depot":"20/01/2010","valide":"Oui","ppo":"Non","type_carte":"Nouvelle carte","fond":"Cadastre","obsolete":false}},{"type":"Feature","geometry":{"type":"Polygon","coordinates":[[[6.0702,47.2574],[6.0699,47.2562],[6.0696,47.2554],[6.0691,47.255],[6.0681,47.2545],[6.0676,47.2543],[6.0675,47.2547],[6.0675,47.2552],[6.0666,47.2554],[6.0657,47.2552],[6.0653,47.2545],[6.0648,47.2536],[6.0642,47.2534],[6.0634,47.2531],[6.0625,47.2526],[6.0614,47.2521],[6.0608,47.252],[6.0603,47.2524],[6.0598,47.2529],[6.0594,47.2532],[6.0589,47.2535],[6.0584,47.2536],[6.057,47.2556],[6.0567,47.2564],[6.0561,47.2575],[6.0553,47.2582],[6.0547,47.2585],[6.0539,47.2587],[6.0544,47.2593],[6.0545,47.2596],[6.0544,47.2601],[6.0541,47.2606],[6.0537,47.261],[6.0535,47.2612],[6.0547,47.2613],[6.0566,47.2612],[6.0573,47.2613],[6.0579,47.2608],[6.0587,47.2604],[6.0591,47.26],[6.0595,47.2595],[6.0599,47.2589],[6.0605,47.2588],[6.0613,47.2584],[6.0621,47.2588],[6.063,47.2595],[6.0655,47.2586],[6.0702,47.2574]]]},"properties":{"id_ffco":"2009-D25-151","nom":"Le Fort Benoit","_dept":"25","numero":"2009-D25-151","commune":"Besançon","echelle":"1/6000","surface":"0.64 km²","format":"A4","annee":"2009","cartographes":"J Abisse","proprietaire":"2508 - BALISE 25 BESANCON","niveau":"Départemental","specialite":"CO à pied","latitude":"47.2567794707","longitude":"6.06153945336","date_saisie":"13/01/2010","date_depot":"20/01/2010","valide":"Oui","ppo":"Non","type_carte":"Nouvelle carte","fond":"Cadastre","obsolete":false}},{"type":"Feature","geometry":{"type":"Polygon","coordinates":[[[6.0145,47.2613],[6.0148,47.2609],[6.0152,47.2603],[6.0157,47.2597],[6.016,47.2593],[6.016,47.2589],[6.0157,47.2584],[6.0156,47.258],[6.0153,47.2577],[6.0151,47.2575],[6.0131,47.2583],[6.0129,47.2582],[6.0122,47.2586],[6.0118,47.2589],[6.0117,47.2596],[6.0113,47.2598],[6.0114,47.2601],[6.0114,47.2604],[6.0114,47.2608],[6.0128,47.261],[6.0145,47.2613]]]},"properties":{"id_ffco":"2009-D25-150","nom":"Complexe sportif des Torcols","_dept":"25","numero":"2009-D25-150","commune":"Besançon","echelle":"1/1800","surface":"0.1 km²","format":"A4","annee":"2009","cartographes":"Ph Laurent","proprietaire":"2508 - BALISE 25 BESANCON","niveau":"Initiation, Scolaire","specialite":"CO à pied","latitude":"47.259521217","longitude":"6.01374885874","date_saisie":"13/01/2010","date_depot":"20/01/2010","valide":"Oui","ppo":"Non","type_carte":"Nouvelle carte","fond":"Cadastre","obsolete":false}},{"type":"Feature","geometry":null,"properties":{"id_ffco":"1989-D25-15","nom":"BOIS DE FRANOIS","_dept":"25","numero":"1989-D25-15","commune":"BESANCON","echelle":"1/10000","surface":"2.4 km²","annee":"1989","proprietaire":"2505","specialite":"CO à pied","latitude":"47.2412254","longitude":"6.0255656","valide":"Non","ppo":"Non","obsolete":false}},{"type":"Feature","geometry":{"type":"Polygon","coordinates":[[[6.8572,47.5294],[6.8551,47.5264],[6.852,47.526],[6.849,47.5275],[6.8503,47.5294],[6.8524,47.5306],[6.8519,47.5326],[6.854,47.5363],[6.8525,47.538],[6.853,47.5395],[6.8574,47.5414],[6.86,47.5433],[6.8604,47.5394],[6.8586,47.5337],[6.8572,47.5294]]]},"properties":{"id_ffco":"2009-D25-149","nom":"base de loisirs de la Savoureuse","_dept":"25","numero":"2009-D25-149","commune":"Brognard","echelle":"1/7500","surface":"0.79 km²","format":"A4","annee":"2009","cartographes":"M Stribeau","proprietaire":"9006 - ROYAL AZIMUT MONTBELIARD BELFORT ORIENTATION","niveau":"Départemental","specialite":"CO à pied","latitude":"47.5339819293","longitude":"6.85543313332","date_saisie":"13/01/2010","date_depot":"20/01/2010","valide":"Oui","ppo":"Non","type_carte":"Nouvelle carte","fond":"IGN","ref_ign":"3621 OT","obsolete":false}},{"type":"Feature","geometry":{"type":"Polygon","coordinates":[[[6.0453,47.2637],[6.0439,47.2635],[6.0431,47.2633],[6.0423,47.2631],[6.0415,47.2629],[6.0418,47.2624],[6.0427,47.2617],[6.0429,47.2615],[6.0438,47.2621],[6.0446,47.2627],[6.0453,47.2635],[6.0453,47.2637]]]},"properties":{"id_ffco":"2009-D25-148","nom":"Ecole Jean Zay","_dept":"25","numero":"2009-D25-148","commune":"Besançon","echelle":"1/1000","surface":"0.03 km²","format":"A4","annee":"2009","cartographes":"Ph Laurent","proprietaire":"2508 - BALISE 25 BESANCON","niveau":"Initiation, Scolaire","specialite":"CO à pied","latitude":"47.2627216078","longitude":"6.04333212177","date_saisie":"13/01/2010","date_depot":"20/01/2010","valide":"Oui","ppo":"Non","type_carte":"Nouvelle carte","fond":"Cadastre","obsolete":false}},{"type":"Feature","geometry":{"type":"Polygon","coordinates":[[[6.7825,47.5053],[6.7825,47.5063],[6.784,47.507],[6.7852,47.5079],[6.7865,47.5081],[6.7894,47.5079],[6.7924,47.5076],[6.7936,47.5066],[6.795,47.5056],[6.7952,47.5046],[6.7938,47.5042],[6.7913,47.5039],[6.788,47.5038],[6.7836,47.5046],[6.7824,47.5049],[6.7825,47.5053]]]},"properties":{"id_ffco":"2008-D25-147","nom":"LE PORT DE PLAISANCE DE MONTBELIARD","_dept":"25","numero":"2008-D25-147","commune":"Montbéliard","echelle":"1/4000","surface":"0.34 km²","format":"A4","annee":"2008","cartographes":"A Ganzitti","proprietaire":"9006 - ROYAL AZIMUT MONTBELIARD BELFORT ORIENTATION","niveau":"Initiation, Scolaire","specialite":"CO à pied","latitude":"47.5058017557","longitude":"6.78873660022","date_saisie":"13/01/2010","date_depot":"20/01/2010","valide":"Oui","ppo":"Non","type_carte":"Nouvelle carte","fond":"IGN","ref_ign":"3621 OT","obsolete":false}},{"type":"Feature","geometry":{"type":"Polygon","coordinates":[[[6.234,47.2463],[6.2344,47.2469],[6.2333,47.2472],[6.2329,47.247],[6.2324,47.2467],[6.2327,47.2466],[6.234,47.2463]]]},"properties":{"id_ffco":"2008-D25-146","nom":"ECOLE BOUCLANS","_dept":"25","numero":"2008-D25-146","commune":"Bouclans","echelle":"1/500","surface":"0.01 km²","format":"A4","annee":"2008","cartographes":"E Wymer","proprietaire":"2508 - BALISE 25 BESANCON","niveau":"Initiation, Scolaire","specialite":"CO à pied","latitude":"47.2467363031","longitude":"6.23344230379","date_saisie":"04/11/2009","date_depot":"06/11/2009","valide":"Oui","ppo":"Non","type_carte":"Nouvelle carte","fond":"Cadastre","obsolete":false}},{"type":"Feature","geometry":{"type":"Polygon","coordinates":[[[6.2293,47.3157],[6.2287,47.3161],[6.2281,47.3165],[6.2269,47.3167],[6.2265,47.317],[6.2256,47.3176],[6.2242,47.3181],[6.222,47.3186],[6.2204,47.3192],[6.2192,47.3198],[6.218,47.3203],[6.2162,47.3209],[6.2138,47.3214],[6.2123,47.3217],[6.2105,47.3223],[6.2094,47.3224],[6.2096,47.3269],[6.2102,47.3279],[6.2119,47.3284],[6.2136,47.3286],[6.2147,47.3288],[6.2162,47.3295],[6.2189,47.3295],[6.2207,47.3294],[6.2229,47.3294],[6.2247,47.3294],[6.2271,47.3296],[6.23,47.3295],[6.2324,47.3295],[6.2345,47.3289],[6.2359,47.3288],[6.2363,47.3281],[6.2368,47.3274],[6.2384,47.3272],[6.2399,47.327],[6.242,47.3268],[6.2429,47.3265],[6.2444,47.3263],[6.2462,47.3259],[6.2462,47.3215],[6.2454,47.3186],[6.2423,47.3181],[6.2396,47.3177],[6.2371,47.3173],[6.234,47.3167],[6.2325,47.3163],[6.2315,47.3157],[6.2305,47.3155],[6.2293,47.3157]]]},"properties":{"id_ffco":"2008-D25-145","nom":"ROULANS","_dept":"25","numero":"2008-D25-145","commune":"Roulans","echelle":"1/10000","surface":"3.08 km²","format":"A4","annee":"2008","cartographes":"E Wymer","proprietaire":"2508 - BALISE 25 BESANCON","niveau":"Initiation, Scolaire","specialite":"CO à pied","latitude":"47.3233970023","longitude":"6.22847288264","date_saisie":"04/11/2009","date_depot":"06/11/2009","valide":"Oui","ppo":"Non","type_carte":"Nouvelle carte","fond":"Ortho","obsolete":false}},{"type":"Feature","geometry":{"type":"Polygon","coordinates":[[[6.1367,47.1565],[6.1371,47.1567],[6.1374,47.1568],[6.1376,47.1569],[6.1377,47.157],[6.1372,47.1575],[6.1371,47.1575],[6.1368,47.1571],[6.1364,47.1567],[6.1367,47.1565]]]},"properties":{"id_ffco":"2008-D25-144","nom":"ECOLE DE FOUCHERANS","_dept":"25","numero":"2008-D25-144","commune":"Foucherans","echelle":"1/400","surface":"0.01 km²","format":"A4","annee":"2008","cartographes":"Philippe LAURENT","proprietaire":"2508 - BALISE 25 BESANCON","niveau":"Initiation, Scolaire","specialite":"CO à pied","latitude":"47.1569726284","longitude":"6.13705201612","date_saisie":"04/11/2009","date_depot":"06/11/2009","valide":"Oui","ppo":"Non","type_carte":"Nouvelle carte","fond":"Cadastre","obsolete":false}},{"type":"Feature","geometry":{"type":"Polygon","coordinates":[[[6.0134,47.3271],[6.0134,47.3278],[6.0122,47.3279],[6.0121,47.3277],[6.0121,47.3274],[6.0123,47.3272],[6.0134,47.3271]]]},"properties":{"id_ffco":"2008-D25-143","nom":"Ecole De Devecey","_dept":"25","numero":"2008-D25-143","commune":"Devecey","echelle":"1/500","surface":"0.01 km²","format":"A4","annee":"2008","cartographes":"Ph Laurent","proprietaire":"2508 - BALISE 25 BESANCON","niveau":"Initiation, Scolaire","specialite":"CO à pied","latitude":"47.3274977838","longitude":"6.01279376693","date_saisie":"04/11/2009","date_depot":"06/11/2009","valide":"Oui","ppo":"Non","type_carte":"Nouvelle carte","fond":"Cadastre","obsolete":false}},{"type":"Feature","geometry":{"type":"Polygon","coordinates":[[[6.774,47.3898],[6.7763,47.3897],[6.7779,47.3897],[6.7797,47.3901],[6.7814,47.3911],[6.781,47.3933],[6.7833,47.3939],[6.7836,47.3947],[6.7809,47.3965],[6.7807,47.3979],[6.7805,47.3991],[6.7812,47.3997],[6.7857,47.3999],[6.7869,47.4002],[6.7866,47.4016],[6.7854,47.4043],[6.7821,47.4077],[6.7782,47.409],[6.7684,47.4014],[6.7697,47.3978],[6.7734,47.392],[6.774,47.3898]]]},"properties":{"id_ffco":"2008-D25-142","nom":"LES MURGERS","_dept":"25","numero":"2008-D25-142","commune":"Pont-de-Roide","echelle":"1/7500","surface":"1.74 km²","format":"A4","annee":"2008","cartographes":"A Ganzitti","proprietaire":"9006 - ROYAL AZIMUT MONTBELIARD BELFORT ORIENTATION","niveau":"Initiation, Scolaire","specialite":"CO à pied","latitude":"47.3994939274","longitude":"6.77740203261","date_saisie":"10/11/2009","date_depot":"17/11/2009","valide":"Oui","ppo":"Non","type_carte":"Nouvelle carte","fond":"IGN","obsolete":false}},{"type":"Feature","geometry":{"type":"Polygon","coordinates":[[[6.0782,47.2882],[6.0716,47.2915],[6.0706,47.2924],[6.0714,47.2945],[6.0724,47.2959],[6.0736,47.2972],[6.0753,47.2979],[6.0775,47.2983],[6.0793,47.2988],[6.0825,47.301],[6.0865,47.3038],[6.0887,47.3067],[6.0902,47.3081],[6.093,47.3091],[6.0939,47.3092],[6.0946,47.3092],[6.0962,47.3089],[6.0974,47.3084],[6.0984,47.3081],[6.1002,47.3081],[6.1022,47.3082],[6.1045,47.3078],[6.1073,47.3077],[6.1118,47.3084],[6.1132,47.3095],[6.1145,47.3096],[6.116,47.3094],[6.1182,47.3096],[6.1201,47.31],[6.121,47.3095],[6.1212,47.309],[6.1227,47.3085],[6.1278,47.3057],[6.1284,47.3042],[6.1294,47.302],[6.1296,47.3011],[6.1296,47.3002],[6.129,47.2992],[6.129,47.2988],[6.129,47.2979],[6.1297,47.2977],[6.1306,47.2972],[6.1322,47.2967],[6.1339,47.2957],[6.1345,47.2951],[6.135,47.2943],[6.1358,47.2932],[6.1361,47.2924],[6.1361,47.2915],[6.1357,47.2906],[6.1353,47.2898],[6.1335,47.2887],[6.1313,47.2875],[6.1296,47.2865],[6.1275,47.2853],[6.126,47.2851],[6.1238,47.2846],[6.1226,47.284],[6.1208,47.2832],[6.1197,47.2828],[6.1181,47.2821],[6.1165,47.2816],[6.1147,47.2805],[6.1102,47.2783],[6.1079,47.2786],[6.1062,47.2786],[6.1055,47.2788],[6.1045,47.279],[6.1042,47.2796],[6.1038,47.2801],[6.104,47.2806],[6.1022,47.2809],[6.0999,47.2816],[6.099,47.2826],[6.0986,47.2832],[6.0984,47.2835],[6.0994,47.2841],[6.0997,47.2845],[6.0991,47.2854],[6.0987,47.286],[6.0987,47.2864],[6.0983,47.2871],[6.0978,47.2878],[6.0975,47.2883],[6.096,47.2894],[6.0904,47.2885],[6.0888,47.2876],[6.0881,47.2869],[6.0789,47.2871],[6.0782,47.2882]]]},"properties":{"id_ffco":"2008-D25-141","nom":"RUFILLE","_dept":"25","numero":"2008-D25-141","commune":"Besançon","echelle":"1/15000","surface":"10.68 km²","format":"A3","annee":"2008","cartographes":"J Abisse, A Pourre","proprietaire":"2508 - BALISE 25 BESANCON","niveau":"National, International","specialite":"CO à VTT","latitude":"47.2952147746","longitude":"6.1058748866","date_saisie":"25/11/2009","date_depot":"26/11/2009","valide":"Oui","ppo":"Non","type_carte":"Reprise","base":"2003-D25-107 LE COUTELOT","fond":"Cadastre","obsolete":false}},{"type":"Feature","geometry":{"type":"Polygon","coordinates":[[[6.2029,47.2926],[6.2033,47.2932],[6.2023,47.2939],[6.2019,47.2933],[6.2024,47.2928],[6.2029,47.2926]]]},"properties":{"id_ffco":"2008-D25-140","nom":"ECOLE DELUZ","_dept":"25","numero":"2008-D25-140","commune":"Deluz","echelle":"1/500","surface":"0.01 km²","format":"A4","annee":"2008","cartographes":"E Wymer","proprietaire":"2508 - BALISE 25 BESANCON","niveau":"Initiation, Scolaire","specialite":"CO à pied","latitude":"47.2932251117","longitude":"6.20261853834","date_saisie":"25/11/2009","date_depot":"26/11/2009","valide":"Oui","ppo":"Non","type_carte":"Nouvelle carte","fond":"Cadastre","obsolete":false}},{"type":"Feature","geometry":null,"properties":{"id_ffco":"1989-D25-14","nom":"BEUFFARDE","_dept":"25","numero":"1989-D25-14","commune":"FOURG","echelle":"1/10000","surface":"1.1 km²","annee":"1989","specialite":"CO à pied","latitude":"47.0989989","longitude":"5.8107598","valide":"Non","ppo":"Non","obsolete":false}},{"type":"Feature","geometry":{"type":"Polygon","coordinates":[[[5.9806,47.2205],[5.9818,47.2195],[5.9826,47.2186],[5.9827,47.218],[5.9815,47.2176],[5.9791,47.2172],[5.9787,47.2176],[5.9778,47.2171],[5.9781,47.2166],[5.977,47.2163],[5.9768,47.2159],[5.976,47.2152],[5.9754,47.2148],[5.9749,47.2144],[5.9683,47.2145],[5.9684,47.2174],[5.9699,47.2183],[5.9726,47.2183],[5.9728,47.2198],[5.9735,47.2198],[5.9752,47.2196],[5.9776,47.2203],[5.9792,47.2208],[5.9804,47.2208],[5.9806,47.2205]]]},"properties":{"id_ffco":"2008-D25-139","nom":"PLANOISE","_dept":"25","numero":"2008-D25-139","commune":"Besançon","echelle":"1/4000","surface":"0.45 km²","format":"A4","annee":"2008","cartographes":"C Bouchet, C Boichut","proprietaire":"2517 - ORIENTATION TEAM BESANCON","niveau":"Initiation, Scolaire","specialite":"CO à pied","latitude":"47.2174506081","longitude":"5.9749083653","date_saisie":"25/11/2009","date_depot":"26/11/2009","valide":"Oui","ppo":"Non","type_carte":"Nouvelle carte","fond":"Cadastre","obsolete":false}},{"type":"Feature","geometry":{"type":"Polygon","coordinates":[[[6.0177,47.2199],[6.0183,47.22],[6.0184,47.2193],[6.018,47.2193],[6.0176,47.2192],[6.0173,47.2192],[6.0169,47.2195],[6.0175,47.2196],[6.0177,47.2197],[6.0177,47.2199]]]},"properties":{"id_ffco":"2008-D25-138","nom":"LES ECOLES DE VELOTTE","_dept":"25","numero":"2008-D25-138","commune":"Besançon","echelle":"1/600","surface":"0.01 km²","format":"A4","annee":"2008","cartographes":"J M Tinchant","proprietaire":"2517 - ORIENTATION TEAM BESANCON","niveau":"Initiation, Scolaire","specialite":"CO à pied","latitude":"47.2195358699","longitude":"6.01781700923","date_saisie":"25/11/2009","date_depot":"26/11/2009","valide":"Oui","ppo":"Non","type_carte":"Nouvelle carte","fond":"Cadastre","obsolete":false}},{"type":"Feature","geometry":{"type":"Polygon","coordinates":[[[6.8677,47.5004],[6.8677,47.5006],[6.8677,47.5012],[6.8707,47.5019],[6.8743,47.5021],[6.8774,47.5037],[6.8782,47.5055],[6.8762,47.5062],[6.8776,47.5075],[6.8802,47.5072],[6.8834,47.5056],[6.8897,47.5047],[6.8902,47.5003],[6.8902,47.4951],[6.8882,47.4936],[6.8781,47.4941],[6.869,47.4979],[6.8667,47.4998],[6.8677,47.5004]]]},"properties":{"id_ffco":"2008-D25-135","nom":"Zone de loisirs de la Charme","_dept":"25","numero":"2008-D25-135","commune":"Etupes","echelle":"1/10000","surface":"1.75 km²","format":"A4","annee":"2008","cartographes":"A Ganzitti","proprietaire":"9006 - ROYAL AZIMUT MONTBELIARD BELFORT ORIENTATION","niveau":"Régional","specialite":"CO à pied","latitude":"47.4997519224","longitude":"6.88071456451","date_saisie":"25/11/2009","date_depot":"26/11/2009","valide":"Oui","ppo":"Non","type_carte":"Nouvelle carte","fond":"IGN","obsolete":false}},{"type":"Feature","geometry":{"type":"Polygon","coordinates":[[[5.9094,47.1729],[5.9122,47.1742],[5.9122,47.1748],[5.912,47.1755],[5.9113,47.1753],[5.9083,47.1741],[5.9081,47.1734],[5.9085,47.173],[5.9094,47.1729]]]},"properties":{"id_ffco":"2008-D25-134","nom":"STADE DE MONTFERRAND LE CHATEAU","_dept":"25","numero":"2008-D25-134","commune":"Monferrand-le-Château","echelle":"1/1500","surface":"0.05 km²","format":"A4","annee":"2008","cartographes":"M Bonnin, M Bonchampt","proprietaire":"2508 - BALISE 25 BESANCON","niveau":"Initiation, Scolaire","specialite":"CO à pied","latitude":"47.1741164354","longitude":"5.9102274436","date_saisie":"25/11/2009","date_depot":"26/11/2009","valide":"Oui","ppo":"Non","type_carte":"Nouvelle carte","fond":"Cadastre","obsolete":false}},{"type":"Feature","geometry":{"type":"Polygon","coordinates":[[[6.2324,47.3164],[6.2338,47.3168],[6.2336,47.3178],[6.2322,47.3175],[6.2324,47.3164]]]},"properties":{"id_ffco":"2008-D25-133","nom":"GROUPE SCOLAIRE DE ROULANS","_dept":"25","numero":"2008-D25-133","commune":"Roulans","echelle":"1/600","surface":"0.01 km²","format":"A4","annee":"2008","cartographes":"E Wymer","proprietaire":"2508 - BALISE 25 BESANCON","niveau":"Initiation, Scolaire","specialite":"CO à pied","latitude":"47.3171346329","longitude":"6.23297991299","date_saisie":"25/11/2009","date_depot":"26/11/2009","valide":"Oui","ppo":"Non","type_carte":"Nouvelle carte","fond":"Cadastre","obsolete":false}},{"type":"Feature","geometry":{"type":"Polygon","coordinates":[[[6.0417,47.2664],[6.0421,47.2661],[6.0425,47.2655],[6.0424,47.2652],[6.041,47.2642],[6.0398,47.2638],[6.0397,47.2635],[6.0398,47.2633],[6.0379,47.2627],[6.0368,47.2632],[6.0365,47.2635],[6.0379,47.2644],[6.0372,47.2649],[6.0394,47.2658],[6.0417,47.2664]]]},"properties":{"id_ffco":"2007-D25-131","nom":"COMPLEXE SPORTIFDES ORCHAMPS","_dept":"25","numero":"2007-D25-131","commune":"Besançon","echelle":"1/2200","surface":"0.09 km²","format":"A4","annee":"2007","cartographes":"Jacques ABISSE, Philippe LAURENT","proprietaire":"2508 - BALISE 25 BESANCON","niveau":"Initiation, Scolaire","specialite":"CO à pied","latitude":"47.2645872289","longitude":"6.03953119558","date_saisie":"09/12/2009","date_depot":"15/12/2009","valide":"Oui","ppo":"Non","type_carte":"Nouvelle carte","fond":"Cadastre","obsolete":false}},{"type":"Feature","geometry":{"type":"Polygon","coordinates":[[[6.2128,47.2669],[6.2132,47.2665],[6.2129,47.2663],[6.2132,47.266],[6.2126,47.2657],[6.2122,47.2663],[6.2124,47.2665],[6.2121,47.2668],[6.2128,47.2669]]]},"properties":{"id_ffco":"2007-D25-130","nom":"ECOLE DE OSSE","_dept":"25","numero":"2007-D25-130","commune":"Osse","echelle":"1/300","surface":"0.01 km²","format":"A4","annee":"2007","cartographes":"E Wymer","proprietaire":"2508 - BALISE 25 BESANCON","niveau":"Initiation, Scolaire","specialite":"CO à pied","latitude":"47.2663332651","longitude":"6.21266682326","date_saisie":"31/12/2007","date_depot":"22/10/2009","valide":"Oui","ppo":"Non","type_carte":"Nouvelle carte","fond":"Cadastre","obsolete":false}},{"type":"Feature","geometry":null,"properties":{"id_ffco":"1989-D25-13","nom":"CHAUDANNE","_dept":"25","numero":"1989-D25-13","commune":"BESANCON","echelle":"1/5000","surface":"0.1 km²","annee":"1989","proprietaire":"2507","specialite":"CO à pied","latitude":"47.2412254","longitude":"6.0255656","valide":"Non","ppo":"Non","obsolete":false}},{"type":"Feature","geometry":{"type":"Polygon","coordinates":[[[6.2301,47.2959],[6.2301,47.2964],[6.231,47.2969],[6.2309,47.2974],[6.2304,47.2974],[6.2305,47.2976],[6.2317,47.2977],[6.233,47.2979],[6.2333,47.2978],[6.2339,47.2973],[6.2346,47.2968],[6.2336,47.2962],[6.2323,47.2959],[6.2301,47.2959]]]},"properties":{"id_ffco":"2007-D25-129","nom":"ECOLE DE LAISSEY","_dept":"25","numero":"2007-D25-129","commune":"Laissey","echelle":"1/1300","surface":"0.05 km²","format":"A4","annee":"2007","cartographes":"E Wymer","proprietaire":"2508 - BALISE 25 BESANCON","niveau":"Initiation, Scolaire","specialite":"CO à pied","latitude":"47.2968112363","longitude":"6.23223930751","date_saisie":"31/12/2007","date_depot":"22/10/2009","valide":"Oui","ppo":"Non","type_carte":"Nouvelle carte","fond":"Cadastre","obsolete":false}},{"type":"Feature","geometry":{"type":"Polygon","coordinates":[[[6.2372,47.2118],[6.2367,47.2117],[6.2366,47.2118],[6.2364,47.2117],[6.2365,47.2115],[6.2362,47.2114],[6.2365,47.2111],[6.2374,47.2114],[6.2372,47.2118]]]},"properties":{"id_ffco":"2007-D25-128","nom":"ECOLE DE NAISEY LES GRANGES","_dept":"25","numero":"2007-D25-128","commune":"Naisey Les Granges","echelle":"1/400","surface":"0.0 km²","format":"A4","annee":"2007","cartographes":"E Wymer","proprietaire":"2508 - BALISE 25 BESANCON","niveau":"Initiation, Scolaire","specialite":"CO à pied","latitude":"47.2114826979","longitude":"6.23680236725","date_saisie":"31/12/2007","date_depot":"22/10/2009","valide":"Oui","ppo":"Non","type_carte":"Nouvelle carte","fond":"Cadastre","obsolete":false}},{"type":"Feature","geometry":{"type":"Polygon","coordinates":[[[5.9948,47.2431],[5.9976,47.2428],[5.9991,47.2426],[6.0,47.2423],[6.0004,47.2424],[6.0011,47.2428],[6.0014,47.2427],[6.0022,47.2427],[6.0022,47.2431],[6.0022,47.2434],[6.0022,47.2439],[6.0024,47.2444],[6.0026,47.245],[6.003,47.2453],[6.0023,47.2456],[6.0018,47.2456],[6.0006,47.246],[6.0002,47.2461],[5.9988,47.2463],[5.9987,47.2453],[5.9983,47.2452],[5.9978,47.2449],[5.9975,47.2448],[5.9969,47.2447],[5.9959,47.2445],[5.9948,47.2431]]]},"properties":{"id_ffco":"2007-D25-126","nom":"COMPLEXE SPORTIF LEO LAGRANGE","_dept":"25","numero":"2007-D25-126","commune":"Besançon","echelle":"1/2500","surface":"0.16 km²","format":"A4","annee":"2007","cartographes":"J Abisse","proprietaire":"2508 - BALISE 25 BESANCON","niveau":"Régional","specialite":"CO à pied","latitude":"47.2441228737","longitude":"5.99935716922","date_saisie":"09/12/2009","date_depot":"15/12/2009","valide":"Oui","ppo":"Non","type_carte":"Nouvelle carte","fond":"Cadastre","obsolete":false}},{"type":"Feature","geometry":{"type":"Polygon","coordinates":[[[6.0295,47.2426],[6.0261,47.2428],[6.0243,47.2426],[6.0234,47.2428],[6.0217,47.2433],[6.0179,47.2432],[6.0153,47.2381],[6.0153,47.2354],[6.0206,47.2343],[6.0201,47.233],[6.0229,47.2323],[6.0248,47.2322],[6.0267,47.2336],[6.0287,47.2351],[6.0302,47.235],[6.0317,47.2354],[6.0325,47.2353],[6.0328,47.235],[6.0345,47.2352],[6.0358,47.2366],[6.0342,47.2385],[6.0334,47.2385],[6.0327,47.2382],[6.0325,47.2392],[6.032,47.2401],[6.0308,47.241],[6.0296,47.2415],[6.0289,47.2418],[6.0295,47.2426]]]},"properties":{"id_ffco":"2008-D25-125","nom":"LA BOUCLE","_dept":"25","numero":"2008-D25-125","commune":"Besançon","echelle":"1/7500","surface":"1.25 km²","format":"A4","annee":"2008","cartographes":"I Boichut, E Bacher","proprietaire":"2517 - ORIENTATION TEAM BESANCON","niveau":"Initiation, Scolaire","specialite":"CO à pied","latitude":"47.2380503037","longitude":"6.02431714478","date_saisie":"25/11/2009","date_depot":"26/11/2009","valide":"Oui","ppo":"Non","type_carte":"Nouvelle carte","fond":"Cadastre","obsolete":false}},{"type":"Feature","geometry":{"type":"Polygon","coordinates":[[[6.0306,47.2284],[6.033,47.229],[6.0341,47.2294],[6.0353,47.23],[6.0358,47.2305],[6.0366,47.2314],[6.0363,47.2321],[6.0351,47.2348],[6.0342,47.2352],[6.0336,47.2352],[6.0329,47.235],[6.0324,47.2357],[6.0302,47.2352],[6.0295,47.2352],[6.0287,47.2354],[6.0266,47.234],[6.0246,47.2325],[6.0233,47.2334],[6.0223,47.2326],[6.0212,47.2323],[6.0208,47.2306],[6.0228,47.2306],[6.0242,47.2306],[6.0254,47.2305],[6.0267,47.2303],[6.0281,47.2299],[6.0306,47.2284]]]},"properties":{"id_ffco":"2007-D25-124","nom":"La Citadelle et ses Faubourgs","_dept":"25","numero":"2007-D25-124","commune":"Besançon","echelle":"1/3000","surface":"0.57 km²","format":"A3","annee":"2007","cartographes":"J Abisse, P Laurent","proprietaire":"2508 - BALISE 25 BESANCON","niveau":"National, International","specialite":"CO à pied","latitude":"47.2320947663","longitude":"6.02990746924","date_saisie":"29/12/2007","date_depot":"31/12/2007","valide":"Oui","ppo":"Non","type_carte":"Nouvelle carte","fond":"Cadastre","obsolete":false}},{"type":"Feature","geometry":{"type":"Polygon","coordinates":[[[5.995,47.2468],[5.9954,47.2477],[5.9961,47.2483],[5.9966,47.2488],[5.9954,47.2492],[5.9939,47.2494],[5.9932,47.2498],[5.9921,47.251],[5.9913,47.2518],[5.9906,47.2522],[5.9899,47.2526],[5.9891,47.2527],[5.9885,47.2525],[5.9863,47.2513],[5.9851,47.2503],[5.9845,47.2495],[5.9839,47.2487],[5.9846,47.2487],[5.9867,47.2482],[5.9884,47.2478],[5.9904,47.2475],[5.9927,47.2471],[5.995,47.2468]]]},"properties":{"id_ffco":"2007-D25-123","nom":"LA BOULOIE NORD","_dept":"25","numero":"2007-D25-123","commune":"Besançon","echelle":"1/3500","surface":"0.33 km²","format":"A4","annee":"2007","cartographes":"J Abisse","proprietaire":"2508 - BALISE 25 BESANCON","niveau":"National, International","specialite":"CO à pied","latitude":"47.2494980293","longitude":"5.99004567065","date_saisie":"29/12/2007","date_depot":"22/10/2009","valide":"Oui","ppo":"Non","type_carte":"Nouvelle carte","fond":"Cadastre","obsolete":false}},{"type":"Feature","geometry":{"type":"Polygon","coordinates":[[[6.0289,47.2421],[6.0293,47.2426],[6.0302,47.2426],[6.0309,47.2424],[6.0315,47.2422],[6.0322,47.242],[6.0327,47.2417],[6.0331,47.2415],[6.0333,47.241],[6.0337,47.2404],[6.0339,47.2399],[6.0341,47.2394],[6.0341,47.2388],[6.0341,47.2384],[6.0339,47.2382],[6.033,47.2386],[6.0326,47.2397],[6.0318,47.2404],[6.0306,47.2411],[6.0292,47.2418],[6.0289,47.2421]]]},"properties":{"id_ffco":"2007-D25-122","nom":"PARC MICAUD","_dept":"25","numero":"2007-D25-122","commune":"Besançon","echelle":"1/2000","surface":"0.07 km²","format":"A4","annee":"2007","cartographes":"J Abisse","proprietaire":"2508 - BALISE 25 BESANCON","niveau":"Régional","specialite":"CO à pied","latitude":"47.2408180109","longitude":"6.0319983861","date_saisie":"29/12/2007","date_depot":"22/10/2009","valide":"Oui","ppo":"Non","type_carte":"Nouvelle carte","fond":"Cadastre","obsolete":false}},{"type":"Feature","geometry":{"type":"Polygon","coordinates":[[[6.2051,47.3282],[6.2053,47.3282],[6.2054,47.3281],[6.2055,47.3281],[6.2055,47.328],[6.2065,47.3282],[6.2064,47.3285],[6.2054,47.3283],[6.2054,47.3284],[6.2051,47.3283],[6.2051,47.3282]]]},"properties":{"id_ffco":"2007-D25-121","nom":"ECOLE POULIGNEY-LUSANS","_dept":"25","numero":"2007-D25-121","commune":"Pouligny-Lusans","echelle":"1/400","surface":"0.0 km²","format":"A4","annee":"2007","cartographes":"E Wymer","proprietaire":"2508 - BALISE 25 BESANCON","niveau":"Initiation, Scolaire","specialite":"CO à pied","latitude":"47.3282381967","longitude":"6.2058554865","date_saisie":"29/12/2007","date_depot":"22/10/2009","valide":"Oui","ppo":"Non","type_carte":"Nouvelle carte","fond":"Cadastre","obsolete":false}},{"type":"Feature","geometry":{"type":"Polygon","coordinates":[[[6.2423,47.334],[6.2422,47.334],[6.2422,47.3339],[6.2416,47.3339],[6.2414,47.3339],[6.2413,47.334],[6.2413,47.3341],[6.2412,47.3341],[6.2412,47.3342],[6.2412,47.3343],[6.2416,47.3343],[6.2417,47.3344],[6.2421,47.3344],[6.2421,47.3342],[6.2422,47.3341],[6.2423,47.3341],[6.2423,47.334]]]},"properties":{"id_ffco":"2007-D25-120","nom":"ECOLE DE SAINT HILAIRE","_dept":"25","numero":"2007-D25-120","commune":"Saint-Hilaire","echelle":"1/300","surface":"0.0 km²","format":"A4","annee":"2007","cartographes":"E Wymer","proprietaire":"2508 - BALISE 25 BESANCON","niveau":"Initiation, Scolaire","specialite":"CO à pied","latitude":"47.334121996","longitude":"6.24174209871","date_saisie":"29/12/2007","date_depot":"22/10/2009","valide":"Oui","ppo":"Non","type_carte":"Nouvelle carte","fond":"Cadastre","obsolete":false}},{"type":"Feature","geometry":null,"properties":{"id_ffco":"1989-D25-12","nom":"CHAILLE","_dept":"25","numero":"1989-D25-12","commune":"BESANCON","echelle":"1/10000","surface":"1.4 km²","annee":"1989","proprietaire":"2508 - BALISE 25 BESANCON","specialite":"CO à pied","latitude":"47.2412254","longitude":"6.0255656","valide":"Non","ppo":"Non","obsolete":false}},{"type":"Feature","geometry":null,"properties":{"id_ffco":"2006-D25-117","nom":"LYCEE VICTOR HUGO","_dept":"25","numero":"2006-D25-117","commune":"Besançon","echelle":"1/2000","surface":"0.1 km²","format":"A4","annee":"2006","cartographes":"E Bacher","proprietaire":"2517 - ORIENTATION TEAM BESANCON","specialite":"CO à pied","latitude":"47.2412254","longitude":"6.0255656","date_saisie":"27/12/2007","date_depot":"22/10/2009","valide":"Non","ppo":"Non","obsolete":false}},{"type":"Feature","geometry":null,"properties":{"id_ffco":"2005-D25-113","nom":"Chamars - Gare d'eau","_dept":"25","numero":"2005-D25-113","commune":"Besançon","echelle":"1/2500","surface":"0.02 km²","annee":"2005","cartographes":"J Abisse","proprietaire":"2508 - BALISE 25 BESANCON","niveau":"Régional","specialite":"CO à pied","latitude":"47.2412254","longitude":"6.0255656","date_saisie":"13/02/2006","date_depot":"15/02/2006","valide":"Non","ppo":"Non","obsolete":false}},{"type":"Feature","geometry":null,"properties":{"id_ffco":"2006-D25-112","nom":"La Combe Fleurie","_dept":"25","numero":"2006-D25-112","commune":"Gonsans","echelle":"1/500","surface":"0.01 km²","annee":"2006","cartographes":"J Abisse","proprietaire":"2508 - BALISE 25 BESANCON","specialite":"CO à pied","latitude":"47.2327816","longitude":"6.3012953","date_saisie":"30/05/2007","date_depot":"30/05/2007","valide":"Non","ppo":"Non","obsolete":false}},{"type":"Feature","geometry":null,"properties":{"id_ffco":"2006-D25-111","nom":"Le Gouffre Du Paradis","_dept":"25","numero":"2006-D25-111","commune":"Mamirolle","echelle":"1/10000","surface":"5.7 km²","annee":"2006","cartographes":"J Abisse, A Ganzitti","proprietaire":"2508 - BALISE 25 BESANCON","specialite":"CO à pied","latitude":"47.1960151","longitude":"6.1611238","date_saisie":"03/12/2006","date_depot":"05/12/2006","valide":"Non","ppo":"Non","fond":"IGN","obsolete":false}},{"type":"Feature","geometry":null,"properties":{"id_ffco":"2005-D25-110","nom":"Groupe Scolaire Notre Dame","_dept":"25","numero":"2005-D25-110","commune":"Besançon","echelle":"1/1000","surface":"0.039 km²","annee":"2005","cartographes":"J Abisse, J Rizzoto","proprietaire":"2508 - BALISE 25 BESANCON","specialite":"CO à pied","latitude":"47.2412254","longitude":"6.0255656","date_saisie":"04/12/2006","date_depot":"28/12/2006","valide":"Non","ppo":"Non","obsolete":false}},{"type":"Feature","geometry":null,"properties":{"id_ffco":"1989-D25-11","nom":"BOIS DES EPESSES","_dept":"25","numero":"1989-D25-11","commune":"VALDAHON","echelle":"1/10000","surface":"1.5 km²","annee":"1989","proprietaire":"2503","specialite":"CO à pied","latitude":"47.1473086","longitude":"6.3454793","valide":"Non","ppo":"Non","obsolete":false}},{"type":"Feature","geometry":null,"properties":{"id_ffco":"1982-D25-11","nom":"FOURGS","_dept":"25","numero":"1982-D25-11","commune":"FOURGS","echelle":"1/20000","surface":"16.0 km²","annee":"1982","niveau":"Interrégional","specialite":"CO à pied","latitude":"46.8350879","longitude":"6.4011581","valide":"Non","ppo":"Non","obsolete":false}},{"type":"Feature","geometry":{"type":"Polygon","coordinates":[[[6.8663,47.4847],[6.8667,47.4815],[6.8667,47.4807],[6.8747,47.4793],[6.8801,47.4789],[6.8814,47.4799],[6.8827,47.482],[6.8827,47.4847],[6.882,47.4872],[6.881,47.4888],[6.8734,47.4881],[6.8719,47.4866],[6.8663,47.4847]]]},"properties":{"id_ffco":"2004-D25-109","nom":"Parcours Sportif de la Combotte","_dept":"25","numero":"2004-D25-109","commune":"Audincourt","echelle":"1/5000","surface":"1.02 km²","format":"A4","annee":"2004","cartographes":"A Ganzitti","proprietaire":"2508 - BALISE 25 BESANCON","niveau":"Régional","specialite":"CO à pied","latitude":"47.4836133923","longitude":"6.87539677214","date_saisie":"23/06/2005","date_depot":"22/07/2005","valide":"Oui","ppo":"Non","type_carte":"Nouvelle carte","fond":"IGN","ref_ign":"3622 OT","obsolete":false}},{"type":"Feature","geometry":null,"properties":{"id_ffco":"2003-D25-108","nom":"CHALET PIN","_dept":"25","numero":"2003-D25-108","commune":"Chapelle des Bois","echelle":"1/10000","surface":"6.25 km²","format":"A4","annee":"2003","cartographes":"Roland Hirter, Dieter Hulliger","proprietaire":"FC - Franche-Comté","specialite":"CO à pied","latitude":"46.5977875","longitude":"6.1142096","date_saisie":"21/12/2003","date_depot":"04/01/2004","valide":"Non","ppo":"Non","obsolete":false}},{"type":"Feature","geometry":null,"properties":{"id_ffco":"2003-D25-107","nom":"LE COUTELOT","_dept":"25","numero":"2003-D25-107","commune":"Novillars","echelle":"1/15000","surface":"8.6 km²","format":"A4","annee":"2003","proprietaire":"2508 - BALISE 25 BESANCON","niveau":"Régional","specialite":"CO à pied","latitude":"47.2854772","longitude":"6.1310326","date_saisie":"12/09/2003","date_depot":"15/09/2003","valide":"Non","ppo":"Non","type_carte":"Nouvelle carte","fond":"IGN","obsolete":false}},{"type":"Feature","geometry":null,"properties":{"id_ffco":"2003-D25-106","nom":"PLAIN AU RENARD","_dept":"25","numero":"2003-D25-106","commune":"Gonsans","echelle":"1/10000","surface":"2.8 km²","format":"A5","annee":"2003","proprietaire":"2508 - BALISE 25 BESANCON","specialite":"CO à pied","latitude":"47.2327816","longitude":"6.3012953","date_saisie":"02/10/2003","date_depot":"03/10/2003","valide":"Non","ppo":"Non","obsolete":false}},{"type":"Feature","geometry":null,"properties":{"id_ffco":"2003-D25-105","nom":"LE MONT LONGPRE","_dept":"25","numero":"2003-D25-105","commune":"Gonsans","echelle":"1/15000","surface":"10.5 km²","format":"A4","annee":"2003","proprietaire":"2508 - BALISE 25 BESANCON","specialite":"CO à pied","latitude":"47.2327816","longitude":"6.3012953","date_saisie":"02/10/2003","date_depot":"03/10/2003","valide":"Non","ppo":"Non","obsolete":false}},{"type":"Feature","geometry":null,"properties":{"id_ffco":"2003-D25-104","nom":"LE BOIS DE LA MARE MOREL","_dept":"25","numero":"2003-D25-104","commune":"Avanne-Aveney","echelle":"1/10000","surface":"4.9 km²","format":"A4","annee":"2003","proprietaire":"2508 - BALISE 25 BESANCON","specialite":"CO à pied","latitude":"47.198276","longitude":"5.9619169","date_saisie":"02/10/2003","date_depot":"03/10/2003","valide":"Non","ppo":"Non","obsolete":false}},{"type":"Feature","geometry":null,"properties":{"id_ffco":"2003-D25-103","nom":"BOIS DE FRANOIS","_dept":"25","numero":"2003-D25-103","commune":"Franois","echelle":"1/10000","surface":"2.6 km²","format":"A5","annee":"2003","proprietaire":"2508 - BALISE 25 BESANCON","specialite":"CO à pied","latitude":"47.2344389","longitude":"5.9242998","date_saisie":"02/10/2003","date_depot":"03/10/2003","valide":"Non","ppo":"Non","obsolete":false}},{"type":"Feature","geometry":{"type":"Polygon","coordinates":[[[6.7696,47.5242],[6.7686,47.5245],[6.7681,47.5277],[6.7675,47.5293],[6.766,47.5313],[6.7686,47.5343],[6.7723,47.5342],[6.7758,47.5359],[6.7765,47.5361],[6.7769,47.5347],[6.7772,47.5326],[6.7786,47.5327],[6.7787,47.531],[6.7768,47.5306],[6.7753,47.5259],[6.7696,47.5242]]]},"properties":{"id_ffco":"2003-D25-102","nom":"Parcours Sportif du BOIS BOURGEOIS","_dept":"25","numero":"2003-D25-102","commune":"Montbeliard","echelle":"1/5000","surface":"0.75 km²","format":"A4","annee":"2003","cartographes":"A Ganzitti","proprietaire":"2508 - BALISE 25 BESANCON","niveau":"Départemental","specialite":"CO à pied","latitude":"47.5302186295","longitude":"6.7722357601","date_saisie":"01/09/2005","date_depot":"20/09/2005","valide":"Oui","ppo":"Non","type_carte":"Nouvelle carte","fond":"IGN","ref_ign":"3621 OT","obsolete":false}},{"type":"Feature","geometry":null,"properties":{"id_ffco":"2003-D25-101","nom":"Complexe Sportif de la MALCOMBE","_dept":"25","numero":"2003-D25-101","commune":"Besançon","echelle":"1/3000","surface":"0.4 km²","format":"A4","annee":"2003","proprietaire":"2508 - BALISE 25 BESANCON","niveau":"Régional","specialite":"CO à pied","latitude":"47.2412254","longitude":"6.0255656","date_saisie":"02/10/2003","date_depot":"03/10/2003","valide":"Non","ppo":"Non","type_carte":"Nouvelle carte","fond":"IGN","obsolete":false}},{"type":"Feature","geometry":{"type":"Polygon","coordinates":[[[6.6739,47.4826],[6.6765,47.4859],[6.6789,47.4869],[6.6827,47.4853],[6.6827,47.4831],[6.681,47.4804],[6.6799,47.4794],[6.6739,47.4826]]]},"properties":{"id_ffco":"2005-D25-100","nom":"Swingolf de la vallée du Rupt","_dept":"25","numero":"2005-D25-100","commune":"Montenois","echelle":"1/2500","surface":"0.34 km²","format":"A4","annee":"2005","cartographes":"A Ganzitti","proprietaire":"2508 - BALISE 25 BESANCON","niveau":"Départemental","specialite":"CO à pied","latitude":"47.4833677403","longitude":"6.67884875816","date_saisie":"01/09/2005","date_depot":"20/09/2005","valide":"Oui","ppo":"Non","type_carte":"Nouvelle carte","fond":"IGN","ref_ign":"3622 OT","obsolete":false}},{"type":"Feature","geometry":null,"properties":{"id_ffco":"1989-D25-09","nom":"BOIS BREGILLE","_dept":"25","numero":"1989-D25-09","commune":"BESANCON","echelle":"1/5000","surface":"0.4 km²","annee":"1989","proprietaire":"2507","specialite":"CO à pied","latitude":"47.2412254","longitude":"6.0255656","valide":"Non","ppo":"Non","obsolete":false}},{"type":"Feature","geometry":null,"properties":{"id_ffco":"1989-D25-08","nom":"BOIS DE FORT BENOIT","_dept":"25","numero":"1989-D25-08","commune":"BESANCON","echelle":"1/5000","surface":"0.6 km²","annee":"1989","proprietaire":"2508 - BALISE 25 BESANCON","specialite":"CO à pied","latitude":"47.2412254","longitude":"6.0255656","valide":"Non","ppo":"Non","obsolete":false}},{"type":"Feature","geometry":null,"properties":{"id_ffco":"1976-D25-064","nom":"SEIGNE","_dept":"25","numero":"1976-D25-064","commune":"LES HOPITAUX NEUFS","echelle":"1/15000","surface":"11.5 km²","annee":"1976","proprietaire":"2507","specialite":"CO à pied","latitude":"46.7772074","longitude":"6.3734187","valide":"Non","ppo":"Non","obsolete":false}},{"type":"Feature","geometry":null,"properties":{"id_ffco":"1982-D25-06","nom":"THISE","_dept":"25","numero":"1982-D25-06","commune":"BESANCON","echelle":"1/15000","surface":"7.8 km²","annee":"1982","proprietaire":"2507","niveau":"Interrégional","specialite":"CO à pied","latitude":"47.2412254","longitude":"6.0255656","valide":"Non","ppo":"Non","obsolete":false}},{"type":"Feature","geometry":null,"properties":{"id_ffco":"2000-D25-059","nom":"LANDRYS","_dept":"25","numero":"2000-D25-059","commune":"CHAPELLE DES BOIS","echelle":"1/20000","surface":"25.0 km²","annee":"2000","proprietaire":"FFCO","niveau":"National, International","specialite":"CO à pied","latitude":"46.5977875","longitude":"6.1142096","valide":"Non","ppo":"Non","obsolete":false}},{"type":"Feature","geometry":null,"properties":{"id_ffco":"2000-D25-057","nom":"PRES D'HAUTS","_dept":"25","numero":"2000-D25-057","commune":"CHAPELLE DES BOIS","echelle":"1/15000","surface":"15.0 km²","annee":"2000","proprietaire":"FFCO","niveau":"National, International","specialite":"CO à pied","latitude":"46.5977875","longitude":"6.1142096","valide":"Non","ppo":"Non","obsolete":false}},{"type":"Feature","geometry":null,"properties":{"id_ffco":"2000-D25-056","nom":"GAUDE (LA)","_dept":"25","numero":"2000-D25-056","commune":"CHAPELLE DES BOIS","echelle":"1/15000","surface":"11.2 km²","annee":"2000","proprietaire":"FFCO","niveau":"National, International","specialite":"CO à pied","latitude":"46.5977875","longitude":"6.1142096","valide":"Non","ppo":"Non","obsolete":false}},{"type":"Feature","geometry":null,"properties":{"id_ffco":"1976-D25-055","nom":"NORBIERE (LA)","_dept":"25","numero":"1976-D25-055","commune":"CHAPELLE DES BOIS","echelle":"1/15000","surface":"22.0 km²","annee":"1976","proprietaire":"FC - Franche-Comté","specialite":"CO à pied","latitude":"46.5977875","longitude":"6.1142096","valide":"Non","ppo":"Non","obsolete":false}},{"type":"Feature","geometry":null,"properties":{"id_ffco":"2000-D25-051","nom":"MONT L'HERBA","_dept":"25","numero":"2000-D25-051","commune":"PONTARLIER","echelle":"1/20000","surface":"50.0 km²","annee":"2000","proprietaire":"FFCO","niveau":"National, International","specialite":"CO à pied","latitude":"46.9020963","longitude":"6.3590849","valide":"Non","ppo":"Non","obsolete":false}},{"type":"Feature","geometry":null,"properties":{"id_ffco":"1976-D25-051","nom":"FORET DE CHAILLUZ","_dept":"25","numero":"1976-D25-051","commune":"BESANCON","echelle":"1/15000","surface":"10.0 km²","annee":"1976","proprietaire":"25 - Doubs","specialite":"CO à pied","latitude":"47.2412254","longitude":"6.0255656","valide":"Non","ppo":"Non","obsolete":false}},{"type":"Feature","geometry":null,"properties":{"id_ffco":"1982-D25-05","nom":"CHAILLUZ OUEST","_dept":"25","numero":"1982-D25-05","commune":"BESANCON","echelle":"1/15000","surface":"6.0 km²","annee":"1982","proprietaire":"FC - Franche-Comté","niveau":"Interrégional","specialite":"CO à pied","latitude":"47.2412254","longitude":"6.0255656","valide":"Non","ppo":"Non","obsolete":false}},{"type":"Feature","geometry":null,"properties":{"id_ffco":"2000-D25-049","nom":"CHALET PIN","_dept":"25","numero":"2000-D25-049","commune":"MOUTHE","echelle":"1/15000","surface":"5.0 km²","annee":"2000","proprietaire":"FC - Franche-Comté","niveau":"National, International","specialite":"CO à pied","latitude":"46.7107698","longitude":"6.1943729","valide":"Non","ppo":"Non","obsolete":false}},{"type":"Feature","geometry":null,"properties":{"id_ffco":"1976-D25-048","nom":"PRE LORRAIN","_dept":"25","numero":"1976-D25-048","commune":"MOUTHE","echelle":"1/15000","surface":"9.3 km²","annee":"1976","proprietaire":"FC - Franche-Comté","specialite":"CO à pied","latitude":"46.7107698","longitude":"6.1943729","valide":"Non","ppo":"Non","obsolete":false}},{"type":"Feature","geometry":null,"properties":{"id_ffco":"1976-D25-047","nom":"NONDANCE-CHAPELLE des BOIS","_dept":"25","numero":"1976-D25-047","commune":"CHAPELLE DES BOIS","echelle":"1/15000","surface":"10.0 km²","annee":"1976","proprietaire":"FC - Franche-Comté","specialite":"CO à pied","latitude":"46.5977875","longitude":"6.1142096","valide":"Non","ppo":"Non","obsolete":false}},{"type":"Feature","geometry":null,"properties":{"id_ffco":"1976-D25-023","nom":"FAYS","_dept":"25","numero":"1976-D25-023","commune":"MONTBELIARD","echelle":"1/15000","surface":"9.0 km²","annee":"1976","proprietaire":"2509","specialite":"CO à pied","latitude":"47.5118726","longitude":"6.7997133","valide":"Non","ppo":"Non","obsolete":false}},{"type":"Feature","geometry":null,"properties":{"id_ffco":"1976-D25-004","nom":"FORET DE CHAILLUZ","_dept":"25","numero":"1976-D25-004","commune":"BESANCON","echelle":"1/15000","surface":"5.4 km²","annee":"1976","proprietaire":"FC - Franche-Comté","specialite":"CO à pied","latitude":"47.2412254","longitude":"6.0255656","valide":"Non","ppo":"Non","obsolete":false}},{"type":"Feature","geometry":null,"properties":{"id_ffco":"1982-D25-00","nom":"VERCEL VILLEDIEU - CAMP","_dept":"25","numero":"1982-D25-00","commune":"VALDAHON","echelle":"1/15000","surface":"10.0 km²","annee":"1982","niveau":"Interrégional","specialite":"CO à pied","latitude":"47.1473086","longitude":"6.3454793","valide":"Non","ppo":"Non","obsolete":false}},{"type":"Feature","geometry":null,"properties":{"id_ffco":"1982-D25-00","nom":"VALDAHON","_dept":"25","numero":"1982-D25-00","commune":"VALDAHON","echelle":"1/15000","surface":"11.0 km²","annee":"1982","niveau":"Interrégional","specialite":"CO à pied","latitude":"47.1473086","longitude":"6.3454793","valide":"Non","ppo":"Non","obsolete":false}},{"type":"Feature","geometry":null,"properties":{"id_ffco":"1982-D25-00","nom":"BOIS MAILLEY","_dept":"25","numero":"1982-D25-00","echelle":"1/15000","surface":"7.0 km²","annee":"1982","proprietaire":"2507","niveau":"Interrégional","specialite":"CO à pied","latitude":"47.1969824","longitude":"6.3126004","valide":"Non","ppo":"Non","obsolete":false}},{"type":"Feature","geometry":null,"properties":{"id_ffco":"1989-D25-00","nom":"BOIS MOUCHARD (3911)","_dept":"25","numero":"1989-D25-00","commune":"MOUCHARD","echelle":"1/10000","surface":"1.2 km²","annee":"1989","proprietaire":"2505","specialite":"CO à pied","latitude":"46.9768146","longitude":"5.7973959","valide":"Non","ppo":"Non","obsolete":false}},{"type":"Feature","geometry":null,"properties":{"id_ffco":"1989-D25-00","nom":"BOIS DE FRANOIS","_dept":"25","numero":"1989-D25-00","echelle":"1/10000","surface":"2.5 km²","annee":"1989","specialite":"CO à pied","latitude":"47.1969824","longitude":"6.3126004","valide":"Non","ppo":"Non","obsolete":false}},{"type":"Feature","geometry":null,"properties":{"id_ffco":"1989-D25-00","nom":"BOIS MONSIEUR","_dept":"25","numero":"1989-D25-00","commune":"BESANCON","echelle":"1/10000","surface":"2.4 km²","annee":"1989","proprietaire":"FC - Franche-Comté","specialite":"CO à pied","latitude":"47.2412254","longitude":"6.0255656","valide":"Non","ppo":"Non","obsolete":false}},{"type":"Feature","geometry":null,"properties":{"id_ffco":"1989-D25-00","nom":"BOIS CHATELLARD","_dept":"25","numero":"1989-D25-00","echelle":"1/10000","surface":"2.0 km²","annee":"1989","specialite":"CO à pied","latitude":"47.1969824","longitude":"6.3126004","valide":"Non","ppo":"Non","obsolete":false}},{"type":"Feature","geometry":null,"properties":{"id_ffco":"1982-D25-00","nom":"SERRE (3906)","_dept":"25","numero":"1982-D25-00","commune":"DOLE","echelle":"1/15000","surface":"11.9 km²","annee":"1982","proprietaire":"FC - Franche-Comté","niveau":"Interrégional","specialite":"CO à pied","latitude":"47.2263479","longitude":"5.9778361","valide":"Non","ppo":"Non","obsolete":false}},{"type":"Feature","geometry":null,"properties":{"id_ffco":"1994-D25-00","nom":"CHAILLUZ PTES BARAQUES","_dept":"25","numero":"1994-D25-00","commune":"BESANCON","surface":"0.0 km²","annee":"1994","proprietaire":"FC - Franche-Comté","specialite":"CO à pied","latitude":"47.2412254","longitude":"6.0255656","valide":"Non","ppo":"Non","obsolete":false}},{"type":"Feature","geometry":null,"properties":{"id_ffco":"????-D25-","nom":"La Roche du Tresor","_dept":"25","numero":"????-D25-","commune":"Pierrefontaine les Varrans","surface":"None km²","latitude":"47.2148312","longitude":"6.5391209","valide":"Non","ppo":"Oui","obsolete":false}}]}