{"type":"FeatureCollection","features":[{"type":"Feature","geometry":{"type":"Polygon","coordinates":[[[5.0244,45.2542],[5.0239,45.2547],[5.0258,45.2562],[5.0269,45.2565],[5.0279,45.2574],[5.03,45.2582],[5.0303,45.2579],[5.03,45.2572],[5.0309,45.256],[5.0327,45.2549],[5.0334,45.2539],[5.0315,45.2529],[5.0274,45.2516],[5.0244,45.2542]]]},"properties":{"id_ffco":"7951","nom":"Hauterives village","_dept":"26","numero":"2015-D26-99","commune":"Hauterives","echelle":"1/4000","surface":"0.29 km²","format":"A4","annee":"2015","cartographes":"DEROUX Benoit","proprietaire":"2604 - CLUB DE ROMANS DE COURSE D'ORIENTATION","niveau":"Régional","specialite":"Sprint (ISSOM)","contacts":"CLUB ROMANS CO - CROCO, coromans2604@gmail.com","latitude":"45.2546279972","longitude":"5.02861551589","date_saisie":"15/01/2015","date_depot":"06/04/2016","valide":"Oui","ppo":"Non","type_carte":"Nouvelle carte","fond":"Cadastre","obsolete":false}},{"type":"Feature","geometry":{"type":"Polygon","coordinates":[[[5.4122,44.9684],[5.4126,44.9697],[5.4132,44.9703],[5.4137,44.9706],[5.4165,44.9708],[5.4179,44.9704],[5.4198,44.9696],[5.42,44.9687],[5.4199,44.9679],[5.4196,44.9664],[5.4195,44.9652],[5.4187,44.9653],[5.4178,44.9656],[5.4145,44.9658],[5.4133,44.9663],[5.413,44.968],[5.4122,44.9684]]]},"properties":{"id_ffco":"7457","nom":"La Chapelle en Vercors - Village","_dept":"26","numero":"2014-D26-98","commune":"26420 LA CHAPELLE EN VERCORS,","echelle":"1/4000","surface":"0.29 km²","format":"A4","annee":"2014","cartographes":"MONNIER Eric,FAIVRE Julie","proprietaire":"2610 - LOISIR ORIENTATION VERCORS","niveau":"Départemental","specialite":"Sprint (ISSOM)","contacts":"Loisir Orientation Vercors, loisirorientationvercors@yahoo.fr, loisirorientationvercors.over-blog.com","latitude":"44.96782","longitude":"5.41571","date_saisie":"01/10/2014","date_depot":"05/05/2015","valide":"Oui","ppo":"Non","type_carte":"Nouvelle carte","fond":"Cadastre","obsolete":false}},{"type":"Feature","geometry":{"type":"Polygon","coordinates":[[[5.3293,44.9597],[5.3339,44.9651],[5.3411,44.9666],[5.3521,44.966],[5.3547,44.9674],[5.3617,44.9665],[5.3628,44.9639],[5.3579,44.9588],[5.3603,44.9582],[5.3612,44.9493],[5.3616,44.9462],[5.3632,44.944],[5.3683,44.9388],[5.3683,44.9348],[5.3188,44.9349],[5.3196,44.946],[5.3232,44.952],[5.3284,44.9569],[5.3293,44.9597]]]},"properties":{"id_ffco":"7398","nom":"Col de Carri - Lente Nord","_dept":"26","numero":"2014-D26-97","commune":"26190 BOUVANTE,","echelle":"1/10000","surface":"10.66 km²","format":"A4","annee":"2014","cartographes":"COTIRTA Marian","niveau":"National, International","specialite":"CO à pied","contacts":"CDCO 26, cdco26@free.fr, http://cdco26.free.fr/index.html","latitude":"44.95091","longitude":"5.34588","date_saisie":"01/07/2014","date_depot":"05/05/2015","valide":"Oui","ppo":"Non","type_carte":"Reprise","base":"1992-D26-08 LENTE NORD","fond":"IGN","obsolete":false}},{"type":"Feature","geometry":{"type":"Polygon","coordinates":[[[5.3674,44.7549],[5.3677,44.7542],[5.3677,44.7533],[5.367,44.7527],[5.3666,44.7522],[5.3666,44.7514],[5.3684,44.7511],[5.3692,44.7512],[5.3705,44.7508],[5.3715,44.7508],[5.3725,44.7513],[5.3727,44.7509],[5.3736,44.7512],[5.3734,44.7521],[5.3743,44.7525],[5.3747,44.7528],[5.3748,44.7535],[5.3749,44.7544],[5.3744,44.7548],[5.3734,44.7551],[5.3722,44.7562],[5.3714,44.7568],[5.3704,44.7568],[5.3698,44.7577],[5.3683,44.7572],[5.3673,44.7563],[5.3676,44.7561],[5.3668,44.7555],[5.3674,44.7549]]]},"properties":{"id_ffco":"7399","nom":"Ville de Die","_dept":"26","numero":"2014-D26-96","commune":"26150 DIE,","echelle":"1/4000","surface":"0.34 km²","format":"A4","annee":"2014","cartographes":"DEROUX Benoit","proprietaire":"26 - Drôme","niveau":"Régional","specialite":"Sprint (ISSOM)","contacts":"CDCO 26, cdco26@free.fr, http://cdco26.free.fr/index.html","latitude":"44.75372","longitude":"5.37051","date_saisie":"01/07/2014","date_depot":"05/05/2015","valide":"Oui","ppo":"Non","type_carte":"Nouvelle carte","fond":"Cadastre","obsolete":false}},{"type":"Feature","geometry":{"type":"Polygon","coordinates":[[[4.9853,45.1946],[4.9967,45.1987],[5.0072,45.1989],[5.0142,45.1922],[5.0144,45.1887],[5.0121,45.1855],[5.0126,45.1793],[5.0128,45.1752],[5.0158,45.1738],[5.015,45.1652],[5.0131,45.1611],[5.0118,45.1592],[5.0118,45.153],[5.0123,45.149],[5.012,45.1456],[5.0086,45.1404],[5.0074,45.1368],[5.0126,45.1345],[5.0061,45.1307],[5.0047,45.1302],[5.0028,45.1272],[4.9997,45.1258],[4.9943,45.1236],[4.9874,45.1252],[4.988,45.1304],[4.9907,45.1353],[4.9894,45.1382],[4.9799,45.145],[4.9775,45.1506],[4.9786,45.1538],[4.9788,45.1569],[4.9782,45.1606],[4.978,45.164],[4.9756,45.1707],[4.9745,45.1768],[4.9762,45.1812],[4.978,45.1839],[4.9756,45.1881],[4.978,45.1908],[4.9814,45.1928],[4.9853,45.1946]]]},"properties":{"id_ffco":"7318","nom":"Bathernay VTT 'O","_dept":"26","numero":"2014-D26-95","commune":"26260 BATHERNAY,","echelle":"1/20000","surface":"19.73 km²","format":"A3","annee":"2014","cartographes":"DEROUX Benoit","proprietaire":"2604 - CLUB DE ROMANS DE COURSE D'ORIENTATION","niveau":"Régional","specialite":"CO à VTT","contacts":"CLUB ROMANS ORIENTATION, coromans2604@gmail.com, http://romans.orientation.free.fr/","latitude":"45.1797","longitude":"4.9962","date_saisie":"01/04/2014","date_depot":"05/05/2015","valide":"Oui","ppo":"Non","type_carte":"Nouvelle carte","fond":"IGN","obsolete":false}},{"type":"Feature","geometry":{"type":"Polygon","coordinates":[[[4.7325,44.5681],[4.732,44.5666],[4.73,44.5668],[4.7284,44.5671],[4.7283,44.5676],[4.7287,44.5686],[4.7284,44.5688],[4.7285,44.5696],[4.7296,44.5694],[4.7313,44.5687],[4.7325,44.5681]]]},"properties":{"id_ffco":"7301","nom":"CEFA Montélimar","_dept":"26","numero":"2014-D26-94","commune":"26200 MONTELIMAR,","echelle":"1/1600","surface":"0.08 km²","format":"A4","annee":"2014","cartographes":"MIDENA Benjamin","niveau":"Initiation, Scolaire","specialite":"CO à pied","contacts":"CDCO 26, cdco26@free.fr, http://cdco26.free.fr/index.html","latitude":"44.56791","longitude":"4.73098","date_saisie":"13/03/2014","date_depot":"05/05/2015","valide":"Oui","ppo":"Non","type_carte":"Nouvelle carte","fond":"Cadastre","obsolete":false}},{"type":"Feature","geometry":{"type":"Polygon","coordinates":[[[5.1417,44.3586],[5.1445,44.3599],[5.1445,44.3607],[5.143,44.3616],[5.1424,44.3624],[5.1421,44.3635],[5.1414,44.3645],[5.1413,44.3651],[5.1389,44.3659],[5.1383,44.3656],[5.138,44.3652],[5.1379,44.3643],[5.1372,44.3641],[5.1369,44.3644],[5.1366,44.3647],[5.1357,44.3644],[5.1355,44.3637],[5.1352,44.3633],[5.1349,44.3628],[5.1342,44.3629],[5.1336,44.3627],[5.133,44.3623],[5.1324,44.3624],[5.1326,44.3602],[5.1329,44.3592],[5.1333,44.3578],[5.1341,44.3579],[5.1346,44.3556],[5.1354,44.3555],[5.1369,44.3559],[5.1388,44.3565],[5.1409,44.358],[5.1417,44.3586]]]},"properties":{"id_ffco":"7302","nom":"Nyons","_dept":"26","numero":"2014-D26-93","commune":"26110 NYONS,","echelle":"1/4000","surface":"0.67 km²","format":"A4","annee":"2014","cartographes":"DEROUX Benoit","proprietaire":"26 - Drôme","niveau":"Régional","specialite":"Sprint (ISSOM)","contacts":"CDCO 26, cdco26@free.fr, http://cdco26.free.fr/index.html","latitude":"44.36041","longitude":"5.13939","date_saisie":"13/03/2014","date_depot":"05/05/2015","valide":"Oui","ppo":"Non","type_carte":"Nouvelle carte","fond":"Cadastre","obsolete":false}},{"type":"Feature","geometry":{"type":"Polygon","coordinates":[[[5.0143,45.1484],[5.0149,45.149],[5.0146,45.1502],[5.0153,45.1503],[5.0169,45.1519],[5.0183,45.1523],[5.0203,45.1526],[5.0221,45.1509],[5.0234,45.1496],[5.0226,45.147],[5.021,45.1466],[5.0203,45.1463],[5.0187,45.1473],[5.0172,45.1466],[5.0142,45.148],[5.0143,45.1484]]]},"properties":{"id_ffco":"7254","nom":"CHARMES SUR HERBASSE","_dept":"26","numero":"2014-D26-92","commune":"26260 CHARMES SUR L HERBASSE,","echelle":"1/4000","surface":"0.35 km²","format":"A4","annee":"2014","cartographes":"DEROUX Benoit","proprietaire":"2604 - CLUB DE ROMANS DE COURSE D'ORIENTATION","niveau":"Départemental","specialite":"Sprint (ISSOM)","contacts":"CLUB ROMANS ORIENTATION, coromans2604@gmail.com, http://romans.orientation.free.fr/","latitude":"45.14834","longitude":"5.01588","date_saisie":"13/03/2014","date_depot":"05/05/2015","valide":"Oui","ppo":"Non","type_carte":"Nouvelle carte","fond":"Cadastre","obsolete":false}},{"type":"Feature","geometry":{"type":"Polygon","coordinates":[[[5.2066,44.9041],[5.2101,44.9016],[5.2095,44.898],[5.2103,44.8943],[5.2114,44.8921],[5.2116,44.8893],[5.2161,44.8909],[5.221,44.8932],[5.2242,44.8956],[5.2308,44.8991],[5.2347,44.9056],[5.238,44.9094],[5.2417,44.9149],[5.2359,44.9168],[5.2337,44.9187],[5.2301,44.9197],[5.2253,44.9188],[5.224,44.9171],[5.2228,44.9163],[5.2214,44.9168],[5.2196,44.9186],[5.2145,44.9194],[5.2108,44.9188],[5.2082,44.9174],[5.207,44.9156],[5.2023,44.9137],[5.2043,44.9088],[5.2052,44.9072],[5.2064,44.9051],[5.2066,44.9041]]]},"properties":{"id_ffco":"7253","nom":"Station du Grand Echaillon Ski'o","_dept":"26","numero":"2014-D26-91","commune":"26190 LEONCEL,","echelle":"1/15000","surface":"6.12 km²","format":"A3","annee":"2014","cartographes":"Gil BURIDAN","niveau":"Régional","specialite":"CO à ski","contacts":"CLUB VALENCE SPORT ORIENTATION, 04 75 59 20 81, vso.2605@free.fr, http://www.valence-sports-orientation.fr/","latitude":"44.9073082767","longitude":"5.22069594129","date_saisie":"13/03/2014","date_depot":"05/05/2015","valide":"Oui","ppo":"Non","type_carte":"Nouvelle carte","fond":"IGN","obsolete":false}},{"type":"Feature","geometry":{"type":"Polygon","coordinates":[[[4.9973,45.0551],[5.0021,45.0549],[5.0019,45.051],[4.9993,45.051],[4.9994,45.0497],[4.9958,45.0499],[4.9961,45.0552],[4.9973,45.0551]]]},"properties":{"id_ffco":"7251","nom":"Lycée Horticole - Terre d'Horizon - Romans sur Isère","_dept":"26","numero":"2013-D26-90","commune":"26100 ROMANS SUR ISERE,","echelle":"1/3000","surface":"0.25 km²","format":"A4","annee":"2013","cartographes":"DEROUX Benoit","proprietaire":"Lycée Horticole Terre d'Horizon","niveau":"Initiation, Scolaire","specialite":"CO à pied","contacts":"CLUB ROMANS CO - CROCO, coromans2604@gmail.com","latitude":"45.0525","longitude":"4.99779","date_saisie":"13/03/2014","date_depot":"05/05/2015","valide":"Oui","ppo":"Non","type_carte":"Nouvelle carte","fond":"Cadastre","obsolete":false}},{"type":"Feature","geometry":{"type":"Polygon","coordinates":[[[5.3678,44.4654],[5.3634,44.4624],[5.3615,44.4631],[5.3609,44.4627],[5.3631,44.4617],[5.3667,44.4599],[5.3678,44.4617],[5.3689,44.4627],[5.3689,44.4645],[5.3688,44.4649],[5.3678,44.4654]]]},"properties":{"id_ffco":"7252","nom":"Le Pas des Ondes La Motte Chalancon","_dept":"26","numero":"2013-D26-89","commune":"26470 LA MOTTE CHALANCON,","echelle":"1/3000","surface":"0.17 km²","format":"A4","annee":"2013","cartographes":"COUPAT Gerard","niveau":"Initiation, Scolaire","specialite":"CO à pied","contacts":"CDCO 26, cdco26@free.fr, http://cdco26.free.fr/index.html","latitude":"44.46307","longitude":"5.36666","date_saisie":"13/03/2014","date_depot":"05/05/2015","valide":"Oui","ppo":"Oui (25 postes)","type_carte":"Nouvelle carte","fond":"Cadastre","obsolete":false}},{"type":"Feature","geometry":{"type":"Polygon","coordinates":[[[5.471,45.0132],[5.4752,45.0095],[5.4773,45.0091],[5.4787,45.0096],[5.4796,45.0102],[5.4808,45.021],[5.4815,45.0287],[5.482,45.0331],[5.4831,45.0361],[5.4852,45.0401],[5.4819,45.0405],[5.4798,45.0379],[5.4743,45.0346],[5.4704,45.0299],[5.4698,45.0231],[5.4702,45.0166],[5.471,45.0132]]]},"properties":{"id_ffco":"6906","nom":"Station d'Herbouilly Ski'O","_dept":"26","numero":"2013-D26-88","commune":"ST MARTIN EN VERCORS","echelle":"1/10000","surface":"2.43 km²","format":"A4","annee":"2013","cartographes":"MONNIER Eric","proprietaire":"26 - Drôme","niveau":"National, International","specialite":"CO à ski","contacts":"CDCO 26, cdco26@free.fr, http://cdco26.free.fr/index.html","latitude":"45.0248","longitude":"5.4775","date_saisie":"19/07/2013","date_depot":"05/05/2015","valide":"Oui","ppo":"Non","type_carte":"Extrait","base":"2011-D26-76 Station HERBOUILLY Nord et Sud","fond":"Cadastre","obsolete":false}},{"type":"Feature","geometry":{"type":"Polygon","coordinates":[[[5.3291,44.9105],[5.3307,44.9148],[5.3323,44.922],[5.3308,44.928],[5.3318,44.9316],[5.3351,44.9319],[5.3429,44.9313],[5.3672,44.9279],[5.3692,44.9234],[5.3577,44.9094],[5.3511,44.9096],[5.3454,44.9091],[5.3314,44.9085],[5.3291,44.9105]]]},"properties":{"id_ffco":"6905","nom":"Station de Chaud Clapier Ski'O","_dept":"26","numero":"2013-D26-87","commune":"BOUVANTE","echelle":"1/10000","surface":"6.27 km²","format":"A4","annee":"2013","cartographes":"MONNIER Eric","proprietaire":"26 - Drôme","niveau":"Régional","specialite":"CO à ski","contacts":"CDCO 26, cdco26@free.fr, http://cdco26.free.fr/index.html","latitude":"44.92017","longitude":"5.34918","date_saisie":"19/07/2013","date_depot":"05/05/2015","valide":"Oui","ppo":"Non","type_carte":"Nouvelle carte","fond":"IGN","obsolete":false}},{"type":"Feature","geometry":{"type":"Polygon","coordinates":[[[5.2011,44.6968],[5.2003,44.6975],[5.1996,44.6982],[5.199,44.6987],[5.1984,44.6991],[5.198,44.6999],[5.1972,44.6995],[5.1969,44.6991],[5.1962,44.6982],[5.1956,44.6979],[5.1953,44.6976],[5.1952,44.6974],[5.1952,44.6966],[5.1946,44.696],[5.1944,44.6954],[5.1944,44.6951],[5.1945,44.6949],[5.1957,44.6951],[5.1972,44.6952],[5.1988,44.6955],[5.2002,44.6957],[5.201,44.6962],[5.2011,44.6968]]]},"properties":{"id_ffco":"6903","nom":"SAILLANS","_dept":"26","numero":"2013-D26-86","commune":"SAILLANS","echelle":"1/3000","surface":"0.16 km²","format":"A4","annee":"2013","cartographes":"DEROUX Benoit","proprietaire":"26 - Drôme","niveau":"Départemental","specialite":"Sprint (ISSOM)","contacts":"CDCO 26, cdco26@free.fr, http://cdco26.free.fr/index.html","latitude":"44.69741","longitude":"5.19772","date_saisie":"19/07/2013","date_depot":"05/05/2015","valide":"Oui","ppo":"Non","type_carte":"Nouvelle carte","fond":"Cadastre","obsolete":false}},{"type":"Feature","geometry":{"type":"Polygon","coordinates":[[[5.2873,45.0194],[5.2868,45.0187],[5.287,45.0179],[5.2869,45.017],[5.2865,45.0164],[5.2869,45.0149],[5.2869,45.0143],[5.2866,45.0136],[5.2849,45.0118],[5.2877,45.0109],[5.2897,45.01],[5.2906,45.0123],[5.2909,45.0135],[5.2921,45.0139],[5.2928,45.0148],[5.2931,45.0157],[5.2939,45.0162],[5.2951,45.0166],[5.2955,45.0174],[5.296,45.0181],[5.2964,45.0196],[5.2981,45.0227],[5.2975,45.0236],[5.2971,45.0244],[5.2916,45.0262],[5.2899,45.0239],[5.2886,45.0228],[5.2883,45.022],[5.2889,45.0213],[5.2896,45.0207],[5.2889,45.0203],[5.2873,45.0194]]]},"properties":{"id_ffco":"6850","nom":"SAINT JEAN EN ROYANS","_dept":"26","numero":"2013-D26-85","commune":"SAINT JEAN EN ROYANS","echelle":"1/4000","surface":"0.92 km²","format":"A4","annee":"2013","cartographes":"DEROUX Benoit,Renaud GRANSART","proprietaire":"2604 - CLUB DE ROMANS DE COURSE D'ORIENTATION","niveau":"Régional","specialite":"Sprint (ISSOM)","contacts":"CLUB ROMANS ORIENTATION, coromans2604@gmail.com, http://romans.orientation.free.fr/","latitude":"45.0187146198","longitude":"5.29149739172","date_saisie":"19/07/2013","date_depot":"05/05/2015","valide":"Oui","ppo":"Non","type_carte":"Nouvelle carte","fond":"Cadastre","obsolete":false}},{"type":"Feature","geometry":{"type":"Polygon","coordinates":[[[4.9886,44.8101],[4.9875,44.8077],[4.986,44.8094],[4.9842,44.8105],[4.9856,44.8124],[4.9866,44.8118],[4.9886,44.8101]]]},"properties":{"id_ffco":"6745","nom":"VALSOYO - UPIE","_dept":"26","numero":"2012-D26-83","commune":"UPIE","echelle":"1/2000","surface":"0.09 km²","format":"A4","annee":"2012","cartographes":"MIDENA Benjamin","proprietaire":"26 - Drôme","niveau":"Initiation, Scolaire","specialite":"CO à pied","contacts":"CDCO 26, cdco26@free.fr, http://cdco26.free.fr/index.html","latitude":"44.81006","longitude":"4.98644","date_saisie":"19/07/2013","date_depot":"05/05/2015","valide":"Oui","ppo":"Non","type_carte":"Nouvelle carte","fond":"Cadastre","obsolete":false}},{"type":"Feature","geometry":{"type":"Polygon","coordinates":[[[5.0498,44.8697],[5.053,44.8696],[5.0534,44.87],[5.0537,44.8724],[5.0547,44.8741],[5.0571,44.8749],[5.0584,44.875],[5.0593,44.8756],[5.0628,44.8753],[5.0639,44.8755],[5.0638,44.8765],[5.0637,44.8776],[5.0641,44.8789],[5.0668,44.8789],[5.0709,44.8777],[5.0722,44.8763],[5.0705,44.873],[5.0685,44.8703],[5.0681,44.8678],[5.0686,44.8666],[5.0685,44.8641],[5.0684,44.8623],[5.0682,44.8592],[5.0675,44.8557],[5.0692,44.8517],[5.0702,44.8484],[5.0708,44.8424],[5.0729,44.84],[5.0741,44.8388],[5.0752,44.8349],[5.0742,44.8304],[5.0734,44.8246],[5.0725,44.8245],[5.0715,44.8244],[5.0709,44.8242],[5.0692,44.8241],[5.0672,44.824],[5.0651,44.8241],[5.0618,44.8243],[5.0593,44.8251],[5.0529,44.8256],[5.0504,44.8244],[5.0478,44.8257],[5.0447,44.826],[5.0397,44.8272],[5.0414,44.8345],[5.0403,44.8365],[5.0397,44.8395],[5.0408,44.8438],[5.0431,44.8488],[5.0451,44.8535],[5.0452,44.8575],[5.0485,44.862],[5.0498,44.8697]]]},"properties":{"id_ffco":"6750","nom":"LES RAVINES","_dept":"26","numero":"2012-D26-82","commune":"BARCELONNE","echelle":"1/15000","surface":"11.71 km²","format":"A3","annee":"2012","cartographes":"ANTOINE Alain,MERCIER Bruno,Gil BURIDAN","proprietaire":"2605 - VALENCE SPORTS ORIENTATION","niveau":"Départemental","specialite":"CO à pied","contacts":"CLUB VALENCE SPORT ORIENTATION, 04 75 59 20 81, vso.2605@free.fr, http://www.valence-sports-orientation.fr/","latitude":"44.84886","longitude":"5.05749","date_saisie":"19/07/2013","date_depot":"05/05/2015","valide":"Oui","ppo":"Non","type_carte":"Reprise","base":"2003-D26-40 LA TOUR","fond":"IGN","obsolete":false}},{"type":"Feature","geometry":{"type":"Polygon","coordinates":[[[5.7647,44.6816],[5.7648,44.6781],[5.7681,44.6798],[5.7695,44.6791],[5.7699,44.6804],[5.771,44.682],[5.772,44.6838],[5.7724,44.6848],[5.7749,44.6858],[5.7736,44.6872],[5.7708,44.6865],[5.7682,44.6846],[5.7647,44.6816]]]},"properties":{"id_ffco":"6749","nom":"LA JARJATTE - LUS LA CROIX HAUTE","_dept":"26","numero":"2012-D26-81","commune":"LUS LA CROIX HAUTE","echelle":"1/4000","surface":"0.33 km²","format":"A4","annee":"2012","cartographes":"MERCIER Bruno","proprietaire":"26 - Drôme","niveau":"Départemental","specialite":"CO à pied","contacts":"CDCO 26, cdco26@free.fr, http://cdco26.free.fr/index.html","latitude":"44.68264","longitude":"5.76979","date_saisie":"19/07/2013","date_depot":"05/05/2015","valide":"Oui","ppo":"Oui (22 postes)","type_carte":"Reprise","base":"2002-D26-32 LA JARJATTE II","fond":"IGN","obsolete":false}},{"type":"Feature","geometry":{"type":"Polygon","coordinates":[[[5.0666,44.5273],[5.068,44.5271],[5.0681,44.5264],[5.0679,44.526],[5.0681,44.5257],[5.0667,44.5246],[5.0668,44.5238],[5.0674,44.5234],[5.0683,44.522],[5.0688,44.5215],[5.068,44.52],[5.0625,44.5205],[5.0619,44.5207],[5.0598,44.5222],[5.0598,44.5276],[5.0629,44.5291],[5.0666,44.5273]]]},"properties":{"id_ffco":"6748","nom":"LA VIALE - DIEULEFIT","_dept":"26","numero":"2012-D26-80","commune":"DIEULEFIT","echelle":"1/4000","surface":"0.53 km²","format":"A4","annee":"2012","cartographes":"BENOIT Patrice","proprietaire":"2607 - CO2 DIEULEFIT","niveau":"Régional","specialite":"CO à pied","contacts":"CLUB DIEULEFIT (CO2), 04.75.46.30.34, contact@co2-dieulefit.com, http://www.co2-dieulefit.com/","latitude":"44.52456","longitude":"5.0643","date_saisie":"19/07/2013","date_depot":"05/05/2015","valide":"Oui","ppo":"Oui (25 postes)","type_carte":"Nouvelle carte","fond":"Cadastre","obsolete":false}},{"type":"Feature","geometry":{"type":"Polygon","coordinates":[[[4.919,44.9367],[4.9225,44.9374],[4.9242,44.9377],[4.9275,44.9379],[4.93,44.9382],[4.93,44.9362],[4.9291,44.9347],[4.9281,44.9334],[4.9281,44.9319],[4.9217,44.9325],[4.9217,44.9332],[4.9213,44.9349],[4.9206,44.9348],[4.9204,44.9355],[4.9209,44.9355],[4.9206,44.9364],[4.919,44.9362],[4.919,44.9367]]]},"properties":{"id_ffco":"6747","nom":"PARC JEAN PERDRIX VALENCE","_dept":"26","numero":"2012-D26-79","commune":"VALENCE","echelle":"1/4000","surface":"0.4 km²","format":"A4","annee":"2012","cartographes":"ANTOINE Alain","proprietaire":"2605 - VALENCE SPORTS ORIENTATION","niveau":"Initiation, Scolaire","specialite":"CO à pied","contacts":"CLUB VALENCE SPORT ORIENTATION, 04 75 59 20 81, vso.2605@free.fr, http://www.valence-sports-orientation.fr/","latitude":"44.93504","longitude":"4.92448","date_saisie":"19/07/2013","date_depot":"05/05/2015","valide":"Oui","ppo":"Non","type_carte":"Nouvelle carte","fond":"Cadastre","obsolete":false}},{"type":"Feature","geometry":{"type":"Polygon","coordinates":[[[5.3239,44.9215],[5.3205,44.9204],[5.3209,44.9234],[5.3189,44.926],[5.317,44.9279],[5.3111,44.9262],[5.3088,44.9195],[5.3091,44.9153],[5.3089,44.9132],[5.3125,44.9109],[5.3103,44.9045],[5.32,44.897],[5.3288,44.9009],[5.3327,44.9014],[5.3357,44.9034],[5.3357,44.9057],[5.3403,44.9062],[5.3413,44.9054],[5.3461,44.9088],[5.3461,44.9096],[5.3552,44.9102],[5.3551,44.9271],[5.3229,44.929],[5.3248,44.9264],[5.3239,44.923],[5.3239,44.9215]]]},"properties":{"id_ffco":"6746","nom":"CHAUD CLAPIER - LENTE","_dept":"26","numero":"2012-D26-78","commune":"BOUVANTE","echelle":"1/10000","surface":"9.25 km²","format":"A4","annee":"2012","cartographes":"COTIRTA Marian","proprietaire":"26 - Drôme","niveau":"National, International","specialite":"CO à pied","contacts":"CDCO 26, cdco26@free.fr, http://cdco26.free.fr/index.html","latitude":"44.913","longitude":"5.33202","date_saisie":"19/07/2013","date_depot":"05/05/2015","valide":"Oui","ppo":"Oui (26 postes)","type_carte":"Reprise","base":"1992-D26-09 LENTE SUD","fond":"IGN","obsolete":false}},{"type":"Feature","geometry":{"type":"Polygon","coordinates":[[[5.4496,44.6075],[5.4534,44.6053],[5.4551,44.6035],[5.4567,44.6028],[5.4577,44.602],[5.4586,44.6024],[5.4572,44.6038],[5.4558,44.6048],[5.455,44.6065],[5.4542,44.6073],[5.4538,44.6085],[5.4538,44.6095],[5.4524,44.6101],[5.4525,44.6109],[5.4531,44.6121],[5.4532,44.6131],[5.4531,44.6143],[5.4519,44.6157],[5.4515,44.6158],[5.4461,44.6148],[5.445,44.6142],[5.4446,44.6138],[5.4444,44.6132],[5.4447,44.6126],[5.4441,44.6119],[5.4449,44.6107],[5.4455,44.6097],[5.4496,44.6075]]]},"properties":{"id_ffco":"6744","nom":"DU SAUT DE LA DROME A LUC","_dept":"26","numero":"2012-D26-77","commune":"LUC EN DIOIS","echelle":"1/7500","surface":"0.64 km²","format":"A4","annee":"2012","cartographes":"MIDENA Benjamin","proprietaire":"26 - Drôme","niveau":"Initiation, Scolaire","specialite":"CO à pied","contacts":"CDCO 26, cdco26@free.fr, http://cdco26.free.fr/index.html","latitude":"44.6089","longitude":"5.45135","date_saisie":"19/07/2013","date_depot":"05/05/2015","valide":"Oui","ppo":"Non","type_carte":"Nouvelle carte","fond":"Cadastre","obsolete":false}},{"type":"Feature","geometry":{"type":"Polygon","coordinates":[[[5.4694,45.008],[5.4683,45.0033],[5.469,45.0021],[5.4679,44.9993],[5.465,44.9948],[5.4608,44.9941],[5.4605,44.9916],[5.4612,44.9907],[5.4764,44.9914],[5.4769,44.9929],[5.4789,44.9927],[5.484,44.9913],[5.4859,44.9934],[5.4868,44.9993],[5.4822,45.0051],[5.4833,45.0056],[5.4821,45.0083],[5.4809,45.0087],[5.4783,45.0109],[5.4777,45.0158],[5.4783,45.0189],[5.4798,45.0216],[5.4814,45.0245],[5.4831,45.0257],[5.4839,45.0261],[5.4819,45.0294],[5.4825,45.0363],[5.4769,45.0367],[5.4766,45.0386],[5.4765,45.0417],[5.4759,45.0424],[5.4729,45.0421],[5.4642,45.0418],[5.4621,45.0367],[5.4608,45.0338],[5.4594,45.0332],[5.4595,45.029],[5.463,45.0259],[5.4644,45.023],[5.4659,45.0196],[5.4694,45.0159],[5.4706,45.0134],[5.4697,45.0119],[5.4699,45.01],[5.4712,45.0087],[5.4709,45.0075],[5.4694,45.008]]]},"properties":{"id_ffco":"6792","nom":"Station HERBOUILLY Nord et Sud","_dept":"26","numero":"2011-D26-76","commune":"SAINT MARTIN EN VERCORS SAINT JULIEN","echelle":"1/15000","surface":"7.18 km²","format":"A3","annee":"2011","cartographes":"COTIRTA Marian","proprietaire":"26 - Drôme","niveau":"National, International","specialite":"CO à pied","contacts":"CDCO 26, cdco26@free.fr, http://cdco26.free.fr/index.html","latitude":"45.01656","longitude":"5.47312","date_saisie":"19/07/2013","date_depot":"06/05/2015","valide":"Oui","ppo":"Non","type_carte":"Nouvelle carte","base":"2011-D26-76 Station HERBOUILLY Nord et Sud","fond":"IGN","obsolete":false}},{"type":"Feature","geometry":{"type":"Polygon","coordinates":[[[5.2444,45.0598],[5.2444,45.0605],[5.2448,45.0612],[5.2473,45.0614],[5.2488,45.061],[5.2513,45.0609],[5.2541,45.0598],[5.2553,45.0593],[5.2549,45.0577],[5.2532,45.0581],[5.2533,45.0558],[5.2498,45.0561],[5.2496,45.0579],[5.2474,45.0585],[5.2444,45.0598]]]},"properties":{"id_ffco":"6743","nom":"SAINT NAZAIRE EN ROYANS","_dept":"26","numero":"2011-D26-75","commune":"SAINT NAZAIRE EN ROYANS","echelle":"1/3000","surface":"0.29 km²","format":"A4","annee":"2011","cartographes":"DEROUX Benoit","proprietaire":"2604 - CLUB DE ROMANS DE COURSE D'ORIENTATION","niveau":"Régional","specialite":"Sprint (ISSOM)","contacts":"CLUB ROMANS ORIENTATION, coromans2604@gmail.com, http://romans.orientation.free.fr/","latitude":"45.05862","longitude":"5.24983","date_saisie":"19/07/2013","date_depot":"05/05/2015","valide":"Oui","ppo":"Non","type_carte":"Nouvelle carte","fond":"Cadastre","obsolete":false}},{"type":"Feature","geometry":{"type":"Polygon","coordinates":[[[4.8185,44.5985],[4.8157,44.5998],[4.815,44.6006],[4.8154,44.6014],[4.8153,44.6017],[4.8163,44.6023],[4.8166,44.6025],[4.8168,44.6035],[4.8175,44.6042],[4.8189,44.6042],[4.8191,44.6037],[4.8198,44.6038],[4.8201,44.6034],[4.8202,44.6026],[4.8199,44.6015],[4.8196,44.6015],[4.8198,44.5991],[4.8191,44.5991],[4.8191,44.5985],[4.8185,44.5985]]]},"properties":{"id_ffco":"5752","nom":"CENTRE VILLE DE SAUZET","_dept":"26","numero":"2010-D26-74","commune":"SAUZET","echelle":"1/2500","surface":"0.17 km²","format":"A4","annee":"2010","cartographes":"BENOIT Patrice","proprietaire":"2607 - CO2 DIEULEFIT","niveau":"Départemental","specialite":"CO à pied","contacts":"CLUB DIEULEFIT (CO2), 04.75.46.30.34, contact@co2-dieulefit.com, http://www.co2-dieulefit.com/","latitude":"44.60134","longitude":"4.81759","date_saisie":"19/07/2013","date_depot":"05/05/2015","valide":"Oui","ppo":"Non","type_carte":"Nouvelle carte","fond":"Cadastre","obsolete":false}},{"type":"Feature","geometry":{"type":"Polygon","coordinates":[[[5.4858,44.9959],[5.4653,44.9958],[5.4675,45.0009],[5.4684,45.0059],[5.4689,45.0089],[5.4694,45.0134],[5.4659,45.0209],[5.4761,45.0208],[5.478,45.0194],[5.4775,45.0149],[5.4779,45.0111],[5.48,45.008],[5.4817,45.0078],[5.4829,45.0064],[5.482,45.0048],[5.4836,45.0016],[5.4858,44.9959]]]},"properties":{"id_ffco":"5751","nom":"STATION HERBOUILLY centrale","_dept":"26","numero":"2010-D26-73","commune":"SAINT MARTIN EN VERCORS","echelle":"1/10000","surface":"2.81 km²","format":"A3","annee":"2010","cartographes":"COTIRTA Marian","proprietaire":"26 - Drôme","niveau":"National, International","specialite":"CO à pied","contacts":"CDCO 26, cdco26@free.fr, http://cdco26.free.fr/index.html","latitude":"45.00835","longitude":"5.47553","date_saisie":"19/07/2013","date_depot":"05/05/2015","valide":"Oui","ppo":"Oui (25 postes)","type_carte":"Extrait","base":"2011-D26-76 Station HERBOUILLY Nord et Sud","fond":"IGN","obsolete":false}},{"type":"Feature","geometry":{"type":"Polygon","coordinates":[[[5.0511,45.0536],[5.0533,45.0538],[5.0569,45.0541],[5.0607,45.0534],[5.0589,45.051],[5.0569,45.0512],[5.0505,45.0513],[5.0511,45.0536]]]},"properties":{"id_ffco":"5750","nom":"STADE GUILLERMOZ ROMANS SUR ISERE","_dept":"26","numero":"2010-D26-72","commune":"ROMANS-SUR-ISERE","echelle":"1/2500","surface":"0.21 km²","format":"A4","annee":"2010","cartographes":"POINTEAU Fabien","proprietaire":"2604 - CLUB DE ROMANS DE COURSE D'ORIENTATION","niveau":"Initiation, Scolaire","specialite":"CO à pied","contacts":"CLUB ROMANS ORIENTATION, coromans2604@gmail.com, http://romans.orientation.free.fr/","latitude":"45.05258","longitude":"5.05562","date_saisie":"19/07/2013","date_depot":"05/05/2015","valide":"Oui","ppo":"Non","type_carte":"Nouvelle carte","fond":"Cadastre","obsolete":false}},{"type":"Feature","geometry":{"type":"Polygon","coordinates":[[[4.7526,44.3907],[4.7509,44.3909],[4.7504,44.3928],[4.7522,44.3946],[4.7535,44.3955],[4.7564,44.3948],[4.7589,44.3944],[4.7546,44.3917],[4.7525,44.3907],[4.7526,44.3907]]]},"properties":{"id_ffco":"6667","nom":"LA GARDE ADHEMAR VILLAGE","_dept":"26","numero":"2009-D26-69","commune":"LA GARDE ADHEMAR","echelle":"1/4000","surface":"0.19 km²","format":"A4","annee":"2009","cartographes":"COUPAT Gerard","proprietaire":"2606 - LOISIR ORIENTATION UNION PIERRELATTINE","niveau":"Régional","specialite":"CO à pied","contacts":"CLUB L.O.U.PIERRELATTE, 04 75 52 58 23, 06 86 40 42 35, laure.coupat@free.fr, http://loup.segustero.com/","latitude":"44.39309","longitude":"4.75451","date_saisie":"19/07/2013","date_depot":"06/05/2015","valide":"Oui","ppo":"Non","type_carte":"Nouvelle carte","fond":"IGN","obsolete":false}},{"type":"Feature","geometry":{"type":"Polygon","coordinates":[[[4.7615,44.3832],[4.7596,44.3826],[4.7555,44.3828],[4.7532,44.384],[4.7525,44.387],[4.7522,44.388],[4.7494,44.3866],[4.7484,44.3862],[4.7471,44.3872],[4.7455,44.389],[4.7446,44.3911],[4.7463,44.3942],[4.7474,44.3968],[4.7478,44.4006],[4.7475,44.4033],[4.7451,44.4081],[4.7444,44.4099],[4.747,44.411],[4.7535,44.4123],[4.7612,44.4125],[4.7712,44.4124],[4.7782,44.4132],[4.7862,44.414],[4.7887,44.4124],[4.7943,44.4121],[4.7984,44.4088],[4.7965,44.405],[4.7934,44.4008],[4.7919,44.3987],[4.7903,44.3967],[4.7915,44.393],[4.783,44.3906],[4.7747,44.3876],[4.7697,44.3864],[4.7639,44.3851],[4.7615,44.3832]]]},"properties":{"id_ffco":"6666","nom":"LA GARDE ADHEMAR LE CHABRELET","_dept":"26","numero":"2009-D26-68","commune":"LA GARDE ADHEMAR","echelle":"1/20000","surface":"10.63 km²","format":"A3","annee":"2009","cartographes":"COUPAT Gerard","proprietaire":"2606 - LOISIR ORIENTATION UNION PIERRELATTINE","niveau":"Régional","specialite":"Raid'O","contacts":"CLUB L.O.U.PIERRELATTE, 04 75 52 58 23, 06 86 40 42 35, laure.coupat@free.fr, http://loup.segustero.com/","latitude":"44.39833","longitude":"4.77137","date_saisie":"19/07/2013","date_depot":"06/05/2015","valide":"Oui","ppo":"Non","type_carte":"Nouvelle carte","fond":"IGN","obsolete":false}},{"type":"Feature","geometry":{"type":"Polygon","coordinates":[[[5.4633,44.9758],[5.453,44.9762],[5.4532,44.9799],[5.4554,44.9825],[5.4569,44.9859],[5.4541,44.9879],[5.4549,44.9907],[5.4583,44.9914],[5.4624,44.9921],[5.4678,45.0021],[5.4688,45.0087],[5.4693,45.0126],[5.4706,45.0146],[5.4765,45.0143],[5.4781,45.0095],[5.4828,45.0075],[5.4824,45.0057],[5.4813,45.0047],[5.4858,45.0007],[5.4851,44.9954],[5.4789,44.998],[5.4777,44.9941],[5.4771,44.9902],[5.4755,44.9869],[5.465,44.9791],[5.4633,44.9758]]]},"properties":{"id_ffco":"6665","nom":"HERBOUILLY - SUD","_dept":"26","numero":"2009-D26-67","commune":"SAINT MARTIN EN VERCORS","echelle":"1/10000","surface":"4.98 km²","format":"A3","annee":"2009","cartographes":"COTIRTA Marian","proprietaire":"26 - Drôme","niveau":"National, International","specialite":"CO à pied","contacts":"CDCO 26, cdco26@free.fr, http://cdco26.free.fr/index.html","latitude":"44.99518","longitude":"5.46939","date_saisie":"19/07/2013","date_depot":"06/05/2015","valide":"Oui","ppo":"Non","type_carte":"Nouvelle carte","fond":"IGN","obsolete":false}},{"type":"Feature","geometry":{"type":"Polygon","coordinates":[[[5.5696,44.5038],[5.5719,44.5048],[5.5747,44.5059],[5.5759,44.5045],[5.5738,44.5035],[5.5713,44.5033],[5.5686,44.5023],[5.5678,44.5038],[5.5696,44.5038]]]},"properties":{"id_ffco":"6664","nom":"LE VILLAGE DE VALDROME","_dept":"26","numero":"2009-D26-66","commune":"VALDROME","echelle":"1/2000","surface":"0.1 km²","format":"A4","annee":"2009","cartographes":"COUPAT Gerard","proprietaire":"26 - Drôme","niveau":"Initiation, Scolaire","specialite":"CO à pied","contacts":"CDCO 26, cdco26@free.fr, http://cdco26.free.fr/index.html","latitude":"44.50411","longitude":"5.57185","date_saisie":"19/07/2013","date_depot":"05/05/2015","valide":"Oui","ppo":"Non","type_carte":"Nouvelle carte","fond":"Cadastre","obsolete":false}},{"type":"Feature","geometry":{"type":"Polygon","coordinates":[[[5.1299,44.5805],[5.1314,44.5791],[5.1307,44.5783],[5.1298,44.5782],[5.1298,44.5775],[5.1317,44.5771],[5.1321,44.5766],[5.1288,44.5756],[5.1278,44.576],[5.127,44.5759],[5.1269,44.5769],[5.1265,44.5772],[5.1256,44.577],[5.1249,44.5769],[5.1243,44.5779],[5.1242,44.5799],[5.1242,44.5802],[5.1257,44.5805],[5.1269,44.5797],[5.1276,44.5785],[5.1276,44.579],[5.1271,44.5802],[5.127,44.5804],[5.1282,44.5807],[5.1299,44.5805]]]},"properties":{"id_ffco":"6663","nom":"LE BOIS DU CHATELAS - BOURDEAUX","_dept":"26","numero":"2009-D26-65","commune":"BOURDEAUX","echelle":"1/2500","surface":"0.23 km²","format":"A4","annee":"2009","cartographes":"MERCIER Bruno","proprietaire":"26 - Drôme","niveau":"Initiation, Scolaire","specialite":"CO à pied","contacts":"CDCO 26, cdco26@free.fr, http://cdco26.free.fr/index.html","latitude":"44.57817","longitude":"5.12817","date_saisie":"19/07/2013","date_depot":"05/05/2015","valide":"Oui","ppo":"Non","type_carte":"Nouvelle carte","fond":"IGN","obsolete":false}},{"type":"Feature","geometry":{"type":"Polygon","coordinates":[[[4.9718,44.5208],[4.9692,44.5253],[4.967,44.5259],[4.965,44.5238],[4.9658,44.5207],[4.9634,44.518],[4.962,44.5158],[4.9619,44.5143],[4.9654,44.5139],[4.9685,44.5152],[4.97,44.517],[4.9714,44.5192],[4.9718,44.5208]]]},"properties":{"id_ffco":"7902","nom":"La Chabotte - Poët laval","_dept":"26","numero":"2008-D26-62","commune":"26160 LE POET LAVAL,","echelle":"1/5000","surface":"0.6 km²","format":"A4","annee":"2008","cartographes":"MERCIER Bruno","niveau":"Départemental","specialite":"CO à pied","contacts":"Ville de Rilleux la Pape","latitude":"44.51935","longitude":"4.97009","date_saisie":"01/01/2015","date_depot":"04/05/2015","valide":"Oui","ppo":"Non","type_carte":"Nouvelle carte","fond":"IGN","obsolete":false}},{"type":"Feature","geometry":{"type":"Polygon","coordinates":[[[5.1879,44.2365],[5.1844,44.2373],[5.1861,44.2399],[5.1903,44.2396],[5.1926,44.2396],[5.1948,44.2399],[5.1949,44.2395],[5.1955,44.2394],[5.1974,44.2399],[5.1982,44.2375],[5.1958,44.2361],[5.1939,44.2353],[5.192,44.235],[5.1913,44.235],[5.1911,44.2351],[5.1885,44.2362],[5.1879,44.2365],[5.1879,44.2365]]]},"properties":{"id_ffco":"6511","nom":"MOLLANS OUVEZE","_dept":"26","numero":"2008-D26-61","commune":"MOLLANS-SUR-OUVEZE","echelle":"1/5000","surface":"0.42 km²","format":"A4","annee":"2008","cartographes":"MIDENA Benjamin","proprietaire":"2606 - LOISIR ORIENTATION UNION PIERRELATTINE","niveau":"Régional","specialite":"CO à pied","contacts":"CLUB L.O.U.PIERRELATTE, 04 75 52 58 23, 06 86 40 42 35, laure.coupat@free.fr, http://loup.segustero.com/","latitude":"44.23746","longitude":"5.19128","date_saisie":"19/07/2013","date_depot":"04/05/2015","valide":"Oui","ppo":"Non","type_carte":"Nouvelle carte","fond":"Cadastre","obsolete":false}},{"type":"Feature","geometry":{"type":"Polygon","coordinates":[[[5.275,44.2733],[5.272,44.2743],[5.2707,44.2779],[5.27,44.2792],[5.2726,44.2795],[5.2757,44.2791],[5.2791,44.2786],[5.2771,44.2759],[5.275,44.2733]]]},"properties":{"id_ffco":"6797","nom":"BUIS LES BARONNIES, DROME PROVENCALE","_dept":"26","numero":"2008-D26-60","commune":"BUIS LES BARONNIES","echelle":"1/4000","surface":"0.3 km²","format":"A4","annee":"2008","cartographes":"COUPAT Gerard","proprietaire":"26 - Drôme","niveau":"Départemental","specialite":"CO à pied","contacts":"CDCO 26, cdco26@free.fr, http://cdco26.free.fr/index.html","latitude":"44.27638","longitude":"5.27456","date_saisie":"19/07/2013","date_depot":"04/05/2015","valide":"Oui","ppo":"Oui (25 postes)","type_carte":"Nouvelle carte","fond":"Cadastre","obsolete":false}},{"type":"Feature","geometry":{"type":"Polygon","coordinates":[[[4.9803,44.4453],[4.9819,44.4453],[4.9831,44.4443],[4.9827,44.4428],[4.9827,44.4415],[4.9812,44.4411],[4.978,44.44],[4.9752,44.4417],[4.9777,44.4432],[4.9783,44.4438],[4.9787,44.4446],[4.98,44.4459],[4.9803,44.4453],[4.9803,44.4453]]]},"properties":{"id_ffco":"6510","nom":"TAULIGNAN","_dept":"26","numero":"2008-D26-59","commune":"TAULIGNAN","echelle":"1/4000","surface":"0.22 km²","format":"A4","annee":"2008","cartographes":"COUPAT Gerard","proprietaire":"2606 - LOISIR ORIENTATION UNION PIERRELATTINE","niveau":"National, International","specialite":"CO à pied","contacts":"CLUB L.O.U.PIERRELATTE, 04 75 52 58 23, 06 86 40 42 35, laure.coupat@free.fr, http://loup.segustero.com/","latitude":"44.44293","longitude":"4.97915","date_saisie":"19/07/2013","date_depot":"04/05/2015","valide":"Oui","ppo":"Non","type_carte":"Nouvelle carte","fond":"Cadastre","obsolete":false}},{"type":"Feature","geometry":{"type":"Polygon","coordinates":[[[4.911,44.4164],[4.9095,44.4173],[4.9081,44.417],[4.9065,44.4165],[4.9058,44.4168],[4.9058,44.4175],[4.9079,44.4179],[4.9076,44.4192],[4.906,44.4191],[4.9041,44.4176],[4.9026,44.4186],[4.9037,44.4201],[4.9043,44.4202],[4.9068,44.4221],[4.9076,44.4223],[4.9092,44.4224],[4.9101,44.4225],[4.9111,44.4214],[4.9117,44.4205],[4.9118,44.4196],[4.9114,44.4193],[4.9114,44.4177],[4.9114,44.4164],[4.911,44.4164],[4.911,44.4164]]]},"properties":{"id_ffco":"6509","nom":"GRIGNAN","_dept":"26","numero":"2008-D26-58","commune":"GRIGNAN","echelle":"1/4000","surface":"0.29 km²","format":"A4","annee":"2008","cartographes":"COUPAT Gerard","proprietaire":"2606 - LOISIR ORIENTATION UNION PIERRELATTINE","niveau":"National, International","specialite":"CO à pied","contacts":"CLUB L.O.U.PIERRELATTE, 04 75 52 58 23, 06 86 40 42 35, laure.coupat@free.fr, http://loup.segustero.com/","latitude":"44.41941","longitude":"4.90719","date_saisie":"19/07/2013","date_depot":"04/05/2015","valide":"Oui","ppo":"Non","type_carte":"Nouvelle carte","fond":"Cadastre","obsolete":false}},{"type":"Feature","geometry":{"type":"Polygon","coordinates":[[[4.7003,44.45],[4.7034,44.4468],[4.7063,44.4406],[4.7066,44.439],[4.7061,44.438],[4.7033,44.4371],[4.6974,44.4372],[4.6944,44.4372],[4.695,44.4358],[4.6954,44.434],[4.6948,44.4318],[4.694,44.4327],[4.6922,44.4342],[4.6903,44.4345],[4.6868,44.4294],[4.685,44.4268],[4.6858,44.4255],[4.6842,44.4218],[4.684,44.4191],[4.6863,44.4179],[4.6829,44.417],[4.6825,44.4165],[4.6836,44.4155],[4.6813,44.4147],[4.6821,44.4145],[4.6819,44.4129],[4.6818,44.4125],[4.682,44.4123],[4.6849,44.4122],[4.6867,44.4119],[4.6868,44.4109],[4.6878,44.4098],[4.6877,44.409],[4.6868,44.4087],[4.6866,44.4077],[4.6853,44.4074],[4.6871,44.4058],[4.684,44.4031],[4.6837,44.4021],[4.6811,44.4],[4.6789,44.3987],[4.6774,44.3982],[4.6753,44.3961],[4.6744,44.3956],[4.6732,44.3925],[4.6722,44.3903],[4.6719,44.3884],[4.6706,44.388],[4.6681,44.3883],[4.668,44.3875],[4.6675,44.3866],[4.6661,44.3864],[4.6637,44.3863],[4.662,44.387],[4.6599,44.3885],[4.6633,44.3931],[4.6646,44.3974],[4.6642,44.4017],[4.6639,44.4061],[4.6643,44.4097],[4.6653,44.4145],[4.6651,44.418],[4.6657,44.4222],[4.6662,44.4254],[4.6689,44.4316],[4.6715,44.4348],[4.6775,44.4367],[4.6807,44.4374],[4.6861,44.439],[4.6921,44.4406],[4.6961,44.445],[4.6975,44.4473],[4.6994,44.4482],[4.7003,44.45],[4.7003,44.45]]]},"properties":{"id_ffco":"6490","nom":"LE VIEUX RHONE LES ILES - DONZERE PIERRELATTE","_dept":"26","numero":"2007-D26-57","commune":"DONZERE","echelle":"1/25000","surface":"9.04 km²","format":"A4","annee":"2007","cartographes":"Bruno MARCHEGAY","proprietaire":"2606 - LOISIR ORIENTATION UNION PIERRELATTINE","specialite":"Rand'O","contacts":"CLUB L.O.U.PIERRELATTE, 04 75 52 58 23, 06 86 40 42 35, laure.coupat@free.fr, http://loup.segustero.com/","latitude":"44.4328","longitude":"4.68206","date_saisie":"19/07/2013","valide":"Non","ppo":"Non","obsolete":false}},{"type":"Feature","geometry":{"type":"Polygon","coordinates":[[[5.4481,44.6149],[5.448,44.6157],[5.4484,44.6163],[5.4484,44.6168],[5.4485,44.6177],[5.4491,44.6184],[5.4499,44.619],[5.4519,44.6196],[5.454,44.6172],[5.4556,44.6154],[5.4558,44.6136],[5.4549,44.6121],[5.4545,44.6111],[5.4532,44.6111],[5.452,44.6114],[5.4515,44.6119],[5.4514,44.6124],[5.4515,44.6129],[5.4515,44.6134],[5.4515,44.6136],[5.4505,44.6139],[5.4494,44.6139],[5.4484,44.6143],[5.4483,44.6146],[5.4481,44.6149],[5.4481,44.6149]]]},"properties":{"id_ffco":"6488","nom":"LUC EN DIOIS","_dept":"26","numero":"2007-D26-56","commune":"LUC-EN-DIOIS","echelle":"1/2500","surface":"0.36 km²","format":"A4","annee":"2007","cartographes":"COUPAT Gerard","proprietaire":"2606 - LOISIR ORIENTATION UNION PIERRELATTINE","specialite":"CO à pied","contacts":"CLUB L.O.U.PIERRELATTE, 04 75 52 58 23, 06 86 40 42 35, laure.coupat@free.fr, http://loup.segustero.com/","latitude":"44.61536","longitude":"5.45189","date_saisie":"19/07/2013","valide":"Non","ppo":"Non","obsolete":false}},{"type":"Feature","geometry":{"type":"Polygon","coordinates":[[[4.702,44.4478],[4.7056,44.449],[4.7071,44.4491],[4.7092,44.4498],[4.7104,44.4502],[4.7133,44.4502],[4.713,44.449],[4.7135,44.4485],[4.7141,44.4474],[4.7145,44.4459],[4.7147,44.4446],[4.7158,44.4432],[4.7158,44.443],[4.715,44.4417],[4.7148,44.4417],[4.7145,44.4407],[4.7145,44.44],[4.7143,44.4392],[4.7143,44.4387],[4.7133,44.4386],[4.7131,44.4385],[4.713,44.4378],[4.711,44.4377],[4.7101,44.4365],[4.7092,44.4364],[4.708,44.4367],[4.7075,44.4383],[4.7057,44.442],[4.7037,44.4461],[4.7022,44.4475],[4.702,44.4478],[4.702,44.4478]]]},"properties":{"id_ffco":"6487","nom":"DONZERE","_dept":"26","numero":"2007-D26-54","commune":"DONZERE","echelle":"1/5000","surface":"1.01 km²","format":"A4","annee":"2007","cartographes":"COUPAT Gerard","proprietaire":"2606 - LOISIR ORIENTATION UNION PIERRELATTINE","specialite":"CO à pied","contacts":"CLUB L.O.U.PIERRELATTE, 04 75 52 58 23, 06 86 40 42 35, laure.coupat@free.fr, http://loup.segustero.com/","latitude":"44.44405","longitude":"4.70927","date_saisie":"19/07/2013","valide":"Non","ppo":"Non","obsolete":false}},{"type":"Feature","geometry":{"type":"Polygon","coordinates":[[[4.8657,44.6656],[4.8657,44.6659],[4.865,44.6662],[4.8649,44.6666],[4.8653,44.668],[4.8651,44.6688],[4.865,44.6696],[4.8649,44.6699],[4.8648,44.6706],[4.8649,44.671],[4.8654,44.6709],[4.8661,44.6707],[4.8667,44.6709],[4.8671,44.6713],[4.8678,44.6722],[4.8683,44.673],[4.8699,44.6737],[4.8709,44.6746],[4.8722,44.6756],[4.8732,44.6762],[4.8742,44.6769],[4.875,44.6771],[4.8761,44.6776],[4.8757,44.6743],[4.8758,44.6704],[4.8753,44.6702],[4.8738,44.6702],[4.8738,44.6662],[4.8718,44.6657],[4.8685,44.6658],[4.8686,44.6654],[4.8664,44.665],[4.8657,44.6656],[4.8657,44.6656]]]},"properties":{"id_ffco":"6027","nom":"LA FORET DE ROBIN - MARSANNE","_dept":"26","numero":"2006-D26-53","commune":"MARSANNE","echelle":"1/5000","surface":"0.73 km²","format":"A4","annee":"2006","cartographes":"MERCIER Bruno","proprietaire":"26 - Drôme","specialite":"CO à pied","contacts":"CDCO 26, cdco26@free.fr, http://cdco26.free.fr/index.html","latitude":"44.67191","longitude":"4.87057","date_saisie":"19/07/2013","valide":"Non","ppo":"Non","obsolete":false}},{"type":"Feature","geometry":{"type":"Polygon","coordinates":[[[5.6044,44.4823],[5.6044,44.4824],[5.6045,44.4824],[5.6044,44.4825],[5.6044,44.4825],[5.6043,44.4826],[5.6043,44.4826],[5.6044,44.4828],[5.6048,44.483],[5.605,44.4831],[5.6049,44.4832],[5.6051,44.4833],[5.6054,44.4834],[5.6056,44.4835],[5.6058,44.4836],[5.6066,44.4842],[5.6074,44.4845],[5.6078,44.4845],[5.6084,44.484],[5.609,44.4832],[5.6091,44.4831],[5.6089,44.4825],[5.6087,44.4823],[5.6086,44.4821],[5.6082,44.482],[5.6084,44.4815],[5.6084,44.4815],[5.6082,44.4814],[5.606,44.4799],[5.6053,44.4785],[5.6052,44.4783],[5.605,44.4782],[5.6048,44.4783],[5.6045,44.4793],[5.6039,44.4795],[5.603,44.4803],[5.6022,44.4808],[5.6026,44.4814],[5.6035,44.4817],[5.6044,44.4823],[5.6044,44.4823]]]},"properties":{"id_ffco":"5889","nom":"STATION DE VALDROME","_dept":"26","numero":"2006-D26-52","commune":"VALDROME","echelle":"1/3000","surface":"0.18 km²","format":"A4","annee":"2006","cartographes":"COUPAT Gerard","proprietaire":"26 - Drôme","niveau":"Départemental","specialite":"CO à pied","contacts":"CDCO 26, cdco26@free.fr, http://cdco26.free.fr/index.html","latitude":"44.48091","longitude":"5.60534","date_saisie":"19/07/2013","valide":"Non","ppo":"Oui (25 postes)","type_carte":"Nouvelle carte","fond":"IGN","obsolete":false}},{"type":"Feature","geometry":{"type":"Polygon","coordinates":[[[5.5061,44.2275],[5.5061,44.2275],[5.5032,44.2296],[5.5011,44.2339],[5.5015,44.2359],[5.5026,44.239],[5.5035,44.2403],[5.5044,44.2411],[5.5046,44.2415],[5.5048,44.2415],[5.5055,44.2415],[5.5078,44.2414],[5.5092,44.2416],[5.5108,44.2416],[5.5118,44.2416],[5.5134,44.2415],[5.5145,44.2385],[5.5142,44.2385],[5.5132,44.2384],[5.5113,44.2384],[5.5113,44.2383],[5.5106,44.2381],[5.5097,44.2379],[5.5094,44.2376],[5.5091,44.2372],[5.5089,44.2366],[5.509,44.2338],[5.5091,44.2335],[5.5096,44.2332],[5.513,44.2331],[5.5133,44.233],[5.5136,44.2327],[5.5135,44.231],[5.514,44.2307],[5.5143,44.2307],[5.5153,44.2305],[5.5224,44.2305],[5.5252,44.2291],[5.526,44.2287],[5.5259,44.2269],[5.5255,44.2209],[5.5261,44.2207],[5.5238,44.221],[5.5195,44.2215],[5.5072,44.2261],[5.5055,44.2264],[5.5061,44.2275],[5.5061,44.2275]]]},"properties":{"id_ffco":"5891","nom":"BOIS DE CHASSENAYE COQUILLON","_dept":"26","numero":"2006-D26-51","commune":"MEVOUILLON","echelle":"1/10000","surface":"2.25 km²","format":"A4","annee":"2006","cartographes":"COTIRTA Marian","proprietaire":"26 - Drôme","specialite":"CO à pied","contacts":"CDCO 26, cdco26@free.fr, http://cdco26.free.fr/index.html","latitude":"44.22772","longitude":"5.51182","date_saisie":"19/07/2013","valide":"Non","ppo":"Non","obsolete":false}},{"type":"Feature","geometry":{"type":"Polygon","coordinates":[[[5.4412,44.2481],[5.4475,44.248],[5.448,44.2475],[5.4498,44.2469],[5.4508,44.2462],[5.4524,44.2451],[5.4541,44.2441],[5.4566,44.2441],[5.4578,44.244],[5.4595,44.2433],[5.4609,44.2433],[5.4612,44.2427],[5.4614,44.2421],[5.4623,44.2417],[5.4632,44.2414],[5.4642,44.2413],[5.4654,44.2411],[5.4667,44.2403],[5.4684,44.2392],[5.4717,44.2346],[5.4728,44.2334],[5.4756,44.2316],[5.4776,44.2315],[5.4776,44.2309],[5.4774,44.2307],[5.4764,44.2306],[5.4758,44.23],[5.4751,44.2298],[5.4742,44.2296],[5.4736,44.2293],[5.4725,44.2284],[5.4692,44.2269],[5.4698,44.2252],[5.4664,44.2226],[5.4655,44.2222],[5.4587,44.2226],[5.4564,44.2226],[5.456,44.2225],[5.4462,44.2228],[5.4433,44.2236],[5.4385,44.2237],[5.4369,44.2245],[5.4362,44.2252],[5.4347,44.2255],[5.4331,44.2258],[5.4332,44.2264],[5.4335,44.227],[5.4338,44.2276],[5.4342,44.228],[5.4341,44.2288],[5.4344,44.2294],[5.4348,44.2302],[5.4351,44.2314],[5.4353,44.2318],[5.4366,44.2319],[5.4375,44.2323],[5.4376,44.2333],[5.4381,44.2334],[5.4367,44.2338],[5.4367,44.2341],[5.4371,44.2345],[5.4374,44.2351],[5.4374,44.2356],[5.4381,44.236],[5.4376,44.2365],[5.438,44.237],[5.4382,44.2371],[5.4382,44.2375],[5.4384,44.2377],[5.4387,44.2381],[5.4387,44.2387],[5.4386,44.2388],[5.4382,44.2389],[5.438,44.2391],[5.4382,44.2394],[5.4387,44.2394],[5.4393,44.2394],[5.4396,44.2396],[5.4396,44.2402],[5.4397,44.2409],[5.4399,44.2415],[5.44,44.2417],[5.4397,44.242],[5.4395,44.2424],[5.4391,44.2428],[5.4391,44.2433],[5.4397,44.2446],[5.4398,44.2459],[5.4401,44.247],[5.4409,44.2482],[5.4412,44.2481],[5.4412,44.2481]]]},"properties":{"id_ffco":"6029","nom":"COL D'AULAN","_dept":"26","numero":"2006-D26-50","commune":"MEVOUILLON","echelle":"1/10000","surface":"6.54 km²","format":"A3","annee":"2006","cartographes":"COTIRTA Marian","proprietaire":"26 - Drôme","specialite":"CO à pied","contacts":"CDCO 26, cdco26@free.fr, http://cdco26.free.fr/index.html","latitude":"44.23443","longitude":"5.45344","date_saisie":"19/07/2013","valide":"Non","ppo":"Non","obsolete":false}},{"type":"Feature","geometry":{"type":"Polygon","coordinates":[[[5.4374,44.1722],[5.4367,44.1737],[5.4368,44.1742],[5.4357,44.1749],[5.4355,44.1759],[5.4386,44.1773],[5.4486,44.1775],[5.4501,44.1743],[5.4455,44.1725],[5.4452,44.1726],[5.4436,44.1724],[5.4426,44.1729],[5.4424,44.1733],[5.4422,44.1737],[5.4418,44.1732],[5.4415,44.173],[5.4411,44.1729],[5.441,44.1728],[5.4409,44.1725],[5.4408,44.1725],[5.4374,44.1722],[5.4374,44.1722]]]},"properties":{"id_ffco":"5788","nom":"MONTBRUN LES BAINS","_dept":"26","numero":"2006-D26-49","commune":"MONTBRUN-LES-BAINS","echelle":"1/3500","surface":"0.52 km²","format":"A4","annee":"2006","cartographes":"MERCIER Bruno","proprietaire":"26 - Drôme","specialite":"CO à pied","contacts":"CDCO 26, cdco26@free.fr, http://cdco26.free.fr/index.html","latitude":"44.17483","longitude":"5.44383","date_saisie":"19/07/2013","valide":"Non","ppo":"Non","obsolete":false}},{"type":"Feature","geometry":{"type":"Polygon","coordinates":[[[4.8347,44.2971],[4.8335,44.2997],[4.8335,44.2997],[4.8329,44.3013],[4.8323,44.3039],[4.8318,44.3057],[4.8313,44.3072],[4.8312,44.3087],[4.8309,44.3089],[4.8306,44.3116],[4.8302,44.3125],[4.8278,44.3138],[4.8255,44.3144],[4.8248,44.3158],[4.825,44.3167],[4.8253,44.3181],[4.8256,44.3191],[4.8256,44.3198],[4.8254,44.3216],[4.8261,44.3235],[4.8256,44.3254],[4.8224,44.3283],[4.8209,44.3282],[4.8219,44.3397],[4.8279,44.34],[4.8324,44.3399],[4.8377,44.3412],[4.8421,44.3421],[4.8461,44.3421],[4.848,44.3419],[4.8469,44.3308],[4.8453,44.3299],[4.8507,44.3272],[4.8496,44.3252],[4.8487,44.3233],[4.848,44.3227],[4.8469,44.3214],[4.8449,44.3151],[4.8443,44.3135],[4.844,44.3122],[4.8438,44.3106],[4.8433,44.309],[4.842,44.3066],[4.8402,44.3039],[4.8391,44.3028],[4.8379,44.3025],[4.8374,44.3017],[4.8347,44.2971],[4.8347,44.2971]]]},"properties":{"id_ffco":"6103","nom":"LA CHEVRE D'OR - SUZE LA ROUSSE  - VTT'O","_dept":"26","numero":"2006-D26-45","commune":"SUZE-LA-ROUSSE","echelle":"1/15000","surface":"6.96 km²","format":"A4","annee":"2006","cartographes":"COUPAT Gerard","proprietaire":"2606 - LOISIR ORIENTATION UNION PIERRELATTINE","niveau":"Départemental","specialite":"CO à VTT","contacts":"CLUB L.O.U.PIERRELATTE, 04 75 52 58 23, 06 86 40 42 35, laure.coupat@free.fr, http://loup.segustero.com/","latitude":"44.31984","longitude":"4.83581","date_saisie":"19/07/2013","valide":"Non","ppo":"Non","obsolete":false}},{"type":"Feature","geometry":{"type":"Polygon","coordinates":[[[4.6973,44.3821],[4.6995,44.3798],[4.7002,44.3793],[4.7016,44.3792],[4.7017,44.3774],[4.7014,44.3762],[4.7006,44.376],[4.7003,44.3753],[4.7008,44.3743],[4.7017,44.3736],[4.7023,44.3725],[4.7016,44.3723],[4.6991,44.3723],[4.6972,44.3727],[4.6963,44.3729],[4.6963,44.3734],[4.6953,44.3735],[4.6945,44.3738],[4.6944,44.3741],[4.6933,44.3741],[4.6927,44.3747],[4.6919,44.3762],[4.692,44.3771],[4.6922,44.3789],[4.6923,44.3794],[4.6929,44.38],[4.6933,44.38],[4.6934,44.3807],[4.6936,44.3813],[4.6938,44.3815],[4.6942,44.3818],[4.6954,44.382],[4.6963,44.382],[4.6973,44.3821],[4.6973,44.3821]]]},"properties":{"id_ffco":"6214","nom":"PIERRELATTE","_dept":"26","numero":"2006-D26-44","commune":"PIERRELATTE","echelle":"1/4000","surface":"0.63 km²","format":"A4","annee":"2006","cartographes":"COUPAT Gerard","proprietaire":"2606 - LOISIR ORIENTATION UNION PIERRELATTINE","specialite":"CO à pied","contacts":"CLUB L.O.U.PIERRELATTE, 04 75 52 58 23, 06 86 40 42 35, laure.coupat@free.fr, http://loup.segustero.com/","latitude":"44.37674","longitude":"4.69603","date_saisie":"19/07/2013","valide":"Non","ppo":"Non","obsolete":false}},{"type":"Feature","geometry":{"type":"Polygon","coordinates":[[[5.4158,45.0417],[5.4168,45.0415],[5.4202,45.0401],[5.4226,45.0347],[5.4235,45.0329],[5.4247,45.0324],[5.4268,45.0325],[5.4283,45.032],[5.4285,45.0313],[5.4265,45.0291],[5.4245,45.0191],[5.4225,45.0171],[5.4216,45.0173],[5.4194,45.0177],[5.4129,45.0192],[5.4112,45.0178],[5.4089,45.017],[5.4074,45.0195],[5.4074,45.0213],[5.4055,45.0241],[5.4042,45.0245],[5.4028,45.0277],[5.4021,45.0279],[5.4005,45.0302],[5.4,45.0335],[5.4078,45.0376],[5.4127,45.0387],[5.4139,45.0393],[5.4158,45.0417],[5.4158,45.0417]]]},"properties":{"id_ffco":"5758","nom":"BOIS DE L'ALLIER","_dept":"26","numero":"2004-D26-42","commune":"SAINT-MARTIN-EN-VERCORS","echelle":"1/15000","surface":"3.85 km²","format":"A4","annee":"2004","cartographes":"MERCIER Bruno","proprietaire":"26 - Drôme","specialite":"CO à pied","contacts":"CDCO 26, cdco26@free.fr, http://cdco26.free.fr/index.html","latitude":"45.03302","longitude":"5.4158","date_saisie":"19/07/2013","valide":"Non","ppo":"Non","obsolete":false}},{"type":"Feature","geometry":{"type":"Polygon","coordinates":[[[5.5364,44.1865],[5.5591,44.1816],[5.5683,44.1788],[5.5752,44.1838],[5.5783,44.188],[5.5871,44.1882],[5.5946,44.1873],[5.601,44.1894],[5.6035,44.1923],[5.6032,44.1943],[5.5989,44.196],[5.584,44.1987],[5.5807,44.2],[5.5809,44.2038],[5.5816,44.2077],[5.5845,44.2073],[5.5843,44.2119],[5.5884,44.2192],[5.5929,44.22],[5.595,44.222],[5.5926,44.2259],[5.5931,44.2285],[5.5944,44.2377],[5.5932,44.2438],[5.5893,44.2481],[5.5852,44.2519],[5.572,44.2578],[5.5596,44.2574],[5.5496,44.2573],[5.5381,44.2556],[5.5234,44.2525],[5.5107,44.2505],[5.4988,44.2505],[5.4842,44.252],[5.4727,44.2538],[5.464,44.2557],[5.4585,44.2573],[5.4535,44.2585],[5.4477,44.2585],[5.4424,44.2542],[5.4427,44.2502],[5.4401,44.2465],[5.4386,44.2417],[5.4365,44.2355],[5.4358,44.2318],[5.4338,44.2301],[5.4312,44.2247],[5.4272,44.219],[5.4257,44.2173],[5.4322,44.2145],[5.4374,44.2126],[5.4441,44.2053],[5.4504,44.1995],[5.4559,44.196],[5.4628,44.1943],[5.4781,44.1933],[5.4875,44.1952],[5.4945,44.1917],[5.5083,44.1909],[5.5277,44.188],[5.5364,44.1865]]]},"properties":{"id_ffco":"6014","nom":"HAUTES BARONNIES","_dept":"26","numero":"2003-D26-41","commune":"BARRET-DE-LIOURE","echelle":"1/20000","surface":"87.9 km²","format":"+","annee":"2003","cartographes":"COTIRTA Marian","proprietaire":"RA - Rhône-Alpes","specialite":"Raid'O","contacts":"CDCO 26, cdco26@free.fr, http://cdco26.free.fr/index.html","latitude":"44.21849","longitude":"5.51559","date_saisie":"19/07/2013","valide":"Non","ppo":"Non","obsolete":false}},{"type":"Feature","geometry":{"type":"Polygon","coordinates":[[[5.4356,44.6881],[5.4324,44.6852],[5.4267,44.6824],[5.4234,44.6812],[5.4183,44.6807],[5.4179,44.6806],[5.4128,44.6805],[5.411,44.6805],[5.4092,44.681],[5.4057,44.682],[5.4025,44.684],[5.4,44.6865],[5.4001,44.6882],[5.4002,44.6901],[5.4023,44.6925],[5.403,44.6966],[5.4021,44.6982],[5.4022,44.6999],[5.4036,44.7012],[5.4033,44.7027],[5.4038,44.7036],[5.404,44.7044],[5.4087,44.7039],[5.4145,44.7016],[5.4195,44.699],[5.421,44.6975],[5.4232,44.6955],[5.4304,44.6926],[5.4337,44.6908],[5.4348,44.6894],[5.4356,44.6881],[5.4356,44.6881]]]},"properties":{"id_ffco":"5787","nom":"SERRES DE SEST","_dept":"26","numero":"2003-D26-36","commune":"ST ROMAN","echelle":"1/10000","surface":"4.77 km²","format":"A4","annee":"2003","cartographes":"COUPAT Gerard","proprietaire":"26 - Drôme","specialite":"CO à pied","contacts":"CDCO 26, cdco26@free.fr, http://cdco26.free.fr/index.html","latitude":"44.69245","longitude":"5.41778","date_saisie":"19/07/2013","valide":"Non","ppo":"Non","obsolete":false}},{"type":"Feature","geometry":{"type":"Polygon","coordinates":[[[5.0993,45.0376],[5.1004,45.0406],[5.1051,45.0445],[5.1069,45.0441],[5.1038,45.0402],[5.1136,45.0363],[5.1168,45.0368],[5.1189,45.038],[5.1231,45.0384],[5.127,45.0411],[5.1305,45.0444],[5.1331,45.0465],[5.1386,45.0508],[5.144,45.053],[5.1486,45.0535],[5.155,45.0534],[5.1596,45.0549],[5.1612,45.0568],[5.164,45.0566],[5.1601,45.0521],[5.1559,45.0504],[5.151,45.0509],[5.146,45.0507],[5.1447,45.0492],[5.1436,45.0489],[5.1413,45.0489],[5.136,45.0449],[5.1323,45.0411],[5.1279,45.0379],[5.124,45.0357],[5.1232,45.0343],[5.1213,45.0353],[5.1189,45.0353],[5.1134,45.0341],[5.109,45.0348],[5.1035,45.0363],[5.0993,45.0376]]]},"properties":{"id_ffco":"15631","nom":"Rivière Isère et Joyeuse","_dept":"26","numero":"2026-D26-235","commune":"ROMANS","echelle":"1/10000","surface":"1.92 km²","format":"A3","annee":"2026","cartographes":"B. Deroux","proprietaire":"2604 - CLUB DE ROMANS DE COURSE D'ORIENTATION","niveau":"Départemental","specialite":"Raid'O","contacts":"CLUB ROMANS ORIENTATION, coromans2604@gmail.com, http://romans.orientation.free.fr/","latitude":"45.0439424667","longitude":"5.12963177025","date_saisie":"01/05/2026","valide":"Non","ppo":"Non","type_carte":"Nouvelle carte","fond":"Ortho","obsolete":false}},{"type":"Feature","geometry":{"type":"Polygon","coordinates":[[[4.9915,45.182],[4.9923,45.1817],[4.9934,45.1809],[4.9937,45.1803],[4.9943,45.1806],[4.9949,45.1805],[4.9957,45.1807],[4.9961,45.1805],[4.9964,45.18],[4.9955,45.179],[4.9948,45.1791],[4.994,45.179],[4.9935,45.178],[4.9925,45.1775],[4.9919,45.1774],[4.9918,45.1767],[4.9916,45.176],[4.9911,45.1756],[4.9907,45.1762],[4.9903,45.1772],[4.9894,45.1785],[4.9897,45.1795],[4.9905,45.1809],[4.9915,45.182]]]},"properties":{"id_ffco":"15630","nom":"Bathernay Village","_dept":"26","numero":"2026-D26-234","commune":"bathernay","echelle":"1/4000","surface":"0.18 km²","format":"A4","annee":"2026","cartographes":"B. Deroux","proprietaire":"2604 - CLUB DE ROMANS DE COURSE D'ORIENTATION","niveau":"Initiation, Scolaire","specialite":"Sprint (ISSOM)","contacts":"CDCO 26, cdco.drome@gmail.com, http://cdco26.fr/","latitude":"45.1792152678","longitude":"4.99221612562","date_saisie":"29/04/2026","valide":"Non","ppo":"Oui (12 postes)","type_carte":"Nouvelle carte","fond":"Laser","obsolete":false}},{"type":"Feature","geometry":{"type":"Polygon","coordinates":[[[5.0066,44.7288],[5.0094,44.7283],[5.0085,44.7259],[5.0069,44.7261],[5.0078,44.7278],[5.0063,44.7281],[5.0066,44.7288]]]},"properties":{"id_ffco":"15534","nom":"Collège Revesz Long - Crest","_dept":"26","numero":"2026-D26-233","commune":"CREST","echelle":"1/1250","surface":"0.04 km²","format":"A4","annee":"2026","cartographes":"MERCIER Bruno","proprietaire":"26 - Drôme","niveau":"Initiation, Scolaire","specialite":"CO à pied","contacts":"CDCO 26, cdco.drome@gmail.com, http://cdco26.fr/","latitude":"44.7274459749","longitude":"5.00797934731","date_saisie":"07/03/2026","valide":"Non","ppo":"Non","type_carte":"Nouvelle carte","fond":"Ortho","obsolete":false}},{"type":"Feature","geometry":{"type":"Polygon","coordinates":[[[4.7637,44.545],[4.7661,44.5445],[4.7657,44.5435],[4.7667,44.5433],[4.7667,44.5434],[4.7676,44.5432],[4.7681,44.5433],[4.7687,44.5431],[4.7688,44.5433],[4.7699,44.5426],[4.7698,44.5421],[4.7683,44.541],[4.7671,44.5415],[4.7654,44.5421],[4.7627,44.5432],[4.7637,44.545]]]},"properties":{"id_ffco":"15585","nom":"Collège Marguerite Duras - Montélimar","_dept":"26","numero":"2026-D26-232","commune":"MONTELIMAR","echelle":"1/2000","surface":"0.12 km²","format":"A4","annee":"2026","cartographes":"COUPAT Gerard","proprietaire":"26 - Drôme","niveau":"Initiation, Scolaire","specialite":"CO à pied","latitude":"44.5429526593","longitude":"4.76620913835","date_saisie":"01/04/2026","valide":"Non","ppo":"Non","type_carte":"Nouvelle carte","fond":"Ortho","obsolete":false}},{"type":"Feature","geometry":{"type":"Polygon","coordinates":[[[4.8816,44.8673],[4.882,44.8681],[4.8827,44.8686],[4.8836,44.8683],[4.8838,44.8685],[4.8842,44.868],[4.8855,44.8664],[4.8843,44.8657],[4.8829,44.8664],[4.883,44.8668],[4.8816,44.8673]]]},"properties":{"id_ffco":"15246","nom":"Arborétum Portes les Valence","_dept":"26","numero":"2025-D26-229","commune":"PORTES LES VALENCE","echelle":"1/1500","surface":"0.05 km²","format":"A4","annee":"2025","cartographes":"MERCIER Bruno","proprietaire":"26 - Drôme","niveau":"Initiation, Scolaire","specialite":"CO à pied","contacts":"CDCO 26, cdco.drome@gmail.com, http://cdco26.fr/","latitude":"44.8672053677","longitude":"4.88357416244","date_saisie":"15/10/2025","valide":"Non","ppo":"Non","type_carte":"Nouvelle carte","fond":"Laser","obsolete":false}},{"type":"Feature","geometry":{"type":"Polygon","coordinates":[[[4.8809,44.8699],[4.8817,44.8702],[4.8827,44.8695],[4.8818,44.8672],[4.8806,44.8674],[4.8808,44.868],[4.8803,44.8681],[4.8809,44.8699]]]},"properties":{"id_ffco":"15245","nom":"Collège Jean Macé","_dept":"26","numero":"2025-D26-228","commune":"PORTES LES VALENCE","echelle":"1/1250","surface":"0.04 km²","format":"A4","annee":"2025","cartographes":"MERCIER Bruno","proprietaire":"26 - Drôme","niveau":"Initiation, Scolaire","specialite":"CO à pied","contacts":"CDCO 26, cdco.drome@gmail.com, http://cdco26.fr/","latitude":"44.8687107798","longitude":"4.88149288052","date_saisie":"15/10/2025","valide":"Non","ppo":"Non","type_carte":"Nouvelle carte","fond":"Laser","obsolete":false}},{"type":"Feature","geometry":{"type":"Polygon","coordinates":[[[4.8911,45.0767],[4.8911,45.0777],[4.893,45.0785],[4.8953,45.0784],[4.8965,45.0784],[4.8984,45.0777],[4.8994,45.0769],[4.9017,45.0746],[4.9026,45.0743],[4.9042,45.0723],[4.9005,45.0713],[4.8962,45.0701],[4.8943,45.0719],[4.8928,45.0738],[4.8921,45.0739],[4.8911,45.075],[4.8911,45.0767]]]},"properties":{"id_ffco":"15244","nom":"La Tour Mercurol","_dept":"26","numero":"2025-D26-227","commune":"MERCUROL","echelle":"1/4000","surface":"0.58 km²","format":"A4","annee":"2025","cartographes":"MERCIER Bruno","proprietaire":"26 - Drôme","niveau":"Départemental","specialite":"Sprint (ISSOM)","contacts":"CDCO 26, cdco.drome@gmail.com, http://cdco26.fr/","latitude":"45.0745089449","longitude":"4.89685307658","date_saisie":"15/10/2025","valide":"Non","ppo":"Non","type_carte":"Nouvelle carte","fond":"Laser","obsolete":false}},{"type":"Feature","geometry":{"type":"Polygon","coordinates":[[[4.8872,44.9364],[4.8885,44.9362],[4.8887,44.9366],[4.8887,44.9376],[4.8892,44.9393],[4.8895,44.9411],[4.8903,44.9408],[4.8904,44.9413],[4.8895,44.9417],[4.8893,44.9425],[4.8888,44.9435],[4.8881,44.9441],[4.8862,44.9454],[4.8844,44.9445],[4.886,44.9419],[4.8868,44.9401],[4.8873,44.9382],[4.8872,44.9364]]]},"properties":{"id_ffco":"15610","nom":"Ile Parc Girodet","_dept":"26","numero":"2025-D26-226","commune":"bourg les valence","echelle":"1/4000","surface":"0.21 km²","format":"A4","annee":"2025","cartographes":"MERCIER Bruno","proprietaire":"26 - Drôme","niveau":"Régional","specialite":"Sprint (ISSOM)","contacts":"CDCO 26, cdco.drome@gmail.com, http://cdco26.fr/","latitude":"44.9413737821","longitude":"4.88751893547","date_saisie":"12/04/2026","valide":"Non","ppo":"Non","type_carte":"Nouvelle carte","fond":"Laser","obsolete":false}},{"type":"Feature","geometry":{"type":"Polygon","coordinates":[[[4.9009,44.9361],[4.9037,44.9367],[4.904,44.936],[4.9049,44.9354],[4.904,44.9345],[4.902,44.934],[4.9009,44.9361]]]},"properties":{"id_ffco":"15609","nom":"Parc sportif Colette Besson","_dept":"26","numero":"2025-D26-225","commune":"VALENCE","echelle":"1/1500","surface":"0.06 km²","format":"A4","annee":"2025","cartographes":"MERCIER Bruno","proprietaire":"26 - Drôme","niveau":"Initiation, Scolaire","specialite":"CO à pied","contacts":"CDCO 26, cdco.drome@gmail.com, http://cdco26.fr/","latitude":"44.9353956796","longitude":"4.90284687653","date_saisie":"12/04/2026","valide":"Non","ppo":"Non","type_carte":"Reprise","base":"2012-D26-1068 PARC SPORTIF COLETTE BESSON - VALENCE","fond":"Ortho","obsolete":false}},{"type":"Feature","geometry":{"type":"Polygon","coordinates":[[[4.9085,44.9306],[4.9091,44.9307],[4.909,44.9308],[4.9106,44.931],[4.9109,44.9301],[4.9111,44.9296],[4.9111,44.9289],[4.9106,44.9289],[4.9105,44.9292],[4.9104,44.9293],[4.9095,44.9293],[4.9094,44.929],[4.9086,44.9293],[4.9088,44.9296],[4.909,44.9296],[4.9089,44.9296],[4.9088,44.9297],[4.9085,44.9306]]]},"properties":{"id_ffco":"15593","nom":"Institution Notre Dame Valence","_dept":"26","numero":"2025-D26-224","commune":"VALENCE","echelle":"1/1250","surface":"0.03 km²","format":"A4","annee":"2025","cartographes":"MERCIER Bruno","proprietaire":"26 - Drôme","niveau":"Initiation, Scolaire","specialite":"CO à pied","contacts":"CDCO 26, cdco.drome@gmail.com, http://cdco26.fr/","latitude":"44.9299855137","longitude":"4.90986440971","date_saisie":"05/04/2026","valide":"Non","ppo":"Non","type_carte":"Nouvelle carte","fond":"Ortho","obsolete":false}},{"type":"Feature","geometry":{"type":"Polygon","coordinates":[[[4.938,44.6145],[4.9396,44.6141],[4.9392,44.6132],[4.9397,44.6131],[4.9392,44.6125],[4.9388,44.6124],[4.938,44.6123],[4.9379,44.6127],[4.9373,44.6128],[4.9374,44.6134],[4.938,44.6145]]]},"properties":{"id_ffco":"15250","nom":"Collège Cléon d'Andran","_dept":"26","numero":"2025-D26-223","commune":"CLEON D'ANDRAN","echelle":"1/1250","surface":"0.03 km²","format":"A4","annee":"2025","cartographes":"MERCIER Bruno","proprietaire":"26 - Drôme","niveau":"Initiation, Scolaire","specialite":"CO à pied","latitude":"44.6133894055","longitude":"4.93845623237","date_saisie":"15/10/2025","valide":"Non","ppo":"Non","type_carte":"Nouvelle carte","fond":"Laser","obsolete":false}},{"type":"Feature","geometry":{"type":"Polygon","coordinates":[[[4.8973,44.8758],[4.8983,44.8765],[4.9003,44.8771],[4.902,44.8783],[4.9032,44.8787],[4.9041,44.8783],[4.9044,44.8778],[4.9054,44.8777],[4.906,44.8774],[4.902,44.8752],[4.8998,44.8758],[4.8989,44.8761],[4.8976,44.8756],[4.8973,44.8758]]]},"properties":{"id_ffco":"15249","nom":"Centre Les Brûlats","_dept":"26","numero":"2025-D26-222","commune":"PORTES LES VALENCE","echelle":"1/2000","surface":"0.12 km²","format":"A4","annee":"2025","cartographes":"MERCIER Bruno","proprietaire":"26 - Drôme","niveau":"Initiation, Scolaire","specialite":"CO à pied","contacts":"CDCO 26, cdco.drome@gmail.com, http://cdco26.fr/","latitude":"44.876842622","longitude":"4.90207748342","date_saisie":"15/10/2025","valide":"Non","ppo":"Non","type_carte":"Nouvelle carte","fond":"Laser","obsolete":false}},{"type":"Feature","geometry":{"type":"Polygon","coordinates":[[[4.8886,44.8787],[4.8894,44.8785],[4.8895,44.8778],[4.8896,44.8768],[4.8895,44.8755],[4.8886,44.8702],[4.8877,44.8702],[4.8876,44.8704],[4.8872,44.8706],[4.8871,44.8718],[4.8873,44.8733],[4.8866,44.8737],[4.8877,44.8748],[4.8884,44.8769],[4.8886,44.8787]]]},"properties":{"id_ffco":"15248","nom":"Bois de la Chaffine","_dept":"26","numero":"2025-D26-221","commune":"PORTES LES VALENCE","echelle":"1/2500","surface":"0.12 km²","format":"A3","annee":"2025","cartographes":"MERCIER Bruno","proprietaire":"26 - Drôme","niveau":"Initiation, Scolaire","specialite":"CO à pied","contacts":"CDCO 26, cdco.drome@gmail.com, http://cdco26.fr/","latitude":"44.8740439156","longitude":"4.88836196868","date_saisie":"15/10/2025","valide":"Non","ppo":"Non","type_carte":"Nouvelle carte","fond":"Laser","obsolete":false}},{"type":"Feature","geometry":{"type":"Polygon","coordinates":[[[5.0313,44.9396],[5.0328,44.9391],[5.0321,44.9381],[5.0306,44.9385],[5.0313,44.9396]]]},"properties":{"id_ffco":"15463","nom":"Montélier Jardin Sémaphore","_dept":"26","numero":"2025-D26-220","commune":"MONTELIER","echelle":"1/1000","surface":"0.02 km²","format":"A4","annee":"2025","cartographes":"Gil BURIDAN,ANTOINE Alain,Philippe Bourseaux","proprietaire":"26 - Drôme","niveau":"Initiation, Scolaire","specialite":"CO à pied","latitude":"44.9388396555","longitude":"5.03173042783","date_saisie":"24/01/2026","valide":"Non","ppo":"Non","type_carte":"Nouvelle carte","fond":"Cadastre","obsolete":false}},{"type":"Feature","geometry":{"type":"Polygon","coordinates":[[[5.0266,44.9367],[5.0276,44.9364],[5.0276,44.9358],[5.0275,44.9356],[5.0262,44.9359],[5.0266,44.9367]]]},"properties":{"id_ffco":"15464","nom":"Montélier Jardin des rêves","_dept":"26","numero":"2025-D26-219","commune":"MONTELIER","echelle":"1/750","surface":"0.01 km²","format":"A4","annee":"2025","cartographes":"Gil BURIDAN,ANTOINE Alain,Philippe Bourseaux","proprietaire":"26 - Drôme","niveau":"Initiation, Scolaire","specialite":"CO à pied","latitude":"44.9361274458","longitude":"5.02698828885","date_saisie":"24/01/2026","valide":"Non","ppo":"Non","type_carte":"Nouvelle carte","fond":"Cadastre","obsolete":false}},{"type":"Feature","geometry":{"type":"Polygon","coordinates":[[[4.9788,45.1583],[4.9828,45.1586],[4.9841,45.159],[4.9852,45.1612],[4.9868,45.1619],[4.9897,45.1611],[4.992,45.1614],[4.9917,45.1622],[4.9906,45.1652],[4.9911,45.1663],[4.9917,45.1687],[4.9939,45.1685],[4.9956,45.167],[4.9964,45.1685],[4.9963,45.1698],[4.9985,45.1701],[5.0013,45.1701],[5.0068,45.1694],[5.0088,45.168],[5.0092,45.1676],[5.0117,45.1606],[5.0094,45.159],[5.0091,45.1563],[5.0096,45.1553],[5.0052,45.1514],[5.0046,45.15],[5.0053,45.1487],[5.0071,45.147],[5.008,45.1462],[5.0063,45.143],[5.0055,45.1399],[5.0063,45.1374],[5.007,45.1364],[5.0121,45.1343],[5.0077,45.1314],[5.0043,45.1309],[5.0032,45.1282],[5.0014,45.1264],[4.9999,45.1258],[4.9986,45.126],[4.9974,45.1254],[4.9969,45.1268],[4.9933,45.13],[4.9905,45.1316],[4.9905,45.134],[4.991,45.135],[4.9915,45.136],[4.9913,45.1366],[4.9912,45.1374],[4.9899,45.1381],[4.9888,45.14],[4.9893,45.1432],[4.9884,45.144],[4.9859,45.1448],[4.9859,45.1465],[4.985,45.1481],[4.985,45.1493],[4.9827,45.1496],[4.9779,45.1514],[4.9792,45.1536],[4.9788,45.1583]]]},"properties":{"id_ffco":"15592","nom":"Bois de Sizay et Bois de Bard","_dept":"26","numero":"2025-D26-218","commune":"ST DONAT SUR HERBASSE","echelle":"1/15000","surface":"7.53 km²","format":"A3","annee":"2025","cartographes":"DECHAVANNE Franck","proprietaire":"26 - Drôme","niveau":"Régional","specialite":"CO à pied","contacts":"CDCO 26, cdco.drome@gmail.com, http://cdco26.fr/","latitude":"45.1499546423","longitude":"4.99710744294","date_saisie":"05/04/2026","valide":"Non","ppo":"Non","type_carte":"Nouvelle carte","fond":"Ortho","obsolete":false}},{"type":"Feature","geometry":{"type":"Polygon","coordinates":[[[5.0255,44.9352],[5.0282,44.941],[5.0308,44.9408],[5.0342,44.9395],[5.0342,44.9387],[5.034,44.9356],[5.0317,44.9353],[5.031,44.9335],[5.0255,44.9352]]]},"properties":{"id_ffco":"15462","nom":"Montélier","_dept":"26","numero":"2025-D26-217","commune":"MONTELIER","echelle":"1/3500","surface":"0.38 km²","format":"A4","annee":"2025","cartographes":"Gil BURIDAN,ANTOINE Alain,Philippe Bourseaux","proprietaire":"26 - Drôme","niveau":"Initiation, Scolaire","specialite":"CO à pied","latitude":"44.9373894801","longitude":"5.03013925678","date_saisie":"24/01/2026","valide":"Non","ppo":"Non","type_carte":"Nouvelle carte","fond":"Cadastre","obsolete":false}},{"type":"Feature","geometry":{"type":"Polygon","coordinates":[[[4.9757,45.1212],[4.9763,45.1225],[4.9769,45.1232],[4.9775,45.1235],[4.9785,45.1237],[4.9813,45.1245],[4.9849,45.1249],[4.9857,45.1254],[4.9871,45.1254],[4.9892,45.1243],[4.9902,45.1239],[4.9909,45.1223],[4.9905,45.1216],[4.9893,45.1207],[4.9896,45.1188],[4.9919,45.118],[4.9908,45.1168],[4.9865,45.1171],[4.9843,45.1166],[4.9796,45.115],[4.9758,45.1164],[4.9753,45.1176],[4.9751,45.1195],[4.9757,45.1212]]]},"properties":{"id_ffco":"15591","nom":"St Donat sur l'Herbasse","_dept":"26","numero":"2025-D26-216","commune":"ST DONAT SUR HERBASSE","echelle":"1/4000","surface":"1.05 km²","format":"A4","annee":"2025","cartographes":"MERCIER Bruno","proprietaire":"2604 - CLUB DE ROMANS DE COURSE D'ORIENTATION","niveau":"Interrégional","specialite":"Sprint (ISSOM)","contacts":"CLUB ROMANS ORIENTATION, coromans2604@gmail.com, http://romans.orientation.free.fr/","latitude":"45.1202799951","longitude":"4.98295386708","date_saisie":"05/04/2026","valide":"Non","ppo":"Non","type_carte":"Nouvelle carte","fond":"Ortho","obsolete":false}},{"type":"Feature","geometry":{"type":"Polygon","coordinates":[[[5.4125,44.963],[5.4122,44.9649],[5.414,44.9654],[5.4137,44.9658],[5.4129,44.9679],[5.4114,44.9689],[5.4109,44.9698],[5.4086,44.9694],[5.4063,44.9712],[5.4023,44.9735],[5.4043,44.9758],[5.404,44.9778],[5.4045,44.9796],[5.4063,44.9815],[5.4083,44.9832],[5.41,44.986],[5.4119,44.9872],[5.4126,44.9886],[5.4139,44.9895],[5.4152,44.9893],[5.4158,44.9891],[5.4169,44.9891],[5.4175,44.9884],[5.4186,44.9874],[5.4213,44.9887],[5.4219,44.9882],[5.4221,44.9876],[5.4244,44.9875],[5.4253,44.9878],[5.4269,44.9867],[5.4271,44.9854],[5.4278,44.9845],[5.4275,44.9831],[5.4271,44.9822],[5.4273,44.9814],[5.4262,44.9809],[5.4263,44.9804],[5.427,44.9787],[5.4256,44.9782],[5.4241,44.975],[5.4225,44.9663],[5.422,44.9651],[5.4194,44.9658],[5.4153,44.9624],[5.4125,44.963]]]},"properties":{"id_ffco":"15292","nom":"Les Bruyères - La Chapelle en Vercors","_dept":"26","numero":"2025-D26-215","commune":"LA CHAPELLE EN VERCORS","echelle":"1/10000","surface":"3.62 km²","format":"A4","annee":"2025","cartographes":"DECHAVANNE Franck,MERCIER Bruno","proprietaire":"26 - Drôme","niveau":"Régional","specialite":"CO à pied","contacts":"CDCO 26, cdco.drome@gmail.com, http://cdco26.fr/","latitude":"44.9771886682","longitude":"5.41595393024","date_saisie":"03/11/2025","valide":"Non","ppo":"Non","type_carte":"Nouvelle carte","fond":"Laser","obsolete":false}},{"type":"Feature","geometry":{"type":"Polygon","coordinates":[[[4.84,45.01],[4.8415,45.0128],[4.8433,45.0147],[4.8454,45.0169],[4.8468,45.0188],[4.8477,45.0189],[4.8514,45.0163],[4.8542,45.0125],[4.8556,45.0067],[4.8516,45.0049],[4.8488,45.0062],[4.8436,45.0055],[4.8407,45.0046],[4.8396,45.0068],[4.84,45.01]]]},"properties":{"id_ffco":"15247","nom":"La Roche de Glun","_dept":"26","numero":"2025-D26-214","commune":"LA ROCHE DE GLUN","echelle":"1/4000","surface":"1.3 km²","format":"A4","annee":"2025","cartographes":"MERCIER Bruno","proprietaire":"26 - Drôme","niveau":"Régional","specialite":"Sprint (ISSOM)","contacts":"CLUB ROMANS ORIENTATION, coromans2604@gmail.com, http://romans.orientation.free.fr/","latitude":"45.0107604961","longitude":"4.84757093823","date_saisie":"15/10/2025","valide":"Non","ppo":"Non","type_carte":"Nouvelle carte","fond":"Laser","obsolete":false}},{"type":"Feature","geometry":{"type":"Polygon","coordinates":[[[4.9046,44.9393],[4.906,44.9395],[4.9077,44.9399],[4.9078,44.9388],[4.9083,44.9381],[4.9071,44.937],[4.9057,44.9375],[4.9055,44.9378],[4.9046,44.9393]]]},"properties":{"id_ffco":"14646","nom":"Parc du Polygone","_dept":"26","numero":"2024-D26-210","commune":"VALENCE","echelle":"1/1500","surface":"0.06 km²","format":"A4","annee":"2024","cartographes":"MERCIER Bruno","proprietaire":"26 - Drôme","niveau":"Initiation, Scolaire","specialite":"CO à pied","contacts":"CDCO 26, cdco26@free.fr, http://cdco26.free.fr/index.html","latitude":"44.9385139348","longitude":"4.90656356498","date_saisie":"23/09/2024","date_depot":"19/06/2025","valide":"Oui","ppo":"Non","type_carte":"Reprise","base":"2006-D26-47 PARC DU POLYGONE - VALENCE","fond":"Ortho","obsolete":false}},{"type":"Feature","geometry":{"type":"Polygon","coordinates":[[[4.8794,44.9129],[4.8808,44.9125],[4.8793,44.91],[4.8787,44.9102],[4.8784,44.9104],[4.8781,44.9123],[4.8781,44.9125],[4.879,44.9123],[4.8793,44.9129],[4.8794,44.9129]]]},"properties":{"id_ffco":"14525","nom":"Groupe Scolaire Buisson Valence","_dept":"26","numero":"2024-D26-209","commune":"VALENCE","echelle":"1/1200","surface":"0.04 km²","format":"A4","annee":"2024","cartographes":"B. Deroux","proprietaire":"26 - Drôme","niveau":"Initiation, Scolaire","specialite":"CO à pied","contacts":"CDCO 26, cdco26@free.fr, http://cdco26.free.fr/index.html","latitude":"44.9115756415","longitude":"4.87926984105","date_saisie":"29/06/2024","date_depot":"19/06/2025","valide":"Oui","ppo":"Non","type_carte":"Nouvelle carte","fond":"Ortho","obsolete":false}},{"type":"Feature","geometry":{"type":"Polygon","coordinates":[[[5.0028,45.1302],[5.0039,45.1303],[5.0047,45.1311],[5.0065,45.1315],[5.008,45.1318],[5.012,45.1344],[5.0117,45.1347],[5.0068,45.1365],[5.0068,45.1376],[5.0063,45.1385],[5.0058,45.141],[5.005,45.1422],[5.0045,45.1425],[5.0034,45.1425],[5.0023,45.1422],[5.0009,45.1413],[5.0013,45.1401],[5.001,45.1391],[4.9993,45.1387],[5.0,45.1361],[5.0011,45.1346],[5.0018,45.1352],[5.003,45.135],[5.0038,45.1354],[5.0039,45.1358],[5.0039,45.1352],[5.0036,45.1347],[5.0038,45.1344],[5.0032,45.1328],[5.0031,45.1317],[5.0028,45.1302]]]},"properties":{"id_ffco":"14465","nom":"Combe et Lac de Champos","_dept":"26","numero":"2024-D26-208","commune":"CHARMES SUR HERBASSE","echelle":"1/5000","surface":"0.62 km²","format":"A4","annee":"2024","cartographes":"DECHAVANNE Franck","niveau":"Initiation, Scolaire","specialite":"Sprint (ISSOM)","contacts":"CLUB ROMANS ORIENTATION, coromans2604@gmail.com, http://romans.orientation.free.fr/","latitude":"45.1363416077","longitude":"5.00473067909","date_saisie":"11/05/2024","date_depot":"19/06/2025","valide":"Oui","ppo":"Non","type_carte":"Reprise","base":"2016-D26-117 Lac de Champos","fond":"Laser","obsolete":false}},{"type":"Feature","geometry":{"type":"Polygon","coordinates":[[[4.9032,44.9518],[4.9042,44.9516],[4.9054,44.9515],[4.9077,44.9514],[4.9084,44.9515],[4.9088,44.9526],[4.9089,44.9534],[4.9083,44.9535],[4.9076,44.9534],[4.9058,44.9528],[4.9043,44.9523],[4.9032,44.952],[4.9032,44.9518]]]},"properties":{"id_ffco":"14588","nom":"Collège Gérard Gaud Bourg les Valence","_dept":"26","numero":"2024-D26-207","commune":"BOURG LES VALENCE","echelle":"1/1500","surface":"0.06 km²","format":"A4","annee":"2024","cartographes":"MERCIER Bruno","proprietaire":"26 - Drôme","niveau":"Initiation, Scolaire","specialite":"CO à pied","contacts":"CDCO 26, cdco.drome@gmail.com, http://cdco26.fr/","latitude":"44.9523085833","longitude":"4.90663538272","date_saisie":"27/08/2024","date_depot":"19/06/2025","valide":"Oui","ppo":"Non","type_carte":"Nouvelle carte","fond":"Laser","obsolete":false}},{"type":"Feature","geometry":{"type":"Polygon","coordinates":[[[4.8849,44.9264],[4.8859,44.9262],[4.885,44.9244],[4.8842,44.9227],[4.8839,44.9215],[4.8836,44.9196],[4.8801,44.92],[4.8812,44.9208],[4.8821,44.9218],[4.8827,44.9223],[4.883,44.9228],[4.8832,44.9234],[4.8834,44.9242],[4.884,44.9249],[4.8845,44.9254],[4.8847,44.9259],[4.8849,44.9264]]]},"properties":{"id_ffco":"14589","nom":"Parc des Trinitaires - Valence","_dept":"26","numero":"2024-D26-206","commune":"VALENCE","echelle":"1/2500","surface":"0.1 km²","format":"A4","annee":"2024","cartographes":"MERCIER Bruno","proprietaire":"26 - Drôme","niveau":"Initiation, Scolaire","specialite":"CO à pied","contacts":"CDCO 26, cdco.drome@gmail.com, http://cdco26.fr/","latitude":"44.9223621025","longitude":"4.88333407982","date_saisie":"27/08/2024","date_depot":"19/06/2025","valide":"Oui","ppo":"Non","type_carte":"Nouvelle carte","fond":"Laser","obsolete":false}},{"type":"Feature","geometry":{"type":"Polygon","coordinates":[[[4.9511,45.2273],[4.9529,45.2263],[4.9516,45.2249],[4.9507,45.2241],[4.949,45.2239],[4.9485,45.2242],[4.9485,45.2246],[4.9488,45.2251],[4.9493,45.2253],[4.9503,45.2263],[4.9511,45.2273]]]},"properties":{"id_ffco":"14358","nom":"Stade - Châteauneuf de Galaure","_dept":"26","numero":"2024-D26-205","commune":"Châteauneuf de Galaure","echelle":"1/2000","surface":"0.06 km²","format":"A4","annee":"2024","cartographes":"B. Deroux","proprietaire":"2604 - CLUB DE ROMANS DE COURSE D'ORIENTATION","niveau":"Initiation, Scolaire","specialite":"Sprint (ISSOM)","contacts":"CLUB ROMANS CO - CROCO, coromans2604@gmail.com","latitude":"45.2254096188","longitude":"4.95064590693","date_saisie":"05/02/2024","date_depot":"19/06/2025","valide":"Oui","ppo":"Non","type_carte":"Nouvelle carte","fond":"Cadastre","obsolete":false}},{"type":"Feature","geometry":{"type":"Polygon","coordinates":[[[4.8807,45.0706],[4.8822,45.0709],[4.8824,45.0703],[4.8816,45.0701],[4.8807,45.0701],[4.8807,45.0706]]]},"properties":{"id_ffco":"14136","nom":"Collège de l'Hermitage","_dept":"26","numero":"2023-D26-204","commune":"MERCUROL","echelle":"1/1000","surface":"0.01 km²","format":"A4","annee":"2023","cartographes":"B. Deroux","proprietaire":"26 - Drôme","niveau":"Initiation, Scolaire","specialite":"CO à pied","latitude":"45.0704407521","longitude":"4.88157087814","date_saisie":"08/11/2023","date_depot":"02/07/2024","valide":"Oui","ppo":"Non","type_carte":"Nouvelle carte","fond":"Cadastre","obsolete":false}},{"type":"Feature","geometry":{"type":"Polygon","coordinates":[[[5.0197,44.9046],[5.0218,44.9044],[5.0224,44.9034],[5.023,44.9019],[5.023,44.8991],[5.0246,44.8965],[5.0138,44.8963],[5.0113,44.8975],[5.0133,44.9008],[5.0163,44.9015],[5.0184,44.9025],[5.0189,44.9031],[5.0197,44.9046]]]},"properties":{"id_ffco":"15461","nom":"Chabeuil","_dept":"26","numero":"2023-D26-203","commune":"CHABEUIL","echelle":"1/4000","surface":"0.59 km²","format":"A4","annee":"2023","cartographes":"MERCIER Bruno","proprietaire":"26 - Drôme","niveau":"Régional","specialite":"Sprint (ISSOM)","latitude":"44.8994962931","longitude":"5.01842036626","date_saisie":"24/01/2026","valide":"Non","ppo":"Non","type_carte":"Nouvelle carte","fond":"Cadastre","obsolete":false}},{"type":"Feature","geometry":{"type":"Polygon","coordinates":[[[5.0692,44.9664],[5.0695,44.967],[5.0711,44.9666],[5.0733,44.972],[5.0901,44.9673],[5.0894,44.9659],[5.0874,44.9625],[5.0862,44.9594],[5.079,44.9607],[5.0682,44.9639],[5.0692,44.9664]]]},"properties":{"id_ffco":"15460","nom":"Village de Besayes","_dept":"26","numero":"2023-D26-202","commune":"BESAYES","echelle":"1/4000","surface":"1.42 km²","format":"A4","annee":"2023","cartographes":"MERCIER Bruno","proprietaire":"2604 - CLUB DE ROMANS DE COURSE D'ORIENTATION","niveau":"Départemental","specialite":"Sprint (ISSOM)","latitude":"44.9654892318","longitude":"5.07933361258","date_saisie":"24/01/2026","valide":"Non","ppo":"Non","type_carte":"Nouvelle carte","fond":"Cadastre","obsolete":false}},{"type":"Feature","geometry":{"type":"Polygon","coordinates":[[[5.0814,44.9389],[5.0844,44.9403],[5.0867,44.9412],[5.0893,44.9417],[5.0915,44.9427],[5.0935,44.9429],[5.0992,44.9415],[5.0968,44.9394],[5.096,44.9372],[5.0951,44.935],[5.0937,44.9338],[5.0928,44.9324],[5.0906,44.9325],[5.0902,44.929],[5.0876,44.9283],[5.0863,44.928],[5.0859,44.9272],[5.0832,44.9273],[5.0832,44.9278],[5.0833,44.9293],[5.0842,44.9306],[5.0836,44.9338],[5.082,44.9363],[5.0814,44.9389]]]},"properties":{"id_ffco":"14126","nom":"Village de Charpey","_dept":"26","numero":"2023-D26-201","commune":"CHARPEY","echelle":"1/4000","surface":"1.35 km²","format":"A4","annee":"2023","cartographes":"MERCIER Bruno,B. Deroux","proprietaire":"2604 - CLUB DE ROMANS DE COURSE D'ORIENTATION","niveau":"Régional","specialite":"Sprint (ISSOM)","contacts":"CLUB ROMANS ORIENTATION, coromans2604@gmail.com, http://romans.orientation.free.fr/","latitude":"44.9361073952","longitude":"5.08914922928","date_saisie":"24/10/2023","date_depot":"02/07/2024","valide":"Oui","ppo":"Non","type_carte":"Nouvelle carte","fond":"Laser","obsolete":false}},{"type":"Feature","geometry":{"type":"Polygon","coordinates":[[[5.0121,44.7314],[5.0132,44.7327],[5.015,44.7314],[5.0156,44.732],[5.0163,44.7318],[5.0184,44.7332],[5.0214,44.7324],[5.0233,44.7313],[5.0265,44.7324],[5.027,44.7322],[5.0268,44.7317],[5.0301,44.7295],[5.0301,44.7286],[5.0257,44.7262],[5.0245,44.7263],[5.0213,44.7274],[5.0184,44.7279],[5.0176,44.7281],[5.0168,44.7293],[5.0159,44.7301],[5.0145,44.7309],[5.0134,44.7312],[5.0121,44.7314]]]},"properties":{"id_ffco":"14023","nom":"Ville de Crest","_dept":"26","numero":"2023-D26-200","commune":"CREST","echelle":"1/4000","surface":"0.58 km²","format":"A4","annee":"2023","cartographes":"MERCIER Bruno","proprietaire":"2604 - CLUB DE ROMANS DE COURSE D'ORIENTATION","niveau":"National, International","specialite":"Sprint (ISSOM)","contacts":"CLUB ROMANS CO - CROCO, coromans2604@gmail.com","latitude":"44.7297704742","longitude":"5.02228290222","date_saisie":"12/08/2023","date_depot":"02/07/2024","valide":"Oui","ppo":"Non","type_carte":"Nouvelle carte","fond":"Cadastre","obsolete":false}},{"type":"Feature","geometry":{"type":"Polygon","coordinates":[[[5.0902,44.5205],[5.0914,44.5204],[5.0922,44.5211],[5.0924,44.5213],[5.0933,44.5214],[5.0949,44.5216],[5.0974,44.5213],[5.0953,44.5248],[5.0942,44.5247],[5.093,44.524],[5.0912,44.5247],[5.0905,44.5246],[5.091,44.5232],[5.0907,44.5218],[5.0902,44.5205]]]},"properties":{"id_ffco":"14022","nom":"Beau Vallon","_dept":"26","numero":"2023-D26-199","commune":"DIEULEFIT","echelle":"1/2500","surface":"0.17 km²","format":"A4","annee":"2023","cartographes":"MERCIER Bruno","proprietaire":"26 - Drôme","niveau":"Initiation, Scolaire","specialite":"CO à pied","latitude":"44.5227368715","longitude":"5.0934357221","date_saisie":"11/08/2023","date_depot":"01/07/2024","valide":"Oui","ppo":"Non","type_carte":"Reprise","base":"2008-D26-1049 BEAU-VALLON - DIEULEFIT","fond":"Ortho","obsolete":false}},{"type":"Feature","geometry":{"type":"Polygon","coordinates":[[[4.8949,44.9302],[4.8899,44.9303],[4.8846,44.9312],[4.8864,44.9332],[4.889,44.9361],[4.8907,44.9357],[4.8922,44.9361],[4.8956,44.935],[4.8963,44.9341],[4.8969,44.9337],[4.8949,44.9302]]]},"properties":{"id_ffco":"14111","nom":"Valence Vieille Ville","_dept":"26","numero":"2023-D26-198","commune":"VALENCE","echelle":"1/4000","surface":"0.44 km²","format":"A4","annee":"2023","cartographes":"MERCIER Bruno","proprietaire":"26 - Drôme","niveau":"National, International","specialite":"Sprint (ISSOM)","contacts":"CDCO 26, cdco.drome@gmail.com, http://cdco26.fr/","latitude":"44.9329389924","longitude":"4.8911953035","date_saisie":"18/10/2023","date_depot":"02/07/2024","valide":"Oui","ppo":"Non","type_carte":"Nouvelle carte","fond":"Laser","obsolete":false}},{"type":"Feature","geometry":{"type":"Polygon","coordinates":[[[5.057,45.0416],[5.0519,45.042],[5.0458,45.042],[5.0439,45.0412],[5.0437,45.0421],[5.0418,45.0427],[5.0402,45.0439],[5.0408,45.0448],[5.0429,45.0446],[5.0439,45.0451],[5.0469,45.0458],[5.0526,45.0461],[5.0559,45.0458],[5.0565,45.0451],[5.0589,45.0445],[5.0587,45.0435],[5.0581,45.0424],[5.0569,45.0421],[5.057,45.0416]]]},"properties":{"id_ffco":"14110","nom":"Ville de Romans","_dept":"26","numero":"2023-D26-197","commune":"ROMANS SUR ISERE","echelle":"1/4000","surface":"0.54 km²","format":"A4","annee":"2023","cartographes":"MERCIER Bruno","proprietaire":"26 - Drôme","niveau":"National, International","specialite":"Sprint (ISSOM)","contacts":"CDCO 26, cdco.drome@gmail.com, http://cdco26.fr/ // CLUB ROMANS CO - CROCO, coromans2604@gmail.com","latitude":"45.0437900315","longitude":"5.05006336399","date_saisie":"18/10/2023","date_depot":"02/07/2024","valide":"Oui","ppo":"Non","type_carte":"Reprise","base":"2008-D26-63 ROMANS S/ISERE","fond":"Cadastre","obsolete":false}},{"type":"Feature","geometry":{"type":"Polygon","coordinates":[[[4.9795,44.8339],[4.9797,44.8345],[4.98,44.8351],[4.9809,44.8349],[4.9807,44.8341],[4.9804,44.8336],[4.9794,44.8335],[4.9792,44.8335],[4.9795,44.8339]]]},"properties":{"id_ffco":"13951","nom":"Groupe Scolaire Roger Marty - Montmeyran","_dept":"26","numero":"2023-D26-196","commune":"MONTMEYRAN","echelle":"1/750","surface":"0.01 km²","format":"A4","annee":"2023","cartographes":"B. Deroux","proprietaire":"26 - Drôme","niveau":"Initiation, Scolaire","specialite":"CO à pied","contacts":"Mairie de Montmeyran","latitude":"44.8342024958","longitude":"4.98009527875","date_saisie":"25/05/2023","date_depot":"02/07/2024","valide":"Oui","ppo":"Non","type_carte":"Nouvelle carte","fond":"Ortho","obsolete":false}},{"type":"Feature","geometry":{"type":"Polygon","coordinates":[[[5.0582,45.0729],[5.056,45.0731],[5.0559,45.0741],[5.0549,45.0745],[5.0548,45.0754],[5.0534,45.0774],[5.0537,45.0798],[5.0549,45.0803],[5.0574,45.0802],[5.0582,45.081],[5.0578,45.082],[5.0571,45.0827],[5.058,45.0829],[5.0691,45.0826],[5.0687,45.0793],[5.0685,45.0767],[5.0652,45.0756],[5.0629,45.074],[5.0601,45.0731],[5.0582,45.0729]]]},"properties":{"id_ffco":"13850","nom":"Les 6 grottes CO à VTT - Mours St Eusèbe","_dept":"26","numero":"2023-D26-195","commune":"MOURS SAINT EUSEBE","echelle":"1/5000","surface":"1.0 km²","format":"A4","annee":"2023","cartographes":"DECHAVANNE Franck","proprietaire":"26 - Drôme","niveau":"National, International","specialite":"CO à VTT","contacts":"CDCO 26, cdco.drome@gmail.com, http://cdco26.fr/","latitude":"45.0782529917","longitude":"5.06129002786","date_saisie":"26/02/2023","date_depot":"02/07/2024","valide":"Oui","ppo":"Non","type_carte":"Nouvelle carte","fond":"Laser","obsolete":false}},{"type":"Feature","geometry":{"type":"Polygon","coordinates":[[[5.0562,45.0726],[5.0544,45.0741],[5.0536,45.0772],[5.0538,45.0799],[5.0554,45.0803],[5.0572,45.0803],[5.058,45.081],[5.0577,45.0817],[5.0575,45.0848],[5.0599,45.0846],[5.061,45.0852],[5.0617,45.0863],[5.0641,45.0865],[5.0662,45.0875],[5.0689,45.0854],[5.0695,45.084],[5.0692,45.0827],[5.069,45.0812],[5.0687,45.0783],[5.0681,45.0753],[5.068,45.0742],[5.0595,45.072],[5.0562,45.0726]]]},"properties":{"id_ffco":"13849","nom":"Les 6 grottes - Mours St Eusèbe","_dept":"26","numero":"2023-D26-194","commune":"MOURS SAINT EUSEBE","echelle":"1/6000","surface":"1.5 km²","format":"A4","annee":"2023","cartographes":"DECHAVANNE Franck","proprietaire":"26 - Drôme","niveau":"Régional","specialite":"CO à pied","contacts":"CDCO 26, cdco.drome@gmail.com, http://cdco26.fr/","latitude":"45.0791804403","longitude":"5.06204744253","date_saisie":"26/02/2023","date_depot":"02/07/2024","valide":"Oui","ppo":"Non","type_carte":"Nouvelle carte","fond":"Laser","obsolete":false}},{"type":"Feature","geometry":{"type":"Polygon","coordinates":[[[4.874,44.9109],[4.8719,44.9111],[4.8715,44.9121],[4.8727,44.916],[4.8729,44.9177],[4.8743,44.9207],[4.8758,44.9228],[4.8768,44.9222],[4.8767,44.9214],[4.8764,44.9186],[4.876,44.9167],[4.8768,44.9162],[4.8771,44.9154],[4.8767,44.9146],[4.874,44.9109]]]},"properties":{"id_ffco":"13831","nom":"L'Epervière - Valence","_dept":"26","numero":"2023-D26-192","commune":"VALENCE","echelle":"1/5000","surface":"0.32 km²","format":"A4","annee":"2023","cartographes":"MERCIER Bruno","proprietaire":"26 - Drôme","niveau":"Initiation, Scolaire","specialite":"CO à pied","contacts":"CDCO 26, cdco26@free.fr, http://cdco26.free.fr/index.html","latitude":"44.9161634419","longitude":"4.87449162938","date_saisie":"08/02/2023","date_depot":"02/07/2024","valide":"Oui","ppo":"Non","type_carte":"Nouvelle carte","fond":"Ortho","obsolete":false}},{"type":"Feature","geometry":{"type":"Polygon","coordinates":[[[4.8072,45.1946],[4.8094,45.1943],[4.8099,45.1935],[4.8106,45.1935],[4.8108,45.1937],[4.8111,45.1942],[4.8117,45.1945],[4.8134,45.1952],[4.8147,45.1964],[4.8151,45.2036],[4.8152,45.2053],[4.8136,45.2053],[4.8137,45.2037],[4.8132,45.2025],[4.8116,45.2012],[4.8096,45.2001],[4.8081,45.1989],[4.8074,45.1983],[4.8073,45.1956],[4.8072,45.1946]]]},"properties":{"id_ffco":"13790","nom":"Parc de la Ronceraie - Laveyron","_dept":"26","numero":"2023-D26-191","commune":"LAVEYRON","echelle":"1/4000","surface":"0.45 km²","format":"A4","annee":"2023","cartographes":"B. Deroux,B. Mercier","proprietaire":"2604 - CLUB DE ROMANS DE COURSE D'ORIENTATION","niveau":"Régional","specialite":"Sprint (ISSOM)","latitude":"45.1983754512","longitude":"4.81163887268","date_saisie":"04/01/2023","date_depot":"19/06/2025","valide":"Oui","ppo":"Non","type_carte":"Nouvelle carte","fond":"Cadastre","obsolete":false}},{"type":"Feature","geometry":{"type":"Polygon","coordinates":[[[4.9512,45.2338],[4.9524,45.2346],[4.9527,45.235],[4.9534,45.2352],[4.9543,45.236],[4.9548,45.2364],[4.9557,45.2359],[4.956,45.2353],[4.9562,45.234],[4.9561,45.2332],[4.9554,45.2322],[4.9543,45.2314],[4.9536,45.2309],[4.9529,45.2314],[4.9524,45.2321],[4.9518,45.2325],[4.9513,45.2331],[4.9505,45.2334],[4.9512,45.2338]]]},"properties":{"id_ffco":"13694","nom":"Foyer de Charité","_dept":"26","numero":"2022-D26-190","commune":"CHATEAUNEUF DE GALAURE","echelle":"1/4000","surface":"0.14 km²","format":"A5","annee":"2022","cartographes":"B. Deroux","proprietaire":"2604 - CLUB DE ROMANS DE COURSE D'ORIENTATION","niveau":"National, International","specialite":"Sprint (ISSOM)","contacts":"CLUB ROMANS CO - CROCO, coromans2604@gmail.com","latitude":"45.2336183587","longitude":"4.95392185811","date_saisie":"04/12/2022","date_depot":"02/07/2024","valide":"Oui","ppo":"Non","type_carte":"Reprise","base":"2008-D26-1040 LA CHARITE COLLEGE JEUNES FILLES - CHATEAUNEUF DE GALAURE","fond":"Laser","obsolete":false}},{"type":"Feature","geometry":{"type":"Polygon","coordinates":[[[4.9512,45.2272],[4.9517,45.2278],[4.9519,45.2283],[4.9536,45.2273],[4.9532,45.2268],[4.9527,45.2263],[4.9512,45.2272]]]},"properties":{"id_ffco":"13696","nom":"Lycée Les Mandailles Châteuneuf de Galaure","_dept":"26","numero":"2022-D26-189","commune":"CHATEAUNEUF DE GALAURE","echelle":"1/1000","surface":"0.02 km²","format":"A5","annee":"2022","cartographes":"B. Deroux","proprietaire":"2604 - CLUB DE ROMANS DE COURSE D'ORIENTATION","niveau":"Initiation, Scolaire","specialite":"Sprint (ISSOM)","contacts":"CLUB ROMANS CO - CROCO, coromans2604@gmail.com","latitude":"45.2272773896","longitude":"4.95239222944","date_saisie":"04/12/2022","date_depot":"02/07/2024","valide":"Oui","ppo":"Non","type_carte":"Nouvelle carte","fond":"Ortho","obsolete":false}},{"type":"Feature","geometry":{"type":"Polygon","coordinates":[[[4.9497,45.2233],[4.9526,45.2259],[4.9531,45.2257],[4.9553,45.2241],[4.9541,45.2227],[4.9541,45.2215],[4.953,45.22],[4.9515,45.2213],[4.9497,45.2233]]]},"properties":{"id_ffco":"13695","nom":"Camping Tohapi Châteauneuf de Galaure","_dept":"26","numero":"2022-D26-188","commune":"CHATEAUNEUF DE GALAURE","echelle":"1/4000","surface":"0.15 km²","format":"A5","annee":"2022","cartographes":"B. Deroux","proprietaire":"2604 - CLUB DE ROMANS DE COURSE D'ORIENTATION","niveau":"Régional","specialite":"Sprint (ISSOM)","contacts":"CLUB ROMANS CO - CROCO, coromans2604@gmail.com","latitude":"45.223152403","longitude":"4.95256997848","date_saisie":"04/12/2022","date_depot":"02/07/2024","valide":"Oui","ppo":"Non","type_carte":"Nouvelle carte","fond":"Ortho","obsolete":false}},{"type":"Feature","geometry":{"type":"Polygon","coordinates":[[[4.8127,45.1774],[4.8131,45.1785],[4.8136,45.18],[4.8137,45.1808],[4.8137,45.182],[4.8137,45.1834],[4.8152,45.1835],[4.8159,45.1827],[4.8168,45.1817],[4.8171,45.1814],[4.818,45.1808],[4.8184,45.18],[4.8175,45.1798],[4.8176,45.1791],[4.817,45.1789],[4.8172,45.1784],[4.8189,45.1781],[4.8206,45.1781],[4.8217,45.1777],[4.8225,45.1775],[4.8229,45.1768],[4.8229,45.1764],[4.8193,45.1765],[4.8186,45.1767],[4.8175,45.177],[4.8164,45.177],[4.8151,45.1771],[4.8147,45.1771],[4.8132,45.1764],[4.8127,45.1766],[4.8127,45.1774]]]},"properties":{"id_ffco":"13693","nom":"Ville de Saint Vallier","_dept":"26","numero":"2022-D26-187","commune":"SAINT VALLIER","echelle":"1/4000","surface":"0.28 km²","format":"A4","annee":"2022","cartographes":"B. Deroux","proprietaire":"2604 - CLUB DE ROMANS DE COURSE D'ORIENTATION","niveau":"National, International","specialite":"Sprint (ISSOM)","contacts":"CLUB ROMANS CO - CROCO, coromans2604@gmail.com","latitude":"45.1791624395","longitude":"4.8164074913","date_saisie":"04/12/2022","date_depot":"19/06/2025","valide":"Oui","ppo":"Non","type_carte":"Nouvelle carte","fond":"Cadastre","obsolete":false}},{"type":"Feature","geometry":{"type":"Polygon","coordinates":[[[5.0383,44.8229],[5.0389,44.824],[5.0407,44.8261],[5.0426,44.8278],[5.0433,44.831],[5.0462,44.8306],[5.0482,44.8268],[5.0469,44.8237],[5.0454,44.8199],[5.0428,44.8198],[5.0414,44.8207],[5.0383,44.8229]]]},"properties":{"id_ffco":"13666","nom":"Château de La Baume Cornillane","_dept":"26","numero":"2022-D26-186","commune":"LA BAUME CORNILLANE","echelle":"1/2500","surface":"0.57 km²","format":"A4","annee":"2022","cartographes":"Philippe Bourseaux","proprietaire":"2604 - CLUB DE ROMANS DE COURSE D'ORIENTATION","niveau":"Initiation, Scolaire","specialite":"CO à pied","contacts":"CDCO 26, cdco.drome@gmail.com, http://cdco26.fr/","latitude":"44.82500326","longitude":"5.04377922756","date_saisie":"16/11/2022","date_depot":"01/07/2024","valide":"Oui","ppo":"Oui (20 postes)","type_carte":"Nouvelle carte","fond":"Ortho","obsolete":false}},{"type":"Feature","geometry":{"type":"Polygon","coordinates":[[[4.9239,45.0119],[4.9227,45.0097],[4.9234,45.0089],[4.9278,45.0072],[4.9314,45.0067],[4.9325,45.0062],[4.9344,45.0064],[4.9401,45.0064],[4.9428,45.0069],[4.9444,45.0106],[4.9449,45.0181],[4.9426,45.0191],[4.9394,45.0172],[4.9367,45.0162],[4.9326,45.0153],[4.9296,45.0145],[4.9239,45.0119]]]},"properties":{"id_ffco":"14289","nom":"Châteauneuf sur Isère Sprint","_dept":"26","numero":"2023-D26-185","commune":"CHATEAUNEUF SUR ISERE","echelle":"1/4000","surface":"1.59 km²","format":"A3","annee":"2023","cartographes":"MERCIER Bruno","proprietaire":"2604 - CLUB DE ROMANS DE COURSE D'ORIENTATION","niveau":"National, International","specialite":"Sprint (ISSOM)","contacts":"CLUB ROMANS ORIENTATION, coromans2604@gmail.com, http://romans.orientation.free.fr/","latitude":"45.0115395321","longitude":"4.93557170492","date_saisie":"29/12/2023","date_depot":"27/06/2024","valide":"Oui","ppo":"Non","type_carte":"Nouvelle carte","fond":"Laser","obsolete":false}},{"type":"Feature","geometry":{"type":"Polygon","coordinates":[[[5.4071,44.8725],[5.4066,44.8725],[5.4055,44.8733],[5.405,44.8742],[5.4045,44.8747],[5.4034,44.8744],[5.4019,44.8746],[5.4015,44.8745],[5.4006,44.8741],[5.3988,44.8748],[5.3997,44.8753],[5.399,44.8768],[5.3997,44.88],[5.3994,44.8823],[5.4003,44.8852],[5.4008,44.887],[5.4034,44.8901],[5.4045,44.8911],[5.405,44.893],[5.4057,44.896],[5.406,44.8982],[5.4074,44.9006],[5.4091,44.9019],[5.4098,44.9034],[5.4123,44.904],[5.4134,44.9042],[5.415,44.9061],[5.4163,44.9056],[5.4159,44.9009],[5.4155,44.8986],[5.4155,44.8961],[5.4156,44.8944],[5.4152,44.8927],[5.4144,44.8914],[5.4126,44.8879],[5.4117,44.8855],[5.4112,44.8834],[5.4119,44.8821],[5.4118,44.88],[5.41,44.8761],[5.4085,44.8734],[5.4071,44.8725]]]},"properties":{"id_ffco":"13961","nom":"Forêt de la Trompe","_dept":"26","numero":"2023-D26-183","commune":"Vassieux","echelle":"1/10000","surface":"2.75 km²","format":"A4","annee":"2023","cartographes":"DECHAVANNE Franck","proprietaire":"26 - Drôme","niveau":"National, International","specialite":"CO à pied","contacts":"CDCO 26, cdco.drome@gmail.com, http://cdco26.fr/","latitude":"44.8881038637","longitude":"5.40794828299","date_saisie":"04/06/2023","date_depot":"01/07/2024","valide":"Oui","ppo":"Oui (25 postes)","type_carte":"Reprise","base":"2002-D26-25 LA TROMPE","fond":"Laser","obsolete":false}},{"type":"Feature","geometry":{"type":"Polygon","coordinates":[[[5.3355,44.9054],[5.3391,44.9056],[5.34,44.9063],[5.3413,44.9051],[5.3425,44.9055],[5.3441,44.9073],[5.3467,44.9087],[5.3472,44.9096],[5.3541,44.9099],[5.3548,44.9099],[5.3555,44.9083],[5.3565,44.9074],[5.3591,44.9097],[5.3624,44.9139],[5.3656,44.9196],[5.3681,44.9239],[5.3701,44.9284],[5.3725,44.935],[5.3731,44.9381],[5.371,44.9394],[5.3662,44.9383],[5.3614,44.9368],[5.3563,44.9371],[5.3519,44.9371],[5.3494,44.9369],[5.3426,44.9351],[5.3395,44.9351],[5.3358,44.9359],[5.3322,44.9353],[5.3306,44.932],[5.3298,44.9277],[5.3286,44.9199],[5.3276,44.913],[5.3278,44.9101],[5.3302,44.9107],[5.3317,44.9105],[5.3327,44.9087],[5.3344,44.9076],[5.3355,44.9054]]]},"properties":{"id_ffco":"13570","nom":"Font d'Urle Chaud Clapier la nordique CO à VTT","_dept":"26","numero":"2022-D26-182","commune":"BOUVANTE","echelle":"1/12500","surface":"9.41 km²","format":"A3","annee":"2022","cartographes":"MIDENA Benjamin","proprietaire":"26 - Drôme","niveau":"National, International","specialite":"CO à VTT","contacts":"CDCO 26, cdco.drome@gmail.com, http://cdco26.fr/","latitude":"44.923117122","longitude":"5.34865475674","date_saisie":"16/09/2022","date_depot":"17/05/2023","valide":"Oui","ppo":"Non","type_carte":"Nouvelle carte","fond":"Ortho","obsolete":false}},{"type":"Feature","geometry":{"type":"Polygon","coordinates":[[[5.3309,44.911],[5.3329,44.9095],[5.3348,44.9075],[5.3354,44.9055],[5.3348,44.9037],[5.3344,44.9026],[5.3326,44.9018],[5.3286,44.9007],[5.3268,44.9008],[5.3246,44.9016],[5.3216,44.9032],[5.3173,44.9051],[5.3124,44.9085],[5.312,44.9116],[5.3119,44.9146],[5.3124,44.9173],[5.3125,44.9206],[5.3165,44.9219],[5.3198,44.9225],[5.323,44.9217],[5.3245,44.9202],[5.3255,44.9184],[5.3252,44.9154],[5.3256,44.912],[5.326,44.9105],[5.3265,44.91],[5.3287,44.9104],[5.3309,44.911]]]},"properties":{"id_ffco":"13569","nom":"Font d'Urle l'Alpine CO à VTT","_dept":"26","numero":"2022-D26-181","commune":"BOUVANTE","echelle":"1/10000","surface":"2.68 km²","format":"A4","annee":"2022","cartographes":"MIDENA Benjamin","niveau":"National, International","specialite":"CO à VTT","contacts":"CDCO 26, cdco.drome@gmail.com, http://cdco26.fr/","latitude":"44.9109906058","longitude":"5.32211277481","date_saisie":"16/09/2022","date_depot":"17/05/2023","valide":"Oui","ppo":"Non","type_carte":"Nouvelle carte","fond":"Ortho","obsolete":false}},{"type":"Feature","geometry":{"type":"Polygon","coordinates":[[[4.9459,45.2907],[4.9465,45.2912],[4.9469,45.2912],[4.9475,45.2915],[4.9486,45.2915],[4.951,45.2916],[4.9518,45.2909],[4.9517,45.2907],[4.9504,45.2905],[4.9502,45.2891],[4.9469,45.2891],[4.9461,45.2891],[4.9459,45.2907]]]},"properties":{"id_ffco":"13464","nom":"Plateaux sportifs - St Sorlin en Valloire","_dept":"26","numero":"2022-D26-180","commune":"ST SORLIN EN VALLOIRE","echelle":"1/1500","surface":"0.1 km²","format":"A4","annee":"2022","cartographes":"B. Deroux","proprietaire":"26 - Drôme","niveau":"Initiation, Scolaire","specialite":"CO à pied","contacts":"CDCO 26, cdco.drome@gmail.com, http://cdco26.fr/","latitude":"45.2903351464","longitude":"4.94850445664","date_saisie":"23/07/2022","date_depot":"17/05/2023","valide":"Oui","ppo":"Non","type_carte":"Reprise","base":"2004-D26-1032 PLATEAU SPORTIF COLLEGE BRUNET - ST SORLIN EN VALLOIRE","fond":"Ortho","obsolete":false}},{"type":"Feature","geometry":{"type":"Polygon","coordinates":[[[5.4011,44.8388],[5.4055,44.8411],[5.408,44.845],[5.411,44.8511],[5.4157,44.8575],[5.4169,44.8581],[5.4197,44.8575],[5.4214,44.8554],[5.425,44.8571],[5.4305,44.8562],[5.4358,44.8523],[5.4408,44.8489],[5.4444,44.8442],[5.4484,44.8391],[5.4536,44.8352],[5.4572,44.8326],[5.4567,44.8288],[5.4526,44.8282],[5.4491,44.8289],[5.4458,44.8297],[5.4389,44.8278],[5.4353,44.8285],[5.4326,44.8281],[5.4308,44.8267],[5.4281,44.8276],[5.4172,44.8256],[5.4143,44.8307],[5.4123,44.8313],[5.408,44.8304],[5.4037,44.8325],[5.4015,44.837],[5.4011,44.8388]]]},"properties":{"id_ffco":"13463","nom":"Col de Rousset","_dept":"26","numero":"2022-D26-179","commune":"ST AGNAN EN VERCORS","echelle":"1/10000","surface":"9.61 km²","format":"A3","annee":"2022","cartographes":"DECHAVANNE Franck","proprietaire":"26 - Drôme","niveau":"National, International","specialite":"CO à pied","contacts":"CDCO 26, cdco.drome@gmail.com, http://cdco26.fr/","latitude":"44.8401155615","longitude":"5.42716515237","date_saisie":"23/07/2022","date_depot":"27/06/2024","valide":"Oui","ppo":"Non","type_carte":"Reprise","base":"2002-D26-26 PLATEAU DE BEURE COL DU ROUSSET","fond":"Ortho","obsolete":false}},{"type":"Feature","geometry":{"type":"Polygon","coordinates":[[[4.6738,44.3684],[4.6802,44.3679],[4.6799,44.3664],[4.6802,44.3659],[4.6812,44.3657],[4.6816,44.3677],[4.6842,44.3675],[4.6851,44.3669],[4.6852,44.3664],[4.6844,44.3653],[4.681,44.3627],[4.678,44.3633],[4.6784,44.3647],[4.6769,44.365],[4.6734,44.3652],[4.6738,44.3684]]]},"properties":{"id_ffco":"13442","nom":"Plan d'eau de Pignedoré - Pierrelatte","_dept":"26","numero":"2022-D26-178","commune":"PIERRELATTE","echelle":"1/3500","surface":"0.34 km²","format":"A4","annee":"2022","cartographes":"COUPAT Gerard","proprietaire":"26 - Drôme","niveau":"Initiation, Scolaire","specialite":"CO à pied","contacts":"CDCO 26, cdco.drome@gmail.com, http://cdco26.fr/","latitude":"44.3659013535","longitude":"4.67918915075","date_saisie":"03/07/2022","date_depot":"17/05/2023","valide":"Oui","ppo":"Oui (25 postes)","type_carte":"Reprise","base":"2007-D26-1038 LA PIGNEDOREE - PIERRELATTE","fond":"Ortho","obsolete":false}},{"type":"Feature","geometry":{"type":"Polygon","coordinates":[[[4.8157,45.1784],[4.8161,45.1785],[4.8168,45.1784],[4.8173,45.1784],[4.8186,45.178],[4.8209,45.1779],[4.8216,45.1776],[4.8223,45.1776],[4.8226,45.1771],[4.8229,45.176],[4.8235,45.1752],[4.8243,45.1747],[4.8249,45.1745],[4.8257,45.1747],[4.8258,45.1744],[4.8247,45.1737],[4.8231,45.1732],[4.8227,45.1735],[4.8216,45.1746],[4.8211,45.1751],[4.8207,45.1755],[4.8197,45.1761],[4.8189,45.1767],[4.8174,45.1771],[4.8165,45.1772],[4.8156,45.1777],[4.8157,45.1784]]]},"properties":{"id_ffco":"13397","nom":"Les jardins de la Galaure - St Vallier","_dept":"26","numero":"2022-D26-177","commune":"SAINT VALLIER","echelle":"1/3500","surface":"0.15 km²","format":"A4","annee":"2022","cartographes":"Nicolas RIO,B. Deroux","proprietaire":"26 - Drôme","niveau":"Initiation, Scolaire","specialite":"CO à pied","latitude":"45.1761756436","longitude":"4.82088720498","date_saisie":"03/06/2022","date_depot":"17/05/2023","valide":"Oui","ppo":"Non","type_carte":"Reprise","base":"2021-D26-164 Les jardins de la Galaure (St Vallier)","fond":"Ortho","obsolete":false}},{"type":"Feature","geometry":{"type":"Polygon","coordinates":[[[5.0952,44.6577],[5.0952,44.6548],[5.096,44.6548],[5.0983,44.6561],[5.1,44.6563],[5.1032,44.6563],[5.1056,44.6563],[5.108,44.6563],[5.1106,44.6563],[5.1136,44.6557],[5.1185,44.6545],[5.1193,44.6551],[5.118,44.6567],[5.1146,44.6583],[5.1096,44.6596],[5.1069,44.662],[5.1036,44.6626],[5.1015,44.6644],[5.0992,44.6651],[5.0948,44.6653],[5.093,44.6652],[5.0925,44.6628],[5.0914,44.6588],[5.0936,44.6582],[5.0952,44.6577]]]},"properties":{"id_ffco":"13310","nom":"Forêt départementale de Saou","_dept":"26","numero":"2022-D26-175","commune":"SAOU","echelle":"1/7500","surface":"1.33 km²","format":"A4","annee":"2022","cartographes":"DECHAVANNE Franck","proprietaire":"26 - Drôme","niveau":"Départemental","specialite":"CO à pied","latitude":"44.6596376076","longitude":"5.1022888032","date_saisie":"21/03/2022","date_depot":"17/05/2023","valide":"Oui","ppo":"Non","type_carte":"Nouvelle carte","fond":"Ortho","obsolete":false}},{"type":"Feature","geometry":{"type":"Polygon","coordinates":[[[4.9214,44.9285],[4.9228,44.9284],[4.9227,44.9278],[4.9221,44.9274],[4.9219,44.9276],[4.9212,44.9277],[4.9214,44.9285]]]},"properties":{"id_ffco":"13303","nom":"Ecole Pierre Rigaud - Valence","_dept":"26","numero":"2022-D26-174","commune":"VALENCE","echelle":"1/750","surface":"0.01 km²","format":"A4","annee":"2022","cartographes":"B. Deroux","proprietaire":"26 - Drôme","niveau":"Initiation, Scolaire","specialite":"CO à pied","latitude":"44.9280136364","longitude":"4.92201199811","date_saisie":"16/03/2022","date_depot":"17/05/2023","valide":"Oui","ppo":"Non","type_carte":"Nouvelle carte","fond":"Cadastre","obsolete":false}},{"type":"Feature","geometry":{"type":"Polygon","coordinates":[[[5.3258,44.9101],[5.3268,44.9097],[5.3296,44.9109],[5.3312,44.911],[5.3324,44.9101],[5.3335,44.9087],[5.3352,44.9074],[5.3356,44.9056],[5.335,44.9042],[5.3354,44.903],[5.3335,44.9021],[5.3317,44.9011],[5.3297,44.9008],[5.3271,44.9005],[5.3236,44.8996],[5.3238,44.9022],[5.324,44.9058],[5.3249,44.9097],[5.3258,44.9101]]]},"properties":{"id_ffco":"13274","nom":"Font d'Urle l'Alpine - CO à Ski","_dept":"26","numero":"2022-D26-173","commune":"BOUVANTE","echelle":"1/5000","surface":"0.88 km²","format":"A4","annee":"2022","cartographes":"B. Deroux,M Cotirta","proprietaire":"26 - Drôme","niveau":"National, International","specialite":"CO à ski","contacts":"CDCO 26, cdco26@free.fr, http://cdco26.free.fr/index.html","latitude":"44.9053443214","longitude":"5.32924543648","date_saisie":"23/02/2022","date_depot":"17/05/2023","valide":"Oui","ppo":"Non","type_carte":"Nouvelle carte","fond":"Ortho","obsolete":false}},{"type":"Feature","geometry":{"type":"Polygon","coordinates":[[[4.9186,44.8677],[4.9199,44.8682],[4.9207,44.8685],[4.9215,44.8684],[4.9216,44.868],[4.9226,44.8659],[4.9221,44.8647],[4.9226,44.8641],[4.9212,44.8634],[4.9192,44.8639],[4.9173,44.8636],[4.9163,44.8656],[4.9171,44.8667],[4.9185,44.867],[4.9186,44.8677]]]},"properties":{"id_ffco":"13027","nom":"Domaine de Lorient - Montéléger","_dept":"26","numero":"2021-D26-172","commune":"MONTELEGER","echelle":"1/2500","surface":"0.19 km²","format":"A4","annee":"2021","cartographes":"Philippe Bourseaux,ANTOINE Alain","proprietaire":"26 - Drôme","niveau":"Initiation, Scolaire","specialite":"CO à pied","contacts":"CDCO 26, cdco26@free.fr, http://cdco26.free.fr/index.html // CONSEIL GENERAL DROME, 04 75 79 26 26","latitude":"44.8657215692","longitude":"4.91971564788","date_saisie":"18/11/2021","date_depot":"07/03/2022","valide":"Oui","ppo":"Oui (20 postes)","type_carte":"Reprise","base":"2005-D26-1034 DOMAINE DE LORIENT - MONTELEGER","fond":"Ortho","obsolete":false}},{"type":"Feature","geometry":{"type":"Polygon","coordinates":[[[5.055,45.0474],[5.0554,45.0468],[5.0571,45.0472],[5.0571,45.0475],[5.0564,45.0475],[5.0556,45.0474],[5.055,45.0474]]]},"properties":{"id_ffco":"12997","nom":"Parc Pierre Brunet - Romans sur Isère","_dept":"26","numero":"2021-D26-171","commune":"ROMANS SUR ISERE","echelle":"1/750","surface":"0.01 km²","format":"A4","annee":"2021","cartographes":"B. Deroux","proprietaire":"2604 - CLUB DE ROMANS DE COURSE D'ORIENTATION","niveau":"Initiation, Scolaire","specialite":"CO à pied","contacts":"CLUB ROMANS CO - CROCO, coromans2604@gmail.com","latitude":"45.0472281359","longitude":"5.05611386019","date_saisie":"11/11/2021","date_depot":"07/03/2022","valide":"Oui","ppo":"Non","type_carte":"Nouvelle carte","fond":"Ortho","obsolete":false}},{"type":"Feature","geometry":{"type":"Polygon","coordinates":[[[4.7959,44.499],[4.7968,44.4991],[4.7984,44.4986],[4.7984,44.4976],[4.7969,44.4969],[4.7961,44.4968],[4.7956,44.4969],[4.7956,44.4971],[4.7959,44.498],[4.7956,44.4985],[4.7959,44.499]]]},"properties":{"id_ffco":"13662","nom":"Vieux village d'Allan","_dept":"26","numero":"2021-D26-170","commune":"ALLAN","echelle":"1/1250","surface":"0.04 km²","format":"A4","annee":"2021","cartographes":"COUPAT Gerard","proprietaire":"26 - Drôme","niveau":"Initiation, Scolaire","specialite":"CO à pied","contacts":"CDCO 26, cdco.drome@gmail.com, http://cdco26.fr/","latitude":"44.4979681264","longitude":"4.79691363701","date_saisie":"14/11/2022","date_depot":"17/05/2023","valide":"Oui","ppo":"Oui (25 postes)","type_carte":"Nouvelle carte","fond":"Ortho","obsolete":false}},{"type":"Feature","geometry":{"type":"Polygon","coordinates":[[[5.216,45.0602],[5.2176,45.0587],[5.2149,45.0579],[5.2129,45.0574],[5.2113,45.0573],[5.2105,45.058],[5.2147,45.0599],[5.216,45.0602]]]},"properties":{"id_ffco":"12983","nom":"Le Chalutier - La Baume d'Hostun","_dept":"26","numero":"2021-D26-167","commune":"LA BAUME D'HOSTUN","echelle":"1/4000","surface":"0.09 km²","format":"A5","annee":"2021","cartographes":"B. Deroux","proprietaire":"2604 - CLUB DE ROMANS DE COURSE D'ORIENTATION","niveau":"Initiation, Scolaire","specialite":"Sprint (ISSOM)","contacts":"CLUB ROMANS ORIENTATION, coromans2604@gmail.com, http://romans.orientation.free.fr/","latitude":"45.0586034484","longitude":"5.21415012482","date_saisie":"03/11/2021","date_depot":"07/03/2022","valide":"Oui","ppo":"Non","type_carte":"Nouvelle carte","fond":"Ortho","obsolete":false}},{"type":"Feature","geometry":{"type":"Polygon","coordinates":[[[5.1799,45.0276],[5.177,45.0268],[5.1743,45.0265],[5.1734,45.0267],[5.1738,45.028],[5.1738,45.0285],[5.1732,45.0299],[5.1718,45.0305],[5.1734,45.0326],[5.1757,45.0302],[5.1764,45.0293],[5.1772,45.0288],[5.178,45.0289],[5.1797,45.0284],[5.1799,45.0276]]]},"properties":{"id_ffco":"12981","nom":"VIllage de Jaillans","_dept":"26","numero":"2021-D26-166","commune":"JAILLANS","echelle":"1/4000","surface":"0.18 km²","format":"A4","annee":"2021","cartographes":"B. Deroux","proprietaire":"2604 - CLUB DE ROMANS DE COURSE D'ORIENTATION","niveau":"Régional","specialite":"Sprint (ISSOM)","contacts":"CLUB ROMANS ORIENTATION, coromans2604@gmail.com, http://romans.orientation.free.fr/","latitude":"45.0288967122","longitude":"5.17540925423","date_saisie":"03/11/2021","date_depot":"07/03/2022","valide":"Oui","ppo":"Non","type_carte":"Nouvelle carte","fond":"Cadastre","obsolete":false}},{"type":"Feature","geometry":{"type":"Polygon","coordinates":[[[5.2232,45.0558],[5.2253,45.0572],[5.2274,45.056],[5.2281,45.0562],[5.2302,45.0556],[5.2302,45.0547],[5.2306,45.0542],[5.2298,45.0531],[5.2292,45.0527],[5.2282,45.0533],[5.2275,45.053],[5.2258,45.0531],[5.2247,45.0534],[5.2238,45.0545],[5.2232,45.0558]]]},"properties":{"id_ffco":"12982","nom":"Village de La Baume d'Hostun","_dept":"26","numero":"2021-D26-165","commune":"LA BAUME D'HOSTUN","echelle":"1/4000","surface":"0.18 km²","format":"A4","annee":"2021","cartographes":"B. Deroux","proprietaire":"2604 - CLUB DE ROMANS DE COURSE D'ORIENTATION","niveau":"Régional","specialite":"Sprint (ISSOM)","contacts":"CLUB ROMANS ORIENTATION, coromans2604@gmail.com, http://romans.orientation.free.fr/","latitude":"45.0547886318","longitude":"5.22685890375","date_saisie":"03/11/2021","date_depot":"07/03/2022","valide":"Oui","ppo":"Non","type_carte":"Nouvelle carte","fond":"Cadastre","obsolete":false}},{"type":"Feature","geometry":{"type":"Polygon","coordinates":[[[5.0829,45.043],[5.0823,45.043],[5.0815,45.0427],[5.0814,45.0425],[5.0806,45.0424],[5.0804,45.0424],[5.0803,45.0429],[5.0806,45.0435],[5.0808,45.0437],[5.0812,45.0441],[5.0815,45.0435],[5.0819,45.0437],[5.0823,45.0441],[5.083,45.0431],[5.0829,45.043]]]},"properties":{"id_ffco":"12953","nom":"Collège Lapassat - Romans sur Isère","_dept":"26","numero":"2021-D26-163","commune":"ROMANS SUR ISERE","echelle":"1/1000","surface":"0.02 km²","format":"A4","annee":"2021","cartographes":"B. Deroux","proprietaire":"26 - Drôme","niveau":"Initiation, Scolaire","specialite":"CO à pied","contacts":"CDCO 26, cdco.drome@gmail.com, http://cdco26.fr/","latitude":"45.0431994828","longitude":"5.08152133928","date_saisie":"13/10/2021","date_depot":"07/03/2022","valide":"Oui","ppo":"Non","type_carte":"Nouvelle carte","fond":"Cadastre","obsolete":false}},{"type":"Feature","geometry":{"type":"Polygon","coordinates":[[[5.0634,44.7161],[5.0646,44.7166],[5.0656,44.717],[5.0657,44.717],[5.0655,44.715],[5.0633,44.7151],[5.0634,44.7161]]]},"properties":{"id_ffco":"12940","nom":"Stade et tennis de Aouste sur Sye","_dept":"26","numero":"2021-D26-162","commune":"AOUSTE SUR SYE","echelle":"1/1000","surface":"0.03 km²","format":"A4","annee":"2021","cartographes":"B. Deroux","proprietaire":"26 - Drôme","niveau":"Initiation, Scolaire","specialite":"Sprint (ISSOM)","contacts":"CDCO 26, cdco.drome@gmail.com, http://cdco26.fr/","latitude":"44.7158611872","longitude":"5.06459115513","date_saisie":"09/10/2021","date_depot":"07/03/2022","valide":"Oui","ppo":"Non","type_carte":"Nouvelle carte","fond":"Cadastre","obsolete":false}},{"type":"Feature","geometry":{"type":"Polygon","coordinates":[[[5.0151,44.7313],[5.0157,44.732],[5.0167,44.7313],[5.0159,44.7306],[5.0151,44.7313]]]},"properties":{"id_ffco":"12942","nom":"Lycée Armorin Crest","_dept":"26","numero":"2021-D26-161","commune":"CREST","echelle":"1/750","surface":"0.01 km²","format":"A4","annee":"2021","cartographes":"B. Deroux","proprietaire":"26 - Drôme","niveau":"Initiation, Scolaire","specialite":"CO à pied","contacts":"CDCO 26, cdco.drome@gmail.com, http://cdco26.fr/","latitude":"44.7312917003","longitude":"5.0158790192","date_saisie":"09/10/2021","date_depot":"07/03/2022","valide":"Oui","ppo":"Non","type_carte":"Nouvelle carte","fond":"Cadastre","obsolete":false}},{"type":"Feature","geometry":{"type":"Polygon","coordinates":[[[5.0132,44.7327],[5.0122,44.7315],[5.014,44.731],[5.0147,44.7308],[5.015,44.7313],[5.0132,44.7327]]]},"properties":{"id_ffco":"12941","nom":"Stade du Lycée Armorin","_dept":"26","numero":"2021-D26-160","commune":"CREST","echelle":"1/1000","surface":"0.02 km²","format":"A4","annee":"2021","cartographes":"B. Deroux","proprietaire":"26 - Drôme","niveau":"Initiation, Scolaire","specialite":"Sprint (ISSOM)","contacts":"CDCO 26, cdco.drome@gmail.com, http://cdco26.fr/","latitude":"44.7316590607","longitude":"5.01357906622","date_saisie":"09/10/2021","date_depot":"07/03/2022","valide":"Oui","ppo":"Non","type_carte":"Nouvelle carte","fond":"Ortho","obsolete":false}},{"type":"Feature","geometry":{"type":"Polygon","coordinates":[[[4.983,44.7351],[4.9816,44.7334],[4.9796,44.7337],[4.9774,44.7343],[4.9764,44.7349],[4.9783,44.7369],[4.9816,44.7357],[4.983,44.7351]]]},"properties":{"id_ffco":"12939","nom":"Ecosite du Val de Drôme","_dept":"26","numero":"2021-D26-159","commune":"EURRE","echelle":"1/2000","surface":"0.12 km²","format":"A4","annee":"2021","cartographes":"B. Deroux","proprietaire":"26 - Drôme","niveau":"Initiation, Scolaire","specialite":"Sprint (ISSOM)","latitude":"44.7350113404","longitude":"4.9796252118","date_saisie":"09/10/2021","date_depot":"07/03/2022","valide":"Oui","ppo":"Non","type_carte":"Nouvelle carte","fond":"Cadastre","obsolete":false}},{"type":"Feature","geometry":{"type":"Polygon","coordinates":[[[5.0764,44.9711],[5.0774,44.9707],[5.0767,44.9695],[5.0795,44.9682],[5.0834,44.9666],[5.0821,44.9636],[5.0809,44.9613],[5.0802,44.9607],[5.0771,44.9615],[5.075,44.9644],[5.0734,44.9649],[5.0722,44.965],[5.0741,44.9698],[5.0764,44.9711]]]},"properties":{"id_ffco":"12887","nom":"Village de Bésayes","_dept":"26","numero":"2021-D26-158","commune":"BESAYES","echelle":"1/4000","surface":"0.54 km²","format":"A4","annee":"2021","cartographes":"J. Pain","proprietaire":"2604 - CLUB DE ROMANS DE COURSE D'ORIENTATION","niveau":"Départemental","specialite":"Sprint (ISSOM)","contacts":"CLUB ROMANS CO - CROCO, coromans2604@gmail.com","latitude":"44.9656745991","longitude":"5.07779749627","date_saisie":"21/09/2021","date_depot":"07/03/2022","valide":"Oui","ppo":"Non","type_carte":"Nouvelle carte","fond":"Cadastre","obsolete":false}},{"type":"Feature","geometry":{"type":"Polygon","coordinates":[[[5.1354,45.0681],[5.1362,45.0678],[5.137,45.0674],[5.1382,45.0662],[5.1368,45.0652],[5.136,45.0659],[5.135,45.0663],[5.1342,45.0668],[5.1354,45.0681]]]},"properties":{"id_ffco":"12849","nom":"Espace culturel et sportif de la Joyeuse","_dept":"26","numero":"2021-D26-157","commune":"ST PAUL LES ROMANS","echelle":"1/1500","surface":"0.05 km²","format":"A4","annee":"2021","cartographes":"B. Deroux","proprietaire":"2604 - CLUB DE ROMANS DE COURSE D'ORIENTATION","niveau":"Initiation, Scolaire","specialite":"CO à pied","contacts":"CLUB ROMANS CO - CROCO, coromans2604@gmail.com","latitude":"45.0667194524","longitude":"5.13619889401","date_saisie":"17/08/2021","date_depot":"08/03/2022","valide":"Oui","ppo":"Non","type_carte":"Nouvelle carte","fond":"Cadastre","obsolete":false}},{"type":"Feature","geometry":{"type":"Polygon","coordinates":[[[5.0756,45.0372],[5.0755,45.0376],[5.0765,45.0377],[5.0784,45.0376],[5.0785,45.0362],[5.0764,45.0363],[5.0763,45.0368],[5.0757,45.0368],[5.0756,45.0372]]]},"properties":{"id_ffco":"12909","nom":"Stade de Pizançon","_dept":"26","numero":"2021-D26-156","commune":"CHATUZANGE LE GOUBET","echelle":"1/2000","surface":"0.03 km²","format":"A5","annee":"2021","cartographes":"J. Pain","proprietaire":"2604 - CLUB DE ROMANS DE COURSE D'ORIENTATION","niveau":"Initiation, Scolaire","specialite":"Sprint (ISSOM)","contacts":"CLUB ROMANS CO - CROCO, coromans2604@gmail.com","latitude":"45.036972806","longitude":"5.0771607054","date_saisie":"27/09/2021","date_depot":"08/03/2022","valide":"Oui","ppo":"Non","type_carte":"Nouvelle carte","fond":"Cadastre","obsolete":false}},{"type":"Feature","geometry":{"type":"Polygon","coordinates":[[[5.0208,44.7266],[5.0213,44.7277],[5.0312,44.726],[5.0316,44.7251],[5.0332,44.7238],[5.0349,44.7229],[5.0338,44.7218],[5.0295,44.7235],[5.0215,44.7266],[5.0208,44.7266]]]},"properties":{"id_ffco":"12116","nom":"Les Bords de Drôme - Crest","_dept":"26","numero":"2020-D26-152","commune":"CREST","echelle":"1/4000","surface":"0.24 km²","format":"A4","annee":"2020","cartographes":"Rémi LEQUINT","proprietaire":"26 - Drôme","niveau":"Initiation, Scolaire","specialite":"CO à pied","latitude":"44.7250897867","longitude":"5.02833308191","date_saisie":"09/09/2020","date_depot":"09/03/2021","valide":"Oui","ppo":"Non","type_carte":"Nouvelle carte","fond":"Cadastre","obsolete":false}},{"type":"Feature","geometry":{"type":"Polygon","coordinates":[[[5.0041,44.7389],[5.0076,44.7429],[5.0099,44.743],[5.0128,44.7425],[5.0155,44.7424],[5.0157,44.7411],[5.0153,44.7403],[5.0125,44.7373],[5.0116,44.7376],[5.0106,44.7366],[5.012,44.7358],[5.0125,44.7353],[5.0115,44.7343],[5.0059,44.7377],[5.0041,44.7389]]]},"properties":{"id_ffco":"12118","nom":"Crest - Chantegrillet","_dept":"26","numero":"2020-D26-151","commune":"CREST","echelle":"1/4000","surface":"0.49 km²","format":"A4","annee":"2020","cartographes":"Rémi LEQUINT","proprietaire":"26 - Drôme","niveau":"Initiation, Scolaire","specialite":"CO à pied","contacts":"CDCO 26, cdco.drome@gmail.com, http://cdco26.fr/","latitude":"44.7395150489","longitude":"5.01003227853","date_saisie":"09/09/2020","valide":"Non","ppo":"Non","type_carte":"Nouvelle carte","fond":"Cadastre","obsolete":false}},{"type":"Feature","geometry":{"type":"Polygon","coordinates":[[[4.7204,44.5559],[4.7201,44.5558],[4.7196,44.5559],[4.7197,44.5571],[4.7196,44.5573],[4.7196,44.558],[4.7207,44.558],[4.7218,44.5579],[4.7222,44.5579],[4.7222,44.557],[4.7208,44.557],[4.7205,44.5559],[4.7204,44.5559]]]},"properties":{"id_ffco":"12066","nom":"Collège Europa Montélimar","_dept":"26","numero":"2020-D26-150","commune":"MONTELIMAR","echelle":"1/1000","surface":"0.03 km²","format":"A4","annee":"2020","cartographes":"COUPAT Gerard","proprietaire":"26 - Drôme","niveau":"Initiation, Scolaire","specialite":"CO à pied","contacts":"CDCO 26, cdco.drome@gmail.com, http://cdco26.fr/","latitude":"44.5571522045","longitude":"4.72064208387","date_saisie":"01/07/2020","date_depot":"09/03/2021","valide":"Oui","ppo":"Non","type_carte":"Reprise","base":"2004-D26-1012 COLLEGE EUROPA","fond":"Cadastre","obsolete":false}},{"type":"Feature","geometry":{"type":"Polygon","coordinates":[[[5.2976,45.0313],[5.2988,45.0312],[5.2985,45.0304],[5.299,45.0301],[5.2984,45.029],[5.2969,45.0296],[5.2976,45.0313]]]},"properties":{"id_ffco":"12095","nom":"Camping GCU - St Jean en Royans","_dept":"26","numero":"2020-D26-149","commune":"ST JEAN EN ROYANS","echelle":"1/1000","surface":"0.03 km²","format":"A4","annee":"2020","cartographes":"G. Buridan","proprietaire":"26 - Drôme","niveau":"Initiation, Scolaire","specialite":"Sprint (ISSOM)","latitude":"45.0301946817","longitude":"5.29799818201","date_saisie":"25/08/2020","date_depot":"09/03/2021","valide":"Oui","ppo":"Non","type_carte":"Nouvelle carte","fond":"Cadastre","obsolete":false}},{"type":"Feature","geometry":{"type":"Polygon","coordinates":[[[5.2913,45.0233],[5.293,45.0237],[5.294,45.0233],[5.2936,45.022],[5.2918,45.0219],[5.2913,45.0233]]]},"properties":{"id_ffco":"12094","nom":"Collège Malossane - St Jean en Royans","_dept":"26","numero":"2020-D26-148","commune":"ST JEAN EN ROYANS","echelle":"1/1000","surface":"0.03 km²","format":"A4","annee":"2020","cartographes":"G. Buridan","proprietaire":"26 - Drôme","niveau":"Initiation, Scolaire","specialite":"Sprint (ISSOM)","latitude":"45.0227805385","longitude":"5.29269972338","date_saisie":"25/08/2020","date_depot":"09/03/2021","valide":"Oui","ppo":"Non","type_carte":"Nouvelle carte","fond":"Cadastre","obsolete":false}},{"type":"Feature","geometry":{"type":"Polygon","coordinates":[[[5.103,44.9769],[5.1048,44.9768],[5.1054,44.9775],[5.1066,44.9771],[5.1078,44.9783],[5.1096,44.9768],[5.1107,44.9764],[5.1119,44.9762],[5.1129,44.9762],[5.1135,44.9765],[5.114,44.976],[5.1136,44.9738],[5.1133,44.9735],[5.1122,44.9739],[5.1111,44.9746],[5.1102,44.974],[5.1079,44.9738],[5.1059,44.9743],[5.105,44.9736],[5.1032,44.9744],[5.1027,44.9748],[5.1034,44.9755],[5.1031,44.9762],[5.1026,44.9766],[5.103,44.9769]]]},"properties":{"id_ffco":"11899","nom":"Village de Marches","_dept":"26","numero":"2020-D26-147","commune":"MARCHES","echelle":"1/4000","surface":"0.28 km²","format":"A4","annee":"2020","cartographes":"B. Deroux","proprietaire":"2604 - CLUB DE ROMANS DE COURSE D'ORIENTATION","niveau":"Régional","specialite":"Sprint (ISSOM)","latitude":"44.975517283","longitude":"5.10814392613","date_saisie":"06/01/2020","date_depot":"09/03/2021","valide":"Oui","ppo":"Non","type_carte":"Nouvelle carte","fond":"Cadastre","obsolete":false}},{"type":"Feature","geometry":{"type":"Polygon","coordinates":[[[5.0471,45.0909],[5.046,45.0895],[5.0434,45.0876],[5.0419,45.0876],[5.0417,45.0883],[5.04,45.0887],[5.039,45.0887],[5.0387,45.0899],[5.04,45.0904],[5.0406,45.0914],[5.0417,45.0927],[5.0421,45.0931],[5.0426,45.0947],[5.0428,45.0956],[5.0438,45.0967],[5.0458,45.0962],[5.0465,45.0956],[5.0473,45.0938],[5.0481,45.0938],[5.0482,45.0927],[5.0484,45.0917],[5.0476,45.0914],[5.0471,45.0909]]]},"properties":{"id_ffco":"11898","nom":"Village de Peyrins","_dept":"26","numero":"2020-D26-146","commune":"PEYRINS","echelle":"1/4000","surface":"0.42 km²","format":"A4","annee":"2020","cartographes":"R. Gransart","proprietaire":"2604 - CLUB DE ROMANS DE COURSE D'ORIENTATION","niveau":"Régional","specialite":"Sprint (ISSOM)","latitude":"45.0918232541","longitude":"5.04395664128","date_saisie":"06/01/2020","date_depot":"09/03/2021","valide":"Oui","ppo":"Non","type_carte":"Nouvelle carte","fond":"Cadastre","obsolete":false}},{"type":"Feature","geometry":{"type":"Polygon","coordinates":[[[4.6931,44.5517],[4.6932,44.5534],[4.6944,44.5563],[4.6959,44.5575],[4.6964,44.5581],[4.697,44.5583],[4.6979,44.5578],[4.6998,44.5575],[4.7034,44.5581],[4.7049,44.5572],[4.7061,44.5566],[4.7062,44.5556],[4.7058,44.5548],[4.7051,44.554],[4.7047,44.5525],[4.6952,44.5511],[4.6931,44.5517]]]},"properties":{"id_ffco":"11760","nom":"Base de loisirs de Montmeillan - Montélimar","_dept":"26","numero":"2019-D26-145","commune":"MONTELIMAR","echelle":"1/4000","surface":"0.61 km²","format":"A4","annee":"2019","cartographes":"COUPAT Gerard","proprietaire":"26 - Drôme","niveau":"Initiation, Scolaire","specialite":"CO à pied","contacts":"CDCO 26, cdco.drome@gmail.com, http://cdco26.fr/","latitude":"44.5546619843","longitude":"4.69941130294","date_saisie":"18/11/2019","date_depot":"02/04/2021","valide":"Oui","ppo":"Oui (20 postes)","type_carte":"Reprise","base":"2004-D26-43 BASE DE LOISIR DE MONTELIMAR","fond":"Ortho","obsolete":false}},{"type":"Feature","geometry":{"type":"Polygon","coordinates":[[[4.9798,44.8056],[4.9808,44.8045],[4.9855,44.804],[4.986,44.805],[4.9908,44.8058],[4.9914,44.8058],[4.9909,44.8011],[4.9955,44.8001],[4.9968,44.7992],[4.9991,44.7961],[5.0041,44.7936],[5.0055,44.7915],[5.0067,44.7908],[5.006,44.7826],[5.005,44.7765],[5.0036,44.7705],[5.0023,44.7645],[4.9987,44.7556],[4.9945,44.7553],[4.9843,44.7553],[4.9836,44.757],[4.9828,44.7582],[4.984,44.7595],[4.9829,44.7614],[4.98,44.7639],[4.9777,44.7659],[4.9762,44.7664],[4.9749,44.7674],[4.9744,44.7687],[4.9764,44.7696],[4.975,44.7716],[4.9726,44.7721],[4.9691,44.774],[4.9676,44.7757],[4.9609,44.782],[4.961,44.7827],[4.963,44.7863],[4.9641,44.7877],[4.9641,44.7887],[4.9643,44.7906],[4.9644,44.7917],[4.9644,44.7928],[4.9653,44.7941],[4.9663,44.7952],[4.9684,44.7963],[4.9697,44.7979],[4.9729,44.8031],[4.9743,44.8046],[4.9777,44.8054],[4.9798,44.8056]]]},"properties":{"id_ffco":"11679","nom":"Forêt de Miéry","_dept":"26","numero":"2019-D26-144","commune":"UPIE","echelle":"1/15000","surface":"13.55 km²","format":"A3","annee":"2019","cartographes":"Gil BURIDAN","proprietaire":"2605 - VALENCE SPORTS ORIENTATION","niveau":"Départemental","specialite":"CO à pied","contacts":"CLUB VALENCE SPORT ORIENTATION, 04 75 59 20 81, vso.2605@free.fr, http://www.valence-sports-orientation.fr/","latitude":"44.7816548479","longitude":"4.98597559024","date_saisie":"18/09/2019","date_depot":"02/04/2021","valide":"Oui","ppo":"Non","type_carte":"Nouvelle carte","fond":"Ortho","obsolete":false}},{"type":"Feature","geometry":{"type":"Polygon","coordinates":[[[5.3812,44.9738],[5.3941,44.9735],[5.3967,44.976],[5.3993,44.9731],[5.4212,44.9723],[5.4211,44.9652],[5.424,44.958],[5.4092,44.9588],[5.4012,44.9496],[5.3993,44.9492],[5.3943,44.9491],[5.3903,44.9508],[5.3866,44.9514],[5.383,44.9466],[5.378,44.9431],[5.3754,44.9384],[5.3721,44.9299],[5.3654,44.9198],[5.3581,44.9091],[5.3563,44.9042],[5.349,44.8898],[5.3196,44.8905],[5.3112,44.8943],[5.305,44.8998],[5.3019,44.9043],[5.3004,44.9102],[5.2988,44.919],[5.2925,44.9268],[5.2918,44.9301],[5.2919,44.9331],[5.2907,44.9351],[5.2914,44.9371],[5.2905,44.9402],[5.2895,44.9428],[5.2896,44.9441],[5.2899,44.9453],[5.2922,44.9466],[5.2934,44.9476],[5.293,44.9489],[5.2935,44.9503],[5.2941,44.9513],[5.2939,44.9525],[5.2941,44.9551],[5.2941,44.9562],[5.2949,44.957],[5.2974,44.9575],[5.3017,44.9564],[5.3047,44.955],[5.3065,44.9536],[5.3082,44.9523],[5.3095,44.9528],[5.3129,44.9538],[5.3151,44.9555],[5.3161,44.957],[5.3174,44.9597],[5.3188,44.9612],[5.3203,44.9627],[5.3227,44.9629],[5.3231,44.964],[5.3229,44.9649],[5.3218,44.9658],[5.3217,44.9669],[5.3234,44.9678],[5.3248,44.9685],[5.326,44.9692],[5.327,44.9697],[5.3281,44.9685],[5.3292,44.9682],[5.3299,44.9692],[5.3302,44.9704],[5.3306,44.9708],[5.3312,44.9705],[5.332,44.9691],[5.3326,44.9689],[5.3331,44.9689],[5.3335,44.9696],[5.3344,44.9695],[5.3353,44.9687],[5.3359,44.9678],[5.3381,44.9679],[5.3402,44.9679],[5.3414,44.9668],[5.3436,44.9672],[5.3458,44.9672],[5.3485,44.9684],[5.3536,44.968],[5.3628,44.9693],[5.3649,44.9698],[5.3671,44.9702],[5.3694,44.9686],[5.373,44.9657],[5.3749,44.9651],[5.3803,44.9678],[5.3812,44.9738]]]},"properties":{"id_ffco":"11573","nom":"Vercors Drômois - La Chapelle en Vercors","_dept":"26","numero":"2019-D26-143","commune":"BOUVANTE","echelle":"1/20000","surface":"53.47 km²","format":"+","annee":"2019","proprietaire":"26 - Drôme","niveau":"National, International","specialite":"Raid'O","contacts":"CDCO 26, cdco.drome@gmail.com, http://cdco26.fr/","latitude":"44.9364930537","longitude":"5.34382653851","date_saisie":"10/07/2019","date_depot":"10/11/2020","valide":"Oui","ppo":"Non","type_carte":"Reprise","base":"2010-D26-70 VERCORS DROMOIS","fond":"Ortho","obsolete":false}},{"type":"Feature","geometry":{"type":"Polygon","coordinates":[[[4.9404,45.2087],[4.9368,45.2066],[4.9363,45.206],[4.936,45.2047],[4.9345,45.2041],[4.9334,45.2025],[4.9316,45.201],[4.9313,45.2005],[4.9301,45.1992],[4.93,45.1975],[4.9298,45.1956],[4.9295,45.1942],[4.9297,45.1927],[4.9294,45.1912],[4.9294,45.1905],[4.933,45.1893],[4.9338,45.1899],[4.9355,45.1912],[4.9365,45.1913],[4.9376,45.1909],[4.9389,45.1907],[4.9399,45.1906],[4.9417,45.1914],[4.9427,45.1921],[4.943,45.1937],[4.9432,45.1958],[4.945,45.1965],[4.9454,45.1971],[4.9447,45.1985],[4.9433,45.2005],[4.9428,45.201],[4.9422,45.2017],[4.941,45.2028],[4.9432,45.2052],[4.9419,45.2076],[4.9404,45.2087]]]},"properties":{"id_ffco":"11513","nom":"Bois de Suze","_dept":"26","numero":"2019-D26-141","commune":"Mureils","echelle":"1/7500","surface":"1.68 km²","format":"A4","annee":"2019","cartographes":"Rui Antunes","proprietaire":"2604 - CLUB DE ROMANS DE COURSE D'ORIENTATION","niveau":"Départemental","specialite":"CO à pied","latitude":"45.1979304226","longitude":"4.93710609333","date_saisie":"30/05/2019","date_depot":"02/04/2021","valide":"Oui","ppo":"Non","type_carte":"Nouvelle carte","fond":"Ortho","obsolete":false}},{"type":"Feature","geometry":{"type":"Polygon","coordinates":[[[5.0347,45.0441],[5.0376,45.0445],[5.0394,45.0446],[5.039,45.0415],[5.0413,45.0415],[5.0432,45.0408],[5.0422,45.0393],[5.0419,45.0378],[5.0423,45.0364],[5.0427,45.0357],[5.0434,45.0342],[5.0431,45.0336],[5.0414,45.033],[5.0395,45.0328],[5.0383,45.0328],[5.0363,45.0333],[5.0352,45.0343],[5.0346,45.0355],[5.0344,45.0363],[5.034,45.0376],[5.0341,45.0384],[5.0344,45.0392],[5.0346,45.0403],[5.035,45.0417],[5.0349,45.0423],[5.0348,45.0432],[5.0347,45.0441]]]},"properties":{"id_ffco":"11496","nom":"Les Ors - Romans","_dept":"26","numero":"2019-D26-139","commune":"ROMANS SUR ISERE","echelle":"1/4000","surface":"0.7 km²","format":"A4","annee":"2019","cartographes":"R. Gransard","proprietaire":"2604 - CLUB DE ROMANS DE COURSE D'ORIENTATION","niveau":"Régional","specialite":"Sprint (ISSOM)","contacts":"CLUB ROMANS ORIENTATION, coromans2604@gmail.com, http://romans.orientation.free.fr/","latitude":"45.0381884377","longitude":"5.03836535598","date_saisie":"09/05/2019","date_depot":"02/04/2021","valide":"Oui","ppo":"Non","type_carte":"Nouvelle carte","fond":"Cadastre","obsolete":false}},{"type":"Feature","geometry":{"type":"Polygon","coordinates":[[[5.0617,45.0481],[5.061,45.0507],[5.0611,45.0523],[5.0637,45.0536],[5.0662,45.0535],[5.0664,45.0527],[5.0721,45.0528],[5.0721,45.0497],[5.0659,45.0486],[5.065,45.0482],[5.0617,45.0481]]]},"properties":{"id_ffco":"11352","nom":"Les 3 Croix - Romans sur Isère","_dept":"26","numero":"2019-D26-138","commune":"ROMANS SUR ISERE","echelle":"1/4000","surface":"0.4 km²","format":"A4","annee":"2019","cartographes":"R. Gransart","proprietaire":"2604 - CLUB DE ROMANS DE COURSE D'ORIENTATION","niveau":"Départemental","specialite":"CO à pied","latitude":"45.0508735265","longitude":"5.06615562182","date_saisie":"12/01/2019","date_depot":"02/04/2021","valide":"Oui","ppo":"Non","type_carte":"Nouvelle carte","fond":"Cadastre","obsolete":false}},{"type":"Feature","geometry":{"type":"Polygon","coordinates":[[[4.8924,44.9296],[4.8931,44.93],[4.8939,44.9292],[4.8938,44.929],[4.8934,44.9287],[4.8924,44.9296]]]},"properties":{"id_ffco":"11298","nom":"Collège Lycée St Anne","_dept":"26","numero":"2018-D26-137","commune":"VALENCE","echelle":"1/500","surface":"0.01 km²","format":"A4","annee":"2018","cartographes":"Gil BURIDAN","proprietaire":"26 - Drôme","niveau":"Initiation, Scolaire","specialite":"CO à pied","latitude":"44.9293859284","longitude":"4.893228037","date_saisie":"23/12/2018","valide":"Non","ppo":"Non","type_carte":"Nouvelle carte","fond":"Ortho","obsolete":false}},{"type":"Feature","geometry":{"type":"Polygon","coordinates":[[[5.0513,45.1624],[5.0509,45.1639],[5.0509,45.167],[5.0511,45.169],[5.0538,45.1723],[5.0554,45.1743],[5.0558,45.1762],[5.0586,45.1767],[5.0612,45.1772],[5.0641,45.1775],[5.0659,45.1778],[5.0675,45.1778],[5.0668,45.1765],[5.0665,45.1755],[5.0674,45.1742],[5.0702,45.1734],[5.0691,45.1714],[5.0665,45.1688],[5.0651,45.1675],[5.0606,45.1666],[5.0578,45.1655],[5.0533,45.1632],[5.0513,45.1624]]]},"properties":{"id_ffco":"10772","nom":"Bois de Bourdogne","_dept":"26","numero":"2018-D26-135","commune":"CREPOL","echelle":"1/10000","surface":"1.46 km²","format":"A4","annee":"2018","cartographes":"Rui Antunes","proprietaire":"2604 - CLUB DE ROMANS DE COURSE D'ORIENTATION","niveau":"Départemental","specialite":"CO à pied","contacts":"CLUB ROMANS CO - CROCO, coromans2604@gmail.com","latitude":"45.1708613056","longitude":"5.05968279245","date_saisie":"23/04/2018","date_depot":"05/04/2019","valide":"Oui","ppo":"Non","type_carte":"Nouvelle carte","fond":"Ortho","obsolete":false}},{"type":"Feature","geometry":{"type":"Polygon","coordinates":[[[4.8337,44.4561],[4.8312,44.4573],[4.8308,44.4592],[4.8293,44.4581],[4.8261,44.4574],[4.8252,44.457],[4.8229,44.4586],[4.8233,44.4624],[4.8238,44.4645],[4.8235,44.4667],[4.8219,44.468],[4.8217,44.4701],[4.8227,44.4734],[4.8222,44.4742],[4.8187,44.4734],[4.8153,44.473],[4.8188,44.4743],[4.8208,44.4756],[4.8221,44.4777],[4.8234,44.4789],[4.8226,44.4803],[4.8218,44.4821],[4.8209,44.4872],[4.8209,44.4907],[4.8209,44.4947],[4.8219,44.4969],[4.8227,44.4993],[4.8242,44.4998],[4.8257,44.5],[4.8301,44.4995],[4.8352,44.4963],[4.8386,44.4964],[4.8447,44.4964],[4.8524,44.4953],[4.858,44.4942],[4.8618,44.4922],[4.8644,44.4935],[4.869,44.4935],[4.8775,44.4928],[4.8853,44.4935],[4.8874,44.493],[4.8884,44.4911],[4.8878,44.4903],[4.89,44.4903],[4.8899,44.4896],[4.8887,44.4887],[4.8905,44.4889],[4.89,44.4879],[4.8921,44.4866],[4.8969,44.4851],[4.9017,44.4839],[4.9042,44.4829],[4.9043,44.4821],[4.9043,44.4808],[4.9057,44.4791],[4.9048,44.4781],[4.904,44.4773],[4.9036,44.4753],[4.9041,44.4741],[4.9034,44.4726],[4.904,44.4719],[4.906,44.4714],[4.9072,44.4704],[4.906,44.4691],[4.8967,44.4685],[4.8954,44.4675],[4.8932,44.4651],[4.8893,44.4636],[4.8832,44.4616],[4.8812,44.4612],[4.8783,44.4608],[4.8733,44.4595],[4.8705,44.4584],[4.8658,44.4583],[4.861,44.4554],[4.8588,44.4543],[4.8566,44.4541],[4.8478,44.4533],[4.8463,44.4516],[4.8418,44.4529],[4.8337,44.4561]]]},"properties":{"id_ffco":"10770","nom":"Monjoyer VTT","_dept":"26","numero":"2018-D26-134","commune":"MONTJOYER","echelle":"1/20000","surface":"25.19 km²","format":"A3","annee":"2018","cartographes":"COUPAT Gerard","proprietaire":"2606 - LOISIR ORIENTATION UNION PIERRELATTINE","niveau":"National, International","specialite":"CO à VTT","contacts":"CLUB L.O.U.PIERRELATTE, 04 75 52 58 23, 06 86 40 42 35, laure.coupat@free.fr, http://loup.segustero.com/","latitude":"44.4761599467","longitude":"4.85764608442","date_saisie":"23/04/2018","date_depot":"30/05/2018","valide":"Oui","ppo":"Non","type_carte":"Reprise","base":"2003-D26-37 MONTJOYER","fond":"Ortho","obsolete":false}},{"type":"Feature","geometry":{"type":"Polygon","coordinates":[[[4.8393,44.2888],[4.8391,44.2899],[4.839,44.2906],[4.8382,44.2911],[4.8364,44.2913],[4.8352,44.2913],[4.8337,44.2911],[4.8324,44.2905],[4.8316,44.2899],[4.831,44.289],[4.8309,44.288],[4.8308,44.2867],[4.8318,44.2858],[4.8324,44.2856],[4.8334,44.2854],[4.8342,44.2855],[4.8351,44.2856],[4.8364,44.2863],[4.8378,44.2874],[4.839,44.2885],[4.8393,44.2888]]]},"properties":{"id_ffco":"11271","nom":"La Garenne","_dept":"26","numero":"2018-D26-133","commune":"SUZE LA ROUSSE","echelle":"1/3500","surface":"0.33 km²","format":"A4","annee":"2018","cartographes":"COUPAT Gerard","proprietaire":"26 - Drôme","niveau":"Initiation, Scolaire","specialite":"CO à pied","latitude":"44.2885206689","longitude":"4.83482167528","date_saisie":"16/12/2018","date_depot":"25/06/2020","valide":"Oui","ppo":"Non","type_carte":"Reprise","base":"1999-D26-20 LA GARENNE","fond":"Ortho","obsolete":false}},{"type":"Feature","geometry":{"type":"Polygon","coordinates":[[[4.9556,45.0717],[4.9585,45.0718],[4.9588,45.0736],[4.9595,45.0744],[4.9608,45.0751],[4.962,45.0753],[4.9623,45.076],[4.9631,45.0776],[4.9626,45.0786],[4.9615,45.0791],[4.9617,45.08],[4.9618,45.0818],[4.9597,45.082],[4.9575,45.0817],[4.9567,45.0814],[4.9564,45.0801],[4.9569,45.0789],[4.9568,45.0778],[4.9563,45.0773],[4.9558,45.0763],[4.9562,45.0756],[4.9555,45.074],[4.9554,45.0724],[4.9556,45.0717]]]},"properties":{"id_ffco":"10323","nom":"Clérieux","_dept":"26","numero":"2017-D26-132","commune":"clerieux","echelle":"1/4000","surface":"0.44 km²","format":"A4","annee":"2017","cartographes":"Gauthier Pelloux-Prayer,Mathilde Carra","proprietaire":"2604 - CLUB DE ROMANS DE COURSE D'ORIENTATION","niveau":"Régional","specialite":"Sprint (ISSOM)","contacts":"CLUB ROMANS CO - CROCO, coromans2604@gmail.com","latitude":"45.077174901","longitude":"4.95887556087","date_saisie":"18/09/2017","date_depot":"05/04/2019","valide":"Oui","ppo":"Non","type_carte":"Nouvelle carte","fond":"Cadastre","obsolete":false}},{"type":"Feature","geometry":{"type":"Polygon","coordinates":[[[4.8849,45.2707],[4.8848,45.2741],[4.8874,45.2746],[4.8897,45.2745],[4.8901,45.2736],[4.8902,45.2717],[4.8901,45.2698],[4.8897,45.2684],[4.8894,45.2669],[4.8884,45.2667],[4.8865,45.267],[4.8835,45.2674],[4.8834,45.2685],[4.8844,45.2688],[4.8847,45.2701],[4.8849,45.2707]]]},"properties":{"id_ffco":"10324","nom":"Anneyron","_dept":"26","numero":"2017-D26-131","commune":"ANNEYRON","echelle":"1/4000","surface":"0.36 km²","format":"A4","annee":"2017","cartographes":"DEROUX Benoit","proprietaire":"2604 - CLUB DE ROMANS DE COURSE D'ORIENTATION","niveau":"Régional","specialite":"Sprint (ISSOM)","contacts":"CLUB ROMANS CO - CROCO, coromans2604@gmail.com","latitude":"45.2706200381","longitude":"4.88727616205","date_saisie":"18/09/2017","date_depot":"04/04/2019","valide":"Oui","ppo":"Oui (20 postes)","type_carte":"Nouvelle carte","fond":"Cadastre","obsolete":false}},{"type":"Feature","geometry":{"type":"Polygon","coordinates":[[[4.923,44.943],[4.9223,44.9453],[4.9228,44.946],[4.9264,44.949],[4.929,44.9492],[4.9291,44.9478],[4.9289,44.9466],[4.9268,44.9462],[4.9263,44.9449],[4.927,44.9445],[4.9274,44.9439],[4.9252,44.9433],[4.923,44.943]]]},"properties":{"id_ffco":"10351","nom":"La Barberolle de Pagnol","_dept":"26","numero":"2017-D26-129","commune":"VALENCE","echelle":"1/2500","surface":"0.21 km²","format":"A4","annee":"2017","cartographes":"Gil BURIDAN","proprietaire":"26 - Drôme","niveau":"Initiation, Scolaire","specialite":"CO à pied","contacts":"CDCO 26, cdco.drome@gmail.com, http://cdco26.fr/","latitude":"44.9461237421","longitude":"4.925701357","date_saisie":"27/09/2017","date_depot":"01/03/2018","valide":"Oui","ppo":"Non","type_carte":"Nouvelle carte","fond":"Ortho","obsolete":false}},{"type":"Feature","geometry":{"type":"Polygon","coordinates":[[[4.9227,44.9444],[4.9237,44.9447],[4.9259,44.9448],[4.9261,44.9439],[4.9255,44.9438],[4.9258,44.9435],[4.9244,44.9432],[4.9235,44.9431],[4.923,44.9431],[4.9228,44.9437],[4.9227,44.9444]]]},"properties":{"id_ffco":"10350","nom":"Collège Plagnol - Valence","_dept":"26","numero":"2017-D26-128","commune":"VALENCE","echelle":"1/1000","surface":"0.04 km²","format":"A4","annee":"2017","cartographes":"Gil BURIDAN","proprietaire":"26 - Drôme","niveau":"Initiation, Scolaire","specialite":"CO à pied","contacts":"CDCO 26, cdco.drome@gmail.com, http://cdco26.fr/","latitude":"44.9439774888","longitude":"4.92434292862","date_saisie":"27/09/2017","date_depot":"01/03/2018","valide":"Oui","ppo":"Non","type_carte":"Nouvelle carte","fond":"Cadastre","obsolete":false}},{"type":"Feature","geometry":{"type":"Polygon","coordinates":[[[4.9698,44.7957],[4.9837,44.8018],[5.0031,44.794],[5.0086,44.7811],[4.9998,44.7689],[4.9864,44.7683],[4.9741,44.7733],[4.9686,44.7801],[4.9698,44.7957]]]},"properties":{"id_ffco":"10771","nom":"Forêt de Miéry VTT","_dept":"26","numero":"2018-D26-127","commune":"UPIE","echelle":"1/15000","surface":"8.68 km²","format":"A4","annee":"2018","cartographes":"Gil BURIDAN","proprietaire":"2605 - VALENCE SPORTS ORIENTATION","niveau":"National, International","specialite":"CO à VTT","contacts":"CLUB VALENCE SPORT ORIENTATION, 04 75 59 20 81, vso.2605@free.fr, http://www.valence-sports-orientation.fr/","latitude":"44.7843260054","longitude":"4.98760000859","date_saisie":"23/04/2018","date_depot":"30/05/2018","valide":"Oui","ppo":"Non","type_carte":"Nouvelle carte","fond":"Ortho","obsolete":false}},{"type":"Feature","geometry":{"type":"Polygon","coordinates":[[[5.0955,45.2715],[5.0974,45.2722],[5.1012,45.2707],[5.1017,45.2709],[5.1063,45.2707],[5.1068,45.2697],[5.1065,45.269],[5.104,45.2689],[5.1012,45.2691],[5.0981,45.2689],[5.0959,45.2693],[5.0953,45.2699],[5.0948,45.2708],[5.0955,45.2715]]]},"properties":{"id_ffco":"10246","nom":"Le Grand Serre","_dept":"26","numero":"2017-D26-126","commune":"LE GRAND SERRE","echelle":"1/4000","surface":"0.22 km²","format":"A4","annee":"2017","cartographes":"DEROUX Benoit","proprietaire":"2604 - CLUB DE ROMANS DE COURSE D'ORIENTATION","niveau":"Régional","specialite":"Sprint (ISSOM)","contacts":"CLUB ROMANS CO - CROCO, coromans2604@gmail.com","latitude":"45.2701710493","longitude":"5.10033783369","date_saisie":"08/07/2017","date_depot":"04/04/2019","valide":"Oui","ppo":"Non","type_carte":"Nouvelle carte","fond":"Cadastre","obsolete":false}},{"type":"Feature","geometry":{"type":"Polygon","coordinates":[[[5.0954,45.2714],[5.0965,45.272],[5.0982,45.2715],[5.0995,45.2707],[5.1003,45.2704],[5.1003,45.2695],[5.0993,45.2693],[5.098,45.2693],[5.0962,45.2696],[5.0955,45.2701],[5.0951,45.2705],[5.0954,45.2714]]]},"properties":{"id_ffco":"10245","nom":"Collége Bedier - Le Grand Serre","_dept":"26","numero":"2017-D26-125","commune":"LE GRAND SERRE","echelle":"1/2000","surface":"0.08 km²","format":"A4","annee":"2017","cartographes":"DEROUX Benoit","proprietaire":"26 - Drôme","niveau":"Initiation, Scolaire","specialite":"CO à pied","contacts":"CDCO 26, cdco.drome@gmail.com, http://cdco26.fr/ // CLUB ROMANS CO - CROCO, coromans2604@gmail.com","latitude":"45.2704578747","longitude":"5.09761023802","date_saisie":"08/07/2017","date_depot":"01/03/2018","valide":"Oui","ppo":"Non","type_carte":"Nouvelle carte","fond":"Ortho","obsolete":false}},{"type":"Feature","geometry":{"type":"Polygon","coordinates":[[[5.0261,44.9768],[5.0249,44.976],[5.0243,44.9748],[5.0233,44.9736],[5.0236,44.9729],[5.0237,44.9723],[5.0252,44.9711],[5.0291,44.9693],[5.0304,44.9699],[5.0283,44.972],[5.0277,44.9725],[5.0289,44.9741],[5.0289,44.9747],[5.0292,44.9755],[5.0294,44.9764],[5.0272,44.9772],[5.0261,44.9768]]]},"properties":{"id_ffco":"10074","nom":"Alixan village","_dept":"26","numero":"2017-D26-123","commune":"Alixan","echelle":"1/4000","surface":"0.27 km²","format":"A4","annee":"2017","cartographes":"DEROUX Benoit","proprietaire":"2604 - CLUB DE ROMANS DE COURSE D'ORIENTATION","niveau":"Régional","specialite":"Sprint (ISSOM)","contacts":"CLUB ROMANS CO - CROCO, coromans2604@gmail.com","latitude":"44.9734190081","longitude":"5.02676539218","date_saisie":"27/02/2017","date_depot":"01/03/2018","valide":"Oui","ppo":"Non","type_carte":"Nouvelle carte","fond":"Cadastre","obsolete":false}},{"type":"Feature","geometry":{"type":"Polygon","coordinates":[[[4.9929,45.1754],[4.9926,45.1747],[4.9929,45.1737],[4.992,45.1729],[4.992,45.1718],[4.9925,45.1692],[4.9945,45.1688],[4.9961,45.1694],[4.998,45.1699],[4.9993,45.1696],[5.0002,45.1691],[5.0014,45.1699],[5.0022,45.1712],[5.0037,45.1721],[5.0029,45.1736],[5.0029,45.1748],[5.0026,45.176],[5.001,45.1769],[5.001,45.178],[4.9996,45.1781],[4.9977,45.1779],[4.9965,45.1776],[4.9955,45.1784],[4.9949,45.178],[4.9955,45.1766],[4.9952,45.1755],[4.9932,45.1758],[4.9937,45.1757],[4.9929,45.1754]]]},"properties":{"id_ffco":"10072","nom":"Stade de Bathernay","_dept":"26","numero":"2017-D26-122","commune":"BATHERNAY","echelle":"1/5000","surface":"0.69 km²","format":"A4","annee":"2017","cartographes":"Rui Antunes (Mapmaker)","proprietaire":"2604 - CLUB DE ROMANS DE COURSE D'ORIENTATION","niveau":"Régional","specialite":"CO à pied","contacts":"CLUB ROMANS CO - CROCO, coromans2604@gmail.com","latitude":"45.1733364081","longitude":"4.99765393106","date_saisie":"27/02/2017","date_depot":"01/03/2018","valide":"Oui","ppo":"Non","type_carte":"Nouvelle carte","fond":"Ortho","obsolete":false}},{"type":"Feature","geometry":{"type":"Polygon","coordinates":[[[4.9769,44.8057],[4.9777,44.8059],[4.9788,44.8061],[4.9794,44.8062],[4.9802,44.8061],[4.9805,44.8055],[4.9809,44.8049],[4.9815,44.8045],[4.9834,44.8043],[4.9845,44.8043],[4.9849,44.8035],[4.9852,44.8029],[4.9851,44.8027],[4.984,44.8031],[4.9839,44.8024],[4.9833,44.8017],[4.9825,44.8016],[4.9815,44.8018],[4.9811,44.8021],[4.9797,44.8027],[4.9793,44.8028],[4.9785,44.8029],[4.9781,44.8028],[4.9775,44.8025],[4.977,44.8021],[4.9764,44.802],[4.9762,44.8023],[4.9761,44.803],[4.976,44.8032],[4.9762,44.8054],[4.9769,44.8057]]]},"properties":{"id_ffco":"10073","nom":"Village d'Upie","_dept":"26","numero":"2017-D26-121","commune":"UPIE","echelle":"1/2500","surface":"0.22 km²","format":"A4","annee":"2017","cartographes":"Gwenaël FAURE,DEROUX Benoit,Gil BURIDAN","proprietaire":"26 - Drôme","niveau":"Départemental","specialite":"Sprint (ISSOM)","contacts":"CLUB ROMANS CO - CROCO, coromans2604@gmail.com // CLUB VALENCE SPORT ORIENTATION, 04 75 59 20 81, vso.2605@free.fr, http://www.valence-sports-orientation.fr/","latitude":"44.8038178183","longitude":"4.98000022786","date_saisie":"27/02/2017","date_depot":"29/03/2018","valide":"Oui","ppo":"Non","type_carte":"Nouvelle carte","fond":"Cadastre","obsolete":false}},{"type":"Feature","geometry":{"type":"Polygon","coordinates":[[[5.134,44.5896],[5.1327,44.5892],[5.1315,44.5885],[5.1318,44.5872],[5.1321,44.5863],[5.132,44.5855],[5.1321,44.585],[5.1322,44.5842],[5.1328,44.5836],[5.1345,44.5833],[5.1348,44.583],[5.1354,44.583],[5.1359,44.5837],[5.1387,44.5837],[5.1395,44.5841],[5.1389,44.5855],[5.1384,44.5863],[5.1374,44.5872],[5.1366,44.5877],[5.1353,44.5887],[5.134,44.5896]]]},"properties":{"id_ffco":"10010","nom":"Village de Bourdeaux","_dept":"26","numero":"2017-D26-120","commune":"BOURDEAUX","echelle":"1/4000","surface":"0.29 km²","format":"A4","annee":"2017","cartographes":"Renaud GRANSART","proprietaire":"2604 - CLUB DE ROMANS DE COURSE D'ORIENTATION","niveau":"Régional","specialite":"Sprint (ISSOM)","contacts":"CLUB ROMANS CO - CROCO, coromans2604@gmail.com","latitude":"44.586030235","longitude":"5.13502635297","date_saisie":"24/12/2016","date_depot":"01/02/2017","valide":"Oui","ppo":"Non","type_carte":"Nouvelle carte","fond":"Cadastre","obsolete":false}},{"type":"Feature","geometry":{"type":"Polygon","coordinates":[[[5.2056,44.911],[5.2058,44.9101],[5.2099,44.9086],[5.2122,44.9088],[5.2145,44.9085],[5.216,44.9092],[5.2164,44.9098],[5.2167,44.9105],[5.2169,44.9111],[5.2168,44.9117],[5.215,44.9118],[5.2137,44.9157],[5.2125,44.9165],[5.2108,44.9163],[5.2098,44.9162],[5.2072,44.9159],[5.2059,44.9136],[5.2056,44.911]]]},"properties":{"id_ffco":"9611","nom":"ESO Le Grand Echaillon","_dept":"26","numero":"2016-D26-118","commune":"leoncel","echelle":"1/5000","surface":"0.57 km²","format":"A4","annee":"2016","cartographes":"M Cotirta","proprietaire":"26 - Drôme","niveau":"Départemental","specialite":"CO à pied","contacts":"CDCO 26, cdco.drome@gmail.com, http://cdco26.fr/","latitude":"44.9122300035","longitude":"5.21081489327","date_saisie":"16/06/2016","date_depot":"01/02/2017","valide":"Oui","ppo":"Oui (20 postes)","type_carte":"Reprise","base":"2001-D26-29 LE GRAND ECHAILLON","fond":"Ortho","obsolete":false}},{"type":"Feature","geometry":{"type":"Polygon","coordinates":[[[5.2443,45.0607],[5.2518,45.061],[5.2567,45.0595],[5.2638,45.0608],[5.2671,45.0605],[5.2681,45.0562],[5.2697,45.0558],[5.2728,45.0565],[5.274,45.0578],[5.2746,45.0598],[5.2773,45.0618],[5.2843,45.0604],[5.2873,45.0607],[5.2888,45.0613],[5.2893,45.0635],[5.293,45.0642],[5.2949,45.0632],[5.2998,45.0631],[5.3046,45.0616],[5.3067,45.0592],[5.3088,45.0567],[5.3124,45.0546],[5.3185,45.0538],[5.3194,45.0549],[5.3207,45.057],[5.3249,45.0553],[5.3267,45.058],[5.3311,45.0601],[5.3342,45.061],[5.3357,45.0624],[5.3421,45.0624],[5.3433,45.0588],[5.3439,45.0507],[5.3472,45.0476],[5.3477,45.0418],[5.3452,45.0346],[5.3435,45.0303],[5.339,45.0237],[5.3348,45.0206],[5.3299,45.0158],[5.3303,45.0118],[5.3263,45.011],[5.3176,45.0145],[5.3121,45.014],[5.3053,45.0089],[5.299,45.0049],[5.2967,45.0036],[5.2877,45.004],[5.2811,45.0044],[5.2782,45.0083],[5.2787,45.0117],[5.278,45.0154],[5.2698,45.0227],[5.2656,45.0265],[5.2605,45.0307],[5.2576,45.0325],[5.2519,45.0353],[5.2503,45.0388],[5.2503,45.0451],[5.2494,45.0478],[5.2439,45.0476],[5.2419,45.0505],[5.242,45.0551],[5.2416,45.0582],[5.2426,45.0595],[5.2443,45.0607]]]},"properties":{"id_ffco":"9398","nom":"Les collines du Royans VTT","_dept":"26","numero":"2016-D26-116","commune":"SAINT THOMAS EN ROYANS","echelle":"1/20000","surface":"37.02 km²","format":"A3","annee":"2016","cartographes":"Alexandre BOUVET,DEROUX Benoit","proprietaire":"2604 - CLUB DE ROMANS DE COURSE D'ORIENTATION","niveau":"Régional","specialite":"CO à VTT","contacts":"CLUB ROMANS CO - CROCO, coromans2604@gmail.com","latitude":"45.0373768647","longitude":"5.29791646371","date_saisie":"29/02/2016","date_depot":"01/02/2017","valide":"Oui","ppo":"Non","type_carte":"Nouvelle carte","fond":"IGN","obsolete":false}},{"type":"Feature","geometry":{"type":"Polygon","coordinates":[[[5.0561,45.0408],[5.053,45.0412],[5.05,45.0414],[5.048,45.0413],[5.0456,45.0407],[5.0439,45.0398],[5.043,45.0381],[5.0437,45.0364],[5.0452,45.0343],[5.0454,45.0326],[5.0452,45.0298],[5.0473,45.0294],[5.0475,45.031],[5.0482,45.0314],[5.0506,45.0319],[5.0525,45.0344],[5.0549,45.0369],[5.056,45.0389],[5.0561,45.0408]]]},"properties":{"id_ffco":"8985","nom":"Bourg de Péage","_dept":"26","numero":"2015-D26-115","commune":"BOURG DE PEAGE","echelle":"1/5000","surface":"0.84 km²","format":"A4","annee":"2015","cartographes":"Renaud GRANSARD","proprietaire":"2604 - CLUB DE ROMANS DE COURSE D'ORIENTATION","niveau":"Régional","specialite":"Sprint (ISSOM)","contacts":"CLUB ROMANS ORIENTATION, coromans2604@gmail.com, http://romans.orientation.free.fr/","latitude":"45.0367403089","longitude":"5.0492000102","date_saisie":"02/12/2015","date_depot":"06/04/2016","valide":"Oui","ppo":"Non","type_carte":"Nouvelle carte","fond":"Cadastre","obsolete":false}},{"type":"Feature","geometry":{"type":"Polygon","coordinates":[[[5.4832,44.6938],[5.4839,44.6931],[5.4856,44.6929],[5.4877,44.693],[5.4894,44.6932],[5.4893,44.6944],[5.4881,44.6946],[5.4872,44.6954],[5.4854,44.6955],[5.4849,44.696],[5.4838,44.6966],[5.4832,44.6965],[5.4828,44.6961],[5.4827,44.6956],[5.4829,44.6948],[5.4832,44.6938]]]},"properties":{"id_ffco":"8903","nom":"Châtillon en Diois","_dept":"26","numero":"2015-D26-114","commune":"Châtillon en Diois","echelle":"1/4000","surface":"0.14 km²","format":"A4","annee":"2015","cartographes":"Maxime Gauduin","proprietaire":"26 - Drôme","niveau":"Régional","specialite":"Sprint (ISSOM)","contacts":"CDCO 26, cdco26@free.fr, http://cdco26.free.fr/index.html","latitude":"44.6944316359","longitude":"5.48566882644","date_saisie":"20/11/2015","date_depot":"06/04/2016","valide":"Oui","ppo":"Non","type_carte":"Nouvelle carte","fond":"Cadastre","obsolete":false}},{"type":"Feature","geometry":{"type":"Polygon","coordinates":[[[5.0807,45.0553],[5.0811,45.056],[5.0826,45.0574],[5.0848,45.058],[5.0862,45.0581],[5.0864,45.0557],[5.0825,45.0551],[5.0807,45.0553]]]},"properties":{"id_ffco":"8670","nom":"Stade Louis PORCHIER","_dept":"26","numero":"2015-D26-113","commune":"ROMANS SUR ISERE","echelle":"1/2000","surface":"0.1 km²","format":"A4","annee":"2015","cartographes":"Renaud GRANSARD","proprietaire":"2604 - CLUB DE ROMANS DE COURSE D'ORIENTATION","niveau":"Initiation, Scolaire","specialite":"CO à pied","contacts":"CLUB ROMANS CO - CROCO, coromans2604@gmail.com","latitude":"45.0564715456","longitude":"5.08393340571","date_saisie":"07/10/2015","date_depot":"06/04/2016","valide":"Oui","ppo":"Non","type_carte":"Nouvelle carte","fond":"Ortho","obsolete":false}},{"type":"Feature","geometry":{"type":"Polygon","coordinates":[[[5.1761,45.0798],[5.1781,45.0796],[5.179,45.0791],[5.1789,45.0791],[5.1807,45.0789],[5.1812,45.0782],[5.1808,45.0766],[5.1805,45.0758],[5.1803,45.0757],[5.1793,45.0748],[5.179,45.0741],[5.1789,45.0729],[5.1787,45.0726],[5.1764,45.0721],[5.1751,45.072],[5.172,45.0727],[5.1723,45.0742],[5.1726,45.0754],[5.1731,45.0763],[5.1746,45.0777],[5.1752,45.0786],[5.1754,45.0787],[5.1761,45.0798]]]},"properties":{"id_ffco":"8669","nom":"Eymeux village","_dept":"26","numero":"2015-D26-112","commune":"EYMEUX","echelle":"1/4000","surface":"0.42 km²","format":"A4","annee":"2015","cartographes":"Renaud GRANSARD","proprietaire":"2604 - CLUB DE ROMANS DE COURSE D'ORIENTATION","niveau":"Régional","specialite":"Sprint (ISSOM)","contacts":"CLUB ROMANS CO - CROCO, coromans2604@gmail.com","latitude":"45.0757237541","longitude":"5.17660523677","date_saisie":"07/10/2015","date_depot":"06/04/2016","valide":"Oui","ppo":"Non","type_carte":"Nouvelle carte","fond":"Cadastre","obsolete":false}},{"type":"Feature","geometry":{"type":"Polygon","coordinates":[[[4.9412,45.2173],[4.9462,45.2149],[4.9467,45.2134],[4.9456,45.2128],[4.9449,45.2119],[4.9434,45.2102],[4.9427,45.2093],[4.9431,45.2087],[4.9406,45.2077],[4.9396,45.2085],[4.9378,45.2079],[4.9362,45.209],[4.935,45.2125],[4.9377,45.2145],[4.9396,45.2163],[4.9412,45.2173]]]},"properties":{"id_ffco":"8232","nom":"La Galaure - St Bonnet","_dept":"26","numero":"2015-D26-111","commune":"Chateauneuf de Galaure","echelle":"1/4500","surface":"0.6 km²","format":"A4","annee":"2015","cartographes":"MERCIER Bruno","proprietaire":"26 - Drôme","niveau":"Initiation, Scolaire","specialite":"CO à pied","contacts":"CDCO 26, cdco26@free.fr, http://cdco26.free.fr/index.html","latitude":"45.212394984","longitude":"4.9406223055","date_saisie":"18/03/2015","date_depot":"06/04/2016","valide":"Oui","ppo":"Non","type_carte":"Reprise","base":"2002-D26-1018 LA GALAURE","fond":"Ortho","obsolete":false}},{"type":"Feature","geometry":{"type":"Polygon","coordinates":[[[5.2118,44.8886],[5.2127,44.8897],[5.2155,44.8902],[5.2167,44.8909],[5.2174,44.892],[5.2182,44.8923],[5.219,44.8924],[5.2204,44.8927],[5.2218,44.8937],[5.2231,44.8949],[5.224,44.8956],[5.2267,44.8973],[5.2282,44.8975],[5.2294,44.8982],[5.2307,44.8991],[5.2317,44.9001],[5.2324,44.9009],[5.2329,44.902],[5.2333,44.9032],[5.2342,44.9049],[5.2347,44.9061],[5.2356,44.9069],[5.2364,44.9087],[5.2376,44.9094],[5.2393,44.9106],[5.24,44.9117],[5.2409,44.9129],[5.2413,44.9142],[5.2419,44.9145],[5.241,44.9148],[5.2403,44.915],[5.2397,44.9153],[5.2391,44.9156],[5.2383,44.9158],[5.2364,44.9164],[5.2351,44.9168],[5.2349,44.9182],[5.2319,44.9194],[5.2297,44.9197],[5.2271,44.9192],[5.2259,44.9192],[5.2248,44.9185],[5.224,44.9171],[5.2233,44.9163],[5.2221,44.9165],[5.2209,44.9172],[5.2191,44.9185],[5.2182,44.9191],[5.2132,44.9194],[5.2121,44.9193],[5.2112,44.9188],[5.211,44.9177],[5.2119,44.916],[5.2095,44.9165],[5.2085,44.9175],[5.2076,44.9168],[5.2072,44.9155],[5.202,44.9141],[5.2028,44.9123],[5.204,44.9094],[5.2047,44.9075],[5.2061,44.9058],[5.2068,44.9044],[5.2076,44.9037],[5.2104,44.9016],[5.2101,44.8995],[5.2094,44.8982],[5.2094,44.8968],[5.2095,44.8953],[5.2104,44.8941],[5.2107,44.8922],[5.2107,44.8909],[5.2111,44.8895],[5.2118,44.8886]]]},"properties":{"id_ffco":"8539","nom":"Le Grand Echaillon - Léoncel","_dept":"26","numero":"2015-D26-109","commune":"LEONCEL","echelle":"1/15000","surface":"6.13 km²","format":"A4","annee":"2015","cartographes":"COTIRTA Marian","proprietaire":"26 - Drôme","niveau":"Interrégional","specialite":"CO à pied","latitude":"44.9071466022","longitude":"5.22066746956","date_saisie":"03/08/2015","date_depot":"06/04/2016","valide":"Oui","ppo":"Non","type_carte":"Reprise","base":"1989-D26-05 PISSENIBLE","fond":"Ortho","obsolete":false}},{"type":"Feature","geometry":{"type":"Polygon","coordinates":[[[5.0393,45.0686],[5.0351,45.0693],[5.0323,45.0696],[5.0303,45.0708],[5.0306,45.0722],[5.031,45.0728],[5.031,45.0748],[5.031,45.0756],[5.0318,45.0764],[5.0334,45.0776],[5.0358,45.0799],[5.0377,45.0806],[5.0401,45.0775],[5.0408,45.075],[5.0407,45.0735],[5.0401,45.0718],[5.0392,45.0702],[5.0389,45.0689],[5.0393,45.0686]]]},"properties":{"id_ffco":"8249","nom":"Les étangs de Chalaire","_dept":"26","numero":"2015-D26-108","commune":"ROMANS SUR ISERE","echelle":"1/5000","surface":"0.76 km²","format":"A4","annee":"2015","cartographes":"Olivier MANGUERO,Gil CORBIN,DEROUX Benoit","proprietaire":"2604 - CLUB DE ROMANS DE COURSE D'ORIENTATION","niveau":"Initiation, Scolaire","specialite":"CO à pied","contacts":"CLUB ROMANS CO - CROCO, coromans2604@gmail.com","latitude":"45.0741029015","longitude":"5.03589605543","date_saisie":"27/03/2015","date_depot":"06/04/2016","valide":"Oui","ppo":"Non","type_carte":"Nouvelle carte","fond":"Ortho","obsolete":false}},{"type":"Feature","geometry":{"type":"Polygon","coordinates":[[[4.9024,44.9228],[4.903,44.9218],[4.9033,44.9214],[4.9034,44.921],[4.9034,44.9204],[4.9043,44.9208],[4.9054,44.922],[4.9033,44.9229],[4.9043,44.924],[4.9035,44.9245],[4.9032,44.9245],[4.902,44.925],[4.9016,44.9243],[4.9024,44.9228]]]},"properties":{"id_ffco":"7910","nom":"Camille Vernet - Cité scolaire","_dept":"26","numero":"2013-D26-1070","commune":"26000 VALENCE,","echelle":"1/2000","surface":"0.06 km²","format":"A4","annee":"2013","cartographes":"GUEZENNEC Valérie","niveau":"Initiation, Scolaire","specialite":"CO à pied","contacts":"CDCO 26, cdco26@free.fr, http://cdco26.free.fr/index.html","latitude":"44.9228563848","longitude":"4.90333675188","date_saisie":"01/01/2015","date_depot":"06/05/2015","valide":"Oui","ppo":"Non","type_carte":"Nouvelle carte","fond":"Cadastre","obsolete":false}},{"type":"Feature","geometry":{"type":"Polygon","coordinates":[[[4.9392,45.2158],[4.9411,45.2173],[4.9435,45.2154],[4.9436,45.2138],[4.9415,45.214],[4.9405,45.2154],[4.9399,45.2154],[4.9394,45.2156],[4.9392,45.2158]]]},"properties":{"id_ffco":"8248","nom":"Groupe scolaire - St Bonnet","_dept":"26","numero":"2015-D26-107","commune":"CHATEAUNEUF-DE-GALAURE","echelle":"1/5000","surface":"0.07 km²","format":"A4","annee":"2015","cartographes":"MERCIER Bruno","proprietaire":"26 - Drôme","niveau":"Initiation, Scolaire","specialite":"CO à pied","latitude":"45.2154169996","longitude":"4.94171205198","date_saisie":"27/03/2015","date_depot":"06/04/2016","valide":"Oui","ppo":"Non","type_carte":"Reprise","base":"2002-D26-1016 GROUPE SCOLAIRE ST BONNET","fond":"Ortho","obsolete":false}},{"type":"Feature","geometry":{"type":"Polygon","coordinates":[[[4.9196,44.9368],[4.9233,44.9375],[4.9261,44.9378],[4.9286,44.938],[4.9296,44.938],[4.9295,44.9356],[4.929,44.9347],[4.9281,44.9335],[4.928,44.932],[4.9232,44.9323],[4.9218,44.9325],[4.9213,44.9349],[4.921,44.9349],[4.9208,44.9356],[4.9213,44.9357],[4.921,44.9363],[4.9197,44.9362],[4.9196,44.9368]]]},"properties":{"id_ffco":"6756","nom":"PARC JEAN PERDRIX - VALENCE","_dept":"26","numero":"2012-D26-1067","commune":"VALENCE","echelle":"1/4000","surface":"0.38 km²","format":"A4","annee":"2012","cartographes":"ANTOINE Alain","proprietaire":"26 - Drôme","niveau":"Initiation, Scolaire","specialite":"CO à pied","contacts":"CDCO 26, cdco26@free.fr, http://cdco26.free.fr/index.html","latitude":"44.935","longitude":"4.92462","date_saisie":"19/07/2013","date_depot":"06/05/2015","valide":"Oui","ppo":"Non","type_carte":"Nouvelle carte","fond":"Cadastre","obsolete":false}},{"type":"Feature","geometry":{"type":"Polygon","coordinates":[[[4.8883,44.9248],[4.889,44.9246],[4.8898,44.9251],[4.8903,44.9247],[4.891,44.925],[4.8909,44.9247],[4.8913,44.9246],[4.8909,44.9228],[4.8903,44.9228],[4.8896,44.9226],[4.8872,44.9231],[4.8883,44.9248]]]},"properties":{"id_ffco":"6755","nom":"COLLEGE SAINT VICTOR - VALENCE","_dept":"26","numero":"2012-D26-1066","commune":"VALENCE","echelle":"1/1500","surface":"0.06 km²","format":"A4","annee":"2012","cartographes":"MERCIER Bruno","proprietaire":"26 - Drôme","niveau":"Initiation, Scolaire","specialite":"CO à pied","contacts":"CDCO 26, cdco26@free.fr, http://cdco26.free.fr/index.html","latitude":"44.92384","longitude":"4.88925","date_saisie":"19/07/2013","date_depot":"06/05/2015","valide":"Oui","ppo":"Non","type_carte":"Nouvelle carte","fond":"Cadastre","obsolete":false}},{"type":"Feature","geometry":{"type":"Polygon","coordinates":[[[4.8748,44.8745],[4.8741,44.8746],[4.874,44.8743],[4.8738,44.8744],[4.8737,44.874],[4.8734,44.8741],[4.8733,44.8738],[4.8751,44.8732],[4.8754,44.8742],[4.8747,44.8743],[4.8748,44.8745]]]},"properties":{"id_ffco":"6752","nom":"PARC LEO LAGRANGE - PORTES LES VALENCE","_dept":"26","numero":"2011-D26-1063","commune":"PORTES LES VALENCE","echelle":"1/1000","surface":"0.01 km²","format":"A4","annee":"2011","cartographes":"DUDOIGNON Ludovic","proprietaire":"MAIRIE DE PORTES LES VALENCE","niveau":"Initiation, Scolaire","specialite":"CO à pied","contacts":"MAIRIE DE PORTES LES VALENCE, 04 75 57 95 00","latitude":"44.87391","longitude":"4.87435","date_saisie":"19/07/2013","date_depot":"06/05/2015","valide":"Oui","ppo":"Non","type_carte":"Nouvelle carte","fond":"Cadastre","obsolete":false}},{"type":"Feature","geometry":{"type":"Polygon","coordinates":[[[4.8809,44.8763],[4.8802,44.876],[4.8798,44.876],[4.8794,44.8748],[4.8807,44.8747],[4.8839,44.8747],[4.8841,44.8748],[4.8843,44.8761],[4.8813,44.8761],[4.8813,44.8764],[4.8809,44.8763]]]},"properties":{"id_ffco":"6751","nom":"PARC ARAGON - PORTES LES VALENCE","_dept":"26","numero":"2011-D26-1062","commune":"PORTES LES VALENCE","echelle":"1/1250","surface":"0.06 km²","format":"A4","annee":"2011","cartographes":"DUDOIGNON Ludovic","proprietaire":"MAIRIE DE PORTES LES VALENCE","niveau":"Initiation, Scolaire","specialite":"CO à pied","contacts":"MAIRIE DE PORTES LES VALENCE, 04 75 57 95 00","latitude":"44.8755","longitude":"4.88185","date_saisie":"19/07/2013","date_depot":"06/05/2015","valide":"Oui","ppo":"Non","type_carte":"Nouvelle carte","fond":"Cadastre","obsolete":false}},{"type":"Feature","geometry":{"type":"Polygon","coordinates":[[[4.7772,44.3524],[4.7762,44.3501],[4.7794,44.35],[4.7816,44.3501],[4.7828,44.3503],[4.7814,44.3519],[4.7772,44.3524]]]},"properties":{"id_ffco":"6741","nom":"CENTRE DE LOISIR 2003 - ST PAUL 3 CHTX","_dept":"26","numero":"2010-D26-1060","commune":"SAINT PAUL TROIS CHATEAUX","echelle":"1/1750","surface":"0.1 km²","format":"A4","annee":"2010","cartographes":"GARNIER Patrick","proprietaire":"26 - Drôme","niveau":"Initiation, Scolaire","specialite":"CO à pied","contacts":"CDCO 26, cdco26@free.fr, http://cdco26.free.fr/index.html","latitude":"44.3512","longitude":"4.77951","date_saisie":"19/07/2013","date_depot":"06/05/2015","valide":"Oui","ppo":"Non","type_carte":"Reprise","base":"2003-D26-1019 CENTRE DE LOISIRS","fond":"Cadastre","obsolete":false}},{"type":"Feature","geometry":{"type":"Polygon","coordinates":[[[4.9293,45.1946],[4.9297,45.1992],[4.9308,45.2008],[4.9285,45.202],[4.9278,45.2041],[4.9261,45.207],[4.9313,45.2099],[4.9378,45.2147],[4.9407,45.2172],[4.9447,45.2196],[4.9489,45.2181],[4.9514,45.2159],[4.9478,45.2135],[4.9431,45.2089],[4.9419,45.2087],[4.9438,45.2076],[4.9437,45.2056],[4.9447,45.204],[4.9469,45.2027],[4.9478,45.1998],[4.9479,45.1977],[4.9481,45.1952],[4.9481,45.194],[4.9464,45.1907],[4.9437,45.1886],[4.9416,45.1857],[4.9392,45.1826],[4.9359,45.1815],[4.9339,45.1806],[4.9311,45.1806],[4.9291,45.1808],[4.9281,45.1834],[4.9278,45.1857],[4.9273,45.1862],[4.9235,45.187],[4.9293,45.1946]]]},"properties":{"id_ffco":"8213","nom":"Bois de Suze VTT","_dept":"26","numero":"2015-D26-106","commune":"Claveyson","echelle":"1/15000","surface":"5.1 km²","format":"A4","annee":"2015","cartographes":"DEROUX Benoit","proprietaire":"2604 - CLUB DE ROMANS DE COURSE D'ORIENTATION","niveau":"Départemental","specialite":"CO à VTT","contacts":"CLUB ROMANS CO - CROCO, coromans2604@gmail.com","latitude":"45.1989087452","longitude":"4.9375047442","date_saisie":"07/03/2015","date_depot":"06/04/2016","valide":"Oui","ppo":"Non","type_carte":"Nouvelle carte","fond":"Ortho","obsolete":false}},{"type":"Feature","geometry":{"type":"Polygon","coordinates":[[[4.7721,44.5604],[4.7739,44.5604],[4.7766,44.5616],[4.7771,44.5608],[4.7796,44.5613],[4.7828,44.5609],[4.7849,44.5611],[4.7856,44.5595],[4.7858,44.5583],[4.7856,44.5573],[4.7851,44.5562],[4.7837,44.5553],[4.7825,44.555],[4.779,44.5557],[4.7773,44.5563],[4.7749,44.5568],[4.7736,44.5575],[4.7718,44.5576],[4.7721,44.5604]]]},"properties":{"id_ffco":"5747","nom":"BOIS DE LION - MONTELIMAR","_dept":"26","numero":"2010-D26-1059","commune":"MONTELIMAR","echelle":"1/4000","surface":"0.58 km²","format":"A4","annee":"2010","cartographes":"COUPAT Gerard","proprietaire":"26 - Drôme","niveau":"Initiation, Scolaire","specialite":"CO à pied","contacts":"CDCO 26, cdco.drome@gmail.com, http://cdco26.fr/","latitude":"44.55832","longitude":"4.77881","date_saisie":"19/07/2013","date_depot":"06/05/2015","valide":"Oui","ppo":"Oui (25 postes)","type_carte":"Nouvelle carte","fond":"Cadastre","obsolete":false}},{"type":"Feature","geometry":{"type":"Polygon","coordinates":[[[5.0277,44.7242],[5.0273,44.7228],[5.0259,44.7228],[5.0244,44.723],[5.0234,44.7233],[5.0221,44.7248],[5.0248,44.7261],[5.0257,44.7255],[5.0272,44.7247],[5.0277,44.7242]]]},"properties":{"id_ffco":"5755","nom":"STADE SOUBEYRAN - CREST","_dept":"26","numero":"2010-D26-1058","commune":"CREST","echelle":"1/2000","surface":"0.1 km²","format":"A4","annee":"2010","cartographes":"COUPAT Gerard","proprietaire":"26 - Drôme","niveau":"Initiation, Scolaire","specialite":"CO à pied","contacts":"CDCO 26, cdco26@free.fr, http://cdco26.free.fr/index.html","latitude":"44.72443","longitude":"5.02488","date_saisie":"19/07/2013","date_depot":"06/05/2015","valide":"Oui","ppo":"Non","type_carte":"Nouvelle carte","fond":"Cadastre","obsolete":false}},{"type":"Feature","geometry":{"type":"Polygon","coordinates":[[[5.1573,44.6804],[5.1546,44.6796],[5.1537,44.6793],[5.1528,44.678],[5.1518,44.6783],[5.151,44.6805],[5.1503,44.6808],[5.1496,44.682],[5.1474,44.6823],[5.1436,44.6835],[5.1419,44.6849],[5.1405,44.6856],[5.14,44.6886],[5.1398,44.6905],[5.1397,44.6931],[5.1437,44.6933],[5.1462,44.6925],[5.1461,44.6905],[5.1464,44.6891],[5.1478,44.687],[5.1504,44.6863],[5.1529,44.6861],[5.1544,44.6858],[5.156,44.6868],[5.1572,44.6862],[5.159,44.6857],[5.1592,44.6837],[5.1573,44.6804]]]},"properties":{"id_ffco":"5753","nom":"AUBENASSON","_dept":"26","numero":"2010-D26-1057","commune":"AUBENASSON","echelle":"1/7500","surface":"1.16 km²","format":"A4","annee":"2010","cartographes":"COUPAT Gerard","proprietaire":"26 - Drôme","niveau":"Initiation, Scolaire","specialite":"CO à pied","contacts":"CDCO 26, cdco26@free.fr, http://cdco26.free.fr/index.html","latitude":"44.68564","longitude":"5.14943","date_saisie":"19/07/2013","date_depot":"06/05/2015","valide":"Oui","ppo":"Non","type_carte":"Nouvelle carte","fond":"IGN","obsolete":false}},{"type":"Feature","geometry":{"type":"Polygon","coordinates":[[[5.3779,44.7471],[5.38,44.7468],[5.3811,44.746],[5.3811,44.7449],[5.3816,44.7436],[5.3819,44.7421],[5.381,44.742],[5.3812,44.7409],[5.3813,44.7398],[5.3793,44.739],[5.3784,44.7392],[5.3776,44.739],[5.3765,44.7383],[5.3762,44.739],[5.3753,44.7392],[5.3719,44.7386],[5.3727,44.7396],[5.3746,44.7411],[5.3762,44.7425],[5.3778,44.7471],[5.3779,44.7471]]]},"properties":{"id_ffco":"6669","nom":"LE MARTOURET - DIE","_dept":"26","numero":"2009-D26-1055","commune":"DIE","echelle":"1/3500","surface":"0.38 km²","format":"A4","annee":"2009","cartographes":"MERCIER Bruno","proprietaire":"26 - Drôme","niveau":"Initiation, Scolaire","specialite":"CO à pied","contacts":"CDCO 26, cdco26@free.fr, http://cdco26.free.fr/index.html","latitude":"44.74271","longitude":"5.37693","date_saisie":"19/07/2013","date_depot":"06/05/2015","valide":"Oui","ppo":"Non","type_carte":"Nouvelle carte","fond":"Cadastre","obsolete":false}},{"type":"Feature","geometry":{"type":"Polygon","coordinates":[[[5.0523,44.8699],[5.054,44.8708],[5.0537,44.8725],[5.0556,44.8745],[5.057,44.8751],[5.0592,44.8751],[5.0606,44.876],[5.062,44.8755],[5.0638,44.8753],[5.0685,44.8746],[5.0697,44.8739],[5.0698,44.8731],[5.0695,44.8703],[5.0696,44.8639],[5.066,44.8622],[5.0646,44.8607],[5.0646,44.8574],[5.0499,44.8573],[5.0507,44.8616],[5.0509,44.8666],[5.0509,44.8691],[5.0523,44.8699]]]},"properties":{"id_ffco":"6668","nom":"LA TOUR BARCELONNE","_dept":"26","numero":"2009-D26-1054","commune":"CHABEUIL","echelle":"1/7500","surface":"2.56 km²","format":"A4","annee":"2009","cartographes":"MERCIER Bruno","proprietaire":"2605 - VALENCE SPORTS ORIENTATION","niveau":"Départemental","specialite":"CO à pied","contacts":"CLUB VALENCE SPORT ORIENTATION, 04 75 59 20 81, vso.2605@free.fr, http://www.valence-sports-orientation.fr/","latitude":"44.86665","longitude":"5.05987","date_saisie":"19/07/2013","date_depot":"06/05/2015","valide":"Oui","ppo":"Non","type_carte":"Extrait","base":"2003-D26-40 LA TOUR","fond":"IGN","obsolete":false}},{"type":"Feature","geometry":{"type":"Polygon","coordinates":[[[5.0589,44.5221],[5.0577,44.5219],[5.0559,44.5218],[5.0552,44.5216],[5.0539,44.5222],[5.0531,44.5226],[5.0521,44.5227],[5.0497,44.5228],[5.0495,44.5239],[5.0495,44.5247],[5.0504,44.5249],[5.0507,44.5254],[5.0512,44.5263],[5.0514,44.5269],[5.0535,44.5287],[5.0542,44.5291],[5.0565,44.5285],[5.0571,44.528],[5.0586,44.5274],[5.0599,44.527],[5.06,44.5258],[5.0602,44.5255],[5.0612,44.5249],[5.0622,44.5246],[5.0597,44.5228],[5.0591,44.5222],[5.0589,44.5221],[5.0589,44.5221]]]},"properties":{"id_ffco":"6528","nom":"DOMAINE DE REJAUBERT - DIEULEFIT","_dept":"26","numero":"2008-D26-1051","commune":"DIEULEFIT","echelle":"1/4000","surface":"0.51 km²","format":"A4","annee":"2008","cartographes":"BENOIT Patrice","proprietaire":"26 - Drôme","niveau":"Initiation, Scolaire","specialite":"CO à pied","contacts":"CDCO 26, cdco26@free.fr, http://cdco26.free.fr/index.html","latitude":"44.5250332064","longitude":"5.055460837","date_saisie":"19/07/2013","date_depot":"05/05/2015","valide":"Oui","ppo":"Non","type_carte":"Nouvelle carte","fond":"Cadastre","obsolete":false}},{"type":"Feature","geometry":{"type":"Polygon","coordinates":[[[4.8936,44.9584],[4.896,44.9627],[4.9024,44.9576],[4.9021,44.9567],[4.9015,44.9555],[4.9009,44.9547],[4.9006,44.9541],[4.8992,44.9528],[4.8967,44.9543],[4.8971,44.9556],[4.8958,44.9562],[4.895,44.9576],[4.894,44.9581],[4.8936,44.9584],[4.8936,44.9584]]]},"properties":{"id_ffco":"6527","nom":"LE VALENTIN - BOURG LES VALENCE","_dept":"26","numero":"2008-D26-1050","commune":"BOURG-LES-VALENCE","echelle":"1/3500","surface":"0.38 km²","format":"A4","annee":"2008","cartographes":"MERCIER Bruno","proprietaire":"CONSEIL GENERAL DROME","niveau":"Initiation, Scolaire","specialite":"CO à pied","contacts":"CONSEIL GENERAL DROME, 04 75 79 26 26","latitude":"44.95777","longitude":"4.898","date_saisie":"19/07/2013","date_depot":"05/05/2015","valide":"Oui","ppo":"Non","type_carte":"Nouvelle carte","fond":"Cadastre","obsolete":false}},{"type":"Feature","geometry":{"type":"Polygon","coordinates":[[[5.0529,45.0699],[5.0428,45.0683],[5.0386,45.0684],[5.0341,45.0689],[5.0303,45.0701],[5.0286,45.0717],[5.0265,45.075],[5.0258,45.077],[5.0247,45.0782],[5.015,45.0837],[5.0113,45.086],[5.0105,45.09],[5.0084,45.0957],[5.0027,45.0968],[5.0011,45.0992],[5.0056,45.1045],[5.0052,45.1059],[5.0025,45.1116],[4.9981,45.1177],[4.997,45.1198],[5.008,45.1269],[5.0144,45.1313],[5.0218,45.1348],[5.0327,45.1408],[5.0562,45.1445],[5.0734,45.1389],[5.0813,45.12],[5.078,45.0941],[5.0756,45.0786],[5.0736,45.0787],[5.072,45.0745],[5.0632,45.0721],[5.0583,45.071],[5.0529,45.0699]]]},"properties":{"id_ffco":"8211","nom":"Les Collines de St Ange VTT","_dept":"26","numero":"2015-D26-105","commune":"Peyrins","echelle":"1/20000","surface":"41.18 km²","format":"A3","annee":"2015","cartographes":"Alexandre BOUVET,DEROUX Benoit","proprietaire":"2604 - CLUB DE ROMANS DE COURSE D'ORIENTATION","niveau":"Départemental","specialite":"CO à VTT","contacts":"CLUB ROMANS CO - CROCO, coromans2604@gmail.com","latitude":"45.106932504","longitude":"5.0435669146","date_saisie":"06/03/2015","date_depot":"06/04/2016","valide":"Oui","ppo":"Non","type_carte":"Nouvelle carte","fond":"Ortho","obsolete":false}},{"type":"Feature","geometry":{"type":"Polygon","coordinates":[[[5.0624,45.0559],[5.0649,45.0552],[5.0645,45.054],[5.0635,45.0541],[5.0637,45.0544],[5.0617,45.0547],[5.0613,45.0548],[5.0618,45.056],[5.0624,45.0559]]]},"properties":{"id_ffco":"6524","nom":"COLLEGE ANDRE MALRAUX - ROMANS SUR ISERE","_dept":"26","numero":"2008-D26-1047","commune":"ROMANS-SUR-ISERE","echelle":"1/2000","surface":"0.04 km²","format":"A4","annee":"2008","cartographes":"MIDENA Benjamin","proprietaire":"26 - Drôme","niveau":"Initiation, Scolaire","specialite":"CO à pied","contacts":"CDCO 26, cdco26@free.fr, http://cdco26.free.fr/index.html","latitude":"45.05501","longitude":"5.06328","date_saisie":"19/07/2013","date_depot":"05/05/2015","valide":"Oui","ppo":"Non","type_carte":"Nouvelle carte","fond":"Cadastre","obsolete":false}},{"type":"Feature","geometry":{"type":"Polygon","coordinates":[[[5.0073,45.1052],[5.0106,45.1074],[5.0273,45.1078],[5.0284,45.1051],[5.029,45.1044],[5.0282,45.1005],[5.0229,45.0982],[5.0184,45.0989],[5.0106,45.1007],[5.0073,45.1041],[5.0073,45.1052]]]},"properties":{"id_ffco":"6799","nom":"LE BOIS DES USSIAUX - PEYRINS","_dept":"26","numero":"2008-D26-1045","commune":"PEYRINS","echelle":"1/7500","surface":"1.39 km²","format":"A4","annee":"2008","cartographes":"MANGUERO Laure","proprietaire":"26 - Drôme","niveau":"Initiation, Scolaire","specialite":"CO à pied","contacts":"CDCO 26, cdco26@free.fr, http://cdco26.free.fr/index.html","latitude":"45.10299","longitude":"5.01813","date_saisie":"19/07/2013","date_depot":"05/05/2015","valide":"Oui","ppo":"Non","type_carte":"Nouvelle carte","fond":"IGN","obsolete":false}},{"type":"Feature","geometry":{"type":"Polygon","coordinates":[[[5.023,44.9021],[5.0219,44.902],[5.0214,44.9017],[5.0211,44.9009],[5.0209,44.9001],[5.0211,44.8995],[5.0218,44.8994],[5.0223,44.9002],[5.023,44.9021],[5.023,44.9021]]]},"properties":{"id_ffco":"7977","nom":"LES GONTARDES II","_dept":"26","numero":"2008-D26-1044","commune":"CHABEUIL","echelle":"1/1200","surface":"0.03 km²","format":"A4","annee":"2008","cartographes":"MIDENA Benjamin","proprietaire":"26 - Drôme","niveau":"Initiation, Scolaire","specialite":"CO à pied","latitude":"44.9007751309","longitude":"5.02183340094","date_saisie":"26/01/2015","date_depot":"06/05/2015","valide":"Oui","ppo":"Non","type_carte":"Nouvelle carte","fond":"Cadastre","obsolete":false}},{"type":"Feature","geometry":{"type":"Polygon","coordinates":[[[5.0257,44.9056],[5.0243,44.9066],[5.0253,44.9072],[5.0251,44.9075],[5.0243,44.9073],[5.0235,44.9079],[5.0256,44.91],[5.0277,44.9092],[5.0283,44.9089],[5.0283,44.9084],[5.029,44.908],[5.0276,44.9066],[5.0261,44.9059],[5.0257,44.9056],[5.0257,44.9056]]]},"properties":{"id_ffco":"6522","nom":"STADES DES FLANDENNES - CHABEUIL","_dept":"26","numero":"2008-D26-1043","commune":"CHABEUIL","echelle":"1/2000","surface":"0.11 km²","format":"A4","annee":"2008","cartographes":"MIDENA Benjamin","proprietaire":"CONSEIL GENERAL DROME","niveau":"Initiation, Scolaire","specialite":"CO à pied","contacts":"CONSEIL GENERAL DROME, 04 75 79 26 26","latitude":"44.90777","longitude":"5.02626","date_saisie":"19/07/2013","date_depot":"05/05/2015","valide":"Oui","ppo":"Non","type_carte":"Nouvelle carte","fond":"Cadastre","obsolete":false}},{"type":"Feature","geometry":{"type":"Polygon","coordinates":[[[5.06,44.5256],[5.0611,44.5251],[5.062,44.5247],[5.061,44.5238],[5.0589,44.5221],[5.0579,44.5226],[5.0575,44.5231],[5.0587,44.5245],[5.0599,44.5254],[5.06,44.5256],[5.06,44.5256]]]},"properties":{"id_ffco":"6521","nom":"COMPLEXE SPORTIF DU JUNCHER - DIEULEFIT","_dept":"26","numero":"2008-D26-1042","commune":"DIEULEFIT","echelle":"1/1700","surface":"0.07 km²","format":"A4","annee":"2008","cartographes":"BENOIT Patrice","proprietaire":"26 - Drôme","niveau":"Initiation, Scolaire","specialite":"CO à pied","contacts":"CDCO 26, cdco26@free.fr, http://cdco26.free.fr/index.html","latitude":"44.52382","longitude":"5.05972","date_saisie":"19/07/2013","date_depot":"06/05/2015","valide":"Oui","ppo":"Non","type_carte":"Nouvelle carte","fond":"Cadastre","obsolete":false}},{"type":"Feature","geometry":{"type":"Polygon","coordinates":[[[5.1608,44.534],[5.1589,44.534],[5.1579,44.533],[5.1562,44.5332],[5.1547,44.5335],[5.1543,44.5344],[5.1532,44.5359],[5.1538,44.5368],[5.1549,44.5384],[5.155,44.5394],[5.1547,44.5397],[5.1558,44.5408],[5.158,44.5413],[5.1586,44.5424],[5.1586,44.543],[5.16,44.543],[5.1614,44.5431],[5.1629,44.5422],[5.1633,44.541],[5.1647,44.5397],[5.1646,44.5371],[5.1636,44.5355],[5.1613,44.5341],[5.1608,44.534],[5.1608,44.534]]]},"properties":{"id_ffco":"6520","nom":"DOMAINE DE DAMIAN IV - VESC","_dept":"26","numero":"2008-D26-1041","commune":"VESC","echelle":"1/5000","surface":"0.69 km²","format":"A4","annee":"2008","cartographes":"MERCIER Bruno","proprietaire":"26 - Drôme","niveau":"Initiation, Scolaire","specialite":"CO à pied","contacts":"CDCO 26, cdco26@free.fr, http://cdco26.free.fr/index.html","latitude":"44.53803","longitude":"5.15894","date_saisie":"19/07/2013","date_depot":"05/05/2015","valide":"Oui","ppo":"Oui (25 postes)","type_carte":"Nouvelle carte","fond":"Cadastre","obsolete":false}},{"type":"Feature","geometry":{"type":"Polygon","coordinates":[[[5.0492,45.0745],[5.0504,45.0752],[5.0538,45.0759],[5.0553,45.0756],[5.0577,45.0742],[5.0596,45.0742],[5.0608,45.0714],[5.0578,45.0705],[5.0585,45.0679],[5.0517,45.0671],[5.0513,45.0691],[5.0496,45.0691],[5.0495,45.0702],[5.0507,45.0715],[5.0498,45.0735],[5.0492,45.0745]]]},"properties":{"id_ffco":"8210","nom":"Mours St Eusèbe","_dept":"26","numero":"2015-D26-104","commune":"Mours","echelle":"1/4000","surface":"0.6 km²","format":"A4","annee":"2015","cartographes":"Alexandre BOUVET,DEROUX Benoit","proprietaire":"2604 - CLUB DE ROMANS DE COURSE D'ORIENTATION","niveau":"Départemental","specialite":"Sprint (ISSOM)","contacts":"CLUB ROMANS CO - CROCO, coromans2604@gmail.com","latitude":"45.0716149082","longitude":"5.05454499367","date_saisie":"06/03/2015","date_depot":"06/04/2016","valide":"Oui","ppo":"Non","type_carte":"Nouvelle carte","fond":"Cadastre","obsolete":false}},{"type":"Feature","geometry":{"type":"Polygon","coordinates":[[[4.8361,44.7751],[4.8373,44.7747],[4.8363,44.7735],[4.835,44.7738],[4.8345,44.7738],[4.8344,44.7739],[4.8355,44.7746],[4.8361,44.7751],[4.8361,44.7751]]]},"properties":{"id_ffco":"6517","nom":"PARC PIGNAL - LIVRON","_dept":"26","numero":"2006-D26-1037","commune":"LIVRON-SUR-DROME","echelle":"1/650","surface":"0.02 km²","format":"A4","annee":"2006","cartographes":"MERCIER Bruno","proprietaire":"MAIRIE DE LIVRON","specialite":"CO à pied","contacts":"MAIRIE DE LIVRON, 04 75 61 74 66","latitude":"44.77432","longitude":"4.83583","date_saisie":"19/07/2013","valide":"Non","ppo":"Non","obsolete":false}},{"type":"Feature","geometry":{"type":"Polygon","coordinates":[[[5.3496,44.7933],[5.3481,44.7934],[5.3452,44.7945],[5.3448,44.7953],[5.3438,44.7966],[5.3437,44.7973],[5.3441,44.8013],[5.3441,44.8055],[5.344,44.8059],[5.346,44.8071],[5.3473,44.8092],[5.3502,44.809],[5.3509,44.809],[5.3527,44.8077],[5.356,44.8073],[5.361,44.8064],[5.3676,44.8056],[5.3685,44.8055],[5.3684,44.8033],[5.3695,44.802],[5.3704,44.8],[5.3752,44.7993],[5.3765,44.7993],[5.3762,44.7925],[5.3735,44.7923],[5.3706,44.7907],[5.3685,44.7897],[5.368,44.7895],[5.3646,44.7908],[5.3613,44.7918],[5.3578,44.7926],[5.3558,44.793],[5.3534,44.793],[5.3504,44.793],[5.3496,44.7933],[5.3496,44.7933]]]},"properties":{"id_ffco":"5884","nom":"MARIGNAC EN DIOIS","_dept":"26","numero":"2005-D26-1036","commune":"CHAMALOC","echelle":"1/10000","surface":"3.77 km²","format":"A4","annee":"2005","cartographes":"COUPAT Gerard","proprietaire":"26 - Drôme","niveau":"Initiation, Scolaire","specialite":"CO à pied","contacts":"CDCO 26, cdco26@free.fr, http://cdco26.free.fr/index.html","latitude":"44.7995","longitude":"5.35907","date_saisie":"19/07/2013","valide":"Non","ppo":"Non","type_carte":"Nouvelle carte","fond":"IGN","obsolete":false}},{"type":"Feature","geometry":{"type":"Polygon","coordinates":[[[5.0995,45.269],[5.0983,45.2688],[5.0969,45.2685],[5.0953,45.2683],[5.0941,45.2679],[5.0922,45.2675],[5.0908,45.2671],[5.0897,45.267],[5.0881,45.2669],[5.0865,45.2668],[5.086,45.2664],[5.0857,45.2662],[5.0833,45.2662],[5.0818,45.2662],[5.0785,45.2666],[5.0773,45.2667],[5.0767,45.2688],[5.076,45.2696],[5.0757,45.2704],[5.075,45.2721],[5.0759,45.2727],[5.0762,45.2735],[5.0771,45.2738],[5.0784,45.2738],[5.0799,45.2739],[5.0811,45.2743],[5.0818,45.275],[5.0828,45.2757],[5.0841,45.2756],[5.0852,45.2754],[5.0859,45.2751],[5.0872,45.2751],[5.0884,45.2749],[5.0898,45.2749],[5.0908,45.275],[5.0916,45.2756],[5.0923,45.2757],[5.0931,45.2748],[5.0938,45.2742],[5.0955,45.2736],[5.0966,45.2734],[5.0974,45.273],[5.0991,45.2722],[5.0998,45.2717],[5.0996,45.2689],[5.0996,45.2689],[5.0997,45.269],[5.0995,45.269],[5.0995,45.269]]]},"properties":{"id_ffco":"6030","nom":"COLLEGE BEDIER LE GRAND SERRE","_dept":"26","numero":"2004-D26-1031","commune":"LE GRAND-SERRE","echelle":"1/7500","surface":"1.49 km²","format":"A4","annee":"2004","cartographes":"PLOCKYN Daniel","proprietaire":"CONSEIL GENERAL DROME","specialite":"CO à pied","contacts":"CONSEIL GENERAL DROME, 04 75 79 26 26","latitude":"45.27075","longitude":"5.08782","date_saisie":"19/07/2013","valide":"Non","ppo":"Non","obsolete":false}},{"type":"Feature","geometry":{"type":"Polygon","coordinates":[[[5.3668,44.7521],[5.3667,44.7522],[5.3669,44.7521],[5.3669,44.752],[5.3668,44.7514],[5.3669,44.7511],[5.3671,44.7503],[5.3664,44.75],[5.3655,44.7502],[5.365,44.7503],[5.3645,44.7506],[5.3638,44.7508],[5.3635,44.7511],[5.3636,44.7512],[5.364,44.7515],[5.364,44.7518],[5.3642,44.7523],[5.3648,44.752],[5.3651,44.752],[5.3661,44.7518],[5.3666,44.7521],[5.3668,44.7521],[5.3668,44.7521]]]},"properties":{"id_ffco":"5790","nom":"CAMPING MUNICIPAL - DIE","_dept":"26","numero":"2004-D26-1030","commune":"DIE","echelle":"1/1500","surface":"0.05 km²","format":"A4","annee":"2004","cartographes":"COUPAT Gerard","proprietaire":"CONSEIL GENERAL DROME","specialite":"CO à pied","contacts":"CONSEIL GENERAL DROME, 04 75 79 26 26","latitude":"44.75066","longitude":"5.36646","date_saisie":"19/07/2013","valide":"Non","ppo":"Non","obsolete":false}},{"type":"Feature","geometry":{"type":"Polygon","coordinates":[[[5.0237,45.0807],[5.0197,45.0852],[5.0171,45.0856],[5.0159,45.0876],[5.0153,45.0925],[5.0176,45.0956],[5.0267,45.0948],[5.0289,45.0908],[5.0315,45.0852],[5.0265,45.0821],[5.0237,45.0807]]]},"properties":{"id_ffco":"8212","nom":"Bois de l'Aumône","_dept":"26","numero":"2015-D26-103","commune":"Peyrins","echelle":"1/5000","surface":"1.38 km²","format":"A4","annee":"2015","cartographes":"COTIRTA Marian","proprietaire":"2604 - CLUB DE ROMANS DE COURSE D'ORIENTATION","niveau":"Départemental","specialite":"CO à pied","contacts":"CLUB ROMANS CO - CROCO, coromans2604@gmail.com","latitude":"45.0888336612","longitude":"5.02304931874","date_saisie":"07/03/2015","date_depot":"06/04/2016","valide":"Oui","ppo":"Non","type_carte":"Nouvelle carte","fond":"Ortho","obsolete":false}},{"type":"Feature","geometry":{"type":"Polygon","coordinates":[[[5.0218,44.7268],[5.0217,44.7268],[5.0219,44.7267],[5.0229,44.7264],[5.0242,44.7259],[5.026,44.7252],[5.0273,44.7246],[5.0293,44.7238],[5.0311,44.7231],[5.0327,44.7223],[5.0333,44.7218],[5.0343,44.7213],[5.035,44.7206],[5.0354,44.7198],[5.0353,44.7193],[5.0349,44.7192],[5.0344,44.7195],[5.033,44.7203],[5.0319,44.7207],[5.0313,44.7208],[5.0276,44.7217],[5.0274,44.7202],[5.0263,44.7202],[5.0258,44.7212],[5.0251,44.722],[5.0214,44.7261],[5.0218,44.7268],[5.0218,44.7268]]]},"properties":{"id_ffco":"5887","nom":"SOUBEYRAN SAINT LOUIS - CREST","_dept":"26","numero":"2004-D26-1028","commune":"CREST","echelle":"1/5000","surface":"0.31 km²","format":"A4","annee":"2004","cartographes":"COUPAT Gerard","proprietaire":"CONSEIL GENERAL DROME","specialite":"CO à pied","contacts":"CONSEIL GENERAL DROME, 04 75 79 26 26","latitude":"44.72273","longitude":"5.02808","date_saisie":"19/07/2013","valide":"Non","ppo":"Non","obsolete":false}},{"type":"Feature","geometry":{"type":"Polygon","coordinates":[[[4.841,44.7678],[4.8411,44.7678],[4.8402,44.768],[4.8397,44.7683],[4.8392,44.7684],[4.8393,44.7687],[4.8392,44.7687],[4.8397,44.7691],[4.8399,44.769],[4.8404,44.7689],[4.8407,44.7689],[4.841,44.7689],[4.8411,44.7689],[4.8409,44.7687],[4.8409,44.7686],[4.8411,44.7685],[4.8411,44.7684],[4.8412,44.7683],[4.8412,44.7681],[4.841,44.7678],[4.841,44.7678]]]},"properties":{"id_ffco":"6022","nom":"PARC ANDRE GRANGEON - LIVRON","_dept":"26","numero":"2004-D26-1027","commune":"LIVRON-SUR-DROME","echelle":"1/650","surface":"0.01 km²","format":"A4","annee":"2004","cartographes":"COUPAT Gerard","proprietaire":"CONSEIL GENERAL DROME","specialite":"CO à pied","contacts":"CONSEIL GENERAL DROME, 04 75 79 26 26","latitude":"44.76843","longitude":"4.84025","date_saisie":"19/07/2013","valide":"Non","ppo":"Non","obsolete":false}},{"type":"Feature","geometry":{"type":"Polygon","coordinates":[[[4.8144,44.7508],[4.8152,44.7515],[4.8157,44.7518],[4.8162,44.752],[4.8169,44.7523],[4.8176,44.7526],[4.8179,44.7526],[4.8179,44.7525],[4.8177,44.7521],[4.8174,44.7521],[4.8167,44.7512],[4.8171,44.7511],[4.8167,44.7501],[4.8143,44.7507],[4.8144,44.7508],[4.8144,44.7508]]]},"properties":{"id_ffco":"6036","nom":"PLATEAU SPORTIF - LORIOL SUR RHONE","_dept":"26","numero":"2004-D26-1026","commune":"LORIOL-SUR-DROME","echelle":"1/1000","surface":"0.03 km²","format":"A4","annee":"2004","cartographes":"COUPAT Gerard","proprietaire":"CONSEIL GENERAL DROME","specialite":"CO à pied","contacts":"CONSEIL GENERAL DROME, 04 75 79 26 26","latitude":"44.75097","longitude":"4.81635","date_saisie":"19/07/2013","valide":"Non","ppo":"Non","obsolete":false}},{"type":"Feature","geometry":{"type":"Polygon","coordinates":[[[4.8262,44.7545],[4.8262,44.7545],[4.8254,44.754],[4.8249,44.7537],[4.8243,44.7533],[4.8238,44.7536],[4.824,44.7538],[4.8242,44.7539],[4.8245,44.754],[4.8247,44.7543],[4.8248,44.7545],[4.8252,44.7549],[4.8253,44.7551],[4.8255,44.7551],[4.8257,44.7551],[4.8259,44.755],[4.826,44.7547],[4.8262,44.7545],[4.8262,44.7545]]]},"properties":{"id_ffco":"5983","nom":"PARC DE LA MAISON POUR TOUS - LORIOL SUR RHONE","_dept":"26","numero":"2004-D26-1025","commune":"LORIOL-SUR-DROME","echelle":"1/650","surface":"0.01 km²","format":"A4","annee":"2004","cartographes":"COUPAT Gerard","proprietaire":"CONSEIL GENERAL DROME","specialite":"CO à pied","contacts":"CONSEIL GENERAL DROME, 04 75 79 26 26","latitude":"44.75431","longitude":"4.82529","date_saisie":"19/07/2013","valide":"Non","ppo":"Non","obsolete":false}},{"type":"Feature","geometry":{"type":"Polygon","coordinates":[[[5.0536,45.0281],[5.0524,45.0276],[5.0515,45.028],[5.0509,45.0297],[5.0477,45.0293],[5.045,45.0296],[5.0454,45.0303],[5.0499,45.0314],[5.0524,45.0315],[5.0538,45.0303],[5.0557,45.0293],[5.0575,45.0282],[5.0599,45.0275],[5.06,45.0266],[5.0598,45.026],[5.0585,45.0261],[5.0559,45.0271],[5.0544,45.0281],[5.0536,45.0281]]]},"properties":{"id_ffco":"6516","nom":"LE BOIS DES NAIX - BOURG DE PEAGE","_dept":"26","numero":"2004-D26-1024","commune":"BOURG-DE-PEAGE","echelle":"1/4000","surface":"0.25 km²","format":"A4","annee":"2004","cartographes":"MERCIER Bruno","proprietaire":"26 - Drôme","niveau":"Initiation, Scolaire","specialite":"CO à pied","contacts":"CDCO 26, cdco26@free.fr, http://cdco26.free.fr/index.html","latitude":"45.02882","longitude":"5.05253","date_saisie":"19/07/2013","valide":"Non","ppo":"Oui (20 postes)","type_carte":"Nouvelle carte","fond":"Ortho","obsolete":false}},{"type":"Feature","geometry":{"type":"Polygon","coordinates":[[[5.0474,45.0885],[5.0494,45.0898],[5.0513,45.0891],[5.0522,45.0875],[5.0511,45.0861],[5.0477,45.0861],[5.0474,45.0885]]]},"properties":{"id_ffco":"8209","nom":"Les étangs de Bellevue","_dept":"26","numero":"2015-D26-102","commune":"Peyrins","echelle":"1/2000","surface":"0.12 km²","format":"A4","annee":"2015","cartographes":"DEROUX Benoit,DUDOIGNON Ludovic","proprietaire":"2604 - CLUB DE ROMANS DE COURSE D'ORIENTATION","niveau":"Initiation, Scolaire","specialite":"CO à pied","contacts":"CLUB ROMANS CO - CROCO, coromans2604@gmail.com","latitude":"45.0877396605","longitude":"5.0496609203","date_saisie":"06/03/2015","date_depot":"06/04/2016","valide":"Oui","ppo":"Non","type_carte":"Nouvelle carte","fond":"Ortho","obsolete":false}},{"type":"Feature","geometry":{"type":"Polygon","coordinates":[[[4.7458,44.5568],[4.7486,44.5562],[4.7479,44.5548],[4.7473,44.5536],[4.7449,44.5539],[4.7457,44.5564],[4.7458,44.5568],[4.7458,44.5568]]]},"properties":{"id_ffco":"6102","nom":"COLLEGE LYCEE ALAIN BORNE","_dept":"26","numero":"2016-D26-1011","commune":"MONTELIMAR","echelle":"1/1500","surface":"0.07 km²","format":"A4","annee":"2016","cartographes":"COUPAT Gerard","proprietaire":"CONSEIL GENERAL DROME","niveau":"Initiation, Scolaire","specialite":"CO à pied","contacts":"CONSEIL GENERAL DROME, 04 75 79 26 26","latitude":"44.5549","longitude":"4.74643","date_saisie":"19/07/2013","date_depot":"01/02/2017","valide":"Oui","ppo":"Non","type_carte":"Nouvelle carte","fond":"Cadastre","obsolete":false}},{"type":"Feature","geometry":{"type":"Polygon","coordinates":[[[4.9898,45.2902],[4.989,45.2889],[4.989,45.2871],[4.99,45.2869],[4.9941,45.287],[4.9965,45.2873],[4.9969,45.2879],[4.997,45.2891],[4.9971,45.2912],[4.9946,45.2913],[4.992,45.2909],[4.9919,45.2917],[4.9913,45.2922],[4.9902,45.2922],[4.9894,45.2914],[4.9898,45.2902]]]},"properties":{"id_ffco":"7953","nom":"Moras en Valloire","_dept":"26","numero":"2015-D26-101","commune":"Moras en Valloire","echelle":"1/4000","surface":"0.3 km²","format":"A4","annee":"2015","cartographes":"DEROUX Benoit","proprietaire":"2604 - CLUB DE ROMANS DE COURSE D'ORIENTATION","niveau":"Régional","specialite":"Sprint (ISSOM)","contacts":"CLUB ROMANS CO - CROCO, coromans2604@gmail.com","latitude":"45.2892378334","longitude":"4.99293271341","date_saisie":"15/01/2015","date_depot":"06/04/2016","valide":"Oui","ppo":"Non","type_carte":"Nouvelle carte","fond":"Cadastre","obsolete":false}},{"type":"Feature","geometry":{"type":"Polygon","coordinates":[[[4.7541,44.5523],[4.7543,44.5523],[4.7545,44.5522],[4.755,44.552],[4.7559,44.5521],[4.756,44.5521],[4.756,44.552],[4.7568,44.5512],[4.7575,44.5513],[4.7575,44.5502],[4.7529,44.5504],[4.7534,44.5513],[4.7536,44.5513],[4.7541,44.5523],[4.7541,44.5523],[4.7541,44.5523]]]},"properties":{"id_ffco":"6107","nom":"LES ALEXIS BORD DU JABRON","_dept":"26","numero":"2002-D26-1009","commune":"MONTELIMAR","echelle":"1/1000","surface":"0.06 km²","format":"A4","annee":"2002","cartographes":"COUPAT Gerard","proprietaire":"CONSEIL GENERAL DROME","specialite":"CO à pied","contacts":"CONSEIL GENERAL DROME, 04 75 79 26 26","latitude":"44.55136","longitude":"4.75543","date_saisie":"19/07/2013","valide":"Non","ppo":"Non","obsolete":false}},{"type":"Feature","geometry":{"type":"Polygon","coordinates":[[[4.7528,44.5529],[4.7541,44.5525],[4.7537,44.5514],[4.7536,44.5514],[4.7528,44.5516],[4.7518,44.5519],[4.7508,44.5521],[4.7509,44.5528],[4.7516,44.5531],[4.7527,44.5527],[4.7528,44.5529],[4.7528,44.5529]]]},"properties":{"id_ffco":"5885","nom":"COLLEGE DES ALEXIS","_dept":"26","numero":"2004-D26-1008","commune":"MONTELIMAR","echelle":"1/1000","surface":"0.03 km²","format":"A4","annee":"2004","cartographes":"COUPAT Gerard","proprietaire":"CONSEIL GENERAL DROME","specialite":"CO à pied","contacts":"CONSEIL GENERAL DROME, 04 75 79 26 26","latitude":"44.55222","longitude":"4.75247","date_saisie":"19/07/2013","valide":"Non","ppo":"Non","obsolete":false}},{"type":"Feature","geometry":{"type":"Polygon","coordinates":[[[4.6978,44.3843],[4.7004,44.3837],[4.6996,44.3824],[4.6998,44.3824],[4.6995,44.3816],[4.6995,44.3806],[4.6986,44.3807],[4.6975,44.3816],[4.6969,44.3821],[4.6969,44.3824],[4.6978,44.3843],[4.6978,44.3843]]]},"properties":{"id_ffco":"6216","nom":"CITE SCOLAIRE PIERRELATTE","_dept":"26","numero":"2003-D26-1001","commune":"PIERRELATTE","echelle":"1/1500","surface":"0.07 km²","format":"A4","annee":"2003","cartographes":"COUPAT Gerard","proprietaire":"2606 - LOISIR ORIENTATION UNION PIERRELATTINE","specialite":"CO à pied","contacts":"CLUB L.O.U.PIERRELATTE, 04 75 52 58 23, 06 86 40 42 35, laure.coupat@free.fr, http://loup.segustero.com/","latitude":"44.38256","longitude":"4.69891","date_saisie":"19/07/2013","valide":"Non","ppo":"Non","obsolete":false}},{"type":"Feature","geometry":{"type":"Polygon","coordinates":[[[4.9552,45.2358],[4.9573,45.2363],[4.9578,45.2349],[4.9583,45.2339],[4.96,45.2325],[4.9621,45.2306],[4.9619,45.23],[4.9612,45.2278],[4.9609,45.2265],[4.9602,45.2256],[4.9573,45.2272],[4.9542,45.2262],[4.9528,45.2258],[4.95,45.2233],[4.9483,45.2244],[4.9518,45.2285],[4.9532,45.2296],[4.954,45.2304],[4.9526,45.2317],[4.9549,45.2334],[4.9547,45.2356],[4.9552,45.2358]]]},"properties":{"id_ffco":"7952","nom":"Chateauneuf de Galaure","_dept":"26","numero":"2015-D26-100","commune":"Chateauneuf de galaure","echelle":"1/4000","surface":"0.66 km²","format":"A4","annee":"2015","cartographes":"DEROUX Benoit","proprietaire":"2604 - CLUB DE ROMANS DE COURSE D'ORIENTATION","niveau":"Régional","specialite":"Sprint (ISSOM)","contacts":"CLUB ROMANS CO - CROCO, coromans2604@gmail.com","latitude":"45.2296111493","longitude":"4.95609302761","date_saisie":"15/01/2015","date_depot":"06/04/2016","valide":"Oui","ppo":"Non","type_carte":"Nouvelle carte","fond":"Cadastre","obsolete":false}}]}