{"type":"FeatureCollection","features":[{"type":"Feature","geometry":{"type":"Polygon","coordinates":[[[1.3987,43.6363],[1.3969,43.6352],[1.3969,43.6338],[1.3974,43.6332],[1.3973,43.6319],[1.3997,43.6317],[1.4,43.6299],[1.4007,43.6299],[1.4012,43.6319],[1.4024,43.6347],[1.4028,43.6364],[1.4004,43.6363],[1.4001,43.636],[1.3994,43.636],[1.3987,43.6363]]]},"properties":{"id_ffco":"2026-D31-212","nom":"Parc des Ramiers de Blagnac","_dept":"31","numero":"2026-D31-212","commune":"Blagnac","echelle":"1/4000","surface":"0.21 km²","format":"A4","annee":"2026","cartographes":"Luc Berbett","proprietaire":"3105 - TOAC ORIENTATION","niveau":"Départemental","specialite":"CO à pied","contacts":"TOAC, contact@toac-orientation.fr, https://toac-orientation.fr/club48tx5e9/","latitude":"43.6338320672","longitude":"1.39974277262","date_saisie":"08/03/2026","valide":"Non","ppo":"Non","type_carte":"Reprise","base":"2008-D31-033 Blagnac - Le Parc des Ramiers","fond":"Ortho","obsolete":false}},{"type":"Feature","geometry":{"type":"Polygon","coordinates":[[[1.6599,43.6578],[1.6605,43.658],[1.6622,43.6578],[1.6624,43.658],[1.6631,43.6581],[1.6632,43.6574],[1.6626,43.657],[1.6618,43.6566],[1.6599,43.6554],[1.6588,43.656],[1.6597,43.6576],[1.6599,43.6578]]]},"properties":{"id_ffco":"2026-D31-211","nom":"Verfeil","_dept":"31","numero":"2026-D31-211","commune":"Verfeil","echelle":"1/1500","surface":"0.06 km²","format":"A4","annee":"2026","cartographes":"Sébastien MENA","proprietaire":"31 - Haute-Garonne","niveau":"Initiation, Scolaire","specialite":"CO à pied","contacts":"CDCO31, https://www.cdco31.fr/","latitude":"43.6569280212","longitude":"1.66086710588","date_saisie":"03/03/2026","valide":"Non","ppo":"Non","type_carte":"Nouvelle carte","fond":"Ortho","url":"https://www.cdco31.fr/","obsolete":false}},{"type":"Feature","geometry":{"type":"Polygon","coordinates":[[[0.826,43.1189],[0.8274,43.1204],[0.8304,43.1205],[0.8347,43.1214],[0.8353,43.1213],[0.8369,43.1263],[0.8429,43.1255],[0.845,43.1247],[0.8471,43.1223],[0.8465,43.1218],[0.8486,43.1208],[0.8477,43.1197],[0.8486,43.1191],[0.8478,43.1172],[0.8471,43.116],[0.8402,43.1185],[0.8396,43.1157],[0.8363,43.1162],[0.8356,43.1168],[0.8282,43.1166],[0.826,43.1189]]]},"properties":{"id_ffco":"2026-D31-210","nom":"Campus Pyrénées Comminges - Ferme Borde Basse","_dept":"31","numero":"2026-D31-210","commune":"Saint Médard","echelle":"1/7500","surface":"1.23 km²","format":"A4","annee":"2026","cartographes":"L.Frayssinet","proprietaire":"31 - Haute-Garonne","niveau":"Initiation, Scolaire","specialite":"CO à pied","contacts":"CDCO31, https://www.cdco31.fr/carto/D31-153/","latitude":"43.1203514111","longitude":"0.838774982979","date_saisie":"10/03/2026","valide":"Non","ppo":"Non","type_carte":"Nouvelle carte","fond":"Ortho","obsolete":false}},{"type":"Feature","geometry":{"type":"Polygon","coordinates":[[[1.4536,43.5385],[1.4553,43.5395],[1.4565,43.5394],[1.4579,43.5408],[1.4589,43.5405],[1.4607,43.5387],[1.4629,43.5405],[1.4691,43.5365],[1.4699,43.5375],[1.4729,43.5374],[1.4728,43.5364],[1.4724,43.536],[1.4739,43.5352],[1.4745,43.534],[1.4711,43.5321],[1.471,43.5303],[1.4694,43.5302],[1.466,43.5314],[1.4658,43.5322],[1.4639,43.5321],[1.459,43.5332],[1.4554,43.5352],[1.4536,43.5385]]]},"properties":{"id_ffco":"2026-D31-209","nom":"Pigeonnier de Ramonville","_dept":"31","numero":"2026-D31-209","commune":"Ramonville","echelle":"1/4000","surface":"1.07 km²","format":"A4","annee":"2026","cartographes":"Sébastien Cazelle","proprietaire":"3108 - ABSOLU RAID","niveau":"Initiation, Scolaire","specialite":"CO à pied","contacts":"Absolu Raid","latitude":"43.5356001816","longitude":"1.46404437024","date_saisie":"04/03/2026","valide":"Non","ppo":"Non","type_carte":"Nouvelle carte","fond":"Ortho","obsolete":false}},{"type":"Feature","geometry":{"type":"Polygon","coordinates":[[[1.4473,43.5607],[1.4489,43.5633],[1.4486,43.5639],[1.4476,43.5652],[1.4504,43.5661],[1.4495,43.5671],[1.4478,43.568],[1.4473,43.5679],[1.4465,43.5694],[1.4455,43.5713],[1.4428,43.5729],[1.4413,43.5728],[1.4422,43.5681],[1.4419,43.5665],[1.4426,43.5657],[1.4417,43.5652],[1.4433,43.5633],[1.4473,43.5607]]]},"properties":{"id_ffco":"2026-D31-208","nom":"Pech-David Nord","_dept":"31","numero":"2026-D31-208","commune":"Toulouse","echelle":"1/5000","surface":"0.51 km²","format":"A4","annee":"2026","cartographes":"Sébastien Cazelle","proprietaire":"3108 - ABSOLU RAID","niveau":"Initiation, Scolaire","specialite":"CO à pied","contacts":"Absolu Raid","latitude":"43.5667948091","longitude":"1.44514190733","date_saisie":"04/03/2026","valide":"Non","ppo":"Non","type_carte":"Nouvelle carte","fond":"Ortho","obsolete":false}},{"type":"Feature","geometry":{"type":"Polygon","coordinates":[[[1.617,43.5096],[1.6186,43.5082],[1.6192,43.5081],[1.6229,43.5055],[1.6211,43.503],[1.6197,43.5034],[1.6172,43.5037],[1.6156,43.5044],[1.6142,43.5057],[1.6146,43.5058],[1.6138,43.5065],[1.6143,43.5078],[1.6145,43.5083],[1.617,43.5096]]]},"properties":{"id_ffco":"2026-D31-207","nom":"Fourquevaux","_dept":"31","numero":"2026-D31-207","commune":"Fourquevaux","echelle":"1/4000","surface":"0.31 km²","format":"A4","annee":"2026","cartographes":"Sébastien Cazelle","proprietaire":"3108 - ABSOLU RAID","niveau":"Initiation, Scolaire","specialite":"CO à pied","contacts":"Absolu Raid","latitude":"43.5060728879","longitude":"1.6180913227","date_saisie":"04/03/2026","valide":"Non","ppo":"Non","type_carte":"Nouvelle carte","fond":"Ortho","obsolete":false}},{"type":"Feature","geometry":{"type":"Polygon","coordinates":[[[1.5527,43.4775],[1.556,43.4743],[1.5577,43.47],[1.5565,43.4693],[1.5548,43.4686],[1.5537,43.4676],[1.5541,43.467],[1.553,43.4663],[1.5516,43.4659],[1.5508,43.4667],[1.5486,43.4673],[1.5461,43.4685],[1.5454,43.4702],[1.5454,43.4731],[1.5487,43.4752],[1.5499,43.4744],[1.5527,43.4775]]]},"properties":{"id_ffco":"2026-D31-206","nom":"Donneville","_dept":"31","numero":"2026-D31-206","commune":"Donneville","echelle":"1/5000","surface":"0.78 km²","format":"A4","annee":"2026","cartographes":"Sébastien Cazelle","proprietaire":"3108 - ABSOLU RAID","niveau":"Initiation, Scolaire","specialite":"CO à pied","contacts":"Absolu Raid","latitude":"43.4713493929","longitude":"1.55135065269","date_saisie":"04/03/2026","valide":"Non","ppo":"Non","type_carte":"Nouvelle carte","fond":"Ortho","obsolete":false}},{"type":"Feature","geometry":{"type":"Polygon","coordinates":[[[1.5306,43.4705],[1.5248,43.4724],[1.5245,43.4746],[1.5199,43.4781],[1.5197,43.4809],[1.5224,43.4832],[1.5206,43.4847],[1.5217,43.4864],[1.5237,43.488],[1.5295,43.4864],[1.5315,43.4844],[1.5322,43.4807],[1.5322,43.4769],[1.5333,43.4728],[1.5319,43.4711],[1.5306,43.4705]]]},"properties":{"id_ffco":"2026-D31-205","nom":"Deymes","_dept":"31","numero":"2026-D31-205","commune":"Deymes","echelle":"1/7500","surface":"1.43 km²","format":"A4","annee":"2026","cartographes":"Sébastien Cazelle","proprietaire":"3108 - ABSOLU RAID","niveau":"Initiation, Scolaire","specialite":"CO à pied","contacts":"Absolu Raid","latitude":"43.4794174707","longitude":"1.52685039922","date_saisie":"03/03/2026","valide":"Non","ppo":"Non","type_carte":"Nouvelle carte","fond":"Ortho","obsolete":false}},{"type":"Feature","geometry":{"type":"Polygon","coordinates":[[[1.4464,43.5605],[1.445,43.5595],[1.4458,43.5584],[1.4451,43.5569],[1.4432,43.5554],[1.4435,43.5548],[1.4425,43.5532],[1.4428,43.5519],[1.4422,43.5513],[1.4419,43.5505],[1.4428,43.5509],[1.4438,43.5512],[1.4473,43.5505],[1.4489,43.5523],[1.4503,43.553],[1.4516,43.5538],[1.451,43.5549],[1.4522,43.5553],[1.4521,43.5558],[1.4525,43.5559],[1.4523,43.5573],[1.4518,43.5572],[1.4518,43.5577],[1.4506,43.5584],[1.4507,43.5588],[1.4464,43.5605]]]},"properties":{"id_ffco":"2026-D31-204","nom":"Pech-David 2025","_dept":"31","numero":"2026-D31-204","commune":"Toulouse","echelle":"1/5000","surface":"0.55 km²","format":"A4","annee":"2026","cartographes":"Sébastien MENA","proprietaire":"31 - Haute-Garonne","niveau":"Initiation, Scolaire","specialite":"CO à pied","contacts":"CDCO31, https://www.cdco31.fr/carto/D31-153/","latitude":"43.5551807333","longitude":"1.44730878561","date_saisie":"05/01/2026","date_depot":"25/02/2026","valide":"Oui","ppo":"Oui (189 postes)","type_carte":"Reprise","base":"2023-D31-171 Pech-David 2023","fond":"Ortho","url":"https://www.cdco31.fr/","obsolete":false}},{"type":"Feature","geometry":{"type":"Polygon","coordinates":[[[1.5205,43.3101],[1.5261,43.309],[1.5294,43.3091],[1.5313,43.3099],[1.5318,43.3102],[1.5307,43.3116],[1.5317,43.3121],[1.531,43.3132],[1.5288,43.3131],[1.5284,43.3123],[1.5268,43.3128],[1.527,43.3133],[1.5259,43.3138],[1.5236,43.3136],[1.5214,43.3124],[1.5203,43.3101],[1.5205,43.3101]]]},"properties":{"id_ffco":"2025-D31-203","nom":"Collège et stades Cintegabelle","_dept":"31","numero":"2025-D31-203","commune":"Cintegabelle","echelle":"1/3500","surface":"0.36 km²","format":"A4","annee":"2025","cartographes":"L.Frayssinet","proprietaire":"31 - Haute-Garonne","niveau":"Initiation, Scolaire","specialite":"CO à pied","contacts":"Collège L.Jospin, Cintegabelle","latitude":"43.3112454481","longitude":"1.52621668691","date_saisie":"09/08/2025","date_depot":"06/10/2025","valide":"Oui","ppo":"Non","type_carte":"Nouvelle carte","fond":"Ortho","url":"https://www.cdco31.fr/carto/D31-203/","obsolete":false}},{"type":"Feature","geometry":{"type":"Polygon","coordinates":[[[1.38,43.6341],[1.3822,43.635],[1.3838,43.6354],[1.3858,43.6358],[1.3859,43.6361],[1.388,43.636],[1.3884,43.6332],[1.3854,43.6322],[1.3845,43.6322],[1.3834,43.6312],[1.3823,43.6309],[1.3815,43.6321],[1.38,43.6341]]]},"properties":{"id_ffco":"2025-D31-202","nom":"Parc du Ritouret","_dept":"31","numero":"2025-D31-202","commune":"Blagnac","echelle":"1/4000","surface":"0.23 km²","format":"A4","annee":"2025","cartographes":"Luc Berbett","proprietaire":"3105 - TOAC ORIENTATION","niveau":"Initiation, Scolaire","specialite":"CO à pied","contacts":"TOAC, contact@toac-orientation.fr, https://toac-orientation.fr/club48tx5e9/","latitude":"43.633757505","longitude":"1.38444844457","date_saisie":"16/07/2025","date_depot":"06/10/2025","valide":"Oui","ppo":"Non","type_carte":"Reprise","base":"2008-D31-036 Parc du Ritouret","fond":"Ortho","obsolete":false}},{"type":"Feature","geometry":{"type":"Polygon","coordinates":[[[1.4722,43.6497],[1.4811,43.6474],[1.484,43.6473],[1.4825,43.6429],[1.4812,43.644],[1.4804,43.6444],[1.4796,43.6439],[1.4773,43.6434],[1.4764,43.6429],[1.4758,43.6429],[1.4731,43.6447],[1.4719,43.645],[1.4719,43.6455],[1.4713,43.6458],[1.4712,43.6465],[1.4707,43.6468],[1.4722,43.6497]]]},"properties":{"id_ffco":"2025-D31-201","nom":"L'Union St-Caprais-Sud","_dept":"31","numero":"2025-D31-201","commune":"L'Union","echelle":"1/4000","surface":"0.49 km²","format":"A4","annee":"2025","cartographes":"Luc Berbett","proprietaire":"3105 - TOAC ORIENTATION","niveau":"Départemental","specialite":"Sprint (ISSOM)","contacts":"TOAC, contact@toac-orientation.fr, https://toac-orientation.fr/club48tx5e9/","latitude":"43.6461414714","longitude":"1.47700956247","date_saisie":"25/12/2025","date_depot":"25/02/2026","valide":"Non","ppo":"Non","type_carte":"Nouvelle carte","fond":"Ortho","obsolete":false}},{"type":"Feature","geometry":{"type":"Polygon","coordinates":[[[1.4487,43.6716],[1.4465,43.6738],[1.4467,43.6764],[1.4471,43.6774],[1.4478,43.6788],[1.4494,43.6808],[1.4527,43.6808],[1.4545,43.6784],[1.456,43.6768],[1.4532,43.6762],[1.4541,43.6748],[1.4528,43.6742],[1.4531,43.6738],[1.453,43.6732],[1.4532,43.6727],[1.4487,43.6716]]]},"properties":{"id_ffco":"2025-D31-200","nom":"Launaguet chalets","_dept":"31","numero":"2025-D31-200","commune":"Launaguet","echelle":"1/4000","surface":"0.5 km²","format":"A4","annee":"2025","cartographes":"Luc Berbett","proprietaire":"3105 - TOAC ORIENTATION","niveau":"Régional","specialite":"Sprint (ISSOM)","contacts":"TOAC, contact@toac-orientation.fr, https://toac-orientation.fr/club48tx5e9/","latitude":"43.6763450269","longitude":"1.45058583846","date_saisie":"27/04/2025","date_depot":"06/10/2025","valide":"Non","ppo":"Non","type_carte":"Nouvelle carte","fond":"Ortho","obsolete":false}},{"type":"Feature","geometry":{"type":"Polygon","coordinates":[[[1.5231,43.5808],[1.5237,43.5808],[1.5241,43.5811],[1.5257,43.5811],[1.5314,43.5814],[1.5318,43.5822],[1.5322,43.5822],[1.5331,43.5837],[1.5344,43.5826],[1.5354,43.5811],[1.5357,43.581],[1.5349,43.5797],[1.5362,43.5794],[1.5358,43.5786],[1.535,43.5785],[1.5327,43.5795],[1.5288,43.5786],[1.5243,43.579],[1.5237,43.5788],[1.5236,43.5792],[1.5229,43.5793],[1.5228,43.5805],[1.5231,43.5808]]]},"properties":{"id_ffco":"2025-D31-199","nom":"Quint-Fonsegrives - Espace Détente Loisirs","_dept":"31","numero":"2025-D31-199","commune":"Quint-Fonsegrives","echelle":"1/4000","surface":"0.31 km²","format":"A4","annee":"2025","cartographes":"Luc Berbett","proprietaire":"31 - Haute-Garonne","niveau":"Initiation, Scolaire","specialite":"CO à pied","contacts":"CDCO31, https://www.cdco31.fr/","latitude":"43.5803347947","longitude":"1.52996757689","date_saisie":"27/04/2025","date_depot":"06/10/2025","valide":"Oui","ppo":"Non","type_carte":"Nouvelle carte","fond":"Ortho","url":"https://www.cdco31.fr/carto/D31-199/","obsolete":false}},{"type":"Feature","geometry":{"type":"Polygon","coordinates":[[[1.2134,43.6477],[1.2316,43.6347],[1.2272,43.6291],[1.2152,43.6335],[1.2088,43.6354],[1.2123,43.6396],[1.2036,43.642],[1.2106,43.6437],[1.2124,43.6448],[1.2124,43.6474],[1.2134,43.6477]]]},"properties":{"id_ffco":"2025-D31-198","nom":"Bouconne-Lasserre Nord 2025","_dept":"31","numero":"2025-D31-198","commune":"Lasserre, Brax, Pibrac","echelle":"1/10000","surface":"1.94 km²","format":"A4","annee":"2025","cartographes":"Sébastien Cazelle","proprietaire":"31 - Haute-Garonne","niveau":"Régional","specialite":"CO à pied","contacts":"CDCO31, https://www.cdco31.fr/","latitude":"43.6377249729","longitude":"1.21878235737","date_saisie":"31/01/2025","date_depot":"06/10/2025","valide":"Oui","ppo":"Non","type_carte":"Reprise","base":"2015-D31-116 Bouconne-Lasserre Nord 2015","fond":"Ortho","obsolete":false}},{"type":"Feature","geometry":{"type":"Polygon","coordinates":[[[2.0187,43.4386],[2.0267,43.4326],[2.0262,43.4321],[2.0259,43.4323],[2.0254,43.4326],[2.0176,43.4343],[2.0172,43.4356],[2.016,43.4356],[2.0162,43.4361],[2.0169,43.4363],[2.0176,43.4382],[2.0187,43.4386]]]},"properties":{"id_ffco":"2024-D31-197","nom":"Plaine d'En Salvan","_dept":"31","numero":"2024-D31-197","commune":"Vaudreuille","echelle":"1/4000","surface":"0.23 km²","format":"A4","annee":"2024","cartographes":"L.Frayssinet","proprietaire":"8104 - AZIMUT ORIENTATION CASTRES","niveau":"Initiation, Scolaire","specialite":"CO à pied","contacts":"Club AO Castres","latitude":"43.4352772859","longitude":"2.02064248321","date_saisie":"31/12/2024","date_depot":"12/02/2025","valide":"Oui","ppo":"Non","type_carte":"Nouvelle carte","fond":"Ortho","obsolete":false}},{"type":"Feature","geometry":{"type":"Polygon","coordinates":[[[1.391,43.662],[1.3888,43.6631],[1.3859,43.6659],[1.3905,43.6665],[1.3963,43.6668],[1.4006,43.6661],[1.4047,43.6627],[1.4062,43.6585],[1.406,43.6551],[1.4023,43.6511],[1.3983,43.6562],[1.3931,43.6603],[1.3922,43.6593],[1.3916,43.6615],[1.391,43.662]]]},"properties":{"id_ffco":"2024-D31-196","nom":"Parc des Quinze-Sols 2","_dept":"31","numero":"2024-D31-196","commune":"Blagnac et Beauzelle","echelle":"1/8000","surface":"1.39 km²","format":"A4","annee":"2024","cartographes":"C.Escudié","proprietaire":"31 - Haute-Garonne","niveau":"Initiation, Scolaire","specialite":"CO à pied","contacts":"CDCO31, https://www.cdco31.fr/","latitude":"43.6607814211","longitude":"1.3983072526","date_saisie":"31/12/2024","date_depot":"12/02/2025","valide":"Oui","ppo":"Non","type_carte":"Reprise","base":"2013-D31-080 Parc des Quinze Sols","fond":"Ortho","url":"https://www.cdco31.fr/carto/D31-196/","obsolete":false}},{"type":"Feature","geometry":{"type":"Polygon","coordinates":[[[1.3333,43.5124],[1.3361,43.5113],[1.3346,43.5092],[1.3338,43.5077],[1.3314,43.5084],[1.3315,43.5086],[1.3313,43.5088],[1.3315,43.5099],[1.3332,43.5123],[1.3333,43.5124]]]},"properties":{"id_ffco":"2024-D31-195","nom":"Lac de Paucheville 2","_dept":"31","numero":"2024-D31-195","commune":"Frouzins","echelle":"1/2000","surface":"0.11 km²","format":"A4","annee":"2024","cartographes":"Sébastien MENA","proprietaire":"31 - Haute-Garonne","niveau":"Initiation, Scolaire","specialite":"CO à pied","contacts":"CDCO31, https://www.cdco31.fr/","latitude":"43.5100453243","longitude":"1.33345592467","date_saisie":"09/11/2024","date_depot":"12/02/2025","valide":"Oui","ppo":"Non","type_carte":"Reprise","base":"2016-D31-100 Lac de Paucheville","fond":"Ortho","url":"https://www.cdco31.fr/carto/D31-195/","obsolete":false}},{"type":"Feature","geometry":{"type":"Polygon","coordinates":[[[1.3648,43.5758],[1.3659,43.577],[1.368,43.5771],[1.37,43.5744],[1.3689,43.5736],[1.3648,43.5758]]]},"properties":{"id_ffco":"2024-D31-194","nom":"Collège Guilhermy","_dept":"31","numero":"2024-D31-194","commune":"Toulouse","echelle":"1/2500","surface":"0.09 km²","format":"A4","annee":"2024","cartographes":"Sébastien MENA","proprietaire":"31 - Haute-Garonne","niveau":"Initiation, Scolaire","specialite":"CO à pied","contacts":"Collège Guilhermy, TOULOUSE","latitude":"43.5755269653","longitude":"1.36754430651","date_saisie":"09/11/2024","date_depot":"12/02/2025","valide":"Oui","ppo":"Non","type_carte":"Nouvelle carte","fond":"Ortho","obsolete":false}},{"type":"Feature","geometry":{"type":"Polygon","coordinates":[[[1.4611,43.5631],[1.4623,43.5611],[1.4619,43.561],[1.4622,43.5606],[1.4626,43.5606],[1.4638,43.5588],[1.463,43.5583],[1.4633,43.558],[1.4614,43.5569],[1.4616,43.5567],[1.4609,43.5567],[1.4594,43.5578],[1.4577,43.5585],[1.4577,43.5592],[1.4576,43.5599],[1.4582,43.5614],[1.4607,43.563],[1.4611,43.5631]]]},"properties":{"id_ffco":"2024-D31-193","nom":"Collège et Lycée Bellevue 2024","_dept":"31","numero":"2024-D31-193","commune":"Toulouse","echelle":"1/4000","surface":"0.21 km²","format":"A4","annee":"2024","cartographes":"C.Escudié","proprietaire":"31 - Haute-Garonne","niveau":"Initiation, Scolaire","specialite":"CO à pied","contacts":"Lycée Bellevue, TOULOUSE","latitude":"43.5597163293","longitude":"1.4605247291","date_saisie":"09/11/2024","date_depot":"12/02/2025","valide":"Oui","ppo":"Non","type_carte":"Reprise","base":"2011-D31-063 Lycée Bellevue","fond":"Ortho","obsolete":false}},{"type":"Feature","geometry":{"type":"Polygon","coordinates":[[[1.4834,43.5885],[1.4841,43.5901],[1.4871,43.5893],[1.4871,43.5892],[1.4879,43.5889],[1.4877,43.5887],[1.4882,43.5885],[1.4875,43.5873],[1.4849,43.5882],[1.4834,43.5885]]]},"properties":{"id_ffco":"2024-D31-192","nom":"Bois de Limayrac","_dept":"31","numero":"2024-D31-192","commune":"Toulouse","echelle":"1/2000","surface":"0.06 km²","format":"A4","annee":"2024","cartographes":"Sébastien MENA","proprietaire":"31 - Haute-Garonne","niveau":"Initiation, Scolaire","specialite":"CO à pied","contacts":"CDCO31, https://www.cdco31.fr/","latitude":"43.5887213789","longitude":"1.48580885438","date_saisie":"26/02/2024","date_depot":"26/06/2024","valide":"Oui","ppo":"Non","type_carte":"Nouvelle carte","fond":"Ortho","url":"https://www.cdco31.fr/carto/D31-192/","obsolete":false}},{"type":"Feature","geometry":{"type":"Polygon","coordinates":[[[1.4899,43.5448],[1.4886,43.546],[1.4895,43.5466],[1.4906,43.5467],[1.4917,43.5458],[1.4953,43.5473],[1.496,43.5447],[1.4972,43.5434],[1.4968,43.543],[1.4969,43.5426],[1.4923,43.5407],[1.492,43.5406],[1.4897,43.5446],[1.4899,43.5448]]]},"properties":{"id_ffco":"2023-D31-191","nom":"Parc de Cinquante","_dept":"31","numero":"2023-D31-191","commune":"Ramonville","echelle":"1/4000","surface":"0.28 km²","format":"A4","annee":"2023","cartographes":"Sébastien CAZELLE","proprietaire":"31 - Haute-Garonne","niveau":"Initiation, Scolaire","specialite":"CO à pied","contacts":"CDCO31, https://www.cdco31.fr/ // Mairie de Ramonville","latitude":"43.5441002654","longitude":"1.49312845808","date_saisie":"05/02/2024","date_depot":"26/06/2024","valide":"Oui","ppo":"Oui (20 postes)","type_carte":"Reprise","base":"2010-D31-055 La Ferme de Cinquante 2","fond":"Ortho","url":"https://www.cdco31.fr/carto/D31-191/","obsolete":false}},{"type":"Feature","geometry":{"type":"Polygon","coordinates":[[[1.1628,43.6034],[1.1724,43.6077],[1.1857,43.62],[1.1918,43.6185],[1.1996,43.6151],[1.1843,43.597],[1.1763,43.5972],[1.1675,43.6012],[1.1623,43.6011],[1.1628,43.6034]]]},"properties":{"id_ffco":"2024-D31-190","nom":"Bois de l'Isle Nord Ouest","_dept":"31","numero":"2024-D31-190","commune":"Pujaudran","echelle":"1/10000","surface":"3.76 km²","format":"A3","annee":"2024","cartographes":"Sébastien CAZELLE","proprietaire":"3105 - TOAC ORIENTATION","niveau":"Régional","specialite":"CO à pied","contacts":"TOAC, contact@toac-orientation.fr, https://toac-orientation.fr/club48tx5e9/","latitude":"43.607679848","longitude":"1.18244984764","date_saisie":"30/01/2024","date_depot":"15/05/2024","valide":"Oui","ppo":"Non","type_carte":"Reprise","base":"2015-D31-118 Bois de l'Isle Nord 2015","fond":"Ortho","obsolete":false}},{"type":"Feature","geometry":{"type":"Polygon","coordinates":[[[1.3779,43.6559],[1.3822,43.6573],[1.3827,43.6567],[1.3832,43.6558],[1.3787,43.6548],[1.3779,43.6559]]]},"properties":{"id_ffco":"2022-D31-189","nom":"Skate Park Andromède","_dept":"31","numero":"2022-D31-189","commune":"Blagnac","echelle":"1/2000","surface":"0.06 km²","format":"A4","annee":"2022","cartographes":"Pierre ROCH","proprietaire":"31 - Haute-Garonne","niveau":"Initiation, Scolaire","specialite":"CO à pied","contacts":"CDCO31, https://www.cdco31.fr/","latitude":"43.655964294","longitude":"1.38064773897","date_saisie":"01/02/2024","date_depot":"26/06/2024","valide":"Oui","ppo":"Non","type_carte":"Nouvelle carte","fond":"Ortho","url":"https://www.cdco31.fr/carto/D31-189/","obsolete":false}},{"type":"Feature","geometry":{"type":"Polygon","coordinates":[[[1.3837,43.6544],[1.3866,43.655],[1.3878,43.6546],[1.3879,43.6543],[1.3885,43.6544],[1.3886,43.6537],[1.3878,43.6532],[1.3862,43.6528],[1.3844,43.6521],[1.3837,43.6544]]]},"properties":{"id_ffco":"2022-D31-188","nom":"Collège du Ferradou","_dept":"31","numero":"2022-D31-188","commune":"Blagnac","echelle":"1/2000","surface":"0.08 km²","format":"A5","annee":"2022","cartographes":"Pierre ROCH","proprietaire":"31 - Haute-Garonne","niveau":"Initiation, Scolaire","specialite":"CO à pied","contacts":"Collège du Ferradou, BLAGNAC","latitude":"43.6537476272","longitude":"1.3859774246","date_saisie":"30/01/2024","date_depot":"26/06/2024","valide":"Oui","ppo":"Non","type_carte":"Nouvelle carte","fond":"Ortho","obsolete":false}},{"type":"Feature","geometry":{"type":"Polygon","coordinates":[[[1.4335,43.6422],[1.4351,43.6423],[1.4352,43.6429],[1.4354,43.6428],[1.4354,43.6414],[1.4376,43.641],[1.437,43.6405],[1.4372,43.6405],[1.437,43.6398],[1.4344,43.6402],[1.4349,43.6415],[1.4334,43.6417],[1.4335,43.6422]]]},"properties":{"id_ffco":"2023-D31-187","nom":"Collège Rosa Parks","_dept":"31","numero":"2023-D31-187","commune":"TOULOUSE","echelle":"1/2000","surface":"0.04 km²","format":"A4","annee":"2023","cartographes":"Sébastien MENA","proprietaire":"31 - Haute-Garonne","niveau":"Initiation, Scolaire","specialite":"CO à pied","contacts":"Collège Rosa Parks, Toulouse","latitude":"43.6410633033","longitude":"1.43549971436","date_saisie":"14/12/2023","date_depot":"28/02/2024","valide":"Oui","ppo":"Non","type_carte":"Nouvelle carte","fond":"Ortho","obsolete":false}},{"type":"Feature","geometry":{"type":"Polygon","coordinates":[[[1.2968,43.5615],[1.297,43.5624],[1.298,43.5622],[1.2998,43.5633],[1.2995,43.5636],[1.3002,43.5644],[1.2998,43.5648],[1.3006,43.5658],[1.3025,43.5662],[1.3038,43.5662],[1.3056,43.5667],[1.3078,43.566],[1.3119,43.5672],[1.3125,43.5678],[1.3158,43.57],[1.3171,43.5688],[1.3173,43.5675],[1.3181,43.567],[1.3169,43.5655],[1.3126,43.5638],[1.3122,43.5629],[1.3096,43.562],[1.3061,43.5627],[1.3043,43.5622],[1.3009,43.5627],[1.2976,43.5605],[1.2968,43.5615]]]},"properties":{"id_ffco":"2023-D31-186","nom":"Lac François Soula 4","_dept":"31","numero":"2023-D31-186","commune":"Plaisance-du-Touch","echelle":"1/5000","surface":"0.67 km²","format":"A4","annee":"2023","cartographes":"Christian ESCUDIE","proprietaire":"31 - Haute-Garonne","niveau":"Initiation, Scolaire","specialite":"CO à pied","contacts":"CDCO31, https://www.cdco31.fr/ // Mairie de Plaisance-du-Touch, Plaisance-du-Touch","latitude":"43.5649543686","longitude":"1.30840392792","date_saisie":"14/12/2023","date_depot":"28/02/2024","valide":"Oui","ppo":"Oui (53 postes)","type_carte":"Reprise","base":"2017-D31-108 Lac François Soula","fond":"Ortho","url":"https://www.cdco31.fr/carto/D31-186/","obsolete":false}},{"type":"Feature","geometry":{"type":"Polygon","coordinates":[[[1.2954,43.569],[1.2981,43.5699],[1.2988,43.5687],[1.2964,43.5678],[1.2954,43.569]]]},"properties":{"id_ffco":"2023-D31-185","nom":"Ecole Marcel Pagnol","_dept":"31","numero":"2023-D31-185","commune":"Plaisance-du-Touch","echelle":"1/1500","surface":"0.03 km²","format":"A4","annee":"2023","cartographes":"Christian ESCUDIE","proprietaire":"31 - Haute-Garonne","niveau":"Initiation, Scolaire","specialite":"CO à pied","contacts":"Mairie de Plaisance-du-Touch, Plaisance-du-Touch","latitude":"43.5688534328","longitude":"1.29716137888","date_saisie":"14/12/2023","date_depot":"28/02/2024","valide":"Oui","ppo":"Non","type_carte":"Nouvelle carte","fond":"Ortho","obsolete":false}},{"type":"Feature","geometry":{"type":"Polygon","coordinates":[[[1.3382,43.5646],[1.3401,43.5679],[1.3398,43.5696],[1.3448,43.5714],[1.3465,43.5745],[1.3487,43.575],[1.3509,43.5752],[1.3521,43.5771],[1.3553,43.5762],[1.358,43.5759],[1.3546,43.5717],[1.3578,43.5704],[1.3532,43.5674],[1.35,43.5622],[1.3502,43.5614],[1.3499,43.5608],[1.3436,43.5609],[1.342,43.5619],[1.3393,43.5631],[1.3382,43.5646]]]},"properties":{"id_ffco":"2024-D31-184","nom":"La Ramée 2024","_dept":"31","numero":"2024-D31-184","commune":"Toulouse","echelle":"1/10000","surface":"1.6 km²","format":"A4","annee":"2024","cartographes":"Olivier THOMAS","proprietaire":"31 - Haute-Garonne","niveau":"Initiation, Scolaire","specialite":"CO à pied","contacts":"CDCO31, https://www.cdco31.fr/","latitude":"43.5684149309","longitude":"1.34797001222","date_saisie":"21/02/2024","date_depot":"26/06/2024","valide":"Oui","ppo":"Non","type_carte":"Reprise","base":"2016-D31-099 La Ramée 2016","fond":"Ortho","url":"https://www.cdco31.fr/carto/D31-184/","obsolete":false}},{"type":"Feature","geometry":{"type":"Polygon","coordinates":[[[1.4483,43.5952],[1.4505,43.5967],[1.4525,43.5968],[1.4538,43.5965],[1.4543,43.5956],[1.4535,43.5945],[1.4534,43.5944],[1.4537,43.5909],[1.4524,43.591],[1.4488,43.5923],[1.4487,43.5934],[1.4483,43.594],[1.4483,43.5952]]]},"properties":{"id_ffco":"2024-D31-183","nom":"Grand-Rond et Jardin des Plantes","_dept":"31","numero":"2024-D31-183","commune":"Toulouse","echelle":"1/2500","surface":"0.23 km²","format":"A4","annee":"2024","cartographes":"Sébastien MENA","proprietaire":"31 - Haute-Garonne","niveau":"Initiation, Scolaire","specialite":"CO à pied","contacts":"CDCO31, https://www.cdco31.fr/","latitude":"43.5940405892","longitude":"1.45136288273","date_saisie":"21/02/2024","date_depot":"26/06/2024","valide":"Oui","ppo":"Non","type_carte":"Reprise","base":"2011-D31-066 TOULOUSE JARDIN DES PLANTES- GRAND ROND","fond":"Ortho","url":"https://www.cdco31.fr/carto/D31-183/","obsolete":false}},{"type":"Feature","geometry":{"type":"Polygon","coordinates":[[[1.622,43.6799],[1.6228,43.6811],[1.6256,43.681],[1.632,43.6788],[1.6294,43.6741],[1.629,43.6737],[1.6263,43.6752],[1.6223,43.676],[1.6247,43.6783],[1.622,43.6799]]]},"properties":{"id_ffco":"2024-D31-182","nom":"Château de Bonrepos-Riquet 2024","_dept":"31","numero":"2024-D31-182","commune":"Bonrepos-Riquet","echelle":"1/4000","surface":"0.38 km²","format":"A4","annee":"2024","cartographes":"Olivier THOMAS","proprietaire":"31 - Haute-Garonne","niveau":"Initiation, Scolaire","specialite":"CO à pied","contacts":"CDCO31, https://www.cdco31.fr/","latitude":"43.677774898","longitude":"1.62699207497","date_saisie":"18/02/2024","date_depot":"26/06/2024","valide":"Oui","ppo":"Non","type_carte":"Reprise","base":"2010-D31-053 Chateau de Bonrepos-Riquet","fond":"Ortho","obsolete":false}},{"type":"Feature","geometry":{"type":"Polygon","coordinates":[[[1.5775,43.7599],[1.5747,43.762],[1.5673,43.7596],[1.5638,43.7661],[1.5641,43.768],[1.5662,43.7709],[1.5642,43.7759],[1.5679,43.7822],[1.5743,43.7873],[1.5806,43.7844],[1.582,43.78],[1.585,43.778],[1.5915,43.7679],[1.5775,43.7599]]]},"properties":{"id_ffco":"2023-D31-181","nom":"Buzet sur Tarn VTT","_dept":"31","numero":"2023-D31-181","commune":"Buzet sur Tarn","echelle":"1/12500","surface":"4.35 km²","format":"A4","annee":"2023","cartographes":"Laurent Frayssinet","proprietaire":"31 - Haute-Garonne","niveau":"Régional","specialite":"CO à VTT","contacts":"CDCO31, https://www.cdco31.fr/","latitude":"43.7722798235","longitude":"1.5758663229","date_saisie":"20/10/2023","date_depot":"28/02/2024","valide":"Oui","ppo":"Non","type_carte":"Nouvelle carte","fond":"Ortho","obsolete":false}},{"type":"Feature","geometry":{"type":"Polygon","coordinates":[[[1.397,43.6207],[1.3984,43.6208],[1.3997,43.6206],[1.4007,43.6208],[1.402,43.6173],[1.3996,43.6169],[1.3995,43.6165],[1.3992,43.6164],[1.3974,43.6184],[1.397,43.6189],[1.397,43.6207]]]},"properties":{"id_ffco":"2023-D31-180","nom":"Ancely","_dept":"31","numero":"2023-D31-180","commune":"TOULOUSE","echelle":"1/4000","surface":"0.13 km²","format":"A4","annee":"2023","cartographes":"Léo Falcone","proprietaire":"3105 - TOAC ORIENTATION","niveau":"Régional","specialite":"CO à pied","contacts":"TOAC, contact@toac-orientation.fr, https://toac-orientation.fr/club48tx5e9/","latitude":"43.6188727825","longitude":"1.39935068292","date_saisie":"22/08/2023","date_depot":"26/10/2023","valide":"Oui","ppo":"Non","type_carte":"Nouvelle carte","fond":"Ortho","obsolete":false}},{"type":"Feature","geometry":{"type":"Polygon","coordinates":[[[1.5089,43.5028],[1.508,43.503],[1.5091,43.5035],[1.5101,43.5039],[1.5105,43.5035],[1.5093,43.5031],[1.5089,43.5028]]]},"properties":{"id_ffco":"2023-D31-179","nom":"Parc du Merlet","_dept":"31","numero":"2023-D31-179","commune":"Pechabou","echelle":"1/750","surface":"0.01 km²","format":"A4","annee":"2023","cartographes":"Sébastien MENA","proprietaire":"31 - Haute-Garonne","niveau":"Initiation, Scolaire","specialite":"CO à pied","contacts":"CDCO31, https://www.cdco31.fr/ // Mairie de Péchabou, PECHABOU","latitude":"43.5033487857","longitude":"1.50932526027","date_saisie":"01/09/2023","date_depot":"26/10/2023","valide":"Oui","ppo":"Non","type_carte":"Nouvelle carte","fond":"Ortho","url":"https://www.cdco31.fr/carto/D31-179/","obsolete":false}},{"type":"Feature","geometry":{"type":"Polygon","coordinates":[[[1.3977,43.5793],[1.3992,43.5792],[1.3997,43.5803],[1.4002,43.5803],[1.4011,43.5816],[1.4024,43.5815],[1.4025,43.5811],[1.4032,43.5811],[1.4032,43.5801],[1.4037,43.5801],[1.4037,43.5792],[1.4043,43.5791],[1.4044,43.578],[1.4061,43.5775],[1.4057,43.5767],[1.4065,43.5764],[1.4061,43.5762],[1.4056,43.5763],[1.3998,43.5762],[1.397,43.5759],[1.3977,43.5793]]]},"properties":{"id_ffco":"2023-D31-178","nom":"Université Toulouse Jean Jaurés","_dept":"31","numero":"2023-D31-178","commune":"Toulouse","echelle":"1/4000","surface":"0.28 km²","format":"A4","annee":"2023","cartographes":"Laurent Frayssinet","proprietaire":"31 - Haute-Garonne","niveau":"Régional","specialite":"Sprint (ISSOM)","contacts":"CDCO31, https://www.cdco31.fr/carto/D31-178/ // Université Jean Jaurès","latitude":"43.5782178565","longitude":"1.40133502144","date_saisie":"02/03/2023","date_depot":"13/06/2023","valide":"Oui","ppo":"Non","type_carte":"Reprise","base":"2017-D31-122 Parc de la Faculté J.Jaurès","fond":"Ortho","url":"https://www.cdco31.fr/carto/D31-178/","obsolete":false}},{"type":"Feature","geometry":{"type":"Polygon","coordinates":[[[1.4204,43.6751],[1.4207,43.6753],[1.4204,43.6757],[1.4206,43.6757],[1.4203,43.676],[1.4207,43.6761],[1.4209,43.6758],[1.4221,43.6763],[1.4224,43.676],[1.4232,43.6764],[1.4235,43.676],[1.4237,43.676],[1.4239,43.6754],[1.4234,43.6752],[1.4235,43.6751],[1.4235,43.6746],[1.423,43.6744],[1.4227,43.6739],[1.4223,43.6738],[1.4219,43.674],[1.4217,43.6739],[1.4204,43.6751]]]},"properties":{"id_ffco":"2022-D31-177","nom":"Collège des Violettes","_dept":"31","numero":"2022-D31-177","commune":"Aucamville","echelle":"1/1500","surface":"0.05 km²","format":"A4","annee":"2022","cartographes":"Sébastien MENA","proprietaire":"31 - Haute-Garonne","niveau":"Initiation, Scolaire","specialite":"CO à pied","contacts":"Collège des Violettes, 31140, Aucamville","latitude":"43.675161814","longitude":"1.42213740373","date_saisie":"13/12/2022","date_depot":"13/06/2023","valide":"Oui","ppo":"Non","type_carte":"Nouvelle carte","fond":"Ortho","obsolete":false}},{"type":"Feature","geometry":{"type":"Polygon","coordinates":[[[1.4372,43.5989],[1.4357,43.5952],[1.4347,43.5929],[1.4358,43.5928],[1.4376,43.5951],[1.4381,43.5975],[1.438,43.5986],[1.4372,43.5989]]]},"properties":{"id_ffco":"2023-D31-176","nom":"Prairie des Filtres","_dept":"31","numero":"2023-D31-176","commune":"Toulouse","echelle":"1/2500","surface":"0.08 km²","format":"A4","annee":"2023","cartographes":"Sébastien MENA","proprietaire":"31 - Haute-Garonne","niveau":"Initiation, Scolaire","specialite":"CO à pied","contacts":"CDCO31, https://www.cdco31.fr/","latitude":"43.5957091672","longitude":"1.43671383547","date_saisie":"13/12/2022","date_depot":"26/10/2023","valide":"Oui","ppo":"Non","type_carte":"Nouvelle carte","fond":"Ortho","url":"https://www.cdco31.fr/carto/D31-176/","obsolete":false}},{"type":"Feature","geometry":{"type":"Polygon","coordinates":[[[1.2268,43.3098],[1.2273,43.3109],[1.228,43.3114],[1.2285,43.3114],[1.2305,43.3103],[1.23,43.3099],[1.2297,43.3098],[1.2295,43.3098],[1.2295,43.3097],[1.2291,43.3098],[1.2291,43.3099],[1.2282,43.3101],[1.228,43.3101],[1.2279,43.3101],[1.2276,43.3097],[1.2274,43.3097],[1.2274,43.3096],[1.2268,43.3098]]]},"properties":{"id_ffco":"2023-D31-175","nom":"Collège A.Abbal","_dept":"31","numero":"2023-D31-175","commune":"Carbonne","echelle":"1/2000","surface":"0.03 km²","format":"A4","annee":"2023","cartographes":"Olivier THOMAS","proprietaire":"31 - Haute-Garonne","niveau":"Initiation, Scolaire","specialite":"CO à pied","contacts":"Collège A.Abdal, 31390, Carbonne","latitude":"43.310480849","longitude":"1.22850936418","date_saisie":"29/08/2023","date_depot":"26/10/2023","valide":"Oui","ppo":"Non","type_carte":"Nouvelle carte","fond":"Ortho","obsolete":false}},{"type":"Feature","geometry":{"type":"Polygon","coordinates":[[[0.9546,43.2017],[0.9583,43.1975],[0.958,43.1958],[0.9582,43.1948],[0.9648,43.1929],[0.9666,43.1937],[0.968,43.1936],[0.975,43.1903],[0.9779,43.1914],[0.9806,43.1915],[0.9876,43.1939],[0.9867,43.1947],[0.9856,43.1949],[0.9846,43.1963],[0.9858,43.1968],[0.9841,43.1982],[0.9853,43.1996],[0.982,43.1997],[0.9798,43.2016],[0.9774,43.2027],[0.9767,43.2025],[0.9771,43.2002],[0.9722,43.2003],[0.9715,43.2027],[0.9709,43.2013],[0.9671,43.2009],[0.9662,43.1994],[0.964,43.2011],[0.9642,43.202],[0.9622,43.2043],[0.9606,43.2044],[0.9591,43.2038],[0.957,43.202],[0.9554,43.2023],[0.9546,43.2017]]]},"properties":{"id_ffco":"2023-D31-174","nom":"Forêt de Martres-Tolosane","_dept":"31","numero":"2023-D31-174","commune":"Martrres-Tolosane","echelle":"1/10000","surface":"2.27 km²","format":"A4","annee":"2023","cartographes":"Olivier THOMAS","proprietaire":"3105 - TOAC ORIENTATION","niveau":"Régional","specialite":"CO à pied","contacts":"TOAC, contact@toac-orientation.fr, https://toac-orientation.fr/club48tx5e9/","latitude":"43.1970758026","longitude":"0.971140574548","date_saisie":"02/03/2023","date_depot":"13/06/2023","valide":"Oui","ppo":"Non","type_carte":"Nouvelle carte","fond":"Ortho","obsolete":false}},{"type":"Feature","geometry":{"type":"Polygon","coordinates":[[[1.4291,43.5817],[1.4288,43.5808],[1.4294,43.5788],[1.4291,43.5781],[1.43,43.5765],[1.4341,43.5737],[1.4344,43.5738],[1.4344,43.5741],[1.4341,43.5748],[1.4306,43.5769],[1.4301,43.5801],[1.4305,43.58],[1.4308,43.5803],[1.4295,43.5811],[1.4298,43.5817],[1.4291,43.5817]]]},"properties":{"id_ffco":"2023-D31-173","nom":"Ramier de Toulouse 2023","_dept":"31","numero":"2023-D31-173","commune":"Toulouse","echelle":"1/4000","surface":"0.08 km²","format":"A4","annee":"2023","cartographes":"Olivier THOMAS","proprietaire":"31 - Haute-Garonne","niveau":"Initiation, Scolaire","specialite":"CO à pied","contacts":"CDCO31, https://www.cdco31.fr/","latitude":"43.5775528643","longitude":"1.43087252741","date_saisie":"02/03/2023","date_depot":"13/06/2023","valide":"Oui","ppo":"Non","type_carte":"Reprise","base":"2011-D31-069 Le Ramier de Toulouse","fond":"Ortho","url":"https://www.cdco31.fr/carto/D31-173/","obsolete":false}},{"type":"Feature","geometry":{"type":"Polygon","coordinates":[[[1.4745,43.6526],[1.4766,43.6516],[1.477,43.6519],[1.4774,43.6527],[1.478,43.6527],[1.4787,43.6533],[1.4775,43.6539],[1.4773,43.6543],[1.4769,43.6545],[1.4764,43.6543],[1.4764,43.6541],[1.4747,43.6529],[1.4745,43.6526]]]},"properties":{"id_ffco":"2023-D31-172","nom":"Parc de Malpagat 2023","_dept":"31","numero":"2023-D31-172","commune":"L'Union","echelle":"1/2000","surface":"0.05 km²","format":"A4","annee":"2023","cartographes":"Olivier THOMAS","proprietaire":"31 - Haute-Garonne","niveau":"Initiation, Scolaire","specialite":"CO à pied","contacts":"CDCO31, https://www.cdco31.fr/ // Mairie l'UNION","latitude":"43.6530352934","longitude":"1.47656574156","date_saisie":"02/03/2023","date_depot":"13/06/2023","valide":"Oui","ppo":"Oui (27 postes)","type_carte":"Reprise","base":"2005-D31-024 Parc Malpagat","fond":"Ortho","url":"https://www.cdco31.fr/carto/D31-172/","obsolete":false}},{"type":"Feature","geometry":{"type":"Polygon","coordinates":[[[1.5807,43.7235],[1.5807,43.7238],[1.5816,43.725],[1.5818,43.7256],[1.5844,43.7247],[1.5853,43.724],[1.5857,43.7234],[1.5847,43.7227],[1.5838,43.7226],[1.5823,43.7232],[1.5807,43.7235]]]},"properties":{"id_ffco":"2022-D31-170","nom":"Collège Georges Brassens","_dept":"31","numero":"2022-D31-170","commune":"Montastruc-la-Conseillère","echelle":"1/1500","surface":"0.08 km²","format":"A4","annee":"2022","cartographes":"Laurent Frayssinet","proprietaire":"31 - Haute-Garonne","niveau":"Initiation, Scolaire","specialite":"CO à pied","contacts":"Collège Georges Brassens, Montastruc-la-Conseillère","latitude":"43.7239417532","longitude":"1.58315187486","date_saisie":"23/11/2022","date_depot":"12/01/2023","valide":"Oui","ppo":"Non","type_carte":"Nouvelle carte","fond":"Ortho","obsolete":false}},{"type":"Feature","geometry":{"type":"Polygon","coordinates":[[[1.3396,43.6104],[1.3411,43.6099],[1.3412,43.612],[1.3395,43.612],[1.3396,43.6104]]]},"properties":{"id_ffco":"2022-D31-169","nom":"Parc Duroch","_dept":"31","numero":"2022-D31-169","commune":"Colomiers","echelle":"1/6000","surface":"0.03 km²","format":"A4","annee":"2022","cartographes":"Sébastien MENA","proprietaire":"31 - Haute-Garonne","niveau":"Initiation, Scolaire","specialite":"CO à pied","contacts":"CDCO31, https://www.cdco31.fr/","latitude":"43.6110950162","longitude":"1.34037791366","date_saisie":"08/11/2022","date_depot":"12/01/2023","valide":"Oui","ppo":"Non","type_carte":"Nouvelle carte","fond":"Ortho","url":"https://www.cdco31.fr/carto/D31-169/","obsolete":false}},{"type":"Feature","geometry":{"type":"Polygon","coordinates":[[[1.3764,43.5731],[1.3764,43.5721],[1.3773,43.5709],[1.3806,43.5705],[1.382,43.572],[1.3829,43.5723],[1.3821,43.5736],[1.3806,43.5734],[1.3797,43.5738],[1.3764,43.5731]]]},"properties":{"id_ffco":"2022-D31-168","nom":"Parc de la Mounède","_dept":"31","numero":"2022-D31-168","commune":"Toulouse","echelle":"1/4000","surface":"0.13 km²","format":"A4","annee":"2022","cartographes":"Gérald Augagneur","proprietaire":"3105 - TOAC ORIENTATION","niveau":"Initiation, Scolaire","specialite":"CO à pied","contacts":"TOAC, contact@toac-orientation.fr, https://toac-orientation.fr/club48tx5e9/","latitude":"43.5722384116","longitude":"1.3794399484","date_saisie":"08/11/2022","date_depot":"12/01/2023","valide":"Oui","ppo":"Non","type_carte":"Nouvelle carte","fond":"Ortho","obsolete":false}},{"type":"Feature","geometry":{"type":"Polygon","coordinates":[[[1.3608,43.6892],[1.3615,43.688],[1.3634,43.6885],[1.3641,43.6873],[1.3669,43.6885],[1.3667,43.6901],[1.3671,43.6926],[1.3626,43.691],[1.3622,43.6906],[1.3622,43.6897],[1.3608,43.6892]]]},"properties":{"id_ffco":"2022-D31-167","nom":"Bois du Bouscassié","_dept":"31","numero":"2022-D31-167","commune":"Seilh","echelle":"1/4000","surface":"0.17 km²","format":"A4","annee":"2022","cartographes":"Olivier THOMAS","proprietaire":"31 - Haute-Garonne","niveau":"Initiation, Scolaire","specialite":"CO à pied","contacts":"CDCO31, https://www.cdco31.fr/carto/D31-167/ // Mairie de Seilh, SEILH","latitude":"43.6897938558","longitude":"1.36446134217","date_saisie":"08/11/2022","date_depot":"12/01/2023","valide":"Oui","ppo":"Non","type_carte":"Nouvelle carte","fond":"Ortho","url":"https://www.cdco31.fr/carto/D31-167/","obsolete":false}},{"type":"Feature","geometry":{"type":"Polygon","coordinates":[[[1.1945,43.5348],[1.1962,43.5349],[1.1965,43.536],[1.1964,43.5361],[1.1966,43.5368],[1.1939,43.5363],[1.1945,43.5348]]]},"properties":{"id_ffco":"2022-D31-166","nom":"Collège Joliot-Curie","_dept":"31","numero":"2022-D31-166","commune":"Fontenilles","echelle":"1/1000","surface":"0.04 km²","format":"A4","annee":"2022","cartographes":"Sébastien MENA","proprietaire":"31 - Haute-Garonne","niveau":"Initiation, Scolaire","specialite":"CO à pied","contacts":"Collège Joliot-Curie, Fontenilles","latitude":"43.5357601458","longitude":"1.19533785436","date_saisie":"08/11/2022","date_depot":"12/01/2023","valide":"Oui","ppo":"Non","type_carte":"Nouvelle carte","fond":"Ortho","obsolete":false}},{"type":"Feature","geometry":{"type":"Polygon","coordinates":[[[1.5908,43.77],[1.5951,43.7712],[1.5946,43.773],[1.5955,43.7747],[1.5955,43.7766],[1.596,43.7779],[1.5979,43.7806],[1.5974,43.7807],[1.597,43.7801],[1.5962,43.78],[1.5944,43.7819],[1.592,43.779],[1.5895,43.7797],[1.5887,43.779],[1.5893,43.7782],[1.5861,43.7767],[1.5857,43.7764],[1.5855,43.7757],[1.5867,43.7739],[1.5895,43.771],[1.5907,43.7699],[1.5908,43.7701],[1.5908,43.77]]]},"properties":{"id_ffco":"2022-D31-165","nom":"LES BRUCS \"4\"","_dept":"31","numero":"2022-D31-165","commune":"BESSIERES","echelle":"1/5000","surface":"0.68 km²","format":"A4","annee":"2022","cartographes":"ESCUDIE Christian, Jean Damien BOURGEOIS","proprietaire":"8105 - BALISE ORIENTATION ALBIGEOISE","niveau":"Initiation, Scolaire","specialite":"CO à pied","contacts":"Club B.O.Albi, boa81albi@gmail.com // Collège de Bessières, 31660, Bessières","latitude":"43.7756265463","longitude":"1.59168962569","date_saisie":"30/03/2022","date_depot":"12/01/2023","valide":"Oui","ppo":"Oui (68 postes)","type_carte":"Reprise","base":"2020-D31-146 Les Bructs 3","fond":"Ortho","obsolete":false}},{"type":"Feature","geometry":{"type":"Polygon","coordinates":[[[1.213,43.6485],[1.2164,43.6454],[1.2312,43.6354],[1.2386,43.6382],[1.2295,43.6462],[1.2268,43.645],[1.2203,43.6514],[1.213,43.6485]]]},"properties":{"id_ffco":"2022-D31-164","nom":"Bouconne-Nord partie Sud","_dept":"31","numero":"2022-D31-164","commune":"Pibrac (31)","echelle":"1/10000","surface":"1.38 km²","format":"A4","annee":"2022","cartographes":"Sébastien MENA","proprietaire":"31 - Haute-Garonne","niveau":"Départemental","specialite":"CO à pied","contacts":"CDCO31, https://www.cdco31.fr/","latitude":"43.6431965856","longitude":"1.2258808827","date_saisie":"08/11/2022","date_depot":"12/01/2023","valide":"Oui","ppo":"Non","type_carte":"Reprise","base":"2018-D31-126 Bouconne Nord - partie Sud","fond":"Ortho","obsolete":false}},{"type":"Feature","geometry":{"type":"Polygon","coordinates":[[[0.8608,43.2251],[0.8633,43.2267],[0.8647,43.2261],[0.865,43.2246],[0.8649,43.2238],[0.8634,43.2236],[0.8617,43.2242],[0.8608,43.2251]]]},"properties":{"id_ffco":"2022-D31-163","nom":"Le Comtal","_dept":"31","numero":"2022-D31-163","commune":"Aurignac","echelle":"1/3000","surface":"0.08 km²","format":"A4","annee":"2022","cartographes":"Olivier THOMAS","proprietaire":"3107 - LES DES'ORIENTES 31","niveau":"Initiation, Scolaire","specialite":"CO à pied","contacts":"CDCO31, https://www.cdco31.fr/carto/D31-163/ // Coeurs et Coteaux de Comminges // Dés'orientés 31 // O.T. Aurignac, 31420, Aurignac","latitude":"43.2250331166","longitude":"0.863227977979","date_saisie":"18/03/2022","date_depot":"04/05/2022","valide":"Oui","ppo":"Non","type_carte":"Nouvelle carte","fond":"Ortho","url":"https://www.cdco31.fr/carto/D31-163/","obsolete":false}},{"type":"Feature","geometry":{"type":"Polygon","coordinates":[[[1.5567,43.5207],[1.5568,43.5213],[1.5588,43.5215],[1.5593,43.5213],[1.5605,43.5215],[1.5616,43.5218],[1.5619,43.5211],[1.5624,43.5205],[1.562,43.5203],[1.5612,43.5205],[1.5607,43.5192],[1.561,43.5189],[1.5605,43.5183],[1.5587,43.5183],[1.558,43.5188],[1.557,43.5193],[1.5566,43.52],[1.5567,43.5207]]]},"properties":{"id_ffco":"2022-D31-162","nom":"Parc d'Escalquens","_dept":"31","numero":"2022-D31-162","commune":"Escalquens","echelle":"1/2000","surface":"0.12 km²","format":"A4","annee":"2022","cartographes":"Sébastien MENA","proprietaire":"31 - Haute-Garonne","niveau":"Initiation, Scolaire","specialite":"CO à pied","contacts":"CDCO31, https://www.cdco31.fr/","latitude":"43.5200927784","longitude":"1.55921828628","date_saisie":"18/03/2022","date_depot":"04/05/2022","valide":"Oui","ppo":"Non","type_carte":"Nouvelle carte","fond":"Ortho","url":"https://www.cdco31.fr/carto/D31-162/","obsolete":false}},{"type":"Feature","geometry":{"type":"Polygon","coordinates":[[[1.3941,43.8379],[1.3951,43.8385],[1.3963,43.8398],[1.3996,43.8375],[1.3996,43.837],[1.3981,43.837],[1.3973,43.8367],[1.3967,43.8368],[1.3958,43.836],[1.3941,43.8379]]]},"properties":{"id_ffco":"2022-D31-161","nom":"La Maison des Vins","_dept":"31","numero":"2022-D31-161","commune":"Fronton","echelle":"1/2500","surface":"0.09 km²","format":"A4","annee":"2022","cartographes":"H.Fol-Ribet","proprietaire":"31 - Haute-Garonne","niveau":"Initiation, Scolaire","specialite":"CO à pied","contacts":"CDCO31, https://www.cdco31.fr/ // Collège de Fronton // Jycée de Fronton, 31620, Fronton","latitude":"43.8378248585","longitude":"1.39667629046","date_saisie":"19/03/2022","date_depot":"04/05/2022","valide":"Oui","ppo":"Non","type_carte":"Reprise","base":"2013-D31-076 Maison des vins","fond":"Ortho","url":"https://www.cdco31.fr/carto/D31-161/","obsolete":false}},{"type":"Feature","geometry":{"type":"Polygon","coordinates":[[[0.8457,43.0284],[0.8449,43.0263],[0.8464,43.0242],[0.8481,43.0234],[0.8482,43.0205],[0.8495,43.0186],[0.8505,43.0156],[0.8596,43.0158],[0.86,43.0172],[0.8626,43.0187],[0.8644,43.019],[0.8653,43.0207],[0.8652,43.0251],[0.8659,43.0265],[0.8656,43.0281],[0.8679,43.0289],[0.8678,43.0298],[0.8643,43.0318],[0.8633,43.0331],[0.8553,43.0333],[0.8547,43.0306],[0.8478,43.0291],[0.8457,43.0284]]]},"properties":{"id_ffco":"2022-D31-160","nom":"Bois de Thouas","_dept":"31","numero":"2022-D31-160","commune":"Estadens","echelle":"1/10000","surface":"2.46 km²","format":"A4","annee":"2022","cartographes":"Olivier THOMAS","proprietaire":"31 - Haute-Garonne","niveau":"Régional","specialite":"CO à pied","contacts":"CDCO31, https://www.cdco31.fr/","latitude":"43.0245659837","longitude":"0.856657233945","date_saisie":"19/03/2022","date_depot":"04/05/2022","valide":"Oui","ppo":"Non","type_carte":"Nouvelle carte","fond":"Ortho","obsolete":false}},{"type":"Feature","geometry":{"type":"Polygon","coordinates":[[[1.4134,43.654],[1.4152,43.6544],[1.4154,43.6558],[1.4194,43.6567],[1.423,43.6524],[1.4222,43.652],[1.4212,43.6529],[1.4207,43.6527],[1.4217,43.6504],[1.4208,43.6481],[1.4187,43.6475],[1.416,43.6478],[1.4154,43.6492],[1.4151,43.6491],[1.4134,43.654]]]},"properties":{"id_ffco":"2021-D31-159","nom":"Sesquières 2021","_dept":"31","numero":"2021-D31-159","commune":"Toulouse","echelle":"1/5000","surface":"0.5 km²","format":"A4","annee":"2021","cartographes":"Leo Falcone","proprietaire":"31 - Haute-Garonne","niveau":"Initiation, Scolaire","specialite":"CO à pied","contacts":"CDCO31, https://www.cdco31.fr/","latitude":"43.6520143179","longitude":"1.41799218047","date_saisie":"20/12/2021","date_depot":"12/01/2022","valide":"Oui","ppo":"Non","type_carte":"Reprise","base":"2011-D31-070 Parc de Sesquières","fond":"Ortho","url":"https://www.cdco31.fr/carto/D31-159/","obsolete":false}},{"type":"Feature","geometry":{"type":"Polygon","coordinates":[[[1.0233,43.7369],[1.0243,43.7363],[1.0229,43.735],[1.0254,43.7338],[1.0268,43.7354],[1.0267,43.736],[1.025,43.7379],[1.0237,43.7374],[1.0233,43.7369]]]},"properties":{"id_ffco":"2021-D31-158","nom":"Chateau de Laréole","_dept":"31","numero":"2021-D31-158","commune":"Laréole","echelle":"1/2000","surface":"0.08 km²","format":"A4","annee":"2021","cartographes":"Sébastien MENA","proprietaire":"31 - Haute-Garonne","niveau":"Initiation, Scolaire","specialite":"CO à pied","contacts":"Conseil Général 31 - DADRE, 1, boulevard de la Marquette , 31090, TOULOUSE Cedex 9 , 05 34334821, 05 61845386, ens@cd31.fr","latitude":"43.7357731918","longitude":"1.02497025703","date_saisie":"13/12/2021","date_depot":"12/01/2022","valide":"Oui","ppo":"Non","type_carte":"Nouvelle carte","fond":"Ortho","obsolete":false}},{"type":"Feature","geometry":{"type":"Polygon","coordinates":[[[1.4839,43.6077],[1.4809,43.6123],[1.4788,43.6113],[1.4781,43.6126],[1.4809,43.6144],[1.4799,43.6157],[1.4798,43.6166],[1.4778,43.617],[1.4765,43.6236],[1.4795,43.6245],[1.4835,43.6136],[1.4843,43.61],[1.4839,43.6077]]]},"properties":{"id_ffco":"2021-D31-157","nom":"Les Argoulets","_dept":"31","numero":"2021-D31-157","commune":"Toulouse","echelle":"1/7500","surface":"0.47 km²","format":"A4","annee":"2021","cartographes":"Olivier THOMAS","proprietaire":"31 - Haute-Garonne","niveau":"Initiation, Scolaire","specialite":"CO à pied","contacts":"CDCO31, https://www.cdco31.fr/","latitude":"43.6168921372","longitude":"1.48035666888","date_saisie":"13/12/2021","date_depot":"12/01/2022","valide":"Oui","ppo":"Non","type_carte":"Reprise","base":"2011-D31-067 LES ARGOULETS","fond":"Ortho","url":"https://www.cdco31.fr/carto/D31-157/","obsolete":false}},{"type":"Feature","geometry":{"type":"Polygon","coordinates":[[[1.3302,43.5995],[1.3307,43.5993],[1.331,43.5987],[1.335,43.5996],[1.3354,43.5993],[1.3374,43.5997],[1.3375,43.5975],[1.3349,43.5975],[1.3346,43.5974],[1.3344,43.597],[1.3337,43.597],[1.3334,43.5958],[1.3323,43.5961],[1.3326,43.5971],[1.33,43.5977],[1.3302,43.5982],[1.3293,43.5985],[1.3302,43.5995]]]},"properties":{"id_ffco":"2021-D31-156","nom":"Parc du Cabirol","_dept":"31","numero":"2021-D31-156","commune":"Colomiers","echelle":"1/2500","surface":"0.15 km²","format":"A4","annee":"2021","cartographes":"Sébastien MENA","proprietaire":"3105 - TOAC ORIENTATION","niveau":"Initiation, Scolaire","specialite":"CO à pied","contacts":"TOAC, contact@toac-orientation.fr, https://toac-orientation.fr/club48tx5e9/","latitude":"43.5981941349","longitude":"1.33378349947","date_saisie":"13/12/2021","date_depot":"12/01/2022","valide":"Oui","ppo":"Non","type_carte":"Reprise","base":"2007-D31-030 Parc du Cabirol - Colomiers","fond":"Ortho","obsolete":false}},{"type":"Feature","geometry":{"type":"Polygon","coordinates":[[[1.4627,43.5715],[1.4629,43.5719],[1.4655,43.5728],[1.4664,43.5734],[1.4674,43.5735],[1.4676,43.5738],[1.4692,43.574],[1.4697,43.5731],[1.4699,43.5719],[1.47,43.5711],[1.4702,43.57],[1.4707,43.5693],[1.4711,43.5686],[1.4713,43.568],[1.4713,43.5655],[1.4707,43.5654],[1.4696,43.5649],[1.4635,43.5714],[1.4632,43.5716],[1.4627,43.5715]]]},"properties":{"id_ffco":"2021-D31-155","nom":"INSA Toulouse","_dept":"31","numero":"2021-D31-155","commune":"TOULOUSE","echelle":"1/4000","surface":"0.35 km²","format":"A4","annee":"2021","cartographes":"Olivier THOMAS","proprietaire":"INSA TOULOUSE","niveau":"Initiation, Scolaire","specialite":"CO à pied","contacts":"CDCO31, https://www.cdco31.fr/carto/D31-155/","latitude":"43.5698602592","longitude":"1.46796825402","date_saisie":"02/04/2021","date_depot":"12/01/2022","valide":"Oui","ppo":"Non","type_carte":"Nouvelle carte","fond":"Ortho","url":"https://www.cdco31.fr/carto/D31-155/","obsolete":false}},{"type":"Feature","geometry":{"type":"Polygon","coordinates":[[[0.6518,43.2812],[0.6519,43.2819],[0.6524,43.2823],[0.6541,43.2828],[0.6547,43.2834],[0.6543,43.2841],[0.6534,43.2845],[0.6537,43.2848],[0.6549,43.2849],[0.6563,43.2838],[0.6576,43.2829],[0.6588,43.2825],[0.6591,43.2805],[0.6584,43.2806],[0.6578,43.2804],[0.6567,43.2807],[0.6555,43.2811],[0.6518,43.2812]]]},"properties":{"id_ffco":"2020-D31-154","nom":"Lac de Boulogne sur Gesse","_dept":"31","numero":"2020-D31-154","commune":"Boulogne sur Gesse","echelle":"1/4000","surface":"0.15 km²","format":"A4","annee":"2020","cartographes":"Olivier THOMAS","proprietaire":"31 - Haute-Garonne","niveau":"Initiation, Scolaire","specialite":"CO à pied","contacts":"CDCO31, https://www.cdco31.fr/carto/D31-154/","latitude":"43.2822470807","longitude":"0.65574133874","date_saisie":"08/12/2020","date_depot":"11/02/2021","valide":"Oui","ppo":"Oui (40 postes)","type_carte":"Nouvelle carte","fond":"Ortho","url":"https://www.cdco31.fr/carto/D31-154/","obsolete":false}},{"type":"Feature","geometry":{"type":"Polygon","coordinates":[[[1.4611,43.5637],[1.4585,43.5671],[1.4601,43.5686],[1.4624,43.5712],[1.4633,43.5723],[1.4655,43.5729],[1.4668,43.5735],[1.4679,43.5735],[1.4685,43.5735],[1.47,43.5729],[1.4703,43.5701],[1.4714,43.5685],[1.4715,43.5657],[1.4716,43.5637],[1.4727,43.5624],[1.4762,43.5597],[1.479,43.5577],[1.4802,43.5566],[1.4808,43.5551],[1.4765,43.5544],[1.4711,43.5541],[1.469,43.5543],[1.4666,43.5555],[1.465,43.5572],[1.463,43.5605],[1.4611,43.5637]]]},"properties":{"id_ffco":"2020-D31-153","nom":"Campus Paul Sabatier","_dept":"31","numero":"2020-D31-153","commune":"TOULOUSE","echelle":"1/4000","surface":"1.92 km²","format":"A3","annee":"2020","cartographes":"Olivier THOMAS","proprietaire":"31 - Haute-Garonne","niveau":"Départemental","specialite":"CO à pied","contacts":"CDCO31, https://www.cdco31.fr/carto/D31-153/","latitude":"43.5628706156","longitude":"1.46849191573","date_saisie":"09/12/2020","date_depot":"11/02/2021","valide":"Oui","ppo":"Non","type_carte":"Reprise","base":"2016-D31-106 Fac Paul Sabatier","fond":"Ortho","url":"https://www.cdco31.fr/carto/D31-153/","obsolete":false}},{"type":"Feature","geometry":{"type":"Polygon","coordinates":[[[1.5996,43.437],[1.6013,43.4374],[1.6019,43.4365],[1.6011,43.4358],[1.6006,43.4365],[1.6,43.4367],[1.5998,43.4367],[1.5996,43.437]]]},"properties":{"id_ffco":"2020-D31-152","nom":"Ecole primaire Aygugesvives","_dept":"31","numero":"2020-D31-152","commune":"Aygugesvives","echelle":"1/1000","surface":"0.02 km²","format":"A5","annee":"2020","cartographes":"Christian ESCUDIE","proprietaire":"31 - Haute-Garonne","niveau":"Initiation, Scolaire","specialite":"CO à pied","contacts":"Ecole primaire publique, Allée des Droits de l'Homme et du Citoyen, 31450, Ayguevives, ce.0311735t@ac-toulouse.fr","latitude":"43.4367141954","longitude":"1.60090766969","date_saisie":"09/12/2020","date_depot":"11/02/2021","valide":"Oui","ppo":"Non","type_carte":"Nouvelle carte","fond":"Ortho","obsolete":false}},{"type":"Feature","geometry":{"type":"Polygon","coordinates":[[[1.5983,43.4368],[1.5988,43.4373],[1.6006,43.4393],[1.6034,43.4382],[1.6009,43.4355],[1.5993,43.4362],[1.5983,43.4368]]]},"properties":{"id_ffco":"2020-D31-151","nom":"Espace sportif Ayguesvives","_dept":"31","numero":"2020-D31-151","commune":"Ayguesvives","echelle":"1/2500","surface":"0.09 km²","format":"A4","annee":"2020","cartographes":"Christian ESCUDIE","proprietaire":"31 - Haute-Garonne","niveau":"Initiation, Scolaire","specialite":"CO à pied","contacts":"CDCO31, https://www.cdco31.fr/carto/D31-151/","latitude":"43.437423986","longitude":"1.60079391189","date_saisie":"09/12/2020","date_depot":"11/02/2021","valide":"Oui","ppo":"Non","type_carte":"Nouvelle carte","fond":"Ortho","url":"https://www.cdco31.fr/carto/D31-151/","obsolete":false}},{"type":"Feature","geometry":{"type":"Polygon","coordinates":[[[1.6023,43.437],[1.6011,43.4357],[1.601,43.4356],[1.6032,43.4348],[1.6044,43.4361],[1.6023,43.437]]]},"properties":{"id_ffco":"2020-D31-150","nom":"Collège JP Laurens Ayguesvives","_dept":"31","numero":"2020-D31-150","commune":"Ayguesvives","echelle":"1/1500","surface":"0.04 km²","format":"A4","annee":"2020","cartographes":"Christian ESCUDIE","proprietaire":"31 - Haute-Garonne","niveau":"Initiation, Scolaire","specialite":"CO à pied","contacts":"Collège JP.Laurens, Allée des Droits de l'Homme et du Citoyen, 31450, Ayguevives, 0311573s@ac-toulouse.fr","latitude":"43.4358472878","longitude":"1.60267859183","date_saisie":"09/12/2020","date_depot":"11/02/2021","valide":"Oui","ppo":"Non","type_carte":"Nouvelle carte","fond":"Ortho","obsolete":false}},{"type":"Feature","geometry":{"type":"Polygon","coordinates":[[[1.5964,43.4386],[1.5958,43.4382],[1.5949,43.4381],[1.5932,43.4378],[1.5942,43.4366],[1.5932,43.4363],[1.5932,43.4358],[1.5929,43.4355],[1.5924,43.4355],[1.5921,43.4351],[1.5922,43.4348],[1.5919,43.4341],[1.5913,43.4342],[1.5908,43.4341],[1.5942,43.4326],[1.5949,43.4335],[1.5949,43.4351],[1.5952,43.4359],[1.5958,43.4367],[1.5965,43.4373],[1.5972,43.4383],[1.5964,43.4386]]]},"properties":{"id_ffco":"2020-D31-149","nom":"Parc Municipal Ayguesvives","_dept":"31","numero":"2020-D31-149","commune":"Ayguesvives","echelle":"1/2500","surface":"0.13 km²","format":"A4","annee":"2020","cartographes":"Christian ESCUDIE","proprietaire":"31 - Haute-Garonne","niveau":"Initiation, Scolaire","specialite":"CO à pied","contacts":"CDCO31, https://www.cdco31.fr/carto/D31-149/","latitude":"43.4355726856","longitude":"1.59417217942","date_saisie":"09/12/2020","date_depot":"11/02/2021","valide":"Oui","ppo":"Non","type_carte":"Nouvelle carte","fond":"Ortho","url":"https://www.cdco31.fr/carto/D31-149/","obsolete":false}},{"type":"Feature","geometry":{"type":"Polygon","coordinates":[[[1.2482,43.3475],[1.2483,43.3482],[1.2487,43.3488],[1.2502,43.3492],[1.2516,43.3493],[1.25,43.3466],[1.2482,43.3475]]]},"properties":{"id_ffco":"2020-D31-148","nom":"Collège Noé","_dept":"31","numero":"2020-D31-148","commune":"NOE","echelle":"1/2000","surface":"0.05 km²","format":"A4","annee":"2020","cartographes":"THOMAS Olivier","proprietaire":"31 - Haute-Garonne","niveau":"Initiation, Scolaire","specialite":"CO à pied","contacts":"Collège N.Mandela, 2, RD10, 31410, Noé, 0312868z@ac-toulouse.fr","latitude":"43.3481027425","longitude":"1.24977243598","date_saisie":"08/12/2020","date_depot":"11/02/2021","valide":"Oui","ppo":"Non","type_carte":"Nouvelle carte","fond":"Ortho","obsolete":false}},{"type":"Feature","geometry":{"type":"Polygon","coordinates":[[[1.5816,43.7623],[1.5743,43.7708],[1.5678,43.7778],[1.5646,43.7797],[1.5662,43.7814],[1.5691,43.7839],[1.5739,43.7878],[1.5774,43.7865],[1.5804,43.7842],[1.5815,43.7826],[1.5822,43.7801],[1.5841,43.7785],[1.5856,43.7767],[1.5867,43.7747],[1.5885,43.7725],[1.5903,43.7707],[1.5918,43.7682],[1.5816,43.7623]]]},"properties":{"id_ffco":"2020-D31-147","nom":"BUZET/TARN","_dept":"31","numero":"2020-D31-147","commune":"Buzet sur Tarn","echelle":"1/10000","surface":"2.87 km²","format":"A4","annee":"2020","cartographes":"Olivier THOMAS","proprietaire":"31 - Haute-Garonne","niveau":"Régional","specialite":"CO à pied","contacts":"DADRE, 1, boulevard de la Marquette , 31090, Toulouse cedex9, 05 34 33 48 21, ens@cd31.fr","latitude":"43.7753488024","longitude":"1.57846265158","date_saisie":"19/09/2020","date_depot":"12/02/2021","valide":"Oui","ppo":"Non","type_carte":"Reprise","base":"1995-D31-008 FORET DE BUZET","fond":"Ortho","obsolete":false}},{"type":"Feature","geometry":{"type":"Polygon","coordinates":[[[1.5954,43.7774],[1.5957,43.775],[1.5935,43.7714],[1.5901,43.7704],[1.5856,43.7756],[1.5857,43.7764],[1.5893,43.7785],[1.5912,43.7774],[1.5923,43.7787],[1.5954,43.7774]]]},"properties":{"id_ffco":"2020-D31-146","nom":"Les Bructs 3","_dept":"31","numero":"2020-D31-146","commune":"Bessières","echelle":"1/5000","surface":"0.49 km²","format":"A4","annee":"2020","cartographes":"C.Escudié","proprietaire":"31 - Haute-Garonne","niveau":"Initiation, Scolaire","specialite":"CO à pied","contacts":"Collège de Bessières, 31660, Bessières","latitude":"43.7748651882","longitude":"1.59096845651","date_saisie":"15/11/2020","date_depot":"12/02/2021","valide":"Oui","ppo":"Oui (68 postes)","type_carte":"Reprise","base":"2017-D31-109 LES BRUCS \"2\"","fond":"Ortho","obsolete":false}},{"type":"Feature","geometry":{"type":"Polygon","coordinates":[[[0.7922,43.0253],[0.792,43.027],[0.7923,43.0284],[0.7935,43.0297],[0.7975,43.0308],[0.8021,43.031],[0.8027,43.0315],[0.8122,43.0327],[0.8162,43.0322],[0.8172,43.0327],[0.8184,43.0323],[0.8184,43.0297],[0.8148,43.0273],[0.8107,43.0255],[0.8067,43.0228],[0.8048,43.0223],[0.8009,43.0208],[0.7964,43.0227],[0.794,43.0234],[0.794,43.0239],[0.7922,43.0253]]]},"properties":{"id_ffco":"2020-D31-145","nom":"Bois-Perché 2","_dept":"31","numero":"2020-D31-145","commune":"Aspet","echelle":"1/7500","surface":"1.76 km²","format":"A4","annee":"2020","cartographes":"Olivier THOMAS","proprietaire":"3107 - LES DES'ORIENTES 31","niveau":"Régional","specialite":"CO à pied","contacts":"Dés'orientés 31","latitude":"43.0274686581","longitude":"0.804350206793","date_saisie":"16/04/2020","date_depot":"12/02/2021","valide":"Oui","ppo":"Oui (79 postes)","type_carte":"Reprise","base":"2008-D31-037 Bois Perché","fond":"Ortho","obsolete":false}},{"type":"Feature","geometry":{"type":"Polygon","coordinates":[[[1.3398,43.551],[1.3403,43.5519],[1.3406,43.5522],[1.342,43.5517],[1.3424,43.552],[1.3444,43.552],[1.3465,43.5517],[1.3466,43.5503],[1.3451,43.5511],[1.3429,43.55],[1.3403,43.551],[1.3398,43.551]]]},"properties":{"id_ffco":"2020-D31-144","nom":"Bois de Bazardens","_dept":"31","numero":"2020-D31-144","commune":"Cugnaux","echelle":"1/2000","surface":"0.08 km²","format":"A4","annee":"2020","cartographes":"C.Escudié","proprietaire":"31 - Haute-Garonne","niveau":"Initiation, Scolaire","specialite":"CO à pied","contacts":"CDCO31, https://www.cdco31.fr/ // Collège Montesquieu, CUGNAUX","latitude":"43.5512063492","longitude":"1.34322632883","date_saisie":"19/04/2020","date_depot":"12/02/2021","valide":"Oui","ppo":"Non","type_carte":"Nouvelle carte","fond":"Ortho","url":"https://www.cdco31.fr/carto/D31-144/","obsolete":false}},{"type":"Feature","geometry":{"type":"Polygon","coordinates":[[[1.3284,43.5404],[1.3296,43.5419],[1.3323,43.5417],[1.3333,43.5414],[1.3345,43.5408],[1.3331,43.5395],[1.3328,43.5396],[1.3319,43.5387],[1.3284,43.5404]]]},"properties":{"id_ffco":"2020-D31-143","nom":"Bois de Rachéty","_dept":"31","numero":"2020-D31-143","commune":"Cugnaux","echelle":"1/1750","surface":"0.1 km²","format":"A4","annee":"2020","cartographes":"C.Escudié","proprietaire":"31 - Haute-Garonne","niveau":"Initiation, Scolaire","specialite":"CO à pied","contacts":"CDCO31, https://www.cdco31.fr/ // Collège Montesquieu, CUGNAUX // Lycée H.Matisse, CUGNAUX","latitude":"43.5405430558","longitude":"1.33139983287","date_saisie":"19/04/2020","date_depot":"12/02/2021","valide":"Oui","ppo":"Oui (41 postes)","type_carte":"Nouvelle carte","fond":"Ortho","url":"https://www.cdco31.fr/carto/D31-143/","obsolete":false}},{"type":"Feature","geometry":{"type":"Polygon","coordinates":[[[1.3505,43.5381],[1.3523,43.5404],[1.3535,43.5396],[1.354,43.5405],[1.3542,43.5405],[1.3566,43.5394],[1.3567,43.5391],[1.3567,43.539],[1.3555,43.5376],[1.353,43.5369],[1.3505,43.5381]]]},"properties":{"id_ffco":"2020-D31-142","nom":"Plaine des Sports Cugnaux","_dept":"31","numero":"2020-D31-142","commune":"Cugnaux","echelle":"1/2000","surface":"0.12 km²","format":"A4","annee":"2020","cartographes":"C.Escudié","proprietaire":"31 - Haute-Garonne","niveau":"Initiation, Scolaire","specialite":"CO à pied","contacts":"CDCO31, https://www.cdco31.fr/ // Collège Montesquieu, CUGNAUX","latitude":"43.5386663998","longitude":"1.35368374429","date_saisie":"17/04/2020","date_depot":"11/02/2021","valide":"Oui","ppo":"Non","type_carte":"Nouvelle carte","fond":"Cadastre","url":"https://www.cdco31.fr/carto/D31-142/","obsolete":false}},{"type":"Feature","geometry":{"type":"Polygon","coordinates":[[[1.397,43.5879],[1.3977,43.5873],[1.3992,43.5873],[1.3995,43.5872],[1.3992,43.5844],[1.3962,43.5846],[1.3963,43.5862],[1.3954,43.587],[1.397,43.5879]]]},"properties":{"id_ffco":"2020-D31-141","nom":"Lycée Rive Gauche","_dept":"31","numero":"2020-D31-141","commune":"Toulouse","echelle":"1/2000","surface":"0.09 km²","format":"A4","annee":"2020","cartographes":"Sébastien MENA","proprietaire":"31 - Haute-Garonne","niveau":"Initiation, Scolaire","specialite":"CO à pied","contacts":"Lycée Rive Gauche, TOULOUSE","latitude":"43.5860365044","longitude":"1.39766457867","date_saisie":"16/04/2020","date_depot":"11/02/2021","valide":"Oui","ppo":"Non","type_carte":"Nouvelle carte","fond":"Cadastre","obsolete":false}},{"type":"Feature","geometry":{"type":"Polygon","coordinates":[[[0.6974,43.1044],[0.6982,43.1039],[0.6991,43.1034],[0.7001,43.1031],[0.701,43.1025],[0.7019,43.1019],[0.7031,43.1013],[0.7042,43.1006],[0.7048,43.1001],[0.7043,43.0996],[0.7035,43.0985],[0.7013,43.0987],[0.6997,43.099],[0.6985,43.0998],[0.6961,43.1007],[0.6936,43.1013],[0.6916,43.1019],[0.6915,43.1023],[0.6916,43.103],[0.6923,43.104],[0.6928,43.1048],[0.6944,43.1045],[0.6961,43.1048],[0.6974,43.1044]]]},"properties":{"id_ffco":"2020-D31-140","nom":"Lac de Sède","_dept":"31","numero":"2020-D31-140","commune":"Saint-Gaudens","echelle":"1/4000","surface":"0.4 km²","format":"A4","annee":"2020","cartographes":"Olivier THOMAS","proprietaire":"31 - Haute-Garonne","niveau":"Initiation, Scolaire","specialite":"CO à pied","contacts":"CDCO31, https://www.cdco31.fr/carto/D31-140/","latitude":"43.1017537412","longitude":"0.697893218636","date_saisie":"08/12/2020","date_depot":"11/02/2021","valide":"Oui","ppo":"Oui (40 postes)","type_carte":"Nouvelle carte","fond":"Ortho","url":"https://www.cdco31.fr/carto/D31-140/","obsolete":false}},{"type":"Feature","geometry":{"type":"Polygon","coordinates":[[[0.5643,43.0837],[0.5657,43.0837],[0.567,43.0837],[0.568,43.0835],[0.5682,43.0828],[0.5688,43.0823],[0.5694,43.0819],[0.5691,43.0811],[0.5689,43.0805],[0.5689,43.0795],[0.5689,43.0789],[0.5689,43.0784],[0.5683,43.0773],[0.5674,43.0761],[0.5665,43.0754],[0.5655,43.0753],[0.5639,43.0756],[0.5625,43.0755],[0.5611,43.075],[0.5591,43.0742],[0.5576,43.074],[0.5561,43.0737],[0.5547,43.0737],[0.553,43.0737],[0.5534,43.0745],[0.5539,43.0755],[0.5548,43.0764],[0.5558,43.0773],[0.5565,43.0781],[0.557,43.0784],[0.559,43.079],[0.5598,43.0785],[0.5607,43.0786],[0.5618,43.0789],[0.5626,43.079],[0.5631,43.0793],[0.5638,43.0794],[0.5651,43.0793],[0.5656,43.0793],[0.5657,43.0796],[0.5651,43.0802],[0.5648,43.0812],[0.5642,43.0832],[0.5643,43.0837]]]},"properties":{"id_ffco":"2020-D31-139","nom":"Lac de Montréjeau","_dept":"31","numero":"2020-D31-139","commune":"Montréjeau","echelle":"1/5000","surface":"0.66 km²","format":"A4","annee":"2020","cartographes":"Olivier THOMAS","proprietaire":"31 - Haute-Garonne","niveau":"Initiation, Scolaire","specialite":"CO à pied","contacts":"CDCO31, https://www.cdco31.fr/carto/D31-139/","latitude":"43.0778692552","longitude":"0.562430246731","date_saisie":"08/12/2020","date_depot":"11/02/2021","valide":"Oui","ppo":"Oui (50 postes)","type_carte":"Nouvelle carte","fond":"Ortho","url":"https://www.cdco31.fr/carto/D31-139/","obsolete":false}},{"type":"Feature","geometry":{"type":"Polygon","coordinates":[[[0.8318,43.3733],[0.8305,43.3747],[0.8304,43.375],[0.8305,43.3755],[0.8287,43.3762],[0.8319,43.3792],[0.8332,43.3786],[0.8341,43.3785],[0.8352,43.3782],[0.8375,43.3779],[0.8372,43.3767],[0.8367,43.3755],[0.8357,43.3744],[0.8353,43.3738],[0.8345,43.373],[0.8337,43.3729],[0.8318,43.3733]]]},"properties":{"id_ffco":"2020-D31-138","nom":"Complexe sportif de L'Isle en Dodon","_dept":"31","numero":"2020-D31-138","commune":"L'Isle en Dodon","echelle":"1/4000","surface":"0.3 km²","format":"A4","annee":"2020","cartographes":"Olivier THOMAS","proprietaire":"31 - Haute-Garonne","niveau":"Initiation, Scolaire","specialite":"CO à pied","contacts":"CDCO31, https://www.cdco31.fr/carto/D31-138/","latitude":"43.3761134916","longitude":"0.833337367822","date_saisie":"08/12/2020","date_depot":"11/02/2021","valide":"Oui","ppo":"Oui (40 postes)","type_carte":"Reprise","base":"2018-D31-127 Complexe sportif de l'Isle en Dodon","fond":"Ortho","url":"https://www.cdco31.fr/carto/D31-138/","obsolete":false}},{"type":"Feature","geometry":{"type":"Polygon","coordinates":[[[0.6259,43.1836],[0.6271,43.1847],[0.6329,43.1867],[0.6342,43.1857],[0.6429,43.1914],[0.6427,43.1935],[0.6463,43.1935],[0.6481,43.1948],[0.6511,43.1949],[0.6554,43.1913],[0.6575,43.1923],[0.6643,43.1887],[0.6646,43.1865],[0.6691,43.1867],[0.67,43.1852],[0.6624,43.1823],[0.6607,43.1825],[0.6486,43.1797],[0.6522,43.1738],[0.6427,43.1738],[0.6375,43.1745],[0.6345,43.1742],[0.6297,43.1781],[0.6259,43.1836]]]},"properties":{"id_ffco":"2020-D31-137","nom":"Forêt de Cardeilhac","_dept":"31","numero":"2020-D31-137","commune":"Cardeilhac","echelle":"1/10000","surface":"4.42 km²","format":"A3","annee":"2020","cartographes":"Olivier THOMAS","proprietaire":"3107 - LES DES'ORIENTES 31","niveau":"Régional","specialite":"CO à pied","contacts":"Communauté de Communes Coeur et Coteaux de Comminges // Dés'orientés 31","latitude":"43.1838454075","longitude":"0.646150639805","date_saisie":"17/04/2020","date_depot":"12/02/2021","valide":"Oui","ppo":"Non","type_carte":"Nouvelle carte","fond":"Ortho","obsolete":false}},{"type":"Feature","geometry":{"type":"Polygon","coordinates":[[[1.3505,43.5381],[1.351,43.5387],[1.351,43.5387],[1.3523,43.5403],[1.3525,43.5402],[1.3522,43.5399],[1.3528,43.5397],[1.3526,43.5394],[1.3532,43.539],[1.3518,43.5375],[1.3505,43.5381]]]},"properties":{"id_ffco":"2020-D31-136","nom":"Collège Montesquieu de Cugnaux","_dept":"31","numero":"2020-D31-136","commune":"Cugnaux","echelle":"1/1250","surface":"0.03 km²","format":"A4","annee":"2020","cartographes":"C.Escudié","proprietaire":"31 - Haute-Garonne","niveau":"Initiation, Scolaire","specialite":"CO à pied","contacts":"Collège Montesquieu, CUGNAUX","latitude":"43.5387421635","longitude":"1.35189776894","date_saisie":"17/04/2020","date_depot":"11/02/2021","valide":"Oui","ppo":"Non","type_carte":"Extrait","base":"2020-D31-142 Plaine des Sports Cugnaux","fond":"Cadastre","obsolete":false}},{"type":"Feature","geometry":{"type":"Polygon","coordinates":[[[1.5062,43.5221],[1.5063,43.5224],[1.5072,43.5227],[1.507,43.5231],[1.5075,43.5233],[1.5077,43.5237],[1.508,43.5245],[1.5103,43.524],[1.5113,43.5228],[1.5112,43.5212],[1.5083,43.5199],[1.5068,43.5217],[1.5062,43.5221]]]},"properties":{"id_ffco":"2020-D31-135","nom":"Parc des Fontanelles 2020","_dept":"31","numero":"2020-D31-135","commune":"Castanet-Tolosan","echelle":"1/2500","surface":"0.13 km²","format":"A4","annee":"2020","cartographes":"Sébastien Weber","proprietaire":"3108 - ABSOLU RAID","niveau":"Initiation, Scolaire","specialite":"CO à pied","contacts":"Absolu Raid // Mairie Castanet, CASTANET","latitude":"43.5222432719","longitude":"1.50898481249","date_saisie":"06/01/2020","date_depot":"14/02/2020","valide":"Oui","ppo":"Oui (20 postes)","type_carte":"Reprise","base":"1999-D31-020 Parc des FONTANELLES","fond":"Ortho","url":"https://www.castanet-tolosan.fr/creatrice/sports-et-loisirs/courses-d-orientation-961.html","obsolete":false}},{"type":"Feature","geometry":{"type":"Polygon","coordinates":[[[1.4555,43.7175],[1.454,43.718],[1.4522,43.7183],[1.4502,43.7192],[1.4504,43.7204],[1.453,43.7221],[1.4556,43.7226],[1.4578,43.7226],[1.4579,43.7231],[1.4562,43.7241],[1.4572,43.7254],[1.4589,43.7248],[1.4648,43.7256],[1.4648,43.7261],[1.4627,43.7274],[1.4618,43.7271],[1.4597,43.7288],[1.4647,43.7332],[1.4689,43.7314],[1.4709,43.7327],[1.473,43.7323],[1.4755,43.7308],[1.4749,43.7269],[1.4747,43.7257],[1.4733,43.726],[1.473,43.7251],[1.4721,43.7245],[1.4725,43.7238],[1.4713,43.7211],[1.4724,43.7202],[1.4713,43.719],[1.47,43.7192],[1.4685,43.7193],[1.4667,43.7214],[1.4597,43.7217],[1.4579,43.7187],[1.4555,43.7175]]]},"properties":{"id_ffco":"2019-D31-134","nom":"Bois de Pechbonnieu","_dept":"31","numero":"2019-D31-134","commune":"Pechbonnieu","echelle":"1/10000","surface":"1.66 km²","format":"A4","annee":"2019","cartographes":"S.Cazelle","proprietaire":"31 - Haute-Garonne","niveau":"Départemental","specialite":"CO à pied","contacts":"CDCO31, https://www.cdco31.fr/","latitude":"43.7253369289","longitude":"1.46506035471","date_saisie":"23/12/2019","date_depot":"14/02/2020","valide":"Oui","ppo":"Oui (90 postes)","type_carte":"Nouvelle carte","fond":"IGN","url":"https://www.cdco31.fr/carto/D31-134/","obsolete":false}},{"type":"Feature","geometry":{"type":"Polygon","coordinates":[[[1.2907,43.5617],[1.2922,43.5623],[1.2929,43.5613],[1.292,43.5611],[1.2916,43.5611],[1.2912,43.561],[1.2907,43.5617]]]},"properties":{"id_ffco":"2019-D31-133","nom":"Ecole Jacques Prévert","_dept":"31","numero":"2019-D31-133","commune":"Plaisance-du-Touch","echelle":"1/1000","surface":"0.02 km²","format":"A4","annee":"2019","cartographes":"C.Escudié","proprietaire":"31 - Haute-Garonne","niveau":"Initiation, Scolaire","specialite":"CO à pied","contacts":"Mairie de Plaisance-du-Touch, Plaisance-du-Touch","latitude":"43.5615697302","longitude":"1.29177679213","date_saisie":"23/12/2019","date_depot":"14/02/2020","valide":"Oui","ppo":"Non","type_carte":"Nouvelle carte","fond":"Cadastre","obsolete":false}},{"type":"Feature","geometry":{"type":"Polygon","coordinates":[[[1.289,43.5193],[1.2962,43.5192],[1.2964,43.52],[1.2973,43.5198],[1.2976,43.5201],[1.2996,43.5196],[1.3024,43.5252],[1.2979,43.5271],[1.2952,43.5279],[1.2946,43.5265],[1.2936,43.5268],[1.2929,43.5256],[1.2903,43.5271],[1.2893,43.5259],[1.2891,43.5245],[1.2875,43.5222],[1.2876,43.5216],[1.2863,43.5207],[1.2866,43.5201],[1.289,43.5193]]]},"properties":{"id_ffco":"2020-D31-130","nom":"Frouzins Bordeneuve","_dept":"31","numero":"2020-D31-130","commune":"Frouzins","echelle":"1/5000","surface":"0.85 km²","format":"A4","annee":"2020","cartographes":"S.Mena","proprietaire":"3105 - TOAC ORIENTATION","niveau":"Initiation, Scolaire","specialite":"CO à pied","contacts":"TOAC, contact@toac-orientation.fr, https://toac-orientation.fr/club48tx5e9/","latitude":"43.523050564","longitude":"1.29453097757","date_saisie":"22/04/2020","date_depot":"12/02/2021","valide":"Oui","ppo":"Non","type_carte":"Nouvelle carte","fond":"Ortho","obsolete":false}},{"type":"Feature","geometry":{"type":"Polygon","coordinates":[[[0.6742,42.926],[0.6761,42.9259],[0.677,42.9253],[0.6783,42.9232],[0.6788,42.9214],[0.6789,42.919],[0.6702,42.9187],[0.6702,42.9203],[0.671,42.9205],[0.6714,42.9221],[0.6723,42.9221],[0.6742,42.926]]]},"properties":{"id_ffco":"2018-D31-129","nom":"Lac et Pouy de Géry","_dept":"31","numero":"2018-D31-129","commune":"Saint-Béat","echelle":"1/4000","surface":"0.39 km²","format":"A4","annee":"2018","cartographes":"Olivier THOMAS","proprietaire":"31 - Haute-Garonne","niveau":"Initiation, Scolaire","specialite":"CO à pied","contacts":"CDCO31, https://www.cdco31.fr/ // Dés'orientés 31","latitude":"42.9217061138","longitude":"0.675018977924","date_saisie":"30/12/2018","date_depot":"28/01/2019","valide":"Oui","ppo":"Non","type_carte":"Nouvelle carte","fond":"IGN","url":"https://www.cdco31.fr/carto/D31-129/","obsolete":false}},{"type":"Feature","geometry":{"type":"Polygon","coordinates":[[[1.3514,43.5229],[1.3542,43.5236],[1.3594,43.5228],[1.3586,43.5221],[1.3617,43.5212],[1.3631,43.5204],[1.3626,43.5196],[1.3613,43.5195],[1.3586,43.5205],[1.3533,43.5178],[1.3521,43.5189],[1.3537,43.5198],[1.3514,43.5229]]]},"properties":{"id_ffco":"2018-D31-128","nom":"Villeneuve-Tolosane","_dept":"31","numero":"2018-D31-128","commune":"Villeneuve-Tolosane","echelle":"1/5000","surface":"0.3 km²","format":"A4","annee":"2018","cartographes":"O.Thomas","proprietaire":"31 - Haute-Garonne","niveau":"Initiation, Scolaire","specialite":"CO à pied","contacts":"CDCO31, https://www.cdco31.fr/","latitude":"43.5210631627","longitude":"1.35636926125","date_saisie":"29/12/2018","date_depot":"28/01/2018","valide":"Oui","ppo":"Non","type_carte":"Nouvelle carte","fond":"IGN","url":"https://www.cdco31.fr/carto/D31-128/","obsolete":false}},{"type":"Feature","geometry":{"type":"Polygon","coordinates":[[[1.4824,43.3397],[1.4846,43.3414],[1.4895,43.3396],[1.4894,43.3378],[1.492,43.3379],[1.4921,43.3372],[1.4891,43.3362],[1.4873,43.3362],[1.4854,43.3366],[1.4827,43.3389],[1.4824,43.3397]]]},"properties":{"id_ffco":"2018-D31-124","nom":"Bois de Notre-Dame 2","_dept":"31","numero":"2018-D31-124","commune":"Auterive","echelle":"1/3000","surface":"0.25 km²","format":"A4","annee":"2018","cartographes":"Olivier THOMAS","proprietaire":"31 - Haute-Garonne","niveau":"Initiation, Scolaire","specialite":"CO à pied","contacts":"CDCO31, https://www.cdco31.fr/","latitude":"43.3385413227","longitude":"1.48673252568","date_saisie":"29/12/2018","date_depot":"28/01/2019","valide":"Oui","ppo":"Oui (40 postes)","type_carte":"Nouvelle carte","base":"2008-D31-042 Bois de Notre-Dame","fond":"IGN","url":"https://www.cdco31.fr/carto/D31-124/","obsolete":false}},{"type":"Feature","geometry":{"type":"Polygon","coordinates":[[[0.5932,42.7854],[0.5951,42.7859],[0.5957,42.7847],[0.5971,42.7827],[0.5963,42.7825],[0.5954,42.783],[0.5936,42.7846],[0.5932,42.7854]]]},"properties":{"id_ffco":"2018-D31-123","nom":"Parc des Quinconces","_dept":"31","numero":"2018-D31-123","commune":"Bagnères-de-Luchon","echelle":"1/2000","surface":"0.05 km²","format":"A4","annee":"2018","cartographes":"Olivier THOMAS","proprietaire":"31 - Haute-Garonne","niveau":"Initiation, Scolaire","specialite":"CO à pied","contacts":"CDCO31, https://www.cdco31.fr/carto/D31-123/","latitude":"42.7842535209","longitude":"0.595128098548","date_saisie":"29/12/2018","date_depot":"28/01/2019","valide":"Oui","ppo":"Non","type_carte":"Nouvelle carte","fond":"IGN","url":"https://www.cdco31.fr/carto/D31-123/","obsolete":false}},{"type":"Feature","geometry":{"type":"Polygon","coordinates":[[[1.4015,43.5797],[1.4014,43.5812],[1.4011,43.5815],[1.4012,43.5819],[1.4026,43.5819],[1.4026,43.5811],[1.4032,43.5811],[1.4032,43.5796],[1.4015,43.5797]]]},"properties":{"id_ffco":"2017-D31-121","nom":"Stade universitaire du Mirail","_dept":"31","numero":"2017-D31-121","commune":"Toulouse","echelle":"1/1000","surface":"0.03 km²","format":"A4","annee":"2017","cartographes":"C.ESCUDIE","proprietaire":"31 - Haute-Garonne","niveau":"Initiation, Scolaire","specialite":"CO à pied","contacts":"CDCO31, https://www.cdco31.fr/","latitude":"43.5807176187","longitude":"1.40217455499","date_saisie":"27/12/2017","date_depot":"01/03/2018","valide":"Oui","ppo":"Non","type_carte":"Nouvelle carte","fond":"Ortho","url":"https://www.cdco31.fr/carto/D31-121/","obsolete":false}},{"type":"Feature","geometry":{"type":"Polygon","coordinates":[[[1.4005,43.5837],[1.402,43.5835],[1.402,43.5826],[1.4021,43.5826],[1.4022,43.5819],[1.4022,43.5818],[1.4012,43.5818],[1.4008,43.5822],[1.4003,43.5822],[1.4005,43.5837]]]},"properties":{"id_ffco":"2017-D31-120","nom":"Collège L.N.Vauquelin","_dept":"31","numero":"2017-D31-120","commune":"Toulouse","echelle":"1/1000","surface":"0.03 km²","format":"A4","annee":"2017","cartographes":"C.ESCUDIE","proprietaire":"31 - Haute-Garonne","niveau":"Initiation, Scolaire","specialite":"CO à pied","contacts":"Collège L.N.Vauquelin, Toulouse","latitude":"43.582721685","longitude":"1.40124277984","date_saisie":"27/12/2017","date_depot":"01/03/2018","valide":"Oui","ppo":"Non","type_carte":"Nouvelle carte","fond":"Ortho","obsolete":false}},{"type":"Feature","geometry":{"type":"Polygon","coordinates":[[[1.1619,43.5948],[1.1615,43.6041],[1.1728,43.6057],[1.2007,43.6047],[1.1936,43.6019],[1.1885,43.5968],[1.1619,43.5948]]]},"properties":{"id_ffco":"2015-D31-119","nom":"Bois de l'Isle Sud 2015","_dept":"31","numero":"2015-D31-119","commune":"Léguevin","echelle":"1/10000","surface":"2.62 km²","format":"A4","annee":"2015","cartographes":"P.Capbern","proprietaire":"3105 - TOAC ORIENTATION","niveau":"Régional","specialite":"CO à pied","contacts":"TOAC, contact@toac-orientation.fr, https://toac-orientation.fr/club48tx5e9/","latitude":"43.6007609401","longitude":"1.17718046799","date_saisie":"08/05/2017","date_depot":"24/05/2017","valide":"Oui","ppo":"Non","type_carte":"Reprise","base":"2005-D31-027 Bouconne Bois de l'Isle 3","fond":"Ortho","obsolete":false}},{"type":"Feature","geometry":{"type":"Polygon","coordinates":[[[1.1941,43.6394],[1.2188,43.6323],[1.2201,43.6289],[1.2177,43.6239],[1.2193,43.6217],[1.2141,43.6164],[1.2073,43.6126],[1.1899,43.6197],[1.1879,43.6233],[1.1917,43.627],[1.1941,43.6394]]]},"properties":{"id_ffco":"2015-D31-117","nom":"Bouconne-Lasserre Sud 2015","_dept":"31","numero":"2015-D31-117","commune":"Lasserre, Brax, Pibrac","echelle":"1/10000","surface":"4.95 km²","format":"A4","annee":"2015","cartographes":"P.Capbern","proprietaire":"3105 - TOAC ORIENTATION","niveau":"Régional","specialite":"CO à pied","contacts":"TOAC, contact@toac-orientation.fr, https://toac-orientation.fr/club48tx5e9/","latitude":"43.6257520318","longitude":"1.20433738759","date_saisie":"08/05/2017","date_depot":"24/05/2017","valide":"Oui","ppo":"Non","type_carte":"Reprise","base":"2004-D31-026 Bouconne-Lasserre 2","fond":"Ortho","obsolete":false}},{"type":"Feature","geometry":{"type":"Polygon","coordinates":[[[1.23,43.5514],[1.2319,43.552],[1.2318,43.5523],[1.2335,43.5528],[1.2337,43.5526],[1.2335,43.5524],[1.2339,43.5514],[1.2342,43.5511],[1.2342,43.5502],[1.2327,43.5499],[1.2313,43.549],[1.2304,43.5499],[1.2296,43.5496],[1.2295,43.5502],[1.23,43.5514]]]},"properties":{"id_ffco":"2017-D31-114","nom":"Collège de Cantelauze","_dept":"31","numero":"2017-D31-114","commune":"Fonsorbes","echelle":"1/2500","surface":"0.09 km²","format":"A4","annee":"2017","cartographes":"A.LORTOLARY","proprietaire":"31 - Haute-Garonne","niveau":"Initiation, Scolaire","specialite":"CO à pied","contacts":"Collège Cantelauze, Fonsorbes","latitude":"43.5508604789","longitude":"1.23195604067","date_saisie":"27/12/2017","date_depot":"01/03/2018","valide":"Oui","ppo":"Non","type_carte":"Nouvelle carte","fond":"Cadastre","obsolete":false}},{"type":"Feature","geometry":{"type":"Polygon","coordinates":[[[1.3017,43.6278],[1.3025,43.6296],[1.3044,43.6308],[1.3031,43.6319],[1.3035,43.6328],[1.3049,43.6328],[1.3061,43.6324],[1.3083,43.633],[1.3112,43.6322],[1.312,43.6328],[1.3138,43.6333],[1.3151,43.6319],[1.3132,43.6308],[1.3141,43.6302],[1.3115,43.6296],[1.3117,43.629],[1.3128,43.6278],[1.3128,43.627],[1.3113,43.6267],[1.3107,43.6273],[1.3103,43.6272],[1.308,43.6282],[1.3064,43.6284],[1.3035,43.6277],[1.3024,43.6269],[1.3017,43.6278]]]},"properties":{"id_ffco":"2017-D31-113","nom":"Ruisseau de Bassac","_dept":"31","numero":"2017-D31-113","commune":"Colomiers","echelle":"1/5000","surface":"0.46 km²","format":"A4","annee":"2017","cartographes":"A. LORTOLARY","proprietaire":"31 - Haute-Garonne","niveau":"Initiation, Scolaire","specialite":"CO à pied","contacts":"CDCO31, https://www.cdco31.fr/","latitude":"43.6302126723","longitude":"1.30830791274","date_saisie":"27/12/2017","date_depot":"01/03/2018","valide":"Oui","ppo":"Non","type_carte":"Nouvelle carte","fond":"Ortho","url":"https://www.cdco31.fr/carto/D31-113/","obsolete":false}},{"type":"Feature","geometry":{"type":"Polygon","coordinates":[[[1.3015,43.564],[1.3018,43.5638],[1.3017,43.5635],[1.3021,43.5632],[1.3026,43.5631],[1.3035,43.5636],[1.3029,43.5643],[1.3016,43.5645],[1.3015,43.564]]]},"properties":{"id_ffco":"2017-D31-112","nom":"Ecole Alphonse Daudet","_dept":"31","numero":"2017-D31-112","commune":"Plaisance-du-Touch","echelle":"1/750","surface":"0.02 km²","format":"A4","annee":"2017","cartographes":"C.Escudié","proprietaire":"31 - Haute-Garonne","niveau":"Initiation, Scolaire","specialite":"CO à pied","contacts":"Mairie de Plaisance-du-Touch, Plaisance-du-Touch","latitude":"43.563804924","longitude":"1.30240252023","date_saisie":"08/05/2017","date_depot":"24/05/2017","valide":"Oui","ppo":"Non","type_carte":"Nouvelle carte","fond":"Cadastre","obsolete":false}},{"type":"Feature","geometry":{"type":"Polygon","coordinates":[[[1.3034,43.5638],[1.3037,43.5646],[1.3056,43.5641],[1.3054,43.5636],[1.3038,43.5631],[1.3034,43.5638]]]},"properties":{"id_ffco":"2017-D31-111","nom":"Collège Jules Verne","_dept":"31","numero":"2017-D31-111","commune":"Plaisance-du-Touch","echelle":"1/750","surface":"0.02 km²","format":"A4","annee":"2017","cartographes":"C.Escudié","proprietaire":"31 - Haute-Garonne","niveau":"Initiation, Scolaire","specialite":"CO à pied","contacts":"Mairie de Plaisance-du-Touch, Plaisance-du-Touch","latitude":"43.5638880588","longitude":"1.30438047784","date_saisie":"11/05/2017","date_depot":"24/05/2017","valide":"Oui","ppo":"Non","type_carte":"Nouvelle carte","fond":"Cadastre","obsolete":false}},{"type":"Feature","geometry":{"type":"Polygon","coordinates":[[[1.279,43.6229],[1.2804,43.623],[1.2813,43.623],[1.2837,43.6227],[1.2865,43.6228],[1.2862,43.6224],[1.2859,43.6216],[1.2848,43.6211],[1.2837,43.6209],[1.281,43.6212],[1.2809,43.622],[1.2792,43.6223],[1.279,43.6229]]]},"properties":{"id_ffco":"2017-D31-110","nom":"Les Tambourette","_dept":"31","numero":"2017-D31-110","commune":"Pibrac","echelle":"1/2500","surface":"0.09 km²","format":"A4","annee":"2017","cartographes":"A.Lortolary","proprietaire":"31 - Haute-Garonne","niveau":"Initiation, Scolaire","specialite":"CO à pied","contacts":"CDCO31, https://www.cdco31.fr/","latitude":"43.6220505483","longitude":"1.28290960668","date_saisie":"04/05/2017","date_depot":"24/05/2017","valide":"Oui","ppo":"Non","type_carte":"Nouvelle carte","fond":"Cadastre","url":"https://www.cdco31.fr/carto/D31-110/","obsolete":false}},{"type":"Feature","geometry":{"type":"Polygon","coordinates":[[[1.2971,43.5621],[1.2996,43.5636],[1.3006,43.5658],[1.3051,43.5665],[1.3075,43.5659],[1.3142,43.5688],[1.3158,43.5695],[1.3167,43.5673],[1.3166,43.5656],[1.3127,43.5638],[1.3127,43.5629],[1.3096,43.562],[1.3061,43.5627],[1.3042,43.5621],[1.3003,43.5625],[1.2985,43.5615],[1.2971,43.5621]]]},"properties":{"id_ffco":"2017-D31-108","nom":"Lac François Soula","_dept":"31","numero":"2017-D31-108","commune":"Plaisance-du-Touch","echelle":"1/5000","surface":"0.65 km²","format":"A4","annee":"2017","cartographes":"C. Escudié","proprietaire":"31 - Haute-Garonne","niveau":"Initiation, Scolaire","specialite":"CO à pied","contacts":"CDCO31, https://www.cdco31.fr/ // Mairie de Plaisance-du-Touch, Plaisance-du-Touch","latitude":"43.5648704143","longitude":"1.30817929091","date_saisie":"04/05/2017","date_depot":"24/05/2017","valide":"Oui","ppo":"Oui (50 postes)","type_carte":"Nouvelle carte","fond":"Cadastre","obsolete":false}},{"type":"Feature","geometry":{"type":"Polygon","coordinates":[[[1.349,43.4456],[1.3496,43.4463],[1.3495,43.4469],[1.35,43.4482],[1.3496,43.4487],[1.3492,43.4491],[1.3498,43.4503],[1.3506,43.4503],[1.3514,43.4523],[1.3523,43.4527],[1.3541,43.452],[1.3547,43.4503],[1.3559,43.4499],[1.3565,43.4488],[1.3557,43.4479],[1.3543,43.447],[1.352,43.4448],[1.349,43.4456]]]},"properties":{"id_ffco":"2016-D31-107","nom":"Domaine de Brioudes 3","_dept":"31","numero":"2016-D31-107","commune":"Muret","echelle":"1/4000","surface":"0.31 km²","format":"A4","annee":"2016","cartographes":"O.Thomas","proprietaire":"31 - Haute-Garonne","niveau":"Initiation, Scolaire","specialite":"CO à pied","contacts":"CDCO31, https://www.cdco31.fr/carto/D31-107/ // Mairie de Muret, Mairie, 31600, MURET","latitude":"43.4486702451","longitude":"1.35241352661","date_saisie":"10/05/2017","date_depot":"24/05/2017","valide":"Oui","ppo":"Oui (40 postes)","type_carte":"Reprise","base":"2008-D31-038 Domaine de Brioudes 2","fond":"Cadastre","url":"https://www.cdco31.fr/carto/D31-107/","obsolete":false}},{"type":"Feature","geometry":{"type":"Polygon","coordinates":[[[0.7615,42.9193],[0.7686,42.9191],[0.7696,42.9182],[0.7721,42.9182],[0.7732,42.919],[0.775,42.9188],[0.7754,42.9167],[0.7777,42.9156],[0.7791,42.9157],[0.7824,42.9153],[0.7832,42.9131],[0.7841,42.9125],[0.7829,42.9111],[0.7827,42.9085],[0.7881,42.9077],[0.7897,42.905],[0.7883,42.9035],[0.7839,42.9025],[0.7725,42.9019],[0.7678,42.9034],[0.7624,42.9045],[0.7563,42.9088],[0.7549,42.9104],[0.757,42.9119],[0.7572,42.9144],[0.7569,42.9167],[0.7581,42.9187],[0.7615,42.9193]]]},"properties":{"id_ffco":"2016-D31-105","nom":"L'Angélique Station du Mourtis","_dept":"31","numero":"2016-D31-105","commune":"Saint-Béat","echelle":"1/10000","surface":"3.7 km²","format":"A4","annee":"2016","cartographes":"O.Thomas, JR.Portes","proprietaire":"3107 - LES DES'ORIENTES 31","niveau":"Interrégional","specialite":"CO à pied","contacts":"Dés'orientés 31","latitude":"42.9103067918","longitude":"0.771196782053","date_saisie":"10/05/2017","date_depot":"24/05/2017","valide":"Oui","ppo":"Oui (60 postes)","type_carte":"Reprise","base":"2010-D31-047 Le Mourtis","fond":"Ortho","obsolete":false}},{"type":"Feature","geometry":{"type":"Polygon","coordinates":[[[1.4881,43.6021],[1.4871,43.6127],[1.4892,43.6127],[1.4889,43.6138],[1.4934,43.6156],[1.4939,43.621],[1.5191,43.6213],[1.522,43.6187],[1.5211,43.6165],[1.5241,43.6156],[1.5165,43.6085],[1.5204,43.6066],[1.5203,43.6046],[1.5139,43.6015],[1.5127,43.599],[1.5079,43.5964],[1.4943,43.5967],[1.4927,43.5999],[1.4881,43.6021]]]},"properties":{"id_ffco":"2016-D31-104","nom":"Balma","_dept":"31","numero":"2016-D31-104","commune":"Balma","echelle":"1/10000","surface":"6.17 km²","format":"A3","annee":"2016","cartographes":"Christian ESCUDIE","proprietaire":"31 - Haute-Garonne","niveau":"Régional","specialite":"Sprint (ISSOM)","contacts":"Absolu Raid","latitude":"43.6095409031","longitude":"1.50447987271","date_saisie":"27/09/2016","date_depot":"24/10/2016","valide":"Oui","ppo":"Non","type_carte":"Nouvelle carte","fond":"Cadastre","obsolete":false}},{"type":"Feature","geometry":{"type":"Polygon","coordinates":[[[1.3093,43.6125],[1.3092,43.6129],[1.3098,43.614],[1.3122,43.6137],[1.3126,43.6144],[1.313,43.6146],[1.3133,43.6158],[1.3139,43.6159],[1.3148,43.6156],[1.3148,43.6153],[1.3141,43.6151],[1.3142,43.6146],[1.3153,43.6147],[1.3157,43.6134],[1.3147,43.6131],[1.3146,43.6122],[1.3093,43.6125]]]},"properties":{"id_ffco":"2016-D31-103","nom":"Parc du Pigeonnier","_dept":"31","numero":"2016-D31-103","commune":"Colomiers","echelle":"1/3000","surface":"0.11 km²","format":"A4","annee":"2016","cartographes":"A.Lortolary","proprietaire":"31 - Haute-Garonne","niveau":"Initiation, Scolaire","specialite":"CO à pied","contacts":"CDCO31, https://www.cdco31.fr/","latitude":"43.6135929463","longitude":"1.31281287747","date_saisie":"14/03/2016","date_depot":"23/03/2016","valide":"Oui","ppo":"Non","type_carte":"Nouvelle carte","fond":"Ortho","url":"https://www.cdco31.fr/carto/D31-103/","obsolete":false}},{"type":"Feature","geometry":{"type":"Polygon","coordinates":[[[1.3336,43.5123],[1.3361,43.5113],[1.3346,43.5089],[1.3338,43.5075],[1.3314,43.5083],[1.3314,43.5087],[1.3315,43.5099],[1.3333,43.5124],[1.3336,43.5123]]]},"properties":{"id_ffco":"2016-D31-100","nom":"Lac de Paucheville","_dept":"31","numero":"2016-D31-100","commune":"Frouzins","echelle":"1/2000","surface":"0.12 km²","format":"A4","annee":"2016","cartographes":"P.Masse","proprietaire":"31 - Haute-Garonne","niveau":"Initiation, Scolaire","specialite":"CO à pied","contacts":"CDCO31, https://www.cdco31.fr/","latitude":"43.5099827412","longitude":"1.33350767957","date_saisie":"02/03/2016","date_depot":"23/03/2016","valide":"Oui","ppo":"Non","type_carte":"Nouvelle carte","fond":"Ortho","obsolete":false}},{"type":"Feature","geometry":{"type":"Polygon","coordinates":[[[1.4779,43.6894],[1.4791,43.6888],[1.4795,43.6883],[1.4809,43.6875],[1.48,43.6867],[1.4789,43.6874],[1.4787,43.6873],[1.4785,43.6874],[1.4787,43.6876],[1.477,43.6887],[1.4779,43.6894]]]},"properties":{"id_ffco":"2015-D31-098","nom":"Stade de St-Geniès Bellevue","_dept":"31","numero":"2015-D31-098","commune":"St-Geniès-Bellevue","echelle":"1/2000","surface":"0.04 km²","format":"A4","annee":"2015","cartographes":"O.Thomas","proprietaire":"31 - Haute-Garonne","niveau":"Initiation, Scolaire","specialite":"CO à pied","contacts":"CDCO31, https://www.cdco31.fr/","latitude":"43.6880805036","longitude":"1.47897159111","date_saisie":"02/03/2016","date_depot":"23/03/2016","valide":"Oui","ppo":"Non","type_carte":"Nouvelle carte","fond":"Cadastre","url":"https://www.cdco31.fr/carto/D31-098/","obsolete":false}},{"type":"Feature","geometry":{"type":"Polygon","coordinates":[[[1.3449,43.5359],[1.3445,43.5353],[1.3443,43.5354],[1.3438,43.5349],[1.3436,43.5348],[1.3443,43.5345],[1.3445,43.5346],[1.3446,43.5346],[1.3448,43.5348],[1.3446,43.5349],[1.3455,43.5358],[1.3456,43.5356],[1.3457,43.5357],[1.3456,43.5359],[1.3453,43.536],[1.3449,43.5359]]]},"properties":{"id_ffco":"2015-D31-097","nom":"Parc du Manoir","_dept":"31","numero":"2015-D31-097","commune":"Cugnaux","echelle":"1/1000","surface":"0.01 km²","format":"A4","annee":"2015","cartographes":"O.Thomas","proprietaire":"31 - Haute-Garonne","niveau":"Initiation, Scolaire","specialite":"CO à pied","contacts":"CDCO31, https://www.cdco31.fr/","latitude":"43.5352306516","longitude":"1.34461460732","date_saisie":"01/03/2016","date_depot":"23/03/2016","valide":"Oui","ppo":"Non","type_carte":"Nouvelle carte","fond":"Cadastre","url":"https://www.cdco31.fr/carto/D31-097/","obsolete":false}},{"type":"Feature","geometry":{"type":"Polygon","coordinates":[[[1.5115,43.514],[1.5103,43.5161],[1.5107,43.517],[1.5138,43.5182],[1.5137,43.5189],[1.5131,43.5194],[1.5135,43.5236],[1.5155,43.5258],[1.5183,43.5245],[1.5198,43.5195],[1.5193,43.5179],[1.5202,43.5161],[1.519,43.5151],[1.5172,43.5152],[1.516,43.5141],[1.5147,43.5141],[1.5129,43.5133],[1.5115,43.514]]]},"properties":{"id_ffco":"2015-D31-096","nom":"Complexe sportif de Lautar et Lac de Rabaudy","_dept":"31","numero":"2015-D31-096","commune":"Castanet","echelle":"1/4500","surface":"0.64 km²","format":"A4","annee":"2015","cartographes":"C.Escudié","proprietaire":"31 - Haute-Garonne","niveau":"Initiation, Scolaire","specialite":"CO à pied","contacts":"CDCO31, https://www.cdco31.fr/ // Mairie Castanet, CASTANET","latitude":"43.518999335","longitude":"1.51571373593","date_saisie":"01/03/2016","date_depot":"23/03/2016","valide":"Oui","ppo":"Oui (20 postes)","type_carte":"Nouvelle carte","fond":"Ortho","url":"https://www.cdco31.fr/carto/D31-096/","obsolete":false}},{"type":"Feature","geometry":{"type":"Polygon","coordinates":[[[1.5078,43.5239],[1.5074,43.524],[1.5076,43.5246],[1.5084,43.5244],[1.5085,43.5247],[1.5106,43.5241],[1.5111,43.5237],[1.5111,43.5226],[1.5106,43.5225],[1.51,43.5222],[1.5097,43.5217],[1.5104,43.5215],[1.5088,43.5207],[1.5085,43.5211],[1.5075,43.5208],[1.5063,43.5224],[1.5072,43.5227],[1.5069,43.5231],[1.5076,43.5233],[1.5078,43.5239]]]},"properties":{"id_ffco":"2015-D31-095","nom":"PARC DES FONTANELLES 2","_dept":"31","numero":"2015-D31-095","commune":"Castanet","echelle":"1/2000","surface":"0.11 km²","format":"A4","annee":"2015","cartographes":"C.Escudié","proprietaire":"31 - Haute-Garonne","niveau":"Initiation, Scolaire","specialite":"CO à pied","contacts":"CDCO31, https://www.cdco31.fr/","latitude":"43.5227433753","longitude":"1.5088103808","date_saisie":"01/03/2016","date_depot":"23/03/2016","valide":"Oui","ppo":"Non","type_carte":"Reprise","base":"1999-D31-020 Parc des FONTANELLES","fond":"Ortho","obsolete":false}},{"type":"Feature","geometry":{"type":"Polygon","coordinates":[[[1.5084,43.5162],[1.5083,43.5168],[1.5081,43.5171],[1.5086,43.5173],[1.5082,43.5179],[1.5077,43.5179],[1.5076,43.5176],[1.5057,43.5169],[1.5054,43.5172],[1.5045,43.5171],[1.503,43.5166],[1.5038,43.5154],[1.5059,43.5156],[1.5068,43.5159],[1.5073,43.5156],[1.5084,43.5162]]]},"properties":{"id_ffco":"2015-D31-094","nom":"COLLEGE CASTANET J JAURES 2","_dept":"31","numero":"2015-D31-094","commune":"Castanet","echelle":"1/2000","surface":"0.07 km²","format":"A4","annee":"2015","cartographes":"C.Escudié","proprietaire":"31 - Haute-Garonne","niveau":"Initiation, Scolaire","specialite":"CO à pied","contacts":"Collège J.Jaurès - Castanet, CASTANET","latitude":"43.5164702728","longitude":"1.50596764662","date_saisie":"01/03/2016","date_depot":"23/03/2016","valide":"Oui","ppo":"Non","type_carte":"Reprise","base":"2000-D31-019 COLLEGE CASTANET JEAN JAURES","fond":"Ortho","obsolete":false}},{"type":"Feature","geometry":{"type":"Polygon","coordinates":[[[1.2231,43.4285],[1.2232,43.4293],[1.224,43.4295],[1.2241,43.4301],[1.2252,43.4298],[1.226,43.4298],[1.2292,43.4292],[1.2282,43.4265],[1.2258,43.427],[1.2241,43.4272],[1.2242,43.4283],[1.2231,43.4285]]]},"properties":{"id_ffco":"2015-D31-093","nom":"Ecole primaire et Collège Flora Tristan","_dept":"31","numero":"2015-D31-093","commune":"Lherm","echelle":"1/2500","surface":"0.13 km²","format":"A4","annee":"2015","cartographes":"O.Thomas, P.Masse","proprietaire":"31 - Haute-Garonne","niveau":"Initiation, Scolaire","specialite":"CO à pied","contacts":"Collège Flora Tristan, 31600, LHERM","latitude":"43.4283618451","longitude":"1.22623620263","date_saisie":"03/11/2015","date_depot":"16/12/2015","valide":"Oui","ppo":"Non","type_carte":"Reprise","base":"2011-D31-058 Collège Flora Tristan de Lherm","fond":"Cadastre","obsolete":false}},{"type":"Feature","geometry":{"type":"Polygon","coordinates":[[[1.4058,43.5173],[1.4055,43.5236],[1.4131,43.5234],[1.411,43.5203],[1.4084,43.5186],[1.4058,43.5173]]]},"properties":{"id_ffco":"2015-D31-092","nom":"Le Ramier de Portet","_dept":"31","numero":"2015-D31-092","commune":"Portet-sur-Garonne","echelle":"1/2500","surface":"0.26 km²","format":"A4","annee":"2015","cartographes":"Sébastien MENA","proprietaire":"31 - Haute-Garonne","niveau":"Initiation, Scolaire","specialite":"Sprint (ISSOM)","contacts":"CDCO31, https://www.cdco31.fr/","latitude":"43.5212004951","longitude":"1.4084534951","date_saisie":"02/11/2015","date_depot":"16/12/2015","valide":"Oui","ppo":"Non","type_carte":"Nouvelle carte","fond":"Cadastre","url":"https://www.cdco31.fr/carto/D31-092/","obsolete":false}},{"type":"Feature","geometry":{"type":"Polygon","coordinates":[[[1.4146,43.5595],[1.4136,43.5598],[1.4139,43.5605],[1.4128,43.561],[1.4134,43.5621],[1.4133,43.5632],[1.4149,43.5655],[1.418,43.5642],[1.4183,43.5634],[1.4177,43.5624],[1.4146,43.5595]]]},"properties":{"id_ffco":"2015-D31-091","nom":"Parc de Gironis","_dept":"31","numero":"2015-D31-091","commune":"Toulouse","echelle":"1/2500","surface":"0.17 km²","format":"A4","annee":"2015","cartographes":"André LORTOLARY","proprietaire":"31 - Haute-Garonne","niveau":"Initiation, Scolaire","specialite":"CO à pied","contacts":"CDCO31, https://www.cdco31.fr/","latitude":"43.5626256462","longitude":"1.41541305902","date_saisie":"04/11/2015","date_depot":"16/12/2015","valide":"Oui","ppo":"Non","type_carte":"Nouvelle carte","fond":"Cadastre","url":"https://www.cdco31.fr/carto/D31-091/","obsolete":false}},{"type":"Feature","geometry":{"type":"Polygon","coordinates":[[[0.7527,43.0006],[0.755,43.0042],[0.7647,43.0036],[0.7682,43.0014],[0.7699,42.9919],[0.7703,42.9899],[0.774,42.9901],[0.7759,42.992],[0.7781,42.9905],[0.7755,42.9879],[0.7757,42.9848],[0.7742,42.9834],[0.7713,42.9815],[0.7702,42.9776],[0.7615,42.9767],[0.7616,42.9733],[0.7534,42.9739],[0.7532,42.9792],[0.7556,42.9807],[0.7548,42.9827],[0.7587,42.9848],[0.7556,42.9911],[0.7529,42.9956],[0.7527,43.0006]]]},"properties":{"id_ffco":"2015-D31-090","nom":"Les sortilèges de Juzet d'Izaut et de Sengouagnet","_dept":"31","numero":"2015-D31-090","commune":"Juzet d'Izaut","echelle":"1/10000","surface":"4.24 km²","format":"A4","annee":"2015","cartographes":"Olivier THOMAS","proprietaire":"3107 - LES DES'ORIENTES 31","niveau":"Régional","specialite":"CO à pied","contacts":"Dés'orientés 31","latitude":"42.9890806444","longitude":"0.762863118684","date_saisie":"07/11/2015","date_depot":"16/12/2015","valide":"Oui","ppo":"Non","type_carte":"Nouvelle carte","fond":"Ortho","obsolete":false}},{"type":"Feature","geometry":{"type":"Polygon","coordinates":[[[1.5889,43.3005],[1.5904,43.3006],[1.5924,43.3018],[1.595,43.3034],[1.6019,43.3045],[1.6032,43.3037],[1.606,43.3025],[1.6085,43.3013],[1.6112,43.2998],[1.6137,43.2992],[1.6148,43.2986],[1.6162,43.298],[1.6183,43.2979],[1.6219,43.2981],[1.6233,43.2981],[1.6245,43.2978],[1.6252,43.2973],[1.6263,43.296],[1.6276,43.2946],[1.6281,43.2938],[1.6283,43.2934],[1.6291,43.2932],[1.6295,43.2927],[1.6301,43.2925],[1.6307,43.2925],[1.6309,43.2919],[1.6311,43.2915],[1.6313,43.2912],[1.631,43.2909],[1.6307,43.2898],[1.6292,43.2869],[1.6267,43.2875],[1.6247,43.2883],[1.6236,43.2893],[1.6226,43.29],[1.6216,43.2903],[1.6196,43.29],[1.6166,43.2894],[1.6146,43.2897],[1.6138,43.2906],[1.6139,43.2921],[1.6143,43.2932],[1.6143,43.2943],[1.613,43.2945],[1.6115,43.2942],[1.6104,43.2929],[1.6088,43.2926],[1.6073,43.2932],[1.6062,43.2939],[1.6046,43.2941],[1.6028,43.2939],[1.6013,43.2931],[1.6004,43.2921],[1.5996,43.2913],[1.5976,43.2908],[1.5958,43.2911],[1.5948,43.292],[1.5928,43.2925],[1.5906,43.2928],[1.5891,43.2935],[1.5875,43.2949],[1.5868,43.2961],[1.5874,43.2978],[1.5881,43.299],[1.5889,43.3005]]]},"properties":{"id_ffco":"2014-D31-089","nom":"BOIS DE BEBEILLAC, CALMONT","_dept":"31","numero":"2014-D31-089","commune":"Calmont","echelle":"1/15000","surface":"3.37 km²","format":"A4","annee":"2014","cartographes":"Oliver THOMAS","proprietaire":"31 - Haute-Garonne","niveau":"Initiation, Scolaire","specialite":"CO à pied","contacts":"CDCO31, https://www.cdco31.fr/ // UNSS31","latitude":"43.2960136042","longitude":"1.60773660867","date_saisie":"13/03/2015","date_depot":"16/12/2015","valide":"Oui","ppo":"Non","type_carte":"Nouvelle carte","fond":"Ortho","url":"https://www.cdco31.fr/carto/D31-089/","obsolete":false}},{"type":"Feature","geometry":{"type":"Polygon","coordinates":[[[1.3676,43.69],[1.3756,43.6901],[1.3767,43.6888],[1.3805,43.6867],[1.3813,43.6858],[1.3818,43.6821],[1.3842,43.6799],[1.3858,43.6783],[1.3865,43.6756],[1.3875,43.6719],[1.3897,43.6692],[1.3937,43.669],[1.3946,43.6672],[1.3898,43.6673],[1.3836,43.6682],[1.38,43.6705],[1.3757,43.6746],[1.3691,43.684],[1.3676,43.69]]]},"properties":{"id_ffco":"2015-D31-087","nom":"Le Grand-Ramier 2","_dept":"31","numero":"2015-D31-087","commune":"Lespinasse, Fenouillet","echelle":"1/12500","surface":"2.21 km²","format":"A4","annee":"2015","cartographes":"Christian ESCUDIE","proprietaire":"31 - Haute-Garonne","niveau":"Initiation, Scolaire","specialite":"CO à VTT","contacts":"Absolu Raid","latitude":"43.679075654","longitude":"1.37892853757","date_saisie":"02/11/2015","date_depot":"16/12/2015","valide":"Oui","ppo":"Non","type_carte":"Nouvelle carte","fond":"Ortho","obsolete":false}},{"type":"Feature","geometry":{"type":"Polygon","coordinates":[[[1.0477,43.725],[1.0491,43.7246],[1.0487,43.722],[1.0462,43.7226],[1.0477,43.725]]]},"properties":{"id_ffco":"2013-D31-086","nom":"Plateau sportif Collège de Cadours","_dept":"31","numero":"2013-D31-086","commune":"Cadours","echelle":"1/2000","surface":"0.05 km²","format":"A4","annee":"2013","cartographes":"Hélène FOL","proprietaire":"31 - Haute-Garonne","niveau":"Initiation, Scolaire","specialite":"CO à pied","contacts":"CDCO31, https://www.cdco31.fr/","latitude":"43.7234345061","longitude":"1.04786223449","date_saisie":"04/10/2015","date_depot":"15/05/2014","valide":"Oui","ppo":"Non","type_carte":"Nouvelle carte","fond":"Cadastre","url":"https://www.cdco31.fr/carto/D31-086/","obsolete":false}},{"type":"Feature","geometry":{"type":"Polygon","coordinates":[[[1.5119,43.5399],[1.5134,43.5393],[1.5153,43.5388],[1.5167,43.5371],[1.5128,43.5352],[1.5113,43.5367],[1.5107,43.5384],[1.5119,43.5399]]]},"properties":{"id_ffco":"2013-D31-085","nom":"Labège-Innopole","_dept":"31","numero":"2013-D31-085","commune":"Labège","echelle":"1/3000","surface":"0.15 km²","format":"A4","annee":"2013","cartographes":"Olivier THOMAS","proprietaire":"31 - Haute-Garonne","niveau":"Initiation, Scolaire","specialite":"CO à pied","contacts":"CDCO31, https://www.cdco31.fr/","latitude":"43.5376202883","longitude":"1.51338157905","date_saisie":"04/10/2015","date_depot":"15/05/2014","valide":"Oui","ppo":"Non","type_carte":"Nouvelle carte","fond":"Cadastre","url":"https://www.cdco31.fr/carto/D31-085/","obsolete":false}},{"type":"Feature","geometry":{"type":"Polygon","coordinates":[[[0.7979,43.0126],[0.7976,43.0121],[0.7976,43.0118],[0.7979,43.011],[0.7969,43.0095],[0.7955,43.0099],[0.7959,43.0106],[0.7963,43.0108],[0.7969,43.0119],[0.7974,43.0121],[0.7977,43.0127],[0.7979,43.0126]]]},"properties":{"id_ffco":"2010-D31-084","nom":"Stade d'Aspet","_dept":"31","numero":"2010-D31-084","commune":"Aspet","echelle":"1/2500","surface":"0.03 km²","format":"A4","annee":"2010","cartographes":"Olivier THOMAS","proprietaire":"3107 - LES DES'ORIENTES 31","niveau":"Initiation, Scolaire","specialite":"CO à pied","contacts":"CDCO31, https://www.cdco31.fr/carto/D31-084/ // Dés'orientés 31","latitude":"43.0107589279","longitude":"0.796869862861","date_saisie":"04/10/2015","date_depot":"15/05/2014","valide":"Oui","ppo":"Non","type_carte":"Nouvelle carte","fond":"Cadastre","url":"https://www.cdco31.fr/carto/D31-084/","obsolete":false}},{"type":"Feature","geometry":{"type":"Polygon","coordinates":[[[1.334,43.4741],[1.3383,43.4732],[1.3376,43.4714],[1.3354,43.4719],[1.3347,43.4711],[1.3329,43.4714],[1.3331,43.4722],[1.3338,43.4722],[1.3335,43.4729],[1.334,43.4741]]]},"properties":{"id_ffco":"2013-D31-083","nom":"Complexe sportif Nord Muret","_dept":"31","numero":"2013-D31-083","commune":"Muret","echelle":"1/2500","surface":"0.09 km²","format":"A4","annee":"2013","cartographes":"Olivier THOMAS","proprietaire":"31 - Haute-Garonne","niveau":"Initiation, Scolaire","specialite":"CO à pied","contacts":"CDCO31, https://www.cdco31.fr/","latitude":"43.4725499149","longitude":"1.33549989882","date_saisie":"04/10/2015","date_depot":"15/05/2014","valide":"Oui","ppo":"Non","type_carte":"Nouvelle carte","fond":"Cadastre","url":"https://www.cdco31.fr/carto/D31-083/","obsolete":false}},{"type":"Feature","geometry":{"type":"Polygon","coordinates":[[[1.2334,43.2979],[1.2339,43.2972],[1.2333,43.2957],[1.2316,43.2941],[1.2312,43.2941],[1.2299,43.2948],[1.2291,43.2947],[1.2276,43.2956],[1.2269,43.2968],[1.2272,43.298],[1.2284,43.2986],[1.2334,43.2979]]]},"properties":{"id_ffco":"2010-D31-082","nom":"Bois de Castres","_dept":"31","numero":"2010-D31-082","commune":"Carbonne","echelle":"1/3000","surface":"0.19 km²","format":"A4","annee":"2010","cartographes":"OLivier THOMAS","proprietaire":"3107 - LES DES'ORIENTES 31","niveau":"Initiation, Scolaire","specialite":"CO à pied","contacts":"CDCO31, https://www.cdco31.fr/carto/D31-082/ // Dés'orientés 31","latitude":"43.2965576715","longitude":"1.23036599759","date_saisie":"04/10/2015","date_depot":"15/05/2014","valide":"Oui","ppo":"Non","type_carte":"Nouvelle carte","fond":"Ortho","url":"https://www.cdco31.fr/carto/D31-082/","obsolete":false}},{"type":"Feature","geometry":{"type":"Polygon","coordinates":[[[0.9039,42.9972],[0.9048,42.9975],[0.9058,42.9975],[0.9059,42.9977],[0.9066,42.998],[0.9084,42.9975],[0.9089,42.9973],[0.9106,42.9972],[0.9109,42.9962],[0.9113,42.996],[0.9114,42.9952],[0.9092,42.995],[0.9088,42.9947],[0.9081,42.9943],[0.9067,42.9944],[0.906,42.9949],[0.9052,42.9944],[0.9039,42.9946],[0.9036,42.9951],[0.9023,42.9955],[0.9035,42.9973],[0.9039,42.9972]]]},"properties":{"id_ffco":"2011-D31-081","nom":"Arbas","_dept":"31","numero":"2011-D31-081","commune":"Arbas","echelle":"1/3000","surface":"0.2 km²","format":"A4","annee":"2011","cartographes":"Olivier THOMAS","proprietaire":"31 - Haute-Garonne","niveau":"Initiation, Scolaire","specialite":"CO à pied","contacts":"CDCO31, https://www.cdco31.fr/","latitude":"42.9960481076","longitude":"0.906904695604","date_saisie":"04/10/2015","date_depot":"15/05/2014","valide":"Oui","ppo":"Non","type_carte":"Nouvelle carte","fond":"Cadastre","url":"https://www.cdco31.fr/carto/D31-081/","obsolete":false}},{"type":"Feature","geometry":{"type":"Polygon","coordinates":[[[1.3672,43.6904],[1.3705,43.6904],[1.3745,43.6904],[1.3766,43.6888],[1.3811,43.6861],[1.3812,43.6825],[1.382,43.6809],[1.3828,43.6792],[1.3846,43.6796],[1.3866,43.6758],[1.3872,43.673],[1.389,43.6705],[1.3938,43.6684],[1.3938,43.6668],[1.3834,43.668],[1.3775,43.6725],[1.3711,43.6795],[1.3679,43.6861],[1.3672,43.6904]]]},"properties":{"id_ffco":"2013-D31-079","nom":"Le Grand Ramier","_dept":"31","numero":"2013-D31-079","commune":"Fenouillet & Lespinasse","echelle":"1/12500","surface":"2.3 km²","format":"A4","annee":"2013","cartographes":"C.Escudié","proprietaire":"31 - Haute-Garonne","niveau":"Initiation, Scolaire","specialite":"CO à pied","contacts":"Absolu Raid","latitude":"43.6789886987","longitude":"1.3786320625","date_saisie":"04/10/2015","date_depot":"04/01/2014","valide":"Oui","ppo":"Non","type_carte":"Nouvelle carte","fond":"Ortho","obsolete":false}},{"type":"Feature","geometry":{"type":"Polygon","coordinates":[[[1.3844,43.7045],[1.3844,43.7057],[1.3887,43.707],[1.3976,43.6905],[1.3965,43.6903],[1.3958,43.6895],[1.3949,43.6895],[1.393,43.6915],[1.3916,43.6924],[1.3894,43.6944],[1.3874,43.6978],[1.386,43.7022],[1.3848,43.7033],[1.3844,43.7045]]]},"properties":{"id_ffco":"2013-D31-078","nom":"Lac du Bocage","_dept":"31","numero":"2013-D31-078","commune":"Fenouillet","echelle":"1/7500","surface":"0.81 km²","format":"A4","annee":"2013","cartographes":"Christian ESCUDIE","proprietaire":"31 - Haute-Garonne","niveau":"Initiation, Scolaire","specialite":"CO à pied","contacts":"Absolu Raid","latitude":"43.6983470669","longitude":"1.39059522305","date_saisie":"03/10/2015","date_depot":"04/01/2014","valide":"Oui","ppo":"Non","type_carte":"Nouvelle carte","fond":"Ortho","obsolete":false}},{"type":"Feature","geometry":{"type":"Polygon","coordinates":[[[1.2977,43.6225],[1.2999,43.6238],[1.3026,43.627],[1.3052,43.6246],[1.3059,43.6227],[1.3038,43.619],[1.3038,43.6169],[1.3028,43.6143],[1.2991,43.6145],[1.2969,43.6152],[1.2973,43.6173],[1.2983,43.6185],[1.2994,43.6188],[1.2995,43.6199],[1.2989,43.6206],[1.2987,43.6201],[1.298,43.6201],[1.2975,43.6216],[1.2977,43.6225]]]},"properties":{"id_ffco":"2014-D31-075","nom":"Val de l'Aussonnelle","_dept":"31","numero":"2014-D31-075","commune":"Colomiers","echelle":"1/5000","surface":"0.62 km²","format":"A4","annee":"2014","cartographes":"Leo FALCONE","proprietaire":"31 - Haute-Garonne","niveau":"Départemental","specialite":"CO à pied","contacts":"CDCO31, https://www.cdco31.fr/","latitude":"43.6201565842","longitude":"1.30144467896","date_saisie":"08/09/2015","date_depot":"16/12/2015","valide":"Oui","ppo":"Non","type_carte":"Nouvelle carte","fond":"Ortho","url":"https://www.cdco31.fr/carto/D31-075/","obsolete":false}},{"type":"Feature","geometry":{"type":"Polygon","coordinates":[[[0.7375,43.0522],[0.7379,43.0525],[0.7414,43.0525],[0.7424,43.0536],[0.7432,43.0537],[0.7439,43.0522],[0.7461,43.0504],[0.7486,43.0509],[0.753,43.0507],[0.7539,43.0495],[0.7546,43.0489],[0.7546,43.0472],[0.7533,43.047],[0.753,43.0465],[0.7495,43.0467],[0.7493,43.0475],[0.7463,43.0471],[0.7437,43.0476],[0.7437,43.048],[0.7413,43.0483],[0.7408,43.048],[0.7403,43.048],[0.7398,43.0486],[0.7384,43.0485],[0.7372,43.0498],[0.7375,43.0522]]]},"properties":{"id_ffco":"2015-D31-074","nom":"Encausse-les-Thermes Parc et Forêt nord","_dept":"31","numero":"2015-D31-074","commune":"Encausse-les-Thermes","echelle":"1/5000","surface":"0.62 km²","format":"A4","annee":"2015","cartographes":"Olivier THOMAS","proprietaire":"31 - Haute-Garonne","niveau":"Départemental","specialite":"CO à pied","contacts":"CDCO31, https://www.cdco31.fr/","latitude":"43.0496118239","longitude":"0.745600881022","date_saisie":"01/11/2015","date_depot":"16/12/2015","valide":"Oui","ppo":"Non","type_carte":"Nouvelle carte","fond":"Ortho","url":"https://www.cdco31.fr/carto/D31-074/","obsolete":false}},{"type":"Feature","geometry":{"type":"Polygon","coordinates":[[[1.2727,43.4472],[1.2743,43.4489],[1.2773,43.4501],[1.2718,43.4509],[1.2712,43.4513],[1.269,43.4498],[1.2702,43.4484],[1.2714,43.448],[1.2727,43.4472]]]},"properties":{"id_ffco":"2013-D31-073","nom":"Bois des Bonnets","_dept":"31","numero":"2013-D31-073","commune":"Muret","echelle":"1/3000","surface":"0.14 km²","format":"A4","annee":"2013","cartographes":"Pierrick Masse","proprietaire":"31 - Haute-Garonne","niveau":"O+","specialite":"CO à pied","contacts":"CDCO31, https://www.cdco31.fr/","latitude":"43.4494663641","longitude":"1.27250239258","date_saisie":"03/02/2015","date_depot":"15/05/2014","valide":"Oui","ppo":"Non","type_carte":"Nouvelle carte","fond":"Ortho","url":"https://www.cdco31.fr/carto/D31-073/","obsolete":false}},{"type":"Feature","geometry":{"type":"Polygon","coordinates":[[[0.9842,43.0832],[0.9913,43.0833],[0.991,43.08],[0.9933,43.0783],[0.9955,43.0773],[0.9988,43.0748],[0.9964,43.0722],[0.9924,43.0719],[0.9879,43.0723],[0.9839,43.0731],[0.9816,43.0732],[0.9806,43.0728],[0.9792,43.0767],[0.9817,43.0785],[0.983,43.0792],[0.9854,43.0792],[0.9869,43.079],[0.9842,43.0832]]]},"properties":{"id_ffco":"2012-D31-072","nom":"Bois de Touille","_dept":"31","numero":"2012-D31-072","commune":"Touille","echelle":"1/7500","surface":"1.19 km²","format":"A4","annee":"2012","cartographes":"O.Thomas","proprietaire":"3107 - LES DES'ORIENTES 31","niveau":"Initiation, Scolaire","specialite":"CO à pied","contacts":"Dés'orientés 31","latitude":"43.0765882622","longitude":"0.988628723412","date_saisie":"17/09/2015","date_depot":"15/05/2014","valide":"Oui","ppo":"Non","type_carte":"Nouvelle carte","fond":"Ortho","obsolete":false}},{"type":"Feature","geometry":{"type":"Polygon","coordinates":[[[1.2614,43.3965],[1.2613,43.3963],[1.2609,43.3957],[1.2605,43.3953],[1.2603,43.3947],[1.2606,43.3942],[1.2614,43.3939],[1.2622,43.3935],[1.2641,43.3927],[1.2645,43.3925],[1.2654,43.3936],[1.2662,43.3944],[1.2639,43.3956],[1.2629,43.3962],[1.2626,43.3963],[1.2626,43.3964],[1.2614,43.3965]]]},"properties":{"id_ffco":"2014-D31-071","nom":"Lavernose - Lacasse","_dept":"31","numero":"2014-D31-071","commune":"Lavernose - Lacasse","echelle":"1/2500","surface":"0.11 km²","format":"A4","annee":"2014","cartographes":"Mathe Patrick","proprietaire":"31 - Haute-Garonne","niveau":"Initiation, Scolaire","specialite":"CO à pied","contacts":"CDCO31, https://www.cdco31.fr/","latitude":"43.3945797143","longitude":"1.2630467398","date_saisie":"12/12/2014","date_depot":"30/12/2014","valide":"Oui","ppo":"Non","type_carte":"Nouvelle carte","fond":"Cadastre","url":"https://www.cdco31.fr/carto/D31-071/","obsolete":false}},{"type":"Feature","geometry":{"type":"Polygon","coordinates":[[[1.4747,43.571],[1.4764,43.5705],[1.4811,43.5676],[1.4788,43.565],[1.478,43.5656],[1.4737,43.5673],[1.473,43.5681],[1.4729,43.569],[1.4734,43.5697],[1.4747,43.571]]]},"properties":{"id_ffco":"2011-D31-068","nom":"CREPS Toulouse","_dept":"31","numero":"2011-D31-068","commune":"Toulouse","echelle":"1/4000","surface":"0.23 km²","format":"A4","annee":"2011","cartographes":"Olivier Thomas","proprietaire":"31 - Haute-Garonne","niveau":"Initiation, Scolaire","specialite":"CO à pied","contacts":"CREPS Toulouse","latitude":"43.5680908651","longitude":"1.47671474947","date_saisie":"01/02/2015","date_depot":"04/01/2014","valide":"Oui","ppo":"Oui (40 postes)","type_carte":"Nouvelle carte","fond":"Cadastre","obsolete":false}},{"type":"Feature","geometry":{"type":"Polygon","coordinates":[[[1.3522,43.4187],[1.353,43.4176],[1.3527,43.3978],[1.348,43.3979],[1.3458,43.3952],[1.3438,43.396],[1.3422,43.3962],[1.3406,43.3983],[1.3388,43.4],[1.3363,43.401],[1.3324,43.4017],[1.3309,43.4024],[1.3296,43.4037],[1.3292,43.4039],[1.3354,43.4161],[1.3392,43.4186],[1.3428,43.419],[1.3522,43.4187]]]},"properties":{"id_ffco":"2014-D31-065","nom":"FORET D'EAUNES","_dept":"31","numero":"2014-D31-065","commune":"EAUNES","echelle":"1/10000","surface":"3.69 km²","format":"A4","annee":"2014","cartographes":"MATHE Patrick, PORTELEAU Fréderic","proprietaire":"3105 - TOAC ORIENTATION","niveau":"Régional","specialite":"CO à pied","contacts":"TOAC, contact@toac-orientation.fr, https://toac-orientation.fr/club48tx5e9/","latitude":"43.4080049491","longitude":"1.34313178539","date_saisie":"09/09/2015","date_depot":"30/12/2014","valide":"Oui","ppo":"Non","type_carte":"Nouvelle carte","fond":"Ortho","obsolete":false}},{"type":"Feature","geometry":{"type":"Polygon","coordinates":[[[1.3186,43.4688],[1.3191,43.469],[1.3188,43.4693],[1.3202,43.469],[1.3204,43.4686],[1.3213,43.4688],[1.3217,43.4685],[1.324,43.4679],[1.3239,43.4676],[1.323,43.4678],[1.3226,43.4671],[1.3205,43.4676],[1.32,43.4668],[1.3185,43.4672],[1.3185,43.4674],[1.3186,43.4688]]]},"properties":{"id_ffco":"2014-D31-064","nom":"Lycée Charles de Gaulle de Muret","_dept":"31","numero":"2014-D31-064","commune":"Muret","echelle":"1/2000","surface":"0.06 km²","format":"A4","annee":"2014","cartographes":"Pierrick Masse","proprietaire":"31 - Haute-Garonne","niveau":"Initiation, Scolaire","specialite":"CO à pied","contacts":"Lycée C. De Gaulle, MURET","latitude":"43.4679865593","longitude":"1.32057771051","date_saisie":"04/09/2015","date_depot":"30/12/2014","valide":"Oui","ppo":"Non","type_carte":"Nouvelle carte","fond":"Ortho","obsolete":false}},{"type":"Feature","geometry":{"type":"Polygon","coordinates":[[[1.44,43.6305],[1.4406,43.6304],[1.4407,43.63],[1.4411,43.6301],[1.4412,43.6298],[1.4414,43.6299],[1.4416,43.6296],[1.442,43.6297],[1.4423,43.6302],[1.4432,43.6291],[1.4431,43.6279],[1.442,43.6275],[1.4419,43.6276],[1.4409,43.6272],[1.4406,43.6266],[1.4397,43.6267],[1.44,43.6297],[1.4396,43.6298],[1.44,43.6305]]]},"properties":{"id_ffco":"2011-D31-062","nom":"Collège & complexe sportif Toulouse Lautrec","_dept":"31","numero":"2011-D31-062","commune":"Toulouse","echelle":"1/1750","surface":"0.08 km²","format":"A4","annee":"2011","cartographes":"Christian Escudié","proprietaire":"31 - Haute-Garonne","niveau":"Initiation, Scolaire","specialite":"CO à pied","contacts":"Collège Toulouse-Lautrec, 48 imp. Barthes, 31200, Toulouse, 0311112r@ac-toulouse.fr","latitude":"43.6285860141","longitude":"1.44121856989","date_saisie":"04/09/2015","date_depot":"04/01/2014","valide":"Oui","ppo":"Non","type_carte":"Nouvelle carte","fond":"Ortho","obsolete":false}},{"type":"Feature","geometry":{"type":"Polygon","coordinates":[[[1.1079,43.4353],[1.1063,43.4332],[1.1041,43.432],[1.1034,43.4304],[1.1039,43.4299],[1.1018,43.4299],[1.097,43.4305],[1.0872,43.4248],[1.0816,43.4233],[1.0713,43.4251],[1.0628,43.4304],[1.0647,43.4355],[1.0665,43.437],[1.0681,43.4391],[1.0764,43.4379],[1.0785,43.4369],[1.0927,43.4385],[1.0958,43.4387],[1.1079,43.4353]]]},"properties":{"id_ffco":"2014-D31-061","nom":"Forêt de Rieumes - Lahage","_dept":"31","numero":"2014-D31-061","commune":"Rieumes","echelle":"1/15000","surface":"4.11 km²","format":"A4","annee":"2014","cartographes":"Olivier Thomas, Patrick Mathé","proprietaire":"31 - Haute-Garonne","niveau":"Départemental","specialite":"CO à pied","contacts":"CDCO31, https://www.cdco31.fr/","latitude":"43.4320411673","longitude":"1.08310181254","date_saisie":"04/09/2015","date_depot":"30/12/2014","valide":"Oui","ppo":"Non","type_carte":"Nouvelle carte","fond":"Ortho","obsolete":false}},{"type":"Feature","geometry":{"type":"Polygon","coordinates":[[[0.7921,43.0221],[0.7924,43.0233],[0.7942,43.0226],[0.7949,43.0221],[0.7955,43.021],[0.7938,43.0205],[0.7932,43.0207],[0.7926,43.0213],[0.7924,43.0218],[0.7921,43.0221]]]},"properties":{"id_ffco":"2015-D31-060","nom":"Collège d'Aspet","_dept":"31","numero":"2015-D31-060","commune":"Aspet","echelle":"1/2000","surface":"0.05 km²","format":"A4","annee":"2015","cartographes":"Olivier THOMAS","proprietaire":"31 - Haute-Garonne","niveau":"Initiation, Scolaire","specialite":"CO à pied","contacts":"Collège d'Aspet, ASPET // Dés'orientés 31","latitude":"43.0218025455","longitude":"0.793637396424","date_saisie":"01/11/2015","date_depot":"16/12/2015","valide":"Oui","ppo":"Non","type_carte":"Nouvelle carte","fond":"Ortho","obsolete":false}},{"type":"Feature","geometry":{"type":"Polygon","coordinates":[[[1.2949,43.7757],[1.2937,43.7753],[1.2959,43.7732],[1.2973,43.7714],[1.2982,43.7718],[1.2979,43.772],[1.2975,43.7735],[1.2949,43.7757]]]},"properties":{"id_ffco":"2011-D31-059","nom":"Quai de Garonne","_dept":"31","numero":"2011-D31-059","commune":"Grenade","echelle":"1/2000","surface":"0.06 km²","format":"A4","annee":"2011","cartographes":"Hélène Fol","proprietaire":"31 - Haute-Garonne","niveau":"Initiation, Scolaire","specialite":"CO à pied","contacts":"CDCO31, https://www.cdco31.fr/","latitude":"43.7736811459","longitude":"1.29614059541","date_saisie":"04/09/2015","date_depot":"15/05/2014","valide":"Oui","ppo":"Non","type_carte":"Nouvelle carte","fond":"Ortho","url":"https://www.cdco31.fr/carto/D31-059/","obsolete":false}},{"type":"Feature","geometry":{"type":"Polygon","coordinates":[[[1.5979,43.7816],[1.5953,43.7824],[1.5947,43.7816],[1.5958,43.7798],[1.5972,43.78],[1.5979,43.7816]]]},"properties":{"id_ffco":"2010-D31-057","nom":"Collège de Bessières","_dept":"31","numero":"2010-D31-057","commune":"Bessières","echelle":"1/1500","surface":"0.05 km²","format":"A4","annee":"2010","cartographes":"Christian Escudié","proprietaire":"31 - Haute-Garonne","niveau":"Initiation, Scolaire","specialite":"CO à pied","contacts":"Collège de Bessières, 31660, Bessières","latitude":"43.7811009373","longitude":"1.59626162407","date_saisie":"22/06/2015","date_depot":"04/01/2014","valide":"Oui","ppo":"Non","type_carte":"Nouvelle carte","fond":"Cadastre","obsolete":false}},{"type":"Feature","geometry":{"type":"Polygon","coordinates":[[[1.1973,43.426],[1.1987,43.4261],[1.2041,43.425],[1.2151,43.4282],[1.2131,43.4294],[1.2138,43.4304],[1.2143,43.4312],[1.2135,43.4323],[1.2131,43.4317],[1.2128,43.4323],[1.2132,43.4335],[1.2122,43.4335],[1.2049,43.4311],[1.2029,43.4309],[1.2017,43.4303],[1.2008,43.4302],[1.2003,43.4293],[1.1985,43.4287],[1.1989,43.4278],[1.1978,43.4269],[1.1969,43.4272],[1.1973,43.426]]]},"properties":{"id_ffco":"2014-D31-056","nom":"Bois des Escoumes","_dept":"31","numero":"2014-D31-056","commune":"Lherm","echelle":"1/5000","surface":"0.75 km²","format":"A4","annee":"2014","cartographes":"Pierrick Masse, Olivier Thomas","proprietaire":"31 - Haute-Garonne","niveau":"Initiation, Scolaire","specialite":"CO à pied","contacts":"CDCO31, https://www.cdco31.fr/carto/D31-056/ // Mairie de LHERM, 2, avenue de Gascogne, 31600, LHERM, 05 61 56 07 25, accueil@mairie-lherm.fr, http://www.mairie-lherm.fr/","latitude":"43.4288407996","longitude":"1.20659520303","date_saisie":"05/05/2015","date_depot":"30/12/2014","valide":"Oui","ppo":"Oui (30 postes)","type_carte":"Nouvelle carte","fond":"Ortho","url":"https://www.cdco31.fr/carto/D31-056/","obsolete":false}},{"type":"Feature","geometry":{"type":"Polygon","coordinates":[[[1.4817,43.5512],[1.4822,43.5508],[1.4836,43.5492],[1.4859,43.5461],[1.4868,43.5457],[1.4867,43.5452],[1.4838,43.5447],[1.4826,43.5453],[1.4822,43.5448],[1.4809,43.5447],[1.4797,43.5478],[1.4802,43.5479],[1.4794,43.5501],[1.4817,43.5512]]]},"properties":{"id_ffco":"2010-D31-054","nom":"Espace Sport Ramonville 2","_dept":"31","numero":"2010-D31-054","commune":"Ramonville","echelle":"1/3000","surface":"0.24 km²","format":"A4","annee":"2010","cartographes":"Christian Escudié","proprietaire":"31 - Haute-Garonne","niveau":"Initiation, Scolaire","specialite":"CO à pied","contacts":"Collège A.Malraux, Av Karben, 31520, Ramonville-Sainte-Agne, 0311633G@ac-toulouse.fr","latitude":"43.5474651873","longitude":"1.48250530539","date_saisie":"26/04/2015","date_depot":"04/01/2014","valide":"Oui","ppo":"Non","type_carte":"Nouvelle carte","fond":"Cadastre","obsolete":false}},{"type":"Feature","geometry":{"type":"Polygon","coordinates":[[[1.4034,43.836],[1.4049,43.8352],[1.4047,43.8349],[1.404,43.8353],[1.4036,43.8349],[1.4026,43.8353],[1.4034,43.836]]]},"properties":{"id_ffco":"2012-D31-052","nom":"Lycee Bourdieu de Fronton","_dept":"31","numero":"2012-D31-052","commune":"Fronton","echelle":"1/1500","surface":"0.01 km²","format":"A4","annee":"2012","cartographes":"Hélène Fol","proprietaire":"31 - Haute-Garonne","niveau":"Initiation, Scolaire","specialite":"CO à pied","contacts":"Lycée Pierre Bourdieu, Av Villaudric, 31620, Fronton, 0312696m@ac-toulouse.fr","latitude":"43.8353853021","longitude":"1.40367148027","date_saisie":"26/04/2015","date_depot":"24/01/2014","valide":"Oui","ppo":"Non","type_carte":"Nouvelle carte","fond":"Cadastre","obsolete":false}},{"type":"Feature","geometry":{"type":"Polygon","coordinates":[[[1.3504,43.5828],[1.3507,43.5833],[1.3523,43.5841],[1.3533,43.5844],[1.3525,43.5854],[1.3531,43.5857],[1.3525,43.5862],[1.3562,43.588],[1.3608,43.5888],[1.3627,43.5849],[1.3604,43.5834],[1.3574,43.5819],[1.3571,43.5817],[1.3566,43.5824],[1.3542,43.5823],[1.3531,43.5821],[1.3523,43.583],[1.3515,43.5826],[1.351,43.5821],[1.3504,43.5828]]]},"properties":{"id_ffco":"2012-D31-051","nom":"Le Vieux Pigeonnier","_dept":"31","numero":"2012-D31-051","commune":"Tournefeuille","echelle":"1/5000","surface":"0.46 km²","format":"A4","annee":"2012","cartographes":"Alain Serrand","proprietaire":"3105 - TOAC ORIENTATION","niveau":"Initiation, Scolaire","specialite":"CO à pied","contacts":"TOAC, contact@toac-orientation.fr, https://toac-orientation.fr/club48tx5e9/","latitude":"43.5851327599","longitude":"1.35711262552","date_saisie":"26/04/2015","date_depot":"19/01/2014","valide":"Oui","ppo":"Non","type_carte":"Nouvelle carte","fond":"Cadastre","obsolete":false}},{"type":"Feature","geometry":{"type":"Polygon","coordinates":[[[1.6346,43.354],[1.6345,43.3553],[1.6386,43.3558],[1.6378,43.3572],[1.6425,43.3568],[1.6437,43.3603],[1.6469,43.3602],[1.6462,43.358],[1.65,43.3567],[1.6498,43.3557],[1.6522,43.3532],[1.6511,43.3521],[1.6468,43.3542],[1.6448,43.3515],[1.6462,43.3505],[1.6457,43.3467],[1.6463,43.3443],[1.6439,43.3441],[1.6437,43.3433],[1.6414,43.3431],[1.6389,43.3487],[1.6407,43.3539],[1.6391,43.3542],[1.6346,43.354]]]},"properties":{"id_ffco":"2010-D31-050","nom":"Lac de Thésauque","_dept":"31","numero":"2010-D31-050","commune":"Nailloux","echelle":"1/5000","surface":"1.08 km²","format":"A4","annee":"2010","cartographes":"Christian Escudié","proprietaire":"31 - Haute-Garonne","niveau":"Initiation, Scolaire","specialite":"CO à pied","contacts":"CDCO31, https://www.cdco31.fr/","latitude":"43.3522374737","longitude":"1.64350469272","date_saisie":"26/04/2015","date_depot":"04/01/2014","valide":"Oui","ppo":"Oui (45 postes)","type_carte":"Nouvelle carte","fond":"Cadastre","url":"https://www.cdco31.fr/carto/D31-050/","obsolete":false}},{"type":"Feature","geometry":{"type":"Polygon","coordinates":[[[1.4341,43.6038],[1.4346,43.6099],[1.4388,43.6117],[1.4437,43.6105],[1.4518,43.6029],[1.4521,43.5999],[1.4457,43.5985],[1.4456,43.5981],[1.4403,43.5982],[1.4402,43.5996],[1.4341,43.6038]]]},"properties":{"id_ffco":"2011-D31-049","nom":"Toulouse Centre","_dept":"31","numero":"2011-D31-049","commune":"Toulouse","echelle":"1/5000","surface":"1.46 km²","format":"A3","annee":"2011","cartographes":"Luc Berbett, André Sylla, Ray Hulse","proprietaire":"3105 - TOAC ORIENTATION","niveau":"Régional","specialite":"Sprint (ISSOM)","contacts":"TOAC, contact@toac-orientation.fr, https://toac-orientation.fr/club48tx5e9/","latitude":"43.604525198","longitude":"1.44244241882","date_saisie":"26/04/2015","date_depot":"15/05/2014","valide":"Oui","ppo":"Non","type_carte":"Nouvelle carte","fond":"Cadastre","obsolete":false}},{"type":"Feature","geometry":{"type":"Polygon","coordinates":[[[1.4587,43.7055],[1.46,43.705],[1.4608,43.7051],[1.4627,43.7046],[1.4654,43.708],[1.463,43.709],[1.4624,43.7085],[1.462,43.7088],[1.4616,43.7084],[1.46,43.7085],[1.4597,43.7075],[1.459,43.7063],[1.4587,43.7055]]]},"properties":{"id_ffco":"2010-D31-046","nom":"Pechbonnieu Complexe sportif","_dept":"31","numero":"2010-D31-046","commune":"Pechbonnieu","echelle":"1/2500","surface":"0.16 km²","format":"A4","annee":"2010","cartographes":"Luc Berbett","proprietaire":"31 - Haute-Garonne","niveau":"Initiation, Scolaire","specialite":"CO à pied","contacts":"CDCO31, https://www.cdco31.fr/","latitude":"43.7068312763","longitude":"1.46191060481","date_saisie":"20/02/2015","date_depot":"15/05/2014","valide":"Oui","ppo":"Non","type_carte":"Nouvelle carte","fond":"Ortho","url":"https://www.cdco31.fr/carto/D31-046/","obsolete":false}},{"type":"Feature","geometry":{"type":"Polygon","coordinates":[[[1.2846,43.7753],[1.2829,43.7765],[1.2819,43.7778],[1.2851,43.7792],[1.2874,43.7765],[1.2846,43.7753]]]},"properties":{"id_ffco":"2010-D31-045","nom":"Collège de Grenade","_dept":"31","numero":"2010-D31-045","commune":"Grenade","echelle":"1/2000","surface":"0.1 km²","format":"A4","annee":"2010","cartographes":"Hélène Fol","proprietaire":"31 - Haute-Garonne","niveau":"Initiation, Scolaire","specialite":"CO à pied","contacts":"Collège Grand-Selve, Grenade","latitude":"43.7772030008","longitude":"1.28467671707","date_saisie":"20/02/2015","date_depot":"15/05/2014","valide":"Oui","ppo":"Non","type_carte":"Nouvelle carte","fond":"Ortho","obsolete":false}},{"type":"Feature","geometry":{"type":"Polygon","coordinates":[[[0.9511,43.1125],[0.9509,43.1098],[0.9515,43.105],[0.9528,43.1049],[0.9533,43.104],[0.9557,43.1043],[0.9609,43.1042],[0.9627,43.1052],[0.9614,43.1098],[0.9635,43.1105],[0.9632,43.1147],[0.9616,43.115],[0.9581,43.115],[0.9569,43.1156],[0.956,43.1152],[0.9548,43.1157],[0.9542,43.1151],[0.9527,43.1149],[0.9511,43.1125]]]},"properties":{"id_ffco":"2009-D31-044","nom":"Salies-du-Salat","_dept":"31","numero":"2009-D31-044","commune":"Salies-du-Salat","echelle":"1/5000","surface":"1.1 km²","format":"A4","annee":"2009","cartographes":"Olivier Thomas","proprietaire":"3107 - LES DES'ORIENTES 31","niveau":"Initiation, Scolaire","specialite":"CO à pied","contacts":"CDCO31, https://www.cdco31.fr/carto/D31-044/ // Collège de Salies-du-Salat, 31260, Salies-du-Salat","latitude":"43.1098151874","longitude":"0.956986866126","date_saisie":"20/02/2015","date_depot":"16/01/2014","valide":"Oui","ppo":"Non","type_carte":"Nouvelle carte","fond":"Cadastre","url":"https://www.cdco31.fr/carto/D31-044/","obsolete":false}},{"type":"Feature","geometry":{"type":"Polygon","coordinates":[[[1.5649,43.5666],[1.5682,43.5688],[1.5689,43.5759],[1.5671,43.5821],[1.5782,43.5836],[1.5886,43.5845],[1.6018,43.5798],[1.6058,43.5756],[1.6135,43.5731],[1.6082,43.5626],[1.5972,43.5586],[1.5928,43.5553],[1.5829,43.5583],[1.5649,43.5666]]]},"properties":{"id_ffco":"2009-D31-043","nom":"Les coteaux d'Aigrefeuille","_dept":"31","numero":"2009-D31-043","commune":"Aigrefeuille","echelle":"1/15000","surface":"8.33 km²","format":"A4","annee":"2009","cartographes":"Christian Escudié","proprietaire":"31 - Haute-Garonne","niveau":"Départemental","specialite":"Rand'O","contacts":"CDCO31, https://www.cdco31.fr/","latitude":"43.5707674444","longitude":"1.58835831415","date_saisie":"19/02/2015","date_depot":"04/01/2014","valide":"Oui","ppo":"Non","type_carte":"Nouvelle carte","fond":"IGN","url":"https://www.cdco31.fr/carto/D31-043/","obsolete":false}},{"type":"Feature","geometry":{"type":"Polygon","coordinates":[[[1.4773,43.3458],[1.4777,43.3442],[1.4786,43.3426],[1.4806,43.3403],[1.482,43.3404],[1.4797,43.3458],[1.4773,43.3458]]]},"properties":{"id_ffco":"2008-D31-042","nom":"Bois de Notre-Dame","_dept":"31","numero":"2008-D31-042","commune":"Auterive","echelle":"1/2500","surface":"0.11 km²","format":"A4","annee":"2008","cartographes":"Olivier Thomas","proprietaire":"31 - Haute-Garonne","niveau":"Initiation, Scolaire","specialite":"CO à pied","contacts":"CDCO31, https://www.cdco31.fr/","latitude":"43.3432722856","longitude":"1.47958447496","date_saisie":"19/02/2015","date_depot":"04/01/2014","valide":"Oui","ppo":"Non","type_carte":"Nouvelle carte","fond":"Ortho","url":"https://www.cdco31.fr/carto/D31-042/","obsolete":false}},{"type":"Feature","geometry":{"type":"Polygon","coordinates":[[[0.6382,42.9296],[0.6427,42.9306],[0.6462,42.9311],[0.6497,42.9313],[0.6502,42.9291],[0.6467,42.9286],[0.6437,42.9284],[0.6432,42.9278],[0.6411,42.9271],[0.6384,42.9277],[0.6382,42.9284],[0.6382,42.9296]]]},"properties":{"id_ffco":"2008-D31-041","nom":"Pyrénées Hô 2","_dept":"31","numero":"2008-D31-041","commune":"Cierp-Gaud","echelle":"1/4000","surface":"0.27 km²","format":"A4","annee":"2008","cartographes":"Olivier Thomas","proprietaire":"31 - Haute-Garonne","niveau":"Initiation, Scolaire","specialite":"CO à pied","contacts":"Pyrénées HO, Avenue de Rouziet , 31440, Cierp-Gaud, 05 61 94 08 36,  06 58 07 19 96, https://www.pyrenees-ho.com/","latitude":"42.9293741427","longitude":"0.643999806545","date_saisie":"19/02/2015","date_depot":"16/01/2014","valide":"Oui","ppo":"Non","type_carte":"Nouvelle carte","fond":"Cadastre","obsolete":false}},{"type":"Feature","geometry":{"type":"Polygon","coordinates":[[[1.3282,43.4518],[1.3288,43.4526],[1.3294,43.4525],[1.3299,43.453],[1.331,43.4533],[1.3315,43.4524],[1.3322,43.4519],[1.3308,43.4506],[1.3282,43.4518]]]},"properties":{"id_ffco":"2008-D31-040","nom":"Espace J. Auriol","_dept":"31","numero":"2008-D31-040","commune":"Muret","echelle":"1/2000","surface":"0.05 km²","format":"A4","annee":"2008","cartographes":"Olivier Thomas","proprietaire":"31 - Haute-Garonne","niveau":"Initiation, Scolaire","specialite":"CO à pied","contacts":"CDCO31, https://www.cdco31.fr/","latitude":"43.4519532418","longitude":"1.33029395057","date_saisie":"19/02/2015","date_depot":"15/05/2014","valide":"Oui","ppo":"Non","type_carte":"Nouvelle carte","fond":"Ortho","url":"https://www.cdco31.fr/carto/D31-040/","obsolete":false}},{"type":"Feature","geometry":{"type":"Polygon","coordinates":[[[1.3244,43.4618],[1.3254,43.4631],[1.3279,43.4639],[1.3299,43.4633],[1.3312,43.4635],[1.3326,43.4626],[1.3323,43.4613],[1.3271,43.4584],[1.3245,43.461],[1.3244,43.4618]]]},"properties":{"id_ffco":"2008-D31-039","nom":"Muret Vieux Centre","_dept":"31","numero":"2008-D31-039","commune":"Muret","echelle":"1/4000","surface":"0.25 km²","format":"A4","annee":"2008","cartographes":"Olivier Thomas","proprietaire":"31 - Haute-Garonne","niveau":"Initiation, Scolaire","specialite":"CO à pied","contacts":"CDCO31, https://www.cdco31.fr/","latitude":"43.461497525","longitude":"1.32827242168","date_saisie":"01/02/2015","date_depot":"15/05/2014","valide":"Oui","ppo":"Non","type_carte":"Nouvelle carte","fond":"Ortho","url":"https://www.cdco31.fr/carto/D31-039/","obsolete":false}},{"type":"Feature","geometry":{"type":"Polygon","coordinates":[[[1.179,43.5165],[1.1894,43.5201],[1.1925,43.5203],[1.1938,43.5178],[1.1923,43.5172],[1.1929,43.5157],[1.1794,43.5153],[1.179,43.5165]]]},"properties":{"id_ffco":"2008-D31-035","nom":"Coulée verte de l'Ayguebelle","_dept":"31","numero":"2008-D31-035","commune":"Saint Lys","echelle":"1/5000","surface":"0.41 km²","format":"A4","annee":"2008","cartographes":"Gérald Augagneur, Sébastien Mena","proprietaire":"31 - Haute-Garonne","niveau":"Initiation, Scolaire","specialite":"CO à pied","contacts":"CDCO31, https://www.cdco31.fr/carto/D31-035/","latitude":"43.5173862354","longitude":"1.18734164608","date_saisie":"04/11/2009","date_depot":"06/11/2009","valide":"Oui","ppo":"Oui (40 postes)","type_carte":"Nouvelle carte","fond":"Ortho","url":"https://www.cdco31.fr/carto/D31-035/","obsolete":false}},{"type":"Feature","geometry":{"type":"Polygon","coordinates":[[[1.4978,43.8529],[1.5,43.8517],[1.5024,43.8512],[1.5035,43.8522],[1.5038,43.8532],[1.5029,43.8541],[1.5022,43.8538],[1.4995,43.8555],[1.4978,43.8529]]]},"properties":{"id_ffco":"2008-D31-034","nom":"Parc de CALAR","_dept":"31","numero":"2008-D31-034","commune":"Villemur sur Tarn","echelle":"1/3000","surface":"0.13 km²","format":"A4","annee":"2008","cartographes":"Ch Escudie, JD Bourgeois","proprietaire":"31 - Haute-Garonne","niveau":"Initiation, Scolaire","specialite":"CO à pied","contacts":"CDCO31, https://www.cdco31.fr/carto/D31-034/ // Collège A.Camus, VILLEMUR","latitude":"43.8531166788","longitude":"1.50081910621","date_saisie":"13/01/2010","date_depot":"20/01/2010","valide":"Oui","ppo":"Non","type_carte":"Nouvelle carte","fond":"Cadastre","url":"https://www.cdco31.fr/carto/D31-034/","obsolete":false}},{"type":"Feature","geometry":{"type":"Polygon","coordinates":[[[1.4083,43.6232],[1.4104,43.6244],[1.4113,43.6233],[1.4119,43.6203],[1.4113,43.6203],[1.4115,43.6198],[1.4099,43.6198],[1.4097,43.6203],[1.4082,43.6202],[1.4083,43.6232]]]},"properties":{"id_ffco":"2005-D31-031","nom":"COMPLEXE SPORTIF du TOAC","_dept":"31","numero":"2005-D31-031","commune":"Toulouse","echelle":"1/2000","surface":"0.11 km²","format":"A4","annee":"2005","cartographes":"L Berbett","proprietaire":"3105 - TOAC ORIENTATION","niveau":"Initiation, Scolaire","specialite":"CO à pied","contacts":"TOAC, contact@toac-orientation.fr, https://toac-orientation.fr/club48tx5e9/","latitude":"43.6218868181","longitude":"1.40996244227","date_saisie":"14/04/2006","date_depot":"14/04/2006","valide":"Oui","ppo":"Non","type_carte":"Nouvelle carte","fond":"Cadastre","obsolete":false}},{"type":"Feature","geometry":{"type":"Polygon","coordinates":[[[1.3832,43.8383],[1.3855,43.8389],[1.3868,43.8364],[1.3849,43.8357],[1.3839,43.8379],[1.3835,43.8379],[1.3832,43.8383]]]},"properties":{"id_ffco":"2004-D31-025","nom":"Stade de Fronton","_dept":"31","numero":"2004-D31-025","commune":"Fronton","echelle":"1/1500","surface":"0.05 km²","format":"A4","annee":"2004","cartographes":"Benoit Blein","proprietaire":"31 - Haute-Garonne","niveau":"Initiation, Scolaire","specialite":"CO à pied","contacts":"CDCO31, https://www.cdco31.fr/carto/D31-025/ // Collège de Fronton","latitude":"43.8373601767","longitude":"1.38517001534","date_saisie":"01/02/2015","date_depot":"02/11/2016","valide":"Oui","ppo":"Non","type_carte":"Nouvelle carte","fond":"Ortho","url":"https://www.cdco31.fr/carto/D31-025/","obsolete":false}},{"type":"Feature","geometry":{"type":"Polygon","coordinates":[[[1.321,43.6498],[1.3227,43.6495],[1.3243,43.6501],[1.3253,43.6508],[1.3253,43.651],[1.3273,43.6519],[1.3268,43.6527],[1.325,43.6524],[1.3246,43.6516],[1.3242,43.6519],[1.322,43.6514],[1.321,43.6502],[1.321,43.6498]]]},"properties":{"id_ffco":"2012-D31-023","nom":"Parc de l'Aussonnelle","_dept":"31","numero":"2012-D31-023","commune":"Cornebarrieu","echelle":"1/2000","surface":"0.08 km²","format":"A4","annee":"2012","cartographes":"P.Capbern","proprietaire":"3105 - TOAC ORIENTATION","niveau":"Initiation, Scolaire","specialite":"CO à pied","contacts":"TOAC, contact@toac-orientation.fr, https://toac-orientation.fr/club48tx5e9/","latitude":"43.6510234126","longitude":"1.3239264647","date_saisie":"30/01/2015","date_depot":"04/01/2014","valide":"Oui","ppo":"Non","type_carte":"Nouvelle carte","fond":"Cadastre","obsolete":false}},{"type":"Feature","geometry":{"type":"Polygon","coordinates":[[[1.3863,43.8358],[1.3893,43.8355],[1.3893,43.8325],[1.3877,43.8323],[1.3879,43.8344],[1.3859,43.8346],[1.386,43.8358],[1.3863,43.8358]]]},"properties":{"id_ffco":"2004-D31-022","nom":"Parc de Fronton","_dept":"31","numero":"2004-D31-022","commune":"Fronton","echelle":"1/2000","surface":"0.06 km²","format":"A4","annee":"2004","cartographes":"G.Leveque","proprietaire":"31 - Haute-Garonne","niveau":"Initiation, Scolaire","specialite":"CO à pied","contacts":"CDCO31, https://www.cdco31.fr/","latitude":"43.8343615276","longitude":"1.38799776769","date_saisie":"30/01/2015","date_depot":"04/01/2014","valide":"Oui","ppo":"Non","type_carte":"Nouvelle carte","fond":"Cadastre","url":"https://www.cdco31.fr/carto/D31-022/","obsolete":false}},{"type":"Feature","geometry":{"type":"Polygon","coordinates":[[[1.224,43.6694],[1.2278,43.6693],[1.2302,43.6702],[1.232,43.6686],[1.234,43.6699],[1.2355,43.6686],[1.2354,43.6672],[1.2367,43.6665],[1.2373,43.6671],[1.2386,43.6663],[1.2382,43.6656],[1.2381,43.6615],[1.2387,43.6609],[1.2379,43.6594],[1.2408,43.6566],[1.235,43.653],[1.2385,43.6501],[1.2355,43.6485],[1.215,43.6483],[1.2132,43.6524],[1.2141,43.6608],[1.2171,43.6627],[1.2181,43.6635],[1.2169,43.6681],[1.2175,43.67],[1.2207,43.6707],[1.224,43.6694]]]},"properties":{"id_ffco":"2012-D31-015","nom":"ESO base de Loisirs de Bouconne","_dept":"31","numero":"2012-D31-015","commune":"Montaigut sur Save","echelle":"1/10000","surface":"4.3 km²","format":"A4","annee":"2012","cartographes":"ESCUDIE Christian, RUFFIO Stéphane","niveau":"Initiation, Scolaire","specialite":"CO à pied","contacts":"Base de Loisirs Bouconne, syndicat@bouconne.fr","latitude":"43.6586578762","longitude":"1.22629265564","date_depot":"02/11/2016","valide":"Oui","ppo":"Oui (50 postes)","type_carte":"Nouvelle carte","fond":"Ortho","obsolete":false}},{"type":"Feature","geometry":{"type":"Polygon","coordinates":[[[1.2088,43.6512],[1.21,43.6559],[1.2146,43.6676],[1.2264,43.6696],[1.2381,43.6673],[1.2376,43.6609],[1.2462,43.6663],[1.2553,43.67],[1.2625,43.6691],[1.2699,43.664],[1.2719,43.6579],[1.2647,43.6589],[1.2609,43.6485],[1.2657,43.6458],[1.263,43.641],[1.2541,43.6371],[1.2417,43.6366],[1.2321,43.6347],[1.2221,43.6419],[1.2088,43.6512]]]},"properties":{"id_ffco":"1997-D31-014","nom":"BOUCONNE NORD","_dept":"31","numero":"1997-D31-014","commune":"LEGUEVIN","echelle":"1/15000","surface":"13.85 km²","format":"A3","annee":"1997","cartographes":"S Ruffio","proprietaire":"3105 - TOAC ORIENTATION","niveau":"Interrégional","specialite":"CO à pied","contacts":"TOAC, contact@toac-orientation.fr, https://toac-orientation.fr/club48tx5e9/","latitude":"43.6534926483","longitude":"1.23952129942","date_saisie":"28/03/1998","valide":"Oui","ppo":"Non","type_carte":"Nouvelle carte","fond":"Ortho","obsolete":false}}]}