{"type":"FeatureCollection","features":[{"type":"Feature","geometry":null,"properties":{"id_ffco":"2026-D38-502","nom":"test","_dept":"38","numero":"2026-D38-502","surface":"None km²","annee":"2026","date_saisie":"01/03/2026","valide":"Non","ppo":"Non","obsolete":false}},{"type":"Feature","geometry":null,"properties":{"id_ffco":"2026-D38-501","nom":"xx","_dept":"38","numero":"2026-D38-501","surface":"None km²","annee":"2026","date_saisie":"16/02/2026","valide":"Non","ppo":"Non","obsolete":false}},{"type":"Feature","geometry":{"type":"Polygon","coordinates":[[[5.7766,45.1946],[5.7781,45.1917],[5.7801,45.1919],[5.7795,45.1948],[5.7766,45.1946]]]},"properties":{"id_ffco":"2025-D38-500","nom":"Arboretum Robert Ruffier-Lanche","_dept":"38","numero":"2025-D38-500","commune":"Saint Martin d'Hères","echelle":"1/1500","surface":"0.06 km²","format":"A4","annee":"2025","cartographes":"David Barranger","proprietaire":"38 - Isère","niveau":"Initiation, Scolaire","specialite":"Sprint (ISSOM)","contacts":"CDCO 38, 7 rue de l'Industrie, 38320, Eybens, contact@cdco38.fr, http://cdco38.fr/","latitude":"45.1933689395","longitude":"5.77854916321","date_saisie":"28/12/2025","date_depot":"25/02/2026","valide":"Oui","ppo":"Non","type_carte":"Nouvelle carte","fond":"IGN","obsolete":false}},{"type":"Feature","geometry":{"type":"Polygon","coordinates":[[[5.9988,45.2579],[5.9922,45.2576],[5.9918,45.2529],[5.9919,45.2521],[5.9934,45.2503],[5.9942,45.2506],[5.9944,45.2544],[5.9974,45.2547],[6.0003,45.2563],[5.9988,45.2579]]]},"properties":{"id_ffco":"2025-D38-499","nom":"Prapoutel Station","_dept":"38","numero":"2025-D38-499","commune":"Les Adrets","echelle":"1/4000","surface":"0.27 km²","format":"A4","annee":"2025","cartographes":"David Barranger","proprietaire":"38 - Isère","niveau":"Initiation, Scolaire","specialite":"Sprint (ISSOM)","contacts":"CDCO 38, 7 rue de l'Industrie, 38320, Eybens, contact@cdco38.fr, http://cdco38.fr/","latitude":"45.2552406176","longitude":"5.99501127975","date_saisie":"28/12/2025","date_depot":"25/02/2026","valide":"Oui","ppo":"Oui (11 postes)","type_carte":"Nouvelle carte","fond":"IGN","obsolete":false}},{"type":"Feature","geometry":{"type":"Polygon","coordinates":[[[5.8044,45.3222],[5.8066,45.3222],[5.8065,45.3237],[5.8066,45.3242],[5.8057,45.3246],[5.8054,45.3244],[5.8049,45.3233],[5.8046,45.3227],[5.8044,45.3222]]]},"properties":{"id_ffco":"2025-D38-498","nom":"Village de Saint Hugues de Chartreuse","_dept":"38","numero":"2025-D38-498","commune":"Saint Hugues de Chartreuse","echelle":"1/1000","surface":"0.03 km²","format":"A4","annee":"2025","cartographes":"David Barranger","proprietaire":"38 - Isère","niveau":"Initiation, Scolaire","specialite":"Sprint (ISSOM)","contacts":"CDCO 38, 7 rue de l'Industrie, 38320, Eybens, contact@cdco38.fr, http://cdco38.fr/","latitude":"45.3232179877","longitude":"5.80568178014","date_saisie":"28/12/2025","date_depot":"25/02/2026","valide":"Oui","ppo":"Non","type_carte":"Nouvelle carte","fond":"IGN","obsolete":false}},{"type":"Feature","geometry":{"type":"Polygon","coordinates":[[[5.8055,45.3398],[5.8078,45.3398],[5.807,45.3364],[5.8076,45.3348],[5.8064,45.3346],[5.8058,45.3351],[5.8055,45.3358],[5.8063,45.3366],[5.8051,45.3384],[5.8054,45.3396],[5.8055,45.3398]]]},"properties":{"id_ffco":"2025-D38-497","nom":"La Diat","_dept":"38","numero":"2025-D38-497","commune":"Saint Pierre de Chartreuse","echelle":"1/2000","surface":"0.08 km²","format":"A4","annee":"2025","cartographes":"David Barranger","proprietaire":"38 - Isère","niveau":"Initiation, Scolaire","specialite":"Sprint (ISSOM)","contacts":"CDCO 38, 7 rue de l'Industrie, 38320, Eybens, contact@cdco38.fr, http://cdco38.fr/","latitude":"45.337538889","longitude":"5.80649769901","date_saisie":"28/12/2025","date_depot":"25/02/2026","valide":"Oui","ppo":"Non","type_carte":"Nouvelle carte","fond":"IGN","obsolete":false}},{"type":"Feature","geometry":{"type":"Polygon","coordinates":[[[5.8119,45.342],[5.8134,45.3413],[5.8141,45.3417],[5.8154,45.3412],[5.816,45.3414],[5.8176,45.341],[5.8183,45.3426],[5.8173,45.344],[5.8175,45.3458],[5.8161,45.3459],[5.8148,45.3439],[5.8131,45.3437],[5.8119,45.3426],[5.8119,45.342]]]},"properties":{"id_ffco":"2025-D38-496","nom":"Saint Pierre de Chartreuse","_dept":"38","numero":"2025-D38-496","commune":"Saint Pierre de Chartreuse","echelle":"1/2500","surface":"0.16 km²","format":"A4","annee":"2025","cartographes":"David Barranger","proprietaire":"38 - Isère","niveau":"Initiation, Scolaire","specialite":"Sprint (ISSOM)","contacts":"CDCO 38, 7 rue de l'Industrie, 38320, Eybens, contact@cdco38.fr, http://cdco38.fr/","latitude":"45.3430485994","longitude":"5.81548810891","date_saisie":"28/12/2025","date_depot":"25/02/2026","valide":"Oui","ppo":"Non","type_carte":"Nouvelle carte","fond":"IGN","obsolete":false}},{"type":"Feature","geometry":{"type":"Polygon","coordinates":[[[6.1171,44.9918],[6.1145,44.9908],[6.1141,44.9856],[6.1202,44.9824],[6.1235,44.9849],[6.1237,44.9863],[6.1171,44.9918]]]},"properties":{"id_ffco":"2025-D38-495","nom":"Venosc","_dept":"38","numero":"2025-D38-495","commune":"Venosc","echelle":"1/4000","surface":"0.48 km²","format":"A4","annee":"2025","cartographes":"Franck Dechavanne","proprietaire":"38 - Isère","niveau":"Initiation, Scolaire","specialite":"Sprint (ISSOM)","contacts":"CDCO 38, 7 rue de l'Industrie, 38320, Eybens, contact@cdco38.fr, http://cdco38.fr/","latitude":"44.9869705461","longitude":"6.11839777056","date_saisie":"28/12/2025","date_depot":"25/02/2026","valide":"Oui","ppo":"Non","type_carte":"Nouvelle carte","fond":"IGN","obsolete":false}},{"type":"Feature","geometry":{"type":"Polygon","coordinates":[[[5.4187,45.718],[5.4066,45.7272],[5.4038,45.7506],[5.4073,45.7565],[5.4175,45.7642],[5.4122,45.7664],[5.4048,45.7797],[5.4104,45.7851],[5.4207,45.787],[5.4322,45.7808],[5.439,45.7749],[5.4426,45.762],[5.4364,45.751],[5.4439,45.7465],[5.4401,45.7327],[5.4352,45.7303],[5.4295,45.7146],[5.4384,45.7131],[5.4368,45.7098],[5.4249,45.7092],[5.4165,45.7117],[5.4187,45.718]]]},"properties":{"id_ffco":"2025-D38-494","nom":"Etangs de la Serre","_dept":"38","numero":"2025-D38-494","commune":"Arandon","echelle":"1/25000","surface":"18.53 km²","format":"A4","annee":"2025","cartographes":"Nicolas Pinsard","proprietaire":"38 - Isère","niveau":"Régional","specialite":"CO à VTT","contacts":"CDCO 38, 7 rue de l'Industrie, 38320, Eybens, contact@cdco38.fr, http://cdco38.fr/","latitude":"45.7494839227","longitude":"5.42337534221","date_saisie":"28/12/2025","date_depot":"25/02/2026","valide":"Oui","ppo":"Non","type_carte":"Nouvelle carte","fond":"IGN","obsolete":false}},{"type":"Feature","geometry":{"type":"Polygon","coordinates":[[[5.4299,45.7178],[5.4319,45.7134],[5.4361,45.7133],[5.4488,45.7184],[5.4502,45.7297],[5.4439,45.7299],[5.4389,45.7277],[5.4346,45.7284],[5.4299,45.7178]]]},"properties":{"id_ffco":"2025-D38-493","nom":"Bois du Mont","_dept":"38","numero":"2025-D38-493","commune":"Arandon","echelle":"1/10000","surface":"2.06 km²","format":"A4","annee":"2025","cartographes":"Nicolas Pinsard","proprietaire":"38 - Isère","niveau":"Départemental","specialite":"CO à pied","contacts":"CDCO 38, 7 rue de l'Industrie, 38320, Eybens, contact@cdco38.fr, http://cdco38.fr/","latitude":"45.7217699814","longitude":"5.44021880609","date_saisie":"28/12/2025","date_depot":"25/02/2026","valide":"Oui","ppo":"Non","type_carte":"Nouvelle carte","fond":"IGN","obsolete":false}},{"type":"Feature","geometry":{"type":"Polygon","coordinates":[[[5.3376,45.6765],[5.3468,45.6811],[5.3469,45.6848],[5.3434,45.6883],[5.3477,45.6886],[5.3475,45.6903],[5.3566,45.6886],[5.3567,45.687],[5.3576,45.6776],[5.3483,45.6744],[5.3376,45.6765]]]},"properties":{"id_ffco":"2025-D38-492","nom":"Bois et étangs de Varézieu","_dept":"38","numero":"2025-D38-492","commune":"Trept","echelle":"1/7500","surface":"1.51 km²","format":"A4","annee":"2025","cartographes":"Nicolas Pinsard","proprietaire":"38 - Isère","niveau":"Initiation, Scolaire","specialite":"CO à pied","contacts":"CDCO 38, 7 rue de l'Industrie, 38320, Eybens, contact@cdco38.fr, http://cdco38.fr/","latitude":"45.6817856009","longitude":"5.35010852832","date_saisie":"28/12/2025","date_depot":"25/02/2026","valide":"Oui","ppo":"Non","type_carte":"Nouvelle carte","fond":"IGN","obsolete":false}},{"type":"Feature","geometry":{"type":"Polygon","coordinates":[[[5.4406,45.7931],[5.4457,45.787],[5.4442,45.7858],[5.4451,45.7828],[5.4424,45.7806],[5.4401,45.7813],[5.437,45.7828],[5.435,45.7834],[5.4321,45.7858],[5.4317,45.7893],[5.4345,45.7904],[5.4334,45.792],[5.4339,45.7932],[5.4406,45.7931]]]},"properties":{"id_ffco":"2025-D38-491","nom":"Chateau et Port de Quirieu","_dept":"38","numero":"2025-D38-491","commune":"Bouvesse Quirieu","echelle":"1/5000","surface":"1.03 km²","format":"A4","annee":"2025","cartographes":"Nicolas Pinsard","proprietaire":"38 - Isère","niveau":"Initiation, Scolaire","specialite":"Sprint (ISSOM)","contacts":"CDCO 38, 7 rue de l'Industrie, 38320, Eybens, contact@cdco38.fr, http://cdco38.fr/","latitude":"45.7872181637","longitude":"5.43874221399","date_saisie":"28/12/2025","date_depot":"25/02/2026","valide":"Oui","ppo":"Non","type_carte":"Nouvelle carte","fond":"IGN","obsolete":false}},{"type":"Feature","geometry":{"type":"Polygon","coordinates":[[[5.2058,45.6093],[5.2049,45.6072],[5.2064,45.6055],[5.2074,45.6055],[5.2101,45.6021],[5.2105,45.6011],[5.2078,45.5992],[5.2071,45.5983],[5.2074,45.5977],[5.2086,45.5981],[5.2135,45.598],[5.2147,45.5964],[5.2179,45.5971],[5.2206,45.5967],[5.2201,45.5991],[5.2233,45.5989],[5.226,45.6044],[5.223,45.6062],[5.2239,45.6069],[5.2209,45.6087],[5.2205,45.6098],[5.2169,45.6092],[5.208,45.6111],[5.2074,45.6089],[5.2058,45.6093]]]},"properties":{"id_ffco":"2025-D38-490","nom":"Les Trois Vallons","_dept":"38","numero":"2025-D38-490","commune":"L'Isle d'Abeau","echelle":"1/10000","surface":"1.7 km²","format":"A4","annee":"2025","cartographes":"Franck Dechavanne","proprietaire":"38 - Isère","niveau":"Initiation, Scolaire","specialite":"CO à pied","latitude":"45.6038853608","longitude":"5.21552551548","date_saisie":"28/12/2025","date_depot":"25/02/2026","valide":"Oui","ppo":"Non","type_carte":"Nouvelle carte","fond":"IGN","obsolete":false}},{"type":"Feature","geometry":{"type":"Polygon","coordinates":[[[5.2132,45.6059],[5.2126,45.6018],[5.2139,45.6002],[5.2149,45.5983],[5.217,45.5976],[5.2201,45.5995],[5.2222,45.6007],[5.2228,45.6023],[5.2227,45.6031],[5.2221,45.6046],[5.2205,45.6051],[5.2132,45.6059]]]},"properties":{"id_ffco":"2025-D38-489","nom":"Quartier des Trois Vallons","_dept":"38","numero":"2025-D38-489","commune":"L'Isle d'Abeau","echelle":"1/4000","surface":"0.52 km²","format":"A4","annee":"2025","cartographes":"Franck Dechavanne","proprietaire":"38 - Isère","niveau":"Régional","specialite":"Sprint (ISSOM)","contacts":"CDCO 38, 7 rue de l'Industrie, 38320, Eybens, contact@cdco38.fr, http://cdco38.fr/","latitude":"45.6021305203","longitude":"5.21743717852","date_saisie":"28/12/2025","date_depot":"25/02/2026","valide":"Oui","ppo":"Non","type_carte":"Nouvelle carte","fond":"IGN","obsolete":false}},{"type":"Feature","geometry":{"type":"Polygon","coordinates":[[[5.5419,45.0418],[5.5438,45.0397],[5.5435,45.0347],[5.539,45.0285],[5.5376,45.0259],[5.539,45.0222],[5.5375,45.0207],[5.5416,45.0185],[5.545,45.0204],[5.5456,45.0229],[5.548,45.0255],[5.5471,45.0303],[5.5517,45.0322],[5.5558,45.0351],[5.5577,45.0332],[5.56,45.0349],[5.5605,45.0362],[5.5604,45.0375],[5.5611,45.0386],[5.5612,45.0415],[5.5606,45.0428],[5.5547,45.0429],[5.5508,45.0416],[5.5486,45.0429],[5.5478,45.0419],[5.5467,45.0419],[5.5456,45.0426],[5.542,45.042],[5.5419,45.0418]]]},"properties":{"id_ffco":"2025-D38-488","nom":"Bois de Charpennes","_dept":"38","numero":"2025-D38-488","commune":"Villard de Lans","echelle":"1/10000","surface":"2.36 km²","format":"A4","annee":"2025","cartographes":"Corentin Roux","proprietaire":"38 - Isère","niveau":"National, International","specialite":"CO à pied","contacts":"CDCO 38, 7 rue de l'Industrie, 38320, Eybens, contact@cdco38.fr, http://cdco38.fr/","latitude":"45.0331814777","longitude":"5.54827487123","date_saisie":"28/12/2025","date_depot":"25/02/2026","valide":"Oui","ppo":"Non","type_carte":"Nouvelle carte","fond":"IGN","obsolete":false}},{"type":"Feature","geometry":{"type":"Polygon","coordinates":[[[5.635,45.479],[5.6361,45.4792],[5.6382,45.4784],[5.6406,45.4789],[5.6419,45.4771],[5.6428,45.4766],[5.6425,45.4738],[5.6418,45.4732],[5.6406,45.4729],[5.6393,45.4722],[5.6365,45.472],[5.6357,45.4731],[5.636,45.4745],[5.6355,45.477],[5.635,45.479]]]},"properties":{"id_ffco":"2025-D38-487","nom":"Domaine de Cotagon","_dept":"38","numero":"2025-D38-487","commune":"Saint Geoire en Valdaine","echelle":"1/3000","surface":"0.36 km²","format":"A4","annee":"2025","cartographes":"Franck Dechavanne","proprietaire":"38 - Isère","niveau":"Départemental","specialite":"CO à pied","contacts":"CDCO 38, 7 rue de l'Industrie, 38320, Eybens, contact@cdco38.fr, http://cdco38.fr/","latitude":"45.4755856503","longitude":"5.63879581595","date_saisie":"19/08/2025","date_depot":"20/01/2026","valide":"Oui","ppo":"Non","type_carte":"Nouvelle carte","fond":"IGN","obsolete":false}},{"type":"Feature","geometry":{"type":"Polygon","coordinates":[[[6.0707,45.3905],[6.0723,45.3951],[6.0745,45.3969],[6.0748,45.3972],[6.0757,45.3968],[6.0772,45.3983],[6.0784,45.3983],[6.0787,45.3957],[6.0775,45.3942],[6.0786,45.3919],[6.0777,45.3914],[6.0766,45.3915],[6.0723,45.3888],[6.0714,45.3896],[6.0707,45.3905]]]},"properties":{"id_ffco":"2025-D38-486","nom":"Allevard - Centre Ville","_dept":"38","numero":"2025-D38-486","commune":"Allevard","echelle":"1/4000","surface":"0.38 km²","format":"A4","annee":"2025","cartographes":"David Barranger","proprietaire":"38 - Isère","niveau":"Régional","specialite":"CO à pied","contacts":"CDCO 38, 7 rue de l'Industrie, 38320, Eybens, contact@cdco38.fr, http://cdco38.fr/","latitude":"45.3935118166","longitude":"6.07488419946","date_saisie":"19/08/2025","date_depot":"20/01/2026","valide":"Oui","ppo":"Oui (11 postes)","type_carte":"Reprise","base":"2017-D38-251 Allevard -Centre Ville","fond":"IGN","obsolete":false}},{"type":"Feature","geometry":{"type":"Polygon","coordinates":[[[6.0833,45.4069],[6.0839,45.4075],[6.0844,45.4083],[6.085,45.4092],[6.0854,45.4098],[6.0866,45.4097],[6.0863,45.4071],[6.0858,45.4067],[6.0854,45.4066],[6.0841,45.4065],[6.0836,45.4064],[6.0833,45.4069]]]},"properties":{"id_ffco":"2025-D38-485","nom":"Allevard - Lac de la Mirande","_dept":"38","numero":"2025-D38-485","commune":"Allevard","echelle":"1/2000","surface":"0.06 km²","format":"A4","annee":"2025","cartographes":"David Barranger","proprietaire":"38 - Isère","niveau":"Initiation, Scolaire","specialite":"CO à pied","contacts":"CDCO 38, 7 rue de l'Industrie, 38320, Eybens, contact@cdco38.fr, http://cdco38.fr/","latitude":"45.4079387927","longitude":"6.0852156488","date_saisie":"19/08/2025","date_depot":"20/01/2026","valide":"Oui","ppo":"Oui (11 postes)","type_carte":"Reprise","base":"2017-D38-253 Allevard - Lac de Mirande","fond":"IGN","obsolete":false}},{"type":"Feature","geometry":{"type":"Polygon","coordinates":[[[5.6715,45.0522],[5.6724,45.0528],[5.6728,45.053],[5.6729,45.0529],[5.6734,45.0526],[5.6744,45.0519],[5.6727,45.0511],[5.6716,45.0517],[5.6715,45.052],[5.6715,45.0522]]]},"properties":{"id_ffco":"2025-D38-484","nom":"Vif - Collège Le Massegu","_dept":"38","numero":"2025-D38-484","commune":"Vif","echelle":"1/1200","surface":"0.03 km²","format":"A4","annee":"2025","cartographes":"David Barranger","proprietaire":"38 - Isère","niveau":"Initiation, Scolaire","specialite":"CO à pied","contacts":"CDCO 38, 7 rue de l'Industrie, 38320, Eybens, contact@cdco38.fr, http://cdco38.fr/","latitude":"45.0520200492","longitude":"5.67282305241","date_saisie":"19/08/2025","date_depot":"20/01/2026","valide":"Oui","ppo":"Non","type_carte":"Nouvelle carte","fond":"IGN","obsolete":false}},{"type":"Feature","geometry":{"type":"Polygon","coordinates":[[[5.6133,45.3549],[5.6137,45.3548],[5.614,45.3545],[5.6128,45.3538],[5.6123,45.3536],[5.6119,45.3541],[5.6126,45.3543],[5.6131,45.3547],[5.6133,45.3549]]]},"properties":{"id_ffco":"2025-D38-483","nom":"Coublevie - Parc de la Mairie","_dept":"38","numero":"2025-D38-483","commune":"Coublevie","echelle":"1/1000","surface":"0.01 km²","format":"A4","annee":"2025","cartographes":"Franck Dechavanne","proprietaire":"38 - Isère","niveau":"Initiation, Scolaire","specialite":"CO à pied","contacts":"CDCO 38, 7 rue de l'Industrie, 38320, Eybens, contact@cdco38.fr, http://cdco38.fr/","latitude":"45.3542602715","longitude":"5.61297741838","date_saisie":"19/08/2025","date_depot":"20/01/2026","valide":"Oui","ppo":"Non","type_carte":"Nouvelle carte","fond":"IGN","obsolete":false}},{"type":"Feature","geometry":{"type":"Polygon","coordinates":[[[5.6108,45.3564],[5.6132,45.3551],[5.6149,45.3553],[5.6152,45.3559],[5.6161,45.3563],[5.6168,45.3558],[5.6173,45.3559],[5.6206,45.3539],[5.6203,45.3535],[5.6217,45.3526],[5.622,45.3496],[5.6198,45.3495],[5.6175,45.3504],[5.6162,45.3511],[5.6152,45.3517],[5.6144,45.3519],[5.6141,45.3493],[5.6115,45.3498],[5.6106,45.3505],[5.6107,45.352],[5.6086,45.3517],[5.6077,45.3531],[5.6069,45.3537],[5.6081,45.355],[5.6108,45.3564]]]},"properties":{"id_ffco":"2025-D38-482","nom":"Coublevie - Bois du Roux","_dept":"38","numero":"2025-D38-482","commune":"Coublevie","echelle":"1/4000","surface":"0.58 km²","format":"A4","annee":"2025","cartographes":"Franck Dechavanne","proprietaire":"38 - Isère","niveau":"Départemental","specialite":"CO à pied","contacts":"CDCO 38, 7 rue de l'Industrie, 38320, Eybens, contact@cdco38.fr, http://cdco38.fr/","latitude":"45.3528780969","longitude":"5.61475889924","date_saisie":"19/08/2025","date_depot":"20/01/2026","valide":"Oui","ppo":"Non","type_carte":"Nouvelle carte","base":"2025-D38-475 Montferrat - Stade Municipal Jo Rajon","fond":"IGN","obsolete":false}},{"type":"Feature","geometry":{"type":"Polygon","coordinates":[[[5.6298,45.3608],[5.6354,45.359],[5.6374,45.3599],[5.64,45.3616],[5.6432,45.36],[5.6371,45.3483],[5.6361,45.3485],[5.6359,45.3472],[5.6343,45.3456],[5.6317,45.3439],[5.6286,45.3426],[5.6258,45.3435],[5.6234,45.3455],[5.6214,45.3473],[5.6195,45.3496],[5.6168,45.3506],[5.6151,45.3517],[5.6127,45.3518],[5.6087,45.3518],[5.6079,45.3532],[5.607,45.3538],[5.6079,45.3549],[5.6108,45.3567],[5.6132,45.3552],[5.6149,45.3553],[5.6151,45.356],[5.6159,45.3563],[5.6165,45.3561],[5.6171,45.3559],[5.6205,45.3562],[5.6216,45.3569],[5.6219,45.3581],[5.6256,45.359],[5.6254,45.3603],[5.6266,45.361],[5.6298,45.3608]]]},"properties":{"id_ffco":"2025-D38-481","nom":"Coublevie - Bois des Chartreux","_dept":"38","numero":"2025-D38-481","commune":"Coublevie","echelle":"1/10000","surface":"2.98 km²","format":"A4","annee":"2025","cartographes":"Franck Dechavanne","proprietaire":"38 - Isère","niveau":"Régional","specialite":"CO à pied","contacts":"CDCO 38, 7 rue de l'Industrie, 38320, Eybens, contact@cdco38.fr, http://cdco38.fr/","latitude":"45.3529028647","longitude":"5.62767861878","date_saisie":"19/08/2025","date_depot":"20/01/2026","valide":"Oui","ppo":"Non","type_carte":"Nouvelle carte","fond":"IGN","obsolete":false}},{"type":"Feature","geometry":{"type":"Polygon","coordinates":[[[5.3053,45.6972],[5.2927,45.7027],[5.2897,45.7016],[5.2896,45.6991],[5.2849,45.694],[5.2829,45.6875],[5.2895,45.6847],[5.2907,45.6848],[5.2985,45.6814],[5.2994,45.6847],[5.2982,45.6891],[5.3053,45.6972]]]},"properties":{"id_ffco":"2025-D38-480","nom":"Pierre de Dieu","_dept":"38","numero":"2025-D38-480","commune":"Trept","echelle":"1/10000","surface":"2.26 km²","format":"A4","annee":"2025","cartographes":"Corentin Roux","proprietaire":"38 - Isère","niveau":"Régional","specialite":"CO à pied","contacts":"CDCO 38, 7 rue de l'Industrie, 38320, Eybens, contact@cdco38.fr, http://cdco38.fr/","latitude":"45.6925019886","longitude":"5.2935321957","date_saisie":"19/08/2025","date_depot":"20/01/2026","valide":"Oui","ppo":"Non","type_carte":"Nouvelle carte","fond":"IGN","obsolete":false}},{"type":"Feature","geometry":{"type":"Polygon","coordinates":[[[5.5972,45.3635],[5.5978,45.3639],[5.5986,45.3633],[5.5977,45.363],[5.5972,45.3635]]]},"properties":{"id_ffco":"2025-D38-479","nom":"Voiron - Ecole Jean de la Fontaine","_dept":"38","numero":"2025-D38-479","commune":"Voiron","echelle":"1/500","surface":"0.01 km²","format":"A4","annee":"2025","cartographes":"Franck Dechavanne","proprietaire":"38 - Isère","niveau":"Initiation, Scolaire","specialite":"CO à pied","contacts":"CDCO 38, 7 rue de l'Industrie, 38320, Eybens, contact@cdco38.fr, http://cdco38.fr/","latitude":"45.3633987593","longitude":"5.5978493575","date_saisie":"19/08/2025","date_depot":"20/01/2026","valide":"Oui","ppo":"Non","type_carte":"Nouvelle carte","fond":"IGN","obsolete":false}},{"type":"Feature","geometry":{"type":"Polygon","coordinates":[[[5.5834,45.3574],[5.584,45.3579],[5.5849,45.3575],[5.585,45.3571],[5.5848,45.357],[5.5846,45.357],[5.5844,45.3568],[5.5834,45.3574]]]},"properties":{"id_ffco":"2025-D38-478","nom":"Voiron - Ecole de Criel","_dept":"38","numero":"2025-D38-478","commune":"Voiron","echelle":"1/600","surface":"0.01 km²","format":"A4","annee":"2025","cartographes":"Franck Dechavanne","proprietaire":"38 - Isère","niveau":"Initiation, Scolaire","specialite":"CO à pied","contacts":"CDCO 38, 7 rue de l'Industrie, 38320, Eybens, contact@cdco38.fr, http://cdco38.fr/","latitude":"45.3573497683","longitude":"5.58424762229","date_saisie":"19/08/2025","date_depot":"20/01/2026","valide":"Oui","ppo":"Non","type_carte":"Nouvelle carte","fond":"IGN","obsolete":false}},{"type":"Feature","geometry":{"type":"Polygon","coordinates":[[[5.2417,45.2593],[5.2434,45.2598],[5.2444,45.2605],[5.2454,45.2608],[5.2466,45.2608],[5.2484,45.2614],[5.2494,45.2607],[5.2468,45.2588],[5.2479,45.2572],[5.2469,45.2569],[5.2475,45.255],[5.2471,45.2548],[5.2453,45.2561],[5.2449,45.2556],[5.2444,45.2554],[5.2432,45.2555],[5.2421,45.2561],[5.2409,45.2564],[5.2406,45.2571],[5.2403,45.2576],[5.2395,45.2579],[5.2395,45.2583],[5.2417,45.2593]]]},"properties":{"id_ffco":"2025-D38-477","nom":"Roybon","_dept":"38","numero":"2025-D38-477","commune":"Roybon","echelle":"1/4000","surface":"0.28 km²","format":"A4","annee":"2025","cartographes":"Benoit Deroux","proprietaire":"38 - Isère","niveau":"Régional","specialite":"CO à pied","contacts":"CDCO 38, 7 rue de l'Industrie, 38320, Eybens, contact@cdco38.fr, http://cdco38.fr/","latitude":"45.2581324605","longitude":"5.24457558296","date_saisie":"19/08/2025","date_depot":"20/01/2026","valide":"Oui","ppo":"Non","type_carte":"Nouvelle carte","fond":"IGN","obsolete":false}},{"type":"Feature","geometry":{"type":"Polygon","coordinates":[[[5.8038,45.3266],[5.8079,45.3237],[5.8077,45.3198],[5.8104,45.3199],[5.8097,45.3156],[5.809,45.3144],[5.8061,45.3133],[5.8046,45.3139],[5.7992,45.3145],[5.797,45.3162],[5.7943,45.3179],[5.797,45.3196],[5.7994,45.321],[5.8019,45.3258],[5.8028,45.3267],[5.8038,45.3266]]]},"properties":{"id_ffco":"2025-D38-476","nom":"Saint Hugues de Chartreuse","_dept":"38","numero":"2025-D38-476","commune":"Saint Hugues de Chartreuse","echelle":"1/7500","surface":"1.05 km²","format":"A4","annee":"2025","cartographes":"David Barranger","proprietaire":"38 - Isère","niveau":"Initiation, Scolaire","specialite":"CO à pied","contacts":"CDCO 38, 7 rue de l'Industrie, 38320, Eybens, contact@cdco38.fr, http://cdco38.fr/","latitude":"45.3190870653","longitude":"5.80345880377","date_saisie":"19/08/2025","date_depot":"20/01/2026","valide":"Oui","ppo":"Non","type_carte":"Nouvelle carte","fond":"IGN","obsolete":false}},{"type":"Feature","geometry":{"type":"Polygon","coordinates":[[[5.5931,45.4941],[5.5904,45.4936],[5.5912,45.4919],[5.593,45.492],[5.5931,45.4941]]]},"properties":{"id_ffco":"2025-D38-475","nom":"Montferrat - Stade Municipal Jo Rajon","_dept":"38","numero":"2025-D38-475","commune":"Montferrat","echelle":"1/1200","surface":"0.04 km²","format":"A4","annee":"2025","cartographes":"Franck Dechavanne","proprietaire":"38 - Isère","niveau":"Initiation, Scolaire","specialite":"CO à pied","contacts":"CDCO 38, 7 rue de l'Industrie, 38320, Eybens, contact@cdco38.fr, http://cdco38.fr/","latitude":"45.4929583422","longitude":"5.59194346993","date_saisie":"19/08/2025","date_depot":"20/01/2026","valide":"Oui","ppo":"Non","type_carte":"Nouvelle carte","fond":"IGN","obsolete":false}},{"type":"Feature","geometry":{"type":"Polygon","coordinates":[[[5.7323,45.3937],[5.7328,45.3933],[5.7343,45.3933],[5.7358,45.3933],[5.7373,45.3931],[5.7369,45.3916],[5.7345,45.3911],[5.7337,45.3909],[5.7309,45.3926],[5.7323,45.3937]]]},"properties":{"id_ffco":"2024-D38-474","nom":"Complexe sportif Charles Boursier","_dept":"38","numero":"2024-D38-474","commune":"Saint Laurent du Pont","echelle":"1/2000","surface":"0.1 km²","format":"A4","annee":"2024","cartographes":"Franck Dechavanne","proprietaire":"38 - Isère","niveau":"Initiation, Scolaire","specialite":"CO à pied","contacts":"CDCO 38, 7 rue de l'Industrie, 38320, Eybens, contact@cdco38.fr, http://cdco38.fr/","latitude":"45.3923436766","longitude":"5.73426158699","date_saisie":"18/12/2024","date_depot":"25/02/2025","valide":"Oui","ppo":"Non","type_carte":"Nouvelle carte","fond":"IGN","obsolete":false}},{"type":"Feature","geometry":{"type":"Polygon","coordinates":[[[5.6882,45.1644],[5.6879,45.1644],[5.6856,45.1628],[5.6859,45.162],[5.6868,45.1617],[5.6874,45.162],[5.6895,45.1627],[5.6896,45.1634],[5.6882,45.1644]]]},"properties":{"id_ffco":"2024-D38-473","nom":"Parc François Mitterrand Seyssins","_dept":"38","numero":"2024-D38-473","commune":"Seyssins","echelle":"1/2000","surface":"0.05 km²","format":"A4","annee":"2024","cartographes":"Benoit Deroux","proprietaire":"38 - Isère","niveau":"Initiation, Scolaire","specialite":"CO à pied","contacts":"CDCO 38, 7 rue de l'Industrie, 38320, Eybens, contact@cdco38.fr, http://cdco38.fr/","latitude":"45.1630112287","longitude":"5.68764385455","date_saisie":"03/12/2024","date_depot":"25/02/2025","valide":"Oui","ppo":"Non","type_carte":"Nouvelle carte","fond":"Ortho","obsolete":false}},{"type":"Feature","geometry":{"type":"Polygon","coordinates":[[[5.8622,45.2933],[5.86,45.288],[5.8585,45.2844],[5.8559,45.2839],[5.8526,45.2856],[5.8529,45.2891],[5.8528,45.2946],[5.8586,45.2935],[5.8622,45.2933]]]},"properties":{"id_ffco":"2024-D38-472","nom":"Saint Pancrasse","_dept":"38","numero":"2024-D38-472","commune":"Saint Pancrasse","echelle":"1/4000","surface":"0.62 km²","format":"A5","annee":"2024","cartographes":"David Barrange","proprietaire":"38 - Isère","niveau":"Initiation, Scolaire","specialite":"CO à pied","contacts":"CDCO 38, 7 rue de l'Industrie, 38320, Eybens, contact@cdco38.fr, http://cdco38.fr/","latitude":"45.2894858772","longitude":"5.85661294808","date_saisie":"18/12/2024","date_depot":"25/02/2025","valide":"Oui","ppo":"Non","type_carte":"Nouvelle carte","fond":"Ortho","obsolete":false}},{"type":"Feature","geometry":{"type":"Polygon","coordinates":[[[5.6665,45.2161],[5.671,45.217],[5.6736,45.2116],[5.6706,45.21],[5.6675,45.2092],[5.6661,45.2063],[5.6595,45.2063],[5.6581,45.2079],[5.6533,45.2081],[5.6512,45.2094],[5.6558,45.2093],[5.6565,45.2104],[5.6559,45.2125],[5.6561,45.2157],[5.6577,45.2156],[5.6585,45.2171],[5.661,45.2167],[5.6615,45.2132],[5.6618,45.2116],[5.6669,45.2138],[5.6665,45.2161]]]},"properties":{"id_ffco":"2024-D38-471","nom":"Sassenage","_dept":"38","numero":"2024-D38-471","commune":"Sassenage","echelle":"1/4000","surface":"1.1 km²","format":"A3","annee":"2024","cartographes":"David Barranger, Benoit Deroux","proprietaire":"38 - Isère","niveau":"Départemental","specialite":"CO à pied","contacts":"CDCO 38, 7 rue de l'Industrie, 38320, Eybens, contact@cdco38.fr, http://cdco38.fr/","latitude":"45.2114328994","longitude":"5.66342337406","date_saisie":"03/12/2024","date_depot":"25/02/2025","valide":"Oui","ppo":"Non","type_carte":"Reprise","base":"2017-D38-236 Sassenage","fond":"Ortho","obsolete":false}},{"type":"Feature","geometry":{"type":"Polygon","coordinates":[[[6.0366,45.059],[6.0331,45.0609],[6.0233,45.0572],[6.0278,45.0418],[6.0431,45.0336],[6.0522,45.0217],[6.0548,45.0142],[6.0602,45.0074],[6.0678,45.007],[6.0633,45.0163],[6.0597,45.029],[6.057,45.0444],[6.0366,45.059]]]},"properties":{"id_ffco":"2024-D38-470","nom":"La plaine de Bourg d'Oisans VTT Partie  Sud","_dept":"38","numero":"2024-D38-470","commune":"Bourg d'Oisans","echelle":"1/20000","surface":"7.58 km²","format":"A3","annee":"2024","cartographes":"David Barrange","proprietaire":"38 - Isère","niveau":"Initiation, Scolaire","specialite":"CO à VTT","contacts":"CDCO 38, 7 rue de l'Industrie, 38320, Eybens, contact@cdco38.fr, http://cdco38.fr/","latitude":"45.0380915019","longitude":"6.04568209066","date_saisie":"03/12/2024","date_depot":"25/02/2025","valide":"Oui","ppo":"Non","type_carte":"Nouvelle carte","fond":"Ortho","obsolete":false}},{"type":"Feature","geometry":{"type":"Polygon","coordinates":[[[6.0168,45.0704],[6.0234,45.0618],[6.0272,45.0524],[6.0373,45.0568],[6.0398,45.0627],[6.0385,45.0696],[6.0336,45.0769],[6.0247,45.0822],[6.0215,45.0893],[6.0233,45.0981],[6.0257,45.1117],[6.0248,45.1158],[6.0146,45.1179],[6.0031,45.1191],[6.0045,45.1118],[6.0014,45.0983],[5.9995,45.0891],[6.0029,45.0792],[6.0088,45.0722],[6.0099,45.0695],[6.0168,45.0704]]]},"properties":{"id_ffco":"2024-D38-469","nom":"La Plaine de Bourg d'Oisans VTT Partie nord","_dept":"38","numero":"2024-D38-469","commune":"Bourg d'Oisans","echelle":"1/20000","surface":"11.9 km²","format":"A4","annee":"2024","cartographes":"David Barrangeer","proprietaire":"38 - Isère","niveau":"Initiation, Scolaire","specialite":"CO à VTT","contacts":"CDCO 38, 7 rue de l'Industrie, 38320, Eybens, contact@cdco38.fr, http://cdco38.fr/","latitude":"45.0871448216","longitude":"6.01759984515","date_saisie":"02/12/2024","date_depot":"25/02/2025","valide":"Oui","ppo":"Non","type_carte":"Nouvelle carte","fond":"Ortho","obsolete":false}},{"type":"Feature","geometry":{"type":"Polygon","coordinates":[[[5.8706,45.1545],[5.877,45.1543],[5.8804,45.1539],[5.8817,45.1535],[5.8867,45.1516],[5.8862,45.1514],[5.8809,45.1519],[5.8767,45.1508],[5.8746,45.1506],[5.8749,45.1497],[5.875,45.1473],[5.8744,45.1447],[5.8745,45.1417],[5.8753,45.1401],[5.8752,45.1396],[5.874,45.139],[5.8737,45.1381],[5.8701,45.1371],[5.8664,45.1372],[5.8649,45.1366],[5.8635,45.1348],[5.8628,45.1327],[5.8642,45.1315],[5.8637,45.1285],[5.8641,45.1261],[5.864,45.1246],[5.8627,45.1242],[5.8623,45.1235],[5.8609,45.1245],[5.8579,45.1269],[5.8574,45.1294],[5.8552,45.1306],[5.8543,45.132],[5.8546,45.1325],[5.8542,45.1342],[5.8563,45.1364],[5.859,45.1392],[5.8605,45.1406],[5.8617,45.1446],[5.8631,45.1456],[5.8627,45.1474],[5.8645,45.1502],[5.866,45.151],[5.868,45.1533],[5.8688,45.1544],[5.8698,45.1547],[5.8706,45.1545]]]},"properties":{"id_ffco":"2024-D38-468","nom":"Les Seiglières Le Marais","_dept":"38","numero":"2024-D38-468","commune":"Saint Martin d'Uriage","echelle":"1/10000","surface":"2.82 km²","format":"A4","annee":"2024","cartographes":"ADAMNA R.S.O","proprietaire":"38 - Isère","niveau":"Interrégional","specialite":"CO à pied","contacts":"CDCO 38, 7 rue de l'Industrie, 38320, Eybens, contact@cdco38.fr, http://cdco38.fr/","latitude":"45.1414375527","longitude":"5.86666532622","date_saisie":"28/11/2024","date_depot":"25/02/2025","valide":"Oui","ppo":"Non","type_carte":"Nouvelle carte","fond":"Laser","obsolete":false}},{"type":"Feature","geometry":{"type":"Polygon","coordinates":[[[5.8681,45.1536],[5.8648,45.1576],[5.8662,45.1604],[5.8698,45.1663],[5.8707,45.168],[5.8717,45.1686],[5.8731,45.1688],[5.874,45.1688],[5.8799,45.1682],[5.8798,45.1648],[5.8821,45.1616],[5.8852,45.159],[5.8869,45.1568],[5.8887,45.1554],[5.89,45.1536],[5.8896,45.151],[5.8879,45.1517],[5.8857,45.1519],[5.8818,45.1536],[5.8804,45.1538],[5.8728,45.1542],[5.871,45.1544],[5.8702,45.1543],[5.8681,45.1536]]]},"properties":{"id_ffco":"2024-D38-467","nom":"Les Seiglières Nord","_dept":"38","numero":"2024-D38-467","commune":"Saint Martin d'triage","echelle":"1/10000","surface":"2.15 km²","format":"A4","annee":"2024","cartographes":"Adama s.r;o","proprietaire":"38 - Isère","niveau":"Interrégional","specialite":"CO à pied","contacts":"CDCO 38, 7 rue de l'Industrie, 38320, Eybens, contact@cdco38.fr, http://cdco38.fr/","latitude":"45.1596229273","longitude":"5.87635035692","date_saisie":"28/11/2024","date_depot":"25/02/2025","valide":"Oui","ppo":"Non","type_carte":"Reprise","base":"2010-D38-123 LES SEIGLIERES - SAINT MARTIN D'URIAGE","fond":"Laser","obsolete":false}},{"type":"Feature","geometry":{"type":"Polygon","coordinates":[[[5.8606,45.1029],[5.8605,45.1017],[5.8622,45.1009],[5.8642,45.0988],[5.8662,45.0969],[5.8687,45.0971],[5.8686,45.0978],[5.8676,45.0995],[5.87,45.0993],[5.8728,45.101],[5.8767,45.1026],[5.8776,45.1037],[5.8826,45.1082],[5.884,45.11],[5.8841,45.1111],[5.8841,45.1126],[5.8865,45.1138],[5.8876,45.1161],[5.8871,45.118],[5.88,45.1184],[5.877,45.1188],[5.8755,45.1174],[5.8738,45.1168],[5.8711,45.1171],[5.8667,45.1162],[5.8651,45.1147],[5.8596,45.1131],[5.8647,45.1115],[5.8655,45.1086],[5.8606,45.1029]]]},"properties":{"id_ffco":"2024-D38-466","nom":"Chamrousse Prémol","_dept":"38","numero":"2024-D38-466","commune":"Chamrousse","echelle":"1/10000","surface":"2.94 km²","format":"A4","annee":"2024","cartographes":"Franck Dechavanne","proprietaire":"38 - Isère","niveau":"Interrégional","specialite":"CO à pied","contacts":"CDCO 38, 7 rue de l'Industrie, 38320, Eybens, contact@cdco38.fr, http://cdco38.fr/","latitude":"45.1093292372","longitude":"5.87310600304","date_saisie":"11/09/2024","date_depot":"11/12/2024","valide":"Oui","ppo":"Non","type_carte":"Nouvelle carte","fond":"Laser","obsolete":false}},{"type":"Feature","geometry":{"type":"Polygon","coordinates":[[[5.6878,45.187],[5.6901,45.1874],[5.6909,45.1856],[5.6888,45.1838],[5.6874,45.1818],[5.6854,45.1785],[5.6821,45.1768],[5.6816,45.178],[5.6797,45.1758],[5.6784,45.1758],[5.6768,45.1741],[5.6735,45.1713],[5.6691,45.1754],[5.6683,45.1783],[5.6577,45.1796],[5.6588,45.1834],[5.6589,45.1892],[5.6591,45.1912],[5.6579,45.193],[5.6613,45.1945],[5.6684,45.1958],[5.6736,45.1961],[5.6779,45.1928],[5.6871,45.1867],[5.6878,45.187]]]},"properties":{"id_ffco":"2024-D38-465","nom":"Bois des Vouillands O'VTT","_dept":"38","numero":"2024-D38-465","commune":"Fontaines / Seyssinet","echelle":"1/10000","surface":"4.25 km²","format":"A3","annee":"2024","cartographes":"Franck Dechavanne","proprietaire":"38 - Isère","niveau":"Départemental","specialite":"CO à VTT","contacts":"CDCO 38, 7 rue de l'Industrie, 38320, Eybens, contact@cdco38.fr, http://cdco38.fr/","latitude":"45.1850075994","longitude":"5.67250902482","date_saisie":"11/09/2024","date_depot":"02/01/2025","valide":"Oui","ppo":"Non","type_carte":"Nouvelle carte","fond":"Laser","obsolete":false}},{"type":"Feature","geometry":{"type":"Polygon","coordinates":[[[5.6911,45.1856],[5.6898,45.1875],[5.688,45.1871],[5.6877,45.1864],[5.6798,45.1916],[5.6747,45.1936],[5.6716,45.1958],[5.6652,45.1946],[5.6623,45.1936],[5.6607,45.1933],[5.6599,45.1902],[5.6598,45.1878],[5.6591,45.184],[5.6578,45.1794],[5.6684,45.1783],[5.6701,45.1737],[5.6719,45.1718],[5.6732,45.1711],[5.6769,45.174],[5.6781,45.1754],[5.6781,45.176],[5.6791,45.1757],[5.6804,45.1764],[5.6811,45.1779],[5.6817,45.1766],[5.6823,45.1766],[5.6828,45.1784],[5.6829,45.1788],[5.6862,45.1807],[5.6876,45.1819],[5.6886,45.1835],[5.6893,45.1851],[5.6911,45.1856]]]},"properties":{"id_ffco":"2024-D38-464","nom":"Bois des Vouillands","_dept":"38","numero":"2024-D38-464","commune":"Fontaines / Seyssinet","echelle":"1/10000","surface":"4.0 km²","format":"A3","annee":"2024","cartographes":"Franck Dechavanne","proprietaire":"38 - Isère","niveau":"Régional","specialite":"CO à pied","contacts":"CDCO 38, 7 rue de l'Industrie, 38320, Eybens, contact@cdco38.fr, http://cdco38.fr/","latitude":"45.1845725812","longitude":"5.67271561389","date_saisie":"11/09/2024","date_depot":"02/01/2025","valide":"Oui","ppo":"Non","type_carte":"Reprise","base":"2014-D38-171 LES VOUILLANTS-PRE FAURE","fond":"Laser","obsolete":false}},{"type":"Feature","geometry":{"type":"Polygon","coordinates":[[[5.552,45.1785],[5.5517,45.1767],[5.5498,45.175],[5.5478,45.1748],[5.5468,45.1748],[5.5449,45.1731],[5.5403,45.1723],[5.5377,45.1726],[5.5357,45.1755],[5.5315,45.1776],[5.5295,45.1783],[5.5244,45.179],[5.5268,45.1815],[5.5295,45.185],[5.5309,45.1907],[5.5332,45.1924],[5.5334,45.1966],[5.5315,45.1965],[5.5373,45.2021],[5.5381,45.2037],[5.5426,45.2031],[5.5435,45.2046],[5.542,45.2085],[5.5438,45.2108],[5.5476,45.2103],[5.5466,45.2156],[5.5483,45.2181],[5.5477,45.2221],[5.5458,45.2254],[5.5463,45.2274],[5.5489,45.2281],[5.5499,45.2314],[5.5518,45.2337],[5.5512,45.236],[5.5544,45.2359],[5.5571,45.2341],[5.5588,45.2361],[5.5614,45.2342],[5.5659,45.2338],[5.5711,45.234],[5.5761,45.237],[5.5829,45.2373],[5.5844,45.233],[5.584,45.2302],[5.5809,45.227],[5.5784,45.2213],[5.5752,45.2165],[5.5725,45.2137],[5.5685,45.2047],[5.5666,45.2006],[5.5648,45.1961],[5.5631,45.1934],[5.559,45.1872],[5.5567,45.185],[5.5565,45.1836],[5.5551,45.181],[5.551,45.1795],[5.552,45.1785]]]},"properties":{"id_ffco":"2024-D38-463","nom":"Autrans Gève O VTT","_dept":"38","numero":"2024-D38-463","commune":"Autrans","echelle":"1/15000","surface":"15.47 km²","format":"+","annee":"2024","cartographes":"Matthieu Barthelemy","proprietaire":"38 - Isère","niveau":"National, International","specialite":"CO à VTT","contacts":"CDCO 38, 7 rue de l'Industrie, 38320, Eybens, contact@cdco38.fr, http://cdco38.fr/","latitude":"45.2061274708","longitude":"5.55469311538","date_saisie":"16/09/2024","date_depot":"02/01/2025","valide":"Oui","ppo":"Non","type_carte":"Nouvelle carte","fond":"Laser","obsolete":false}},{"type":"Feature","geometry":{"type":"Polygon","coordinates":[[[5.6854,45.1967],[5.6855,45.1964],[5.6842,45.196],[5.6845,45.1955],[5.6853,45.1957],[5.6856,45.1953],[5.6873,45.1955],[5.6877,45.1973],[5.6865,45.1971],[5.6854,45.1967]]]},"properties":{"id_ffco":"2024-D38-462","nom":"Parc Jean Moulin Fontaine","_dept":"38","numero":"2024-D38-462","commune":"Fontaine","echelle":"1/1500","surface":"0.04 km²","format":"A4","annee":"2024","cartographes":"Pierre Martinez","proprietaire":"38 - Isère","niveau":"Initiation, Scolaire","specialite":"CO à pied","contacts":"CDCO 38, 7 rue de l'Industrie, 38320, Eybens, contact@cdco38.fr, http://cdco38.fr/","latitude":"45.1962003834","longitude":"5.68621565103","date_saisie":"16/09/2024","date_depot":"02/01/2025","valide":"Oui","ppo":"Non","type_carte":"Nouvelle carte","fond":"Cadastre","obsolete":false}},{"type":"Feature","geometry":{"type":"Polygon","coordinates":[[[5.6884,45.1871],[5.6875,45.187],[5.6877,45.1865],[5.6881,45.1866],[5.6884,45.186],[5.6886,45.1857],[5.6881,45.1855],[5.6878,45.1852],[5.6874,45.1848],[5.6874,45.1837],[5.6872,45.1828],[5.6871,45.1823],[5.687,45.1821],[5.6877,45.182],[5.6886,45.1838],[5.6891,45.1841],[5.69,45.1842],[5.6893,45.185],[5.6911,45.1855],[5.6903,45.1869],[5.69,45.1874],[5.6896,45.1873],[5.6892,45.1881],[5.688,45.1878],[5.6884,45.1871]]]},"properties":{"id_ffco":"2024-D38-461","nom":"Parc Karl Marx Fontaine","_dept":"38","numero":"2024-D38-461","commune":"Fontaine","echelle":"1/2500","surface":"0.09 km²","format":"A4","annee":"2024","cartographes":"Pierre Martinez","proprietaire":"38 - Isère","niveau":"Initiation, Scolaire","specialite":"CO à pied","contacts":"CDCO 38, 7 rue de l'Industrie, 38320, Eybens, contact@cdco38.fr, http://cdco38.fr/","latitude":"45.1854174048","longitude":"5.6888320434","date_saisie":"16/09/2024","date_depot":"02/01/2025","valide":"Oui","ppo":"Non","type_carte":"Nouvelle carte","fond":"Cadastre","obsolete":false}},{"type":"Feature","geometry":{"type":"Polygon","coordinates":[[[5.7228,45.1894],[5.7241,45.1901],[5.7217,45.1923],[5.7208,45.1928],[5.7201,45.1929],[5.72,45.1943],[5.7216,45.1966],[5.721,45.199],[5.723,45.1984],[5.7243,45.1988],[5.7242,45.201],[5.7262,45.2007],[5.7264,45.1996],[5.7296,45.198],[5.7325,45.1982],[5.7327,45.1978],[5.7342,45.1973],[5.7349,45.1959],[5.7336,45.1945],[5.7352,45.1928],[5.7352,45.1921],[5.7342,45.1908],[5.7303,45.1891],[5.7268,45.1878],[5.7236,45.1876],[5.7228,45.1894]]]},"properties":{"id_ffco":"2024-D38-460","nom":"Grenoble Centre Ville et Bastille","_dept":"38","numero":"2024-D38-460","commune":"Grenoble","echelle":"1/4000","surface":"1.12 km²","format":"A3","annee":"2024","cartographes":"Benoit Deroux","proprietaire":"38 - Isère","niveau":"Départemental","specialite":"CO à pied","contacts":"CDCO 38, 7 rue de l'Industrie, 38320, Eybens, contact@cdco38.fr, http://cdco38.fr/","latitude":"45.1939454287","longitude":"5.72748311141","date_saisie":"16/09/2024","date_depot":"02/01/2025","valide":"Oui","ppo":"Non","type_carte":"Reprise","base":"2009-D38-128 GRENOBLE CENTRE","fond":"Cadastre","obsolete":false}},{"type":"Feature","geometry":{"type":"Polygon","coordinates":[[[6.0278,45.0495],[6.0287,45.0495],[6.0305,45.0506],[6.0309,45.0505],[6.0309,45.0512],[6.0323,45.0513],[6.0329,45.053],[6.0324,45.0547],[6.0318,45.0565],[6.033,45.0574],[6.0326,45.058],[6.033,45.0584],[6.0312,45.0594],[6.0287,45.0589],[6.0277,45.0586],[6.0271,45.0558],[6.0254,45.0545],[6.0238,45.0544],[6.0243,45.0513],[6.026,45.0503],[6.0278,45.0495]]]},"properties":{"id_ffco":"2024-D38-458","nom":"Bourg d'Oisans","_dept":"38","numero":"2024-D38-458","commune":"Bourg d'Oisans","echelle":"1/4000","surface":"0.52 km²","format":"A4","annee":"2024","cartographes":"David Barranger","proprietaire":"38 - Isère","niveau":"Départemental","specialite":"CO à pied","contacts":"CDCO 38, 7 rue de l'Industrie, 38320, Eybens, contact@cdco38.fr, http://cdco38.fr/","latitude":"45.0541549261","longitude":"6.02887568973","date_saisie":"16/09/2024","date_depot":"02/01/2025","valide":"Oui","ppo":"Non","type_carte":"Nouvelle carte","fond":"Cadastre","obsolete":false}},{"type":"Feature","geometry":{"type":"Polygon","coordinates":[[[6.0301,45.0463],[6.0326,45.0446],[6.0307,45.0438],[6.0296,45.0456],[6.0301,45.0463]]]},"properties":{"id_ffco":"2024-D38-457","nom":"Bourg d'Oisons Le Bike Park","_dept":"38","numero":"2024-D38-457","commune":"Bourg d'Oisans","echelle":"1/1000","surface":"0.03 km²","format":"A4","annee":"2024","cartographes":"David Barranger","proprietaire":"38 - Isère","niveau":"Initiation, Scolaire","specialite":"CO à pied","contacts":"CDCO 38, 7 rue de l'Industrie, 38320, Eybens, contact@cdco38.fr, http://cdco38.fr/","latitude":"45.0449772225","longitude":"6.03090953775","date_saisie":"14/09/2024","date_depot":"02/01/2025","valide":"Oui","ppo":"Non","type_carte":"Nouvelle carte","fond":"Laser","obsolete":false}},{"type":"Feature","geometry":{"type":"Polygon","coordinates":[[[5.9888,45.3752],[5.9919,45.3744],[5.9917,45.3737],[5.9908,45.3738],[5.9898,45.3723],[5.9885,45.3737],[5.9889,45.3742],[5.9888,45.3752]]]},"properties":{"id_ffco":"2024-D38-456","nom":"Complexe Sportif du Cheylas","_dept":"38","numero":"2024-D38-456","commune":"Le Cheylas","echelle":"1/1500","surface":"0.04 km²","format":"A4","annee":"2024","cartographes":"David Barrangeer","proprietaire":"38 - Isère","niveau":"Initiation, Scolaire","specialite":"CO à pied","contacts":"CDCO 38, 7 rue de l'Industrie, 38320, Eybens, contact@cdco38.fr, http://cdco38.fr/","latitude":"45.3739544548","longitude":"5.98996566542","date_saisie":"14/09/2024","date_depot":"02/01/2025","valide":"Oui","ppo":"Non","type_carte":"Nouvelle carte","fond":"Cadastre","obsolete":false}},{"type":"Feature","geometry":{"type":"Polygon","coordinates":[[[5.6377,45.2962],[5.6381,45.2963],[5.638,45.2967],[5.6391,45.2971],[5.6398,45.2994],[5.6395,45.2998],[5.6389,45.2999],[5.6379,45.2988],[5.6366,45.2981],[5.6359,45.2984],[5.635,45.2976],[5.6344,45.2967],[5.6329,45.296],[5.6294,45.2948],[5.63,45.2938],[5.6313,45.2928],[5.6326,45.2921],[5.6377,45.2898],[5.6376,45.2916],[5.6395,45.2925],[5.6377,45.2962]]]},"properties":{"id_ffco":"2024-D38-455","nom":"Voreppe","_dept":"38","numero":"2024-D38-455","commune":"Voreppe","echelle":"1/4000","surface":"0.42 km²","format":"A4","annee":"2024","cartographes":"David Barranger","proprietaire":"38 - Isère","niveau":"Initiation, Scolaire","specialite":"CO à pied","contacts":"CDCO 38, 7 rue de l'Industrie, 38320, Eybens, contact@cdco38.fr, http://cdco38.fr/","latitude":"45.2945385442","longitude":"5.63547442485","date_saisie":"14/09/2024","date_depot":"02/01/2025","valide":"Oui","ppo":"Non","type_carte":"Nouvelle carte","fond":"Cadastre","obsolete":false}},{"type":"Feature","geometry":{"type":"Polygon","coordinates":[[[5.6965,45.1324],[5.6979,45.1322],[5.6982,45.1331],[5.6986,45.1341],[5.697,45.1344],[5.6965,45.1324]]]},"properties":{"id_ffco":"2024-D38-454","nom":"Collége Nelson Mandela Pont deClix","_dept":"38","numero":"2024-D38-454","commune":"Pont de Claix","echelle":"1/1000","surface":"0.03 km²","format":"A4","annee":"2024","cartographes":"Pierre Martinez","proprietaire":"38 - Isère","niveau":"Initiation, Scolaire","specialite":"CO à pied","contacts":"CDCO 38, 7 rue de l'Industrie, 38320, Eybens, contact@cdco38.fr, http://cdco38.fr/","latitude":"45.1332974975","longitude":"5.69750675166","date_saisie":"14/09/2024","date_depot":"02/01/2025","valide":"Oui","ppo":"Non","type_carte":"Nouvelle carte","fond":"Cadastre","obsolete":false}},{"type":"Feature","geometry":{"type":"Polygon","coordinates":[[[5.6919,45.128],[5.6923,45.128],[5.6927,45.1303],[5.6933,45.1315],[5.6928,45.132],[5.6904,45.1322],[5.6913,45.1298],[5.6919,45.128]]]},"properties":{"id_ffco":"2024-D38-453","nom":"Complexe Sportif Louis Maisonnat","_dept":"38","numero":"2024-D38-453","commune":"Pont de Claix","echelle":"1/1000","surface":"0.06 km²","format":"A4","annee":"2024","cartographes":"Pierre Martinez","proprietaire":"38 - Isère","niveau":"Initiation, Scolaire","specialite":"CO à pied","contacts":"CDCO 38, 7 rue de l'Industrie, 38320, Eybens, contact@cdco38.fr, http://cdco38.fr/","latitude":"45.1305851229","longitude":"5.69190210224","date_saisie":"14/09/2024","date_depot":"02/01/2025","valide":"Oui","ppo":"Non","type_carte":"Nouvelle carte","fond":"Cadastre","obsolete":false}},{"type":"Feature","geometry":{"type":"Polygon","coordinates":[[[5.5714,45.3653],[5.572,45.3653],[5.572,45.3644],[5.5711,45.3644],[5.5714,45.3653]]]},"properties":{"id_ffco":"2023-D38-452","nom":"Ecole Le Faton Voiron","_dept":"38","numero":"2023-D38-452","commune":"Voiron","echelle":"1/450","surface":"0.01 km²","format":"A4","annee":"2023","cartographes":"Franck Dechavanne","proprietaire":"Commune de Voiron","niveau":"Initiation, Scolaire","specialite":"CO à pied","contacts":"Carte réservée aux scolaires, cdco38@free.fr // CDCO 38, 7 rue de l'Industrie, 38320, Eybens, contact@cdco38.fr, http://cdco38.fr/","latitude":"45.3648321271","longitude":"5.57163018237","date_saisie":"11/12/2023","date_depot":"02/05/2024","valide":"Oui","ppo":"Non","type_carte":"Nouvelle carte","fond":"Cadastre","obsolete":false}},{"type":"Feature","geometry":{"type":"Polygon","coordinates":[[[5.5845,45.3693],[5.5852,45.3699],[5.5854,45.3701],[5.5859,45.3699],[5.5859,45.369],[5.5845,45.3693]]]},"properties":{"id_ffco":"2023-D38-451","nom":"Ecole Pierre et Marie Curie Voiron","_dept":"38","numero":"2023-D38-451","commune":"Voiron","echelle":"1/500","surface":"0.01 km²","format":"A4","annee":"2023","cartographes":"Franck Dechavanne","proprietaire":"Commune de Voiron","niveau":"Initiation, Scolaire","specialite":"CO à pied","contacts":"Carte réservée aux scolaires, cdco38@free.fr","latitude":"45.369502759","longitude":"5.58539131799","date_saisie":"11/12/2023","date_depot":"02/05/2024","valide":"Oui","ppo":"Non","type_carte":"Nouvelle carte","fond":"Cadastre","obsolete":false}},{"type":"Feature","geometry":{"type":"Polygon","coordinates":[[[5.5908,45.3606],[5.591,45.3599],[5.5928,45.3601],[5.5927,45.3606],[5.5908,45.3606]]]},"properties":{"id_ffco":"2023-D38-450","nom":"Ecole Jules Ferry Voiron","_dept":"38","numero":"2023-D38-450","commune":"Voiron","echelle":"1/600","surface":"0.01 km²","format":"A4","annee":"2023","cartographes":"Franck Dechavanne","proprietaire":"38 - Isère","niveau":"Initiation, Scolaire","specialite":"CO à pied","contacts":"Carte réservée aux scolaires, cdco38@free.fr","latitude":"45.3603022306","longitude":"5.59180955519","date_saisie":"11/12/2023","date_depot":"02/05/2024","valide":"Oui","ppo":"Non","type_carte":"Nouvelle carte","fond":"Cadastre","obsolete":false}},{"type":"Feature","geometry":{"type":"Polygon","coordinates":[[[5.5785,45.3621],[5.5788,45.3627],[5.5798,45.3629],[5.5802,45.3628],[5.5799,45.3623],[5.5793,45.3619],[5.5785,45.3621]]]},"properties":{"id_ffco":"2023-D38-449","nom":"Ecole Jean Moulin Voiron","_dept":"38","numero":"2023-D38-449","commune":"Voiron","echelle":"1/500","surface":"0.01 km²","format":"A4","annee":"2023","cartographes":"Franck Dechavanne","proprietaire":"38 - Isère","niveau":"Initiation, Scolaire","specialite":"CO à pied","contacts":"Carte réservée aux scolaires, cdco38@free.fr","latitude":"45.3624070744","longitude":"5.57931668522","date_saisie":"11/12/2023","date_depot":"02/05/2024","valide":"Oui","ppo":"Non","type_carte":"Nouvelle carte","fond":"Cadastre","obsolete":false}},{"type":"Feature","geometry":{"type":"Polygon","coordinates":[[[5.579,45.3805],[5.579,45.381],[5.5786,45.381],[5.5787,45.3813],[5.578,45.3815],[5.5777,45.3812],[5.5778,45.3809],[5.5785,45.3806],[5.579,45.3805]]]},"properties":{"id_ffco":"2023-D38-448","nom":"Ecole de la Brunerie Voiron","_dept":"38","numero":"2023-D38-448","commune":"Voiron","echelle":"1/600","surface":"0.01 km²","format":"A4","annee":"2023","cartographes":"Franck Dechavanne","proprietaire":"38 - Isère","niveau":"Initiation, Scolaire","specialite":"CO à pied","contacts":"Carte réservée aux scolaires, cdco38@free.fr","latitude":"45.3809979079","longitude":"5.57836076793","date_saisie":"11/12/2023","date_depot":"02/05/2024","valide":"Oui","ppo":"Non","type_carte":"Nouvelle carte","fond":"Cadastre","obsolete":false}},{"type":"Feature","geometry":{"type":"Polygon","coordinates":[[[5.5155,45.0238],[5.4939,45.0234],[5.4951,45.0346],[5.4921,45.0397],[5.5035,45.0549],[5.4999,45.0594],[5.5179,45.0571],[5.5229,45.0628],[5.5244,45.0537],[5.5263,45.0461],[5.526,45.0327],[5.5155,45.0238]]]},"properties":{"id_ffco":"2023-D38-447","nom":"Loubière Les Essarteaux MTBO","_dept":"38","numero":"2023-D38-447","commune":"Corrençon Villard de Lans","echelle":"1/15000","surface":"8.49 km²","format":"A4","annee":"2023","cartographes":"Franck Dechavanne","proprietaire":"38 - Isère","niveau":"Interrégional","specialite":"CO à ski","contacts":"CDCO 38, 7 rue de l'Industrie, 38320, Eybens, contact@cdco38.fr, http://cdco38.fr/","latitude":"45.0406537513","longitude":"5.51036680943","date_saisie":"17/01/2024","date_depot":"02/05/2024","valide":"Oui","ppo":"Non","type_carte":"Nouvelle carte","fond":"Ortho","obsolete":false}},{"type":"Feature","geometry":{"type":"Polygon","coordinates":[[[5.8703,45.1035],[5.8699,45.0998],[5.8671,45.1],[5.8671,45.0983],[5.868,45.0976],[5.8665,45.0972],[5.8675,45.0954],[5.8669,45.0936],[5.8662,45.0923],[5.8691,45.0902],[5.8729,45.0905],[5.8752,45.091],[5.8769,45.0922],[5.879,45.0942],[5.8817,45.0942],[5.8845,45.0962],[5.8869,45.0996],[5.8881,45.1004],[5.8924,45.1029],[5.894,45.1048],[5.8934,45.106],[5.8896,45.1062],[5.887,45.1057],[5.8852,45.1052],[5.883,45.1059],[5.8747,45.1059],[5.8712,45.1059],[5.8703,45.1035]]]},"properties":{"id_ffco":"2023-D38-446","nom":"Chamrousse l'Arselle à Ski","_dept":"38","numero":"2023-D38-446","commune":"Chamrousse","echelle":"1/10000","surface":"2.31 km²","format":"A4","annee":"2023","cartographes":"Cartomatt, Orient'Alp","proprietaire":"38 - Isère","niveau":"Initiation, Scolaire","specialite":"CO à ski","contacts":"CDCO 38, 7 rue de l'Industrie, 38320, Eybens, contact@cdco38.fr, http://cdco38.fr/","latitude":"45.0993427606","longitude":"5.87793064447","date_saisie":"14/09/2024","date_depot":"02/01/2025","valide":"Oui","ppo":"Non","type_carte":"Nouvelle carte","fond":"Laser","obsolete":false}},{"type":"Feature","geometry":{"type":"Polygon","coordinates":[[[5.7632,45.2818],[5.7672,45.2821],[5.774,45.2838],[5.7735,45.287],[5.7731,45.2884],[5.7742,45.2896],[5.7762,45.2976],[5.7756,45.2986],[5.7667,45.2985],[5.7601,45.2969],[5.7592,45.2953],[5.7652,45.2936],[5.7665,45.2898],[5.7657,45.288],[5.7635,45.2864],[5.7632,45.2818]]]},"properties":{"id_ffco":"2023-D38-445","nom":"Col de Porte Ski'O","_dept":"38","numero":"2023-D38-445","commune":"Le Sappey en Chartreuse","echelle":"1/7500","surface":"1.48 km²","format":"A4","annee":"2023","cartographes":"David Barranger, Orient'Alp","proprietaire":"38 - Isère","niveau":"Initiation, Scolaire","specialite":"CO à ski","contacts":"CDCO 38, 7 rue de l'Industrie, 38320, Eybens, contact@cdco38.fr, http://cdco38.fr/","latitude":"45.2911299846","longitude":"5.76896863735","date_saisie":"14/09/2024","date_depot":"02/01/2025","valide":"Oui","ppo":"Non","type_carte":"Nouvelle carte","fond":"Laser","obsolete":false}},{"type":"Feature","geometry":{"type":"Polygon","coordinates":[[[5.599,45.1079],[5.5963,45.1039],[5.595,45.1012],[5.5954,45.1002],[5.5946,45.0986],[5.596,45.0978],[5.5953,45.0952],[5.5941,45.0944],[5.5945,45.0921],[5.5946,45.0905],[5.5932,45.0893],[5.5938,45.0874],[5.5949,45.086],[5.5968,45.0865],[5.6001,45.0862],[5.6024,45.0865],[5.6015,45.0886],[5.6024,45.0901],[5.6047,45.0953],[5.6026,45.0951],[5.6009,45.1005],[5.601,45.1054],[5.6,45.1079],[5.599,45.1079]]]},"properties":{"id_ffco":"2024-D38-443","nom":"Lans en Vercors Les Allières Ski O","_dept":"38","numero":"2024-D38-443","commune":"Lans en Vercors","echelle":"1/10000","surface":"1.24 km²","format":"A4","annee":"2024","cartographes":"Isohypse , Orient'Alp","niveau":"Initiation, Scolaire","specialite":"CO à ski","contacts":"CDCO 38, 7 rue de l'Industrie, 38320, Eybens, contact@cdco38.fr, http://cdco38.fr/","latitude":"45.0952384451","longitude":"5.59855019783","date_saisie":"14/09/2024","date_depot":"02/01/2025","valide":"Oui","ppo":"Non","type_carte":"Nouvelle carte","fond":"Laser","obsolete":false}},{"type":"Feature","geometry":{"type":"Polygon","coordinates":[[[5.2555,45.7215],[5.2569,45.7272],[5.2606,45.7301],[5.2747,45.7294],[5.2861,45.7301],[5.2931,45.7278],[5.3087,45.7298],[5.3102,45.7295],[5.3117,45.7248],[5.313,45.7221],[5.2966,45.723],[5.295,45.7206],[5.2974,45.7187],[5.286,45.7193],[5.2851,45.7212],[5.276,45.7204],[5.268,45.7218],[5.2555,45.7215]]]},"properties":{"id_ffco":"2023-D38-442","nom":"Dizimieu Nord","_dept":"38","numero":"2023-D38-442","commune":"Dizimieu","echelle":"1/10000","surface":"3.85 km²","format":"A3","annee":"2023","cartographes":"Franck Dechavanne","proprietaire":"38 - Isère","niveau":"Interrégional","specialite":"CO à pied","contacts":"CDCO 38, 7 rue de l'Industrie, 38320, Eybens, contact@cdco38.fr, http://cdco38.fr/","latitude":"45.7251288968","longitude":"5.28317926728","date_saisie":"04/12/2023","date_depot":"22/02/2024","valide":"Oui","ppo":"Non","type_carte":"Nouvelle carte","fond":"Ortho","obsolete":false}},{"type":"Feature","geometry":{"type":"Polygon","coordinates":[[[5.689,45.4324],[5.6915,45.4326],[5.6934,45.4359],[5.6957,45.4368],[5.6989,45.4369],[5.7001,45.4363],[5.6997,45.433],[5.7039,45.4326],[5.706,45.4319],[5.7086,45.4307],[5.7049,45.4241],[5.699,45.4209],[5.696,45.4179],[5.6924,45.4136],[5.6857,45.4156],[5.6847,45.4148],[5.6771,45.4153],[5.6726,45.4186],[5.6712,45.4186],[5.6704,45.4218],[5.6734,45.424],[5.6746,45.426],[5.6775,45.4256],[5.6789,45.4268],[5.6813,45.4263],[5.6845,45.4284],[5.6862,45.4281],[5.689,45.4324]]]},"properties":{"id_ffco":"2023-D38-441","nom":"Forêt de Miribel VTT","_dept":"38","numero":"2023-D38-441","commune":"Miribel les Echelles","echelle":"1/10000","surface":"4.04 km²","format":"A4","annee":"2023","cartographes":"Corentin Roux","proprietaire":"38 - Isère","niveau":"Interrégional","specialite":"CO à VTT","contacts":"CDCO 38, 7 rue de l'Industrie, 38320, Eybens, contact@cdco38.fr, http://cdco38.fr/","latitude":"45.4243090476","longitude":"5.69011772637","date_saisie":"13/09/2024","date_depot":"02/01/2025","valide":"Oui","ppo":"Non","type_carte":"Nouvelle carte","fond":"Laser","obsolete":false}},{"type":"Feature","geometry":{"type":"Polygon","coordinates":[[[5.692,45.4329],[5.694,45.4359],[5.6982,45.4367],[5.7001,45.4359],[5.6993,45.433],[5.7046,45.4325],[5.7086,45.4313],[5.7071,45.4271],[5.705,45.4239],[5.7002,45.4214],[5.6965,45.4188],[5.6925,45.4135],[5.6874,45.4129],[5.6783,45.4137],[5.6731,45.4149],[5.6724,45.4185],[5.6708,45.4212],[5.6718,45.423],[5.6767,45.4253],[5.6832,45.4291],[5.6881,45.4338],[5.6913,45.4335],[5.692,45.4329]]]},"properties":{"id_ffco":"2023-D38-440","nom":"Forêt de Miribel","_dept":"38","numero":"2023-D38-440","commune":"Miribel les Echelles","echelle":"1/10000","surface":"4.48 km²","format":"A3","annee":"2023","cartographes":"Corentin Roux","proprietaire":"38 - Isère","niveau":"National, International","specialite":"CO à pied","contacts":"CDCO 38, 7 rue de l'Industrie, 38320, Eybens, contact@cdco38.fr, http://cdco38.fr/","latitude":"45.423854556","longitude":"5.68958757889","date_saisie":"03/12/2023","date_depot":"15/02/2024","valide":"Oui","ppo":"Non","type_carte":"Nouvelle carte","fond":"Ortho","obsolete":false}},{"type":"Feature","geometry":{"type":"Polygon","coordinates":[[[5.5614,45.3213],[5.5638,45.3224],[5.5668,45.3224],[5.5685,45.3201],[5.5696,45.3177],[5.5696,45.3172],[5.5684,45.3172],[5.5667,45.317],[5.5614,45.3213]]]},"properties":{"id_ffco":"2023-D38-439","nom":"Parc du Vergeron Moirans","_dept":"38","numero":"2023-D38-439","commune":"Moirans","echelle":"1/3500","surface":"0.22 km²","format":"A4","annee":"2023","cartographes":"David Barranger","proprietaire":"38 - Isère","niveau":"Initiation, Scolaire","specialite":"CO à pied","contacts":"CDCO 38, 7 rue de l'Industrie, 38320, Eybens, contact@cdco38.fr, http://cdco38.fr/","latitude":"45.3199166353","longitude":"5.56590779323","date_saisie":"03/12/2023","date_depot":"22/02/2024","valide":"Oui","ppo":"Non","type_carte":"Nouvelle carte","fond":"Cadastre","obsolete":false}},{"type":"Feature","geometry":{"type":"Polygon","coordinates":[[[6.0163,45.4259],[6.0153,45.4264],[6.0172,45.4298],[6.0191,45.4323],[6.0218,45.4351],[6.0244,45.4337],[6.0277,45.4334],[6.029,45.4322],[6.0329,45.4337],[6.0347,45.4329],[6.0364,45.4339],[6.039,45.4324],[6.0415,45.4339],[6.0442,45.4338],[6.0496,45.4342],[6.0523,45.4323],[6.0529,45.4303],[6.0432,45.4238],[6.0396,45.4229],[6.0387,45.4219],[6.0354,45.4201],[6.0307,45.418],[6.0292,45.4188],[6.0266,45.4173],[6.0258,45.4205],[6.0221,45.4216],[6.0172,45.4236],[6.0163,45.4259]]]},"properties":{"id_ffco":"2024-D38-438","nom":"Pontcharra Saint-Maximin","_dept":"38","numero":"2024-D38-438","commune":"Pontcharra Saint-Maximin","echelle":"1/10000","surface":"3.4 km²","format":"A4","annee":"2024","cartographes":"David Barranger","proprietaire":"38 - Isère","niveau":"Initiation, Scolaire","specialite":"Rand'O","contacts":"CDCO 38, 7 rue de l'Industrie, 38320, Eybens, contact@cdco38.fr, http://cdco38.fr/","latitude":"45.427450288","longitude":"6.03276381122","date_saisie":"13/09/2024","date_depot":"02/01/2025","valide":"Oui","ppo":"Non","type_carte":"Nouvelle carte","fond":"Laser","obsolete":false}},{"type":"Feature","geometry":{"type":"Polygon","coordinates":[[[6.0372,45.4272],[6.0377,45.4271],[6.0386,45.428],[6.0378,45.4285],[6.037,45.428],[6.0372,45.4272]]]},"properties":{"id_ffco":"2023-D38-437","nom":"Saint Maximin Mairie","_dept":"38","numero":"2023-D38-437","commune":"Saint-Maximin","echelle":"1/750","surface":"0.01 km²","format":"A4","annee":"2023","cartographes":"David Barranger","proprietaire":"38 - Isère","niveau":"Initiation, Scolaire","specialite":"CO à pied","contacts":"CDCO 38, 7 rue de l'Industrie, 38320, Eybens, contact@cdco38.fr, http://cdco38.fr/","latitude":"45.4278161151","longitude":"6.03771688106","date_saisie":"03/12/2023","date_depot":"22/02/2024","valide":"Oui","ppo":"Oui (25 postes)","type_carte":"Nouvelle carte","fond":"Cadastre","obsolete":false}},{"type":"Feature","geometry":{"type":"Polygon","coordinates":[[[6.094,45.1657],[6.0916,45.1662],[6.0939,45.1677],[6.0943,45.1683],[6.0956,45.1694],[6.097,45.1691],[6.0974,45.1676],[6.0963,45.1666],[6.094,45.1657]]]},"properties":{"id_ffco":"2023-D38-436","nom":"Espace Nature et Loisirs du Collet Vaujany","_dept":"38","numero":"2023-D38-436","commune":"Vaujany","echelle":"1/2000","surface":"0.09 km²","format":"A4","annee":"2023","cartographes":"David Barranger","proprietaire":"38 - Isère","niveau":"Initiation, Scolaire","specialite":"CO à pied","contacts":"CDCO 38, 7 rue de l'Industrie, 38320, Eybens, contact@cdco38.fr, http://cdco38.fr/","latitude":"45.1674245484","longitude":"6.09503244832","date_saisie":"03/12/2023","date_depot":"22/02/2024","valide":"Oui","ppo":"Oui (10 postes)","type_carte":"Reprise","base":"2018-D38-282 Vaujany Le Collet","fond":"Ortho","obsolete":false}},{"type":"Feature","geometry":{"type":"Polygon","coordinates":[[[5.5803,45.2269],[5.5791,45.2259],[5.5775,45.2265],[5.5762,45.2277],[5.5742,45.2285],[5.572,45.2261],[5.5675,45.2314],[5.5638,45.2305],[5.5623,45.2297],[5.56,45.2288],[5.5534,45.2307],[5.5525,45.2247],[5.5527,45.2155],[5.5493,45.2136],[5.5481,45.2097],[5.5456,45.2057],[5.5422,45.2003],[5.5393,45.2038],[5.5342,45.2022],[5.5333,45.1999],[5.5346,45.1981],[5.537,45.1988],[5.5411,45.195],[5.5447,45.1926],[5.5456,45.1901],[5.5491,45.1904],[5.552,45.1939],[5.5551,45.1949],[5.5568,45.1958],[5.5653,45.1951],[5.5688,45.2009],[5.571,45.2054],[5.5752,45.2146],[5.5789,45.2208],[5.5792,45.2249],[5.5803,45.2269]]]},"properties":{"id_ffco":"2023-D38-435","nom":"Autrans Gève 2023","_dept":"38","numero":"2023-D38-435","commune":"Autrans","echelle":"1/10000","surface":"8.2 km²","format":"A3","annee":"2023","cartographes":"M. Barthelemy, D Barranger, M Cortita, F Dechavannes","proprietaire":"38 - Isère","niveau":"National, International","specialite":"CO à pied","contacts":"CDCO 38, 7 rue de l'Industrie, 38320, Eybens, contact@cdco38.fr, http://cdco38.fr/","latitude":"45.2109971577","longitude":"5.55935856302","date_saisie":"03/06/2023","date_depot":"19/07/2023","valide":"Oui","ppo":"Non","type_carte":"Nouvelle carte","fond":"Ortho","obsolete":false}},{"type":"Feature","geometry":{"type":"Polygon","coordinates":[[[5.561,45.3303],[5.5605,45.3298],[5.56,45.3291],[5.5601,45.3286],[5.5611,45.328],[5.5623,45.3276],[5.5638,45.3277],[5.5645,45.3283],[5.564,45.3287],[5.563,45.329],[5.5622,45.3297],[5.561,45.3303]]]},"properties":{"id_ffco":"2023-D38-434","nom":"Moirans Parc Martin","_dept":"38","numero":"2023-D38-434","commune":"Moirans","echelle":"1/1500","surface":"0.06 km²","format":"A4","annee":"2023","cartographes":"David Barranger","proprietaire":"38 - Isère","niveau":"Initiation, Scolaire","specialite":"CO à pied","contacts":"CDCO 38, 7 rue de l'Industrie, 38320, Eybens, contact@cdco38.fr, http://cdco38.fr/","latitude":"45.3287388002","longitude":"5.56201209572","date_saisie":"03/12/2023","date_depot":"22/02/2024","valide":"Oui","ppo":"Non","type_carte":"Nouvelle carte","fond":"Ortho","obsolete":false}},{"type":"Feature","geometry":{"type":"Polygon","coordinates":[[[5.5617,45.3312],[5.5597,45.3292],[5.5599,45.3285],[5.561,45.3277],[5.5607,45.3256],[5.5619,45.3252],[5.5632,45.3251],[5.5667,45.3257],[5.5674,45.3268],[5.566,45.3271],[5.5658,45.327],[5.5642,45.3281],[5.565,45.3285],[5.5636,45.3307],[5.5617,45.3312]]]},"properties":{"id_ffco":"2023-D38-433","nom":"Moirans","_dept":"38","numero":"2023-D38-433","commune":"Moirans","echelle":"1/3000","surface":"0.23 km²","format":"A4","annee":"2023","cartographes":"David Barranger, Carte de base : F Besbot et Y Mareigner 2009","proprietaire":"38 - Isère","niveau":"Départemental","specialite":"CO à pied","contacts":"CDCO 38, 7 rue de l'Industrie, 38320, Eybens, contact@cdco38.fr, http://cdco38.fr/","latitude":"45.3277689045","longitude":"5.56299730241","date_saisie":"03/12/2023","date_depot":"22/02/2024","valide":"Oui","ppo":"Non","type_carte":"Nouvelle carte","fond":"Ortho","obsolete":false}},{"type":"Feature","geometry":{"type":"Polygon","coordinates":[[[4.8693,45.5225],[4.8734,45.5281],[4.8743,45.529],[4.8754,45.5297],[4.8775,45.5298],[4.8791,45.5292],[4.8804,45.5286],[4.88,45.5273],[4.8801,45.5266],[4.8796,45.5254],[4.8794,45.5245],[4.8786,45.5239],[4.8769,45.5241],[4.8743,45.5213],[4.8731,45.5214],[4.8694,45.5221],[4.8693,45.5225]]]},"properties":{"id_ffco":"2023-D38-432","nom":"Vienne","_dept":"38","numero":"2023-D38-432","commune":"Vienne","echelle":"1/4000","surface":"0.48 km²","format":"A4","annee":"2023","cartographes":"Benoit Deroux","proprietaire":"38 - Isère","niveau":"Interrégional","specialite":"CO à pied","contacts":"CDCO 38, 7 rue de l'Industrie, 38320, Eybens, contact@cdco38.fr, http://cdco38.fr/","latitude":"45.5256034232","longitude":"4.87522961878","date_saisie":"05/12/2023","date_depot":"22/02/2024","valide":"Oui","ppo":"Non","type_carte":"Nouvelle carte","fond":"Cadastre","obsolete":false}},{"type":"Feature","geometry":{"type":"Polygon","coordinates":[[[5.6978,45.1232],[5.697,45.121],[5.6987,45.1166],[5.6998,45.1169],[5.6995,45.1193],[5.6988,45.1203],[5.6988,45.1226],[5.6978,45.1232]]]},"properties":{"id_ffco":"2023-D38-431","nom":"Pont de Claix Parc Borel et digue Marceline","_dept":"38","numero":"2023-D38-431","commune":"Pont de Claix","echelle":"1/3000","surface":"0.08 km²","format":"A4","annee":"2023","cartographes":"Pierre Martinez","proprietaire":"38 - Isère","niveau":"Initiation, Scolaire","specialite":"CO à pied","latitude":"45.119793879","longitude":"5.69840972422","date_saisie":"03/12/2023","date_depot":"22/02/2024","valide":"Oui","ppo":"Oui (12 postes)","type_carte":"Nouvelle carte","fond":"Ortho","obsolete":false}},{"type":"Feature","geometry":{"type":"Polygon","coordinates":[[[5.9071,45.3539],[5.909,45.3587],[5.9171,45.3588],[5.9191,45.3627],[5.9258,45.3623],[5.9233,45.3547],[5.9217,45.3512],[5.9213,45.3484],[5.9198,45.3427],[5.9173,45.343],[5.9161,45.3462],[5.9154,45.3475],[5.9131,45.3515],[5.9071,45.3539]]]},"properties":{"id_ffco":"2023-D38-430","nom":"Col de Marcieu","_dept":"38","numero":"2023-D38-430","commune":"St Bernard du Touvet","echelle":"1/7500","surface":"1.58 km²","format":"A4","annee":"2023","cartographes":"David Barranger","proprietaire":"38 - Isère","niveau":"Départemental","specialite":"CO à pied","contacts":"CDCO 38, 7 rue de l'Industrie, 38320, Eybens, contact@cdco38.fr, http://cdco38.fr/","latitude":"45.3541900771","longitude":"5.91737276482","date_saisie":"03/12/2023","date_depot":"22/02/2024","valide":"Oui","ppo":"Oui (12 postes)","type_carte":"Nouvelle carte","fond":"Ortho","obsolete":false}},{"type":"Feature","geometry":{"type":"Polygon","coordinates":[[[5.8686,45.1853],[5.8684,45.1857],[5.8692,45.1859],[5.8699,45.1859],[5.8705,45.1857],[5.8706,45.1852],[5.8706,45.185],[5.8698,45.1842],[5.8688,45.1846],[5.8691,45.185],[5.8686,45.1853]]]},"properties":{"id_ffco":"2023-D38-429","nom":"Revel Granges de Freydane","_dept":"38","numero":"2023-D38-429","commune":"Revel","echelle":"1/1000","surface":"0.02 km²","format":"A4","annee":"2023","cartographes":"David Barranger","proprietaire":"38 - Isère","niveau":"Initiation, Scolaire","specialite":"CO à pied","contacts":"CDCO 38, 7 rue de l'Industrie, 38320, Eybens, contact@cdco38.fr, http://cdco38.fr/","latitude":"45.1851671724","longitude":"5.86960508075","date_saisie":"03/12/2023","date_depot":"22/02/2024","valide":"Oui","ppo":"Non","type_carte":"Nouvelle carte","fond":"Ortho","obsolete":false}},{"type":"Feature","geometry":{"type":"Polygon","coordinates":[[[5.5909,45.3633],[5.5908,45.3606],[5.5927,45.3606],[5.5925,45.3616],[5.5931,45.3626],[5.5931,45.363],[5.5914,45.363],[5.5913,45.3633],[5.5909,45.3633]]]},"properties":{"id_ffco":"2023-D38-428","nom":"Le Jardin de Ville Voiron","_dept":"38","numero":"2023-D38-428","commune":"Voiron","echelle":"1/1200","surface":"0.04 km²","format":"A4","annee":"2023","cartographes":"Franck Dechavanne","proprietaire":"38 - Isère","niveau":"Initiation, Scolaire","specialite":"CO à pied","contacts":"CDCO 38, 7 rue de l'Industrie, 38320, Eybens, contact@cdco38.fr, http://cdco38.fr/","latitude":"45.3618825944","longitude":"5.59178820171","date_saisie":"05/12/2023","date_depot":"22/02/2024","valide":"Oui","ppo":"Non","type_carte":"Nouvelle carte","fond":"Ortho","obsolete":false}},{"type":"Feature","geometry":{"type":"Polygon","coordinates":[[[5.5917,45.3596],[5.5949,45.3601],[5.5945,45.3637],[5.5972,45.3621],[5.5982,45.3624],[5.5985,45.363],[5.5958,45.3667],[5.5975,45.3683],[5.5954,45.3697],[5.592,45.3691],[5.5872,45.3698],[5.5872,45.3662],[5.5881,45.3641],[5.589,45.3629],[5.5885,45.362],[5.5906,45.3613],[5.5912,45.3595],[5.5918,45.3595],[5.5917,45.3596]]]},"properties":{"id_ffco":"2023-D38-427","nom":"Voiron","_dept":"38","numero":"2023-D38-427","commune":"Voiron","echelle":"1/4000","surface":"0.67 km²","format":"A4","annee":"2023","cartographes":"Franck Dechavanne","proprietaire":"38 - Isère","niveau":"Régional","specialite":"CO à pied","contacts":"CDCO 38, 7 rue de l'Industrie, 38320, Eybens, contact@cdco38.fr, http://cdco38.fr/","latitude":"45.3652248016","longitude":"5.59231608074","date_saisie":"05/12/2023","date_depot":"22/02/2024","valide":"Oui","ppo":"Non","type_carte":"Nouvelle carte","fond":"Ortho","obsolete":false}},{"type":"Feature","geometry":{"type":"Polygon","coordinates":[[[5.3002,45.6993],[5.3007,45.6928],[5.307,45.691],[5.3115,45.6931],[5.3159,45.689],[5.3107,45.6885],[5.3077,45.682],[5.2946,45.6825],[5.2832,45.6871],[5.2851,45.6947],[5.2901,45.701],[5.2941,45.7019],[5.3002,45.6993]]]},"properties":{"id_ffco":"2023-D38-426","nom":"La Pierre de Dieu","_dept":"38","numero":"2023-D38-426","commune":"Trept","echelle":"1/7500","surface":"3.14 km²","format":"A4","annee":"2023","cartographes":"Nicolas Pinsard","proprietaire":"38 - Isère","niveau":"Régional","specialite":"CO à pied","contacts":"CDCO 38, 7 rue de l'Industrie, 38320, Eybens, contact@cdco38.fr, http://cdco38.fr/","latitude":"45.6905838277","longitude":"5.29686740992","date_saisie":"27/02/2023","date_depot":"17/05/2023","valide":"Oui","ppo":"Non","type_carte":"Nouvelle carte","fond":"Laser","obsolete":false}},{"type":"Feature","geometry":{"type":"Polygon","coordinates":[[[5.5437,45.4492],[5.5425,45.4483],[5.5428,45.4479],[5.5443,45.449],[5.5437,45.4492]]]},"properties":{"id_ffco":"2023-D38-425","nom":"Jardins Partagès Bilieu","_dept":"38","numero":"2023-D38-425","commune":"Bilieu","echelle":"1/750","surface":"0.01 km²","format":"A4","annee":"2023","cartographes":"Pierre Martinez Geodezic","proprietaire":"38 - Isère","niveau":"Initiation, Scolaire","specialite":"CO à pied","contacts":"CDCO 38, 7 rue de l'Industrie, 38320, Eybens, contact@cdco38.fr, http://cdco38.fr/","latitude":"45.4485631268","longitude":"5.54332175886","date_saisie":"20/02/2023","date_depot":"28/02/2023","valide":"Oui","ppo":"Non","type_carte":"Nouvelle carte","fond":"Cadastre","obsolete":false}},{"type":"Feature","geometry":{"type":"Polygon","coordinates":[[[5.2979,45.6969],[5.2967,45.7011],[5.2909,45.7019],[5.2864,45.6952],[5.283,45.6892],[5.284,45.687],[5.288,45.6853],[5.2905,45.6833],[5.2934,45.6801],[5.298,45.6753],[5.2992,45.6733],[5.2985,45.6687],[5.3009,45.6681],[5.3031,45.6693],[5.3078,45.6726],[5.3115,45.676],[5.3117,45.6785],[5.3167,45.6809],[5.3166,45.6825],[5.3109,45.6831],[5.3097,45.686],[5.3093,45.689],[5.3095,45.6905],[5.3108,45.6912],[5.3109,45.6922],[5.3086,45.6927],[5.3077,45.693],[5.3047,45.6939],[5.3037,45.6946],[5.3038,45.6947],[5.2979,45.6969]]]},"properties":{"id_ffco":"2023-D38-424","nom":"Le Mollard de Bange VTT","_dept":"38","numero":"2023-D38-424","commune":"Trept","echelle":"1/10000","surface":"4.74 km²","format":"A4","annee":"2023","cartographes":"Nicolas Pinsard","proprietaire":"38 - Isère","niveau":"Régional","specialite":"CO à VTT","contacts":"CDCO 38, 7 rue de l'Industrie, 38320, Eybens, contact@cdco38.fr, http://cdco38.fr/","latitude":"45.6858335136","longitude":"5.29920775053","date_saisie":"20/02/2023","date_depot":"28/02/2023","valide":"Oui","ppo":"Non","type_carte":"Nouvelle carte","fond":"Laser","obsolete":false}},{"type":"Feature","geometry":{"type":"Polygon","coordinates":[[[5.235,45.6486],[5.218,45.6504],[5.2067,45.6547],[5.2073,45.6682],[5.224,45.6796],[5.2425,45.6776],[5.2508,45.6753],[5.2516,45.6702],[5.2791,45.6652],[5.2831,45.6598],[5.2611,45.6504],[5.2578,45.6439],[5.2831,45.6499],[5.2853,45.6453],[5.2571,45.6344],[5.2468,45.6446],[5.235,45.6486]]]},"properties":{"id_ffco":"2023-D38-423","nom":"Le Château de Loras VTT","_dept":"38","numero":"2023-D38-423","commune":"Saint Marcel Bel Accueil","echelle":"1/15000","surface":"16.79 km²","format":"A3","annee":"2023","cartographes":"Nicolas Pinsard","proprietaire":"38 - Isère","niveau":"Interrégional","specialite":"CO à VTT","contacts":"CDCO 38, 7 rue de l'Industrie, 38320, Eybens, contact@cdco38.fr, http://cdco38.fr/","latitude":"45.6591334494","longitude":"5.24344916071","date_saisie":"20/02/2023","date_depot":"28/02/2023","valide":"Oui","ppo":"Non","type_carte":"Nouvelle carte","fond":"Ortho","obsolete":false}},{"type":"Feature","geometry":{"type":"Polygon","coordinates":[[[5.7583,45.1877],[5.7546,45.1885],[5.7519,45.1892],[5.7534,45.1924],[5.7566,45.194],[5.7616,45.1954],[5.7677,45.1969],[5.7668,45.1979],[5.7665,45.1984],[5.7634,45.1982],[5.7625,45.2005],[5.7625,45.201],[5.7699,45.2021],[5.7707,45.2007],[5.7716,45.1996],[5.7746,45.2004],[5.7771,45.2],[5.7796,45.1942],[5.7803,45.192],[5.7813,45.1911],[5.7808,45.1885],[5.78,45.1877],[5.7781,45.1887],[5.7756,45.187],[5.772,45.1862],[5.7694,45.1861],[5.7676,45.1889],[5.7643,45.1904],[5.7631,45.1903],[5.7622,45.1905],[5.7604,45.1895],[5.7591,45.1883],[5.7583,45.1877]]]},"properties":{"id_ffco":"2023-D38-422","nom":"Campus Universitaire Meylan Gières St Martin d'Hères","_dept":"38","numero":"2023-D38-422","commune":"St Martin d'Hères","echelle":"1/4000","surface":"2.28 km²","format":"+","annee":"2023","cartographes":"David Barranger, Theo Fleurent","proprietaire":"38 - Isère","niveau":"Régional","specialite":"CO à pied","contacts":"CDCO 38, 7 rue de l'Industrie, 38320, Eybens, contact@cdco38.fr, http://cdco38.fr/","latitude":"45.1933918662","longitude":"5.76872389924","date_saisie":"07/12/2023","date_depot":"02/05/2024","valide":"Oui","ppo":"Non","type_carte":"Reprise","base":"2013-D38-164 CAMPUS UNIVERSITAIRE GRENOBLE","fond":"Ortho","obsolete":false}},{"type":"Feature","geometry":{"type":"Polygon","coordinates":[[[5.7617,45.2006],[5.7683,45.2019],[5.7702,45.202],[5.7709,45.2003],[5.7688,45.1986],[5.767,45.1978],[5.7665,45.1984],[5.7648,45.1983],[5.7643,45.1989],[5.763,45.1989],[5.7617,45.2006]]]},"properties":{"id_ffco":"2023-D38-421","nom":"Parc de l'Ile d'Amour","_dept":"38","numero":"2023-D38-421","commune":"Metropole de Grenoble","echelle":"1/3000","surface":"0.2 km²","format":"A4","annee":"2023","cartographes":"David Barranger","proprietaire":"38 - Isère","niveau":"Initiation, Scolaire","specialite":"CO à pied","contacts":"CDCO 38, 7 rue de l'Industrie, 38320, Eybens, contact@cdco38.fr, http://cdco38.fr/","latitude":"45.2000680014","longitude":"5.76668868012","date_saisie":"06/12/2023","date_depot":"22/02/2024","valide":"Oui","ppo":"Non","type_carte":"Reprise","base":"2014-D38-166 ILE D AMOUR-MEYLAN","fond":"Ortho","obsolete":false}},{"type":"Feature","geometry":{"type":"Polygon","coordinates":[[[5.7328,44.9616],[5.7328,44.9626],[5.7324,44.9639],[5.7347,44.9648],[5.7358,44.9658],[5.7352,44.9664],[5.7365,44.9674],[5.7383,44.9678],[5.7392,44.9673],[5.741,44.9675],[5.7421,44.9668],[5.7448,44.9666],[5.7468,44.965],[5.7471,44.9632],[5.7493,44.9607],[5.7493,44.9604],[5.749,44.9592],[5.7466,44.9583],[5.7431,44.9579],[5.7411,44.9593],[5.7394,44.9597],[5.7328,44.9616]]]},"properties":{"id_ffco":"2023-D38-420","nom":"La Motte d'Aveillans","_dept":"38","numero":"2023-D38-420","commune":"La Motte d'Aveillans","echelle":"1/4000","surface":"0.93 km²","format":"A4","annee":"2023","cartographes":"Franck Dechavanne","proprietaire":"38 - Isère","niveau":"Départemental","specialite":"CO à pied","contacts":"CDCO 38, 7 rue de l'Industrie, 38320, Eybens, contact@cdco38.fr, http://cdco38.fr/","latitude":"44.9628069547","longitude":"5.7411786287","date_saisie":"06/12/2023","date_depot":"22/02/2024","valide":"Oui","ppo":"Oui (12 postes)","type_carte":"Nouvelle carte","fond":"Ortho","obsolete":false}},{"type":"Feature","geometry":{"type":"Polygon","coordinates":[[[5.7405,45.1442],[5.7404,45.146],[5.7398,45.1468],[5.7387,45.148],[5.739,45.1483],[5.7385,45.1486],[5.741,45.149],[5.7416,45.1483],[5.7417,45.1477],[5.7433,45.1475],[5.7433,45.1456],[5.7405,45.1442]]]},"properties":{"id_ffco":"2023-D38-419","nom":"Parc des Ruires Eybens","_dept":"38","numero":"2023-D38-419","commune":"Eybens","echelle":"1/2500","surface":"0.11 km²","format":"A4","annee":"2023","cartographes":"David Barranger","proprietaire":"38 - Isère","niveau":"Initiation, Scolaire","specialite":"CO à pied","contacts":"CDCO 38, 7 rue de l'Industrie, 38320, Eybens, contact@cdco38.fr, http://cdco38.fr/","latitude":"45.1468273749","longitude":"5.74117874439","date_saisie":"06/12/2023","date_depot":"22/02/2024","valide":"Oui","ppo":"Oui (25 postes)","type_carte":"Nouvelle carte","fond":"Cadastre","obsolete":false}},{"type":"Feature","geometry":{"type":"Polygon","coordinates":[[[5.7474,45.1593],[5.7479,45.1607],[5.7486,45.1616],[5.7508,45.1602],[5.7499,45.1595],[5.7496,45.1598],[5.7487,45.1591],[5.7483,45.1587],[5.7474,45.1593]]]},"properties":{"id_ffco":"2023-D38-418","nom":"Parc des Maisons Neuves Eybens","_dept":"38","numero":"2023-D38-418","commune":"Eybens","echelle":"1/1500","surface":"0.04 km²","format":"A4","annee":"2023","cartographes":"David Barranger","proprietaire":"38 - Isère","niveau":"Initiation, Scolaire","specialite":"CO à pied","contacts":"CDCO 38, 7 rue de l'Industrie, 38320, Eybens, contact@cdco38.fr, http://cdco38.fr/","latitude":"45.1601412094","longitude":"5.74889314248","date_saisie":"06/12/2023","date_depot":"22/02/2024","valide":"Oui","ppo":"Oui (25 postes)","type_carte":"Nouvelle carte","fond":"Cadastre","obsolete":false}},{"type":"Feature","geometry":{"type":"Polygon","coordinates":[[[5.7644,45.2089],[5.7674,45.2101],[5.7672,45.2095],[5.767,45.2091],[5.7671,45.2089],[5.765,45.2083],[5.7644,45.2089]]]},"properties":{"id_ffco":"2023-D38-417","nom":"Collége Lionel Terray Meylan","_dept":"38","numero":"2023-D38-417","commune":"Meylan","echelle":"1/1000","surface":"0.02 km²","format":"A4","annee":"2023","cartographes":"Benoit Deroux","proprietaire":"38 - Isère","niveau":"Initiation, Scolaire","specialite":"CO à pied","contacts":"CDCO 38, 7 rue de l'Industrie, 38320, Eybens, contact@cdco38.fr, http://cdco38.fr/","latitude":"45.2090808245","longitude":"5.76598409661","date_saisie":"11/01/2023","date_depot":"15/02/2024","valide":"Oui","ppo":"Non","type_carte":"Nouvelle carte","fond":"Cadastre","obsolete":false}},{"type":"Feature","geometry":{"type":"Polygon","coordinates":[[[5.307,45.5961],[5.3094,45.5982],[5.3053,45.6005],[5.3025,45.5997],[5.3017,45.5992],[5.2998,45.5967],[5.2969,45.5959],[5.2947,45.5947],[5.2951,45.5931],[5.2981,45.5937],[5.3003,45.5931],[5.302,45.5927],[5.307,45.5961]]]},"properties":{"id_ffco":"2022-D38-416","nom":"Etang de Rosière ISSprOM","_dept":"38","numero":"2022-D38-416","commune":"Bourgoin Jallieu","echelle":"1/4000","surface":"0.49 km²","format":"A4","annee":"2022","cartographes":"Franck Dechavanne","proprietaire":"38 - Isère","niveau":"Départemental","specialite":"Sprint (ISSOM)","contacts":"CDCO 38, 7 rue de l'Industrie, 38320, Eybens, contact@cdco38.fr, http://cdco38.fr/","latitude":"45.5963689774","longitude":"5.30243284114","date_saisie":"22/12/2022","date_depot":"25/01/2023","valide":"Oui","ppo":"Non","type_carte":"Reprise","base":"2017-D38-230 L'étang de Rosière","fond":"Ortho","obsolete":false}},{"type":"Feature","geometry":{"type":"Polygon","coordinates":[[[5.1597,45.6037],[5.1584,45.6061],[5.1563,45.6067],[5.1578,45.6098],[5.1606,45.6113],[5.1597,45.6138],[5.1609,45.6139],[5.1653,45.6133],[5.1712,45.6136],[5.1726,45.6119],[5.177,45.6105],[5.1797,45.6086],[5.1793,45.6076],[5.1858,45.6052],[5.1869,45.604],[5.185,45.6007],[5.1837,45.5992],[5.1727,45.6044],[5.171,45.6031],[5.1689,45.6033],[5.1677,45.6051],[5.1657,45.6058],[5.1633,45.6043],[5.1597,45.6037]]]},"properties":{"id_ffco":"2023-D38-415","nom":"Villefontaine St Bonnet et les 4 vents","_dept":"38","numero":"2023-D38-415","commune":"Villefontaine","echelle":"1/6500","surface":"1.93 km²","format":"A4","annee":"2023","cartographes":"Nicolas Pinsard","proprietaire":"38 - Isère","niveau":"Initiation, Scolaire","specialite":"CO à pied","contacts":"CDCO 38, 7 rue de l'Industrie, 38320, Eybens, contact@cdco38.fr, http://cdco38.fr/","latitude":"45.6072734885","longitude":"5.17111756338","date_saisie":"06/12/2023","date_depot":"22/02/2024","valide":"Oui","ppo":"Non","type_carte":"Nouvelle carte","fond":"Ortho","obsolete":false}},{"type":"Feature","geometry":{"type":"Polygon","coordinates":[[[5.1458,45.6021],[5.1455,45.6033],[5.1462,45.6065],[5.1487,45.6059],[5.1497,45.6066],[5.1517,45.6072],[5.1562,45.6068],[5.1552,45.605],[5.1558,45.6027],[5.1458,45.6021]]]},"properties":{"id_ffco":"2023-D38-414","nom":"Etang de Vaugelas","_dept":"38","numero":"2023-D38-414","commune":"Villefontaine","echelle":"1/5000","surface":"0.37 km²","format":"A4","annee":"2023","cartographes":"Nicolas Pinsard","proprietaire":"38 - Isère","niveau":"Initiation, Scolaire","specialite":"CO à pied","contacts":"CDCO 38, 7 rue de l'Industrie, 38320, Eybens, contact@cdco38.fr, http://cdco38.fr/","latitude":"45.6045421776","longitude":"5.15078267217","date_saisie":"06/12/2023","date_depot":"22/02/2024","valide":"Oui","ppo":"Non","type_carte":"Nouvelle carte","fond":"Ortho","obsolete":false}},{"type":"Feature","geometry":{"type":"Polygon","coordinates":[[[5.5887,45.5354],[5.5903,45.5352],[5.5906,45.536],[5.5912,45.536],[5.5916,45.5368],[5.5893,45.5368],[5.589,45.5362],[5.5888,45.5361],[5.5887,45.5354]]]},"properties":{"id_ffco":"2022-D38-413","nom":"Collège Marcel Bouvier Les Abrets","_dept":"38","numero":"2022-D38-413","commune":"Les Abrets","echelle":"1/1200","surface":"0.03 km²","format":"A4","annee":"2022","cartographes":"Franck Dechavanne","proprietaire":"38 - Isère","niveau":"Initiation, Scolaire","specialite":"CO à pied","contacts":"Association Sportive Collège Marcel Bouvier","latitude":"45.5361267497","longitude":"5.58999554878","date_saisie":"21/12/2022","date_depot":"25/01/2023","valide":"Oui","ppo":"Non","type_carte":"Nouvelle carte","fond":"Ortho","obsolete":false}},{"type":"Feature","geometry":{"type":"Polygon","coordinates":[[[5.7964,45.2161],[5.7962,45.2173],[5.795,45.2179],[5.7933,45.2178],[5.7928,45.2175],[5.7932,45.2166],[5.7942,45.216],[5.7952,45.2155],[5.7964,45.2161]]]},"properties":{"id_ffco":"2022-D38-412","nom":"Parc des Etangs","_dept":"38","numero":"2022-D38-412","commune":"Meylan","echelle":"1/1500","surface":"0.05 km²","format":"A4","annee":"2022","cartographes":"Théo Fleurent, Géodézic Pierre Martinez, David Barranger","proprietaire":"38 - Isère","niveau":"Initiation, Scolaire","specialite":"CO à pied","contacts":"CDCO 38, 7 rue de l'Industrie, 38320, Eybens, contact@cdco38.fr, http://cdco38.fr/","latitude":"45.216816111","longitude":"5.79474917689","date_saisie":"21/12/2022","date_depot":"25/01/2023","valide":"Oui","ppo":"Oui (25 postes)","type_carte":"Nouvelle carte","fond":"Ortho","obsolete":false}},{"type":"Feature","geometry":{"type":"Polygon","coordinates":[[[5.7795,45.2141],[5.7813,45.2127],[5.7816,45.2112],[5.7839,45.2116],[5.7856,45.212],[5.7856,45.213],[5.7846,45.2143],[5.7837,45.2149],[5.7829,45.2154],[5.7822,45.2153],[5.7811,45.2145],[5.7795,45.2144],[5.7795,45.2141]]]},"properties":{"id_ffco":"2022-D38-411","nom":"Parc du Bruchet","_dept":"38","numero":"2022-D38-411","commune":"Meylan","echelle":"1/2500","surface":"0.13 km²","format":"A4","annee":"2022","cartographes":"Théo Fleurent, Géodézix Pierre Martinez, David Barranger","proprietaire":"38 - Isère","niveau":"Départemental","specialite":"CO à pied","contacts":"CDCO 38, 7 rue de l'Industrie, 38320, Eybens, contact@cdco38.fr, http://cdco38.fr/","latitude":"45.2133057369","longitude":"5.78283128153","date_saisie":"21/12/2022","date_depot":"25/01/2023","valide":"Oui","ppo":"Oui (55 postes)","type_carte":"Nouvelle carte","fond":"Ortho","obsolete":false}},{"type":"Feature","geometry":{"type":"Polygon","coordinates":[[[5.7797,45.2104],[5.7791,45.2128],[5.7809,45.2131],[5.7817,45.2119],[5.7814,45.2109],[5.7797,45.2104]]]},"properties":{"id_ffco":"2022-D38-410","nom":"Parc du Bachais","_dept":"38","numero":"2022-D38-410","commune":"Meylan","echelle":"1/1500","surface":"0.04 km²","format":"A4","annee":"2022","cartographes":"Théo Fleurent, Pierre Martinez, David Barranger","proprietaire":"38 - Isère","niveau":"Initiation, Scolaire","specialite":"CO à pied","contacts":"CDCO 38, 7 rue de l'Industrie, 38320, Eybens, contact@cdco38.fr, http://cdco38.fr/","latitude":"45.2118201322","longitude":"5.7803765375","date_saisie":"21/12/2022","date_depot":"25/01/2023","valide":"Oui","ppo":"Oui (25 postes)","type_carte":"Nouvelle carte","fond":"Ortho","obsolete":false}},{"type":"Feature","geometry":{"type":"Polygon","coordinates":[[[6.0414,45.0955],[6.0406,45.0929],[6.038,45.0905],[6.0348,45.0894],[6.0328,45.0891],[6.0312,45.0906],[6.0287,45.0912],[6.0309,45.0956],[6.0332,45.0986],[6.0357,45.0977],[6.0416,45.0982],[6.0421,45.0972],[6.0414,45.0955]]]},"properties":{"id_ffco":"2022-D38-409","nom":"Villard Reculas","_dept":"38","numero":"2022-D38-409","commune":"Villard Reculas","echelle":"1/5000","surface":"0.72 km²","format":"A4","annee":"2022","cartographes":"David Barranger","proprietaire":"38 - Isère","niveau":"Initiation, Scolaire","specialite":"CO à pied","contacts":"CDCO 38, 7 rue de l'Industrie, 38320, Eybens, contact@cdco38.fr, http://cdco38.fr/","latitude":"45.0940160964","longitude":"6.03551766668","date_saisie":"21/12/2022","date_depot":"25/01/2023","valide":"Oui","ppo":"Oui (20 postes)","type_carte":"Nouvelle carte","fond":"Ortho","obsolete":false}},{"type":"Feature","geometry":{"type":"Polygon","coordinates":[[[5.7517,45.1411],[5.7601,45.1416],[5.7642,45.1474],[5.7632,45.1494],[5.7561,45.1498],[5.7504,45.1511],[5.7498,45.1501],[5.7471,45.1489],[5.7492,45.1406],[5.7517,45.1411]]]},"properties":{"id_ffco":"2022-D38-408","nom":"Eybens Les Arcelles","_dept":"38","numero":"2022-D38-408","commune":"Eybens","echelle":"1/5000","surface":"1.11 km²","format":"A4","annee":"2022","cartographes":"Franck Dechavanne","proprietaire":"38 - Isère","niveau":"Départemental","specialite":"CO à pied","contacts":"CDCO 38, 7 rue de l'Industrie, 38320, Eybens, contact@cdco38.fr, http://cdco38.fr/","latitude":"45.1458952122","longitude":"5.75506524434","date_saisie":"21/12/2022","date_depot":"25/01/2023","valide":"Oui","ppo":"Oui (12 postes)","type_carte":"Nouvelle carte","fond":"Ortho","obsolete":false}},{"type":"Feature","geometry":{"type":"Polygon","coordinates":[[[5.574,44.9759],[5.5737,44.9748],[5.5708,44.9773],[5.569,44.9796],[5.5688,44.9806],[5.5695,44.9824],[5.5688,44.9832],[5.5685,44.9837],[5.5705,44.986],[5.5713,44.9874],[5.572,44.9889],[5.5729,44.9901],[5.5741,44.9903],[5.5756,44.9892],[5.578,44.9884],[5.5795,44.9886],[5.5794,44.9908],[5.5803,44.9932],[5.5807,44.9941],[5.5857,44.9957],[5.5872,44.9954],[5.5882,44.9948],[5.5908,44.9933],[5.5919,44.9935],[5.595,44.9941],[5.5956,44.9916],[5.597,44.9893],[5.5958,44.9885],[5.5934,44.9854],[5.5919,44.9844],[5.5887,44.9829],[5.5871,44.9815],[5.5864,44.9809],[5.5834,44.9786],[5.5808,44.9757],[5.5794,44.9746],[5.5776,44.974],[5.5762,44.9736],[5.5735,44.9744],[5.5735,44.9747],[5.574,44.9759]]]},"properties":{"id_ffco":"2022-D38-407","nom":"Château Bernard","_dept":"38","numero":"2022-D38-407","commune":"Château Bernard","echelle":"1/10000","surface":"3.03 km²","format":"A4","annee":"2022","cartographes":"Franck Dechavanne","proprietaire":"38 - Isère","niveau":"Départemental","specialite":"CO à pied","contacts":"CDCO 38, 7 rue de l'Industrie, 38320, Eybens, contact@cdco38.fr, http://cdco38.fr/","latitude":"44.9852213063","longitude":"5.58171976876","date_saisie":"20/12/2022","date_depot":"18/01/2023","valide":"Oui","ppo":"Oui (23 postes)","type_carte":"Nouvelle carte","fond":"Ortho","obsolete":false}},{"type":"Feature","geometry":{"type":"Polygon","coordinates":[[[5.5538,44.8975],[5.5545,44.8988],[5.5578,44.9002],[5.5592,44.8985],[5.5611,44.8961],[5.5604,44.8955],[5.5592,44.895],[5.5568,44.8953],[5.5554,44.8968],[5.5549,44.8974],[5.5543,44.8972],[5.5538,44.8975]]]},"properties":{"id_ffco":"2022-D38-406","nom":"Gressette","_dept":"38","numero":"2022-D38-406","commune":"Gresse en Vercors","echelle":"1/4000","surface":"0.19 km²","format":"A4","annee":"2022","cartographes":"Franck Dechavanne","proprietaire":"38 - Isère","niveau":"Initiation, Scolaire","specialite":"CO à pied","contacts":"CDCO 38, 7 rue de l'Industrie, 38320, Eybens, contact@cdco38.fr, http://cdco38.fr/","latitude":"44.8973918136","longitude":"5.5575375359","date_saisie":"20/12/2022","date_depot":"18/01/2023","valide":"Oui","ppo":"Non","type_carte":"Nouvelle carte","fond":"Ortho","obsolete":false}},{"type":"Feature","geometry":{"type":"Polygon","coordinates":[[[5.5453,44.8907],[5.5451,44.8919],[5.5464,44.8926],[5.5463,44.8933],[5.5477,44.8939],[5.5493,44.8947],[5.5496,44.8957],[5.5518,44.8968],[5.555,44.8989],[5.561,44.8961],[5.5637,44.8952],[5.5648,44.8936],[5.5654,44.8889],[5.5617,44.8879],[5.5568,44.8889],[5.5543,44.8883],[5.5524,44.887],[5.55,44.8881],[5.552,44.8894],[5.5483,44.8901],[5.5453,44.8907]]]},"properties":{"id_ffco":"2022-D38-405","nom":"Gresse enn Vercors","_dept":"38","numero":"2022-D38-405","commune":"Gresse en Vercors","echelle":"1/7500","surface":"1.28 km²","format":"A4","annee":"2022","cartographes":"Franck Dechavanne","proprietaire":"38 - Isère","niveau":"Initiation, Scolaire","specialite":"CO à pied","contacts":"CDCO 38, 7 rue de l'Industrie, 38320, Eybens, contact@cdco38.fr, http://cdco38.fr/","latitude":"44.892571974","longitude":"5.55605655622","date_saisie":"20/12/2022","date_depot":"18/01/2023","valide":"Oui","ppo":"Non","type_carte":"Nouvelle carte","fond":"Ortho","obsolete":false}},{"type":"Feature","geometry":{"type":"Polygon","coordinates":[[[6.0882,45.0931],[6.093,45.0904],[6.0976,45.0871],[6.1014,45.085],[6.1054,45.0838],[6.1051,45.0817],[6.103,45.0819],[6.0983,45.0822],[6.0976,45.0832],[6.0917,45.0819],[6.0878,45.0826],[6.0872,45.0834],[6.0835,45.0836],[6.0813,45.0844],[6.0784,45.0849],[6.0787,45.0862],[6.0787,45.0879],[6.0848,45.0906],[6.0857,45.0918],[6.0882,45.0931]]]},"properties":{"id_ffco":"2022-D38-404","nom":"Huez Brandes","_dept":"38","numero":"2022-D38-404","commune":"Huez","echelle":"1/7500","surface":"1.4 km²","format":"A4","annee":"2022","cartographes":"Franck Dechavanne, David Barranger","proprietaire":"38 - Isère","niveau":"Départemental","specialite":"CO à pied","contacts":"CDCO 38, 7 rue de l'Industrie, 38320, Eybens, contact@cdco38.fr, http://cdco38.fr/","latitude":"45.086368172","longitude":"6.09056037633","date_saisie":"20/12/2022","date_depot":"18/01/2023","valide":"Oui","ppo":"Oui (12 postes)","type_carte":"Nouvelle carte","fond":"Ortho","obsolete":false}},{"type":"Feature","geometry":{"type":"Polygon","coordinates":[[[6.0569,45.0839],[6.0584,45.0834],[6.0626,45.0837],[6.0629,45.083],[6.0627,45.0817],[6.0592,45.0807],[6.0567,45.0799],[6.0551,45.0805],[6.0551,45.0814],[6.0554,45.0827],[6.0562,45.084],[6.0569,45.0839]]]},"properties":{"id_ffco":"2022-D38-403","nom":"Huez Village","_dept":"38","numero":"2022-D38-403","commune":"Huez","echelle":"1/2500","surface":"0.19 km²","format":"A4","annee":"2022","cartographes":"Franck Dechavanne","proprietaire":"38 - Isère","niveau":"Régional","specialite":"CO à pied","contacts":"CDCO 38, 7 rue de l'Industrie, 38320, Eybens, contact@cdco38.fr, http://cdco38.fr/","latitude":"45.0820851631","longitude":"6.05860706267","date_saisie":"20/12/2022","date_depot":"18/01/2023","valide":"Oui","ppo":"Oui (12 postes)","type_carte":"Nouvelle carte","fond":"Ortho","obsolete":false}},{"type":"Feature","geometry":{"type":"Polygon","coordinates":[[[5.5747,44.8273],[5.5584,44.8279],[5.5411,44.8234],[5.5304,44.8195],[5.5223,44.818],[5.5239,44.8147],[5.5395,44.8123],[5.5544,44.8078],[5.5696,44.7999],[5.5809,44.7896],[5.5864,44.7863],[5.5963,44.7874],[5.5893,44.7979],[5.5829,44.8186],[5.5747,44.8273]]]},"properties":{"id_ffco":"2022-D38-402","nom":"Chichiliane","_dept":"38","numero":"2022-D38-402","commune":"Chichiliane","echelle":"1/10000","surface":"11.21 km²","format":"+","annee":"2022","cartographes":"Cap Orientation. Voir cartouche","proprietaire":"38 - Isère","niveau":"Interrégional","specialite":"CO à pied","contacts":"CDCO 38, 7 rue de l'Industrie, 38320, Eybens, contact@cdco38.fr, http://cdco38.fr/","latitude":"44.8113745713","longitude":"5.56523481614","date_saisie":"25/07/2022","date_depot":"21/09/2022","valide":"Oui","ppo":"Non","type_carte":"Nouvelle carte","fond":"Ortho","obsolete":false}},{"type":"Feature","geometry":{"type":"Polygon","coordinates":[[[6.0883,45.1369],[6.0907,45.1397],[6.0934,45.1405],[6.0978,45.1399],[6.0968,45.1355],[6.095,45.1317],[6.0941,45.1285],[6.0935,45.1261],[6.0934,45.1212],[6.0919,45.1181],[6.0912,45.1113],[6.0902,45.1083],[6.0896,45.1068],[6.0864,45.105],[6.0836,45.105],[6.0804,45.1068],[6.0789,45.1092],[6.0797,45.1115],[6.0804,45.114],[6.0817,45.1156],[6.0817,45.1175],[6.0828,45.1194],[6.0835,45.1212],[6.0842,45.1236],[6.0847,45.1258],[6.086,45.131],[6.0867,45.1346],[6.0883,45.1369]]]},"properties":{"id_ffco":"2022-D38-401","nom":"L'Alpette","_dept":"38","numero":"2022-D38-401","commune":"Oz en Oisans","echelle":"1/10000","surface":"2.89 km²","format":"A4","annee":"2022","cartographes":"Matthieu Barthelemy","proprietaire":"38 - Isère","niveau":"Interrégional","specialite":"CO à pied","contacts":"CDCO 38, 7 rue de l'Industrie, 38320, Eybens, contact@cdco38.fr, http://cdco38.fr/","latitude":"45.1220385089","longitude":"6.08836315036","date_saisie":"17/12/2022","date_depot":"18/01/2023","valide":"Oui","ppo":"Oui (22 postes)","type_carte":"Nouvelle carte","fond":"Ortho","obsolete":false}},{"type":"Feature","geometry":{"type":"Polygon","coordinates":[[[6.0612,45.1365],[6.0603,45.1406],[6.0657,45.1438],[6.0733,45.1457],[6.0743,45.1434],[6.0739,45.141],[6.0763,45.1383],[6.0781,45.1352],[6.076,45.1321],[6.0769,45.131],[6.0786,45.1269],[6.0782,45.1257],[6.0746,45.1231],[6.0727,45.1227],[6.0683,45.1232],[6.0654,45.1246],[6.0621,45.1242],[6.0604,45.1265],[6.0572,45.1293],[6.0571,45.1313],[6.0629,45.1316],[6.0624,45.1325],[6.0626,45.1345],[6.0612,45.1365]]]},"properties":{"id_ffco":"2022-D38-400","nom":"Oz Plan du Cerf","_dept":"38","numero":"2022-D38-400","commune":"Oz en Oisans","echelle":"1/10000","surface":"2.84 km²","format":"A4","annee":"2022","cartographes":"Matthieu Barthelemy","proprietaire":"38 - Isère","niveau":"Départemental","specialite":"CO à pied","contacts":"CDCO 38, 7 rue de l'Industrie, 38320, Eybens, contact@cdco38.fr, http://cdco38.fr/","latitude":"45.1332184765","longitude":"6.0688302555","date_saisie":"13/12/2022","date_depot":"25/01/2023","valide":"Oui","ppo":"Oui (32 postes)","type_carte":"Nouvelle carte","fond":"Ortho","obsolete":false}},{"type":"Feature","geometry":{"type":"Polygon","coordinates":[[[6.0709,45.1294],[6.0701,45.1294],[6.0697,45.13],[6.0682,45.1295],[6.0677,45.1291],[6.0677,45.128],[6.0684,45.1278],[6.0678,45.1269],[6.0687,45.1265],[6.0698,45.1244],[6.071,45.1245],[6.0723,45.1256],[6.0731,45.1274],[6.0742,45.1288],[6.074,45.1299],[6.0756,45.1306],[6.0753,45.1314],[6.0762,45.1333],[6.076,45.1337],[6.0734,45.1331],[6.0723,45.1318],[6.0717,45.1309],[6.0711,45.1298],[6.0709,45.1294]]]},"properties":{"id_ffco":"2022-D38-399","nom":"Oz Station","_dept":"38","numero":"2022-D38-399","commune":"Oz en Oisans","echelle":"1/4000","surface":"0.31 km²","format":"A4","annee":"2022","cartographes":"Matthieu Barthelemy","niveau":"Départemental","specialite":"Sprint (ISSOM)","contacts":"CDCO 38, 7 rue de l'Industrie, 38320, Eybens, contact@cdco38.fr, http://cdco38.fr/","latitude":"45.128857771","longitude":"6.07178311264","date_saisie":"13/12/2022","date_depot":"25/01/2023","valide":"Oui","ppo":"Oui (12 postes)","type_carte":"Nouvelle carte","fond":"Ortho","obsolete":false}},{"type":"Feature","geometry":{"type":"Polygon","coordinates":[[[6.0517,45.1417],[6.0513,45.1415],[6.05,45.1406],[6.0503,45.1399],[6.0521,45.1398],[6.0528,45.1402],[6.0543,45.1399],[6.0545,45.1405],[6.0546,45.1429],[6.0546,45.1432],[6.0534,45.1431],[6.0523,45.1416],[6.0517,45.1417]]]},"properties":{"id_ffco":"2022-D38-398","nom":"Oz Village","_dept":"38","numero":"2022-D38-398","commune":"Oz en Oisans","echelle":"1/2500","surface":"0.08 km²","format":"A4","annee":"2022","cartographes":"David Barranger","proprietaire":"38 - Isère","niveau":"Initiation, Scolaire","specialite":"CO à pied","contacts":"CDCO 38, 7 rue de l'Industrie, 38320, Eybens, contact@cdco38.fr, http://cdco38.fr/","latitude":"45.1411832666","longitude":"6.05278481915","date_saisie":"13/12/2022","date_depot":"25/01/2023","valide":"Oui","ppo":"Oui (10 postes)","type_carte":"Nouvelle carte","fond":"Ortho","url":"https://isereoutdoor.fr/fr/activites","obsolete":false}},{"type":"Feature","geometry":{"type":"Polygon","coordinates":[[[5.7397,44.8355],[5.7379,44.8349],[5.7353,44.8293],[5.7387,44.8276],[5.74,44.8242],[5.7398,44.8215],[5.7388,44.8205],[5.7414,44.8193],[5.7423,44.8188],[5.744,44.8187],[5.7438,44.8181],[5.7473,44.8178],[5.7502,44.8198],[5.7523,44.8211],[5.7477,44.8222],[5.7504,44.8277],[5.7524,44.8292],[5.7511,44.8307],[5.7519,44.8325],[5.7466,44.8334],[5.7407,44.8351],[5.7397,44.8355]]]},"properties":{"id_ffco":"2022-D38-397","nom":"Les Marais Mens","_dept":"38","numero":"2022-D38-397","commune":"Mens","echelle":"1/7500","surface":"1.63 km²","format":"A4","annee":"2022","cartographes":"Franck Dechavanne","proprietaire":"38 - Isère","niveau":"Initiation, Scolaire","specialite":"CO à pied","contacts":"CDCO 38, 7 rue de l'Industrie, 38320, Eybens, contact@cdco38.fr, http://cdco38.fr/","latitude":"44.8271012344","longitude":"5.74409625774","date_saisie":"13/12/2022","date_depot":"25/01/2023","valide":"Oui","ppo":"Non","type_carte":"Nouvelle carte","fond":"Ortho","obsolete":false}},{"type":"Feature","geometry":{"type":"Polygon","coordinates":[[[5.7483,44.8159],[5.7499,44.8161],[5.7502,44.8149],[5.7492,44.8148],[5.7486,44.8153],[5.7483,44.8159]]]},"properties":{"id_ffco":"2022-D38-396","nom":"Collège du Trièves","_dept":"38","numero":"2022-D38-396","commune":"Mens","echelle":"1/1000","surface":"0.01 km²","format":"A4","annee":"2022","cartographes":"Franck Dechavanne","proprietaire":"38 - Isère","niveau":"Initiation, Scolaire","specialite":"CO à pied","latitude":"44.815466077","longitude":"5.74933676039","date_saisie":"13/12/2022","date_depot":"25/01/2023","valide":"Oui","ppo":"Non","type_carte":"Reprise","base":"2013-D38-152 LE COLLEGE DU TRIEVES","fond":"Ortho","obsolete":false}},{"type":"Feature","geometry":{"type":"Polygon","coordinates":[[[5.6406,45.1671],[5.6385,45.1657],[5.6323,45.1644],[5.6311,45.1635],[5.6299,45.1646],[5.6271,45.1649],[5.6245,45.1668],[5.6248,45.1693],[5.6294,45.1708],[5.6298,45.1721],[5.6272,45.1773],[5.6359,45.1779],[5.6344,45.1812],[5.6385,45.1832],[5.6389,45.1881],[5.6394,45.1901],[5.6451,45.1933],[5.6483,45.1935],[5.6466,45.1877],[5.6453,45.1846],[5.6434,45.1785],[5.6433,45.1742],[5.6398,45.1741],[5.6392,45.1713],[5.6394,45.1699],[5.6406,45.1671]]]},"properties":{"id_ffco":"2022-D38-395","nom":"Mémorial de la Resistance St Nizier","_dept":"38","numero":"2022-D38-395","commune":"Saint Nizier du Moucherotte","echelle":"1/10000","surface":"2.5 km²","format":"A3","annee":"2022","cartographes":"Remi Lequint, Pierre Martinez","proprietaire":"38 - Isère","niveau":"Initiation, Scolaire","specialite":"CO à pied","contacts":"CDCO 38, 7 rue de l'Industrie, 38320, Eybens, contact@cdco38.fr, http://cdco38.fr/","latitude":"45.1767490983","longitude":"5.63703180339","date_saisie":"20/12/2022","date_depot":"18/01/2023","valide":"Oui","ppo":"Oui (10 postes)","type_carte":"Nouvelle carte","fond":"Ortho","obsolete":false}},{"type":"Feature","geometry":{"type":"Polygon","coordinates":[[[5.7338,45.1424],[5.7303,45.1423],[5.7223,45.1405],[5.7194,45.1387],[5.7165,45.1368],[5.7141,45.1348],[5.7219,45.1283],[5.7265,45.124],[5.7269,45.121],[5.7374,45.1224],[5.7458,45.1234],[5.7453,45.1253],[5.7483,45.125],[5.7485,45.1292],[5.7498,45.135],[5.7452,45.138],[5.741,45.1388],[5.7394,45.1387],[5.7364,45.141],[5.7342,45.1418],[5.7338,45.1424]]]},"properties":{"id_ffco":"2022-D38-394","nom":"Le Plateau de Jarrie O VTT","_dept":"38","numero":"2022-D38-394","commune":"Jarrie","echelle":"1/10000","surface":"4.39 km²","format":"A4","annee":"2022","cartographes":"Matthieu Barthelemy","proprietaire":"38 - Isère","niveau":"Interrégional","specialite":"CO à VTT","contacts":"CDCO 38, 7 rue de l'Industrie, 38320, Eybens, contact@cdco38.fr, http://cdco38.fr/","latitude":"45.1319829465","longitude":"5.73326040985","date_saisie":"13/12/2022","date_depot":"25/01/2023","valide":"Oui","ppo":"Non","type_carte":"Nouvelle carte","fond":"Ortho","obsolete":false}},{"type":"Feature","geometry":{"type":"Polygon","coordinates":[[[5.2934,45.3199],[5.2869,45.3217],[5.2848,45.3236],[5.2815,45.3249],[5.2864,45.3266],[5.2828,45.3272],[5.2814,45.3274],[5.2782,45.3285],[5.277,45.3286],[5.277,45.3267],[5.2755,45.3267],[5.2735,45.3253],[5.2715,45.3255],[5.2712,45.3246],[5.2751,45.3215],[5.2767,45.3202],[5.2782,45.3187],[5.2811,45.3188],[5.2846,45.3185],[5.289,45.3175],[5.2941,45.3186],[5.2949,45.319],[5.2934,45.3199]]]},"properties":{"id_ffco":"2022-D38-393","nom":"Château de Bressieux","_dept":"38","numero":"2022-D38-393","commune":"Bressieux","echelle":"1/7500","surface":"1.01 km²","format":"A4","annee":"2022","cartographes":"Nicolas Pinsard","proprietaire":"38 - Isère","niveau":"Initiation, Scolaire","specialite":"CO à pied","contacts":"CDCO 38, 7 rue de l'Industrie, 38320, Eybens, contact@cdco38.fr, http://cdco38.fr/","latitude":"45.3224257697","longitude":"5.28167349721","date_saisie":"13/12/2022","date_depot":"25/01/2023","valide":"Oui","ppo":"Oui (9 postes)","type_carte":"Nouvelle carte","fond":"Ortho","obsolete":false}},{"type":"Feature","geometry":{"type":"Polygon","coordinates":[[[5.2668,45.3289],[5.269,45.3289],[5.269,45.3291],[5.2709,45.3291],[5.2705,45.3289],[5.2705,45.3278],[5.2714,45.3276],[5.2715,45.3269],[5.2703,45.3272],[5.2692,45.3273],[5.2691,45.328],[5.2668,45.3282],[5.2668,45.3289]]]},"properties":{"id_ffco":"2022-D38-392","nom":"Stade St Simeon de Bressieux","_dept":"38","numero":"2022-D38-392","commune":"Saint Simeon de Bressieux","echelle":"1/1500","surface":"0.04 km²","format":"A4","annee":"2022","cartographes":"Nicolas Pinsard","proprietaire":"38 - Isère","niveau":"Initiation, Scolaire","specialite":"CO à pied","contacts":"CDCO 38, 7 rue de l'Industrie, 38320, Eybens, contact@cdco38.fr, http://cdco38.fr/","latitude":"45.3281957143","longitude":"5.26926597292","date_saisie":"13/12/2022","date_depot":"25/01/2023","valide":"Oui","ppo":"Oui (50 postes)","type_carte":"Nouvelle carte","fond":"Ortho","obsolete":false}},{"type":"Feature","geometry":{"type":"Polygon","coordinates":[[[5.7265,45.1235],[5.7421,45.1235],[5.7458,45.1239],[5.745,45.1251],[5.7482,45.125],[5.7523,45.1284],[5.7507,45.1325],[5.748,45.1352],[5.7451,45.1372],[5.7433,45.138],[5.7409,45.1374],[5.7377,45.1422],[5.7334,45.1424],[5.7301,45.1425],[5.7276,45.1427],[5.722,45.14],[5.7203,45.1389],[5.7143,45.1347],[5.7213,45.1285],[5.7246,45.1264],[5.7265,45.1235]]]},"properties":{"id_ffco":"2022-D38-391","nom":"Le Plateau de Jarrie","_dept":"38","numero":"2022-D38-391","commune":"Jarrie","echelle":"1/10000","surface":"4.32 km²","format":"A4","annee":"2022","cartographes":"Cartomatt","proprietaire":"38 - Isère","niveau":"Interrégional","specialite":"CO à pied","contacts":"CDCO 38, 7 rue de l'Industrie, 38320, Eybens, contact@cdco38.fr, http://cdco38.fr/","latitude":"45.1324430167","longitude":"5.7337407851","date_saisie":"13/12/2022","date_depot":"25/01/2023","valide":"Oui","ppo":"Non","type_carte":"Nouvelle carte","fond":"Ortho","obsolete":false}},{"type":"Feature","geometry":{"type":"Polygon","coordinates":[[[5.3095,45.4815],[5.3117,45.4864],[5.3191,45.4895],[5.3254,45.4956],[5.3396,45.4948],[5.3397,45.4909],[5.3394,45.4847],[5.3379,45.4794],[5.336,45.478],[5.335,45.476],[5.3152,45.4766],[5.3095,45.4815]]]},"properties":{"id_ffco":"2021-D38-390","nom":"Flachères La Pierre Aigue","_dept":"38","numero":"2021-D38-390","commune":"Flachères","echelle":"1/10000","surface":"3.85 km²","format":"A4","annee":"2021","cartographes":"Nicolas Pinsard","proprietaire":"38 - Isère","niveau":"Régional","specialite":"CO à pied","contacts":"CDCO 38, 7 rue de l'Industrie, 38320, Eybens, contact@cdco38.fr, http://cdco38.fr/","latitude":"45.4850843429","longitude":"5.32659160631","date_saisie":"06/02/2022","date_depot":"07/03/2022","valide":"Oui","ppo":"Non","type_carte":"Nouvelle carte","fond":"Ortho","obsolete":false}},{"type":"Feature","geometry":{"type":"Polygon","coordinates":[[[5.7209,45.1558],[5.7232,45.1558],[5.7232,45.1546],[5.721,45.1547],[5.7209,45.1558]]]},"properties":{"id_ffco":"2021-D38-389","nom":"Ecole Marcel Cachin","_dept":"38","numero":"2021-D38-389","commune":"Echirolles","echelle":"1/1000","surface":"0.02 km²","format":"A4","annee":"2021","cartographes":"Benoit Deroux","proprietaire":"38 - Isère","niveau":"Initiation, Scolaire","specialite":"CO à pied","contacts":"CDCO 38, 7 rue de l'Industrie, 38320, Eybens, contact@cdco38.fr, http://cdco38.fr/","latitude":"45.1552150822","longitude":"5.72207717003","date_saisie":"19/01/2022","date_depot":"03/03/2022","valide":"Oui","ppo":"Non","type_carte":"Nouvelle carte","fond":"Ortho","obsolete":false}},{"type":"Feature","geometry":{"type":"Polygon","coordinates":[[[5.7445,45.1779],[5.743,45.1774],[5.7433,45.1767],[5.744,45.176],[5.7441,45.1762],[5.744,45.1765],[5.7446,45.1766],[5.7444,45.1775],[5.745,45.1776],[5.7449,45.178],[5.7445,45.1779]]]},"properties":{"id_ffco":"2021-D38-388","nom":"Collège Vercors","_dept":"38","numero":"2021-D38-388","commune":"Grenoble","echelle":"1/1000","surface":"0.02 km²","format":"A4","annee":"2021","cartographes":"Benoit Deroux","proprietaire":"38 - Isère","niveau":"Initiation, Scolaire","specialite":"CO à pied","contacts":"CDCO 38, 7 rue de l'Industrie, 38320, Eybens, contact@cdco38.fr, http://cdco38.fr/","latitude":"45.1771059237","longitude":"5.74399475708","date_saisie":"19/01/2022","date_depot":"03/03/2022","valide":"Oui","ppo":"Non","type_carte":"Nouvelle carte","fond":"Ortho","obsolete":false}},{"type":"Feature","geometry":{"type":"Polygon","coordinates":[[[5.2201,45.6225],[5.2201,45.6224],[5.2201,45.6218],[5.221,45.6218],[5.2211,45.6225],[5.2201,45.6225]]]},"properties":{"id_ffco":"2021-D38-387","nom":"Groupe scolaire Louis Pergaud","_dept":"38","numero":"2021-D38-387","commune":"L'Isle d'Abeau","echelle":"1/700","surface":"0.01 km²","format":"A5","annee":"2021","cartographes":"SNOE Franck Dechavannes","proprietaire":"38 - Isère","niveau":"Initiation, Scolaire","specialite":"CO à pied","contacts":"CDCO 38, 7 rue de l'Industrie, 38320, Eybens, contact@cdco38.fr, http://cdco38.fr/","latitude":"45.6221605513","longitude":"5.22054390963","date_saisie":"19/01/2022","date_depot":"03/03/2022","valide":"Oui","ppo":"Non","type_carte":"Nouvelle carte","fond":"Ortho","obsolete":false}},{"type":"Feature","geometry":{"type":"Polygon","coordinates":[[[5.2203,45.619],[5.2217,45.619],[5.2204,45.6181],[5.2204,45.6187],[5.2203,45.6187],[5.2203,45.619]]]},"properties":{"id_ffco":"2021-D38-386","nom":"Groupe scolaire Les Chardonnerets","_dept":"38","numero":"2021-D38-386","commune":"L'Isle d'Abeau","echelle":"1/700","surface":"0.01 km²","format":"A5","annee":"2021","cartographes":"SNOE Franck Dechavannes","proprietaire":"38 - Isère","niveau":"Initiation, Scolaire","specialite":"CO à pied","contacts":"CDCO 38, 7 rue de l'Industrie, 38320, Eybens, contact@cdco38.fr, http://cdco38.fr/","latitude":"45.6187281569","longitude":"5.22079931009","date_saisie":"19/01/2022","date_depot":"03/03/2022","valide":"Oui","ppo":"Non","type_carte":"Nouvelle carte","fond":"Ortho","obsolete":false}},{"type":"Feature","geometry":{"type":"Polygon","coordinates":[[[5.2267,45.6212],[5.2282,45.6214],[5.2287,45.6212],[5.2289,45.6203],[5.2282,45.6205],[5.228,45.6205],[5.2278,45.6203],[5.2267,45.6212]]]},"properties":{"id_ffco":"2021-D38-385","nom":"Groupe scolaire La Peupleraie","_dept":"38","numero":"2021-D38-385","commune":"L'Isle d'Abeau","echelle":"1/900","surface":"0.01 km²","format":"A5","annee":"2021","cartographes":"SNOE Franck Dechavannes","proprietaire":"38 - Isère","niveau":"Initiation, Scolaire","specialite":"CO à pied","contacts":"CDCO 38, 7 rue de l'Industrie, 38320, Eybens, contact@cdco38.fr, http://cdco38.fr/","latitude":"45.6208902424","longitude":"5.22793613901","date_saisie":"19/01/2022","date_depot":"03/03/2022","valide":"Oui","ppo":"Non","type_carte":"Nouvelle carte","fond":"Ortho","obsolete":false}},{"type":"Feature","geometry":{"type":"Polygon","coordinates":[[[5.2304,45.6209],[5.2293,45.6197],[5.2289,45.6172],[5.2262,45.6156],[5.2243,45.6172],[5.2236,45.6187],[5.223,45.6204],[5.2257,45.6218],[5.2283,45.6216],[5.2304,45.6209]]]},"properties":{"id_ffco":"2021-D38-384","nom":"Parc Saint Hubert","_dept":"38","numero":"2021-D38-384","commune":"L'Isle d'Abeau","echelle":"1/1000","surface":"0.25 km²","format":"A4","annee":"2021","cartographes":"Snoe Franck Dechavannes","proprietaire":"38 - Isère","niveau":"Initiation, Scolaire","specialite":"CO à pied","contacts":"CDCO 38, 7 rue de l'Industrie, 38320, Eybens, contact@cdco38.fr, http://cdco38.fr/","latitude":"45.6191029557","longitude":"5.22654074658","date_saisie":"19/01/2022","date_depot":"03/03/2022","valide":"Oui","ppo":"Oui (22 postes)","type_carte":"Nouvelle carte","fond":"Ortho","obsolete":false}},{"type":"Feature","geometry":{"type":"Polygon","coordinates":[[[5.2194,45.6178],[5.22,45.6232],[5.2231,45.6243],[5.2263,45.625],[5.2315,45.6236],[5.238,45.6218],[5.238,45.6186],[5.2343,45.6197],[5.2311,45.6209],[5.2296,45.6191],[5.2286,45.6166],[5.2262,45.6152],[5.2244,45.6172],[5.2216,45.6171],[5.2194,45.6178]]]},"properties":{"id_ffco":"2021-D38-383","nom":"L'isle d'Abeau","_dept":"38","numero":"2021-D38-383","commune":"L'Isle d'Abeau","echelle":"1/4000","surface":"0.88 km²","format":"A3","annee":"2021","cartographes":"Snoe Franck Dechavannes","proprietaire":"38 - Isère","niveau":"Régional","specialite":"CO à pied","contacts":"CDCO 38, 7 rue de l'Industrie, 38320, Eybens, contact@cdco38.fr, http://cdco38.fr/","latitude":"45.6207187454","longitude":"5.22721797071","date_saisie":"19/01/2022","date_depot":"03/03/2022","valide":"Oui","ppo":"Oui (10 postes)","type_carte":"Nouvelle carte","fond":"Ortho","obsolete":false}},{"type":"Feature","geometry":{"type":"Polygon","coordinates":[[[5.5409,45.1728],[5.5598,45.1731],[5.5756,45.1721],[5.5886,45.1736],[5.5962,45.1886],[5.5951,45.2038],[5.5907,45.2297],[5.5835,45.2411],[5.5629,45.2406],[5.5412,45.2374],[5.5354,45.2273],[5.5316,45.2077],[5.5278,45.1944],[5.5244,45.1852],[5.521,45.1728],[5.5409,45.1728]]]},"properties":{"id_ffco":"2021-D38-382","nom":"Raid O'bivwak 2021 40 ans Autrans-Méaudre en Vercors","_dept":"38","numero":"2021-D38-382","commune":"Autrans-Méaudre en Vercors","echelle":"1/20000","surface":"36.18 km²","format":"+","annee":"2021","cartographes":"CAP Orientation M. Barthélemy et F. Dechavanne","proprietaire":"38 - Isère","niveau":"National, International","specialite":"Raid'O","contacts":"CDCO 38, 7 rue de l'Industrie, 38320, Eybens, contact@cdco38.fr, http://cdco38.fr/","latitude":"45.2041585949","longitude":"5.56160672438","date_saisie":"14/06/2021","date_depot":"25/08/2021","valide":"Oui","ppo":"Non","type_carte":"Nouvelle carte","fond":"Ortho","obsolete":false}},{"type":"Feature","geometry":{"type":"Polygon","coordinates":[[[5.7832,45.1745],[5.777,45.1709],[5.7779,45.1698],[5.777,45.1688],[5.7774,45.1654],[5.7782,45.1644],[5.7771,45.1626],[5.778,45.1619],[5.7811,45.1614],[5.7844,45.1613],[5.789,45.1628],[5.7865,45.169],[5.7843,45.1716],[5.785,45.1722],[5.7832,45.1745]]]},"properties":{"id_ffco":"2021-D38-381","nom":"Les Batteries Hautes","_dept":"38","numero":"2021-D38-381","commune":"Saint Martin d'Hères","echelle":"1/7500","surface":"0.94 km²","format":"A4","annee":"2021","cartographes":"David Barranger LAURACO","proprietaire":"38 - Isère","niveau":"Initiation, Scolaire","specialite":"Rand'O","contacts":"CDCO 38, 7 rue de l'Industrie, 38320, Eybens, contact@cdco38.fr, http://cdco38.fr/","latitude":"45.1668816401","longitude":"5.78235271292","date_saisie":"19/01/2022","date_depot":"03/03/2022","valide":"Oui","ppo":"Oui (11 postes)","type_carte":"Nouvelle carte","fond":"Ortho","obsolete":false}},{"type":"Feature","geometry":{"type":"Polygon","coordinates":[[[5.2709,45.5932],[5.2749,45.5939],[5.2749,45.5911],[5.2721,45.591],[5.2709,45.5932]]]},"properties":{"id_ffco":"2021-D38-380","nom":"Parc des Lilattes","_dept":"38","numero":"2021-D38-380","commune":"Bourgoin-Jallieu","echelle":"1/2000","surface":"0.08 km²","format":"A4","annee":"2021","cartographes":"SNOE Franck Dechavannes","proprietaire":"38 - Isère","niveau":"Initiation, Scolaire","specialite":"CO à pied","contacts":"CDCO 38, 7 rue de l'Industrie, 38320, Eybens, contact@cdco38.fr, http://cdco38.fr/","latitude":"45.5923816643","longitude":"5.27325885277","date_saisie":"18/01/2022","date_depot":"03/03/2022","valide":"Oui","ppo":"Non","type_carte":"Nouvelle carte","fond":"Ortho","obsolete":false}},{"type":"Feature","geometry":{"type":"Polygon","coordinates":[[[5.2712,45.5837],[5.2714,45.5883],[5.2713,45.5903],[5.2701,45.5935],[5.2758,45.5943],[5.2775,45.5937],[5.2775,45.5924],[5.279,45.5898],[5.2792,45.588],[5.2802,45.5874],[5.2802,45.5842],[5.2767,45.5837],[5.2758,45.5807],[5.2756,45.5797],[5.2736,45.5797],[5.2712,45.5837]]]},"properties":{"id_ffco":"2021-D38-379","nom":"Bourgoin-Jallieu","_dept":"38","numero":"2021-D38-379","commune":"Bourgoin-Jallieu","echelle":"1/4000","surface":"0.83 km²","format":"A3","annee":"2021","cartographes":"SNOE Franck Dechavanne","proprietaire":"38 - Isère","niveau":"Régional","specialite":"CO à pied","contacts":"CDCO 38, 7 rue de l'Industrie, 38320, Eybens, contact@cdco38.fr, http://cdco38.fr/","latitude":"45.5876003674","longitude":"5.27498306038","date_saisie":"18/01/2022","date_depot":"03/03/2022","valide":"Oui","ppo":"Oui (10 postes)","type_carte":"Nouvelle carte","fond":"Ortho","obsolete":false}},{"type":"Feature","geometry":{"type":"Polygon","coordinates":[[[5.3578,45.6344],[5.3579,45.6359],[5.359,45.6362],[5.3615,45.636],[5.3638,45.6374],[5.3681,45.6362],[5.3692,45.635],[5.3687,45.6341],[5.3698,45.6326],[5.3704,45.6309],[5.3702,45.6307],[5.3679,45.631],[5.3642,45.6321],[5.3612,45.6332],[5.3591,45.6338],[5.3578,45.6344]]]},"properties":{"id_ffco":"2021-D38-378","nom":"Saint-Chef","_dept":"38","numero":"2021-D38-378","commune":"Saint-Chef","echelle":"1/4000","surface":"0.41 km²","format":"A4","annee":"2021","cartographes":"Cartomatt M. Barthélèmy","proprietaire":"38 - Isère","niveau":"Initiation, Scolaire","specialite":"Rand'O","contacts":"CDCO 38, 7 rue de l'Industrie, 38320, Eybens, contact@cdco38.fr, http://cdco38.fr/","latitude":"45.6341980423","longitude":"5.36461541402","date_saisie":"18/01/2022","date_depot":"07/03/2022","valide":"Oui","ppo":"Oui (12 postes)","type_carte":"Nouvelle carte","fond":"Ortho","obsolete":false}},{"type":"Feature","geometry":{"type":"Polygon","coordinates":[[[5.7519,45.1483],[5.7502,45.15],[5.7505,45.1515],[5.7508,45.1527],[5.7526,45.1522],[5.7536,45.1527],[5.754,45.1537],[5.757,45.1537],[5.7593,45.1549],[5.7605,45.1554],[5.7659,45.1592],[5.7665,45.1602],[5.772,45.1595],[5.7724,45.1578],[5.7718,45.1551],[5.7711,45.1537],[5.7687,45.1495],[5.7678,45.1484],[5.7651,45.1472],[5.7619,45.1484],[5.7557,45.1474],[5.7519,45.1483]]]},"properties":{"id_ffco":"2021-D38-377","nom":"Camp de Poisat","_dept":"38","numero":"2021-D38-377","commune":"Eybens","echelle":"1/10000","surface":"1.44 km²","format":"A4","annee":"2021","cartographes":"SNOE Franck Dechavannes","proprietaire":"38 - Isère","niveau":"Départemental","specialite":"CO à pied","contacts":"CDCO 38, 7 rue de l'Industrie, 38320, Eybens, contact@cdco38.fr, http://cdco38.fr/","latitude":"45.1528047525","longitude":"5.76267435694","date_saisie":"18/01/2022","date_depot":"07/03/2022","valide":"Oui","ppo":"Non","type_carte":"Nouvelle carte","fond":"Ortho","obsolete":false}},{"type":"Feature","geometry":{"type":"Polygon","coordinates":[[[5.5955,45.3679],[5.5968,45.3679],[5.5988,45.3666],[5.5985,45.3662],[5.5978,45.3661],[5.5966,45.3669],[5.5956,45.3676],[5.5955,45.3679]]]},"properties":{"id_ffco":"2021-D38-376","nom":"Notre Dame des Victoires","_dept":"38","numero":"2021-D38-376","commune":"Voiron","echelle":"1/1500","surface":"0.02 km²","format":"A4","annee":"2021","cartographes":"Pierre Martinez","proprietaire":"38 - Isère","niveau":"Initiation, Scolaire","specialite":"CO à pied","contacts":"CDCO 38, 7 rue de l'Industrie, 38320, Eybens, contact@cdco38.fr, http://cdco38.fr/","latitude":"45.3670475022","longitude":"5.59717690959","date_saisie":"18/01/2022","date_depot":"07/03/2022","valide":"Oui","ppo":"Non","type_carte":"Nouvelle carte","fond":"Ortho","obsolete":false}},{"type":"Feature","geometry":{"type":"Polygon","coordinates":[[[5.6701,45.0661],[5.6707,45.0659],[5.6712,45.0662],[5.6717,45.066],[5.6699,45.0642],[5.6696,45.0637],[5.6694,45.0638],[5.6696,45.0651],[5.6699,45.066],[5.6701,45.0661]]]},"properties":{"id_ffco":"2021-D38-375","nom":"La Piscine","_dept":"38","numero":"2021-D38-375","commune":"Vif","echelle":"1/2000","surface":"0.02 km²","format":"A4","annee":"2021","cartographes":"SNOE Franck Dechavannes","proprietaire":"38 - Isère","niveau":"Initiation, Scolaire","specialite":"CO à pied","contacts":"CDCO 38, 7 rue de l'Industrie, 38320, Eybens, contact@cdco38.fr, http://cdco38.fr/","latitude":"45.065212926","longitude":"5.67031883171","date_saisie":"18/01/2022","date_depot":"07/03/2022","valide":"Oui","ppo":"Non","type_carte":"Nouvelle carte","fond":"Ortho","obsolete":false}},{"type":"Feature","geometry":{"type":"Polygon","coordinates":[[[5.7228,45.1566],[5.7236,45.1569],[5.7243,45.1568],[5.7265,45.1569],[5.73,45.1568],[5.7305,45.1573],[5.7317,45.157],[5.7317,45.153],[5.7306,45.1526],[5.7294,45.1523],[5.7282,45.1532],[5.7251,45.1534],[5.7237,45.1533],[5.7236,45.1545],[5.7235,45.1556],[5.7237,45.1559],[5.7231,45.156],[5.7228,45.1566]]]},"properties":{"id_ffco":"2021-D38-374","nom":"Parc Maurice Thorez","_dept":"38","numero":"2021-D38-374","commune":"Echirolles","echelle":"1/3000","surface":"0.28 km²","format":"A4","annee":"2021","cartographes":"Cartomatt M. Barthélèmy","proprietaire":"38 - Isère","niveau":"Initiation, Scolaire","specialite":"CO à pied","contacts":"CDCO 38, 7 rue de l'Industrie, 38320, Eybens, contact@cdco38.fr, http://cdco38.fr/","latitude":"45.1549719431","longitude":"5.72780784152","date_saisie":"18/01/2022","date_depot":"07/03/2022","valide":"Oui","ppo":"Oui (90 postes)","type_carte":"Nouvelle carte","fond":"Ortho","obsolete":false}},{"type":"Feature","geometry":{"type":"Polygon","coordinates":[[[5.7475,45.1656],[5.7459,45.1653],[5.746,45.1651],[5.7457,45.165],[5.7458,45.1649],[5.7461,45.1649],[5.7463,45.1647],[5.7468,45.1649],[5.747,45.1648],[5.7476,45.1655],[5.7475,45.1656]]]},"properties":{"id_ffco":"2021-D38-373","nom":"Ecole Paul Eluard","_dept":"38","numero":"2021-D38-373","commune":"Saint-Martin-D'Hères","echelle":"1/750","surface":"0.01 km²","format":"A5","annee":"2021","cartographes":"Pierre Martinez","proprietaire":"38 - Isère","niveau":"Initiation, Scolaire","specialite":"CO à pied","contacts":"CDCO 38, 7 rue de l'Industrie, 38320, Eybens, contact@cdco38.fr, http://cdco38.fr/","latitude":"45.1651541337","longitude":"5.74666130047","date_saisie":"17/01/2022","date_depot":"07/03/2022","valide":"Oui","ppo":"Non","type_carte":"Nouvelle carte","fond":"Ortho","obsolete":false}},{"type":"Feature","geometry":{"type":"Polygon","coordinates":[[[5.751,45.1666],[5.7502,45.166],[5.7509,45.1656],[5.7516,45.1662],[5.751,45.1666]]]},"properties":{"id_ffco":"2021-D38-372","nom":"Ecole Paul Bert","_dept":"38","numero":"2021-D38-372","commune":"Saint-Martin-D'Hères","echelle":"1/750","surface":"0.01 km²","format":"A5","annee":"2021","cartographes":"Pierre Martinez","proprietaire":"38 - Isère","niveau":"Initiation, Scolaire","specialite":"CO à pied","contacts":"CDCO 38, 7 rue de l'Industrie, 38320, Eybens, contact@cdco38.fr, http://cdco38.fr/","latitude":"45.166110477","longitude":"5.75091835516","date_saisie":"17/01/2022","date_depot":"07/03/2022","valide":"Oui","ppo":"Non","type_carte":"Nouvelle carte","fond":"Ortho","obsolete":false}},{"type":"Feature","geometry":{"type":"Polygon","coordinates":[[[5.7646,45.1634],[5.7659,45.1632],[5.7656,45.1623],[5.7641,45.1625],[5.7641,45.1627],[5.7637,45.1628],[5.7638,45.1631],[5.7645,45.163],[5.7646,45.1634]]]},"properties":{"id_ffco":"2021-D38-371","nom":"Ecole Condorcet","_dept":"38","numero":"2021-D38-371","commune":"Saint-Martin-D'Hères","echelle":"1/1000","surface":"0.01 km²","format":"A5","annee":"2021","cartographes":"Pierre Martinez","proprietaire":"38 - Isère","niveau":"Initiation, Scolaire","specialite":"CO à pied","contacts":"CDCO 38, 7 rue de l'Industrie, 38320, Eybens, contact@cdco38.fr, http://cdco38.fr/","latitude":"45.1628625928","longitude":"5.76491019365","date_saisie":"17/01/2022","date_depot":"07/03/2022","valide":"Oui","ppo":"Non","type_carte":"Nouvelle carte","fond":"Ortho","obsolete":false}},{"type":"Feature","geometry":{"type":"Polygon","coordinates":[[[5.7652,45.1676],[5.7649,45.1674],[5.7646,45.1672],[5.7649,45.1671],[5.7649,45.167],[5.7663,45.1668],[5.7665,45.1675],[5.7652,45.1676]]]},"properties":{"id_ffco":"2021-D38-370","nom":"Ecole Romain Rolland","_dept":"38","numero":"2021-D38-370","commune":"Saint-Martin-D'Hères","echelle":"1/1000","surface":"0.01 km²","format":"A5","annee":"2021","cartographes":"Pierre Martinez","proprietaire":"38 - Isère","niveau":"Initiation, Scolaire","specialite":"CO à pied","contacts":"CDCO 38, 7 rue de l'Industrie, 38320, Eybens, contact@cdco38.fr, http://cdco38.fr/","latitude":"45.167238215","longitude":"5.7656490119","date_saisie":"17/01/2022","date_depot":"07/03/2022","valide":"Oui","ppo":"Non","type_carte":"Nouvelle carte","fond":"Ortho","obsolete":false}},{"type":"Feature","geometry":{"type":"Polygon","coordinates":[[[5.7588,45.1712],[5.7592,45.1716],[5.7599,45.1711],[5.7596,45.1708],[5.7592,45.171],[5.7591,45.1709],[5.7586,45.1711],[5.7588,45.1712]]]},"properties":{"id_ffco":"2021-D38-369","nom":"Ecole Henri Barbusse","_dept":"38","numero":"2021-D38-369","commune":"Saint-Martin-D'Hères","echelle":"1/750","surface":"0.0 km²","format":"A5","annee":"2021","cartographes":"Pierre Martinez","proprietaire":"38 - Isère","niveau":"Initiation, Scolaire","specialite":"CO à pied","contacts":"CDCO 38, 7 rue de l'Industrie, 38320, Eybens, contact@cdco38.fr, http://cdco38.fr/","latitude":"45.1711672165","longitude":"5.75929605972","date_saisie":"17/01/2022","date_depot":"07/03/2022","valide":"Oui","ppo":"Non","type_carte":"Nouvelle carte","fond":"Ortho","obsolete":false}},{"type":"Feature","geometry":{"type":"Polygon","coordinates":[[[5.7525,45.1736],[5.7529,45.1736],[5.7529,45.1737],[5.7536,45.1737],[5.7535,45.174],[5.7538,45.174],[5.7543,45.1732],[5.7528,45.1732],[5.7525,45.1733],[5.7525,45.1736],[5.7525,45.1736]]]},"properties":{"id_ffco":"2021-D38-368","nom":"Ecole Voltaire","_dept":"38","numero":"2021-D38-368","commune":"Saint-Martin-D'Hères","echelle":"1/1000","surface":"0.01 km²","format":"A5","annee":"2021","cartographes":"Pierre Martinez","proprietaire":"38 - Isère","niveau":"Initiation, Scolaire","specialite":"CO à pied","contacts":"CDCO 38, 7 rue de l'Industrie, 38320, Eybens, contact@cdco38.fr, http://cdco38.fr/","latitude":"45.1734749023","longitude":"5.75339549688","date_saisie":"17/01/2022","date_depot":"07/03/2022","valide":"Oui","ppo":"Non","type_carte":"Nouvelle carte","fond":"Ortho","obsolete":false}},{"type":"Feature","geometry":{"type":"Polygon","coordinates":[[[5.7602,45.1792],[5.7596,45.1796],[5.7589,45.179],[5.759,45.1789],[5.7592,45.1788],[5.7599,45.179],[5.7602,45.1792]]]},"properties":{"id_ffco":"2021-D38-367","nom":"Ecole Paul Langevin","_dept":"38","numero":"2021-D38-367","commune":"Saint-Martin d'Hères","echelle":"1/750","surface":"0.0 km²","format":"A5","annee":"2021","cartographes":"Pierre Martinez","proprietaire":"38 - Isère","niveau":"Initiation, Scolaire","specialite":"CO à pied","contacts":"CDCO 38, 7 rue de l'Industrie, 38320, Eybens, contact@cdco38.fr, http://cdco38.fr/","latitude":"45.1791511164","longitude":"5.75953961311","date_saisie":"17/01/2022","date_depot":"07/03/2022","valide":"Oui","ppo":"Non","type_carte":"Nouvelle carte","fond":"Ortho","obsolete":false}},{"type":"Feature","geometry":{"type":"Polygon","coordinates":[[[5.7688,45.1799],[5.7697,45.1796],[5.7695,45.1792],[5.769,45.179],[5.7685,45.1793],[5.7688,45.1799]]]},"properties":{"id_ffco":"2021-D38-366","nom":"Ecole Joliot Curie","_dept":"38","numero":"2021-D38-366","commune":"Saint Martin d'Hères","echelle":"1/750","surface":"0.01 km²","format":"A5","annee":"2021","cartographes":"Pierre Martinez","proprietaire":"38 - Isère","niveau":"Initiation, Scolaire","specialite":"CO à pied","contacts":"CDCO 38, 7 rue de l'Industrie, 38320, Eybens, contact@cdco38.fr, http://cdco38.fr/","latitude":"45.1794284846","longitude":"5.769064948","date_saisie":"17/01/2022","date_depot":"07/03/2022","valide":"Oui","ppo":"Non","type_carte":"Nouvelle carte","fond":"Ortho","obsolete":false}},{"type":"Feature","geometry":{"type":"Polygon","coordinates":[[[5.7649,45.1828],[5.7658,45.1825],[5.7657,45.1823],[5.7658,45.1823],[5.7656,45.1821],[5.7644,45.1825],[5.7649,45.1828]]]},"properties":{"id_ffco":"2021-D38-365","nom":"Ecole Saint-Just","_dept":"38","numero":"2021-D38-365","commune":"Saint-Martin-D'Hères","echelle":"1/750","surface":"0.0 km²","format":"A5","annee":"2021","cartographes":"Pierre Martinez","proprietaire":"38 - Isère","niveau":"Initiation, Scolaire","specialite":"CO à pied","contacts":"CDCO 38, 7 rue de l'Industrie, 38320, Eybens, contact@cdco38.fr, http://cdco38.fr/","latitude":"45.18244887","longitude":"5.76517850994","date_saisie":"17/01/2022","date_depot":"07/03/2022","valide":"Oui","ppo":"Non","type_carte":"Nouvelle carte","fond":"Ortho","obsolete":false}},{"type":"Feature","geometry":{"type":"Polygon","coordinates":[[[5.7606,45.1832],[5.761,45.1831],[5.7611,45.1833],[5.7617,45.1831],[5.7612,45.1824],[5.7604,45.1825],[5.7605,45.1827],[5.7604,45.1827],[5.7606,45.1832]]]},"properties":{"id_ffco":"2021-D38-364","nom":"Ecole Ambroise Croizat","_dept":"38","numero":"2021-D38-364","commune":"Saint Martin d'Hères","echelle":"1/750","surface":"0.01 km²","format":"A5","annee":"2021","cartographes":"Pierre Martinez","proprietaire":"38 - Isère","niveau":"Initiation, Scolaire","specialite":"CO à pied","contacts":"CDCO 38, 7 rue de l'Industrie, 38320, Eybens, contact@cdco38.fr, http://cdco38.fr/","latitude":"45.1828442743","longitude":"5.76099755356","date_saisie":"17/01/2022","date_depot":"07/03/2022","valide":"Oui","ppo":"Non","type_carte":"Nouvelle carte","fond":"Ortho","obsolete":false}},{"type":"Feature","geometry":{"type":"Polygon","coordinates":[[[5.7515,45.1845],[5.7521,45.1842],[5.7523,45.183],[5.7515,45.183],[5.7513,45.1845],[5.7515,45.1845]]]},"properties":{"id_ffco":"2021-D38-363","nom":"Ecole Vaillant Couturier","_dept":"38","numero":"2021-D38-363","commune":"Saint Martin d'Hères","echelle":"1/750","surface":"0.01 km²","format":"A5","annee":"2021","cartographes":"Pierre Martinez","proprietaire":"38 - Isère","niveau":"Initiation, Scolaire","specialite":"CO à pied","contacts":"CDCO 38, 7 rue de l'Industrie, 38320, Eybens, contact@cdco38.fr, http://cdco38.fr/","latitude":"45.1836905431","longitude":"5.75175898814","date_saisie":"17/01/2022","date_depot":"07/03/2022","valide":"Oui","ppo":"Non","type_carte":"Nouvelle carte","fond":"Ortho","obsolete":false}},{"type":"Feature","geometry":{"type":"Polygon","coordinates":[[[5.7551,45.1891],[5.7569,45.1884],[5.7564,45.1879],[5.7546,45.1885],[5.7551,45.1891]]]},"properties":{"id_ffco":"2021-D38-362","nom":"Ecole Gabriel Peri","_dept":"38","numero":"2021-D38-362","commune":"Saint-Martin-D'Hères","echelle":"1/750","surface":"0.01 km²","format":"A5","annee":"2021","cartographes":"Pierre Martinez","proprietaire":"38 - Isère","niveau":"Initiation, Scolaire","specialite":"CO à pied","contacts":"CDCO 38, 7 rue de l'Industrie, 38320, Eybens, contact@cdco38.fr, http://cdco38.fr/","latitude":"45.1884855322","longitude":"5.75573532648","date_saisie":"17/01/2022","date_depot":"08/02/2022","valide":"Oui","ppo":"Non","type_carte":"Nouvelle carte","fond":"Ortho","obsolete":false}},{"type":"Feature","geometry":{"type":"Polygon","coordinates":[[[5.652,45.0274],[5.6527,45.0274],[5.6534,45.0274],[5.6536,45.0274],[5.6536,45.0277],[5.654,45.0277],[5.6539,45.0271],[5.6533,45.0269],[5.6523,45.027],[5.652,45.027],[5.6519,45.0273],[5.652,45.0274]]]},"properties":{"id_ffco":"2021-D38-361","nom":"Ecole Saint-Exupéry","_dept":"38","numero":"2021-D38-361","commune":"Vif","echelle":"1/1000","surface":"0.01 km²","format":"A5","annee":"2021","cartographes":"SNOE Franck Dechavannes","proprietaire":"38 - Isère","niveau":"Initiation, Scolaire","specialite":"CO à pied","contacts":"CDCO 38, 7 rue de l'Industrie, 38320, Eybens, contact@cdco38.fr, http://cdco38.fr/","latitude":"45.0272238806","longitude":"5.6530177714","date_saisie":"16/01/2022","date_depot":"08/02/2022","valide":"Oui","ppo":"Non","type_carte":"Nouvelle carte","fond":"Ortho","obsolete":false}},{"type":"Feature","geometry":{"type":"Polygon","coordinates":[[[5.6665,45.0532],[5.6669,45.054],[5.6676,45.0538],[5.6675,45.0536],[5.6678,45.0535],[5.6678,45.053],[5.6665,45.0532]]]},"properties":{"id_ffco":"2021-D38-360","nom":"Ecole Malraux","_dept":"38","numero":"2021-D38-360","commune":"Vif","echelle":"1/750","surface":"0.01 km²","format":"A5","annee":"2021","cartographes":"SNOE Franck Dechavannes","proprietaire":"38 - Isère","niveau":"Initiation, Scolaire","specialite":"CO à pied","contacts":"CDCO 38, 7 rue de l'Industrie, 38320, Eybens, contact@cdco38.fr, http://cdco38.fr/","latitude":"45.053452357","longitude":"5.667205619","date_saisie":"16/01/2022","date_depot":"08/02/2022","valide":"Oui","ppo":"Non","type_carte":"Nouvelle carte","fond":"Ortho","obsolete":false}},{"type":"Feature","geometry":{"type":"Polygon","coordinates":[[[5.6767,45.058],[5.6778,45.0592],[5.6796,45.0584],[5.6789,45.0577],[5.6778,45.0575],[5.6774,45.0575],[5.6774,45.0576],[5.6767,45.058]]]},"properties":{"id_ffco":"2021-D38-359","nom":"Ecole Champollion","_dept":"38","numero":"2021-D38-359","commune":"Vif","echelle":"1/1500","surface":"0.03 km²","format":"A5","annee":"2021","cartographes":"SNOE Franck Dechavannes","proprietaire":"38 - Isère","niveau":"Initiation, Scolaire","specialite":"CO à pied","contacts":"CDCO 38, 7 rue de l'Industrie, 38320, Eybens, contact@cdco38.fr, http://cdco38.fr/","latitude":"45.0582460653","longitude":"5.67812491331","date_saisie":"16/01/2022","date_depot":"25/01/2023","valide":"Oui","ppo":"Non","type_carte":"Nouvelle carte","fond":"Ortho","obsolete":false}},{"type":"Feature","geometry":{"type":"Polygon","coordinates":[[[5.6668,45.0547],[5.6649,45.0532],[5.6645,45.0521],[5.6651,45.0517],[5.6659,45.0534],[5.6668,45.0547]]]},"properties":{"id_ffco":"2021-D38-358","nom":"Espace de l'Arbre de Liberté","_dept":"38","numero":"2021-D38-358","commune":"Vif","echelle":"1/1500","surface":"0.01 km²","format":"A5","annee":"2021","cartographes":"SNOE Franck Dechavannes","proprietaire":"38 - Isère","niveau":"Initiation, Scolaire","specialite":"CO à pied","contacts":"CDCO 38, 7 rue de l'Industrie, 38320, Eybens, contact@cdco38.fr, http://cdco38.fr/","latitude":"45.0529938839","longitude":"5.66537350185","date_saisie":"16/01/2022","date_depot":"08/02/2022","valide":"Oui","ppo":"Non","type_carte":"Nouvelle carte","fond":"Ortho","obsolete":false}},{"type":"Feature","geometry":{"type":"Polygon","coordinates":[[[5.6627,45.0503],[5.6641,45.0501],[5.6633,45.0483],[5.6624,45.0487],[5.6621,45.0488],[5.6625,45.0492],[5.6627,45.0503]]]},"properties":{"id_ffco":"2021-D38-357","nom":"Parcours de santé","_dept":"38","numero":"2021-D38-357","commune":"Vif","echelle":"1/1500","surface":"0.02 km²","format":"A5","annee":"2021","cartographes":"SNOE Franck Dechavannes","proprietaire":"38 - Isère","niveau":"Initiation, Scolaire","specialite":"CO à pied","contacts":"CDCO 38, 7 rue de l'Industrie, 38320, Eybens, contact@cdco38.fr, http://cdco38.fr/","latitude":"45.0494075977","longitude":"5.6631228861","date_saisie":"16/01/2022","date_depot":"08/02/2022","valide":"Oui","ppo":"Non","type_carte":"Nouvelle carte","fond":"Ortho","obsolete":false}},{"type":"Feature","geometry":{"type":"Polygon","coordinates":[[[5.6788,45.0574],[5.6805,45.0592],[5.6819,45.0586],[5.6811,45.0576],[5.6804,45.0567],[5.6788,45.0574]]]},"properties":{"id_ffco":"2021-D38-356","nom":"Stade et Pumptrack","_dept":"38","numero":"2021-D38-356","commune":"Vif","echelle":"1/1500","surface":"0.03 km²","format":"A5","annee":"2021","cartographes":"SNOE Franck Dechavannes","proprietaire":"38 - Isère","niveau":"Initiation, Scolaire","specialite":"CO à pied","contacts":"CDCO 38, 7 rue de l'Industrie, 38320, Eybens, contact@cdco38.fr, http://cdco38.fr/","latitude":"45.0579389305","longitude":"5.68036046715","date_saisie":"16/01/2022","date_depot":"08/02/2022","valide":"Oui","ppo":"Non","type_carte":"Nouvelle carte","fond":"Ortho","obsolete":false}},{"type":"Feature","geometry":{"type":"Polygon","coordinates":[[[5.2542,45.3892],[5.2538,45.3887],[5.2542,45.3874],[5.259,45.3883],[5.2582,45.3899],[5.2548,45.3893],[5.2542,45.3892]]]},"properties":{"id_ffco":"2021-D38-355","nom":"Parc Allivet","_dept":"38","numero":"2021-D38-355","commune":"La Côte Saint-André","echelle":"1/1500","surface":"0.07 km²","format":"A4","annee":"2021","cartographes":"Cartomatt M. Barthélèmy","proprietaire":"38 - Isère","niveau":"Initiation, Scolaire","specialite":"CO à pied","contacts":"CDCO 38, 7 rue de l'Industrie, 38320, Eybens, contact@cdco38.fr, http://cdco38.fr/","latitude":"45.3886656162","longitude":"5.25629113798","date_saisie":"16/01/2022","date_depot":"08/02/2022","valide":"Oui","ppo":"Non","type_carte":"Nouvelle carte","fond":"Ortho","obsolete":false}},{"type":"Feature","geometry":{"type":"Polygon","coordinates":[[[5.1777,45.3929],[5.1756,45.3935],[5.1706,45.3937],[5.1701,45.3939],[5.1702,45.3947],[5.1731,45.398],[5.1789,45.399],[5.1777,45.3955],[5.1788,45.3947],[5.1793,45.394],[5.1777,45.3929]]]},"properties":{"id_ffco":"2021-D38-354","nom":"Base de loisirs des Eydoches","_dept":"38","numero":"2021-D38-354","commune":"Faramans","echelle":"1/4000","surface":"0.3 km²","format":"A4","annee":"2021","cartographes":"Cartomatt M. Barthélèmy","proprietaire":"38 - Isère","niveau":"Initiation, Scolaire","specialite":"CO à pied","contacts":"CDCO 38, 7 rue de l'Industrie, 38320, Eybens, contact@cdco38.fr, http://cdco38.fr/","latitude":"45.3957289635","longitude":"5.1750511389","date_saisie":"16/01/2022","date_depot":"08/02/2022","valide":"Oui","ppo":"Oui (10 postes)","type_carte":"Nouvelle carte","fond":"Ortho","obsolete":false}},{"type":"Feature","geometry":{"type":"Polygon","coordinates":[[[5.6323,45.2433],[5.6339,45.2428],[5.6343,45.2421],[5.6327,45.2414],[5.6322,45.2423],[5.6323,45.2433]]]},"properties":{"id_ffco":"2021-D38-353","nom":"Le Village de l'Amitié","_dept":"38","numero":"2021-D38-353","commune":"Noyarey","echelle":"1/1000","surface":"0.02 km²","format":"A4","annee":"2021","cartographes":"Cartomatt M. Barthélèmy","proprietaire":"38 - Isère","niveau":"Initiation, Scolaire","specialite":"CO à pied","contacts":"CDCO 38, 7 rue de l'Industrie, 38320, Eybens, contact@cdco38.fr, http://cdco38.fr/","latitude":"45.24235927","longitude":"5.63308321473","date_saisie":"16/01/2022","date_depot":"08/02/2022","valide":"Oui","ppo":"Non","type_carte":"Nouvelle carte","fond":"Ortho","obsolete":false}},{"type":"Feature","geometry":{"type":"Polygon","coordinates":[[[5.6939,45.177],[5.6914,45.1777],[5.6876,45.1761],[5.6884,45.1734],[5.6899,45.1733],[5.6898,45.1721],[5.69,45.1706],[5.6903,45.1698],[5.6931,45.1699],[5.6939,45.1706],[5.6939,45.177]]]},"properties":{"id_ffco":"2021-D38-352","nom":"Parc Lesdiguières","_dept":"38","numero":"2021-D38-352","commune":"Seyssinet-Pariset","echelle":"1/4000","surface":"0.31 km²","format":"A4","annee":"2021","cartographes":"Cartomatt M. Barthélèmy","proprietaire":"38 - Isère","niveau":"Initiation, Scolaire","specialite":"CO à pied","contacts":"CDCO 38, 7 rue de l'Industrie, 38320, Eybens, contact@cdco38.fr, http://cdco38.fr/","latitude":"45.1739080764","longitude":"5.69137854791","date_saisie":"16/01/2022","date_depot":"08/02/2022","valide":"Oui","ppo":"Non","type_carte":"Nouvelle carte","fond":"Ortho","obsolete":false}},{"type":"Feature","geometry":{"type":"Polygon","coordinates":[[[5.8871,45.3102],[5.8847,45.309],[5.8827,45.3082],[5.8828,45.3072],[5.8847,45.3061],[5.8857,45.3062],[5.8876,45.3081],[5.888,45.3095],[5.8871,45.3102]]]},"properties":{"id_ffco":"2021-D38-351","nom":"Village de Saint-Hilaire","_dept":"38","numero":"2021-D38-351","commune":"Les Petites Roches","echelle":"1/2500","surface":"0.11 km²","format":"A4","annee":"2021","cartographes":"David Barranger LAURACO","proprietaire":"38 - Isère","niveau":"Initiation, Scolaire","specialite":"CO à pied","contacts":"CDCO 38, 7 rue de l'Industrie, 38320, Eybens, contact@cdco38.fr, http://cdco38.fr/","latitude":"45.3080355667","longitude":"5.88543345681","date_saisie":"16/01/2022","date_depot":"08/02/2022","valide":"Oui","ppo":"Oui (12 postes)","type_carte":"Nouvelle carte","fond":"Ortho","obsolete":false}},{"type":"Feature","geometry":{"type":"Polygon","coordinates":[[[5.6241,44.917],[5.6204,44.917],[5.6191,44.9198],[5.62,44.9234],[5.625,44.9272],[5.6278,44.9286],[5.6352,44.9286],[5.6373,44.9257],[5.637,44.9214],[5.638,44.9183],[5.6359,44.9141],[5.6335,44.9127],[5.6292,44.9113],[5.6247,44.9134],[5.6241,44.917]]]},"properties":{"id_ffco":"2021-D38-350","nom":"Monestier-de-Clermont","_dept":"38","numero":"2021-D38-350","commune":"Monestier-de-Clermont","echelle":"1/10000","surface":"2.07 km²","format":"A4","annee":"2021","cartographes":"Franck Dechavanne","proprietaire":"38 - Isère","niveau":"Initiation, Scolaire","specialite":"Rand'O","contacts":"CDCO 38, 7 rue de l'Industrie, 38320, Eybens, contact@cdco38.fr, http://cdco38.fr/","latitude":"44.920516526","longitude":"5.62933929148","date_saisie":"16/01/2022","date_depot":"08/02/2022","valide":"Oui","ppo":"Oui (20 postes)","type_carte":"Nouvelle carte","fond":"Ortho","url":"https://isereoutdoor.fr/fr/activites","obsolete":false}},{"type":"Feature","geometry":{"type":"Polygon","coordinates":[[[5.6372,45.4551],[5.6356,45.4556],[5.635,45.4558],[5.6339,45.4555],[5.6325,45.4545],[5.6333,45.4542],[5.6358,45.4546],[5.637,45.4548],[5.6372,45.4551]]]},"properties":{"id_ffco":"2021-D38-349","nom":"Stade de la Combe","_dept":"38","numero":"2021-D38-349","commune":"Saint Geoire en Valdaine","echelle":"1/1500","surface":"0.04 km²","format":"A4","annee":"2021","cartographes":"Franck Dechavanne","proprietaire":"38 - Isère","niveau":"Initiation, Scolaire","specialite":"CO à pied","contacts":"CDCO 38, 7 rue de l'Industrie, 38320, Eybens, contact@cdco38.fr, http://cdco38.fr/","latitude":"45.4549577003","longitude":"5.63479803448","date_saisie":"23/11/2021","date_depot":"08/02/2022","valide":"Oui","ppo":"Non","type_carte":"Nouvelle carte","fond":"Ortho","obsolete":false}},{"type":"Feature","geometry":{"type":"Polygon","coordinates":[[[5.6228,45.4578],[5.6245,45.4601],[5.6239,45.4631],[5.6288,45.4627],[5.6313,45.4606],[5.6327,45.4597],[5.6377,45.4592],[5.6399,45.4571],[5.6371,45.4545],[5.6319,45.4542],[5.6301,45.4547],[5.6271,45.4566],[5.6256,45.4566],[5.6228,45.4578]]]},"properties":{"id_ffco":"2021-D38-348","nom":"Saint Geoire en Valdaine","_dept":"38","numero":"2021-D38-348","commune":"Saint Geoire en Valdaine","echelle":"1/6000","surface":"0.75 km²","format":"A4","annee":"2021","cartographes":"Franck Dechavanne","proprietaire":"38 - Isère","niveau":"Initiation, Scolaire","specialite":"CO à pied","contacts":"CDCO 38, 7 rue de l'Industrie, 38320, Eybens, contact@cdco38.fr, http://cdco38.fr/","latitude":"45.4581935278","longitude":"5.63085818796","date_saisie":"23/11/2021","date_depot":"03/03/2022","valide":"Oui","ppo":"Oui (10 postes)","type_carte":"Nouvelle carte","fond":"Ortho","obsolete":false}},{"type":"Feature","geometry":{"type":"Polygon","coordinates":[[[5.7486,45.2054],[5.7498,45.2061],[5.7504,45.2062],[5.7516,45.2061],[5.7524,45.2061],[5.7513,45.2056],[5.7497,45.205],[5.7486,45.2054]]]},"properties":{"id_ffco":"2021-D38-347","nom":"Jardin du Musée Hebert","_dept":"38","numero":"2021-D38-347","commune":"La Tronche","echelle":"1/1000","surface":"0.02 km²","format":"A4","annee":"2021","cartographes":"Nicolas Rio","proprietaire":"38 - Isère","niveau":"Initiation, Scolaire","specialite":"CO à pied","contacts":"CDCO 38, 7 rue de l'Industrie, 38320, Eybens, contact@cdco38.fr, http://cdco38.fr/","latitude":"45.2056596549","longitude":"5.75032995616","date_saisie":"16/11/2021","date_depot":"08/02/2022","valide":"Oui","ppo":"Non","type_carte":"Nouvelle carte","fond":"Ortho","obsolete":false}},{"type":"Feature","geometry":{"type":"Polygon","coordinates":[[[5.7474,45.2049],[5.747,45.206],[5.7473,45.2062],[5.7476,45.2071],[5.7482,45.2071],[5.7488,45.2068],[5.7492,45.207],[5.7498,45.2065],[5.7498,45.2061],[5.7474,45.2049]]]},"properties":{"id_ffco":"2021-D38-346","nom":"Clinique du Grésivaudan","_dept":"38","numero":"2021-D38-346","commune":"La Tronche","echelle":"1/1500","surface":"0.03 km²","format":"A4","annee":"2021","cartographes":"Nicolas Rio","proprietaire":"38 - Isère","niveau":"Initiation, Scolaire","specialite":"CO à pied","contacts":"CDCO 38, 7 rue de l'Industrie, 38320, Eybens, contact@cdco38.fr, http://cdco38.fr/","latitude":"45.2061531322","longitude":"5.74828570413","date_saisie":"16/11/2021","date_depot":"08/02/2022","valide":"Oui","ppo":"Non","type_carte":"Nouvelle carte","fond":"Ortho","obsolete":false}},{"type":"Feature","geometry":{"type":"Polygon","coordinates":[[[5.7463,45.2093],[5.747,45.2094],[5.7473,45.2088],[5.7466,45.2087],[5.7463,45.2093]]]},"properties":{"id_ffco":"2021-D38-345","nom":"Etoile du Rachais","_dept":"38","numero":"2021-D38-345","commune":"La Tronche","echelle":"1/750","surface":"0.0 km²","format":"A4","annee":"2021","cartographes":"Nicolas Rio","proprietaire":"38 - Isère","niveau":"Initiation, Scolaire","specialite":"CO à pied","contacts":"CDCO 38, 7 rue de l'Industrie, 38320, Eybens, contact@cdco38.fr, http://cdco38.fr/","latitude":"45.2090719642","longitude":"5.74679483804","date_saisie":"16/11/2021","date_depot":"08/02/2022","valide":"Oui","ppo":"Non","type_carte":"Nouvelle carte","fond":"Ortho","obsolete":false}},{"type":"Feature","geometry":{"type":"Polygon","coordinates":[[[5.2894,45.5929],[5.2884,45.5908],[5.2873,45.5909],[5.2867,45.5887],[5.2934,45.5881],[5.2939,45.5892],[5.2963,45.5892],[5.2955,45.5907],[5.2933,45.592],[5.2908,45.5927],[5.2894,45.5929]]]},"properties":{"id_ffco":"2021-D38-344","nom":"Le Pré Bénit","_dept":"38","numero":"2021-D38-344","commune":"Bourgoin Jallieu","echelle":"1/4000","surface":"0.25 km²","format":"A4","annee":"2021","cartographes":"Nicolas Pinsard","proprietaire":"38 - Isère","niveau":"Initiation, Scolaire","specialite":"CO à pied","contacts":"CDCO 38, 7 rue de l'Industrie, 38320, Eybens, contact@cdco38.fr, http://cdco38.fr/","latitude":"45.5902561426","longitude":"5.29125327434","date_saisie":"06/02/2022","date_depot":"07/03/2022","valide":"Oui","ppo":"Non","type_carte":"Nouvelle carte","fond":"Ortho","obsolete":false}},{"type":"Feature","geometry":{"type":"Polygon","coordinates":[[[5.7595,45.173],[5.7621,45.1715],[5.7646,45.174],[5.7631,45.1748],[5.7595,45.173]]]},"properties":{"id_ffco":"2021-D38-342","nom":"Lycée Pablo Neruda","_dept":"38","numero":"2021-D38-342","commune":"Saint Martin d'Hères","echelle":"1/2000","surface":"0.07 km²","format":"A4","annee":"2021","cartographes":"Pierre Martinez","niveau":"Initiation, Scolaire","specialite":"CO à pied","contacts":"CDCO 38, 7 rue de l'Industrie, 38320, Eybens, contact@cdco38.fr, http://cdco38.fr/","latitude":"45.1732294855","longitude":"5.76216360275","date_saisie":"16/11/2021","date_depot":"08/02/2022","valide":"Oui","ppo":"Non","type_carte":"Nouvelle carte","fond":"Ortho","obsolete":false}},{"type":"Feature","geometry":{"type":"Polygon","coordinates":[[[5.765,45.1707],[5.7684,45.1699],[5.7682,45.1685],[5.7666,45.1685],[5.7661,45.1678],[5.7642,45.1682],[5.765,45.1707]]]},"properties":{"id_ffco":"2021-D38-341","nom":"Collège Fernand Léger","_dept":"38","numero":"2021-D38-341","commune":"Saint Martin d'Hères","echelle":"1/2000","surface":"0.07 km²","format":"A4","annee":"2021","cartographes":"Pierre Martinez","proprietaire":"38 - Isère","niveau":"Initiation, Scolaire","specialite":"CO à pied","contacts":"CDCO 38, 7 rue de l'Industrie, 38320, Eybens, contact@cdco38.fr, http://cdco38.fr/","latitude":"45.1692450591","longitude":"5.76620561809","date_saisie":"16/11/2021","date_depot":"08/02/2022","valide":"Oui","ppo":"Non","type_carte":"Nouvelle carte","fond":"Ortho","obsolete":false}},{"type":"Feature","geometry":{"type":"Polygon","coordinates":[[[5.1939,45.6092],[5.1964,45.6095],[5.1999,45.6086],[5.2012,45.6098],[5.2037,45.6095],[5.2061,45.6071],[5.2105,45.6014],[5.2083,45.598],[5.2076,45.5966],[5.2014,45.5964],[5.1995,45.5967],[5.199,45.5991],[5.1991,45.6013],[5.2009,45.603],[5.1995,45.604],[5.1964,45.6024],[5.1919,45.6044],[5.1916,45.608],[5.1939,45.6092]]]},"properties":{"id_ffco":"2020-D38-339","nom":"Le Montgeard Golf CAPI","_dept":"38","numero":"2020-D38-339","commune":"Vaulx Milieu","echelle":"1/7500","surface":"1.33 km²","format":"A4","annee":"2020","cartographes":"Nico'Carto","proprietaire":"38 - Isère","niveau":"Régional","specialite":"CO à pied","contacts":"CDCO 38, 7 rue de l'Industrie, 38320, Eybens, contact@cdco38.fr, http://cdco38.fr/","latitude":"45.6034618842","longitude":"5.20156832496","date_saisie":"06/10/2020","date_depot":"16/10/2020","valide":"Oui","ppo":"Non","type_carte":"Nouvelle carte","fond":"Ortho","obsolete":false}},{"type":"Feature","geometry":{"type":"Polygon","coordinates":[[[5.1914,45.5651],[5.1896,45.5673],[5.1917,45.57],[5.194,45.5703],[5.1946,45.5721],[5.1961,45.5735],[5.2012,45.5748],[5.2021,45.5764],[5.2092,45.5799],[5.2116,45.5825],[5.2125,45.5832],[5.2175,45.5827],[5.2204,45.5821],[5.2237,45.5813],[5.2285,45.5823],[5.2288,45.5784],[5.2265,45.5759],[5.2237,45.5758],[5.2225,45.5715],[5.223,45.5705],[5.2217,45.5683],[5.2212,45.5672],[5.2217,45.566],[5.2194,45.5646],[5.2159,45.5624],[5.2132,45.5615],[5.2065,45.5602],[5.2054,45.5601],[5.1969,45.5633],[5.1943,45.5642],[5.1914,45.5651]]]},"properties":{"id_ffco":"2020-D38-338","nom":"Montsire O VTT","_dept":"38","numero":"2020-D38-338","commune":"Chezeneuve","echelle":"1/15000","surface":"4.55 km²","format":"A4","annee":"2020","cartographes":"Nico'Carto","proprietaire":"38 - Isère","niveau":"Régional","specialite":"CO à VTT","contacts":"CDCO 38, 7 rue de l'Industrie, 38320, Eybens, contact@cdco38.fr, http://cdco38.fr/","latitude":"45.5713703731","longitude":"5.2101712435","date_saisie":"06/10/2020","date_depot":"16/10/2020","valide":"Oui","ppo":"Non","type_carte":"Nouvelle carte","fond":"Ortho","obsolete":false}},{"type":"Feature","geometry":{"type":"Polygon","coordinates":[[[5.53,45.1726],[5.525,45.1746],[5.5259,45.18],[5.5327,45.1912],[5.5444,45.1927],[5.549,45.1907],[5.5541,45.1938],[5.5605,45.1893],[5.5609,45.1843],[5.5629,45.1827],[5.5603,45.1772],[5.5611,45.1749],[5.5523,45.1705],[5.5441,45.1733],[5.5359,45.1743],[5.53,45.1726]]]},"properties":{"id_ffco":"2020-D38-337","nom":"Autrans Autour du Village","_dept":"38","numero":"2020-D38-337","commune":"Autrans","echelle":"1/10000","surface":"5.46 km²","format":"A3","annee":"2020","cartographes":"Bruno Marchegay, Matthieu Barthelemy","proprietaire":"38 - Isère","niveau":"Interrégional","specialite":"CO à pied","contacts":"CDCO 38, 7 rue de l'Industrie, 38320, Eybens, contact@cdco38.fr, http://cdco38.fr/","latitude":"45.1819773731","longitude":"5.54468596992","date_saisie":"06/10/2020","date_depot":"25/01/2023","valide":"Oui","ppo":"Non","type_carte":"Nouvelle carte","fond":"Ortho","obsolete":false}},{"type":"Feature","geometry":{"type":"Polygon","coordinates":[[[5.2636,45.3909],[5.2638,45.3905],[5.2641,45.3902],[5.2641,45.3897],[5.2631,45.3897],[5.2626,45.3897],[5.2626,45.3896],[5.2621,45.3895],[5.2619,45.3905],[5.2619,45.3907],[5.263,45.3908],[5.2636,45.3909]]]},"properties":{"id_ffco":"2020-D38-336","nom":"Collège Jongkind","_dept":"38","numero":"2020-D38-336","commune":"La Côte Saint-André","echelle":"1/10000","surface":"0.02 km²","format":"A4","annee":"2020","cartographes":"David Barranger","proprietaire":"38 - Isère","niveau":"Initiation, Scolaire","specialite":"CO à pied","contacts":"CDCO 38, 7 rue de l'Industrie, 38320, Eybens, contact@cdco38.fr, http://cdco38.fr/","latitude":"45.3902135066","longitude":"5.26296632898","date_saisie":"06/10/2020","date_depot":"16/10/2020","valide":"Oui","ppo":"Non","type_carte":"Nouvelle carte","fond":"Ortho","obsolete":false}},{"type":"Feature","geometry":{"type":"Polygon","coordinates":[[[5.518,45.0245],[5.521,45.024],[5.5217,45.0236],[5.5239,45.0232],[5.5278,45.0218],[5.5285,45.019],[5.5297,45.0167],[5.5298,45.0132],[5.5266,45.0092],[5.524,45.0063],[5.5226,45.0014],[5.5193,45.0022],[5.5175,45.0015],[5.5175,44.9991],[5.5129,45.0011],[5.5115,45.003],[5.5086,45.0011],[5.5038,45.0],[5.5032,45.0025],[5.5038,45.0049],[5.5042,45.0077],[5.5023,45.0091],[5.4974,45.0096],[5.4989,45.0124],[5.4972,45.0153],[5.4964,45.0217],[5.4975,45.0259],[5.4959,45.0296],[5.4966,45.033],[5.4972,45.0338],[5.5,45.0339],[5.5046,45.0315],[5.5091,45.03],[5.5129,45.0274],[5.5147,45.0262],[5.5157,45.0235],[5.518,45.0245]]]},"properties":{"id_ffco":"2020-D38-335","nom":"Clos de la Balme - Trois Fontaines - Essarteaux","_dept":"38","numero":"2020-D38-335","commune":"Corrençon en Vercors","echelle":"1/10000","surface":"6.55 km²","format":"A3","annee":"2020","cartographes":"Cartomatt M. Barthélèmy","proprietaire":"38 - Isère","niveau":"National, International","specialite":"CO à pied","contacts":"CDCO 38, 7 rue de l'Industrie, 38320, Eybens, contact@cdco38.fr, http://cdco38.fr/","latitude":"45.0159916531","longitude":"5.51150778027","date_saisie":"06/10/2020","date_depot":"16/10/2020","valide":"Oui","ppo":"Non","type_carte":"Nouvelle carte","fond":"Ortho","obsolete":false}},{"type":"Feature","geometry":{"type":"Polygon","coordinates":[[[5.7717,45.2601],[5.7719,45.2608],[5.7732,45.2607],[5.7734,45.2609],[5.7746,45.2611],[5.7762,45.2603],[5.7766,45.2602],[5.7773,45.2602],[5.7772,45.2599],[5.7772,45.2596],[5.777,45.2593],[5.7769,45.2592],[5.7764,45.2593],[5.7761,45.2594],[5.7755,45.2582],[5.7752,45.2577],[5.7748,45.2578],[5.7742,45.2578],[5.7737,45.258],[5.7733,45.2583],[5.7727,45.2584],[5.7724,45.2584],[5.7723,45.2581],[5.7724,45.2579],[5.7715,45.2579],[5.7717,45.2601]]]},"properties":{"id_ffco":"2020-D38-334","nom":"La Plaine de Jeu Le Sappey en Chartreuse","_dept":"38","numero":"2020-D38-334","commune":"Le Sappey en Chartreuse","echelle":"1/2000","surface":"0.11 km²","format":"A4","annee":"2020","cartographes":"Franck Dechavanne","proprietaire":"38 - Isère","niveau":"Initiation, Scolaire","specialite":"CO à pied","contacts":"CDCO 38, 7 rue de l'Industrie, 38320, Eybens, contact@cdco38.fr, http://cdco38.fr/","latitude":"45.2594461136","longitude":"5.77406649996","date_saisie":"06/10/2020","date_depot":"16/10/2020","valide":"Oui","ppo":"Non","type_carte":"Nouvelle carte","fond":"Ortho","obsolete":false}},{"type":"Feature","geometry":{"type":"Polygon","coordinates":[[[5.7715,45.2596],[5.7677,45.2604],[5.7669,45.2666],[5.771,45.2653],[5.7734,45.2666],[5.7743,45.2659],[5.776,45.2698],[5.7779,45.271],[5.7806,45.272],[5.7846,45.2732],[5.7861,45.2736],[5.7879,45.2722],[5.7898,45.2724],[5.7917,45.2735],[5.7947,45.2741],[5.7968,45.2752],[5.7978,45.2772],[5.8007,45.2769],[5.8014,45.2754],[5.8002,45.2718],[5.8021,45.2718],[5.8012,45.2701],[5.8001,45.2685],[5.7957,45.266],[5.7914,45.2624],[5.7897,45.2599],[5.787,45.2588],[5.7807,45.2564],[5.7728,45.2561],[5.7728,45.2581],[5.7715,45.2596]]]},"properties":{"id_ffco":"2020-D38-333","nom":"Le Sappey en Chartreuse","_dept":"38","numero":"2020-D38-333","commune":"Le Sappey en Chartreuse","echelle":"1/15000","surface":"3.3 km²","format":"A3","annee":"2020","cartographes":"Franck Dechavanne","proprietaire":"38 - Isère","niveau":"Départemental","specialite":"Rand'O","contacts":"CDCO 38, 7 rue de l'Industrie, 38320, Eybens, contact@cdco38.fr, http://cdco38.fr/","latitude":"45.2658266981","longitude":"5.78442275386","date_saisie":"06/10/2020","date_depot":"16/10/2020","valide":"Oui","ppo":"Oui (26 postes)","type_carte":"Nouvelle carte","fond":"Ortho","obsolete":false}},{"type":"Feature","geometry":{"type":"Polygon","coordinates":[[[5.7576,45.1778],[5.7599,45.1784],[5.7597,45.1776],[5.7586,45.1755],[5.7601,45.1752],[5.7601,45.175],[5.7617,45.1744],[5.7605,45.1738],[5.7581,45.1744],[5.7578,45.1744],[5.7569,45.1765],[5.7576,45.1778]]]},"properties":{"id_ffco":"2020-D38-332","nom":"Parc Jo Blanchon","_dept":"38","numero":"2020-D38-332","commune":"Saint-Martin d'Hères","echelle":"1/2000","surface":"0.08 km²","format":"A4","annee":"2020","cartographes":"David Barranger","proprietaire":"38 - Isère","niveau":"Initiation, Scolaire","specialite":"CO à pied","contacts":"CDCO 38, 7 rue de l'Industrie, 38320, Eybens, contact@cdco38.fr, http://cdco38.fr/","latitude":"45.1759642214","longitude":"5.75874601566","date_saisie":"06/10/2020","date_depot":"16/10/2020","valide":"Oui","ppo":"Oui (40 postes)","type_carte":"Nouvelle carte","fond":"Ortho","obsolete":false}},{"type":"Feature","geometry":{"type":"Polygon","coordinates":[[[5.781,45.1734],[5.778,45.1718],[5.7789,45.171],[5.78,45.1714],[5.7803,45.1715],[5.7807,45.1717],[5.781,45.1714],[5.7815,45.1716],[5.7817,45.1713],[5.7826,45.1719],[5.7822,45.1725],[5.7818,45.1731],[5.7814,45.1736],[5.781,45.1734]]]},"properties":{"id_ffco":"2020-D38-331","nom":"Colline du Murier","_dept":"38","numero":"2020-D38-331","commune":"Saint-Martin d'Hères","echelle":"1/2000","surface":"0.05 km²","format":"A4","annee":"2020","cartographes":"David Barranger","proprietaire":"38 - Isère","niveau":"Initiation, Scolaire","specialite":"CO à pied","contacts":"CDCO 38, 7 rue de l'Industrie, 38320, Eybens, contact@cdco38.fr, http://cdco38.fr/","latitude":"45.1721924865","longitude":"5.78050577014","date_saisie":"06/10/2020","date_depot":"16/10/2020","valide":"Oui","ppo":"Oui (29 postes)","type_carte":"Nouvelle carte","fond":"Ortho","obsolete":false}},{"type":"Feature","geometry":{"type":"Polygon","coordinates":[[[5.6804,45.2319],[5.6737,45.2382],[5.6708,45.2429],[5.6739,45.244],[5.6734,45.2447],[5.6731,45.2454],[5.6741,45.2467],[5.6791,45.2446],[5.6814,45.2423],[5.6838,45.243],[5.6873,45.241],[5.6901,45.2397],[5.6923,45.2403],[5.6956,45.2403],[5.6948,45.2406],[5.6953,45.2387],[5.6953,45.2357],[5.6957,45.2339],[5.6948,45.2321],[5.6943,45.229],[5.6945,45.2266],[5.6941,45.2217],[5.6931,45.2205],[5.6914,45.2199],[5.6804,45.2319]]]},"properties":{"id_ffco":"2020-D38-330","nom":"Saint-Egrève","_dept":"38","numero":"2020-D38-330","commune":"Saint-Egrève","echelle":"1/4000","surface":"2.76 km²","format":"A3","annee":"2020","cartographes":"Franck Dechavanne SNOE","proprietaire":"38 - Isère","niveau":"Départemental","specialite":"CO à pied","contacts":"CDCO 38, 7 rue de l'Industrie, 38320, Eybens, contact@cdco38.fr, http://cdco38.fr/","latitude":"45.2345956091","longitude":"5.68539468791","date_saisie":"09/02/2023","date_depot":"16/02/2023","valide":"Oui","ppo":"Non","type_carte":"Nouvelle carte","fond":"Ortho","obsolete":false}},{"type":"Feature","geometry":{"type":"Polygon","coordinates":[[[5.6723,45.2456],[5.6741,45.2466],[5.6757,45.246],[5.6763,45.2455],[5.6766,45.2452],[5.6764,45.2449],[5.6747,45.2444],[5.6723,45.2456]]]},"properties":{"id_ffco":"2020-D38-329","nom":"Parc de Rochepleine Saint-Egrève","_dept":"38","numero":"2020-D38-329","commune":"Saint-Egrève","echelle":"1/1500","surface":"0.05 km²","format":"A4","annee":"2020","cartographes":"Franck Dechavanne","proprietaire":"38 - Isère","niveau":"Initiation, Scolaire","specialite":"CO à pied","contacts":"CDCO 38, 7 rue de l'Industrie, 38320, Eybens, contact@cdco38.fr, http://cdco38.fr/","latitude":"45.2454813136","longitude":"5.6745647433","date_saisie":"06/10/2020","date_depot":"16/10/2020","valide":"Oui","ppo":"Oui (22 postes)","type_carte":"Nouvelle carte","fond":"Ortho","obsolete":false}},{"type":"Feature","geometry":{"type":"Polygon","coordinates":[[[5.6822,45.2346],[5.6838,45.2331],[5.6833,45.2331],[5.6848,45.2318],[5.6839,45.2311],[5.6835,45.2305],[5.6829,45.2296],[5.6805,45.2316],[5.6794,45.2327],[5.6805,45.2331],[5.6806,45.2336],[5.6812,45.2341],[5.6822,45.2346]]]},"properties":{"id_ffco":"2020-D38-328","nom":"Parc Marius Camet Saint-Egrève","_dept":"38","numero":"2020-D38-328","commune":"Saint-Egrève","echelle":"1/2500","surface":"0.11 km²","format":"A4","annee":"2020","cartographes":"Franck Dechavanne","proprietaire":"38 - Isère","niveau":"Initiation, Scolaire","specialite":"CO à pied","contacts":"CDCO 38, 7 rue de l'Industrie, 38320, Eybens, contact@cdco38.fr, http://cdco38.fr/","latitude":"45.2322191802","longitude":"5.68220149612","date_saisie":"06/10/2020","date_depot":"16/10/2020","valide":"Oui","ppo":"Oui (30 postes)","type_carte":"Nouvelle carte","fond":"Ortho","obsolete":false}},{"type":"Feature","geometry":{"type":"Polygon","coordinates":[[[5.6885,45.2312],[5.6907,45.2308],[5.6905,45.2299],[5.6913,45.2296],[5.6907,45.2286],[5.6892,45.229],[5.6882,45.2293],[5.6879,45.2295],[5.688,45.2313],[5.6885,45.2312]]]},"properties":{"id_ffco":"2020-D38-327","nom":"Collège Barnave Saint-Egrève","_dept":"38","numero":"2020-D38-327","commune":"Saint-Egrève","echelle":"1/2500","surface":"0.05 km²","format":"A4","annee":"2020","cartographes":"Franck Dechavanne","proprietaire":"38 - Isère","niveau":"Initiation, Scolaire","specialite":"CO à pied","contacts":"CDCO 38, 7 rue de l'Industrie, 38320, Eybens, contact@cdco38.fr, http://cdco38.fr/","latitude":"45.2299635029","longitude":"5.68941626887","date_saisie":"06/10/2020","date_depot":"16/10/2020","valide":"Oui","ppo":"Non","type_carte":"Nouvelle carte","fond":"Ortho","obsolete":false}},{"type":"Feature","geometry":{"type":"Polygon","coordinates":[[[5.6914,45.2277],[5.6929,45.2281],[5.6941,45.2267],[5.6947,45.2248],[5.6944,45.2229],[5.6934,45.2208],[5.6927,45.2205],[5.6918,45.2201],[5.688,45.2243],[5.6899,45.2247],[5.69,45.2259],[5.6898,45.2271],[5.691,45.2279],[5.6914,45.2277]]]},"properties":{"id_ffco":"2020-D38-326","nom":"Parc de Fiancey St Egrève","_dept":"38","numero":"2020-D38-326","commune":"Saint-Egrève","echelle":"1/4000","surface":"0.28 km²","format":"A4","annee":"2020","cartographes":"Franck Dechavanne","proprietaire":"38 - Isère","niveau":"Initiation, Scolaire","specialite":"CO à pied","contacts":"CDCO 38, 7 rue de l'Industrie, 38320, Eybens, contact@cdco38.fr, http://cdco38.fr/","latitude":"45.2242364333","longitude":"5.69191072063","date_saisie":"06/10/2020","date_depot":"16/10/2020","valide":"Oui","ppo":"Oui (38 postes)","type_carte":"Nouvelle carte","fond":"Ortho","obsolete":false}},{"type":"Feature","geometry":{"type":"Polygon","coordinates":[[[5.8928,45.1066],[5.894,45.1046],[5.8937,45.1036],[5.888,45.1005],[5.8849,45.0976],[5.8832,45.0937],[5.8809,45.0937],[5.8786,45.0918],[5.8745,45.0908],[5.8688,45.0901],[5.8677,45.0922],[5.8669,45.0947],[5.8698,45.0974],[5.8692,45.0992],[5.871,45.1029],[5.8726,45.1049],[5.8753,45.1055],[5.8755,45.1108],[5.884,45.1107],[5.8839,45.1052],[5.8907,45.1065],[5.8928,45.1066]]]},"properties":{"id_ffco":"2020-D38-325","nom":"Chamrousse l'Arselle","_dept":"38","numero":"2020-D38-325","commune":"Chamrousse","echelle":"1/10000","surface":"2.61 km²","format":"A4","annee":"2020","cartographes":"Cap Orientation M Barthélémy","proprietaire":"38 - Isère","niveau":"Interrégional","specialite":"CO à pied","contacts":"CDCO 38, 7 rue de l'Industrie, 38320, Eybens, contact@cdco38.fr, http://cdco38.fr/","latitude":"45.100444492","longitude":"5.87878313202","date_saisie":"06/10/2020","date_depot":"16/10/2020","valide":"Oui","ppo":"Oui (30 postes)","type_carte":"Nouvelle carte","fond":"Ortho","obsolete":false}},{"type":"Feature","geometry":{"type":"Polygon","coordinates":[[[6.0842,45.0512],[6.0826,45.0501],[6.085,45.0466],[6.0862,45.0457],[6.0893,45.0442],[6.0938,45.0459],[6.0964,45.0473],[6.096,45.048],[6.0923,45.0493],[6.0842,45.0512]]]},"properties":{"id_ffco":"2020-D38-324","nom":"Auris en Oisans Les Cours","_dept":"38","numero":"2020-D38-324","commune":"Auris en Oisans","echelle":"1/5000","surface":"0.46 km²","format":"A4","annee":"2020","cartographes":"David Barranger","proprietaire":"38 - Isère","niveau":"Initiation, Scolaire","specialite":"CO à pied","contacts":"CDCO 38, 7 rue de l'Industrie, 38320, Eybens, contact@cdco38.fr, http://cdco38.fr/","latitude":"45.0477752411","longitude":"6.08905621915","date_saisie":"06/10/2020","date_depot":"16/10/2020","valide":"Oui","ppo":"Oui (12 postes)","type_carte":"Nouvelle carte","fond":"Ortho","obsolete":false}},{"type":"Feature","geometry":{"type":"Polygon","coordinates":[[[5.9294,45.2533],[5.9298,45.2541],[5.9356,45.2552],[5.9389,45.2538],[5.9382,45.2516],[5.9361,45.2515],[5.932,45.2515],[5.9294,45.2533]]]},"properties":{"id_ffco":"2020-D38-323","nom":"Laval en Belledonne Le Village","_dept":"38","numero":"2020-D38-323","commune":"Laval en Belledonne","echelle":"1/3000","surface":"0.23 km²","format":"A4","annee":"2020","cartographes":"David Barranger","proprietaire":"38 - Isère","niveau":"Initiation, Scolaire","specialite":"CO à pied","contacts":"CDCO 38, 7 rue de l'Industrie, 38320, Eybens, contact@cdco38.fr, http://cdco38.fr/","latitude":"45.2531586032","longitude":"5.93443534261","date_saisie":"06/10/2020","date_depot":"16/10/2020","valide":"Oui","ppo":"Non","type_carte":"Nouvelle carte","fond":"Ortho","obsolete":false}},{"type":"Feature","geometry":{"type":"Polygon","coordinates":[[[5.6268,45.525],[5.6234,45.5232],[5.6216,45.5224],[5.6218,45.5221],[5.6261,45.5216],[5.6281,45.5206],[5.6303,45.5204],[5.6304,45.5227],[5.6279,45.5244],[5.6268,45.525]]]},"properties":{"id_ffco":"2020-D38-322","nom":"Pressins l'Ecole","_dept":"38","numero":"2020-D38-322","commune":"Pressins","echelle":"1/3000","surface":"0.18 km²","format":"A4","annee":"2020","cartographes":"Franck Dechavanne","proprietaire":"38 - Isère","niveau":"Initiation, Scolaire","specialite":"CO à pied","contacts":"CDCO 38, 7 rue de l'Industrie, 38320, Eybens, contact@cdco38.fr, http://cdco38.fr/","latitude":"45.5225780608","longitude":"5.6268883024","date_saisie":"05/10/2020","date_depot":"16/10/2020","valide":"Oui","ppo":"Non","type_carte":"Nouvelle carte","fond":"Ortho","obsolete":false}},{"type":"Feature","geometry":{"type":"Polygon","coordinates":[[[5.6436,45.5242],[5.6473,45.5217],[5.6459,45.5197],[5.6546,45.5147],[5.6564,45.5134],[5.6547,45.5105],[5.6511,45.5091],[5.648,45.5052],[5.6441,45.5042],[5.6392,45.5079],[5.6374,45.5085],[5.6331,45.5087],[5.6338,45.5119],[5.6293,45.511],[5.6263,45.511],[5.6281,45.5142],[5.6261,45.5189],[5.6199,45.5189],[5.6175,45.5213],[5.6185,45.5229],[5.615,45.5248],[5.6127,45.5269],[5.6144,45.5287],[5.6157,45.5296],[5.6243,45.5281],[5.6311,45.5256],[5.6384,45.5241],[5.6436,45.5242]]]},"properties":{"id_ffco":"2020-D38-321","nom":"Pressins O VTT","_dept":"38","numero":"2020-D38-321","commune":"Pressins","echelle":"1/15000","surface":"4.35 km²","format":"A3","annee":"2020","cartographes":"Franck Dechavanne","proprietaire":"38 - Isère","niveau":"Départemental","specialite":"CO à VTT","contacts":"CDCO 38, 7 rue de l'Industrie, 38320, Eybens, contact@cdco38.fr, http://cdco38.fr/","latitude":"45.517388342","longitude":"5.63588208112","date_saisie":"05/10/2020","date_depot":"16/10/2020","valide":"Oui","ppo":"Non","type_carte":"Nouvelle carte","fond":"Ortho","obsolete":false}},{"type":"Feature","geometry":{"type":"Polygon","coordinates":[[[5.6251,45.5203],[5.628,45.5167],[5.6287,45.5135],[5.6297,45.511],[5.6338,45.5083],[5.6407,45.5074],[5.6455,45.5062],[5.6497,45.5071],[5.6513,45.5111],[5.6555,45.5134],[5.6555,45.5148],[5.6523,45.5165],[5.6469,45.5197],[5.6425,45.524],[5.6372,45.5241],[5.6249,45.5277],[5.6211,45.5282],[5.6162,45.529],[5.6141,45.5267],[5.6162,45.524],[5.6189,45.5231],[5.6186,45.5212],[5.6198,45.5202],[5.6238,45.5205],[5.6251,45.5203]]]},"properties":{"id_ffco":"2020-D38-320","nom":"Pressins Rando","_dept":"38","numero":"2020-D38-320","commune":"Pressins","echelle":"1/15000","surface":"3.95 km²","format":"A3","annee":"2020","cartographes":"Franck Dechavanne","proprietaire":"38 - Isère","niveau":"Départemental","specialite":"Rand'O","contacts":"CDCO 38, 7 rue de l'Industrie, 38320, Eybens, contact@cdco38.fr, http://cdco38.fr/","latitude":"45.5174817292","longitude":"5.63608914716","date_saisie":"05/10/2020","date_depot":"16/10/2020","valide":"Oui","ppo":"Non","type_carte":"Nouvelle carte","fond":"Ortho","obsolete":false}},{"type":"Feature","geometry":{"type":"Polygon","coordinates":[[[5.6292,45.5265],[5.6224,45.5283],[5.6186,45.5281],[5.614,45.5268],[5.6161,45.524],[5.6184,45.5232],[5.618,45.5206],[5.6191,45.5195],[5.6215,45.5201],[5.6241,45.5206],[5.6274,45.5169],[5.6298,45.515],[5.6338,45.5158],[5.63,45.5205],[5.6306,45.523],[5.6323,45.5249],[5.6292,45.5265]]]},"properties":{"id_ffco":"2020-D38-319","nom":"Pressins Village","_dept":"38","numero":"2020-D38-319","commune":"Pressins","echelle":"1/7500","surface":"1.14 km²","format":"A4","annee":"2020","cartographes":"Franck Dechavanne","proprietaire":"38 - Isère","niveau":"Initiation, Scolaire","specialite":"Rand'O","contacts":"CDCO 38, 7 rue de l'Industrie, 38320, Eybens, contact@cdco38.fr, http://cdco38.fr/","latitude":"45.5228739799","longitude":"5.62445529392","date_saisie":"05/10/2020","date_depot":"16/10/2020","valide":"Oui","ppo":"Non","type_carte":"Nouvelle carte","fond":"Ortho","obsolete":false}},{"type":"Feature","geometry":{"type":"Polygon","coordinates":[[[5.9306,45.2579],[5.9255,45.2597],[5.9212,45.2565],[5.9219,45.2542],[5.9239,45.2537],[5.9288,45.2528],[5.9308,45.252],[5.9343,45.2523],[5.937,45.2528],[5.941,45.2511],[5.9433,45.2517],[5.9458,45.253],[5.9464,45.2548],[5.9393,45.2582],[5.9328,45.2589],[5.9306,45.2579]]]},"properties":{"id_ffco":"2020-D38-318","nom":"Laval en Belledonne","_dept":"38","numero":"2020-D38-318","commune":"Laval en Belledonne","echelle":"1/10000","surface":"1.17 km²","format":"A4","annee":"2020","cartographes":"David Barranger","proprietaire":"38 - Isère","niveau":"Départemental","specialite":"Rand'O","contacts":"CDCO 38, 7 rue de l'Industrie, 38320, Eybens, contact@cdco38.fr, http://cdco38.fr/","latitude":"45.2553249879","longitude":"5.93359212719","date_saisie":"05/10/2020","date_depot":"16/10/2020","valide":"Oui","ppo":"Oui (12 postes)","type_carte":"Nouvelle carte","fond":"Ortho","obsolete":false}},{"type":"Feature","geometry":{"type":"Polygon","coordinates":[[[5.7745,45.087],[5.775,45.0879],[5.7753,45.0885],[5.7756,45.0885],[5.7774,45.0881],[5.7776,45.0873],[5.7769,45.0863],[5.7765,45.0857],[5.7762,45.0851],[5.7756,45.0851],[5.7755,45.0856],[5.7751,45.0864],[5.7745,45.087]]]},"properties":{"id_ffco":"2020-D38-317","nom":"Collège Les Mattons Vizille","_dept":"38","numero":"2020-D38-317","commune":"Vizille","echelle":"1/1500","surface":"0.06 km²","format":"A4","annee":"2020","cartographes":"Pierre Martinez","proprietaire":"38 - Isère","niveau":"Initiation, Scolaire","specialite":"CO à pied","contacts":"CDCO 38, 7 rue de l'Industrie, 38320, Eybens, contact@cdco38.fr, http://cdco38.fr/","latitude":"45.0870114539","longitude":"5.77605764894","date_saisie":"05/10/2020","date_depot":"16/10/2020","valide":"Oui","ppo":"Non","type_carte":"Nouvelle carte","fond":"Ortho","obsolete":false}},{"type":"Feature","geometry":{"type":"Polygon","coordinates":[[[5.5549,45.408],[5.5536,45.4089],[5.554,45.4094],[5.5528,45.4102],[5.5549,45.412],[5.5552,45.4119],[5.5571,45.4103],[5.5559,45.4091],[5.5549,45.408]]]},"properties":{"id_ffco":"2020-D38-316","nom":"Collège des Collines Chirens","_dept":"38","numero":"2020-D38-316","commune":"Chirens","echelle":"1/2000","surface":"0.08 km²","format":"A4","annee":"2020","cartographes":"Pierre Martinez","proprietaire":"38 - Isère","niveau":"Initiation, Scolaire","specialite":"CO à pied","contacts":"CDCO 38, 7 rue de l'Industrie, 38320, Eybens, contact@cdco38.fr, http://cdco38.fr/","latitude":"45.4101051424","longitude":"5.55492986225","date_saisie":"05/10/2020","date_depot":"16/10/2020","valide":"Oui","ppo":"Non","type_carte":"Nouvelle carte","fond":"Ortho","obsolete":false}},{"type":"Feature","geometry":{"type":"Polygon","coordinates":[[[5.9466,45.3612],[5.9472,45.3622],[5.9495,45.3613],[5.9487,45.3604],[5.9466,45.3612]]]},"properties":{"id_ffco":"2020-D38-315","nom":"Collège La Pierre Aiguille Le Touvet","_dept":"38","numero":"2020-D38-315","commune":"Le Touvet","echelle":"1/1500","surface":"0.02 km²","format":"A4","annee":"2020","cartographes":"Pierre Martinez","proprietaire":"38 - Isère","niveau":"Initiation, Scolaire","specialite":"CO à pied","contacts":"CDCO 38, 7 rue de l'Industrie, 38320, Eybens, contact@cdco38.fr, http://cdco38.fr/","latitude":"45.3612761428","longitude":"5.94803629035","date_saisie":"05/10/2020","date_depot":"16/10/2020","valide":"Oui","ppo":"Non","type_carte":"Nouvelle carte","fond":"Ortho","obsolete":false}},{"type":"Feature","geometry":{"type":"Polygon","coordinates":[[[5.9557,45.364],[5.9563,45.3652],[5.9589,45.3646],[5.9601,45.364],[5.9588,45.3623],[5.9557,45.364]]]},"properties":{"id_ffco":"2020-D38-314","nom":"Complexe sportif du Bresson Le Touvet","_dept":"38","numero":"2020-D38-314","commune":"Le Touvet","echelle":"1/2000","surface":"0.06 km²","format":"A4","annee":"2020","cartographes":"Pierre Martinez","proprietaire":"38 - Isère","niveau":"Initiation, Scolaire","specialite":"CO à pied","contacts":"CDCO 38, 7 rue de l'Industrie, 38320, Eybens, contact@cdco38.fr, http://cdco38.fr/","latitude":"45.3638720284","longitude":"5.95793544703","date_saisie":"05/10/2020","date_depot":"16/10/2020","valide":"Oui","ppo":"Non","type_carte":"Nouvelle carte","fond":"Ortho","obsolete":false}},{"type":"Feature","geometry":{"type":"Polygon","coordinates":[[[5.5486,45.217],[5.5579,45.2197],[5.5709,45.2157],[5.5666,45.2034],[5.5603,45.191],[5.5586,45.1849],[5.5515,45.1786],[5.5474,45.1731],[5.5393,45.1726],[5.5361,45.1754],[5.5289,45.1797],[5.5356,45.1858],[5.5426,45.1872],[5.5479,45.1881],[5.5466,45.1907],[5.5495,45.1962],[5.5431,45.1997],[5.5486,45.217]]]},"properties":{"id_ffco":"2020-D38-313","nom":"Autrans De la plaine à Gève","_dept":"38","numero":"2020-D38-313","commune":"Autrans Méaudre","echelle":"1/10000","surface":"7.59 km²","format":"A3","annee":"2020","cartographes":"Cartomatt M. Barthélèmy","proprietaire":"38 - Isère","niveau":"National, International","specialite":"CO à pied","contacts":"CDCO 38, 7 rue de l'Industrie, 38320, Eybens, contact@cdco38.fr, http://cdco38.fr/","latitude":"45.1967613837","longitude":"5.55222087892","date_saisie":"05/10/2020","date_depot":"16/10/2020","valide":"Oui","ppo":"Non","type_carte":"Nouvelle carte","fond":"Ortho","obsolete":false}},{"type":"Feature","geometry":{"type":"Polygon","coordinates":[[[5.5373,45.1698],[5.5253,45.1742],[5.5318,45.1888],[5.5333,45.1952],[5.5448,45.2343],[5.5678,45.2391],[5.5829,45.2435],[5.6017,45.2328],[5.6027,45.2151],[5.5993,45.199],[5.5993,45.1852],[5.5869,45.1667],[5.5738,45.1657],[5.552,45.1681],[5.5373,45.1698]]]},"properties":{"id_ffco":"2019-D38-312","nom":"Autrans O'bivwak","_dept":"38","numero":"2019-D38-312","commune":"Autrans Méaudre","echelle":"1/20000","surface":"39.07 km²","format":"+","annee":"2019","cartographes":"CAP Orientation M. Barthélemy et F. Dechavanne","niveau":"National, International","specialite":"Raid'O","contacts":"CDCO 38, 7 rue de l'Industrie, 38320, Eybens, contact@cdco38.fr, http://cdco38.fr/","latitude":"45.2023509666","longitude":"5.56778805974","date_saisie":"05/10/2020","date_depot":"18/01/2023","valide":"Oui","ppo":"Non","type_carte":"Nouvelle carte","fond":"Ortho","obsolete":false}},{"type":"Feature","geometry":{"type":"Polygon","coordinates":[[[5.7634,45.2943],[5.7613,45.2943],[5.7591,45.2944],[5.7578,45.2948],[5.7562,45.2942],[5.7547,45.2947],[5.7532,45.2955],[5.7527,45.2963],[5.7524,45.2971],[5.7522,45.298],[5.7533,45.298],[5.7551,45.2982],[5.7561,45.2976],[5.7583,45.2976],[5.7583,45.2969],[5.7597,45.2965],[5.7624,45.2973],[5.7641,45.3002],[5.7653,45.3028],[5.7658,45.3051],[5.7719,45.3043],[5.7724,45.2996],[5.7736,45.296],[5.7772,45.292],[5.776,45.2888],[5.7738,45.284],[5.7698,45.2832],[5.7682,45.2828],[5.7665,45.2825],[5.764,45.2824],[5.7665,45.2894],[5.7658,45.294],[5.7634,45.2943]]]},"properties":{"id_ffco":"2019-D38-310","nom":"Col de Porte","_dept":"38","numero":"2019-D38-310","commune":"Sarcenas","echelle":"1/10000","surface":"2.02 km²","format":"A4","annee":"2019","cartographes":"David Barranger","proprietaire":"38 - Isère","niveau":"Interrégional","specialite":"CO à pied","contacts":"CDCO 38, 7 rue de l'Industrie, 38320, Eybens, contact@cdco38.fr, http://cdco38.fr/","latitude":"45.2937190806","longitude":"5.7680055365","date_saisie":"05/10/2020","date_depot":"16/10/2020","valide":"Oui","ppo":"Oui (12 postes)","type_carte":"Nouvelle carte","fond":"Ortho","url":"https://elo.lauraco.fr/trouver-un-parcours/category/grand-public/col-de-porte-2/","obsolete":false}},{"type":"Feature","geometry":{"type":"Polygon","coordinates":[[[5.5896,45.5445],[5.5867,45.5455],[5.5889,45.5474],[5.5927,45.5492],[5.5955,45.5482],[5.5968,45.5464],[5.5961,45.5438],[5.5907,45.5444],[5.5896,45.5445]]]},"properties":{"id_ffco":"2019-D38-309","nom":"Bois de Netrin","_dept":"38","numero":"2019-D38-309","commune":"Les Abrets","echelle":"1/5000","surface":"0.3 km²","format":"A4","annee":"2019","cartographes":"Franck Dechavanne","proprietaire":"38 - Isère","niveau":"Initiation, Scolaire","specialite":"CO à pied","contacts":"CDCO 38, 7 rue de l'Industrie, 38320, Eybens, contact@cdco38.fr, http://cdco38.fr/","latitude":"45.5462514307","longitude":"5.59244625226","date_saisie":"23/09/2020","date_depot":"16/10/2020","valide":"Oui","ppo":"Non","type_carte":"Nouvelle carte","fond":"Ortho","obsolete":false}},{"type":"Feature","geometry":{"type":"Polygon","coordinates":[[[4.9175,45.533],[4.9179,45.5331],[4.9189,45.5327],[4.9198,45.5331],[4.9216,45.5327],[4.9228,45.5339],[4.9241,45.5336],[4.925,45.5333],[4.9269,45.5341],[4.9279,45.5327],[4.9258,45.5318],[4.9221,45.5309],[4.9219,45.5317],[4.9197,45.5318],[4.9174,45.5325],[4.9173,45.5327],[4.9175,45.533]]]},"properties":{"id_ffco":"2019-D38-308","nom":"Pont Evêque Parc de Loisirs","_dept":"38","numero":"2019-D38-308","commune":"Pont Evêque","echelle":"1/3500","surface":"0.14 km²","format":"A4","annee":"2019","cartographes":"David Barranger","proprietaire":"38 - Isère","niveau":"Initiation, Scolaire","specialite":"CO à pied","contacts":"CDCO 38, 7 rue de l'Industrie, 38320, Eybens, contact@cdco38.fr, http://cdco38.fr/","latitude":"45.5325309764","longitude":"4.92319475995","date_saisie":"23/09/2020","date_depot":"16/10/2020","valide":"Oui","ppo":"Oui (30 postes)","type_carte":"Nouvelle carte","fond":"Ortho","obsolete":false}},{"type":"Feature","geometry":{"type":"Polygon","coordinates":[[[5.4964,45.0341],[5.4954,45.0314],[5.4958,45.029],[5.4969,45.0259],[5.4981,45.0248],[5.5002,45.0244],[5.5022,45.0225],[5.5062,45.021],[5.5079,45.0207],[5.511,45.0208],[5.5159,45.0237],[5.515,45.0266],[5.5118,45.0282],[5.511,45.0296],[5.5078,45.0307],[5.5064,45.0309],[5.5043,45.0333],[5.5032,45.033],[5.5026,45.034],[5.4994,45.0349],[5.4964,45.0341]]]},"properties":{"id_ffco":"2019-D38-307","nom":"Essarteaux","_dept":"38","numero":"2019-D38-307","commune":"Corrençon","echelle":"1/10000","surface":"1.54 km²","format":"A4","annee":"2019","cartographes":"Franck Dechavanne SNOE","proprietaire":"38 - Isère","niveau":"National, International","specialite":"CO à pied","contacts":"CDCO 38, 7 rue de l'Industrie, 38320, Eybens, contact@cdco38.fr, http://cdco38.fr/","latitude":"45.0272963501","longitude":"5.50479528834","date_saisie":"26/06/2019","date_depot":"10/07/2019","valide":"Oui","ppo":"Non","type_carte":"Reprise","base":"1996-D38-38 LA GLACIERE","fond":"Ortho","obsolete":false}},{"type":"Feature","geometry":{"type":"Polygon","coordinates":[[[5.5226,45.0589],[5.5199,45.0578],[5.5186,45.0557],[5.5157,45.0554],[5.5135,45.0563],[5.5104,45.0551],[5.5067,45.0549],[5.5044,45.053],[5.5031,45.0529],[5.5013,45.05],[5.4994,45.0463],[5.4992,45.0437],[5.5,45.0424],[5.5006,45.0389],[5.4995,45.0348],[5.4981,45.0342],[5.4963,45.0335],[5.4956,45.0305],[5.497,45.0262],[5.5004,45.0243],[5.5028,45.0223],[5.5061,45.0212],[5.5162,45.0238],[5.5169,45.0269],[5.5164,45.0308],[5.5172,45.0339],[5.5143,45.0352],[5.5149,45.0359],[5.5166,45.0381],[5.5202,45.0392],[5.5224,45.0452],[5.5238,45.0519],[5.5251,45.0539],[5.5256,45.0566],[5.5254,45.0586],[5.5226,45.0589]]]},"properties":{"id_ffco":"2019-D38-306","nom":"Grande Loubière - Essarteaux","_dept":"38","numero":"2019-D38-306","commune":"Villard-de-Lans / Corrençon","echelle":"1/10000","surface":"5.92 km²","format":"A3","annee":"2019","cartographes":"Franck Dechavanne SNOE","proprietaire":"38 - Isère","niveau":"National, International","specialite":"CO à pied","contacts":"CDCO 38, 7 rue de l'Industrie, 38320, Eybens, contact@cdco38.fr, http://cdco38.fr/","latitude":"45.0400261453","longitude":"5.51008943402","date_saisie":"26/06/2019","date_depot":"12/07/2019","valide":"Oui","ppo":"Non","type_carte":"Reprise","base":"2015-D38-187 LOUBIERE GENETY","fond":"Ortho","obsolete":false}},{"type":"Feature","geometry":{"type":"Polygon","coordinates":[[[5.2246,45.2216],[5.2232,45.2189],[5.2263,45.2174],[5.2272,45.2166],[5.2326,45.2141],[5.2384,45.2104],[5.2424,45.2103],[5.2455,45.2114],[5.2445,45.2141],[5.2341,45.2202],[5.2331,45.2209],[5.2246,45.2216]]]},"properties":{"id_ffco":"2019-D38-305","nom":"Etang de Dionay","_dept":"38","numero":"2019-D38-305","commune":"Dionay","echelle":"1/7500","surface":"1.05 km²","format":"A4","annee":"2019","cartographes":"Rui Antunes","niveau":"Régional","specialite":"CO à pied","contacts":"CLUB ROMANS ORIENTATION, coromans2604@gmail.com, http://romans.orientation.free.fr/","latitude":"45.2160702864","longitude":"5.234698407","date_saisie":"26/06/2019","date_depot":"12/07/2019","valide":"Oui","ppo":"Non","type_carte":"Nouvelle carte","fond":"Ortho","obsolete":false}},{"type":"Feature","geometry":{"type":"Polygon","coordinates":[[[5.7846,44.9116],[5.7879,44.9112],[5.7906,44.9085],[5.7924,44.9094],[5.796,44.9085],[5.7992,44.9075],[5.7982,44.9053],[5.7988,44.9016],[5.7913,44.8987],[5.7886,44.896],[5.7862,44.8959],[5.7838,44.8962],[5.7813,44.898],[5.781,44.9006],[5.781,44.9026],[5.7815,44.9042],[5.7826,44.9069],[5.782,44.9089],[5.7823,44.91],[5.7841,44.9101],[5.7843,44.9116],[5.7846,44.9116]]]},"properties":{"id_ffco":"2019-D38-304","nom":"La Mure","_dept":"38","numero":"2019-D38-304","commune":"La Mure","echelle":"1/5000","surface":"1.73 km²","format":"A4","annee":"2019","cartographes":"David Barranger","proprietaire":"38 - Isère","niveau":"Régional","specialite":"CO à pied","contacts":"CDCO 38, 7 rue de l'Industrie, 38320, Eybens, contact@cdco38.fr, http://cdco38.fr/","latitude":"44.9036785914","longitude":"5.78898209425","date_saisie":"26/06/2019","date_depot":"12/07/2019","valide":"Oui","ppo":"Oui (12 postes)","type_carte":"Nouvelle carte","fond":"Ortho","obsolete":false}},{"type":"Feature","geometry":{"type":"Polygon","coordinates":[[[5.786,44.8976],[5.7881,44.8981],[5.7894,44.8969],[5.7891,44.8962],[5.7861,44.8958],[5.786,44.8976]]]},"properties":{"id_ffco":"2019-D38-303","nom":"La Mure Stade Zewulko","_dept":"38","numero":"2019-D38-303","commune":"La Mure","echelle":"1/2000","surface":"0.05 km²","format":"A4","annee":"2019","cartographes":"David Barranger","proprietaire":"38 - Isère","niveau":"Initiation, Scolaire","specialite":"CO à pied","contacts":"CDCO 38, 7 rue de l'Industrie, 38320, Eybens, contact@cdco38.fr, http://cdco38.fr/","latitude":"44.8968952594","longitude":"5.78754635023","date_saisie":"26/06/2019","date_depot":"12/07/2019","valide":"Oui","ppo":"Non","type_carte":"Nouvelle carte","fond":"Ortho","obsolete":false}},{"type":"Feature","geometry":{"type":"Polygon","coordinates":[[[5.2352,45.7134],[5.2261,45.7103],[5.2164,45.7019],[5.2141,45.7012],[5.2164,45.6989],[5.2142,45.6973],[5.2039,45.6959],[5.205,45.6926],[5.2081,45.6868],[5.2082,45.6829],[5.2063,45.6789],[5.2078,45.6761],[5.2093,45.6752],[5.2172,45.6802],[5.236,45.6874],[5.24,45.6907],[5.2436,45.6911],[5.246,45.6868],[5.2525,45.6859],[5.2551,45.6888],[5.261,45.6874],[5.2627,45.6883],[5.2623,45.692],[5.2649,45.6929],[5.2655,45.6995],[5.2631,45.7062],[5.2605,45.7101],[5.259,45.7105],[5.2582,45.7077],[5.252,45.7069],[5.2352,45.7134]]]},"properties":{"id_ffco":"2019-D38-302","nom":"Les Hauts de l'étang de Chalignieu","_dept":"38","numero":"2019-D38-302","commune":"Chozeau -Moras","echelle":"1/15000","surface":"11.14 km²","format":"A3","annee":"2019","cartographes":"Franck Dechavanne","proprietaire":"38 - Isère","niveau":"National, International","specialite":"CO à VTT","contacts":"CDCO 38, 7 rue de l'Industrie, 38320, Eybens, contact@cdco38.fr, http://cdco38.fr/","latitude":"45.6961642624","longitude":"5.23486966502","date_saisie":"27/06/2019","date_depot":"12/07/2019","valide":"Oui","ppo":"Non","type_carte":"Nouvelle carte","fond":"Ortho","obsolete":false}},{"type":"Feature","geometry":{"type":"Polygon","coordinates":[[[5.2547,45.6884],[5.262,45.6875],[5.2639,45.6924],[5.2662,45.6999],[5.2616,45.7073],[5.2607,45.7105],[5.2593,45.7106],[5.2572,45.7077],[5.246,45.7094],[5.234,45.7132],[5.2271,45.7103],[5.2127,45.7008],[5.2162,45.6984],[5.2071,45.6964],[5.207,45.6916],[5.2085,45.6868],[5.2051,45.6793],[5.2091,45.6757],[5.2192,45.6806],[5.2361,45.6875],[5.2396,45.6908],[5.2451,45.6903],[5.2461,45.6872],[5.2525,45.6862],[5.2547,45.6884]]]},"properties":{"id_ffco":"2019-D38-301","nom":"Les Hauts de l'étang de Chalignieu","_dept":"38","numero":"2019-D38-301","commune":"Chozeau -Moras","echelle":"1/15000","surface":"11.22 km²","format":"A3","annee":"2019","cartographes":"Franck Dechavanne","proprietaire":"38 - Isère","niveau":"Régional","specialite":"Rand'O","contacts":"CDCO 38, 7 rue de l'Industrie, 38320, Eybens, contact@cdco38.fr, http://cdco38.fr/","latitude":"45.696207176","longitude":"5.23496189715","date_saisie":"27/06/2019","date_depot":"12/07/2019","valide":"Oui","ppo":"Non","type_carte":"Nouvelle carte","fond":"Ortho","obsolete":false}},{"type":"Feature","geometry":{"type":"Polygon","coordinates":[[[5.2589,45.7275],[5.2588,45.7259],[5.2579,45.7245],[5.2574,45.7236],[5.2551,45.7216],[5.254,45.7211],[5.2529,45.7219],[5.2532,45.7236],[5.2479,45.7269],[5.2503,45.7277],[5.2531,45.728],[5.254,45.7276],[5.2546,45.7275],[5.2574,45.7279],[5.2589,45.7275]]]},"properties":{"id_ffco":"2019-D38-300","nom":"Crémieu Cité médiévale","_dept":"38","numero":"2019-D38-300","commune":"Crémieu","echelle":"1/4000","surface":"0.35 km²","format":"A4","annee":"2019","cartographes":"Franck Dechavanne","proprietaire":"38 - Isère","niveau":"Régional","specialite":"CO à pied","contacts":"CDCO 38, 7 rue de l'Industrie, 38320, Eybens, contact@cdco38.fr, http://cdco38.fr/","latitude":"45.7253814185","longitude":"5.25427930574","date_saisie":"27/06/2019","date_depot":"12/07/2019","valide":"Oui","ppo":"Non","type_carte":"Nouvelle carte","fond":"Ortho","obsolete":false}},{"type":"Feature","geometry":{"type":"Polygon","coordinates":[[[5.5399,45.1803],[5.5442,45.1822],[5.5488,45.1796],[5.5473,45.177],[5.543,45.1754],[5.5387,45.1743],[5.5369,45.1747],[5.5362,45.1771],[5.5375,45.1813],[5.5399,45.1803]]]},"properties":{"id_ffco":"2019-D38-299","nom":"Outrelans","_dept":"38","numero":"2019-D38-299","commune":"Autrans Méaudre","echelle":"1/8500","surface":"0.56 km²","format":"A4","annee":"2019","cartographes":"Rudy Gouy, Michel Denaix","proprietaire":"38 - Isère","niveau":"Initiation, Scolaire","specialite":"CO à ski","contacts":"CDCO 38, 7 rue de l'Industrie, 38320, Eybens, contact@cdco38.fr, http://cdco38.fr/","latitude":"45.1782176943","longitude":"5.54192252512","date_saisie":"27/02/2019","date_depot":"21/05/2019","valide":"Oui","ppo":"Non","type_carte":"Nouvelle carte","fond":"Ortho","obsolete":false}},{"type":"Feature","geometry":{"type":"Polygon","coordinates":[[[5.5405,45.1772],[5.5387,45.179],[5.5413,45.1834],[5.5465,45.1847],[5.5544,45.1844],[5.5556,45.1808],[5.5488,45.1773],[5.5446,45.1764],[5.5406,45.1774],[5.5405,45.1772]]]},"properties":{"id_ffco":"2019-D38-298","nom":"Le Site Olympique","_dept":"38","numero":"2019-D38-298","commune":"Autrans Méaudre","echelle":"1/5000","surface":"0.87 km²","format":"A4","annee":"2019","cartographes":"Rudy Gouy, Michel Denaix","proprietaire":"38 - Isère","niveau":"National, International","specialite":"CO à ski","contacts":"CDCO 38, 7 rue de l'Industrie, 38320, Eybens, contact@cdco38.fr, http://cdco38.fr/","latitude":"45.1808462514","longitude":"5.5469919179","date_saisie":"27/02/2019","date_depot":"21/05/2019","valide":"Oui","ppo":"Non","type_carte":"Nouvelle carte","fond":"Ortho","obsolete":false}},{"type":"Feature","geometry":{"type":"Polygon","coordinates":[[[5.5396,45.176],[5.532,45.177],[5.5302,45.1836],[5.5357,45.1887],[5.5408,45.1888],[5.5445,45.1862],[5.5453,45.1846],[5.5424,45.1775],[5.5396,45.176]]]},"properties":{"id_ffco":"2019-D38-297","nom":"Le Petit Bois","_dept":"38","numero":"2019-D38-297","commune":"Autrans Méaudre","echelle":"1/7500","surface":"1.25 km²","format":"A4","annee":"2019","cartographes":"Rudy Gouy, Michel Denaix","proprietaire":"38 - Isère","niveau":"National, International","specialite":"CO à ski","contacts":"CDCO 38, 7 rue de l'Industrie, 38320, Eybens, contact@cdco38.fr, http://cdco38.fr/","latitude":"45.1824513209","longitude":"5.53774357968","date_saisie":"27/02/2019","date_depot":"21/05/2019","valide":"Oui","ppo":"Non","type_carte":"Nouvelle carte","fond":"Ortho","obsolete":false}},{"type":"Feature","geometry":{"type":"Polygon","coordinates":[[[5.5403,45.1769],[5.5438,45.1762],[5.5484,45.18],[5.5535,45.1805],[5.5547,45.1838],[5.5575,45.1904],[5.5623,45.1962],[5.5644,45.2007],[5.5675,45.2096],[5.5676,45.2153],[5.5605,45.2177],[5.5551,45.2162],[5.5539,45.2085],[5.5537,45.2051],[5.5517,45.2011],[5.5479,45.1998],[5.5505,45.1963],[5.5506,45.1947],[5.5445,45.1869],[5.5387,45.1873],[5.5403,45.1769]]]},"properties":{"id_ffco":"2019-D38-296","nom":"La Combe des Mortes","_dept":"38","numero":"2019-D38-296","commune":"Autrans Méaudre","echelle":"1/12500","surface":"4.33 km²","format":"A3","annee":"2019","cartographes":"Rudy Gouy, Michel Denaix","proprietaire":"38 - Isère","niveau":"National, International","specialite":"CO à ski","contacts":"CDCO 38, 7 rue de l'Industrie, 38320, Eybens, contact@cdco38.fr, http://cdco38.fr/","latitude":"45.1973455016","longitude":"5.55475895882","date_saisie":"27/02/2019","date_depot":"21/05/2019","valide":"Oui","ppo":"Non","type_carte":"Nouvelle carte","fond":"Ortho","obsolete":false}},{"type":"Feature","geometry":{"type":"Polygon","coordinates":[[[5.5552,45.2251],[5.5677,45.2252],[5.5719,45.2192],[5.5684,45.2099],[5.5653,45.203],[5.5581,45.1891],[5.549,45.1802],[5.5427,45.1774],[5.5348,45.1809],[5.5411,45.1926],[5.5491,45.201],[5.5529,45.2114],[5.5526,45.2249],[5.5552,45.2251]]]},"properties":{"id_ffco":"2019-D38-295","nom":"La Petite Norvège","_dept":"38","numero":"2019-D38-295","commune":"Autrans Méaudre","echelle":"1/20000","surface":"6.78 km²","format":"A4","annee":"2019","cartographes":"Rudy Gouy, Michel Denaix","proprietaire":"38 - Isère","niveau":"National, International","specialite":"CO à ski","contacts":"CDCO 38, 7 rue de l'Industrie, 38320, Eybens, contact@cdco38.fr, http://cdco38.fr/","latitude":"45.2021821057","longitude":"5.55496474748","date_saisie":"27/02/2019","date_depot":"21/05/2019","valide":"Oui","ppo":"Non","type_carte":"Nouvelle carte","base":"2010-D38-126 GEVE LA NORDIQUE - AUTRANS","fond":"Ortho","obsolete":false}},{"type":"Feature","geometry":{"type":"Polygon","coordinates":[[[5.4199,45.7509],[5.412,45.7384],[5.4149,45.7248],[5.4185,45.7177],[5.4276,45.7112],[5.4176,45.7095],[5.4168,45.7063],[5.4267,45.7021],[5.4406,45.7002],[5.443,45.7075],[5.4499,45.7183],[5.452,45.7297],[5.4506,45.7407],[5.4472,45.7476],[5.4427,45.7572],[5.4365,45.7523],[5.4259,45.753],[5.4118,45.7583],[5.4087,45.7523],[5.4082,45.7475],[5.4115,45.7466],[5.4199,45.7509]]]},"properties":{"id_ffco":"2019-D38-294","nom":"Les Etangs de Mépieu","_dept":"38","numero":"2019-D38-294","commune":"Mépieu","echelle":"1/15000","surface":"14.77 km²","format":"A4","annee":"2019","cartographes":"Nicolas Pinsard","niveau":"National, International","specialite":"CO à VTT","contacts":"Carte non distribuée. Réservée à la compétition et aux clubs.","latitude":"45.7303874318","longitude":"5.43173551067","date_saisie":"26/06/2019","date_depot":"12/07/2019","valide":"Oui","ppo":"Non","type_carte":"Nouvelle carte","fond":"Ortho","obsolete":false}},{"type":"Feature","geometry":{"type":"Polygon","coordinates":[[[5.3211,45.4165],[5.3209,45.4138],[5.3224,45.4118],[5.3228,45.4108],[5.3241,45.41],[5.3294,45.4113],[5.3306,45.4116],[5.3318,45.4104],[5.3279,45.4075],[5.3281,45.4057],[5.3222,45.4042],[5.3183,45.4032],[5.3141,45.4018],[5.3052,45.4015],[5.3003,45.4015],[5.2985,45.4003],[5.2976,45.3982],[5.2918,45.3981],[5.2894,45.4021],[5.2882,45.4038],[5.2852,45.4064],[5.2803,45.408],[5.2787,45.4095],[5.2776,45.4107],[5.2799,45.4126],[5.2817,45.4133],[5.2828,45.4163],[5.2838,45.4169],[5.2886,45.4187],[5.2938,45.4202],[5.3012,45.4209],[5.3027,45.4216],[5.3039,45.4213],[5.3073,45.4195],[5.3079,45.4188],[5.3122,45.4181],[5.3186,45.4183],[5.32,45.4183],[5.3212,45.418],[5.3211,45.4165]]]},"properties":{"id_ffco":"2019-D38-293","nom":"Gillonnay Notre Dame du Mont","_dept":"38","numero":"2019-D38-293","commune":"Gillonnay","echelle":"1/15000","surface":"6.42 km²","format":"A4","annee":"2019","cartographes":"David Barranger","proprietaire":"38 - Isère","niveau":"Initiation, Scolaire","specialite":"Raid'O","contacts":"CDCO 38, 7 rue de l'Industrie, 38320, Eybens, contact@cdco38.fr, http://cdco38.fr/","latitude":"45.4102353106","longitude":"5.30290973929","date_saisie":"26/06/2019","date_depot":"12/07/2019","valide":"Oui","ppo":"Non","type_carte":"Nouvelle carte","fond":"Ortho","obsolete":false}},{"type":"Feature","geometry":{"type":"Polygon","coordinates":[[[5.2607,45.3969],[5.2606,45.3953],[5.2575,45.3952],[5.257,45.3943],[5.2572,45.3926],[5.259,45.3921],[5.2608,45.3919],[5.2615,45.3914],[5.2618,45.3906],[5.2636,45.3909],[5.263,45.3926],[5.2639,45.3931],[5.2657,45.3933],[5.2673,45.3938],[5.2685,45.395],[5.265,45.3949],[5.2627,45.3953],[5.2628,45.3966],[5.2628,45.3967],[5.2629,45.3968],[5.2607,45.3969]]]},"properties":{"id_ffco":"2019-D38-291","nom":"La Côte-Saint-andré","_dept":"38","numero":"2019-D38-291","commune":"La-Côte-Saint-André","echelle":"1/3500","surface":"0.28 km²","format":"A4","annee":"2019","cartographes":"David Barranger","niveau":"Régional","specialite":"CO à pied","contacts":"CDCO 38, 7 rue de l'Industrie, 38320, Eybens, contact@cdco38.fr, http://cdco38.fr/","latitude":"45.3938626226","longitude":"5.26174253821","date_saisie":"26/06/2019","date_depot":"12/07/2019","valide":"Oui","ppo":"Non","type_carte":"Nouvelle carte","fond":"Ortho","obsolete":false}},{"type":"Feature","geometry":{"type":"Polygon","coordinates":[[[5.5566,45.0485],[5.5553,45.0498],[5.5589,45.0519],[5.5614,45.0532],[5.5714,45.0522],[5.5705,45.0482],[5.5704,45.0453],[5.5675,45.0445],[5.5612,45.0446],[5.5581,45.0451],[5.556,45.0462],[5.5566,45.0485]]]},"properties":{"id_ffco":"2018-D38-290","nom":"Les Glovettes","_dept":"38","numero":"2018-D38-290","commune":"Villard de Lans","echelle":"1/7500","surface":"0.95 km²","format":"A4","annee":"2018","cartographes":"Franck Dechavanne SNOE","proprietaire":"38 - Isère","niveau":"Initiation, Scolaire","specialite":"CO à pied","contacts":"CDCO 38, 7 rue de l'Industrie, 38320, Eybens, contact@cdco38.fr, http://cdco38.fr/","latitude":"45.0486858273","longitude":"5.56371725682","date_saisie":"21/11/2018","date_depot":"28/11/2018","valide":"Oui","ppo":"Non","type_carte":"Reprise","base":"2012-D38-143 LES GLOVETTES - VILLARD DE LANS","fond":"Ortho","obsolete":false}},{"type":"Feature","geometry":{"type":"Polygon","coordinates":[[[5.8402,45.2657],[5.8412,45.2709],[5.8459,45.2743],[5.851,45.2752],[5.8551,45.2716],[5.8517,45.2686],[5.8558,45.2643],[5.8476,45.2601],[5.8402,45.2657]]]},"properties":{"id_ffco":"2018-D38-289","nom":"Manival Est","_dept":"38","numero":"2018-D38-289","commune":"Saint Nazaire les Eymes","echelle":"1/7500","surface":"1.3 km²","format":"A4","annee":"2018","cartographes":"David Barranger Expérience Sport Nature","proprietaire":"38 - Isère","niveau":"Départemental","specialite":"CO à pied","contacts":"CDCO 38, 7 rue de l'Industrie, 38320, Eybens, contact@cdco38.fr, http://cdco38.fr/","latitude":"45.267871249","longitude":"5.84782410571","date_saisie":"21/11/2018","date_depot":"28/11/2018","valide":"Oui","ppo":"Non","type_carte":"Nouvelle carte","fond":"Ortho","obsolete":false}},{"type":"Feature","geometry":{"type":"Polygon","coordinates":[[[5.5851,45.1326],[5.5809,45.1305],[5.5789,45.128],[5.58,45.1271],[5.5757,45.1214],[5.5803,45.1199],[5.5823,45.1197],[5.584,45.119],[5.5915,45.1188],[5.6002,45.1271],[5.5908,45.1325],[5.5851,45.1326]]]},"properties":{"id_ffco":"2018-D38-288","nom":"Lans en Vercors Village","_dept":"38","numero":"2018-D38-288","commune":"Lans en Vercors","echelle":"1/7500","surface":"1.94 km²","format":"A4","annee":"2018","cartographes":"Corentin Roux LigéCart'O","proprietaire":"38 - Isère","niveau":"Départemental","specialite":"CO à pied","contacts":"CDCO 38, 7 rue de l'Industrie, 38320, Eybens, contact@cdco38.fr, http://cdco38.fr/","latitude":"45.1254999943","longitude":"5.58764398266","date_saisie":"21/11/2018","date_depot":"28/11/2018","valide":"Oui","ppo":"Oui (15 postes)","type_carte":"Nouvelle carte","fond":"Ortho","obsolete":false}},{"type":"Feature","geometry":{"type":"Polygon","coordinates":[[[5.5536,45.0742],[5.5511,45.0741],[5.549,45.0729],[5.5481,45.0705],[5.5483,45.0691],[5.5477,45.0676],[5.5482,45.0658],[5.5487,45.0654],[5.5515,45.0646],[5.5538,45.0623],[5.5555,45.0615],[5.5568,45.0623],[5.5587,45.0631],[5.5591,45.066],[5.5599,45.0671],[5.5602,45.0679],[5.5614,45.0703],[5.5615,45.0725],[5.5597,45.0733],[5.5536,45.0742]]]},"properties":{"id_ffco":"2018-D38-287","nom":"Villard de Lans Village","_dept":"38","numero":"2018-D38-287","commune":"Villard de Lans","echelle":"1/7500","surface":"1.09 km²","format":"A4","annee":"2018","cartographes":"Rémi Lequint","proprietaire":"38 - Isère","niveau":"National, International","specialite":"Sprint (ISSOM)","contacts":"CDCO 38, 7 rue de l'Industrie, 38320, Eybens, contact@cdco38.fr, http://cdco38.fr/","latitude":"45.0686420804","longitude":"5.55455072137","date_saisie":"21/11/2018","date_depot":"28/11/2018","valide":"Oui","ppo":"Oui (12 postes)","type_carte":"Nouvelle carte","fond":"Ortho","obsolete":false}},{"type":"Feature","geometry":{"type":"Polygon","coordinates":[[[5.6404,45.1659],[5.6401,45.1684],[5.6439,45.1703],[5.6486,45.1674],[5.6524,45.1659],[5.6526,45.1627],[5.6484,45.158],[5.6486,45.1538],[5.6475,45.1524],[5.6465,45.1505],[5.6434,45.1503],[5.6411,45.1578],[5.6427,45.1611],[5.6451,45.1632],[5.6447,45.1647],[5.6404,45.1659]]]},"properties":{"id_ffco":"2018-D38-286","nom":"Bois de Poussebou","_dept":"38","numero":"2018-D38-286","commune":"Saint Nizier du Moucherotte","echelle":"1/10000","surface":"1.21 km²","format":"A4","annee":"2018","cartographes":"Rémi Lequint","proprietaire":"38 - Isère","niveau":"National, International","specialite":"CO à pied","contacts":"CDCO 38, 7 rue de l'Industrie, 38320, Eybens, contact@cdco38.fr, http://cdco38.fr/","latitude":"45.1608627859","longitude":"5.6460150539","date_saisie":"21/11/2018","date_depot":"28/11/2018","valide":"Oui","ppo":"Non","type_carte":"Nouvelle carte","fond":"Ortho","obsolete":false}},{"type":"Feature","geometry":{"type":"Polygon","coordinates":[[[5.8882,45.3151],[5.8903,45.3143],[5.8924,45.3165],[5.8956,45.3168],[5.8992,45.3164],[5.9041,45.3184],[5.9036,45.3163],[5.9009,45.3125],[5.8931,45.3108],[5.8884,45.3091],[5.8879,45.3061],[5.8816,45.3076],[5.886,45.31],[5.8866,45.3126],[5.8851,45.3134],[5.8866,45.3156],[5.8882,45.3152],[5.8882,45.3151]]]},"properties":{"id_ffco":"2018-D38-285","nom":"Les Dioux","_dept":"38","numero":"2018-D38-285","commune":"Saint Hilaire du Touvet","echelle":"1/7500","surface":"0.88 km²","format":"A4","annee":"2018","cartographes":"David Barranger Expérience Sport Nature","proprietaire":"38 - Isère","niveau":"Initiation, Scolaire","specialite":"CO à pied","contacts":"CDCO 38, 7 rue de l'Industrie, 38320, Eybens, contact@cdco38.fr, http://cdco38.fr/","latitude":"45.3128630676","longitude":"5.89291141831","date_saisie":"21/11/2018","date_depot":"28/11/2018","valide":"Oui","ppo":"Oui (12 postes)","type_carte":"Nouvelle carte","fond":"Ortho","obsolete":false}},{"type":"Feature","geometry":{"type":"Polygon","coordinates":[[[5.3478,45.7596],[5.3501,45.7614],[5.3536,45.7612],[5.3554,45.7606],[5.3563,45.7597],[5.3583,45.762],[5.361,45.7626],[5.3641,45.7619],[5.3677,45.7592],[5.3693,45.7572],[5.3708,45.7564],[5.3745,45.7551],[5.3738,45.7527],[5.3733,45.7504],[5.37,45.7473],[5.3644,45.7541],[5.3623,45.7547],[5.3549,45.7554],[5.351,45.7571],[5.3477,45.7588],[5.3478,45.7596]]]},"properties":{"id_ffco":"2018-D38-284","nom":"Etang de Lemps","_dept":"38","numero":"2018-D38-284","commune":"Optevoz","echelle":"1/7500","surface":"1.45 km²","format":"A4","annee":"2018","cartographes":"David Barranger Expérience Sport Nature","proprietaire":"38 - Isère","niveau":"Initiation, Scolaire","specialite":"CO à pied","contacts":"CDCO 38, 7 rue de l'Industrie, 38320, Eybens, contact@cdco38.fr, http://cdco38.fr/","latitude":"45.7565386089","longitude":"5.36267247975","date_saisie":"21/11/2018","date_depot":"28/11/2018","valide":"Oui","ppo":"Oui (15 postes)","type_carte":"Nouvelle carte","fond":"Ortho","url":"http://CDCO38.fr/","obsolete":false}},{"type":"Feature","geometry":{"type":"Polygon","coordinates":[[[5.5173,45.0229],[5.5198,45.0245],[5.5219,45.0256],[5.5249,45.0267],[5.5282,45.0279],[5.5298,45.0279],[5.5311,45.0288],[5.5321,45.0339],[5.5283,45.0338],[5.526,45.0361],[5.5208,45.036],[5.5134,45.0362],[5.5106,45.035],[5.5109,45.0295],[5.5121,45.0242],[5.5173,45.0229]]]},"properties":{"id_ffco":"2018-D38-283","nom":"Corrençon Village","_dept":"38","numero":"2018-D38-283","commune":"Coçonrren","echelle":"1/7500","surface":"1.8 km²","format":"A4","annee":"2018","cartographes":"David Barranger Expérience Sport Nature","proprietaire":"38 - Isère","niveau":"Départemental","specialite":"CO à pied","contacts":"CDCO 38, 7 rue de l'Industrie, 38320, Eybens, contact@cdco38.fr, http://cdco38.fr/","latitude":"45.0304748722","longitude":"5.51998767825","date_saisie":"21/11/2018","date_depot":"28/11/2018","valide":"Oui","ppo":"Oui (15 postes)","type_carte":"Nouvelle carte","fond":"Ortho","url":"http://cdco38.fr/","obsolete":false}},{"type":"Feature","geometry":{"type":"Polygon","coordinates":[[[6.0752,45.1584],[6.0787,45.1604],[6.082,45.1615],[6.0874,45.1652],[6.0903,45.1673],[6.0926,45.169],[6.0952,45.1702],[6.0974,45.1689],[6.0971,45.1674],[6.097,45.166],[6.0929,45.163],[6.0891,45.1609],[6.0866,45.1601],[6.0834,45.1574],[6.0778,45.1561],[6.0756,45.1567],[6.0752,45.1584]]]},"properties":{"id_ffco":"2018-D38-281","nom":"Vaujany","_dept":"38","numero":"2018-D38-281","commune":"Vaujany","echelle":"1/10000","surface":"0.9 km²","format":"A4","annee":"2018","cartographes":"David Barranger CAP Orientation","proprietaire":"38 - Isère","niveau":"Interrégional","specialite":"CO à pied","contacts":"CDCO 38, 7 rue de l'Industrie, 38320, Eybens, contact@cdco38.fr, http://cdco38.fr/","latitude":"45.1627118601","longitude":"6.08717892657","date_saisie":"21/11/2018","date_depot":"28/11/2018","valide":"Oui","ppo":"Non","type_carte":"Nouvelle carte","fond":"Ortho","obsolete":false}},{"type":"Feature","geometry":{"type":"Polygon","coordinates":[[[6.0749,45.1584],[6.0758,45.1594],[6.0778,45.1605],[6.0809,45.1608],[6.0827,45.1596],[6.0828,45.1588],[6.0811,45.1575],[6.0774,45.1565],[6.0757,45.1568],[6.0749,45.1584]]]},"properties":{"id_ffco":"2018-D38-280","nom":"Vaujany Village","_dept":"38","numero":"2018-D38-280","commune":"Vaujany","echelle":"1/3000","surface":"0.2 km²","format":"A4","annee":"2018","cartographes":"David Barranger CAP Orientation","proprietaire":"38 - Isère","niveau":"Départemental","specialite":"CO à pied","contacts":"CDCO 38, 7 rue de l'Industrie, 38320, Eybens, contact@cdco38.fr, http://cdco38.fr/","latitude":"45.158686681","longitude":"6.07878973552","date_saisie":"21/11/2018","date_depot":"28/11/2018","valide":"Oui","ppo":"Oui (15 postes)","type_carte":"Nouvelle carte","fond":"Ortho","url":"http://cdco38.fr/wp-content/uploads/2019/02/CO_Vaujany_ADL_VF_WEB.pdf","obsolete":false}},{"type":"Feature","geometry":{"type":"Polygon","coordinates":[[[5.637,45.2902],[5.6376,45.2915],[5.6363,45.2932],[5.6355,45.2931],[5.6351,45.2927],[5.6349,45.2924],[5.6337,45.2925],[5.6336,45.2919],[5.635,45.2912],[5.637,45.2902]]]},"properties":{"id_ffco":"2018-D38-279","nom":"Voreppe Parc de la Mairie","_dept":"38","numero":"2018-D38-279","commune":"Voreppe","echelle":"1/2000","surface":"0.06 km²","format":"A4","annee":"2018","cartographes":"David Barranger Expérience Sport Nature","proprietaire":"38 - Isère","niveau":"Initiation, Scolaire","specialite":"CO à pied","contacts":"CDCO 38, 7 rue de l'Industrie, 38320, Eybens, contact@cdco38.fr, https://cdco38.fr/","latitude":"45.2917922926","longitude":"5.63583927874","date_saisie":"21/11/2018","date_depot":"28/11/2018","valide":"Oui","ppo":"Non","type_carte":"Nouvelle carte","fond":"Ortho","obsolete":false}},{"type":"Feature","geometry":{"type":"Polygon","coordinates":[[[5.6389,45.2995],[5.6364,45.2978],[5.6349,45.2966],[5.6357,45.2957],[5.6361,45.2934],[5.635,45.2929],[5.634,45.2917],[5.6347,45.2913],[5.6371,45.2902],[5.6377,45.2917],[5.6364,45.2932],[5.637,45.2946],[5.6381,45.295],[5.6378,45.2961],[5.6386,45.2971],[5.6396,45.2979],[5.6398,45.2996],[5.6389,45.2995]]]},"properties":{"id_ffco":"2018-D38-278","nom":"Voreppe Centre ancien","_dept":"38","numero":"2018-D38-278","commune":"Voreppe","echelle":"1/4000","surface":"0.17 km²","format":"A4","annee":"2018","cartographes":"David Barranger Expérience Sport Nature","proprietaire":"38 - Isère","niveau":"Départemental","specialite":"CO à pied","contacts":"CDCO 38, 7 rue de l'Industrie, 38320, Eybens, contact@cdco38.fr, http://cdco38.fr/","latitude":"45.2951235241","longitude":"5.63688272572","date_saisie":"21/11/2018","date_depot":"28/11/2018","valide":"Oui","ppo":"Non","type_carte":"Nouvelle carte","fond":"Ortho","obsolete":false}},{"type":"Feature","geometry":{"type":"Polygon","coordinates":[[[5.7439,44.7055],[5.7489,44.7131],[5.7497,44.7162],[5.7549,44.718],[5.7663,44.718],[5.768,44.7155],[5.7715,44.7134],[5.7786,44.712],[5.7843,44.7108],[5.7854,44.7068],[5.7833,44.7002],[5.7746,44.6975],[5.7702,44.6969],[5.7669,44.6988],[5.7649,44.6982],[5.7612,44.6957],[5.7556,44.696],[5.7463,44.7014],[5.7439,44.7055]]]},"properties":{"id_ffco":"2018-D38-277","nom":"Tréminis Col de la Croix","_dept":"38","numero":"2018-D38-277","commune":"Tréminis","echelle":"1/15000","surface":"5.82 km²","format":"A4","annee":"2018","cartographes":"David Barranger Expérience Sport Nature","proprietaire":"38 - Isère","niveau":"Initiation, Scolaire","specialite":"Rand'O","contacts":"CDCO 38, 7 rue de l'Industrie, 38320, Eybens, contact@cdco38.fr, http://cdco38.fr/","latitude":"44.7066129969","longitude":"5.76402092742","date_saisie":"21/11/2018","date_depot":"28/11/2018","valide":"Oui","ppo":"Oui (9 postes)","type_carte":"Nouvelle carte","fond":"Ortho","obsolete":false}},{"type":"Feature","geometry":{"type":"Polygon","coordinates":[[[5.1548,45.6273],[5.156,45.6292],[5.1571,45.6288],[5.1567,45.6282],[5.1578,45.6276],[5.1574,45.6265],[5.1567,45.6266],[5.1555,45.6258],[5.1518,45.6272],[5.1516,45.6274],[5.1529,45.6281],[5.1548,45.6273]]]},"properties":{"id_ffco":"2018-D38-276","nom":"La Verpillière","_dept":"38","numero":"2018-D38-276","commune":"La Verpillière","echelle":"1/2000","surface":"0.08 km²","format":"A4","annee":"2018","cartographes":"Marian Basset","proprietaire":"Ste Marie La Verpillière","niveau":"Initiation, Scolaire","specialite":"CO à pied","contacts":"Sainte Marie La Verpillière, Chemin du couvent BP 8 38290 , CEDEX, La Verpillière, 0474940132","latitude":"45.627336423","longitude":"5.15518136008","date_saisie":"21/11/2018","date_depot":"28/11/2018","valide":"Oui","ppo":"Non","type_carte":"Nouvelle carte","fond":"Cadastre","obsolete":false}},{"type":"Feature","geometry":{"type":"Polygon","coordinates":[[[4.9168,45.5581],[4.917,45.5574],[4.917,45.557],[4.9168,45.5563],[4.9184,45.5564],[4.9182,45.5568],[4.9184,45.5576],[4.9183,45.5586],[4.9168,45.5586],[4.9168,45.5581]]]},"properties":{"id_ffco":"2018-D38-275","nom":"Serpaize Complexe sportif","_dept":"38","numero":"2018-D38-275","commune":"Serpaize","echelle":"1/1000","surface":"0.03 km²","format":"A4","annee":"2018","cartographes":"Sandra Pezzuollo Profession Sport 38, Philippe Thélisson Profession Sport 38","proprietaire":"Profession Sport 38","niveau":"Initiation, Scolaire","specialite":"CO à pied","contacts":"Profession Sport 38, 7 rue de l'Industrie MDS, 38320, Eybens, 04 38 24 03 61, info@professionsport38.com, https://sites.google.com/site/professionsport38","latitude":"45.5574644348","longitude":"4.9176177015","date_saisie":"21/11/2018","date_depot":"28/11/2018","valide":"Oui","ppo":"Non","type_carte":"Nouvelle carte","fond":"Cadastre","obsolete":false}},{"type":"Feature","geometry":{"type":"Polygon","coordinates":[[[4.8142,45.3432],[4.816,45.3425],[4.8149,45.3403],[4.8145,45.3401],[4.8117,45.3406],[4.8129,45.3413],[4.8135,45.3421],[4.8142,45.3432]]]},"properties":{"id_ffco":"2018-D38-274","nom":"Salaise sur Sanne Complexe Sportif","_dept":"38","numero":"2018-D38-274","commune":"Salaise sur Sanne","echelle":"1/1500","surface":"0.06 km²","format":"A4","annee":"2018","cartographes":"Sandra Pezzuollo Profession Sport 38, Philippe Thélisson Profession Sport 38","proprietaire":"Profession Sport 38","niveau":"Initiation, Scolaire","specialite":"CO à pied","contacts":"Profession Sport 38, 7 rue de l'Industrie MDS, 38320, Eybens, 04 38 24 03 61, info@professionsport38.com, https://sites.google.com/site/professionsport38","latitude":"45.3415055696","longitude":"4.81419608264","date_saisie":"20/11/2018","date_depot":"28/11/2018","valide":"Oui","ppo":"Non","type_carte":"Nouvelle carte","fond":"Cadastre","obsolete":false}},{"type":"Feature","geometry":{"type":"Polygon","coordinates":[[[5.7923,45.1419],[5.7934,45.1407],[5.7944,45.1411],[5.7941,45.1414],[5.7938,45.1417],[5.7935,45.1418],[5.7931,45.1422],[5.7927,45.1422],[5.7925,45.1421],[5.7923,45.1419]]]},"properties":{"id_ffco":"2018-D38-271","nom":"Herbeys Complexe sportif","_dept":"38","numero":"2018-D38-271","commune":"Herbeys","echelle":"1/1000","surface":"0.01 km²","format":"A4","annee":"2018","cartographes":"Sandra Pezzuollo Profession Sport 38, Philippe Thélisson Profession Sport 38","proprietaire":"Profession Sport 38","niveau":"Initiation, Scolaire","specialite":"CO à pied","contacts":"Profession Sport 38, 7 rue de l'Industrie MDS, 38320, Eybens, 04 38 24 03 61, info@professionsport38.com, https://sites.google.com/site/professionsport38","latitude":"45.1414826657","longitude":"5.79329987719","date_saisie":"20/11/2018","date_depot":"28/11/2018","valide":"Oui","ppo":"Non","type_carte":"Nouvelle carte","fond":"Cadastre","obsolete":false}},{"type":"Feature","geometry":{"type":"Polygon","coordinates":[[[5.2623,45.3902],[5.2636,45.3903],[5.2639,45.3891],[5.2657,45.3893],[5.266,45.3875],[5.2624,45.3875],[5.2619,45.3903],[5.2622,45.3903],[5.2623,45.3902]]]},"properties":{"id_ffco":"2018-D38-270","nom":"La Côte Saint André Espace Coubertin","_dept":"38","numero":"2018-D38-270","commune":"La Côte Saint André","echelle":"1/2000","surface":"0.07 km²","format":"A4","annee":"2018","cartographes":"Philippe Thélisson Profession Sport 38, Pierre Garcia","proprietaire":"Profession Sport 38","niveau":"Initiation, Scolaire","specialite":"CO à pied","contacts":"Profession Sport 38, 7 rue de l'Industrie MDS, 38320, Eybens, 04 38 24 03 61, info@professionsport38.com, https://sites.google.com/site/professionsport38","latitude":"45.3886500268","longitude":"5.26382354845","date_saisie":"20/11/2018","date_depot":"28/11/2018","valide":"Oui","ppo":"Non","type_carte":"Nouvelle carte","fond":"Cadastre","obsolete":false}},{"type":"Feature","geometry":{"type":"Polygon","coordinates":[[[5.7343,45.1742],[5.7358,45.1738],[5.737,45.1736],[5.737,45.1727],[5.7346,45.1727],[5.7346,45.172],[5.7323,45.1717],[5.7322,45.173],[5.7339,45.1731],[5.7343,45.1742]]]},"properties":{"id_ffco":"2017-D38-267","nom":"Charles Munch Grenoble","_dept":"38","numero":"2017-D38-267","commune":"Grenoble","echelle":"1/2000","surface":"0.05 km²","format":"A4","annee":"2017","cartographes":"David Barranger","proprietaire":"38 - Isère","niveau":"Initiation, Scolaire","specialite":"CO à pied","contacts":"CDCO 38, 7 rue de l'Industrie, 38320, Eybens, contact@cdco38.fr, http://cdco38.fr/","latitude":"45.1728920438","longitude":"5.73447755629","date_saisie":"05/11/2017","date_depot":"21/11/2017","valide":"Oui","ppo":"Non","type_carte":"Nouvelle carte","fond":"Ortho","obsolete":false}},{"type":"Feature","geometry":{"type":"Polygon","coordinates":[[[5.4134,45.8156],[5.4178,45.8164],[5.4194,45.8189],[5.4202,45.8215],[5.42,45.8221],[5.4206,45.8227],[5.4213,45.8239],[5.424,45.8249],[5.4258,45.8253],[5.427,45.826],[5.427,45.8283],[5.4246,45.8279],[5.4218,45.828],[5.4185,45.8273],[5.4175,45.8268],[5.4159,45.8243],[5.4135,45.824],[5.4138,45.8235],[5.4156,45.8233],[5.416,45.8224],[5.4159,45.8217],[5.4154,45.8205],[5.4164,45.8194],[5.4166,45.8189],[5.4171,45.8183],[5.4136,45.8168],[5.4129,45.8166],[5.4134,45.8156]]]},"properties":{"id_ffco":"2017-D38-266","nom":"Vallée Bleue - Le Lac des Pêcheurs","_dept":"38","numero":"2017-D38-266","commune":"Montalieu - Vercieu","echelle":"1/5000","surface":"0.58 km²","format":"A4","annee":"2017","cartographes":"Franck Dechavanne","proprietaire":"38 - Isère","niveau":"Initiation, Scolaire","specialite":"CO à pied","contacts":"CDCO 38 Isère, 7 rue de l'Industrie, 38320, EYBENS, contact@cdco38.fr, http://cdco38.fr/","latitude":"45.8232236553","longitude":"5.41951153807","date_saisie":"05/11/2017","date_depot":"21/11/2017","valide":"Oui","ppo":"Oui (30 postes)","type_carte":"Nouvelle carte","fond":"Ortho","obsolete":false}},{"type":"Feature","geometry":{"type":"Polygon","coordinates":[[[6.0333,45.2783],[6.0305,45.2833],[6.0337,45.2839],[6.0362,45.2855],[6.0356,45.2885],[6.0359,45.291],[6.0356,45.2947],[6.0385,45.2943],[6.0412,45.2969],[6.0417,45.298],[6.0443,45.2972],[6.0401,45.2917],[6.0402,45.2871],[6.0396,45.2861],[6.041,45.2834],[6.0411,45.2816],[6.0399,45.2794],[6.0333,45.2783]]]},"properties":{"id_ffco":"2017-D38-264","nom":"Col de Merdaret","_dept":"38","numero":"2017-D38-264","commune":"Theys","echelle":"1/7500","surface":"0.91 km²","format":"A4","annee":"2017","cartographes":"David Barranger","proprietaire":"38 - Isère","niveau":"Départemental","specialite":"CO à pied","contacts":"CDCO 38 Isère, 7 rue de l'Industrie, 38320, EYBENS, contact@cdco38.fr, http://cdco38.fr/","latitude":"45.2866238382","longitude":"6.03756335125","date_saisie":"05/11/2017","date_depot":"21/11/2017","valide":"Oui","ppo":"Non","type_carte":"Nouvelle carte","fond":"Ortho","obsolete":false}},{"type":"Feature","geometry":{"type":"Polygon","coordinates":[[[5.6837,45.0893],[5.685,45.0892],[5.6853,45.0891],[5.6856,45.0896],[5.6876,45.0894],[5.6866,45.0873],[5.686,45.0876],[5.6859,45.0874],[5.6854,45.0873],[5.6846,45.0874],[5.6848,45.0879],[5.6835,45.088],[5.6837,45.0893]]]},"properties":{"id_ffco":"2017-D38-263","nom":"Espace Charles De Gaulle Varces","_dept":"38","numero":"2017-D38-263","commune":"Varces","echelle":"1/1500","surface":"0.06 km²","format":"A4","annee":"2017","cartographes":"David Barranger","proprietaire":"38 - Isère","niveau":"Initiation, Scolaire","specialite":"CO à pied","contacts":"CDCO 38 Isère, 7 rue de l'Industrie, 38320, EYBENS, contact@cdco38.fr, http://cdco38.fr/","latitude":"45.088505879","longitude":"5.68557379861","date_saisie":"05/11/2017","date_depot":"21/11/2017","valide":"Oui","ppo":"Non","type_carte":"Nouvelle carte","fond":"Ortho","obsolete":false}},{"type":"Feature","geometry":{"type":"Polygon","coordinates":[[[5.6835,45.0897],[5.6835,45.0912],[5.6831,45.0913],[5.6828,45.091],[5.6818,45.0906],[5.6815,45.0907],[5.6812,45.0905],[5.6798,45.0906],[5.6793,45.0903],[5.68,45.0898],[5.6806,45.0897],[5.6812,45.0897],[5.6818,45.0895],[5.6823,45.0897],[5.6828,45.0897],[5.6835,45.0897]]]},"properties":{"id_ffco":"2017-D38-262","nom":"Parc Beylier Varces","_dept":"38","numero":"2017-D38-262","commune":"Varces","echelle":"1/1500","surface":"0.04 km²","format":"A4","annee":"2017","cartographes":"David Barranger","proprietaire":"38 - Isère","niveau":"Initiation, Scolaire","specialite":"CO à pied","contacts":"CDCO 38 Isère, 7 rue de l'Industrie, 38320, EYBENS, contact@cdco38.fr, http://cdco38.fr/","latitude":"45.090249691","longitude":"5.6817813523","date_saisie":"05/11/2017","date_depot":"21/11/2017","valide":"Oui","ppo":"Non","type_carte":"Nouvelle carte","fond":"Ortho","obsolete":false}},{"type":"Feature","geometry":{"type":"Polygon","coordinates":[[[5.484,45.3006],[5.4826,45.3011],[5.4825,45.3023],[5.4807,45.304],[5.4799,45.3058],[5.4801,45.3066],[5.4809,45.3068],[5.4815,45.3065],[5.484,45.3066],[5.4847,45.3061],[5.4866,45.3047],[5.4872,45.3043],[5.4877,45.3038],[5.4871,45.3029],[5.4876,45.3024],[5.4862,45.3015],[5.4847,45.3004],[5.484,45.3006]]]},"properties":{"id_ffco":"2017-D38-260","nom":"Tullins -Clos des Chartreux","_dept":"38","numero":"2017-D38-260","commune":"Tullins","echelle":"1/4000","surface":"0.26 km²","format":"A4","annee":"2017","cartographes":"Théo Fleurent","proprietaire":"38 - Isère","niveau":"Initiation, Scolaire","specialite":"CO à pied","contacts":"CDCO 38 Isère, 7 rue de l'Industrie, 38320, EYBENS, contact@cdco38.fr, http://cdco38.fr/","latitude":"45.3038441701","longitude":"5.48381734361","date_saisie":"05/11/2017","date_depot":"21/11/2017","valide":"Oui","ppo":"Oui (28 postes)","type_carte":"Nouvelle carte","fond":"Ortho","obsolete":false}},{"type":"Feature","geometry":{"type":"Polygon","coordinates":[[[5.6234,45.1665],[5.6238,45.1688],[5.6249,45.1697],[5.6265,45.1705],[5.6302,45.1714],[5.6302,45.1722],[5.6341,45.1727],[5.6372,45.1712],[5.6396,45.1692],[5.6401,45.1679],[5.6411,45.1673],[5.6405,45.1661],[5.6382,45.1641],[5.6364,45.1646],[5.6341,45.1633],[5.6313,45.162],[5.63,45.1611],[5.6292,45.1629],[5.6292,45.1643],[5.6262,45.1646],[5.6234,45.1665]]]},"properties":{"id_ffco":"2017-D38-258","nom":"Saint-Nizier-du-Moucherotte","_dept":"38","numero":"2017-D38-258","commune":"Saint-Nizier-du-Moucherotte","echelle":"1/7500","surface":"1.04 km²","format":"A4","annee":"2017","cartographes":"Rémi Lequint","proprietaire":"38 - Isère","niveau":"Initiation, Scolaire","specialite":"CO à pied","contacts":"CDCO 38 Isère, 7 rue de l'Industrie, 38320, EYBENS, contact@cdco38.fr, http://cdco38.fr/","latitude":"45.1674920675","longitude":"5.63218109774","date_saisie":"05/11/2017","date_depot":"21/11/2017","valide":"Oui","ppo":"Oui (15 postes)","type_carte":"Nouvelle carte","fond":"Ortho","obsolete":false}},{"type":"Feature","geometry":{"type":"Polygon","coordinates":[[[5.5068,45.0614],[5.5029,45.0604],[5.5025,45.0575],[5.5003,45.0584],[5.4991,45.0549],[5.4995,45.0514],[5.4998,45.0494],[5.5006,45.0484],[5.4983,45.044],[5.499,45.0428],[5.4973,45.0407],[5.4989,45.0353],[5.5011,45.0344],[5.503,45.0363],[5.5077,45.0367],[5.5091,45.039],[5.5114,45.0469],[5.512,45.0501],[5.5135,45.0505],[5.5143,45.0516],[5.5159,45.0554],[5.5134,45.0565],[5.5116,45.056],[5.5108,45.0576],[5.5068,45.0614]]]},"properties":{"id_ffco":"2017-D38-257","nom":"Loubière Ouest - Villard de Lans","_dept":"38","numero":"2017-D38-257","commune":"Villard-de-Lans","echelle":"1/10000","surface":"2.57 km²","format":"A4","annee":"2017","cartographes":"Franck Dechavanne","proprietaire":"38 - Isère","niveau":"Interrégional","specialite":"CO à pied","contacts":"CDCO 38 Isère, 7 rue de l'Industrie, 38320, EYBENS, contact@cdco38.fr, http://cdco38.fr/","latitude":"45.0482813713","longitude":"5.50540899703","date_saisie":"27/11/2017","date_depot":"15/01/2018","valide":"Oui","ppo":"Non","type_carte":"Nouvelle carte","fond":"Ortho","obsolete":false}},{"type":"Feature","geometry":{"type":"Polygon","coordinates":[[[6.1058,45.3912],[6.1123,45.391],[6.1172,45.3889],[6.1182,45.3878],[6.1206,45.3874],[6.1266,45.385],[6.1283,45.3843],[6.1292,45.3838],[6.1308,45.3838],[6.1326,45.3838],[6.1365,45.3821],[6.137,45.3806],[6.1426,45.3833],[6.143,45.3807],[6.1489,45.3831],[6.1553,45.3847],[6.154,45.3865],[6.148,45.3885],[6.1432,45.3915],[6.1394,45.3948],[6.136,45.3966],[6.1366,45.4018],[6.1365,45.4034],[6.1359,45.4052],[6.1319,45.4066],[6.1286,45.4067],[6.1244,45.4033],[6.1222,45.4009],[6.1232,45.3983],[6.1253,45.3962],[6.1247,45.3952],[6.1197,45.3952],[6.1163,45.3971],[6.1121,45.3972],[6.1085,45.3946],[6.1052,45.3932],[6.1058,45.3912]]]},"properties":{"id_ffco":"2017-D38-256","nom":"Le Collet d'Allevard Raid","_dept":"38","numero":"2017-D38-256","commune":"Allevard","echelle":"1/20000","surface":"4.68 km²","format":"A3","annee":"2017","cartographes":"Mathieu Barthélémy","proprietaire":"38 - Isère","niveau":"Départemental","specialite":"Rand'O","contacts":"CDCO 38 Isère, 7 rue de l'Industrie, 38320, EYBENS, contact@cdco38.fr, http://cdco38.fr/","latitude":"45.3922283656","longitude":"6.13074816673","date_saisie":"05/11/2017","date_depot":"21/11/2017","valide":"Oui","ppo":"Non","type_carte":"Nouvelle carte","fond":"Ortho","obsolete":false}},{"type":"Feature","geometry":{"type":"Polygon","coordinates":[[[6.1058,45.3912],[6.1109,45.3915],[6.1157,45.3895],[6.1177,45.3888],[6.1178,45.3881],[6.121,45.3874],[6.1237,45.3858],[6.1266,45.385],[6.1279,45.385],[6.1294,45.3839],[6.1297,45.3861],[6.1316,45.387],[6.1304,45.3891],[6.1357,45.3875],[6.1371,45.3889],[6.1384,45.3934],[6.1337,45.3951],[6.1278,45.3956],[6.1268,45.3955],[6.1219,45.3953],[6.119,45.396],[6.1151,45.3974],[6.112,45.3972],[6.1095,45.3958],[6.1061,45.3935],[6.105,45.3927],[6.1041,45.392],[6.1058,45.3912]]]},"properties":{"id_ffco":"2017-D38-255","nom":"Le Collet d'Allevard","_dept":"38","numero":"2017-D38-255","commune":"Allevard","echelle":"1/10000","surface":"2.06 km²","format":"A4","annee":"2017","cartographes":"Mathieu Barthélémy","proprietaire":"38 - Isère","niveau":"Régional","specialite":"CO à pied","contacts":"CDCO 38 Isère, 7 rue de l'Industrie, 38320, EYBENS, contact@cdco38.fr, http://cdco38.fr/","latitude":"45.3916977195","longitude":"6.12295190625","date_saisie":"30/10/2017","date_depot":"21/11/2017","valide":"Oui","ppo":"Oui (10 postes)","type_carte":"Nouvelle carte","fond":"Ortho","obsolete":false}},{"type":"Feature","geometry":null,"properties":{"id_ffco":"2017-D38-254","nom":"x","_dept":"38","numero":"2017-D38-254","surface":"None km²","annee":"2017","date_saisie":"30/10/2017","valide":"Non","ppo":"Non","obsolete":false}},{"type":"Feature","geometry":{"type":"Polygon","coordinates":[[[6.0726,45.3923],[6.0738,45.3927],[6.0752,45.3917],[6.0748,45.3915],[6.073,45.3905],[6.0716,45.3912],[6.0723,45.3919],[6.0726,45.3923]]]},"properties":{"id_ffco":"2017-D38-252","nom":"Allevard - Parc Thermal","_dept":"38","numero":"2017-D38-252","commune":"Allevard","echelle":"1/1500","surface":"0.04 km²","format":"A4","annee":"2017","cartographes":"Théo Fleurent","proprietaire":"38 - Isère","niveau":"Initiation, Scolaire","specialite":"CO à pied","contacts":"CDCO 38 Isère, 7 rue de l'Industrie, 38320, EYBENS, contact@cdco38.fr, http://cdco38.fr/","latitude":"45.391608287","longitude":"6.07334148006","date_saisie":"30/10/2017","date_depot":"21/11/2017","valide":"Oui","ppo":"Non","type_carte":"Nouvelle carte","fond":"Ortho","obsolete":false}},{"type":"Feature","geometry":{"type":"Polygon","coordinates":[[[5.5907,45.1144],[5.5908,45.1169],[5.5919,45.1204],[5.5958,45.1237],[5.5985,45.1243],[5.6007,45.1235],[5.602,45.122],[5.5999,45.1189],[5.5988,45.1153],[5.6018,45.111],[5.6034,45.1081],[5.6036,45.1064],[5.6031,45.0964],[5.6054,45.0948],[5.6073,45.0911],[5.6069,45.0845],[5.6056,45.084],[5.6017,45.0854],[5.5992,45.084],[5.5982,45.0786],[5.5952,45.0766],[5.5879,45.0735],[5.5845,45.0758],[5.5814,45.0771],[5.5775,45.0777],[5.5764,45.0787],[5.5791,45.0825],[5.5827,45.0826],[5.5843,45.0848],[5.5817,45.0852],[5.5824,45.088],[5.584,45.0886],[5.5843,45.0901],[5.585,45.0923],[5.586,45.0942],[5.5871,45.0961],[5.5871,45.0971],[5.5856,45.0985],[5.5865,45.1012],[5.5883,45.1007],[5.5895,45.1045],[5.5908,45.1106],[5.5906,45.1126],[5.5907,45.1144]]]},"properties":{"id_ffco":"2017-D38-250","nom":"Les Allières Lans-en-Vercors","_dept":"38","numero":"2017-D38-250","commune":"Lans en Vercors","echelle":"1/15000","surface":"6.58 km²","format":"A4","annee":"2017","cartographes":"Rémi Lequint","proprietaire":"38 - Isère","niveau":"National, International","specialite":"CO à pied","contacts":"CDCO 38 Isère, 7 rue de l'Industrie, 38320, EYBENS, contact@cdco38.fr, http://cdco38.fr/","latitude":"45.0955006404","longitude":"5.59410337959","date_saisie":"06/11/2017","date_depot":"21/11/2017","valide":"Oui","ppo":"Non","type_carte":"Nouvelle carte","fond":"Ortho","obsolete":false}},{"type":"Feature","geometry":{"type":"Polygon","coordinates":[[[5.6137,45.1227],[5.6133,45.1206],[5.6107,45.1192],[5.6097,45.1174],[5.6088,45.1165],[5.6073,45.1151],[5.6075,45.1132],[5.6086,45.1121],[5.6081,45.1111],[5.6112,45.107],[5.6131,45.1088],[5.6143,45.1107],[5.6182,45.1134],[5.6232,45.1227],[5.6212,45.124],[5.6207,45.1264],[5.6196,45.1274],[5.6202,45.1286],[5.6194,45.1297],[5.6176,45.1295],[5.6176,45.1271],[5.6172,45.1254],[5.6137,45.1227]]]},"properties":{"id_ffco":"2017-D38-249","nom":"Lans en Vercors Station","_dept":"38","numero":"2017-D38-249","commune":"Lans en Vercors","echelle":"1/10000","surface":"1.38 km²","format":"A4","annee":"2017","cartographes":"Mathieu Barthélémy","proprietaire":"38 - Isère","niveau":"National, International","specialite":"CO à pied","contacts":"CDCO 38 Isère, 7 rue de l'Industrie, 38320, EYBENS, contact@cdco38.fr, http://cdco38.fr/","latitude":"45.1177271493","longitude":"5.61521513175","date_saisie":"05/11/2017","date_depot":"21/11/2017","valide":"Oui","ppo":"Non","type_carte":"Nouvelle carte","fond":"Ortho","obsolete":false}},{"type":"Feature","geometry":{"type":"Polygon","coordinates":[[[5.7023,45.1679],[5.7043,45.1678],[5.7086,45.1655],[5.708,45.1649],[5.7078,45.1644],[5.7078,45.164],[5.7078,45.1634],[5.7081,45.1627],[5.7075,45.1611],[5.7069,45.1612],[5.707,45.1616],[5.7046,45.162],[5.7049,45.1632],[5.7044,45.1633],[5.7018,45.1633],[5.7019,45.1664],[5.7019,45.168],[5.7023,45.1679]]]},"properties":{"id_ffco":"2017-D38-248","nom":"Parc Bachelard - Grenoble","_dept":"38","numero":"2017-D38-248","commune":"Grenoble","echelle":"1/3000","surface":"0.26 km²","format":"A4","annee":"2017","cartographes":"Théo Fleurent","proprietaire":"38 - Isère","niveau":"Initiation, Scolaire","specialite":"CO à pied","contacts":"CDCO 38 Isère, 7 rue de l'Industrie, 38320, EYBENS, contact@cdco38.fr, http://cdco38.fr/","latitude":"45.1648196608","longitude":"5.70494374065","date_saisie":"30/10/2017","date_depot":"21/11/2017","valide":"Oui","ppo":"Non","type_carte":"Nouvelle carte","fond":"Ortho","obsolete":false}},{"type":"Feature","geometry":{"type":"Polygon","coordinates":[[[5.7321,45.1855],[5.7336,45.1839],[5.7345,45.182],[5.7376,45.1832],[5.7407,45.1845],[5.7429,45.1858],[5.7428,45.1896],[5.7424,45.1907],[5.7419,45.1917],[5.739,45.1916],[5.7384,45.1911],[5.7363,45.1904],[5.7382,45.1878],[5.7354,45.1868],[5.7321,45.1855]]]},"properties":{"id_ffco":"2017-D38-247","nom":"Parc Paul Mistral - Grenoble","_dept":"38","numero":"2017-D38-247","commune":"Grenoble","echelle":"1/4000","surface":"0.49 km²","format":"A4","annee":"2017","cartographes":"Théo Fleurent","proprietaire":"38 - Isère","niveau":"Initiation, Scolaire","specialite":"CO à pied","contacts":"CDCO 38 Isère, 7 rue de l'Industrie, 38320, EYBENS, contact@cdco38.fr, http://cdco38.fr/","latitude":"45.1868802267","longitude":"5.73847729655","date_saisie":"30/10/2017","date_depot":"21/11/2017","valide":"Oui","ppo":"Non","type_carte":"Nouvelle carte","fond":"Ortho","obsolete":false}},{"type":"Feature","geometry":{"type":"Polygon","coordinates":[[[5.7053,45.1751],[5.7069,45.1751],[5.707,45.1757],[5.7072,45.1764],[5.7072,45.1766],[5.7057,45.1774],[5.7053,45.1774],[5.7052,45.176],[5.7053,45.1751]]]},"properties":{"id_ffco":"2017-D38-246","nom":"Parc de la Savane - Grenoble","_dept":"38","numero":"2017-D38-246","commune":"Grenoble","echelle":"1/1000","surface":"0.03 km²","format":"A4","annee":"2017","cartographes":"Théo Fleurent","proprietaire":"38 - Isère","niveau":"Initiation, Scolaire","specialite":"CO à pied","latitude":"45.1761511557","longitude":"5.70609932847","date_saisie":"30/10/2017","date_depot":"21/11/2017","valide":"Oui","ppo":"Non","type_carte":"Nouvelle carte","fond":"Ortho","obsolete":false}},{"type":"Feature","geometry":{"type":"Polygon","coordinates":[[[5.7195,45.179],[5.7203,45.1789],[5.7207,45.179],[5.7216,45.178],[5.723,45.1766],[5.7232,45.1764],[5.7209,45.1758],[5.7209,45.1753],[5.7175,45.1759],[5.7183,45.1782],[5.7191,45.1788],[5.7194,45.179],[5.7195,45.179]]]},"properties":{"id_ffco":"2017-D38-245","nom":"Parc Georges Pompidou - Grenoble","_dept":"38","numero":"2017-D38-245","commune":"Grenoble","echelle":"1/2500","surface":"0.11 km²","format":"A4","annee":"2017","cartographes":"Théo Fleurent","proprietaire":"38 - Isère","niveau":"Initiation, Scolaire","specialite":"CO à pied","latitude":"45.1770817372","longitude":"5.72008172436","date_saisie":"30/10/2017","date_depot":"21/11/2017","valide":"Oui","ppo":"Non","type_carte":"Nouvelle carte","fond":"Ortho","obsolete":false}},{"type":"Feature","geometry":{"type":"Polygon","coordinates":[[[5.7358,45.1939],[5.7383,45.1914],[5.7386,45.1912],[5.7391,45.1916],[5.7394,45.1923],[5.7385,45.1923],[5.7379,45.1928],[5.7375,45.1931],[5.7374,45.1933],[5.7374,45.1938],[5.7377,45.1943],[5.7376,45.1944],[5.7371,45.1946],[5.7364,45.195],[5.7364,45.1954],[5.7361,45.1958],[5.7355,45.1958],[5.735,45.1959],[5.7349,45.1957],[5.7358,45.1939]]]},"properties":{"id_ffco":"2017-D38-244","nom":"Parc de l'Ile Verte - Grenoble","_dept":"38","numero":"2017-D38-244","commune":"GRENOBLE","echelle":"1/2000","surface":"0.05 km²","format":"A4","annee":"2017","cartographes":"Théo Fleurent","proprietaire":"38 - Isère","niveau":"Initiation, Scolaire","specialite":"CO à pied","contacts":"CDCO 38 Isère, 7 rue de l'Industrie, 38320, EYBENS, contact@cdco38.fr, http://cdco38.fr/","latitude":"45.1937260872","longitude":"5.73691337552","date_saisie":"30/10/2017","date_depot":"21/11/2017","valide":"Oui","ppo":"Non","type_carte":"Nouvelle carte","fond":"Ortho","obsolete":false}},{"type":"Feature","geometry":{"type":"Polygon","coordinates":[[[5.7419,45.1738],[5.743,45.1741],[5.7435,45.173],[5.7425,45.1727],[5.7419,45.1738]]]},"properties":{"id_ffco":"2017-D38-243","nom":"Parc Ouagadougou","_dept":"38","numero":"2017-D38-243","commune":"Grenoble","echelle":"1/750","surface":"0.01 km²","format":"A4","annee":"2017","cartographes":"Théo Fleurent","proprietaire":"38 - Isère","niveau":"Initiation, Scolaire","specialite":"CO à pied","contacts":"CDCO 38 Isère, 7 rue de l'Industrie, 38320, EYBENS, contact@cdco38.fr, http://cdco38.fr/","latitude":"45.1734045039","longitude":"5.74274317067","date_saisie":"05/11/2017","date_depot":"21/11/2017","valide":"Oui","ppo":"Non","type_carte":"Nouvelle carte","fond":"Ortho","obsolete":false}},{"type":"Feature","geometry":{"type":"Polygon","coordinates":[[[5.7192,45.1936],[5.7198,45.1948],[5.72,45.1951],[5.7215,45.1948],[5.7213,45.1944],[5.7204,45.1945],[5.7205,45.1935],[5.7192,45.1936]]]},"properties":{"id_ffco":"2017-D38-241","nom":"Jardin des Dauphins - Grenoble","_dept":"38","numero":"2017-D38-241","commune":"Grenoble","echelle":"1/800","surface":"0.02 km²","format":"A4","annee":"2017","cartographes":"Théo Fleurent","proprietaire":"38 - Isère","niveau":"Initiation, Scolaire","specialite":"CO à pied","contacts":"CDCO 38 Isère, 7 rue de l'Industrie, 38320, EYBENS, contact@cdco38.fr, http://cdco38.fr/","latitude":"45.1943234789","longitude":"5.72020395258","date_saisie":"05/11/2017","date_depot":"20/11/2017","valide":"Oui","ppo":"Non","type_carte":"Nouvelle carte","fond":"Ortho","obsolete":false}},{"type":"Feature","geometry":{"type":"Polygon","coordinates":[[[5.7251,45.1914],[5.7249,45.1922],[5.7253,45.1923],[5.7252,45.1928],[5.7267,45.1929],[5.7275,45.1931],[5.7274,45.1924],[5.7276,45.1921],[5.7278,45.1915],[5.7276,45.1914],[5.7256,45.1914],[5.7251,45.1914]]]},"properties":{"id_ffco":"2017-D38-240","nom":"Jardin de Ville grenoble","_dept":"38","numero":"2017-D38-240","commune":"Grenoble","echelle":"1/1000","surface":"0.03 km²","format":"A4","annee":"2017","cartographes":"Théo Fleurent","proprietaire":"38 - Isère","niveau":"Initiation, Scolaire","specialite":"CO à pied","contacts":"CDCO 38 Isère, 7 rue de l'Industrie, 38320, EYBENS, contact@cdco38.fr, http://cdco38.fr/","latitude":"45.1921404506","longitude":"5.72637133824","date_saisie":"30/10/2017","date_depot":"21/11/2017","valide":"Oui","ppo":"Non","type_carte":"Nouvelle carte","fond":"Ortho","obsolete":false}},{"type":"Feature","geometry":{"type":"Polygon","coordinates":[[[5.7256,45.1849],[5.7288,45.186],[5.7317,45.1853],[5.7314,45.1839],[5.7274,45.1822],[5.7256,45.1849]]]},"properties":{"id_ffco":"2017-D38-239","nom":"Jardin Hoche - Grenoble","_dept":"38","numero":"2017-D38-239","commune":"Grenoble","echelle":"1/2500","surface":"0.12 km²","format":"A4","annee":"2017","cartographes":"Théo Fleurent","proprietaire":"38 - Isère","niveau":"Initiation, Scolaire","specialite":"CO à pied","contacts":"CDCO 38 Isère, 7 rue de l'Industrie, 38320, EYBENS, contact@cdco38.fr, http://cdco38.fr/","latitude":"45.1842912833","longitude":"5.72867425089","date_saisie":"30/10/2017","date_depot":"21/11/2017","valide":"Oui","ppo":"Non","type_carte":"Nouvelle carte","fond":"Ortho","obsolete":false}},{"type":"Feature","geometry":{"type":"Polygon","coordinates":[[[5.7215,45.1835],[5.7256,45.1849],[5.7265,45.1834],[5.7224,45.1821],[5.7215,45.1835]]]},"properties":{"id_ffco":"2017-D38-238","nom":"Jardin de la Caserne de Bonne -Grenoble","_dept":"38","numero":"2017-D38-238","commune":"Grenoble","echelle":"1/1700","surface":"0.06 km²","format":"A4","annee":"2017","cartographes":"Théo Fleurent","proprietaire":"38 - Isère","niveau":"Initiation, Scolaire","specialite":"CO à pied","contacts":"CDCO 38 Isère, 7 rue de l'Industrie, 38320, EYBENS, contact@cdco38.fr, http://cdco38.fr/","latitude":"45.1834647158","longitude":"5.72400578637","date_saisie":"30/10/2017","date_depot":"21/11/2017","valide":"Oui","ppo":"Non","type_carte":"Nouvelle carte","fond":"Ortho","obsolete":false}},{"type":"Feature","geometry":{"type":"Polygon","coordinates":[[[5.7308,45.1949],[5.733,45.1963],[5.7338,45.1967],[5.7342,45.1966],[5.7347,45.1959],[5.7324,45.194],[5.7322,45.194],[5.7316,45.1944],[5.7308,45.1949]]]},"properties":{"id_ffco":"2017-D38-237","nom":"Parc Albert Michallon - Grenoble","_dept":"38","numero":"2017-D38-237","commune":"Grenoble","echelle":"1/1600","surface":"0.04 km²","format":"A4","annee":"2017","cartographes":"Théo Fleurent","proprietaire":"38 - Isère","niveau":"Initiation, Scolaire","specialite":"CO à pied","contacts":"CDCO 38 Isère, 7 rue de l'Industrie, 38320, EYBENS, contact@cdco38.fr, http://cdco38.fr/","latitude":"45.1953594359","longitude":"5.73285501517","date_saisie":"05/11/2017","date_depot":"21/11/2017","valide":"Oui","ppo":"Non","type_carte":"Nouvelle carte","fond":"Ortho","obsolete":false}},{"type":"Feature","geometry":{"type":"Polygon","coordinates":[[[5.6647,45.2102],[5.6632,45.2107],[5.6635,45.2121],[5.6669,45.2136],[5.6671,45.2138],[5.6656,45.2178],[5.6675,45.2183],[5.6691,45.2184],[5.6717,45.2158],[5.6725,45.2132],[5.6736,45.212],[5.6705,45.2103],[5.6674,45.2093],[5.6657,45.2106],[5.6653,45.2106],[5.6647,45.2102]]]},"properties":{"id_ffco":"2017-D38-235","nom":"L'Ovalie","_dept":"38","numero":"2017-D38-235","commune":"Sassenage","echelle":"1/4000","surface":"0.45 km²","format":"A4","annee":"2017","cartographes":"David Barranger","proprietaire":"38 - Isère","niveau":"Initiation, Scolaire","specialite":"CO à pied","contacts":"CDCO 38 Isère, 7 rue de l'Industrie, 38320, EYBENS, contact@cdco38.fr, http://cdco38.fr/","latitude":"45.2135321092","longitude":"5.66855176379","date_saisie":"05/11/2017","date_depot":"21/11/2017","valide":"Oui","ppo":"Non","type_carte":"Nouvelle carte","fond":"Ortho","obsolete":false}},{"type":"Feature","geometry":{"type":"Polygon","coordinates":[[[5.669,45.2099],[5.6705,45.2103],[5.6683,45.2129],[5.6671,45.2137],[5.6638,45.2122],[5.6641,45.212],[5.665,45.2119],[5.667,45.2123],[5.669,45.2099]]]},"properties":{"id_ffco":"2017-D38-234","nom":"Parc de L'Ovalie","_dept":"38","numero":"2017-D38-234","commune":"Sassenage","echelle":"1/2500","surface":"0.07 km²","format":"A4","annee":"2017","cartographes":"David Barranger","proprietaire":"38 - Isère","niveau":"Initiation, Scolaire","specialite":"CO à pied","latitude":"45.2119772633","longitude":"5.66757305198","date_saisie":"05/11/2017","date_depot":"21/11/2017","valide":"Oui","ppo":"Non","type_carte":"Nouvelle carte","fond":"Ortho","obsolete":false}},{"type":"Feature","geometry":{"type":"Polygon","coordinates":[[[5.7419,45.0881],[5.7416,45.0869],[5.7412,45.0869],[5.741,45.0872],[5.7413,45.0872],[5.7415,45.0881],[5.7419,45.0881]]]},"properties":{"id_ffco":"2017-D38-233","nom":"Ecoles Victor Pignat - Jarrie","_dept":"38","numero":"2017-D38-233","commune":"Jarrie","echelle":"1/500","surface":"0.0 km²","format":"A4","annee":"2017","cartographes":"Eric Mermin","proprietaire":"38 - Isère","niveau":"Initiation, Scolaire","specialite":"CO à pied","contacts":"CDCO 38 Isère, 7 rue de l'Industrie, 38320, EYBENS, contact@cdco38.fr, http://cdco38.fr/","latitude":"45.0874562325","longitude":"5.74150586184","date_saisie":"30/10/2017","date_depot":"15/01/2018","valide":"Oui","ppo":"Non","type_carte":"Nouvelle carte","fond":"Ortho","obsolete":false}},{"type":"Feature","geometry":{"type":"Polygon","coordinates":[[[5.7501,45.1073],[5.7508,45.1066],[5.751,45.106],[5.7499,45.1059],[5.7499,45.1064],[5.7495,45.1069],[5.7497,45.1073],[5.7499,45.1075],[5.7501,45.1073]]]},"properties":{"id_ffco":"2017-D38-232","nom":"Ecole \"Les Chaberts\" - Jarrie","_dept":"38","numero":"2017-D38-232","commune":"Jarrie","echelle":"1/700","surface":"0.01 km²","format":"A4","annee":"2017","cartographes":"Eric Mermin","proprietaire":"38 - Isère","niveau":"Initiation, Scolaire","specialite":"CO à pied","contacts":"CDCO 38 Isère, 7 rue de l'Industrie, 38320, EYBENS, contact@cdco38.fr, http://cdco38.fr/","latitude":"45.1066002714","longitude":"5.75020545479","date_saisie":"30/10/2017","date_depot":"15/01/2018","valide":"Oui","ppo":"Non","type_carte":"Nouvelle carte","fond":"Ortho","obsolete":false}},{"type":"Feature","geometry":{"type":"Polygon","coordinates":[[[5.7565,45.1161],[5.7564,45.1165],[5.7574,45.1167],[5.7588,45.1167],[5.7592,45.1169],[5.7599,45.1168],[5.7599,45.1162],[5.7598,45.1159],[5.7596,45.1158],[5.7585,45.116],[5.7565,45.1161]]]},"properties":{"id_ffco":"2017-D38-231","nom":"Ecole le Louvarou - Jarrie","_dept":"38","numero":"2017-D38-231","commune":"Jarrie","echelle":"1/1000","surface":"0.02 km²","format":"A4","annee":"2017","cartographes":"Eric Mermin","proprietaire":"38 - Isère","niveau":"Initiation, Scolaire","specialite":"CO à pied","contacts":"CDCO 38 Isère, 7 rue de l'Industrie, 38320, EYBENS, contact@cdco38.fr, http://cdco38.fr/","latitude":"45.116350451","longitude":"5.7584240752","date_saisie":"28/02/2017","date_depot":"15/01/2018","valide":"Oui","ppo":"Non","type_carte":"Nouvelle carte","fond":"Ortho","obsolete":false}},{"type":"Feature","geometry":{"type":"Polygon","coordinates":[[[5.3065,45.6071],[5.3047,45.6026],[5.3033,45.6015],[5.3019,45.6013],[5.3021,45.6005],[5.3015,45.599],[5.2991,45.5964],[5.2943,45.5949],[5.2948,45.5934],[5.2974,45.5937],[5.3048,45.5915],[5.3063,45.5931],[5.3057,45.5936],[5.307,45.5949],[5.3071,45.5964],[5.3076,45.5968],[5.3089,45.5965],[5.3106,45.5974],[5.311,45.5985],[5.3129,45.5982],[5.3136,45.5996],[5.3133,45.6],[5.3147,45.6015],[5.3146,45.6069],[5.3104,45.6066],[5.3065,45.6071]]]},"properties":{"id_ffco":"2017-D38-230","nom":"L'étang de Rosière","_dept":"38","numero":"2017-D38-230","commune":"Bourgoin-Jallieu","echelle":"1/7500","surface":"1.28 km²","format":"A4","annee":"2017","cartographes":"Franck Dechavanne","proprietaire":"38 - Isère","niveau":"Départemental","specialite":"CO à pied","contacts":"CDCO 38 Isère, 7 rue de l'Industrie, 38320, EYBENS, contact@cdco38.fr, http://cdco38.fr/","latitude":"45.5994755278","longitude":"5.30639776106","date_saisie":"30/10/2017","date_depot":"21/11/2017","valide":"Oui","ppo":"Non","type_carte":"Nouvelle carte","fond":"Ortho","obsolete":false}},{"type":"Feature","geometry":{"type":"Polygon","coordinates":[[[5.7204,45.1391],[5.7207,45.1389],[5.7203,45.1384],[5.7207,45.138],[5.723,45.1385],[5.7268,45.1392],[5.7288,45.1399],[5.7285,45.1404],[5.7265,45.14],[5.7246,45.1418],[5.7204,45.1391]]]},"properties":{"id_ffco":"2017-D38-229","nom":"Parc Robert Buisson","_dept":"38","numero":"2017-D38-229","commune":"Echirolles","echelle":"1/2500","surface":"0.12 km²","format":"A4","annee":"2017","cartographes":"David Barranger","proprietaire":"38 - Isère","niveau":"O+","specialite":"CO à pied","contacts":"CDCO 38 Isère, 7 rue de l'Industrie, 38320, EYBENS, contact@cdco38.fr, http://cdco38.fr/","latitude":"45.1397040229","longitude":"5.72404781499","date_saisie":"30/10/2017","date_depot":"15/01/2018","valide":"Oui","ppo":"Non","type_carte":"Nouvelle carte","fond":"Ortho","obsolete":false}},{"type":"Feature","geometry":{"type":"Polygon","coordinates":[[[5.7652,44.7446],[5.7654,44.7454],[5.7665,44.7466],[5.7676,44.7483],[5.7677,44.7491],[5.7691,44.7492],[5.7691,44.7494],[5.7715,44.749],[5.7731,44.749],[5.7739,44.749],[5.775,44.7484],[5.775,44.7476],[5.7757,44.7466],[5.776,44.746],[5.7782,44.7459],[5.7794,44.7447],[5.7765,44.7443],[5.7758,44.7437],[5.7744,44.7438],[5.7723,44.744],[5.7701,44.7442],[5.7684,44.7441],[5.7678,44.7443],[5.7672,44.7446],[5.7652,44.7446]]]},"properties":{"id_ffco":"2017-D38-227","nom":"Tréminis - L'Eglise","_dept":"38","numero":"2017-D38-227","commune":"Tréminis","echelle":"1/4000","surface":"0.43 km²","format":"A4","annee":"2017","cartographes":"Théo Fleurent","proprietaire":"38 - Isère","niveau":"Initiation, Scolaire","specialite":"CO à pied","contacts":"CDCO 38 Isère, 7 rue de l'Industrie, 38320, EYBENS, contact@cdco38.fr, http://cdco38.fr/","latitude":"44.746265201","longitude":"5.77166172272","date_saisie":"30/10/2017","date_depot":"21/11/2017","valide":"Oui","ppo":"Oui (11 postes)","type_carte":"Nouvelle carte","fond":"Ortho","obsolete":false}},{"type":"Feature","geometry":{"type":"Polygon","coordinates":[[[5.7654,44.7446],[5.7679,44.7445],[5.7681,44.745],[5.7681,44.7452],[5.7654,44.7454],[5.7654,44.7446]]]},"properties":{"id_ffco":"2017-D38-226","nom":"Tréminis L'Ecole","_dept":"38","numero":"2017-D38-226","commune":"Tréminis","echelle":"1/1000","surface":"0.02 km²","format":"A4","annee":"2017","cartographes":"Théo Fleurent","proprietaire":"38 - Isère","niveau":"Initiation, Scolaire","specialite":"CO à pied","contacts":"CDCO 38 Isère, 7 rue de l'Industrie, 38320, EYBENS, contact@cdco38.fr, http://cdco38.fr/","latitude":"44.7449195717","longitude":"5.76665430365","date_saisie":"30/10/2017","date_depot":"15/01/2018","valide":"Oui","ppo":"Non","type_carte":"Nouvelle carte","fond":"Ortho","obsolete":false}},{"type":"Feature","geometry":{"type":"Polygon","coordinates":[[[5.9509,45.4774],[5.9515,45.4783],[5.9535,45.4784],[5.9553,45.4788],[5.9572,45.4778],[5.9596,45.4777],[5.9616,45.4774],[5.9639,45.4775],[5.9653,45.4776],[5.9659,45.4772],[5.9663,45.4773],[5.9664,45.4777],[5.9672,45.4781],[5.9677,45.4792],[5.9677,45.4794],[5.9667,45.4804],[5.9662,45.4816],[5.9663,45.4826],[5.968,45.484],[5.9677,45.4841],[5.9667,45.4842],[5.9659,45.4857],[5.9652,45.4858],[5.9642,45.4872],[5.9637,45.4877],[5.9626,45.489],[5.962,45.4898],[5.9609,45.4905],[5.9604,45.4915],[5.9615,45.4921],[5.9609,45.493],[5.9606,45.494],[5.9585,45.4945],[5.9538,45.4952],[5.9494,45.494],[5.9469,45.4941],[5.9451,45.4936],[5.9412,45.492],[5.9386,45.4911],[5.9364,45.488],[5.9363,45.487],[5.9352,45.486],[5.9341,45.4855],[5.9333,45.4852],[5.9336,45.484],[5.9357,45.4793],[5.9377,45.478],[5.9426,45.4787],[5.9441,45.4781],[5.9454,45.4775],[5.9474,45.4782],[5.9498,45.4781],[5.9495,45.4775],[5.9509,45.4774]]]},"properties":{"id_ffco":"2016-D38-225","nom":"Chapareillan - Lac Noir","_dept":"38","numero":"2016-D38-225","commune":"Chapareillan","echelle":"1/10000","surface":"3.91 km²","format":"A4","annee":"2016","cartographes":"Rémi Lequint / ISOHYPSE, Antoine Gouverneur / ISOHYPSE, John Coles","proprietaire":"38 - Isère","niveau":"National, International","specialite":"CO à pied","contacts":"CDCO 38, 7 rue de l'Industrie, 38320, Eybens, contact@cdco38.fr, http://cdco38.fr/ // CDCO 38 Isère, 7 rue de l'Industrie, 38320, EYBENS, contact@cdco38.fr, http://cdco38.fr/","latitude":"45.4853370239","longitude":"5.95080513898","date_saisie":"30/10/2017","date_depot":"21/11/2016","valide":"Oui","ppo":"Non","type_carte":"Nouvelle carte","fond":"Ortho","obsolete":false}},{"type":"Feature","geometry":{"type":"Polygon","coordinates":[[[5.7497,44.7426],[5.7477,44.7434],[5.7469,44.744],[5.7451,44.7445],[5.7425,44.7486],[5.7436,44.7489],[5.7435,44.7493],[5.7456,44.749],[5.7475,44.7484],[5.7495,44.7469],[5.7504,44.7458],[5.7512,44.7445],[5.7515,44.7438],[5.751,44.7429],[5.7497,44.7426]]]},"properties":{"id_ffco":"2017-D38-224","nom":"Tréminis - Château Bas","_dept":"38","numero":"2017-D38-224","commune":"Tréminis","echelle":"1/4000","surface":"0.28 km²","format":"A4","annee":"2017","cartographes":"Théo Fleurent","proprietaire":"38 - Isère","niveau":"Initiation, Scolaire","specialite":"CO à pied","latitude":"44.7460231177","longitude":"5.74714377936","date_saisie":"30/10/2017","date_depot":"21/11/2017","valide":"Oui","ppo":"Non","type_carte":"Nouvelle carte","fond":"Ortho","obsolete":false}},{"type":"Feature","geometry":{"type":"Polygon","coordinates":[[[5.5265,45.1326],[5.5258,45.1319],[5.5218,45.1317],[5.5196,45.1312],[5.5194,45.1309],[5.5195,45.1293],[5.5202,45.1272],[5.5198,45.126],[5.5205,45.1254],[5.5215,45.1248],[5.5228,45.1245],[5.5242,45.1236],[5.5243,45.123],[5.5249,45.1231],[5.5256,45.1227],[5.527,45.1226],[5.528,45.1226],[5.53,45.1227],[5.5304,45.1226],[5.5305,45.1229],[5.53,45.1247],[5.53,45.1264],[5.5295,45.1286],[5.5296,45.1296],[5.5293,45.1307],[5.5286,45.1312],[5.5265,45.1326]]]},"properties":{"id_ffco":"2016-D38-223","nom":"Méaudre Centre Village","_dept":"38","numero":"2016-D38-223","commune":"Commune de Méaudre","echelle":"1/5000","surface":"0.72 km²","format":"A4","annee":"2016","cartographes":"Franck Dechavanne","proprietaire":"38 - Isère","niveau":"Initiation, Scolaire","specialite":"CO à pied","contacts":"Carte vierge : CDCO 38, contact@cdco38.fr","latitude":"45.127512411","longitude":"5.52516378764","date_saisie":"01/12/2016","date_depot":"07/12/2016","valide":"Oui","ppo":"Oui (12 postes)","type_carte":"Nouvelle carte","fond":"IGN","obsolete":false}},{"type":"Feature","geometry":{"type":"Polygon","coordinates":[[[5.528,45.131],[5.5282,45.131],[5.5284,45.1311],[5.5286,45.131],[5.5293,45.1304],[5.5295,45.1301],[5.5296,45.1299],[5.5298,45.1299],[5.5301,45.1297],[5.5299,45.1296],[5.5295,45.1296],[5.5289,45.1296],[5.5279,45.1296],[5.5281,45.1308],[5.5279,45.1309],[5.528,45.131]]]},"properties":{"id_ffco":"2016-D38-222","nom":"Skate-Parc de Méaudre","_dept":"38","numero":"2016-D38-222","commune":"Commune de Méaudre","echelle":"1/1200","surface":"0.02 km²","format":"A4","annee":"2016","cartographes":"Franck Dechavanne","proprietaire":"38 - Isère","niveau":"Initiation, Scolaire","specialite":"CO à pied","contacts":"Carte vierge : CDCO 38, contact@cdco38.fr","latitude":"45.1301705617","longitude":"5.52871564838","date_saisie":"01/12/2016","date_depot":"07/12/2016","valide":"Oui","ppo":"Non","type_carte":"Nouvelle carte","fond":"IGN","obsolete":false}},{"type":"Feature","geometry":{"type":"Polygon","coordinates":[[[5.5178,45.0238],[5.5178,45.0376],[5.509,45.038],[5.5077,45.0369],[5.5043,45.0365],[5.5003,45.0367],[5.5001,45.0353],[5.4998,45.0348],[5.4978,45.0342],[5.4967,45.0342],[5.4961,45.0338],[5.4965,45.0332],[5.4961,45.0324],[5.4961,45.032],[5.4952,45.0314],[5.4957,45.0301],[5.4954,45.0295],[5.4959,45.0284],[5.4966,45.0282],[5.4968,45.0273],[5.4969,45.0264],[5.4971,45.0257],[5.4962,45.0256],[5.496,45.0253],[5.4958,45.0249],[5.495,45.0239],[5.4959,45.0208],[5.495,45.0166],[5.4962,45.0159],[5.4968,45.0148],[5.4978,45.0131],[5.4987,45.0125],[5.4985,45.0121],[5.4997,45.012],[5.5009,45.0124],[5.5032,45.0121],[5.505,45.0123],[5.5067,45.0144],[5.5078,45.0154],[5.5085,45.0161],[5.5084,45.018],[5.5088,45.0191],[5.5097,45.0201],[5.5074,45.0206],[5.5075,45.0211],[5.5091,45.0216],[5.5111,45.022],[5.5128,45.023],[5.5144,45.0237],[5.5158,45.0239],[5.5175,45.0239],[5.5178,45.0245],[5.5178,45.0252],[5.5156,45.027],[5.5178,45.0272],[5.5178,45.0238]]]},"properties":{"id_ffco":"2016-D38-221","nom":"Les trois Fontaines - Corrençon","_dept":"38","numero":"2016-D38-221","commune":"Commune de Corrençon","echelle":"1/10000","surface":"3.71 km²","format":"A4","annee":"2016","cartographes":"SHOcart","proprietaire":"38 - Isère","niveau":"National, International","specialite":"CO à pied","contacts":"Carte vierge : CDCO 38, contact@cdco38.fr","latitude":"45.0263550115","longitude":"5.505674398","date_saisie":"01/12/2016","date_depot":"07/12/2016","valide":"Oui","ppo":"Non","type_carte":"Extrait","base":"1996-D38-38 LA GLACIERE","fond":"IGN","obsolete":false}},{"type":"Feature","geometry":{"type":"Polygon","coordinates":[[[5.7253,45.2008],[5.7243,45.2013],[5.724,45.2012],[5.724,45.201],[5.724,45.1994],[5.7242,45.1989],[5.7228,45.1982],[5.7237,45.1978],[5.7241,45.1977],[5.7254,45.1973],[5.726,45.1973],[5.7262,45.1973],[5.7265,45.1975],[5.7277,45.1987],[5.7265,45.1989],[5.7258,45.1989],[5.7261,45.1996],[5.7261,45.2006],[5.7253,45.2008]]]},"properties":{"id_ffco":"2016-D38-220","nom":"La Bastille - La Forteresse","_dept":"38","numero":"2016-D38-220","commune":"Commune de Grenoble","echelle":"1/2000","surface":"0.08 km²","format":"A4","annee":"2016","cartographes":"Théo Fleurent","proprietaire":"38 - Isère","niveau":"Initiation, Scolaire","specialite":"CO à pied","contacts":"Carte du parcours permanent : Office du tourisme  // Carte vierge : CDCO 38, contact@cdco38.fr","latitude":"45.1990194906","longitude":"5.72517217824","date_saisie":"01/12/2016","date_depot":"07/12/2016","valide":"Oui","ppo":"Non","type_carte":"Nouvelle carte","fond":"IGN","obsolete":false}},{"type":"Feature","geometry":{"type":"Polygon","coordinates":[[[6.0748,45.0562],[6.0744,45.0546],[6.0743,45.0541],[6.0752,45.0532],[6.0759,45.0525],[6.0767,45.0518],[6.0778,45.0513],[6.0787,45.0509],[6.0794,45.0502],[6.0796,45.0511],[6.0795,45.0518],[6.0791,45.0525],[6.079,45.0536],[6.0793,45.0544],[6.0792,45.0549],[6.0794,45.0553],[6.0807,45.0547],[6.0818,45.0548],[6.0825,45.055],[6.0831,45.055],[6.0832,45.0564],[6.0826,45.057],[6.0813,45.0576],[6.0802,45.0579],[6.0788,45.0583],[6.0768,45.0583],[6.0756,45.0583],[6.0753,45.0577],[6.0749,45.0569],[6.0748,45.0562]]]},"properties":{"id_ffco":"2016-D38-213","nom":"Auris - Station","_dept":"38","numero":"2016-D38-213","commune":"Commune d'Auris-en-Oisans","echelle":"1/4000","surface":"0.34 km²","format":"A4","annee":"2016","cartographes":"David Barranger","proprietaire":"38 - Isère","niveau":"Initiation, Scolaire","specialite":"CO à pied","contacts":"Carte du parcours permanent : Office du tourisme  // Carte vierge : CDCO 38, contact@cdco38.fr","latitude":"45.0552556299","longitude":"6.07819732429","date_saisie":"28/11/2016","date_depot":"07/12/2016","valide":"Oui","ppo":"Oui (11 postes)","type_carte":"Nouvelle carte","fond":"IGN","obsolete":false}},{"type":"Feature","geometry":{"type":"Polygon","coordinates":[[[6.0665,45.0568],[6.0686,45.053],[6.0679,45.0522],[6.0691,45.0514],[6.0699,45.0496],[6.0699,45.048],[6.0695,45.0467],[6.0703,45.046],[6.0706,45.0459],[6.0723,45.0411],[6.0745,45.0427],[6.0748,45.0432],[6.0761,45.0431],[6.0778,45.0422],[6.0792,45.0423],[6.08,45.0428],[6.0815,45.0431],[6.0823,45.0441],[6.0819,45.0446],[6.081,45.0467],[6.0811,45.048],[6.0802,45.0493],[6.0793,45.0502],[6.0792,45.0519],[6.0787,45.0528],[6.0789,45.0546],[6.0789,45.0552],[6.0793,45.0556],[6.0809,45.0548],[6.0821,45.055],[6.0832,45.0552],[6.084,45.0561],[6.0836,45.0567],[6.0828,45.0574],[6.0813,45.0592],[6.0809,45.0595],[6.0799,45.0599],[6.0787,45.0602],[6.0776,45.0605],[6.0759,45.0605],[6.075,45.0604],[6.0736,45.0614],[6.0732,45.0625],[6.0733,45.0629],[6.0699,45.0629],[6.0686,45.0623],[6.0677,45.06],[6.0658,45.0588],[6.0654,45.0579],[6.0655,45.0575],[6.0665,45.0568]]]},"properties":{"id_ffco":"2016-D38-212","nom":"Auris-en-Oisans","_dept":"38","numero":"2016-D38-212","commune":"Auris-en-Oisans","echelle":"1/10000","surface":"2.02 km²","format":"A4","annee":"2016","cartographes":"David Barranger","proprietaire":"38 - Isère","niveau":"Initiation, Scolaire","specialite":"CO à pied","contacts":"Carte du parcours permanent : Office du tourisme  // Carte vierge : CDCO 38, contact@cdco38.fr","latitude":"45.052703814","longitude":"6.07453405433","date_saisie":"28/11/2016","date_depot":"07/12/2016","valide":"Oui","ppo":"Oui (12 postes)","type_carte":"Nouvelle carte","fond":"IGN","obsolete":false}},{"type":"Feature","geometry":{"type":"Polygon","coordinates":[[[5.9917,45.253],[5.9917,45.2547],[5.9917,45.2565],[5.9922,45.2575],[5.9961,45.2577],[5.999,45.258],[5.9999,45.2572],[6.0015,45.2559],[6.0031,45.2552],[6.0053,45.2546],[6.0064,45.2533],[6.0079,45.2523],[6.0092,45.2517],[6.0106,45.2514],[6.0115,45.2501],[6.0122,45.2495],[6.013,45.2497],[6.0127,45.2481],[6.0121,45.2472],[6.0119,45.2468],[6.0114,45.2462],[6.0113,45.2459],[6.0118,45.2455],[6.0118,45.2453],[6.0109,45.2453],[6.0104,45.2451],[6.0093,45.2454],[6.0083,45.2457],[6.007,45.2461],[6.0066,45.2458],[6.0071,45.2451],[6.0078,45.2436],[6.0085,45.2419],[6.0082,45.2415],[6.0078,45.2411],[6.0065,45.2404],[6.0058,45.2402],[6.0048,45.2401],[6.0046,45.2395],[6.0034,45.2393],[6.0007,45.2395],[5.9996,45.2396],[5.9992,45.2401],[5.9981,45.2393],[5.9989,45.2386],[5.999,45.2373],[5.9991,45.2363],[5.9985,45.2359],[5.9979,45.2344],[5.9974,45.2348],[5.9954,45.2338],[5.9941,45.2333],[5.9913,45.2336],[5.9903,45.234],[5.9887,45.2351],[5.9879,45.2359],[5.9878,45.2379],[5.9881,45.2401],[5.9878,45.242],[5.9866,45.244],[5.986,45.2457],[5.9865,45.2463],[5.9879,45.2466],[5.9886,45.2469],[5.9918,45.2459],[5.9937,45.2454],[5.9944,45.2455],[5.9945,45.2464],[5.9938,45.2487],[5.9934,45.2504],[5.9921,45.2521],[5.9917,45.253]]]},"properties":{"id_ffco":"2016-D38-211","nom":"Prapoutel - Les Adrets","_dept":"38","numero":"2016-D38-211","commune":"Les Adrets","echelle":"1/10000","surface":"3.22 km²","format":"A4","annee":"2016","cartographes":"David Barranger, Matthieu Barthélémy","proprietaire":"38 - Isère","niveau":"Initiation, Scolaire","specialite":"CO à pied","contacts":"Carte du parcours permanent : Office du tourisme  // Carte vierge : CDCO 38, contact@cdco38.fr","latitude":"45.2458895814","longitude":"5.99845720035","date_saisie":"28/11/2016","date_depot":"07/12/2016","valide":"Oui","ppo":"Oui (23 postes)","type_carte":"Nouvelle carte","fond":"IGN","obsolete":false}},{"type":"Feature","geometry":{"type":"Polygon","coordinates":[[[5.4743,45.4884],[5.4686,45.4847],[5.4721,45.4825],[5.471,45.4831],[5.4693,45.4817],[5.4703,45.4805],[5.4748,45.4803],[5.4758,45.4799],[5.4781,45.4785],[5.4792,45.4783],[5.4809,45.4789],[5.4813,45.4795],[5.4804,45.4812],[5.4777,45.4819],[5.4779,45.4835],[5.4775,45.4839],[5.4743,45.4884]]]},"properties":{"id_ffco":"2016-D38-209","nom":"Virieu","_dept":"38","numero":"2016-D38-209","commune":"Virieu","echelle":"1/5000","surface":"0.52 km²","format":"A4","annee":"2016","cartographes":"Franck Dechavanne","proprietaire":"38 - Isère","niveau":"Initiation, Scolaire","specialite":"CO à pied","contacts":"CDCO 38, contact@cdco38.fr","latitude":"45.482886828","longitude":"5.47463797896","date_saisie":"24/10/2016","date_depot":"07/12/2016","valide":"Oui","ppo":"Oui (14 postes)","type_carte":"Nouvelle carte","fond":"IGN","obsolete":false}},{"type":"Feature","geometry":{"type":"Polygon","coordinates":[[[5.4422,45.5631],[5.4456,45.5618],[5.4465,45.5614],[5.449,45.561],[5.4513,45.5607],[5.452,45.5621],[5.4516,45.564],[5.4497,45.5656],[5.4507,45.5666],[5.4506,45.5677],[5.4509,45.5687],[5.4493,45.5689],[5.4492,45.5678],[5.4478,45.5678],[5.4475,45.5676],[5.4447,45.5672],[5.4425,45.5671],[5.4425,45.5652],[5.4423,45.5644],[5.4422,45.5631]]]},"properties":{"id_ffco":"2016-D38-208","nom":"La Tour du Pin","_dept":"38","numero":"2016-D38-208","commune":"La Tour du Pin","echelle":"1/4000","surface":"0.46 km²","format":"A4","annee":"2016","cartographes":"Franck D","niveau":"Interrégional","specialite":"CO à pied","latitude":"45.564487885","longitude":"5.44725470288","date_saisie":"24/10/2016","date_depot":"07/12/2016","valide":"Oui","ppo":"Oui (12 postes)","type_carte":"Nouvelle carte","fond":"IGN","obsolete":false}},{"type":"Feature","geometry":{"type":"Polygon","coordinates":[[[5.6492,45.5076],[5.6501,45.5096],[5.6506,45.5113],[5.6524,45.5123],[5.6538,45.5132],[5.6544,45.5147],[5.6561,45.5145],[5.6581,45.5128],[5.6601,45.5109],[5.6628,45.5091],[5.6651,45.5082],[5.6676,45.5079],[5.6696,45.508],[5.6728,45.5075],[5.6747,45.5074],[5.6756,45.5081],[5.6792,45.5072],[5.6809,45.5057],[5.6864,45.5059],[5.6906,45.5052],[5.693,45.5048],[5.6937,45.5044],[5.6938,45.5035],[5.6919,45.5037],[5.6912,45.5021],[5.6916,45.5011],[5.6918,45.4979],[5.6949,45.4971],[5.6981,45.4961],[5.7004,45.4955],[5.6994,45.4936],[5.696,45.4917],[5.6953,45.4914],[5.6976,45.488],[5.6972,45.4868],[5.6952,45.4866],[5.6923,45.4855],[5.69,45.4846],[5.6886,45.4846],[5.6868,45.4839],[5.6848,45.4845],[5.68,45.4835],[5.6749,45.4821],[5.6733,45.4831],[5.6714,45.4853],[5.6716,45.4875],[5.673,45.4882],[5.6722,45.4896],[5.6703,45.4902],[5.6682,45.4902],[5.6673,45.4899],[5.6655,45.4918],[5.6663,45.4934],[5.6679,45.4946],[5.6691,45.4954],[5.669,45.4971],[5.6678,45.4974],[5.6594,45.4998],[5.6554,45.4995],[5.6521,45.5011],[5.6497,45.5037],[5.6479,45.5055],[5.6489,45.507],[5.6496,45.5077],[5.6492,45.5076]]]},"properties":{"id_ffco":"2016-D38-207","nom":"Vals du Dauphiné VTT","_dept":"38","numero":"2016-D38-207","commune":"Saint Jean d'Avelanne","echelle":"1/20000","surface":"6.97 km²","format":"A4","annee":"2016","cartographes":"David B","niveau":"Initiation, Scolaire","specialite":"CO à VTT","contacts":"CDCO 38, 7 rue de l'Industrie, 38320, Eybens, contact@cdco38.fr, http://cdco38.fr/","latitude":"45.4979322543","longitude":"5.67535482879","date_saisie":"24/10/2016","date_depot":"07/12/2016","valide":"Oui","ppo":"Oui (13 postes)","type_carte":"Nouvelle carte","fond":"IGN","obsolete":false}},{"type":"Feature","geometry":{"type":"Polygon","coordinates":[[[5.579,45.545],[5.5783,45.5436],[5.5779,45.5429],[5.5778,45.5413],[5.5792,45.541],[5.5808,45.5408],[5.5821,45.541],[5.5823,45.541],[5.5809,45.5428],[5.5792,45.5451],[5.579,45.545]]]},"properties":{"id_ffco":"2016-D38-206","nom":"Le Parc Bisso - Les Abrets","_dept":"38","numero":"2016-D38-206","commune":"Les Abrets","echelle":"1/2000","surface":"0.09 km²","format":"A4","annee":"2016","cartographes":"Franck D","niveau":"Initiation, Scolaire","specialite":"CO à pied","contacts":"CDCO 38, contact@cdco38.fr","latitude":"45.5424316807","longitude":"5.57967665867","date_saisie":"24/10/2016","date_depot":"07/12/2016","valide":"Oui","ppo":"Non","type_carte":"Nouvelle carte","fond":"IGN","obsolete":false}},{"type":"Feature","geometry":{"type":"Polygon","coordinates":[[[5.7467,45.4366],[5.7463,45.4357],[5.7464,45.435],[5.7469,45.4351],[5.7479,45.4345],[5.7487,45.4344],[5.7491,45.4339],[5.7497,45.4336],[5.7508,45.4334],[5.7514,45.4332],[5.752,45.433],[5.7523,45.433],[5.7525,45.4348],[5.7511,45.4354],[5.7493,45.436],[5.748,45.4365],[5.7469,45.4367],[5.7467,45.4366]]]},"properties":{"id_ffco":"2016-D38-205","nom":"Parc des Sports - Entre-deux-Guiers","_dept":"38","numero":"2016-D38-205","commune":"Entre-deux-Guiers","echelle":"1/2000","surface":"0.1 km²","format":"A4","annee":"2016","cartographes":"Laurent Astrade","niveau":"O+","specialite":"CO à pied","contacts":"CDCO 38, contact@cdco38.fr","latitude":"45.4349041607","longitude":"5.74953777908","date_saisie":"24/10/2016","date_depot":"07/12/2016","valide":"Oui","ppo":"Non","type_carte":"Nouvelle carte","fond":"IGN","obsolete":false}},{"type":"Feature","geometry":{"type":"Polygon","coordinates":[[[5.1458,45.6185],[5.1442,45.615],[5.1462,45.6148],[5.1475,45.6142],[5.1482,45.6137],[5.1499,45.6149],[5.1483,45.616],[5.1458,45.6186],[5.1458,45.6185]]]},"properties":{"id_ffco":"2015-D38-204","nom":"PARC DU VELLEIN","_dept":"38","numero":"2015-D38-204","commune":"Villefontaine","echelle":"1/2500","surface":"0.11 km²","format":"A4","annee":"2015","cartographes":"David Barranger","proprietaire":"38 - Isère","niveau":"Initiation, Scolaire","specialite":"CO à pied","contacts":"CDCO 38, contact@cdco38.fr","latitude":"45.6158156661","longitude":"5.14681491522","date_saisie":"19/01/2016","date_depot":"12/02/2016","valide":"Oui","ppo":"Non","type_carte":"Nouvelle carte","fond":"IGN","obsolete":false}},{"type":"Feature","geometry":{"type":"Polygon","coordinates":[[[5.2105,45.283],[5.2089,45.2862],[5.2063,45.2883],[5.1953,45.2882],[5.1948,45.2865],[5.1952,45.2853],[5.1948,45.2843],[5.1977,45.2821],[5.2028,45.2811],[5.2074,45.2802],[5.2088,45.2811],[5.2099,45.2826],[5.2105,45.283]]]},"properties":{"id_ffco":"2015-D38-202","nom":"PLATEAU DES MONETTES","_dept":"38","numero":"2015-D38-202","commune":"Viriville","echelle":"1/5000","surface":"0.83 km²","format":"A4","annee":"2015","cartographes":"Daniel Plockyn","proprietaire":"Camp de Chambaran","niveau":"Initiation, Scolaire","specialite":"CO à pied","contacts":"Camp de Chambaran, 04 74 54 17 08","latitude":"45.2846728505","longitude":"5.20260191922","date_saisie":"19/01/2016","date_depot":"12/02/2016","valide":"Oui","ppo":"Non","type_carte":"Nouvelle carte","fond":"IGN","obsolete":false}},{"type":"Feature","geometry":{"type":"Polygon","coordinates":[[[5.1954,45.2879],[5.2065,45.2886],[5.2093,45.2863],[5.2108,45.283],[5.2086,45.2804],[5.2115,45.2742],[5.2099,45.274],[5.2082,45.2743],[5.2054,45.273],[5.204,45.2728],[5.203,45.2728],[5.2007,45.2743],[5.1992,45.2745],[5.1962,45.2738],[5.1924,45.2735],[5.1921,45.2858],[5.1937,45.286],[5.194,45.2866],[5.1954,45.2879]]]},"properties":{"id_ffco":"2015-D38-201","nom":"CAMP BATI GALAVEYSON","_dept":"38","numero":"2015-D38-201","commune":"Viriville","echelle":"1/7500","surface":"2.17 km²","format":"A4","annee":"2015","cartographes":"Daniel Plockyn","proprietaire":"Camp de Chambaran","niveau":"Initiation, Scolaire","specialite":"CO à pied","contacts":"Camp de Chambaran, 04 74 54 17 08","latitude":"45.2807168148","longitude":"5.20121224301","date_saisie":"19/01/2016","date_depot":"12/02/2016","valide":"Oui","ppo":"Non","type_carte":"Nouvelle carte","fond":"IGN","obsolete":false}},{"type":"Feature","geometry":{"type":"Polygon","coordinates":[[[5.1842,45.2831],[5.1669,45.2849],[5.1645,45.2806],[5.1639,45.2791],[5.1629,45.2778],[5.1609,45.2766],[5.1626,45.2758],[5.1633,45.2758],[5.167,45.2746],[5.1731,45.2741],[5.1773,45.2744],[5.1848,45.2731],[5.1907,45.2727],[5.1912,45.2842],[5.1906,45.2842],[5.1902,45.2836],[5.1878,45.2839],[5.1849,45.2833],[5.1842,45.2831]]]},"properties":{"id_ffco":"2015-D38-200","nom":"LES ETANGS DE VIENNE","_dept":"38","numero":"2015-D38-200","commune":"Viriville","echelle":"1/10000","surface":"2.35 km²","format":"A4","annee":"2015","cartographes":"Daniel Plockyn","proprietaire":"Camp de Chambaran","niveau":"Initiation, Scolaire","specialite":"CO à pied","contacts":"Camp de Chambaran, 04 74 54 17 08","latitude":"45.2788116697","longitude":"5.17769121453","date_saisie":"19/01/2016","date_depot":"12/02/2016","valide":"Oui","ppo":"Non","type_carte":"Nouvelle carte","fond":"IGN","obsolete":false}},{"type":"Feature","geometry":{"type":"Polygon","coordinates":[[[5.2039,45.2904],[5.2088,45.2866],[5.2108,45.2831],[5.2084,45.2803],[5.2106,45.2778],[5.2114,45.2746],[5.211,45.2742],[5.2081,45.2746],[5.205,45.2733],[5.2028,45.273],[5.2009,45.2744],[5.1976,45.2744],[5.196,45.2736],[5.1947,45.2721],[5.1906,45.2691],[5.1897,45.2693],[5.1897,45.2702],[5.1861,45.2727],[5.1772,45.2743],[5.1733,45.2743],[5.1693,45.2745],[5.1614,45.2765],[5.1637,45.2778],[5.1665,45.2846],[5.1847,45.2833],[5.1882,45.2842],[5.1903,45.2837],[5.1916,45.2855],[5.193,45.2856],[5.196,45.29],[5.1991,45.29],[5.2036,45.2905],[5.2039,45.2904]]]},"properties":{"id_ffco":"2015-D38-199","nom":"Camp de Chambaran","_dept":"38","numero":"2015-D38-199","commune":"Viriville","echelle":"1/10000","surface":"4.95 km²","format":"A3","annee":"2015","cartographes":"Daniel Plockyn","proprietaire":"Camp de Chambaran","niveau":"Initiation, Scolaire","specialite":"CO à pied","contacts":"Camp de Chambaran, 04 74 54 17 08","latitude":"45.2797842498","longitude":"5.18975974413","date_saisie":"19/01/2016","date_depot":"12/02/2016","valide":"Oui","ppo":"Non","type_carte":"Nouvelle carte","fond":"IGN","obsolete":false}},{"type":"Feature","geometry":{"type":"Polygon","coordinates":[[[4.7778,45.3977],[4.7783,45.3939],[4.7809,45.3942],[4.7807,45.3975],[4.778,45.3977],[4.7778,45.3977]]]},"properties":{"id_ffco":"2015-D38-198","nom":"COLLEGE F MISTRAL - SAINT MAURICE L'EXIL","_dept":"38","numero":"2015-D38-198","commune":"Saint Maurice L'Exil","echelle":"1/2500","surface":"0.08 km²","format":"A4","annee":"2015","cartographes":"Franck Dechavanne","proprietaire":"38 - Isère","niveau":"Initiation, Scolaire","specialite":"CO à pied","contacts":"CDCO 38, contact@cdco38.fr","latitude":"45.3958277974","longitude":"4.77937753018","date_saisie":"19/01/2016","date_depot":"12/02/2016","valide":"Oui","ppo":"Non","type_carte":"Nouvelle carte","fond":"IGN","obsolete":false}},{"type":"Feature","geometry":{"type":"Polygon","coordinates":[[[4.782,45.4017],[4.7813,45.3989],[4.7822,45.3987],[4.7842,45.3975],[4.7858,45.3975],[4.7865,45.3989],[4.7862,45.3993],[4.7865,45.4],[4.7873,45.4011],[4.7879,45.401],[4.7876,45.4018],[4.7862,45.4021],[4.785,45.4018],[4.784,45.4013],[4.7825,45.4015],[4.782,45.4017]]]},"properties":{"id_ffco":"2015-D38-197","nom":"PARC DES VARILLES - SAINT MAURICE L'EXIL","_dept":"38","numero":"2015-D38-197","commune":"Saint Maurice L'Exil","echelle":"1/3000","surface":"0.17 km²","format":"A4","annee":"2015","cartographes":"Franck Dechavanne","proprietaire":"38 - Isère","niveau":"Initiation, Scolaire","specialite":"CO à pied","contacts":"Carte du parcours permanent : Office du tourisme  // Carte vierge : CDCO 38, contact@cdco38.fr","latitude":"45.3998819128","longitude":"4.78443652396","date_saisie":"19/01/2016","date_depot":"12/02/2016","valide":"Oui","ppo":"Non","type_carte":"Nouvelle carte","fond":"IGN","obsolete":false}},{"type":"Feature","geometry":{"type":"Polygon","coordinates":[[[4.7715,45.3915],[4.7723,45.3898],[4.7732,45.3901],[4.774,45.3894],[4.7747,45.3896],[4.775,45.3884],[4.7744,45.3867],[4.7746,45.3862],[4.7734,45.3852],[4.7715,45.3861],[4.7701,45.3876],[4.7689,45.389],[4.7682,45.3896],[4.7681,45.3911],[4.7691,45.3915],[4.7715,45.3915]]]},"properties":{"id_ffco":"2015-D38-196","nom":"ETANG DES BLACHES - SAINT MAURICE L'EXIL","_dept":"38","numero":"2015-D38-196","commune":"Saint Maurice L'Exil","echelle":"1/3000","surface":"0.22 km²","format":"A4","annee":"2015","cartographes":"Franck Dechavanne","proprietaire":"38 - Isère","niveau":"Initiation, Scolaire","specialite":"CO à pied","contacts":"CDCO 38, contact@cdco38.fr","latitude":"45.3886545061","longitude":"4.77167310134","date_saisie":"19/01/2016","date_depot":"12/02/2016","valide":"Oui","ppo":"Non","type_carte":"Nouvelle carte","fond":"IGN","obsolete":false}},{"type":"Feature","geometry":{"type":"Polygon","coordinates":[[[5.5297,45.1317],[5.5316,45.1309],[5.5427,45.1327],[5.5435,45.1322],[5.5449,45.1297],[5.5451,45.1289],[5.5427,45.1199],[5.5414,45.1186],[5.5394,45.119],[5.5378,45.1185],[5.5359,45.1198],[5.5353,45.1209],[5.5305,45.1224],[5.5247,45.1226],[5.5234,45.1236],[5.5222,45.1239],[5.5198,45.1231],[5.5191,45.1237],[5.5165,45.1256],[5.5148,45.126],[5.5154,45.1279],[5.5171,45.1313],[5.5163,45.1374],[5.5147,45.1398],[5.5126,45.1391],[5.5113,45.1376],[5.51,45.1364],[5.5077,45.137],[5.5061,45.1392],[5.5049,45.1413],[5.5039,45.1449],[5.5053,45.1482],[5.5082,45.1534],[5.51,45.1565],[5.5178,45.155],[5.5204,45.155],[5.5235,45.1542],[5.5236,45.1511],[5.5261,45.15],[5.5267,45.1444],[5.527,45.1402],[5.5267,45.1366],[5.5289,45.1319],[5.5297,45.1317]]]},"properties":{"id_ffco":"2015-D38-195","nom":"MEAUDRE - LA PLAINE","_dept":"38","numero":"2015-D38-195","commune":"Méaudre","echelle":"1/10000","surface":"6.08 km²","format":"A4","annee":"2015","cartographes":"Franck Dechavanne","proprietaire":"38 - Isère","niveau":"Départemental","specialite":"CO à pied","contacts":"CDCO 38, contact@cdco38.fr","latitude":"45.1371310588","longitude":"5.52274163485","date_saisie":"19/01/2016","date_depot":"12/02/2016","valide":"Oui","ppo":"Non","type_carte":"Nouvelle carte","fond":"IGN","obsolete":false}},{"type":"Feature","geometry":{"type":"Polygon","coordinates":[[[5.5171,45.1301],[5.5295,45.1303],[5.5302,45.1316],[5.5288,45.132],[5.5269,45.137],[5.5269,45.1441],[5.5263,45.1501],[5.5235,45.1513],[5.524,45.1545],[5.5192,45.1556],[5.5172,45.1554],[5.5116,45.157],[5.5092,45.1538],[5.5076,45.1511],[5.5059,45.1459],[5.5056,45.1427],[5.5062,45.1388],[5.5074,45.1364],[5.5099,45.1359],[5.5113,45.1363],[5.5114,45.1377],[5.5121,45.1386],[5.5156,45.1388],[5.5163,45.1365],[5.5171,45.1301]]]},"properties":{"id_ffco":"2015-D38-194","nom":"MEAUDRE - LE TROU QUI SOUFFLE","_dept":"38","numero":"2015-D38-194","commune":"Méaudre","echelle":"1/10000","surface":"3.78 km²","format":"A4","annee":"2015","cartographes":"Franck Dechavanne","proprietaire":"38 - Isère","niveau":"Départemental","specialite":"CO à pied","contacts":"CDCO 38, 7 rue de l'Industrie, 38320, Eybens, contact@cdco38.fr, http://cdco38.fr/","latitude":"45.1435339935","longitude":"5.51747442529","date_saisie":"19/01/2016","date_depot":"12/02/2016","valide":"Oui","ppo":"Non","type_carte":"Nouvelle carte","fond":"IGN","obsolete":false}},{"type":"Feature","geometry":{"type":"Polygon","coordinates":[[[5.5242,45.1232],[5.5271,45.1223],[5.5299,45.1224],[5.5316,45.1218],[5.5351,45.1209],[5.5356,45.1199],[5.5366,45.1189],[5.5387,45.1176],[5.5408,45.1169],[5.5415,45.1168],[5.5451,45.1298],[5.5432,45.1306],[5.5433,45.1323],[5.5424,45.1327],[5.5391,45.1318],[5.5375,45.1318],[5.5326,45.1311],[5.5299,45.1314],[5.5293,45.1318],[5.5282,45.1341],[5.5169,45.1336],[5.5169,45.1299],[5.5153,45.1274],[5.5152,45.1259],[5.5162,45.1259],[5.5173,45.1252],[5.5178,45.1247],[5.5187,45.1231],[5.5199,45.1227],[5.5208,45.1233],[5.5228,45.1239],[5.5242,45.1232]]]},"properties":{"id_ffco":"2015-D38-193","nom":"MEAUDRE VILLAGE","_dept":"38","numero":"2015-D38-193","commune":"Méaudre","echelle":"1/7500","surface":"2.7 km²","format":"A4","annee":"2015","cartographes":"Franck Dechavanne","proprietaire":"38 - Isère","niveau":"Initiation, Scolaire","specialite":"CO à pied","contacts":"CDCO 38, contact@cdco38.fr","latitude":"45.1268963269","longitude":"5.53096006796","date_saisie":"19/01/2016","date_depot":"12/02/2016","valide":"Oui","ppo":"Non","type_carte":"Nouvelle carte","fond":"IGN","obsolete":false}},{"type":"Feature","geometry":{"type":"Polygon","coordinates":[[[5.7683,45.2075],[5.7643,45.2049],[5.7656,45.2023],[5.7737,45.2035],[5.7743,45.2038],[5.7811,45.2049],[5.7808,45.2065],[5.78,45.2095],[5.7864,45.2107],[5.787,45.2112],[5.7887,45.2116],[5.7921,45.2115],[5.7942,45.2115],[5.7979,45.2121],[5.7969,45.2138],[5.7975,45.2147],[5.7969,45.2156],[5.7964,45.2175],[5.7948,45.2182],[5.7931,45.2176],[5.7941,45.2157],[5.7914,45.2151],[5.7895,45.2149],[5.7858,45.2148],[5.7841,45.2171],[5.7796,45.2145],[5.7775,45.2137],[5.7753,45.2126],[5.7737,45.2114],[5.7753,45.2098],[5.7713,45.2088],[5.7721,45.2062],[5.771,45.2059],[5.7694,45.2059],[5.7688,45.2067],[5.7683,45.2075]]]},"properties":{"id_ffco":"2015-D38-191","nom":"MEYLAN","_dept":"38","numero":"2015-D38-191","commune":"Meylan","echelle":"1/4000","surface":"1.55 km²","format":"A3","annee":"2015","cartographes":"Théo Fleurent, Benoit Deroux","proprietaire":"38 - Isère","niveau":"National, International","specialite":"CO à pied","contacts":"CDCO 38 Isère, 7 rue de l'Industrie, 38320, EYBENS, contact@cdco38.fr, http://cdco38.fr/","latitude":"45.210210661","longitude":"5.78093954202","date_saisie":"19/01/2016","date_depot":"12/02/2016","valide":"Oui","ppo":"Non","type_carte":"Nouvelle carte","fond":"IGN","obsolete":false}},{"type":"Feature","geometry":{"type":"Polygon","coordinates":[[[5.54,45.1737],[5.5395,45.1728],[5.544,45.1731],[5.5469,45.1752],[5.5475,45.1752],[5.5492,45.1765],[5.5487,45.1772],[5.5513,45.1787],[5.5445,45.1822],[5.5432,45.179],[5.5423,45.1779],[5.5401,45.1784],[5.5393,45.179],[5.5364,45.177],[5.5366,45.1745],[5.5397,45.1738],[5.54,45.1737]]]},"properties":{"id_ffco":"2015-D38-188","nom":"AUTRANS - VILLAGE","_dept":"38","numero":"2015-D38-188","commune":"Autrans","echelle":"1/4000","surface":"0.62 km²","format":"A3","annee":"2015","cartographes":"Bruno Marchegay","proprietaire":"38 - Isère","niveau":"National, International","specialite":"CO à pied","contacts":"CDCO 38, contact@cdco38.fr","latitude":"45.1769148672","longitude":"5.54345501109","date_saisie":"19/01/2016","date_depot":"12/02/2016","valide":"Oui","ppo":"Non","type_carte":"Nouvelle carte","fond":"IGN","obsolete":false}},{"type":"Feature","geometry":{"type":"Polygon","coordinates":[[[5.5186,45.0603],[5.5164,45.059],[5.5157,45.0573],[5.5159,45.0559],[5.5149,45.0542],[5.5149,45.0535],[5.5142,45.0527],[5.5123,45.0501],[5.5101,45.045],[5.5093,45.0417],[5.5084,45.0399],[5.5084,45.0375],[5.5076,45.037],[5.5062,45.0369],[5.5035,45.0364],[5.5004,45.0363],[5.4996,45.0348],[5.5019,45.0337],[5.503,45.0328],[5.504,45.0329],[5.5043,45.0323],[5.506,45.0306],[5.5074,45.0304],[5.5088,45.03],[5.511,45.0291],[5.5123,45.0276],[5.5148,45.0263],[5.5155,45.0236],[5.5177,45.0241],[5.5202,45.0256],[5.5214,45.0267],[5.5233,45.0284],[5.5264,45.0299],[5.5279,45.0321],[5.5279,45.0334],[5.5263,45.036],[5.5269,45.0373],[5.5257,45.0412],[5.5263,45.0453],[5.5269,45.0475],[5.5274,45.0496],[5.5271,45.0521],[5.5262,45.0535],[5.5278,45.0562],[5.5278,45.0577],[5.5281,45.0601],[5.5263,45.0604],[5.5236,45.0614],[5.5214,45.0615],[5.52,45.0605],[5.5193,45.0604],[5.5186,45.0603]]]},"properties":{"id_ffco":"2015-D38-187","nom":"LOUBIERE GENETY","_dept":"38","numero":"2015-D38-187","commune":"Villard de Lans","echelle":"1/10000","surface":"4.97 km²","format":"A3","annee":"2015","cartographes":"Franck Dechavanne","proprietaire":"38 - Isère","niveau":"Interrégional","specialite":"CO à pied","contacts":"CDCO 38, contact@cdco38.fr","latitude":"45.0417386231","longitude":"5.5178661272","date_saisie":"19/01/2016","date_depot":"12/02/2016","valide":"Oui","ppo":"Non","type_carte":"Nouvelle carte","fond":"IGN","obsolete":false}},{"type":"Feature","geometry":{"type":"Polygon","coordinates":[[[5.8231,45.2413],[5.8253,45.2392],[5.8286,45.2409],[5.8281,45.2414],[5.8286,45.2417],[5.8266,45.2433],[5.8231,45.2413]]]},"properties":{"id_ffco":"2015-D38-186","nom":"PARC RANDON","_dept":"38","numero":"2015-D38-186","commune":"Saint Ismier","echelle":"1/2500","surface":"0.11 km²","format":"A4","annee":"2015","cartographes":"David Barranger","proprietaire":"38 - Isère","niveau":"Initiation, Scolaire","specialite":"CO à pied","contacts":"CDCO 38, contact@cdco38.fr // CDCO 38, 7 rue de l'Industrie, 38320, Eybens, contact@cdco38.fr, http://cdco38.fr/","latitude":"45.2412598023","longitude":"5.82596715998","date_saisie":"19/01/2016","date_depot":"12/02/2016","valide":"Oui","ppo":"Non","type_carte":"Nouvelle carte","fond":"IGN","obsolete":false}},{"type":"Feature","geometry":{"type":"Polygon","coordinates":[[[5.7431,45.1498],[5.7435,45.1493],[5.7441,45.149],[5.7477,45.1485],[5.7478,45.148],[5.7455,45.1472],[5.7436,45.1455],[5.7418,45.1445],[5.7397,45.1439],[5.736,45.148],[5.7363,45.1485],[5.7406,45.1493],[5.7431,45.1498]]]},"properties":{"id_ffco":"2015-D38-185","nom":"Les Ruires - Eybens","_dept":"38","numero":"2015-D38-185","commune":"EYBENS","echelle":"1/4000","surface":"0.32 km²","format":"A4","annee":"2015","cartographes":"Théo Fleurent","proprietaire":"38 - Isère","niveau":"Initiation, Scolaire","specialite":"CO à pied","contacts":"CDCO 38, cdco38@free.fr","latitude":"45.1471867784","longitude":"5.74139509963","date_saisie":"01/04/2015","date_depot":"22/10/2015","valide":"Oui","ppo":"Non","type_carte":"Nouvelle carte","fond":"Cadastre","obsolete":false}},{"type":"Feature","geometry":{"type":"Polygon","coordinates":[[[5.1254,45.6181],[5.1225,45.6206],[5.1201,45.6213],[5.1198,45.6221],[5.1182,45.6238],[5.1177,45.6255],[5.1159,45.6268],[5.1124,45.6284],[5.114,45.6294],[5.1122,45.6311],[5.1108,45.6326],[5.1115,45.6336],[5.1125,45.6358],[5.1139,45.6369],[5.1153,45.6377],[5.1167,45.6374],[5.1185,45.6371],[5.1198,45.6358],[5.1201,45.6344],[5.1222,45.6323],[5.1234,45.6318],[5.1244,45.6309],[5.1251,45.6315],[5.1254,45.6329],[5.1245,45.6336],[5.126,45.6354],[5.1289,45.6337],[5.1301,45.6354],[5.1337,45.6335],[5.1386,45.6318],[5.1388,45.6304],[5.1385,45.6297],[5.1382,45.6282],[5.1361,45.6295],[5.1346,45.6284],[5.1357,45.6278],[5.1342,45.6272],[5.1356,45.6259],[5.1381,45.6254],[5.1388,45.6247],[5.1395,45.6238],[5.1398,45.623],[5.1419,45.6215],[5.1411,45.621],[5.1389,45.6211],[5.1366,45.6209],[5.1355,45.6197],[5.1353,45.6184],[5.1361,45.6185],[5.1362,45.6176],[5.137,45.6175],[5.1382,45.6162],[5.1389,45.6153],[5.1409,45.6154],[5.1421,45.6135],[5.143,45.6115],[5.1438,45.6096],[5.1431,45.6092],[5.144,45.6076],[5.1434,45.6054],[5.1427,45.6044],[5.1244,45.6041],[5.1237,45.6062],[5.1243,45.6064],[5.1236,45.61],[5.1226,45.6119],[5.1215,45.6144],[5.1215,45.6174],[5.1243,45.6179],[5.1254,45.6181]]]},"properties":{"id_ffco":"2015-D38-184","nom":"ETANG DE ST QUENTIN","_dept":"38","numero":"2015-D38-184","commune":"Saint Quentin Fallavier","echelle":"1/10000","surface":"5.28 km²","format":"A3","annee":"2015","cartographes":"David Barranger","proprietaire":"38 - Isère","niveau":"Initiation, Scolaire","specialite":"CO à pied","contacts":"CDCO 38, contact@cdco38.fr","latitude":"45.6203272675","longitude":"5.12885154199","date_saisie":"19/01/2016","date_depot":"12/02/2016","valide":"Oui","ppo":"Non","type_carte":"Nouvelle carte","fond":"IGN","obsolete":false}},{"type":"Feature","geometry":{"type":"Polygon","coordinates":[[[5.859,45.0261],[5.8589,45.0271],[5.8588,45.0275],[5.8585,45.0282],[5.8581,45.0286],[5.8573,45.0293],[5.8572,45.0296],[5.8567,45.03],[5.8563,45.0303],[5.8552,45.0301],[5.8545,45.0306],[5.854,45.031],[5.8529,45.0315],[5.8521,45.0317],[5.8512,45.0319],[5.8508,45.0323],[5.8501,45.0328],[5.8492,45.0338],[5.8479,45.034],[5.8475,45.0345],[5.8477,45.0351],[5.8467,45.0351],[5.8458,45.0352],[5.8441,45.0357],[5.8429,45.0362],[5.8423,45.0362],[5.8414,45.0362],[5.841,45.036],[5.8406,45.0356],[5.8401,45.0352],[5.8389,45.0344],[5.8372,45.0325],[5.8367,45.0319],[5.8368,45.0313],[5.8371,45.0309],[5.8381,45.0311],[5.8387,45.0307],[5.8389,45.0301],[5.8388,45.0298],[5.8387,45.0289],[5.8389,45.0282],[5.8388,45.028],[5.8393,45.0275],[5.8404,45.0267],[5.842,45.0258],[5.8427,45.0255],[5.842,45.0245],[5.8448,45.0245],[5.8484,45.0245],[5.8516,45.0245],[5.8534,45.0245],[5.8563,45.0245],[5.8577,45.0245],[5.8591,45.0244],[5.859,45.0261]]]},"properties":{"id_ffco":"2014-D38-183","nom":"LES SOUILLETS","_dept":"38","numero":"2014-D38-183","commune":"38350 LA MORTE,","echelle":"1/7500","surface":"1.5 km²","format":"A4","annee":"2014","niveau":"Régional","specialite":"CO à pied","contacts":"Carte avec PPO OT La Morte / Carte vierge CDCO 38, cdco38@free.fr","latitude":"45.02846","longitude":"5.85731","date_saisie":"01/01/2015","date_depot":"22/10/2015","valide":"Oui","ppo":"Non","type_carte":"Nouvelle carte","fond":"Ortho","obsolete":false}},{"type":"Feature","geometry":{"type":"Polygon","coordinates":[[[5.6719,45.1962],[5.6713,45.1959],[5.6703,45.1959],[5.6695,45.1958],[5.6703,45.1953],[5.6705,45.1949],[5.6698,45.1946],[5.67,45.1943],[5.6705,45.1938],[5.671,45.1938],[5.6719,45.1942],[5.6727,45.1936],[5.6739,45.1942],[5.6738,45.1945],[5.6735,45.1949],[5.6719,45.1962]]]},"properties":{"id_ffco":"2014-D38-182","nom":"LA POYA - FONTAINE","_dept":"38","numero":"2014-D38-182","commune":"FONTAINE","echelle":"1/2000","surface":"0.06 km²","format":"A4","annee":"2014","cartographes":"FLEURENT Théo","proprietaire":"38 - Isère","niveau":"Initiation, Scolaire","specialite":"CO à pied","contacts":"CDCO 38, contact@cdco38.fr // CDCO 38, cdco38@free.fr, http://cdco38.free.fr","latitude":"45.1948479228","longitude":"5.67174936096","date_saisie":"01/10/2014","date_depot":"12/02/2016","valide":"Oui","ppo":"Non","type_carte":"Nouvelle carte","fond":"IGN","obsolete":false}},{"type":"Feature","geometry":{"type":"Polygon","coordinates":[[[5.6216,44.8298],[5.6216,44.8294],[5.6226,44.8297],[5.6236,44.8298],[5.6241,44.8287],[5.6246,44.828],[5.6247,44.8277],[5.6251,44.8274],[5.6259,44.827],[5.6277,44.8271],[5.6278,44.8267],[5.6272,44.8257],[5.627,44.8245],[5.6266,44.8241],[5.6256,44.8233],[5.6251,44.8236],[5.6247,44.8242],[5.624,44.8249],[5.623,44.8255],[5.6215,44.8256],[5.6207,44.8261],[5.6192,44.8274],[5.6209,44.8278],[5.6212,44.8287],[5.6206,44.829],[5.6203,44.8294],[5.6216,44.8298]]]},"properties":{"id_ffco":"2014-D38-181","nom":"VILLAGE DE CLELLES","_dept":"38","numero":"2014-D38-181","commune":"38930 CLELLES","echelle":"1/4000","surface":"0.23 km²","format":"A4","annee":"2014","cartographes":"BARRANGER David","niveau":"Initiation, Scolaire","specialite":"CO à pied","contacts":"CDCO 38 Isère, 7 rue de l'Industrie, 38320, EYBENS, contact@cdco38.fr, http://cdco38.fr/","latitude":"44.82754","longitude":"5.62321","date_saisie":"01/10/2014","date_depot":"22/10/2015","valide":"Oui","ppo":"Non","type_carte":"Nouvelle carte","fond":"Ortho","obsolete":false}},{"type":"Feature","geometry":{"type":"Polygon","coordinates":[[[5.6296,44.8309],[5.6296,44.8313],[5.63,44.8325],[5.6303,44.8336],[5.6301,44.8347],[5.6299,44.8351],[5.6292,44.8355],[5.629,44.8355],[5.629,44.8352],[5.6283,44.8353],[5.6272,44.8354],[5.6272,44.8357],[5.6278,44.8357],[5.628,44.8366],[5.628,44.8368],[5.6278,44.8368],[5.6273,44.8369],[5.6271,44.8372],[5.627,44.8374],[5.6269,44.8376],[5.6275,44.838],[5.6284,44.8382],[5.6282,44.8385],[5.6282,44.8389],[5.6283,44.8391],[5.6294,44.8394],[5.63,44.8385],[5.6307,44.8387],[5.6316,44.8389],[5.6323,44.839],[5.633,44.8392],[5.6333,44.8397],[5.6344,44.8396],[5.635,44.84],[5.6354,44.8399],[5.6353,44.8404],[5.6359,44.8404],[5.6364,44.8408],[5.6371,44.8407],[5.6379,44.8405],[5.6389,44.8407],[5.6391,44.8413],[5.6396,44.8414],[5.64,44.8416],[5.6409,44.8416],[5.6415,44.8414],[5.6416,44.8409],[5.6417,44.8404],[5.6419,44.8402],[5.6418,44.8401],[5.6424,44.84],[5.6429,44.84],[5.6435,44.8401],[5.6438,44.8402],[5.6444,44.8399],[5.6448,44.839],[5.6449,44.8387],[5.6444,44.8382],[5.6448,44.8376],[5.6447,44.8371],[5.6436,44.8366],[5.6421,44.8362],[5.6416,44.8361],[5.6431,44.8356],[5.6446,44.8347],[5.6449,44.8337],[5.6453,44.8334],[5.6456,44.8328],[5.6453,44.8327],[5.6451,44.8328],[5.6447,44.8328],[5.6444,44.8325],[5.6444,44.8323],[5.6441,44.8321],[5.6438,44.8323],[5.6431,44.8323],[5.643,44.8329],[5.6427,44.8336],[5.6423,44.8334],[5.6408,44.8333],[5.6392,44.8336],[5.6389,44.8337],[5.6381,44.8337],[5.6375,44.8336],[5.6368,44.8335],[5.6367,44.8332],[5.6364,44.8329],[5.6357,44.8325],[5.6348,44.8325],[5.6344,44.8325],[5.6336,44.8323],[5.633,44.832],[5.6315,44.8317],[5.631,44.8316],[5.6296,44.8309]]]},"properties":{"id_ffco":"2014-D38-180","nom":"CLELLES-NORD","_dept":"38","numero":"2014-D38-180","commune":"38930 CLELLES","echelle":"1/10000","surface":"1.01 km²","format":"A4","annee":"2014","cartographes":"BARRANGER David","niveau":"Régional","specialite":"CO à pied","contacts":"CDCO 38 Isère, 7 rue de l'Industrie, 38320, EYBENS, contact@cdco38.fr, http://cdco38.fr/","latitude":"44.82754","longitude":"5.62321","date_saisie":"01/10/2014","date_depot":"22/10/2015","valide":"Oui","ppo":"Non","type_carte":"Nouvelle carte","fond":"Ortho","obsolete":false}},{"type":"Feature","geometry":{"type":"Polygon","coordinates":[[[5.6376,44.8259],[5.6384,44.8262],[5.639,44.8281],[5.6393,44.8284],[5.6403,44.8282],[5.6411,44.8284],[5.6419,44.8279],[5.6427,44.8278],[5.6432,44.8271],[5.6447,44.8269],[5.6458,44.8273],[5.6466,44.8272],[5.6477,44.8269],[5.6482,44.8265],[5.649,44.8266],[5.6504,44.827],[5.6518,44.827],[5.6529,44.827],[5.6537,44.8271],[5.655,44.827],[5.6558,44.8278],[5.6563,44.8285],[5.6573,44.8291],[5.6578,44.8302],[5.6584,44.8305],[5.6593,44.8306],[5.66,44.8304],[5.6606,44.8299],[5.6613,44.8296],[5.6619,44.8291],[5.6629,44.8291],[5.6637,44.8287],[5.664,44.8281],[5.6646,44.8272],[5.6656,44.8263],[5.6661,44.8264],[5.6667,44.8266],[5.6682,44.8264],[5.6688,44.8262],[5.6694,44.8257],[5.6691,44.8255],[5.6686,44.8254],[5.6686,44.825],[5.6687,44.8247],[5.6685,44.8244],[5.6682,44.8241],[5.6679,44.8242],[5.6676,44.8242],[5.6672,44.8241],[5.6671,44.8238],[5.6672,44.8237],[5.6678,44.8236],[5.6682,44.8224],[5.669,44.8218],[5.67,44.8219],[5.6707,44.8214],[5.6712,44.821],[5.6722,44.8219],[5.673,44.8217],[5.6731,44.8216],[5.6733,44.8217],[5.6734,44.8216],[5.6734,44.8214],[5.6742,44.8206],[5.6743,44.8203],[5.6757,44.8195],[5.6761,44.8189],[5.6761,44.8186],[5.6765,44.8181],[5.6781,44.8181],[5.6789,44.8179],[5.6799,44.8171],[5.6806,44.8165],[5.6814,44.8153],[5.6815,44.8146],[5.6824,44.8136],[5.6815,44.8111],[5.6824,44.8109],[5.6831,44.8102],[5.6843,44.8097],[5.6845,44.8092],[5.6859,44.8089],[5.6869,44.8083],[5.6867,44.8079],[5.6856,44.8078],[5.685,44.8077],[5.6845,44.8073],[5.6842,44.8066],[5.6842,44.8061],[5.6835,44.806],[5.6821,44.8057],[5.6811,44.8053],[5.6764,44.8049],[5.6761,44.8045],[5.6761,44.8039],[5.6757,44.8036],[5.6752,44.8036],[5.6752,44.8025],[5.6749,44.8021],[5.6735,44.8016],[5.6728,44.8013],[5.6723,44.801],[5.6719,44.8012],[5.6714,44.8009],[5.671,44.8007],[5.67,44.801],[5.6683,44.8016],[5.6666,44.8013],[5.6649,44.8014],[5.6646,44.8015],[5.6649,44.8019],[5.6655,44.8027],[5.666,44.8031],[5.6671,44.8037],[5.6677,44.8044],[5.6673,44.8047],[5.6667,44.805],[5.6668,44.8055],[5.6662,44.8058],[5.6649,44.8065],[5.6645,44.8064],[5.6638,44.806],[5.6607,44.8063],[5.6596,44.807],[5.6589,44.8073],[5.6583,44.807],[5.658,44.8068],[5.6516,44.807],[5.6489,44.8069],[5.6462,44.8081],[5.6451,44.8101],[5.6412,44.8102],[5.6406,44.8109],[5.6394,44.811],[5.6384,44.8112],[5.6374,44.8112],[5.6366,44.8111],[5.6358,44.8117],[5.6334,44.8138],[5.6329,44.8139],[5.6328,44.8145],[5.6332,44.8149],[5.6334,44.8151],[5.6318,44.8162],[5.6325,44.8164],[5.6331,44.8166],[5.6335,44.8171],[5.634,44.8173],[5.6343,44.8172],[5.6365,44.8173],[5.6375,44.8173],[5.6381,44.8174],[5.6388,44.8175],[5.6399,44.8177],[5.6402,44.8182],[5.6405,44.8183],[5.6404,44.8184],[5.64,44.8186],[5.6401,44.8187],[5.6406,44.8187],[5.6412,44.8188],[5.6417,44.8189],[5.6421,44.8191],[5.6431,44.8192],[5.6436,44.8193],[5.6443,44.8194],[5.644,44.8199],[5.6472,44.8217],[5.6467,44.822],[5.6458,44.8223],[5.6474,44.8227],[5.6479,44.8234],[5.6474,44.8236],[5.6468,44.8239],[5.6464,44.8237],[5.6461,44.8233],[5.6457,44.8233],[5.6454,44.8228],[5.6453,44.8225],[5.6442,44.8226],[5.6439,44.8227],[5.6439,44.8237],[5.6423,44.8239],[5.6419,44.8242],[5.6416,44.8243],[5.641,44.8247],[5.6403,44.8246],[5.6399,44.8243],[5.6393,44.8245],[5.6387,44.8249],[5.6378,44.8254],[5.6379,44.8258],[5.6376,44.8259]]]},"properties":{"id_ffco":"2014-D38-178","nom":"RIF DU PERRON - TRIEVES","_dept":"38","numero":"2014-D38-178","commune":"CLELLES, LE PERCY, MONESTIER DU PERCY","echelle":"1/10000","surface":"7.37 km²","format":"+","annee":"2014","cartographes":"COTIRTA Marian, MARCHEGAY Bruno","niveau":"National, International","specialite":"CO à pied","contacts":"CDCO 38 Isère, 7 rue de l'Industrie, 38320, EYBENS, contact@cdco38.fr, http://cdco38.fr/","latitude":"44.81718","longitude":"5.66294","date_saisie":"01/10/2014","date_depot":"15/01/2018","valide":"Oui","ppo":"Non","type_carte":"Nouvelle carte","fond":"Ortho","obsolete":false}},{"type":"Feature","geometry":{"type":"Polygon","coordinates":[[[5.8275,45.1395],[5.8296,45.1393],[5.8311,45.1395],[5.8322,45.1396],[5.833,45.1394],[5.8335,45.1395],[5.8338,45.1399],[5.8344,45.1403],[5.835,45.141],[5.8348,45.1416],[5.8346,45.1418],[5.8346,45.1426],[5.8353,45.1429],[5.8366,45.1436],[5.8361,45.1442],[5.836,45.1445],[5.8366,45.1452],[5.837,45.1461],[5.8372,45.1469],[5.8374,45.1471],[5.8376,45.1474],[5.8362,45.1479],[5.8361,45.1485],[5.8348,45.1488],[5.8336,45.149],[5.8337,45.1482],[5.8339,45.1476],[5.833,45.1474],[5.8305,45.1471],[5.8286,45.1469],[5.8284,45.1454],[5.8286,45.1447],[5.8292,45.1435],[5.8289,45.1426],[5.8286,45.142],[5.8282,45.1405],[5.8277,45.1399],[5.8274,45.1396],[5.8275,45.1395]]]},"properties":{"id_ffco":"2014-D38-174","nom":"PARC D'URIAGE - SAINT MARTIN D'URIAGE","_dept":"38","numero":"2014-D38-174","commune":"saint Martin d'uriage","echelle":"1/4000","surface":"0.52 km²","format":"A4","annee":"2014","cartographes":"GAUDUIN Maxime","niveau":"Initiation, Scolaire","specialite":"CO à pied","contacts":"CDCO 38, 7 rue de l'Industrie, 38320, Eybens, contact@cdco38.fr, http://cdco38.fr/","latitude":"45.14038","longitude":"5.82862","date_saisie":"01/07/2014","date_depot":"22/10/2015","valide":"Oui","ppo":"Non","type_carte":"Nouvelle carte","fond":"Cadastre","obsolete":false}},{"type":"Feature","geometry":{"type":"Polygon","coordinates":[[[5.5811,45.3795],[5.5791,45.3814],[5.5776,45.3828],[5.5764,45.3842],[5.5752,45.3857],[5.5747,45.3853],[5.5745,45.384],[5.574,45.3822],[5.5736,45.3812],[5.5728,45.3804],[5.573,45.3801],[5.5738,45.3795],[5.5743,45.3794],[5.5743,45.3792],[5.5812,45.3794],[5.5811,45.3795]]]},"properties":{"id_ffco":"2014-D38-173","nom":"TEMPLIN SPORT FORMATION-VOIRON","_dept":"38","numero":"2014-D38-173","commune":"38500 VOIRON","echelle":"1/4000","surface":"0.23 km²","format":"A4","annee":"2014","cartographes":"BARRANGER David, RIO Nicolas","proprietaire":"38 - Isère","niveau":"Initiation, Scolaire","specialite":"CO à pied","contacts":"TSF Voiron carte réservée aux scolaires et aux usagers de Tremplin Sport, 04 76 67 04 05","latitude":"45.38143","longitude":"5.5771","date_saisie":"01/07/2014","date_depot":"22/10/2015","valide":"Oui","ppo":"Oui (40 postes)","type_carte":"Nouvelle carte","base":"2003-D38-79 DOMAINE DE LA BRUNERIE","fond":"Ortho","obsolete":false}},{"type":"Feature","geometry":{"type":"Polygon","coordinates":[[[5.5129,45.1121],[5.5121,45.1116],[5.511,45.1114],[5.5091,45.1106],[5.508,45.1092],[5.5078,45.1086],[5.5081,45.1082],[5.5076,45.108],[5.5066,45.1078],[5.5051,45.1067],[5.5039,45.1064],[5.502,45.1044],[5.5009,45.1032],[5.4981,45.1006],[5.4978,45.1001],[5.4967,45.0976],[5.4965,45.0962],[5.4967,45.0946],[5.4976,45.0939],[5.4992,45.0931],[5.4997,45.0921],[5.5014,45.0906],[5.5015,45.0911],[5.5021,45.0915],[5.504,45.0909],[5.5043,45.0943],[5.5037,45.0963],[5.5037,45.0973],[5.5033,45.0979],[5.5066,45.0978],[5.5076,45.0985],[5.5083,45.0991],[5.509,45.0997],[5.51,45.0994],[5.5106,45.0995],[5.5112,45.1003],[5.511,45.1009],[5.5101,45.1014],[5.5098,45.1016],[5.5103,45.1021],[5.5115,45.1024],[5.5115,45.103],[5.5122,45.1041],[5.5123,45.1044],[5.5139,45.1035],[5.5142,45.1035],[5.5147,45.1041],[5.515,45.105],[5.5158,45.1053],[5.5158,45.1064],[5.5151,45.1072],[5.515,45.1082],[5.5142,45.1091],[5.5144,45.1095],[5.5137,45.1117],[5.5129,45.1121]]]},"properties":{"id_ffco":"2014-D38-172","nom":"LE CHAMP DES NARCES-MEAUDRE","_dept":"38","numero":"2014-D38-172","commune":"Méaudre","echelle":"1/10000","surface":"1.55 km²","format":"A4","annee":"2014","cartographes":"BARRANGER David","niveau":"Initiation, Scolaire","specialite":"CO à pied","contacts":"CDCO 38 / OT Méaudre, OT Méaudre, 06 07 22 85 52, cdco38@free.fr","latitude":"45.10476","longitude":"5.5152","date_saisie":"01/07/2014","date_depot":"08/09/2014","valide":"Oui","ppo":"Oui (33 postes)","type_carte":"Nouvelle carte","fond":"Ortho","obsolete":false}},{"type":"Feature","geometry":{"type":"Polygon","coordinates":[[[5.6736,45.1716],[5.6747,45.1724],[5.6782,45.1753],[5.6783,45.1761],[5.6794,45.1757],[5.6812,45.1776],[5.6825,45.178],[5.6855,45.1785],[5.686,45.1795],[5.6868,45.1812],[5.6878,45.1822],[5.6886,45.1837],[5.6892,45.1841],[5.6897,45.1842],[5.6886,45.1855],[5.6859,45.1874],[5.6826,45.1896],[5.6776,45.193],[5.6762,45.1939],[5.6745,45.1936],[5.6736,45.1944],[5.674,45.1947],[5.672,45.196],[5.6714,45.1957],[5.6694,45.1956],[5.6678,45.1949],[5.6675,45.1952],[5.6664,45.195],[5.6669,45.1943],[5.6663,45.1937],[5.6647,45.1935],[5.6634,45.1944],[5.661,45.1938],[5.6613,45.1932],[5.6618,45.1928],[5.6623,45.1921],[5.6626,45.1916],[5.6627,45.191],[5.6619,45.1899],[5.6617,45.1894],[5.6621,45.1891],[5.6623,45.1885],[5.6604,45.1888],[5.6602,45.1874],[5.6605,45.1871],[5.6619,45.1873],[5.6628,45.1863],[5.662,45.1858],[5.6602,45.185],[5.663,45.1825],[5.6667,45.1812],[5.6685,45.1799],[5.6692,45.178],[5.6698,45.1758],[5.6723,45.1723],[5.6721,45.1717],[5.6733,45.1711],[5.6736,45.1716]]]},"properties":{"id_ffco":"2014-D38-171","nom":"LES VOUILLANTS-PRE FAURE","_dept":"38","numero":"2014-D38-171","commune":"38600 FONTAINE, 38170 SEYSSINET PARISET","echelle":"1/10000","surface":"3.47 km²","format":"A4","annee":"2014","cartographes":"DECHAVANNE Franck","niveau":"Régional","specialite":"CO à pied","contacts":"CDCO 38, cdco38@free.fr, http://cdco38.free.fr","latitude":"45.18182","longitude":"5.67158","date_saisie":"13/03/2014","date_depot":"20/10/2015","valide":"Oui","ppo":"Non","type_carte":"Reprise","base":"1994-D38-32 LES VOUILLANTS","fond":"Ortho","obsolete":false}},{"type":"Feature","geometry":{"type":"Polygon","coordinates":[[[5.4774,45.6919],[5.4781,45.6928],[5.4779,45.6933],[5.4773,45.6944],[5.4772,45.6953],[5.4765,45.6964],[5.4766,45.6981],[5.4757,45.6992],[5.4744,45.6998],[5.4729,45.7],[5.4715,45.7009],[5.4694,45.7004],[5.4669,45.7013],[5.4675,45.702],[5.4664,45.7024],[5.4659,45.7019],[5.4652,45.7021],[5.4649,45.7018],[5.4656,45.7017],[5.465,45.7014],[5.4645,45.7013],[5.4663,45.698],[5.465,45.6978],[5.4642,45.6977],[5.4638,45.6972],[5.4642,45.6965],[5.4653,45.6961],[5.4649,45.6957],[5.4682,45.6947],[5.4693,45.6944],[5.4732,45.693],[5.474,45.6925],[5.4745,45.6925],[5.475,45.6921],[5.4759,45.6923],[5.4774,45.6919]]]},"properties":{"id_ffco":"2013-D38-163","nom":"ROCHE PLAGE - MORESTEL","_dept":"38","numero":"2013-D38-163","commune":"MORESTEL","echelle":"1/5000","surface":"0.71 km²","format":"A4","annee":"2013","cartographes":"DECHAVANNE Franck","proprietaire":"Collége","niveau":"Départemental","specialite":"CO à pied","contacts":"COLLEGE FA RAVIER de Morestel","latitude":"45.69305","longitude":"5.47623","date_saisie":"13/03/2014","date_depot":"23/10/2015","valide":"Oui","ppo":"Non","type_carte":"Nouvelle carte","fond":"Ortho","obsolete":false}},{"type":"Feature","geometry":{"type":"Polygon","coordinates":[[[5.465,45.6764],[5.466,45.6771],[5.4666,45.6771],[5.4663,45.6775],[5.4657,45.6777],[5.4653,45.6779],[5.4658,45.6785],[5.464,45.6793],[5.4636,45.679],[5.463,45.6782],[5.4621,45.6787],[5.4616,45.6783],[5.4624,45.678],[5.4629,45.6777],[5.4633,45.6774],[5.4641,45.6771],[5.4647,45.6769],[5.465,45.6764]]]},"properties":{"id_ffco":"2013-D38-162","nom":"COMPLEXE SPORTIF DE MORESTEL","_dept":"38","numero":"2013-D38-162","commune":"MORESTEL","echelle":"1/2000","surface":"0.05 km²","format":"A4","annee":"2013","cartographes":"DECHAVANNE Franck","proprietaire":"Collége","niveau":"Initiation, Scolaire","specialite":"CO à pied","contacts":"COLLEGE FA RAVIER de Morestel","latitude":"45.6785","longitude":"5.46376","date_saisie":"13/03/2014","date_depot":"15/01/2018","valide":"Oui","ppo":"Non","type_carte":"Nouvelle carte","fond":"Ortho","obsolete":false}},{"type":"Feature","geometry":{"type":"Polygon","coordinates":[[[5.4673,45.679],[5.4679,45.6792],[5.4677,45.6793],[5.4688,45.6795],[5.4692,45.6794],[5.4692,45.6791],[5.4693,45.6791],[5.4694,45.6792],[5.4696,45.6792],[5.4696,45.6793],[5.4696,45.6794],[5.4698,45.6795],[5.4701,45.6802],[5.4698,45.6802],[5.4698,45.6802],[5.4694,45.6802],[5.4693,45.6807],[5.469,45.6807],[5.4687,45.681],[5.4685,45.6814],[5.4683,45.6816],[5.4675,45.6811],[5.4675,45.6809],[5.4669,45.6804],[5.4663,45.68],[5.4667,45.6796],[5.4668,45.6796],[5.4667,45.6795],[5.4673,45.679]]]},"properties":{"id_ffco":"2013-D38-161","nom":"LE CLOS CLARET - MORESTEL","_dept":"38","numero":"2013-D38-161","commune":"MORESTEL","echelle":"1/2000","surface":"0.04 km²","format":"A4","annee":"2013","cartographes":"DECHAVANNE Franck","proprietaire":"Collége","niveau":"Initiation, Scolaire","specialite":"CO à pied","contacts":"COLLEGE FA RAVIER de Morestel","latitude":"45.67959","longitude":"5.46945","date_saisie":"13/03/2014","date_depot":"15/01/2018","valide":"Oui","ppo":"Non","type_carte":"Nouvelle carte","fond":"Ortho","obsolete":false}},{"type":"Feature","geometry":{"type":"Polygon","coordinates":[[[5.7726,45.0756],[5.7729,45.0762],[5.7754,45.0756],[5.7783,45.0753],[5.7773,45.072],[5.7766,45.0712],[5.7757,45.0687],[5.7758,45.0676],[5.772,45.068],[5.7732,45.0732],[5.7726,45.0756]]]},"properties":{"id_ffco":"2013-D38-160","nom":"PARC DU CHATEAU DE VIZILLE -partie Nord","_dept":"38","numero":"2013-D38-160","commune":"VIZILLE","echelle":"1/4000","surface":"0.29 km²","format":"A4","annee":"2013","cartographes":"FLEURENT Théo","proprietaire":"38 - Isère","niveau":"Initiation, Scolaire","specialite":"CO à pied","contacts":"Cartes avec PPO Accueil Musée de la révolution / Carte vierge CDCO 38, cdco38@free.fr, http://cdco38.free.fr/","latitude":"45.07562","longitude":"5.77265","date_saisie":"13/03/2014","date_depot":"23/10/2015","valide":"Oui","ppo":"Oui (22 postes)","type_carte":"Nouvelle carte","fond":"Cadastre","obsolete":false}},{"type":"Feature","geometry":{"type":"Polygon","coordinates":[[[5.5228,45.0624],[5.5225,45.0619],[5.5218,45.0618],[5.5203,45.0607],[5.5195,45.0603],[5.5186,45.0602],[5.5171,45.0594],[5.5174,45.0594],[5.5166,45.0588],[5.5163,45.0577],[5.5161,45.0556],[5.5158,45.0554],[5.5153,45.0546],[5.5149,45.054],[5.5155,45.0534],[5.5145,45.053],[5.5144,45.0516],[5.5135,45.0517],[5.514,45.0506],[5.5133,45.0504],[5.5121,45.0504],[5.5122,45.0496],[5.5115,45.0489],[5.5117,45.0482],[5.5119,45.0474],[5.5117,45.0472],[5.5116,45.0464],[5.5106,45.0457],[5.5105,45.0452],[5.5108,45.0445],[5.5107,45.0437],[5.5103,45.0424],[5.5095,45.0415],[5.5095,45.0409],[5.5087,45.0401],[5.5092,45.0395],[5.5089,45.0386],[5.5091,45.0378],[5.5081,45.0368],[5.5079,45.035],[5.5136,45.0345],[5.5155,45.0351],[5.5182,45.0361],[5.5226,45.0365],[5.5244,45.0365],[5.5262,45.0374],[5.5262,45.038],[5.5258,45.0386],[5.5253,45.0399],[5.5252,45.041],[5.5251,45.0421],[5.5259,45.0446],[5.5264,45.0474],[5.5267,45.0483],[5.5271,45.0489],[5.5267,45.0513],[5.5268,45.0521],[5.5267,45.053],[5.5262,45.0536],[5.5266,45.0542],[5.5267,45.0551],[5.5271,45.0555],[5.5273,45.0559],[5.5269,45.0573],[5.5272,45.0578],[5.5274,45.059],[5.5277,45.0597],[5.5261,45.0605],[5.5249,45.0615],[5.5236,45.0623],[5.5228,45.0624]]]},"properties":{"id_ffco":"2013-D38-159","nom":"LA LOUBIERE-VILLARD DE LANS","_dept":"38","numero":"2013-D38-159","commune":"38250 VILLARD DE LANS","echelle":"1/10000","surface":"3.09 km²","format":"A4","annee":"2013","cartographes":"DECHAVANNE Franck","proprietaire":"3811 - GRENOBLE UNIVERSITE CLUB COURSE D'ORIENTATION","niveau":"National, International","specialite":"CO à pied","contacts":"CDCO 38, cdco38@free.fr, http://cdco38.free.fr","latitude":"45.06111","longitude":"5.52331","date_saisie":"13/03/2014","date_depot":"23/10/2015","valide":"Oui","ppo":"Non","type_carte":"Nouvelle carte","fond":"Ortho","obsolete":false}},{"type":"Feature","geometry":{"type":"Polygon","coordinates":[[[5.7396,45.0958],[5.7436,45.0944],[5.745,45.0954],[5.747,45.0976],[5.7477,45.098],[5.7479,45.0985],[5.747,45.0989],[5.7455,45.0998],[5.7465,45.1007],[5.746,45.1003],[5.7457,45.1005],[5.7448,45.0997],[5.7442,45.0997],[5.744,45.0997],[5.743,45.1],[5.7427,45.1001],[5.742,45.0992],[5.7417,45.099],[5.7413,45.0982],[5.7405,45.0972],[5.7403,45.0968],[5.7398,45.0964],[5.7396,45.096],[5.7396,45.0958]]]},"properties":{"id_ffco":"2012-D38-157","nom":"CLOS-JOUVIN - JARRIE","_dept":"38","numero":"2012-D38-157","commune":"38560 JARRIE,","echelle":"1/2500","surface":"0.24 km²","format":"A3","annee":"2012","cartographes":"MERMIN Eric","proprietaire":"3810 - ORIENT'ALP GRENOBLE","niveau":"Initiation, Scolaire","specialite":"CO à pied","contacts":"CLUB ORIENT'ALP et CDCO 38, 06 80 52 35 57, orientalp@free.fr, http://orientalp.free.fr/","latitude":"45.09686","longitude":"5.74243","date_saisie":"13/03/2014","date_depot":"23/10/2015","valide":"Oui","ppo":"Non","type_carte":"Reprise","base":"2008-D38-117 PARC DU CLOS JOUVIN - JARRIE","fond":"Cadastre","obsolete":false}},{"type":"Feature","geometry":{"type":"Polygon","coordinates":[[[5.9585,45.2413],[5.964,45.2382],[5.9647,45.2317],[5.9601,45.232],[5.9542,45.2315],[5.9542,45.2281],[5.953,45.2268],[5.9504,45.2269],[5.9494,45.2392],[5.9505,45.2424],[5.9559,45.2427],[5.9585,45.2413]]]},"properties":{"id_ffco":"2012-D38-154","nom":"COL DES MOUILLES","_dept":"38","numero":"2012-D38-154","commune":"SAINTE-AGNES","echelle":"1/10000","surface":"1.37 km²","format":"A4","annee":"2012","cartographes":"KAJAK Stephane","proprietaire":"3801 - DAUPHINE ORIENTATION","niveau":"National, International","specialite":"CO à pied","contacts":"CLUB DAUPHINE ORIENTATION, 04 76 22 49 03, 3801dor@free.fr, http://3801.free.fr","latitude":"45.23713","longitude":"5.95485","date_saisie":"19/07/2013","date_depot":"15/01/2018","valide":"Oui","ppo":"Non","type_carte":"Nouvelle carte","base":"2012-D38-140 PARCS ET JARDINS DE FIANCEY - SAINT EGREVE","fond":"Ortho","obsolete":false}},{"type":"Feature","geometry":{"type":"Polygon","coordinates":[[[5.7485,44.8203],[5.7466,44.82],[5.7466,44.8192],[5.7466,44.8188],[5.7472,44.8183],[5.7473,44.818],[5.7471,44.8175],[5.7457,44.8172],[5.7446,44.8164],[5.7444,44.8159],[5.7432,44.8138],[5.7465,44.8137],[5.7496,44.8136],[5.7519,44.8138],[5.7538,44.8141],[5.7537,44.8148],[5.7549,44.8157],[5.7551,44.816],[5.7552,44.8182],[5.7546,44.8204],[5.7539,44.8204],[5.7526,44.8203],[5.7504,44.8191],[5.7494,44.8193],[5.749,44.8199],[5.7485,44.8203]]]},"properties":{"id_ffco":"2013-D38-151","nom":"MENS-LE VILLAGE","_dept":"38","numero":"2013-D38-151","commune":"38710 MENS","echelle":"1/4000","surface":"0.51 km²","format":"A4","annee":"2013","cartographes":"FLEURENT Théo","proprietaire":"38 - Isère","niveau":"National, International","specialite":"CO à pied","contacts":"Carte avec PPO Office de Tourisme de Mens / Carte vierge CDCO 38, +33 4 76 34 84 25, accueil@trieves-tourisme.fr, http://www.trieves-tourisme.fr/","latitude":"44.81688","longitude":"5.75054","date_saisie":"19/07/2013","date_depot":"23/10/2015","valide":"Oui","ppo":"Oui (30 postes)","type_carte":"Nouvelle carte","fond":"Cadastre","obsolete":false}},{"type":"Feature","geometry":{"type":"Polygon","coordinates":[[[5.3425,45.0609],[5.3421,45.0614],[5.3411,45.062],[5.3394,45.0623],[5.3382,45.0624],[5.3363,45.0625],[5.3343,45.0627],[5.3344,45.0637],[5.3353,45.0647],[5.3359,45.0655],[5.3365,45.0661],[5.3377,45.067],[5.3399,45.0664],[5.3406,45.0663],[5.3416,45.0669],[5.3434,45.0668],[5.3441,45.0666],[5.3452,45.0657],[5.3465,45.0636],[5.347,45.0624],[5.347,45.0615],[5.3471,45.0602],[5.3469,45.0597],[5.3458,45.0593],[5.3445,45.0576],[5.3442,45.0573],[5.3424,45.0574],[5.3426,45.0593],[5.3426,45.0604],[5.3425,45.0609]]]},"properties":{"id_ffco":"2012-D38-149","nom":"PONT EN ROYANS","_dept":"38","numero":"2012-D38-149","commune":"PONT EN ROYANS","echelle":"1/4000","surface":"0.57 km²","format":"A4","annee":"2012","cartographes":"DEROUX Benoit","niveau":"Initiation, Scolaire","specialite":"CO à pied","contacts":"CLUB ROMANS ORIENTATION, coromans2604@gmail.com, http://romans.orientation.free.fr/","latitude":"45.06211","longitude":"5.3407","date_saisie":"19/07/2013","date_depot":"23/10/2015","valide":"Oui","ppo":"Non","type_carte":"Nouvelle carte","fond":"Cadastre","obsolete":false}},{"type":"Feature","geometry":{"type":"Polygon","coordinates":[[[5.218,45.1778],[5.2174,45.1787],[5.2153,45.1789],[5.215,45.1768],[5.2142,45.1775],[5.2139,45.1773],[5.2145,45.1767],[5.2141,45.1763],[5.2145,45.1753],[5.2153,45.1742],[5.2161,45.1736],[5.2175,45.1718],[5.22,45.1723],[5.2203,45.1734],[5.2211,45.1735],[5.2212,45.1739],[5.2204,45.1741],[5.22,45.1746],[5.2192,45.1781],[5.218,45.1778]]]},"properties":{"id_ffco":"2013-D38-145","nom":"SAINT ANTOINE L'ABBAYE","_dept":"38","numero":"2013-D38-145","commune":"SAINT ANTOINE DE L'ABBAYE","echelle":"1/3000","surface":"0.26 km²","format":"A4","annee":"2013","cartographes":"DEROUX Benoit","proprietaire":"INCONNU","niveau":"Initiation, Scolaire","specialite":"CO à pied","contacts":"CLUB ROMANS ORIENTATION, coromans2604@gmail.com, http://romans.orientation.free.fr/","latitude":"45.17575","longitude":"5.21576","date_saisie":"19/07/2013","date_depot":"23/10/2015","valide":"Oui","ppo":"Oui (14 postes)","type_carte":"Nouvelle carte","fond":"Cadastre","obsolete":false}},{"type":"Feature","geometry":{"type":"Polygon","coordinates":[[[5.5477,45.0679],[5.5578,45.0678],[5.5653,45.0686],[5.5725,45.0701],[5.5839,45.0568],[5.583,45.0556],[5.5808,45.0567],[5.5771,45.0561],[5.5723,45.0544],[5.5678,45.0558],[5.5631,45.0586],[5.5568,45.0544],[5.5534,45.0552],[5.5549,45.0573],[5.5568,45.0604],[5.5548,45.0618],[5.5462,45.0646],[5.5477,45.0679]]]},"properties":{"id_ffco":"2011-D38-137","nom":"LES COCHETTES - VILLARD DE LANS","_dept":"38","numero":"2011-D38-137","commune":"VILLARD DE LANS","echelle":"1/7500","surface":"3.0 km²","format":"A3","annee":"2011","cartographes":"DECHAVANNE Franck","proprietaire":"OFFICE DE TOURISME DE VILLARD DE LANS","niveau":"Régional","specialite":"CO à pied","contacts":"OFFICE DE TOURISME DE VILLARD DE LANS","latitude":"45.06222","longitude":"5.56505","date_saisie":"19/07/2013","date_depot":"23/10/2015","valide":"Oui","ppo":"Non","type_carte":"Nouvelle carte","fond":"Ortho","obsolete":false}},{"type":"Feature","geometry":{"type":"Polygon","coordinates":[[[5.5391,45.0414],[5.5417,45.0419],[5.5421,45.0423],[5.5456,45.043],[5.5475,45.0419],[5.5474,45.0436],[5.5492,45.0431],[5.5506,45.0416],[5.5578,45.0448],[5.5614,45.0458],[5.562,45.0336],[5.559,45.0328],[5.5484,45.0303],[5.548,45.0253],[5.5462,45.0227],[5.5455,45.0209],[5.5423,45.0185],[5.5363,45.0199],[5.534,45.0235],[5.5327,45.0288],[5.533,45.035],[5.5364,45.0399],[5.5391,45.0414]]]},"properties":{"id_ffco":"2011-D38-136","nom":"LES VORDAIGNES - VILLARD DE LANS","_dept":"38","numero":"2011-D38-136","commune":"VILLARD DE LANS","echelle":"1/10000","surface":"4.1 km²","format":"A4","annee":"2011","cartographes":"STEFANINI Jean-Philippe, MERMILLOD Marie Elisabeth, RAGACHE Jean-Claude","proprietaire":"3811 - GRENOBLE UNIVERSITE CLUB COURSE D'ORIENTATION","niveau":"National, International","specialite":"CO à pied","contacts":"CLUB GUC CO, 06 07 22 85 52, gucco@free.fr, http://guc-co.fr/","latitude":"45.03215","longitude":"5.54732","date_saisie":"19/07/2013","date_depot":"25/07/2013","valide":"Oui","ppo":"Non","type_carte":"Nouvelle carte","fond":"Ortho","obsolete":false}},{"type":"Feature","geometry":{"type":"Polygon","coordinates":[[[5.6716,45.0491],[5.6706,45.05],[5.6727,45.0512],[5.6734,45.0503],[5.6754,45.0495],[5.6776,45.0491],[5.6791,45.049],[5.6805,45.049],[5.6816,45.0467],[5.6799,45.0459],[5.6766,45.0451],[5.6728,45.0446],[5.6712,45.0441],[5.6667,45.0443],[5.6685,45.0477],[5.67,45.0486],[5.6716,45.0491]]]},"properties":{"id_ffco":"2010-D38-124","nom":"PLATEAU DU CROZET - VIF","_dept":"38","numero":"2010-D38-124","commune":"VIF","echelle":"1/5000","surface":"0.52 km²","format":"A4","annee":"2010","cartographes":"SCHMITT Denys","proprietaire":"3809 - UNION SPORTIVE DE SAINT EGREVE","niveau":"Départemental","specialite":"CO à pied","contacts":"CLUB USSE CO, 04 76 08 18 90, 3809ra@free.fr, http://3809ra.free.fr/","latitude":"45.04766","longitude":"5.67414","date_saisie":"19/07/2013","date_depot":"01/07/2011","valide":"Oui","ppo":"Non","type_carte":"Nouvelle carte","fond":"Cadastre","obsolete":false}},{"type":"Feature","geometry":{"type":"Polygon","coordinates":[[[5.8731,45.1694],[5.876,45.1674],[5.8778,45.1651],[5.8805,45.1615],[5.883,45.1582],[5.8869,45.1542],[5.8885,45.1511],[5.8852,45.1516],[5.8805,45.1516],[5.8766,45.1503],[5.8751,45.1502],[5.8758,45.148],[5.8748,45.1452],[5.8741,45.144],[5.8743,45.1417],[5.8663,45.1416],[5.8597,45.1421],[5.8597,45.1443],[5.8616,45.1463],[5.8628,45.1488],[5.8648,45.1515],[5.866,45.1561],[5.8647,45.1577],[5.8683,45.1648],[5.8645,45.1638],[5.8657,45.1669],[5.8731,45.1694]]]},"properties":{"id_ffco":"2010-D38-123","nom":"LES SEIGLIERES - SAINT MARTIN D'URIAGE","_dept":"38","numero":"2010-D38-123","commune":"SAINT-MARTIN D'URIAGE","echelle":"1/10000","surface":"3.54 km²","format":"A3","annee":"2010","cartographes":"PLOCKYN Daniel, SCHMITT Denys","proprietaire":"3809 - UNION SPORTIVE DE SAINT EGREVE","niveau":"Régional","specialite":"CO à pied","contacts":"CLUB USSE CO, 04 76 08 18 90, 3809ra@free.fr, http://3809ra.free.fr/","latitude":"45.15552","longitude":"5.8741","date_saisie":"19/07/2013","date_depot":"01/07/2011","valide":"Oui","ppo":"Non","type_carte":"Nouvelle carte","fond":"Ortho","obsolete":false}},{"type":"Feature","geometry":{"type":"Polygon","coordinates":[[[5.6971,45.1503],[5.7007,45.1497],[5.6992,45.1457],[5.6988,45.1445],[5.6943,45.1454],[5.6964,45.1501],[5.6971,45.1503]]]},"properties":{"id_ffco":"2008-D38-115","nom":"PARC GEO CHARLES - ECHIROLLES","_dept":"38","numero":"2008-D38-115","commune":"ECHIROLLES","echelle":"1/2000","surface":"0.21 km²","format":"A4","annee":"2008","cartographes":"STEFANINI Jean-Philippe","proprietaire":"3811 - GRENOBLE UNIVERSITE CLUB COURSE D'ORIENTATION","niveau":"Initiation, Scolaire","specialite":"CO à pied","contacts":"CLUB GUC CO, 04 76 53 46 17, 06 07 22 85 52, gucco@free.fr, http://guc-co.fr/","latitude":"45.14739","longitude":"5.6975","date_saisie":"19/07/2013","date_depot":"01/07/2011","valide":"Oui","ppo":"Non","type_carte":"Nouvelle carte","fond":"Cadastre","obsolete":false}},{"type":"Feature","geometry":{"type":"Polygon","coordinates":[[[5.97,45.0173],[5.9715,45.0175],[5.9742,45.0151],[5.9769,45.0103],[5.9772,45.0079],[5.9777,45.0037],[5.9761,45.0014],[5.9756,44.9981],[5.9734,44.9952],[5.9719,44.9905],[5.9637,44.9924],[5.9645,44.9954],[5.9659,44.9985],[5.9687,45.0006],[5.9674,45.0038],[5.9667,45.0053],[5.9675,45.0098],[5.9688,45.0154],[5.97,45.0173]]]},"properties":{"id_ffco":"2007-D38-104","nom":"LE COL D'ORNON - CHANTELOUVE","_dept":"38","numero":"2007-D38-104","commune":"CHANTELOUVE","echelle":"1/7500","surface":"1.93 km²","format":"A3","annee":"2007","cartographes":"COLLINSE Fabrice","proprietaire":"SYNDICAT D'ETUDES ET REALISATION DU COL D'ORNON","niveau":"Interrégional","specialite":"CO à pied","contacts":"CDCO 38, Maison Départementale des Sports, 7 rue de l'industrie, 38320, Eybens, contact@cdco38.fr","latitude":"45.004","longitude":"5.97071","date_saisie":"19/07/2013","valide":"Oui","ppo":"Non","type_carte":"Nouvelle carte","fond":"Cadastre","obsolete":false}},{"type":"Feature","geometry":{"type":"Polygon","coordinates":[[[5.842,45.0263],[5.8428,45.0241],[5.8448,45.0223],[5.8448,45.02],[5.8437,45.0173],[5.8415,45.0154],[5.8396,45.0134],[5.8431,45.0116],[5.8457,45.0101],[5.8526,45.0113],[5.8571,45.0118],[5.8583,45.0133],[5.857,45.0147],[5.8573,45.0171],[5.8603,45.0192],[5.8646,45.0173],[5.8691,45.0163],[5.8721,45.0163],[5.8708,45.0188],[5.8698,45.0194],[5.8683,45.0197],[5.8686,45.0214],[5.8702,45.024],[5.8694,45.0247],[5.8665,45.0253],[5.8648,45.0285],[5.8629,45.0297],[5.8597,45.0316],[5.8549,45.0303],[5.8496,45.0335],[5.8478,45.0344],[5.8477,45.0356],[5.8465,45.035],[5.8413,45.0368],[5.8373,45.0331],[5.8372,45.0315],[5.8396,45.0318],[5.8399,45.0313],[5.838,45.0286],[5.842,45.0263]]]},"properties":{"id_ffco":"2006-D38-100","nom":"L'ALPE DU GRAND SERRE - LA MORTE","_dept":"38","numero":"2006-D38-100","commune":"LA MORTE","echelle":"1/10000","surface":"4.35 km²","format":"A3","annee":"2006","cartographes":"MAREIGNER Franz et Yann","proprietaire":"3801 - DAUPHINE ORIENTATION","niveau":"Interrégional","specialite":"CO à pied","contacts":"CLUB DAUPHINE ORIENTATION, 04 76 22 49 03, 3801dor@free.fr, http://3801.free.fr","latitude":"45.0231156319","longitude":"5.85265259641","date_saisie":"19/07/2013","date_depot":"15/01/2018","valide":"Oui","ppo":"Non","type_carte":"Nouvelle carte","fond":"Ortho","obsolete":false}}]}