{"type":"FeatureCollection","features":[{"type":"Feature","geometry":{"type":"Polygon","coordinates":[[[6.1567,48.7515],[6.155,48.7532],[6.1539,48.7559],[6.15,48.7595],[6.146,48.7633],[6.1447,48.7649],[6.1436,48.7677],[6.1439,48.7748],[6.1446,48.7823],[6.1437,48.7849],[6.1443,48.7862],[6.1442,48.7884],[6.144,48.7891],[6.1448,48.7898],[6.1476,48.7912],[6.1506,48.7918],[6.1534,48.7924],[6.1551,48.7921],[6.1567,48.7919],[6.1581,48.7921],[6.1596,48.7918],[6.1623,48.7918],[6.1636,48.7916],[6.1654,48.7917],[6.1669,48.7914],[6.1697,48.79],[6.1732,48.789],[6.1759,48.7888],[6.1791,48.7885],[6.1824,48.7887],[6.19,48.7894],[6.1943,48.7896],[6.1989,48.7912],[6.2006,48.7925],[6.2017,48.793],[6.2019,48.7933],[6.2048,48.7929],[6.2073,48.7932],[6.2124,48.7938],[6.2133,48.7935],[6.2176,48.7932],[6.2202,48.7931],[6.2237,48.793],[6.2246,48.7927],[6.2262,48.7926],[6.2284,48.793],[6.2316,48.794],[6.2341,48.7944],[6.2349,48.7928],[6.236,48.7918],[6.2375,48.7905],[6.2375,48.7899],[6.2375,48.7884],[6.238,48.7873],[6.2379,48.786],[6.2378,48.7853],[6.2381,48.784],[6.2386,48.7827],[6.238,48.7815],[6.2368,48.7807],[6.2361,48.7794],[6.2347,48.7789],[6.2395,48.7746],[6.2415,48.7724],[6.2431,48.7702],[6.244,48.769],[6.2464,48.7674],[6.2459,48.7643],[6.2454,48.7627],[6.2448,48.7608],[6.2451,48.7605],[6.246,48.7606],[6.2446,48.7595],[6.2424,48.7586],[6.24,48.7581],[6.2373,48.7578],[6.2361,48.7576],[6.2342,48.7565],[6.2327,48.7558],[6.2313,48.7555],[6.2293,48.7532],[6.2269,48.7515],[6.2261,48.7513],[6.2243,48.7505],[6.2239,48.7502],[6.2219,48.7496],[6.22,48.7489],[6.2177,48.7492],[6.2151,48.749],[6.2149,48.749],[6.2128,48.7494],[6.2104,48.75],[6.2098,48.7509],[6.2086,48.7513],[6.2079,48.7513],[6.2078,48.751],[6.2069,48.7495],[6.2059,48.7484],[6.2054,48.7477],[6.2048,48.7477],[6.2041,48.7482],[6.2031,48.7479],[6.2012,48.7479],[6.2003,48.7482],[6.1992,48.7486],[6.198,48.7485],[6.198,48.7478],[6.1944,48.7475],[6.1913,48.747],[6.1894,48.7462],[6.1878,48.7459],[6.1855,48.7457],[6.1841,48.7452],[6.1835,48.7448],[6.1809,48.7454],[6.1768,48.7458],[6.1725,48.7462],[6.171,48.7464],[6.1684,48.7467],[6.1667,48.7472],[6.1634,48.7481],[6.1567,48.7515]]]},"properties":{"id_ffco":"2004-D54-99","nom":"LE GRAND COURONNÉ","_dept":"54","numero":"2004-D54-99","commune":"Bouxières aux dames","echelle":"1/20000","surface":"32.36 km²","format":"A3","annee":"2004","cartographes":"Radovan Cech-Jan Drbal-Radim Ondracek","proprietaire":"54 - Meurthe-et-Moselle","niveau":"Régional","specialite":"Rand'O","latitude":"48.7704950291","longitude":"6.19306308434","date_saisie":"20/07/2004","date_depot":"22/07/2004","valide":"Oui","ppo":"Non","type_carte":"Nouvelle carte","fond":"IGN","obsolete":false}},{"type":"Feature","geometry":{"type":"Polygon","coordinates":[[[6.1801,48.6292],[6.1766,48.6324],[6.1743,48.6343],[6.1718,48.6364],[6.1711,48.639],[6.1703,48.6405],[6.1691,48.6412],[6.166,48.6419],[6.1525,48.644],[6.1489,48.6446],[6.1432,48.6457],[6.1403,48.6466],[6.1388,48.6453],[6.1364,48.6442],[6.1349,48.6423],[6.1336,48.6411],[6.1321,48.6397],[6.1309,48.6383],[6.1296,48.6371],[6.1291,48.6364],[6.1296,48.6359],[6.1307,48.6355],[6.1322,48.6351],[6.1324,48.6347],[6.1312,48.6346],[6.1297,48.6347],[6.1279,48.6344],[6.1272,48.6325],[6.1265,48.6312],[6.1255,48.6298],[6.1244,48.6285],[6.123,48.6279],[6.1213,48.6274],[6.119,48.6263],[6.1154,48.6239],[6.1134,48.6235],[6.1121,48.6235],[6.1103,48.6226],[6.1085,48.6218],[6.1072,48.6211],[6.1064,48.6203],[6.1056,48.6193],[6.1054,48.6184],[6.1049,48.6164],[6.1061,48.6162],[6.1077,48.6159],[6.1085,48.6156],[6.1106,48.6156],[6.1112,48.6155],[6.1158,48.6142],[6.1175,48.6139],[6.119,48.6134],[6.1204,48.6133],[6.1217,48.6132],[6.1242,48.6126],[6.1272,48.6125],[6.1287,48.6122],[6.1304,48.6121],[6.1327,48.6121],[6.1335,48.6117],[6.1355,48.6117],[6.1393,48.6116],[6.1397,48.6115],[6.1411,48.6111],[6.1419,48.6108],[6.1426,48.6107],[6.1443,48.6107],[6.1473,48.6107],[6.1485,48.6106],[6.15,48.6114],[6.1514,48.6124],[6.1529,48.6132],[6.1591,48.6168],[6.1628,48.6185],[6.165,48.6195],[6.1735,48.6228],[6.1772,48.6244],[6.1785,48.6252],[6.1794,48.6269],[6.1803,48.6283],[6.1801,48.6292]]]},"properties":{"id_ffco":"2003-D54-98","nom":"La Cité d'Affrique","_dept":"54","numero":"2003-D54-98","commune":"Ludres","echelle":"1/20000","surface":"12.87 km²","format":"A4","annee":"2003","cartographes":"Daniel Rollet","proprietaire":"5415 - LOISIRS ORIENTATION JEANDELAINCOURT","niveau":"Régional","specialite":"CO à VTT","latitude":"48.6270988543","longitude":"6.14505910178","date_saisie":"21/11/2003","date_depot":"24/11/2003","valide":"Oui","ppo":"Non","type_carte":"Nouvelle carte","fond":"IGN","ref_ign":"3315 ET","obsolete":false}},{"type":"Feature","geometry":{"type":"Polygon","coordinates":[[[6.1804,48.6288],[6.1794,48.6263],[6.1778,48.6246],[6.1747,48.6232],[6.1706,48.622],[6.1667,48.62],[6.161,48.6176],[6.1588,48.6163],[6.1568,48.6154],[6.1549,48.6144],[6.1525,48.613],[6.1509,48.6124],[6.1511,48.6115],[6.1499,48.6109],[6.1485,48.6106],[6.1471,48.6105],[6.1453,48.6106],[6.1431,48.6108],[6.1425,48.6107],[6.1424,48.6106],[6.1418,48.611],[6.1398,48.6116],[6.1391,48.6117],[6.1373,48.6118],[6.1335,48.6117],[6.1324,48.6121],[6.131,48.6121],[6.1287,48.612],[6.1272,48.6124],[6.1249,48.6125],[6.1241,48.6127],[6.1227,48.613],[6.1214,48.6132],[6.1206,48.6133],[6.1182,48.6137],[6.117,48.6141],[6.1149,48.6145],[6.1134,48.6149],[6.1117,48.6154],[6.1111,48.6156],[6.1106,48.6158],[6.1095,48.6156],[6.1088,48.6158],[6.1064,48.6161],[6.1052,48.6165],[6.1053,48.6182],[6.1055,48.6193],[6.1062,48.6204],[6.1088,48.622],[6.1117,48.6233],[6.1128,48.6236],[6.116,48.6241],[6.1166,48.6247],[6.1176,48.6255],[6.1201,48.6268],[6.1216,48.6276],[6.1233,48.6281],[6.125,48.6288],[6.1272,48.6324],[6.1275,48.6331],[6.1279,48.6339],[6.1283,48.6345],[6.129,48.6347],[6.1305,48.6348],[6.1319,48.6347],[6.1324,48.6347],[6.1325,48.635],[6.1309,48.6354],[6.1293,48.6361],[6.1294,48.6367],[6.132,48.6397],[6.1358,48.6433],[6.138,48.645],[6.1394,48.6457],[6.14,48.6461],[6.1403,48.6462],[6.1437,48.6455],[6.1481,48.6447],[6.1562,48.6435],[6.1594,48.6431],[6.1626,48.6425],[6.1668,48.6418],[6.1701,48.6409],[6.1712,48.6393],[6.171,48.6375],[6.1761,48.6328],[6.1785,48.6307],[6.18,48.6295],[6.1804,48.6288]]]},"properties":{"id_ffco":"2003-D54-97","nom":"Le Camp Leuque","_dept":"54","numero":"2003-D54-97","commune":"Ludres","echelle":"1/15000","surface":"12.9 km²","format":"A3","annee":"2003","cartographes":"Daniel Rollet","proprietaire":"5415 - LOISIRS ORIENTATION JEANDELAINCOURT","niveau":"Régional","specialite":"Rand'O","latitude":"48.6271053919","longitude":"6.14510175598","date_saisie":"21/11/2003","date_depot":"24/11/2003","valide":"Oui","ppo":"Non","type_carte":"Nouvelle carte","fond":"IGN","ref_ign":"3315 ET","obsolete":false}},{"type":"Feature","geometry":{"type":"Polygon","coordinates":[[[5.8921,49.1483],[5.8924,49.1471],[5.8936,49.1471],[5.8949,49.1439],[5.8922,49.1432],[5.8912,49.1436],[5.8908,49.1435],[5.889,49.1446],[5.8886,49.1466],[5.8898,49.1472],[5.8898,49.1476],[5.8904,49.1476],[5.8904,49.1476],[5.8902,49.1483],[5.8921,49.1483]]]},"properties":{"id_ffco":"2003-D54-96","nom":"Château de Moncel - JARNY","_dept":"54","numero":"2003-D54-96","commune":"Jarny","echelle":"1/2500","surface":"0.17 km²","format":"A4","annee":"2003","cartographes":"Christine Vagner","proprietaire":"5702 - C.S.A. DE LA GARNISON DE METZ","niveau":"Initiation, Scolaire","specialite":"CO à pied","latitude":"49.1456070891","longitude":"5.89165537808","date_saisie":"04/12/2003","date_depot":"08/12/2003","valide":"Oui","ppo":"Non","type_carte":"Nouvelle carte","fond":"Cadastre","obsolete":false}},{"type":"Feature","geometry":{"type":"Polygon","coordinates":[[[6.0734,48.6951],[6.0862,48.6952],[6.1005,48.6957],[6.1038,48.6957],[6.1035,48.6964],[6.1024,48.6966],[6.0995,48.6966],[6.099,48.6969],[6.1014,48.6975],[6.1042,48.701],[6.1055,48.7026],[6.1112,48.707],[6.1122,48.7083],[6.1153,48.7102],[6.1172,48.7135],[6.1183,48.7149],[6.1171,48.7164],[6.1155,48.7181],[6.1125,48.7196],[6.1118,48.7201],[6.1121,48.7212],[6.1112,48.7227],[6.1093,48.7235],[6.1084,48.7248],[6.1068,48.7254],[6.1062,48.7266],[6.1048,48.7267],[6.1035,48.7265],[6.1017,48.7266],[6.0996,48.7273],[6.0973,48.7277],[6.0861,48.712],[6.0857,48.7122],[6.0847,48.7128],[6.0695,48.7112],[6.0715,48.7014],[6.0728,48.6957],[6.0734,48.6951]]]},"properties":{"id_ffco":"2003-D54-95","nom":"Parc de Haye - La Malpierre","_dept":"54","numero":"2003-D54-95","commune":"Velaine en Haye","echelle":"1/20000","surface":"7.65 km²","format":"A4","annee":"2003","cartographes":"Benoît Verdenal","proprietaire":"5402 - SCAPA NANCY ORIENTATION","niveau":"Initiation, Scolaire","specialite":"CO à VTT","latitude":"48.7092037912","longitude":"6.09408537503","date_saisie":"15/12/2003","date_depot":"18/12/2003","valide":"Oui","ppo":"Non","type_carte":"Nouvelle carte","fond":"IGN","ref_ign":"3315 ET","obsolete":false}},{"type":"Feature","geometry":{"type":"Polygon","coordinates":[[[6.074,48.6936],[6.0861,48.7116],[6.0978,48.728],[6.0994,48.7311],[6.1038,48.7354],[6.1049,48.7371],[6.1062,48.7385],[6.1052,48.7387],[6.104,48.739],[6.1034,48.7393],[6.1024,48.7395],[6.1015,48.7393],[6.1008,48.7387],[6.0994,48.7384],[6.0969,48.74],[6.094,48.7385],[6.0916,48.7402],[6.09,48.7407],[6.0872,48.7416],[6.0849,48.7423],[6.0831,48.743],[6.0819,48.7427],[6.0792,48.7452],[6.0794,48.7457],[6.0793,48.7458],[6.0773,48.7453],[6.073,48.7452],[6.0723,48.7455],[6.0717,48.7454],[6.0689,48.7453],[6.0673,48.7452],[6.0674,48.7454],[6.0652,48.7448],[6.063,48.7445],[6.0603,48.7443],[6.0584,48.7447],[6.0575,48.7448],[6.0562,48.7449],[6.0552,48.7442],[6.0545,48.7431],[6.0537,48.7423],[6.0523,48.7416],[6.0509,48.7411],[6.05,48.741],[6.0497,48.7412],[6.0499,48.7418],[6.0499,48.7424],[6.0491,48.7427],[6.0468,48.7428],[6.0452,48.7428],[6.0439,48.7426],[6.0443,48.742],[6.0462,48.7413],[6.0462,48.7408],[6.0458,48.7385],[6.045,48.7361],[6.046,48.7349],[6.0469,48.7335],[6.0463,48.7323],[6.0461,48.7319],[6.0461,48.7316],[6.0434,48.7299],[6.0419,48.7286],[6.0404,48.7277],[6.0398,48.7269],[6.0394,48.7261],[6.0389,48.7255],[6.0375,48.7248],[6.036,48.7247],[6.0344,48.7248],[6.0336,48.7248],[6.0347,48.7202],[6.0355,48.717],[6.0388,48.7109],[6.0394,48.7102],[6.04,48.7092],[6.0411,48.7062],[6.0435,48.7045],[6.046,48.7038],[6.0466,48.7058],[6.0549,48.7034],[6.0543,48.7015],[6.0542,48.7008],[6.0561,48.7006],[6.0551,48.6976],[6.0556,48.6959],[6.0631,48.696],[6.0689,48.6959],[6.0692,48.6949],[6.0731,48.6952],[6.0736,48.6935],[6.074,48.6936]]]},"properties":{"id_ffco":"2003-D54-94","nom":"Parc de Haye - La Fourasse","_dept":"54","numero":"2003-D54-94","commune":"Velaine en Haye","echelle":"1/20000","surface":"18.56 km²","format":"+","annee":"2003","cartographes":"JP Barlet, Maurice Aubry","proprietaire":"5402 - SCAPA NANCY ORIENTATION","niveau":"Régional","specialite":"CO à VTT","latitude":"48.7224411805","longitude":"6.06714574474","date_saisie":"04/06/2003","date_depot":"23/06/2003","valide":"Oui","ppo":"Non","type_carte":"Nouvelle carte","fond":"IGN","ref_ign":"3315 ET","obsolete":false}},{"type":"Feature","geometry":{"type":"Polygon","coordinates":[[[5.8512,48.6787],[5.8521,48.6796],[5.8521,48.6803],[5.8511,48.6814],[5.8496,48.6826],[5.8502,48.6847],[5.8507,48.687],[5.8511,48.6887],[5.8521,48.6905],[5.8481,48.6924],[5.8464,48.6928],[5.848,48.6952],[5.8505,48.6981],[5.8546,48.6997],[5.8576,48.7009],[5.8594,48.702],[5.8617,48.7034],[5.8621,48.7039],[5.8594,48.7051],[5.8591,48.7058],[5.8587,48.7079],[5.8592,48.7096],[5.8591,48.7111],[5.8586,48.7126],[5.8578,48.7137],[5.8574,48.7147],[5.857,48.7157],[5.8557,48.717],[5.8534,48.7189],[5.8515,48.7208],[5.8501,48.7217],[5.8491,48.7222],[5.8475,48.7233],[5.8464,48.7242],[5.8462,48.7249],[5.8446,48.7244],[5.8402,48.7222],[5.8384,48.7214],[5.8365,48.7208],[5.8357,48.7205],[5.8349,48.7207],[5.8311,48.7185],[5.8297,48.7176],[5.8278,48.7165],[5.8256,48.7153],[5.8237,48.7144],[5.8214,48.7138],[5.8203,48.7133],[5.8183,48.7126],[5.8171,48.7124],[5.8167,48.7122],[5.8149,48.712],[5.8116,48.7118],[5.8092,48.7113],[5.8074,48.7108],[5.8068,48.7105],[5.8059,48.71],[5.8048,48.7098],[5.8045,48.7094],[5.8044,48.7083],[5.8042,48.7078],[5.8041,48.7072],[5.8033,48.7066],[5.7994,48.7044],[5.797,48.701],[5.795,48.6988],[5.7929,48.6963],[5.7928,48.6957],[5.792,48.6952],[5.7919,48.6947],[5.7919,48.6934],[5.7913,48.6926],[5.789,48.6896],[5.7882,48.6887],[5.7869,48.6876],[5.7865,48.6872],[5.7862,48.6866],[5.7868,48.6861],[5.7874,48.6856],[5.7883,48.6854],[5.7916,48.6853],[5.7933,48.6853],[5.7951,48.6849],[5.7983,48.6838],[5.8041,48.682],[5.806,48.6813],[5.8096,48.6805],[5.8121,48.6801],[5.8166,48.68],[5.8198,48.6796],[5.8213,48.6792],[5.8253,48.6777],[5.8286,48.6769],[5.8306,48.6768],[5.8368,48.6775],[5.8401,48.678],[5.8414,48.6785],[5.8433,48.6791],[5.8443,48.6795],[5.8453,48.6792],[5.8475,48.6789],[5.8497,48.6789],[5.8512,48.6787]]]},"properties":{"id_ffco":"2003-D54-93","nom":"LES CÔTES DE TOUL","_dept":"54","numero":"2003-D54-93","commune":"Toul","echelle":"1/20000","surface":"17.64 km²","format":"+","annee":"2003","cartographes":"JP Barlet, Maurice Aubry","proprietaire":"5402 - SCAPA NANCY ORIENTATION","niveau":"Régional","specialite":"CO à VTT","latitude":"48.6982906833","longitude":"5.82745133421","date_saisie":"04/06/2003","date_depot":"23/06/2003","valide":"Oui","ppo":"Non","type_carte":"Nouvelle carte","fond":"IGN","ref_ign":"3315 O","obsolete":false}},{"type":"Feature","geometry":{"type":"Polygon","coordinates":[[[5.961,48.4663],[5.961,48.4666],[5.9606,48.467],[5.9605,48.4671],[5.9622,48.4684],[5.9628,48.4692],[5.9624,48.4693],[5.9624,48.4696],[5.962,48.47],[5.9629,48.4708],[5.9631,48.471],[5.9664,48.4696],[5.9663,48.4694],[5.9677,48.4691],[5.9659,48.4663],[5.965,48.4655],[5.9637,48.4656],[5.9637,48.4656],[5.9637,48.4657],[5.961,48.4663]]]},"properties":{"id_ffco":"2003-D54-92","nom":"Le Vallon de Jolive - Favières","_dept":"54","numero":"2003-D54-92","commune":"Favières","echelle":"1/4000","surface":"0.19 km²","format":"A4","annee":"2003","cartographes":"Emmanuelle Maginot","proprietaire":"LO - Lorraine","niveau":"Initiation, Scolaire","specialite":"CO à pied","latitude":"48.4680125205","longitude":"5.96410063188","date_saisie":"04/12/2003","date_depot":"08/12/2003","valide":"Oui","ppo":"Non","type_carte":"Nouvelle carte","fond":"Cadastre","obsolete":false}},{"type":"Feature","geometry":{"type":"Polygon","coordinates":[[[6.1582,48.6672],[6.1557,48.6684],[6.1552,48.6672],[6.1564,48.6668],[6.156,48.6664],[6.1566,48.666],[6.157,48.6665],[6.1582,48.6672]]]},"properties":{"id_ffco":"2003-D54-91","nom":"Faculté du Sport U.H.P. Nancy1","_dept":"54","numero":"2003-D54-91","commune":"Nancy","echelle":"1/1000","surface":"0.03 km²","format":"A4","annee":"2003","cartographes":"Nelly Deville","proprietaire":"5402 - SCAPA NANCY ORIENTATION","niveau":"Initiation, Scolaire","specialite":"CO à pied","latitude":"48.6672498384","longitude":"6.15653994647","date_saisie":"24/02/2003","date_depot":"28/03/2003","valide":"Oui","ppo":"Non","type_carte":"Nouvelle carte","fond":"Cadastre","obsolete":false}},{"type":"Feature","geometry":{"type":"Polygon","coordinates":[[[6.0862,48.7119],[6.0851,48.7127],[6.0831,48.7125],[6.0599,48.7106],[6.0548,48.7107],[6.0557,48.7055],[6.054,48.701],[6.0552,48.701],[6.055,48.6978],[6.0556,48.6959],[6.0691,48.6959],[6.0694,48.6951],[6.0726,48.6954],[6.074,48.6953],[6.0752,48.6954],[6.0862,48.7119]]]},"properties":{"id_ffco":"2003-D54-90","nom":"PARC DE HAYE","_dept":"54","numero":"2003-D54-90","commune":"Nancy","echelle":"1/10000","surface":"3.3 km²","format":"A4","annee":"2003","cartographes":"Georges Mahler,  Nelly Deville, , Maurice Aubry, Benoit Verdenal,,  MJ Lionnet","proprietaire":"5402 - SCAPA NANCY ORIENTATION","niveau":"Départemental","specialite":"CO à pied","latitude":"48.7041649082","longitude":"6.0685858956","date_saisie":"24/02/2003","date_depot":"28/03/2003","valide":"Oui","ppo":"Non","type_carte":"Nouvelle carte","fond":"Cadastre","obsolete":false}},{"type":"Feature","geometry":{"type":"Polygon","coordinates":[[[6.1715,48.6823],[6.1733,48.6792],[6.1713,48.6787],[6.1699,48.6785],[6.1684,48.6816],[6.1715,48.6823]]]},"properties":{"id_ffco":"2002-D54-89","nom":"NANCY - Parc Sainte Marie","_dept":"54","numero":"2002-D54-89","commune":"Nancy","echelle":"1/2500","surface":"0.09 km²","format":"A4","annee":"2002","cartographes":"Emmanuelle Maginot","proprietaire":"54 - Meurthe-et-Moselle","niveau":"Initiation, Scolaire","specialite":"CO à pied","latitude":"48.680356948","longitude":"6.17077424172","date_saisie":"24/02/2003","date_depot":"28/03/2003","valide":"Oui","ppo":"Non","type_carte":"Nouvelle carte","fond":"Cadastre","obsolete":false}},{"type":"Feature","geometry":{"type":"Polygon","coordinates":[[[6.4673,48.5791],[6.4512,48.5847],[6.4391,48.5863],[6.4185,48.5783],[6.4218,48.5761],[6.4064,48.5726],[6.4077,48.5661],[6.4122,48.5624],[6.4252,48.5634],[6.4348,48.5628],[6.4438,48.56],[6.4563,48.5611],[6.4647,48.5643],[6.4671,48.5791],[6.4673,48.5791]]]},"properties":{"id_ffco":"2002-D54-84","nom":"CHATEAU D'ADOMENIL","_dept":"54","numero":"2002-D54-84","commune":"Blainville","echelle":"1/15000","surface":"9.13 km²","format":"A4","annee":"2002","cartographes":"ROLLET Daniel, LEMERCIER Bernard","proprietaire":"5402/5407","niveau":"Interrégional","specialite":"CO à pied","latitude":"48.5722553376","longitude":"6.43959383185","date_saisie":"14/10/2002","date_depot":"07/11/2002","valide":"Oui","ppo":"Non","type_carte":"Nouvelle carte","fond":"IGN","ref_ign":"3416 E","obsolete":false}},{"type":"Feature","geometry":{"type":"Polygon","coordinates":[[[6.349,48.699],[6.3486,48.7005],[6.3486,48.7019],[6.3478,48.7034],[6.3457,48.7055],[6.3438,48.7064],[6.3424,48.7074],[6.3413,48.709],[6.3396,48.7113],[6.3388,48.7128],[6.3385,48.7164],[6.3372,48.7198],[6.3372,48.7217],[6.3366,48.7232],[6.3361,48.7241],[6.3352,48.725],[6.3345,48.7258],[6.3345,48.7281],[6.3341,48.7299],[6.3344,48.7304],[6.337,48.7315],[6.3355,48.733],[6.3341,48.7343],[6.3362,48.7355],[6.3369,48.735],[6.3416,48.7375],[6.3422,48.7377],[6.3432,48.7361],[6.3449,48.7342],[6.3478,48.7323],[6.3498,48.7302],[6.3518,48.7293],[6.3539,48.7287],[6.3564,48.7285],[6.3595,48.7287],[6.3619,48.7291],[6.3621,48.7298],[6.3619,48.7309],[6.3627,48.7327],[6.3645,48.7329],[6.3657,48.7308],[6.3672,48.7296],[6.3691,48.7284],[6.3709,48.7277],[6.3723,48.7272],[6.374,48.7253],[6.3758,48.7243],[6.3774,48.7228],[6.375,48.7189],[6.3689,48.7079],[6.3652,48.7011],[6.3622,48.7003],[6.3582,48.6995],[6.3546,48.6989],[6.353,48.6989],[6.349,48.699]]]},"properties":{"id_ffco":"2001-D54-77","nom":"CHAMPENOUX","_dept":"54","numero":"2001-D54-77","commune":"Champenoux","echelle":"1/15000","surface":"8.31 km²","format":"A4","annee":"2001","cartographes":"Daniel Rollet","proprietaire":"54 - Meurthe-et-Moselle","niveau":"Régional","specialite":"CO à pied","latitude":"48.717793264","longitude":"6.35451719614","date_saisie":"27/12/2013","valide":"Oui","ppo":"Non","type_carte":"Nouvelle carte","fond":"IGN","ref_ign":"3415 E","obsolete":false}},{"type":"Feature","geometry":{"type":"Polygon","coordinates":[[[6.0355,48.6919],[6.0411,48.6921],[6.0405,48.6929],[6.0402,48.6946],[6.0381,48.6949],[6.0361,48.6947],[6.0351,48.6948],[6.0343,48.6944],[6.035,48.693],[6.0353,48.6925],[6.0355,48.692],[6.0355,48.6919]]]},"properties":{"id_ffco":"2026-D54-278","nom":"Ecole Sainte famille","_dept":"54","numero":"2026-D54-278","commune":"Velaine en Haye","echelle":"1/3000","surface":"0.13 km²","format":"A4","annee":"2026","cartographes":"Philippe Pogu","proprietaire":"5402 - SCAPA NANCY ORIENTATION","niveau":"Initiation, Scolaire","specialite":"CO à pied","latitude":"48.6933722731","longitude":"6.03764909515","date_saisie":"13/03/2026","valide":"Non","ppo":"Non","type_carte":"Nouvelle carte","fond":"Laser","obsolete":false}},{"type":"Feature","geometry":{"type":"Polygon","coordinates":[[[6.086,48.6498],[6.0756,48.6874],[6.0698,48.6876],[6.0554,48.6666],[6.038,48.6651],[6.037,48.6601],[6.033,48.6563],[6.0405,48.6505],[6.0439,48.641],[6.0453,48.6372],[6.0478,48.6368],[6.0507,48.6361],[6.0546,48.6371],[6.0588,48.6398],[6.0619,48.6404],[6.0644,48.6416],[6.0709,48.6408],[6.0754,48.6429],[6.0754,48.6463],[6.0828,48.6491],[6.086,48.6498]]]},"properties":{"id_ffco":"2025-D54-277","nom":"Les Six Bornes Ouest","_dept":"54","numero":"2025-D54-277","commune":"Villers les Nancy","echelle":"1/15000","surface":"11.99 km²","format":"A3","annee":"2025","cartographes":"Benoit Verdenal","proprietaire":"5402 - SCAPA NANCY ORIENTATION","niveau":"National, International","specialite":"CO à VTT","contacts":"DEVILLE Nelly, nelly.deville54@orange.fr, https://scapanancyorientation.fr/","latitude":"48.6584952357","longitude":"6.06216078586","date_saisie":"27/10/2025","date_depot":"25/02/2026","valide":"Non","ppo":"Non","type_carte":"Nouvelle carte","fond":"Laser","obsolete":false}},{"type":"Feature","geometry":{"type":"Polygon","coordinates":[[[6.1243,48.66],[6.1148,48.6907],[6.1117,48.6922],[6.107,48.6927],[6.1062,48.6946],[6.0736,48.6944],[6.0841,48.649],[6.0978,48.6521],[6.1087,48.6548],[6.1172,48.6582],[6.1239,48.6589],[6.1243,48.66]]]},"properties":{"id_ffco":"2025-D54-276","nom":"Les Six Bornes Est","_dept":"54","numero":"2025-D54-276","commune":"Villers les Nancy","echelle":"1/15000","surface":"13.64 km²","format":"A3","annee":"2025","cartographes":"Benoit Verdenal","proprietaire":"5402 - SCAPA NANCY ORIENTATION","niveau":"National, International","specialite":"CO à VTT","contacts":"DEVILLE Nelly, nelly.deville54@orange.fr, https://scapanancyorientation.fr/","latitude":"48.6736963546","longitude":"6.09803950232","date_saisie":"27/10/2025","date_depot":"25/02/2026","valide":"Non","ppo":"Non","type_carte":"Nouvelle carte","fond":"Laser","obsolete":false}},{"type":"Feature","geometry":{"type":"Polygon","coordinates":[[[5.7713,49.3083],[5.7752,49.3093],[5.7803,49.3076],[5.7845,49.3061],[5.7846,49.3055],[5.7844,49.3045],[5.7838,49.303],[5.7827,49.3022],[5.7812,49.3018],[5.7787,49.3019],[5.7769,49.3027],[5.7746,49.3035],[5.7697,49.3065],[5.7697,49.3076],[5.7713,49.3083]]]},"properties":{"id_ffco":"2025-D54-275","nom":"Etangs du Trebois","_dept":"54","numero":"2025-D54-275","commune":"Piennes","echelle":"1/5000","surface":"0.57 km²","format":"A4","annee":"2025","cartographes":"Philippe Pogu","proprietaire":"54 - Meurthe-et-Moselle","niveau":"Initiation, Scolaire","specialite":"CO à pied","latitude":"49.3055506422","longitude":"5.77754802563","date_saisie":"22/09/2025","date_depot":"21/01/2026","valide":"Oui","ppo":"Non","type_carte":"Nouvelle carte","fond":"Ortho","obsolete":false}},{"type":"Feature","geometry":{"type":"Polygon","coordinates":[[[6.1762,48.6521],[6.1766,48.6543],[6.1767,48.6556],[6.1784,48.6558],[6.1782,48.6565],[6.1773,48.658],[6.1751,48.6576],[6.1734,48.6579],[6.1726,48.6578],[6.1706,48.6574],[6.1703,48.6578],[6.1703,48.6587],[6.1674,48.6588],[6.1656,48.6586],[6.1651,48.6585],[6.1651,48.6576],[6.1638,48.6575],[6.1639,48.6564],[6.1647,48.6548],[6.1657,48.654],[6.1669,48.6534],[6.1688,48.6528],[6.1701,48.6528],[6.1719,48.6519],[6.1729,48.6518],[6.174,48.6518],[6.1743,48.652],[6.1758,48.6521],[6.1762,48.6521]]]},"properties":{"id_ffco":"2025-D54-274","nom":"Vandoeuvre Village et Haut de Penoy","_dept":"54","numero":"2025-D54-274","commune":"Vandoeuvre","echelle":"1/4000","surface":"0.57 km²","format":"A4","annee":"2025","cartographes":"Goutaudier Christophe, Verdenal Benoit","proprietaire":"5402 - SCAPA NANCY ORIENTATION","niveau":"Régional","specialite":"CO à pied","contacts":"DEVILLE Nelly, nelly.deville54@orange.fr, https://scapanancyorientation.fr/","latitude":"48.6554647098","longitude":"6.17099312901","date_saisie":"12/09/2025","date_depot":"15/01/2026","valide":"Oui","ppo":"Non","type_carte":"Nouvelle carte","fond":"Ortho","obsolete":false}},{"type":"Feature","geometry":{"type":"Polygon","coordinates":[[[5.9741,48.6491],[5.9798,48.6505],[5.9837,48.6506],[5.9846,48.6526],[5.9826,48.6553],[5.9812,48.6563],[5.9808,48.6578],[5.9798,48.659],[5.9782,48.6587],[5.9768,48.6597],[5.9747,48.6608],[5.973,48.6608],[5.9711,48.6609],[5.9692,48.6616],[5.9631,48.663],[5.9589,48.6632],[5.9571,48.6639],[5.9539,48.6656],[5.9479,48.6671],[5.939,48.6695],[5.9345,48.671],[5.9325,48.6712],[5.9298,48.6722],[5.9284,48.6728],[5.9271,48.673],[5.9261,48.6727],[5.924,48.6727],[5.9235,48.6735],[5.9226,48.6732],[5.9205,48.6725],[5.9192,48.6718],[5.9182,48.6703],[5.9169,48.6692],[5.9157,48.6671],[5.9141,48.6652],[5.915,48.6646],[5.9164,48.6638],[5.9171,48.6618],[5.9194,48.659],[5.9232,48.6567],[5.9188,48.6562],[5.919,48.6561],[5.9193,48.6551],[5.9197,48.6534],[5.9176,48.6483],[5.9205,48.6476],[5.921,48.6456],[5.9227,48.6457],[5.9252,48.646],[5.9285,48.6456],[5.9306,48.6454],[5.9318,48.6452],[5.9348,48.6445],[5.9377,48.6438],[5.9403,48.6434],[5.9454,48.643],[5.9481,48.6431],[5.9514,48.6434],[5.9574,48.6441],[5.9605,48.6447],[5.9659,48.6464],[5.9659,48.6468],[5.9677,48.6473],[5.9702,48.648],[5.9712,48.6484],[5.9741,48.6491]]]},"properties":{"id_ffco":"2025-D54-273","nom":"Chaudeney - Villey le Sec VTT","_dept":"54","numero":"2025-D54-273","commune":"Villey le Sec","echelle":"1/15000","surface":"10.88 km²","format":"A3","annee":"2025","cartographes":"Benoit Verdenal, Georges Mahler","proprietaire":"5402 - SCAPA NANCY ORIENTATION","niveau":"National, International","specialite":"CO à VTT","latitude":"48.6565535228","longitude":"5.94500305879","date_saisie":"11/04/2025","date_depot":"06/10/2025","valide":"Oui","ppo":"Non","type_carte":"Reprise","base":"2015-D54-199 VILLEY-LE-SEC VTT","fond":"Ortho","obsolete":false}},{"type":"Feature","geometry":{"type":"Polygon","coordinates":[[[5.9183,48.6481],[5.9171,48.6481],[5.9178,48.6232],[5.9205,48.6217],[5.9229,48.6192],[5.9337,48.607],[5.9398,48.6006],[5.9548,48.5981],[5.958,48.5981],[5.9611,48.6035],[5.9615,48.6057],[5.9652,48.6081],[5.9682,48.6088],[5.9676,48.6113],[5.9666,48.6126],[5.969,48.615],[5.9731,48.6163],[5.972,48.6204],[5.972,48.6223],[5.9674,48.6236],[5.9669,48.6254],[5.9663,48.6271],[5.9634,48.6279],[5.9615,48.6307],[5.9608,48.6323],[5.9571,48.6339],[5.9538,48.6368],[5.9495,48.6388],[5.9476,48.6467],[5.9348,48.6477],[5.9295,48.6486],[5.9211,48.6485],[5.9183,48.6481]]]},"properties":{"id_ffco":"2025-D54-272","nom":"Pierre-la-Treiche - la Deuille","_dept":"54","numero":"2025-D54-272","commune":"Pierre la Treiche","echelle":"1/15000","surface":"15.06 km²","format":"A3","annee":"2025","cartographes":"Benoit Verdenal","proprietaire":"5402 - SCAPA NANCY ORIENTATION","niveau":"National, International","specialite":"CO à VTT","latitude":"48.6241541836","longitude":"5.94252018442","date_saisie":"11/04/2025","date_depot":"06/10/2025","valide":"Oui","ppo":"Non","type_carte":"Nouvelle carte","fond":"Ortho","obsolete":false}},{"type":"Feature","geometry":{"type":"Polygon","coordinates":[[[5.9205,48.6471],[5.9245,48.6471],[5.929,48.6468],[5.9334,48.6462],[5.9368,48.6454],[5.9375,48.6452],[5.9372,48.6418],[5.925,48.642],[5.9214,48.6439],[5.9207,48.6456],[5.9205,48.6471]]]},"properties":{"id_ffco":"2025-D54-271","nom":"Pierre la Treiche","_dept":"54","numero":"2025-D54-271","commune":"Pierre la Treiche","echelle":"1/4000","surface":"0.59 km²","format":"A4","annee":"2025","cartographes":"Benoit Verdenal","proprietaire":"5402 - SCAPA NANCY ORIENTATION","niveau":"Régional","specialite":"Sprint (ISSOM)","latitude":"48.644383738","longitude":"5.92903097268","date_saisie":"11/04/2025","date_depot":"06/10/2025","valide":"Oui","ppo":"Non","type_carte":"Nouvelle carte","fond":"Ortho","obsolete":false}},{"type":"Feature","geometry":{"type":"Polygon","coordinates":[[[6.7313,48.4418],[6.7331,48.4404],[6.7348,48.4397],[6.7365,48.4402],[6.7371,48.4401],[6.7394,48.4393],[6.7422,48.4395],[6.7443,48.4397],[6.7459,48.4406],[6.745,48.4428],[6.7446,48.4457],[6.7451,48.446],[6.7412,48.4492],[6.7399,48.4504],[6.7393,48.4516],[6.7405,48.4535],[6.733,48.4545],[6.7318,48.4519],[6.7303,48.4499],[6.7306,48.4481],[6.7303,48.445],[6.7303,48.4439],[6.7309,48.4439],[6.7313,48.4418]]]},"properties":{"id_ffco":"2024-D54-270","nom":"Baccarat-Deneuvre","_dept":"54","numero":"2024-D54-270","commune":"Baccarat","echelle":"1/4000","surface":"1.38 km²","format":"A3","annee":"2024","cartographes":"Célian Blondeau-Toiny","proprietaire":"5407 - SPORTS ORIENTATION LUNEVILLE","niveau":"National, International","specialite":"Sprint (ISSOM)","contacts":"Bernard LEMERCIER , bernard.lemercier@wanadoo.fr","latitude":"48.446141457","longitude":"6.73727049102","date_saisie":"06/11/2024","date_depot":"13/02/2025","valide":"Oui","ppo":"Non","type_carte":"Nouvelle carte","fond":"Cadastre","obsolete":false}},{"type":"Feature","geometry":{"type":"Polygon","coordinates":[[[6.151,48.6745],[6.1493,48.6736],[6.148,48.6731],[6.1471,48.6727],[6.1443,48.6721],[6.1434,48.6718],[6.1428,48.6713],[6.1428,48.6708],[6.1432,48.6704],[6.1442,48.6697],[6.1437,48.6693],[6.1437,48.6688],[6.1448,48.668],[6.1467,48.6675],[6.1475,48.6682],[6.1487,48.6689],[6.1507,48.6693],[6.1523,48.6695],[6.1538,48.6696],[6.1571,48.6698],[6.1583,48.6702],[6.1512,48.6746],[6.151,48.6745]]]},"properties":{"id_ffco":"2024-D54-269","nom":"Villers-lès-Nancy","_dept":"54","numero":"2024-D54-269","commune":"Villers les Nancy","echelle":"1/4000","surface":"0.45 km²","format":"A4","annee":"2024","cartographes":"Pogu Philippe, Goutaudier Christophe","proprietaire":"5402 - SCAPA NANCY ORIENTATION","niveau":"National, International","specialite":"Sprint (ISSOM)","contacts":"DEVILLE Nelly, nelly.deville54@orange.fr, https://scapanancyorientation.fr/","latitude":"48.6709773881","longitude":"6.14969328178","date_saisie":"04/10/2024","date_depot":"02/01/2025","valide":"Oui","ppo":"Non","type_carte":"Nouvelle carte","fond":"Ortho","obsolete":false}},{"type":"Feature","geometry":{"type":"Polygon","coordinates":[[[6.0853,48.65],[6.0803,48.6674],[6.0568,48.6666],[6.0413,48.6659],[6.0375,48.6625],[6.0381,48.661],[6.0326,48.6564],[6.0391,48.6526],[6.0429,48.6478],[6.0448,48.6396],[6.0469,48.635],[6.0537,48.6367],[6.0585,48.6398],[6.062,48.6406],[6.0651,48.6422],[6.0711,48.6412],[6.0747,48.6431],[6.0754,48.6461],[6.0796,48.6483],[6.0843,48.6497],[6.0853,48.65]]]},"properties":{"id_ffco":"2024-D54-268","nom":"Fleur de Lys VTT","_dept":"54","numero":"2024-D54-268","commune":"Villers les Nancy","echelle":"1/12500","surface":"9.1 km²","format":"A3","annee":"2024","cartographes":"Benoit Verdenal","proprietaire":"5402 - SCAPA NANCY ORIENTATION","niveau":"National, International","specialite":"CO à VTT","contacts":"DEVILLE Nelly, nelly.deville54@orange.fr, https://scapanancyorientation.fr/","latitude":"48.6538828555","longitude":"6.05980828599","date_saisie":"04/10/2024","date_depot":"02/01/2025","valide":"Oui","ppo":"Non","type_carte":"Nouvelle carte","fond":"Laser","obsolete":false}},{"type":"Feature","geometry":{"type":"Polygon","coordinates":[[[6.0639,48.7494],[6.0636,48.7477],[6.0597,48.7479],[6.0558,48.7479],[6.0557,48.7491],[6.0557,48.7504],[6.0556,48.7514],[6.0575,48.7526],[6.0581,48.7529],[6.0587,48.7532],[6.0592,48.7538],[6.0591,48.7548],[6.0587,48.7557],[6.0579,48.7562],[6.0591,48.7571],[6.0595,48.757],[6.0608,48.757],[6.0614,48.7567],[6.0622,48.7565],[6.0627,48.7561],[6.063,48.7557],[6.0629,48.7541],[6.0639,48.7543],[6.0645,48.7543],[6.0646,48.7532],[6.0655,48.7526],[6.0661,48.751],[6.0657,48.7504],[6.0646,48.7503],[6.0646,48.7494],[6.0639,48.7494]]]},"properties":{"id_ffco":"2023-D54-267","nom":"Liverdun","_dept":"54","numero":"2023-D54-267","commune":"Liverdun","echelle":"1/4000","surface":"0.52 km²","format":"A4","annee":"2023","cartographes":"Christophe Goutaudier","proprietaire":"5402 - SCAPA NANCY ORIENTATION","niveau":"Départemental","specialite":"CO à pied","contacts":"DEVILLE Nelly, nelly.deville54@orange.fr, https://scapanancyorientation.fr/","latitude":"48.7516676505","longitude":"6.06068251649","date_saisie":"22/10/2023","date_depot":"07/02/2024","valide":"Oui","ppo":"Non","type_carte":"Nouvelle carte","fond":"Cadastre","obsolete":false}},{"type":"Feature","geometry":{"type":"Polygon","coordinates":[[[6.254,48.6941],[6.2561,48.6958],[6.2595,48.6967],[6.2652,48.6978],[6.281,48.7005],[6.281,48.7023],[6.2877,48.7017],[6.2926,48.6991],[6.2893,48.6972],[6.2881,48.6929],[6.271,48.6882],[6.2544,48.6856],[6.2527,48.6918],[6.2532,48.6931],[6.254,48.6941]]]},"properties":{"id_ffco":"2023-D54-266","nom":"La Colline de Saulxures et Pulnoy","_dept":"54","numero":"2023-D54-266","commune":"Saluxures","echelle":"1/10000","surface":"2.98 km²","format":"A4","annee":"2023","cartographes":"Christophe Goutaudier","proprietaire":"5402 - SCAPA NANCY ORIENTATION","niveau":"Régional","specialite":"CO à pied","contacts":"DEVILLE Nelly, nelly.deville54@orange.fr, https://scapanancyorientation.fr/","latitude":"48.6939293283","longitude":"6.27142086821","date_saisie":"19/10/2023","date_depot":"07/02/2024","valide":"Oui","ppo":"Non","type_carte":"Reprise","base":"2015-D54-197 Bois de Pulnoy","fond":"Ortho","obsolete":false}},{"type":"Feature","geometry":{"type":"Polygon","coordinates":[[[5.8901,49.1477],[5.8907,49.1478],[5.8906,49.1483],[5.8921,49.1483],[5.8922,49.147],[5.8935,49.1471],[5.8947,49.1438],[5.8925,49.1432],[5.8911,49.1436],[5.8902,49.1436],[5.8889,49.1445],[5.8888,49.1451],[5.8887,49.1458],[5.8887,49.1466],[5.8896,49.1473],[5.8902,49.1474],[5.8901,49.1477]]]},"properties":{"id_ffco":"2023-D54-265","nom":"CHATEAU DE MONCEL - JARNY","_dept":"54","numero":"2023-D54-265","commune":"Jarny","echelle":"1/2500","surface":"0.17 km²","format":"A4","annee":"2023","cartographes":"Céline Lemercier","proprietaire":"54 - Meurthe-et-Moselle","niveau":"Initiation, Scolaire","specialite":"CO à pied","contacts":"CDCO 54, 0383643362, 0612941412, p.pogu@free.fr, http://www.meurthe-et-moselle.ffcorientation.fr/cdco-54/","latitude":"49.1455251609","longitude":"5.89154234321","date_saisie":"02/09/2023","date_depot":"26/10/2023","valide":"Oui","ppo":"Non","type_carte":"Reprise","base":"2003-D54-96 Château de Moncel - JARNY","fond":"Ortho","obsolete":false}},{"type":"Feature","geometry":{"type":"Polygon","coordinates":[[[6.1369,48.6443],[6.1402,48.6463],[6.1323,48.6502],[6.1272,48.6557],[6.1254,48.6597],[6.1204,48.6585],[6.1158,48.6589],[6.1062,48.655],[6.1026,48.6539],[6.0968,48.6526],[6.0921,48.6514],[6.0863,48.6504],[6.0794,48.6484],[6.0802,48.645],[6.0797,48.6435],[6.0793,48.6418],[6.0795,48.6405],[6.0831,48.6318],[6.0836,48.6286],[6.0842,48.6264],[6.0845,48.6253],[6.0843,48.6237],[6.091,48.6233],[6.0945,48.6229],[6.098,48.6228],[6.1025,48.6233],[6.1045,48.6246],[6.1069,48.6255],[6.1097,48.6269],[6.1133,48.6259],[6.1176,48.6253],[6.1209,48.6272],[6.1267,48.6284],[6.129,48.6302],[6.1297,48.6317],[6.1314,48.6334],[6.1302,48.6342],[6.1325,48.6344],[6.1327,48.6349],[6.129,48.6363],[6.1325,48.6399],[6.1369,48.6443]]]},"properties":{"id_ffco":"2023-D54-264","nom":"Carrière Nanquette VTT","_dept":"54","numero":"2023-D54-264","commune":"Chavigny","echelle":"1/15000","surface":"12.3 km²","format":"A3","annee":"2023","cartographes":"Benoit Verdenal","proprietaire":"5402 - SCAPA NANCY ORIENTATION","niveau":"National, International","specialite":"CO à VTT","contacts":"DEVILLE Nelly, nelly.deville54@orange.fr, https://scapanancyorientation.fr/","latitude":"48.640455847","longitude":"6.10752307954","date_saisie":"27/07/2023","date_depot":"07/02/2024","valide":"Oui","ppo":"Non","type_carte":"Reprise","base":"2004-D54-100 Val de Fer","fond":"Ortho","obsolete":false}},{"type":"Feature","geometry":{"type":"Polygon","coordinates":[[[6.2181,48.6629],[6.216,48.6617],[6.215,48.6618],[6.2145,48.6621],[6.2133,48.6634],[6.212,48.6635],[6.2119,48.664],[6.2099,48.6647],[6.2087,48.6653],[6.2082,48.6656],[6.2084,48.6668],[6.2083,48.6671],[6.2085,48.6674],[6.2125,48.6659],[6.2158,48.6643],[6.218,48.6631],[6.2181,48.6629]]]},"properties":{"id_ffco":"2023-D54-263","nom":"Parc Montaigu","_dept":"54","numero":"2023-D54-263","commune":"Laneuville devant Nancy","echelle":"1/4000","surface":"0.17 km²","format":"A4","annee":"2023","cartographes":"Philippe POGU","proprietaire":"5402 - SCAPA NANCY ORIENTATION","niveau":"Régional","specialite":"CO à pied","contacts":"DEVILLE Nelly, nelly.deville54@orange.fr, https://scapanancyorientation.fr/","latitude":"48.6644233239","longitude":"6.21297196812","date_saisie":"14/06/2023","date_depot":"23/08/2023","valide":"Oui","ppo":"Non","type_carte":"Nouvelle carte","fond":"Cadastre","obsolete":false}},{"type":"Feature","geometry":{"type":"Polygon","coordinates":[[[6.4706,48.6789],[6.4685,48.677],[6.4664,48.6767],[6.4633,48.6748],[6.4618,48.6732],[6.4588,48.6713],[6.4563,48.6702],[6.4527,48.6697],[6.4498,48.6683],[6.4479,48.6672],[6.4467,48.6672],[6.4464,48.6662],[6.4462,48.6646],[6.4473,48.6623],[6.4458,48.66],[6.4442,48.6585],[6.4449,48.6573],[6.4462,48.6563],[6.4481,48.6543],[6.4489,48.6534],[6.4532,48.654],[6.4575,48.6549],[6.465,48.6555],[6.4692,48.6575],[6.4701,48.66],[6.4709,48.6622],[6.4714,48.6631],[6.4743,48.6648],[6.4743,48.6671],[6.4767,48.6682],[6.4808,48.6739],[6.4778,48.6764],[6.4747,48.6782],[6.4711,48.6789],[6.4714,48.6788],[6.4706,48.6789]]]},"properties":{"id_ffco":"2023-D54-262","nom":"BOIS d'EINVILLE","_dept":"54","numero":"2023-D54-262","commune":"EINVILLE-AU-JARD","echelle":"1/10000","surface":"4.2 km²","format":"A3","annee":"2023","cartographes":"Manuel Zenèvre","proprietaire":"5407 - SPORTS ORIENTATION LUNEVILLE","niveau":"Régional","specialite":"CO à pied","contacts":"Bernard LEMERCIER , bernard.lemercier@wanadoo.fr","latitude":"48.6654378037","longitude":"6.46216844289","date_saisie":"06/02/2023","date_depot":"13/06/2023","valide":"Oui","ppo":"Non","type_carte":"Nouvelle carte","fond":"Ortho","obsolete":false}},{"type":"Feature","geometry":{"type":"Polygon","coordinates":[[[6.4937,48.5677],[6.4935,48.5675],[6.493,48.5673],[6.4932,48.567],[6.493,48.567],[6.4934,48.5664],[6.4949,48.5668],[6.4951,48.5667],[6.4957,48.5669],[6.4953,48.5671],[6.4937,48.5677]]]},"properties":{"id_ffco":"2023-D54-261","nom":"HÉRIMÉNIL - la rue du stade","_dept":"54","numero":"2023-D54-261","commune":"HÉRIMÉNIL","echelle":"1/1000","surface":"0.01 km²","format":"A4","annee":"2023","cartographes":"Bernard Lemercier","proprietaire":"5407 - SPORTS ORIENTATION LUNEVILLE","niveau":"Initiation, Scolaire","specialite":"CO à pied","contacts":"SO lunéville, 0383734494, bernard.lemercier@wanadoo.fr","latitude":"48.5670202297","longitude":"6.49407321808","date_saisie":"05/01/2023","date_depot":"15/02/2023","valide":"Oui","ppo":"Non","type_carte":"Nouvelle carte","fond":"Cadastre","obsolete":false}},{"type":"Feature","geometry":{"type":"Polygon","coordinates":[[[6.4616,48.5331],[6.4617,48.5331],[6.4618,48.5331],[6.4619,48.5331],[6.462,48.5331],[6.462,48.5331],[6.4621,48.5332],[6.4622,48.5332],[6.4622,48.5332],[6.4622,48.5332],[6.4623,48.5331],[6.4623,48.5331],[6.4623,48.5331],[6.4623,48.5331],[6.4623,48.5331],[6.4624,48.533],[6.4623,48.533],[6.4623,48.5329],[6.4622,48.5329],[6.462,48.5329],[6.4619,48.5328],[6.4617,48.5328],[6.4617,48.5328],[6.4616,48.5331]]]},"properties":{"id_ffco":"2023-D54-260","nom":"ÉCOLE de XERMAMÉNIL","_dept":"54","numero":"2023-D54-260","commune":"XERMAMÉNIL","echelle":"1/500","surface":"0.0 km²","format":"A4","annee":"2023","cartographes":"Bernard Lemercier","proprietaire":"5407 - SPORTS ORIENTATION LUNEVILLE","niveau":"Initiation, Scolaire","specialite":"CO à pied","contacts":"SO lunéville, 0383734494, bernard.lemercier@wanadoo.fr","latitude":"48.5329983557","longitude":"6.46196330277","date_saisie":"05/01/2023","date_depot":"15/02/2023","valide":"Oui","ppo":"Non","type_carte":"Nouvelle carte","fond":"Cadastre","obsolete":false}},{"type":"Feature","geometry":{"type":"Polygon","coordinates":[[[6.3508,48.6202],[6.3486,48.6195],[6.3459,48.6189],[6.3461,48.6176],[6.3464,48.6177],[6.3466,48.6176],[6.3507,48.6187],[6.3515,48.6189],[6.3509,48.6201],[6.3508,48.6202]]]},"properties":{"id_ffco":"2023-D54-259","nom":"DOMBASLE-SUR-MEURTHE - le stade municipal","_dept":"54","numero":"2023-D54-259","commune":"Dombasle","echelle":"1/2000","surface":"0.06 km²","format":"A4","annee":"2023","cartographes":"Bernard Lemercier","proprietaire":"5407 - SPORTS ORIENTATION LUNEVILLE","niveau":"Initiation, Scolaire","specialite":"CO à pied","contacts":"SO lunéville, 0383734494, bernard.lemercier@wanadoo.fr","latitude":"48.6188410123","longitude":"6.3486009991","date_saisie":"05/01/2023","date_depot":"15/02/2023","valide":"Oui","ppo":"Non","type_carte":"Nouvelle carte","fond":"Cadastre","obsolete":false}},{"type":"Feature","geometry":{"type":"Polygon","coordinates":[[[6.1864,48.7008],[6.1806,48.6993],[6.1796,48.7007],[6.1789,48.7004],[6.1762,48.7003],[6.175,48.6982],[6.1735,48.6976],[6.177,48.6927],[6.1779,48.6918],[6.1791,48.6923],[6.1794,48.6919],[6.1813,48.6925],[6.1817,48.6919],[6.1832,48.6925],[6.1883,48.6941],[6.1876,48.6947],[6.1879,48.695],[6.1869,48.6964],[6.1891,48.697],[6.1864,48.7008]]]},"properties":{"id_ffco":"2022-D54-258","nom":"Nancy de la Pépinière au Cours Léopold","_dept":"54","numero":"2022-D54-258","commune":"Nancy","echelle":"1/4000","surface":"0.78 km²","format":"A3","annee":"2022","cartographes":"Philippe Pogu, Christophe Goutaudier","proprietaire":"5402 - SCAPA NANCY ORIENTATION","niveau":"Régional","specialite":"Sprint (ISSOM)","latitude":"48.6964368485","longitude":"6.18137736475","date_saisie":"14/11/2022","date_depot":"12/01/2023","valide":"Oui","ppo":"Non","type_carte":"Nouvelle carte","fond":"Ortho","obsolete":false}},{"type":"Feature","geometry":{"type":"Polygon","coordinates":[[[5.8887,49.1055],[5.8891,49.1036],[5.8901,49.1035],[5.8901,49.1003],[5.8865,49.1002],[5.8806,49.0998],[5.8795,49.1003],[5.8786,49.102],[5.8783,49.1035],[5.8788,49.1049],[5.8795,49.1056],[5.8887,49.1055]]]},"properties":{"id_ffco":"2022-D54-257","nom":"MARS-LA-TOUR Etang du Breuil","_dept":"54","numero":"2022-D54-257","commune":"Mars la tour","echelle":"1/4000","surface":"0.48 km²","format":"A4","annee":"2022","cartographes":"Christine Wagner","proprietaire":"54 - Meurthe-et-Moselle","niveau":"Initiation, Scolaire","specialite":"CO à pied","latitude":"49.1027709419","longitude":"5.8841216563","date_saisie":"21/10/2022","date_depot":"05/01/2023","valide":"Oui","ppo":"Non","type_carte":"Nouvelle carte","fond":"Ortho","obsolete":false}},{"type":"Feature","geometry":{"type":"Polygon","coordinates":[[[6.1381,48.6936],[6.1379,48.6934],[6.1382,48.6922],[6.1384,48.6909],[6.137,48.6903],[6.1354,48.6897],[6.134,48.6891],[6.1326,48.6863],[6.1334,48.6853],[6.1345,48.6849],[6.1376,48.6845],[6.1395,48.6829],[6.1496,48.683],[6.1512,48.6839],[6.1549,48.6848],[6.154,48.6868],[6.1547,48.6869],[6.1538,48.688],[6.1552,48.6886],[6.1541,48.6899],[6.1532,48.6903],[6.1533,48.6911],[6.1444,48.693],[6.1381,48.6936]]]},"properties":{"id_ffco":"2022-D54-256","nom":"LAXOU Sentiers du Fonds de Lavaux et de l'Hôtel de Ville","_dept":"54","numero":"2022-D54-256","commune":"Laxou","echelle":"1/4000","surface":"1.41 km²","format":"A3","annee":"2022","cartographes":"Christophe Goutaudier","proprietaire":"5402 - SCAPA NANCY ORIENTATION","niveau":"Régional","specialite":"Sprint (ISSOM)","latitude":"48.687807977","longitude":"6.14423832154","date_saisie":"12/10/2022","date_depot":"05/01/2023","valide":"Oui","ppo":"Non","type_carte":"Nouvelle carte","fond":"Ortho","obsolete":false}},{"type":"Feature","geometry":{"type":"Polygon","coordinates":[[[6.1618,48.6259],[6.1614,48.6269],[6.1578,48.6272],[6.156,48.6269],[6.1541,48.6265],[6.1523,48.6254],[6.1516,48.6245],[6.1516,48.623],[6.1517,48.6219],[6.1518,48.6207],[6.1508,48.6196],[6.1514,48.6191],[6.1557,48.6158],[6.1567,48.6152],[6.1614,48.6177],[6.166,48.6197],[6.1688,48.621],[6.1684,48.622],[6.168,48.623],[6.1678,48.6236],[6.1675,48.6243],[6.166,48.6244],[6.1651,48.6249],[6.1633,48.625],[6.1618,48.6255],[6.1618,48.6259]]]},"properties":{"id_ffco":"2022-D54-255","nom":"LUDRES","_dept":"54","numero":"2022-D54-255","commune":"LUDRES","echelle":"1/4000","surface":"1.11 km²","format":"A3","annee":"2022","cartographes":"Philippe Pogu","proprietaire":"5402 - SCAPA NANCY ORIENTATION","niveau":"Régional","specialite":"Sprint (ISSOM)","latitude":"48.6217339779","longitude":"6.15888762686","date_saisie":"07/09/2022","date_depot":"05/01/2023","valide":"Oui","ppo":"Non","type_carte":"Nouvelle carte","fond":"Ortho","obsolete":false}},{"type":"Feature","geometry":{"type":"Polygon","coordinates":[[[6.406,48.5643],[6.4066,48.5636],[6.4061,48.5635],[6.405,48.5632],[6.4047,48.5636],[6.406,48.5643]]]},"properties":{"id_ffco":"2022-D54-254","nom":"École primaire Marie Marvingt - BLAINVILLE-sur-l'eau","_dept":"54","numero":"2022-D54-254","commune":"Blainville-sur-l'eau","echelle":"1/500","surface":"0.01 km²","format":"A4","annee":"2022","cartographes":"LEMERCIER Bernard","proprietaire":"5407 - SPORTS ORIENTATION LUNEVILLE","niveau":"Initiation, Scolaire","specialite":"CO à pied","latitude":"48.5636903035","longitude":"6.40566083082","date_saisie":"25/06/2022","date_depot":"21/09/2022","valide":"Oui","ppo":"Non","type_carte":"Nouvelle carte","fond":"Cadastre","obsolete":false}},{"type":"Feature","geometry":{"type":"Polygon","coordinates":[[[6.5439,48.6397],[6.5424,48.6405],[6.5428,48.6416],[6.5438,48.6431],[6.5439,48.6437],[6.5464,48.6441],[6.5485,48.644],[6.5494,48.644],[6.55,48.6441],[6.5513,48.6443],[6.5519,48.6455],[6.5546,48.6446],[6.557,48.6441],[6.5608,48.6433],[6.5635,48.6424],[6.5648,48.6426],[6.5666,48.6433],[6.5678,48.6431],[6.5683,48.6415],[6.5689,48.6406],[6.5701,48.6395],[6.5701,48.6388],[6.5682,48.6379],[6.5677,48.6373],[6.5685,48.6366],[6.5697,48.6359],[6.5689,48.6351],[6.5679,48.6346],[6.5665,48.634],[6.5658,48.6331],[6.5654,48.6325],[6.5652,48.6319],[6.5635,48.6317],[6.5622,48.6315],[6.5605,48.6314],[6.5592,48.6312],[6.5583,48.6311],[6.5562,48.6313],[6.5534,48.6316],[6.5522,48.6315],[6.5505,48.6315],[6.55,48.632],[6.5497,48.6324],[6.548,48.6335],[6.5471,48.6344],[6.5477,48.6355],[6.5482,48.6365],[6.548,48.6373],[6.5473,48.6374],[6.5466,48.637],[6.5458,48.6369],[6.5451,48.6374],[6.5439,48.6397]]]},"properties":{"id_ffco":"2022-D54-253","nom":"BOIS DES TROIS COMMUNES","_dept":"54","numero":"2022-D54-253","commune":"Sionviller","echelle":"1/10000","surface":"2.24 km²","format":"A4","annee":"2022","cartographes":"BLONDEAU-TOINY Célian","proprietaire":"5407 - SPORTS ORIENTATION LUNEVILLE","niveau":"Régional","specialite":"CO à pied","latitude":"48.6381485825","longitude":"6.55653731261","date_saisie":"26/02/2022","date_depot":"15/03/2022","valide":"Oui","ppo":"Non","type_carte":"Nouvelle carte","fond":"IGN","ref_ign":"3515 ouest","obsolete":false}},{"type":"Feature","geometry":{"type":"Polygon","coordinates":[[[6.0713,48.9065],[6.0685,48.9068],[6.0665,48.9069],[6.0642,48.9066],[6.0618,48.9064],[6.061,48.9062],[6.0612,48.9088],[6.0615,48.9117],[6.0617,48.9117],[6.0636,48.9113],[6.0639,48.9128],[6.0636,48.913],[6.0638,48.9138],[6.064,48.9144],[6.0659,48.9142],[6.0661,48.9144],[6.0673,48.9142],[6.0675,48.9139],[6.0683,48.9141],[6.0702,48.9138],[6.0713,48.9132],[6.0734,48.9122],[6.0737,48.9113],[6.073,48.9098],[6.0713,48.9065]]]},"properties":{"id_ffco":"2022-D54-252","nom":"La Fontaine Rouge","_dept":"54","numero":"2022-D54-252","commune":"Pont à Mousson","echelle":"1/5000","surface":"0.63 km²","format":"A4","annee":"2022","cartographes":"Philippe Pogu","proprietaire":"54 - Meurthe-et-Moselle","niveau":"Initiation, Scolaire","specialite":"CO à pied","latitude":"48.9101482774","longitude":"6.06717589573","date_saisie":"22/02/2022","date_depot":"03/03/2022","valide":"Oui","ppo":"Non","type_carte":"Nouvelle carte","fond":"Laser","obsolete":false}},{"type":"Feature","geometry":{"type":"Polygon","coordinates":[[[6.0455,48.9165],[6.05,48.9167],[6.0507,48.9146],[6.051,48.9135],[6.0512,48.913],[6.0535,48.9105],[6.0522,48.9102],[6.0506,48.9119],[6.0483,48.9137],[6.0462,48.9152],[6.0455,48.9165]]]},"properties":{"id_ffco":"2022-D54-251","nom":"PAQUIS","_dept":"54","numero":"2022-D54-251","commune":"Pont à Mousson","echelle":"1/3000","surface":"0.14 km²","format":"A4","annee":"2022","cartographes":"Philippe Pogu","proprietaire":"54 - Meurthe-et-Moselle","niveau":"Initiation, Scolaire","specialite":"CO à pied","latitude":"48.9142165856","longitude":"6.0493959965","date_saisie":"22/02/2022","date_depot":"01/03/2022","valide":"Oui","ppo":"Non","type_carte":"Nouvelle carte","fond":"Ortho","obsolete":false}},{"type":"Feature","geometry":{"type":"Polygon","coordinates":[[[5.7935,49.5298],[5.7927,49.5298],[5.7916,49.5291],[5.7904,49.5289],[5.7884,49.529],[5.786,49.5283],[5.7852,49.528],[5.785,49.5274],[5.7845,49.5266],[5.7839,49.5259],[5.7829,49.5252],[5.7816,49.5245],[5.7809,49.5241],[5.781,49.522],[5.7841,49.5199],[5.7861,49.5205],[5.7871,49.5209],[5.7883,49.5212],[5.79,49.5214],[5.7912,49.5218],[5.7926,49.5229],[5.793,49.5232],[5.7935,49.5248],[5.794,49.526],[5.7946,49.527],[5.7939,49.5283],[5.7937,49.5294],[5.7935,49.5298]]]},"properties":{"id_ffco":"2021-D54-250","nom":"Bois de Châ - Longlaville","_dept":"54","numero":"2021-D54-250","commune":"Longlaville","echelle":"1/5000","surface":"0.68 km²","format":"A4","annee":"2021","cartographes":"Philippe Pogu","proprietaire":"GE - Grand Est","niveau":"Initiation, Scolaire","specialite":"CO à pied","latitude":"49.5247649602","longitude":"5.78795134172","date_saisie":"25/09/2021","date_depot":"13/10/2021","valide":"Oui","ppo":"Non","type_carte":"Nouvelle carte","fond":"Ortho","obsolete":false}},{"type":"Feature","geometry":{"type":"Polygon","coordinates":[[[6.1282,48.6099],[6.1304,48.6102],[6.1323,48.6107],[6.1351,48.6107],[6.1377,48.6105],[6.1403,48.6101],[6.1454,48.6096],[6.1466,48.6096],[6.1478,48.6092],[6.1487,48.609],[6.1493,48.6083],[6.1504,48.6063],[6.1517,48.6048],[6.1523,48.6045],[6.1528,48.6044],[6.1543,48.6035],[6.1551,48.6027],[6.1546,48.6025],[6.1537,48.6021],[6.1527,48.6015],[6.1493,48.6036],[6.1449,48.6055],[6.1402,48.6064],[6.1353,48.6065],[6.1306,48.6075],[6.129,48.6079],[6.1288,48.6085],[6.128,48.6097],[6.1282,48.6099]]]},"properties":{"id_ffco":"2021-D54-249","nom":"Plans d'eau de Messein","_dept":"54","numero":"2021-D54-249","commune":"Meissein","echelle":"1/7500","surface":"0.79 km²","format":"A4","annee":"2021","cartographes":"Philippe Pogu","proprietaire":"54 - Meurthe-et-Moselle","niveau":"Initiation, Scolaire","specialite":"CO à pied","latitude":"48.6073881315","longitude":"6.14167762396","date_saisie":"25/09/2021","date_depot":"13/10/2021","valide":"Oui","ppo":"Non","type_carte":"Nouvelle carte","fond":"Ortho","obsolete":false}},{"type":"Feature","geometry":{"type":"Polygon","coordinates":[[[5.8942,48.6972],[5.8887,48.6949],[5.8875,48.694],[5.8879,48.6925],[5.8881,48.6916],[5.8874,48.6898],[5.8864,48.6873],[5.8861,48.6865],[5.8851,48.6864],[5.8836,48.6852],[5.8869,48.6815],[5.8897,48.6823],[5.8942,48.6839],[5.8978,48.6853],[5.8996,48.6881],[5.9013,48.6908],[5.895,48.6966],[5.8942,48.6972]]]},"properties":{"id_ffco":"2021-D54-248","nom":"CROIX de METZ - TOUL","_dept":"54","numero":"2021-D54-248","commune":"Toul","echelle":"1/4000","surface":"1.28 km²","format":"A3","annee":"2021","cartographes":"Vincent PAPON","proprietaire":"5402 - SCAPA NANCY ORIENTATION","niveau":"Régional","specialite":"Sprint (ISSOM)","latitude":"48.689120916","longitude":"5.89251263856","date_saisie":"27/05/2021","date_depot":"22/06/2021","valide":"Oui","ppo":"Non","type_carte":"Nouvelle carte","fond":"Ortho","obsolete":false}},{"type":"Feature","geometry":{"type":"Polygon","coordinates":[[[6.1259,48.6566],[6.1262,48.6557],[6.1259,48.6552],[6.1257,48.6529],[6.1242,48.6516],[6.1234,48.6504],[6.1246,48.6494],[6.1257,48.6478],[6.1257,48.6467],[6.1257,48.646],[6.1275,48.6451],[6.1291,48.6447],[6.1301,48.6445],[6.131,48.6446],[6.1316,48.6451],[6.1339,48.646],[6.1351,48.6451],[6.1355,48.6448],[6.1372,48.6452],[6.1388,48.6456],[6.1381,48.6461],[6.1378,48.6466],[6.1368,48.6477],[6.1351,48.6487],[6.1327,48.6502],[6.1301,48.6523],[6.1286,48.6538],[6.1278,48.6549],[6.1271,48.656],[6.1269,48.6565],[6.1259,48.6566]]]},"properties":{"id_ffco":"2021-D54-247","nom":"Bois de Champelle","_dept":"54","numero":"2021-D54-247","commune":"Vandoeuvre","echelle":"1/7500","surface":"0.66 km²","format":"A4","annee":"2021","cartographes":"Benoit Verdenal, Philippe Pogu","proprietaire":"5402 - SCAPA NANCY ORIENTATION","niveau":"Départemental","specialite":"CO à pied","contacts":"DEVILLE Nelly, nelly.deville54@orange.fr, https://scapanancyorientation.fr/","latitude":"48.6490035383","longitude":"6.12982653358","date_saisie":"04/05/2021","date_depot":"22/06/2021","valide":"Oui","ppo":"Oui (28 postes)","type_carte":"Extrait","base":"2007-D54-126 Le Puits De La Faille","fond":"Ortho","obsolete":false}},{"type":"Feature","geometry":{"type":"Polygon","coordinates":[[[6.1822,48.6632],[6.1816,48.664],[6.1808,48.6642],[6.1808,48.6639],[6.1807,48.6637],[6.1813,48.6626],[6.1822,48.6632]]]},"properties":{"id_ffco":"2021-D54-246","nom":"Ecole Europe Nation - Vandoeuvre","_dept":"54","numero":"2021-D54-246","commune":"Vandoeuvre","echelle":"1/1000","surface":"0.01 km²","format":"A4","annee":"2021","cartographes":"Philippe Pogu","proprietaire":"5402 - SCAPA NANCY ORIENTATION","niveau":"Initiation, Scolaire","specialite":"CO à pied","contacts":"DEVILLE Nelly, nelly.deville54@orange.fr, https://scapanancyorientation.fr/","latitude":"48.6634410313","longitude":"6.18138237849","date_saisie":"25/03/2021","date_depot":"22/06/2021","valide":"Oui","ppo":"Non","type_carte":"Nouvelle carte","fond":"Ortho","obsolete":false}},{"type":"Feature","geometry":{"type":"Polygon","coordinates":[[[6.2177,48.7014],[6.2183,48.6998],[6.2214,48.7004],[6.2207,48.702],[6.2177,48.7014]]]},"properties":{"id_ffco":"2021-D54-245","nom":"Parc Maringer","_dept":"54","numero":"2021-D54-245","commune":"Saint Max","echelle":"1/1500","surface":"0.04 km²","format":"A4","annee":"2021","cartographes":"Pogu Philippe","proprietaire":"5402 - SCAPA NANCY ORIENTATION","niveau":"Initiation, Scolaire","specialite":"CO à pied","contacts":"DEVILLE Nelly, nelly.deville54@orange.fr, https://scapanancyorientation.fr/","latitude":"48.7008872016","longitude":"6.21951216707","date_saisie":"25/03/2021","date_depot":"22/06/2021","valide":"Oui","ppo":"Non","type_carte":"Nouvelle carte","fond":"Ortho","obsolete":false}},{"type":"Feature","geometry":{"type":"Polygon","coordinates":[[[5.9009,49.3101],[5.9,49.3098],[5.8996,49.3094],[5.8997,49.3086],[5.8983,49.3083],[5.8976,49.3082],[5.8962,49.3084],[5.8957,49.3079],[5.8951,49.3074],[5.8951,49.3068],[5.896,49.3062],[5.898,49.3071],[5.8989,49.3074],[5.9007,49.3076],[5.9019,49.3082],[5.902,49.3089],[5.9013,49.3098],[5.9009,49.3101]]]},"properties":{"id_ffco":"2021-D54-244","nom":"Collège Joliot Curie - Tucquegnieux","_dept":"54","numero":"2021-D54-244","commune":"Tucquegnieux","echelle":"1/2000","surface":"0.09 km²","format":"A4","annee":"2021","cartographes":"Philippe Pogu","proprietaire":"54 - Meurthe-et-Moselle","niveau":"Initiation, Scolaire","specialite":"CO à pied","latitude":"49.3080464633","longitude":"5.89867989302","date_saisie":"10/04/2021","date_depot":"22/06/2021","valide":"Oui","ppo":"Non","type_carte":"Nouvelle carte","fond":"Ortho","obsolete":false}},{"type":"Feature","geometry":{"type":"Polygon","coordinates":[[[6.4845,48.5847],[6.4846,48.5918],[6.4846,48.5931],[6.4849,48.5936],[6.4861,48.594],[6.4864,48.595],[6.4861,48.5954],[6.4862,48.5961],[6.487,48.5966],[6.4886,48.5973],[6.4909,48.5976],[6.4947,48.5981],[6.4987,48.5985],[6.4989,48.5982],[6.5004,48.5982],[6.5006,48.5968],[6.5015,48.5969],[6.5027,48.5969],[6.503,48.5929],[6.5024,48.5929],[6.5026,48.5911],[6.5015,48.5908],[6.503,48.5883],[6.5029,48.5821],[6.5001,48.5828],[6.4999,48.5825],[6.4978,48.5825],[6.4978,48.5823],[6.494,48.5827],[6.4905,48.5827],[6.4904,48.5838],[6.4871,48.5839],[6.4877,48.5845],[6.4873,48.5846],[6.4856,48.5846],[6.4847,48.5847],[6.4845,48.5847]]]},"properties":{"id_ffco":"2021-D54-243","nom":"LUNEVILLE","_dept":"54","numero":"2021-D54-243","commune":"Lunéville","echelle":"1/5000","surface":"2.12 km²","format":"A3","annee":"2021","cartographes":"Célian BLONDEAU-TOINY, Bernard LEMERCIER","proprietaire":"5407 - SPORTS ORIENTATION LUNEVILLE","niveau":"Régional","specialite":"Sprint (ISSOM)","latitude":"48.590207075","longitude":"6.4941888989","date_saisie":"07/03/2021","date_depot":"12/04/2021","valide":"Oui","ppo":"Non","type_carte":"Nouvelle carte","fond":"Cadastre","obsolete":false}},{"type":"Feature","geometry":{"type":"Polygon","coordinates":[[[6.1963,48.6476],[6.1961,48.6479],[6.1953,48.6482],[6.1948,48.6486],[6.1943,48.6492],[6.1939,48.6499],[6.194,48.6512],[6.1954,48.6518],[6.1967,48.6526],[6.1976,48.6529],[6.1985,48.6531],[6.2033,48.6531],[6.2042,48.6529],[6.205,48.6529],[6.2061,48.6531],[6.2064,48.651],[6.2053,48.6485],[6.1965,48.6474],[6.1963,48.6476]]]},"properties":{"id_ffco":"2020-D54-242","nom":"Parc de l'Embanie","_dept":"54","numero":"2020-D54-242","commune":"Heillecourt","echelle":"1/4000","surface":"0.46 km²","format":"A4","annee":"2020","cartographes":"Pogu Philippe","proprietaire":"5402 - SCAPA NANCY ORIENTATION","niveau":"Départemental","specialite":"CO à pied","contacts":"DEVILLE Nelly, nelly.deville54@orange.fr, https://scapanancyorientation.fr/","latitude":"48.6504508462","longitude":"6.2002243763","date_saisie":"31/07/2020","date_depot":"24/11/2020","valide":"Oui","ppo":"Non","type_carte":"Nouvelle carte","fond":"Ortho","obsolete":false}},{"type":"Feature","geometry":{"type":"Polygon","coordinates":[[[6.1754,48.6634],[6.1744,48.6641],[6.1743,48.6643],[6.1737,48.6641],[6.1729,48.6635],[6.1725,48.6631],[6.1724,48.663],[6.1725,48.6629],[6.1728,48.6627],[6.1728,48.6626],[6.1733,48.6622],[6.1736,48.6622],[6.1742,48.6618],[6.1746,48.6617],[6.1749,48.6619],[6.1754,48.6622],[6.1754,48.6634]]]},"properties":{"id_ffco":"2020-D54-241","nom":"Esplanade Simone Veil","_dept":"54","numero":"2020-D54-241","commune":"Vandoeuvre lès Nancy","echelle":"1/1500","surface":"0.04 km²","format":"A4","annee":"2020","cartographes":"Pogu Philippe","proprietaire":"5402 - SCAPA NANCY ORIENTATION","niveau":"Initiation, Scolaire","specialite":"CO à pied","contacts":"DEVILLE Nelly, nelly.deville54@orange.fr, https://scapanancyorientation.fr/","latitude":"48.6629659314","longitude":"6.17410978262","date_saisie":"11/04/2020","date_depot":"01/09/2020","valide":"Oui","ppo":"Non","type_carte":"Nouvelle carte","fond":"Ortho","obsolete":false}},{"type":"Feature","geometry":{"type":"Polygon","coordinates":[[[5.9248,49.2653],[5.9231,49.2654],[5.9211,49.2648],[5.919,49.2642],[5.9186,49.2639],[5.9185,49.2634],[5.9202,49.2608],[5.9219,49.2587],[5.9237,49.2569],[5.9254,49.2555],[5.9255,49.2535],[5.927,49.2519],[5.927,49.2501],[5.9272,49.2488],[5.9284,49.2488],[5.931,49.2488],[5.9328,49.249],[5.9326,49.2481],[5.9326,49.2472],[5.933,49.2465],[5.9341,49.2468],[5.9341,49.2477],[5.9352,49.2482],[5.9365,49.249],[5.937,49.2494],[5.937,49.2504],[5.9364,49.2518],[5.9368,49.2534],[5.9357,49.2548],[5.9353,49.2568],[5.9347,49.2585],[5.935,49.2595],[5.9332,49.2599],[5.931,49.2608],[5.9287,49.2619],[5.9279,49.2627],[5.9278,49.263],[5.9254,49.2631],[5.9247,49.2633],[5.9247,49.2641],[5.9248,49.2649],[5.9248,49.2653]]]},"properties":{"id_ffco":"2020-D54-240","nom":"Plan d'eau de la Sangsue","_dept":"54","numero":"2020-D54-240","commune":"Briey","echelle":"1/7500","surface":"1.36 km²","format":"A4","annee":"2020","cartographes":"Pogu Philippe","proprietaire":"54 - Meurthe-et-Moselle","niveau":"Initiation, Scolaire","specialite":"CO à pied","contacts":"CDCO 54, 0383643362, 0612941412, p.pogu@free.fr, http://www.meurthe-et-moselle.ffcorientation.fr/cdco-54/","latitude":"49.2564059961","longitude":"5.92883134743","date_saisie":"11/04/2020","date_depot":"01/09/2020","valide":"Oui","ppo":"Non","type_carte":"Reprise","base":"2013-D54-180 les Bois des Moines","fond":"Ortho","obsolete":false}},{"type":"Feature","geometry":{"type":"Polygon","coordinates":[[[6.1401,48.6437],[6.1409,48.6437],[6.143,48.6454],[6.154,48.6437],[6.1597,48.6428],[6.1649,48.642],[6.1689,48.6412],[6.1702,48.6403],[6.1709,48.6387],[6.171,48.637],[6.1721,48.6355],[6.1717,48.6346],[6.1707,48.6306],[6.1693,48.6289],[6.1667,48.6268],[6.1639,48.6265],[6.1594,48.6263],[6.1574,48.6263],[6.1553,48.6259],[6.1534,48.6251],[6.1526,48.624],[6.1522,48.6204],[6.1501,48.6174],[6.1489,48.6158],[6.1473,48.6152],[6.1421,48.6152],[6.1414,48.614],[6.1394,48.6141],[6.1312,48.6153],[6.1285,48.6162],[6.1266,48.6172],[6.1238,48.6184],[6.1204,48.6195],[6.1191,48.6215],[6.1207,48.6237],[6.1231,48.6251],[6.1287,48.6281],[6.1304,48.6304],[6.1322,48.6313],[6.1332,48.6325],[6.1307,48.6348],[6.1318,48.6347],[6.132,48.635],[6.1307,48.6355],[6.1305,48.6362],[6.1311,48.6375],[6.133,48.639],[6.1353,48.6401],[6.1375,48.6406],[6.1405,48.6416],[6.1391,48.6428],[6.1401,48.6437]]]},"properties":{"id_ffco":"2020-D54-239","nom":"De Châtel au Four","_dept":"54","numero":"2020-D54-239","commune":"Ludres","echelle":"1/15000","surface":"7.96 km²","format":"A3","annee":"2020","cartographes":"Matthieu Barthelémy","proprietaire":"5402 - SCAPA NANCY ORIENTATION","niveau":"National, International","specialite":"CO à pied","contacts":"DEVILLE Nelly, nelly.deville54@orange.fr, https://scapanancyorientation.fr/","latitude":"48.6300097761","longitude":"6.14620322355","date_saisie":"22/03/2020","date_depot":"01/09/2020","valide":"Oui","ppo":"Non","type_carte":"Nouvelle carte","fond":"Ortho","obsolete":false}},{"type":"Feature","geometry":{"type":"Polygon","coordinates":[[[5.8731,49.1633],[5.8757,49.1632],[5.8756,49.1627],[5.8753,49.1624],[5.8752,49.1622],[5.8751,49.1614],[5.8741,49.1618],[5.8739,49.1617],[5.8729,49.1621],[5.8733,49.1627],[5.8729,49.1628],[5.8731,49.1632],[5.8731,49.1633]]]},"properties":{"id_ffco":"2020-D54-238","nom":"Collège Louis Aragon","_dept":"54","numero":"2020-D54-238","commune":"Jarny","echelle":"1/1000","surface":"0.03 km²","format":"A4","annee":"2020","cartographes":"Pogu Philippe","proprietaire":"54 - Meurthe-et-Moselle","niveau":"Initiation, Scolaire","specialite":"CO à pied","contacts":"Collège Louis Aragon, 54800, Jarny","latitude":"49.1625086656","longitude":"5.87428204192","date_saisie":"30/01/2020","date_depot":"08/12/2020","valide":"Oui","ppo":"Non","type_carte":"Nouvelle carte","fond":"Ortho","obsolete":false}},{"type":"Feature","geometry":{"type":"Polygon","coordinates":[[[5.8892,48.6684],[5.8865,48.6677],[5.8864,48.6675],[5.8862,48.6675],[5.8852,48.6666],[5.8849,48.6663],[5.8849,48.666],[5.8858,48.6649],[5.8878,48.6654],[5.8878,48.6662],[5.889,48.667],[5.8892,48.6684]]]},"properties":{"id_ffco":"2019-D54-237","nom":"Collège valcourt","_dept":"54","numero":"2019-D54-237","commune":"Toul","echelle":"1/1500","surface":"0.07 km²","format":"A4","annee":"2019","cartographes":"Pogu Philippe","proprietaire":"54 - Meurthe-et-Moselle","niveau":"Initiation, Scolaire","specialite":"CO à pied","contacts":"CDCO 54, 0383643362, 0612941412, p.pogu@free.fr, http://www.meurthe-et-moselle.ffcorientation.fr/cdco-54/","latitude":"48.666625211","longitude":"5.88702413487","date_saisie":"02/12/2019","date_depot":"27/01/2020","valide":"Oui","ppo":"Non","type_carte":"Nouvelle carte","fond":"Ortho","obsolete":false}},{"type":"Feature","geometry":{"type":"Polygon","coordinates":[[[6.4148,48.5678],[6.4138,48.5674],[6.4125,48.567],[6.4119,48.5669],[6.4115,48.5663],[6.4113,48.5661],[6.4122,48.5658],[6.4127,48.5653],[6.4135,48.5655],[6.4146,48.5659],[6.416,48.5663],[6.4152,48.5676],[6.4148,48.5678]]]},"properties":{"id_ffco":"2019-D54-236","nom":"Collège Langevin Wallon - Blainville-sur-l'eau","_dept":"54","numero":"2019-D54-236","commune":"Blainville","echelle":"1/2000","surface":"0.05 km²","format":"A4","annee":"2019","cartographes":"Lemercier Bernard","proprietaire":"5407 - SPORTS ORIENTATION LUNEVILLE","niveau":"Initiation, Scolaire","specialite":"CO à pied","latitude":"48.5665232346","longitude":"6.41373535655","date_saisie":"25/11/2019","date_depot":"27/01/2020","valide":"Oui","ppo":"Non","type_carte":"Nouvelle carte","fond":"Cadastre","obsolete":false}},{"type":"Feature","geometry":{"type":"Polygon","coordinates":[[[6.3019,48.6239],[6.302,48.6236],[6.3024,48.6233],[6.3026,48.6231],[6.3027,48.623],[6.3031,48.6229],[6.3038,48.6238],[6.3032,48.6246],[6.3028,48.6245],[6.3024,48.6245],[6.302,48.6245],[6.3016,48.6244],[6.3016,48.6243],[6.3017,48.624],[6.3018,48.6239],[6.3019,48.6239]]]},"properties":{"id_ffco":"2019-D54-235","nom":"Le parc Alba - Saint Nicolas-de-Port","_dept":"54","numero":"2019-D54-235","commune":"Saint Nicolas-de-Port","echelle":"1/1000","surface":"0.02 km²","format":"A5","annee":"2019","cartographes":"Lemercier Bernard","proprietaire":"5407 - SPORTS ORIENTATION LUNEVILLE","niveau":"Initiation, Scolaire","specialite":"CO à pied","latitude":"48.6238412874","longitude":"6.30277314886","date_saisie":"25/11/2019","date_depot":"27/01/2020","valide":"Oui","ppo":"Non","type_carte":"Nouvelle carte","fond":"Cadastre","obsolete":false}},{"type":"Feature","geometry":{"type":"Polygon","coordinates":[[[6.2996,48.6222],[6.2993,48.6221],[6.2988,48.6221],[6.2987,48.6221],[6.2981,48.6221],[6.2979,48.6221],[6.2974,48.622],[6.2973,48.6219],[6.2972,48.6218],[6.2968,48.6217],[6.2966,48.6215],[6.2968,48.6213],[6.297,48.6213],[6.2976,48.6213],[6.2985,48.6214],[6.2987,48.6213],[6.2995,48.6213],[6.3001,48.6213],[6.3003,48.6214],[6.3003,48.6219],[6.3,48.6221],[6.2997,48.6221],[6.2996,48.6222]]]},"properties":{"id_ffco":"2019-D54-234","nom":"Collège Saint Exupery - St Nicolas-de-Port","_dept":"54","numero":"2019-D54-234","commune":"Saint Nicolas-de-Port","echelle":"1/1000","surface":"0.02 km²","format":"A4","annee":"2019","cartographes":"Lemercier Bernard","proprietaire":"5407 - SPORTS ORIENTATION LUNEVILLE","niveau":"Initiation, Scolaire","specialite":"CO à pied","latitude":"48.621685995","longitude":"6.29863662626","date_saisie":"25/11/2019","date_depot":"02/09/2020","valide":"Oui","ppo":"Non","type_carte":"Nouvelle carte","fond":"Cadastre","obsolete":false}},{"type":"Feature","geometry":{"type":"Polygon","coordinates":[[[6.3579,48.6278],[6.3581,48.6273],[6.3583,48.6263],[6.3586,48.626],[6.3596,48.6259],[6.3608,48.626],[6.3618,48.6262],[6.3626,48.6266],[6.363,48.6267],[6.3637,48.6268],[6.364,48.6265],[6.3651,48.6267],[6.3659,48.6269],[6.3665,48.627],[6.3671,48.6271],[6.3674,48.627],[6.3678,48.6268],[6.3688,48.627],[6.3683,48.6273],[6.3682,48.6277],[6.3685,48.6284],[6.3688,48.6286],[6.3687,48.6292],[6.3682,48.6292],[6.3675,48.6292],[6.3672,48.6292],[6.3675,48.6295],[6.3673,48.6298],[6.3669,48.6298],[6.3662,48.6295],[6.3645,48.6291],[6.3635,48.629],[6.3615,48.6286],[6.3609,48.6285],[6.3599,48.6282],[6.359,48.628],[6.3585,48.6279],[6.3581,48.6279],[6.3579,48.6278]]]},"properties":{"id_ffco":"2019-D54-233","nom":"Le site du Poncet - Dombasle-sur-Meurthe","_dept":"54","numero":"2019-D54-233","commune":"Dombasle-sur-Meurthe","echelle":"1/4000","surface":"0.2 km²","format":"A4","annee":"2019","cartographes":"Lemercier Bernard","proprietaire":"5407 - SPORTS ORIENTATION LUNEVILLE","niveau":"Initiation, Scolaire","specialite":"CO à pied","latitude":"48.6277235391","longitude":"6.36350593124","date_saisie":"25/11/2019","date_depot":"27/01/2020","valide":"Oui","ppo":"Non","type_carte":"Nouvelle carte","fond":"Cadastre","obsolete":false}},{"type":"Feature","geometry":{"type":"Polygon","coordinates":[[[6.1289,48.6566],[6.1284,48.6588],[6.1289,48.6607],[6.1292,48.6609],[6.1315,48.6619],[6.1328,48.6628],[6.1356,48.6644],[6.1364,48.6649],[6.1369,48.6656],[6.1376,48.6668],[6.1391,48.6684],[6.14,48.668],[6.1404,48.6677],[6.1405,48.6675],[6.141,48.6681],[6.142,48.668],[6.142,48.6674],[6.1419,48.666],[6.1417,48.6641],[6.1415,48.6632],[6.1415,48.6629],[6.1417,48.6622],[6.142,48.662],[6.1415,48.6609],[6.1408,48.6599],[6.1397,48.659],[6.1387,48.6583],[6.1379,48.658],[6.1368,48.6576],[6.1357,48.6573],[6.1339,48.6571],[6.1318,48.6569],[6.13,48.6567],[6.1289,48.6566]]]},"properties":{"id_ffco":"2019-D54-232","nom":"La Linotte des Bois","_dept":"54","numero":"2019-D54-232","commune":"Villers Les Nancy","echelle":"1/5000","surface":"0.74 km²","format":"A4","annee":"2019","cartographes":"Philippe Pogu","proprietaire":"5402 - SCAPA NANCY ORIENTATION","niveau":"Régional","specialite":"CO à pied","contacts":"DEVILLE Nelly, nelly.deville54@orange.fr, https://scapanancyorientation.fr/","latitude":"48.6615661654","longitude":"6.136045999","date_saisie":"06/09/2019","date_depot":"20/09/2019","valide":"Oui","ppo":"Non","type_carte":"Nouvelle carte","fond":"Ortho","obsolete":false}},{"type":"Feature","geometry":{"type":"Polygon","coordinates":[[[6.1254,48.6595],[6.1282,48.6604],[6.1307,48.6611],[6.1331,48.6625],[6.1357,48.664],[6.137,48.6651],[6.1379,48.6666],[6.1394,48.6681],[6.1404,48.6694],[6.1436,48.6716],[6.1418,48.6731],[6.141,48.6734],[6.1404,48.6742],[6.1401,48.6746],[6.1408,48.6751],[6.1417,48.6758],[6.1401,48.6772],[6.1422,48.6787],[6.1418,48.6793],[6.1415,48.6801],[6.1406,48.6816],[6.1393,48.6833],[6.1396,48.6838],[6.1383,48.6847],[6.137,48.6851],[6.1345,48.685],[6.1338,48.6851],[6.1326,48.6855],[6.1321,48.6859],[6.1308,48.6857],[6.1306,48.6853],[6.1292,48.6848],[6.1263,48.684],[6.1192,48.6817],[6.1182,48.6814],[6.1207,48.6741],[6.1173,48.6743],[6.118,48.661],[6.1212,48.6582],[6.122,48.6577],[6.1257,48.6585],[6.1254,48.6595]]]},"properties":{"id_ffco":"2019-D54-231","nom":"Hardeval VTT 2","_dept":"54","numero":"2019-D54-231","commune":"Villers-Les-nancy","echelle":"1/10000","surface":"4.17 km²","format":"A3","annee":"2019","cartographes":"Nelly Deville","proprietaire":"5402 - SCAPA NANCY ORIENTATION","niveau":"National, International","specialite":"CO à VTT","contacts":"DEVILLE Nelly, nelly.deville54@orange.fr, https://scapanancyorientation.fr/","latitude":"48.6725701483","longitude":"6.12907715385","date_saisie":"08/05/2019","date_depot":"09/07/2019","valide":"Oui","ppo":"Non","type_carte":"Reprise","base":"2010-D54-146 Hardeval VTT","fond":"Cadastre","obsolete":false}},{"type":"Feature","geometry":{"type":"Polygon","coordinates":[[[6.1551,48.646],[6.1543,48.644],[6.1457,48.645],[6.1441,48.6444],[6.1419,48.6429],[6.1381,48.6408],[6.133,48.6394],[6.1302,48.6384],[6.1284,48.6363],[6.1307,48.6351],[6.1284,48.6351],[6.1276,48.6344],[6.1266,48.6321],[6.124,48.6287],[6.1218,48.6279],[6.1207,48.6265],[6.1211,48.6224],[6.1212,48.6207],[6.127,48.6178],[6.1325,48.615],[6.1402,48.6136],[6.1416,48.6152],[6.1486,48.6158],[6.1515,48.6196],[6.1527,48.6212],[6.1523,48.6232],[6.1538,48.6255],[6.1553,48.6261],[6.1579,48.6264],[6.1615,48.6259],[6.1652,48.626],[6.1686,48.6284],[6.17,48.6305],[6.1702,48.6317],[6.17,48.6334],[6.1693,48.6345],[6.1712,48.6365],[6.1717,48.6402],[6.1711,48.6424],[6.1703,48.6452],[6.1698,48.6481],[6.1703,48.6528],[6.1662,48.6549],[6.1626,48.6556],[6.1635,48.6541],[6.1657,48.6513],[6.1646,48.6498],[6.1623,48.6488],[6.1596,48.6487],[6.1581,48.6461],[6.1551,48.646]]]},"properties":{"id_ffco":"2019-D54-230","nom":"Plat'O VTT de Ludres","_dept":"54","numero":"2019-D54-230","commune":"Ludres","echelle":"1/15000","surface":"9.26 km²","format":"A3","annee":"2019","cartographes":"cartomatt.co, Benoit Verdenal","proprietaire":"5402 - SCAPA NANCY ORIENTATION","niveau":"National, International","specialite":"CO à VTT","contacts":"DEVILLE Nelly, nelly.deville54@orange.fr, https://scapanancyorientation.fr/","latitude":"48.6319705745","longitude":"6.14746257721","date_saisie":"08/05/2019","date_depot":"09/07/2019","valide":"Oui","ppo":"Non","type_carte":"Nouvelle carte","fond":"Ortho","obsolete":false}},{"type":"Feature","geometry":{"type":"Polygon","coordinates":[[[6.1484,48.6559],[6.1476,48.6552],[6.1468,48.6553],[6.1448,48.6561],[6.1393,48.6563],[6.1397,48.6573],[6.1387,48.6583],[6.1403,48.6593],[6.1415,48.6609],[6.1424,48.6629],[6.1432,48.6644],[6.1449,48.666],[6.1476,48.6661],[6.1489,48.6657],[6.1509,48.6641],[6.1512,48.6632],[6.1511,48.6619],[6.1508,48.661],[6.1503,48.6599],[6.149,48.6589],[6.1487,48.6577],[6.1484,48.6559]]]},"properties":{"id_ffco":"2019-D54-229","nom":"Parc du Chateau de Brabois","_dept":"54","numero":"2019-D54-229","commune":"Villers Lès Nancy","echelle":"1/5000","surface":"0.71 km²","format":"A4","annee":"2019","cartographes":"Pogu Philippe","proprietaire":"5402 - SCAPA NANCY ORIENTATION","niveau":"Régional","specialite":"CO à pied","latitude":"48.6605968433","longitude":"6.14561974129","date_saisie":"09/04/2019","date_depot":"10/04/2019","valide":"Oui","ppo":"Non","type_carte":"Nouvelle carte","fond":"Ortho","obsolete":false}},{"type":"Feature","geometry":{"type":"Polygon","coordinates":[[[6.1525,48.6539],[6.1538,48.6554],[6.1553,48.6571],[6.1571,48.6584],[6.1607,48.66],[6.1623,48.6605],[6.1636,48.6606],[6.1653,48.6598],[6.1657,48.6592],[6.1656,48.658],[6.1657,48.6575],[6.1663,48.6567],[6.1663,48.6563],[6.1659,48.6561],[6.1659,48.6554],[6.1663,48.6548],[6.1662,48.6544],[6.1657,48.6544],[6.1641,48.6551],[6.1633,48.6553],[6.1602,48.6548],[6.1587,48.6544],[6.1554,48.6539],[6.1539,48.6539],[6.1526,48.6538],[6.1525,48.6539]]]},"properties":{"id_ffco":"2019-D54-228","nom":"La Sapinière de Brabois","_dept":"54","numero":"2019-D54-228","commune":"Vandoeuvre","echelle":"1/4000","surface":"0.46 km²","format":"A4","annee":"2019","cartographes":"Pogu Philippe","proprietaire":"5402 - SCAPA NANCY ORIENTATION","niveau":"Régional","specialite":"CO à pied","latitude":"48.6569105045","longitude":"6.16038891578","date_saisie":"09/04/2019","date_depot":"10/04/2019","valide":"Oui","ppo":"Non","type_carte":"Nouvelle carte","fond":"Ortho","obsolete":false}},{"type":"Feature","geometry":{"type":"Polygon","coordinates":[[[6.1374,48.652],[6.1362,48.6531],[6.1348,48.6541],[6.1334,48.6553],[6.1323,48.6562],[6.1319,48.6566],[6.1328,48.657],[6.1341,48.6571],[6.1356,48.6573],[6.1368,48.6576],[6.1381,48.658],[6.1391,48.6586],[6.1402,48.6593],[6.1406,48.6592],[6.1411,48.659],[6.1422,48.6586],[6.1437,48.658],[6.1423,48.6562],[6.1397,48.6563],[6.1384,48.6531],[6.1374,48.652]]]},"properties":{"id_ffco":"2019-D54-227","nom":"Parc d'Activités de l'Hippodrome","_dept":"54","numero":"2019-D54-227","commune":"Villers Les Nancy","echelle":"1/4000","surface":"0.29 km²","format":"A4","annee":"2019","cartographes":"Philippe Pogu","proprietaire":"5402 - SCAPA NANCY ORIENTATION","niveau":"Régional","specialite":"CO à pied","latitude":"48.6561044033","longitude":"6.13780260551","date_saisie":"09/04/2019","date_depot":"10/04/2019","valide":"Oui","ppo":"Non","type_carte":"Nouvelle carte","fond":"Ortho","obsolete":false}},{"type":"Feature","geometry":{"type":"Polygon","coordinates":[[[6.1893,48.7076],[6.1902,48.7079],[6.1906,48.7076],[6.1911,48.7075],[6.1916,48.7075],[6.192,48.7078],[6.1926,48.7085],[6.1952,48.7096],[6.1965,48.7097],[6.1989,48.7105],[6.1991,48.7111],[6.1978,48.7118],[6.1968,48.7134],[6.1962,48.7146],[6.1959,48.7158],[6.1954,48.7153],[6.1947,48.715],[6.194,48.7147],[6.1935,48.7172],[6.193,48.7188],[6.1924,48.7204],[6.1913,48.7224],[6.1901,48.7236],[6.189,48.7247],[6.1888,48.7245],[6.1883,48.724],[6.1873,48.7242],[6.1859,48.7243],[6.1855,48.7243],[6.1852,48.7243],[6.1848,48.7244],[6.1844,48.7256],[6.1841,48.7261],[6.1829,48.7264],[6.1818,48.7264],[6.1813,48.7248],[6.1809,48.7239],[6.1808,48.723],[6.1812,48.7217],[6.1818,48.7204],[6.1826,48.7196],[6.1833,48.7181],[6.1841,48.7167],[6.185,48.7155],[6.1857,48.7131],[6.1867,48.7116],[6.1873,48.7096],[6.189,48.7075],[6.1893,48.7076]]]},"properties":{"id_ffco":"2018-D54-226","nom":"Les sentiers de Malzéville","_dept":"54","numero":"2018-D54-226","commune":"Malzéville","echelle":"1/10000","surface":"1.38 km²","format":"A4","annee":"2018","cartographes":"Christophe Goutaudier","proprietaire":"5402 - SCAPA NANCY ORIENTATION","niveau":"Régional","specialite":"CO à pied","contacts":"DEVILLE Nelly, nelly.deville54@orange.fr, https://scapanancyorientation.fr/","latitude":"48.7165730648","longitude":"6.18908106605","date_saisie":"06/12/2018","date_depot":"28/12/2018","valide":"Oui","ppo":"Non","type_carte":"Nouvelle carte","fond":"Ortho","obsolete":false}},{"type":"Feature","geometry":{"type":"Polygon","coordinates":[[[6.1565,48.7947],[6.1496,48.7944],[6.1476,48.7934],[6.1444,48.7925],[6.1449,48.7918],[6.1463,48.7912],[6.1468,48.7909],[6.1507,48.7921],[6.1527,48.7923],[6.1549,48.7922],[6.157,48.792],[6.1571,48.793],[6.1577,48.7939],[6.1574,48.7945],[6.1565,48.7947]]]},"properties":{"id_ffco":"2018-D54-225","nom":"Parcours santé Custines","_dept":"54","numero":"2018-D54-225","commune":"Custines","echelle":"1/3000","surface":"0.23 km²","format":"A4","annee":"2018","cartographes":"Pogu philippe","proprietaire":"54 - Meurthe-et-Moselle","niveau":"Initiation, Scolaire","specialite":"Sprint (ISSOM)","latitude":"48.7930243081","longitude":"6.1513931136","date_saisie":"27/10/2018","date_depot":"05/12/2018","valide":"Oui","ppo":"Non","type_carte":"Nouvelle carte","fond":"Ortho","obsolete":false}},{"type":"Feature","geometry":{"type":"Polygon","coordinates":[[[6.1713,48.6363],[6.1707,48.6393],[6.1679,48.6416],[6.1597,48.6429],[6.1557,48.6435],[6.1497,48.6439],[6.1453,48.6443],[6.1426,48.642],[6.1384,48.6407],[6.1343,48.6393],[6.1325,48.6384],[6.1316,48.637],[6.1326,48.6356],[6.1343,48.6343],[6.1368,48.633],[6.1406,48.6265],[6.1503,48.6249],[6.153,48.625],[6.1557,48.6262],[6.1597,48.6266],[6.1615,48.6285],[6.1684,48.6288],[6.1701,48.6308],[6.1699,48.6336],[6.1702,48.6346],[6.1713,48.6363]]]},"properties":{"id_ffco":"2018-D54-224","nom":"Le Bois de la Grande Fraise","_dept":"54","numero":"2018-D54-224","commune":"Ludres","echelle":"1/10000","surface":"4.47 km²","format":"A3","annee":"2018","cartographes":"Matthieu Barthélémy","proprietaire":"5402 - SCAPA NANCY ORIENTATION","niveau":"Régional","specialite":"CO à pied","latitude":"48.6348979984","longitude":"6.15245369197","date_saisie":"02/10/2018","date_depot":"05/12/2018","valide":"Oui","ppo":"Non","type_carte":"Nouvelle carte","fond":"Ortho","obsolete":false}},{"type":"Feature","geometry":{"type":"Polygon","coordinates":[[[6.0125,49.2348],[6.0127,49.2342],[6.0134,49.2343],[6.0134,49.2337],[6.0135,49.233],[6.0143,49.2323],[6.0152,49.2317],[6.0165,49.2312],[6.0178,49.2307],[6.0188,49.23],[6.0195,49.2298],[6.02,49.2301],[6.0198,49.2311],[6.0197,49.2314],[6.0196,49.2322],[6.0191,49.2334],[6.0186,49.2351],[6.0184,49.2365],[6.0185,49.2372],[6.0192,49.2378],[6.0195,49.2382],[6.0185,49.2389],[6.0174,49.2394],[6.0163,49.2397],[6.0151,49.2398],[6.0136,49.2397],[6.0126,49.2393],[6.0119,49.2377],[6.0123,49.2369],[6.0127,49.2362],[6.0129,49.2356],[6.0125,49.2348]]]},"properties":{"id_ffco":"2018-D54-223","nom":"JOEUF Collège Maurice Barrès","_dept":"54","numero":"2018-D54-223","commune":"Joeuf","echelle":"1/5000","surface":"0.42 km²","format":"A4","annee":"2018","cartographes":"ROLLET Daniel","proprietaire":"5413 - CLUB ORIENTATION DE PIENNES","niveau":"Initiation, Scolaire","specialite":"CO à pied","latitude":"49.2353828803","longitude":"6.01603992113","date_saisie":"18/12/2018","date_depot":"30/01/2019","valide":"Oui","ppo":"Non","type_carte":"Nouvelle carte","fond":"Cadastre","obsolete":false}},{"type":"Feature","geometry":{"type":"Polygon","coordinates":[[[6.0587,48.8998],[6.0531,48.8966],[6.0574,48.8902],[6.061,48.891],[6.06,48.8934],[6.0598,48.8964],[6.0595,48.8989],[6.0598,48.8999],[6.0587,48.8998]]]},"properties":{"id_ffco":"2017-D54-222","nom":"Ile d'Esch","_dept":"54","numero":"2017-D54-222","commune":"Pont à Mousson","echelle":"1/4000","surface":"0.34 km²","format":"A4","annee":"2017","cartographes":"Philippe pogu","proprietaire":"54 - Meurthe-et-Moselle","niveau":"Initiation, Scolaire","specialite":"CO à pied","latitude":"48.8949814201","longitude":"6.057523077","date_saisie":"29/11/2017","date_depot":"15/12/2017","valide":"Oui","ppo":"Non","type_carte":"Nouvelle carte","fond":"IGN","obsolete":false}},{"type":"Feature","geometry":{"type":"Polygon","coordinates":[[[6.1083,48.6533],[6.1087,48.6523],[6.1106,48.6528],[6.1135,48.6517],[6.1151,48.6528],[6.1166,48.6519],[6.1208,48.6552],[6.1277,48.6552],[6.1291,48.6532],[6.1322,48.6505],[6.1357,48.6483],[6.139,48.647],[6.1393,48.6458],[6.137,48.6445],[6.1299,48.6375],[6.1294,48.6372],[6.1287,48.6372],[6.1259,48.6335],[6.1225,48.6306],[6.1207,48.6299],[6.1057,48.6304],[6.0845,48.6312],[6.0852,48.6404],[6.0871,48.6427],[6.0864,48.6454],[6.093,48.6479],[6.1083,48.6533]]]},"properties":{"id_ffco":"2017-D54-221","nom":"Maison forestière de Chavigny","_dept":"54","numero":"2017-D54-221","commune":"Villers-Lès-Nancy","echelle":"1/10000","surface":"7.95 km²","format":"A3","annee":"2017","cartographes":"Benoit Verdenal, Philippe Pogu","proprietaire":"5402 - SCAPA NANCY ORIENTATION","niveau":"National, International","specialite":"CO à pied","contacts":"DEVILLE Nelly, nelly.deville54@orange.fr, https://scapanancyorientation.fr/","latitude":"48.641617013","longitude":"6.11066572088","date_saisie":"24/03/2017","date_depot":"05/04/2017","valide":"Oui","ppo":"Non","type_carte":"Reprise","base":"2007-D54-126 Le Puits De La Faille","fond":"Ortho","obsolete":false}},{"type":"Feature","geometry":{"type":"Polygon","coordinates":[[[6.1192,48.68],[6.1197,48.6782],[6.1205,48.6755],[6.1222,48.6702],[6.1254,48.6597],[6.129,48.6607],[6.1306,48.6613],[6.1318,48.662],[6.1329,48.6627],[6.1335,48.6636],[6.1338,48.6645],[6.135,48.6661],[6.1356,48.6665],[6.1369,48.6672],[6.1391,48.6683],[6.1404,48.6695],[6.1418,48.6704],[6.1437,48.6719],[6.1423,48.6729],[6.1414,48.6729],[6.1405,48.6737],[6.1398,48.6746],[6.1415,48.676],[6.1405,48.6768],[6.1417,48.6776],[6.1414,48.6781],[6.1428,48.679],[6.1414,48.6808],[6.1402,48.6824],[6.139,48.6838],[6.1383,48.6845],[6.1375,48.6848],[6.1366,48.6849],[6.1347,48.6848],[6.1192,48.68]]]},"properties":{"id_ffco":"2017-D54-220","nom":"Le Ruisseau de l'Asnée","_dept":"54","numero":"2017-D54-220","commune":"Villers-Les-Nancy","echelle":"1/10000","surface":"3.11 km²","format":"A4","annee":"2017","cartographes":"Benoit Verdenal, Philippe Pogu","proprietaire":"5402 - SCAPA NANCY ORIENTATION","niveau":"National, International","specialite":"CO à pied","contacts":"DEVILLE Nelly, nelly.deville54@orange.fr, https://scapanancyorientation.fr/","latitude":"48.6736528837","longitude":"6.13105101225","date_saisie":"24/03/2017","date_depot":"05/04/2017","valide":"Oui","ppo":"Non","type_carte":"Reprise","base":"2006-D54-114 Sapinière de Laxou","fond":"Ortho","obsolete":false}},{"type":"Feature","geometry":{"type":"Polygon","coordinates":[[[6.5032,48.5971],[6.5071,48.5975],[6.5096,48.5977],[6.512,48.5979],[6.5141,48.5981],[6.5159,48.5982],[6.5173,48.598],[6.5182,48.5973],[6.5188,48.5963],[6.5193,48.5951],[6.5194,48.5938],[6.5192,48.5924],[6.5194,48.5918],[6.5163,48.5921],[6.5125,48.5921],[6.5105,48.5923],[6.5087,48.5924],[6.5056,48.5927],[6.5039,48.5929],[6.5033,48.593],[6.5031,48.5943],[6.503,48.5959],[6.503,48.5971],[6.5032,48.5971]]]},"properties":{"id_ffco":"2017-D54-219","nom":"Le Champ de Mars - LUNÉVILLE","_dept":"54","numero":"2017-D54-219","commune":"LUNÉVILLE","echelle":"1/5000","surface":"0.71 km²","format":"A4","annee":"2017","cartographes":"LEMERCIER Bernard","proprietaire":"5407 - SPORTS ORIENTATION LUNEVILLE","niveau":"Départemental","specialite":"CO à pied","latitude":"48.5949778879","longitude":"6.51156039488","date_saisie":"27/10/2017","date_depot":"14/12/2017","valide":"Oui","ppo":"Non","type_carte":"Nouvelle carte","fond":"Cadastre","obsolete":false}},{"type":"Feature","geometry":{"type":"Polygon","coordinates":[[[5.9236,49.4644],[5.9242,49.4649],[5.9247,49.4654],[5.9252,49.4662],[5.9256,49.4667],[5.9258,49.4671],[5.9264,49.4679],[5.9266,49.4683],[5.9267,49.4687],[5.9267,49.469],[5.9265,49.4692],[5.9259,49.4694],[5.9253,49.4695],[5.9248,49.4696],[5.9242,49.4695],[5.9231,49.4695],[5.9223,49.4693],[5.9213,49.4692],[5.9206,49.4692],[5.92,49.4689],[5.9192,49.4684],[5.919,49.4682],[5.9192,49.4679],[5.9193,49.4675],[5.9192,49.467],[5.9193,49.4664],[5.9193,49.466],[5.9192,49.4656],[5.9199,49.4657],[5.9204,49.4656],[5.9208,49.4652],[5.9211,49.4646],[5.9213,49.4642],[5.9217,49.4641],[5.9223,49.464],[5.9227,49.4639],[5.9236,49.4644]]]},"properties":{"id_ffco":"2017-D54-218","nom":"Parcours de santé - VILLERUPT","_dept":"54","numero":"2017-D54-218","commune":"Villerupt","echelle":"1/3000","surface":"0.24 km²","format":"A4","annee":"2017","cartographes":"LEMERCIER Bernard","proprietaire":"54 - Meurthe-et-Moselle","niveau":"Initiation, Scolaire","specialite":"CO à pied","contacts":"Colège Théodore Monod, 54190, Villerupt","latitude":"49.4671221418","longitude":"5.92271809079","date_saisie":"12/02/2017","date_depot":"05/04/2017","valide":"Oui","ppo":"Oui (40 postes)","type_carte":"Nouvelle carte","fond":"IGN","ref_ign":"3311 O","obsolete":false}},{"type":"Feature","geometry":{"type":"Polygon","coordinates":[[[6.5576,48.5779],[6.5568,48.5789],[6.5549,48.5799],[6.5521,48.5812],[6.5492,48.5827],[6.5473,48.5839],[6.5466,48.5842],[6.5462,48.5834],[6.5452,48.5822],[6.5443,48.5814],[6.5446,48.5811],[6.5439,48.5808],[6.5423,48.5805],[6.5409,48.5806],[6.5401,48.5809],[6.5394,48.5805],[6.5379,48.5795],[6.5384,48.5789],[6.5385,48.5782],[6.5383,48.5776],[6.538,48.5772],[6.5384,48.5762],[6.5391,48.575],[6.5387,48.5744],[6.5376,48.574],[6.5362,48.5732],[6.5355,48.5729],[6.5368,48.5725],[6.5382,48.572],[6.5394,48.5714],[6.5406,48.5708],[6.5419,48.5698],[6.5431,48.5687],[6.5441,48.5687],[6.5471,48.5696],[6.5489,48.5704],[6.5507,48.5715],[6.5521,48.5726],[6.5544,48.5748],[6.5555,48.5757],[6.5566,48.5766],[6.5576,48.5776],[6.5576,48.5779]]]},"properties":{"id_ffco":"2016-D54-217","nom":"LUNÉVILLE - les bois communaux","_dept":"54","numero":"2016-D54-217","commune":"Lunéville","echelle":"1/10000","surface":"1.54 km²","format":"A4","annee":"2016","cartographes":"LEMERCIER Bernard","proprietaire":"5407 - SPORTS ORIENTATION LUNEVILLE","niveau":"Régional","specialite":"CO à pied","latitude":"48.576143317","longitude":"6.54652548587","date_saisie":"07/12/2016","date_depot":"01/02/2017","valide":"Oui","ppo":"Oui (20 postes)","type_carte":"Reprise","base":"1995-D54-58 Forêt communale de Lunéville","fond":"IGN","ref_ign":"3516 O","obsolete":false}},{"type":"Feature","geometry":{"type":"Polygon","coordinates":[[[6.0304,48.695],[6.0335,48.6957],[6.0341,48.6958],[6.0331,48.6978],[6.0326,48.6977],[6.0325,48.6977],[6.0325,48.6979],[6.0305,48.6974],[6.0306,48.6972],[6.0295,48.6969],[6.0296,48.6965],[6.0299,48.696],[6.03,48.6956],[6.0302,48.6953],[6.0304,48.695],[6.0304,48.695]]]},"properties":{"id_ffco":"2016-D54-216","nom":"LA salle des fêtes de Velaine","_dept":"54","numero":"2016-D54-216","commune":"Velaine-en-Haye","echelle":"1/2000","surface":"0.07 km²","format":"A4","annee":"2016","cartographes":"POGU Philippe","proprietaire":"5402 - SCAPA NANCY ORIENTATION","niveau":"Initiation, Scolaire","specialite":"CO à pied","latitude":"48.6964167734","longitude":"6.03175460709","date_saisie":"29/11/2016","date_depot":"07/12/2016","valide":"Oui","ppo":"Non","type_carte":"Nouvelle carte","fond":"Cadastre","obsolete":false}},{"type":"Feature","geometry":{"type":"Polygon","coordinates":[[[6.1267,48.6565],[6.1265,48.6569],[6.1261,48.6575],[6.126,48.6579],[6.1258,48.6583],[6.1257,48.6587],[6.1256,48.659],[6.1255,48.6594],[6.1253,48.6596],[6.125,48.6595],[6.1235,48.6591],[6.1225,48.6587],[6.122,48.6586],[6.1214,48.6585],[6.1209,48.6584],[6.1206,48.6583],[6.1202,48.6583],[6.1201,48.6583],[6.1201,48.6577],[6.1206,48.6574],[6.1211,48.6572],[6.1215,48.657],[6.1219,48.6568],[6.1223,48.6566],[6.1229,48.6565],[6.1233,48.6564],[6.1241,48.6563],[6.1247,48.6563],[6.1255,48.6563],[6.1261,48.6563],[6.1267,48.6564],[6.1267,48.6565]]]},"properties":{"id_ffco":"2016-D54-215","nom":"Stade Bambuck - Villers","_dept":"54","numero":"2016-D54-215","commune":"Villers les Nancy","echelle":"1/4000","surface":"0.11 km²","format":"A5","annee":"2016","cartographes":"POGU Philippe","proprietaire":"5402 - SCAPA NANCY ORIENTATION","niveau":"Initiation, Scolaire","specialite":"CO à pied","latitude":"48.657713297","longitude":"6.12368094194","date_saisie":"29/11/2016","date_depot":"07/12/2016","valide":"Oui","ppo":"Non","type_carte":"Nouvelle carte","fond":"Cadastre","obsolete":false}},{"type":"Feature","geometry":{"type":"Polygon","coordinates":[[[6.1605,48.6548],[6.1611,48.6548],[6.1618,48.655],[6.1624,48.655],[6.1629,48.6552],[6.1637,48.6551],[6.1643,48.655],[6.1651,48.6547],[6.166,48.6543],[6.1663,48.6544],[6.1667,48.6542],[6.1672,48.654],[6.1679,48.6536],[6.1687,48.6534],[6.1693,48.6531],[6.1694,48.6528],[6.1697,48.6525],[6.1699,48.6521],[6.1699,48.6515],[6.1699,48.6511],[6.1698,48.6506],[6.1697,48.6497],[6.1695,48.6488],[6.1693,48.6482],[6.1695,48.6478],[6.1696,48.6473],[6.1696,48.6468],[6.1697,48.6463],[6.1696,48.6458],[6.1696,48.6455],[6.17,48.6449],[6.1704,48.6447],[6.1707,48.6445],[6.1709,48.6441],[6.1709,48.6439],[6.1706,48.6438],[6.17,48.6436],[6.1695,48.6434],[6.169,48.6431],[6.1681,48.6428],[6.1674,48.6426],[6.1667,48.6426],[6.1663,48.6426],[6.1656,48.6426],[6.165,48.6426],[6.1643,48.6427],[6.1633,48.6426],[6.1629,48.6427],[6.1618,48.6428],[6.1609,48.643],[6.1608,48.6429],[6.1587,48.6432],[6.1579,48.6435],[6.1571,48.6435],[6.1562,48.6437],[6.1557,48.644],[6.1534,48.6441],[6.153,48.6442],[6.1527,48.6443],[6.1514,48.6445],[6.1515,48.6457],[6.1511,48.6466],[6.1509,48.6468],[6.1504,48.647],[6.15,48.6476],[6.15,48.648],[6.15,48.6485],[6.1504,48.6488],[6.151,48.6495],[6.1517,48.6498],[6.1525,48.6503],[6.1533,48.651],[6.1542,48.6514],[6.1547,48.6519],[6.1554,48.6521],[6.156,48.6524],[6.1568,48.6526],[6.1575,48.6529],[6.1572,48.6535],[6.1568,48.6538],[6.1568,48.654],[6.1583,48.6542],[6.1588,48.6544],[6.1597,48.6546],[6.1604,48.6548],[6.1605,48.6548]]]},"properties":{"id_ffco":"2016-D54-214","nom":"Brabois - Bois le Duc","_dept":"54","numero":"2016-D54-214","commune":"Vandoeuvre-les-Nancy","echelle":"1/5000","surface":"1.56 km²","format":"A3","annee":"2016","cartographes":"Goutaudier Christophe","proprietaire":"5402 - SCAPA NANCY ORIENTATION","niveau":"Régional","specialite":"Sprint (ISSOM)","latitude":"48.6484362455","longitude":"6.16124823714","date_saisie":"15/10/2016","date_depot":"07/12/2016","valide":"Oui","ppo":"Non","type_carte":"Nouvelle carte","fond":"IGN","ref_ign":"3415 Ouest","obsolete":false}},{"type":"Feature","geometry":{"type":"Polygon","coordinates":[[[5.843,48.6809],[5.8438,48.6815],[5.8441,48.6822],[5.8447,48.6826],[5.8463,48.683],[5.8472,48.6835],[5.8477,48.6838],[5.8475,48.6841],[5.8465,48.6841],[5.8457,48.6838],[5.8451,48.6837],[5.8442,48.6837],[5.8437,48.6839],[5.8441,48.6852],[5.845,48.6863],[5.8453,48.6872],[5.8456,48.688],[5.846,48.6886],[5.8463,48.6893],[5.8459,48.6901],[5.8454,48.6905],[5.8452,48.6911],[5.8453,48.6915],[5.8454,48.6924],[5.8457,48.6927],[5.846,48.6929],[5.8463,48.6945],[5.8469,48.6952],[5.8475,48.6962],[5.8482,48.6973],[5.8484,48.6981],[5.8489,48.6992],[5.8494,48.7003],[5.85,48.7017],[5.8506,48.7032],[5.8508,48.7039],[5.8513,48.7048],[5.8517,48.7051],[5.8522,48.7055],[5.8525,48.706],[5.8527,48.7067],[5.8528,48.7069],[5.8531,48.7076],[5.8534,48.7083],[5.8534,48.709],[5.8534,48.7095],[5.8527,48.7097],[5.8525,48.7097],[5.8529,48.7108],[5.8532,48.7117],[5.8531,48.7134],[5.8523,48.7146],[5.852,48.7153],[5.8518,48.7158],[5.8514,48.7157],[5.8507,48.716],[5.8501,48.7167],[5.8493,48.7175],[5.849,48.7183],[5.8487,48.7184],[5.8454,48.7189],[5.8439,48.7191],[5.843,48.7193],[5.8414,48.7194],[5.8402,48.7196],[5.8391,48.7198],[5.8382,48.7202],[5.8377,48.7207],[5.8373,48.7209],[5.8366,48.7208],[5.8355,48.7205],[5.8348,48.7207],[5.8334,48.7201],[5.8328,48.7196],[5.8321,48.719],[5.8309,48.7184],[5.8299,48.7175],[5.8285,48.717],[5.8268,48.7159],[5.8223,48.7138],[5.8205,48.7134],[5.8184,48.7128],[5.8149,48.7121],[5.8134,48.7119],[5.8112,48.7117],[5.8096,48.7113],[5.8078,48.711],[5.8069,48.7107],[5.8062,48.7102],[5.8054,48.7099],[5.8043,48.7099],[5.8038,48.7099],[5.8042,48.7093],[5.8037,48.7072],[5.8032,48.7065],[5.8024,48.7057],[5.8011,48.7052],[5.8,48.7048],[5.7993,48.7039],[5.7984,48.7027],[5.7973,48.7016],[5.7964,48.7008],[5.7955,48.6996],[5.7945,48.6984],[5.7948,48.6933],[5.7952,48.6851],[5.7963,48.6846],[5.7981,48.684],[5.8002,48.6832],[5.8028,48.6821],[5.8053,48.6815],[5.8081,48.6807],[5.8101,48.6802],[5.8135,48.6799],[5.8157,48.6799],[5.8191,48.6799],[5.8202,48.6796],[5.8215,48.6793],[5.8229,48.6785],[5.8242,48.678],[5.8254,48.6776],[5.8266,48.6777],[5.8271,48.678],[5.8279,48.678],[5.8299,48.6775],[5.8314,48.6776],[5.8331,48.6778],[5.8342,48.678],[5.8366,48.6784],[5.8375,48.6786],[5.8377,48.6783],[5.8389,48.6787],[5.8397,48.6791],[5.8402,48.6795],[5.8403,48.68],[5.841,48.6803],[5.842,48.6808],[5.8427,48.6809],[5.843,48.6809]]]},"properties":{"id_ffco":"2016-D54-213","nom":"Plat'O VTT Ecrouves - Bruley","_dept":"54","numero":"2016-D54-213","commune":"Toul","echelle":"1/15000","surface":"14.8 km²","format":"A3","annee":"2016","cartographes":"AUBRY Maurice, POGU Philippe, DEVILLE Nelly","proprietaire":"5402 - SCAPA NANCY ORIENTATION","niveau":"National, International","specialite":"CO à VTT","latitude":"48.6979657194","longitude":"5.82497596812","date_saisie":"22/09/2016","date_depot":"04/10/2016","valide":"Oui","ppo":"Non","type_carte":"Reprise","base":"2003-D54-93 LES CÔTES DE TOUL","fond":"IGN","ref_ign":"3315 O","obsolete":false}},{"type":"Feature","geometry":{"type":"Polygon","coordinates":[[[5.7572,49.5352],[5.7596,49.5358],[5.7604,49.5359],[5.7615,49.5364],[5.7623,49.537],[5.7621,49.5382],[5.7614,49.5392],[5.7609,49.5396],[5.7599,49.5401],[5.7593,49.5409],[5.7587,49.5413],[5.758,49.5405],[5.7573,49.5396],[5.7565,49.5384],[5.7565,49.5375],[5.7566,49.5365],[5.7569,49.5354],[5.7572,49.5352]]]},"properties":{"id_ffco":"2016-D54-212","nom":"Longwy le bois de Chadelle","_dept":"54","numero":"2016-D54-212","commune":"Longwy","echelle":"1/4000","surface":"0.19 km²","format":"A5","annee":"2016","cartographes":"POGU Philippe","proprietaire":"54 - Meurthe-et-Moselle","niveau":"Initiation, Scolaire","specialite":"CO à pied","latitude":"49.5379041809","longitude":"5.7591034058","date_saisie":"11/10/2016","date_depot":"07/12/2016","valide":"Oui","ppo":"Non","type_carte":"Nouvelle carte","fond":"Ortho","obsolete":false}},{"type":"Feature","geometry":{"type":"Polygon","coordinates":[[[5.7554,49.5328],[5.7556,49.5324],[5.756,49.5319],[5.7563,49.5315],[5.7567,49.5311],[5.7565,49.5307],[5.7561,49.5301],[5.7558,49.5294],[5.7555,49.5291],[5.7552,49.5288],[5.7547,49.5283],[5.7543,49.5281],[5.7539,49.5279],[5.7529,49.528],[5.7516,49.528],[5.7506,49.5281],[5.7506,49.5292],[5.7514,49.5296],[5.7521,49.5298],[5.7515,49.5304],[5.7512,49.5309],[5.7509,49.5311],[5.7514,49.5313],[5.7513,49.5314],[5.7521,49.5317],[5.7552,49.5327],[5.7554,49.5328]]]},"properties":{"id_ffco":"2016-D54-211","nom":"La Plaine de jeux 1 - Longwy","_dept":"54","numero":"2016-D54-211","commune":"Longwy","echelle":"1/3000","surface":"0.16 km²","format":"A5","annee":"2016","cartographes":"POGU Philippe","proprietaire":"54 - Meurthe-et-Moselle","niveau":"Initiation, Scolaire","specialite":"CO à pied","latitude":"49.5301832809","longitude":"5.75363810281","date_saisie":"11/10/2016","date_depot":"07/12/2016","valide":"Oui","ppo":"Non","type_carte":"Nouvelle carte","fond":"Ortho","obsolete":false}},{"type":"Feature","geometry":{"type":"Polygon","coordinates":[[[5.7626,49.5197],[5.7632,49.5197],[5.7632,49.5194],[5.763,49.519],[5.7628,49.5185],[5.7627,49.5182],[5.7616,49.5184],[5.7616,49.5187],[5.7619,49.5192],[5.7622,49.5195],[5.7624,49.5197],[5.7626,49.5197]]]},"properties":{"id_ffco":"2016-D54-210","nom":"COSEC P.MOUSSEY - LONGWY","_dept":"54","numero":"2016-D54-210","commune":"Longwy","echelle":"1/1000","surface":"0.01 km²","format":"A5","annee":"2016","cartographes":"POGU Philippe","proprietaire":"54 - Meurthe-et-Moselle","niveau":"Initiation, Scolaire","specialite":"CO à pied","latitude":"49.5189830358","longitude":"5.76244058623","date_saisie":"11/10/2016","date_depot":"07/12/2016","valide":"Oui","ppo":"Non","type_carte":"Nouvelle carte","fond":"Ortho","obsolete":false}},{"type":"Feature","geometry":{"type":"Polygon","coordinates":[[[5.8953,48.6714],[5.8944,48.6707],[5.894,48.6702],[5.8921,48.6692],[5.8906,48.6689],[5.8899,48.6683],[5.8895,48.6669],[5.8894,48.6657],[5.8891,48.6645],[5.8891,48.6637],[5.889,48.6626],[5.8891,48.6619],[5.8895,48.6612],[5.8901,48.6606],[5.8911,48.66],[5.8918,48.6593],[5.8922,48.6587],[5.8927,48.6578],[5.8935,48.6573],[5.8944,48.6568],[5.8955,48.6566],[5.8966,48.6567],[5.8974,48.6571],[5.8981,48.6579],[5.8987,48.6587],[5.8993,48.659],[5.9001,48.6591],[5.9006,48.6595],[5.9008,48.6604],[5.9006,48.6617],[5.9005,48.6626],[5.8999,48.6635],[5.8989,48.664],[5.8981,48.6648],[5.8967,48.6656],[5.8965,48.6665],[5.8963,48.6678],[5.8968,48.669],[5.8971,48.6703],[5.8972,48.6711],[5.8974,48.6714],[5.8964,48.6715],[5.8955,48.6715],[5.8953,48.6714]]]},"properties":{"id_ffco":"2015-D54-209","nom":"étangs de Toul","_dept":"54","numero":"2015-D54-209","commune":"Toul","echelle":"1/6500","surface":"0.9 km²","format":"A4","annee":"2015","cartographes":"POGU Philippe","proprietaire":"54 - Meurthe-et-Moselle","niveau":"Initiation, Scolaire","specialite":"CO à pied","latitude":"48.6634400865","longitude":"5.89453560067","date_saisie":"23/11/2015","date_depot":"09/12/2015","valide":"Oui","ppo":"Non","type_carte":"Nouvelle carte","fond":"Ortho","obsolete":false}},{"type":"Feature","geometry":{"type":"Polygon","coordinates":[[[6.1694,48.7281],[6.1697,48.7283],[6.1701,48.7285],[6.1705,48.7287],[6.1705,48.7289],[6.1694,48.7304],[6.1691,48.7309],[6.1689,48.7313],[6.1689,48.7316],[6.169,48.732],[6.1691,48.7322],[6.1672,48.7324],[6.1668,48.7323],[6.166,48.732],[6.1656,48.7318],[6.1646,48.7315],[6.163,48.7313],[6.1626,48.7312],[6.1622,48.731],[6.1618,48.7308],[6.1615,48.7306],[6.1612,48.7303],[6.1611,48.7301],[6.1614,48.73],[6.1619,48.7297],[6.1632,48.7292],[6.1644,48.7288],[6.1649,48.7287],[6.1652,48.7285],[6.1659,48.7283],[6.1694,48.7281]]]},"properties":{"id_ffco":"2015-D54-208","nom":"Parc du Château de Bas Champigneulles","_dept":"54","numero":"2015-D54-208","commune":"Champigneulles","echelle":"1/2500","surface":"0.21 km²","format":"A4","annee":"2015","cartographes":"ONATE Jean-Jacques","proprietaire":"5402 - SCAPA NANCY ORIENTATION","niveau":"Initiation, Scolaire","specialite":"CO à pied","latitude":"48.7301245168","longitude":"6.16628087037","date_saisie":"15/11/2015","date_depot":"09/12/2015","valide":"Oui","ppo":"Non","type_carte":"Nouvelle carte","fond":"Ortho","obsolete":false}},{"type":"Feature","geometry":{"type":"Polygon","coordinates":[[[6.1237,48.6592],[6.1234,48.6657],[6.123,48.6675],[6.121,48.674],[6.12,48.6772],[6.1144,48.6775],[6.114,48.6771],[6.114,48.6767],[6.1094,48.6764],[6.1087,48.6783],[6.1004,48.6772],[6.0984,48.6769],[6.0966,48.677],[6.0966,48.6703],[6.0966,48.6676],[6.0979,48.6659],[6.0994,48.6641],[6.0964,48.6627],[6.0965,48.6615],[6.0971,48.6578],[6.0982,48.6531],[6.0993,48.6534],[6.1014,48.6536],[6.1033,48.654],[6.1056,48.6549],[6.1085,48.6556],[6.1106,48.6566],[6.1131,48.6576],[6.1144,48.6583],[6.1161,48.6586],[6.1174,48.6586],[6.1184,48.6585],[6.1196,48.6579],[6.1213,48.6585],[6.1223,48.6587],[6.1237,48.6592]]]},"properties":{"id_ffco":"2015-D54-207","nom":"Clairlieu Nord","_dept":"54","numero":"2015-D54-207","commune":"Villers les Nancy","echelle":"1/10000","surface":"4.38 km²","format":"A4","annee":"2015","cartographes":"POGU Philippe","proprietaire":"5402 - SCAPA NANCY ORIENTATION","niveau":"Régional","specialite":"CO à pied","latitude":"48.6665129629","longitude":"6.1091075828","date_saisie":"15/11/2015","date_depot":"09/12/2015","valide":"Oui","ppo":"Non","type_carte":"Nouvelle carte","fond":"IGN","ref_ign":"3315 E","obsolete":false}},{"type":"Feature","geometry":{"type":"Polygon","coordinates":[[[6.1542,48.6539],[6.156,48.654],[6.157,48.6541],[6.1579,48.6543],[6.1587,48.6543],[6.1593,48.6546],[6.16,48.6546],[6.1609,48.6549],[6.1615,48.655],[6.1622,48.6551],[6.1628,48.6552],[6.1633,48.6553],[6.1639,48.6553],[6.1642,48.6551],[6.1644,48.6553],[6.1645,48.6556],[6.1645,48.6561],[6.1645,48.6566],[6.1643,48.657],[6.1643,48.6574],[6.1641,48.6579],[6.1643,48.6584],[6.1644,48.6588],[6.1641,48.6592],[6.1636,48.6595],[6.1631,48.6596],[6.1623,48.6597],[6.1618,48.6599],[6.1615,48.66],[6.1611,48.6601],[6.1602,48.6597],[6.1594,48.6595],[6.1587,48.6589],[6.1577,48.6586],[6.1575,48.6583],[6.1566,48.6574],[6.1552,48.6562],[6.1546,48.6556],[6.1541,48.6554],[6.1539,48.655],[6.1535,48.6545],[6.1535,48.6541],[6.1535,48.654],[6.1542,48.6539]]]},"properties":{"id_ffco":"2015-D54-206","nom":"La Sapinière Vandoeuvre","_dept":"54","numero":"2015-D54-206","commune":"Vandoeuvre","echelle":"1/5000","surface":"0.34 km²","format":"A4","annee":"2015","cartographes":"ROLLET Daniel","proprietaire":"5415 - LOISIRS ORIENTATION JEANDELAINCOURT","niveau":"Initiation, Scolaire","specialite":"CO à pied","latitude":"48.6567484266","longitude":"6.1597152179","date_saisie":"22/11/2015","date_depot":"09/12/2015","valide":"Oui","ppo":"Non","type_carte":"Reprise","base":"1998-D54-068 LA SAPINIERE -VANDOEUVRE","fond":"Ortho","obsolete":false}},{"type":"Feature","geometry":{"type":"Polygon","coordinates":[[[6.238,48.6827],[6.2373,48.6825],[6.2341,48.6832],[6.234,48.683],[6.2338,48.6823],[6.2338,48.6819],[6.2339,48.6812],[6.2339,48.6809],[6.234,48.6803],[6.2341,48.6801],[6.2343,48.6795],[6.2344,48.6792],[6.2347,48.6786],[6.2347,48.6782],[6.234,48.6783],[6.2323,48.6786],[6.231,48.6788],[6.2306,48.6788],[6.2313,48.6783],[6.2318,48.6777],[6.2321,48.6772],[6.2326,48.6766],[6.2327,48.6763],[6.2327,48.6761],[6.2329,48.6756],[6.2328,48.6753],[6.2329,48.6751],[6.2331,48.6747],[6.2328,48.6745],[6.233,48.6742],[6.2332,48.6737],[6.2332,48.6733],[6.2328,48.6732],[6.2323,48.6729],[6.2314,48.6728],[6.2307,48.6726],[6.2302,48.6724],[6.2318,48.6701],[6.2324,48.6695],[6.2331,48.6684],[6.2335,48.6679],[6.2339,48.6676],[6.2348,48.6669],[6.236,48.6663],[6.2373,48.6656],[6.2384,48.6652],[6.2395,48.6648],[6.2403,48.6645],[6.2411,48.6642],[6.242,48.6639],[6.2427,48.6644],[6.2434,48.6652],[6.2441,48.6657],[6.2447,48.6663],[6.2452,48.6669],[6.2457,48.6673],[6.2461,48.6676],[6.2459,48.6678],[6.2455,48.6681],[6.2459,48.6688],[6.2466,48.6697],[6.2469,48.6705],[6.2475,48.671],[6.2478,48.6715],[6.2476,48.6721],[6.2475,48.6733],[6.2477,48.6739],[6.2474,48.6749],[6.2473,48.6765],[6.2469,48.6775],[6.2464,48.6782],[6.2449,48.6799],[6.2442,48.6806],[6.244,48.6812],[6.2438,48.682],[6.2435,48.6825],[6.2432,48.6826],[6.2426,48.6831],[6.2422,48.6837],[6.242,48.6838],[6.2414,48.6837],[6.238,48.6827]]]},"properties":{"id_ffco":"2015-D54-205","nom":"L'ÉTANG DES MORTS","_dept":"54","numero":"2015-D54-205","commune":"Saulxures lès Nancy","echelle":"1/10000","surface":"1.91 km²","format":"A4","annee":"2015","cartographes":"ROLLET Daniel","proprietaire":"5415 - LOISIRS ORIENTATION JEANDELAINCOURT","niveau":"Départemental","specialite":"CO à pied","latitude":"48.6739368665","longitude":"6.2396377153","date_saisie":"19/11/2015","date_depot":"09/12/2015","valide":"Oui","ppo":"Non","type_carte":"Reprise","base":"2008-D54-134 L'ETANG DES MORTS","fond":"IGN","ref_ign":"3415 O","obsolete":false}},{"type":"Feature","geometry":{"type":"Polygon","coordinates":[[[5.7607,49.5211],[5.7615,49.5215],[5.7626,49.5205],[5.7629,49.5204],[5.7634,49.5203],[5.7645,49.5208],[5.7661,49.5214],[5.7675,49.5222],[5.7677,49.523],[5.768,49.5236],[5.7688,49.5241],[5.7688,49.5245],[5.7686,49.5253],[5.7682,49.5255],[5.7679,49.5259],[5.7677,49.526],[5.7673,49.526],[5.7671,49.5264],[5.7661,49.5263],[5.7657,49.5264],[5.7648,49.5263],[5.7646,49.5246],[5.7644,49.523],[5.7644,49.5226],[5.7642,49.5226],[5.7642,49.5226],[5.764,49.5226],[5.7634,49.5226],[5.7623,49.5227],[5.7617,49.5227],[5.7608,49.5227],[5.7602,49.5225],[5.7603,49.5216],[5.7605,49.5212],[5.7607,49.5211]]]},"properties":{"id_ffco":"2015-D54-204","nom":"PIO Aventure \"Les remparts autrement\"","_dept":"54","numero":"2015-D54-204","commune":"Longwy","echelle":"1/3000","surface":"0.2 km²","format":"A4","annee":"2015","cartographes":"PAOLUCCI René Claude","proprietaire":"54 - Meurthe-et-Moselle","niveau":"Initiation, Scolaire","specialite":"CO à pied","contacts":"CDCO 54, 0383643362, 0612941412, p.pogu@free.fr, http://www.meurthe-et-moselle.ffcorientation.fr/cdco-54/ // PIO Aventure, rue Ordener, 54400, LONGWY","latitude":"49.5232179184","longitude":"5.76511610889","date_saisie":"20/11/2015","date_depot":"22/10/2015","valide":"Oui","ppo":"Non","type_carte":"Nouvelle carte","fond":"Ortho","obsolete":false}},{"type":"Feature","geometry":{"type":"Polygon","coordinates":[[[6.112,48.6312],[6.112,48.6323],[6.112,48.6333],[6.112,48.6343],[6.1122,48.6352],[6.1123,48.6362],[6.1128,48.6372],[6.1131,48.6379],[6.1131,48.6387],[6.1131,48.6397],[6.113,48.6403],[6.1103,48.6427],[6.1111,48.6431],[6.1122,48.6437],[6.1127,48.6439],[6.1127,48.6449],[6.1114,48.6449],[6.1104,48.645],[6.1093,48.6454],[6.1088,48.646],[6.1085,48.6464],[6.1064,48.6458],[6.1049,48.6461],[6.1019,48.647],[6.1011,48.6468],[6.1001,48.6466],[6.0993,48.6463],[6.0984,48.6461],[6.0976,48.6458],[6.0973,48.6453],[6.097,48.6448],[6.0962,48.6441],[6.0959,48.6437],[6.0955,48.6433],[6.0873,48.6449],[6.088,48.6429],[6.0889,48.6395],[6.0881,48.6375],[6.0875,48.6367],[6.0871,48.6361],[6.0866,48.6356],[6.0861,48.6351],[6.0874,48.6348],[6.0879,48.6347],[6.0875,48.6333],[6.0869,48.6324],[6.0862,48.6311],[6.0857,48.6306],[6.0856,48.6299],[6.0856,48.6297],[6.086,48.6295],[6.0866,48.6292],[6.0871,48.629],[6.0876,48.6289],[6.0882,48.6288],[6.0888,48.6287],[6.0899,48.6287],[6.0902,48.6287],[6.0905,48.6287],[6.0903,48.6274],[6.09,48.626],[6.0897,48.6251],[6.0893,48.6238],[6.0886,48.6231],[6.0882,48.6225],[6.0881,48.6222],[6.0886,48.622],[6.0893,48.6216],[6.0911,48.6217],[6.0917,48.6217],[6.0931,48.6216],[6.0958,48.6213],[6.0973,48.6213],[6.0984,48.6214],[6.0991,48.6214],[6.0994,48.6214],[6.0998,48.6214],[6.1006,48.6214],[6.1011,48.6214],[6.1017,48.6216],[6.1029,48.6218],[6.1029,48.6223],[6.1034,48.6225],[6.1047,48.6231],[6.1057,48.6235],[6.1068,48.6239],[6.1078,48.6245],[6.1086,48.6248],[6.1093,48.6251],[6.1092,48.6253],[6.1088,48.6258],[6.1084,48.6262],[6.1097,48.6272],[6.1102,48.6276],[6.1108,48.6282],[6.112,48.6278],[6.112,48.6286],[6.1121,48.6293],[6.1121,48.6299],[6.112,48.6312]]]},"properties":{"id_ffco":"2015-D54-203","nom":"La Mine de Fer Neuves Maisons","_dept":"54","numero":"2015-D54-203","commune":"Neuves Maisons","echelle":"1/10000","surface":"4.42 km²","format":"A4","annee":"2015","cartographes":"Verdenal Bénoît, Onate Jean Jacques, Goutaudier Christophe","proprietaire":"5402 - SCAPA NANCY ORIENTATION","niveau":"Régional","specialite":"CO à pied","latitude":"48.6341186502","longitude":"6.09979328151","date_saisie":"11/10/2015","date_depot":"09/12/2015","valide":"Oui","ppo":"Non","type_carte":"Reprise","base":"2007-D54-126 Le Puits De La Faille","fond":"Ortho","obsolete":false}},{"type":"Feature","geometry":{"type":"Polygon","coordinates":[[[6.5541,48.5738],[6.5574,48.5767],[6.5595,48.5787],[6.5612,48.5796],[6.5629,48.5804],[6.5662,48.582],[6.5698,48.5812],[6.5909,48.5768],[6.5897,48.5739],[6.5887,48.572],[6.5886,48.5713],[6.5907,48.5706],[6.5901,48.5692],[6.5898,48.5681],[6.589,48.5671],[6.5881,48.566],[6.5866,48.5668],[6.5856,48.5673],[6.5833,48.5671],[6.5818,48.5672],[6.5807,48.5675],[6.5781,48.5679],[6.5749,48.5685],[6.5736,48.5687],[6.5725,48.569],[6.5714,48.5694],[6.5708,48.5697],[6.5687,48.5699],[6.5557,48.572],[6.5535,48.5726],[6.5541,48.5738]]]},"properties":{"id_ffco":"2015-D54-202","nom":"Forêt domaniale de Mondon","_dept":"54","numero":"2015-D54-202","commune":"Moncel-les-Lunéville","echelle":"1/10000","surface":"2.91 km²","format":"A4","annee":"2015","cartographes":"CHAPELOT Lucas, LEMERCIER Bernard","proprietaire":"5407 - SPORTS ORIENTATION LUNEVILLE","niveau":"Régional","specialite":"CO à pied","latitude":"48.5742144852","longitude":"6.57385334064","date_saisie":"08/09/2015","date_depot":"22/10/2015","valide":"Oui","ppo":"Non","type_carte":"Nouvelle carte","fond":"IGN","ref_ign":"3516 O","obsolete":false}},{"type":"Feature","geometry":{"type":"Polygon","coordinates":[[[6.4866,48.5943],[6.4869,48.5946],[6.487,48.5948],[6.4869,48.595],[6.4872,48.5951],[6.4875,48.5951],[6.4879,48.5952],[6.4885,48.5953],[6.4888,48.5953],[6.4891,48.5953],[6.4894,48.5953],[6.4896,48.5953],[6.4898,48.5953],[6.4901,48.5953],[6.4902,48.5953],[6.4904,48.5954],[6.4908,48.5955],[6.4911,48.5955],[6.4914,48.5955],[6.4916,48.5955],[6.492,48.5955],[6.4921,48.5956],[6.4924,48.5956],[6.4927,48.5957],[6.4934,48.5957],[6.494,48.5957],[6.4945,48.5957],[6.4948,48.5958],[6.4956,48.5958],[6.4961,48.5959],[6.4984,48.596],[6.4985,48.5961],[6.4986,48.5963],[6.4988,48.5963],[6.4991,48.5964],[6.5003,48.5965],[6.5019,48.5967],[6.5024,48.5968],[6.5028,48.5969],[6.5028,48.5958],[6.5029,48.5937],[6.503,48.5934],[6.5031,48.5931],[6.503,48.5929],[6.5029,48.5929],[6.5025,48.5929],[6.5024,48.5928],[6.5024,48.5924],[6.5025,48.5913],[6.5025,48.5911],[6.4986,48.5904],[6.496,48.59],[6.4949,48.5898],[6.493,48.5896],[6.4925,48.5895],[6.4924,48.5898],[6.4922,48.5903],[6.492,48.5906],[6.4915,48.5905],[6.4913,48.5905],[6.4909,48.5904],[6.49,48.5902],[6.4894,48.5902],[6.4889,48.5901],[6.4885,48.59],[6.4882,48.5899],[6.488,48.5902],[6.4878,48.5906],[6.4877,48.5906],[6.4876,48.5908],[6.4876,48.5909],[6.4873,48.5915],[6.4868,48.5926],[6.4864,48.5936],[6.4864,48.594],[6.4866,48.5943],[6.4866,48.5943]]]},"properties":{"id_ffco":"2015-D54-201","nom":"Lunéville - Centre ville","_dept":"54","numero":"2015-D54-201","commune":"Lunéville","echelle":"1/5000","surface":"0.72 km²","format":"A4","annee":"2015","cartographes":"Lemercier Bernard","proprietaire":"5407 - SPORTS ORIENTATION LUNEVILLE","niveau":"Régional","specialite":"Sprint (ISSOM)","latitude":"48.5931055407","longitude":"6.49509658869","date_saisie":"08/09/2015","date_depot":"22/10/2015","valide":"Oui","ppo":"Non","type_carte":"Nouvelle carte","fond":"Cadastre","obsolete":false}},{"type":"Feature","geometry":{"type":"Polygon","coordinates":[[[6.5097,48.5977],[6.5098,48.5959],[6.5093,48.5959],[6.5086,48.5959],[6.5077,48.5959],[6.5065,48.5957],[6.5058,48.5957],[6.5051,48.5957],[6.5044,48.5957],[6.5038,48.5957],[6.5033,48.5957],[6.5031,48.5957],[6.5031,48.597],[6.5033,48.5971],[6.5049,48.5973],[6.5096,48.5977],[6.5097,48.5977]]]},"properties":{"id_ffco":"2015-D54-200","nom":"Collège et Lycée Ernest Bichat Lunéville","_dept":"54","numero":"2015-D54-200","commune":"Lunéville","echelle":"1/2000","surface":"0.09 km²","format":"A4","annee":"2015","cartographes":"Lemercier Bernard","proprietaire":"5407 - SPORTS ORIENTATION LUNEVILLE","niveau":"Initiation, Scolaire","specialite":"CO à pied","latitude":"48.5966098668","longitude":"6.50655714149","date_saisie":"08/09/2015","date_depot":"22/10/2015","valide":"Oui","ppo":"Non","type_carte":"Nouvelle carte","fond":"Cadastre","obsolete":false}},{"type":"Feature","geometry":{"type":"Polygon","coordinates":[[[5.9762,48.6599],[5.9753,48.6604],[5.9747,48.6606],[5.9733,48.6606],[5.9724,48.6606],[5.971,48.6608],[5.9693,48.6612],[5.9673,48.6618],[5.9657,48.6622],[5.9628,48.6627],[5.9611,48.6629],[5.9606,48.6629],[5.9585,48.6632],[5.9572,48.6637],[5.956,48.6643],[5.9551,48.6649],[5.9536,48.6654],[5.9492,48.6666],[5.944,48.668],[5.9379,48.6697],[5.9362,48.6704],[5.9336,48.6709],[5.9309,48.6716],[5.9302,48.6719],[5.9296,48.6718],[5.9292,48.6714],[5.9273,48.6722],[5.9261,48.6726],[5.9244,48.6727],[5.9232,48.6726],[5.9223,48.6726],[5.9212,48.6727],[5.92,48.6722],[5.9195,48.6718],[5.9189,48.671],[5.9185,48.6703],[5.9183,48.6699],[5.9176,48.6694],[5.9168,48.6687],[5.9162,48.6679],[5.9159,48.6672],[5.9153,48.6663],[5.9147,48.6657],[5.9141,48.6651],[5.9151,48.6649],[5.9165,48.6644],[5.9164,48.6636],[5.917,48.663],[5.9183,48.6609],[5.9189,48.6602],[5.9197,48.6591],[5.9211,48.6583],[5.9224,48.6573],[5.9235,48.6567],[5.9251,48.6561],[5.9231,48.6556],[5.9217,48.6553],[5.921,48.6547],[5.9211,48.6532],[5.9213,48.6473],[5.9214,48.6473],[5.9226,48.6473],[5.9244,48.6469],[5.9262,48.6468],[5.9275,48.6467],[5.929,48.6466],[5.9307,48.6465],[5.933,48.646],[5.9344,48.6456],[5.9376,48.6448],[5.9389,48.6445],[5.9405,48.644],[5.9419,48.644],[5.9445,48.6439],[5.9477,48.6439],[5.952,48.6441],[5.9543,48.6447],[5.9565,48.645],[5.9583,48.6455],[5.9616,48.6464],[5.9641,48.6471],[5.9783,48.6505],[5.9791,48.6509],[5.979,48.6516],[5.9791,48.6523],[5.9821,48.6523],[5.9835,48.6527],[5.9834,48.6532],[5.9827,48.6542],[5.9822,48.6551],[5.9815,48.656],[5.9809,48.6566],[5.981,48.6575],[5.9801,48.6583],[5.9798,48.6587],[5.9786,48.6585],[5.9777,48.6587],[5.977,48.6594],[5.9766,48.6595],[5.9762,48.6599]]]},"properties":{"id_ffco":"2015-D54-199","nom":"VILLEY-LE-SEC VTT","_dept":"54","numero":"2015-D54-199","commune":"Toul","echelle":"1/15000","surface":"10.0 km²","format":"A3","annee":"2015","cartographes":"POGU Philippe, FATH Jean Marie, BECKER Philippe, MARTIN Pascal","proprietaire":"54 - Meurthe-et-Moselle","niveau":"Régional","specialite":"CO à VTT","latitude":"48.6570012122","longitude":"5.94509301066","date_saisie":"01/10/2015","date_depot":"22/10/2015","valide":"Oui","ppo":"Non","type_carte":"Nouvelle carte","fond":"Ortho","obsolete":false}},{"type":"Feature","geometry":{"type":"Polygon","coordinates":[[[5.9742,48.6606],[5.9726,48.6606],[5.9708,48.6608],[5.9679,48.6616],[5.9648,48.6624],[5.9626,48.6628],[5.9605,48.6631],[5.9577,48.6635],[5.9561,48.6642],[5.9548,48.6651],[5.9519,48.6659],[5.9423,48.6684],[5.938,48.6696],[5.9364,48.6704],[5.935,48.6706],[5.9333,48.671],[5.9311,48.6716],[5.9292,48.6714],[5.9282,48.6717],[5.9271,48.6723],[5.9263,48.6725],[5.9244,48.6727],[5.9236,48.6727],[5.9221,48.6728],[5.9207,48.6724],[5.9201,48.6719],[5.9192,48.6712],[5.9188,48.6707],[5.9183,48.6701],[5.918,48.6697],[5.9173,48.6692],[5.9162,48.6678],[5.9157,48.6671],[5.915,48.6662],[5.9146,48.6657],[5.9142,48.6651],[5.9158,48.6645],[5.9164,48.6643],[5.9167,48.6635],[5.9179,48.6617],[5.9184,48.6606],[5.9193,48.6598],[5.9206,48.6585],[5.9223,48.6575],[5.9232,48.657],[5.924,48.6563],[5.9232,48.6563],[5.921,48.6562],[5.9212,48.6469],[5.9244,48.6461],[5.9254,48.6461],[5.9268,48.6464],[5.929,48.6457],[5.929,48.6456],[5.9299,48.6458],[5.9319,48.6455],[5.9335,48.6446],[5.9353,48.6448],[5.9366,48.6449],[5.9378,48.6448],[5.9408,48.6443],[5.9434,48.6439],[5.9459,48.6439],[5.9476,48.6438],[5.9496,48.644],[5.952,48.6442],[5.9541,48.6446],[5.9556,48.6449],[5.9581,48.6453],[5.9601,48.6462],[5.9615,48.6465],[5.9642,48.6473],[5.9656,48.6479],[5.9669,48.6487],[5.9678,48.649],[5.9711,48.6501],[5.9722,48.6507],[5.973,48.6506],[5.9751,48.6504],[5.9769,48.6508],[5.9787,48.6513],[5.9798,48.6516],[5.9801,48.6517],[5.9802,48.652],[5.9806,48.6519],[5.9808,48.6521],[5.9818,48.6524],[5.9815,48.6522],[5.9823,48.6524],[5.983,48.6525],[5.9835,48.6525],[5.9838,48.6531],[5.9835,48.6536],[5.9824,48.6549],[5.9815,48.6559],[5.9811,48.6563],[5.981,48.6574],[5.9802,48.6582],[5.9797,48.6586],[5.9792,48.6586],[5.9784,48.6584],[5.9774,48.6591],[5.9762,48.6598],[5.9753,48.6603],[5.9748,48.6606],[5.9742,48.6606]]]},"properties":{"id_ffco":"2015-D54-198","nom":"VILLEY LE SEC","_dept":"54","numero":"2015-D54-198","commune":"Toul","echelle":"1/15000","surface":"10.0 km²","format":"A3","annee":"2015","cartographes":"POGU Philippe, FATH Jean Marie, BECKER Philippe, MARTIN Pascal","proprietaire":"54 - Meurthe-et-Moselle","niveau":"Régional","specialite":"Rand'O","latitude":"48.6569790953","longitude":"5.94467098923","date_saisie":"01/10/2015","date_depot":"22/10/2015","valide":"Oui","ppo":"Non","type_carte":"Nouvelle carte","fond":"Ortho","obsolete":false}},{"type":"Feature","geometry":{"type":"Polygon","coordinates":[[[6.2557,48.6954],[6.2567,48.6957],[6.2579,48.696],[6.2593,48.6963],[6.2599,48.6965],[6.2609,48.6967],[6.2617,48.6969],[6.2625,48.6968],[6.2632,48.6965],[6.2634,48.696],[6.2638,48.6957],[6.2645,48.6958],[6.2666,48.6965],[6.2671,48.6968],[6.2685,48.6972],[6.2711,48.6981],[6.2723,48.6983],[6.2746,48.6989],[6.2764,48.6993],[6.2775,48.6998],[6.2795,48.7001],[6.2808,48.7001],[6.2818,48.7003],[6.2824,48.7005],[6.2834,48.7007],[6.2835,48.7009],[6.2836,48.7011],[6.2856,48.7011],[6.2861,48.701],[6.2864,48.7008],[6.2865,48.7004],[6.2869,48.6997],[6.2875,48.699],[6.2875,48.6986],[6.2881,48.6978],[6.288,48.6959],[6.2876,48.6948],[6.2875,48.6945],[6.2872,48.6939],[6.2869,48.6934],[6.2868,48.6927],[6.287,48.6921],[6.2867,48.6915],[6.2862,48.6905],[6.2858,48.6898],[6.2847,48.6901],[6.2837,48.6907],[6.2827,48.6911],[6.2817,48.6916],[6.281,48.6919],[6.2807,48.6918],[6.2802,48.6911],[6.2794,48.6905],[6.2778,48.69],[6.2766,48.6895],[6.2748,48.6895],[6.2737,48.6896],[6.2732,48.69],[6.2721,48.69],[6.2698,48.69],[6.2679,48.6925],[6.2677,48.6929],[6.2655,48.6926],[6.2641,48.6924],[6.2634,48.6923],[6.2629,48.6922],[6.263,48.6918],[6.263,48.6912],[6.263,48.691],[6.2617,48.691],[6.2605,48.6908],[6.2593,48.6905],[6.2589,48.6916],[6.2587,48.6924],[6.2583,48.6934],[6.2576,48.6939],[6.257,48.6944],[6.2568,48.6946],[6.2557,48.6944],[6.2551,48.6944],[6.2556,48.6954],[6.2557,48.6954]]]},"properties":{"id_ffco":"2015-D54-197","nom":"Bois de Pulnoy","_dept":"54","numero":"2015-D54-197","commune":"Pulnoy","echelle":"1/10000","surface":"1.84 km²","format":"A4","annee":"2015","cartographes":"ROLLET Daniel","proprietaire":"5415 - LOISIRS ORIENTATION JEANDELAINCOURT","niveau":"Départemental","specialite":"CO à pied","latitude":"48.6948038061","longitude":"6.27480982498","date_saisie":"08/09/2015","date_depot":"08/01/2016","valide":"Oui","ppo":"Non","type_carte":"Nouvelle carte","fond":"IGN","ref_ign":"3415 O","obsolete":false}},{"type":"Feature","geometry":{"type":"Polygon","coordinates":[[[6.0689,48.696],[6.0692,48.695],[6.073,48.6953],[6.0751,48.6954],[6.0767,48.6976],[6.0779,48.6997],[6.0787,48.701],[6.08,48.7028],[6.0821,48.7061],[6.0839,48.7085],[6.0861,48.7117],[6.0857,48.7123],[6.085,48.7128],[6.0745,48.7121],[6.0702,48.7117],[6.0663,48.7114],[6.0636,48.7112],[6.0602,48.7106],[6.0593,48.7106],[6.055,48.7108],[6.0556,48.709],[6.0559,48.7077],[6.0561,48.7067],[6.0556,48.7053],[6.0548,48.7035],[6.0543,48.7024],[6.0541,48.7015],[6.054,48.701],[6.0556,48.7008],[6.0555,48.7004],[6.0554,48.6996],[6.0553,48.699],[6.055,48.698],[6.0553,48.6971],[6.0556,48.6962],[6.0558,48.6959],[6.0578,48.6959],[6.0597,48.6959],[6.062,48.6959],[6.0633,48.6959],[6.0678,48.6959],[6.0689,48.696]]]},"properties":{"id_ffco":"2014-D54-196","nom":"Parc de Haye II","_dept":"54","numero":"2014-D54-196","commune":"Velaine en Haye","echelle":"1/10000","surface":"3.32 km²","format":"A4","annee":"2014","cartographes":"POGU Philippe, VERDENAL Benoït","proprietaire":"5402 - SCAPA NANCY ORIENTATION","niveau":"Départemental","specialite":"CO à pied","contacts":"DEVILLE Nelly, nelly.deville54@orange.fr, https://scapanancyorientation.fr/","latitude":"48.7042554234","longitude":"6.06865648462","date_saisie":"27/11/2014","date_depot":"29/12/2014","valide":"Oui","ppo":"Oui (40 postes)","type_carte":"Reprise","base":"2003-D54-90 PARC DE HAYE","fond":"Ortho","obsolete":false}},{"type":"Feature","geometry":{"type":"Polygon","coordinates":[[[6.1672,48.6964],[6.1648,48.6957],[6.165,48.6947],[6.1654,48.6933],[6.1659,48.6929],[6.1667,48.6927],[6.1675,48.6925],[6.1678,48.6927],[6.168,48.6933],[6.1674,48.6956],[6.1673,48.6962],[6.1672,48.6964]]]},"properties":{"id_ffco":"2014-D54-195","nom":"Campus Lettres - Nancy","_dept":"54","numero":"2014-D54-195","commune":"NANCY","echelle":"1/2000","surface":"0.07 km²","format":"A4","annee":"2014","cartographes":"GOUTAUDIER Christophe","proprietaire":"5402 - SCAPA NANCY ORIENTATION","niveau":"Initiation, Scolaire","specialite":"CO à pied","contacts":"DEVILLE Nelly, nelly.deville54@orange.fr, https://scapanancyorientation.fr/","latitude":"48.6944094374","longitude":"6.16647635263","date_saisie":"20/11/2014","date_depot":"30/12/2014","valide":"Oui","ppo":"Non","type_carte":"Nouvelle carte","fond":"Cadastre","obsolete":false}},{"type":"Feature","geometry":{"type":"Polygon","coordinates":[[[6.176,48.6492],[6.1755,48.6491],[6.1747,48.6489],[6.1738,48.6486],[6.173,48.6484],[6.1725,48.6483],[6.173,48.6474],[6.1738,48.6476],[6.1737,48.6479],[6.1742,48.648],[6.1748,48.6482],[6.1754,48.6484],[6.1757,48.6485],[6.176,48.6489],[6.176,48.6492]]]},"properties":{"id_ffco":"2014-D54-194","nom":"Parc de la Ronchère","_dept":"54","numero":"2014-D54-194","commune":"HOUDEMONT","echelle":"1/1000","surface":"0.02 km²","format":"A4","annee":"2014","cartographes":"POGU Philippe","proprietaire":"5402 - SCAPA NANCY ORIENTATION","niveau":"Initiation, Scolaire","specialite":"CO à pied","contacts":"DEVILLE Nelly, nelly.deville54@orange.fr, http://scapaorientation.free.fr/","latitude":"48.6483280687","longitude":"6.17416904773","date_saisie":"20/11/2014","date_depot":"30/12/2014","valide":"Oui","ppo":"Non","type_carte":"Nouvelle carte","fond":"Ortho","obsolete":false}},{"type":"Feature","geometry":{"type":"Polygon","coordinates":[[[6.1539,48.6091],[6.1547,48.6091],[6.1557,48.609],[6.1566,48.6089],[6.1574,48.6088],[6.1583,48.6087],[6.1598,48.6083],[6.1606,48.608],[6.1612,48.6077],[6.1622,48.6073],[6.1626,48.607],[6.1633,48.6066],[6.1637,48.6064],[6.1634,48.6062],[6.1623,48.6058],[6.1615,48.6054],[6.1608,48.6051],[6.1598,48.6046],[6.1591,48.6043],[6.1582,48.604],[6.1573,48.6037],[6.1561,48.6036],[6.155,48.6037],[6.1545,48.6038],[6.1539,48.6042],[6.1535,48.6047],[6.1529,48.6053],[6.1516,48.6064],[6.1512,48.6068],[6.1509,48.6071],[6.1506,48.6073],[6.1505,48.6075],[6.151,48.6077],[6.1518,48.608],[6.1522,48.6083],[6.1526,48.6087],[6.1534,48.6089],[6.1538,48.6091],[6.1539,48.6091]]]},"properties":{"id_ffco":"2014-D54-193","nom":"Messein - Bois de Grève","_dept":"54","numero":"2014-D54-193","commune":"MESSEIN","echelle":"1/4000","surface":"0.37 km²","format":"A4","annee":"2014","cartographes":"POGU Philippe","proprietaire":"5402 - SCAPA NANCY ORIENTATION","niveau":"Départemental","specialite":"CO à pied","contacts":"DEVILLE Nelly, nelly.deville54@orange.fr, http://scapaorientation.free.fr/","latitude":"48.6064920698","longitude":"6.15671442748","date_saisie":"20/11/2014","date_depot":"30/12/2014","valide":"Oui","ppo":"Non","type_carte":"Reprise","base":"1999-D54-074 LE BOIS DE GREVE","fond":"Ortho","obsolete":false}},{"type":"Feature","geometry":{"type":"Polygon","coordinates":[[[6.2218,48.7185],[6.2223,48.7188],[6.2226,48.7189],[6.2233,48.7188],[6.2242,48.7187],[6.2249,48.7187],[6.2259,48.7188],[6.2264,48.719],[6.2271,48.7192],[6.2279,48.7191],[6.2287,48.719],[6.2293,48.7188],[6.2299,48.7187],[6.2305,48.7185],[6.2312,48.7184],[6.2314,48.7179],[6.2315,48.7173],[6.2317,48.7166],[6.2319,48.7162],[6.232,48.7156],[6.232,48.7152],[6.2321,48.7147],[6.2321,48.7136],[6.2321,48.7126],[6.2323,48.7122],[6.2322,48.7117],[6.2308,48.7114],[6.23,48.7113],[6.2298,48.7113],[6.2285,48.7113],[6.2278,48.7112],[6.2273,48.7112],[6.2265,48.7111],[6.2254,48.711],[6.2245,48.711],[6.2235,48.7111],[6.223,48.7112],[6.2226,48.7112],[6.2232,48.7117],[6.223,48.712],[6.2221,48.7126],[6.2216,48.7131],[6.2215,48.7136],[6.2218,48.7144],[6.222,48.7149],[6.2223,48.7154],[6.2223,48.716],[6.2222,48.7165],[6.2218,48.7168],[6.2215,48.7177],[6.2218,48.7184],[6.2218,48.7185]]]},"properties":{"id_ffco":"2014-D54-192","nom":"Butte Sainte Geneviève","_dept":"54","numero":"2014-D54-192","commune":"Essey-les-Nancy","echelle":"1/4000","surface":"0.61 km²","format":"A4","annee":"2014","cartographes":"POGU Philippe","proprietaire":"5402 - SCAPA NANCY ORIENTATION","niveau":"Départemental","specialite":"CO à pied","contacts":"DEVILLE Nelly, nelly.deville54@orange.fr, http://scapaorientation.free.fr/","latitude":"48.7150111003","longitude":"6.22689759883","date_saisie":"20/11/2014","date_depot":"30/12/2014","valide":"Oui","ppo":"Non","type_carte":"Nouvelle carte","fond":"Ortho","obsolete":false}},{"type":"Feature","geometry":{"type":"Polygon","coordinates":[[[6.148,48.6565],[6.1479,48.6568],[6.1484,48.6575],[6.1487,48.658],[6.149,48.6587],[6.1495,48.6593],[6.1501,48.66],[6.1507,48.6614],[6.1507,48.662],[6.1511,48.6625],[6.1511,48.663],[6.151,48.6634],[6.1517,48.664],[6.1509,48.6645],[6.1505,48.665],[6.15,48.6653],[6.1494,48.6658],[6.149,48.666],[6.1487,48.6661],[6.1483,48.6663],[6.1478,48.6664],[6.1472,48.6664],[6.1466,48.6664],[6.1464,48.6662],[6.146,48.666],[6.1457,48.6658],[6.1453,48.6656],[6.1451,48.6654],[6.1447,48.665],[6.1445,48.6647],[6.1444,48.6644],[6.1443,48.664],[6.1442,48.6635],[6.1442,48.6634],[6.1439,48.6628],[6.1437,48.6624],[6.1434,48.662],[6.1428,48.6613],[6.1425,48.661],[6.1422,48.6608],[6.1418,48.6606],[6.1416,48.6604],[6.1413,48.66],[6.141,48.6598],[6.1407,48.6596],[6.1406,48.6593],[6.1403,48.6591],[6.1398,48.6589],[6.1393,48.6585],[6.1389,48.6583],[6.1388,48.6582],[6.1392,48.6578],[6.1398,48.6573],[6.1397,48.6571],[6.1396,48.6567],[6.1397,48.6563],[6.1404,48.6563],[6.1411,48.6563],[6.1417,48.6563],[6.1421,48.6563],[6.143,48.6562],[6.1438,48.6561],[6.1446,48.6561],[6.1455,48.656],[6.1466,48.6556],[6.1471,48.6554],[6.1475,48.6552],[6.1481,48.655],[6.1484,48.6551],[6.1487,48.6555],[6.1483,48.6557],[6.1482,48.656],[6.1482,48.6562],[6.148,48.6563],[6.148,48.6565]]]},"properties":{"id_ffco":"2014-D54-191","nom":"Parc de BRABOIS 2 - Villers lès Nancy","_dept":"54","numero":"2014-D54-191","commune":"Villers les Nancy","echelle":"1/5000","surface":"0.64 km²","format":"A4","annee":"2014","cartographes":"ROLLET Daniel","proprietaire":"5415 - LOISIRS ORIENTATION JEANDELAINCOURT","niveau":"Initiation, Scolaire","specialite":"CO à pied","contacts":"ROLLET Daniel, danielrollet@orange.fr","latitude":"48.6605850454","longitude":"6.14593373537","date_saisie":"01/12/2014","date_depot":"29/12/2014","valide":"Oui","ppo":"Non","type_carte":"Reprise","base":"2006-D54-123 Parc De Brabois","fond":"IGN","ref_ign":"3315 ET","obsolete":false}},{"type":"Feature","geometry":{"type":"Polygon","coordinates":[[[6.5688,48.4815],[6.5698,48.4818],[6.5709,48.482],[6.572,48.4827],[6.5728,48.4833],[6.5732,48.484],[6.5734,48.4849],[6.5728,48.4859],[6.5737,48.4862],[6.5747,48.4867],[6.5762,48.4869],[6.5779,48.4877],[6.5791,48.4883],[6.5803,48.4887],[6.5815,48.489],[6.5826,48.4891],[6.5839,48.4891],[6.5854,48.4889],[6.5865,48.4891],[6.5882,48.4895],[6.5895,48.4903],[6.5912,48.4914],[6.5922,48.4921],[6.593,48.4927],[6.5926,48.4935],[6.5922,48.4944],[6.5925,48.4952],[6.593,48.4963],[6.5933,48.4967],[6.594,48.4974],[6.5929,48.4981],[6.5923,48.4985],[6.5931,48.4993],[6.5942,48.5],[6.597,48.5023],[6.5953,48.5035],[6.5942,48.504],[6.5948,48.5045],[6.596,48.5056],[6.5958,48.5062],[6.5945,48.5067],[6.593,48.5074],[6.5937,48.508],[6.5946,48.509],[6.5955,48.5098],[6.5961,48.5101],[6.596,48.5116],[6.5961,48.5129],[6.5952,48.5134],[6.5948,48.5141],[6.5938,48.5148],[6.5925,48.5156],[6.5917,48.5157],[6.5911,48.5165],[6.5907,48.5166],[6.5911,48.5174],[6.5919,48.5182],[6.5921,48.519],[6.5915,48.5199],[6.5909,48.5205],[6.5893,48.521],[6.5882,48.5212],[6.5869,48.5217],[6.5862,48.5222],[6.5851,48.5225],[6.5832,48.523],[6.5816,48.5235],[6.5803,48.5241],[6.5797,48.5248],[6.5795,48.5256],[6.5794,48.5261],[6.5788,48.5265],[6.5776,48.5266],[6.5761,48.5263],[6.5749,48.5259],[6.5733,48.5258],[6.5711,48.526],[6.5705,48.5263],[6.5689,48.5269],[6.5678,48.5272],[6.5646,48.5273],[6.5632,48.528],[6.5622,48.5288],[6.5617,48.5291],[6.5604,48.5295],[6.559,48.53],[6.5582,48.5306],[6.5577,48.5308],[6.556,48.5303],[6.5552,48.5298],[6.5544,48.5292],[6.554,48.5286],[6.5526,48.5279],[6.5514,48.5273],[6.5496,48.5262],[6.5484,48.5257],[6.5477,48.5253],[6.5485,48.5248],[6.5491,48.5245],[6.5496,48.5238],[6.5501,48.5233],[6.5509,48.5227],[6.551,48.5221],[6.5501,48.5218],[6.5503,48.5213],[6.5505,48.5208],[6.5506,48.5202],[6.5493,48.5197],[6.5494,48.5192],[6.5489,48.5188],[6.5478,48.5187],[6.5467,48.5184],[6.5452,48.5183],[6.5456,48.517],[6.5467,48.5132],[6.5469,48.5119],[6.5467,48.5128],[6.5448,48.5113],[6.5432,48.5103],[6.5424,48.5097],[6.54,48.5077],[6.5393,48.5067],[6.5381,48.5059],[6.5384,48.5055],[6.5393,48.5045],[6.5404,48.5037],[6.5396,48.503],[6.5386,48.5025],[6.5382,48.5024],[6.5386,48.5013],[6.5391,48.5003],[6.5391,48.4985],[6.5397,48.49],[6.5412,48.4895],[6.5428,48.489],[6.5454,48.4883],[6.5471,48.4879],[6.5512,48.4867],[6.5534,48.4861],[6.5555,48.4857],[6.5568,48.4852],[6.5582,48.4846],[6.5592,48.4842],[6.5609,48.4842],[6.562,48.4843],[6.5633,48.4839],[6.5656,48.4832],[6.5664,48.483],[6.5675,48.4825],[6.5682,48.4819],[6.5684,48.4815],[6.5688,48.4815]]]},"properties":{"id_ffco":"2014-D54-190","nom":"Les pourtours de Moyen à VTT","_dept":"54","numero":"2014-D54-190","commune":"MOYEN","echelle":"1/15000","surface":"16.39 km²","format":"A3","annee":"2014","cartographes":"POGU Philippe, FATH Jean Marie, CHAPELOT Lucas","proprietaire":"54 - Meurthe-et-Moselle","niveau":"Départemental","specialite":"CO à VTT","contacts":"POGU Philippe, Abbaye Saint Mansuy, 54200, TOUL, p.pogu@free.fr","latitude":"48.5055028725","longitude":"6.56705498169","date_saisie":"20/11/2014","date_depot":"30/12/2014","valide":"Oui","ppo":"Non","type_carte":"Nouvelle carte","fond":"Ortho","obsolete":false}},{"type":"Feature","geometry":{"type":"Polygon","coordinates":[[[6.5689,48.4811],[6.5702,48.4816],[6.5715,48.4821],[6.5719,48.4827],[6.5726,48.4836],[6.5723,48.4842],[6.5711,48.4848],[6.5723,48.4856],[6.5736,48.4862],[6.5752,48.4868],[6.5765,48.487],[6.5776,48.4874],[6.5785,48.4881],[6.5805,48.4887],[6.5821,48.4891],[6.5839,48.489],[6.5856,48.4889],[6.587,48.4892],[6.5885,48.4897],[6.5902,48.4905],[6.5915,48.4916],[6.5924,48.4922],[6.5935,48.4928],[6.5944,48.4932],[6.5933,48.4943],[6.5924,48.4954],[6.593,48.4964],[6.5939,48.4973],[6.5932,48.4978],[6.5922,48.4985],[6.5935,48.4995],[6.5946,48.5003],[6.5962,48.5015],[6.5971,48.5023],[6.5963,48.5029],[6.5949,48.5035],[6.5942,48.504],[6.5953,48.5051],[6.5961,48.5057],[6.5949,48.5065],[6.5934,48.5073],[6.593,48.5075],[6.5938,48.5082],[6.5947,48.5088],[6.5955,48.5097],[6.5972,48.5112],[6.5973,48.512],[6.596,48.5128],[6.5953,48.5134],[6.5951,48.5139],[6.5944,48.5144],[6.5924,48.5155],[6.5918,48.5159],[6.5907,48.5165],[6.5912,48.5173],[6.5916,48.518],[6.592,48.5189],[6.5917,48.5196],[6.591,48.5203],[6.5883,48.5212],[6.5864,48.5219],[6.5858,48.5222],[6.5841,48.5229],[6.5826,48.5232],[6.5807,48.5239],[6.5798,48.5246],[6.5795,48.5252],[6.5796,48.526],[6.5787,48.5267],[6.5773,48.5266],[6.5763,48.5262],[6.5749,48.5258],[6.5733,48.5258],[6.5719,48.5258],[6.5705,48.5262],[6.5685,48.5271],[6.5673,48.5274],[6.5663,48.5273],[6.5647,48.5274],[6.5633,48.5279],[6.5626,48.5286],[6.561,48.5291],[6.5597,48.5295],[6.5589,48.5301],[6.5582,48.5303],[6.5576,48.5307],[6.5562,48.5304],[6.5554,48.5299],[6.5548,48.5295],[6.5543,48.5288],[6.5532,48.5282],[6.5523,48.5279],[6.5511,48.5271],[6.5485,48.5256],[6.5478,48.5253],[6.5489,48.5247],[6.5492,48.5244],[6.5497,48.5241],[6.5503,48.5235],[6.5508,48.5229],[6.5511,48.5222],[6.5509,48.522],[6.5502,48.5217],[6.5502,48.5213],[6.5507,48.5207],[6.5508,48.5203],[6.5501,48.5201],[6.5493,48.5197],[6.5494,48.5192],[6.5491,48.5188],[6.548,48.5186],[6.5464,48.5183],[6.5451,48.5182],[6.5456,48.5172],[6.5467,48.5126],[6.5464,48.5121],[6.5441,48.5107],[6.543,48.51],[6.5423,48.5095],[6.5411,48.5086],[6.5403,48.5076],[6.5396,48.5069],[6.5389,48.5063],[6.5379,48.5055],[6.5388,48.5049],[6.5403,48.5037],[6.54,48.5034],[6.5394,48.5029],[6.5379,48.5023],[6.5387,48.5017],[6.5393,48.5005],[6.5397,48.4996],[6.5404,48.499],[6.5403,48.4983],[6.5397,48.4957],[6.5396,48.4945],[6.5391,48.4931],[6.5393,48.4916],[6.5387,48.4901],[6.5399,48.49],[6.5417,48.4893],[6.544,48.4886],[6.5453,48.4884],[6.547,48.4878],[6.5485,48.4874],[6.5504,48.487],[6.5519,48.4865],[6.5534,48.4862],[6.5544,48.486],[6.5558,48.4856],[6.5568,48.4851],[6.5576,48.485],[6.5585,48.4844],[6.5597,48.4842],[6.5607,48.4842],[6.5622,48.4842],[6.5633,48.484],[6.5647,48.4837],[6.5661,48.4831],[6.5672,48.4824],[6.568,48.4824],[6.5689,48.4811]]]},"properties":{"id_ffco":"2014-D54-189","nom":"Les pourtours de Moyen","_dept":"54","numero":"2014-D54-189","commune":"MOYEN","echelle":"1/15000","surface":"16.36 km²","format":"A3","annee":"2014","cartographes":"POGU Philippe, FATH Jean Marie, CHAPELOT Lucas","proprietaire":"54 - Meurthe-et-Moselle","niveau":"Départemental","specialite":"Rand'O","contacts":"POGU Philippe, Abbaye Saint Mansuy, 54200, TOUL, p.pogu@free.fr","latitude":"48.5054972396","longitude":"6.5671790285","date_saisie":"20/11/2014","date_depot":"30/12/2014","valide":"Oui","ppo":"Non","type_carte":"Nouvelle carte","fond":"Ortho","obsolete":false}},{"type":"Feature","geometry":{"type":"Polygon","coordinates":[[[6.4883,48.5984],[6.487,48.5982],[6.4871,48.5977],[6.4877,48.5977],[6.4878,48.5975],[6.4885,48.5976],[6.4885,48.5977],[6.4883,48.5984]]]},"properties":{"id_ffco":"2013-D54-188","nom":"Ecole Demangeot - Lunéville","_dept":"54","numero":"2013-D54-188","commune":"Lunéville","echelle":"1/1000","surface":"0.01 km²","format":"A5","annee":"2013","cartographes":"B. Lemercier","proprietaire":"5407 - SPORTS ORIENTATION LUNEVILLE","niveau":"Initiation, Scolaire","specialite":"CO à pied","latitude":"48.5979602492","longitude":"6.48780853664","date_saisie":"06/12/2013","date_depot":"15/05/2014","valide":"Oui","ppo":"Non","type_carte":"Nouvelle carte","fond":"Cadastre","obsolete":false}},{"type":"Feature","geometry":{"type":"Polygon","coordinates":[[[6.3591,48.6042],[6.3688,48.6053],[6.3666,48.6078],[6.3644,48.6071],[6.3623,48.6096],[6.3564,48.6067],[6.3591,48.6041],[6.3591,48.6041],[6.3593,48.6043],[6.3591,48.6042]]]},"properties":{"id_ffco":"2013-D54-187","nom":"Ville de Dombasle - parcours de santé - stade d'athlétisme","_dept":"54","numero":"2013-D54-187","commune":"Dombasle","echelle":"1/5000","surface":"0.29 km²","format":"A5","annee":"2013","cartographes":"B. Lemercier","proprietaire":"5407 - SPORTS ORIENTATION LUNEVILLE","niveau":"Initiation, Scolaire","specialite":"CO à pied","latitude":"48.606441462","longitude":"6.36223474017","date_saisie":"06/12/2013","date_depot":"15/05/2014","valide":"Oui","ppo":"Non","type_carte":"Nouvelle carte","fond":"Cadastre","obsolete":false}},{"type":"Feature","geometry":{"type":"Polygon","coordinates":[[[6.2183,48.6999],[6.2178,48.7014],[6.2199,48.7017],[6.2203,48.701],[6.2212,48.7012],[6.2216,48.7005],[6.2215,48.7003],[6.2202,48.7],[6.2183,48.6999]]]},"properties":{"id_ffco":"2013-D54-186","nom":"Parc Maringer","_dept":"54","numero":"2013-D54-186","commune":"Essey les Nancy","echelle":"1/1500","surface":"0.04 km²","format":"A4","annee":"2013","cartographes":"B. Lemercier","proprietaire":"54 - Meurthe-et-Moselle","niveau":"Initiation, Scolaire","specialite":"CO à pied","latitude":"48.7007395697","longitude":"6.21952837773","date_saisie":"06/12/2013","date_depot":"15/05/2014","valide":"Oui","ppo":"Non","type_carte":"Nouvelle carte","fond":"Cadastre","obsolete":false}},{"type":"Feature","geometry":{"type":"Polygon","coordinates":[[[6.1723,48.6684],[6.1719,48.668],[6.1716,48.6675],[6.1717,48.6671],[6.1723,48.6667],[6.1728,48.6666],[6.1728,48.6664],[6.1734,48.6668],[6.1736,48.667],[6.1736,48.6674],[6.1741,48.6676],[6.1754,48.668],[6.1768,48.6687],[6.1769,48.6689],[6.1756,48.6701],[6.1734,48.6692],[6.1723,48.6684]]]},"properties":{"id_ffco":"2013-D54-185","nom":"Parc du Charmois","_dept":"54","numero":"2013-D54-185","commune":"Vandoeuvre","echelle":"1/2000","surface":"0.07 km²","format":"A4","annee":"2013","proprietaire":"5402 - SCAPA NANCY ORIENTATION","niveau":"Initiation, Scolaire","specialite":"CO à pied","latitude":"48.6683649367","longitude":"6.17408444321","date_saisie":"06/12/2013","date_depot":"15/05/2014","valide":"Oui","ppo":"Non","type_carte":"Nouvelle carte","fond":"Cadastre","obsolete":false}},{"type":"Feature","geometry":{"type":"Polygon","coordinates":[[[6.1271,48.6564],[6.13,48.6567],[6.1317,48.6566],[6.1333,48.6553],[6.1351,48.6535],[6.1363,48.6527],[6.1378,48.6518],[6.1391,48.6512],[6.1409,48.6511],[6.1441,48.651],[6.1459,48.651],[6.147,48.6507],[6.1474,48.6504],[6.1469,48.6499],[6.1454,48.6491],[6.143,48.6478],[6.1422,48.6471],[6.1409,48.6474],[6.1402,48.6476],[6.1388,48.6474],[6.1382,48.6474],[6.1349,48.6487],[6.132,48.6507],[6.1291,48.6535],[6.1279,48.6548],[6.1271,48.6564]]]},"properties":{"id_ffco":"2013-D54-184","nom":"Parc d'activités du Bois de Champelle","_dept":"54","numero":"2013-D54-184","commune":"Vandoeuvre","echelle":"1/5000","surface":"0.6 km²","format":"A4","annee":"2013","cartographes":"P. pogu","proprietaire":"5402 - SCAPA NANCY ORIENTATION","niveau":"Initiation, Scolaire","specialite":"CO à pied","latitude":"48.6514392113","longitude":"6.13632455308","date_saisie":"06/12/2013","date_depot":"15/05/2014","valide":"Oui","ppo":"Non","type_carte":"Nouvelle carte","fond":"Cadastre","obsolete":false}},{"type":"Feature","geometry":{"type":"Polygon","coordinates":[[[6.1325,48.6569],[6.1341,48.657],[6.136,48.6573],[6.1382,48.6579],[6.1385,48.658],[6.1394,48.6585],[6.1404,48.6594],[6.1411,48.6593],[6.1403,48.658],[6.1397,48.6568],[6.1394,48.6558],[6.1386,48.654],[6.1383,48.653],[6.1382,48.6527],[6.1364,48.6529],[6.1358,48.6534],[6.1336,48.6551],[6.1321,48.6563],[6.1322,48.6566],[6.1325,48.6569]]]},"properties":{"id_ffco":"2013-D54-183","nom":"Technopôle de Brabois","_dept":"54","numero":"2013-D54-183","commune":"Vandoeuvre","echelle":"1/5000","surface":"0.21 km²","format":"A5","annee":"2013","cartographes":"D. Rollet","proprietaire":"5415 - LOISIRS ORIENTATION JEANDELAINCOURT","niveau":"Initiation, Scolaire","specialite":"CO à pied","latitude":"48.6558195105","longitude":"6.13680833242","date_saisie":"06/12/2013","date_depot":"15/05/2014","valide":"Oui","ppo":"Non","type_carte":"Nouvelle carte","fond":"Cadastre","obsolete":false}},{"type":"Feature","geometry":{"type":"Polygon","coordinates":[[[5.8401,48.6815],[5.8464,48.6851],[5.8461,48.6889],[5.8435,48.6921],[5.8427,48.6935],[5.845,48.6961],[5.8467,48.6999],[5.846,48.707],[5.8417,48.7072],[5.8373,48.7079],[5.8362,48.7078],[5.8254,48.7068],[5.8231,48.7063],[5.8202,48.7037],[5.82,48.7023],[5.8169,48.695],[5.8162,48.6923],[5.816,48.6899],[5.8165,48.6868],[5.8188,48.6845],[5.8197,48.6832],[5.822,48.6818],[5.8262,48.681],[5.8271,48.6808],[5.8279,48.6794],[5.8328,48.6798],[5.8401,48.6815]]]},"properties":{"id_ffco":"2013-D54-182","nom":"le Plateau d'Ecrouves - sud","_dept":"54","numero":"2013-D54-182","commune":"Toul","echelle":"1/10000","surface":"5.77 km²","format":"A3","annee":"2013","cartographes":"P. pogu","proprietaire":"5402 - SCAPA NANCY ORIENTATION","niveau":"Régional","specialite":"CO à pied","latitude":"48.693983488","longitude":"5.83183363207","date_saisie":"06/12/2013","date_depot":"15/05/2014","valide":"Oui","ppo":"Non","type_carte":"Nouvelle carte","fond":"Ortho","obsolete":false}},{"type":"Feature","geometry":{"type":"Polygon","coordinates":[[[6.2043,48.6691],[6.2054,48.6686],[6.2069,48.668],[6.208,48.6675],[6.2084,48.6671],[6.2081,48.6654],[6.2078,48.6638],[6.2073,48.6628],[6.2062,48.6631],[6.2046,48.6632],[6.2038,48.6632],[6.2027,48.6648],[6.2028,48.6656],[6.2034,48.6666],[6.204,48.6675],[6.2044,48.6678],[6.2044,48.6682],[6.2039,48.6684],[6.2037,48.6689],[6.2043,48.6691]]]},"properties":{"id_ffco":"2013-D54-181","nom":"Bois de Renémont - Jarville le Malgrange","_dept":"54","numero":"2013-D54-181","commune":"Jarville la Malgrange","echelle":"1/5000","surface":"0.2 km²","format":"A5","annee":"2013","cartographes":"D. Rollet","proprietaire":"5415 - LOISIRS ORIENTATION JEANDELAINCOURT","niveau":"Initiation, Scolaire","specialite":"CO à pied","latitude":"48.6657016506","longitude":"6.20561643064","date_saisie":"06/12/2013","date_depot":"15/05/2014","valide":"Oui","ppo":"Non","type_carte":"Nouvelle carte","fond":"Cadastre","obsolete":false}},{"type":"Feature","geometry":{"type":"Polygon","coordinates":[[[5.9348,49.2599],[5.9342,49.2596],[5.9336,49.2597],[5.9318,49.2603],[5.9313,49.2606],[5.9298,49.2605],[5.9283,49.2604],[5.9285,49.2598],[5.9281,49.2598],[5.9277,49.2597],[5.9262,49.2589],[5.9252,49.2586],[5.9249,49.2581],[5.9256,49.2573],[5.9261,49.2567],[5.9269,49.2555],[5.9277,49.2542],[5.9286,49.2535],[5.9298,49.2531],[5.9307,49.2527],[5.931,49.2522],[5.9304,49.2509],[5.9307,49.2501],[5.9334,49.25],[5.9354,49.25],[5.9359,49.2498],[5.9363,49.2515],[5.9369,49.2533],[5.936,49.2547],[5.9353,49.2564],[5.935,49.2577],[5.9346,49.2584],[5.9346,49.2593],[5.9348,49.2599]]]},"properties":{"id_ffco":"2013-D54-180","nom":"les Bois des Moines","_dept":"54","numero":"2013-D54-180","commune":"Briey","echelle":"1/5000","surface":"0.64 km²","format":"A4","annee":"2013","cartographes":"POGU Philippe","proprietaire":"54 - Meurthe-et-Moselle","niveau":"Initiation, Scolaire","specialite":"CO à pied","latitude":"49.2554997726","longitude":"5.93155971297","date_saisie":"06/12/2013","date_depot":"15/05/2014","valide":"Oui","ppo":"Non","type_carte":"Nouvelle carte","fond":"Cadastre","obsolete":false}},{"type":"Feature","geometry":{"type":"Polygon","coordinates":[[[6.0857,48.65],[6.0846,48.6532],[6.0822,48.6611],[6.0806,48.6673],[6.0791,48.6727],[6.0755,48.6857],[6.0743,48.6909],[6.1019,48.6908],[6.1064,48.689],[6.1085,48.6883],[6.1101,48.6882],[6.1165,48.6891],[6.1189,48.6819],[6.1232,48.6829],[6.1287,48.6846],[6.13,48.685],[6.1314,48.6855],[6.1324,48.685],[6.1345,48.6842],[6.1361,48.6828],[6.1355,48.6815],[6.1352,48.6807],[6.131,48.6785],[6.1351,48.6754],[6.1373,48.6753],[6.1362,48.6738],[6.1358,48.672],[6.1358,48.6701],[6.1348,48.6681],[6.1347,48.6664],[6.1338,48.6645],[6.1331,48.663],[6.1319,48.6619],[6.1299,48.6611],[6.128,48.6607],[6.1261,48.66],[6.1248,48.6594],[6.1225,48.6588],[6.1203,48.6584],[6.1181,48.6588],[6.1116,48.657],[6.106,48.6547],[6.1018,48.6537],[6.0997,48.6535],[6.0961,48.6523],[6.0931,48.6514],[6.0908,48.651],[6.0894,48.6509],[6.0886,48.6507],[6.0857,48.65]]]},"properties":{"id_ffco":"2013-D54-179","nom":"le chemin de Potier VTT","_dept":"54","numero":"2013-D54-179","commune":"Villers Clairlieu","echelle":"1/15000","surface":"14.68 km²","format":"+","annee":"2013","cartographes":"B. Verdenal, N. Deville, M. Aubry","proprietaire":"5402 - SCAPA NANCY ORIENTATION","niveau":"National, International","specialite":"CO à VTT","latitude":"48.6725619617","longitude":"6.10386342045","date_saisie":"06/12/2013","date_depot":"15/05/2014","valide":"Oui","ppo":"Non","type_carte":"Nouvelle carte","fond":"Ortho","obsolete":false}},{"type":"Feature","geometry":{"type":"Polygon","coordinates":[[[6.2218,48.7184],[6.2212,48.718],[6.2204,48.7175],[6.2187,48.7172],[6.2156,48.7162],[6.2134,48.7151],[6.2133,48.7149],[6.2128,48.7146],[6.2115,48.7136],[6.2112,48.7134],[6.2105,48.713],[6.2099,48.7127],[6.2059,48.7128],[6.2022,48.713],[6.1972,48.713],[6.1969,48.714],[6.196,48.7152],[6.1962,48.7157],[6.196,48.7168],[6.1957,48.7182],[6.1947,48.7197],[6.1931,48.7216],[6.1919,48.7231],[6.1903,48.7242],[6.1887,48.7251],[6.1869,48.7265],[6.1849,48.7283],[6.184,48.7295],[6.1834,48.731],[6.1833,48.7316],[6.1838,48.7317],[6.1839,48.733],[6.1843,48.7347],[6.1851,48.7355],[6.1863,48.7366],[6.1879,48.7378],[6.1893,48.7392],[6.19,48.7399],[6.1917,48.7398],[6.193,48.7399],[6.1963,48.7401],[6.1986,48.7399],[6.2007,48.7395],[6.2028,48.7393],[6.2057,48.7391],[6.2081,48.7376],[6.2105,48.7364],[6.2145,48.7344],[6.2163,48.7335],[6.219,48.7328],[6.2242,48.7311],[6.2251,48.7301],[6.2253,48.7282],[6.2254,48.7269],[6.2255,48.7253],[6.2233,48.7227],[6.2223,48.7196],[6.2218,48.7184]]]},"properties":{"id_ffco":"2013-D54-178","nom":"le Plat'O VTT de Malzéville","_dept":"54","numero":"2013-D54-178","commune":"Malzéville","echelle":"1/15000","surface":"6.4 km²","format":"A4","annee":"2013","cartographes":"POGU Philippe, VIRY Jean Pierre","proprietaire":"5402 - SCAPA NANCY ORIENTATION","niveau":"National, International","specialite":"CO à VTT","latitude":"48.7268821908","longitude":"6.20446115378","date_saisie":"06/12/2013","date_depot":"15/05/2014","valide":"Oui","ppo":"Non","type_carte":"Nouvelle carte","fond":"Ortho","obsolete":false}},{"type":"Feature","geometry":{"type":"Polygon","coordinates":[[[5.8922,48.6814],[5.8912,48.6806],[5.89,48.68],[5.8897,48.6798],[5.8884,48.6794],[5.8865,48.6787],[5.8847,48.6783],[5.8834,48.6781],[5.8823,48.678],[5.8834,48.6766],[5.8847,48.6749],[5.8842,48.6754],[5.8832,48.675],[5.8831,48.6747],[5.8835,48.6739],[5.8835,48.6732],[5.8836,48.6728],[5.885,48.6719],[5.8859,48.6716],[5.8863,48.6713],[5.8875,48.6707],[5.8883,48.6705],[5.8892,48.6704],[5.8903,48.6702],[5.8915,48.67],[5.8924,48.6698],[5.8942,48.6698],[5.8947,48.67],[5.8957,48.671],[5.8967,48.6723],[5.8984,48.6738],[5.8989,48.6745],[5.8981,48.677],[5.8974,48.6782],[5.8965,48.6796],[5.8963,48.6804],[5.8953,48.681],[5.8941,48.6815],[5.8928,48.6818],[5.8922,48.6814]]]},"properties":{"id_ffco":"2013-D54-177","nom":"Toul","_dept":"54","numero":"2013-D54-177","commune":"Toul","echelle":"1/5000","surface":"1.07 km²","format":"A4","annee":"2013","cartographes":"P. pogu","proprietaire":"5402 - SCAPA NANCY ORIENTATION","niveau":"Régional","specialite":"CO à pied","latitude":"48.6754111109","longitude":"5.89116027505","date_saisie":"06/12/2013","date_depot":"15/05/2014","valide":"Oui","ppo":"Non","type_carte":"Nouvelle carte","fond":"Cadastre","obsolete":false}},{"type":"Feature","geometry":{"type":"Polygon","coordinates":[[[6.3412,48.7515],[6.3395,48.7514],[6.3364,48.7515],[6.3362,48.752],[6.3376,48.7531],[6.3158,48.7633],[6.3138,48.7642],[6.3109,48.7662],[6.3145,48.7689],[6.3169,48.7709],[6.3208,48.7736],[6.3247,48.7761],[6.3265,48.7775],[6.33,48.7751],[6.3378,48.7703],[6.3399,48.773],[6.3407,48.774],[6.3414,48.7724],[6.3417,48.7708],[6.3416,48.7694],[6.342,48.7671],[6.345,48.7668],[6.3462,48.7665],[6.348,48.7662],[6.3489,48.7661],[6.3483,48.7655],[6.3472,48.7641],[6.3486,48.7635],[6.3491,48.7629],[6.3501,48.7612],[6.3517,48.7611],[6.3539,48.7608],[6.357,48.7606],[6.3585,48.7604],[6.3593,48.7607],[6.3602,48.7616],[6.362,48.761],[6.3588,48.7595],[6.3549,48.7575],[6.3581,48.7559],[6.3532,48.7535],[6.3496,48.7518],[6.349,48.7515],[6.3442,48.7515],[6.3434,48.7515],[6.3412,48.7515]]]},"properties":{"id_ffco":"2012-D54-176","nom":"Etang de Brin 2","_dept":"54","numero":"2012-D54-176","commune":"Champenoux","echelle":"1/15000","surface":"5.05 km²","format":"A4","annee":"2012","cartographes":"D. Rollet","proprietaire":"5415 - LOISIRS ORIENTATION JEANDELAINCOURT","niveau":"Régional","specialite":"CO à pied","latitude":"48.7631985332","longitude":"6.3348350607","date_saisie":"06/12/2013","date_depot":"25/07/2013","valide":"Oui","ppo":"Non","type_carte":"Nouvelle carte","fond":"Ortho","obsolete":false}},{"type":"Feature","geometry":{"type":"Polygon","coordinates":[[[6.4938,48.5677],[6.4927,48.5674],[6.4925,48.5676],[6.4921,48.5675],[6.4932,48.566],[6.4951,48.5667],[6.4957,48.5669],[6.4957,48.5669],[6.4957,48.5669],[6.4938,48.5677]]]},"properties":{"id_ffco":"2012-D54-175","nom":"Hériménil - la rue du stade","_dept":"54","numero":"2012-D54-175","commune":"Hériménil","echelle":"1/1000","surface":"0.03 km²","format":"A5","annee":"2012","cartographes":"B. Lemercier","proprietaire":"5407 - SPORTS ORIENTATION LUNEVILLE","niveau":"Initiation, Scolaire","specialite":"CO à pied","latitude":"48.5669240419","longitude":"6.49374708739","date_saisie":"06/12/2013","date_depot":"25/07/2013","valide":"Oui","ppo":"Non","type_carte":"Nouvelle carte","fond":"Cadastre","obsolete":false}},{"type":"Feature","geometry":{"type":"Polygon","coordinates":[[[6.6703,48.57],[6.6702,48.5699],[6.6698,48.5694],[6.6717,48.5685],[6.6728,48.5693],[6.6722,48.5696],[6.6714,48.5699],[6.6707,48.5701],[6.6704,48.57],[6.6703,48.57]]]},"properties":{"id_ffco":"2012-D54-174","nom":"Ecole et collège de Bénaménil","_dept":"54","numero":"2012-D54-174","commune":"Bénaménil","echelle":"1/1000","surface":"0.02 km²","format":"A5","annee":"2012","cartographes":"B. Lemercier","proprietaire":"5407 - SPORTS ORIENTATION LUNEVILLE","niveau":"Initiation, Scolaire","specialite":"CO à pied","latitude":"48.5693499299","longitude":"6.67122771461","date_saisie":"06/12/2013","date_depot":"25/07/2013","valide":"Oui","ppo":"Non","type_carte":"Nouvelle carte","fond":"Cadastre","obsolete":false}},{"type":"Feature","geometry":{"type":"Polygon","coordinates":[[[6.4859,48.589],[6.4866,48.5886],[6.4871,48.5884],[6.4877,48.5883],[6.4873,48.5879],[6.4867,48.5874],[6.4862,48.587],[6.4852,48.5873],[6.4843,48.5876],[6.4848,48.5883],[6.4854,48.5889],[6.4854,48.5889],[6.4859,48.589]]]},"properties":{"id_ffco":"2012-D54-173","nom":"Collège Charles Guerin","_dept":"54","numero":"2012-D54-173","commune":"Lunéville","echelle":"1/2000","surface":"0.03 km²","format":"A5","annee":"2012","cartographes":"B. Lemercier","proprietaire":"5407 - SPORTS ORIENTATION LUNEVILLE","niveau":"Initiation, Scolaire","specialite":"CO à pied","contacts":"SO lunéville, 0383734494, bernard.lemercier@wanadoo.fr","latitude":"48.5879855549","longitude":"6.48592523066","date_saisie":"06/12/2013","date_depot":"25/07/2013","valide":"Oui","ppo":"Non","type_carte":"Nouvelle carte","fond":"Cadastre","obsolete":false}},{"type":"Feature","geometry":{"type":"Polygon","coordinates":[[[6.161,48.6687],[6.1605,48.6683],[6.16,48.6678],[6.1595,48.6676],[6.1582,48.6672],[6.1576,48.6667],[6.1565,48.666],[6.1561,48.6653],[6.1557,48.6642],[6.1555,48.6636],[6.1555,48.6633],[6.1541,48.6634],[6.1538,48.6635],[6.1529,48.6638],[6.1524,48.6644],[6.1513,48.6653],[6.151,48.6658],[6.1508,48.6661],[6.1501,48.6669],[6.1497,48.6672],[6.1505,48.6674],[6.1517,48.6677],[6.1522,48.6681],[6.153,48.6688],[6.1536,48.6693],[6.1538,48.6695],[6.1551,48.6696],[6.1564,48.6696],[6.1569,48.6696],[6.1574,48.6697],[6.1581,48.67],[6.1583,48.6701],[6.1591,48.6698],[6.161,48.6687]]]},"properties":{"id_ffco":"2012-D54-172","nom":"des Aiguillettes au jardin Botanique","_dept":"54","numero":"2012-D54-172","commune":"Villers les Nancy","echelle":"1/4000","surface":"0.31 km²","format":"A4","annee":"2012","cartographes":"C. Goutaudier","proprietaire":"5402 - SCAPA NANCY ORIENTATION","niveau":"Initiation, Scolaire","specialite":"CO à pied","latitude":"48.6670593871","longitude":"6.15509155383","date_saisie":"06/12/2013","date_depot":"25/07/2013","valide":"Oui","ppo":"Non","type_carte":"Nouvelle carte","fond":"Cadastre","obsolete":false}},{"type":"Feature","geometry":{"type":"Polygon","coordinates":[[[6.1623,48.6682],[6.1611,48.6687],[6.1606,48.6681],[6.1597,48.6677],[6.1587,48.6672],[6.1585,48.6672],[6.1573,48.6666],[6.1567,48.6661],[6.1561,48.6651],[6.1556,48.664],[6.1554,48.6633],[6.1569,48.6631],[6.1579,48.6628],[6.159,48.6625],[6.1598,48.6622],[6.1604,48.662],[6.1616,48.6629],[6.1627,48.6644],[6.1626,48.665],[6.1628,48.6654],[6.1629,48.6663],[6.1627,48.6674],[6.163,48.6678],[6.1623,48.6682]]]},"properties":{"id_ffco":"2012-D54-171","nom":"Campus des Aiguillettes - Vandoeuvre","_dept":"54","numero":"2012-D54-171","commune":"Vandoeuvre","echelle":"1/3000","surface":"0.26 km²","format":"A4","annee":"2012","cartographes":"C. Goutaudier","proprietaire":"5402 - SCAPA NANCY ORIENTATION","niveau":"Initiation, Scolaire","specialite":"CO à pied","latitude":"48.6651704918","longitude":"6.15966343075","date_saisie":"06/12/2013","date_depot":"25/07/2013","valide":"Oui","ppo":"Non","type_carte":"Nouvelle carte","fond":"Cadastre","obsolete":false}},{"type":"Feature","geometry":{"type":"Polygon","coordinates":[[[6.1324,48.6569],[6.1306,48.6568],[6.1289,48.6567],[6.1288,48.6571],[6.1285,48.6585],[6.1287,48.6601],[6.129,48.6608],[6.1304,48.6614],[6.1324,48.6622],[6.1348,48.6638],[6.1353,48.664],[6.1367,48.6651],[6.1375,48.6664],[6.1379,48.6671],[6.1386,48.6678],[6.1392,48.6684],[6.1397,48.6681],[6.1405,48.6676],[6.142,48.6672],[6.142,48.6661],[6.1419,48.6651],[6.1416,48.6632],[6.1418,48.6615],[6.1411,48.6602],[6.1403,48.6595],[6.1395,48.6587],[6.1385,48.6582],[6.1364,48.6575],[6.1324,48.6569]]]},"properties":{"id_ffco":"2012-D54-170","nom":"Plateau de Villers","_dept":"54","numero":"2012-D54-170","commune":"Villers les Nancy","echelle":"1/5000","surface":"0.72 km²","format":"A4","annee":"2012","cartographes":"D. Rollet","proprietaire":"5415 - LOISIRS ORIENTATION JEANDELAINCOURT","niveau":"Initiation, Scolaire","specialite":"CO à pied","latitude":"48.661506156","longitude":"6.13607819914","date_saisie":"06/12/2013","date_depot":"25/07/2013","valide":"Oui","ppo":"Non","type_carte":"Nouvelle carte","fond":"Cadastre","obsolete":false}},{"type":"Feature","geometry":{"type":"Polygon","coordinates":[[[6.1508,48.7019],[6.1468,48.7077],[6.1437,48.7068],[6.1472,48.701],[6.1508,48.7019]]]},"properties":{"id_ffco":"2012-D54-169","nom":"Le Jardin Forestier du Plateau de Haye","_dept":"54","numero":"2012-D54-169","commune":"Nancy - Malzéville","echelle":"1/3000","surface":"0.18 km²","format":"A4","annee":"2012","cartographes":"P. pogu","proprietaire":"5402 - SCAPA NANCY ORIENTATION","niveau":"Initiation, Scolaire","specialite":"CO à pied","latitude":"48.7042705165","longitude":"6.14717712008","date_saisie":"06/12/2013","date_depot":"25/07/2013","valide":"Oui","ppo":"Non","type_carte":"Nouvelle carte","fond":"Cadastre","obsolete":false}},{"type":"Feature","geometry":{"type":"Polygon","coordinates":[[[6.2059,48.7132],[6.2109,48.7133],[6.2129,48.7149],[6.2154,48.716],[6.2169,48.7168],[6.2195,48.7174],[6.2203,48.7176],[6.2218,48.7184],[6.2224,48.7188],[6.223,48.7189],[6.2229,48.7253],[6.2242,48.7265],[6.2246,48.7278],[6.2249,48.7296],[6.2245,48.7305],[6.2232,48.7316],[6.2184,48.7329],[6.2091,48.7373],[6.2054,48.7394],[6.2036,48.7398],[6.1897,48.7397],[6.1887,48.7385],[6.1876,48.7374],[6.1861,48.7366],[6.1853,48.7359],[6.1844,48.7349],[6.1842,48.7345],[6.1839,48.7335],[6.1839,48.7322],[6.1836,48.7316],[6.1829,48.7316],[6.1827,48.7312],[6.1835,48.7309],[6.1842,48.7294],[6.1863,48.7269],[6.1887,48.7254],[6.1894,48.7246],[6.1907,48.7231],[6.1918,48.7219],[6.1924,48.7208],[6.1927,48.7197],[6.193,48.719],[6.1935,48.7179],[6.1939,48.717],[6.1939,48.7162],[6.194,48.7147],[6.1941,48.7136],[6.2059,48.7132]]]},"properties":{"id_ffco":"2012-D54-168","nom":"Les Hauts de Malzéville","_dept":"54","numero":"2012-D54-168","commune":"Malzéville","echelle":"1/15000","surface":"6.47 km²","format":"A4","annee":"2012","cartographes":"P. pogu","proprietaire":"5402 - SCAPA NANCY ORIENTATION","niveau":"National, International","specialite":"CO à pied","latitude":"48.7267984871","longitude":"6.20406095173","date_saisie":"06/12/2013","date_depot":"25/07/2013","valide":"Oui","ppo":"Non","type_carte":"Nouvelle carte","fond":"Ortho","obsolete":false}},{"type":"Feature","geometry":{"type":"Polygon","coordinates":[[[6.2236,48.7313],[6.2201,48.7325],[6.2154,48.7344],[6.204,48.7398],[6.2027,48.7404],[6.1907,48.7404],[6.1884,48.7382],[6.1863,48.7367],[6.1843,48.7349],[6.1847,48.7285],[6.1876,48.726],[6.1888,48.7249],[6.1891,48.7246],[6.1902,48.7235],[6.1915,48.7218],[6.193,48.7183],[6.1939,48.7147],[6.1939,48.7143],[6.1941,48.7135],[6.1965,48.7138],[6.1969,48.7126],[6.1978,48.7117],[6.1985,48.7114],[6.1991,48.7113],[6.2012,48.7115],[6.206,48.7129],[6.2069,48.7125],[6.2078,48.712],[6.212,48.7141],[6.2133,48.7149],[6.2172,48.7169],[6.2197,48.7174],[6.2202,48.7176],[6.2215,48.7181],[6.222,48.7184],[6.2241,48.7187],[6.2241,48.7213],[6.2236,48.7313]]]},"properties":{"id_ffco":"2012-D54-167","nom":"Plateau de Malzéville","_dept":"54","numero":"2012-D54-167","commune":"Malzéville","echelle":"1/10000","surface":"6.73 km²","format":"A3","annee":"2012","cartographes":"P. pogu","proprietaire":"5402 - SCAPA NANCY ORIENTATION","niveau":"National, International","specialite":"CO à pied","latitude":"48.7265715849","longitude":"6.20408827398","date_saisie":"06/12/2013","date_depot":"25/07/2013","valide":"Oui","ppo":"Non","type_carte":"Nouvelle carte","fond":"Ortho","obsolete":false}},{"type":"Feature","geometry":{"type":"Polygon","coordinates":[[[6.2078,48.664],[6.212,48.6637],[6.212,48.6636],[6.2134,48.6634],[6.214,48.6628],[6.2144,48.6623],[6.2157,48.6622],[6.2159,48.662],[6.216,48.6618],[6.2183,48.6628],[6.2171,48.6637],[6.2157,48.6646],[6.2138,48.6654],[6.2122,48.666],[6.2105,48.6666],[6.2096,48.6669],[6.2087,48.6673],[6.2082,48.6675],[6.2084,48.6671],[6.2083,48.6665],[6.2078,48.664]]]},"properties":{"id_ffco":"2012-D54-166","nom":"Parc de Montaigu 2","_dept":"54","numero":"2012-D54-166","commune":"Jarville - Laneuveville","echelle":"1/5000","surface":"0.2 km²","format":"A5","annee":"2012","cartographes":"D. Rollet","proprietaire":"5415 - LOISIRS ORIENTATION JEANDELAINCOURT","niveau":"Initiation, Scolaire","specialite":"CO à pied","latitude":"48.664470684","longitude":"6.212478747","date_saisie":"06/12/2013","date_depot":"25/07/2013","valide":"Oui","ppo":"Non","type_carte":"Nouvelle carte","fond":"Cadastre","obsolete":false}},{"type":"Feature","geometry":{"type":"Polygon","coordinates":[[[6.1308,48.6966],[6.1316,48.6972],[6.1322,48.6979],[6.1323,48.6987],[6.1319,48.6992],[6.1316,48.6996],[6.1308,48.6998],[6.1301,48.6999],[6.1294,48.6998],[6.1288,48.6996],[6.1285,48.6994],[6.1285,48.6992],[6.1286,48.6987],[6.128,48.6987],[6.1276,48.6987],[6.1274,48.6983],[6.1272,48.6978],[6.1271,48.6975],[6.1267,48.6973],[6.1265,48.6972],[6.1262,48.6968],[6.1262,48.6963],[6.1263,48.6961],[6.1279,48.696],[6.1299,48.6963],[6.1302,48.6964],[6.1308,48.6966]]]},"properties":{"id_ffco":"2011-D54-165","nom":"Parc du Champ le Boeuf - Laxou","_dept":"54","numero":"2011-D54-165","commune":"Laxou","echelle":"1/2500","surface":"0.13 km²","format":"A4","annee":"2011","cartographes":"C. Goutaudier, JJ. Onate","proprietaire":"5402 - SCAPA NANCY ORIENTATION","niveau":"Départemental","specialite":"CO à pied","latitude":"48.6978517839","longitude":"6.12942810893","date_saisie":"06/12/2013","date_depot":"07/11/2012","valide":"Oui","ppo":"Non","type_carte":"Nouvelle carte","fond":"Cadastre","obsolete":false}},{"type":"Feature","geometry":{"type":"Polygon","coordinates":[[[6.4965,48.5874],[6.4963,48.586],[6.4978,48.5859],[6.4981,48.5874],[6.4968,48.5874],[6.4965,48.5874]]]},"properties":{"id_ffco":"2011-D54-164","nom":"Saint Pierre Fourier - Lunéville - école, collège et lycée","_dept":"54","numero":"2011-D54-164","commune":"Lunéville","echelle":"1/1000","surface":"0.02 km²","format":"A5","annee":"2011","cartographes":"B. Lemercier","proprietaire":"5407 - SPORTS ORIENTATION LUNEVILLE","niveau":"Initiation, Scolaire","specialite":"CO à pied","latitude":"48.5866813655","longitude":"6.49717271257","date_saisie":"06/12/2013","date_depot":"07/11/2012","valide":"Oui","ppo":"Non","type_carte":"Nouvelle carte","fond":"Cadastre","obsolete":false}},{"type":"Feature","geometry":{"type":"Polygon","coordinates":[[[6.1758,48.6522],[6.1753,48.6522],[6.1746,48.6524],[6.1743,48.6525],[6.174,48.6523],[6.1737,48.6518],[6.1736,48.6511],[6.1737,48.6507],[6.1753,48.6512],[6.1759,48.6513],[6.1758,48.6522]]]},"properties":{"id_ffco":"2011-D54-163","nom":"Collège Haut de Penoy - Vandoeuvre","_dept":"54","numero":"2011-D54-163","commune":"Vandoeuvre les Nancy","echelle":"1/1500","surface":"0.02 km²","format":"A4","annee":"2011","cartographes":"P. pogu","proprietaire":"5402 - SCAPA NANCY ORIENTATION","niveau":"Initiation, Scolaire","specialite":"CO à pied","latitude":"48.6516276076","longitude":"6.17467339695","date_saisie":"06/12/2013","date_depot":"07/11/2012","valide":"Oui","ppo":"Non","type_carte":"Nouvelle carte","fond":"Cadastre","obsolete":false}},{"type":"Feature","geometry":{"type":"Polygon","coordinates":[[[6.1623,48.6682],[6.1617,48.6675],[6.1607,48.6665],[6.1601,48.6659],[6.1596,48.6654],[6.1601,48.6652],[6.1615,48.6653],[6.1617,48.6655],[6.1625,48.6659],[6.1633,48.6663],[6.1636,48.6664],[6.1639,48.6664],[6.1645,48.6672],[6.1623,48.6682]]]},"properties":{"id_ffco":"2011-D54-162","nom":"Lycée et collège Jacques Callot - collège Monplaisir","_dept":"54","numero":"2011-D54-162","commune":"Vandoeuvre","echelle":"1/1500","surface":"0.06 km²","format":"A4","annee":"2011","cartographes":"P. pogu","proprietaire":"5402 - SCAPA NANCY ORIENTATION","niveau":"Initiation, Scolaire","specialite":"CO à pied","latitude":"48.6666112137","longitude":"6.16211390181","date_saisie":"06/12/2013","date_depot":"07/11/2012","valide":"Oui","ppo":"Non","type_carte":"Nouvelle carte","fond":"Cadastre","obsolete":false}},{"type":"Feature","geometry":{"type":"Polygon","coordinates":[[[6.1601,48.6268],[6.1602,48.6263],[6.1618,48.6263],[6.1641,48.6266],[6.1651,48.6267],[6.1661,48.6269],[6.167,48.6276],[6.1678,48.6283],[6.1684,48.6289],[6.1652,48.6289],[6.1654,48.629],[6.1642,48.6298],[6.1633,48.6301],[6.1629,48.6305],[6.1616,48.6322],[6.1602,48.6337],[6.1588,48.635],[6.1582,48.6364],[6.1534,48.6353],[6.1529,48.6352],[6.1521,48.637],[6.1472,48.6381],[6.1433,48.6392],[6.1401,48.6401],[6.1392,48.6404],[6.1377,48.6401],[6.1364,48.6398],[6.1354,48.6395],[6.1343,48.6389],[6.1336,48.6387],[6.1325,48.6396],[6.1303,48.6379],[6.1296,48.6369],[6.1297,48.636],[6.1317,48.6353],[6.1327,48.6348],[6.1323,48.6347],[6.1303,48.6349],[6.1295,48.6348],[6.1339,48.632],[6.1324,48.6311],[6.1312,48.6302],[6.1338,48.629],[6.1363,48.6268],[6.1373,48.6263],[6.1388,48.626],[6.141,48.6263],[6.1436,48.6247],[6.1433,48.6242],[6.1463,48.6224],[6.1518,48.6225],[6.152,48.6234],[6.1521,48.6246],[6.1534,48.6257],[6.1548,48.6263],[6.1567,48.6267],[6.1586,48.6268],[6.1597,48.6268],[6.1601,48.6268]]]},"properties":{"id_ffco":"2011-D54-161","nom":"Plateau de Ludres 2","_dept":"54","numero":"2011-D54-161","commune":"Ludres","echelle":"1/10000","surface":"3.17 km²","format":"A4","annee":"2011","cartographes":"D. Rollet","proprietaire":"5415 - LOISIRS ORIENTATION JEANDELAINCOURT","niveau":"Régional","specialite":"CO à pied","latitude":"48.6315780866","longitude":"6.14648840266","date_saisie":"06/12/2013","date_depot":"07/11/2012","valide":"Oui","ppo":"Non","type_carte":"Nouvelle carte","fond":"Ortho","obsolete":false}},{"type":"Feature","geometry":{"type":"Polygon","coordinates":[[[6.0858,48.6499],[6.0843,48.6497],[6.0826,48.6494],[6.0806,48.6488],[6.0794,48.6484],[6.0785,48.648],[6.0772,48.6475],[6.0767,48.6471],[6.0752,48.6465],[6.0752,48.6464],[6.0752,48.6448],[6.0749,48.6433],[6.0748,48.6433],[6.0739,48.6425],[6.0725,48.6418],[6.071,48.6411],[6.0703,48.6411],[6.068,48.6417],[6.0656,48.6417],[6.0647,48.6419],[6.0625,48.6411],[6.0588,48.6398],[6.0575,48.6392],[6.0554,48.638],[6.0531,48.6366],[6.052,48.636],[6.0503,48.6358],[6.0497,48.6356],[6.0479,48.6353],[6.0474,48.6351],[6.0466,48.635],[6.0476,48.6331],[6.0486,48.6319],[6.0506,48.6301],[6.0525,48.6296],[6.0543,48.6288],[6.0556,48.6277],[6.0576,48.6273],[6.0598,48.6268],[6.0621,48.6265],[6.0653,48.6258],[6.0653,48.6258],[6.067,48.6256],[6.0677,48.6263],[6.0697,48.626],[6.0718,48.6261],[6.0729,48.6261],[6.075,48.6257],[6.0767,48.6254],[6.0784,48.6252],[6.0786,48.6251],[6.0791,48.6257],[6.0789,48.6262],[6.0793,48.6269],[6.0797,48.6269],[6.0816,48.6259],[6.0819,48.6254],[6.0827,48.6246],[6.0828,48.6242],[6.0836,48.6242],[6.0846,48.6258],[6.0843,48.6268],[6.0843,48.6272],[6.0851,48.6282],[6.0855,48.6297],[6.0858,48.6307],[6.0875,48.633],[6.0885,48.635],[6.0889,48.6358],[6.0894,48.6366],[6.0897,48.6379],[6.0896,48.6385],[6.089,48.6397],[6.0858,48.6499]]]},"properties":{"id_ffco":"2011-D54-160","nom":"Marie Chanois","_dept":"54","numero":"2011-D54-160","commune":"Chaligny - Maron","echelle":"1/20000","surface":"5.06 km²","format":"A4","annee":"2011","cartographes":"B. Verdenal","proprietaire":"5402 - SCAPA NANCY ORIENTATION","niveau":"National, International","specialite":"CO à VTT","latitude":"48.6353803059","longitude":"6.07184624257","date_saisie":"06/12/2013","date_depot":"07/11/2012","valide":"Oui","ppo":"Non","type_carte":"Nouvelle carte","fond":"Ortho","obsolete":false}},{"type":"Feature","geometry":{"type":"Polygon","coordinates":[[[6.1147,48.6586],[6.1149,48.6589],[6.1141,48.66],[6.1135,48.6611],[6.1127,48.6615],[6.1122,48.6617],[6.1124,48.6622],[6.1125,48.6636],[6.1111,48.6681],[6.1107,48.6707],[6.1092,48.6766],[6.1077,48.683],[6.1077,48.6836],[6.1075,48.684],[6.1108,48.6869],[6.1162,48.6879],[6.117,48.6879],[6.1197,48.6815],[6.1289,48.6844],[6.1314,48.6854],[6.1322,48.6854],[6.1334,48.6849],[6.1342,48.6847],[6.1354,48.6836],[6.1358,48.6825],[6.1353,48.6815],[6.1356,48.681],[6.1334,48.6791],[6.131,48.6782],[6.1352,48.6749],[6.1353,48.6738],[6.135,48.6726],[6.1353,48.6707],[6.1355,48.6699],[6.1349,48.669],[6.134,48.6677],[6.1346,48.667],[6.1345,48.6653],[6.1332,48.6636],[6.133,48.6627],[6.1318,48.6617],[6.1305,48.6612],[6.129,48.6607],[6.1275,48.6605],[6.1261,48.6601],[6.1249,48.6595],[6.1216,48.6586],[6.1203,48.6585],[6.1191,48.6587],[6.1177,48.6588],[6.1147,48.6586]]]},"properties":{"id_ffco":"2011-D54-159","nom":"Le Fond de Clairlieu","_dept":"54","numero":"2011-D54-159","commune":"Villers les Nancy","echelle":"1/15000","surface":"4.95 km²","format":"A4","annee":"2011","cartographes":"B. Verdenal","proprietaire":"5402 - SCAPA NANCY ORIENTATION","niveau":"National, International","specialite":"CO à VTT","latitude":"48.6730068773","longitude":"6.12178608689","date_saisie":"06/12/2013","date_depot":"07/11/2012","valide":"Oui","ppo":"Non","type_carte":"Nouvelle carte","fond":"Ortho","obsolete":false}},{"type":"Feature","geometry":{"type":"Polygon","coordinates":[[[6.1498,48.6672],[6.151,48.6674],[6.1523,48.668],[6.153,48.6688],[6.1536,48.6691],[6.1538,48.6695],[6.1556,48.6697],[6.1569,48.6697],[6.157,48.6697],[6.1571,48.6697],[6.1571,48.6698],[6.1567,48.6695],[6.1568,48.6696],[6.1563,48.6692],[6.1559,48.6688],[6.1555,48.6681],[6.1554,48.6674],[6.1552,48.6669],[6.1545,48.6662],[6.1531,48.6654],[6.1526,48.6651],[6.152,48.6648],[6.1512,48.6654],[6.1507,48.666],[6.1502,48.6668],[6.1498,48.6669],[6.1498,48.6672]]]},"properties":{"id_ffco":"2011-D54-158","nom":"Parc de Remicourt","_dept":"54","numero":"2011-D54-158","commune":"Villers les Nancy","echelle":"1/3000","surface":"0.13 km²","format":"A4","annee":"2011","cartographes":"C. Goutaudier","proprietaire":"5402 - SCAPA NANCY ORIENTATION","niveau":"Initiation, Scolaire","specialite":"CO à pied","latitude":"48.667344341","longitude":"6.15329797927","date_saisie":"06/12/2013","date_depot":"07/11/2012","valide":"Oui","ppo":"Non","type_carte":"Nouvelle carte","fond":"Cadastre","obsolete":false}},{"type":"Feature","geometry":{"type":"Polygon","coordinates":[[[6.1193,48.7659],[6.1223,48.7676],[6.1234,48.768],[6.1233,48.7684],[6.1238,48.7692],[6.125,48.7702],[6.1266,48.7717],[6.128,48.7734],[6.1282,48.7739],[6.1279,48.7814],[6.1201,48.7814],[6.1163,48.7815],[6.1125,48.7817],[6.0971,48.7815],[6.0979,48.7776],[6.0923,48.7771],[6.0915,48.7765],[6.0885,48.7741],[6.0892,48.7692],[6.0896,48.7669],[6.0897,48.7649],[6.1017,48.7649],[6.1135,48.765],[6.1183,48.7657],[6.1193,48.7659]]]},"properties":{"id_ffco":"2011-D54-157","nom":"Pompey","_dept":"54","numero":"2011-D54-157","commune":"Pompey","echelle":"1/10000","surface":"4.64 km²","format":"A4","annee":"2011","cartographes":"P. pogu","proprietaire":"5402 - SCAPA NANCY ORIENTATION","niveau":"Régional","specialite":"CO à pied","contacts":"DEVILLE Nelly, nelly.deville54@orange.fr, https://scapanancyorientation.fr/","latitude":"48.773246757","longitude":"6.10854390199","date_saisie":"06/12/2013","date_depot":"07/11/2012","valide":"Oui","ppo":"Oui (20 postes)","type_carte":"Nouvelle carte","fond":"Ortho","obsolete":false}},{"type":"Feature","geometry":{"type":"Polygon","coordinates":[[[6.1532,48.6489],[6.152,48.6489],[6.1512,48.6491],[6.1506,48.6491],[6.1516,48.6498],[6.1525,48.6502],[6.1526,48.6503],[6.1531,48.65],[6.1533,48.6497],[6.1533,48.6492],[6.1532,48.6489]]]},"properties":{"id_ffco":"2011-D54-156","nom":"Ecole de Brabois","_dept":"54","numero":"2011-D54-156","commune":"Vandoeuvre","echelle":"1/1000","surface":"0.02 km²","format":"A4","annee":"2011","cartographes":"N. Deville","proprietaire":"5402 - SCAPA NANCY ORIENTATION","niveau":"Initiation, Scolaire","specialite":"CO à pied","latitude":"48.6494557761","longitude":"6.15227227303","date_saisie":"06/12/2013","date_depot":"07/11/2012","valide":"Oui","ppo":"Non","type_carte":"Nouvelle carte","fond":"Cadastre","obsolete":false}},{"type":"Feature","geometry":{"type":"Polygon","coordinates":[[[6.1202,48.7634],[6.1236,48.7647],[6.1267,48.7659],[6.1277,48.7664],[6.1287,48.7693],[6.1301,48.7728],[6.1308,48.7756],[6.1311,48.7771],[6.131,48.7793],[6.1298,48.7827],[6.1283,48.7842],[6.1258,48.7856],[6.1215,48.7875],[6.1145,48.7901],[6.112,48.792],[6.1102,48.7937],[6.1087,48.7959],[6.108,48.7976],[6.1076,48.7981],[6.1046,48.7976],[6.1012,48.7969],[6.0981,48.7964],[6.0922,48.7957],[6.0877,48.7955],[6.0857,48.7955],[6.0778,48.7958],[6.0772,48.7957],[6.0762,48.7953],[6.0753,48.7953],[6.0727,48.7957],[6.0709,48.7962],[6.0707,48.7963],[6.0702,48.7966],[6.0674,48.7963],[6.0657,48.7961],[6.0653,48.7959],[6.0622,48.7955],[6.0606,48.7952],[6.0609,48.7927],[6.0614,48.79],[6.062,48.7884],[6.0618,48.788],[6.0618,48.7869],[6.0625,48.7866],[6.0622,48.7861],[6.0628,48.7856],[6.0631,48.7844],[6.0635,48.7832],[6.0648,48.7827],[6.0659,48.7819],[6.0663,48.7815],[6.0666,48.7801],[6.0668,48.7792],[6.0675,48.7792],[6.0687,48.7774],[6.0688,48.777],[6.0665,48.7761],[6.0708,48.7719],[6.0729,48.7703],[6.0738,48.7688],[6.0729,48.7681],[6.0726,48.767],[6.0733,48.7654],[6.0736,48.7638],[6.0734,48.7615],[6.0737,48.7612],[6.0861,48.761],[6.0983,48.7617],[6.1027,48.7614],[6.1044,48.7621],[6.105,48.7623],[6.1063,48.7622],[6.1111,48.7625],[6.1132,48.7628],[6.1151,48.763],[6.1164,48.7633],[6.1175,48.7634],[6.1178,48.7627],[6.1202,48.7634]]]},"properties":{"id_ffco":"2011-D54-155","nom":"l'Avant Garde","_dept":"54","numero":"2011-D54-155","commune":"Pompey","echelle":"1/15000","surface":"16.09 km²","format":"A3","annee":"2011","cartographes":"P. pogu, JM. Fath, P. Becker, M. Aubry","proprietaire":"54 - Meurthe-et-Moselle","niveau":"Régional","specialite":"CO à pied","latitude":"48.7789924981","longitude":"6.0958038252","date_saisie":"06/12/2013","date_depot":"07/11/2012","valide":"Oui","ppo":"Non","type_carte":"Nouvelle carte","fond":"Ortho","obsolete":false}},{"type":"Feature","geometry":{"type":"Polygon","coordinates":[[[6.1958,48.7152],[6.2139,48.7152],[6.216,48.7165],[6.2183,48.7171],[6.2205,48.7177],[6.2219,48.7184],[6.2224,48.7188],[6.2227,48.7189],[6.223,48.729],[6.2226,48.7292],[6.2194,48.7319],[6.2051,48.7317],[6.2046,48.7307],[6.204,48.7303],[6.2024,48.7296],[6.2014,48.729],[6.2,48.7286],[6.1989,48.728],[6.1977,48.7274],[6.1975,48.7273],[6.1947,48.7273],[6.1945,48.7273],[6.193,48.7264],[6.1888,48.725],[6.1899,48.7237],[6.1921,48.721],[6.1929,48.7194],[6.1939,48.7153],[6.1958,48.7152]]]},"properties":{"id_ffco":"2011-D54-154","nom":"Malzéville Sud","_dept":"54","numero":"2011-D54-154","commune":"Malzéville","echelle":"1/10000","surface":"3.64 km²","format":"A4","annee":"2011","cartographes":"P. pogu","proprietaire":"5402 - SCAPA NANCY ORIENTATION","niveau":"Régional","specialite":"CO à pied","latitude":"48.7231298117","longitude":"6.20780894135","date_saisie":"06/12/2013","date_depot":"07/11/2012","valide":"Oui","ppo":"Non","type_carte":"Nouvelle carte","fond":"Ortho","obsolete":false}},{"type":"Feature","geometry":{"type":"Polygon","coordinates":[[[6.5684,48.5077],[6.582,48.5182],[6.5791,48.5201],[6.578,48.5244],[6.5662,48.5275],[6.5641,48.5276],[6.5612,48.5292],[6.558,48.5311],[6.5562,48.5303],[6.5517,48.5274],[6.55,48.5262],[6.5504,48.5244],[6.5562,48.5194],[6.5683,48.5077],[6.5684,48.5077]]]},"properties":{"id_ffco":"2011-D54-153","nom":"Fraimbois","_dept":"54","numero":"2011-D54-153","commune":"Fraimbois","echelle":"1/10000","surface":"3.1 km²","format":"A4","annee":"2011","cartographes":"B. Lemercier, J. Lasouche","proprietaire":"5407 - SPORTS ORIENTATION LUNEVILLE","niveau":"Régional","specialite":"CO à pied","latitude":"48.5202850221","longitude":"6.56605474964","date_saisie":"06/12/2013","date_depot":"07/11/2012","valide":"Oui","ppo":"Non","type_carte":"Nouvelle carte","fond":"Ortho","obsolete":false}},{"type":"Feature","geometry":{"type":"Polygon","coordinates":[[[6.143,48.7],[6.143,48.6988],[6.143,48.6979],[6.1429,48.6972],[6.1424,48.6966],[6.1417,48.696],[6.1381,48.6949],[6.1376,48.6981],[6.1374,48.6994],[6.143,48.7]]]},"properties":{"id_ffco":"2011-D54-152","nom":"Palais de Sports e Gentilly","_dept":"54","numero":"2011-D54-152","commune":"Nancy laxou","echelle":"1/2500","surface":"0.17 km²","format":"A4","annee":"2011","cartographes":"P. pogu","proprietaire":"54 - Meurthe-et-Moselle","niveau":"Initiation, Scolaire","specialite":"CO à pied","latitude":"48.697714377","longitude":"6.14018769381","date_saisie":"06/12/2013","date_depot":"07/11/2012","valide":"Oui","ppo":"Non","type_carte":"Nouvelle carte","fond":"Cadastre","obsolete":false}},{"type":"Feature","geometry":{"type":"Polygon","coordinates":[[[6.5089,48.5837],[6.5099,48.583],[6.5093,48.5824],[6.5091,48.5821],[6.5081,48.5827],[6.5087,48.5831],[6.5084,48.5833],[6.5089,48.5837]]]},"properties":{"id_ffco":"2010-D54-151","nom":"Espace Léo Lagrange - LUNEVILLE","_dept":"54","numero":"2010-D54-151","commune":"Lunéville","echelle":"1/1000","surface":"0.01 km²","format":"A4","annee":"2010","cartographes":"B Lemercier","proprietaire":"5407 - SPORTS ORIENTATION LUNEVILLE","niveau":"Initiation, Scolaire","specialite":"CO à pied","latitude":"48.5828905358","longitude":"6.50901049203","date_saisie":"08/12/2010","date_depot":"14/12/2010","valide":"Oui","ppo":"Non","type_carte":"Nouvelle carte","fond":"Cadastre","obsolete":false}},{"type":"Feature","geometry":{"type":"Polygon","coordinates":[[[6.485,48.5884],[6.4866,48.5878],[6.4861,48.5872],[6.4858,48.5872],[6.4854,48.5867],[6.485,48.5868],[6.4853,48.5873],[6.4843,48.5877],[6.485,48.5884]]]},"properties":{"id_ffco":"2010-D54-150","nom":"Espace Alain Mimoun Lunéville","_dept":"54","numero":"2010-D54-150","commune":"Lunéville","echelle":"1/1000","surface":"0.02 km²","format":"A4","annee":"2010","cartographes":"B Lemercier","proprietaire":"5407 - SPORTS ORIENTATION LUNEVILLE","niveau":"Initiation, Scolaire","specialite":"CO à pied","latitude":"48.5876539509","longitude":"6.4854554462","date_saisie":"08/12/2010","date_depot":"14/12/2010","valide":"Oui","ppo":"Non","type_carte":"Nouvelle carte","fond":"Cadastre","obsolete":false}},{"type":"Feature","geometry":{"type":"Polygon","coordinates":[[[6.5102,48.5848],[6.5114,48.5851],[6.5119,48.5846],[6.5105,48.5842],[6.5102,48.5846],[6.5102,48.5848]]]},"properties":{"id_ffco":"2010-D54-149","nom":"ECOLE RENE HABY - Lunéville","_dept":"54","numero":"2010-D54-149","commune":"Lunéville","echelle":"1/500","surface":"0.01 km²","format":"A4","annee":"2010","cartographes":"B Lemercier","proprietaire":"5407 - SPORTS ORIENTATION LUNEVILLE","niveau":"Initiation, Scolaire","specialite":"CO à pied","latitude":"48.584656167","longitude":"6.51098636284","date_saisie":"08/12/2010","date_depot":"14/12/2010","valide":"Oui","ppo":"Non","type_carte":"Nouvelle carte","fond":"Cadastre","obsolete":false}},{"type":"Feature","geometry":{"type":"Polygon","coordinates":[[[6.497,48.5935],[6.4974,48.5925],[6.4978,48.5924],[6.4984,48.5926],[6.4985,48.5933],[6.4979,48.5934],[6.497,48.5935]]]},"properties":{"id_ffco":"2010-D54-148","nom":"Ville de Lunéville - Groupe scolaire Hubert Monnais","_dept":"54","numero":"2010-D54-148","commune":"Lunéville","echelle":"1/1000","surface":"0.01 km²","format":"A5","annee":"2010","cartographes":"B Lemercier","proprietaire":"5407 - SPORTS ORIENTATION LUNEVILLE","niveau":"Initiation, Scolaire","specialite":"CO à pied","latitude":"48.592960894","longitude":"6.49778510521","date_saisie":"08/12/2010","date_depot":"14/12/2010","valide":"Oui","ppo":"Non","type_carte":"Nouvelle carte","fond":"Cadastre","obsolete":false}},{"type":"Feature","geometry":{"type":"Polygon","coordinates":[[[6.4886,48.5894],[6.4883,48.5889],[6.4876,48.5888],[6.4868,48.5888],[6.4862,48.589],[6.4873,48.5895],[6.4878,48.5893],[6.4885,48.5894],[6.4886,48.5894]]]},"properties":{"id_ffco":"2010-D54-147","nom":"Ecole Jules Ferry et square Gilbert Bauvin","_dept":"54","numero":"2010-D54-147","commune":"Lunéville","echelle":"1/1000","surface":"0.01 km²","format":"A5","annee":"2010","cartographes":"B Lemercier","proprietaire":"5407 - SPORTS ORIENTATION LUNEVILLE","niveau":"Initiation, Scolaire","specialite":"CO à pied","latitude":"48.5891051202","longitude":"6.48742767818","date_saisie":"08/12/2010","date_depot":"14/12/2010","valide":"Oui","ppo":"Non","type_carte":"Nouvelle carte","fond":"Cadastre","obsolete":false}},{"type":"Feature","geometry":{"type":"Polygon","coordinates":[[[6.1259,48.6599],[6.1279,48.6605],[6.1296,48.6609],[6.1315,48.6617],[6.1331,48.6628],[6.1345,48.6645],[6.1353,48.6657],[6.1361,48.666],[6.1357,48.6667],[6.1351,48.6672],[6.1358,48.6683],[6.1366,48.6703],[6.1367,48.6713],[6.1364,48.6721],[6.1368,48.674],[6.135,48.6748],[6.1331,48.6757],[6.1316,48.6762],[6.1313,48.6775],[6.1306,48.6781],[6.1324,48.6789],[6.1342,48.6804],[6.1352,48.6815],[6.1355,48.6823],[6.136,48.6825],[6.1346,48.6844],[6.1345,48.6847],[6.133,48.685],[6.1315,48.6853],[6.13,48.6848],[6.1298,48.6847],[6.1252,48.6834],[6.1198,48.6817],[6.119,48.6816],[6.1259,48.6599]]]},"properties":{"id_ffco":"2010-D54-146","nom":"Hardeval VTT","_dept":"54","numero":"2010-D54-146","commune":"Villers lès Nancy","echelle":"1/10000","surface":"2.35 km²","format":"A4","annee":"2010","cartographes":"M Aubry, N Deville","proprietaire":"5402 - SCAPA NANCY ORIENTATION","niveau":"Interrégional","specialite":"CO à VTT","latitude":"48.6733799501","longitude":"6.12847197751","date_saisie":"08/12/2010","date_depot":"14/12/2010","valide":"Oui","ppo":"Non","type_carte":"Nouvelle carte","fond":"IGN","obsolete":false}},{"type":"Feature","geometry":{"type":"Polygon","coordinates":[[[6.1032,48.654],[6.1055,48.6547],[6.108,48.6555],[6.1127,48.6574],[6.1157,48.6585],[6.1171,48.6586],[6.118,48.6587],[6.1198,48.6584],[6.1216,48.6585],[6.1237,48.659],[6.1256,48.6596],[6.1261,48.658],[6.127,48.6558],[6.1286,48.6539],[6.1303,48.6519],[6.1323,48.6505],[6.1333,48.6497],[6.1356,48.6483],[6.1371,48.6478],[6.1377,48.6471],[6.1379,48.6465],[6.1389,48.6455],[6.1369,48.6444],[6.1343,48.6417],[6.1327,48.6401],[6.1319,48.6392],[6.1308,48.6383],[6.1299,48.6373],[6.1294,48.6368],[6.1291,48.6363],[6.1298,48.6358],[6.1315,48.6353],[6.1324,48.6349],[6.1324,48.6347],[6.1308,48.6347],[6.1299,48.6347],[6.1288,48.6346],[6.1287,48.6344],[6.1309,48.6339],[6.1321,48.6332],[6.1313,48.6325],[6.1294,48.633],[6.1292,48.6328],[6.1286,48.6317],[6.1285,48.6309],[6.1302,48.6307],[6.1314,48.6306],[6.1311,48.6301],[6.1285,48.6296],[6.1273,48.6286],[6.1262,48.6278],[6.124,48.6273],[6.123,48.6271],[6.1173,48.6264],[6.1143,48.6261],[6.1121,48.6263],[6.1122,48.6272],[6.1113,48.6274],[6.1098,48.6276],[6.1089,48.6266],[6.1084,48.6263],[6.1075,48.6258],[6.106,48.6255],[6.1047,48.6257],[6.1039,48.6259],[6.1024,48.6254],[6.1009,48.625],[6.0962,48.6252],[6.096,48.6268],[6.093,48.6283],[6.0923,48.6286],[6.0915,48.6292],[6.0914,48.631],[6.0913,48.6318],[6.0908,48.6319],[6.0901,48.6315],[6.0876,48.6312],[6.0866,48.6299],[6.0854,48.6303],[6.0834,48.6303],[6.0833,48.6314],[6.082,48.6345],[6.0808,48.6372],[6.0797,48.6398],[6.0794,48.6426],[6.0798,48.6465],[6.0797,48.6476],[6.0795,48.6484],[6.0815,48.6489],[6.0881,48.6505],[6.0934,48.6516],[6.0966,48.6525],[6.0982,48.6531],[6.1019,48.6537],[6.1032,48.654]]]},"properties":{"id_ffco":"2010-D54-145","nom":"Val de Fer 2","_dept":"54","numero":"2010-D54-145","commune":"Chavigny","echelle":"1/20000","surface":"11.37 km²","format":"A4","annee":"2010","cartographes":"Benoit Verdenal","proprietaire":"5402 - SCAPA NANCY ORIENTATION","niveau":"Interrégional","specialite":"CO à VTT","latitude":"48.6413947341","longitude":"6.10852462455","date_saisie":"08/12/2010","date_depot":"14/12/2010","valide":"Oui","ppo":"Non","type_carte":"Reprise","base":"2004-D54-100 Val de Fer","fond":"IGN","obsolete":false}},{"type":"Feature","geometry":{"type":"Polygon","coordinates":[[[6.1714,48.6822],[6.173,48.6791],[6.1722,48.679],[6.171,48.6788],[6.1702,48.6785],[6.1684,48.6816],[6.1709,48.6821],[6.1714,48.6822]]]},"properties":{"id_ffco":"2010-D54-144","nom":"Parc Sainte-Marie","_dept":"54","numero":"2010-D54-144","commune":"Nancy","echelle":"1/2000","surface":"0.08 km²","format":"A4","annee":"2010","cartographes":"N Deville","proprietaire":"5402 - SCAPA NANCY ORIENTATION","niveau":"Initiation, Scolaire","specialite":"CO à pied","latitude":"48.6803979232","longitude":"6.17070800244","date_saisie":"08/12/2010","date_depot":"14/12/2010","valide":"Oui","ppo":"Non","type_carte":"Nouvelle carte","fond":"Ortho","obsolete":false}},{"type":"Feature","geometry":{"type":"Polygon","coordinates":[[[6.1932,48.6669],[6.1916,48.6637],[6.1948,48.663],[6.1951,48.6636],[6.1957,48.6635],[6.196,48.6638],[6.1975,48.6635],[6.1981,48.6648],[6.1975,48.6653],[6.1966,48.666],[6.1958,48.6664],[6.1932,48.6669]]]},"properties":{"id_ffco":"2010-D54-143","nom":"Lycée-Collège La Malgrange","_dept":"54","numero":"2010-D54-143","commune":"JARVILLE-LA-MALGRANGE","echelle":"1/2500","surface":"0.13 km²","format":"A4","annee":"2010","cartographes":"Daniel Rollet","proprietaire":"5415 - LOISIRS ORIENTATION JEANDELAINCOURT","niveau":"Initiation, Scolaire","specialite":"CO à pied","latitude":"48.6648712315","longitude":"6.19474495082","date_saisie":"27/12/2013","date_depot":"25/01/2011","valide":"Oui","ppo":"Non","type_carte":"Nouvelle carte","fond":"Ortho","obsolete":false}},{"type":"Feature","geometry":{"type":"Polygon","coordinates":[[[6.1958,48.6505],[6.1962,48.6504],[6.1971,48.6504],[6.1976,48.6506],[6.1986,48.6506],[6.1995,48.651],[6.2005,48.652],[6.2021,48.6524],[6.2032,48.6529],[6.2039,48.6527],[6.2051,48.6528],[6.205,48.6522],[6.2042,48.6511],[6.2041,48.6508],[6.2044,48.6507],[6.2039,48.6506],[6.2031,48.65],[6.2028,48.6496],[6.2013,48.649],[6.201,48.6486],[6.1994,48.6482],[6.1984,48.6478],[6.1975,48.6469],[6.1965,48.648],[6.1961,48.6482],[6.1954,48.6485],[6.1949,48.649],[6.1945,48.6497],[6.1949,48.6502],[6.1958,48.6505]]]},"properties":{"id_ffco":"2010-D54-142","nom":"Parc de l'Embanie 2 - HEILLECOURT","_dept":"54","numero":"2010-D54-142","commune":"Heillecourt","echelle":"1/4000","surface":"0.23 km²","format":"A4","annee":"2010","cartographes":"D Rollet","proprietaire":"5415 - LOISIRS ORIENTATION JEANDELAINCOURT","niveau":"Départemental","specialite":"CO à pied","latitude":"48.650080741","longitude":"6.1998428593","date_saisie":"08/12/2010","date_depot":"14/12/2010","valide":"Oui","ppo":"Non","type_carte":"Nouvelle carte","fond":"Ortho","obsolete":false}},{"type":"Feature","geometry":{"type":"Polygon","coordinates":[[[6.073,48.6974],[6.0764,48.6975],[6.0796,48.7021],[6.0757,48.7019],[6.0752,48.7058],[6.0709,48.7058],[6.0618,48.7055],[6.0616,48.6974],[6.073,48.6974]]]},"properties":{"id_ffco":"2010-D54-141","nom":"Les Sentiers du Parc","_dept":"54","numero":"2010-D54-141","commune":"Velaine en Haye","echelle":"1/5000","surface":"1.02 km²","format":"A4","annee":"2010","cartographes":"N Deville","proprietaire":"5402 - SCAPA NANCY ORIENTATION","niveau":"Régional","specialite":"CO à pied","latitude":"48.7014061527","longitude":"6.06934628241","date_saisie":"08/12/2010","date_depot":"14/12/2010","valide":"Oui","ppo":"Non","type_carte":"Nouvelle carte","fond":"Ortho","obsolete":false}},{"type":"Feature","geometry":{"type":"Polygon","coordinates":[[[6.182,48.7096],[6.181,48.7093],[6.1811,48.709],[6.1817,48.709],[6.1823,48.7085],[6.1826,48.7084],[6.1836,48.7087],[6.1831,48.7097],[6.1831,48.7097],[6.182,48.7096]]]},"properties":{"id_ffco":"2010-D54-140","nom":"Parc de LA DOUERA","_dept":"54","numero":"2010-D54-140","commune":"Malzéville","echelle":"1/1000","surface":"0.02 km²","format":"A4","annee":"2010","cartographes":"Ph Pogu","proprietaire":"54 - Meurthe-et-Moselle","niveau":"Initiation, Scolaire","specialite":"CO à pied","latitude":"48.7091074839","longitude":"6.18246632738","date_saisie":"08/12/2010","date_depot":"14/12/2010","valide":"Oui","ppo":"Non","type_carte":"Nouvelle carte","fond":"Ortho","obsolete":false}},{"type":"Feature","geometry":{"type":"Polygon","coordinates":[[[6.506,48.5974],[6.5057,48.5987],[6.5056,48.6002],[6.5057,48.6009],[6.5068,48.6012],[6.5078,48.6013],[6.5084,48.6011],[6.5093,48.6009],[6.5094,48.5978],[6.506,48.5974]]]},"properties":{"id_ffco":"2009-D54-139","nom":"STADE EDOUARD FENAL - LUNEVILLE","_dept":"54","numero":"2009-D54-139","commune":"Lunéville","echelle":"1/2000","surface":"0.11 km²","format":"A4","annee":"2009","cartographes":"B Lemercier","proprietaire":"5407 - SPORTS ORIENTATION LUNEVILLE","niveau":"Initiation, Scolaire","specialite":"CO à pied","latitude":"48.5993758392","longitude":"6.50749946031","date_saisie":"15/12/2009","date_depot":"22/12/2009","valide":"Oui","ppo":"Non","type_carte":"Nouvelle carte","fond":"Cadastre","obsolete":false}},{"type":"Feature","geometry":{"type":"Polygon","coordinates":[[[6.075,48.712],[6.0737,48.7184],[6.0745,48.7186],[6.0746,48.7205],[6.0756,48.7209],[6.0757,48.7219],[6.071,48.7268],[6.0667,48.7264],[6.0651,48.7265],[6.0633,48.7266],[6.0619,48.727],[6.0588,48.7272],[6.0577,48.7278],[6.0567,48.7282],[6.0554,48.7281],[6.055,48.728],[6.0546,48.7276],[6.0538,48.7278],[6.0413,48.7281],[6.0405,48.7275],[6.0394,48.7261],[6.0385,48.7252],[6.0374,48.7249],[6.0358,48.7248],[6.034,48.7248],[6.0347,48.7212],[6.0355,48.7192],[6.0389,48.7135],[6.0393,48.713],[6.0404,48.7104],[6.0412,48.7097],[6.0415,48.7095],[6.0427,48.7097],[6.0447,48.7098],[6.047,48.71],[6.0488,48.7101],[6.0504,48.7102],[6.0526,48.7104],[6.0549,48.7108],[6.0575,48.7105],[6.0593,48.7105],[6.0642,48.7111],[6.075,48.712]]]},"properties":{"id_ffco":"2009-D54-138","nom":"Sexey-les-Bois","_dept":"54","numero":"2009-D54-138","commune":"Velaine en Haye","echelle":"1/10000","surface":"5.06 km²","format":"A4","annee":"2009","cartographes":"E Bousser","proprietaire":"5402 - SCAPA NANCY ORIENTATION","niveau":"Régional","specialite":"CO à pied","latitude":"48.7190764218","longitude":"6.05492704676","date_saisie":"15/12/2009","date_depot":"22/12/2009","valide":"Oui","ppo":"Non","type_carte":"Nouvelle carte","fond":"Ortho","obsolete":false}},{"type":"Feature","geometry":{"type":"Polygon","coordinates":[[[6.1256,48.6598],[6.1264,48.6573],[6.1268,48.6564],[6.1265,48.6559],[6.1256,48.6549],[6.1255,48.6547],[6.1221,48.6555],[6.1217,48.6552],[6.1206,48.654],[6.1187,48.6525],[6.117,48.6513],[6.1154,48.6519],[6.1143,48.6511],[6.1137,48.651],[6.111,48.6522],[6.109,48.6518],[6.1077,48.653],[6.1067,48.6544],[6.1064,48.655],[6.1091,48.6559],[6.1136,48.6579],[6.1157,48.6586],[6.1179,48.6587],[6.1185,48.6588],[6.1197,48.6584],[6.1214,48.6584],[6.1226,48.6587],[6.1226,48.6587],[6.1256,48.6598]]]},"properties":{"id_ffco":"2009-D54-137","nom":"Clairlieu","_dept":"54","numero":"2009-D54-137","commune":"Villers-lès-Nancy","echelle":"1/5000","surface":"0.79 km²","format":"A4","annee":"2009","cartographes":"B Verdenal","proprietaire":"5402 - SCAPA NANCY ORIENTATION","niveau":"Régional","specialite":"CO à pied","latitude":"48.6553560873","longitude":"6.11663818358","date_saisie":"15/12/2009","date_depot":"22/12/2009","valide":"Oui","ppo":"Non","type_carte":"Nouvelle carte","fond":"Ortho","obsolete":false}},{"type":"Feature","geometry":{"type":"Polygon","coordinates":[[[6.6887,48.5255],[6.69,48.524],[6.6954,48.524],[6.6977,48.5253],[6.6978,48.5256],[6.6963,48.5272],[6.6965,48.5286],[6.6976,48.5293],[6.6999,48.5305],[6.6988,48.5314],[6.6984,48.5346],[6.697,48.5347],[6.6964,48.5356],[6.697,48.5378],[6.6972,48.5386],[6.6972,48.5402],[6.6952,48.5408],[6.6945,48.5407],[6.6935,48.54],[6.6925,48.5397],[6.6921,48.5398],[6.6923,48.5391],[6.6903,48.5392],[6.6899,48.5398],[6.6904,48.54],[6.6903,48.5403],[6.6901,48.5403],[6.6899,48.5408],[6.69,48.542],[6.6915,48.5432],[6.6918,48.5437],[6.6955,48.544],[6.6934,48.5456],[6.6936,48.5468],[6.6925,48.5479],[6.6915,48.5489],[6.6847,48.5459],[6.6794,48.5431],[6.6754,48.5401],[6.6779,48.5377],[6.6777,48.5367],[6.6793,48.534],[6.6821,48.5311],[6.6887,48.5255]]]},"properties":{"id_ffco":"2009-D54-136","nom":"La tranchée de la queue du Breuil - HABLAINVILLE","_dept":"54","numero":"2009-D54-136","commune":"Hablainville","echelle":"1/10000","surface":"2.75 km²","format":"A4","annee":"2009","cartographes":"B Lemercier","proprietaire":"5407 - SPORTS ORIENTATION LUNEVILLE","niveau":"Régional","specialite":"CO à pied","contacts":"SO lunéville, 0383734494, bernard.lemercier@wanadoo.fr","latitude":"48.535908098","longitude":"6.688469514","date_saisie":"15/12/2009","date_depot":"22/12/2009","valide":"Oui","ppo":"Non","type_carte":"Nouvelle carte","fond":"IGN","ref_ign":"3516E","obsolete":false}},{"type":"Feature","geometry":{"type":"Polygon","coordinates":[[[6.1281,48.7663],[6.1295,48.7733],[6.131,48.7818],[6.1281,48.7844],[6.1204,48.7877],[6.1149,48.7902],[6.1089,48.7947],[6.1075,48.7983],[6.1017,48.7971],[6.0968,48.7965],[6.0946,48.797],[6.0871,48.797],[6.0778,48.796],[6.0735,48.796],[6.0701,48.7964],[6.0622,48.7954],[6.0596,48.7947],[6.0618,48.7864],[6.0651,48.7816],[6.0672,48.7791],[6.0672,48.7778],[6.067,48.7752],[6.0689,48.7726],[6.0737,48.7693],[6.0757,48.7679],[6.074,48.765],[6.074,48.7642],[6.0752,48.7609],[6.0768,48.7568],[6.0893,48.7575],[6.0934,48.7594],[6.102,48.7618],[6.1046,48.7623],[6.1149,48.7626],[6.1221,48.7642],[6.1247,48.7652],[6.1281,48.7663]]]},"properties":{"id_ffco":"2008-D54-135","nom":"L'Avant-Garde VTT","_dept":"54","numero":"2008-D54-135","commune":"Pompey","echelle":"1/15000","surface":"16.83 km²","format":"A3","annee":"2008","cartographes":"M Aubry, JM Fath, P Pogu","proprietaire":"5402 - SCAPA NANCY ORIENTATION","niveau":"National, International","specialite":"CO à VTT","latitude":"48.7786019587","longitude":"6.0951551195","date_saisie":"04/11/2009","date_depot":"06/11/2009","valide":"Oui","ppo":"Non","type_carte":"Nouvelle carte","fond":"IGN","ref_ign":"3316 O","obsolete":false}},{"type":"Feature","geometry":{"type":"Polygon","coordinates":[[[6.2421,48.6639],[6.2433,48.6653],[6.245,48.6667],[6.246,48.6675],[6.2457,48.6679],[6.2456,48.6684],[6.2471,48.6706],[6.2477,48.6713],[6.2477,48.6719],[6.2472,48.6731],[6.2476,48.6739],[6.2475,48.6755],[6.2474,48.676],[6.2469,48.6776],[6.2461,48.6786],[6.2441,48.6806],[6.2439,48.6817],[6.2436,48.6825],[6.2436,48.6826],[6.2424,48.6824],[6.2414,48.6834],[6.2406,48.6832],[6.2396,48.683],[6.2384,48.6828],[6.2372,48.6825],[6.2341,48.6833],[6.2339,48.682],[6.234,48.6804],[6.2347,48.679],[6.2348,48.6781],[6.2335,48.6784],[6.2325,48.6785],[6.2316,48.6781],[6.2327,48.6762],[6.2327,48.6756],[6.233,48.6749],[6.2325,48.6744],[6.2332,48.6734],[6.2303,48.6725],[6.2327,48.6688],[6.2349,48.6669],[6.2363,48.6661],[6.2384,48.6651],[6.2396,48.6647],[6.2421,48.6639]]]},"properties":{"id_ffco":"2008-D54-134","nom":"L'ETANG DES MORTS","_dept":"54","numero":"2008-D54-134","commune":"Art sur Meurthe","echelle":"1/10000","surface":"1.89 km²","format":"A4","annee":"2008","cartographes":"D Rollet","proprietaire":"5415 - LOISIRS ORIENTATION JEANDELAINCOURT","niveau":"Régional","specialite":"CO à pied","latitude":"48.6738577791","longitude":"6.23962225546","date_saisie":"04/11/2009","date_depot":"06/11/2009","valide":"Oui","ppo":"Non","type_carte":"Nouvelle carte","fond":"IGN","ref_ign":"3415 Ouest","obsolete":false}},{"type":"Feature","geometry":{"type":"Polygon","coordinates":[[[5.7851,49.2958],[5.7922,49.2856],[5.7935,49.286],[5.7947,49.2847],[5.795,49.2843],[5.8008,49.2861],[5.8076,49.2895],[5.8069,49.2906],[5.807,49.2927],[5.807,49.2948],[5.8072,49.2973],[5.8073,49.2986],[5.8058,49.2989],[5.8043,49.2994],[5.7925,49.2972],[5.789,49.2969],[5.789,49.2969],[5.7851,49.2958]]]},"properties":{"id_ffco":"2008-D54-133","nom":"Le laid bois","_dept":"54","numero":"2008-D54-133","commune":"Piennes","echelle":"1/10000","surface":"1.8 km²","format":"A4","annee":"2008","cartographes":"E Bousser","proprietaire":"5413 - CLUB ORIENTATION DE PIENNES","niveau":"Départemental","specialite":"CO à pied","latitude":"49.2924142536","longitude":"5.79762977127","date_saisie":"04/11/2009","date_depot":"06/11/2009","valide":"Oui","ppo":"Non","type_carte":"Nouvelle carte","fond":"IGN","obsolete":false}},{"type":"Feature","geometry":{"type":"Polygon","coordinates":[[[5.7885,48.5471],[5.789,48.5458],[5.7894,48.5445],[5.7888,48.543],[5.7895,48.5421],[5.7896,48.5419],[5.7888,48.5398],[5.7904,48.5391],[5.794,48.537],[5.7955,48.5356],[5.7968,48.5335],[5.7986,48.5321],[5.7999,48.5308],[5.8016,48.5295],[5.8033,48.5282],[5.8042,48.5275],[5.8049,48.5261],[5.8053,48.5244],[5.8047,48.5225],[5.8041,48.5222],[5.8027,48.522],[5.8003,48.5208],[5.7995,48.5199],[5.7993,48.5186],[5.7989,48.5171],[5.7972,48.515],[5.7943,48.5131],[5.7935,48.5121],[5.7928,48.5113],[5.7924,48.5096],[5.792,48.5079],[5.7918,48.5066],[5.7911,48.5049],[5.7904,48.5032],[5.7823,48.5041],[5.7796,48.5044],[5.779,48.5032],[5.7473,48.5037],[5.7475,48.5306],[5.7518,48.5306],[5.7521,48.5398],[5.7579,48.5451],[5.76,48.5468],[5.7628,48.5463],[5.766,48.5495],[5.768,48.5501],[5.7767,48.5473],[5.7819,48.5462],[5.7885,48.5471]]]},"properties":{"id_ffco":"2008-D54-132","nom":"Le Bois des Seigneurs","_dept":"54","numero":"2008-D54-132","commune":"Saulxures-les-Vannes","echelle":"1/15000","surface":"16.62 km²","format":"A3","annee":"2008","cartographes":"M Aubry","proprietaire":"5402 - SCAPA NANCY ORIENTATION","niveau":"Interrégional","specialite":"CO à VTT","latitude":"48.5244508929","longitude":"5.77299096258","date_saisie":"25/11/2009","date_depot":"26/11/2009","valide":"Oui","ppo":"Non","type_carte":"Reprise","base":"2007-D54-124 Les Trois Départements","fond":"IGN","ref_ign":"IGN 3216 E et 3316 O","obsolete":false}},{"type":"Feature","geometry":{"type":"Polygon","coordinates":[[[6.1818,48.6664],[6.1811,48.6667],[6.1802,48.6669],[6.1787,48.6671],[6.1775,48.6673],[6.1769,48.6667],[6.1761,48.6658],[6.1753,48.6653],[6.1746,48.6645],[6.1748,48.6639],[6.1764,48.6631],[6.1767,48.6626],[6.1776,48.663],[6.1782,48.6637],[6.179,48.6639],[6.1799,48.6641],[6.181,48.6643],[6.1815,48.6647],[6.1812,48.6653],[6.1812,48.6659],[6.1813,48.666],[6.1818,48.6664]]]},"properties":{"id_ffco":"2007-D54-131","nom":"Parc Richard Pouille - Vandoeuvre lès Nancy","_dept":"54","numero":"2007-D54-131","commune":"Vandoeuvre Lès Nancy","echelle":"1/3000","surface":"0.16 km²","format":"A4","annee":"2007","cartographes":"F Mathieu, N Deville","proprietaire":"5402 - SCAPA NANCY ORIENTATION","niveau":"Initiation, Scolaire","specialite":"CO à pied","latitude":"48.6651460866","longitude":"6.17813403108","date_saisie":"09/12/2009","date_depot":"15/12/2009","valide":"Oui","ppo":"Non","type_carte":"Nouvelle carte","fond":"Ortho","obsolete":false}},{"type":"Feature","geometry":{"type":"Polygon","coordinates":[[[6.4247,48.5629],[6.4331,48.5729],[6.4319,48.5725],[6.4301,48.5727],[6.4289,48.5734],[6.4283,48.5738],[6.4264,48.5743],[6.4234,48.5749],[6.4215,48.5756],[6.4207,48.5755],[6.4183,48.5752],[6.415,48.5735],[6.4087,48.5715],[6.4062,48.5709],[6.4048,48.5702],[6.4041,48.5698],[6.4026,48.5686],[6.4012,48.5674],[6.3998,48.5661],[6.4028,48.5657],[6.4029,48.5644],[6.4032,48.5634],[6.4038,48.5627],[6.4043,48.5621],[6.4053,48.5623],[6.4062,48.5623],[6.4069,48.5624],[6.4076,48.5625],[6.4078,48.5623],[6.4078,48.5621],[6.4087,48.5612],[6.4131,48.562],[6.4171,48.5625],[6.4211,48.5626],[6.4245,48.5627],[6.4247,48.5629]]]},"properties":{"id_ffco":"2007-D54-130","nom":"forêt de BLAINVILLE-DAMELEVIERES","_dept":"54","numero":"2007-D54-130","commune":"Blainville sur l'eau","echelle":"1/10000","surface":"2.35 km²","format":"A4","annee":"2007","cartographes":"B Lemercier","proprietaire":"5407 - SPORTS ORIENTATION LUNEVILLE","niveau":"Régional","specialite":"CO à pied","latitude":"48.5681607276","longitude":"6.41661349871","date_saisie":"29/12/2007","date_depot":"22/10/2009","valide":"Oui","ppo":"Non","type_carte":"Nouvelle carte","fond":"IGN","ref_ign":"IGN 3416E","obsolete":false}},{"type":"Feature","geometry":{"type":"Polygon","coordinates":[[[6.4667,48.5792],[6.4677,48.5813],[6.4704,48.5838],[6.4721,48.5842],[6.4732,48.5882],[6.4645,48.5943],[6.4606,48.5922],[6.4543,48.595],[6.4411,48.5864],[6.4513,48.5847],[6.4594,48.5818],[6.4647,48.5797],[6.4667,48.5792]]]},"properties":{"id_ffco":"2007-D54-129","nom":"Bois Sainte-Anne 2","_dept":"54","numero":"2007-D54-129","commune":"Luneville","echelle":"1/10000","surface":"2.21 km²","format":"A4","annee":"2007","cartographes":"B Lemercier","proprietaire":"5407 - SPORTS ORIENTATION LUNEVILLE","niveau":"Régional","specialite":"CO à pied","latitude":"48.5875502182","longitude":"6.45937875199","date_saisie":"29/12/2007","date_depot":"22/10/2009","valide":"Oui","ppo":"Non","type_carte":"Reprise","base":"2001-D54-76 Saint-Anne","fond":"IGN","ref_ign":"3416 E","obsolete":false}},{"type":"Feature","geometry":{"type":"Polygon","coordinates":[[[6.2346,48.852],[6.2436,48.8539],[6.2496,48.8551],[6.2506,48.8557],[6.2521,48.856],[6.2577,48.8537],[6.2585,48.8536],[6.2598,48.8543],[6.2607,48.8537],[6.2619,48.8524],[6.2653,48.8534],[6.2673,48.8525],[6.2686,48.8523],[6.2698,48.851],[6.2696,48.8496],[6.2716,48.8474],[6.2726,48.8457],[6.2725,48.8444],[6.2721,48.8434],[6.2697,48.8432],[6.2669,48.843],[6.2642,48.8433],[6.2608,48.8437],[6.256,48.8439],[6.252,48.8443],[6.2455,48.8436],[6.2425,48.8426],[6.2414,48.842],[6.2403,48.842],[6.2391,48.8432],[6.2386,48.844],[6.239,48.845],[6.2387,48.8459],[6.2394,48.848],[6.239,48.8491],[6.2374,48.8503],[6.2368,48.8504],[6.2357,48.8498],[6.235,48.8495],[6.2342,48.8498],[6.2345,48.8505],[6.235,48.8514],[6.2346,48.852]]]},"properties":{"id_ffco":"2007-D54-128","nom":"LA TUILERIE - JEANDELAINCOURT","_dept":"54","numero":"2007-D54-128","commune":"Jeandelaincourt","echelle":"1/10000","surface":"2.81 km²","format":"A4","annee":"2007","cartographes":"D Rollet","proprietaire":"5415 - LOISIRS ORIENTATION JEANDELAINCOURT","niveau":"Régional","specialite":"CO à pied","latitude":"48.848697736","longitude":"6.25388728604","date_saisie":"29/12/2007","date_depot":"22/10/2009","valide":"Oui","ppo":"Non","type_carte":"Nouvelle carte","fond":"IGN","ref_ign":"3214 E et 3314 O","obsolete":false}},{"type":"Feature","geometry":{"type":"Polygon","coordinates":[[[6.2316,48.8531],[6.2315,48.8552],[6.2309,48.8566],[6.231,48.8582],[6.2322,48.86],[6.2327,48.8619],[6.2337,48.8636],[6.2348,48.8647],[6.2373,48.8656],[6.2396,48.8672],[6.2395,48.8681],[6.2387,48.8697],[6.2375,48.8702],[6.2376,48.8711],[6.24,48.874],[6.2452,48.8748],[6.2479,48.875],[6.2493,48.8737],[6.2511,48.8715],[6.2531,48.8694],[6.2545,48.8665],[6.2574,48.8679],[6.258,48.8699],[6.2591,48.8704],[6.262,48.8702],[6.2647,48.8639],[6.262,48.863],[6.2589,48.8588],[6.2663,48.8538],[6.2687,48.853],[6.2701,48.8499],[6.2711,48.848],[6.2716,48.8467],[6.2716,48.8434],[6.2682,48.8431],[6.265,48.8431],[6.2614,48.8434],[6.2572,48.8438],[6.2537,48.8441],[6.2517,48.8443],[6.2495,48.8441],[6.2471,48.8438],[6.2452,48.8434],[6.2439,48.8431],[6.2426,48.8426],[6.2416,48.8419],[6.2407,48.8418],[6.2392,48.8427],[6.2383,48.8443],[6.2387,48.8449],[6.2386,48.8457],[6.2389,48.8472],[6.2393,48.8481],[6.2377,48.8502],[6.2372,48.8504],[6.2364,48.8503],[6.2356,48.8497],[6.2348,48.8495],[6.2343,48.8498],[6.2347,48.8508],[6.2348,48.8515],[6.2339,48.8524],[6.2316,48.8531]]]},"properties":{"id_ffco":"2007-D54-127","nom":"M. BRASQUIN et Mme FOURASSE","_dept":"54","numero":"2007-D54-127","commune":"Jeandelaincourt","echelle":"1/10000","surface":"6.92 km²","format":"A3","annee":"2007","cartographes":"D Rollet","proprietaire":"5415 - LOISIRS ORIENTATION JEANDELAINCOURT","niveau":"Régional","specialite":"CO à pied","latitude":"48.8567846629","longitude":"6.25004848986","date_saisie":"29/12/2007","date_depot":"22/10/2009","valide":"Oui","ppo":"Non","type_carte":"Nouvelle carte","fond":"IGN","ref_ign":"3414 O","obsolete":false}},{"type":"Feature","geometry":{"type":"Polygon","coordinates":[[[6.1254,48.6597],[6.1263,48.657],[6.1274,48.6554],[6.1282,48.6544],[6.1295,48.6529],[6.1312,48.651],[6.1358,48.6484],[6.1374,48.6476],[6.1391,48.6469],[6.1406,48.6463],[6.1388,48.6453],[6.1371,48.6444],[6.13,48.6375],[6.129,48.6364],[6.1298,48.6358],[6.1317,48.6353],[6.1325,48.6349],[6.1323,48.6346],[6.1299,48.6346],[6.1287,48.6346],[6.1298,48.6343],[6.1321,48.6332],[6.1308,48.6287],[6.126,48.6272],[6.1239,48.6271],[6.1219,48.6269],[6.12,48.6266],[6.1188,48.626],[6.1142,48.6261],[6.1131,48.6261],[6.1098,48.6274],[6.1084,48.6264],[6.1075,48.6273],[6.107,48.6283],[6.1067,48.6291],[6.1062,48.6288],[6.1056,48.6282],[6.105,48.6275],[6.1046,48.6271],[6.1031,48.6269],[6.1025,48.626],[6.1022,48.6252],[6.099,48.6252],[6.0972,48.6252],[6.0964,48.6269],[6.0957,48.6279],[6.094,48.6284],[6.0916,48.6298],[6.0913,48.631],[6.0916,48.6319],[6.0909,48.632],[6.0903,48.632],[6.0889,48.6308],[6.088,48.6301],[6.0857,48.6302],[6.0835,48.6305],[6.0828,48.6327],[6.0808,48.6375],[6.0794,48.6409],[6.0798,48.6437],[6.08,48.6458],[6.0795,48.6483],[6.082,48.6492],[6.0857,48.6499],[6.0894,48.6509],[6.0924,48.6513],[6.0964,48.6524],[6.1033,48.654],[6.1113,48.6568],[6.1141,48.6582],[6.1161,48.6586],[6.1175,48.6587],[6.1181,48.6588],[6.1197,48.6585],[6.1213,48.6585],[6.1254,48.6597]]]},"properties":{"id_ffco":"2007-D54-126","nom":"Le Puits De La Faille","_dept":"54","numero":"2007-D54-126","commune":"Villers-Clairlieu","echelle":"1/15000","surface":"11.4 km²","format":"A3","annee":"2007","cartographes":"R Ondracek, L Krticka, P Turczer","proprietaire":"5402 - SCAPA NANCY ORIENTATION","niveau":"Régional","specialite":"CO à pied","latitude":"48.6414329538","longitude":"6.10889264998","date_saisie":"29/12/2007","date_depot":"31/12/2007","valide":"Oui","ppo":"Non","type_carte":"Nouvelle carte","fond":"IGN","obsolete":false}},{"type":"Feature","geometry":{"type":"Polygon","coordinates":[[[6.0844,48.4261],[6.086,48.4261],[6.087,48.4262],[6.0877,48.4257],[6.088,48.4254],[6.086,48.4228],[6.0846,48.4208],[6.0837,48.4206],[6.0813,48.4204],[6.0806,48.4209],[6.0829,48.4247],[6.0837,48.4256],[6.0844,48.4261]]]},"properties":{"id_ffco":"2007-D54-125","nom":"Colline De Sion - Zone de Loisirs","_dept":"54","numero":"2007-D54-125","commune":"Saxon-Sion","echelle":"1/2500","surface":"0.19 km²","format":"A4","annee":"2007","cartographes":"M Aubry, P Pogu, JM Fath","proprietaire":"54 - Meurthe-et-Moselle","niveau":"Initiation, Scolaire","specialite":"CO à pied","latitude":"48.4233581021","longitude":"6.08425335796","date_saisie":"29/12/2007","date_depot":"22/10/2009","valide":"Oui","ppo":"Non","type_carte":"Nouvelle carte","fond":"Ortho","obsolete":false}},{"type":"Feature","geometry":{"type":"Polygon","coordinates":[[[5.815,48.5373],[5.8057,48.541],[5.8018,48.5427],[5.7975,48.5437],[5.7946,48.5477],[5.782,48.5466],[5.7786,48.5474],[5.7712,48.5493],[5.7671,48.5499],[5.7628,48.5473],[5.7621,48.5468],[5.7563,48.5468],[5.7504,48.5482],[5.7448,48.5509],[5.741,48.5504],[5.7367,48.5476],[5.7293,48.5451],[5.7225,48.5416],[5.7194,48.5379],[5.7171,48.5312],[5.7158,48.526],[5.7149,48.4963],[5.7178,48.4912],[5.7377,48.4837],[5.7496,48.4775],[5.7642,48.4764],[5.7776,48.4799],[5.7853,48.4921],[5.7825,48.4955],[5.7851,48.4976],[5.7944,48.4963],[5.8026,48.4967],[5.8071,48.499],[5.8014,48.5061],[5.8011,48.5146],[5.8076,48.5217],[5.8158,48.526],[5.815,48.5373]]]},"properties":{"id_ffco":"2007-D54-124","nom":"Les Trois Départements","_dept":"54","numero":"2007-D54-124","commune":"Saulxures-Les-Vannes","echelle":"1/20000","surface":"45.57 km²","format":"A3","annee":"2007","cartographes":"M Aubry, JM Fath","proprietaire":"54 - Meurthe-et-Moselle","niveau":"Régional","specialite":"Rand'O","latitude":"48.5159963571","longitude":"5.76075449697","date_saisie":"29/12/2007","date_depot":"31/12/2007","valide":"Oui","ppo":"Non","type_carte":"Nouvelle carte","fond":"IGN","obsolete":false}},{"type":"Feature","geometry":{"type":"Polygon","coordinates":[[[6.1421,48.6563],[6.1437,48.658],[6.141,48.6594],[6.1437,48.6615],[6.1446,48.6632],[6.1452,48.665],[6.1468,48.666],[6.1482,48.6656],[6.15,48.6637],[6.1504,48.6612],[6.1494,48.6597],[6.1485,48.6583],[6.1472,48.656],[6.1472,48.656],[6.1473,48.6561],[6.147,48.6561],[6.1421,48.6563]]]},"properties":{"id_ffco":"2006-D54-123","nom":"Parc De Brabois","_dept":"54","numero":"2006-D54-123","commune":"Villers Lès Nancy","echelle":"1/5000","surface":"0.45 km²","format":"A4","annee":"2006","cartographes":"D Rollet","proprietaire":"5415 - LOISIRS ORIENTATION JEANDELAINCOURT","niveau":"Initiation, Scolaire","specialite":"CO à pied","latitude":"48.6606915337","longitude":"6.14630186506","date_saisie":"30/05/2007","date_depot":"30/05/2007","valide":"Oui","ppo":"Non","type_carte":"Nouvelle carte","fond":"Ortho","obsolete":false}},{"type":"Feature","geometry":{"type":"Polygon","coordinates":[[[6.16,48.7501],[6.1591,48.7508],[6.1573,48.7527],[6.1557,48.755],[6.1526,48.7574],[6.1493,48.7605],[6.1454,48.7638],[6.1436,48.7681],[6.1438,48.7719],[6.1465,48.7753],[6.1466,48.7784],[6.1454,48.7809],[6.1444,48.7839],[6.144,48.7861],[6.1439,48.7893],[6.1485,48.7914],[6.1524,48.7923],[6.1568,48.792],[6.166,48.7916],[6.171,48.7895],[6.1755,48.7887],[6.1825,48.7887],[6.1894,48.7894],[6.1945,48.7899],[6.2012,48.7927],[6.2019,48.7932],[6.2052,48.7928],[6.2091,48.7936],[6.2124,48.7939],[6.2207,48.7931],[6.226,48.7927],[6.232,48.7941],[6.2341,48.7943],[6.2356,48.7922],[6.2375,48.7906],[6.2377,48.7873],[6.238,48.7842],[6.2387,48.7823],[6.2359,48.7793],[6.2348,48.7789],[6.2374,48.7763],[6.2396,48.7748],[6.2417,48.7724],[6.2438,48.7693],[6.2463,48.7671],[6.2448,48.7609],[6.2457,48.7605],[6.2443,48.7595],[6.2429,48.7586],[6.2364,48.7578],[6.2315,48.7555],[6.2303,48.7552],[6.2297,48.753],[6.2235,48.7503],[6.2209,48.7491],[6.2194,48.7496],[6.2169,48.7492],[6.212,48.7496],[6.2094,48.751],[6.2075,48.7512],[6.2071,48.7497],[6.2054,48.7476],[6.2036,48.7482],[6.2006,48.7481],[6.199,48.7486],[6.1978,48.7483],[6.1978,48.7477],[6.1945,48.7475],[6.1927,48.7473],[6.1899,48.7461],[6.183,48.7451],[6.1702,48.7466],[6.164,48.7479],[6.16,48.7501]]]},"properties":{"id_ffco":"2006-D54-122","nom":"Grand Couronne Vtt","_dept":"54","numero":"2006-D54-122","commune":"Bouxières aux Dames","echelle":"1/20000","surface":"32.14 km²","format":"A3","annee":"2006","cartographes":"M Aubry, JP Barlet, N Deville","proprietaire":"5402 - SCAPA NANCY ORIENTATION","niveau":"National, International","specialite":"CO à VTT","latitude":"48.770564424","longitude":"6.19336952722","date_saisie":"07/12/2006","date_depot":"30/05/2007","valide":"Oui","ppo":"Non","type_carte":"Nouvelle carte","fond":"IGN","obsolete":false}},{"type":"Feature","geometry":{"type":"Polygon","coordinates":[[[5.7396,48.7721],[5.7408,48.7735],[5.7421,48.7748],[5.7428,48.7759],[5.7433,48.7754],[5.7446,48.7756],[5.7659,48.7891],[5.7678,48.7903],[5.7683,48.7906],[5.7716,48.7894],[5.7724,48.7899],[5.7766,48.7901],[5.7838,48.7901],[5.784,48.7886],[5.7857,48.7872],[5.7869,48.7863],[5.7874,48.7858],[5.7884,48.7841],[5.7899,48.7834],[5.7893,48.7802],[5.7888,48.7758],[5.7881,48.7693],[5.7908,48.7681],[5.7914,48.7662],[5.789,48.768],[5.788,48.7675],[5.7862,48.7661],[5.7825,48.7652],[5.7802,48.7663],[5.7784,48.7664],[5.7775,48.7663],[5.7751,48.7661],[5.7736,48.7663],[5.7725,48.7662],[5.7711,48.7651],[5.7708,48.7641],[5.769,48.764],[5.7683,48.7666],[5.7675,48.7673],[5.7652,48.7653],[5.7636,48.7639],[5.7602,48.7669],[5.7598,48.7675],[5.7541,48.7679],[5.7495,48.7673],[5.7396,48.7721]]]},"properties":{"id_ffco":"2006-D54-121","nom":"BOIS DE BOUCQ","_dept":"54","numero":"2006-D54-121","commune":"Boucq","echelle":"1/10000","surface":"7.17 km²","format":"A3","annee":"2006","cartographes":"D Rollet","proprietaire":"LO - Lorraine","niveau":"National, International","specialite":"CO à pied","latitude":"48.7766473632","longitude":"5.76911935459","date_saisie":"27/12/2007","date_depot":"22/10/2009","valide":"Oui","ppo":"Non","type_carte":"Nouvelle carte","fond":"IGN","ref_ign":"3214E","obsolete":false}},{"type":"Feature","geometry":{"type":"Polygon","coordinates":[[[5.7735,48.7783],[5.7729,48.7801],[5.7725,48.781],[5.7726,48.7835],[5.7727,48.7854],[5.7773,48.7886],[5.7783,48.7893],[5.7769,48.793],[5.7829,48.7931],[5.7839,48.7915],[5.7841,48.7915],[5.7933,48.7935],[5.7946,48.7908],[5.7959,48.7886],[5.8065,48.7876],[5.8089,48.7874],[5.8105,48.7877],[5.8123,48.788],[5.8141,48.788],[5.8104,48.7799],[5.8111,48.7787],[5.8132,48.7778],[5.815,48.7767],[5.8167,48.7763],[5.8197,48.7757],[5.8203,48.7751],[5.8179,48.7714],[5.8158,48.7685],[5.8145,48.7664],[5.7916,48.7661],[5.7893,48.7673],[5.784,48.7657],[5.7823,48.7657],[5.7728,48.7667],[5.7716,48.7662],[5.7708,48.7659],[5.7693,48.7659],[5.7667,48.7683],[5.765,48.7694],[5.7638,48.7701],[5.7643,48.7721],[5.7735,48.7783]]]},"properties":{"id_ffco":"2006-D54-120","nom":"La Reine Brunehaut","_dept":"54","numero":"2006-D54-120","commune":"Sanzey","echelle":"1/10000","surface":"8.61 km²","format":"A3","annee":"2006","cartographes":"D Rollet","proprietaire":"LO - Lorraine","niveau":"National, International","specialite":"CO à pied","latitude":"48.777482507","longitude":"5.79181279605","date_saisie":"03/12/2006","date_depot":"05/12/2006","valide":"Oui","ppo":"Non","type_carte":"Nouvelle carte","fond":"IGN","ref_ign":"3314 O","obsolete":false}},{"type":"Feature","geometry":{"type":"Polygon","coordinates":[[[5.7917,48.7662],[5.8145,48.7666],[5.8162,48.769],[5.8186,48.773],[5.8201,48.7735],[5.8215,48.7735],[5.8231,48.7732],[5.8256,48.7728],[5.8267,48.7729],[5.8285,48.7731],[5.83,48.7737],[5.8313,48.7737],[5.8317,48.7746],[5.8324,48.7755],[5.8347,48.7766],[5.8365,48.7764],[5.8424,48.7778],[5.8432,48.7782],[5.8443,48.7788],[5.8438,48.7797],[5.8455,48.7805],[5.847,48.7813],[5.848,48.7822],[5.8491,48.7829],[5.8495,48.784],[5.8488,48.7844],[5.8496,48.7854],[5.8443,48.7892],[5.8494,48.7921],[5.8496,48.7928],[5.8494,48.7935],[5.8494,48.7946],[5.8491,48.7962],[5.8492,48.7977],[5.8492,48.7993],[5.8481,48.8008],[5.8464,48.8028],[5.845,48.8024],[5.8429,48.8023],[5.8415,48.8021],[5.8404,48.804],[5.8391,48.8035],[5.8383,48.8049],[5.836,48.8043],[5.8344,48.8064],[5.8329,48.8055],[5.8262,48.8061],[5.8246,48.8011],[5.8199,48.8016],[5.818,48.802],[5.8168,48.8017],[5.8174,48.8009],[5.8176,48.8002],[5.8143,48.8],[5.8063,48.7999],[5.8074,48.7991],[5.8031,48.7962],[5.7956,48.7942],[5.791,48.7932],[5.7839,48.7915],[5.7833,48.7924],[5.7827,48.7935],[5.7808,48.7939],[5.7778,48.795],[5.7772,48.7953],[5.7763,48.7903],[5.7745,48.7912],[5.7715,48.7895],[5.7715,48.789],[5.7747,48.7869],[5.7724,48.7851],[5.7726,48.781],[5.7731,48.7797],[5.7735,48.7782],[5.7643,48.7721],[5.764,48.7703],[5.7656,48.7687],[5.767,48.7677],[5.7692,48.7659],[5.7917,48.7662]]]},"properties":{"id_ffco":"2006-D54-119","nom":"Forêt De La Reine","_dept":"54","numero":"2006-D54-119","commune":"Boucq","echelle":"1/15000","surface":"18.13 km²","format":"A3","annee":"2006","cartographes":"D Rollet, P Bousser","proprietaire":"LO - Lorraine","niveau":"National, International","specialite":"CO à pied","latitude":"48.7840654855","longitude":"5.80931103862","date_saisie":"03/12/2006","date_depot":"05/12/2006","valide":"Oui","ppo":"Non","type_carte":"Nouvelle carte","fond":"IGN","ref_ign":"3314 O","obsolete":false}},{"type":"Feature","geometry":{"type":"Polygon","coordinates":[[[6.0515,48.576],[6.0425,48.5729],[6.0458,48.5622],[6.0508,48.5593],[6.0603,48.5598],[6.0673,48.5616],[6.068,48.5641],[6.0683,48.5652],[6.0711,48.5665],[6.0739,48.5679],[6.0739,48.5681],[6.071,48.5709],[6.0727,48.5718],[6.0685,48.5749],[6.0676,48.5753],[6.0679,48.5773],[6.0611,48.5776],[6.057,48.5761],[6.0515,48.576]]]},"properties":{"id_ffco":"2006-D54-118","nom":"La Voivre - Maizières","_dept":"54","numero":"2006-D54-118","commune":"Maizières","echelle":"1/10000","surface":"3.36 km²","format":"A4","annee":"2006","cartographes":"D Rollet","proprietaire":"LO - Lorraine","niveau":"National, International","specialite":"CO à pied","latitude":"48.5685117776","longitude":"6.05764305847","date_saisie":"30/05/2007","date_depot":"30/05/2007","valide":"Oui","ppo":"Non","type_carte":"Nouvelle carte","fond":"IGN","ref_ign":"3316 E","obsolete":false}},{"type":"Feature","geometry":{"type":"Polygon","coordinates":[[[6.0219,48.5043],[6.0243,48.5024],[6.0251,48.5019],[6.0429,48.5025],[6.0448,48.504],[6.0431,48.5061],[6.0419,48.5057],[6.0416,48.5067],[6.0474,48.5089],[6.0489,48.5087],[6.053,48.5117],[6.0545,48.5141],[6.0521,48.516],[6.0482,48.5176],[6.0474,48.5236],[6.0477,48.5263],[6.0487,48.5292],[6.053,48.5312],[6.0556,48.5342],[6.0551,48.5354],[6.0543,48.5363],[6.0485,48.5363],[6.0461,48.536],[6.0431,48.5358],[6.0407,48.5356],[6.0366,48.5356],[6.0351,48.5367],[6.0311,48.5386],[6.0283,48.5386],[6.0264,48.5368],[6.0218,48.5324],[6.0191,48.5301],[6.0159,48.5287],[6.015,48.5259],[6.0165,48.5204],[6.0155,48.5194],[6.0164,48.5176],[6.0222,48.5173],[6.0218,48.5146],[6.0189,48.5108],[6.0185,48.5092],[6.0195,48.507],[6.0216,48.5043],[6.0219,48.5043]]]},"properties":{"id_ffco":"2006-D54-117","nom":"Forêt De Goviller","_dept":"54","numero":"2006-D54-117","commune":"Goviller","echelle":"1/10000","surface":"8.5 km²","format":"A3","annee":"2006","cartographes":"JC Carteret","proprietaire":"LO - Lorraine","niveau":"Interrégional","specialite":"CO à pied","latitude":"48.5201819412","longitude":"6.03429127174","date_saisie":"07/12/2006","date_depot":"30/05/2007","valide":"Oui","ppo":"Non","type_carte":"Nouvelle carte","fond":"IGN","obsolete":false}},{"type":"Feature","geometry":{"type":"Polygon","coordinates":[[[6.1526,48.6539],[6.1533,48.6538],[6.1543,48.654],[6.1555,48.6539],[6.1568,48.654],[6.1586,48.6542],[6.1595,48.6545],[6.1598,48.6546],[6.1602,48.6548],[6.1618,48.655],[6.1626,48.6552],[6.1633,48.6552],[6.1638,48.6552],[6.1648,48.655],[6.1653,48.6546],[6.1658,48.6544],[6.166,48.6544],[6.1663,48.6546],[6.1663,48.6548],[6.1658,48.6561],[6.1658,48.6562],[6.1663,48.6564],[6.1663,48.6567],[6.1656,48.6577],[6.1657,48.6586],[6.1656,48.6592],[6.1654,48.6596],[6.1649,48.66],[6.1643,48.6603],[6.1638,48.6605],[6.1626,48.6605],[6.1611,48.66],[6.1596,48.6596],[6.1583,48.659],[6.1572,48.6584],[6.1561,48.6577],[6.155,48.6569],[6.1542,48.656],[6.1526,48.6539]]]},"properties":{"id_ffco":"2006-D54-116","nom":"Vandoeuvre Lès Nancy - La Sapinière","_dept":"54","numero":"2006-D54-116","commune":"Vandoeuvre Lès Nancy","echelle":"1/5000","surface":"0.46 km²","format":"A4","annee":"2006","cartographes":"D Rollet","proprietaire":"5415 - LOISIRS ORIENTATION JEANDELAINCOURT","niveau":"National, International","specialite":"CO à pied","latitude":"48.6568934658","longitude":"6.1603354551","date_saisie":"30/05/2007","date_depot":"30/05/2007","valide":"Oui","ppo":"Non","type_carte":"Nouvelle carte","fond":"Ortho","obsolete":false}},{"type":"Feature","geometry":{"type":"Polygon","coordinates":[[[6.1471,48.6727],[6.147,48.6721],[6.1474,48.6715],[6.1476,48.6712],[6.1478,48.6709],[6.1471,48.6705],[6.1458,48.67],[6.1451,48.6694],[6.1446,48.6699],[6.1435,48.6703],[6.143,48.6708],[6.1432,48.6716],[6.1439,48.672],[6.1452,48.6723],[6.1471,48.6727]]]},"properties":{"id_ffco":"2006-D54-115","nom":"Parc Du Château Madame De Graffigny","_dept":"54","numero":"2006-D54-115","commune":"Villers-les-Nancy","echelle":"1/1500","surface":"0.08 km²","format":"A4","annee":"2006","cartographes":"C Goutaudier","proprietaire":"5402 - SCAPA NANCY ORIENTATION","niveau":"Initiation, Scolaire","specialite":"CO à pied","latitude":"48.6711432439","longitude":"6.14537624067","date_saisie":"07/12/2006","date_depot":"30/05/2007","valide":"Oui","ppo":"Non","type_carte":"Nouvelle carte","fond":"Cadastre","obsolete":false}},{"type":"Feature","geometry":{"type":"Polygon","coordinates":[[[6.1242,48.6949],[6.123,48.6948],[6.1215,48.6945],[6.1201,48.6943],[6.1185,48.6936],[6.1179,48.6928],[6.1171,48.6912],[6.1171,48.6901],[6.1171,48.6884],[6.1217,48.6729],[6.124,48.6648],[6.1252,48.6611],[6.1257,48.66],[6.1273,48.6604],[6.1291,48.6607],[6.1323,48.6623],[6.133,48.6631],[6.1338,48.6642],[6.134,48.6648],[6.1345,48.6658],[6.1351,48.6665],[6.1356,48.6686],[6.136,48.6722],[6.1364,48.6743],[6.1361,48.6753],[6.1307,48.678],[6.1339,48.6802],[6.1361,48.6813],[6.1353,48.6848],[6.1336,48.6849],[6.1322,48.6856],[6.1316,48.6866],[6.1319,48.688],[6.1319,48.6883],[6.1318,48.6884],[6.1319,48.689],[6.1291,48.6901],[6.1285,48.6908],[6.1282,48.6931],[6.1282,48.6933],[6.1264,48.6933],[6.1259,48.6935],[6.1257,48.6938],[6.1261,48.6945],[6.1261,48.6948],[6.1242,48.6949]]]},"properties":{"id_ffco":"2006-D54-114","nom":"Sapinière de Laxou","_dept":"54","numero":"2006-D54-114","commune":"Laxou","echelle":"1/15000","surface":"3.51 km²","format":"A4","annee":"2006","cartographes":"R Ondracek, Ludek Krticka, Petr Turczer","proprietaire":"5402 - SCAPA NANCY ORIENTATION","niveau":"Régional","specialite":"CO à pied","latitude":"48.6783158729","longitude":"6.12692066493","date_saisie":"07/12/2006","date_depot":"30/05/2007","valide":"Oui","ppo":"Non","type_carte":"Nouvelle carte","fond":"IGN","obsolete":false}},{"type":"Feature","geometry":{"type":"Polygon","coordinates":[[[6.0915,48.6324],[6.0908,48.6324],[6.0885,48.632],[6.0865,48.6316],[6.0857,48.6303],[6.0832,48.6303],[6.0829,48.6325],[6.0821,48.634],[6.0807,48.6377],[6.08,48.6394],[6.0796,48.6409],[6.0795,48.6425],[6.0797,48.6434],[6.0799,48.6445],[6.08,48.6456],[6.0813,48.6458],[6.0824,48.6457],[6.0852,48.6467],[6.0946,48.6481],[6.0949,48.6482],[6.0952,48.6481],[6.1007,48.6496],[6.1067,48.6498],[6.1071,48.6491],[6.1076,48.6483],[6.108,48.6473],[6.1085,48.6467],[6.109,48.646],[6.1099,48.6453],[6.1111,48.6451],[6.1133,48.645],[6.1144,48.6449],[6.1148,48.6445],[6.1147,48.6436],[6.1153,48.6428],[6.1168,48.6415],[6.1174,48.6412],[6.1185,48.6408],[6.1203,48.6402],[6.123,48.6397],[6.1247,48.639],[6.1255,48.6387],[6.1269,48.6376],[6.1302,48.6375],[6.1294,48.6365],[6.1295,48.6348],[6.1274,48.6299],[6.1274,48.628],[6.1249,48.6274],[6.1204,48.6265],[6.1115,48.6263],[6.1098,48.6272],[6.1083,48.6264],[6.1074,48.6271],[6.1069,48.6283],[6.1066,48.6291],[6.1059,48.6288],[6.1053,48.6278],[6.1051,48.6275],[6.1049,48.6275],[6.1047,48.6281],[6.104,48.6282],[6.1025,48.6261],[6.1011,48.6259],[6.1001,48.6256],[6.0977,48.6252],[6.0968,48.6275],[6.0949,48.6282],[6.0929,48.6289],[6.0923,48.6297],[6.092,48.6314],[6.0919,48.6319],[6.0916,48.6322],[6.0917,48.6325],[6.0915,48.6324]]]},"properties":{"id_ffco":"2006-D54-113","nom":"Le Val Fleurion","_dept":"54","numero":"2006-D54-113","commune":"Neuves Maisons","echelle":"1/10000","surface":"6.75 km²","format":"A3","annee":"2006","cartographes":"R Ondracek","proprietaire":"5402 - SCAPA NANCY ORIENTATION","niveau":"Régional","specialite":"CO à pied","latitude":"48.6370865373","longitude":"6.10355975517","date_saisie":"07/12/2006","date_depot":"30/05/2007","valide":"Oui","ppo":"Non","type_carte":"Nouvelle carte","fond":"IGN","obsolete":false}},{"type":"Feature","geometry":{"type":"Polygon","coordinates":[[[6.5357,48.5015],[6.5374,48.4999],[6.539,48.5001],[6.5401,48.4986],[6.5446,48.4988],[6.5456,48.4991],[6.5459,48.499],[6.5573,48.4989],[6.5585,48.5007],[6.5558,48.5021],[6.5577,48.5049],[6.5615,48.5091],[6.5616,48.5091],[6.5636,48.5122],[6.5596,48.5161],[6.5555,48.5201],[6.5535,48.5218],[6.5508,48.5204],[6.5495,48.5197],[6.5495,48.5188],[6.5474,48.5184],[6.5456,48.5182],[6.5466,48.5126],[6.5425,48.5097],[6.5401,48.5075],[6.5381,48.5054],[6.5402,48.5035],[6.5357,48.5015]]]},"properties":{"id_ffco":"2005-D54-112","nom":"GERBEVILLER","_dept":"54","numero":"2005-D54-112","commune":"Gerbéviller","echelle":"1/10000","surface":"2.96 km²","format":"A4","annee":"2005","cartographes":"B Lemercier, J Lasouche","proprietaire":"5407 - SPORTS ORIENTATION LUNEVILLE","niveau":"Interrégional","specialite":"CO à pied","latitude":"48.5084977681","longitude":"6.5506549179","date_saisie":"14/12/2005","date_depot":"16/01/2006","valide":"Oui","ppo":"Non","type_carte":"Nouvelle carte","fond":"IGN","ref_ign":"IGN 3516O","obsolete":false}},{"type":"Feature","geometry":{"type":"Polygon","coordinates":[[[6.4979,48.6248],[6.4918,48.6227],[6.4967,48.614],[6.5039,48.6138],[6.5043,48.6183],[6.5025,48.6229],[6.5021,48.623],[6.4979,48.6248]]]},"properties":{"id_ffco":"2005-D54-111","nom":"Terrain militaire de Jolivet","_dept":"54","numero":"2005-D54-111","commune":"Lunéville","echelle":"1/10000","surface":"0.78 km²","format":"A5","annee":"2005","cartographes":"B Lemercier","proprietaire":"5407 - SPORTS ORIENTATION LUNEVILLE","niveau":"Initiation, Scolaire","specialite":"CO à pied","latitude":"48.6191501119","longitude":"6.49877517312","date_saisie":"14/12/2005","date_depot":"16/01/2006","valide":"Oui","ppo":"Non","type_carte":"Nouvelle carte","fond":"IGN","ref_ign":"IGN 3515 O","obsolete":false}},{"type":"Feature","geometry":{"type":"Polygon","coordinates":[[[6.5564,48.579],[6.5465,48.5843],[6.5441,48.5816],[6.5401,48.5813],[6.5377,48.5797],[6.5384,48.5783],[6.5385,48.5767],[6.5394,48.575],[6.5407,48.5749],[6.5419,48.5745],[6.5521,48.5728],[6.5577,48.5779],[6.5564,48.579]]]},"properties":{"id_ffco":"2005-D54-110","nom":"Parcours de Santé de MONDON","_dept":"54","numero":"2005-D54-110","commune":"Lunéville","echelle":"1/7500","surface":"1.12 km²","format":"A4","annee":"2005","cartographes":"B Lemercier","proprietaire":"5407 - SPORTS ORIENTATION LUNEVILLE","niveau":"Départemental","specialite":"CO à pied","latitude":"48.5779921776","longitude":"6.54732578708","date_saisie":"14/12/2005","date_depot":"16/01/2006","valide":"Oui","ppo":"Non","type_carte":"Nouvelle carte","fond":"IGN","ref_ign":"3516 O","obsolete":false}},{"type":"Feature","geometry":{"type":"Polygon","coordinates":[[[6.0741,48.6936],[6.0772,48.6938],[6.0853,48.6941],[6.0963,48.6945],[6.0979,48.6949],[6.1,48.6951],[6.1016,48.6953],[6.103,48.6954],[6.1041,48.6951],[6.1041,48.6956],[6.1034,48.6962],[6.1017,48.6962],[6.0996,48.6963],[6.0985,48.6964],[6.0984,48.6966],[6.1015,48.697],[6.1036,48.6977],[6.1043,48.6988],[6.104,48.7006],[6.1045,48.7019],[6.1066,48.7029],[6.1086,48.7048],[6.1101,48.7061],[6.1118,48.7075],[6.112,48.7082],[6.1126,48.7085],[6.1134,48.7183],[6.1141,48.7194],[6.1124,48.7213],[6.1123,48.7218],[6.1122,48.7223],[6.1105,48.7232],[6.1091,48.7239],[6.1088,48.7244],[6.1078,48.7248],[6.107,48.7255],[6.1066,48.7262],[6.1059,48.7267],[6.1055,48.7268],[6.1047,48.7264],[6.103,48.7264],[6.0995,48.7271],[6.0982,48.7275],[6.0977,48.7277],[6.0981,48.7295],[6.0999,48.7315],[6.1009,48.732],[6.1019,48.7335],[6.1029,48.7345],[6.1036,48.7355],[6.1062,48.7386],[6.1046,48.7388],[6.1036,48.7392],[6.1025,48.7395],[6.1014,48.7391],[6.0992,48.7385],[6.0941,48.7386],[6.0903,48.7406],[6.087,48.7417],[6.0843,48.7427],[6.0832,48.743],[6.082,48.7428],[6.0793,48.7451],[6.0793,48.7457],[6.0774,48.7454],[6.0743,48.7453],[6.0727,48.7453],[6.0723,48.7455],[6.0712,48.7453],[6.0675,48.7453],[6.0625,48.7447],[6.06,48.7448],[6.058,48.745],[6.0553,48.7444],[6.0547,48.7436],[6.0539,48.7426],[6.0512,48.7412],[6.0503,48.741],[6.0497,48.7411],[6.05,48.7419],[6.05,48.7426],[6.0489,48.7428],[6.0465,48.7429],[6.0453,48.7429],[6.044,48.7427],[6.0443,48.742],[6.0463,48.7413],[6.0461,48.7402],[6.046,48.7389],[6.0452,48.7367],[6.0453,48.7357],[6.0467,48.7338],[6.0472,48.7329],[6.0463,48.7321],[6.0461,48.7319],[6.0458,48.7314],[6.0436,48.7301],[6.042,48.729],[6.041,48.7277],[6.0399,48.7269],[6.0394,48.7259],[6.0385,48.7252],[6.0371,48.7248],[6.0344,48.7248],[6.0337,48.7247],[6.0348,48.7209],[6.0358,48.7173],[6.0378,48.7138],[6.0385,48.7127],[6.0399,48.7099],[6.0407,48.7079],[6.0415,48.7073],[6.043,48.7046],[6.0461,48.7038],[6.0465,48.7057],[6.055,48.7034],[6.0542,48.7014],[6.0541,48.7008],[6.0563,48.7007],[6.0561,48.6987],[6.056,48.6978],[6.0558,48.6976],[6.0554,48.6974],[6.0557,48.6959],[6.0662,48.696],[6.0686,48.696],[6.0691,48.6959],[6.0691,48.6949],[6.0719,48.6951],[6.0734,48.6953],[6.0737,48.6936],[6.0741,48.6936]]]},"properties":{"id_ffco":"2005-D54-109","nom":"Forêt de Haye Nord","_dept":"54","numero":"2005-D54-109","commune":"Nancy","echelle":"1/20000","surface":"24.79 km²","format":"A3","annee":"2005","cartographes":"JP Barlet, M Aubry, B Verdenal","proprietaire":"5402 - SCAPA NANCY ORIENTATION","niveau":"Régional","specialite":"CO à VTT","latitude":"48.7190764068","longitude":"6.07473824845","date_saisie":"14/12/2005","date_depot":"16/01/2006","valide":"Oui","ppo":"Non","type_carte":"Nouvelle carte","fond":"IGN","obsolete":false}},{"type":"Feature","geometry":{"type":"Polygon","coordinates":[[[6.1861,48.7006],[6.1825,48.6996],[6.1807,48.6992],[6.1834,48.6953],[6.1887,48.6968],[6.1861,48.7006]]]},"properties":{"id_ffco":"2005-D54-108","nom":"Parc de la Pépinière Nancy","_dept":"54","numero":"2005-D54-108","commune":"Nancy","echelle":"1/3500","surface":"0.2 km²","format":"A4","annee":"2005","cartographes":"MJ Lionnet","proprietaire":"5402 - SCAPA NANCY ORIENTATION","niveau":"Initiation, Scolaire","specialite":"CO à pied","latitude":"48.6979862441","longitude":"6.18471126172","date_saisie":"14/12/2005","date_depot":"16/01/2006","valide":"Oui","ppo":"Non","type_carte":"Nouvelle carte","fond":"Cadastre","obsolete":false}},{"type":"Feature","geometry":{"type":"Polygon","coordinates":[[[6.2162,48.7187],[6.2172,48.7181],[6.2176,48.717],[6.2163,48.7165],[6.2151,48.7158],[6.2142,48.7154],[6.2133,48.7149],[6.212,48.714],[6.211,48.7135],[6.2079,48.712],[6.2072,48.7123],[6.2061,48.7129],[6.2056,48.7133],[6.2036,48.7127],[6.1973,48.7126],[6.1968,48.7135],[6.1963,48.7146],[6.1957,48.7153],[6.195,48.7151],[6.1936,48.7146],[6.1935,48.7158],[6.1931,48.7184],[6.1926,48.7201],[6.1912,48.7223],[6.1902,48.7235],[6.1891,48.7247],[6.1893,48.7248],[6.1932,48.7259],[6.196,48.726],[6.1967,48.7247],[6.1976,48.7239],[6.1989,48.7231],[6.1993,48.7226],[6.2014,48.7211],[6.2099,48.7212],[6.2109,48.7195],[6.2137,48.719],[6.2162,48.7187]]]},"properties":{"id_ffco":"2005-D54-105","nom":"PLATEAU DE MALZEVILLE","_dept":"54","numero":"2005-D54-105","commune":"Nancy","echelle":"1/7500","surface":"1.65 km²","format":"A4","annee":"2005","cartographes":"R Cech, J Drbal, R Ondracek, M Skrivanek","proprietaire":"54 - Meurthe-et-Moselle","niveau":"Régional","specialite":"CO à pied","contacts":"CDCO 54, 0383643362, 0612941412, p.pogu@free.fr, http://www.meurthe-et-moselle.ffcorientation.fr/cdco-54/","latitude":"48.7181923103","longitude":"6.20225655025","date_saisie":"14/12/2005","date_depot":"16/01/2006","valide":"Oui","ppo":"Oui (58 postes)","type_carte":"Nouvelle carte","fond":"IGN","obsolete":false}},{"type":"Feature","geometry":{"type":"Polygon","coordinates":[[[5.9344,48.7006],[5.9373,48.7022],[5.9399,48.7033],[5.9431,48.705],[5.9455,48.7073],[5.9469,48.7082],[5.9497,48.7093],[5.9519,48.7097],[5.953,48.71],[5.9529,48.7116],[5.9522,48.7133],[5.9518,48.7143],[5.952,48.7153],[5.9523,48.7156],[5.9543,48.7166],[5.9559,48.7203],[5.9555,48.7218],[5.9548,48.7237],[5.9551,48.7252],[5.9541,48.7262],[5.9524,48.7267],[5.9506,48.7278],[5.9484,48.729],[5.9472,48.7297],[5.9459,48.7299],[5.9433,48.729],[5.9382,48.7275],[5.9353,48.7264],[5.9338,48.726],[5.9343,48.7247],[5.9335,48.724],[5.9234,48.717],[5.9202,48.7134],[5.9161,48.7083],[5.9145,48.7061],[5.9145,48.7038],[5.9181,48.7017],[5.9196,48.7011],[5.9205,48.7019],[5.9231,48.7021],[5.9248,48.7024],[5.9283,48.7024],[5.9306,48.7023],[5.9331,48.702],[5.9331,48.702],[5.9344,48.7006]]]},"properties":{"id_ffco":"2004-D54-104","nom":"LE MORDANT","_dept":"54","numero":"2004-D54-104","commune":"Toul","echelle":"1/10000","surface":"5.95 km²","format":"A3","annee":"2004","cartographes":"Radim Ondracek -Radovan Cech - Jan Drbal Marcel Skrivanek - Philippe Pogu","proprietaire":"5402 - SCAPA NANCY ORIENTATION","niveau":"National, International","specialite":"CO à pied","latitude":"48.7143673491","longitude":"5.93674969906","date_saisie":"16/11/2004","date_depot":"23/11/2004","valide":"Oui","ppo":"Non","type_carte":"Reprise","base":"2002-D54-88 LA FONTAINE des OISELEURS","fond":"IGN","obsolete":false}},{"type":"Feature","geometry":{"type":"Polygon","coordinates":[[[6.0793,48.7021],[6.0764,48.7018],[6.0758,48.7057],[6.0659,48.7055],[6.0669,48.696],[6.0731,48.696],[6.0757,48.6962],[6.0793,48.7021]]]},"properties":{"id_ffco":"2004-D54-103","nom":"Les Jeux du Parc de Haye","_dept":"54","numero":"2004-D54-103","commune":"Velaine en Haye","echelle":"1/5000","surface":"0.82 km²","format":"A4","annee":"2004","cartographes":"Philippe Pogu, Maurice Aubry","proprietaire":"5402 - SCAPA NANCY ORIENTATION","niveau":"Départemental","specialite":"CO à pied","latitude":"48.7008569782","longitude":"6.07171462049","date_saisie":"16/11/2004","date_depot":"23/11/2004","valide":"Oui","ppo":"Non","type_carte":"Nouvelle carte","fond":"Cadastre","obsolete":false}},{"type":"Feature","geometry":{"type":"Polygon","coordinates":[[[5.8468,48.6833],[5.8467,48.696],[5.8467,48.7162],[5.8324,48.7162],[5.8332,48.7172],[5.8331,48.7179],[5.8305,48.7179],[5.8284,48.7168],[5.8262,48.7154],[5.8222,48.7138],[5.8206,48.7134],[5.8187,48.7128],[5.8167,48.7124],[5.8168,48.7123],[5.8173,48.7062],[5.8167,48.7056],[5.8153,48.7045],[5.8144,48.7036],[5.8132,48.7025],[5.8122,48.702],[5.8108,48.7011],[5.8094,48.7],[5.8087,48.6992],[5.8072,48.6983],[5.807,48.6834],[5.8168,48.6834],[5.8177,48.6819],[5.819,48.68],[5.8408,48.6802],[5.8417,48.6806],[5.8432,48.681],[5.8438,48.6817],[5.8444,48.6824],[5.8458,48.6828],[5.8471,48.6833],[5.8469,48.6832],[5.8468,48.6833]]]},"properties":{"id_ffco":"2004-D54-102","nom":"Le Plateau d'ECROUVES","_dept":"54","numero":"2004-D54-102","commune":"Ecrouves","echelle":"1/10000","surface":"10.06 km²","format":"A3","annee":"2004","cartographes":"Radim Ondracek -Radovan Cech - Jan Drbal Marcel Skrivanek - Philippe Pogu","proprietaire":"5402 - SCAPA NANCY ORIENTATION","niveau":"National, International","specialite":"CO à pied","latitude":"48.6972970051","longitude":"5.82908037411","date_saisie":"16/11/2004","date_depot":"23/11/2004","valide":"Oui","ppo":"Non","type_carte":"Nouvelle carte","fond":"IGN","obsolete":false}},{"type":"Feature","geometry":{"type":"Polygon","coordinates":[[[6.2435,48.6827],[6.2427,48.683],[6.2423,48.6837],[6.2371,48.6824],[6.237,48.6802],[6.2341,48.6802],[6.2349,48.6781],[6.2306,48.6789],[6.2328,48.6764],[6.2334,48.6731],[6.2362,48.6722],[6.2381,48.6711],[6.2395,48.6706],[6.2415,48.6712],[6.2446,48.6724],[6.2435,48.6761],[6.2436,48.6794],[6.2445,48.6797],[6.2435,48.6827]]]},"properties":{"id_ffco":"2004-D54-101","nom":"Les grands Pâquis - Saulxures lès Nancy","_dept":"54","numero":"2004-D54-101","commune":"Saulxures lès Nancy","echelle":"1/5000","surface":"0.91 km²","format":"A4","annee":"2004","cartographes":"Daniel Rollet","proprietaire":"5415 - LOISIRS ORIENTATION JEANDELAINCOURT","niveau":"Initiation, Scolaire","specialite":"CO à pied","latitude":"48.6768782459","longitude":"6.23895032501","date_saisie":"24/11/2004","date_depot":"10/12/2004","valide":"Oui","ppo":"Non","type_carte":"Nouvelle carte","fond":"IGN","ref_ign":"3415 Ouest","obsolete":false}},{"type":"Feature","geometry":{"type":"Polygon","coordinates":[[[6.1402,48.6464],[6.1371,48.6446],[6.1357,48.6433],[6.1336,48.641],[6.1311,48.6385],[6.13,48.6374],[6.1292,48.6365],[6.1294,48.6361],[6.1311,48.6354],[6.1326,48.6349],[6.1326,48.6346],[6.1306,48.6347],[6.1288,48.6347],[6.1288,48.6347],[6.1277,48.6339],[6.1252,48.6296],[6.1081,48.6284],[6.1034,48.6259],[6.0973,48.6254],[6.0958,48.6254],[6.0945,48.6286],[6.0915,48.6296],[6.0914,48.6309],[6.0905,48.6311],[6.0865,48.6305],[6.0834,48.6306],[6.0823,48.6339],[6.081,48.6367],[6.0801,48.6387],[6.0794,48.6421],[6.08,48.6446],[6.08,48.6467],[6.0796,48.6484],[6.0826,48.6493],[6.0875,48.6504],[6.0911,48.651],[6.0952,48.6519],[6.1041,48.6543],[6.1074,48.6551],[6.1114,48.6569],[6.114,48.6579],[6.1156,48.6586],[6.1173,48.6587],[6.1182,48.6586],[6.1197,48.6585],[6.1217,48.6586],[6.1251,48.6595],[6.1254,48.6595],[6.1268,48.6565],[6.1295,48.6527],[6.132,48.6507],[6.1361,48.6482],[6.1402,48.6464]]]},"properties":{"id_ffco":"2004-D54-100","nom":"Val de Fer","_dept":"54","numero":"2004-D54-100","commune":"Nancy","echelle":"1/20000","surface":"10.81 km²","format":"A4","annee":"2004","cartographes":"Benoit Verdenal","proprietaire":"5402 - SCAPA NANCY ORIENTATION","niveau":"Régional","specialite":"CO à VTT","latitude":"48.6420776054","longitude":"6.10811090308","date_saisie":"20/07/2004","date_depot":"22/07/2004","valide":"Oui","ppo":"Non","type_carte":"Nouvelle carte","fond":"IGN","obsolete":false}}]}