{"type":"FeatureCollection","features":[{"type":"Feature","geometry":{"type":"Polygon","coordinates":[[[-3.1018,47.4751],[-3.101,47.4753],[-3.0999,47.4754],[-3.0992,47.4753],[-3.0987,47.4757],[-3.0986,47.4759],[-3.0991,47.4769],[-3.0978,47.4774],[-3.0976,47.4782],[-3.0951,47.4776],[-3.0932,47.4775],[-3.0921,47.4767],[-3.0913,47.4754],[-3.0913,47.4741],[-3.0899,47.4727],[-3.0883,47.472],[-3.0872,47.4718],[-3.0864,47.4719],[-3.0858,47.4711],[-3.0849,47.4706],[-3.0837,47.47],[-3.0822,47.47],[-3.0812,47.4702],[-3.0804,47.4697],[-3.0795,47.4694],[-3.0794,47.4691],[-3.0809,47.4694],[-3.0825,47.4697],[-3.0842,47.4699],[-3.0849,47.4697],[-3.0861,47.47],[-3.0879,47.4701],[-3.0888,47.4721],[-3.09,47.4725],[-3.0931,47.4738],[-3.0971,47.4734],[-3.0991,47.4733],[-3.1018,47.4751]]]},"properties":{"id_ffco":"2001-D56-70","nom":"Pointe de Conguel","_dept":"56","numero":"2001-D56-70","commune":"Quiberon","echelle":"1/7500","surface":"0.35 km²","format":"A4","annee":"2001","cartographes":"Renard Guy","proprietaire":"56 - Morbihan","niveau":"Initiation, Scolaire","specialite":"CO à pied","latitude":"47.4744325963","longitude":"-3.09371782224","date_saisie":"03/04/2014","valide":"Non","ppo":"Oui (20 postes)","type_carte":"Nouvelle carte","fond":"Cadastre","obsolete":false}},{"type":"Feature","geometry":{"type":"Polygon","coordinates":[[[-3.3333,47.9832],[-3.3351,47.9832],[-3.3355,47.9827],[-3.3366,47.9826],[-3.3365,47.9836],[-3.3384,47.9836],[-3.3379,47.9825],[-3.3372,47.9823],[-3.3366,47.9808],[-3.3378,47.9806],[-3.3384,47.9798],[-3.3401,47.9799],[-3.3402,47.9819],[-3.3414,47.9819],[-3.3417,47.9814],[-3.3422,47.9812],[-3.3424,47.9804],[-3.344,47.9795],[-3.3437,47.9786],[-3.3444,47.9783],[-3.3447,47.9798],[-3.3457,47.9809],[-3.3468,47.9813],[-3.3474,47.9786],[-3.3478,47.9753],[-3.3483,47.9731],[-3.3489,47.973],[-3.3496,47.9737],[-3.3513,47.9731],[-3.3514,47.9715],[-3.3515,47.9692],[-3.3575,47.965],[-3.3598,47.9646],[-3.3623,47.965],[-3.3667,47.964],[-3.3674,47.9637],[-3.3701,47.9646],[-3.3709,47.9629],[-3.3723,47.9602],[-3.3713,47.9598],[-3.3717,47.9577],[-3.3723,47.9564],[-3.3727,47.9551],[-3.3721,47.9518],[-3.3696,47.9502],[-3.3678,47.9495],[-3.3668,47.9474],[-3.3643,47.9456],[-3.3615,47.944],[-3.3599,47.9434],[-3.3588,47.9436],[-3.3567,47.9449],[-3.3546,47.9462],[-3.3528,47.948],[-3.3525,47.9486],[-3.3523,47.9504],[-3.3524,47.9519],[-3.3519,47.9529],[-3.3506,47.9535],[-3.3499,47.9546],[-3.35,47.9562],[-3.3505,47.9575],[-3.3506,47.9596],[-3.3501,47.9625],[-3.3489,47.9643],[-3.3475,47.9655],[-3.3455,47.966],[-3.3439,47.9668],[-3.343,47.9684],[-3.3422,47.9694],[-3.3423,47.9705],[-3.3415,47.9723],[-3.3408,47.9744],[-3.3405,47.9752],[-3.3389,47.9762],[-3.3378,47.9775],[-3.3368,47.9789],[-3.3351,47.9794],[-3.3339,47.98],[-3.3334,47.9809],[-3.333,47.9825],[-3.3333,47.9832]]]},"properties":{"id_ffco":"2025-D56-313","nom":"Pont-Calleck 2","_dept":"56","numero":"2025-D56-313","commune":"Berné","echelle":"1/15000","surface":"4.47 km²","format":"A3","annee":"2025","cartographes":"BOULET Eric","proprietaire":"5604 - CLUB D'ORIENTATION LORIENTAIS","niveau":"Régional","specialite":"CO à pied","contacts":"Club Orientation Lorient, 56100, Lorient, contact@co-lorient.fr","latitude":"47.9609271352","longitude":"-3.35608223089","date_saisie":"26/04/2025","date_depot":"31/05/2025","valide":"Non","ppo":"Non","type_carte":"Nouvelle carte","base":"2017-D56-202 Foret domaniale de Pont-Calleck","fond":"Ortho","obsolete":false}},{"type":"Feature","geometry":{"type":"Polygon","coordinates":[[[-3.0499,47.7934],[-3.0481,47.7946],[-3.045,47.7955],[-3.0436,47.7957],[-3.0424,47.7963],[-3.0403,47.7976],[-3.0375,47.7978],[-3.0351,47.7978],[-3.0305,47.7969],[-3.0237,47.795],[-3.0223,47.7939],[-3.0248,47.7928],[-3.0221,47.791],[-3.0216,47.7892],[-3.0236,47.7885],[-3.0254,47.7851],[-3.0218,47.7824],[-3.0276,47.7829],[-3.037,47.7858],[-3.0499,47.7934]]]},"properties":{"id_ffco":"2025-D56-312","nom":"Domaine de Kéronic","_dept":"56","numero":"2025-D56-312","commune":"PLUVIGNER","echelle":"1/10000","surface":"2.14 km²","format":"A4","annee":"2025","cartographes":"BOULET Eric, POËDRAS Daniel","proprietaire":"5609 - COURSE D'ORIENTATION EN PAYS DE VANNES","niveau":"Régional","specialite":"CO à pied","contacts":"Course d'Orientation en pays de Vannes, 31 rue guillaume le bartz, 56000, Vannes, 0622368753, co.vannes56@gmail.com, https://co-vannes.jimdofree.com/","latitude":"47.7910518277","longitude":"-3.03381348984","date_saisie":"05/05/2025","date_depot":"30/05/2025","valide":"Non","ppo":"Non","type_carte":"Nouvelle carte","fond":"Ortho","obsolete":false}},{"type":"Feature","geometry":{"type":"Polygon","coordinates":[[[-2.9762,47.8324],[-2.9748,47.833],[-2.9719,47.8309],[-2.9673,47.8328],[-2.9681,47.8352],[-2.966,47.8347],[-2.9631,47.835],[-2.9622,47.8354],[-2.9626,47.8373],[-2.9624,47.8395],[-2.9635,47.8401],[-2.9639,47.8408],[-2.9548,47.8414],[-2.9535,47.8414],[-2.9523,47.8427],[-2.9501,47.8438],[-2.951,47.8452],[-2.9517,47.8457],[-2.9509,47.8464],[-2.9488,47.8468],[-2.9469,47.8465],[-2.9461,47.845],[-2.9453,47.8438],[-2.9426,47.8424],[-2.9424,47.8398],[-2.943,47.8367],[-2.9425,47.8346],[-2.9419,47.8333],[-2.9418,47.8296],[-2.942,47.8261],[-2.942,47.8247],[-2.9507,47.8171],[-2.963,47.8245],[-2.9762,47.8324]]]},"properties":{"id_ffco":"2025-D56-311","nom":"Floranges Kornevec","_dept":"56","numero":"2025-D56-311","commune":"Camors","echelle":"1/15000","surface":"4.31 km²","format":"A3","annee":"2025","cartographes":"Eric Boulet","proprietaire":"5609 - COURSE D'ORIENTATION EN PAYS DE VANNES","niveau":"Interrégional","specialite":"CO à pied","contacts":"CDCO56, 0297339532, cdco56.1@free.fr, http://morbihan.ffcorientation.fr/","latitude":"47.8316431454","longitude":"-2.95379927705","date_saisie":"03/06/2025","valide":"Non","ppo":"Non","type_carte":"Reprise","base":"2014-D56-162 Alignement de Cornevec","fond":"Ortho","obsolete":false}},{"type":"Feature","geometry":{"type":"Polygon","coordinates":[[[-2.5927,47.7319],[-2.5928,47.7308],[-2.594,47.7282],[-2.5935,47.7274],[-2.5891,47.7278],[-2.589,47.727],[-2.5851,47.7277],[-2.5836,47.7293],[-2.5813,47.7329],[-2.5793,47.7366],[-2.5782,47.738],[-2.5787,47.7389],[-2.5774,47.7395],[-2.5797,47.7415],[-2.5789,47.7423],[-2.581,47.7436],[-2.5838,47.7436],[-2.5872,47.7431],[-2.5874,47.7425],[-2.586,47.7425],[-2.5859,47.7421],[-2.5869,47.7411],[-2.5972,47.7334],[-2.5927,47.7319]]]},"properties":{"id_ffco":"2025-D56-310","nom":"Grand Bourg Elven","_dept":"56","numero":"2025-D56-310","commune":"Elven","echelle":"1/5000","surface":"1.5 km²","format":"A3","annee":"2025","cartographes":"Duboc Michel, Poëdras Daniel","proprietaire":"56 - Morbihan","niveau":"Initiation, Scolaire","specialite":"CO à pied","contacts":"CDCO56, 0297339532, cdco56.1@free.fr, http://morbihan.ffcorientation.fr/ // Mairie d'Elven, Place de Verdun, 56250, ELVEN, 02 97 53 31 13, mairie@elven.fr, https://www.elven.bzh/albums/parcours-dorientation/","latitude":"47.7351950369","longitude":"-2.58649842833","date_saisie":"18/04/2025","date_depot":"01/02/2025","valide":"Non","ppo":"Oui (30 postes)","type_carte":"Reprise","base":"2020-D56-224 Elven","fond":"Ortho","url":"https://www.elven.bzh/albums/parcours-dorientation/","obsolete":false}},{"type":"Feature","geometry":{"type":"Polygon","coordinates":[[[-2.541,47.7554],[-2.5351,47.7572],[-2.5336,47.7568],[-2.5342,47.7542],[-2.5339,47.7525],[-2.5353,47.7512],[-2.5363,47.749],[-2.5379,47.7474],[-2.5387,47.7457],[-2.5394,47.7438],[-2.5389,47.7427],[-2.5387,47.7415],[-2.5387,47.7409],[-2.5422,47.7412],[-2.5427,47.7424],[-2.5446,47.7431],[-2.5446,47.744],[-2.5455,47.7438],[-2.5467,47.7433],[-2.5481,47.7416],[-2.5481,47.741],[-2.5475,47.74],[-2.5457,47.7387],[-2.5454,47.7375],[-2.5467,47.737],[-2.5488,47.7355],[-2.5511,47.735],[-2.552,47.7353],[-2.5535,47.7372],[-2.5533,47.7379],[-2.5551,47.7385],[-2.5549,47.7394],[-2.5538,47.7403],[-2.5517,47.7407],[-2.5488,47.7432],[-2.5463,47.7438],[-2.5448,47.7448],[-2.5459,47.7457],[-2.5461,47.7477],[-2.545,47.7498],[-2.5445,47.752],[-2.5439,47.7535],[-2.5432,47.7542],[-2.5417,47.7539],[-2.5411,47.7551],[-2.541,47.7554]]]},"properties":{"id_ffco":"2025-D56-309","nom":"Bois du Huelfau-Hayo","_dept":"56","numero":"2025-D56-309","commune":"Elven","echelle":"1/10000","surface":"1.34 km²","format":"A3","annee":"2025","cartographes":"Charles Eric, Poëdras Daniel","proprietaire":"56 - Morbihan","niveau":"Initiation, Scolaire","specialite":"CO à pied","contacts":"CDCO56, 0297339532, cdco56.1@free.fr, http://morbihan.ffcorientation.fr/ // Mairie d'Elven, Place de Verdun, 56250, ELVEN, 02 97 53 31 13, mairie@elven.fr, https://www.elven.bzh/albums/parcours-dorientation/","latitude":"47.7465854905","longitude":"-2.5428978415","date_saisie":"18/04/2025","date_depot":"01/02/2025","valide":"Non","ppo":"Oui (30 postes)","type_carte":"Reprise","base":"2018-D56-212 Bois du Huelfau","fond":"Ortho","url":"https://www.elven.bzh/albums/parcours-dorientation/","obsolete":false}},{"type":"Feature","geometry":{"type":"Polygon","coordinates":[[[-3.1864,47.688],[-3.1862,47.6856],[-3.1875,47.684],[-3.1895,47.6832],[-3.1905,47.6814],[-3.189,47.6803],[-3.1874,47.6795],[-3.1858,47.6792],[-3.1823,47.6781],[-3.181,47.6785],[-3.1799,47.6802],[-3.179,47.6806],[-3.1759,47.681],[-3.1788,47.6822],[-3.1809,47.6824],[-3.1833,47.6819],[-3.1832,47.6824],[-3.1831,47.6835],[-3.1834,47.6845],[-3.185,47.6854],[-3.1851,47.6858],[-3.184,47.686],[-3.1834,47.6869],[-3.1835,47.6877],[-3.1844,47.6882],[-3.1855,47.6883],[-3.1864,47.688]]]},"properties":{"id_ffco":"2025-D56-308","nom":"SAINT CADO","_dept":"56","numero":"2025-D56-308","commune":"BELZ","echelle":"1/4000","surface":"0.47 km²","format":"A4","annee":"2025","cartographes":"BOULET Eric","proprietaire":"5609 - COURSE D'ORIENTATION EN PAYS DE VANNES","niveau":"Interrégional","specialite":"CO à pied","contacts":"CDCO56, 0297339532, cdco56.1@free.fr, http://morbihan.ffcorientation.fr/ // Course d'Orientation en pays de Vannes, 31 rue guillaume le bartz, 56000, Vannes, 0622368753, co.vannes56@gmail.com, https://co-vannes.jimdofree.com/","latitude":"47.6821785404","longitude":"-3.18447171168","date_saisie":"07/09/2025","valide":"Non","ppo":"Non","type_carte":"Nouvelle carte","fond":"Ortho","obsolete":false}},{"type":"Feature","geometry":{"type":"Polygon","coordinates":[[[-3.0295,47.7874],[-3.0354,47.7907],[-3.0367,47.7879],[-3.0386,47.7867],[-3.0499,47.7934],[-3.0493,47.795],[-3.0467,47.796],[-3.0424,47.7959],[-3.0391,47.7952],[-3.0363,47.7956],[-3.0352,47.7943],[-3.0304,47.7937],[-3.0247,47.7929],[-3.023,47.7894],[-3.0269,47.789],[-3.0276,47.7866],[-3.0295,47.7874]]]},"properties":{"id_ffco":"2024-D56-307","nom":"Bois de Keronic","_dept":"56","numero":"2024-D56-307","commune":"Pluvigner","echelle":"1/7500","surface":"1.19 km²","format":"A4","annee":"2024","cartographes":"BOULET Eric","proprietaire":"5609 - COURSE D'ORIENTATION EN PAYS DE VANNES","niveau":"Régional","specialite":"CO à pied","contacts":"CDCO56, 0297339532, cdco56.1@free.fr, http://morbihan.ffcorientation.fr/","latitude":"47.7917804757","longitude":"-3.03678620668","date_saisie":"06/02/2025","date_depot":"30/04/2025","valide":"Non","ppo":"Non","type_carte":"Nouvelle carte","fond":"Laser","obsolete":false}},{"type":"Feature","geometry":{"type":"Polygon","coordinates":[[[-3.0354,47.7934],[-3.0352,47.7908],[-3.0318,47.7885],[-3.0291,47.7869],[-3.0278,47.7893],[-3.0277,47.7899],[-3.0275,47.7899],[-3.0255,47.7893],[-3.0236,47.7892],[-3.0232,47.7894],[-3.0232,47.7903],[-3.0222,47.7903],[-3.0221,47.7911],[-3.0236,47.7909],[-3.024,47.7914],[-3.0263,47.791],[-3.0268,47.7903],[-3.0271,47.7917],[-3.0251,47.7919],[-3.0247,47.792],[-3.0246,47.7927],[-3.0263,47.7929],[-3.0299,47.7933],[-3.0354,47.7934]]]},"properties":{"id_ffco":"2024-D56-306","nom":"Chateau de Keronic","_dept":"56","numero":"2024-D56-306","commune":"Pluvigner","echelle":"1/4000","surface":"0.39 km²","format":"A4","annee":"2024","cartographes":"BOULET Eric","proprietaire":"5609 - COURSE D'ORIENTATION EN PAYS DE VANNES","niveau":"Départemental","specialite":"CO à pied","contacts":"CDCO56, 0297339532, cdco56.1@free.fr, http://morbihan.ffcorientation.fr/","latitude":"47.7908787334","longitude":"-3.02969300781","date_saisie":"06/02/2025","date_depot":"30/04/2025","valide":"Non","ppo":"Non","type_carte":"Nouvelle carte","fond":"Ortho","obsolete":false}},{"type":"Feature","geometry":{"type":"Polygon","coordinates":[[[-2.5439,47.9605],[-2.5432,47.9581],[-2.5438,47.9567],[-2.5438,47.9552],[-2.5416,47.9552],[-2.5431,47.9544],[-2.5448,47.9541],[-2.5454,47.9527],[-2.5444,47.9526],[-2.5429,47.9531],[-2.542,47.9539],[-2.5399,47.9546],[-2.5397,47.9561],[-2.5389,47.9561],[-2.5376,47.9594],[-2.5403,47.9612],[-2.5421,47.9613],[-2.5439,47.9605]]]},"properties":{"id_ffco":"2024-D56-305","nom":"Bois d'amour","_dept":"56","numero":"2024-D56-305","commune":"Josselin","echelle":"1/3500","surface":"0.29 km²","format":"A4","annee":"2024","cartographes":"daniel POËDRAS","proprietaire":"56 - Morbihan","niveau":"Initiation, Scolaire","specialite":"CO à pied","contacts":"CDCO56, 0297339532, cdco56.1@free.fr, http://morbihan.ffcorientation.fr/","latitude":"47.9574690895","longitude":"-2.54135631351","date_saisie":"01/09/2024","date_depot":"30/04/2025","valide":"Non","ppo":"Oui (25 postes)","type_carte":"Nouvelle carte","fond":"Ortho","obsolete":false}},{"type":"Feature","geometry":{"type":"Polygon","coordinates":[[[-3.2042,47.6515],[-3.2054,47.6529],[-3.2068,47.6551],[-3.2075,47.657],[-3.2084,47.6597],[-3.2076,47.6614],[-3.2074,47.6621],[-3.206,47.6623],[-3.2035,47.662],[-3.2029,47.664],[-3.2011,47.6632],[-3.2013,47.663],[-3.2011,47.6621],[-3.1999,47.6612],[-3.1992,47.6601],[-3.1987,47.6598],[-3.1999,47.6577],[-3.1986,47.6578],[-3.1985,47.6563],[-3.1965,47.6563],[-3.1956,47.6548],[-3.1948,47.6535],[-3.2042,47.6515]]]},"properties":{"id_ffco":"2025-D56-304","nom":"Etel","_dept":"56","numero":"2025-D56-304","commune":"Etel","echelle":"1/4000","surface":"0.79 km²","format":"A3","annee":"2025","cartographes":"Eric Boulet","proprietaire":"5609 - COURSE D'ORIENTATION EN PAYS DE VANNES","niveau":"Interrégional","specialite":"CO à pied","latitude":"47.6571487522","longitude":"-3.20251195896","date_saisie":"06/02/2025","valide":"Non","ppo":"Non","type_carte":"Nouvelle carte","fond":"Ortho","obsolete":false}},{"type":"Feature","geometry":{"type":"Polygon","coordinates":[[[-2.9312,47.8089],[-2.9326,47.8077],[-2.934,47.8047],[-2.9322,47.8039],[-2.9305,47.8035],[-2.9292,47.8015],[-2.9246,47.8011],[-2.9225,47.7984],[-2.9194,47.8023],[-2.9153,47.8011],[-2.9153,47.802],[-2.9135,47.8017],[-2.9114,47.8024],[-2.9109,47.803],[-2.9078,47.8037],[-2.9057,47.8045],[-2.9044,47.8055],[-2.9024,47.8067],[-2.9019,47.8094],[-2.9033,47.8109],[-2.9056,47.8115],[-2.9066,47.8127],[-2.9079,47.8137],[-2.9086,47.8149],[-2.9092,47.8159],[-2.9111,47.8171],[-2.9136,47.8166],[-2.9163,47.8155],[-2.9171,47.8135],[-2.9166,47.812],[-2.9173,47.8105],[-2.9185,47.8095],[-2.921,47.8087],[-2.9232,47.8085],[-2.9264,47.8087],[-2.9278,47.8079],[-2.9297,47.8084],[-2.9312,47.8089]]]},"properties":{"id_ffco":"2024-D56-303","nom":"Forêt de Lanvaux","_dept":"56","numero":"2024-D56-303","commune":"Bieuzy Lanvaux","echelle":"1/10000","surface":"2.31 km²","format":"A4","annee":"2024","cartographes":"Eric Boulet","proprietaire":"56 - Morbihan","niveau":"Interrégional","specialite":"CO à pied","contacts":"CDCO56, 0297339532, cdco56.1@free.fr, http://morbihan.ffcorientation.fr/","latitude":"47.8073418765","longitude":"-2.91650436937","date_saisie":"12/03/2024","date_depot":"30/04/2025","valide":"Non","ppo":"Non","type_carte":"Reprise","base":"2012-D56-144 Les Sept trous","fond":"Ortho","obsolete":false}},{"type":"Feature","geometry":null,"properties":{"id_ffco":"2024-D56-302","nom":"La Chapelle LocJean 2","_dept":"56","numero":"2024-D56-302","commune":"Riantec","echelle":"1/10000","surface":"None km²","format":"A4","annee":"2024","cartographes":"BOULET Eric","proprietaire":"5604 - CLUB D'ORIENTATION LORIENTAIS","niveau":"Régional","specialite":"CO à pied","contacts":"Club Orientation Lorient, 56100, Lorient, contact@co-lorient.fr","date_saisie":"07/02/2025","date_depot":"30/04/2025","valide":"Non","ppo":"Non","type_carte":"Reprise","base":"2017-D56-195 Chapelle LocJean","fond":"Ortho","obsolete":false}},{"type":"Feature","geometry":{"type":"Polygon","coordinates":[[[-3.3711,47.7491],[-3.3707,47.7481],[-3.3695,47.7473],[-3.3688,47.7458],[-3.3677,47.7451],[-3.3665,47.7445],[-3.3642,47.7439],[-3.3599,47.742],[-3.3584,47.7418],[-3.3559,47.7431],[-3.3543,47.7436],[-3.3511,47.7432],[-3.3498,47.7441],[-3.3508,47.7454],[-3.3551,47.7464],[-3.3583,47.7517],[-3.3604,47.752],[-3.3628,47.7528],[-3.366,47.7516],[-3.3672,47.7506],[-3.3693,47.7506],[-3.3711,47.7491]]]},"properties":{"id_ffco":"2024-D56-301","nom":"Lorient centre","_dept":"56","numero":"2024-D56-301","commune":"Lorient","echelle":"1/4000","surface":"1.04 km²","format":"A4","annee":"2024","cartographes":"BOULET Eric","proprietaire":"5604 - CLUB D'ORIENTATION LORIENTAIS","niveau":"Régional","specialite":"CO à pied","contacts":"Club Orientation Lorient, 56100, Lorient, contact@co-lorient.fr","latitude":"47.7471248758","longitude":"-3.361330684","date_saisie":"07/02/2025","date_depot":"30/04/2025","valide":"Non","ppo":"Non","type_carte":"Nouvelle carte","fond":"Ortho","obsolete":false}},{"type":"Feature","geometry":{"type":"Polygon","coordinates":[[[-2.7678,47.6386],[-2.7667,47.6381],[-2.7634,47.6378],[-2.7635,47.6342],[-2.7635,47.6334],[-2.7624,47.6329],[-2.7637,47.6317],[-2.7673,47.6305],[-2.7681,47.6304],[-2.7709,47.6302],[-2.7734,47.6309],[-2.7765,47.6323],[-2.7783,47.6331],[-2.7752,47.6345],[-2.7751,47.6339],[-2.7753,47.6332],[-2.7741,47.6345],[-2.7728,47.634],[-2.7715,47.6342],[-2.7707,47.6342],[-2.7704,47.6352],[-2.7701,47.6366],[-2.7678,47.6386]]]},"properties":{"id_ffco":"2024-D56-300","nom":"Pointe des émigrés","_dept":"56","numero":"2024-D56-300","commune":"Vannes","echelle":"1/5000","surface":"0.59 km²","format":"A4","annee":"2024","cartographes":"CHARLES Eric, POËDRAS Daniel","proprietaire":"56 - Morbihan","niveau":"Initiation, Scolaire","specialite":"CO à pied","contacts":"CDCO56, 0297339532, cdco56.1@free.fr, http://morbihan.ffcorientation.fr/","latitude":"47.6337780103","longitude":"-2.76879931345","date_saisie":"07/02/2025","date_depot":"30/04/2025","valide":"Non","ppo":"Non","type_carte":"Reprise","base":"2014-D56-166 Pointe des émigrés","fond":"Ortho","obsolete":false}},{"type":"Feature","geometry":{"type":"Polygon","coordinates":[[[-3.1137,47.7619],[-3.1142,47.762],[-3.1152,47.7626],[-3.1161,47.7629],[-3.1173,47.7631],[-3.1172,47.7639],[-3.1167,47.7647],[-3.116,47.765],[-3.1147,47.7653],[-3.1138,47.7646],[-3.1128,47.765],[-3.1119,47.7646],[-3.1111,47.7637],[-3.1116,47.7634],[-3.1111,47.7628],[-3.1137,47.7619]]]},"properties":{"id_ffco":"2024-D56-299","nom":"Espace culturel  Kerverh","_dept":"56","numero":"2024-D56-299","commune":"Landévant","echelle":"1/2500","surface":"0.11 km²","format":"A4","annee":"2024","cartographes":"CHARLES Eric","proprietaire":"56 - Morbihan","niveau":"Initiation, Scolaire","specialite":"CO à pied","contacts":"Mairie Landévant, 15 rue nationale, 56690, Landévant","latitude":"47.763620965","longitude":"-3.1141610641","date_saisie":"07/02/2025","date_depot":"30/04/2025","valide":"Non","ppo":"Non","type_carte":"Nouvelle carte","fond":"Ortho","obsolete":false}},{"type":"Feature","geometry":{"type":"Polygon","coordinates":[[[-2.9789,47.6669],[-2.9804,47.6679],[-2.9815,47.6683],[-2.9824,47.6683],[-2.9836,47.6677],[-2.9844,47.6676],[-2.9857,47.6683],[-2.9873,47.6676],[-2.9883,47.666],[-2.9889,47.6646],[-2.9867,47.6641],[-2.9845,47.6637],[-2.9841,47.6627],[-2.984,47.661],[-2.9807,47.6613],[-2.9801,47.66],[-2.9789,47.66],[-2.9781,47.6602],[-2.9777,47.6619],[-2.9786,47.6638],[-2.9798,47.6662],[-2.9796,47.6664],[-2.9793,47.6662],[-2.9792,47.6656],[-2.9784,47.6644],[-2.9775,47.6636],[-2.9769,47.6628],[-2.9771,47.6611],[-2.9771,47.6606],[-2.9761,47.6608],[-2.9756,47.6635],[-2.9738,47.6624],[-2.9712,47.6638],[-2.9696,47.666],[-2.9736,47.6667],[-2.9768,47.6671],[-2.9789,47.6669]]]},"properties":{"id_ffco":"2024-D56-298","nom":"Auray Historique","_dept":"56","numero":"2024-D56-298","commune":"Auray","echelle":"1/4000","surface":"0.73 km²","format":"A3","annee":"2024","cartographes":"CHARLES Eric, POËDRAS Daniel","proprietaire":"56 - Morbihan","niveau":"Initiation, Scolaire","specialite":"CO à pied","contacts":"Mairie d'Auray, Hotel de ville 100 place de la république, BP 10610, 56406, Auray cedex, https://www.auray.fr/Actualites/Culture/Un-parcours-d-orientation-permanent-a-Auray","latitude":"47.6646586351","longitude":"-2.97978343653","date_saisie":"07/02/2025","date_depot":"30/04/2025","valide":"Non","ppo":"Oui (30 postes)","type_carte":"Nouvelle carte","fond":"Ortho","url":"https://www.auray.fr/Actualites/Culture/Un-parcours-d-orientation-permanent-a-Auray","obsolete":false}},{"type":"Feature","geometry":{"type":"Polygon","coordinates":[[[-2.9768,47.661],[-2.977,47.662],[-2.9782,47.6642],[-2.9793,47.6657],[-2.9794,47.6663],[-2.9789,47.6666],[-2.977,47.6669],[-2.9752,47.6667],[-2.9727,47.6663],[-2.9703,47.6657],[-2.9707,47.6649],[-2.972,47.6641],[-2.9729,47.6642],[-2.9743,47.6629],[-2.9757,47.6639],[-2.9761,47.6633],[-2.9764,47.6617],[-2.9768,47.661]]]},"properties":{"id_ffco":"2024-D56-297","nom":"Auray Saint-Goustan","_dept":"56","numero":"2024-D56-297","commune":"Auray","echelle":"1/4000","surface":"0.21 km²","format":"A4","annee":"2024","cartographes":"CHARLES Eric, POËDRAS Daniel","proprietaire":"56 - Morbihan","niveau":"Initiation, Scolaire","specialite":"CO à pied","contacts":"Mairie d'Auray, Hotel de ville 100 place de la république, BP 10610, 56406, Auray cedex, https://www.auray.fr/Actualites/Culture/Un-parcours-d-orientation-permanent-a-Auray","latitude":"47.6649690926","longitude":"-2.97533203512","date_saisie":"07/02/2025","date_depot":"30/04/2025","valide":"Non","ppo":"Oui (10 postes)","type_carte":"Reprise","base":"2016-D56-177 Auray Saint Goustan","fond":"Ortho","url":"https://www.auray.fr/Actualites/Culture/Un-parcours-d-orientation-permanent-a-Auray","obsolete":false}},{"type":"Feature","geometry":{"type":"Polygon","coordinates":[[[-2.9717,47.6662],[-2.9744,47.6666],[-2.9763,47.6669],[-2.9775,47.6669],[-2.9797,47.6669],[-2.9802,47.6662],[-2.98,47.6654],[-2.9791,47.6635],[-2.9782,47.662],[-2.9786,47.6606],[-2.9765,47.6607],[-2.9766,47.6622],[-2.9767,47.6634],[-2.9771,47.6642],[-2.9772,47.6646],[-2.9781,47.6651],[-2.9786,47.6659],[-2.9784,47.6664],[-2.9776,47.6666],[-2.9759,47.6665],[-2.973,47.666],[-2.971,47.6656],[-2.9703,47.6657],[-2.9705,47.6659],[-2.9717,47.6662]]]},"properties":{"id_ffco":"2024-D56-296","nom":"AURAY PMR","_dept":"56","numero":"2024-D56-296","commune":"Auray","echelle":"1/3000","surface":"0.12 km²","format":"A4","annee":"2024","cartographes":"CHARLES Eric, POËDRAS Daniel","proprietaire":"56 - Morbihan","niveau":"Initiation, Scolaire","specialite":"CO à pied","contacts":"Mairie d'Auray, Hotel de ville 100 place de la république, BP 10610, 56406, Auray cedex, https://www.auray.fr/Actualites/Culture/Un-parcours-d-orientation-permanent-a-Auray","latitude":"47.6641970345","longitude":"-2.97744994147","date_saisie":"06/02/2025","date_depot":"30/04/2025","valide":"Non","ppo":"Oui (10 postes)","type_carte":"Nouvelle carte","fond":"Ortho","url":"https://www.auray.fr/Actualites/Culture/Un-parcours-d-orientation-permanent-a-Auray","obsolete":false}},{"type":"Feature","geometry":{"type":"Polygon","coordinates":[[[-2.9789,47.6669],[-2.9798,47.6664],[-2.9796,47.6654],[-2.9788,47.664],[-2.9778,47.6627],[-2.9777,47.6613],[-2.9779,47.6605],[-2.9798,47.6599],[-2.9803,47.6604],[-2.9808,47.6613],[-2.984,47.6612],[-2.9843,47.6614],[-2.984,47.6623],[-2.9841,47.663],[-2.9847,47.6636],[-2.9854,47.6635],[-2.9874,47.6644],[-2.9888,47.6646],[-2.9884,47.6656],[-2.9876,47.6665],[-2.9873,47.6675],[-2.9862,47.6687],[-2.9854,47.6682],[-2.9839,47.6678],[-2.9821,47.6685],[-2.9804,47.6681],[-2.9789,47.6669]]]},"properties":{"id_ffco":"2024-D56-295","nom":"Auray Centre","_dept":"56","numero":"2024-D56-295","commune":"Auray","echelle":"1/4000","surface":"0.46 km²","format":"A4","annee":"2024","cartographes":"CHARLES Eric, POËDRAS Daniel","proprietaire":"56 - Morbihan","niveau":"Initiation, Scolaire","specialite":"CO à pied","contacts":"Mairie d'Auray, Hotel de ville 100 place de la république, BP 10610, 56406, Auray cedex, https://www.auray.fr/Actualites/Culture/Un-parcours-d-orientation-permanent-a-Auray","latitude":"47.6646631866","longitude":"-2.98266364321","date_saisie":"06/02/2025","date_depot":"30/04/2025","valide":"Non","ppo":"Oui (20 postes)","type_carte":"Nouvelle carte","base":"2016-D56-177 Auray Saint Goustan","fond":"Ortho","url":"https://www.auray.fr/Actualites/Culture/Un-parcours-d-orientation-permanent-a-Auray","obsolete":false}},{"type":"Feature","geometry":{"type":"Polygon","coordinates":[[[-3.2957,47.8055],[-3.295,47.8066],[-3.2944,47.8074],[-3.2939,47.8077],[-3.2937,47.8074],[-3.2937,47.8068],[-3.2932,47.8066],[-3.2929,47.8063],[-3.2925,47.8066],[-3.292,47.8067],[-3.291,47.8066],[-3.2902,47.8064],[-3.2901,47.8062],[-3.2901,47.8056],[-3.2902,47.8053],[-3.2907,47.8052],[-3.2908,47.8044],[-3.2908,47.804],[-3.2918,47.8039],[-3.2922,47.8042],[-3.293,47.8042],[-3.2939,47.8029],[-3.2951,47.8025],[-3.2951,47.803],[-3.2945,47.804],[-3.2953,47.8043],[-3.2951,47.8054],[-3.2957,47.8055]]]},"properties":{"id_ffco":"2024-D56-294","nom":"Parc des sports du Merdy","_dept":"56","numero":"2024-D56-294","commune":"Hennebont","echelle":"1/4000","surface":"0.12 km²","format":"A4","annee":"2024","cartographes":"CHARLES Eric, POËDRAS Daniel","niveau":"Initiation, Scolaire","specialite":"CO à pied","contacts":"CDCO56, 0297339532, cdco56.1@free.fr, http://morbihan.ffcorientation.fr/","latitude":"47.8052363192","longitude":"-3.29309903736","date_saisie":"06/02/2025","date_depot":"30/04/2025","valide":"Non","ppo":"Non","type_carte":"Nouvelle carte","fond":"Ortho","obsolete":false}},{"type":"Feature","geometry":{"type":"Polygon","coordinates":[[[-3.2956,47.8054],[-3.2952,47.8063],[-3.2946,47.8075],[-3.2939,47.8076],[-3.2923,47.8077],[-3.291,47.8075],[-3.2902,47.807],[-3.2885,47.8069],[-3.2875,47.8058],[-3.2866,47.8047],[-3.2874,47.8042],[-3.2905,47.8023],[-3.2907,47.8019],[-3.291,47.8009],[-3.2905,47.7995],[-3.295,47.7985],[-3.2977,47.7978],[-3.298,47.7985],[-3.2974,47.7989],[-3.2996,47.799],[-3.3009,47.7998],[-3.3015,47.8005],[-3.3012,47.8012],[-3.2988,47.8012],[-3.2979,47.8013],[-3.2963,47.8019],[-3.2955,47.8025],[-3.2948,47.8026],[-3.2952,47.8027],[-3.2948,47.804],[-3.2954,47.8044],[-3.2953,47.8051],[-3.2956,47.8054]]]},"properties":{"id_ffco":"2024-D56-293","nom":"Kerlivio","_dept":"56","numero":"2024-D56-293","commune":"Hennebont","echelle":"1/4000","surface":"0.56 km²","format":"A4","annee":"2024","cartographes":"CHARLES Eric, POËDRAS Daniel","proprietaire":"56 - Morbihan","niveau":"Régional","specialite":"Sprint (ISSOM)","contacts":"CDCO56, 0297339532, cdco56.1@free.fr, http://morbihan.ffcorientation.fr/","latitude":"47.8027787266","longitude":"-3.29347247125","date_saisie":"26/10/2024","date_depot":"30/04/2025","valide":"Non","ppo":"Non","type_carte":"Nouvelle carte","fond":"Cadastre","obsolete":false}},{"type":"Feature","geometry":{"type":"Polygon","coordinates":[[[-3.3006,47.8011],[-3.3002,47.7999],[-3.3,47.7993],[-3.2985,47.7989],[-3.298,47.7988],[-3.297,47.7993],[-3.2965,47.7999],[-3.2961,47.8002],[-3.2958,47.8011],[-3.2951,47.8018],[-3.2949,47.802],[-3.2958,47.8022],[-3.2961,47.8019],[-3.2971,47.8015],[-3.2981,47.8013],[-3.3006,47.8011]]]},"properties":{"id_ffco":"2024-D56-292","nom":"Collège Jean-Félix Kerlois","_dept":"56","numero":"2024-D56-292","commune":"Hennebont","echelle":"1/4000","surface":"0.08 km²","format":"A4","annee":"2024","cartographes":"CHRLES Eric","proprietaire":"56 - Morbihan","niveau":"Initiation, Scolaire","specialite":"CO à pied","contacts":"Collège Saint Felix, Kerlois, 56700, Hennebont","latitude":"47.8004087841","longitude":"-3.29795481971","date_saisie":"06/02/2025","date_depot":"30/04/2025","valide":"Non","ppo":"Non","type_carte":"Nouvelle carte","fond":"Ortho","obsolete":false}},{"type":"Feature","geometry":{"type":"Polygon","coordinates":[[[-2.7439,47.7021],[-2.7405,47.6996],[-2.7383,47.6975],[-2.7331,47.6959],[-2.7318,47.6943],[-2.7329,47.6936],[-2.7333,47.6924],[-2.735,47.692],[-2.7367,47.6936],[-2.7389,47.6947],[-2.7406,47.6967],[-2.7427,47.6979],[-2.7435,47.6981],[-2.7438,47.6993],[-2.7449,47.7001],[-2.7439,47.7021]]]},"properties":{"id_ffco":"2023-D56-291","nom":"Bois de Kerozer","_dept":"56","numero":"2023-D56-291","commune":"Saint-Avé","echelle":"1/4000","surface":"0.34 km²","format":"A3","annee":"2023","cartographes":"BOULET Eric","proprietaire":"56 - Morbihan","niveau":"Départemental","specialite":"CO à pied","contacts":"CDCO56, 0297339532, cdco56.1@free.fr, http://morbihan.ffcorientation.fr/","latitude":"47.6965632977","longitude":"-2.73824927645","date_saisie":"06/02/2025","date_depot":"30/04/2025","valide":"Non","ppo":"Non","type_carte":"Reprise","base":"2013-D56-153 Bois de Kerozer","fond":"Ortho","obsolete":false}},{"type":"Feature","geometry":{"type":"Polygon","coordinates":[[[-2.7657,47.6983],[-2.7645,47.6958],[-2.7634,47.6929],[-2.765,47.6905],[-2.7587,47.6904],[-2.7573,47.6908],[-2.7527,47.6898],[-2.7525,47.6919],[-2.7519,47.6944],[-2.7508,47.6966],[-2.7551,47.6969],[-2.7589,47.6983],[-2.761,47.6995],[-2.7623,47.6998],[-2.7654,47.6995],[-2.7657,47.6983]]]},"properties":{"id_ffco":"2023-D56-290","nom":"Bois de Lesvellec","_dept":"56","numero":"2023-D56-290","commune":"Saint-Avé","echelle":"1/10000","surface":"0.82 km²","format":"A4","annee":"2023","cartographes":"BOULET Eric","proprietaire":"5609 - COURSE D'ORIENTATION EN PAYS DE VANNES","niveau":"Régional","specialite":"CO à pied","contacts":"CDCO56, 0297339532, cdco56.1@free.fr, http://morbihan.ffcorientation.fr/","latitude":"47.6945729224","longitude":"-2.7587575001","date_saisie":"06/02/2025","date_depot":"30/04/2025","valide":"Non","ppo":"Non","type_carte":"Reprise","base":"2015-D56-174 Lesvellec","fond":"Ortho","obsolete":false}},{"type":"Feature","geometry":{"type":"Polygon","coordinates":[[[-2.9726,48.0604],[-2.9773,48.0624],[-2.9761,48.0633],[-2.9745,48.0648],[-2.9748,48.0656],[-2.9749,48.0662],[-2.9754,48.067],[-2.9756,48.0685],[-2.9785,48.0681],[-2.98,48.0674],[-2.9797,48.0667],[-2.9786,48.0664],[-2.9788,48.0657],[-2.9793,48.0654],[-2.9817,48.0648],[-2.9819,48.0639],[-2.9789,48.0619],[-2.9734,48.0604],[-2.9726,48.0604]]]},"properties":{"id_ffco":"2023-D56-289","nom":"Pontivy Château d'eau","_dept":"56","numero":"2023-D56-289","commune":"Pontivy","echelle":"1/4000","surface":"0.26 km²","format":"A4","annee":"2023","cartographes":"Eric BOULET","proprietaire":"56 - Morbihan","niveau":"Départemental","specialite":"CO à pied","contacts":"CDCO56, 0297339532, cdco56.1@free.fr, http://morbihan.ffcorientation.fr/","latitude":"48.0647366519","longitude":"-2.97767753348","date_saisie":"21/12/2023","date_depot":"30/04/2025","valide":"Non","ppo":"Non","type_carte":"Nouvelle carte","fond":"Ortho","obsolete":false}},{"type":"Feature","geometry":{"type":"Polygon","coordinates":[[[-3.5491,47.8468],[-3.5473,47.8469],[-3.5467,47.848],[-3.5464,47.8495],[-3.5456,47.8483],[-3.5427,47.8488],[-3.5411,47.8503],[-3.5398,47.8518],[-3.5374,47.8524],[-3.5337,47.8535],[-3.5322,47.8529],[-3.5312,47.8516],[-3.5302,47.8491],[-3.5303,47.8478],[-3.5294,47.8474],[-3.5285,47.8464],[-3.5289,47.8452],[-3.528,47.8442],[-3.5286,47.8435],[-3.5297,47.8431],[-3.5312,47.8435],[-3.5332,47.8421],[-3.5346,47.8401],[-3.5369,47.8386],[-3.5391,47.8374],[-3.5401,47.8358],[-3.5406,47.8327],[-3.541,47.8296],[-3.5406,47.8248],[-3.5405,47.8232],[-3.5376,47.8222],[-3.5347,47.8208],[-3.5345,47.8193],[-3.5372,47.8164],[-3.5358,47.8136],[-3.5366,47.8131],[-3.5424,47.8137],[-3.5471,47.815],[-3.553,47.8157],[-3.5551,47.816],[-3.5572,47.8152],[-3.5602,47.8177],[-3.5624,47.8188],[-3.563,47.819],[-3.5633,47.8255],[-3.5594,47.8297],[-3.5529,47.8366],[-3.5516,47.8431],[-3.5498,47.8468],[-3.5491,47.8468]]]},"properties":{"id_ffco":"2023-D56-288","nom":"Carnoët-forêt domaniale de Toulfoën","_dept":"56","numero":"2023-D56-288","commune":"Quimperlé","echelle":"1/15000","surface":"6.01 km²","format":"A3","annee":"2023","cartographes":"Eric BOULET","proprietaire":"5604 - CLUB D'ORIENTATION LORIENTAIS","niveau":"Interrégional","specialite":"CO à pied","contacts":"Club Orientation Lorient, 56100, Lorient, contact@co-lorient.fr","latitude":"47.8316328321","longitude":"-3.54608922856","date_saisie":"23/03/2023","valide":"Non","ppo":"Non","type_carte":"Nouvelle carte","fond":"Ortho","obsolete":false}},{"type":"Feature","geometry":{"type":"Polygon","coordinates":[[[-3.4945,47.7847],[-3.4935,47.7856],[-3.4939,47.7861],[-3.4937,47.7863],[-3.4921,47.7866],[-3.4915,47.7869],[-3.492,47.7872],[-3.4924,47.7884],[-3.4925,47.7893],[-3.4927,47.7896],[-3.4953,47.7892],[-3.4962,47.789],[-3.4969,47.7884],[-3.4985,47.7882],[-3.4992,47.7888],[-3.5008,47.7906],[-3.5012,47.791],[-3.5015,47.7913],[-3.5019,47.7914],[-3.5024,47.7924],[-3.5028,47.7931],[-3.506,47.7943],[-3.507,47.7932],[-3.507,47.7916],[-3.5066,47.7902],[-3.507,47.7873],[-3.5082,47.7857],[-3.5031,47.7852],[-3.4997,47.7858],[-3.4973,47.7834],[-3.4945,47.7847]]]},"properties":{"id_ffco":"2023-D56-287","nom":"Prat-Foën","_dept":"56","numero":"2023-D56-287","commune":"Guidel","echelle":"1/5000","surface":"0.7 km²","format":"A4","annee":"2023","cartographes":"CHARLES Eric","proprietaire":"56 - Morbihan","niveau":"Initiation, Scolaire","specialite":"CO à pied","contacts":"CDCO56, 0297339532, cdco56.1@free.fr, http://morbihan.ffcorientation.fr/","latitude":"47.7882362039","longitude":"-3.50090975974","date_saisie":"14/12/2023","date_depot":"30/04/2025","valide":"Non","ppo":"Non","type_carte":"Nouvelle carte","fond":"Cadastre","obsolete":false}},{"type":"Feature","geometry":{"type":"Polygon","coordinates":[[[-3.3475,47.9216],[-3.3464,47.9205],[-3.3429,47.9209],[-3.3401,47.9212],[-3.3406,47.922],[-3.3387,47.9218],[-3.3358,47.9216],[-3.3297,47.9218],[-3.3268,47.9225],[-3.3283,47.9259],[-3.3311,47.9256],[-3.3346,47.9267],[-3.3468,47.926],[-3.3475,47.9216]]]},"properties":{"id_ffco":"2023-D56-286","nom":"Bois de COËT FAO 2","_dept":"56","numero":"2023-D56-286","commune":"Plouay","echelle":"1/10000","surface":"0.78 km²","format":"A4","annee":"2023","cartographes":"BOULET Eric","proprietaire":"5604 - CLUB D'ORIENTATION LORIENTAIS","niveau":"Régional","specialite":"CO à pied","contacts":"Club Orientation Lorient, 56100, Lorient, contact@co-lorient.fr","latitude":"47.9237814494","longitude":"-3.33794788844","date_saisie":"14/12/2023","date_depot":"30/04/2025","valide":"Non","ppo":"Non","type_carte":"Reprise","base":"2013-D56-155 Manéhouarn-Coet Fao","fond":"Ortho","obsolete":false}},{"type":"Feature","geometry":{"type":"Polygon","coordinates":[[[-2.4792,47.6573],[-2.4805,47.6559],[-2.4826,47.6541],[-2.4857,47.654],[-2.4883,47.6549],[-2.4927,47.6549],[-2.4922,47.656],[-2.4914,47.6568],[-2.4895,47.6576],[-2.4868,47.6581],[-2.4852,47.6588],[-2.4835,47.6582],[-2.4821,47.6583],[-2.4809,47.6586],[-2.4799,47.6585],[-2.4792,47.6573]]]},"properties":{"id_ffco":"2023-D56-285","nom":"Le galinio","_dept":"56","numero":"2023-D56-285","commune":"Questembert","echelle":"1/4000","surface":"0.35 km²","format":"A4","annee":"2023","cartographes":"CHARLES Eric","proprietaire":"56 - Morbihan","niveau":"Initiation, Scolaire","specialite":"CO à pied","contacts":"CDCO56, 0297339532, cdco56.1@free.fr, http://morbihan.ffcorientation.fr/","latitude":"47.6563557898","longitude":"-2.48546815276","date_saisie":"14/12/2023","date_depot":"30/04/2025","valide":"Non","ppo":"Non","type_carte":"Nouvelle carte","fond":"Cadastre","obsolete":false}},{"type":"Feature","geometry":{"type":"Polygon","coordinates":[[[-2.4777,47.6635],[-2.4762,47.663],[-2.4752,47.6625],[-2.4719,47.6621],[-2.4697,47.6623],[-2.4678,47.6619],[-2.4666,47.6609],[-2.4648,47.66],[-2.463,47.661],[-2.4637,47.6616],[-2.4642,47.6624],[-2.4665,47.6632],[-2.4645,47.6659],[-2.4649,47.6665],[-2.4663,47.6669],[-2.4668,47.666],[-2.4676,47.6649],[-2.4684,47.6643],[-2.4689,47.6642],[-2.4695,47.6644],[-2.4711,47.6643],[-2.473,47.6646],[-2.4744,47.6632],[-2.4777,47.6635]]]},"properties":{"id_ffco":"2023-D56-284","nom":"Etang de Celac","_dept":"56","numero":"2023-D56-284","commune":"Questembert","echelle":"1/3500","surface":"0.26 km²","format":"A4","annee":"2023","cartographes":"CHARLES Eric","proprietaire":"56 - Morbihan","niveau":"Initiation, Scolaire","specialite":"CO à pied","contacts":"CDCO56, 0297339532, cdco56.1@free.fr, http://morbihan.ffcorientation.fr/","latitude":"47.6631973457","longitude":"-2.46855037961","date_saisie":"14/12/2023","date_depot":"30/04/2025","valide":"Non","ppo":"Non","type_carte":"Reprise","base":"2012-D56-148 Etang de Celac","fond":"Cadastre","obsolete":false}},{"type":"Feature","geometry":{"type":"Polygon","coordinates":[[[-2.7981,47.6493],[-2.7978,47.6505],[-2.7988,47.6516],[-2.8011,47.652],[-2.8034,47.6518],[-2.8035,47.6533],[-2.8055,47.6529],[-2.8056,47.6502],[-2.8099,47.6491],[-2.809,47.6459],[-2.7981,47.6493]]]},"properties":{"id_ffco":"2023-D56-283","nom":"Le Vincin","_dept":"56","numero":"2023-D56-283","commune":"Vannes","echelle":"1/4000","surface":"0.36 km²","format":"A4","annee":"2023","cartographes":"Anne CONIEL","proprietaire":"56 - Morbihan","niveau":"Initiation, Scolaire","specialite":"CO à pied","contacts":"CDCO56, 0297339532, cdco56.1@free.fr, http://morbihan.ffcorientation.fr/","latitude":"47.6495161656","longitude":"-2.80398154085","date_saisie":"24/03/2023","valide":"Non","ppo":"Non","type_carte":"Nouvelle carte","fond":"Ortho","obsolete":false}},{"type":"Feature","geometry":{"type":"Polygon","coordinates":[[[-3.3572,47.8112],[-3.3571,47.8101],[-3.3553,47.8098],[-3.3556,47.8085],[-3.3544,47.8083],[-3.3544,47.8078],[-3.3531,47.8079],[-3.3513,47.8077],[-3.3512,47.8071],[-3.3509,47.8061],[-3.3496,47.8056],[-3.3491,47.8059],[-3.3469,47.8062],[-3.3461,47.806],[-3.3448,47.8058],[-3.3447,47.8065],[-3.3447,47.8072],[-3.3473,47.8104],[-3.3478,47.8115],[-3.3491,47.8117],[-3.3502,47.8119],[-3.3506,47.8123],[-3.3516,47.8122],[-3.3551,47.812],[-3.3572,47.8112]]]},"properties":{"id_ffco":"2022-D56-282","nom":"Kergoff-Kerserer-Keroual","_dept":"56","numero":"2022-D56-282","commune":"Caudan","echelle":"1/4000","surface":"0.42 km²","format":"A4","annee":"2022","cartographes":"Eric Charles","proprietaire":"56 - Morbihan","niveau":"Régional","specialite":"CO à pied","contacts":"CDCO56, 0297339532, cdco56.1@free.fr, http://morbihan.ffcorientation.fr/","latitude":"47.8091757946","longitude":"-3.35060428511","date_saisie":"04/09/2022","date_depot":"30/09/2022","valide":"Non","ppo":"Non","type_carte":"Nouvelle carte","fond":"Ortho","obsolete":false}},{"type":"Feature","geometry":{"type":"Polygon","coordinates":[[[-3.4036,47.7331],[-3.4029,47.7322],[-3.4021,47.7316],[-3.401,47.7315],[-3.3999,47.7316],[-3.3991,47.7313],[-3.3978,47.7311],[-3.3975,47.7305],[-3.3959,47.7299],[-3.3966,47.7291],[-3.3964,47.7286],[-3.3976,47.7275],[-3.3981,47.7259],[-3.396,47.7255],[-3.3932,47.7258],[-3.3919,47.7269],[-3.3924,47.7284],[-3.393,47.729],[-3.3956,47.7303],[-3.3977,47.7314],[-3.3991,47.732],[-3.4017,47.732],[-3.403,47.7332],[-3.4036,47.7331]]]},"properties":{"id_ffco":"2022-D56-281","nom":"Etang du Ter le moulin","_dept":"56","numero":"2022-D56-281","commune":"Ploemeur","echelle":"1/4000","surface":"0.2 km²","format":"A3","annee":"2022","cartographes":"Eric Charles","proprietaire":"56 - Morbihan","niveau":"Départemental","specialite":"CO à pied","contacts":"CDCO56, 0297339532, cdco56.1@free.fr, http://morbihan.ffcorientation.fr/","latitude":"47.7283456891","longitude":"-3.39591505073","date_saisie":"04/09/2022","date_depot":"11/09/2022","valide":"Non","ppo":"Non","type_carte":"Nouvelle carte","fond":"Ortho","obsolete":false}},{"type":"Feature","geometry":{"type":"Polygon","coordinates":[[[-2.7584,47.5247],[-2.7545,47.5271],[-2.7531,47.5271],[-2.7537,47.5266],[-2.7541,47.5257],[-2.7525,47.5245],[-2.7527,47.5242],[-2.754,47.5249],[-2.7555,47.5241],[-2.757,47.5234],[-2.7582,47.5242],[-2.7584,47.5247]]]},"properties":{"id_ffco":"2022-D56-280","nom":"Piste BMX","_dept":"56","numero":"2022-D56-280","commune":"Sarzeau","echelle":"1/2500","surface":"0.08 km²","format":"A4","annee":"2022","cartographes":"Eric Charles","proprietaire":"56 - Morbihan","niveau":"Initiation, Scolaire","specialite":"CO à pied","contacts":"CDCO56, 0297339532, cdco56.1@free.fr, http://morbihan.ffcorientation.fr/","latitude":"47.5252112317","longitude":"-2.75558519647","date_saisie":"06/09/2022","date_depot":"30/09/2022","valide":"Non","ppo":"Non","type_carte":"Nouvelle carte","fond":"Ortho","obsolete":false}},{"type":"Feature","geometry":{"type":"Polygon","coordinates":[[[-2.7466,47.6967],[-2.7464,47.6961],[-2.7484,47.6963],[-2.7495,47.6946],[-2.7506,47.6947],[-2.7513,47.6933],[-2.7507,47.6923],[-2.7512,47.6915],[-2.7513,47.6897],[-2.7504,47.6886],[-2.7465,47.6879],[-2.7435,47.6881],[-2.7405,47.688],[-2.7376,47.6867],[-2.7336,47.6859],[-2.7313,47.6873],[-2.728,47.69],[-2.7307,47.6906],[-2.7316,47.6944],[-2.733,47.6938],[-2.7341,47.6923],[-2.7353,47.6918],[-2.7364,47.6936],[-2.7392,47.6947],[-2.7416,47.6969],[-2.745,47.7001],[-2.7463,47.6972],[-2.7466,47.6967]]]},"properties":{"id_ffco":"2023-D56-279","nom":"Saint-Avé","_dept":"56","numero":"2023-D56-279","commune":"Saint-Avé","echelle":"1/4000","surface":"1.37 km²","format":"A3","annee":"2023","cartographes":"Eric BOULET","proprietaire":"5609 - COURSE D'ORIENTATION EN PAYS DE VANNES","niveau":"Régional","specialite":"CO à pied","contacts":"CDCO56, 0297339532, cdco56.1@free.fr, http://morbihan.ffcorientation.fr/","latitude":"47.6916311741","longitude":"-2.74111380517","date_saisie":"02/02/2023","date_depot":"30/04/2025","valide":"Non","ppo":"Non","type_carte":"Nouvelle carte","fond":"Ortho","obsolete":false}},{"type":"Feature","geometry":{"type":"Polygon","coordinates":[[[-2.2033,47.929],[-2.2064,47.9315],[-2.2039,47.9343],[-2.201,47.9374],[-2.1951,47.9388],[-2.1893,47.9395],[-2.1824,47.9398],[-2.1683,47.941],[-2.1644,47.9342],[-2.1624,47.9303],[-2.1631,47.928],[-2.1607,47.9247],[-2.1648,47.9243],[-2.1739,47.9242],[-2.183,47.926],[-2.1904,47.9287],[-2.1954,47.9296],[-2.2033,47.929]]]},"properties":{"id_ffco":"2023-D56-278","nom":"Coëtquidan (B12)","_dept":"56","numero":"2023-D56-278","commune":"GUER","echelle":"1/10000","surface":"4.26 km²","format":"A3","annee":"2023","cartographes":"CHARLES Eric","proprietaire":"56 - Morbihan","niveau":"Régional","specialite":"CO à pied","latitude":"47.9326781329","longitude":"-2.18129884787","date_saisie":"07/09/2025","date_depot":"30/04/2025","valide":"Non","ppo":"Non","type_carte":"Nouvelle carte","fond":"Ortho","obsolete":false}},{"type":"Feature","geometry":{"type":"Polygon","coordinates":[[[-2.9859,48.0876],[-2.9842,48.0849],[-2.9841,48.0826],[-2.9843,48.08],[-2.9852,48.0776],[-2.9844,48.0763],[-2.9818,48.0754],[-2.976,48.0759],[-2.977,48.0773],[-2.9769,48.0785],[-2.9758,48.0794],[-2.9745,48.0814],[-2.9712,48.0829],[-2.9741,48.0873],[-2.9808,48.0863],[-2.9833,48.0894],[-2.9863,48.0886],[-2.9859,48.0876]]]},"properties":{"id_ffco":"2023-D56-277","nom":"Le Gros Chêne","_dept":"56","numero":"2023-D56-277","commune":"Pontivy","echelle":"1/4000","surface":"1.0 km²","format":"A3","annee":"2023","cartographes":"Eric Charles","proprietaire":"56 - Morbihan","niveau":"Départemental","specialite":"CO à pied","latitude":"48.082185778","longitude":"-2.97957062318","date_saisie":"24/03/2023","date_depot":"30/04/2025","valide":"Non","ppo":"Non","type_carte":"Nouvelle carte","fond":"Ortho","obsolete":false}},{"type":"Feature","geometry":{"type":"Polygon","coordinates":[[[-3.2719,48.0288],[-3.2736,48.0272],[-3.2758,48.0256],[-3.2772,48.0251],[-3.2799,48.0242],[-3.2783,48.0226],[-3.2748,48.0214],[-3.2691,48.022],[-3.2687,48.0207],[-3.262,48.0227],[-3.2613,48.0202],[-3.2614,48.0183],[-3.2597,48.0182],[-3.2583,48.0204],[-3.2585,48.0216],[-3.2575,48.0233],[-3.2587,48.0248],[-3.2609,48.0251],[-3.2644,48.0269],[-3.2654,48.0278],[-3.2651,48.0298],[-3.2695,48.0294],[-3.2719,48.0288]]]},"properties":{"id_ffco":"2023-D56-276","nom":"bois de lignol","_dept":"56","numero":"2023-D56-276","commune":"Lignol","echelle":"1/10000","surface":"0.99 km²","format":"A4","annee":"2023","cartographes":"Eric BOULET","proprietaire":"56 - Morbihan","niveau":"Régional","specialite":"CO à pied","contacts":"CDCO56, 0297339532, cdco56.1@free.fr, http://morbihan.ffcorientation.fr/","latitude":"48.0243615453","longitude":"-3.26794680499","date_saisie":"02/02/2023","date_depot":"30/04/2025","valide":"Non","ppo":"Non","type_carte":"Nouvelle carte","fond":"Ortho","obsolete":false}},{"type":"Feature","geometry":{"type":"Polygon","coordinates":[[[-3.3644,47.7096],[-3.3618,47.7078],[-3.3574,47.7053],[-3.3551,47.7033],[-3.3529,47.7034],[-3.3498,47.7039],[-3.3495,47.7047],[-3.3468,47.7052],[-3.345,47.7068],[-3.3452,47.7073],[-3.35,47.7101],[-3.3523,47.7089],[-3.3532,47.7089],[-3.3569,47.7114],[-3.3583,47.7107],[-3.3596,47.7102],[-3.3616,47.7103],[-3.3626,47.7107],[-3.3644,47.7096]]]},"properties":{"id_ffco":"2022-D56-275","nom":"Port-Louis","_dept":"56","numero":"2022-D56-275","commune":"Port-Louis","echelle":"1/4000","surface":"0.7 km²","format":"A4","annee":"2022","cartographes":"Anne Coniel","proprietaire":"5604 - CLUB D'ORIENTATION LORIENTAIS","niveau":"Régional","specialite":"CO à pied","contacts":"Club Orientation Lorient, 56100, Lorient, contact@co-lorient.fr","latitude":"47.7073351552","longitude":"-3.3542148872","date_saisie":"07/09/2022","date_depot":"17/09/2022","valide":"Non","ppo":"Non","type_carte":"Reprise","base":"2014-D56-161 Port-Louis","fond":"Ortho","obsolete":false}},{"type":"Feature","geometry":{"type":"Polygon","coordinates":[[[-3.2923,47.8131],[-3.2914,47.815],[-3.2912,47.8163],[-3.2921,47.8173],[-3.2923,47.8175],[-3.2923,47.8179],[-3.2931,47.8186],[-3.289,47.8184],[-3.288,47.8192],[-3.2885,47.8208],[-3.2875,47.8214],[-3.2869,47.8204],[-3.2863,47.8203],[-3.2862,47.82],[-3.2841,47.8201],[-3.2837,47.8209],[-3.2814,47.821],[-3.2807,47.8197],[-3.2825,47.8189],[-3.2836,47.8184],[-3.2856,47.8174],[-3.2858,47.8161],[-3.2852,47.8148],[-3.2841,47.8134],[-3.2832,47.8119],[-3.2832,47.8107],[-3.2848,47.8111],[-3.2862,47.8105],[-3.2869,47.8118],[-3.2923,47.8131]]]},"properties":{"id_ffco":"2022-D56-274","nom":"Le Hingair","_dept":"56","numero":"2022-D56-274","commune":"Hennebont","echelle":"1/10000","surface":"0.51 km²","format":"A4","annee":"2022","cartographes":"Anne Coniel","proprietaire":"5604 - CLUB D'ORIENTATION LORIENTAIS","niveau":"Régional","specialite":"CO à pied","contacts":"ACOrientation, af.coniel@orange.fr, http://acorientation.com/","latitude":"47.8160520818","longitude":"-3.28719999138","date_saisie":"04/09/2022","date_depot":"18/09/2022","valide":"Non","ppo":"Non","type_carte":"Nouvelle carte","base":"2013-D56-150 Saint Caradec le Talhouët","fond":"Cadastre","obsolete":false}},{"type":"Feature","geometry":{"type":"Polygon","coordinates":[[[-2.7685,47.6378],[-2.7635,47.6377],[-2.7639,47.6334],[-2.7626,47.6329],[-2.7636,47.6319],[-2.7668,47.6307],[-2.7709,47.6304],[-2.7739,47.6312],[-2.775,47.6317],[-2.777,47.6326],[-2.7779,47.6328],[-2.7779,47.633],[-2.7761,47.6337],[-2.7753,47.6336],[-2.7748,47.6338],[-2.7742,47.6337],[-2.774,47.6342],[-2.7736,47.6341],[-2.7728,47.6337],[-2.7723,47.6337],[-2.772,47.634],[-2.7715,47.6341],[-2.7707,47.634],[-2.7701,47.6342],[-2.7702,47.6346],[-2.7698,47.6347],[-2.7691,47.6357],[-2.7685,47.6378]]]},"properties":{"id_ffco":"2022-D56-273","nom":"La pointe des émigrés","_dept":"56","numero":"2022-D56-273","commune":"Vannes","echelle":"1/4000","surface":"0.5 km²","format":"A4","annee":"2022","cartographes":"Anne Coniel","proprietaire":"ACOrientation","niveau":"Départemental","specialite":"CO à pied","latitude":"47.6336233369","longitude":"-2.76865076652","date_saisie":"04/09/2022","valide":"Non","ppo":"Non","type_carte":"Reprise","base":"2014-D56-166 Pointe des émigrés","fond":"Ortho","obsolete":false}},{"type":"Feature","geometry":{"type":"Polygon","coordinates":[[[-2.9684,47.6591],[-2.9693,47.6578],[-2.9698,47.6573],[-2.9687,47.6568],[-2.9691,47.6562],[-2.9707,47.6561],[-2.9721,47.6559],[-2.9735,47.6551],[-2.9744,47.656],[-2.975,47.6563],[-2.9753,47.657],[-2.9759,47.6577],[-2.9762,47.658],[-2.9764,47.6596],[-2.9738,47.6598],[-2.9717,47.6584],[-2.9705,47.6576],[-2.9691,47.6591],[-2.9684,47.6591]]]},"properties":{"id_ffco":"2022-D56-272","nom":"Lycée Kerplouz","_dept":"56","numero":"2022-D56-272","commune":"Auray","echelle":"1/3000","surface":"0.17 km²","format":"A4","annee":"2022","cartographes":"Anne Coniel","proprietaire":"ACOrientation","niveau":"Initiation, Scolaire","specialite":"CO à pied","latitude":"47.6575934537","longitude":"-2.97288686732","date_saisie":"04/09/2022","valide":"Non","ppo":"Non","type_carte":"Nouvelle carte","fond":"Ortho","obsolete":false}},{"type":"Feature","geometry":{"type":"Polygon","coordinates":[[[-2.7706,47.6503],[-2.7703,47.6476],[-2.7703,47.6458],[-2.7705,47.6454],[-2.7711,47.6445],[-2.7711,47.644],[-2.7716,47.6429],[-2.7717,47.6423],[-2.7712,47.6416],[-2.7705,47.6412],[-2.7707,47.6411],[-2.7743,47.6416],[-2.7756,47.642],[-2.7764,47.6422],[-2.7789,47.6446],[-2.7814,47.642],[-2.782,47.6422],[-2.7832,47.6425],[-2.7836,47.6433],[-2.7835,47.6443],[-2.783,47.6447],[-2.7842,47.6452],[-2.7843,47.646],[-2.7841,47.6466],[-2.7832,47.6467],[-2.7823,47.6477],[-2.78,47.6485],[-2.7785,47.6493],[-2.7767,47.6506],[-2.7743,47.6509],[-2.7726,47.6511],[-2.7712,47.6518],[-2.7704,47.6519],[-2.7706,47.6503]]]},"properties":{"id_ffco":"2022-D56-271","nom":"Kercado","_dept":"56","numero":"2022-D56-271","commune":"Vannes","echelle":"1/4000","surface":"0.8 km²","format":"A4","annee":"2022","cartographes":"Eric Charles","proprietaire":"5609 - COURSE D'ORIENTATION EN PAYS DE VANNES","niveau":"Régional","specialite":"CO à pied","contacts":"CDCO56, 0297339532, cdco56.1@free.fr, http://morbihan.ffcorientation.fr/","latitude":"47.6462633086","longitude":"-2.77616298749","date_saisie":"04/09/2022","date_depot":"30/09/2022","valide":"Non","ppo":"Non","type_carte":"Nouvelle carte","fond":"Ortho","obsolete":false}},{"type":"Feature","geometry":{"type":"Polygon","coordinates":[[[-2.7623,47.655],[-2.7628,47.6541],[-2.7635,47.6541],[-2.7645,47.6522],[-2.764,47.6514],[-2.7623,47.6513],[-2.7619,47.6517],[-2.7621,47.6538],[-2.7601,47.6533],[-2.7599,47.6544],[-2.7607,47.6548],[-2.7623,47.655]]]},"properties":{"id_ffco":"2022-D56-270","nom":"Saint François-Xavier","_dept":"56","numero":"2022-D56-270","commune":"Vannes","echelle":"1/2000","surface":"0.07 km²","format":"A4","annee":"2022","cartographes":"Anne Coniel","proprietaire":"ACOrientation","niveau":"Initiation, Scolaire","specialite":"CO à pied","latitude":"47.6531925809","longitude":"-2.76241332677","date_saisie":"17/08/2022","valide":"Non","ppo":"Non","type_carte":"Nouvelle carte","fond":"Ortho","obsolete":false}},{"type":"Feature","geometry":{"type":"Polygon","coordinates":[[[-3.3515,47.7242],[-3.3513,47.7234],[-3.3497,47.7232],[-3.3467,47.7227],[-3.3439,47.7223],[-3.3435,47.7236],[-3.3414,47.7234],[-3.3394,47.723],[-3.338,47.723],[-3.3373,47.7255],[-3.3375,47.7266],[-3.3362,47.7287],[-3.3398,47.7301],[-3.3412,47.7307],[-3.343,47.7321],[-3.3422,47.7352],[-3.3431,47.7355],[-3.3471,47.7348],[-3.3485,47.7344],[-3.3482,47.7333],[-3.3489,47.7326],[-3.3499,47.7311],[-3.3501,47.7287],[-3.3495,47.728],[-3.3479,47.7288],[-3.3463,47.7297],[-3.3448,47.728],[-3.345,47.7266],[-3.347,47.7258],[-3.3491,47.7249],[-3.3501,47.7242],[-3.3509,47.7244],[-3.3515,47.7242]]]},"properties":{"id_ffco":"2022-D56-269","nom":"Locmiquélic","_dept":"56","numero":"2022-D56-269","commune":"Locmiquélic","echelle":"1/4000","surface":"0.9 km²","format":"A4","annee":"2022","cartographes":"Eric Boulet","proprietaire":"5604 - CLUB D'ORIENTATION LORIENTAIS","niveau":"Régional","specialite":"CO à pied","contacts":"Club Orientation Lorient, 56100, Lorient, contact@co-lorient.fr","latitude":"47.728215068","longitude":"-3.34381343095","date_saisie":"01/08/2022","date_depot":"17/09/2022","valide":"Non","ppo":"Non","type_carte":"Nouvelle carte","fond":"Ortho","obsolete":false}},{"type":"Feature","geometry":{"type":"Polygon","coordinates":[[[-3.5386,47.8321],[-3.5378,47.834],[-3.5361,47.8346],[-3.535,47.8354],[-3.5331,47.8364],[-3.5329,47.8375],[-3.5296,47.8379],[-3.5284,47.8402],[-3.5271,47.8404],[-3.5243,47.8391],[-3.5226,47.8393],[-3.5222,47.8401],[-3.5232,47.8415],[-3.5241,47.8421],[-3.5253,47.8431],[-3.527,47.8427],[-3.5292,47.8421],[-3.5312,47.8406],[-3.5335,47.8403],[-3.5341,47.8393],[-3.536,47.8377],[-3.5374,47.837],[-3.5391,47.836],[-3.5399,47.8323],[-3.5386,47.8321]]]},"properties":{"id_ffco":"2022-D56-268","nom":"Pentes de Locmaria","_dept":"56","numero":"2022-D56-268","commune":"Guidel","echelle":"1/7500","surface":"0.44 km²","format":"A4","annee":"2022","cartographes":"Eric Boulet","proprietaire":"5604 - CLUB D'ORIENTATION LORIENTAIS","niveau":"Départemental","specialite":"CO à pied","contacts":"Club Orientation Lorient, 56100, Lorient, contact@co-lorient.fr","latitude":"47.8385705321","longitude":"-3.53141030268","date_saisie":"01/08/2022","date_depot":"17/09/2022","valide":"Non","ppo":"Non","type_carte":"Nouvelle carte","fond":"Ortho","obsolete":false}},{"type":"Feature","geometry":{"type":"Polygon","coordinates":[[[-2.9669,47.8296],[-2.9415,47.8294],[-2.9417,47.8319],[-2.9404,47.8327],[-2.9418,47.8345],[-2.9422,47.8419],[-2.9421,47.8429],[-2.9399,47.8426],[-2.9379,47.8419],[-2.9364,47.8407],[-2.9348,47.8405],[-2.9328,47.8406],[-2.9327,47.8419],[-2.932,47.8433],[-2.9323,47.8452],[-2.9325,47.8467],[-2.9338,47.8468],[-2.9364,47.8468],[-2.9393,47.847],[-2.9398,47.8477],[-2.9409,47.8478],[-2.9445,47.8475],[-2.9441,47.8454],[-2.9459,47.8449],[-2.9471,47.847],[-2.9501,47.8473],[-2.9519,47.8459],[-2.9539,47.8438],[-2.9547,47.8418],[-2.9638,47.8412],[-2.9632,47.8397],[-2.9626,47.8388],[-2.9629,47.8379],[-2.9642,47.8376],[-2.9638,47.8366],[-2.9643,47.835],[-2.9679,47.8307],[-2.9669,47.8296]]]},"properties":{"id_ffco":"2021-D56-267","nom":"Floranges La Chapelle Neuve","_dept":"56","numero":"2021-D56-267","commune":"la Chapelle Neuve","echelle":"1/10000","surface":"3.24 km²","format":"A4","annee":"2021","cartographes":"Michel Duboc, Daniel POËDRAS","proprietaire":"56 - Morbihan","niveau":"Régional","specialite":"CO à pied","contacts":"CDCO56, 0297339532, cdco56.1@free.fr, http://morbihan.ffcorientation.fr/","latitude":"47.8378096208","longitude":"-2.9501796219","date_saisie":"07/03/2022","date_depot":"14/05/2022","valide":"Non","ppo":"Non","type_carte":"Nouvelle carte","fond":"Ortho","obsolete":false}},{"type":"Feature","geometry":{"type":"Polygon","coordinates":[[[-2.6625,47.7046],[-2.6616,47.7045],[-2.6608,47.7045],[-2.6607,47.7042],[-2.6599,47.7042],[-2.6596,47.7043],[-2.6594,47.7042],[-2.6591,47.7041],[-2.659,47.7043],[-2.6587,47.7041],[-2.6576,47.7032],[-2.6587,47.7026],[-2.6604,47.7031],[-2.6621,47.7038],[-2.6626,47.704],[-2.6629,47.7045],[-2.663,47.7048],[-2.6626,47.7049],[-2.6625,47.7046]]]},"properties":{"id_ffco":"2022-D56-266","nom":"Saint-nolff parc","_dept":"56","numero":"2022-D56-266","commune":"Saint-Nolff","echelle":"1/2000","surface":"0.04 km²","format":"A4","annee":"2022","cartographes":"Eric Boulet","proprietaire":"56 - Morbihan","niveau":"Initiation, Scolaire","specialite":"CO à pied","contacts":"CDCO56, 0297339532, cdco56.1@free.fr, http://morbihan.ffcorientation.fr/","latitude":"47.7037064814","longitude":"-2.66016334014","date_saisie":"01/08/2022","date_depot":"01/06/2022","valide":"Non","ppo":"Oui","type_carte":"Nouvelle carte","fond":"Ortho","obsolete":false}},{"type":"Feature","geometry":{"type":"Polygon","coordinates":[[[-2.946,47.845],[-2.9442,47.8455],[-2.9449,47.847],[-2.9435,47.8478],[-2.9408,47.848],[-2.9392,47.8475],[-2.937,47.8468],[-2.9343,47.8466],[-2.9328,47.846],[-2.9316,47.8448],[-2.9306,47.845],[-2.9301,47.8432],[-2.9297,47.8395],[-2.9284,47.8396],[-2.9275,47.8398],[-2.9275,47.8412],[-2.9239,47.8421],[-2.9236,47.8431],[-2.9225,47.8435],[-2.9223,47.8441],[-2.9215,47.845],[-2.9188,47.846],[-2.9179,47.8442],[-2.9175,47.8429],[-2.9161,47.8418],[-2.9144,47.8406],[-2.9156,47.8398],[-2.9197,47.8396],[-2.919,47.8379],[-2.9192,47.8364],[-2.9232,47.8354],[-2.9272,47.8381],[-2.9305,47.8375],[-2.9317,47.8382],[-2.9347,47.8392],[-2.9375,47.8395],[-2.9393,47.8416],[-2.9423,47.8425],[-2.9446,47.8433],[-2.946,47.845]]]},"properties":{"id_ffco":"2021-D56-265","nom":"Le rocher de Kervadail","_dept":"56","numero":"2021-D56-265","commune":"La chapelle Neuve","echelle":"1/10000","surface":"1.43 km²","format":"A4","annee":"2021","cartographes":"Michel Duboc","proprietaire":"56 - Morbihan","niveau":"Interrégional","specialite":"CO à pied","contacts":"CDCO56, 0297339532, cdco56.1@free.fr, http://morbihan.ffcorientation.fr/","latitude":"47.8420026981","longitude":"-2.93032038388","date_saisie":"11/01/2022","date_depot":"31/12/2022","valide":"Non","ppo":"Non","type_carte":"Nouvelle carte","fond":"Ortho","obsolete":false}},{"type":"Feature","geometry":{"type":"Polygon","coordinates":[[[-2.9787,47.6667],[-2.9763,47.6655],[-2.9764,47.6651],[-2.9773,47.6648],[-2.9773,47.6646],[-2.9768,47.6643],[-2.9775,47.6638],[-2.9778,47.6637],[-2.9794,47.6635],[-2.9803,47.6633],[-2.9812,47.6632],[-2.9818,47.6639],[-2.9823,47.6644],[-2.9824,47.6648],[-2.9823,47.6655],[-2.982,47.6655],[-2.9821,47.6665],[-2.9814,47.6665],[-2.9803,47.6668],[-2.9797,47.6669],[-2.9787,47.6667]]]},"properties":{"id_ffco":"2021-D56-264","nom":"Auray Le Loch 2","_dept":"56","numero":"2021-D56-264","commune":"Auray","echelle":"1/2000","surface":"0.13 km²","format":"A4","annee":"2021","cartographes":"Daniel POËDRAS","proprietaire":"56 - Morbihan","niveau":"Initiation, Scolaire","specialite":"CO à pied","contacts":"CDCO56, 0297339532, cdco56.1@free.fr, http://morbihan.ffcorientation.fr/","latitude":"47.665059342","longitude":"-2.97962345222","date_saisie":"07/03/2022","date_depot":"01/02/2022","valide":"Non","ppo":"Non","type_carte":"Extrait","base":"2016-D56-177 Auray Saint Goustan","fond":"Ortho","obsolete":false}},{"type":"Feature","geometry":{"type":"Polygon","coordinates":[[[-2.9823,47.6653],[-2.9804,47.6653],[-2.981,47.6665],[-2.9798,47.6666],[-2.9798,47.6663],[-2.9796,47.6654],[-2.9793,47.6647],[-2.9788,47.6641],[-2.9787,47.6637],[-2.9811,47.6632],[-2.9819,47.664],[-2.9823,47.6644],[-2.9823,47.6653]]]},"properties":{"id_ffco":"2021-D56-263","nom":"Auray Le loch 1","_dept":"56","numero":"2021-D56-263","commune":"Auray","echelle":"1/1500","surface":"0.06 km²","format":"A4","annee":"2021","cartographes":"Daniel POËDRAS","proprietaire":"56 - Morbihan","niveau":"Initiation, Scolaire","specialite":"CO à pied","contacts":"CDCO56, 0297339532, cdco56.1@free.fr, http://morbihan.ffcorientation.fr/","latitude":"47.6646767999","longitude":"-2.98052809337","date_saisie":"07/03/2022","date_depot":"01/02/2022","valide":"Non","ppo":"Non","type_carte":"Extrait","base":"2016-D56-177 Auray Saint Goustan","fond":"Ortho","obsolete":false}},{"type":"Feature","geometry":{"type":"Polygon","coordinates":[[[-3.4026,47.7332],[-3.4038,47.7328],[-3.4042,47.7322],[-3.4052,47.7321],[-3.4113,47.7315],[-3.412,47.732],[-3.4165,47.732],[-3.4169,47.7336],[-3.4171,47.7344],[-3.4169,47.7372],[-3.4166,47.7379],[-3.4154,47.7394],[-3.4144,47.7395],[-3.412,47.7395],[-3.4105,47.7392],[-3.4094,47.7385],[-3.4087,47.7391],[-3.4079,47.7403],[-3.4061,47.7412],[-3.4018,47.7431],[-3.4015,47.7421],[-3.4004,47.7414],[-3.4002,47.7401],[-3.3985,47.7405],[-3.396,47.7411],[-3.3957,47.7402],[-3.3944,47.7396],[-3.3928,47.739],[-3.3918,47.7388],[-3.3913,47.7377],[-3.392,47.7375],[-3.3962,47.737],[-3.3962,47.7366],[-3.3969,47.7357],[-3.3969,47.7349],[-3.396,47.7344],[-3.3963,47.7331],[-3.3978,47.7326],[-3.4007,47.7323],[-3.4026,47.7332]]]},"properties":{"id_ffco":"2021-D56-262","nom":"Etang du Ter","_dept":"56","numero":"2021-D56-262","commune":"Lorient","echelle":"1/7500","surface":"1.5 km²","format":"A3","annee":"2021","cartographes":"Eric Charles","proprietaire":"5604 - CLUB D'ORIENTATION LORIENTAIS","niveau":"Départemental","specialite":"CO à pied","contacts":"Club Orientation Lorient, 56100, Lorient, contact@co-lorient.fr","latitude":"47.7365267829","longitude":"-3.4055107915","date_saisie":"11/01/2022","valide":"Non","ppo":"Non","type_carte":"Reprise","base":"2021-D56-239 Etang du ter","fond":"Ortho","obsolete":false}},{"type":"Feature","geometry":{"type":"Polygon","coordinates":[[[-3.4223,47.7026],[-3.4212,47.7016],[-3.4206,47.701],[-3.4186,47.7008],[-3.4175,47.7005],[-3.4161,47.7004],[-3.415,47.7006],[-3.4142,47.7014],[-3.4144,47.7022],[-3.4155,47.7047],[-3.416,47.7061],[-3.4189,47.7055],[-3.4203,47.7052],[-3.4208,47.7058],[-3.4219,47.7058],[-3.4209,47.7037],[-3.4223,47.7026]]]},"properties":{"id_ffco":"2022-D56-261","nom":"Centre de Kerpape","_dept":"56","numero":"2022-D56-261","commune":"Ploemeur","echelle":"1/4000","surface":"0.27 km²","format":"A4","annee":"2022","cartographes":"Eric Boulet","proprietaire":"56 - Morbihan","niveau":"Régional","specialite":"CO à pied","contacts":"Club Orientation Lorient, 56100, Lorient, contact@co-lorient.fr","latitude":"47.7030922787","longitude":"-3.41807780908","date_saisie":"11/01/2022","date_depot":"31/03/2022","valide":"Non","ppo":"Non","type_carte":"Reprise","base":"2008-D56-115 Centre de Kerpape","fond":"Ortho","obsolete":false}},{"type":"Feature","geometry":{"type":"Polygon","coordinates":[[[-3.3805,47.7625],[-3.3788,47.7646],[-3.3775,47.7667],[-3.377,47.7681],[-3.3754,47.7689],[-3.3741,47.7681],[-3.373,47.7677],[-3.3717,47.7683],[-3.3685,47.7669],[-3.3684,47.7658],[-3.3677,47.7654],[-3.3679,47.7638],[-3.3672,47.7633],[-3.3666,47.7614],[-3.3699,47.7608],[-3.3707,47.7613],[-3.3738,47.7609],[-3.3756,47.7613],[-3.3757,47.7616],[-3.3774,47.7617],[-3.3805,47.7625]]]},"properties":{"id_ffco":"2021-D56-260","nom":"Bois du château","_dept":"56","numero":"2021-D56-260","commune":"Lorient","echelle":"1/4000","surface":"0.61 km²","format":"A3","annee":"2021","cartographes":"Eric Boulet","proprietaire":"56 - Morbihan","niveau":"Interrégional","specialite":"CO à pied","contacts":"CDCO56, 0297339532, cdco56.1@free.fr, http://morbihan.ffcorientation.fr/","latitude":"47.7643885426","longitude":"-3.3732057044","date_saisie":"11/01/2022","date_depot":"31/03/2022","valide":"Non","ppo":"Non","type_carte":"Reprise","base":"2011-D56-146 Bois du Chateau","fond":"Ortho","obsolete":false}},{"type":"Feature","geometry":{"type":"Polygon","coordinates":[[[-3.3706,47.7525],[-3.3733,47.749],[-3.372,47.7483],[-3.3705,47.7481],[-3.3691,47.7474],[-3.3677,47.7459],[-3.367,47.7458],[-3.3659,47.7467],[-3.361,47.7448],[-3.3602,47.746],[-3.3649,47.7481],[-3.366,47.7502],[-3.3706,47.7525]]]},"properties":{"id_ffco":"2021-D56-259","nom":"Parc du Moustoir & place Jules Ferry","_dept":"56","numero":"2021-D56-259","commune":"Lorient","echelle":"1/4000","surface":"0.31 km²","format":"A4","annee":"2021","cartographes":"Eric Boulet","proprietaire":"56 - Morbihan","niveau":"Régional","specialite":"CO à pied","contacts":"CDCO56, 0297339532, cdco56.1@free.fr, http://morbihan.ffcorientation.fr/","latitude":"47.74857833","longitude":"-3.36757892182","date_saisie":"11/01/2022","date_depot":"31/03/2022","valide":"Non","ppo":"Non","type_carte":"Reprise","base":"2009-D56-117 Parc du Moustoir","fond":"Ortho","obsolete":false}},{"type":"Feature","geometry":{"type":"Polygon","coordinates":[[[-3.3386,47.767],[-3.3439,47.7618],[-3.3463,47.7596],[-3.3484,47.7583],[-3.3502,47.7579],[-3.3517,47.7581],[-3.3539,47.7607],[-3.3548,47.7613],[-3.354,47.7615],[-3.3532,47.7621],[-3.3538,47.763],[-3.3513,47.7646],[-3.3507,47.7657],[-3.3494,47.7664],[-3.3452,47.7669],[-3.3449,47.7686],[-3.3386,47.767]]]},"properties":{"id_ffco":"2021-D56-258","nom":"Lanester Centre","_dept":"56","numero":"2021-D56-258","commune":"Lanester","echelle":"1/4000","surface":"0.71 km²","format":"A3","annee":"2021","cartographes":"Eric Boulet","proprietaire":"56 - Morbihan","niveau":"Interrégional","specialite":"CO à pied","contacts":"CDCO56, 0297339532, cdco56.1@free.fr, http://morbihan.ffcorientation.fr/","latitude":"47.7632790069","longitude":"-3.3472138531","date_saisie":"11/01/2022","date_depot":"31/03/2022","valide":"Non","ppo":"Non","type_carte":"Reprise","base":"2007-D56-119 centre ville Lanester","fond":"Ortho","obsolete":false}},{"type":"Feature","geometry":{"type":"Polygon","coordinates":[[[-2.854,47.5907],[-2.8533,47.5905],[-2.8524,47.5904],[-2.8523,47.5901],[-2.8525,47.5896],[-2.8526,47.5893],[-2.8519,47.5889],[-2.8504,47.5884],[-2.8492,47.5878],[-2.8488,47.5881],[-2.8482,47.5884],[-2.8477,47.5888],[-2.8474,47.5893],[-2.8466,47.5899],[-2.846,47.5903],[-2.847,47.5911],[-2.8478,47.5917],[-2.8475,47.5923],[-2.8484,47.5925],[-2.8495,47.5927],[-2.851,47.5929],[-2.8513,47.5924],[-2.8516,47.5922],[-2.8532,47.5919],[-2.8531,47.5915],[-2.8535,47.591],[-2.854,47.5907]]]},"properties":{"id_ffco":"2021-D56-257","nom":"Le Cromlech l'île aux moines","_dept":"56","numero":"2021-D56-257","commune":"L'île aux moines","echelle":"1/2500","surface":"0.19 km²","format":"A4","annee":"2021","cartographes":"Eric Charles","proprietaire":"56 - Morbihan","niveau":"Initiation, Scolaire","specialite":"CO à pied","contacts":"CDCO56, 0297339532, cdco56.1@free.fr, http://morbihan.ffcorientation.fr/","latitude":"47.5905226633","longitude":"-2.84989209829","date_saisie":"03/12/2021","date_depot":"31/08/2022","valide":"Non","ppo":"Non","type_carte":"Nouvelle carte","fond":"Ortho","obsolete":false}},{"type":"Feature","geometry":{"type":"Polygon","coordinates":[[[-3.31,47.7754],[-3.31,47.7778],[-3.3142,47.7775],[-3.3162,47.7767],[-3.3179,47.7756],[-3.319,47.7748],[-3.3195,47.774],[-3.319,47.7734],[-3.3191,47.773],[-3.3178,47.7727],[-3.3172,47.772],[-3.3162,47.7721],[-3.3166,47.773],[-3.3146,47.7731],[-3.3147,47.7737],[-3.3121,47.7742],[-3.3121,47.7744],[-3.3116,47.7746],[-3.3116,47.7752],[-3.31,47.7754]]]},"properties":{"id_ffco":"2022-D56-256","nom":"Centre de loisirs Saint-Niau","_dept":"56","numero":"2022-D56-256","commune":"Lanester","echelle":"1/3000","surface":"0.25 km²","format":"A4","annee":"2022","cartographes":"Eric Charles","proprietaire":"5604 - CLUB D'ORIENTATION LORIENTAIS","niveau":"Initiation, Scolaire","specialite":"CO à pied","contacts":"Club Orientation Lorient, 56100, Lorient, contact@co-lorient.fr","latitude":"47.7752136678","longitude":"-3.31466871228","date_saisie":"11/01/2022","date_depot":"31/03/2022","valide":"Non","ppo":"Non","type_carte":"Reprise","base":"2009-D56-128 Centre de loisirs de Saint Niau (Lanester)","fond":"Ortho","obsolete":false}},{"type":"Feature","geometry":{"type":"Polygon","coordinates":[[[-2.4015,47.7518],[-2.4001,47.7477],[-2.3953,47.7493],[-2.3956,47.7536],[-2.396,47.7557],[-2.3982,47.7565],[-2.4002,47.7573],[-2.3987,47.7611],[-2.3935,47.7599],[-2.3917,47.7601],[-2.3902,47.7609],[-2.3896,47.7618],[-2.3897,47.7635],[-2.3891,47.7641],[-2.3914,47.7661],[-2.3913,47.7673],[-2.3887,47.7689],[-2.3887,47.7724],[-2.3963,47.7715],[-2.3966,47.7707],[-2.3977,47.7693],[-2.3972,47.7685],[-2.3973,47.7662],[-2.4001,47.7655],[-2.4035,47.766],[-2.4054,47.7666],[-2.4067,47.765],[-2.4116,47.7664],[-2.4117,47.7652],[-2.4136,47.7642],[-2.4162,47.7638],[-2.4187,47.7623],[-2.4197,47.7601],[-2.4225,47.7586],[-2.4238,47.7582],[-2.4313,47.756],[-2.4314,47.7531],[-2.4226,47.7532],[-2.4143,47.7529],[-2.4101,47.7537],[-2.4069,47.7539],[-2.4016,47.7536],[-2.4015,47.7518]]]},"properties":{"id_ffco":"2021-D56-255","nom":"La pierre branlante","_dept":"56","numero":"2021-D56-255","commune":"Pleucadeuc","echelle":"1/10000","surface":"3.51 km²","format":"A3","annee":"2021","cartographes":"Duboc Michel","proprietaire":"56 - Morbihan","niveau":"Régional","specialite":"CO à pied","contacts":"CDCO56, 0297339532, cdco56.1@free.fr, http://morbihan.ffcorientation.fr/","latitude":"47.7596382393","longitude":"-2.40664190053","date_saisie":"11/01/2022","date_depot":"01/06/2022","valide":"Non","ppo":"Non","type_carte":"Nouvelle carte","fond":"Ortho","obsolete":false}},{"type":"Feature","geometry":{"type":"Polygon","coordinates":[[[-3.3511,47.9172],[-3.3511,47.9175],[-3.3513,47.9179],[-3.3529,47.9181],[-3.3534,47.9195],[-3.3524,47.9197],[-3.352,47.9188],[-3.3513,47.9189],[-3.3518,47.9202],[-3.3514,47.9207],[-3.3505,47.9209],[-3.35,47.9216],[-3.3485,47.9222],[-3.3468,47.9215],[-3.3418,47.9189],[-3.3419,47.9186],[-3.3423,47.9181],[-3.3429,47.9181],[-3.343,47.9166],[-3.343,47.9157],[-3.3421,47.9152],[-3.3421,47.9148],[-3.3451,47.9142],[-3.3487,47.9143],[-3.3508,47.9146],[-3.3514,47.9166],[-3.3511,47.9172]]]},"properties":{"id_ffco":"2021-D56-253","nom":"Parc de Manéhouarn","_dept":"56","numero":"2021-D56-253","commune":"Plouay","echelle":"1/4000","surface":"0.5 km²","format":"A4","annee":"2021","cartographes":"Anne Coniel","proprietaire":"ACOrientation","niveau":"Départemental","specialite":"CO à pied","latitude":"47.9178345453","longitude":"-3.34734948827","date_saisie":"03/09/2022","valide":"Non","ppo":"Non","type_carte":"Reprise","base":"2013-D56-155 Manéhouarn-Coet Fao","fond":"Ortho","obsolete":false}},{"type":"Feature","geometry":{"type":"Polygon","coordinates":[[[-2.6503,47.7023],[-2.6512,47.7034],[-2.6518,47.7035],[-2.6526,47.7036],[-2.6543,47.7037],[-2.6552,47.7036],[-2.6555,47.7035],[-2.6564,47.7032],[-2.6572,47.7032],[-2.6575,47.7034],[-2.6577,47.7036],[-2.6586,47.7041],[-2.6594,47.7053],[-2.6606,47.7052],[-2.6618,47.7052],[-2.6618,47.7039],[-2.6618,47.7037],[-2.6608,47.7033],[-2.6595,47.7029],[-2.6588,47.7025],[-2.6569,47.7021],[-2.6545,47.7019],[-2.6531,47.7019],[-2.6503,47.7022],[-2.6503,47.7023]]]},"properties":{"id_ffco":"2021-D56-252","nom":"Saint-Nolff Lac","_dept":"56","numero":"2021-D56-252","commune":"Saint-Nolff","echelle":"1/2000","surface":"0.15 km²","format":"A4","annee":"2021","cartographes":"Eric Boulet","proprietaire":"56 - Morbihan","niveau":"Initiation, Scolaire","specialite":"CO à pied","contacts":"CDCO56, 0297339532, cdco56.1@free.fr, http://morbihan.ffcorientation.fr/","latitude":"47.7032616851","longitude":"-2.6565528741","date_saisie":"03/12/2021","date_depot":"01/06/2022","valide":"Non","ppo":"Non","type_carte":"Nouvelle carte","fond":"Ortho","obsolete":false}},{"type":"Feature","geometry":{"type":"Polygon","coordinates":[[[-2.6562,47.7092],[-2.6555,47.7092],[-2.6551,47.7089],[-2.6542,47.7087],[-2.6522,47.7088],[-2.6515,47.7088],[-2.6516,47.7067],[-2.6503,47.7069],[-2.6493,47.7068],[-2.6492,47.704],[-2.6484,47.704],[-2.647,47.7039],[-2.6465,47.7038],[-2.6454,47.7031],[-2.6454,47.7025],[-2.6475,47.7024],[-2.6495,47.7023],[-2.651,47.7021],[-2.6529,47.7019],[-2.6551,47.7018],[-2.6582,47.7022],[-2.6596,47.7026],[-2.6614,47.7032],[-2.6623,47.7037],[-2.6626,47.7058],[-2.6634,47.7067],[-2.6628,47.7069],[-2.6605,47.707],[-2.6593,47.7072],[-2.6581,47.7091],[-2.6562,47.7092]]]},"properties":{"id_ffco":"2021-D56-251","nom":"Saint-Nolff bourg","_dept":"56","numero":"2021-D56-251","commune":"Saint-Nolff","echelle":"1/4000","surface":"0.68 km²","format":"A4","annee":"2021","cartographes":"Eric Boulet","proprietaire":"56 - Morbihan","niveau":"Régional","specialite":"CO à pied","contacts":"CDCO56, 0297339532, cdco56.1@free.fr, http://morbihan.ffcorientation.fr/","latitude":"47.7050976104","longitude":"-2.65507645432","date_saisie":"03/12/2021","date_depot":"31/08/2022","valide":"Non","ppo":"Non","type_carte":"Nouvelle carte","fond":"Cadastre","obsolete":false}},{"type":"Feature","geometry":{"type":"Polygon","coordinates":[[[-2.8567,47.5902],[-2.8486,47.5878],[-2.8463,47.59],[-2.8413,47.5892],[-2.8389,47.593],[-2.8404,47.5938],[-2.8399,47.5951],[-2.8415,47.5973],[-2.8413,47.5983],[-2.8376,47.6018],[-2.8441,47.6033],[-2.8447,47.6017],[-2.8473,47.5992],[-2.8481,47.5989],[-2.8495,47.5991],[-2.851,47.6005],[-2.8545,47.602],[-2.8557,47.6006],[-2.8552,47.6],[-2.8527,47.5996],[-2.8513,47.5979],[-2.852,47.5968],[-2.8524,47.5958],[-2.8544,47.5943],[-2.8553,47.5919],[-2.8561,47.591],[-2.8572,47.5904],[-2.8567,47.5902]]]},"properties":{"id_ffco":"2021-D56-250","nom":"L'Île aux Moines","_dept":"56","numero":"2021-D56-250","commune":"L'Île aux moines","echelle":"1/4000","surface":"1.41 km²","format":"A3","annee":"2021","cartographes":"Eric Charles","proprietaire":"56 - Morbihan","niveau":"Régional","specialite":"CO à pied","contacts":"CDCO56, 0297339532, cdco56.1@free.fr, http://morbihan.ffcorientation.fr/","latitude":"47.5950504686","longitude":"-2.84690448109","date_saisie":"03/12/2021","date_depot":"31/08/2022","valide":"Non","ppo":"Non","type_carte":"Nouvelle carte","fond":"Cadastre","obsolete":false}},{"type":"Feature","geometry":{"type":"Polygon","coordinates":[[[-3.3893,47.8327],[-3.3883,47.8336],[-3.3898,47.8349],[-3.3917,47.836],[-3.3972,47.8389],[-3.3979,47.8366],[-3.4023,47.8367],[-3.4039,47.8388],[-3.4069,47.8389],[-3.4075,47.8385],[-3.4067,47.8373],[-3.4089,47.8369],[-3.4089,47.834],[-3.4051,47.8341],[-3.4042,47.8315],[-3.4064,47.8298],[-3.4048,47.8288],[-3.4053,47.8272],[-3.4014,47.8275],[-3.4012,47.8293],[-3.3985,47.8292],[-3.3952,47.8297],[-3.3979,47.8324],[-3.3952,47.8335],[-3.3921,47.8333],[-3.3893,47.8327]]]},"properties":{"id_ffco":"2021-D56-249","nom":"Pont Scorff Centre","_dept":"56","numero":"2021-D56-249","commune":"Pont-Scorff","echelle":"1/4000","surface":"0.97 km²","format":"A3","annee":"2021","cartographes":"Eric Charles","proprietaire":"56 - Morbihan","niveau":"Régional","specialite":"CO à pied","contacts":"CDCO56, 0297339532, cdco56.1@free.fr, http://morbihan.ffcorientation.fr/","latitude":"47.8337739543","longitude":"-3.40016930245","date_saisie":"11/01/2022","date_depot":"31/08/2022","valide":"Non","ppo":"Non","type_carte":"Nouvelle carte","fond":"Ortho","obsolete":false}},{"type":"Feature","geometry":{"type":"Polygon","coordinates":[[[-3.0184,47.7736],[-3.0124,47.7732],[-3.0049,47.7724],[-3.0054,47.7739],[-3.0054,47.7766],[-3.0068,47.7784],[-3.0098,47.7799],[-3.013,47.7817],[-3.0157,47.7796],[-3.0171,47.7764],[-3.0184,47.7736]]]},"properties":{"id_ffco":"2021-D56-248","nom":"Pluvigner centre","_dept":"56","numero":"2021-D56-248","commune":"Pluvigner","echelle":"1/4000","surface":"0.66 km²","format":"A4","annee":"2021","cartographes":"Eric Charles","proprietaire":"56 - Morbihan","niveau":"Régional","specialite":"CO à pied","contacts":"CDCO56, 0297339532, cdco56.1@free.fr, http://morbihan.ffcorientation.fr/","latitude":"47.7763980604","longitude":"-3.01146457601","date_saisie":"19/12/2021","date_depot":"14/05/2022","valide":"Non","ppo":"Non","type_carte":"Nouvelle carte","fond":"Cadastre","obsolete":false}},{"type":"Feature","geometry":{"type":"Polygon","coordinates":[[[-3.4831,47.7968],[-3.486,47.7993],[-3.4968,47.7999],[-3.4982,47.7988],[-3.4975,47.7967],[-3.4982,47.7935],[-3.4948,47.7925],[-3.4948,47.7913],[-3.4933,47.7907],[-3.4931,47.7893],[-3.4919,47.7864],[-3.4874,47.7871],[-3.4833,47.7877],[-3.4832,47.7889],[-3.4799,47.7892],[-3.4771,47.7947],[-3.4766,47.7958],[-3.48,47.7976],[-3.4831,47.7968]]]},"properties":{"id_ffco":"2021-D56-247","nom":"Guidel Centre","_dept":"56","numero":"2021-D56-247","commune":"Guidel","echelle":"1/4000","surface":"1.62 km²","format":"A3","annee":"2021","cartographes":"Eric Charles","proprietaire":"56 - Morbihan","niveau":"Régional","specialite":"CO à pied","contacts":"CDCO56, 0297339532, cdco56.1@free.fr, http://morbihan.ffcorientation.fr/","latitude":"47.7937045292","longitude":"-3.48797920173","date_saisie":"10/01/2022","date_depot":"31/03/2022","valide":"Non","ppo":"Non","type_carte":"Nouvelle carte","fond":"Ortho","obsolete":false}},{"type":"Feature","geometry":{"type":"Polygon","coordinates":[[[-3.1471,47.6447],[-3.1472,47.6452],[-3.1513,47.6453],[-3.1512,47.6469],[-3.1511,47.6478],[-3.1508,47.6491],[-3.1484,47.6494],[-3.1479,47.6493],[-3.147,47.6494],[-3.1464,47.6494],[-3.146,47.6495],[-3.145,47.6497],[-3.1446,47.6496],[-3.1445,47.6494],[-3.1444,47.6489],[-3.1441,47.6482],[-3.1435,47.6474],[-3.1434,47.647],[-3.1433,47.6462],[-3.1437,47.6458],[-3.144,47.6454],[-3.1449,47.6449],[-3.1471,47.6447]]]},"properties":{"id_ffco":"2021-D56-246","nom":"Parc de Kéravéon","_dept":"56","numero":"2021-D56-246","commune":"Erdeven","echelle":"1/2500","surface":"0.26 km²","format":"A4","annee":"2021","cartographes":"Eric Charles","proprietaire":"56 - Morbihan","niveau":"Initiation, Scolaire","specialite":"CO à pied","contacts":"CDCO56, 0297339532, cdco56.1@free.fr, http://morbihan.ffcorientation.fr/","latitude":"47.647167558","longitude":"-3.14735454007","date_saisie":"03/12/2021","date_depot":"31/08/2022","valide":"Non","ppo":"Non","type_carte":"Reprise","base":"1988-D56-022 PARC KERAVEON ERDEVEN","fond":"Ortho","obsolete":false}},{"type":"Feature","geometry":{"type":"Polygon","coordinates":[[[-2.3,47.6805],[-2.3008,47.6791],[-2.302,47.6794],[-2.3026,47.6784],[-2.3045,47.6787],[-2.3057,47.6788],[-2.304,47.681],[-2.303,47.6818],[-2.3018,47.6826],[-2.3015,47.6829],[-2.3013,47.6828],[-2.3013,47.6825],[-2.3007,47.6813],[-2.3,47.6805]]]},"properties":{"id_ffco":"2021-D56-245","nom":"Complexe sportif de Malansac","_dept":"56","numero":"2021-D56-245","commune":"Malansac","echelle":"1/2500","surface":"0.11 km²","format":"A4","annee":"2021","cartographes":"Eric Charles","proprietaire":"56 - Morbihan","niveau":"Initiation, Scolaire","specialite":"CO à pied","contacts":"CDCO56, 0297339532, cdco56.1@free.fr, http://morbihan.ffcorientation.fr/","latitude":"47.6802822544","longitude":"-2.30256818479","date_saisie":"03/12/2021","date_depot":"31/03/2021","valide":"Non","ppo":"Non","type_carte":"Nouvelle carte","fond":"Ortho","obsolete":false}},{"type":"Feature","geometry":{"type":"Polygon","coordinates":[[[-2.9995,47.6866],[-3.0017,47.6843],[-2.9995,47.6844],[-2.9994,47.6829],[-2.998,47.6831],[-2.9996,47.6865],[-2.9995,47.6866]]]},"properties":{"id_ffco":"2021-D56-244","nom":"Parc de la chartreuse","_dept":"56","numero":"2021-D56-244","commune":"BRECH","echelle":"1/1500","surface":"0.04 km²","format":"A4","annee":"2021","cartographes":"Eric CHARLES","proprietaire":"56 - Morbihan","niveau":"Initiation, Scolaire","specialite":"CO à pied","contacts":"CDCO56, 0297339532, cdco56.1@free.fr, http://morbihan.ffcorientation.fr/","latitude":"47.6846142156","longitude":"-2.99960776208","date_saisie":"03/12/2021","date_depot":"31/03/2021","valide":"Non","ppo":"Non","type_carte":"Nouvelle carte","fond":"Ortho","obsolete":false}},{"type":"Feature","geometry":{"type":"Polygon","coordinates":[[[-2.9676,48.0734],[-2.9632,48.0726],[-2.9619,48.071],[-2.9616,48.0684],[-2.9624,48.0661],[-2.9651,48.0635],[-2.9668,48.0583],[-2.9691,48.0591],[-2.9704,48.0607],[-2.9699,48.0633],[-2.9691,48.0651],[-2.9705,48.0654],[-2.9701,48.0668],[-2.9719,48.0676],[-2.9718,48.0699],[-2.97,48.0712],[-2.9701,48.0722],[-2.9676,48.0734]]]},"properties":{"id_ffco":"2021-D56-243","nom":"Pontivy centre","_dept":"56","numero":"2021-D56-243","commune":"Pontivy","echelle":"1/4000","surface":"0.79 km²","format":"A3","annee":"2021","cartographes":"Eric Boulet","proprietaire":"56 - Morbihan","niveau":"Régional","specialite":"CO à pied","contacts":"CDCO56, 0297339532, cdco56.1@free.fr, http://morbihan.ffcorientation.fr/","latitude":"48.0670054258","longitude":"-2.96685093297","date_saisie":"19/12/2021","date_depot":"14/05/2022","valide":"Non","ppo":"Non","type_carte":"Nouvelle carte","fond":"Cadastre","obsolete":false}},{"type":"Feature","geometry":{"type":"Polygon","coordinates":[[[-2.9628,48.0748],[-2.9638,48.0747],[-2.9646,48.0747],[-2.9653,48.0753],[-2.966,48.0757],[-2.9669,48.0758],[-2.9673,48.0759],[-2.9697,48.0757],[-2.9688,48.0746],[-2.9683,48.0737],[-2.9676,48.0729],[-2.9668,48.0724],[-2.9662,48.0722],[-2.9654,48.0723],[-2.9647,48.0728],[-2.9638,48.0741],[-2.9632,48.0744],[-2.9627,48.0746],[-2.9628,48.0748]]]},"properties":{"id_ffco":"2021-D56-242","nom":"toulboubou","_dept":"56","numero":"2021-D56-242","commune":"Pontivy","echelle":"1/3000","surface":"0.11 km²","format":"A4","annee":"2021","cartographes":"Boulet Eric","proprietaire":"56 - Morbihan","niveau":"Initiation, Scolaire","specialite":"CO à pied","latitude":"48.0742051779","longitude":"-2.96645703799","date_saisie":"09/04/2021","date_depot":"14/05/2022","valide":"Non","ppo":"Non","type_carte":"Nouvelle carte","fond":"Ortho","obsolete":false}},{"type":"Feature","geometry":{"type":"Polygon","coordinates":[[[-2.9088,47.8075],[-2.9103,47.8173],[-2.9144,47.817],[-2.9168,47.8158],[-2.918,47.8129],[-2.9173,47.8115],[-2.9189,47.8099],[-2.921,47.809],[-2.9224,47.8094],[-2.9257,47.8093],[-2.9274,47.8089],[-2.928,47.8091],[-2.9318,47.8095],[-2.9329,47.8086],[-2.9338,47.807],[-2.9343,47.8052],[-2.9342,47.8044],[-2.9309,47.7999],[-2.9283,47.7997],[-2.9287,47.7991],[-2.9261,47.798],[-2.9251,47.7965],[-2.9223,47.7942],[-2.9204,47.7931],[-2.9172,47.7933],[-2.9073,47.7939],[-2.9088,47.8075]]]},"properties":{"id_ffco":"2021-D56-241","nom":"Lanvaux étang de la Forêt","_dept":"56","numero":"2021-D56-241","commune":"Bieuzy Lanvaux","echelle":"1/10000","surface":"3.36 km²","format":"A4","annee":"2021","cartographes":"Eric Charles, Daniel Poëdras","proprietaire":"56 - Morbihan","niveau":"Initiation, Scolaire","specialite":"CO à VTT","contacts":"GMVA base de Loisirs de l'étang de la forêt, Brandivy","latitude":"47.80370533","longitude":"-2.9185832741","date_saisie":"25/01/2021","date_depot":"27/01/2021","valide":"Non","ppo":"Non","type_carte":"Reprise","base":"2012-D56-144 Les Sept trous","fond":"Ortho","obsolete":false}},{"type":"Feature","geometry":{"type":"Polygon","coordinates":[[[-2.9074,47.8031],[-2.9037,47.8055],[-2.9072,47.8066],[-2.9311,47.8072],[-2.9319,47.8014],[-2.9282,47.8013],[-2.9285,47.7992],[-2.9257,47.7978],[-2.9253,47.7966],[-2.9239,47.7953],[-2.9208,47.7931],[-2.9176,47.7933],[-2.9098,47.7938],[-2.9086,47.7948],[-2.9066,47.7966],[-2.9057,47.799],[-2.9057,47.7997],[-2.9141,47.8011],[-2.9064,47.8014],[-2.9074,47.8031]]]},"properties":{"id_ffco":"2021-D56-240","nom":"Run & Bike étang de la forêt","_dept":"56","numero":"2021-D56-240","commune":"Bieuzy-Lanvaux","echelle":"1/7500","surface":"2.36 km²","format":"A4","annee":"2021","cartographes":"Eric Charles, Daniel Poëdras","proprietaire":"56 - Morbihan","niveau":"Initiation, Scolaire","specialite":"CO à VTT","contacts":"GMVA base de Loisirs de l'étang de la forêt, Brandivy","latitude":"47.8009300373","longitude":"-2.91790529266","date_saisie":"25/01/2021","date_depot":"27/01/2021","valide":"Non","ppo":"Non","type_carte":"Nouvelle carte","fond":"Ortho","obsolete":false}},{"type":"Feature","geometry":{"type":"Polygon","coordinates":[[[-3.4092,47.7385],[-3.4109,47.7393],[-3.4128,47.7396],[-3.4153,47.7395],[-3.4156,47.7389],[-3.4163,47.738],[-3.4169,47.7374],[-3.4171,47.735],[-3.4165,47.7326],[-3.4163,47.7318],[-3.4121,47.7316],[-3.4109,47.7311],[-3.4065,47.7312],[-3.4065,47.7319],[-3.4057,47.7323],[-3.4046,47.7322],[-3.404,47.7326],[-3.4041,47.733],[-3.4026,47.7335],[-3.4032,47.7344],[-3.4031,47.7349],[-3.4017,47.7365],[-3.4011,47.7371],[-3.4004,47.7375],[-3.3997,47.7374],[-3.399,47.7379],[-3.3993,47.7383],[-3.3995,47.7391],[-3.399,47.7397],[-3.3985,47.7399],[-3.3985,47.7404],[-3.398,47.7407],[-3.3992,47.7422],[-3.4015,47.7421],[-3.4023,47.7428],[-3.4061,47.7412],[-3.4077,47.7404],[-3.4083,47.7394],[-3.4092,47.7385]]]},"properties":{"id_ffco":"2021-D56-239","nom":"Etang du ter","_dept":"56","numero":"2021-D56-239","commune":"Lorient","echelle":"1/4000","surface":"1.14 km²","format":"A3","annee":"2021","cartographes":"Erci Charles","proprietaire":"56 - Morbihan","niveau":"Initiation, Scolaire","specialite":"CO à pied","latitude":"47.7365308399","longitude":"-3.4081517526","date_saisie":"24/01/2021","date_depot":"27/01/2021","valide":"Non","ppo":"Non","type_carte":"Reprise","base":"2012-D56-145 Le Ter Lorient 56","fond":"Ortho","obsolete":false}},{"type":"Feature","geometry":{"type":"Polygon","coordinates":[[[-2.7816,47.6596],[-2.7815,47.6587],[-2.7822,47.6583],[-2.7832,47.6583],[-2.7839,47.6578],[-2.7844,47.6571],[-2.7854,47.6574],[-2.7856,47.6576],[-2.7854,47.6579],[-2.7854,47.658],[-2.785,47.6584],[-2.786,47.659],[-2.7858,47.6593],[-2.7845,47.6598],[-2.7816,47.6596]]]},"properties":{"id_ffco":"2020-D56-238","nom":"Lycée Jean Guéhenno","_dept":"56","numero":"2020-D56-238","commune":"Vannes","echelle":"1/1500","surface":"0.06 km²","format":"A4","annee":"2020","cartographes":"Eric Charles","proprietaire":"56 - Morbihan","niveau":"Initiation, Scolaire","specialite":"CO à pied","contacts":"Lycée professionnel Jean Guéhenno, Vannes","latitude":"47.6587318897","longitude":"-2.78381872074","date_saisie":"24/01/2021","date_depot":"27/01/2021","valide":"Non","ppo":"Non","type_carte":"Nouvelle carte","fond":"Ortho","obsolete":false}},{"type":"Feature","geometry":{"type":"Polygon","coordinates":[[[-3.1352,47.8684],[-3.1348,47.8668],[-3.1347,47.8654],[-3.1352,47.8635],[-3.1354,47.8626],[-3.1349,47.8616],[-3.1336,47.8607],[-3.1323,47.8594],[-3.1314,47.8575],[-3.1263,47.8577],[-3.128,47.8636],[-3.1286,47.8657],[-3.129,47.8667],[-3.1352,47.8684]]]},"properties":{"id_ffco":"2020-D56-237","nom":"Arboretum Denizio","_dept":"56","numero":"2020-D56-237","commune":"Languidic","echelle":"1/5000","surface":"0.53 km²","format":"A4","annee":"2020","cartographes":"Eric Charles","proprietaire":"56 - Morbihan","niveau":"Initiation, Scolaire","specialite":"CO à pied","contacts":"Mairie de Languidic service des sports, Languidic","latitude":"47.8626740612","longitude":"-3.13105729429","date_saisie":"24/01/2021","date_depot":"27/01/2021","valide":"Non","ppo":"Non","type_carte":"Nouvelle carte","fond":"Ortho","obsolete":false}},{"type":"Feature","geometry":{"type":"Polygon","coordinates":[[[-3.2017,47.6487],[-3.2012,47.6497],[-3.2015,47.651],[-3.2016,47.653],[-3.2017,47.6548],[-3.2033,47.6557],[-3.2057,47.6556],[-3.2072,47.655],[-3.2056,47.6544],[-3.2049,47.6526],[-3.2042,47.6508],[-3.2052,47.6487],[-3.2056,47.6477],[-3.2081,47.6466],[-3.2106,47.6448],[-3.2092,47.643],[-3.2067,47.6439],[-3.2036,47.6458],[-3.2017,47.6487]]]},"properties":{"id_ffco":"2020-D56-236","nom":"Ponte du Pradic Barre d'Etel","_dept":"56","numero":"2020-D56-236","commune":"Etel","echelle":"1/5000","surface":"0.4 km²","format":"A4","annee":"2020","cartographes":"Eric Charles","proprietaire":"56 - Morbihan","niveau":"Initiation, Scolaire","specialite":"CO à pied","contacts":"Collège de la rivière d'Etel","latitude":"47.6492330774","longitude":"-3.20479760556","date_saisie":"24/01/2021","date_depot":"27/01/2021","valide":"Non","ppo":"Non","type_carte":"Nouvelle carte","fond":"Ortho","obsolete":false}},{"type":"Feature","geometry":{"type":"Polygon","coordinates":[[[-3.2018,47.6489],[-3.1989,47.6466],[-3.195,47.6435],[-3.196,47.6425],[-3.1985,47.6405],[-3.2007,47.6386],[-3.2044,47.6368],[-3.2091,47.64],[-3.2095,47.642],[-3.2093,47.6434],[-3.2061,47.6447],[-3.2038,47.6462],[-3.2018,47.6489]]]},"properties":{"id_ffco":"2020-D56-235","nom":"Kerminihy plage","_dept":"56","numero":"2020-D56-235","commune":"Etel","echelle":"1/5000","surface":"0.78 km²","format":"A4","annee":"2020","cartographes":"Eric Charles","proprietaire":"56 - Morbihan","niveau":"Départemental","specialite":"CO à pied","contacts":"Collège de la rivière d'Etel","latitude":"47.6424675653","longitude":"-3.20266744789","date_saisie":"24/01/2021","date_depot":"27/01/2021","valide":"Non","ppo":"Non","type_carte":"Nouvelle carte","fond":"Ortho","obsolete":false}},{"type":"Feature","geometry":{"type":"Polygon","coordinates":[[[-3.207,47.6555],[-3.2069,47.6548],[-3.2052,47.6544],[-3.2051,47.6533],[-3.2048,47.6525],[-3.2045,47.6512],[-3.2046,47.6501],[-3.2045,47.649],[-3.2026,47.6489],[-3.2019,47.6489],[-3.2015,47.6495],[-3.2015,47.6497],[-3.2017,47.6507],[-3.2018,47.6516],[-3.2017,47.6529],[-3.202,47.6543],[-3.2026,47.6552],[-3.2029,47.6557],[-3.207,47.6555]]]},"properties":{"id_ffco":"2020-D56-234","nom":"Pointe du Pradic pôle nautique","_dept":"56","numero":"2020-D56-234","commune":"Etel","echelle":"1/3000","surface":"0.18 km²","format":"A4","annee":"2020","cartographes":"Eric Charles","proprietaire":"56 - Morbihan","niveau":"Initiation, Scolaire","specialite":"CO à pied","contacts":"Collège de la rivière d'Etel","latitude":"47.6524995049","longitude":"-3.20354997935","date_saisie":"24/01/2021","date_depot":"27/01/2021","valide":"Non","ppo":"Non","type_carte":"Nouvelle carte","fond":"Ortho","obsolete":false}},{"type":"Feature","geometry":{"type":"Polygon","coordinates":[[[-3.459,47.7028],[-3.46,47.702],[-3.4617,47.7016],[-3.4628,47.701],[-3.4626,47.6997],[-3.4608,47.6985],[-3.458,47.6982],[-3.4551,47.6966],[-3.4529,47.6955],[-3.4484,47.6955],[-3.4458,47.6957],[-3.4472,47.6979],[-3.4479,47.699],[-3.4475,47.7006],[-3.4491,47.7018],[-3.4513,47.7027],[-3.453,47.7023],[-3.4564,47.702],[-3.459,47.7028]]]},"properties":{"id_ffco":"2020-D56-233","nom":"Pointe du Talud","_dept":"56","numero":"2020-D56-233","commune":"Ploemeur","echelle":"1/5000","surface":"0.66 km²","format":"A4","annee":"2020","cartographes":"Eric Charles","proprietaire":"56 - Morbihan","niveau":"Initiation, Scolaire","specialite":"CO à pied","latitude":"47.6992528433","longitude":"-3.45384381114","date_saisie":"24/01/2021","date_depot":"27/01/2021","valide":"Non","ppo":"Non","type_carte":"Nouvelle carte","fond":"Ortho","obsolete":false}},{"type":"Feature","geometry":{"type":"Polygon","coordinates":[[[-2.1615,47.9249],[-2.1618,47.9259],[-2.1633,47.9278],[-2.1626,47.9307],[-2.1684,47.9406],[-2.1699,47.9449],[-2.1794,47.9439],[-2.1866,47.9447],[-2.1872,47.9414],[-2.1799,47.9391],[-2.1805,47.9346],[-2.1789,47.9337],[-2.1773,47.9333],[-2.1782,47.9304],[-2.1772,47.9273],[-2.1734,47.9247],[-2.1729,47.9238],[-2.1615,47.9249]]]},"properties":{"id_ffco":"2020-D56-232","nom":"Stand de tir B12 Coëtquidan","_dept":"56","numero":"2020-D56-232","commune":"Guer","echelle":"1/7500","surface":"2.46 km²","format":"A4","annee":"2020","cartographes":"Eric Charles","proprietaire":"56 - Morbihan","niveau":"Départemental","specialite":"CO à pied","latitude":"47.9347469438","longitude":"-2.17289751755","date_saisie":"22/01/2021","date_depot":"27/01/2021","valide":"Non","ppo":"Non","type_carte":"Nouvelle carte","fond":"Ortho","obsolete":false}},{"type":"Feature","geometry":{"type":"Polygon","coordinates":[[[-2.7613,47.6586],[-2.7599,47.6586],[-2.7598,47.659],[-2.7563,47.6591],[-2.7553,47.6589],[-2.755,47.6584],[-2.7548,47.6568],[-2.7516,47.656],[-2.7519,47.6556],[-2.7529,47.6552],[-2.7531,47.6524],[-2.7598,47.6517],[-2.7606,47.6535],[-2.7603,47.6543],[-2.7618,47.6553],[-2.7629,47.6558],[-2.7623,47.6566],[-2.7616,47.6573],[-2.7613,47.658],[-2.7613,47.6586]]]},"properties":{"id_ffco":"2020-D56-231","nom":"Vannes centre","_dept":"56","numero":"2020-D56-231","commune":"Vannes","echelle":"1/4000","surface":"0.45 km²","format":"A3","annee":"2020","cartographes":"Michel Duboc, CDCO 56","proprietaire":"56 - Morbihan","niveau":"Interrégional","specialite":"CO à pied","contacts":"CDCO56, 0297339532, cdco56.1@free.fr, http://morbihan.ffcorientation.fr/","latitude":"47.6554367708","longitude":"-2.75740254202","date_saisie":"10/11/2020","date_depot":"10/11/2020","valide":"Non","ppo":"Non","type_carte":"Nouvelle carte","fond":"Cadastre","obsolete":false}},{"type":"Feature","geometry":{"type":"Polygon","coordinates":[[[-2.9174,47.7931],[-2.9198,47.7949],[-2.9191,47.7958],[-2.917,47.7968],[-2.9148,47.7971],[-2.913,47.7967],[-2.9106,47.796],[-2.9098,47.7949],[-2.9103,47.7937],[-2.9118,47.7937],[-2.9135,47.7942],[-2.915,47.7942],[-2.9154,47.7936],[-2.9174,47.7931]]]},"properties":{"id_ffco":"2020-D56-230","nom":"Etang de la forêt Brandivy","_dept":"56","numero":"2020-D56-230","commune":"Brandivy","echelle":"1/3000","surface":"0.21 km²","format":"A4","annee":"2020","cartographes":"Eric Charles","proprietaire":"56 - Morbihan","niveau":"Initiation, Scolaire","specialite":"CO à pied","contacts":"CDCO56, 0297339532, cdco56.1@free.fr, http://morbihan.ffcorientation.fr/ // GMVA base de Loisirs de l'étang de la forêt, Brandivy","latitude":"47.795175228","longitude":"-2.91481069299","date_saisie":"22/01/2021","date_depot":"27/01/2021","valide":"Non","ppo":"Oui (30 postes)","type_carte":"Nouvelle carte","fond":"Ortho","obsolete":false}},{"type":"Feature","geometry":{"type":"Polygon","coordinates":[[[-3.5243,47.767],[-3.5233,47.7673],[-3.5216,47.7672],[-3.5203,47.7677],[-3.518,47.7688],[-3.5168,47.7685],[-3.5162,47.7649],[-3.5159,47.7644],[-3.5132,47.7617],[-3.5152,47.7593],[-3.52,47.7582],[-3.5217,47.7605],[-3.5237,47.765],[-3.5243,47.767]]]},"properties":{"id_ffco":"2020-D56-229","nom":"Guidel Plages","_dept":"56","numero":"2020-D56-229","commune":"Guidel","echelle":"1/4000","surface":"0.57 km²","format":"A4","annee":"2020","cartographes":"Eric Charles","proprietaire":"56 - Morbihan","niveau":"Régional","specialite":"CO à pied","contacts":"CDCO56, 0297339532, cdco56.1@free.fr, http://morbihan.ffcorientation.fr/ // Club Orientation Lorient, 56100, Lorient, contact@co-lorient.fr","latitude":"47.7633826341","longitude":"-3.51889732869","date_saisie":"10/11/2020","date_depot":"10/11/2020","valide":"Non","ppo":"Non","type_carte":"Reprise","base":"2009-D56-124 Guidel-Plages","fond":"Ortho","obsolete":false}},{"type":"Feature","geometry":{"type":"Polygon","coordinates":[[[-3.3623,47.71],[-3.3631,47.7092],[-3.3614,47.7082],[-3.359,47.7074],[-3.3577,47.7053],[-3.3557,47.7036],[-3.354,47.7031],[-3.352,47.703],[-3.3504,47.7037],[-3.3491,47.7043],[-3.3478,47.7051],[-3.3459,47.7062],[-3.3454,47.7079],[-3.3448,47.7081],[-3.3446,47.7093],[-3.3436,47.7116],[-3.3434,47.7127],[-3.3447,47.7141],[-3.3468,47.7137],[-3.3489,47.714],[-3.3499,47.7146],[-3.351,47.7157],[-3.3516,47.7152],[-3.3521,47.7145],[-3.3517,47.7137],[-3.352,47.7128],[-3.3516,47.7121],[-3.3562,47.712],[-3.3569,47.7115],[-3.3583,47.7109],[-3.3588,47.7103],[-3.36,47.71],[-3.3611,47.7103],[-3.3617,47.7103],[-3.3623,47.71]]]},"properties":{"id_ffco":"2020-D56-228","nom":"Port-Louis Kerzo","_dept":"56","numero":"2020-D56-228","commune":"Port-Louis","echelle":"1/5000","surface":"1.1 km²","format":"A3","annee":"2020","cartographes":"Pöëdras Daniel","proprietaire":"56 - Morbihan","niveau":"Régional","specialite":"CO à pied","contacts":"CDCO56, 0297339532, cdco56.1@free.fr, http://morbihan.ffcorientation.fr/","latitude":"47.7088885469","longitude":"-3.3518627218","date_saisie":"06/11/2020","date_depot":"06/11/2020","valide":"Non","ppo":"Non","type_carte":"Nouvelle carte","fond":"Ortho","obsolete":false}},{"type":"Feature","geometry":{"type":"Polygon","coordinates":[[[-2.3379,47.7024],[-2.3418,47.7027],[-2.3429,47.6999],[-2.3465,47.7007],[-2.3469,47.7014],[-2.3586,47.7016],[-2.3565,47.6895],[-2.3376,47.6908],[-2.338,47.6923],[-2.3408,47.6928],[-2.3389,47.6964],[-2.3361,47.6971],[-2.3359,47.6981],[-2.3339,47.6982],[-2.3298,47.6975],[-2.3302,47.6987],[-2.331,47.7003],[-2.3333,47.7016],[-2.3379,47.7024]]]},"properties":{"id_ffco":"2020-D56-227","nom":"Rochefort-En-Terre","_dept":"56","numero":"2020-D56-227","commune":"Rochefort-En-Terre","echelle":"1/5000","surface":"2.04 km²","format":"A3","annee":"2020","cartographes":"Eric Charles, Michel Duboc, COPV","proprietaire":"56 - Morbihan","niveau":"Régional","specialite":"CO à pied","contacts":"CDCO56, 0297339532, cdco56.1@free.fr, http://morbihan.ffcorientation.fr/","latitude":"47.6964189762","longitude":"-2.34657459001","date_saisie":"26/10/2020","date_depot":"26/10/2020","valide":"Oui","ppo":"Non","type_carte":"Nouvelle carte","fond":"Ortho","obsolete":false}},{"type":"Feature","geometry":{"type":"Polygon","coordinates":[[[-3.4342,47.7338],[-3.4404,47.734],[-3.441,47.735],[-3.442,47.7367],[-3.4456,47.7361],[-3.4415,47.728],[-3.4381,47.7296],[-3.4383,47.7304],[-3.438,47.7308],[-3.4375,47.7308],[-3.4368,47.7305],[-3.4355,47.731],[-3.4352,47.7316],[-3.4341,47.732],[-3.4344,47.7323],[-3.4342,47.7329],[-3.4342,47.7338]]]},"properties":{"id_ffco":"2020-D56-226","nom":"La Chataigneraie","_dept":"56","numero":"2020-D56-226","commune":"PLOEMEUR","echelle":"1/4000","surface":"0.4 km²","format":"A4","annee":"2020","cartographes":"Eric Charles","proprietaire":"56 - Morbihan","niveau":"Initiation, Scolaire","specialite":"CO à pied","contacts":"CDCO56, 0297339532, cdco56.1@free.fr, http://morbihan.ffcorientation.fr/ // Club Orientation Lorient, 56100, Lorient, contact@co-lorient.fr","latitude":"47.7325075225","longitude":"-3.44024585391","date_saisie":"10/11/2020","date_depot":"10/11/2020","valide":"Non","ppo":"Non","type_carte":"Reprise","base":"2018-D56-211 Complexe sportif de la chataigneraie","fond":"Ortho","obsolete":false}},{"type":"Feature","geometry":{"type":"Polygon","coordinates":[[[-2.1389,47.7649],[-2.1355,47.7664],[-2.1343,47.7669],[-2.1304,47.7676],[-2.1302,47.7678],[-2.1283,47.7679],[-2.1277,47.7676],[-2.1272,47.7671],[-2.1271,47.7654],[-2.1274,47.7639],[-2.1283,47.7623],[-2.1286,47.7616],[-2.1306,47.7592],[-2.1322,47.7599],[-2.132,47.7627],[-2.1323,47.7633],[-2.1335,47.7638],[-2.1362,47.7642],[-2.1383,47.7643],[-2.1389,47.7649]]]},"properties":{"id_ffco":"2020-D56-225","nom":"La Gacilly centre bourg","_dept":"56","numero":"2020-D56-225","commune":"La gacilly","echelle":"1/4000","surface":"0.41 km²","format":"A3","annee":"2020","cartographes":"Michel Duboc","proprietaire":"56 - Morbihan","niveau":"Régional","specialite":"CO à pied","contacts":"CDCO56, 0297339532, cdco56.1@free.fr, http://morbihan.ffcorientation.fr/","latitude":"47.7644793729","longitude":"-2.13142011014","date_saisie":"06/11/2020","date_depot":"06/11/2020","valide":"Non","ppo":"Non","type_carte":"Nouvelle carte","fond":"Ortho","obsolete":false}},{"type":"Feature","geometry":{"type":"Polygon","coordinates":[[[-2.5926,47.7297],[-2.5907,47.7301],[-2.5903,47.7295],[-2.5876,47.7293],[-2.5864,47.729],[-2.5851,47.7274],[-2.5824,47.7307],[-2.5806,47.7338],[-2.577,47.7397],[-2.5793,47.7413],[-2.5791,47.7413],[-2.5784,47.7422],[-2.5784,47.7434],[-2.585,47.7439],[-2.5848,47.743],[-2.586,47.7422],[-2.5867,47.7397],[-2.5893,47.7378],[-2.5896,47.7368],[-2.5919,47.7362],[-2.5934,47.7351],[-2.5952,47.7335],[-2.5944,47.7326],[-2.5933,47.732],[-2.5929,47.7308],[-2.5926,47.7297]]]},"properties":{"id_ffco":"2020-D56-224","nom":"Elven","_dept":"56","numero":"2020-D56-224","commune":"Elven","echelle":"1/4000","surface":"1.29 km²","format":"+","annee":"2020","cartographes":"Michel Duboc","proprietaire":"5609 - COURSE D'ORIENTATION EN PAYS DE VANNES","niveau":"Régional","specialite":"CO à pied","latitude":"47.7358087545","longitude":"-2.58532594479","date_saisie":"24/09/2020","date_depot":"24/09/2020","valide":"Non","ppo":"Non","type_carte":"Nouvelle carte","fond":"Ortho","obsolete":false}},{"type":"Feature","geometry":{"type":"Polygon","coordinates":[[[-3.241,47.7469],[-3.2378,47.7456],[-3.2344,47.7454],[-3.2338,47.7458],[-3.2331,47.75],[-3.234,47.7496],[-3.2387,47.7501],[-3.2402,47.7497],[-3.2409,47.7499],[-3.2422,47.7521],[-3.2434,47.7521],[-3.2438,47.7496],[-3.2468,47.7495],[-3.2487,47.7492],[-3.2503,47.7479],[-3.2508,47.7446],[-3.2589,47.7444],[-3.2579,47.7407],[-3.2504,47.7404],[-3.2491,47.7409],[-3.248,47.7419],[-3.2454,47.7422],[-3.2401,47.7439],[-3.241,47.7451],[-3.241,47.7469]]]},"properties":{"id_ffco":"2020-D56-223","nom":"Bois de Kermadio","_dept":"56","numero":"2020-D56-223","commune":"Kervignac","echelle":"1/10000","surface":"1.13 km²","format":"A4","annee":"2020","cartographes":"Duboc Michel","proprietaire":"56 - Morbihan","niveau":"Régional","specialite":"CO à pied","latitude":"47.7456444","longitude":"-3.24576488172","date_saisie":"24/09/2020","date_depot":"24/09/2020","valide":"Non","ppo":"Non","type_carte":"Nouvelle carte","fond":"Ortho","obsolete":false}},{"type":"Feature","geometry":{"type":"Polygon","coordinates":[[[-3.2621,47.8254],[-3.261,47.8219],[-3.2591,47.8216],[-3.2578,47.8212],[-3.2558,47.8221],[-3.2537,47.8234],[-3.2527,47.8247],[-3.2522,47.8254],[-3.253,47.8259],[-3.2539,47.8258],[-3.2554,47.8267],[-3.2561,47.8283],[-3.2567,47.8293],[-3.2579,47.8297],[-3.2618,47.8303],[-3.2636,47.8302],[-3.2637,47.828],[-3.2607,47.8269],[-3.2621,47.8254]]]},"properties":{"id_ffco":"2020-D56-222","nom":"LOCHRIST","_dept":"56","numero":"2020-D56-222","commune":"Lochrist","echelle":"1/4000","surface":"0.5 km²","format":"A4","annee":"2020","cartographes":"Michel Duboc","proprietaire":"56 - Morbihan","niveau":"Régional","specialite":"CO à pied","contacts":"Club Orientation Lorient, 56100, Lorient, contact@co-lorient.fr","latitude":"47.8257841557","longitude":"-3.25841733254","date_saisie":"03/09/2020","date_depot":"03/09/2020","valide":"Non","ppo":"Non","type_carte":"Nouvelle carte","fond":"Ortho","obsolete":false}},{"type":"Feature","geometry":{"type":"Polygon","coordinates":[[[-2.7362,47.8938],[-2.737,47.8915],[-2.7382,47.8897],[-2.7386,47.8884],[-2.7392,47.8873],[-2.7389,47.8854],[-2.7418,47.8845],[-2.7435,47.8829],[-2.7424,47.8811],[-2.7438,47.8796],[-2.7437,47.8785],[-2.742,47.878],[-2.739,47.8776],[-2.7364,47.8778],[-2.7348,47.8791],[-2.7313,47.8804],[-2.7262,47.8814],[-2.7237,47.8828],[-2.7291,47.8852],[-2.7266,47.8894],[-2.7289,47.8903],[-2.7302,47.8933],[-2.7313,47.8932],[-2.7327,47.8938],[-2.7362,47.8938]]]},"properties":{"id_ffco":"2020-D56-221","nom":"Domaine de Kerguéhennec","_dept":"56","numero":"2020-D56-221","commune":"Bignan","echelle":"1/5000","surface":"1.5 km²","format":"A3","annee":"2020","cartographes":"Charles Eric","proprietaire":"56 - Morbihan","niveau":"Départemental","specialite":"CO à pied","latitude":"47.8850742903","longitude":"-2.73446915584","date_saisie":"24/09/2020","date_depot":"24/09/2020","valide":"Non","ppo":"Non","type_carte":"Reprise","base":"2015-D56-175 Parc de Kerguéhennec","fond":"Ortho","obsolete":false}},{"type":"Feature","geometry":{"type":"Polygon","coordinates":[[[-3.0212,47.8418],[-3.0146,47.843],[-3.0136,47.8437],[-3.0139,47.8446],[-3.0138,47.8454],[-3.0142,47.8466],[-3.0159,47.8474],[-3.0164,47.8476],[-3.0169,47.8493],[-3.0173,47.8495],[-3.0192,47.8502],[-3.0242,47.8492],[-3.023,47.8476],[-3.025,47.8464],[-3.0244,47.845],[-3.0222,47.8437],[-3.0212,47.8418]]]},"properties":{"id_ffco":"2020-D56-220","nom":"petit bois Nord Camors","_dept":"56","numero":"2020-D56-220","commune":"Camors","echelle":"1/5000","surface":"0.52 km²","format":"A4","annee":"2020","cartographes":"Charles Eric","proprietaire":"56 - Morbihan","niveau":"Initiation, Scolaire","specialite":"CO à pied","latitude":"47.8459631418","longitude":"-3.01927508223","date_saisie":"24/09/2020","date_depot":"24/09/2020","valide":"Non","ppo":"Non","type_carte":"Reprise","base":"2014-D56-160 Le Chateau de Comorre","fond":"Ortho","obsolete":false}},{"type":"Feature","geometry":{"type":"Polygon","coordinates":[[[-3.0147,47.8449],[-3.0219,47.8436],[-3.019,47.8359],[-3.0082,47.8373],[-3.0084,47.8396],[-3.0057,47.8411],[-3.0066,47.8441],[-3.0069,47.8446],[-3.0093,47.8453],[-3.0131,47.8459],[-3.0147,47.8449]]]},"properties":{"id_ffco":"2020-D56-219","nom":"Camors petit bois sud","_dept":"56","numero":"2020-D56-219","commune":"Camors","echelle":"1/5000","surface":"0.93 km²","format":"A4","annee":"2020","cartographes":"Charles Eric","proprietaire":"56 - Morbihan","niveau":"Initiation, Scolaire","specialite":"CO à pied","latitude":"47.8410341655","longitude":"-3.01376655181","date_saisie":"24/09/2020","date_depot":"24/09/2020","valide":"Non","ppo":"Non","type_carte":"Reprise","base":"2014-D56-160 Le Chateau de Comorre","fond":"Ortho","obsolete":false}},{"type":"Feature","geometry":{"type":"Polygon","coordinates":[[[-2.978,47.8335],[-2.9739,47.831],[-2.9572,47.8211],[-2.9503,47.8168],[-2.9508,47.8162],[-2.9524,47.8167],[-2.9558,47.8151],[-2.9622,47.8128],[-2.9685,47.8132],[-2.9755,47.8153],[-2.9777,47.8161],[-2.9803,47.815],[-2.9915,47.8153],[-2.9959,47.8147],[-2.999,47.8156],[-2.9966,47.8182],[-2.9954,47.8213],[-2.9922,47.822],[-2.9893,47.8224],[-2.9885,47.8214],[-2.9861,47.8238],[-2.9832,47.8252],[-2.9824,47.829],[-2.978,47.8335]]]},"properties":{"id_ffco":"2019-D56-218","nom":"Floranges Rond point de l'Armorie","_dept":"56","numero":"2019-D56-218","commune":"Camors","echelle":"1/10000","surface":"4.0 km²","format":"A3","annee":"2019","cartographes":"Eric Charles","proprietaire":"56 - Morbihan","niveau":"Interrégional","specialite":"CO à pied","contacts":"CDCO56, 0297339532, cdco56.1@free.fr, http://morbihan.ffcorientation.fr/","latitude":"47.8207424533","longitude":"-2.97455923998","date_saisie":"01/12/2019","date_depot":"24/09/2020","valide":"Non","ppo":"Non","type_carte":"Nouvelle carte","fond":"Ortho","obsolete":false}},{"type":"Feature","geometry":{"type":"Polygon","coordinates":[[[-3.0264,47.8553],[-3.0233,47.8599],[-3.0213,47.8598],[-3.0169,47.8605],[-3.0166,47.8571],[-3.0096,47.8585],[-3.0072,47.858],[-3.0044,47.8574],[-3.0021,47.8509],[-3.0018,47.8499],[-3.0059,47.8492],[-3.0057,47.8477],[-3.0101,47.8483],[-3.0112,47.8504],[-3.014,47.8489],[-3.0137,47.8469],[-3.0131,47.8453],[-3.0139,47.8449],[-3.0131,47.8438],[-3.0141,47.8429],[-3.0215,47.8416],[-3.0224,47.8438],[-3.0243,47.8448],[-3.0251,47.8462],[-3.0233,47.8476],[-3.0244,47.8484],[-3.0254,47.8506],[-3.0264,47.8553]]]},"properties":{"id_ffco":"2020-D56-217","nom":"Camors Nord","_dept":"56","numero":"2020-D56-217","commune":"Camors","echelle":"1/10000","surface":"2.36 km²","format":"A4","annee":"2020","cartographes":"Duboc Michel","proprietaire":"56 - Morbihan","niveau":"Régional","specialite":"CO à pied","latitude":"47.8518425946","longitude":"-3.01570404122","date_saisie":"05/10/2019","valide":"Non","ppo":"Non","type_carte":"Nouvelle carte","fond":"Ortho","obsolete":false}},{"type":"Feature","geometry":{"type":"Polygon","coordinates":[[[-3.3667,47.7263],[-3.378,47.7312],[-3.3806,47.7317],[-3.3793,47.7325],[-3.3756,47.7353],[-3.373,47.7353],[-3.3702,47.7356],[-3.3691,47.7347],[-3.3702,47.7334],[-3.3701,47.7324],[-3.3682,47.7313],[-3.3672,47.7289],[-3.3655,47.7273],[-3.3667,47.7263]]]},"properties":{"id_ffco":"2018-D56-216","nom":"Lorient la base (extension)","_dept":"56","numero":"2018-D56-216","commune":"Lorient","echelle":"1/5000","surface":"0.52 km²","format":"A4","annee":"2018","cartographes":"Coniel Anne","proprietaire":"5604 - CLUB D'ORIENTATION LORIENTAIS","niveau":"Départemental","specialite":"CO à pied","contacts":"Anne Coniel","latitude":"47.731497659","longitude":"-3.37249740274","date_saisie":"27/09/2018","date_depot":"24/09/2020","valide":"Non","ppo":"Non","type_carte":"Reprise","base":"2016-D56-181 Lorient La base","fond":"Ortho","obsolete":false}},{"type":"Feature","geometry":{"type":"Polygon","coordinates":[[[-2.3375,47.7012],[-2.3364,47.7009],[-2.3356,47.7004],[-2.3335,47.6995],[-2.3334,47.6993],[-2.3308,47.6988],[-2.3294,47.6977],[-2.33,47.6974],[-2.331,47.6973],[-2.3339,47.698],[-2.3356,47.6981],[-2.3369,47.6977],[-2.3378,47.6976],[-2.3381,47.6978],[-2.3417,47.6975],[-2.3418,47.6987],[-2.3408,47.6996],[-2.3394,47.7004],[-2.3382,47.7003],[-2.3375,47.7012]]]},"properties":{"id_ffco":"2018-D56-215","nom":"Rochefort-En-Terre Bourg","_dept":"56","numero":"2018-D56-215","commune":"Rochefort-En-Terre","echelle":"1/4000","surface":"0.21 km²","format":"A4","annee":"2018","cartographes":"Sylvain Gru, Daniel Poëdras","proprietaire":"56 - Morbihan","niveau":"Régional","specialite":"CO à pied","contacts":"CDCO56, 0297339532, cdco56.1@free.fr, http://morbihan.ffcorientation.fr/","latitude":"47.6989014907","longitude":"-2.3364296524","date_saisie":"28/07/2018","date_depot":"30/07/2018","valide":"Non","ppo":"Non","type_carte":"Nouvelle carte","fond":"Ortho","obsolete":false}},{"type":"Feature","geometry":{"type":"Polygon","coordinates":[[[-2.3891,47.8128],[-2.3888,47.8137],[-2.3869,47.815],[-2.3849,47.8134],[-2.38,47.8169],[-2.3772,47.8152],[-2.3755,47.8144],[-2.3767,47.811],[-2.3772,47.8099],[-2.3776,47.809],[-2.3779,47.8061],[-2.3793,47.8054],[-2.3819,47.8049],[-2.3842,47.805],[-2.3868,47.8065],[-2.3893,47.8073],[-2.3919,47.8079],[-2.3936,47.8084],[-2.3922,47.8114],[-2.3891,47.8128]]]},"properties":{"id_ffco":"2018-D56-214","nom":"Malestroit","_dept":"56","numero":"2018-D56-214","commune":"Malestroit","echelle":"1/4000","surface":"1.08 km²","format":"A4","annee":"2018","cartographes":"Sylvain Gru, Raider de l'Oust, Daniel Poëdras","proprietaire":"56 - Morbihan","niveau":"Régional","specialite":"CO à pied","contacts":"CDCO56, 0297339532, cdco56.1@free.fr, http://morbihan.ffcorientation.fr/","latitude":"47.8104465937","longitude":"-2.38357101551","date_saisie":"28/07/2018","date_depot":"30/07/2018","valide":"Non","ppo":"Non","type_carte":"Nouvelle carte","fond":"Ortho","obsolete":false}},{"type":"Feature","geometry":{"type":"Polygon","coordinates":[[[-2.5555,47.9603],[-2.5554,47.959],[-2.557,47.9581],[-2.557,47.957],[-2.5558,47.9559],[-2.5549,47.9542],[-2.5544,47.9534],[-2.553,47.9528],[-2.5508,47.9526],[-2.5488,47.9524],[-2.547,47.9513],[-2.5455,47.95],[-2.5435,47.9508],[-2.543,47.9521],[-2.539,47.9517],[-2.5392,47.9535],[-2.5381,47.9537],[-2.5381,47.9552],[-2.5398,47.955],[-2.5398,47.9561],[-2.539,47.9565],[-2.5384,47.9571],[-2.5392,47.9587],[-2.5389,47.9599],[-2.5402,47.9612],[-2.5418,47.9613],[-2.5422,47.9612],[-2.5427,47.9621],[-2.5437,47.9619],[-2.5455,47.9616],[-2.5489,47.9617],[-2.5502,47.9614],[-2.5503,47.96],[-2.5526,47.9604],[-2.5545,47.9607],[-2.5555,47.9603]]]},"properties":{"id_ffco":"2018-D56-213","nom":"Josselin Centre","_dept":"56","numero":"2018-D56-213","commune":"Josselin","echelle":"1/5000","surface":"1.28 km²","format":"A3","annee":"2018","cartographes":"Sylvain Gru, Daniel Poëdras","proprietaire":"56 - Morbihan","niveau":"Régional","specialite":"CO à pied","contacts":"CDCO56, 0297339532, cdco56.1@free.fr, http://morbihan.ffcorientation.fr/","latitude":"47.9565567008","longitude":"-2.54689701611","date_saisie":"27/07/2018","date_depot":"30/07/2018","valide":"Non","ppo":"Non","type_carte":"Nouvelle carte","fond":"Ortho","obsolete":false}},{"type":"Feature","geometry":{"type":"Polygon","coordinates":[[[-2.5445,47.7543],[-2.534,47.7579],[-2.5334,47.7571],[-2.5334,47.7558],[-2.5338,47.7541],[-2.5329,47.7528],[-2.532,47.75],[-2.531,47.7459],[-2.531,47.7438],[-2.5346,47.7432],[-2.5333,47.7413],[-2.5345,47.741],[-2.5363,47.7403],[-2.5399,47.7405],[-2.5439,47.7408],[-2.5451,47.7412],[-2.5464,47.7426],[-2.5477,47.7422],[-2.5487,47.7413],[-2.5478,47.74],[-2.5457,47.7388],[-2.5458,47.7374],[-2.5471,47.7368],[-2.5483,47.736],[-2.5498,47.7353],[-2.5515,47.7353],[-2.552,47.7353],[-2.5527,47.7364],[-2.5532,47.7374],[-2.5532,47.738],[-2.5551,47.7386],[-2.555,47.7392],[-2.5548,47.7399],[-2.5543,47.7401],[-2.5532,47.7404],[-2.5521,47.7407],[-2.5519,47.7412],[-2.5508,47.7419],[-2.5491,47.7429],[-2.5462,47.7438],[-2.5468,47.7447],[-2.5475,47.7456],[-2.5478,47.7477],[-2.5478,47.7488],[-2.5463,47.7503],[-2.546,47.7522],[-2.5448,47.7529],[-2.5445,47.7543]]]},"properties":{"id_ffco":"2018-D56-212","nom":"Bois du Huelfau","_dept":"56","numero":"2018-D56-212","commune":"Elven","echelle":"1/10000","surface":"2.14 km²","format":"A4","annee":"2018","cartographes":"Eric Charles","proprietaire":"56 - Morbihan","niveau":"Régional","specialite":"CO à pied","latitude":"47.7466558983","longitude":"-2.54098361633","date_saisie":"27/07/2018","date_depot":"30/07/2018","valide":"Non","ppo":"Non","type_carte":"Nouvelle carte","fond":"Ortho","obsolete":false}},{"type":"Feature","geometry":{"type":"Polygon","coordinates":[[[-3.4339,47.7322],[-3.4339,47.7338],[-3.4403,47.734],[-3.4412,47.735],[-3.4417,47.7355],[-3.4435,47.7353],[-3.4436,47.7346],[-3.4435,47.7338],[-3.4433,47.7329],[-3.4426,47.7299],[-3.4426,47.729],[-3.4415,47.7288],[-3.44,47.7291],[-3.4396,47.729],[-3.4379,47.7296],[-3.4382,47.7303],[-3.4381,47.7307],[-3.4374,47.7308],[-3.437,47.7304],[-3.4354,47.731],[-3.4353,47.7316],[-3.4339,47.7322]]]},"properties":{"id_ffco":"2018-D56-211","nom":"Complexe sportif de la chataigneraie","_dept":"56","numero":"2018-D56-211","commune":"Ploemeur","echelle":"1/3500","surface":"0.33 km²","format":"A4","annee":"2018","cartographes":"Eric Charles","proprietaire":"56 - Morbihan","niveau":"Initiation, Scolaire","specialite":"CO à pied","latitude":"47.7321314089","longitude":"-3.43945585767","date_saisie":"30/07/2018","date_depot":"30/07/2018","valide":"Non","ppo":"Non","type_carte":"Nouvelle carte","fond":"Ortho","obsolete":false}},{"type":"Feature","geometry":{"type":"Polygon","coordinates":[[[-3.4294,47.7918],[-3.4293,47.7909],[-3.4289,47.7909],[-3.4289,47.7907],[-3.4293,47.7907],[-3.4294,47.7903],[-3.4293,47.7901],[-3.4289,47.7898],[-3.4282,47.7894],[-3.4276,47.789],[-3.4267,47.7885],[-3.4261,47.7886],[-3.4261,47.7894],[-3.4259,47.7913],[-3.4263,47.7917],[-3.4294,47.7918]]]},"properties":{"id_ffco":"2018-D56-210","nom":"Collège de Kerbellec","_dept":"56","numero":"2018-D56-210","commune":"Quéven","echelle":"1/1500","surface":"0.07 km²","format":"A4","annee":"2018","cartographes":"Eric Charles","proprietaire":"56 - Morbihan","niveau":"Initiation, Scolaire","specialite":"CO à pied","contacts":"CDCO56, 0297339532, cdco56.1@free.fr, http://morbihan.ffcorientation.fr/","latitude":"47.7904034516","longitude":"-3.42751591388","date_saisie":"30/07/2018","date_depot":"30/07/2018","valide":"Non","ppo":"Non","type_carte":"Nouvelle carte","fond":"Ortho","obsolete":false}},{"type":"Feature","geometry":{"type":"Polygon","coordinates":[[[-2.7294,47.7366],[-2.7251,47.7374],[-2.7226,47.737],[-2.7192,47.7361],[-2.7179,47.7369],[-2.7166,47.7396],[-2.7175,47.7429],[-2.7197,47.7427],[-2.7231,47.7427],[-2.7268,47.742],[-2.7289,47.7418],[-2.7304,47.7424],[-2.7309,47.7433],[-2.7334,47.7446],[-2.7347,47.7439],[-2.7345,47.7419],[-2.7397,47.7422],[-2.7405,47.7441],[-2.7442,47.7445],[-2.7488,47.745],[-2.7511,47.745],[-2.7543,47.7447],[-2.7588,47.7442],[-2.7599,47.7446],[-2.761,47.7441],[-2.7627,47.7446],[-2.7653,47.7449],[-2.7663,47.7441],[-2.768,47.7442],[-2.7658,47.7414],[-2.764,47.7362],[-2.7599,47.7363],[-2.7584,47.7363],[-2.7538,47.7366],[-2.7535,47.7373],[-2.7509,47.7368],[-2.7494,47.7364],[-2.7489,47.7368],[-2.748,47.7375],[-2.7462,47.7368],[-2.7447,47.7371],[-2.7373,47.7371],[-2.7341,47.7375],[-2.7294,47.7366]]]},"properties":{"id_ffco":"2018-D56-209","nom":"Camp de Meucon (camp bati)","_dept":"56","numero":"2018-D56-209","commune":"Meucon","echelle":"1/10000","surface":"2.76 km²","format":"A3","annee":"2018","cartographes":"Eric Charles","proprietaire":"56 - Morbihan","niveau":"Régional","specialite":"CO à pied","contacts":"CDCO56, 0297339532, cdco56.1@free.fr, http://morbihan.ffcorientation.fr/","latitude":"47.7403907997","longitude":"-2.74345048302","date_saisie":"30/07/2018","date_depot":"30/07/2018","valide":"Non","ppo":"Non","type_carte":"Nouvelle carte","fond":"Ortho","obsolete":false}},{"type":"Feature","geometry":{"type":"Polygon","coordinates":[[[-2.8169,47.7537],[-2.8081,47.7523],[-2.8077,47.7487],[-2.8033,47.747],[-2.7829,47.7464],[-2.7749,47.7448],[-2.7682,47.7447],[-2.7661,47.7416],[-2.7635,47.7368],[-2.7694,47.7361],[-2.7778,47.7365],[-2.7812,47.7353],[-2.79,47.7353],[-2.7936,47.7364],[-2.7991,47.7351],[-2.8003,47.7347],[-2.8077,47.7351],[-2.8119,47.7348],[-2.8154,47.735],[-2.8178,47.7356],[-2.8207,47.7334],[-2.8226,47.7351],[-2.8264,47.7348],[-2.8272,47.7397],[-2.8249,47.7433],[-2.8245,47.7461],[-2.8215,47.7488],[-2.8194,47.7523],[-2.8169,47.7537]]]},"properties":{"id_ffco":"2018-D56-208","nom":"Camp de Meucon","_dept":"56","numero":"2018-D56-208","commune":"Meucon","echelle":"1/10000","surface":"6.17 km²","format":"A3","annee":"2018","cartographes":"Charles Eric","proprietaire":"56 - Morbihan","niveau":"Régional","specialite":"CO à pied","latitude":"47.7417940905","longitude":"-2.7995944247","date_saisie":"06/02/2018","date_depot":"16/02/2018","valide":"Non","ppo":"Non","type_carte":"Nouvelle carte","fond":"Ortho","obsolete":false}},{"type":"Feature","geometry":{"type":"Polygon","coordinates":[[[-3.2861,47.9768],[-3.2872,47.9786],[-3.2871,47.9811],[-3.2875,47.9824],[-3.2838,47.9827],[-3.2825,47.981],[-3.2802,47.9812],[-3.2773,47.9792],[-3.2785,47.9781],[-3.2784,47.9766],[-3.2772,47.9765],[-3.2774,47.9739],[-3.2794,47.9734],[-3.2833,47.9736],[-3.2843,47.9739],[-3.2838,47.9766],[-3.2861,47.9768]]]},"properties":{"id_ffco":"2017-D56-207","nom":"Bourg Inguiniel","_dept":"56","numero":"2017-D56-207","commune":"Inguiniel","echelle":"1/4000","surface":"0.54 km²","format":"A4","annee":"2017","cartographes":"Coniel Anne","proprietaire":"ACOrientation","niveau":"Initiation, Scolaire","specialite":"CO à pied","latitude":"47.9779595559","longitude":"-3.28226718214","date_saisie":"22/12/2017","valide":"Non","ppo":"Non","type_carte":"Nouvelle carte","fond":"Cadastre","obsolete":false}},{"type":"Feature","geometry":{"type":"Polygon","coordinates":[[[-2.3459,47.6968],[-2.3432,47.6959],[-2.3409,47.6947],[-2.3408,47.6933],[-2.3426,47.6913],[-2.3419,47.6905],[-2.3448,47.6894],[-2.3482,47.6885],[-2.3504,47.6878],[-2.359,47.6878],[-2.3614,47.6884],[-2.36,47.6932],[-2.3583,47.6957],[-2.3459,47.6968]]]},"properties":{"id_ffco":"2017-D56-206","nom":"L'étang du moulin neuf","_dept":"56","numero":"2017-D56-206","commune":"Rochefort-En-Terre","echelle":"1/5000","surface":"1.19 km²","format":"A4","annee":"2017","cartographes":"Eric Charles","proprietaire":"56 - Morbihan","niveau":"Départemental","specialite":"CO à pied","latitude":"47.6921765082","longitude":"-2.35128521969","date_saisie":"06/12/2017","date_depot":"30/07/2018","valide":"Non","ppo":"Oui (42 postes)","type_carte":"Nouvelle carte","fond":"Ortho","obsolete":false}},{"type":"Feature","geometry":{"type":"Polygon","coordinates":[[[-2.507,47.5673],[-2.5061,47.5674],[-2.506,47.5679],[-2.5054,47.5689],[-2.5039,47.5698],[-2.503,47.5692],[-2.5013,47.5689],[-2.5008,47.5679],[-2.4992,47.5669],[-2.4973,47.5651],[-2.4963,47.5638],[-2.4956,47.5626],[-2.4962,47.5622],[-2.4973,47.5629],[-2.4977,47.563],[-2.4984,47.5638],[-2.4992,47.5644],[-2.5012,47.565],[-2.5015,47.5657],[-2.5031,47.5667],[-2.504,47.5665],[-2.5042,47.5661],[-2.505,47.566],[-2.5052,47.5657],[-2.5064,47.5657],[-2.507,47.5673]]]},"properties":{"id_ffco":"2017-D56-205","nom":"bois Pen Mur","_dept":"56","numero":"2017-D56-205","commune":"Muzillac","echelle":"1/3000","surface":"0.24 km²","format":"A4","annee":"2017","cartographes":"Eric Charles","proprietaire":"56 - Morbihan","niveau":"Départemental","specialite":"CO à pied","contacts":"CDCO56, 0297339532, cdco56.1@free.fr, http://morbihan.ffcorientation.fr/","latitude":"47.5664881027","longitude":"-2.50160704008","date_saisie":"24/11/2017","date_depot":"30/07/2018","valide":"Non","ppo":"Non","type_carte":"Nouvelle carte","fond":"Ortho","obsolete":false}},{"type":"Feature","geometry":{"type":"Polygon","coordinates":[[[-3.3818,47.74],[-3.3848,47.7399],[-3.3864,47.739],[-3.3899,47.7381],[-3.3911,47.7378],[-3.3919,47.7388],[-3.3956,47.7401],[-3.3958,47.7411],[-3.3953,47.7434],[-3.3955,47.7443],[-3.3958,47.7461],[-3.3961,47.7486],[-3.3944,47.7498],[-3.3933,47.7511],[-3.3914,47.7525],[-3.3901,47.751],[-3.389,47.75],[-3.3891,47.7491],[-3.3883,47.7482],[-3.3886,47.7476],[-3.3873,47.7466],[-3.3869,47.7461],[-3.3854,47.7439],[-3.3833,47.7415],[-3.3818,47.74]]]},"properties":{"id_ffco":"2018-D56-204","nom":"Lorient Kervenanec Lanveur","_dept":"56","numero":"2018-D56-204","commune":"Lorient","echelle":"1/5000","surface":"0.95 km²","format":"A4","annee":"2018","cartographes":"Remi Lequint","proprietaire":"5604 - CLUB D'ORIENTATION LORIENTAIS","niveau":"Régional","specialite":"CO à pied","contacts":"Club Orientation Lorient, 56100, Lorient, contact@co-lorient.fr","latitude":"47.7441682222","longitude":"-3.39053825515","date_saisie":"16/02/2018","date_depot":"16/02/2018","valide":"Non","ppo":"Non","type_carte":"Nouvelle carte","fond":"Ortho","obsolete":false}},{"type":"Feature","geometry":{"type":"Polygon","coordinates":[[[-3.3623,47.9671],[-3.3646,47.9655],[-3.3677,47.9653],[-3.3694,47.9654],[-3.3708,47.963],[-3.3733,47.9617],[-3.3725,47.9576],[-3.373,47.9553],[-3.3729,47.9523],[-3.3677,47.9493],[-3.3662,47.9466],[-3.361,47.9434],[-3.3572,47.9441],[-3.3526,47.9484],[-3.3522,47.9518],[-3.3494,47.9547],[-3.3504,47.9623],[-3.3471,47.9657],[-3.343,47.9679],[-3.3411,47.9745],[-3.3379,47.9772],[-3.3371,47.9785],[-3.3378,47.9802],[-3.3398,47.98],[-3.3402,47.9821],[-3.3414,47.9812],[-3.3432,47.9809],[-3.345,47.9815],[-3.346,47.982],[-3.3478,47.9795],[-3.3475,47.9758],[-3.3488,47.9756],[-3.3491,47.9736],[-3.3514,47.9731],[-3.3513,47.9705],[-3.352,47.9689],[-3.3558,47.9663],[-3.3623,47.965],[-3.3623,47.9671]]]},"properties":{"id_ffco":"2018-D56-203","nom":"Foret domaniale de Pont Calleck OVTT","_dept":"56","numero":"2018-D56-203","commune":"Berné","echelle":"1/15000","surface":"4.64 km²","format":"A4","annee":"2018","cartographes":"Remi Lequint","proprietaire":"5604 - CLUB D'ORIENTATION LORIENTAIS","niveau":"Régional","specialite":"CO à VTT","contacts":"Club Orientation Lorient, 56100, Lorient, contact@co-lorient.fr","latitude":"47.9605980612","longitude":"-3.35696607541","date_saisie":"15/02/2018","date_depot":"16/02/2018","valide":"Non","ppo":"Non","type_carte":"Nouvelle carte","fond":"Ortho","obsolete":false}},{"type":"Feature","geometry":{"type":"Polygon","coordinates":[[[-3.3519,47.9691],[-3.3546,47.9668],[-3.3576,47.965],[-3.3618,47.965],[-3.3624,47.965],[-3.3669,47.9638],[-3.37,47.9648],[-3.3708,47.9637],[-3.3725,47.9618],[-3.3723,47.9583],[-3.3733,47.9562],[-3.3728,47.9544],[-3.3726,47.9518],[-3.3677,47.949],[-3.3656,47.9463],[-3.3608,47.9431],[-3.3567,47.9444],[-3.3525,47.949],[-3.3523,47.952],[-3.3499,47.9547],[-3.3501,47.9619],[-3.347,47.9657],[-3.3439,47.9671],[-3.3417,47.9735],[-3.3392,47.9763],[-3.3362,47.9793],[-3.334,47.9808],[-3.3366,47.9809],[-3.3378,47.9803],[-3.34,47.9803],[-3.3401,47.9819],[-3.3419,47.9814],[-3.3434,47.981],[-3.3452,47.9817],[-3.3461,47.982],[-3.3474,47.9796],[-3.3478,47.9755],[-3.3489,47.9753],[-3.3513,47.9729],[-3.3514,47.9717],[-3.3519,47.9691]]]},"properties":{"id_ffco":"2017-D56-202","nom":"Foret domaniale de Pont-Calleck","_dept":"56","numero":"2017-D56-202","commune":"Berné","echelle":"1/15000","surface":"4.56 km²","format":"A4","annee":"2017","cartographes":"Rémi Lequint","proprietaire":"5604 - CLUB D'ORIENTATION LORIENTAIS","niveau":"Interrégional","specialite":"CO à pied","contacts":"Club Orientation Lorient, 56100, Lorient, contact@co-lorient.fr","latitude":"47.9606798835","longitude":"-3.35665512092","date_saisie":"09/10/2017","date_depot":"16/02/2018","valide":"Non","ppo":"Non","type_carte":"Nouvelle carte","fond":"Ortho","obsolete":false}},{"type":"Feature","geometry":{"type":"Polygon","coordinates":[[[-3.2584,47.8179],[-3.2597,47.8179],[-3.2596,47.8166],[-3.261,47.8154],[-3.2627,47.8147],[-3.2658,47.812],[-3.2669,47.8133],[-3.2675,47.8141],[-3.2708,47.8132],[-3.273,47.8152],[-3.273,47.8175],[-3.2721,47.8213],[-3.2656,47.8211],[-3.2618,47.821],[-3.2592,47.8207],[-3.258,47.8199],[-3.2572,47.8193],[-3.2584,47.8179]]]},"properties":{"id_ffco":"2017-D56-201","nom":"Le TALHOUET Hennebont","_dept":"56","numero":"2017-D56-201","commune":"Hennebont","echelle":"1/5000","surface":"0.81 km²","format":"A4","annee":"2017","cartographes":"Charles Eric, Poëdras Daniel","proprietaire":"56 - Morbihan","niveau":"Régional","specialite":"CO à pied","latitude":"47.8175240999","longitude":"-3.2661409255","date_saisie":"30/08/2017","date_depot":"31/08/2017","valide":"Non","ppo":"Non","type_carte":"Nouvelle carte","fond":"Ortho","obsolete":false}},{"type":"Feature","geometry":{"type":"Polygon","coordinates":[[[-2.7508,48.07],[-2.7512,48.0695],[-2.7525,48.0694],[-2.754,48.0698],[-2.7564,48.0715],[-2.7581,48.0729],[-2.7602,48.0745],[-2.7566,48.0759],[-2.7546,48.0741],[-2.752,48.0722],[-2.7508,48.0708],[-2.7508,48.07]]]},"properties":{"id_ffco":"2017-D56-200","nom":"Rohan","_dept":"56","numero":"2017-D56-200","commune":"Rohan","echelle":"1/3000","surface":"0.22 km²","format":"A4","annee":"2017","cartographes":"Coniel Anne","proprietaire":"ACOrientation","niveau":"Initiation, Scolaire","specialite":"CO à pied","latitude":"48.0725417211","longitude":"-2.75509925996","date_saisie":"22/08/2017","date_depot":"21/08/2017","valide":"Non","ppo":"Non","type_carte":"Nouvelle carte","fond":"Ortho","obsolete":false}},{"type":"Feature","geometry":{"type":"Polygon","coordinates":[[[-2.4204,47.9452],[-2.4198,47.9458],[-2.42,47.9465],[-2.4197,47.9475],[-2.4193,47.9492],[-2.4183,47.9497],[-2.4183,47.9502],[-2.4169,47.9513],[-2.4167,47.9516],[-2.4152,47.9528],[-2.4144,47.954],[-2.4137,47.9555],[-2.4136,47.9561],[-2.4145,47.9566],[-2.4155,47.9561],[-2.4155,47.9556],[-2.4172,47.9553],[-2.4186,47.9551],[-2.4205,47.9519],[-2.4215,47.9508],[-2.4232,47.9492],[-2.4234,47.9484],[-2.4218,47.9468],[-2.4212,47.9458],[-2.4204,47.9452]]]},"properties":{"id_ffco":"2017-D56-199","nom":"Base de loisirs lac au duc","_dept":"56","numero":"2017-D56-199","commune":"Taupont","echelle":"1/5000","surface":"0.32 km²","format":"A4","annee":"2017","cartographes":"Poëdras Daniel","proprietaire":"56 - Morbihan","niveau":"Initiation, Scolaire","specialite":"CO à pied","contacts":"CDCO56, 0297339532, cdco56.1@free.fr, http://morbihan.ffcorientation.fr/","latitude":"47.9513915087","longitude":"-2.41872258647","date_saisie":"22/08/2017","date_depot":"08/06/2017","valide":"Non","ppo":"Non","type_carte":"Nouvelle carte","fond":"Ortho","obsolete":false}},{"type":"Feature","geometry":{"type":"Polygon","coordinates":[[[-3.2446,47.8602],[-3.2435,47.8593],[-3.2418,47.8591],[-3.2405,47.8581],[-3.24,47.8572],[-3.2373,47.8572],[-3.2359,47.8498],[-3.2356,47.8477],[-3.2366,47.8463],[-3.2373,47.8461],[-3.2384,47.8471],[-3.2396,47.8476],[-3.2399,47.8465],[-3.2404,47.8456],[-3.2417,47.8455],[-3.2415,47.8447],[-3.2428,47.8446],[-3.2439,47.8439],[-3.2461,47.8431],[-3.2478,47.8433],[-3.2494,47.8432],[-3.2582,47.843],[-3.2604,47.8433],[-3.2611,47.8446],[-3.26,47.8467],[-3.2612,47.8491],[-3.2598,47.8498],[-3.258,47.8514],[-3.2538,47.8531],[-3.2527,47.8541],[-3.2532,47.8547],[-3.2546,47.8553],[-3.2541,47.8556],[-3.2523,47.856],[-3.2493,47.8576],[-3.2471,47.8587],[-3.2458,47.8588],[-3.2447,47.8594],[-3.2446,47.8602]]]},"properties":{"id_ffco":"2017-D56-198","nom":"Trémelin","_dept":"56","numero":"2017-D56-198","commune":"Inzinzac Lochrist","echelle":"1/10000","surface":"2.43 km²","format":"A4","annee":"2017","cartographes":"Eric Charles","proprietaire":"56 - Morbihan","niveau":"Régional","specialite":"CO à pied","contacts":"CDCO56, 0297339532, cdco56.1@free.fr, http://morbihan.ffcorientation.fr/","latitude":"47.8502833427","longitude":"-3.24766848992","date_saisie":"16/02/2018","date_depot":"16/02/2018","valide":"Non","ppo":"Non","type_carte":"Reprise","base":"2009-D56-122 Forêt de Tremelin","fond":"Ortho","obsolete":false}},{"type":"Feature","geometry":{"type":"Polygon","coordinates":[[[-2.9281,47.8016],[-2.9282,47.8],[-2.9284,47.7989],[-2.9259,47.7977],[-2.9254,47.7962],[-2.921,47.7932],[-2.9188,47.793],[-2.9169,47.7932],[-2.9159,47.7927],[-2.9094,47.7936],[-2.9052,47.7993],[-2.9071,47.8001],[-2.9097,47.8006],[-2.912,47.8009],[-2.9141,47.8011],[-2.918,47.802],[-2.9191,47.8023],[-2.9223,47.8018],[-2.9237,47.8021],[-2.9256,47.8015],[-2.9281,47.8016]]]},"properties":{"id_ffco":"2017-D56-197","nom":"Etang de la forêt","_dept":"56","numero":"2017-D56-197","commune":"Bieuzy Lanvaux","echelle":"1/7500","surface":"1.27 km²","format":"A4","annee":"2017","cartographes":"Charles Eric","proprietaire":"56 - Morbihan","niveau":"Départemental","specialite":"CO à pied","latitude":"47.7977186798","longitude":"-2.91702663942","date_saisie":"22/08/2017","date_depot":"01/07/2017","valide":"Non","ppo":"Non","type_carte":"Nouvelle carte","base":"2017-D56-197 Etang de la forêt","fond":"Ortho","obsolete":false}},{"type":"Feature","geometry":{"type":"Polygon","coordinates":[[[-3.3563,47.6876],[-3.3562,47.6868],[-3.3568,47.6865],[-3.357,47.6861],[-3.3575,47.6859],[-3.3585,47.686],[-3.3595,47.6861],[-3.36,47.6858],[-3.3606,47.6862],[-3.3602,47.6866],[-3.3594,47.687],[-3.3593,47.688],[-3.3604,47.6892],[-3.3619,47.6908],[-3.3614,47.6912],[-3.3604,47.6905],[-3.3591,47.6909],[-3.3587,47.6916],[-3.3581,47.6928],[-3.358,47.6937],[-3.3569,47.6941],[-3.3563,47.6939],[-3.3556,47.6942],[-3.3547,47.6951],[-3.3546,47.6965],[-3.3549,47.6979],[-3.355,47.6987],[-3.3548,47.6991],[-3.3537,47.6994],[-3.3527,47.7009],[-3.351,47.7004],[-3.3508,47.6998],[-3.3499,47.699],[-3.3487,47.6983],[-3.3476,47.6973],[-3.3473,47.6966],[-3.3472,47.6951],[-3.3502,47.6942],[-3.3521,47.6932],[-3.3529,47.6925],[-3.3535,47.6918],[-3.3536,47.6914],[-3.353,47.6909],[-3.3532,47.6899],[-3.3531,47.6891],[-3.3541,47.6886],[-3.3551,47.688],[-3.3563,47.6876]]]},"properties":{"id_ffco":"2017-D56-196","nom":"Gâvres","_dept":"56","numero":"2017-D56-196","commune":"Gâvres","echelle":"1/5000","surface":"0.7 km²","format":"A4","annee":"2017","cartographes":"Coniel Anne","proprietaire":"5604 - CLUB D'ORIENTATION LORIENTAIS","niveau":"Régional","specialite":"CO à pied","latitude":"47.6933518173","longitude":"-3.35425424445","date_saisie":"22/08/2017","date_depot":"10/09/2017","valide":"Non","ppo":"Non","type_carte":"Nouvelle carte","fond":"Ortho","obsolete":false}},{"type":"Feature","geometry":{"type":"Polygon","coordinates":[[[-3.2908,47.7176],[-3.2903,47.7188],[-3.2886,47.7188],[-3.2887,47.7203],[-3.2881,47.7224],[-3.2899,47.7222],[-3.2908,47.7221],[-3.2916,47.7221],[-3.2926,47.7221],[-3.2935,47.7219],[-3.2931,47.7208],[-3.2939,47.7203],[-3.2948,47.7194],[-3.2958,47.7182],[-3.2959,47.717],[-3.2908,47.7176]]]},"properties":{"id_ffco":"2017-D56-195","nom":"Chapelle LocJean","_dept":"56","numero":"2017-D56-195","commune":"Riantec","echelle":"1/3000","surface":"0.22 km²","format":"A4","annee":"2017","cartographes":"Eric charles","proprietaire":"56 - Morbihan","niveau":"Régional","specialite":"CO à pied","latitude":"47.7196847646","longitude":"-3.29187025013","date_saisie":"22/08/2017","date_depot":"21/05/2017","valide":"Non","ppo":"Non","type_carte":"Nouvelle carte","fond":"Ortho","obsolete":false}},{"type":"Feature","geometry":{"type":"Polygon","coordinates":[[[-3.2694,47.8493],[-3.2716,47.852],[-3.2754,47.854],[-3.2842,47.8573],[-3.2894,47.8603],[-3.2915,47.8612],[-3.296,47.8616],[-3.2987,47.8634],[-3.3015,47.8643],[-3.3056,47.8653],[-3.3081,47.8679],[-3.3095,47.8684],[-3.3121,47.8687],[-3.3133,47.8687],[-3.3142,47.8691],[-3.3154,47.8701],[-3.3144,47.8709],[-3.3132,47.8719],[-3.3117,47.8742],[-3.3097,47.8763],[-3.3065,47.8776],[-3.3046,47.8798],[-3.3049,47.8815],[-3.3033,47.8832],[-3.2992,47.883],[-3.2928,47.8812],[-3.2877,47.8804],[-3.2833,47.8776],[-3.2769,47.8753],[-3.274,47.8754],[-3.2706,47.877],[-3.2664,47.8773],[-3.2667,47.8763],[-3.2687,47.875],[-3.2699,47.8744],[-3.2669,47.8737],[-3.263,47.872],[-3.2644,47.8707],[-3.2667,47.87],[-3.2677,47.8685],[-3.2663,47.8665],[-3.2676,47.8635],[-3.2677,47.8607],[-3.2667,47.8581],[-3.2652,47.8566],[-3.2666,47.8533],[-3.2694,47.8493]]]},"properties":{"id_ffco":"2017-D56-194","nom":"Saint Symphorien Inzinzac","_dept":"56","numero":"2017-D56-194","commune":"Inzinzac","echelle":"1/20000","surface":"7.34 km²","format":"A4","annee":"2017","cartographes":"Coniel Anne","proprietaire":"5604 - CLUB D'ORIENTATION LORIENTAIS","niveau":"Régional","specialite":"CO à VTT","latitude":"47.8686069942","longitude":"-3.28672968731","date_saisie":"15/04/2017","date_depot":"30/04/2017","valide":"Oui","ppo":"Non","type_carte":"Nouvelle carte","fond":"Ortho","obsolete":false}},{"type":"Feature","geometry":{"type":"Polygon","coordinates":[[[-3.2442,47.9414],[-3.2458,47.9428],[-3.2617,47.9422],[-3.2666,47.9398],[-3.2661,47.9363],[-3.2646,47.9342],[-3.2646,47.9334],[-3.262,47.9318],[-3.2613,47.931],[-3.2577,47.9314],[-3.2504,47.9276],[-3.2496,47.9284],[-3.2494,47.9302],[-3.2468,47.9329],[-3.2466,47.9363],[-3.2456,47.939],[-3.2442,47.9414]]]},"properties":{"id_ffco":"2017-D56-193","nom":"Lann Bourgeol","_dept":"56","numero":"2017-D56-193","commune":"Inguiniel","echelle":"1/10000","surface":"1.88 km²","format":"A4","annee":"2017","cartographes":"Malardé Christophe","proprietaire":"5604 - CLUB D'ORIENTATION LORIENTAIS","niveau":"Départemental","specialite":"CO à pied","latitude":"47.9365785881","longitude":"-3.25521420944","date_saisie":"15/04/2017","date_depot":"15/04/2017","valide":"Non","ppo":"Non","type_carte":"Reprise","base":"2006-D56-107 Forêt Communale De Lann Bourgeol","fond":"Ortho","obsolete":false}},{"type":"Feature","geometry":{"type":"Polygon","coordinates":[[[-3.2646,47.8072],[-3.264,47.8066],[-3.265,47.8056],[-3.2657,47.8058],[-3.2665,47.8057],[-3.2668,47.8055],[-3.2672,47.8045],[-3.2678,47.8037],[-3.2686,47.8042],[-3.2697,47.8044],[-3.271,47.8044],[-3.271,47.8047],[-3.2702,47.8049],[-3.2701,47.8054],[-3.27,47.8066],[-3.2693,47.8066],[-3.2686,47.8069],[-3.2678,47.8071],[-3.2646,47.8072]]]},"properties":{"id_ffco":"2016-D56-192","nom":"Parc de Kerbihan","_dept":"56","numero":"2016-D56-192","commune":"Hennebont","echelle":"1/2500","surface":"0.1 km²","format":"A4","annee":"2016","cartographes":"Coniel Anne","proprietaire":"56 - Morbihan","niveau":"Initiation, Scolaire","specialite":"CO à pied","latitude":"47.8057753667","longitude":"-3.26765811011","date_saisie":"08/12/2016","date_depot":"01/12/2016","valide":"Non","ppo":"Non","type_carte":"Nouvelle carte","fond":"Ortho","obsolete":false}},{"type":"Feature","geometry":{"type":"Polygon","coordinates":[[[-3.3258,47.7112],[-3.3249,47.7124],[-3.3249,47.7143],[-3.3237,47.7155],[-3.3223,47.7175],[-3.3203,47.7185],[-3.3195,47.7193],[-3.32,47.7206],[-3.3182,47.7201],[-3.3163,47.7185],[-3.3178,47.717],[-3.3166,47.7163],[-3.3158,47.7141],[-3.3255,47.7114],[-3.3258,47.7112]]]},"properties":{"id_ffco":"2016-D56-191","nom":"Kerdurand-Hôpital","_dept":"56","numero":"2016-D56-191","commune":"Riantec","echelle":"1/4000","surface":"0.37 km²","format":"A4","annee":"2016","cartographes":"Eric Charles, Daniel Poëdras","proprietaire":"56 - Morbihan","niveau":"Départemental","specialite":"CO à pied","contacts":"CDCO56, 0297339532, cdco56.1@free.fr, http://morbihan.ffcorientation.fr/","latitude":"47.7155701745","longitude":"-3.32033031616","date_saisie":"17/11/2016","valide":"Non","ppo":"Non","type_carte":"Reprise","base":"2012-D56-135 Parc de Kerdurand","fond":"Ortho","obsolete":false}},{"type":"Feature","geometry":{"type":"Polygon","coordinates":[[[-3.1387,47.5764],[-3.1423,47.584],[-3.1451,47.5882],[-3.1488,47.5947],[-3.153,47.6001],[-3.1576,47.6047],[-3.1601,47.6074],[-3.1582,47.6089],[-3.1538,47.6108],[-3.1507,47.6116],[-3.1472,47.6128],[-3.141,47.6099],[-3.1378,47.6033],[-3.1375,47.6004],[-3.1317,47.5962],[-3.1331,47.5892],[-3.1348,47.5763],[-3.1387,47.5764]]]},"properties":{"id_ffco":"2016-D56-190","nom":"Dunes de Plouharnel","_dept":"56","numero":"2016-D56-190","commune":"Plouharnel","echelle":"1/10000","surface":"3.99 km²","format":"A3","annee":"2016","cartographes":"Charles Eric","proprietaire":"56 - Morbihan","niveau":"Interrégional","specialite":"CO à pied","contacts":"CDCO56, 0297339532, cdco56.1@free.fr, http://morbihan.ffcorientation.fr/","latitude":"47.5970954493","longitude":"-3.14341467001","date_saisie":"15/12/2016","date_depot":"01/05/2017","valide":"Non","ppo":"Non","type_carte":"Nouvelle carte","fond":"Ortho","obsolete":false}},{"type":"Feature","geometry":{"type":"Polygon","coordinates":[[[-2.9974,47.6741],[-2.9973,47.6727],[-2.9939,47.6714],[-2.9936,47.6718],[-2.992,47.6722],[-2.994,47.6748],[-2.9974,47.6741]]]},"properties":{"id_ffco":"2016-D56-189","nom":"Quartier Parco pointer","_dept":"56","numero":"2016-D56-189","commune":"Auray","echelle":"1/2000","surface":"0.09 km²","format":"A4","annee":"2016","cartographes":"Eric Charles","proprietaire":"56 - Morbihan","niveau":"Initiation, Scolaire","specialite":"CO à pied","contacts":"CDCO56, 0297339532, cdco56.1@free.fr, http://morbihan.ffcorientation.fr/","latitude":"47.6731435269","longitude":"-2.99484320119","date_saisie":"14/11/2016","valide":"Non","ppo":"Non","type_carte":"Nouvelle carte","fond":"Ortho","obsolete":false}},{"type":"Feature","geometry":{"type":"Polygon","coordinates":[[[-2.9972,47.6725],[-2.997,47.6715],[-2.9967,47.6705],[-2.9967,47.6699],[-2.9965,47.6693],[-2.9965,47.6685],[-2.9974,47.6687],[-2.9988,47.669],[-2.9999,47.6698],[-3.0005,47.6702],[-3.0011,47.6703],[-3.0011,47.671],[-3.001,47.6717],[-3.0009,47.6722],[-3.0,47.6734],[-2.9996,47.6734],[-2.9972,47.6725]]]},"properties":{"id_ffco":"2016-D56-188","nom":"Quartier Gumenen","_dept":"56","numero":"2016-D56-188","commune":"Auray","echelle":"1/2500","surface":"0.13 km²","format":"A4","annee":"2016","cartographes":"Eric Charles","proprietaire":"56 - Morbihan","niveau":"Initiation, Scolaire","specialite":"CO à pied","contacts":"CDCO56, 0297339532, cdco56.1@free.fr, http://morbihan.ffcorientation.fr/","latitude":"47.6709810851","longitude":"-2.99874259926","date_saisie":"14/11/2016","valide":"Non","ppo":"Non","type_carte":"Nouvelle carte","fond":"Ortho","obsolete":false}},{"type":"Feature","geometry":{"type":"Polygon","coordinates":[[[-2.9744,47.669],[-2.974,47.6697],[-2.9743,47.6706],[-2.9751,47.6718],[-2.9763,47.6724],[-2.9776,47.673],[-2.9789,47.6737],[-2.9799,47.6739],[-2.9807,47.6747],[-2.9816,47.6758],[-2.9809,47.6771],[-2.9804,47.6783],[-2.9855,47.6789],[-2.9849,47.6785],[-2.9832,47.6778],[-2.9847,47.6761],[-2.9847,47.6748],[-2.9826,47.6729],[-2.9813,47.6709],[-2.9744,47.669]]]},"properties":{"id_ffco":"2016-D56-186","nom":"La grande Forêt","_dept":"56","numero":"2016-D56-186","commune":"Auray","echelle":"1/4500","surface":"0.34 km²","format":"A4","annee":"2016","cartographes":"Eric Charles","proprietaire":"56 - Morbihan","niveau":"Départemental","specialite":"CO à pied","contacts":"CDCO56, 0297339532, cdco56.1@free.fr, http://morbihan.ffcorientation.fr/","latitude":"47.6734640039","longitude":"-2.98011647101","date_saisie":"14/11/2016","date_depot":"01/04/2017","valide":"Non","ppo":"Non","type_carte":"Nouvelle carte","fond":"Ortho","obsolete":false}},{"type":"Feature","geometry":{"type":"Polygon","coordinates":[[[-2.8048,47.6985],[-2.7965,47.6999],[-2.795,47.6969],[-2.7951,47.6953],[-2.8007,47.6969],[-2.8016,47.697],[-2.8048,47.6985]]]},"properties":{"id_ffco":"2016-D56-185","nom":"Collège Anne Frank","_dept":"56","numero":"2016-D56-185","commune":"Plescop","echelle":"1/2500","surface":"0.19 km²","format":"A4","annee":"2016","cartographes":"Eric Charles","proprietaire":"56 - Morbihan","niveau":"Initiation, Scolaire","specialite":"CO à pied","latitude":"47.6978244612","longitude":"-2.79879372648","date_saisie":"30/09/2016","date_depot":"29/06/2016","valide":"Non","ppo":"Non","type_carte":"Nouvelle carte","fond":"Cadastre","obsolete":false}},{"type":"Feature","geometry":{"type":"Polygon","coordinates":[[[-2.7223,47.8415],[-2.722,47.8381],[-2.7224,47.8366],[-2.7266,47.8365],[-2.7275,47.8389],[-2.7337,47.8387],[-2.733,47.8335],[-2.738,47.8331],[-2.7438,47.8355],[-2.7428,47.8421],[-2.7363,47.8435],[-2.7345,47.8422],[-2.7223,47.8415]]]},"properties":{"id_ffco":"2016-D56-184","nom":"Le Sullio","_dept":"56","numero":"2016-D56-184","commune":"Saint Jean Brevelay","echelle":"1/6000","surface":"1.12 km²","format":"A4","annee":"2016","cartographes":"Eric Charles","proprietaire":"56 - Morbihan","niveau":"Départemental","specialite":"CO à pied","contacts":"CDCO56, 0297339532, cdco56.1@free.fr, http://morbihan.ffcorientation.fr/","latitude":"47.8386657115","longitude":"-2.73442470346","date_saisie":"30/09/2016","date_depot":"30/09/2016","valide":"Non","ppo":"Non","type_carte":"Nouvelle carte","fond":"Ortho","obsolete":false}},{"type":"Feature","geometry":{"type":"Polygon","coordinates":[[[-2.9947,47.6662],[-2.9976,47.6654],[-2.9978,47.6664],[-2.9982,47.6673],[-2.9997,47.6677],[-3.0007,47.6675],[-3.0017,47.6679],[-3.0031,47.6687],[-3.0043,47.6689],[-3.0099,47.6709],[-3.0093,47.6728],[-3.0083,47.6744],[-3.0029,47.6718],[-3.001,47.6711],[-2.9991,47.6695],[-2.9947,47.6662]]]},"properties":{"id_ffco":"2016-D56-183","nom":"Parc Utting","_dept":"56","numero":"2016-D56-183","commune":"Auray","echelle":"1/5000","surface":"0.36 km²","format":"A4","annee":"2016","cartographes":"Eric Charles","proprietaire":"56 - Morbihan","niveau":"Initiation, Scolaire","specialite":"CO à pied","contacts":"CDCO56, 0297339532, cdco56.1@free.fr, http://morbihan.ffcorientation.fr/","latitude":"47.6701236518","longitude":"-3.00329682168","date_saisie":"30/09/2016","date_depot":"31/10/2016","valide":"Non","ppo":"Non","type_carte":"Nouvelle carte","fond":"Ortho","obsolete":false}},{"type":"Feature","geometry":{"type":"Polygon","coordinates":[[[-2.8433,47.8919],[-2.8443,47.8906],[-2.8429,47.89],[-2.8425,47.8899],[-2.8425,47.8903],[-2.8417,47.8902],[-2.8412,47.8908],[-2.842,47.8914],[-2.8433,47.8919]]]},"properties":{"id_ffco":"2016-D56-182","nom":"Stade de Bodavel","_dept":"56","numero":"2016-D56-182","commune":"Locminé","echelle":"1/1250","surface":"0.03 km²","format":"A4","annee":"2016","cartographes":"Eric Charles","proprietaire":"56 - Morbihan","niveau":"Initiation, Scolaire","specialite":"CO à pied","contacts":"CDCO56, 0297339532, cdco56.1@free.fr, http://morbihan.ffcorientation.fr/","latitude":"47.8908560381","longitude":"-2.84279413137","date_saisie":"28/09/2016","date_depot":"01/09/2016","valide":"Non","ppo":"Non","type_carte":"Nouvelle carte","fond":"Cadastre","obsolete":false}},{"type":"Feature","geometry":{"type":"Polygon","coordinates":[[[-3.3669,47.7263],[-3.3691,47.7274],[-3.3702,47.7265],[-3.376,47.73],[-3.3737,47.7315],[-3.3718,47.7322],[-3.3701,47.7319],[-3.3683,47.7311],[-3.3671,47.7286],[-3.3658,47.7276],[-3.366,47.7268],[-3.3669,47.7263]]]},"properties":{"id_ffco":"2016-D56-181","nom":"Lorient La base","_dept":"56","numero":"2016-D56-181","commune":"Lorient","echelle":"1/4000","surface":"0.27 km²","format":"A4","annee":"2016","cartographes":"Anne Coniel","proprietaire":"5604 - CLUB D'ORIENTATION LORIENTAIS","niveau":"Initiation, Scolaire","specialite":"CO à pied","contacts":"Anne Coniel","latitude":"47.729342206","longitude":"-3.37062945049","date_saisie":"20/09/2016","date_depot":"23/09/2016","valide":"Non","ppo":"Non","type_carte":"Nouvelle carte","fond":"Cadastre","obsolete":false}},{"type":"Feature","geometry":{"type":"Polygon","coordinates":[[[-2.9001,47.6719],[-2.9035,47.6695],[-2.9059,47.6707],[-2.9082,47.6716],[-2.91,47.6687],[-2.9094,47.6683],[-2.91,47.6671],[-2.9099,47.6663],[-2.9127,47.6663],[-2.9157,47.6669],[-2.9188,47.6685],[-2.918,47.6692],[-2.9153,47.6696],[-2.9137,47.6699],[-2.9124,47.6717],[-2.9121,47.6741],[-2.9117,47.6752],[-2.908,47.6763],[-2.9057,47.6772],[-2.9052,47.6778],[-2.9041,47.6778],[-2.9035,47.6767],[-2.9039,47.6753],[-2.9034,47.6745],[-2.9001,47.6719]]]},"properties":{"id_ffco":"2016-D56-180","nom":"Pont du Sal","_dept":"56","numero":"2016-D56-180","commune":"Plougoumelen","echelle":"1/7500","surface":"0.73 km²","format":"A4","annee":"2016","cartographes":"Eric Charles","proprietaire":"56 - Morbihan","niveau":"Régional","specialite":"CO à pied","contacts":"CDCO56, 0297339532, cdco56.1@free.fr, http://morbihan.ffcorientation.fr/","latitude":"47.6717493845","longitude":"-2.90879556404","date_saisie":"06/04/2016","date_depot":"08/04/2016","valide":"Oui","ppo":"Non","type_carte":"Nouvelle carte","fond":"Ortho","obsolete":false}},{"type":"Feature","geometry":{"type":"Polygon","coordinates":[[[-2.7589,47.6732],[-2.7584,47.6699],[-2.7671,47.6693],[-2.7677,47.6694],[-2.7673,47.67],[-2.7666,47.6699],[-2.7656,47.6701],[-2.765,47.6705],[-2.7652,47.6711],[-2.7658,47.6716],[-2.7632,47.6734],[-2.7622,47.6736],[-2.7589,47.6732]]]},"properties":{"id_ffco":"2016-D56-179","nom":"Menimur","_dept":"56","numero":"2016-D56-179","commune":"Vannes","echelle":"1/3000","surface":"0.21 km²","format":"A4","annee":"2016","cartographes":"Eric Charles","proprietaire":"5609 - COURSE D'ORIENTATION EN PAYS DE VANNES","niveau":"Initiation, Scolaire","specialite":"CO à pied","contacts":"CDCO56, 0297339532, cdco56.1@free.fr, http://morbihan.ffcorientation.fr/","latitude":"47.6713301326","longitude":"-2.76218206011","date_saisie":"06/04/2016","date_depot":"08/04/2016","valide":"Oui","ppo":"Non","type_carte":"Nouvelle carte","fond":"Cadastre","obsolete":false}},{"type":"Feature","geometry":{"type":"Polygon","coordinates":[[[-2.7403,47.6789],[-2.7415,47.678],[-2.7438,47.6763],[-2.7447,47.6743],[-2.7422,47.6735],[-2.738,47.6724],[-2.7358,47.6716],[-2.7351,47.671],[-2.7307,47.6734],[-2.7362,47.6777],[-2.7389,47.6785],[-2.7403,47.6789]]]},"properties":{"id_ffco":"2016-D56-178","nom":"Parc Echonova","_dept":"56","numero":"2016-D56-178","commune":"Saint Avé","echelle":"1/5000","surface":"0.49 km²","format":"A4","annee":"2016","cartographes":"Eric Charles","proprietaire":"5609 - COURSE D'ORIENTATION EN PAYS DE VANNES","niveau":"Initiation, Scolaire","specialite":"CO à pied","contacts":"CDCO56, 0297339532, cdco56.1@free.fr, http://morbihan.ffcorientation.fr/","latitude":"47.6749500457","longitude":"-2.73791323449","date_saisie":"06/04/2016","date_depot":"08/04/2016","valide":"Oui","ppo":"Non","type_carte":"Nouvelle carte","fond":"Ortho","obsolete":false}},{"type":"Feature","geometry":{"type":"Polygon","coordinates":[[[-2.9763,47.6605],[-2.9739,47.6629],[-2.9699,47.6649],[-2.9705,47.6661],[-2.9742,47.6667],[-2.976,47.6671],[-2.9769,47.6692],[-2.9799,47.6688],[-2.9856,47.6679],[-2.9858,47.6648],[-2.9814,47.6621],[-2.9802,47.6598],[-2.9761,47.6604],[-2.9763,47.6605]]]},"properties":{"id_ffco":"2016-D56-177","nom":"Auray Saint Goustan","_dept":"56","numero":"2016-D56-177","commune":"Auray","echelle":"1/5000","surface":"0.72 km²","format":"A4","annee":"2016","cartographes":"Eric Charles","proprietaire":"56 - Morbihan","niveau":"Régional","specialite":"CO à pied","latitude":"47.6648460993","longitude":"-2.97864675869","date_saisie":"24/08/2016","date_depot":"24/08/2016","valide":"Oui","ppo":"Non","type_carte":"Nouvelle carte","fond":"Cadastre","obsolete":false}},{"type":"Feature","geometry":{"type":"Polygon","coordinates":[[[-2.8296,47.8822],[-2.8328,47.8804],[-2.8318,47.879],[-2.831,47.8779],[-2.8308,47.877],[-2.8314,47.8761],[-2.8321,47.8753],[-2.8313,47.8734],[-2.8338,47.8727],[-2.8342,47.8724],[-2.8342,47.8719],[-2.8354,47.8712],[-2.8374,47.8709],[-2.8386,47.8702],[-2.839,47.8692],[-2.84,47.8686],[-2.8421,47.8682],[-2.8452,47.8682],[-2.8453,47.8672],[-2.8454,47.8663],[-2.8459,47.8659],[-2.8428,47.8641],[-2.8405,47.8636],[-2.8393,47.8646],[-2.839,47.8651],[-2.8394,47.866],[-2.8325,47.8678],[-2.833,47.8701],[-2.8322,47.8705],[-2.8306,47.8714],[-2.8293,47.8726],[-2.8268,47.8731],[-2.8238,47.8734],[-2.8214,47.8735],[-2.8214,47.8743],[-2.8224,47.8751],[-2.8233,47.8749],[-2.8243,47.8747],[-2.8279,47.8738],[-2.8264,47.8763],[-2.8261,47.8778],[-2.8275,47.8796],[-2.8296,47.8822]]]},"properties":{"id_ffco":"2015-D56-176","nom":"La butte de Quistinic","_dept":"56","numero":"2015-D56-176","commune":"Locminé","echelle":"1/7500","surface":"0.88 km²","format":"A4","annee":"2015","cartographes":"Charles Eric","proprietaire":"56 - Morbihan","niveau":"Départemental","specialite":"CO à pied","latitude":"47.8719826044","longitude":"-2.83378994368","date_saisie":"26/02/2016","date_depot":"07/04/2016","valide":"Oui","ppo":"Non","type_carte":"Nouvelle carte","fond":"Ortho","obsolete":false}},{"type":"Feature","geometry":{"type":"Polygon","coordinates":[[[-2.7388,47.8882],[-2.7381,47.8862],[-2.7384,47.885],[-2.7415,47.8838],[-2.7422,47.882],[-2.7418,47.8802],[-2.7437,47.879],[-2.7447,47.8782],[-2.741,47.8781],[-2.74,47.8785],[-2.7363,47.879],[-2.7339,47.8806],[-2.7248,47.8827],[-2.7298,47.885],[-2.7277,47.8896],[-2.733,47.8895],[-2.7363,47.8899],[-2.7379,47.8892],[-2.7388,47.8882]]]},"properties":{"id_ffco":"2015-D56-175","nom":"Parc de Kerguéhennec","_dept":"56","numero":"2015-D56-175","commune":"Bignan","echelle":"1/5000","surface":"0.99 km²","format":"A4","annee":"2015","cartographes":"Charles Eric","proprietaire":"56 - Morbihan","niveau":"Départemental","specialite":"CO à pied","latitude":"47.8840583283","longitude":"-2.73491093426","date_saisie":"26/02/2016","date_depot":"07/04/2016","valide":"Oui","ppo":"Non","type_carte":"Nouvelle carte","fond":"Cadastre","obsolete":false}},{"type":"Feature","geometry":{"type":"Polygon","coordinates":[[[-2.7507,47.6967],[-2.7521,47.6957],[-2.7509,47.6943],[-2.7512,47.6934],[-2.752,47.6923],[-2.7514,47.6895],[-2.7549,47.6895],[-2.7575,47.6893],[-2.7604,47.6878],[-2.7633,47.6889],[-2.766,47.6898],[-2.765,47.6928],[-2.7647,47.6958],[-2.7664,47.6992],[-2.7627,47.6998],[-2.76,47.6989],[-2.7565,47.6973],[-2.7509,47.6967],[-2.751,47.6965],[-2.7507,47.6967]]]},"properties":{"id_ffco":"2015-D56-174","nom":"Lesvellec","_dept":"56","numero":"2015-D56-174","commune":"Saint Avé","echelle":"1/7500","surface":"1.06 km²","format":"A4","annee":"2015","cartographes":"Charles Eric","proprietaire":"56 - Morbihan","niveau":"Départemental","specialite":"CO à pied","latitude":"47.6936997587","longitude":"-2.75902679568","date_saisie":"26/02/2016","date_depot":"16/04/2016","valide":"Oui","ppo":"Non","type_carte":"Nouvelle carte","fond":"Ortho","obsolete":false}},{"type":"Feature","geometry":{"type":"Polygon","coordinates":[[[-2.2079,47.9284],[-2.2096,47.9277],[-2.2145,47.9264],[-2.2184,47.9258],[-2.228,47.924],[-2.2291,47.9274],[-2.2298,47.9281],[-2.2326,47.9286],[-2.2332,47.9301],[-2.2365,47.9303],[-2.2398,47.9295],[-2.2428,47.9296],[-2.2452,47.9307],[-2.2457,47.9329],[-2.2428,47.9369],[-2.232,47.9367],[-2.2319,47.9387],[-2.2207,47.9391],[-2.2181,47.9408],[-2.215,47.9403],[-2.2201,47.9366],[-2.2246,47.9339],[-2.2238,47.9334],[-2.218,47.9329],[-2.2089,47.9306],[-2.2079,47.9284]]]},"properties":{"id_ffco":"2014-D56-171","nom":"Bois du Loup","_dept":"56","numero":"2014-D56-171","commune":"Guer","echelle":"1/7500","surface":"2.57 km²","format":"A3","annee":"2014","cartographes":"Charles Eric","proprietaire":"56 - Morbihan","niveau":"National, International","specialite":"CO à pied","latitude":"47.9320584786","longitude":"-2.22710959047","date_saisie":"25/01/2015","date_depot":"25/01/2015","valide":"Oui","ppo":"Non","type_carte":"Nouvelle carte","fond":"Ortho","obsolete":false}},{"type":"Feature","geometry":{"type":"Polygon","coordinates":[[[-2.151,47.9419],[-2.1445,47.943],[-2.1428,47.9425],[-2.1425,47.9392],[-2.141,47.9389],[-2.1383,47.9393],[-2.1339,47.9403],[-2.1314,47.9439],[-2.1329,47.946],[-2.135,47.9482],[-2.1434,47.9487],[-2.1438,47.9477],[-2.1464,47.9473],[-2.1471,47.9465],[-2.1495,47.946],[-2.1528,47.9461],[-2.151,47.9419]]]},"properties":{"id_ffco":"2014-D56-170","nom":"Camp bâti des écoles de Saint Cyr Coëtquidan","_dept":"56","numero":"2014-D56-170","commune":"Guer","echelle":"1/4000","surface":"1.06 km²","format":"A4","annee":"2014","cartographes":"Frangeul Olivier","proprietaire":"56 - Morbihan","niveau":"National, International","specialite":"CO à pied","latitude":"47.9441690163","longitude":"-2.14082277432","date_saisie":"25/01/2015","date_depot":"25/01/2015","valide":"Oui","ppo":"Non","type_carte":"Nouvelle carte","fond":"Cadastre","obsolete":false}},{"type":"Feature","geometry":{"type":"Polygon","coordinates":[[[-2.9536,47.7083],[-2.9529,47.7057],[-2.9534,47.7037],[-2.9511,47.7036],[-2.9502,47.7062],[-2.9536,47.7083]]]},"properties":{"id_ffco":"2014-D56-169","nom":"Collège lycée Saint Anne d'Auray","_dept":"56","numero":"2014-D56-169","commune":"SAint Anne d'Auray","echelle":"1/2000","surface":"0.08 km²","format":"A4","annee":"2014","cartographes":"Eric Charles","proprietaire":"collège et Lycée Saint Anne d'Auray","niveau":"Initiation, Scolaire","specialite":"CO à pied","latitude":"47.7055661658","longitude":"-2.95200808973","date_saisie":"09/12/2014","date_depot":"08/04/2016","valide":"Oui","ppo":"Non","type_carte":"Nouvelle carte","fond":"Cadastre","obsolete":false}},{"type":"Feature","geometry":{"type":"Polygon","coordinates":[[[-3.2592,47.8273],[-3.2588,47.8278],[-3.259,47.8284],[-3.2586,47.8287],[-3.2584,47.8294],[-3.2593,47.8296],[-3.26,47.8295],[-3.2604,47.8296],[-3.2609,47.8295],[-3.2617,47.8296],[-3.2626,47.8296],[-3.2629,47.8292],[-3.2628,47.8289],[-3.2629,47.8287],[-3.2632,47.8284],[-3.2637,47.8279],[-3.2626,47.8278],[-3.2607,47.8271],[-3.2592,47.8273]]]},"properties":{"id_ffco":"2014-D56-168","nom":"Mane Braz","_dept":"56","numero":"2014-D56-168","commune":"Inzinzac Lochrist","echelle":"1/2500","surface":"0.08 km²","format":"A4","annee":"2014","cartographes":"Coniel Anne","proprietaire":"5604 - CLUB D'ORIENTATION LORIENTAIS","niveau":"Initiation, Scolaire","specialite":"CO à pied","latitude":"47.8284695102","longitude":"-3.26080659292","date_saisie":"09/12/2014","date_depot":"07/04/2016","valide":"Oui","ppo":"Oui (9 postes)","type_carte":"Reprise","base":"1988-D56-019 MANE BRAS","fond":"Ortho","obsolete":false}},{"type":"Feature","geometry":{"type":"Polygon","coordinates":[[[-3.2031,48.0647],[-3.2039,48.0639],[-3.2058,48.0633],[-3.2048,48.0616],[-3.2045,48.0615],[-3.204,48.0615],[-3.2025,48.0609],[-3.2016,48.0614],[-3.2009,48.0613],[-3.2007,48.0622],[-3.2019,48.0633],[-3.2031,48.0647]]]},"properties":{"id_ffco":"2014-D56-167","nom":"Parc de loisir Guéméné sur Scorff","_dept":"56","numero":"2014-D56-167","commune":"Guéméné sur Scorff","echelle":"1/2000","surface":"0.09 km²","format":"A4","annee":"2014","cartographes":"Eric Charles","proprietaire":"Collège Emile Mazé","niveau":"Initiation, Scolaire","specialite":"CO à pied","latitude":"48.0625782986","longitude":"-3.20317140681","date_saisie":"12/11/2014","date_depot":"16/01/2015","valide":"Oui","ppo":"Non","type_carte":"Nouvelle carte","fond":"Ortho","obsolete":false}},{"type":"Feature","geometry":{"type":"Polygon","coordinates":[[[-2.7676,47.6384],[-2.7689,47.6371],[-2.7697,47.6337],[-2.7721,47.6336],[-2.7739,47.6326],[-2.7744,47.6318],[-2.7704,47.6303],[-2.7663,47.6312],[-2.7632,47.6324],[-2.7628,47.6329],[-2.7639,47.6334],[-2.7638,47.6345],[-2.7637,47.6378],[-2.7668,47.6378],[-2.7676,47.6384]]]},"properties":{"id_ffco":"2014-D56-166","nom":"Pointe des émigrés","_dept":"56","numero":"2014-D56-166","commune":"Vannes","echelle":"1/5000","surface":"0.41 km²","format":"A4","annee":"2014","cartographes":"Eric Charles","proprietaire":"56 - Morbihan","niveau":"Départemental","specialite":"CO à pied","latitude":"47.6338524063","longitude":"-2.76777209763","date_saisie":"12/11/2014","date_depot":"25/01/2015","valide":"Oui","ppo":"Non","type_carte":"Nouvelle carte","fond":"Ortho","obsolete":false}},{"type":"Feature","geometry":{"type":"Polygon","coordinates":[[[-3.3915,47.7524],[-3.3933,47.7511],[-3.3942,47.7499],[-3.3927,47.7475],[-3.3917,47.748],[-3.3893,47.7479],[-3.3889,47.7484],[-3.3891,47.7495],[-3.3889,47.75],[-3.3908,47.7516],[-3.3915,47.7524]]]},"properties":{"id_ffco":"2014-D56-165","nom":"Lycée Saint Joseph La Salle","_dept":"56","numero":"2014-D56-165","commune":"Lorient","echelle":"1/2500","surface":"0.13 km²","format":"A4","annee":"2014","cartographes":"Eric Charles","proprietaire":"Lycée saint Joseph La Salle","niveau":"Initiation, Scolaire","specialite":"CO à pied","latitude":"47.7497171406","longitude":"-3.39147643591","date_saisie":"12/11/2014","date_depot":"08/04/2016","valide":"Oui","ppo":"Non","type_carte":"Nouvelle carte","fond":"Ortho","obsolete":false}},{"type":"Feature","geometry":{"type":"Polygon","coordinates":[[[-3.4558,47.7034],[-3.4588,47.7019],[-3.4595,47.701],[-3.4616,47.7014],[-3.4625,47.7008],[-3.4626,47.7002],[-3.4622,47.6998],[-3.4633,47.6994],[-3.4629,47.6989],[-3.4614,47.6992],[-3.461,47.6984],[-3.4581,47.6995],[-3.4563,47.6983],[-3.4538,47.6969],[-3.452,47.6956],[-3.4462,47.696],[-3.4453,47.6979],[-3.4454,47.6995],[-3.4436,47.7],[-3.4445,47.7025],[-3.4454,47.7043],[-3.4537,47.7026],[-3.4534,47.7029],[-3.4558,47.7034]]]},"properties":{"id_ffco":"2014-D56-164","nom":"De Kerroch à Lomener","_dept":"56","numero":"2014-D56-164","commune":"Lomener-Kerroch","echelle":"1/5000","surface":"0.83 km²","format":"A4","annee":"2014","niveau":"Initiation, Scolaire","specialite":"CO à pied","latitude":"47.7000238717","longitude":"-3.45173424169","date_saisie":"12/11/2014","date_depot":"08/04/2016","valide":"Oui","ppo":"Non","type_carte":"Nouvelle carte","fond":"Ortho","obsolete":false}},{"type":"Feature","geometry":{"type":"Polygon","coordinates":[[[-2.6598,47.6251],[-2.6603,47.6232],[-2.6597,47.6218],[-2.6581,47.6216],[-2.6579,47.623],[-2.6579,47.625],[-2.6598,47.6251]]]},"properties":{"id_ffco":"2014-D56-163","nom":"Parc de Brural","_dept":"56","numero":"2014-D56-163","commune":"Theix","echelle":"1/1500","surface":"0.06 km²","format":"A4","annee":"2014","cartographes":"Eric Charles","proprietaire":"Collège Notre Dame la Blanche","niveau":"Initiation, Scolaire","specialite":"CO à pied","latitude":"47.6233922538","longitude":"-2.65899390955","date_saisie":"12/11/2014","date_depot":"08/04/2016","valide":"Oui","ppo":"Non","type_carte":"Nouvelle carte","fond":"Ortho","obsolete":false}},{"type":"Feature","geometry":{"type":"Polygon","coordinates":[[[-2.9705,47.8287],[-2.969,47.8321],[-2.9675,47.8348],[-2.9624,47.8351],[-2.9634,47.8403],[-2.9594,47.8411],[-2.9539,47.8413],[-2.9503,47.8437],[-2.951,47.8458],[-2.95,47.8468],[-2.947,47.8467],[-2.9457,47.845],[-2.9412,47.8459],[-2.941,47.8469],[-2.9369,47.8468],[-2.9339,47.846],[-2.934,47.8429],[-2.9347,47.841],[-2.9424,47.8426],[-2.9426,47.8363],[-2.9415,47.8273],[-2.9435,47.825],[-2.9504,47.8169],[-2.9705,47.8287]]]},"properties":{"id_ffco":"2014-D56-162","nom":"Alignement de Cornevec","_dept":"56","numero":"2014-D56-162","commune":"Camors","echelle":"1/10000","surface":"4.62 km²","format":"A3","annee":"2014","cartographes":"Michel Duboc","proprietaire":"56 - Morbihan","niveau":"Interrégional","specialite":"CO à pied","contacts":"CDCO56, 0297339532, cdco56.1@free.fr, http://morbihan.ffcorientation.fr/","latitude":"47.8327765609","longitude":"-2.95240705809","date_saisie":"12/11/2014","date_depot":"07/04/2016","valide":"Oui","ppo":"Non","type_carte":"Nouvelle carte","fond":"Ortho","obsolete":false}},{"type":"Feature","geometry":{"type":"Polygon","coordinates":[[[-3.35,47.7098],[-3.3458,47.7073],[-3.347,47.7053],[-3.3491,47.7053],[-3.3498,47.705],[-3.3499,47.7038],[-3.3544,47.7036],[-3.3557,47.7042],[-3.3566,47.7051],[-3.3592,47.7072],[-3.3628,47.7088],[-3.3653,47.7107],[-3.3645,47.7114],[-3.3601,47.7098],[-3.358,47.7102],[-3.3582,47.7107],[-3.3568,47.7112],[-3.3534,47.7085],[-3.35,47.7098]]]},"properties":{"id_ffco":"2014-D56-161","nom":"Port-Louis","_dept":"56","numero":"2014-D56-161","commune":"Port Louis","echelle":"1/5000","surface":"0.6 km²","format":"A4","annee":"2014","cartographes":"Anne Coniel","proprietaire":"56 - Morbihan","niveau":"Interrégional","specialite":"Sprint (ISSOM)","latitude":"47.7074463976","longitude":"-3.35447221699","date_saisie":"12/11/2014","date_depot":"26/01/2015","valide":"Oui","ppo":"Non","type_carte":"Nouvelle carte","fond":"Ortho","obsolete":false}},{"type":"Feature","geometry":{"type":"Polygon","coordinates":[[[-3.0172,47.8602],[-3.0199,47.86],[-3.0212,47.8597],[-3.0221,47.858],[-3.0226,47.8576],[-3.0224,47.8569],[-3.0235,47.8559],[-3.0261,47.8552],[-3.0273,47.8533],[-3.0281,47.8522],[-3.0303,47.8504],[-3.0321,47.8493],[-3.0341,47.8467],[-3.0325,47.8444],[-3.0317,47.8433],[-3.0323,47.8418],[-3.0325,47.8402],[-3.0298,47.8396],[-3.0283,47.839],[-3.0272,47.8383],[-3.0255,47.8362],[-3.0255,47.835],[-3.0262,47.8338],[-3.026,47.8336],[-3.0349,47.833],[-3.0356,47.8316],[-3.0361,47.8295],[-3.0376,47.8282],[-3.0397,47.8268],[-3.0375,47.8259],[-3.0366,47.8252],[-3.0342,47.8248],[-3.0327,47.8238],[-3.0317,47.8222],[-3.0311,47.8213],[-3.0297,47.8216],[-3.0282,47.8203],[-3.0269,47.8203],[-3.0267,47.8193],[-3.0262,47.8197],[-3.0257,47.8197],[-3.0253,47.8187],[-3.0238,47.8198],[-3.0201,47.8226],[-3.0158,47.8239],[-3.0156,47.8251],[-3.0139,47.8261],[-3.0129,47.8259],[-3.0081,47.8287],[-3.0063,47.8299],[-3.0052,47.8313],[-3.0016,47.8344],[-2.9992,47.8426],[-3.0001,47.8429],[-3.0004,47.8437],[-3.0037,47.8437],[-3.0058,47.8442],[-3.0073,47.8437],[-3.0081,47.8445],[-3.0082,47.8453],[-3.0136,47.8456],[-3.0162,47.8474],[-3.0168,47.8473],[-3.0169,47.8493],[-3.0175,47.8492],[-3.0183,47.8486],[-3.0178,47.8495],[-3.0188,47.85],[-3.0191,47.851],[-3.0181,47.8523],[-3.018,47.8541],[-3.0183,47.8552],[-3.0166,47.8562],[-3.0171,47.8574],[-3.0169,47.859],[-3.0175,47.8592],[-3.0172,47.8602]]]},"properties":{"id_ffco":"2014-D56-160","nom":"Le Chateau de Comorre","_dept":"56","numero":"2014-D56-160","commune":"Camors","echelle":"1/15000","surface":"6.55 km²","format":"A3","annee":"2014","cartographes":"Charles Eric","proprietaire":"56 - Morbihan","niveau":"Interrégional","specialite":"CO à pied","latitude":"47.8374054718","longitude":"-3.01978942996","date_saisie":"22/04/2014","date_depot":"07/04/2016","valide":"Oui","ppo":"Non","type_carte":"Reprise","base":"2010-D56-130 La fontaine des Larrons","fond":"Ortho","obsolete":false}},{"type":"Feature","geometry":{"type":"Polygon","coordinates":[[[-3.2824,47.817],[-3.2833,47.8163],[-3.2836,47.8144],[-3.2813,47.8115],[-3.2791,47.8091],[-3.2801,47.8075],[-3.2819,47.8062],[-3.2824,47.8049],[-3.2815,47.8041],[-3.2795,47.8037],[-3.2782,47.8055],[-3.2772,47.8056],[-3.2762,47.8068],[-3.2756,47.8073],[-3.2749,47.8075],[-3.2755,47.809],[-3.2736,47.8107],[-3.2789,47.813],[-3.2809,47.8149],[-3.2824,47.817]]]},"properties":{"id_ffco":"2014-D56-159","nom":"Haras et remparts d'Hennebont","_dept":"56","numero":"2014-D56-159","commune":"Hennebont","echelle":"1/4000","surface":"0.44 km²","format":"A4","annee":"2014","cartographes":"Anne Coniel","proprietaire":"56 - Morbihan","niveau":"Régional","specialite":"Sprint (ISSOM)","latitude":"47.8098101754","longitude":"-3.2790586179","date_saisie":"12/11/2014","date_depot":"26/01/2015","valide":"Oui","ppo":"Non","type_carte":"Nouvelle carte","fond":"Ortho","obsolete":false}},{"type":"Feature","geometry":{"type":"Polygon","coordinates":[[[-3.4142,47.7073],[-3.4128,47.7072],[-3.4126,47.7064],[-3.4119,47.7061],[-3.4123,47.7053],[-3.4123,47.7049],[-3.4136,47.7047],[-3.4143,47.7061],[-3.4143,47.7066],[-3.4142,47.7073]]]},"properties":{"id_ffco":"2012-D56-158","nom":"le Grand large","_dept":"56","numero":"2012-D56-158","commune":"Larmor Plage","echelle":"1/1000","surface":"0.04 km²","format":"A4","annee":"2012","cartographes":"Coniel Anne","proprietaire":"56 - Morbihan","niveau":"Initiation, Scolaire","specialite":"CO à pied","latitude":"47.7060160805","longitude":"-3.41323456425","date_saisie":"22/04/2014","date_depot":"04/06/2012","valide":"Non","ppo":"Non","type_carte":"Nouvelle carte","fond":"Cadastre","obsolete":false}},{"type":"Feature","geometry":{"type":"Polygon","coordinates":[[[-3.0255,47.8362],[-3.0255,47.835],[-3.0263,47.8339],[-3.0262,47.8334],[-3.029,47.8332],[-3.0353,47.833],[-3.0356,47.8317],[-3.0361,47.8295],[-3.0397,47.8268],[-3.0377,47.8261],[-3.0368,47.8254],[-3.0343,47.8248],[-3.032,47.8227],[-3.0311,47.8213],[-3.0297,47.8216],[-3.0282,47.8203],[-3.027,47.8204],[-3.0266,47.8194],[-3.0259,47.8198],[-3.0253,47.8186],[-3.0208,47.8222],[-3.0191,47.823],[-3.0163,47.8238],[-3.0154,47.8244],[-3.0154,47.8246],[-3.0154,47.8252],[-3.0145,47.8256],[-3.0107,47.8274],[-3.0082,47.8287],[-3.0066,47.8297],[-3.0053,47.8313],[-3.0181,47.8344],[-3.0244,47.8359],[-3.0255,47.8362]]]},"properties":{"id_ffco":"2014-D56-156","nom":"Les menhirs de l'étoile","_dept":"56","numero":"2014-D56-156","commune":"Camors","echelle":"1/10000","surface":"2.53 km²","format":"A4","annee":"2014","cartographes":"Charles Eric","proprietaire":"56 - Morbihan","niveau":"Interrégional","specialite":"CO à pied","latitude":"47.8282251752","longitude":"-3.02342662461","date_saisie":"22/04/2014","date_depot":"07/04/2016","valide":"Oui","ppo":"Non","type_carte":"Nouvelle carte","fond":"Ortho","obsolete":false}},{"type":"Feature","geometry":{"type":"Polygon","coordinates":[[[-3.3437,47.9145],[-3.3439,47.916],[-3.3437,47.9165],[-3.3439,47.9172],[-3.3438,47.9182],[-3.3419,47.9187],[-3.3437,47.9197],[-3.3438,47.9198],[-3.3434,47.9205],[-3.3435,47.9213],[-3.342,47.9213],[-3.3418,47.9211],[-3.3406,47.9211],[-3.3407,47.9214],[-3.3393,47.9214],[-3.3372,47.9211],[-3.3366,47.9222],[-3.3337,47.9223],[-3.3321,47.9215],[-3.3307,47.9212],[-3.3293,47.9217],[-3.3296,47.9226],[-3.3287,47.9232],[-3.3293,47.9237],[-3.3288,47.924],[-3.3282,47.9248],[-3.3286,47.9254],[-3.3298,47.926],[-3.3305,47.9266],[-3.3309,47.9281],[-3.3311,47.9296],[-3.3334,47.9295],[-3.3336,47.9293],[-3.3341,47.9293],[-3.3341,47.9288],[-3.3359,47.9284],[-3.3357,47.9279],[-3.3375,47.9277],[-3.3377,47.9288],[-3.3392,47.9287],[-3.3396,47.929],[-3.3419,47.9282],[-3.3412,47.9268],[-3.343,47.9266],[-3.3441,47.9281],[-3.3454,47.9279],[-3.3464,47.9285],[-3.3477,47.9278],[-3.3509,47.9282],[-3.3519,47.9277],[-3.3526,47.928],[-3.3539,47.9273],[-3.3551,47.926],[-3.3554,47.9251],[-3.3545,47.9245],[-3.3519,47.9235],[-3.3497,47.923],[-3.3504,47.9226],[-3.3531,47.9224],[-3.3529,47.9202],[-3.3525,47.9195],[-3.3535,47.9194],[-3.3521,47.9147],[-3.35,47.9142],[-3.3468,47.9143],[-3.3437,47.9145]]]},"properties":{"id_ffco":"2013-D56-155","nom":"Manéhouarn-Coet Fao","_dept":"56","numero":"2013-D56-155","commune":"Plouay","echelle":"1/10000","surface":"1.89 km²","format":"A4","annee":"2013","cartographes":"Charles Eric, Coniel Anne","proprietaire":"56 - Morbihan","niveau":"Régional","specialite":"CO à pied","latitude":"47.9229369349","longitude":"-3.34328089768","date_saisie":"26/03/2014","date_depot":"07/04/2016","valide":"Oui","ppo":"Oui (45 postes)","type_carte":"Reprise","base":"2009-D56-123 LE LEZOT","fond":"Ortho","obsolete":false}},{"type":"Feature","geometry":{"type":"Polygon","coordinates":[[[-2.7709,47.6702],[-2.7735,47.6724],[-2.7749,47.6724],[-2.7757,47.673],[-2.7762,47.6738],[-2.7775,47.6741],[-2.7793,47.6754],[-2.7803,47.675],[-2.7821,47.6741],[-2.7826,47.6732],[-2.7805,47.6731],[-2.7823,47.6712],[-2.78,47.6697],[-2.7768,47.6687],[-2.7759,47.6685],[-2.7736,47.6688],[-2.7723,47.6692],[-2.7709,47.6702]]]},"properties":{"id_ffco":"2013-D56-154","nom":"Kermesquel","_dept":"56","numero":"2013-D56-154","commune":"Vannes","echelle":"1/4000","surface":"0.37 km²","format":"A4","annee":"2013","cartographes":"Charles Eric","proprietaire":"56 - Morbihan","niveau":"Initiation, Scolaire","specialite":"CO à pied","latitude":"47.6715192894","longitude":"-2.7771907592","date_saisie":"26/03/2014","date_depot":"06/04/2016","valide":"Oui","ppo":"Non","type_carte":"Nouvelle carte","fond":"Ortho","obsolete":false}},{"type":"Feature","geometry":{"type":"Polygon","coordinates":[[[-2.7351,47.692],[-2.7366,47.6934],[-2.7394,47.6946],[-2.7394,47.6958],[-2.7406,47.6967],[-2.7415,47.6971],[-2.7413,47.6977],[-2.7433,47.6981],[-2.7436,47.6994],[-2.7446,47.7],[-2.744,47.7008],[-2.743,47.7011],[-2.7421,47.7015],[-2.7398,47.7011],[-2.741,47.6997],[-2.7393,47.6979],[-2.7383,47.6975],[-2.7357,47.6967],[-2.7334,47.6957],[-2.7322,47.6951],[-2.7321,47.6944],[-2.7331,47.6936],[-2.7334,47.6926],[-2.7351,47.692]]]},"properties":{"id_ffco":"2013-D56-153","nom":"Bois de Kerozer","_dept":"56","numero":"2013-D56-153","commune":"Saint Avé","echelle":"1/5000","surface":"0.32 km²","format":"A4","annee":"2013","cartographes":"Charles Eric","proprietaire":"56 - Morbihan","niveau":"Initiation, Scolaire","specialite":"CO à pied","latitude":"47.6965257983","longitude":"-2.73816570017","date_saisie":"26/03/2014","date_depot":"06/04/2016","valide":"Oui","ppo":"Non","type_carte":"Nouvelle carte","fond":"Ortho","obsolete":false}},{"type":"Feature","geometry":{"type":"Polygon","coordinates":[[[-2.279,47.5406],[-2.2807,47.538],[-2.2779,47.5378],[-2.2778,47.5387],[-2.2774,47.5392],[-2.2774,47.5397],[-2.2784,47.5398],[-2.2787,47.5401],[-2.279,47.5406]]]},"properties":{"id_ffco":"2013-D56-152","nom":"Bois Lourmois","_dept":"56","numero":"2013-D56-152","commune":"Nivillac","echelle":"1/1500","surface":"0.04 km²","format":"A4","annee":"2013","cartographes":"Coniel Anne","proprietaire":"56 - Morbihan","niveau":"Initiation, Scolaire","specialite":"CO à pied","latitude":"47.5388818228","longitude":"-2.27890997184","date_saisie":"26/03/2014","date_depot":"07/04/2016","valide":"Oui","ppo":"Oui (40 postes)","type_carte":"Nouvelle carte","fond":"Ortho","obsolete":false}},{"type":"Feature","geometry":{"type":"Polygon","coordinates":[[[-3.3472,47.9216],[-3.3516,47.9204],[-3.3512,47.9188],[-3.352,47.9188],[-3.3524,47.9196],[-3.3536,47.9195],[-3.3521,47.9147],[-3.351,47.9145],[-3.35,47.9143],[-3.3467,47.9143],[-3.3436,47.9145],[-3.344,47.9159],[-3.3436,47.9165],[-3.3438,47.9171],[-3.3439,47.9183],[-3.3418,47.9186],[-3.3472,47.9216]]]},"properties":{"id_ffco":"2013-D56-151","nom":"Manéhouarn","_dept":"56","numero":"2013-D56-151","commune":"Plouay","echelle":"1/4000","surface":"0.48 km²","format":"A4","annee":"2013","cartographes":"Coniel Anne","proprietaire":"56 - Morbihan","niveau":"Initiation, Scolaire","specialite":"CO à pied","latitude":"47.9176329789","longitude":"-3.34806280169","date_saisie":"26/03/2014","date_depot":"07/04/2016","valide":"Oui","ppo":"Oui (45 postes)","type_carte":"Reprise","base":"2009-D56-123 LE LEZOT","fond":"Ortho","obsolete":false}},{"type":"Feature","geometry":{"type":"Polygon","coordinates":[[[-3.2661,47.8148],[-3.2667,47.8161],[-3.2653,47.8187],[-3.2653,47.8196],[-3.2651,47.8208],[-3.2745,47.8217],[-3.2752,47.8231],[-3.2747,47.8246],[-3.2745,47.8254],[-3.278,47.8263],[-3.2815,47.8264],[-3.2825,47.8252],[-3.2816,47.8237],[-3.282,47.8223],[-3.2856,47.8215],[-3.2873,47.8215],[-3.2899,47.8221],[-3.2903,47.8212],[-3.2898,47.8202],[-3.2912,47.8193],[-3.2954,47.8195],[-3.2971,47.8185],[-3.2943,47.8184],[-3.2928,47.8174],[-3.2918,47.8162],[-3.2923,47.8147],[-3.2936,47.8123],[-3.2888,47.8076],[-3.2841,47.8063],[-3.2842,47.8043],[-3.2788,47.8021],[-3.2785,47.8035],[-3.2793,47.8036],[-3.2782,47.8053],[-3.275,47.8056],[-3.2754,47.8089],[-3.2732,47.8113],[-3.2711,47.813],[-3.2661,47.8148]]]},"properties":{"id_ffco":"2013-D56-150","nom":"Saint Caradec le Talhouët","_dept":"56","numero":"2013-D56-150","commune":"Hennebont","echelle":"1/10000","surface":"3.21 km²","format":"A3","annee":"2013","cartographes":"Charles Eric","proprietaire":"56 - Morbihan","niveau":"Régional","specialite":"CO à pied","contacts":"CDCO56, 0297339532, cdco56.1@free.fr, http://morbihan.ffcorientation.fr/","latitude":"47.8151644023","longitude":"-3.28037161093","date_saisie":"08/04/2016","date_depot":"07/04/2016","valide":"Oui","ppo":"Non","type_carte":"Nouvelle carte","fond":"Ortho","obsolete":false}},{"type":"Feature","geometry":{"type":"Polygon","coordinates":[[[-2.4046,47.9517],[-2.4071,47.9518],[-2.4075,47.9474],[-2.4077,47.9463],[-2.4048,47.9462],[-2.4048,47.9451],[-2.4031,47.945],[-2.4031,47.9469],[-2.4025,47.9481],[-2.4007,47.9475],[-2.3997,47.9499],[-2.3996,47.9513],[-2.4046,47.9517]]]},"properties":{"id_ffco":"2013-D56-149","nom":"Lycée la Touche","_dept":"56","numero":"2013-D56-149","commune":"Ploërmel","echelle":"1/3500","surface":"0.31 km²","format":"A4","annee":"2013","cartographes":"Charles Eric","proprietaire":"56 - Morbihan","niveau":"Initiation, Scolaire","specialite":"CO à pied","latitude":"47.948967849","longitude":"-2.40399955879","date_depot":"08/04/2016","valide":"Oui","ppo":"Non","type_carte":"Nouvelle carte","fond":"Ortho","obsolete":false}},{"type":"Feature","geometry":{"type":"Polygon","coordinates":[[[-2.4663,47.661],[-2.4654,47.6609],[-2.4642,47.6609],[-2.4633,47.6609],[-2.4634,47.6615],[-2.4631,47.6624],[-2.4658,47.6632],[-2.4648,47.6658],[-2.4648,47.6662],[-2.4661,47.6666],[-2.4672,47.6672],[-2.4666,47.6664],[-2.4669,47.6655],[-2.468,47.6643],[-2.4687,47.6642],[-2.4697,47.6646],[-2.47,47.6642],[-2.4712,47.6642],[-2.4714,47.665],[-2.4727,47.6649],[-2.4734,47.664],[-2.4744,47.6625],[-2.472,47.6621],[-2.4704,47.6624],[-2.4675,47.6618],[-2.4663,47.661]]]},"properties":{"id_ffco":"2012-D56-148","nom":"Etang de Celac","_dept":"56","numero":"2012-D56-148","commune":"Questembert","echelle":"1/4000","surface":"0.25 km²","format":"A4","annee":"2012","cartographes":"Anne Coniel","proprietaire":"56 - Morbihan","niveau":"Régional","specialite":"CO à pied","contacts":"CDCO56, 0297339532, cdco56.1@free.fr, http://morbihan.ffcorientation.fr/","latitude":"47.6633367707","longitude":"-2.46818062153","date_saisie":"02/09/2012","date_depot":"15/11/2012","valide":"Oui","ppo":"Oui (25 postes)","type_carte":"Nouvelle carte","fond":"Ortho","obsolete":false}},{"type":"Feature","geometry":{"type":"Polygon","coordinates":[[[-3.4277,47.7868],[-3.4295,47.7867],[-3.4319,47.7873],[-3.4332,47.7875],[-3.4352,47.7885],[-3.4377,47.7893],[-3.4375,47.7895],[-3.4381,47.7908],[-3.4366,47.7923],[-3.4334,47.7912],[-3.4321,47.7906],[-3.4292,47.7895],[-3.4281,47.789],[-3.4258,47.7875],[-3.4267,47.7875],[-3.4267,47.7868],[-3.4277,47.7868]]]},"properties":{"id_ffco":"2012-D56-147","nom":"Bois de Ronquedo","_dept":"56","numero":"2012-D56-147","commune":"Queven","echelle":"1/4000","surface":"0.27 km²","format":"A4","annee":"2012","cartographes":"Anne Coniel","proprietaire":"56 - Morbihan","niveau":"Initiation, Scolaire","specialite":"CO à pied","latitude":"47.7891852244","longitude":"-3.43251037868","date_saisie":"02/09/2012","date_depot":"15/11/2012","valide":"Oui","ppo":"Non","type_carte":"Reprise","base":"2005-D56-104 Bois de Ronquedo - Collège de Kerbellec","fond":"Ortho","obsolete":false}},{"type":"Feature","geometry":{"type":"Polygon","coordinates":[[[-3.3985,47.7336],[-3.3985,47.7349],[-3.3993,47.7359],[-3.399,47.7368],[-3.3984,47.7371],[-3.3911,47.7378],[-3.3918,47.7387],[-3.3951,47.7399],[-3.3959,47.7403],[-3.3959,47.7411],[-3.396,47.7417],[-3.3977,47.742],[-3.4002,47.7415],[-3.4017,47.7431],[-3.4051,47.7417],[-3.4052,47.7432],[-3.406,47.7439],[-3.4076,47.7444],[-3.4064,47.7465],[-3.4066,47.7469],[-3.4116,47.746],[-3.4143,47.7454],[-3.4158,47.7454],[-3.4207,47.7449],[-3.4242,47.7428],[-3.4275,47.7398],[-3.4275,47.7399],[-3.4204,47.7391],[-3.4198,47.7386],[-3.4188,47.7376],[-3.4186,47.736],[-3.4187,47.7354],[-3.417,47.735],[-3.4165,47.7321],[-3.4152,47.7318],[-3.4119,47.7318],[-3.4111,47.7314],[-3.4098,47.7316],[-3.4097,47.7313],[-3.4081,47.7317],[-3.4066,47.7309],[-3.4065,47.732],[-3.4052,47.7323],[-3.4043,47.7323],[-3.4042,47.733],[-3.4025,47.7335],[-3.4011,47.7328],[-3.3999,47.7327],[-3.3985,47.7336]]]},"properties":{"id_ffco":"2012-D56-145","nom":"Le Ter Lorient 56","_dept":"56","numero":"2012-D56-145","commune":"Lorient","echelle":"1/10000","surface":"2.46 km²","format":"A3","annee":"2012","cartographes":"Charles Eric","proprietaire":"56 - Morbihan","niveau":"Interrégional","specialite":"CO à pied","contacts":"CDCO56, 0297339532, cdco56.1@free.fr, http://morbihan.ffcorientation.fr/","latitude":"47.738923618","longitude":"-3.40978144967","date_saisie":"27/03/2014","date_depot":"07/04/2016","valide":"Oui","ppo":"Oui (30 postes)","type_carte":"Reprise","base":"1997-D56-04 ETANG DU TER 56","fond":"Ortho","obsolete":false}},{"type":"Feature","geometry":{"type":"Polygon","coordinates":[[[-2.9222,47.7983],[-2.9244,47.8011],[-2.9261,47.8014],[-2.9294,47.8017],[-2.9318,47.8016],[-2.9339,47.8017],[-2.9347,47.8036],[-2.9336,47.8065],[-2.933,47.8083],[-2.9319,47.8093],[-2.9315,47.8112],[-2.9306,47.8104],[-2.9297,47.8099],[-2.9299,47.8089],[-2.9279,47.8084],[-2.9267,47.809],[-2.9234,47.8088],[-2.9229,47.8092],[-2.9219,47.8086],[-2.9169,47.8106],[-2.9164,47.8122],[-2.917,47.8135],[-2.9161,47.8158],[-2.915,47.8167],[-2.9105,47.8173],[-2.9085,47.8153],[-2.9076,47.8133],[-2.9058,47.8126],[-2.9046,47.8117],[-2.9028,47.8111],[-2.9017,47.8095],[-2.9017,47.8075],[-2.9025,47.8062],[-2.9043,47.8054],[-2.9053,47.8054],[-2.9085,47.803],[-2.9106,47.8031],[-2.9106,47.802],[-2.9132,47.8013],[-2.9194,47.8022],[-2.9222,47.7983]]]},"properties":{"id_ffco":"2012-D56-144","nom":"Les Sept trous","_dept":"56","numero":"2012-D56-144","commune":"Bieuzy Lanvaux","echelle":"1/10000","surface":"2.56 km²","format":"A4","annee":"2012","cartographes":"Eric Charles","proprietaire":"56 - Morbihan","niveau":"National, International","specialite":"CO à pied","latitude":"47.8073016083","longitude":"-2.91721465573","date_saisie":"26/03/2014","date_depot":"07/04/2016","valide":"Oui","ppo":"Non","type_carte":"Nouvelle carte","fond":"Ortho","obsolete":false}},{"type":"Feature","geometry":{"type":"Polygon","coordinates":[[[-2.3705,47.8083],[-2.37,47.8072],[-2.3708,47.8065],[-2.3711,47.8055],[-2.3719,47.8048],[-2.3739,47.8048],[-2.3759,47.8053],[-2.3773,47.8057],[-2.3793,47.8063],[-2.38,47.807],[-2.3798,47.808],[-2.3787,47.8085],[-2.3778,47.8097],[-2.3765,47.8093],[-2.3723,47.8089],[-2.3721,47.8081],[-2.3705,47.8083]]]},"properties":{"id_ffco":"2011-D56-143","nom":"Parc de la Daufresne","_dept":"56","numero":"2011-D56-143","commune":"Malestroit","echelle":"1/3000","surface":"0.27 km²","format":"A4","annee":"2011","cartographes":"Charles  Eric","proprietaire":"56 - Morbihan","niveau":"Initiation, Scolaire","specialite":"CO à pied","latitude":"47.8071601428","longitude":"-2.37497128596","date_saisie":"01/04/2014","date_depot":"07/04/2016","valide":"Oui","ppo":"Oui (44 postes)","type_carte":"Nouvelle carte","fond":"Cadastre","obsolete":false}},{"type":"Feature","geometry":{"type":"Polygon","coordinates":[[[-3.3599,47.9619],[-3.3587,47.9647],[-3.3549,47.967],[-3.3534,47.9675],[-3.3525,47.9685],[-3.3516,47.9691],[-3.3516,47.9704],[-3.3512,47.9719],[-3.351,47.9728],[-3.3514,47.9731],[-3.3493,47.9736],[-3.3489,47.9782],[-3.3471,47.9813],[-3.3456,47.9811],[-3.3444,47.9783],[-3.3438,47.9785],[-3.3442,47.9795],[-3.3422,47.9804],[-3.342,47.9811],[-3.3416,47.9813],[-3.3416,47.9817],[-3.3402,47.982],[-3.3398,47.9807],[-3.3398,47.9801],[-3.3383,47.9798],[-3.3368,47.9808],[-3.334,47.9796],[-3.3371,47.9789],[-3.3384,47.9767],[-3.3404,47.9752],[-3.3414,47.9726],[-3.3424,47.9702],[-3.3432,47.9677],[-3.3447,47.9661],[-3.3472,47.9653],[-3.3495,47.9631],[-3.3504,47.9603],[-3.3599,47.9619]]]},"properties":{"id_ffco":"2011-D56-142","nom":"Notre dame des forces","_dept":"56","numero":"2011-D56-142","commune":"Plouay","echelle":"1/10000","surface":"1.64 km²","format":"A4","annee":"2011","cartographes":"Charles Eric","proprietaire":"56 - Morbihan","niveau":"Interrégional","specialite":"CO à pied","latitude":"47.9709786252","longitude":"-3.34752055956","date_saisie":"02/04/2014","date_depot":"07/04/2016","valide":"Oui","ppo":"Non","type_carte":"Nouvelle carte","fond":"Ortho","obsolete":false}},{"type":"Feature","geometry":{"type":"Polygon","coordinates":[[[-3.6082,48.141],[-3.606,48.1418],[-3.6065,48.1439],[-3.6064,48.1446],[-3.6055,48.1457],[-3.6054,48.1468],[-3.6049,48.1476],[-3.6054,48.1487],[-3.6055,48.15],[-3.6078,48.1492],[-3.6101,48.1479],[-3.6125,48.1459],[-3.6147,48.145],[-3.6137,48.144],[-3.6126,48.1427],[-3.6125,48.1422],[-3.6117,48.1412],[-3.6107,48.1413],[-3.6084,48.1412],[-3.6082,48.141]]]},"properties":{"id_ffco":"2011-D56-141","nom":"Domaine de Tronjoly","_dept":"56","numero":"2011-D56-141","commune":"Gourin","echelle":"1/4000","surface":"0.42 km²","format":"A4","annee":"2011","cartographes":"Anne Coniel","proprietaire":"56 - Morbihan","niveau":"Régional","specialite":"CO à pied","latitude":"48.1450155964","longitude":"-3.60909752361","date_saisie":"02/09/2012","date_depot":"15/11/2012","valide":"Oui","ppo":"Non","type_carte":"Reprise","base":"1988-D56-027 DOMAINE DE TRONJOLY","fond":"Cadastre","obsolete":false}},{"type":"Feature","geometry":{"type":"Polygon","coordinates":[[[-3.3622,47.9649],[-3.367,47.9637],[-3.3702,47.9645],[-3.3716,47.9626],[-3.3718,47.961],[-3.3719,47.9577],[-3.3728,47.9555],[-3.3717,47.9544],[-3.3728,47.9517],[-3.3709,47.9504],[-3.3686,47.9499],[-3.3679,47.9493],[-3.3662,47.9468],[-3.3612,47.9439],[-3.3604,47.9433],[-3.3582,47.9438],[-3.3554,47.9456],[-3.3529,47.9478],[-3.3523,47.9498],[-3.3525,47.9521],[-3.3509,47.9533],[-3.3496,47.955],[-3.3503,47.9574],[-3.3503,47.9604],[-3.3499,47.9629],[-3.3574,47.9648],[-3.3596,47.9643],[-3.3622,47.9649]]]},"properties":{"id_ffco":"2011-D56-140","nom":"La fontaine Saint Pierre","_dept":"56","numero":"2011-D56-140","commune":"Plouay Pont Calleck","echelle":"1/10000","surface":"3.09 km²","format":"A4","annee":"2011","cartographes":"Eric Charles","proprietaire":"56 - Morbihan","niveau":"Interrégional","specialite":"CO à pied","latitude":"47.9553569624","longitude":"-3.36107222345","date_saisie":"26/03/2014","date_depot":"07/04/2016","valide":"Oui","ppo":"Non","type_carte":"Nouvelle carte","base":"1996-D56-038 LE CUR DE PONT-CALLECK","fond":"Ortho","obsolete":false}},{"type":"Feature","geometry":{"type":"Polygon","coordinates":[[[-3.2375,47.8305],[-3.2384,47.83],[-3.2403,47.8292],[-3.2422,47.8285],[-3.2432,47.828],[-3.2439,47.8278],[-3.2443,47.8273],[-3.2456,47.8264],[-3.2464,47.8258],[-3.2479,47.8256],[-3.2484,47.8254],[-3.2494,47.8251],[-3.2498,47.8248],[-3.2515,47.8235],[-3.2533,47.8235],[-3.253,47.8241],[-3.2517,47.8259],[-3.2504,47.8267],[-3.2496,47.8269],[-3.2493,47.8277],[-3.248,47.8285],[-3.2467,47.8289],[-3.2444,47.8292],[-3.2425,47.8308],[-3.2418,47.8308],[-3.2411,47.8304],[-3.2389,47.8308],[-3.238,47.8312],[-3.2375,47.8305]]]},"properties":{"id_ffco":"2011-D56-138","nom":"Berges du Blavet","_dept":"56","numero":"2011-D56-138","commune":"inzinzac-Lochrist","echelle":"1/5000","surface":"0.27 km²","format":"A4","annee":"2011","cartographes":"Anne Coniel","proprietaire":"56 - Morbihan","niveau":"Initiation, Scolaire","specialite":"CO à pied","latitude":"47.8275810408","longitude":"-3.2460332152","date_saisie":"02/09/2012","date_depot":"15/11/2012","valide":"Oui","ppo":"Non","type_carte":"Nouvelle carte","fond":"Cadastre","obsolete":false}},{"type":"Feature","geometry":{"type":"Polygon","coordinates":[[[-3.0032,47.7822],[-2.9987,47.7795],[-2.9961,47.7779],[-2.9967,47.7775],[-2.9998,47.7778],[-3.0012,47.7782],[-3.0021,47.7781],[-3.0048,47.7781],[-3.0058,47.7783],[-3.0062,47.7787],[-3.0069,47.7789],[-3.0074,47.7792],[-3.0065,47.7801],[-3.0056,47.7809],[-3.0049,47.7813],[-3.0039,47.7818],[-3.0032,47.7822]]]},"properties":{"id_ffco":"2011-D56-137","nom":"Goh Lanno","_dept":"56","numero":"2011-D56-137","commune":"pluvigner","echelle":"1/3000","surface":"0.22 km²","format":"A4","annee":"2011","cartographes":"Anne Coniel","proprietaire":"56 - Morbihan","niveau":"Initiation, Scolaire","specialite":"CO à pied","latitude":"47.7794841029","longitude":"-3.00223690114","date_saisie":"02/09/2012","date_depot":"15/11/2012","valide":"Oui","ppo":"Non","type_carte":"Nouvelle carte","fond":"Cadastre","obsolete":false}},{"type":"Feature","geometry":{"type":"Polygon","coordinates":[[[-3.131,47.5048],[-3.1334,47.5033],[-3.1345,47.5031],[-3.1359,47.5031],[-3.1364,47.5033],[-3.1374,47.5039],[-3.1379,47.5029],[-3.1383,47.5021],[-3.1386,47.5017],[-3.139,47.5015],[-3.139,47.5009],[-3.1408,47.5007],[-3.1405,47.4997],[-3.1404,47.4984],[-3.1388,47.4969],[-3.137,47.4959],[-3.1361,47.4967],[-3.1355,47.4968],[-3.1341,47.4958],[-3.1324,47.4957],[-3.1309,47.4956],[-3.1304,47.4963],[-3.1295,47.4963],[-3.1291,47.4971],[-3.1276,47.4969],[-3.1273,47.4976],[-3.126,47.4979],[-3.1251,47.4977],[-3.1248,47.4981],[-3.1301,47.5037],[-3.131,47.5048]]]},"properties":{"id_ffco":"2011-D56-136","nom":"L'ancien Sémaphore","_dept":"56","numero":"2011-D56-136","commune":"Quiberon","echelle":"1/5000","surface":"0.74 km²","format":"A4","annee":"2011","cartographes":"Charles Eric","proprietaire":"56 - Morbihan","niveau":"Initiation, Scolaire","specialite":"CO à pied","latitude":"47.4996987504","longitude":"-3.13325614617","date_saisie":"03/04/2014","date_depot":"07/11/2012","valide":"Oui","ppo":"Oui (50 postes)","type_carte":"Nouvelle carte","fond":"Ortho","obsolete":false}},{"type":"Feature","geometry":{"type":"Polygon","coordinates":[[[-3.3206,47.7184],[-3.3187,47.7184],[-3.3183,47.7179],[-3.317,47.718],[-3.318,47.7171],[-3.3171,47.7168],[-3.3165,47.7153],[-3.3165,47.7151],[-3.3179,47.7148],[-3.3185,47.7155],[-3.3199,47.7152],[-3.3194,47.7145],[-3.3201,47.713],[-3.3211,47.7132],[-3.3229,47.7127],[-3.3243,47.7124],[-3.3241,47.7139],[-3.323,47.7156],[-3.3222,47.7162],[-3.3218,47.717],[-3.3205,47.7177],[-3.3206,47.7184]]]},"properties":{"id_ffco":"2012-D56-135","nom":"Parc de Kerdurand","_dept":"56","numero":"2012-D56-135","commune":"Riantec","echelle":"1/3000","surface":"0.2 km²","format":"A4","annee":"2012","cartographes":"Charles Eric","proprietaire":"56 - Morbihan","niveau":"Initiation, Scolaire","specialite":"CO à pied","latitude":"47.7155058416","longitude":"-3.32047498023","date_saisie":"02/04/2014","valide":"Oui","ppo":"Non","type_carte":"Reprise","base":"1988-D56-019 DNE KERDURAND RIANTEC","fond":"Ortho","obsolete":false}},{"type":"Feature","geometry":{"type":"Polygon","coordinates":[[[-2.9706,47.8136],[-2.9761,47.8158],[-2.9775,47.8165],[-2.98,47.8159],[-2.98,47.8151],[-2.9827,47.8153],[-2.9881,47.816],[-2.9891,47.8155],[-2.9911,47.816],[-2.9942,47.8159],[-2.9952,47.8149],[-2.9988,47.8159],[-2.9952,47.8188],[-2.9951,47.8212],[-2.9925,47.8218],[-2.9916,47.8213],[-2.9894,47.8219],[-2.9889,47.8209],[-2.9875,47.821],[-2.9867,47.8221],[-2.9867,47.8232],[-2.9854,47.8242],[-2.9837,47.8245],[-2.9836,47.8251],[-2.983,47.8274],[-2.9688,47.8273],[-2.9658,47.8181],[-2.9706,47.8136]]]},"properties":{"id_ffco":"2009-D56-134","nom":"Floranges Ouest","_dept":"56","numero":"2009-D56-134","commune":"Camors","echelle":"1/10000","surface":"2.32 km²","format":"A4","annee":"2009","cartographes":"E Charles","proprietaire":"56 - Morbihan","niveau":"Interrégional","specialite":"CO à pied","latitude":"47.8204543725","longitude":"-2.97940456808","date_saisie":"30/01/2010","date_depot":"17/02/2010","valide":"Oui","ppo":"Non","type_carte":"Reprise","base":"2005-D56-101 FLORANGES","fond":"Ortho","obsolete":false}},{"type":"Feature","geometry":{"type":"Polygon","coordinates":[[[-2.967,47.8156],[-2.9657,47.8181],[-2.9657,47.8259],[-2.9754,47.8317],[-2.9759,47.8322],[-2.9791,47.8323],[-2.9827,47.8291],[-2.9835,47.8251],[-2.984,47.8243],[-2.9857,47.8242],[-2.9863,47.8232],[-2.9867,47.8231],[-2.9867,47.822],[-2.9876,47.8209],[-2.9888,47.8208],[-2.99,47.8184],[-2.9872,47.8177],[-2.9881,47.816],[-2.9836,47.8153],[-2.9798,47.8152],[-2.98,47.8159],[-2.9771,47.8166],[-2.9751,47.8155],[-2.9715,47.814],[-2.9692,47.8134],[-2.967,47.8156]]]},"properties":{"id_ffco":"2009-D56-133","nom":"Floranges Nord","_dept":"56","numero":"2009-D56-133","commune":"Camors","echelle":"1/7500","surface":"2.48 km²","format":"A4","annee":"2009","cartographes":"E Charles","proprietaire":"56 - Morbihan","niveau":"Interrégional","specialite":"CO à pied","latitude":"47.8222161587","longitude":"-2.97627514816","date_saisie":"30/01/2010","date_depot":"17/02/2010","valide":"Oui","ppo":"Non","type_carte":"Nouvelle carte","fond":"Ortho","obsolete":false}},{"type":"Feature","geometry":{"type":"Polygon","coordinates":[[[-3.4931,47.7825],[-3.4951,47.7825],[-3.4953,47.7831],[-3.4963,47.7843],[-3.4944,47.7852],[-3.4934,47.7848],[-3.493,47.7843],[-3.4893,47.7849],[-3.4891,47.7839],[-3.4892,47.7822],[-3.4931,47.7828],[-3.4931,47.7825]]]},"properties":{"id_ffco":"2009-D56-131","nom":"Kergroise GUIDEL","_dept":"56","numero":"2009-D56-131","commune":"Guidel","echelle":"1/2000","surface":"0.12 km²","format":"A4","annee":"2009","cartographes":"E Charles","proprietaire":"56 - Morbihan","niveau":"Initiation, Scolaire","specialite":"CO à pied","latitude":"47.7836473184","longitude":"-3.49241300671","date_saisie":"30/01/2010","date_depot":"17/02/2010","valide":"Oui","ppo":"Non","type_carte":"Nouvelle carte","fond":"Cadastre","obsolete":false}},{"type":"Feature","geometry":{"type":"Polygon","coordinates":[[[-3.0145,47.8466],[-3.0139,47.8458],[-3.012,47.8452],[-3.0079,47.8449],[-3.0066,47.8443],[-3.0041,47.8444],[-3.0004,47.8437],[-2.9998,47.8428],[-2.9991,47.8426],[-3.0009,47.8355],[-3.0048,47.8312],[-3.0248,47.8354],[-3.0355,47.8358],[-3.0344,47.8457],[-3.0303,47.8509],[-3.0256,47.8561],[-3.0209,47.8588],[-3.0155,47.8625],[-3.0149,47.8588],[-3.0163,47.8518],[-3.0138,47.8463],[-3.0138,47.8461],[-3.0124,47.8461],[-3.0145,47.8466]]]},"properties":{"id_ffco":"2010-D56-130","nom":"La fontaine des Larrons","_dept":"56","numero":"2010-D56-130","commune":"Camors","echelle":"1/10000","surface":"4.83 km²","format":"A3","annee":"2010","cartographes":"Eric Charles","proprietaire":"56 - Morbihan","niveau":"National, International","specialite":"CO à pied","latitude":"47.8434797806","longitude":"-3.01864073022","date_saisie":"05/02/2012","date_depot":"25/01/2011","valide":"Non","ppo":"Non","type_carte":"Reprise","base":"2008-D56-121 Camors","fond":"Ortho","obsolete":false}},{"type":"Feature","geometry":{"type":"Polygon","coordinates":[[[-2.4458,47.8637],[-2.4455,47.8618],[-2.4456,47.861],[-2.446,47.8601],[-2.4468,47.8593],[-2.4468,47.8576],[-2.4462,47.8554],[-2.4465,47.8529],[-2.4474,47.8537],[-2.4477,47.8552],[-2.4479,47.856],[-2.4476,47.8574],[-2.4478,47.8577],[-2.4486,47.8577],[-2.4494,47.8579],[-2.4501,47.8585],[-2.4512,47.8592],[-2.4509,47.8596],[-2.4523,47.8603],[-2.4532,47.8604],[-2.456,47.8593],[-2.456,47.8603],[-2.4574,47.86],[-2.46,47.8597],[-2.4624,47.8597],[-2.4638,47.8603],[-2.4658,47.8599],[-2.4695,47.8597],[-2.4719,47.8594],[-2.4742,47.8585],[-2.4751,47.8583],[-2.4771,47.8576],[-2.478,47.8586],[-2.4772,47.8599],[-2.4771,47.861],[-2.4786,47.8622],[-2.4789,47.8635],[-2.4792,47.8647],[-2.4787,47.8665],[-2.4781,47.869],[-2.4772,47.8692],[-2.4779,47.8702],[-2.4784,47.8715],[-2.4783,47.8721],[-2.4783,47.8734],[-2.4795,47.8757],[-2.4796,47.8763],[-2.4781,47.8769],[-2.4781,47.8771],[-2.4737,47.8774],[-2.474,47.8787],[-2.4726,47.8791],[-2.4727,47.8797],[-2.4704,47.8804],[-2.4681,47.8805],[-2.468,47.8811],[-2.4652,47.8814],[-2.4593,47.8805],[-2.4552,47.8795],[-2.4519,47.878],[-2.4508,47.8769],[-2.4482,47.8759],[-2.445,47.8752],[-2.446,47.8788],[-2.4454,47.8792],[-2.4453,47.8802],[-2.4445,47.8805],[-2.4445,47.8817],[-2.4421,47.8825],[-2.4403,47.8823],[-2.4391,47.8835],[-2.4366,47.8837],[-2.436,47.8875],[-2.4326,47.8868],[-2.4268,47.8839],[-2.4245,47.8814],[-2.4239,47.8803],[-2.424,47.8784],[-2.426,47.8769],[-2.4279,47.8757],[-2.4284,47.8747],[-2.4276,47.8722],[-2.4287,47.8712],[-2.4318,47.8702],[-2.4342,47.8693],[-2.4358,47.8679],[-2.4409,47.8668],[-2.4452,47.8663],[-2.4457,47.8652],[-2.4458,47.8637]]]},"properties":{"id_ffco":"2010-D56-129","nom":"Le Roc Saint André","_dept":"56","numero":"2010-D56-129","commune":"Le Roc Sainr André","echelle":"1/10000","surface":"7.95 km²","format":"A3","annee":"2010","cartographes":"Eric Charles","proprietaire":"Mairie du Roc Saint André","niveau":"Initiation, Scolaire","specialite":"CO à pied","latitude":"47.8715698063","longitude":"-2.45386574327","date_saisie":"05/02/2012","date_depot":"08/04/2016","valide":"Oui","ppo":"Oui (30 postes)","type_carte":"Nouvelle carte","fond":"Ortho","obsolete":false}},{"type":"Feature","geometry":{"type":"Polygon","coordinates":[[[-3.3807,47.854],[-3.3801,47.8534],[-3.3793,47.8528],[-3.3796,47.8525],[-3.3807,47.8527],[-3.3809,47.8527],[-3.3814,47.8526],[-3.3817,47.8523],[-3.3818,47.8521],[-3.3825,47.8522],[-3.3828,47.8523],[-3.3829,47.8521],[-3.3835,47.8523],[-3.3836,47.8522],[-3.384,47.852],[-3.3841,47.8522],[-3.3848,47.852],[-3.3846,47.8528],[-3.3855,47.8529],[-3.3853,47.8534],[-3.3853,47.8538],[-3.3855,47.8541],[-3.385,47.8542],[-3.3847,47.8543],[-3.3846,47.8544],[-3.3842,47.8544],[-3.3841,47.8546],[-3.3836,47.8548],[-3.3828,47.8544],[-3.3816,47.8542],[-3.3807,47.854]]]},"properties":{"id_ffco":"2009-D56-127","nom":"CLEGUER 56","_dept":"56","numero":"2009-D56-127","commune":"Cléguer","echelle":"1/2000","surface":"0.09 km²","format":"A4","annee":"2009","cartographes":"A Coniel","proprietaire":"5604 - CLUB D'ORIENTATION LORIENTAIS","niveau":"Initiation, Scolaire","specialite":"CO à pied","latitude":"47.8533106349","longitude":"-3.3828129857","date_saisie":"30/01/2010","date_depot":"17/02/2010","valide":"Oui","ppo":"Non","type_carte":"Nouvelle carte","fond":"Cadastre","obsolete":false}},{"type":"Feature","geometry":{"type":"Polygon","coordinates":[[[-3.1539,47.893],[-3.1535,47.8918],[-3.1528,47.891],[-3.1516,47.89],[-3.1508,47.89],[-3.1508,47.8905],[-3.1502,47.8911],[-3.148,47.8913],[-3.1458,47.8915],[-3.146,47.8926],[-3.1474,47.893],[-3.1481,47.8937],[-3.15,47.8932],[-3.1514,47.8933],[-3.1539,47.893]]]},"properties":{"id_ffco":"2009-D56-126","nom":"Poul-Fetan","_dept":"56","numero":"2009-D56-126","commune":"Quistinic","echelle":"1/2500","surface":"0.14 km²","format":"A4","annee":"2009","cartographes":"A Coniel","proprietaire":"5604 - CLUB D'ORIENTATION LORIENTAIS","niveau":"Initiation, Scolaire","specialite":"CO à pied","latitude":"47.8920772446","longitude":"-3.15009176528","date_saisie":"30/01/2010","date_depot":"17/02/2010","valide":"Oui","ppo":"Non","type_carte":"Nouvelle carte","fond":"Cadastre","obsolete":false}},{"type":"Feature","geometry":{"type":"Polygon","coordinates":[[[-3.4343,47.8076],[-3.436,47.8068],[-3.4401,47.8042],[-3.4428,47.8037],[-3.442,47.8015],[-3.4411,47.8008],[-3.4395,47.8007],[-3.4381,47.8008],[-3.4368,47.8005],[-3.435,47.7999],[-3.4343,47.8001],[-3.4329,47.8001],[-3.431,47.7997],[-3.4301,47.7998],[-3.4293,47.8001],[-3.4286,47.8008],[-3.4292,47.802],[-3.4292,47.803],[-3.4277,47.8036],[-3.4288,47.8041],[-3.4308,47.8056],[-3.4316,47.8061],[-3.4323,47.8064],[-3.4337,47.8064],[-3.4343,47.8076]]]},"properties":{"id_ffco":"2009-D56-125","nom":"Le Parc du Lain Gestel","_dept":"56","numero":"2009-D56-125","commune":"Gestel","echelle":"1/4000","surface":"0.59 km²","format":"A4","annee":"2009","cartographes":"E Charles","proprietaire":"56 - Morbihan","niveau":"Départemental","specialite":"CO à pied","latitude":"47.8030859748","longitude":"-3.43495614242","date_saisie":"30/01/2010","date_depot":"17/02/2010","valide":"Oui","ppo":"Non","type_carte":"Nouvelle carte","fond":"Ortho","obsolete":false}},{"type":"Feature","geometry":{"type":"Polygon","coordinates":[[[-3.516,47.7564],[-3.5144,47.7571],[-3.512,47.7607],[-3.5149,47.7636],[-3.5162,47.7645],[-3.5168,47.7684],[-3.5181,47.7687],[-3.5203,47.7677],[-3.5215,47.7672],[-3.5234,47.7673],[-3.5242,47.767],[-3.5234,47.7643],[-3.5217,47.7606],[-3.5207,47.7586],[-3.519,47.7573],[-3.517,47.7567],[-3.516,47.7564]]]},"properties":{"id_ffco":"2009-D56-124","nom":"Guidel-Plages","_dept":"56","numero":"2009-D56-124","commune":"Guidel","echelle":"1/5000","surface":"0.71 km²","format":"A4","annee":"2009","cartographes":"E Charles, Coniel Anne","proprietaire":"56 - Morbihan","niveau":"Régional","specialite":"CO à pied","latitude":"47.7624418545","longitude":"-3.51826363609","date_saisie":"30/01/2010","date_depot":"17/02/2010","valide":"Oui","ppo":"Non","type_carte":"Reprise","base":"1988-D56-018 GUIDEL VVF","fond":"Cadastre","obsolete":false}},{"type":"Feature","geometry":{"type":"Polygon","coordinates":[[[-3.3467,47.928],[-3.3466,47.9263],[-3.3452,47.9229],[-3.3441,47.9213],[-3.3409,47.9212],[-3.3387,47.9209],[-3.3376,47.9201],[-3.3364,47.9222],[-3.3329,47.9221],[-3.3302,47.9218],[-3.3293,47.9234],[-3.3287,47.9255],[-3.3309,47.9265],[-3.3313,47.9281],[-3.3352,47.9281],[-3.3467,47.928]]]},"properties":{"id_ffco":"2009-D56-123","nom":"LE LEZOT","_dept":"56","numero":"2009-D56-123","commune":"Plouay","echelle":"1/7500","surface":"0.87 km²","format":"A4","annee":"2009","cartographes":"E Charles","proprietaire":"56 - Morbihan","niveau":"Interrégional","specialite":"CO à pied","latitude":"47.924806833","longitude":"-3.3380367666","date_saisie":"30/01/2010","date_depot":"17/02/2010","valide":"Oui","ppo":"Non","type_carte":"Nouvelle carte","fond":"Ortho","obsolete":false}},{"type":"Feature","geometry":{"type":"Polygon","coordinates":[[[-3.2635,47.8444],[-3.2641,47.8454],[-3.2623,47.847],[-3.262,47.8485],[-3.2609,47.8492],[-3.2599,47.8497],[-3.2577,47.8516],[-3.2537,47.8533],[-3.2527,47.8541],[-3.2532,47.8547],[-3.2545,47.8551],[-3.2544,47.8556],[-3.2537,47.8556],[-3.2523,47.856],[-3.2514,47.8567],[-3.2491,47.8577],[-3.2478,47.8586],[-3.2455,47.8589],[-3.2456,47.8583],[-3.2465,47.857],[-3.2458,47.856],[-3.2445,47.8555],[-3.2446,47.8542],[-3.2437,47.8533],[-3.2424,47.8528],[-3.2423,47.8515],[-3.24,47.8493],[-3.2379,47.8483],[-3.2379,47.8477],[-3.2392,47.8462],[-3.2405,47.8434],[-3.2417,47.8431],[-3.2431,47.8424],[-3.2441,47.8424],[-3.245,47.8431],[-3.2468,47.8433],[-3.2489,47.8432],[-3.258,47.843],[-3.2606,47.8435],[-3.2632,47.8437],[-3.2635,47.8444]]]},"properties":{"id_ffco":"2009-D56-122","nom":"Forêt de Tremelin","_dept":"56","numero":"2009-D56-122","commune":"Inzinzac-Lochrist","echelle":"1/7500","surface":"2.03 km²","format":"A4","annee":"2009","cartographes":"E Charles","proprietaire":"56 - Morbihan","niveau":"Interrégional","specialite":"CO à pied","latitude":"47.8487913208","longitude":"-3.2502726115","date_saisie":"30/01/2010","date_depot":"17/02/2010","valide":"Oui","ppo":"Non","type_carte":"Reprise","base":"1974-D56-029 FORET DE TREMELIN","fond":"Ortho","obsolete":false}},{"type":"Feature","geometry":{"type":"Polygon","coordinates":[[[-3.0174,47.8603],[-3.0201,47.8601],[-3.0215,47.8595],[-3.0226,47.8577],[-3.0227,47.8567],[-3.024,47.8559],[-3.0265,47.8552],[-3.0278,47.8525],[-3.0308,47.8502],[-3.033,47.8484],[-3.0341,47.8466],[-3.0331,47.8448],[-3.032,47.8436],[-3.0318,47.8425],[-3.0323,47.8418],[-3.0327,47.8403],[-3.0316,47.8402],[-3.0312,47.8398],[-3.0294,47.8396],[-3.028,47.8389],[-3.0257,47.8362],[-3.0245,47.8357],[-3.0277,47.8278],[-3.0282,47.827],[-3.0277,47.8249],[-3.0137,47.8251],[-3.0126,47.8263],[-3.0106,47.8274],[-3.0063,47.8297],[-3.0052,47.8312],[-3.0036,47.8329],[-3.0015,47.8342],[-2.999,47.8427],[-2.9999,47.8429],[-3.0005,47.8437],[-3.0019,47.8437],[-3.0065,47.8445],[-3.0088,47.8452],[-3.0116,47.8453],[-3.0142,47.8466],[-3.0161,47.8473],[-3.0168,47.8473],[-3.0171,47.8493],[-3.0176,47.8492],[-3.0181,47.8487],[-3.0184,47.8489],[-3.0178,47.8497],[-3.0187,47.8502],[-3.0191,47.8506],[-3.0188,47.8508],[-3.0187,47.8517],[-3.0181,47.8521],[-3.0182,47.8542],[-3.0183,47.855],[-3.0177,47.8556],[-3.0167,47.8563],[-3.0171,47.8576],[-3.0169,47.8591],[-3.0173,47.8592],[-3.0174,47.8603]]]},"properties":{"id_ffco":"2008-D56-121","nom":"Camors","_dept":"56","numero":"2008-D56-121","commune":"Camors","echelle":"1/10000","surface":"5.43 km²","format":"A4","annee":"2008","cartographes":"Johann Lasouche, Guy Renard","proprietaire":"56 - Morbihan","niveau":"National, International","specialite":"CO à pied","latitude":"47.8398984561","longitude":"-3.0176876692","date_saisie":"01/04/2014","valide":"Oui","ppo":"Non","type_carte":"Reprise","base":"1974-D56-021 FONTAINE DES LARRONS","fond":"Ortho","obsolete":false}},{"type":"Feature","geometry":{"type":"Polygon","coordinates":[[[-3.3448,47.7529],[-3.3463,47.7519],[-3.3484,47.7506],[-3.3477,47.7467],[-3.3483,47.7462],[-3.3479,47.7448],[-3.3471,47.7453],[-3.3457,47.743],[-3.3467,47.7421],[-3.3453,47.7425],[-3.3442,47.7415],[-3.3416,47.7413],[-3.3332,47.7433],[-3.333,47.7442],[-3.3303,47.7456],[-3.3271,47.7471],[-3.3248,47.7469],[-3.3237,47.748],[-3.3225,47.7493],[-3.3246,47.7493],[-3.3252,47.7514],[-3.3333,47.7508],[-3.3382,47.7503],[-3.3412,47.7508],[-3.3448,47.7529]]]},"properties":{"id_ffco":"2009-D56-120","nom":"Ecole des Fusiliers-marins Lorient","_dept":"56","numero":"2009-D56-120","commune":"Lorient","echelle":"1/5000","surface":"1.46 km²","format":"A4","annee":"2009","cartographes":"E Charles","proprietaire":"56 - Morbihan","niveau":"Départemental","specialite":"CO à pied","latitude":"47.747211517","longitude":"-3.33773901389","date_saisie":"30/01/2010","date_depot":"17/02/2010","valide":"Non","ppo":"Non","type_carte":"Nouvelle carte","fond":"Cadastre","obsolete":false}},{"type":"Feature","geometry":{"type":"Polygon","coordinates":[[[-3.3315,47.7626],[-3.331,47.7599],[-3.3314,47.7597],[-3.3326,47.7597],[-3.334,47.7593],[-3.3353,47.759],[-3.3366,47.7589],[-3.3376,47.7591],[-3.3377,47.7593],[-3.3377,47.7599],[-3.3376,47.7605],[-3.3374,47.7622],[-3.3342,47.7624],[-3.3326,47.7626],[-3.3315,47.7626]]]},"properties":{"id_ffco":"2010-D56-118","nom":"Parc du Plessis","_dept":"56","numero":"2010-D56-118","commune":"Lanester","echelle":"1/2000","surface":"0.17 km²","format":"A4","annee":"2010","cartographes":"Charles Eric, Coniel Anne","proprietaire":"56 - Morbihan","niveau":"Initiation, Scolaire","specialite":"CO à pied","latitude":"47.7608240644","longitude":"-3.33451419805","date_saisie":"02/04/2014","date_depot":"08/04/2016","valide":"Oui","ppo":"Non","type_carte":"Reprise","base":"2010-D56-118 Parc du Plessis","fond":"Cadastre","obsolete":false}},{"type":"Feature","geometry":{"type":"Polygon","coordinates":[[[-3.3541,47.7756],[-3.3545,47.7766],[-3.3541,47.7771],[-3.3536,47.7779],[-3.3501,47.7783],[-3.3495,47.7785],[-3.3495,47.7777],[-3.3489,47.7772],[-3.3495,47.7762],[-3.3478,47.7757],[-3.3474,47.7756],[-3.348,47.7748],[-3.3487,47.7738],[-3.3497,47.774],[-3.3503,47.7731],[-3.352,47.7713],[-3.3532,47.7719],[-3.3541,47.7756]]]},"properties":{"id_ffco":"2007-D56-116","nom":"Parc des expositions Lanester","_dept":"56","numero":"2007-D56-116","commune":"Lanester","echelle":"1/2500","surface":"0.24 km²","format":"A4","annee":"2007","cartographes":"Charles Eric","proprietaire":"56 - Morbihan","niveau":"Initiation, Scolaire","specialite":"CO à pied","latitude":"47.775268936","longitude":"-3.35142670912","date_saisie":"02/04/2014","valide":"Non","ppo":"Non","type_carte":"Nouvelle carte","fond":"Cadastre","obsolete":false}},{"type":"Feature","geometry":{"type":"Polygon","coordinates":[[[-3.413,47.7396],[-3.4162,47.7394],[-3.4196,47.7387],[-3.4205,47.7391],[-3.4236,47.7393],[-3.4272,47.7398],[-3.4264,47.7411],[-3.4243,47.7427],[-3.4224,47.7436],[-3.4205,47.7448],[-3.417,47.7449],[-3.4155,47.7453],[-3.4134,47.7456],[-3.4086,47.7465],[-3.4059,47.7412],[-3.4077,47.7404],[-3.4088,47.7388],[-3.4093,47.7384],[-3.4106,47.7391],[-3.413,47.7396]]]},"properties":{"id_ffco":"2006-D56-111","nom":"Parc de Kerihuer","_dept":"56","numero":"2006-D56-111","commune":"Ploemeur","echelle":"1/4000","surface":"0.89 km²","format":"A4","annee":"2006","cartographes":"Charles Eric, Renard guy","proprietaire":"56 - Morbihan","niveau":"Départemental","specialite":"CO à pied","latitude":"47.7421327581","longitude":"-3.41550611842","valide":"Non","ppo":"Oui (20 postes)","type_carte":"Nouvelle carte","fond":"Ortho","obsolete":false}},{"type":"Feature","geometry":null,"properties":{"id_ffco":"2005-D56-106","nom":"Bois de la Châtaigneraie","_dept":"56","numero":"2005-D56-106","commune":"Ploermeur","echelle":"1/3500","surface":"1.0 km²","annee":"2005","cartographes":"G Renard","proprietaire":"BR - Bretagne","niveau":"Départemental","specialite":"CO à pied","latitude":"47.7363085","longitude":"-3.4278585","date_saisie":"14/12/2005","date_depot":"16/01/2006","valide":"Non","ppo":"Non","obsolete":false}},{"type":"Feature","geometry":null,"properties":{"id_ffco":"2005-D56-105","nom":"Complexe Sportif de la Châtaigneraie","_dept":"56","numero":"2005-D56-105","commune":"Ploermeur","echelle":"1/2000","surface":"0.5 km²","annee":"2005","cartographes":"G Renard","proprietaire":"BR - Bretagne","niveau":"Départemental","specialite":"CO à pied","latitude":"47.7363085","longitude":"-3.4278585","date_saisie":"14/12/2005","date_depot":"16/01/2006","valide":"Non","ppo":"Non","obsolete":false}},{"type":"Feature","geometry":null,"properties":{"id_ffco":"2005-D56-104","nom":"Bois de Ronquedo - Collège de Kerbellec","_dept":"56","numero":"2005-D56-104","commune":"Queven","echelle":"1/4000","surface":"1.0 km²","annee":"2005","cartographes":"G Renard","proprietaire":"BR - Bretagne","niveau":"Départemental","specialite":"CO à pied","latitude":"47.7887072","longitude":"-3.4158088","date_saisie":"14/12/2005","date_depot":"16/01/2006","valide":"Non","ppo":"Non","obsolete":false}},{"type":"Feature","geometry":null,"properties":{"id_ffco":"2005-D56-101","nom":"FLORANGES","_dept":"56","numero":"2005-D56-101","commune":"Camors","echelle":"1/10000","surface":"4.5 km²","annee":"2005","cartographes":"E Charles","proprietaire":"5604 - CLUB D'ORIENTATION LORIENTAIS","specialite":"CO à pied","latitude":"47.8477927","longitude":"-3.0005013","date_saisie":"13/04/2005","date_depot":"26/04/2005","valide":"Non","ppo":"Non","obsolete":false}},{"type":"Feature","geometry":null,"properties":{"id_ffco":"1988-D56-07","nom":"KERGOFF CAUDAN","_dept":"56","numero":"1988-D56-07","commune":"LORIENT","echelle":"1/5000","surface":"0.5 km²","annee":"1988","proprietaire":"5604 - CLUB D'ORIENTATION LORIENTAIS","specialite":"CO à pied","latitude":"47.7505991","longitude":"-3.3672637","valide":"Non","ppo":"Non","obsolete":false}},{"type":"Feature","geometry":null,"properties":{"id_ffco":"2000-D56-062","nom":"TY-MAD-INZINZAC","_dept":"56","numero":"2000-D56-062","commune":"Inzinzac","echelle":"1/10000","surface":"6.0 km²","annee":"2000","cartographes":"E Charles","proprietaire":"5604 - CLUB D'ORIENTATION LORIENTAIS","niveau":"Interrégional","specialite":"CO à pied","latitude":"47.8433622","longitude":"-3.2660092","valide":"Non","ppo":"Non","obsolete":false}},{"type":"Feature","geometry":null,"properties":{"id_ffco":"1982-D56-06","nom":"LE DURBOEUF","_dept":"56","numero":"1982-D56-06","commune":"LANOUEE","echelle":"1/15000","surface":"8.0 km²","annee":"1982","niveau":"Interrégional","specialite":"CO à pied","latitude":"48.0035375","longitude":"-2.5818979","valide":"Non","ppo":"Non","obsolete":false}},{"type":"Feature","geometry":null,"properties":{"id_ffco":"1988-D56-06","nom":"PLESSIS LANESTER","_dept":"56","numero":"1988-D56-06","commune":"LORIENT","echelle":"1/2500","surface":"0.4 km²","annee":"1988","proprietaire":"5604 - CLUB D'ORIENTATION LORIENTAIS","specialite":"CO à pied","latitude":"47.7505991","longitude":"-3.3672637","valide":"Non","ppo":"Non","obsolete":false}},{"type":"Feature","geometry":null,"properties":{"id_ffco":"1988-D56-05","nom":"MOULIN NEUF","_dept":"56","numero":"1988-D56-05","commune":"LORIENT","echelle":"1/5000","surface":"1.5 km²","annee":"1988","proprietaire":"5604 - CLUB D'ORIENTATION LORIENTAIS","specialite":"CO à pied","latitude":"47.7505991","longitude":"-3.3672637","valide":"Non","ppo":"Non","obsolete":false}},{"type":"Feature","geometry":null,"properties":{"id_ffco":"1998-D56-042","nom":"LA CHAPELLE ST IGNACE","_dept":"56","numero":"1998-D56-042","commune":"QUENECAN","echelle":"1/10000","surface":"6.0 km²","annee":"1998","proprietaire":"2205 - SAINT-BRIEUC ATHLETIQUE CLUB","niveau":"National, International","specialite":"CO à pied","latitude":"48.0071166","longitude":"-2.8835782","valide":"Non","ppo":"Non","obsolete":false}},{"type":"Feature","geometry":null,"properties":{"id_ffco":"1997-D56-04","nom":"ETANG DU TER 56","_dept":"56","numero":"1997-D56-04","surface":"None km²","annee":"1997","specialite":"CO à pied","latitude":"47.8852929","longitude":"-2.9001865","valide":"Non","ppo":"Non","obsolete":false}},{"type":"Feature","geometry":null,"properties":{"id_ffco":"1986-D56-039","nom":"SAINT JUGON","_dept":"56","numero":"1986-D56-039","commune":"LORIENT","echelle":"1/5000","surface":"1.0 km²","annee":"1986","specialite":"CO à pied","latitude":"47.7505991","longitude":"-3.3672637","valide":"Non","ppo":"Non","obsolete":false}},{"type":"Feature","geometry":null,"properties":{"id_ffco":"1988-D56-031","nom":"Complexe SPORTIF - LA GACILLY","_dept":"56","numero":"1988-D56-031","commune":"LA GACILLY","echelle":"1/2500","surface":"0.07 km²","annee":"1988","proprietaire":"56 - Morbihan","specialite":"CO à pied","latitude":"47.7656835","longitude":"-2.131017","valide":"Non","ppo":"Non","obsolete":false}},{"type":"Feature","geometry":null,"properties":{"id_ffco":"1988-D56-03","nom":"QUISTINIC","_dept":"56","numero":"1988-D56-03","commune":"LORIENT","echelle":"1/5000","surface":"0.5 km²","annee":"1988","proprietaire":"5604 - CLUB D'ORIENTATION LORIENTAIS","specialite":"CO à pied","latitude":"47.7505991","longitude":"-3.3672637","valide":"Non","ppo":"Non","obsolete":false}},{"type":"Feature","geometry":null,"properties":{"id_ffco":"1974-D56-029","nom":"FORET DE TREMELIN","_dept":"56","numero":"1974-D56-029","commune":"INZINZAC","echelle":"1/15000","surface":"5.0 km²","annee":"1974","proprietaire":"56 - Morbihan","specialite":"CO à pied","latitude":"47.8433622","longitude":"-3.2660092","valide":"Non","ppo":"Non","obsolete":false}},{"type":"Feature","geometry":null,"properties":{"id_ffco":"1988-D56-028","nom":"MOULIN DE KERIHUER","_dept":"56","numero":"1988-D56-028","commune":"LORIENT","echelle":"1/5000","surface":"1.0 km²","annee":"1988","proprietaire":"5604 - CLUB D'ORIENTATION LORIENTAIS","specialite":"CO à pied","latitude":"47.7505991","longitude":"-3.3672637","valide":"Non","ppo":"Non","obsolete":false}},{"type":"Feature","geometry":null,"properties":{"id_ffco":"1974-D56-021","nom":"FONTAINE DES LARRONS","_dept":"56","numero":"1974-D56-021","commune":"CAMORS","echelle":"1/15000","surface":"8.0 km²","annee":"1974","proprietaire":"56 - Morbihan","specialite":"CO à pied","latitude":"47.8477927","longitude":"-3.0005013","valide":"Non","ppo":"Non","obsolete":false}},{"type":"Feature","geometry":null,"properties":{"id_ffco":"1988-D56-019","nom":"MANE BRAS","_dept":"56","numero":"1988-D56-019","commune":"INZINZAC LOCHRIS","echelle":"1/2500","surface":"0.1 km²","annee":"1988","proprietaire":"5604 - CLUB D'ORIENTATION LORIENTAIS","specialite":"CO à pied","latitude":"47.8437559","longitude":"-3.2669561","valide":"Non","ppo":"Non","obsolete":false}},{"type":"Feature","geometry":null,"properties":{"id_ffco":"1988-D56-019","nom":"DNE KERDURAND RIANTEC","_dept":"56","numero":"1988-D56-019","commune":"LORIENT","echelle":"1/2500","surface":"0.1 km²","annee":"1988","proprietaire":"5604 - CLUB D'ORIENTATION LORIENTAIS","specialite":"CO à pied","latitude":"47.7505991","longitude":"-3.3672637","valide":"Non","ppo":"Non","obsolete":false}},{"type":"Feature","geometry":null,"properties":{"id_ffco":"1988-D56-018","nom":"GUIDEL VVF","_dept":"56","numero":"1988-D56-018","commune":"LORIENT","echelle":"1/2500","surface":"0.1 km²","annee":"1988","proprietaire":"5604 - CLUB D'ORIENTATION LORIENTAIS","specialite":"CO à pied","latitude":"47.7505991","longitude":"-3.3672637","valide":"Non","ppo":"Non","obsolete":false}},{"type":"Feature","geometry":null,"properties":{"id_ffco":"1988-D56-017","nom":"LANN SEVELIN","_dept":"56","numero":"1988-D56-017","commune":"LORIENT","echelle":"1/2500","surface":"0.1 km²","annee":"1988","proprietaire":"5604 - CLUB D'ORIENTATION LORIENTAIS","specialite":"CO à pied","latitude":"47.7505991","longitude":"-3.3672637","valide":"Non","ppo":"Non","obsolete":false}},{"type":"Feature","geometry":null,"properties":{"id_ffco":"1988-D56-014","nom":"BUTTE DE QUISTINIC","_dept":"56","numero":"1988-D56-014","commune":"LORIENT","echelle":"1/5000","surface":"0.3 km²","annee":"1988","proprietaire":"5604 - CLUB D'ORIENTATION LORIENTAIS","specialite":"CO à pied","latitude":"47.7505991","longitude":"-3.3672637","valide":"Non","ppo":"Non","obsolete":false}},{"type":"Feature","geometry":null,"properties":{"id_ffco":"1988-D56-013","nom":"COLLEGE TER","_dept":"56","numero":"1988-D56-013","commune":"PLOERMEUR","echelle":"1/2500","surface":"0.2 km²","annee":"1988","proprietaire":"5604 - CLUB D'ORIENTATION LORIENTAIS","specialite":"CO à pied","latitude":"47.7363085","longitude":"-3.4278585","valide":"Non","ppo":"Non","obsolete":false}},{"type":"Feature","geometry":null,"properties":{"id_ffco":"1988-D56-012","nom":"VIEUX MOULIN","_dept":"56","numero":"1988-D56-012","commune":"LORIENT","echelle":"1/5000","surface":"0.7 km²","annee":"1988","proprietaire":"5604 - CLUB D'ORIENTATION LORIENTAIS","specialite":"CO à pied","latitude":"47.7505991","longitude":"-3.3672637","valide":"Non","ppo":"Non","obsolete":false}},{"type":"Feature","geometry":null,"properties":{"id_ffco":"1988-D56-012","nom":"BOIS HANTEL","_dept":"56","numero":"1988-D56-012","commune":"COETQUIDAN","echelle":"1/10000","surface":"3.0 km²","annee":"1988","proprietaire":"5601 - A.S.A. DES ECOLES DE COETQUIDAN","specialite":"CO à pied","latitude":"47.940674","longitude":"-2.133175","valide":"Non","ppo":"Non","obsolete":false}},{"type":"Feature","geometry":null,"properties":{"id_ffco":"1988-D56-012","nom":"BREUIL","_dept":"56","numero":"1988-D56-012","commune":"CLEGUEREC","echelle":"1/10000","surface":"5.0 km²","annee":"1988","proprietaire":"BR - Bretagne","specialite":"CO à pied","latitude":"48.1238508","longitude":"-3.0691116","valide":"Non","ppo":"Non","obsolete":false}},{"type":"Feature","geometry":null,"properties":{"id_ffco":"1986-D56-011","nom":"COLLEGE DU TER PLOERMEUR","_dept":"56","numero":"1986-D56-011","surface":"None km²","annee":"1986","specialite":"CO à pied","latitude":"47.8852929","longitude":"-2.9001865","valide":"Non","ppo":"Non","obsolete":false}},{"type":"Feature","geometry":null,"properties":{"id_ffco":"1982-D56-010","nom":"QUENECAN","_dept":"56","numero":"1982-D56-010","commune":"CLEGUEREC","echelle":"1/15000","surface":"20.0 km²","annee":"1982","proprietaire":"BR - Bretagne","niveau":"Interrégional","specialite":"CO à pied","latitude":"48.1238508","longitude":"-3.0691116","valide":"Non","ppo":"Non","obsolete":false}},{"type":"Feature","geometry":null,"properties":{"id_ffco":"1988-D56-009","nom":"BOIS DE LONCH TORRIGAN","_dept":"56","numero":"1988-D56-009","commune":"LORIENT","echelle":"1/5000","surface":"0.6 km²","annee":"1988","proprietaire":"5604 - CLUB D'ORIENTATION LORIENTAIS","specialite":"CO à pied","latitude":"47.7505991","longitude":"-3.3672637","valide":"Non","ppo":"Non","obsolete":false}},{"type":"Feature","geometry":null,"properties":{"id_ffco":"1988-D56-008","nom":"RONQUEDO QUEVEN","_dept":"56","numero":"1988-D56-008","commune":"LORIENT","echelle":"1/5000","surface":"0.8 km²","annee":"1988","proprietaire":"5604 - CLUB D'ORIENTATION LORIENTAIS","specialite":"CO à pied","latitude":"47.7505991","longitude":"-3.3672637","valide":"Non","ppo":"Non","obsolete":false}},{"type":"Feature","geometry":null,"properties":{"id_ffco":"1974-D56-007","nom":"LE GUILLERIEN","_dept":"56","numero":"1974-D56-007","commune":"GUER - COETQUIDAN","echelle":"1/15000","surface":"7.0 km²","annee":"1974","proprietaire":"5601 - A.S.A. DES ECOLES DE COETQUIDAN","specialite":"CO à pied","latitude":"47.940674","longitude":"-2.133175","valide":"Non","ppo":"Non","obsolete":false}},{"type":"Feature","geometry":null,"properties":{"id_ffco":"1982-D56-001","nom":"COETQUIDAN - OUEST","_dept":"56","numero":"1982-D56-001","commune":"COETQUIDAN","echelle":"1/16666","surface":"4.0 km²","annee":"1982","proprietaire":"5601 - A.S.A. DES ECOLES DE COETQUIDAN","niveau":"Interrégional","specialite":"CO à pied","latitude":"47.940674","longitude":"-2.133175","valide":"Non","ppo":"Non","obsolete":false}},{"type":"Feature","geometry":null,"properties":{"id_ffco":"????-D56-","nom":"Parc de Ménéhouarne","_dept":"56","numero":"????-D56-","commune":"Plouay","surface":"None km²","latitude":"47.9149262","longitude":"-3.3348571","valide":"Non","ppo":"Oui","obsolete":false}},{"type":"Feature","geometry":null,"properties":{"id_ffco":"????-D56-","nom":"Vallée du Blavet","_dept":"56","numero":"????-D56-","surface":"None km²","latitude":"47.8852929","longitude":"-2.9001865","valide":"Non","ppo":"Oui","obsolete":false}},{"type":"Feature","geometry":null,"properties":{"id_ffco":"????-D56-","nom":"Poulfétan","_dept":"56","numero":"????-D56-","surface":"None km²","latitude":"47.8852929","longitude":"-2.9001865","valide":"Non","ppo":"Oui","obsolete":false}},{"type":"Feature","geometry":null,"properties":{"id_ffco":"????-D56-","nom":"Base Nautique Municipal de Ter","_dept":"56","numero":"????-D56-","commune":"Lorient","surface":"None km²","contacts":"Base nautique, 02 97 37 45 25, basenautique@mairie-lorient.fr","latitude":"47.7505991","longitude":"-3.3672637","valide":"Non","ppo":"Oui","obsolete":false}},{"type":"Feature","geometry":null,"properties":{"id_ffco":"????-D56-","nom":"Forêt deLann Bourgeol","_dept":"56","numero":"????-D56-","commune":"Inguiniel","surface":"None km²","latitude":"47.9768276","longitude":"-3.2823836","valide":"Non","ppo":"Oui","obsolete":false}}]}