{"type":"FeatureCollection","features":[{"type":"Feature","geometry":{"type":"Polygon","coordinates":[[[7.1919,47.8372],[7.1899,47.8358],[7.1874,47.8347],[7.1867,47.8337],[7.1855,47.8315],[7.1846,47.8294],[7.184,47.8255],[7.184,47.8236],[7.1832,47.8222],[7.1825,47.8206],[7.1825,47.8188],[7.1805,47.8181],[7.1771,47.8178],[7.1746,47.8189],[7.1718,47.8211],[7.1713,47.8223],[7.1676,47.8228],[7.1652,47.8232],[7.164,47.8233],[7.1595,47.8243],[7.1581,47.8228],[7.154,47.8248],[7.1529,47.8249],[7.1505,47.8258],[7.1495,47.8266],[7.1482,47.8262],[7.1474,47.8262],[7.1464,47.827],[7.1466,47.8275],[7.146,47.8279],[7.147,47.8285],[7.148,47.829],[7.1481,47.8295],[7.1477,47.8298],[7.1477,47.8304],[7.1468,47.8307],[7.1479,47.8311],[7.1489,47.8315],[7.1493,47.8321],[7.149,47.8325],[7.1495,47.8332],[7.1483,47.8342],[7.1466,47.8347],[7.1463,47.8352],[7.1459,47.8354],[7.1451,47.8362],[7.145,47.8365],[7.1462,47.8362],[7.1472,47.8362],[7.1472,47.8369],[7.1481,47.8376],[7.1493,47.8389],[7.1516,47.8406],[7.1522,47.8406],[7.1536,47.8407],[7.1549,47.8413],[7.1546,47.8421],[7.1542,47.8432],[7.154,47.8438],[7.1539,47.8449],[7.153,47.8459],[7.1551,47.8467],[7.1557,47.8475],[7.1541,47.8502],[7.1566,47.8504],[7.1602,47.8504],[7.1607,47.8513],[7.1597,47.8531],[7.1636,47.8531],[7.1684,47.8527],[7.1783,47.8542],[7.1805,47.8547],[7.1831,47.855],[7.1859,47.8545],[7.1887,47.8543],[7.1909,47.8548],[7.1947,47.8556],[7.1973,47.8568],[7.2072,47.8565],[7.2071,47.8552],[7.206,47.8541],[7.2053,47.8526],[7.2043,47.8515],[7.2029,47.8493],[7.2022,47.8482],[7.201,47.8467],[7.1984,47.8436],[7.1919,47.8372]]]},"properties":{"id_ffco":"2000-D68-89","nom":"Les Sources","_dept":"68","numero":"2000-D68-89","commune":"Wattwiller","echelle":"1/15000","surface":"11.26 km²","format":"A3","annee":"2000","proprietaire":"6803 - CLUB D'ORIENTATION DE MULHOUSE","niveau":"Interrégional","specialite":"CO à pied","contacts":"Vincent Papon, 16 rue de la Brasserie, 68460, Lutterbach, 06.63.03.92.86, v.papon@free.fr, http://comulhouse.fr/","latitude":"47.8392111492","longitude":"7.17419469404","date_saisie":"30/04/2014","valide":"Non","ppo":"Non","type_carte":"Nouvelle carte","fond":"IGN","ref_ign":"3620 ET","obsolete":false}},{"type":"Feature","geometry":null,"properties":{"id_ffco":"1997-D68-77","nom":"HARDT SUD","_dept":"68","numero":"1997-D68-77","commune":"MULHOUSE","echelle":"1/15000","surface":"5.0 km²","annee":"1997","proprietaire":"6803 - CLUB D'ORIENTATION DE MULHOUSE","niveau":"Interrégional","specialite":"CO à pied","latitude":"47.7494919","longitude":"7.3397806","valide":"Non","ppo":"Non","obsolete":false}},{"type":"Feature","geometry":null,"properties":{"id_ffco":"1997-D68-75","nom":"VAL D'ARGENT","_dept":"68","numero":"1997-D68-75","commune":"SELESTAT","echelle":"1/15000","surface":"9.0 km²","annee":"1997","niveau":"Interrégional","specialite":"CO à pied","latitude":"48.2597064","longitude":"7.4560424","valide":"Non","ppo":"Non","obsolete":false}},{"type":"Feature","geometry":null,"properties":{"id_ffco":"1986-D68-75","nom":"CHAUME (LA)","_dept":"68","numero":"1986-D68-75","commune":"ORBEY","echelle":"1/2000","surface":"0.5 km²","annee":"1986","specialite":"CO à pied","latitude":"48.1262055","longitude":"7.1648835","valide":"Non","ppo":"Non","obsolete":false}},{"type":"Feature","geometry":{"type":"Polygon","coordinates":[[[7.3942,48.0661],[7.3968,48.0603],[7.4009,48.0511],[7.4001,48.0505],[7.3986,48.0503],[7.3906,48.0517],[7.3748,48.0545],[7.3777,48.0578],[7.3792,48.0578],[7.3801,48.0585],[7.3809,48.0593],[7.3873,48.0666],[7.3879,48.0678],[7.3901,48.0675],[7.392,48.0669],[7.3942,48.0661]]]},"properties":{"id_ffco":"1995-D68-72","nom":"Le Neuland (2)","_dept":"68","numero":"1995-D68-72","commune":"COLMAR","echelle":"1/10000","surface":"2.03 km²","format":"+","annee":"1995","cartographes":"Yves CARU, Michel DUBOC, André LERTZ","proprietaire":"6804 - CLUB D'ORIENTATION DE COLMAR","niveau":"Initiation, Scolaire","specialite":"CO à pied","contacts":"MEYER Kirian, 12 rue des Primevères, 68570, Wintzfelden, 03.89.72.74.80, 06.24.98.93.15, president@cocolmar.fr","latitude":"48.0579888827","longitude":"7.38940510838","valide":"Oui","ppo":"Non","type_carte":"Reprise","base":"1995-D68-071 Le Neuland (2)","fond":"IGN","ref_ign":"3718 OT","obsolete":false}},{"type":"Feature","geometry":null,"properties":{"id_ffco":"1986-D68-70","nom":"CHAUME (LA)","_dept":"68","numero":"1986-D68-70","commune":"ORBEY","echelle":"1/10000","surface":"1.125 km²","annee":"1986","specialite":"CO à pied","latitude":"48.1262055","longitude":"7.1648835","valide":"Non","ppo":"Non","obsolete":false}},{"type":"Feature","geometry":null,"properties":{"id_ffco":"1986-D68-55","nom":"QUARTIER ABATUCCI","_dept":"68","numero":"1986-D68-55","commune":"NEUF-BRISACH","echelle":"1/5000","surface":"1.0 km²","annee":"1986","proprietaire":"6807","specialite":"CO à pied","latitude":"48.0181871","longitude":"7.5288974","valide":"Non","ppo":"Non","obsolete":false}},{"type":"Feature","geometry":null,"properties":{"id_ffco":"1986-D68-51","nom":"PARCOURS SPORT.WITTENHEIM","_dept":"68","numero":"1986-D68-51","commune":"WITTENHEIM","echelle":"1/3500","surface":"0.8 km²","annee":"1986","proprietaire":"6803 - CLUB D'ORIENTATION DE MULHOUSE","specialite":"CO à pied","latitude":"47.80767","longitude":"7.3393681","valide":"Non","ppo":"Non","obsolete":false}},{"type":"Feature","geometry":null,"properties":{"id_ffco":"1986-D68-40","nom":"BOIS DE L'ILL","_dept":"68","numero":"1986-D68-40","commune":"COLMAR","echelle":"1/2500","surface":"0.1 km²","annee":"1986","proprietaire":"6805","specialite":"CO à pied","latitude":"48.0806788","longitude":"7.3599721","valide":"Non","ppo":"Non","obsolete":false}},{"type":"Feature","geometry":null,"properties":{"id_ffco":"1986-D68-36","nom":"ECOLE BROSSOLETTE","_dept":"68","numero":"1986-D68-36","commune":"MULHOUSE","echelle":"1/1300","surface":"0.1 km²","annee":"1986","proprietaire":"6803 - CLUB D'ORIENTATION DE MULHOUSE","specialite":"CO à pied","latitude":"47.7494919","longitude":"7.3397806","valide":"Non","ppo":"Non","obsolete":false}},{"type":"Feature","geometry":null,"properties":{"id_ffco":"1986-D68-35","nom":"BILDSTOCKLE","_dept":"68","numero":"1986-D68-35","commune":"GUEBWILLER","echelle":"1/15000","surface":"3.0 km²","annee":"1986","proprietaire":"6805","specialite":"CO à pied","latitude":"47.9057124","longitude":"7.2138755","valide":"Non","ppo":"Non","obsolete":false}},{"type":"Feature","geometry":null,"properties":{"id_ffco":"1986-D68-34","nom":"MULHOUSE COLLEGE JEAN 23","_dept":"68","numero":"1986-D68-34","commune":"MULHOUSE","echelle":"1/2000","surface":"0.1 km²","annee":"1986","proprietaire":"6803 - CLUB D'ORIENTATION DE MULHOUSE","specialite":"CO à pied","latitude":"47.7494919","longitude":"7.3397806","valide":"Non","ppo":"Non","obsolete":false}},{"type":"Feature","geometry":null,"properties":{"id_ffco":"2026-D68-308","nom":"New labaroche","_dept":"68","numero":"2026-D68-308","surface":"None km²","annee":"2026","date_saisie":"24/03/2026","valide":"Non","ppo":"Non","obsolete":false}},{"type":"Feature","geometry":null,"properties":{"id_ffco":"2026-D68-307","nom":"le repos des chasseurs","_dept":"68","numero":"2026-D68-307","surface":"None km²","annee":"2026","date_saisie":"24/03/2026","valide":"Non","ppo":"Non","obsolete":false}},{"type":"Feature","geometry":null,"properties":{"id_ffco":"2026-D68-306","nom":"307","_dept":"68","numero":"2026-D68-306","surface":"None km²","annee":"2026","date_saisie":"12/03/2026","valide":"Non","ppo":"Non","obsolete":false}},{"type":"Feature","geometry":null,"properties":{"id_ffco":"2026-D68-305","nom":"Mulhouse centre","_dept":"68","numero":"2026-D68-305","commune":"Mulhouse","echelle":"1/4000","surface":"None km²","format":"A3","annee":"2026","cartographes":"l'atelier de l'Orienteur","proprietaire":"6803 - CLUB D'ORIENTATION DE MULHOUSE","niveau":"National, International","specialite":"CO à pied","date_saisie":"12/03/2026","valide":"Non","ppo":"Non","type_carte":"Nouvelle carte","fond":"Cadastre","obsolete":false}},{"type":"Feature","geometry":null,"properties":{"id_ffco":"2026-D68-304","nom":"Buchberg - Saegekopf","_dept":"68","numero":"2026-D68-304","commune":"Bourbach","echelle":"1/7500","surface":"None km²","format":"A3","annee":"2026","cartographes":"Duboc Michel","proprietaire":"6803 - CLUB D'ORIENTATION DE MULHOUSE","niveau":"National, International","specialite":"CO à pied","date_saisie":"12/03/2026","valide":"Non","ppo":"Non","type_carte":"Reprise","base":"2011-D68-181 Buchberg-Saegekopf","fond":"Laser","obsolete":false}},{"type":"Feature","geometry":{"type":"Polygon","coordinates":[[[7.3428,47.7442],[7.3427,47.7442],[7.3425,47.7444],[7.3434,47.7449],[7.3439,47.7446],[7.3434,47.7444],[7.3433,47.7445],[7.3435,47.7446],[7.3434,47.7447],[7.3427,47.7444],[7.3428,47.7442]]]},"properties":{"id_ffco":"2025-D68-303","nom":"Société Industrielle de Mulhouse","_dept":"68","numero":"2025-D68-303","commune":"Mulhouse","echelle":"1/700","surface":"0.0 km²","format":"A3","annee":"2025","cartographes":"Frey Vincent","proprietaire":"6803 - CLUB D'ORIENTATION DE MULHOUSE","niveau":"Régional","specialite":"CO à pied","latitude":"47.7445521727","longitude":"7.34318475123","date_saisie":"17/12/2025","date_depot":"24/02/2026","valide":"Oui","ppo":"Non","type_carte":"Nouvelle carte","fond":"Cadastre","obsolete":false}},{"type":"Feature","geometry":{"type":"Polygon","coordinates":[[[7.3005,47.9551],[7.3033,47.9556],[7.3043,47.9583],[7.3055,47.9594],[7.3057,47.9599],[7.3057,47.9611],[7.3059,47.9614],[7.3063,47.9626],[7.3016,47.9625],[7.2987,47.963],[7.2976,47.9618],[7.2966,47.9599],[7.2962,47.9588],[7.2954,47.9578],[7.2946,47.9568],[7.2944,47.9565],[7.3005,47.9551]]]},"properties":{"id_ffco":"2025-D68-302","nom":"Rouffach","_dept":"68","numero":"2025-D68-302","commune":"Rouffach","echelle":"1/4000","surface":"0.5 km²","format":"A4","annee":"2025","cartographes":"Pierson Jean-Luc","proprietaire":"6806 - CLUB ORIENTATION BUHL ET FLORIVAL","niveau":"Régional","specialite":"Sprint (ISSOM)","latitude":"47.9590981618","longitude":"7.3006393072","date_saisie":"19/05/2025","date_depot":"24/02/2026","valide":"Oui","ppo":"Non","type_carte":"Nouvelle carte","fond":"Cadastre","obsolete":false}},{"type":"Feature","geometry":{"type":"Polygon","coordinates":[[[7.0483,47.9887],[7.0452,47.9874],[7.0403,47.9873],[7.0385,47.9913],[7.0365,47.9943],[7.0373,47.9955],[7.0437,47.9924],[7.0452,47.9957],[7.0466,47.9943],[7.0454,47.9912],[7.0483,47.9887]]]},"properties":{"id_ffco":"2025-D68-301","nom":"Le Schnepfenried","_dept":"68","numero":"2025-D68-301","commune":"Sondernach","echelle":"1/7500","surface":"0.45 km²","format":"A4","annee":"2025","cartographes":"Stribeau Michel","proprietaire":"68 - Haut-Rhin","niveau":"Initiation, Scolaire","specialite":"CO à pied","latitude":"47.9910284341","longitude":"7.04234911782","date_saisie":"03/06/2025","date_depot":"18/02/2026","valide":"Oui","ppo":"Oui (15 postes)","type_carte":"Nouvelle carte","fond":"IGN","obsolete":false}},{"type":"Feature","geometry":{"type":"Polygon","coordinates":[[[7.3636,47.7377],[7.3621,47.7381],[7.3611,47.7386],[7.3605,47.7387],[7.3595,47.7388],[7.3591,47.7389],[7.359,47.7386],[7.358,47.7378],[7.3572,47.7373],[7.3567,47.7371],[7.3556,47.7367],[7.3534,47.7361],[7.3539,47.7357],[7.3533,47.7347],[7.3528,47.7339],[7.3523,47.7334],[7.3519,47.733],[7.3504,47.7323],[7.3495,47.7317],[7.3489,47.7315],[7.3484,47.7315],[7.3474,47.7315],[7.3472,47.7316],[7.3469,47.7315],[7.347,47.7313],[7.3471,47.7313],[7.3473,47.7303],[7.3473,47.7296],[7.3475,47.7287],[7.3477,47.728],[7.3476,47.7279],[7.3477,47.7278],[7.3478,47.7277],[7.3478,47.7273],[7.3479,47.7273],[7.3479,47.7274],[7.3482,47.7271],[7.3485,47.7266],[7.3493,47.7263],[7.3497,47.7261],[7.3502,47.7254],[7.352,47.7251],[7.3544,47.725],[7.3583,47.7244],[7.3621,47.7303],[7.3628,47.7337],[7.3668,47.7364],[7.3636,47.7377]]]},"properties":{"id_ffco":"2025-D68-300","nom":"Mulhouse - forêt du Waldeck","_dept":"68","numero":"2025-D68-300","commune":"Mulhouse - Riedisheim","echelle":"1/10000","surface":"1.28 km²","format":"A4","annee":"2025","cartographes":"Duboc Michel","niveau":"Interrégional","specialite":"CO à pied","contacts":"6803 - COM, http://www.comulhouse.fr/","latitude":"47.7313594078","longitude":"7.35638793898","date_saisie":"03/06/2025","date_depot":"18/02/2026","valide":"Oui","ppo":"Non","type_carte":"Reprise","base":"2018-D68-250 Tannenwald - Mulhouse","fond":"Ortho","obsolete":false}},{"type":"Feature","geometry":{"type":"Polygon","coordinates":[[[7.1741,47.9219],[7.1736,47.9217],[7.1719,47.9214],[7.1708,47.9209],[7.1694,47.9206],[7.1693,47.9209],[7.1681,47.9215],[7.1669,47.9224],[7.1653,47.9231],[7.1638,47.9233],[7.1618,47.9233],[7.1618,47.9283],[7.1618,47.9294],[7.1619,47.9302],[7.1616,47.9313],[7.1646,47.9335],[7.1667,47.9359],[7.1681,47.9377],[7.17,47.9373],[7.1714,47.9371],[7.1723,47.9363],[7.1725,47.936],[7.1734,47.9367],[7.1758,47.9362],[7.1762,47.9349],[7.1778,47.9346],[7.1789,47.9339],[7.1805,47.9351],[7.1818,47.9343],[7.1834,47.9335],[7.1855,47.9322],[7.1881,47.9307],[7.1924,47.9275],[7.196,47.9247],[7.1974,47.9237],[7.1956,47.9228],[7.197,47.9205],[7.1966,47.9192],[7.1998,47.9174],[7.2024,47.9159],[7.191,47.9217],[7.1886,47.9235],[7.1741,47.9219]]]},"properties":{"id_ffco":"2025-D68-299","nom":"Demberg - la colline des sorcières","_dept":"68","numero":"2025-D68-299","commune":"Buhl-Demberg","echelle":"1/10000","surface":"3.14 km²","format":"A3","annee":"2025","cartographes":"Arnould Bruno","proprietaire":"6806 - CLUB ORIENTATION BUHL ET FLORIVAL","niveau":"National, International","specialite":"CO à pied","contacts":"CO Buhl & Florival, http://www.haut-rhin.ffcorientation.fr/cobf","latitude":"47.928013433","longitude":"7.17697475015","date_saisie":"19/05/2025","date_depot":"18/02/2026","valide":"Oui","ppo":"Non","type_carte":"Reprise","base":"2014-D68-206 Buhl-Demberg","fond":"IGN","obsolete":false}},{"type":"Feature","geometry":{"type":"Polygon","coordinates":[[[7.3031,47.9551],[7.303,47.9542],[7.3029,47.9534],[7.3026,47.953],[7.3023,47.9524],[7.3022,47.9522],[7.3013,47.9525],[7.3002,47.9528],[7.3005,47.9534],[7.3006,47.9536],[7.3002,47.9537],[7.3003,47.9543],[7.3002,47.9551],[7.3002,47.9552],[7.3006,47.9553],[7.3023,47.9558],[7.3031,47.9551]]]},"properties":{"id_ffco":"2025-D68-298","nom":"EPLEFPA de Rouffach","_dept":"68","numero":"2025-D68-298","commune":"Rouffach","echelle":"1/1500","surface":"0.07 km²","format":"A4","annee":"2025","cartographes":"Pierson Jean-Luc","niveau":"Initiation, Scolaire","specialite":"CO à pied","contacts":"CO Buhl & Florival, http://www.haut-rhin.ffcorientation.fr/cobf","latitude":"47.9540635155","longitude":"7.30164863504","date_saisie":"19/05/2025","date_depot":"18/02/2026","valide":"Oui","ppo":"Non","type_carte":"Nouvelle carte","fond":"Cadastre","obsolete":false}},{"type":"Feature","geometry":{"type":"Polygon","coordinates":[[[7.3748,48.1161],[7.3762,48.116],[7.376,48.1151],[7.3758,48.1145],[7.3758,48.1144],[7.3757,48.1143],[7.3754,48.1137],[7.3754,48.1136],[7.3754,48.1135],[7.3752,48.1134],[7.3753,48.1133],[7.3753,48.1132],[7.3754,48.1132],[7.3754,48.1128],[7.3752,48.1125],[7.375,48.1115],[7.3742,48.1116],[7.3732,48.1117],[7.3727,48.1117],[7.3722,48.1129],[7.3737,48.1129],[7.374,48.1135],[7.3741,48.1145],[7.3742,48.1153],[7.3748,48.1161]]]},"properties":{"id_ffco":"2025-D68-297","nom":"Base nautique de Colmar","_dept":"68","numero":"2025-D68-297","commune":"Colmar","echelle":"1/1500","surface":"0.07 km²","format":"A4","annee":"2025","cartographes":"Duboc Michel","niveau":"Initiation, Scolaire","specialite":"CO à pied","contacts":"CO de Colmar, http://www.cocolmar.fr/","latitude":"48.1135931148","longitude":"7.37450699002","date_saisie":"19/05/2025","date_depot":"18/02/2026","valide":"Oui","ppo":"Oui (40 postes)","type_carte":"Nouvelle carte","fond":"Cadastre","obsolete":false}},{"type":"Feature","geometry":{"type":"Polygon","coordinates":[[[7.329,47.7593],[7.3286,47.7588],[7.3283,47.7583],[7.3282,47.7576],[7.3282,47.757],[7.3282,47.7565],[7.329,47.7563],[7.3294,47.7569],[7.3296,47.7573],[7.3297,47.7578],[7.3297,47.7583],[7.3297,47.7587],[7.3297,47.759],[7.329,47.7593]]]},"properties":{"id_ffco":"2025-D68-296","nom":"Mulhouse - Parc des Terrasses du Musée","_dept":"68","numero":"2025-D68-296","commune":"Mulhouse","echelle":"1/1500","surface":"0.03 km²","format":"A4","annee":"2025","cartographes":"Arnould Bruno","proprietaire":"6803 - CLUB D'ORIENTATION DE MULHOUSE","niveau":"Initiation, Scolaire","specialite":"CO à pied","latitude":"47.7577765267","longitude":"7.32894586846","date_saisie":"19/05/2025","date_depot":"18/02/2026","valide":"Oui","ppo":"Non","type_carte":"Nouvelle carte","fond":"Ortho","obsolete":false}},{"type":"Feature","geometry":{"type":"Polygon","coordinates":[[[7.316,47.7572],[7.3178,47.7581],[7.3202,47.7565],[7.3171,47.7556],[7.316,47.7572]]]},"properties":{"id_ffco":"2025-D68-295","nom":"Mulhouse - Parc Gluck","_dept":"68","numero":"2025-D68-295","commune":"Mulhouse","echelle":"1/1500","surface":"0.05 km²","format":"A4","annee":"2025","cartographes":"Arnould Bruno","niveau":"Initiation, Scolaire","specialite":"CO à pied","contacts":"6803 - COM, http://www.comulhouse.fr/","latitude":"47.7568323711","longitude":"7.31787345397","date_saisie":"19/05/2025","date_depot":"18/02/2026","valide":"Oui","ppo":"Non","type_carte":"Nouvelle carte","fond":"Cadastre","obsolete":false}},{"type":"Feature","geometry":{"type":"Polygon","coordinates":[[[7.3437,47.7594],[7.3441,47.7596],[7.346,47.7582],[7.3452,47.7577],[7.3448,47.7579],[7.344,47.7573],[7.3437,47.7573],[7.3432,47.7576],[7.3421,47.7585],[7.3437,47.7594]]]},"properties":{"id_ffco":"2025-D68-294","nom":"Mulhouse - Parc Lefèvre","_dept":"68","numero":"2025-D68-294","commune":"Mulhouse","echelle":"1/1500","surface":"0.04 km²","format":"A4","annee":"2025","cartographes":"Arnould Bruno","niveau":"Initiation, Scolaire","specialite":"CO à pied","contacts":"6803 - COM, http://www.comulhouse.fr/","latitude":"47.7584070099","longitude":"7.34401274823","date_saisie":"19/05/2025","date_depot":"18/02/2026","valide":"Oui","ppo":"Non","type_carte":"Nouvelle carte","fond":"Cadastre","obsolete":false}},{"type":"Feature","geometry":{"type":"Polygon","coordinates":[[[7.3458,47.7582],[7.345,47.7577],[7.3447,47.7578],[7.344,47.7574],[7.3444,47.7571],[7.344,47.7569],[7.3438,47.7567],[7.3428,47.7577],[7.3432,47.758],[7.3434,47.7585],[7.3432,47.7591],[7.344,47.7594],[7.3458,47.7582]]]},"properties":{"id_ffco":"2025-D68-293","nom":"Mulhouse - Parc des 4 saisons","_dept":"68","numero":"2025-D68-293","commune":"Mulhouse","echelle":"1/200","surface":"0.03 km²","format":"A4","annee":"2025","cartographes":"Arnould Bruno","proprietaire":"6803 - CLUB D'ORIENTATION DE MULHOUSE","niveau":"Initiation, Scolaire","specialite":"CO à pied","latitude":"47.7581209085","longitude":"7.34410769148","date_saisie":"19/05/2025","date_depot":"18/02/2026","valide":"Oui","ppo":"Non","type_carte":"Nouvelle carte","fond":"Ortho","obsolete":false}},{"type":"Feature","geometry":{"type":"Polygon","coordinates":[[[7.3325,47.76],[7.3334,47.7604],[7.3343,47.7611],[7.3358,47.7621],[7.3367,47.7628],[7.337,47.7629],[7.3375,47.7632],[7.3387,47.7627],[7.3406,47.7619],[7.3436,47.7607],[7.3441,47.7605],[7.3447,47.7601],[7.3442,47.7596],[7.3463,47.7581],[7.3474,47.7572],[7.3457,47.7559],[7.3424,47.7536],[7.3417,47.7532],[7.3415,47.7534],[7.3409,47.7529],[7.338,47.7514],[7.3369,47.753],[7.3365,47.7539],[7.3363,47.7559],[7.3352,47.7571],[7.3325,47.76]]]},"properties":{"id_ffco":"2025-D68-292","nom":"Mulhouse - Wagner Neppert","_dept":"68","numero":"2025-D68-292","commune":"Mulhouse","echelle":"1/4000","surface":"0.76 km²","format":"A3","annee":"2025","cartographes":"Arnould Bruno","niveau":"Interrégional","specialite":"Sprint (ISSOM)","contacts":"6803 - COM, http://www.comulhouse.fr/","latitude":"47.757712024","longitude":"7.33971271314","date_saisie":"19/05/2025","date_depot":"18/02/2026","valide":"Oui","ppo":"Non","type_carte":"Nouvelle carte","fond":"Cadastre","obsolete":false}},{"type":"Feature","geometry":{"type":"Polygon","coordinates":[[[7.3291,47.7598],[7.328,47.7589],[7.3279,47.7578],[7.3279,47.7565],[7.3274,47.7552],[7.3268,47.7542],[7.3271,47.7536],[7.3274,47.7532],[7.3281,47.752],[7.3286,47.7513],[7.3292,47.7502],[7.3332,47.7515],[7.3371,47.7528],[7.3368,47.7537],[7.3364,47.7555],[7.3363,47.756],[7.3352,47.757],[7.3318,47.7606],[7.3303,47.7611],[7.3302,47.7607],[7.3291,47.7598]]]},"properties":{"id_ffco":"2025-D68-291","nom":"Mulhouse - Fridolin Briand","_dept":"68","numero":"2025-D68-291","commune":"Mulhouse","echelle":"1/4000","surface":"0.58 km²","format":"A3","annee":"2025","cartographes":"Arnould Bruno","proprietaire":"6803 - CLUB D'ORIENTATION DE MULHOUSE","niveau":"Interrégional","specialite":"Sprint (ISSOM)","contacts":"6803 - COM, http://www.comulhouse.fr/","latitude":"47.7552841721","longitude":"7.33158268788","date_saisie":"19/05/2025","date_depot":"18/02/2026","valide":"Oui","ppo":"Non","type_carte":"Nouvelle carte","fond":"Cadastre","obsolete":false}},{"type":"Feature","geometry":{"type":"Polygon","coordinates":[[[7.3159,47.7572],[7.3183,47.754],[7.3222,47.7554],[7.3215,47.7558],[7.3251,47.7574],[7.3277,47.7548],[7.3286,47.7567],[7.3287,47.7581],[7.329,47.7585],[7.3293,47.759],[7.3279,47.7602],[7.3267,47.7614],[7.3264,47.7617],[7.3254,47.7617],[7.3178,47.7581],[7.3172,47.7578],[7.3159,47.7572]]]},"properties":{"id_ffco":"2025-D68-290","nom":"Mulhouse - Doller","_dept":"68","numero":"2025-D68-290","commune":"Mulhouse","echelle":"1/4000","surface":"0.44 km²","format":"A4","annee":"2025","cartographes":"Arnould Bruno","proprietaire":"6803 - CLUB D'ORIENTATION DE MULHOUSE","niveau":"Interrégional","specialite":"CO à pied","contacts":"6803 - COM, http://www.comulhouse.fr/","latitude":"47.7578722262","longitude":"7.32302720707","date_saisie":"19/05/2025","date_depot":"18/02/2026","valide":"Oui","ppo":"Non","type_carte":"Nouvelle carte","fond":"Ortho","obsolete":false}},{"type":"Feature","geometry":{"type":"Polygon","coordinates":[[[7.2547,47.9023],[7.2546,47.9025],[7.2544,47.9026],[7.2543,47.9028],[7.2543,47.9038],[7.2551,47.9042],[7.2552,47.9043],[7.2559,47.9044],[7.2561,47.904],[7.2561,47.904],[7.2561,47.9039],[7.2565,47.9039],[7.2568,47.9037],[7.2572,47.9034],[7.2578,47.9028],[7.2586,47.9029],[7.2589,47.9029],[7.2594,47.903],[7.2596,47.903],[7.2594,47.9016],[7.2593,47.901],[7.2592,47.9009],[7.2583,47.9009],[7.258,47.9022],[7.258,47.9026],[7.2577,47.9027],[7.2554,47.9025],[7.2552,47.9026],[7.255,47.9026],[7.2547,47.9023]]]},"properties":{"id_ffco":"2024-D68-289","nom":"Institution Marcellin Champagnat","_dept":"68","numero":"2024-D68-289","commune":"Issenheim","echelle":"1/2000","surface":"0.06 km²","format":"A4","annee":"2024","cartographes":"Pierson Jean-Luc","niveau":"Initiation, Scolaire","specialite":"CO à pied","latitude":"47.9027821431","longitude":"7.25690082535","date_saisie":"10/09/2024","date_depot":"05/03/2025","valide":"Oui","ppo":"Non","type_carte":"Nouvelle carte","fond":"Cadastre","obsolete":false}},{"type":"Feature","geometry":{"type":"Polygon","coordinates":[[[7.2264,47.8887],[7.2272,47.8889],[7.2275,47.8889],[7.2296,47.8892],[7.2301,47.8891],[7.2308,47.8886],[7.2313,47.888],[7.2317,47.8873],[7.232,47.8865],[7.2321,47.8845],[7.2321,47.8841],[7.232,47.8839],[7.2318,47.8838],[7.2318,47.8837],[7.2317,47.8834],[7.2311,47.8834],[7.2308,47.8835],[7.2306,47.883],[7.2303,47.8826],[7.2281,47.8817],[7.2278,47.8816],[7.2277,47.8815],[7.2272,47.8814],[7.2264,47.8815],[7.2254,47.882],[7.2251,47.8821],[7.2248,47.8821],[7.2247,47.8822],[7.2249,47.8823],[7.2252,47.883],[7.2253,47.884],[7.2253,47.8842],[7.2257,47.8845],[7.2268,47.8854],[7.227,47.886],[7.2265,47.8868],[7.2265,47.887],[7.2267,47.8875],[7.2263,47.8886],[7.2264,47.8887]]]},"properties":{"id_ffco":"2024-D68-288","nom":"Soultz","_dept":"68","numero":"2024-D68-288","commune":"Soultz - haut-Rhin","echelle":"1/4000","surface":"0.32 km²","format":"A4","annee":"2024","cartographes":"Korchak Léna","proprietaire":"6806 - CLUB ORIENTATION BUHL ET FLORIVAL","niveau":"Interrégional","specialite":"CO à pied","contacts":"CO Buhl & Florival, http://www.haut-rhin.ffcorientation.fr/cobf","latitude":"47.8852653264","longitude":"7.22870853027","date_saisie":"10/09/2024","date_depot":"02/01/2025","valide":"Oui","ppo":"Non","type_carte":"Nouvelle carte","fond":"Ortho","obsolete":false}},{"type":"Feature","geometry":{"type":"Polygon","coordinates":[[[7.2649,47.6846],[7.2645,47.6869],[7.2632,47.6888],[7.263,47.6889],[7.2633,47.6891],[7.2633,47.6892],[7.2638,47.6893],[7.2637,47.6895],[7.2642,47.6895],[7.2646,47.6902],[7.2634,47.6904],[7.2633,47.6902],[7.2617,47.6904],[7.2618,47.6915],[7.2624,47.6916],[7.2623,47.6921],[7.2629,47.6922],[7.2635,47.6922],[7.2632,47.6943],[7.262,47.6958],[7.263,47.6967],[7.2634,47.6972],[7.2669,47.6968],[7.2678,47.6964],[7.2687,47.697],[7.269,47.6972],[7.2702,47.6966],[7.2716,47.696],[7.272,47.6962],[7.2722,47.6962],[7.2726,47.6972],[7.273,47.6979],[7.2734,47.6976],[7.2737,47.6976],[7.2738,47.6975],[7.2738,47.6972],[7.2745,47.6964],[7.2754,47.6965],[7.2759,47.6966],[7.2768,47.6958],[7.2758,47.6951],[7.2756,47.6946],[7.2757,47.6945],[7.2738,47.6931],[7.2732,47.6919],[7.2725,47.6906],[7.2718,47.6899],[7.2707,47.6893],[7.2692,47.6887],[7.2679,47.6883],[7.267,47.6876],[7.2661,47.6863],[7.2649,47.6846]]]},"properties":{"id_ffco":"2024-D68-287","nom":"Froeningen","_dept":"68","numero":"2024-D68-287","commune":"Froenningen","echelle":"1/4000","surface":"0.81 km²","format":"A3","annee":"2024","cartographes":"Papon Vincent","niveau":"Interrégional","specialite":"CO à pied","contacts":"6803 - COM, http://www.comulhouse.fr/ // Comité Départemental de Course d'orientation du Haut-Rhin, https://www.haut-rhin.ffcorientation.fr/","latitude":"47.6927092279","longitude":"7.26819365933","date_saisie":"15/04/2024","date_depot":"18/07/2024","valide":"Oui","ppo":"Non","type_carte":"Nouvelle carte","fond":"Cadastre","obsolete":false}},{"type":"Feature","geometry":{"type":"Polygon","coordinates":[[[7.2215,47.608],[7.2225,47.6074],[7.224,47.6063],[7.2253,47.6054],[7.2276,47.6041],[7.2304,47.6023],[7.2326,47.6009],[7.2343,47.5999],[7.2352,47.599],[7.2376,47.5994],[7.2398,47.6008],[7.242,47.6022],[7.2434,47.6034],[7.2457,47.6038],[7.2474,47.6053],[7.2486,47.6063],[7.2519,47.6079],[7.2545,47.6099],[7.2584,47.6115],[7.2572,47.6122],[7.2571,47.6126],[7.2549,47.6133],[7.2514,47.6123],[7.2484,47.611],[7.2478,47.6112],[7.2465,47.6104],[7.2449,47.6099],[7.2442,47.6112],[7.2435,47.6119],[7.2424,47.6122],[7.2407,47.6123],[7.24,47.6126],[7.2377,47.6155],[7.2355,47.6162],[7.2326,47.6176],[7.2325,47.6176],[7.2324,47.6176],[7.2324,47.6175],[7.2324,47.6175],[7.2323,47.6175],[7.2299,47.6178],[7.2185,47.6155],[7.217,47.6131],[7.2167,47.6124],[7.217,47.6115],[7.2188,47.6099],[7.2203,47.6085],[7.2214,47.6079],[7.2215,47.608]]]},"properties":{"id_ffco":"2024-D68-286","nom":"La Palestre II","_dept":"68","numero":"2024-D68-286","commune":"Altkirch","echelle":"1/10000","surface":"3.22 km²","format":"A3","annee":"2024","cartographes":"Duboc Michel","proprietaire":"6803 - CLUB D'ORIENTATION DE MULHOUSE","niveau":"Interrégional","specialite":"CO à pied","contacts":"Comité Départemental de Course d'orientation du Haut-Rhin, https://www.haut-rhin.ffcorientation.fr/","latitude":"47.609286904","longitude":"7.2346258927","date_saisie":"14/04/2024","date_depot":"30/07/2024","valide":"Oui","ppo":"Non","type_carte":"Reprise","base":"2015-D68-215 La Palestre - Breitholz","fond":"Cadastre","obsolete":false}},{"type":"Feature","geometry":{"type":"Polygon","coordinates":[[[7.3585,48.2069],[7.3616,48.2071],[7.3637,48.207],[7.3659,48.2065],[7.3662,48.2054],[7.3658,48.2042],[7.3646,48.2037],[7.3633,48.2037],[7.3612,48.2037],[7.3588,48.204],[7.3584,48.2053],[7.3585,48.2069]]]},"properties":{"id_ffco":"2024-D68-285","nom":"Bergheim","_dept":"68","numero":"2024-D68-285","commune":"Bergheim","echelle":"1/4000","surface":"0.19 km²","format":"A4","annee":"2024","cartographes":"Lataste Pierre","proprietaire":"6804 - CLUB D'ORIENTATION DE COLMAR","niveau":"Interrégional","specialite":"CO à pied","contacts":"CO de Colmar, http://www.cocolmar.fr/ // com","latitude":"48.2053713699","longitude":"7.36222588652","date_saisie":"14/04/2024","date_depot":"18/07/2024","valide":"Oui","ppo":"Non","type_carte":"Nouvelle carte","fond":"Cadastre","obsolete":false}},{"type":"Feature","geometry":{"type":"Polygon","coordinates":[[[7.1265,47.9132],[7.1271,47.9292],[7.1657,47.9297],[7.1696,47.9132],[7.1265,47.9132]]]},"properties":{"id_ffco":"2023-D68-284","nom":"Heidelberg - Rehbrunnenkopf","_dept":"68","numero":"2023-D68-284","commune":"Guebwiller","echelle":"1/15000","surface":"5.52 km²","format":"A4","annee":"2023","cartographes":"Rui Antunes","proprietaire":"6806 - CLUB ORIENTATION BUHL ET FLORIVAL","niveau":"National, International","specialite":"CO à pied","latitude":"47.921215136","longitude":"7.14737926293","date_saisie":"13/12/2023","date_depot":"28/02/2024","valide":"Oui","ppo":"Non","type_carte":"Nouvelle carte","fond":"Ortho","obsolete":false}},{"type":"Feature","geometry":{"type":"Polygon","coordinates":[[[7.1262,47.7726],[7.1228,47.7742],[7.113,47.7793],[7.11,47.7821],[7.1089,47.7831],[7.1052,47.7821],[7.1005,47.7813],[7.0977,47.781],[7.0963,47.7785],[7.0964,47.7774],[7.093,47.7739],[7.093,47.7733],[7.0936,47.7722],[7.0933,47.7692],[7.0971,47.7685],[7.103,47.7681],[7.1065,47.7676],[7.11,47.7673],[7.1152,47.7674],[7.1191,47.7671],[7.1203,47.7683],[7.1217,47.7691],[7.1227,47.7689],[7.1262,47.7726]]]},"properties":{"id_ffco":"2023-D68-283","nom":"D'r Schlag","_dept":"68","numero":"2023-D68-283","commune":"Aspach-le-Bas et Roderen","echelle":"1/10000","surface":"2.89 km²","format":"A4","annee":"2023","cartographes":"Bilquez Eric","proprietaire":"6806 - CLUB ORIENTATION BUHL ET FLORIVAL","niveau":"Départemental","specialite":"CO à pied","latitude":"47.7739059323","longitude":"7.10796070757","date_saisie":"19/09/2023","date_depot":"15/02/2024","valide":"Oui","ppo":"Non","type_carte":"Reprise","base":"2008-D68-168 Dr'Schlag-2","fond":"Ortho","obsolete":false}},{"type":"Feature","geometry":{"type":"Polygon","coordinates":[[[7.2682,47.7066],[7.2705,47.7054],[7.2707,47.7056],[7.2713,47.7054],[7.2726,47.7055],[7.2737,47.7054],[7.2744,47.7053],[7.2751,47.7051],[7.2748,47.7062],[7.2759,47.7058],[7.2772,47.705],[7.2777,47.7049],[7.2789,47.7048],[7.2806,47.7049],[7.2817,47.7048],[7.2822,47.7035],[7.2824,47.703],[7.2824,47.7025],[7.2813,47.7008],[7.2812,47.7005],[7.2801,47.6984],[7.2787,47.6968],[7.2781,47.6962],[7.2763,47.695],[7.2723,47.6949],[7.2721,47.6966],[7.27,47.6979],[7.269,47.699],[7.2685,47.7003],[7.2685,47.7013],[7.2628,47.7033],[7.2662,47.7052],[7.2661,47.7055],[7.2682,47.7066]]]},"properties":{"id_ffco":"2023-D68-282","nom":"Hochstatt","_dept":"68","numero":"2023-D68-282","commune":"Hochstatt","echelle":"1/4000","surface":"1.08 km²","format":"A3","annee":"2023","cartographes":"Papon Vincent","proprietaire":"6803 - CLUB D'ORIENTATION DE MULHOUSE","niveau":"Départemental","specialite":"Sprint (ISSOM)","latitude":"47.7012599794","longitude":"7.27391642197","date_saisie":"19/09/2023","date_depot":"15/02/2024","valide":"Oui","ppo":"Non","type_carte":"Nouvelle carte","fond":"Cadastre","obsolete":false}},{"type":"Feature","geometry":{"type":"Polygon","coordinates":[[[7.36,48.0728],[7.3589,48.0725],[7.3552,48.0727],[7.3543,48.073],[7.3544,48.0742],[7.3526,48.0742],[7.3508,48.075],[7.3526,48.077],[7.3531,48.0775],[7.3541,48.0783],[7.3546,48.0789],[7.3544,48.0795],[7.3547,48.0802],[7.3551,48.0809],[7.357,48.0811],[7.3582,48.0813],[7.3642,48.0791],[7.3645,48.0772],[7.3632,48.0753],[7.3615,48.0745],[7.36,48.0728]]]},"properties":{"id_ffco":"2022-D68-281","nom":"Colmar centre","_dept":"68","numero":"2022-D68-281","commune":"Colmar","echelle":"1/4000","surface":"0.64 km²","format":"A3","annee":"2022","cartographes":"Papon Vincent","proprietaire":"68 - Haut-Rhin","niveau":"National, International","specialite":"Sprint (ISSOM)","latitude":"48.0768139456","longitude":"7.35802791866","date_saisie":"06/06/2023","date_depot":"24/08/2023","valide":"Oui","ppo":"Non","type_carte":"Reprise","base":"1998-D68-083 Colmar","fond":"Cadastre","obsolete":false}},{"type":"Feature","geometry":{"type":"Polygon","coordinates":[[[7.2729,47.9507],[7.2741,47.9497],[7.2781,47.9486],[7.2808,47.9482],[7.2812,47.9482],[7.2841,47.9513],[7.2877,47.9547],[7.2917,47.9565],[7.2922,47.9578],[7.2932,47.961],[7.2929,47.9612],[7.2943,47.9673],[7.2942,47.9694],[7.2866,47.9697],[7.2797,47.9734],[7.2789,47.9724],[7.2785,47.9714],[7.2771,47.9701],[7.2768,47.9687],[7.2751,47.9663],[7.277,47.9649],[7.2769,47.9622],[7.2749,47.9632],[7.2716,47.9617],[7.2692,47.9604],[7.2663,47.9563],[7.2674,47.9559],[7.2663,47.9524],[7.2729,47.9507]]]},"properties":{"id_ffco":"2022-D68-280","nom":"Les vignes de Rouffach","_dept":"68","numero":"2022-D68-280","commune":"Rouffach","echelle":"1/10000","surface":"3.44 km²","format":"A4","annee":"2022","cartographes":"Pierson Jean-Luc","proprietaire":"6806 - CLUB ORIENTATION BUHL ET FLORIVAL","niveau":"Départemental","specialite":"CO à pied","latitude":"47.9600485047","longitude":"7.28107164682","date_saisie":"11/12/2022","date_depot":"15/02/2023","valide":"Oui","ppo":"Non","type_carte":"Nouvelle carte","fond":"Cadastre","obsolete":false}},{"type":"Feature","geometry":{"type":"Polygon","coordinates":[[[7.2277,47.7991],[7.2278,47.7984],[7.2277,47.7983],[7.2277,47.7979],[7.2295,47.7979],[7.2295,47.7973],[7.2309,47.7973],[7.231,47.7974],[7.2315,47.7973],[7.2316,47.7976],[7.2277,47.7991]]]},"properties":{"id_ffco":"2022-D68-279","nom":"Les jardins du monde à Wittelsheim","_dept":"68","numero":"2022-D68-279","commune":"Wittelsheim","echelle":"1/1000","surface":"0.02 km²","format":"A4","annee":"2022","cartographes":"Pierson Jean-Luc","proprietaire":"6806 - CLUB ORIENTATION BUHL ET FLORIVAL","niveau":"Initiation, Scolaire","specialite":"CO à pied","latitude":"47.7980460612","longitude":"7.22931879595","date_saisie":"11/12/2022","date_depot":"15/02/2023","valide":"Oui","ppo":"Non","type_carte":"Nouvelle carte","fond":"Cadastre","obsolete":false}},{"type":"Feature","geometry":{"type":"Polygon","coordinates":[[[7.2219,47.9044],[7.2232,47.9044],[7.2248,47.9047],[7.2268,47.9054],[7.2282,47.9057],[7.2292,47.9059],[7.2311,47.9064],[7.2326,47.9068],[7.2348,47.9074],[7.2369,47.9082],[7.2383,47.909],[7.2405,47.9106],[7.2413,47.9115],[7.2421,47.9123],[7.2433,47.9148],[7.2438,47.9159],[7.2444,47.9165],[7.2435,47.918],[7.243,47.9192],[7.2439,47.9198],[7.2441,47.9207],[7.2446,47.9217],[7.2436,47.9232],[7.2425,47.9238],[7.2397,47.9267],[7.2373,47.9288],[7.2357,47.9293],[7.2345,47.9295],[7.2329,47.9316],[7.2324,47.932],[7.2322,47.9334],[7.2303,47.9337],[7.2284,47.9363],[7.228,47.9379],[7.2244,47.9418],[7.2251,47.9436],[7.2244,47.9451],[7.2215,47.9487],[7.2199,47.9503],[7.2173,47.9523],[7.2164,47.954],[7.2158,47.9529],[7.2111,47.9543],[7.2069,47.9497],[7.1921,47.9546],[7.1906,47.9535],[7.1907,47.9467],[7.1862,47.9347],[7.1963,47.9237],[7.198,47.9219],[7.1991,47.9195],[7.2023,47.9173],[7.2075,47.9156],[7.2113,47.9107],[7.2182,47.906],[7.2219,47.9044]]]},"properties":{"id_ffco":"2022-D68-278","nom":"Le dreibannstein","_dept":"68","numero":"2022-D68-278","commune":"Buhl - Guebwiller - Bergholtz","echelle":"1/15000","surface":"14.52 km²","format":"A3","annee":"2022","cartographes":"Duboc Michel, Dott Pascal","proprietaire":"6806 - CLUB ORIENTATION BUHL ET FLORIVAL","niveau":"National, International","specialite":"CO à VTT","latitude":"47.9294022169","longitude":"7.21479069712","date_saisie":"01/05/2022","date_depot":"18/01/2023","valide":"Oui","ppo":"Non","type_carte":"Reprise","base":"2016-D68-231 Croix de la Mission-Bannstein","fond":"IGN","obsolete":false}},{"type":"Feature","geometry":{"type":"Polygon","coordinates":[[[7.1508,47.7447],[7.1525,47.7444],[7.1531,47.7435],[7.1538,47.7421],[7.1545,47.7418],[7.1564,47.7419],[7.1581,47.7415],[7.1595,47.74],[7.1613,47.7384],[7.1629,47.7362],[7.1635,47.7349],[7.165,47.7343],[7.1664,47.7339],[7.169,47.7341],[7.1699,47.7341],[7.1743,47.7321],[7.1759,47.7321],[7.1776,47.7325],[7.179,47.7349],[7.1792,47.7353],[7.1797,47.7357],[7.1803,47.736],[7.1808,47.7367],[7.1791,47.7389],[7.1772,47.743],[7.1727,47.7409],[7.1708,47.7409],[7.1688,47.7412],[7.1677,47.7479],[7.1634,47.7502],[7.1629,47.7503],[7.1625,47.7514],[7.1573,47.7516],[7.1559,47.7513],[7.1542,47.7506],[7.1523,47.7503],[7.151,47.7504],[7.1505,47.7482],[7.1508,47.7447]]]},"properties":{"id_ffco":"2022-D68-277","nom":"Schweighouse-Thann","_dept":"68","numero":"2022-D68-277","commune":"Schweighouse","echelle":"1/10000","surface":"2.44 km²","format":"A3","annee":"2022","cartographes":"Papon Vincent","proprietaire":"6803 - CLUB D'ORIENTATION DE MULHOUSE","niveau":"Interrégional","specialite":"CO à pied","latitude":"47.741981638","longitude":"7.16506162313","date_saisie":"01/05/2022","date_depot":"18/01/2023","valide":"Oui","ppo":"Non","type_carte":"Reprise","base":"2017-D68-239 Schweighouse-Thann","fond":"Cadastre","obsolete":false}},{"type":"Feature","geometry":{"type":"Polygon","coordinates":[[[7.1894,48.1381],[7.1907,48.1396],[7.1897,48.1408],[7.1901,48.1418],[7.1913,48.143],[7.1919,48.1434],[7.1943,48.1441],[7.1958,48.1445],[7.1973,48.1443],[7.1985,48.1447],[7.1993,48.1447],[7.1998,48.1434],[7.2004,48.1415],[7.2009,48.1407],[7.2008,48.1401],[7.2007,48.1385],[7.2002,48.1368],[7.2007,48.1365],[7.2028,48.1369],[7.2034,48.1369],[7.2032,48.1358],[7.2022,48.1337],[7.2012,48.1321],[7.2007,48.1296],[7.2007,48.1283],[7.2015,48.1274],[7.2019,48.1273],[7.2029,48.1283],[7.2039,48.1287],[7.2048,48.1291],[7.2086,48.1299],[7.2094,48.1305],[7.2113,48.1307],[7.2131,48.131],[7.2143,48.1315],[7.2162,48.1316],[7.2172,48.1318],[7.2183,48.131],[7.22,48.1289],[7.2195,48.1275],[7.2184,48.1263],[7.2174,48.1257],[7.2159,48.1242],[7.2149,48.1228],[7.2136,48.122],[7.2111,48.1216],[7.2081,48.121],[7.206,48.1199],[7.2022,48.1178],[7.1994,48.1178],[7.1959,48.1181],[7.194,48.1192],[7.1935,48.1212],[7.1934,48.1231],[7.1924,48.1245],[7.1927,48.1261],[7.1904,48.1277],[7.1887,48.1293],[7.1877,48.1311],[7.1871,48.1332],[7.1852,48.1339],[7.1858,48.1346],[7.1868,48.1353],[7.1879,48.1357],[7.1885,48.1367],[7.1894,48.1381]]]},"properties":{"id_ffco":"2021-D68-276","nom":"Les cigogneaux","_dept":"68","numero":"2021-D68-276","commune":"Labaroche","echelle":"1/10000","surface":"3.61 km²","format":"A4","annee":"2021","cartographes":"Michel Duboc","proprietaire":"6804 - CLUB D'ORIENTATION DE COLMAR","niveau":"Régional","specialite":"CO à pied","contacts":"CO de Colmar, http://www.cocolmar.fr/","latitude":"48.1297259943","longitude":"7.20051104225","date_saisie":"29/01/2022","date_depot":"01/03/2022","valide":"Oui","ppo":"Non","type_carte":"Nouvelle carte","fond":"Ortho","obsolete":false}},{"type":"Feature","geometry":{"type":"Polygon","coordinates":[[[7.5299,47.9219],[7.533,47.9215],[7.5319,47.9178],[7.5305,47.918],[7.5289,47.9181],[7.5299,47.9219]]]},"properties":{"id_ffco":"2021-D68-275","nom":"Ancienne piscine de Fessenheim","_dept":"68","numero":"2021-D68-275","commune":"Fessenheim","echelle":"1/2000","surface":"0.1 km²","format":"A4","annee":"2021","cartographes":"Pierson Jean-Luc","proprietaire":"6806 - CLUB ORIENTATION BUHL ET FLORIVAL","niveau":"Départemental","specialite":"CO à pied","latitude":"47.9198428382","longitude":"7.53090962212","date_saisie":"23/01/2022","date_depot":"03/03/2022","valide":"Oui","ppo":"Non","type_carte":"Nouvelle carte","fond":"Cadastre","obsolete":false}},{"type":"Feature","geometry":{"type":"Polygon","coordinates":[[[7.2965,47.9499],[7.2971,47.9498],[7.2974,47.9501],[7.2987,47.9497],[7.2999,47.9514],[7.301,47.951],[7.3018,47.9524],[7.2989,47.9532],[7.2966,47.95],[7.2965,47.9499]]]},"properties":{"id_ffco":"2021-D68-274","nom":"L'escapade du Lettgruben","_dept":"68","numero":"2021-D68-274","commune":"Rouffach","echelle":"1/2000","surface":"0.07 km²","format":"A4","annee":"2021","cartographes":"Pierson Jean-Luc","proprietaire":"6806 - CLUB ORIENTATION BUHL ET FLORIVAL","niveau":"Départemental","specialite":"CO à pied","latitude":"47.9515026665","longitude":"7.29913217539","date_saisie":"23/01/2022","date_depot":"03/03/2022","valide":"Oui","ppo":"Non","type_carte":"Nouvelle carte","fond":"Cadastre","obsolete":false}},{"type":"Feature","geometry":{"type":"Polygon","coordinates":[[[7.281,48.1384],[7.289,48.1383],[7.2893,48.1389],[7.2899,48.1388],[7.2914,48.1394],[7.2926,48.1409],[7.2954,48.1399],[7.2965,48.1399],[7.2972,48.1395],[7.3014,48.1382],[7.3014,48.1378],[7.307,48.1371],[7.3067,48.1351],[7.3068,48.1328],[7.3032,48.1325],[7.2912,48.1347],[7.2845,48.1345],[7.2826,48.135],[7.2815,48.1361],[7.2807,48.1365],[7.281,48.1384]]]},"properties":{"id_ffco":"2021-D68-273","nom":"Kientzheim - Sigolsheim","_dept":"68","numero":"2021-D68-273","commune":"Kientzheim - Sigolsheim","echelle":"1/4000","surface":"1.03 km²","format":"A3","annee":"2021","cartographes":"Duboc Michel, Zenevre Manuel","proprietaire":"6804 - CLUB D'ORIENTATION DE COLMAR","niveau":"National, International","specialite":"CO à pied","latitude":"48.1363219353","longitude":"7.29490653604","date_saisie":"23/01/2022","date_depot":"03/03/2022","valide":"Oui","ppo":"Non","type_carte":"Nouvelle carte","fond":"Ortho","obsolete":false}},{"type":"Feature","geometry":{"type":"Polygon","coordinates":[[[7.3628,48.2254],[7.3627,48.226],[7.363,48.2266],[7.364,48.2274],[7.365,48.2282],[7.3653,48.2292],[7.3654,48.23],[7.3657,48.2306],[7.3661,48.2312],[7.3665,48.2317],[7.3671,48.2322],[7.3672,48.2323],[7.3668,48.2324],[7.3661,48.2326],[7.3639,48.2335],[7.363,48.2338],[7.3626,48.2344],[7.359,48.2344],[7.3568,48.2345],[7.3566,48.2329],[7.3561,48.2317],[7.3561,48.2312],[7.3567,48.2309],[7.3569,48.2297],[7.3569,48.2291],[7.3569,48.2284],[7.3569,48.2272],[7.357,48.2263],[7.3586,48.2259],[7.3593,48.2252],[7.3624,48.2253],[7.3628,48.2254]]]},"properties":{"id_ffco":"2021-D68-272","nom":"Saint-Hippolyte - l'Eckenbach","_dept":"68","numero":"2021-D68-272","commune":"Saint-Hippolyte","echelle":"1/4000","surface":"0.59 km²","format":"A4","annee":"2021","cartographes":"Zenèvre Manuel","proprietaire":"6804 - CLUB D'ORIENTATION DE COLMAR","niveau":"Régional","specialite":"Sprint (ISSOM)","contacts":"CO de Colmar, http://www.cocolmar.fr/","latitude":"48.2301795928","longitude":"7.36088954348","date_saisie":"13/06/2021","date_depot":"22/06/2021","valide":"Oui","ppo":"Non","type_carte":"Nouvelle carte","fond":"IGN","ref_ign":"IGN 25 et ortho.","obsolete":false}},{"type":"Feature","geometry":{"type":"Polygon","coordinates":[[[7.2883,48.1079],[7.2855,48.1079],[7.2843,48.1078],[7.2831,48.1075],[7.2815,48.107],[7.2805,48.1069],[7.2789,48.1071],[7.2777,48.1071],[7.2767,48.107],[7.2746,48.1068],[7.2732,48.1069],[7.2717,48.107],[7.2711,48.1071],[7.2707,48.1072],[7.2704,48.1073],[7.2701,48.1072],[7.2697,48.1071],[7.2692,48.1071],[7.2674,48.107],[7.2663,48.107],[7.2648,48.1072],[7.2636,48.107],[7.2597,48.111],[7.2519,48.1089],[7.2442,48.1039],[7.2384,48.0999],[7.2348,48.0974],[7.2311,48.0987],[7.228,48.0968],[7.2239,48.0981],[7.2192,48.0981],[7.2206,48.1023],[7.2281,48.1024],[7.2268,48.1055],[7.2297,48.1081],[7.2371,48.1175],[7.2487,48.1261],[7.2523,48.1265],[7.255,48.1262],[7.267,48.126],[7.2763,48.1251],[7.2851,48.1259],[7.2907,48.1162],[7.2902,48.1126],[7.289,48.1111],[7.2888,48.1097],[7.2883,48.1079]]]},"properties":{"id_ffco":"2021-D68-271","nom":"Ammerschwihr - du Kaefferkopf au Galtz","_dept":"68","numero":"2021-D68-271","commune":"Ammerschwihr","echelle":"1/15000","surface":"9.09 km²","format":"A3","annee":"2021","cartographes":"Duboc Michel","proprietaire":"6804 - CLUB D'ORIENTATION DE COLMAR","niveau":"National, International","specialite":"CO à pied","latitude":"48.1139622333","longitude":"7.2580880124","date_saisie":"13/06/2021","date_depot":"03/03/2022","valide":"Oui","ppo":"Non","type_carte":"Nouvelle carte","fond":"Ortho","obsolete":false}},{"type":"Feature","geometry":{"type":"Polygon","coordinates":[[[7.2861,48.1248],[7.2778,48.1237],[7.2674,48.1242],[7.2643,48.1247],[7.2521,48.1242],[7.2457,48.1237],[7.2396,48.1211],[7.2342,48.1215],[7.23,48.1231],[7.2184,48.1315],[7.2174,48.1348],[7.218,48.1388],[7.2246,48.1392],[7.2536,48.1384],[7.2607,48.135],[7.2673,48.1357],[7.2786,48.133],[7.2829,48.1295],[7.2859,48.1241],[7.2861,48.1248]]]},"properties":{"id_ffco":"2021-D68-270","nom":"Ammerschwihr - la chapelle Flieger","_dept":"68","numero":"2021-D68-270","commune":"Ammerschwihr","echelle":"1/10000","surface":"6.9 km²","format":"A3","annee":"2021","cartographes":"Duboc Michel","proprietaire":"6804 - CLUB D'ORIENTATION DE COLMAR","niveau":"National, International","specialite":"CO à pied","latitude":"48.1306385283","longitude":"7.24834100399","date_saisie":"13/06/2021","date_depot":"03/03/2022","valide":"Oui","ppo":"Non","type_carte":"Nouvelle carte","fond":"Ortho","obsolete":false}},{"type":"Feature","geometry":{"type":"Polygon","coordinates":[[[7.5207,48.0188],[7.5217,48.0211],[7.5237,48.0214],[7.5274,48.0228],[7.532,48.0219],[7.5351,48.0198],[7.5349,48.0171],[7.5323,48.0143],[7.529,48.0136],[7.5264,48.0136],[7.523,48.0153],[7.5207,48.0188]]]},"properties":{"id_ffco":"2021-D68-269","nom":"Neuf-Brisach","_dept":"68","numero":"2021-D68-269","commune":"Neuf-Brisach","echelle":"1/4000","surface":"0.8 km²","format":"A3","annee":"2021","cartographes":"Roux Corentin","proprietaire":"68 - Haut-Rhin","niveau":"Régional","specialite":"CO à pied","latitude":"48.0181717649","longitude":"7.52808927764","date_saisie":"13/06/2021","date_depot":"18/11/2021","valide":"Oui","ppo":"Non","type_carte":"Reprise","base":"2010-D68-176 Neuf-Brisach","fond":"Cadastre","obsolete":false}},{"type":"Feature","geometry":{"type":"Polygon","coordinates":[[[7.1617,47.8021],[7.1622,47.8021],[7.1639,47.8019],[7.1657,47.802],[7.1664,47.8022],[7.1676,47.8024],[7.1683,47.8025],[7.1703,47.8022],[7.1713,47.8023],[7.1716,47.803],[7.1729,47.8031],[7.1738,47.803],[7.1762,47.8024],[7.1766,47.8031],[7.1776,47.803],[7.1789,47.8029],[7.1809,47.8026],[7.1822,47.8024],[7.1824,47.8024],[7.1832,47.8037],[7.1833,47.8039],[7.1853,47.8042],[7.1857,47.8042],[7.1873,47.8041],[7.1884,47.8039],[7.1892,47.8058],[7.1894,47.8065],[7.189,47.8069],[7.1878,47.8069],[7.1873,47.8079],[7.1869,47.8087],[7.186,47.8085],[7.1844,47.8084],[7.1839,47.8084],[7.1839,47.8092],[7.1819,47.8089],[7.1815,47.8102],[7.1761,47.8104],[7.1711,47.8107],[7.1692,47.8106],[7.1643,47.8111],[7.1641,47.8097],[7.1663,47.8078],[7.1645,47.8038],[7.1617,47.8021]]]},"properties":{"id_ffco":"2020-D68-268","nom":"Les berges de la Thur - Cernay","_dept":"68","numero":"2020-D68-268","commune":"Cernay","echelle":"1/5000","surface":"1.4 km²","format":"A3","annee":"2020","cartographes":"Papon Vincent","proprietaire":"6803 - CLUB D'ORIENTATION DE MULHOUSE","niveau":"Régional","specialite":"CO à pied","contacts":"6803 - COM, http://www.comulhouse.fr/","latitude":"47.8064235934","longitude":"7.1752490887","date_saisie":"20/02/2021","date_depot":"13/10/2021","valide":"Oui","ppo":"Non","type_carte":"Nouvelle carte","fond":"Cadastre","obsolete":false}},{"type":"Feature","geometry":{"type":"Polygon","coordinates":[[[7.3341,47.7236],[7.3355,47.7241],[7.3406,47.7262],[7.342,47.7271],[7.3424,47.7274],[7.3432,47.7278],[7.3438,47.7278],[7.3451,47.7278],[7.348,47.7278],[7.3478,47.7288],[7.3476,47.7296],[7.3476,47.7306],[7.3472,47.7318],[7.3469,47.7327],[7.3468,47.7329],[7.3476,47.7341],[7.3479,47.7356],[7.3482,47.7356],[7.3483,47.7365],[7.348,47.7363],[7.3472,47.7373],[7.3459,47.7374],[7.3445,47.7368],[7.3448,47.7364],[7.3437,47.7358],[7.3419,47.7352],[7.3408,47.7361],[7.3406,47.7361],[7.3404,47.7357],[7.3387,47.7354],[7.3386,47.7356],[7.338,47.7357],[7.3366,47.7352],[7.3361,47.7362],[7.3355,47.7357],[7.3345,47.7353],[7.334,47.7352],[7.3339,47.7341],[7.3345,47.7335],[7.3334,47.7329],[7.3339,47.7323],[7.3327,47.7316],[7.3315,47.7317],[7.331,47.732],[7.3301,47.7311],[7.3295,47.7303],[7.3314,47.7273],[7.3326,47.7254],[7.3334,47.7241],[7.3339,47.7236],[7.3341,47.7236]]]},"properties":{"id_ffco":"2020-D68-267","nom":"Mulhouse - Le Rebberg","_dept":"68","numero":"2020-D68-267","commune":"Mulhouse","echelle":"1/5000","surface":"1.29 km²","format":"A3","annee":"2020","cartographes":"Papon Vincent","proprietaire":"6803 - CLUB D'ORIENTATION DE MULHOUSE","niveau":"Départemental","specialite":"CO à pied","contacts":"6803 - COM, http://www.comulhouse.fr/","latitude":"47.7306978569","longitude":"7.33926631731","date_saisie":"29/11/2020","date_depot":"21/01/2021","valide":"Oui","ppo":"Non","type_carte":"Nouvelle carte","fond":"Cadastre","obsolete":false}},{"type":"Feature","geometry":{"type":"Polygon","coordinates":[[[7.2844,47.7283],[7.2855,47.7271],[7.2894,47.7227],[7.2982,47.7246],[7.3007,47.7262],[7.2996,47.7302],[7.2984,47.7301],[7.2943,47.7327],[7.2908,47.7348],[7.2908,47.7355],[7.2877,47.7351],[7.2853,47.7327],[7.2843,47.7312],[7.2839,47.73],[7.2843,47.7287],[7.2844,47.7283]]]},"properties":{"id_ffco":"2020-D68-266","nom":"Parc des collines","_dept":"68","numero":"2020-D68-266","commune":"Mulhouse","echelle":"1/4000","surface":"1.13 km²","format":"A3","annee":"2020","cartographes":"Papon Vincent","proprietaire":"6803 - CLUB D'ORIENTATION DE MULHOUSE","niveau":"Régional","specialite":"CO à pied","latitude":"47.7287800718","longitude":"7.291771369","date_saisie":"29/11/2020","date_depot":"21/01/2021","valide":"Oui","ppo":"Non","type_carte":"Nouvelle carte","fond":"Cadastre","obsolete":false}},{"type":"Feature","geometry":{"type":"Polygon","coordinates":[[[7.2317,47.7975],[7.2293,47.7985],[7.2276,47.7992],[7.2266,47.7996],[7.2261,47.8],[7.2255,47.8001],[7.2253,47.8],[7.2245,47.8001],[7.2233,47.7981],[7.2173,47.7997],[7.2169,47.7953],[7.2164,47.791],[7.2223,47.7905],[7.2272,47.7902],[7.2302,47.7954],[7.2317,47.7975]]]},"properties":{"id_ffco":"2020-D68-265","nom":"Haertlé nord","_dept":"68","numero":"2020-D68-265","commune":"Wittelsheim","echelle":"1/5000","surface":"0.91 km²","format":"A4","annee":"2020","cartographes":"Pierson Jean-Luc","proprietaire":"6806 - CLUB ORIENTATION BUHL ET FLORIVAL","niveau":"Départemental","specialite":"CO à pied","contacts":"CO Buhl & Florival, http://www.haut-rhin.ffcorientation.fr/cobf","latitude":"47.7950075383","longitude":"7.22332957408","date_saisie":"29/11/2020","date_depot":"21/01/2021","valide":"Oui","ppo":"Non","type_carte":"Nouvelle carte","fond":"Cadastre","obsolete":false}},{"type":"Feature","geometry":{"type":"Polygon","coordinates":[[[7.22,47.8631],[7.2202,47.8633],[7.2208,47.8643],[7.2226,47.8641],[7.2229,47.8654],[7.2243,47.8656],[7.2286,47.8655],[7.2295,47.8694],[7.2296,47.8702],[7.2301,47.8738],[7.2297,47.8739],[7.2281,47.8738],[7.2269,47.874],[7.2261,47.8739],[7.2257,47.8739],[7.2245,47.8741],[7.2225,47.8742],[7.2217,47.8751],[7.22,47.8752],[7.2181,47.8752],[7.2164,47.8751],[7.2162,47.8751],[7.2159,47.8747],[7.2156,47.8736],[7.2154,47.8726],[7.2152,47.8719],[7.2148,47.8713],[7.2132,47.8701],[7.2127,47.8697],[7.2121,47.869],[7.2117,47.8675],[7.2114,47.8664],[7.2112,47.866],[7.2184,47.8652],[7.2194,47.8651],[7.2199,47.8631],[7.22,47.8631]]]},"properties":{"id_ffco":"2020-D68-264","nom":"Mont Saint Georges VTT","_dept":"68","numero":"2020-D68-264","commune":"Soult - Haut-Rhin et Guebwiller","echelle":"1/10000","surface":"1.24 km²","format":"A4","annee":"2020","cartographes":"Duboc Michel","proprietaire":"6806 - CLUB ORIENTATION BUHL ET FLORIVAL","niveau":"Régional","specialite":"CO à VTT","contacts":"CO Buhl & Florival, http://www.haut-rhin.ffcorientation.fr/cobf","latitude":"47.8696530926","longitude":"7.22118214814","date_saisie":"01/11/2020","date_depot":"21/01/2021","valide":"Oui","ppo":"Non","type_carte":"Nouvelle carte","fond":"Ortho","obsolete":false}},{"type":"Feature","geometry":{"type":"Polygon","coordinates":[[[7.1908,47.8908],[7.1904,47.8914],[7.1887,47.8921],[7.1883,47.8921],[7.1874,47.8921],[7.186,47.8921],[7.1844,47.8917],[7.1835,47.8913],[7.183,47.8913],[7.1825,47.8915],[7.1818,47.8916],[7.1809,47.8915],[7.1804,47.8913],[7.1801,47.8909],[7.1794,47.8905],[7.1789,47.8906],[7.1779,47.8908],[7.177,47.8913],[7.1757,47.8916],[7.1751,47.8916],[7.1745,47.8915],[7.1738,47.8916],[7.1728,47.8915],[7.1723,47.8914],[7.1712,47.8915],[7.1704,47.8914],[7.1675,47.891],[7.1673,47.8909],[7.1674,47.8908],[7.1689,47.8906],[7.1688,47.8899],[7.1686,47.8897],[7.1691,47.8894],[7.1708,47.8892],[7.1719,47.8889],[7.1726,47.8886],[7.1731,47.8884],[7.1736,47.8885],[7.1735,47.8882],[7.1735,47.8875],[7.1739,47.8872],[7.1751,47.8868],[7.1753,47.8867],[7.1751,47.8864],[7.1744,47.8857],[7.1735,47.8852],[7.1731,47.885],[7.172,47.8848],[7.171,47.8845],[7.1705,47.8843],[7.1705,47.8838],[7.1703,47.8834],[7.1706,47.8832],[7.1714,47.8829],[7.1708,47.8816],[7.1706,47.8803],[7.1702,47.88],[7.1691,47.8789],[7.1679,47.8785],[7.1658,47.8782],[7.163,47.8792],[7.1626,47.8791],[7.1628,47.8773],[7.1636,47.8757],[7.1636,47.8743],[7.1639,47.873],[7.1652,47.8729],[7.1664,47.8731],[7.1675,47.8731],[7.1691,47.8729],[7.1702,47.8729],[7.1713,47.8728],[7.1723,47.873],[7.1742,47.8723],[7.1754,47.8721],[7.176,47.872],[7.1768,47.8722],[7.1781,47.8728],[7.1792,47.8731],[7.1814,47.8729],[7.1823,47.8728],[7.1829,47.8724],[7.1839,47.8724],[7.1851,47.8727],[7.1859,47.8727],[7.1873,47.8735],[7.1881,47.8735],[7.1889,47.8733],[7.1895,47.8727],[7.1914,47.8725],[7.1929,47.8724],[7.1945,47.8726],[7.1975,47.8734],[7.1996,47.8742],[7.2011,47.874],[7.203,47.874],[7.2022,47.8747],[7.2009,47.8763],[7.2003,47.8775],[7.2004,47.8785],[7.2007,47.8797],[7.2007,47.8798],[7.2002,47.8802],[7.2,47.8806],[7.1997,47.881],[7.1986,47.8816],[7.1981,47.8822],[7.1983,47.8825],[7.1984,47.8826],[7.1977,47.8833],[7.197,47.8841],[7.1959,47.8845],[7.1963,47.8851],[7.1963,47.8853],[7.1952,47.8857],[7.1942,47.8865],[7.1934,47.8875],[7.1926,47.8881],[7.1918,47.8889],[7.1908,47.8908]]]},"properties":{"id_ffco":"2020-D68-263","nom":"La roche rugueuse VTT","_dept":"68","numero":"2020-D68-263","commune":"Jungoltz","echelle":"1/10000","surface":"4.42 km²","format":"A3","annee":"2020","cartographes":"Duboc Michel","proprietaire":"6806 - CLUB ORIENTATION BUHL ET FLORIVAL","niveau":"Interrégional","specialite":"CO à VTT","contacts":"CO Buhl & Florival, http://www.haut-rhin.ffcorientation.fr/cobf","latitude":"47.8809467003","longitude":"7.18299692203","date_saisie":"01/11/2020","date_depot":"21/01/2021","valide":"Oui","ppo":"Non","type_carte":"Reprise","base":"2019-D68-256 Thierenbach - la roche rugueuse","fond":"Ortho","obsolete":false}},{"type":"Feature","geometry":{"type":"Polygon","coordinates":[[[7.2174,47.9072],[7.2169,47.9076],[7.2161,47.9084],[7.2147,47.9093],[7.214,47.9097],[7.2123,47.9109],[7.2116,47.9116],[7.2098,47.9131],[7.2093,47.9136],[7.209,47.9142],[7.2088,47.9146],[7.2082,47.9154],[7.2077,47.9158],[7.2066,47.9162],[7.2057,47.9165],[7.2047,47.917],[7.2034,47.9177],[7.2028,47.918],[7.2019,47.9177],[7.2008,47.9169],[7.2013,47.9164],[7.2019,47.916],[7.201,47.9157],[7.2008,47.9154],[7.2009,47.9145],[7.201,47.9141],[7.2014,47.9128],[7.1999,47.9127],[7.1998,47.9113],[7.1991,47.9082],[7.1974,47.9066],[7.1972,47.9058],[7.1974,47.9052],[7.1975,47.9051],[7.1965,47.9046],[7.196,47.9041],[7.1956,47.9034],[7.1958,47.9023],[7.196,47.902],[7.1974,47.9014],[7.1977,47.901],[7.1988,47.9005],[7.2,47.8997],[7.2006,47.8995],[7.2022,47.9007],[7.203,47.9008],[7.2051,47.9003],[7.2047,47.9024],[7.2035,47.9029],[7.2047,47.9033],[7.206,47.9031],[7.207,47.9026],[7.208,47.9014],[7.2101,47.9007],[7.2111,47.8996],[7.2123,47.8982],[7.2195,47.8994],[7.2228,47.9014],[7.2174,47.9072]]]},"properties":{"id_ffco":"2020-D68-262","nom":"Guebwiller - la cité du Florival","_dept":"68","numero":"2020-D68-262","commune":"Guebwiller","echelle":"1/4000","surface":"2.31 km²","format":"+","annee":"2020","cartographes":"Grevet Claudie, Korchak Léna","proprietaire":"6806 - CLUB ORIENTATION BUHL ET FLORIVAL","niveau":"Départemental","specialite":"CO à pied","latitude":"47.9065288799","longitude":"7.20801213735","date_saisie":"04/10/2020","date_depot":"21/01/2021","valide":"Oui","ppo":"Non","type_carte":"Nouvelle carte","fond":"Ortho","obsolete":false}},{"type":"Feature","geometry":{"type":"Polygon","coordinates":[[[7.1944,47.8157],[7.1999,47.8196],[7.211,47.825],[7.2101,47.8256],[7.2093,47.8257],[7.2026,47.8316],[7.2011,47.8315],[7.1999,47.8312],[7.1991,47.8313],[7.1987,47.8302],[7.1947,47.8283],[7.1927,47.8276],[7.1909,47.8272],[7.1845,47.8294],[7.184,47.8247],[7.1837,47.8228],[7.1823,47.8207],[7.1825,47.8189],[7.1888,47.8185],[7.1906,47.8183],[7.1935,47.8155],[7.1944,47.8157]]]},"properties":{"id_ffco":"2020-D68-261","nom":"Uffholtz - Kreuzmatten","_dept":"68","numero":"2020-D68-261","commune":"Uffholtz","echelle":"1/10000","surface":"2.08 km²","format":"A4","annee":"2020","cartographes":"Papon Vincent","proprietaire":"6803 - CLUB D'ORIENTATION DE MULHOUSE","niveau":"Initiation, Scolaire","specialite":"CO à pied","latitude":"47.8238784828","longitude":"7.19542883073","date_saisie":"26/02/2020","date_depot":"22/05/2020","valide":"Oui","ppo":"Non","type_carte":"Nouvelle carte","fond":"Cadastre","obsolete":false}},{"type":"Feature","geometry":{"type":"Polygon","coordinates":[[[7.1469,47.6907],[7.1487,47.6897],[7.1509,47.6904],[7.1548,47.6884],[7.1582,47.6878],[7.1593,47.6865],[7.1598,47.6843],[7.1566,47.6822],[7.156,47.6818],[7.1546,47.6801],[7.1541,47.6784],[7.1542,47.6782],[7.1549,47.6778],[7.1546,47.6738],[7.1511,47.674],[7.1482,47.6749],[7.1463,47.6756],[7.1423,47.6763],[7.1401,47.6775],[7.1386,47.6789],[7.1368,47.6802],[7.1367,47.6806],[7.1376,47.682],[7.1385,47.6841],[7.1401,47.6859],[7.1424,47.6873],[7.1418,47.688],[7.1449,47.6893],[7.1455,47.6891],[7.1469,47.6907]]]},"properties":{"id_ffco":"2020-D68-260","nom":"Gildwiller-sur-le-Mont","_dept":"68","numero":"2020-D68-260","commune":"Gildwiller-sur-le-Mont","echelle":"1/10000","surface":"2.04 km²","format":"A4","annee":"2020","cartographes":"Papon Vincent","proprietaire":"6803 - CLUB D'ORIENTATION DE MULHOUSE","niveau":"Interrégional","specialite":"CO à pied","latitude":"47.6824216831","longitude":"7.14829213626","date_saisie":"26/02/2020","date_depot":"22/05/2020","valide":"Oui","ppo":"Non","type_carte":"Reprise","base":"2013-D68-195 Gildwiller sur le Mont","fond":"Cadastre","obsolete":false}},{"type":"Feature","geometry":{"type":"Polygon","coordinates":[[[7.156,47.7331],[7.1559,47.7319],[7.1596,47.7305],[7.1594,47.7294],[7.1651,47.7277],[7.1693,47.7275],[7.1705,47.7331],[7.1703,47.7344],[7.1652,47.7347],[7.1642,47.7352],[7.1623,47.7372],[7.1584,47.7372],[7.1562,47.7348],[7.156,47.7331]]]},"properties":{"id_ffco":"2020-D68-259","nom":"Hardtwald","_dept":"68","numero":"2020-D68-259","commune":"Burnhaupt-le-Haut","echelle":"1/5000","surface":"0.81 km²","format":"A4","annee":"2020","cartographes":"Papon Vincent","proprietaire":"Collège Nathan Katz","niveau":"Initiation, Scolaire","specialite":"CO à pied","latitude":"47.7323076483","longitude":"7.16336378805","date_saisie":"26/02/2020","date_depot":"22/05/2020","valide":"Oui","ppo":"Non","type_carte":"Nouvelle carte","fond":"Cadastre","obsolete":false}},{"type":"Feature","geometry":{"type":"Polygon","coordinates":[[[7.2546,47.9034],[7.2546,47.9039],[7.2545,47.9041],[7.2544,47.9041],[7.2544,47.9042],[7.2545,47.9043],[7.2545,47.9044],[7.2556,47.9046],[7.2566,47.9047],[7.2569,47.9041],[7.2564,47.9039],[7.2565,47.9038],[7.2569,47.9036],[7.257,47.9035],[7.2574,47.9035],[7.2575,47.9029],[7.2558,47.9025],[7.255,47.9025],[7.2547,47.9024],[7.2545,47.903],[7.2546,47.9034]]]},"properties":{"id_ffco":"2019-D68-258","nom":"Institution Champagnat","_dept":"68","numero":"2019-D68-258","commune":"Issenheim","echelle":"1/1500","surface":"0.04 km²","format":"A4","annee":"2019","cartographes":"Pierson Jean-Luc","proprietaire":"6806 - CLUB ORIENTATION BUHL ET FLORIVAL","niveau":"Initiation, Scolaire","specialite":"CO à pied","latitude":"47.9035159869","longitude":"7.25578475053","date_saisie":"31/12/2019","date_depot":"22/05/2020","valide":"Oui","ppo":"Non","type_carte":"Reprise","base":"2011-D68-169 Institut Champagnat","fond":"Cadastre","obsolete":false}},{"type":"Feature","geometry":{"type":"Polygon","coordinates":[[[7.2205,47.9802],[7.2194,47.9796],[7.2206,47.98],[7.2212,47.9803],[7.2213,47.9804],[7.221,47.9811],[7.2206,47.9816],[7.2193,47.9827],[7.2182,47.9826],[7.218,47.9823],[7.2179,47.982],[7.2179,47.9817],[7.2179,47.9816],[7.218,47.9814],[7.2182,47.9811],[7.2188,47.9805],[7.2194,47.9797],[7.2205,47.9802]]]},"properties":{"id_ffco":"2019-D68-257","nom":"Camping d'Osenbach","_dept":"68","numero":"2019-D68-257","commune":"Osenbach","echelle":"1/1500","surface":"0.05 km²","format":"A4","annee":"2019","cartographes":"Pierson Jean-Luc","proprietaire":"6806 - CLUB ORIENTATION BUHL ET FLORIVAL","niveau":"Initiation, Scolaire","specialite":"CO à pied","latitude":"47.9812139505","longitude":"7.21948536698","date_saisie":"31/12/2019","date_depot":"22/05/2020","valide":"Oui","ppo":"Non","type_carte":"Nouvelle carte","fond":"Cadastre","obsolete":false}},{"type":"Feature","geometry":{"type":"Polygon","coordinates":[[[7.1642,47.8731],[7.1629,47.879],[7.1662,47.8782],[7.1683,47.8785],[7.1699,47.8794],[7.1709,47.8809],[7.1715,47.8829],[7.1703,47.8833],[7.1706,47.8846],[7.1732,47.8849],[7.1751,47.8861],[7.1754,47.8869],[7.174,47.8872],[7.1735,47.8878],[7.1737,47.8885],[7.1721,47.8888],[7.169,47.8896],[7.1699,47.8904],[7.1676,47.8909],[7.1713,47.8914],[7.175,47.8915],[7.1785,47.8905],[7.1799,47.8905],[7.1812,47.8914],[7.1825,47.8914],[7.186,47.8919],[7.1883,47.8921],[7.1902,47.8914],[7.1911,47.8901],[7.1924,47.8881],[7.1942,47.8864],[7.1961,47.8852],[7.1984,47.8826],[7.1985,47.8816],[7.2007,47.8798],[7.2006,47.8762],[7.2026,47.8741],[7.1993,47.8744],[7.1952,47.8728],[7.1917,47.8724],[7.1875,47.8735],[7.1839,47.8726],[7.1823,47.8728],[7.1791,47.8731],[7.176,47.8721],[7.173,47.8728],[7.1709,47.8729],[7.169,47.8729],[7.1669,47.8732],[7.1653,47.873],[7.1642,47.8731]]]},"properties":{"id_ffco":"2019-D68-256","nom":"Thierenbach - la roche rugueuse","_dept":"68","numero":"2019-D68-256","commune":"Soultz,et Wuenheim","echelle":"1/10000","surface":"4.32 km²","format":"A3","annee":"2019","cartographes":"Duboc Michel","proprietaire":"6806 - CLUB ORIENTATION BUHL ET FLORIVAL","niveau":"Interrégional","specialite":"CO à pied","latitude":"47.8809461059","longitude":"7.1830868437","date_saisie":"18/10/2019","date_depot":"07/11/2019","valide":"Oui","ppo":"Non","type_carte":"Reprise","base":"2002-D68-101 Thierenbach","fond":"Ortho","obsolete":false}},{"type":"Feature","geometry":{"type":"Polygon","coordinates":[[[7.2851,47.9519],[7.2843,47.9512],[7.2813,47.9524],[7.2821,47.9535],[7.2823,47.9545],[7.284,47.9561],[7.2875,47.9553],[7.2881,47.9555],[7.2892,47.9552],[7.2896,47.9553],[7.2911,47.9547],[7.2915,47.9548],[7.2923,47.9546],[7.2923,47.9544],[7.2929,47.9543],[7.2927,47.9528],[7.2919,47.9517],[7.2912,47.9508],[7.2906,47.9496],[7.2899,47.9479],[7.2842,47.949],[7.2857,47.9505],[7.2857,47.9517],[7.2851,47.9519]]]},"properties":{"id_ffco":"2019-D68-255","nom":"Centre hospitalier de Rouffach","_dept":"68","numero":"2019-D68-255","commune":"Rouffach","echelle":"1/4000","surface":"0.48 km²","format":"A4","annee":"2019","cartographes":"Pierson Jean-Luc","proprietaire":"6806 - CLUB ORIENTATION BUHL ET FLORIVAL","niveau":"Régional","specialite":"CO à pied","latitude":"47.9523610069","longitude":"7.28742847411","date_saisie":"25/05/2019","date_depot":"09/07/2019","valide":"Oui","ppo":"Non","type_carte":"Nouvelle carte","fond":"Cadastre","obsolete":false}},{"type":"Feature","geometry":{"type":"Polygon","coordinates":[[[7.5295,47.9181],[7.527,47.9098],[7.527,47.9095],[7.529,47.9097],[7.5299,47.9098],[7.5303,47.9116],[7.5304,47.9119],[7.5335,47.9123],[7.5349,47.9125],[7.5378,47.9127],[7.5384,47.9137],[7.5383,47.9141],[7.5373,47.9156],[7.5365,47.9168],[7.5349,47.9169],[7.5345,47.917],[7.5335,47.9174],[7.5328,47.9176],[7.5314,47.9179],[7.5295,47.9181]]]},"properties":{"id_ffco":"2019-D68-254","nom":"Fessenheim sud-ouest","_dept":"68","numero":"2019-D68-254","commune":"Fessenheim","echelle":"1/4000","surface":"0.44 km²","format":"A4","annee":"2019","cartographes":"Pierson Jean-Luc","proprietaire":"6806 - CLUB ORIENTATION BUHL ET FLORIVAL","niveau":"Régional","specialite":"CO à pied","latitude":"47.9142224299","longitude":"7.53226545418","date_saisie":"25/05/2019","date_depot":"09/07/2019","valide":"Oui","ppo":"Non","type_carte":"Nouvelle carte","fond":"Cadastre","obsolete":false}},{"type":"Feature","geometry":{"type":"Polygon","coordinates":[[[7.2339,47.7942],[7.2365,47.7936],[7.237,47.7935],[7.2363,47.7923],[7.2373,47.7914],[7.2341,47.79],[7.2356,47.7884],[7.23,47.7869],[7.2308,47.7911],[7.231,47.791],[7.2316,47.7927],[7.2334,47.7926],[7.2339,47.7942]]]},"properties":{"id_ffco":"2019-D68-253","nom":"Les Genêts - collège Charles Péguy","_dept":"68","numero":"2019-D68-253","commune":"Wittelsheim","echelle":"1/3000","surface":"0.24 km²","format":"A4","annee":"2019","cartographes":"Papon Vincent","proprietaire":"collège Charles Peguy","niveau":"Initiation, Scolaire","specialite":"CO à pied","latitude":"47.7905936461","longitude":"7.23335928331","date_saisie":"01/05/2019","date_depot":"21/05/2019","valide":"Oui","ppo":"Non","type_carte":"Nouvelle carte","fond":"Cadastre","obsolete":false}},{"type":"Feature","geometry":{"type":"Polygon","coordinates":[[[7.2981,47.8588],[7.2947,47.8598],[7.2913,47.8596],[7.2894,47.8589],[7.289,47.8582],[7.2878,47.8572],[7.2872,47.8564],[7.2858,47.8559],[7.2854,47.8552],[7.285,47.8548],[7.2844,47.8545],[7.2829,47.8542],[7.2826,47.8538],[7.2869,47.8512],[7.2867,47.8502],[7.2875,47.8499],[7.2908,47.8491],[7.2923,47.8491],[7.2926,47.8497],[7.2931,47.8502],[7.2937,47.8512],[7.2958,47.8518],[7.2974,47.8522],[7.3003,47.8533],[7.3014,47.855],[7.3013,47.8559],[7.3021,47.8568],[7.2981,47.8588]]]},"properties":{"id_ffco":"2019-D68-252","nom":"Ecomusée d'Alsace","_dept":"68","numero":"2019-D68-252","commune":"Ungersheim","echelle":"1/4000","surface":"1.01 km²","format":"A3","annee":"2019","cartographes":"Papon Vincent","proprietaire":"6803 - CLUB D'ORIENTATION DE MULHOUSE","niveau":"Régional","specialite":"CO à pied","contacts":"6803 - COM, http://www.comulhouse.fr/","latitude":"47.8547288228","longitude":"7.29266517822","date_saisie":"19/04/2019","date_depot":"21/05/2019","valide":"Oui","ppo":"Non","type_carte":"Reprise","base":"2011-D68-179 Ecomusée d'Alsace","fond":"Cadastre","obsolete":false}},{"type":"Feature","geometry":{"type":"Polygon","coordinates":[[[7.5289,47.9153],[7.5287,47.9143],[7.529,47.9134],[7.5308,47.9136],[7.5311,47.9145],[7.53,47.9147],[7.53,47.9148],[7.5289,47.9153]]]},"properties":{"id_ffco":"2018-D68-251","nom":"Ecole élémentaire \"Arc-en-Ciel\" - Fassana","_dept":"68","numero":"2018-D68-251","commune":"Fessenheim","echelle":"1/1000","surface":"0.03 km²","format":"A4","annee":"2018","cartographes":"Pierson Jean-Luc","proprietaire":"68 - Haut-Rhin","niveau":"Initiation, Scolaire","specialite":"CO à pied","contacts":"CO Buhl & Florival, http://www.haut-rhin.ffcorientation.fr/cobf","latitude":"47.9142301584","longitude":"7.52974271083","date_saisie":"16/12/2018","date_depot":"30/01/2019","valide":"Oui","ppo":"Non","type_carte":"Nouvelle carte","fond":"Cadastre","obsolete":false}},{"type":"Feature","geometry":{"type":"Polygon","coordinates":[[[7.3693,47.7355],[7.373,47.7332],[7.3716,47.7284],[7.3654,47.7254],[7.362,47.7242],[7.3594,47.7261],[7.3548,47.7246],[7.3517,47.7236],[7.3517,47.7238],[7.3515,47.724],[7.3512,47.7244],[7.3505,47.7256],[7.3486,47.7253],[7.3483,47.7263],[7.3476,47.7278],[7.3469,47.7297],[7.3467,47.7317],[7.3489,47.7317],[7.352,47.7333],[7.3538,47.7357],[7.3537,47.7361],[7.3575,47.7376],[7.3592,47.739],[7.3621,47.7383],[7.3648,47.7375],[7.3693,47.7355]]]},"properties":{"id_ffco":"2018-D68-250","nom":"Tannenwald - Mulhouse","_dept":"68","numero":"2018-D68-250","commune":"Mulhouse","echelle":"1/10000","surface":"2.16 km²","format":"A4","annee":"2018","cartographes":"Papon Vincent","proprietaire":"6803 - CLUB D'ORIENTATION DE MULHOUSE","niveau":"Régional","specialite":"CO à pied","contacts":"6803 - COM, http://www.comulhouse.fr/","latitude":"47.730948918","longitude":"7.3599723314","date_saisie":"29/09/2018","date_depot":"06/11/2018","valide":"Oui","ppo":"Non","type_carte":"Reprise","base":"2011-D68-180 Tannenwald-Mulhouse","fond":"Cadastre","obsolete":false}},{"type":"Feature","geometry":{"type":"Polygon","coordinates":[[[7.233,47.9369],[7.2288,47.937],[7.2285,47.9364],[7.2282,47.936],[7.229,47.9346],[7.2286,47.9321],[7.2304,47.9313],[7.2326,47.9299],[7.2342,47.9288],[7.2351,47.9285],[7.2375,47.9286],[7.2377,47.9288],[7.237,47.9296],[7.2381,47.9309],[7.238,47.9334],[7.2371,47.9362],[7.2368,47.937],[7.233,47.9369]]]},"properties":{"id_ffco":"2018-D68-249","nom":"Le Banngraben","_dept":"68","numero":"2018-D68-249","commune":"Bergholtz-Zell","echelle":"1/4000","surface":"0.53 km²","format":"A4","annee":"2018","cartographes":"Pierson Jean-Luc","proprietaire":"6806 - CLUB ORIENTATION BUHL ET FLORIVAL","niveau":"Régional","specialite":"Sprint (ISSOM)","latitude":"47.9332214699","longitude":"7.23358014195","date_saisie":"19/08/2018","date_depot":"06/11/2018","valide":"Oui","ppo":"Non","type_carte":"Nouvelle carte","fond":"Cadastre","obsolete":false}},{"type":"Feature","geometry":{"type":"Polygon","coordinates":[[[7.2197,47.991],[7.2201,47.9919],[7.2205,47.9938],[7.2201,47.9947],[7.2198,47.9955],[7.2203,47.9962],[7.2209,47.9975],[7.2217,47.9986],[7.2224,47.9999],[7.222,48.0007],[7.2215,48.0012],[7.221,48.0015],[7.2203,48.0021],[7.2201,48.0023],[7.2199,48.0028],[7.2199,48.004],[7.2197,48.0046],[7.2194,48.0052],[7.2184,48.0049],[7.2177,48.004],[7.2171,48.0031],[7.2167,48.0023],[7.2166,48.0023],[7.2163,48.004],[7.2163,48.0043],[7.2162,48.0045],[7.216,48.0047],[7.2154,48.0049],[7.2139,48.0054],[7.2132,48.0058],[7.2125,48.0057],[7.2123,48.0052],[7.2125,48.0047],[7.2124,48.0045],[7.2122,48.0043],[7.2081,48.0041],[7.2078,48.0034],[7.207,48.0029],[7.2059,48.003],[7.2057,48.0026],[7.2055,48.0023],[7.2054,48.002],[7.2042,48.0016],[7.202,48.0012],[7.2009,48.001],[7.2,48.0007],[7.1996,48.0007],[7.1995,48.0001],[7.1985,47.9999],[7.1981,47.9994],[7.1974,47.9989],[7.1976,47.9988],[7.1973,47.9987],[7.197,47.9986],[7.1978,47.9986],[7.1968,47.9978],[7.1959,47.9966],[7.1951,47.9957],[7.1956,47.9949],[7.1979,47.9946],[7.1998,47.9942],[7.2021,47.9932],[7.2025,47.9916],[7.2051,47.9907],[7.2069,47.9906],[7.2089,47.9904],[7.2097,47.9905],[7.2108,47.9905],[7.2121,47.9905],[7.2126,47.9912],[7.2142,47.9912],[7.2158,47.991],[7.2188,47.9908],[7.2197,47.991]]]},"properties":{"id_ffco":"2018-D68-248","nom":"Osenbach","_dept":"68","numero":"2018-D68-248","commune":"Osenbach","echelle":"1/10000","surface":"2.27 km²","format":"A4","annee":"2018","cartographes":"Duboc Michel","proprietaire":"6806 - CLUB ORIENTATION BUHL ET FLORIVAL","niveau":"Régional","specialite":"CO à pied","contacts":"CO Buhl & Florival, http://www.haut-rhin.ffcorientation.fr/cobf","latitude":"47.997380568","longitude":"7.21025084411","date_saisie":"19/08/2018","date_depot":"06/11/2018","valide":"Oui","ppo":"Non","type_carte":"Nouvelle carte","fond":"Ortho","obsolete":false}},{"type":"Feature","geometry":{"type":"Polygon","coordinates":[[[7.0691,47.7899],[7.0699,47.7894],[7.0729,47.7894],[7.0738,47.7896],[7.0728,47.7905],[7.0741,47.7918],[7.0749,47.7931],[7.0739,47.7955],[7.0753,47.7958],[7.077,47.7947],[7.0791,47.7952],[7.0845,47.7968],[7.0843,47.798],[7.0891,47.8],[7.0868,47.8008],[7.0858,47.8015],[7.0856,47.8019],[7.0873,47.8035],[7.0898,47.8045],[7.0949,47.8049],[7.0988,47.8037],[7.0999,47.8033],[7.103,47.7991],[7.1028,47.798],[7.1028,47.796],[7.1059,47.7932],[7.1083,47.7927],[7.1078,47.7923],[7.1069,47.7925],[7.1062,47.7919],[7.1059,47.791],[7.1067,47.7898],[7.1059,47.7876],[7.1048,47.7874],[7.1039,47.7856],[7.1009,47.7836],[7.0977,47.7806],[7.0975,47.7798],[7.0951,47.7801],[7.0945,47.7808],[7.0924,47.7817],[7.0902,47.7837],[7.0889,47.7841],[7.0863,47.7841],[7.0853,47.7847],[7.0838,47.7857],[7.081,47.7859],[7.0789,47.7863],[7.0758,47.7871],[7.0704,47.788],[7.0686,47.7894],[7.0691,47.7899]]]},"properties":{"id_ffco":"2018-D68-247","nom":"Le ruisseau de Glaise","_dept":"68","numero":"2018-D68-247","commune":"Rammersmatt - Thann","echelle":"1/10000","surface":"4.23 km²","format":"A3","annee":"2018","cartographes":"Duboc Michel","niveau":"National, International","specialite":"CO à VTT","contacts":"CO Buhl & Florival, http://www.haut-rhin.ffcorientation.fr/cobf","latitude":"47.7923077633","longitude":"7.09141220606","date_saisie":"08/05/2018","date_depot":"30/05/2018","valide":"Oui","ppo":"Non","type_carte":"Nouvelle carte","fond":"Ortho","obsolete":false}},{"type":"Feature","geometry":{"type":"Polygon","coordinates":[[[7.2254,47.884],[7.2248,47.8843],[7.2212,47.8832],[7.2154,47.8824],[7.2121,47.8826],[7.2097,47.8836],[7.2087,47.8844],[7.2062,47.8854],[7.2046,47.8857],[7.1989,47.8848],[7.1982,47.885],[7.196,47.8852],[7.1967,47.8858],[7.1962,47.8866],[7.1943,47.8876],[7.1933,47.8889],[7.1918,47.8909],[7.1882,47.8944],[7.1871,47.8935],[7.1851,47.8962],[7.1801,47.8994],[7.1786,47.9003],[7.1774,47.9029],[7.1764,47.9033],[7.1756,47.9045],[7.1718,47.9069],[7.1672,47.9067],[7.1633,47.9061],[7.1589,47.9057],[7.1566,47.905],[7.1577,47.9059],[7.1585,47.9065],[7.1583,47.9078],[7.1586,47.9087],[7.1582,47.9102],[7.1547,47.9133],[7.1562,47.9154],[7.1566,47.9174],[7.1555,47.9182],[7.1553,47.9199],[7.1554,47.9207],[7.1552,47.922],[7.1566,47.9228],[7.1549,47.923],[7.1551,47.9266],[7.1554,47.9283],[7.1573,47.9301],[7.1589,47.9319],[7.1604,47.9344],[7.1618,47.9373],[7.1632,47.9378],[7.1654,47.9382],[7.1665,47.938],[7.1701,47.9372],[7.1718,47.9368],[7.1724,47.9358],[7.1763,47.9349],[7.1782,47.9348],[7.1795,47.933],[7.1835,47.9309],[7.1866,47.9282],[7.1854,47.927],[7.1878,47.925],[7.188,47.9239],[7.1912,47.9221],[7.1934,47.9209],[7.193,47.9185],[7.1937,47.9166],[7.1967,47.9167],[7.1981,47.917],[7.1984,47.9157],[7.1966,47.9147],[7.1947,47.9117],[7.1979,47.911],[7.1983,47.9054],[7.1993,47.905],[7.2004,47.9058],[7.205,47.906],[7.2041,47.9039],[7.2066,47.9032],[7.2084,47.902],[7.2102,47.8994],[7.2113,47.8987],[7.2136,47.8989],[7.2157,47.8995],[7.219,47.8975],[7.2208,47.8952],[7.2214,47.8926],[7.2224,47.8909],[7.2236,47.8904],[7.2253,47.8902],[7.2244,47.8897],[7.2255,47.8885],[7.2263,47.8886],[7.2268,47.8873],[7.227,47.8859],[7.2254,47.884]]]},"properties":{"id_ffco":"2018-D68-246","nom":"La fontaine de la tête du cerf","_dept":"68","numero":"2018-D68-246","commune":"Buhl","echelle":"1/15000","surface":"14.26 km²","format":"+","annee":"2018","cartographes":"Lorang François, Dott Pascal, Bernard-Moes Olivier, Schnebelen Julien","proprietaire":"6806 - CLUB ORIENTATION BUHL ET FLORIVAL","niveau":"National, International","specialite":"CO à VTT","contacts":"CO de Colmar, http://www.cocolmar.fr/","latitude":"47.9095206901","longitude":"7.18560271091","date_saisie":"08/05/2018","date_depot":"30/05/2018","valide":"Oui","ppo":"Non","type_carte":"Reprise","base":"2014-D68-212 Peternit","fond":"Cadastre","obsolete":false}},{"type":"Feature","geometry":{"type":"Polygon","coordinates":[[[7.3608,47.7386],[7.3605,47.7386],[7.3602,47.7387],[7.3596,47.7387],[7.3591,47.7387],[7.3588,47.7383],[7.3584,47.7379],[7.3581,47.7377],[7.3575,47.7374],[7.3569,47.7371],[7.3565,47.7369],[7.3553,47.7365],[7.3556,47.7356],[7.3559,47.7352],[7.3564,47.7348],[7.3573,47.7346],[7.3576,47.7344],[7.3577,47.7342],[7.3579,47.7341],[7.3584,47.7337],[7.3589,47.7334],[7.3593,47.7335],[7.3598,47.7335],[7.3601,47.7335],[7.3605,47.7337],[7.3607,47.7337],[7.3611,47.7337],[7.3613,47.7337],[7.3615,47.7337],[7.3617,47.7337],[7.362,47.7338],[7.3622,47.7339],[7.3623,47.7342],[7.3629,47.7348],[7.3637,47.735],[7.3644,47.7351],[7.3666,47.7352],[7.3673,47.7352],[7.3674,47.7354],[7.3678,47.736],[7.3672,47.7363],[7.3653,47.737],[7.3645,47.7374],[7.3633,47.7377],[7.3618,47.7381],[7.3609,47.7386],[7.3608,47.7386]]]},"properties":{"id_ffco":"2018-D68-245","nom":"Plaine sportive du Waldeck","_dept":"68","numero":"2018-D68-245","commune":"Mulhouse","echelle":"1/4000","surface":"0.31 km²","format":"A4","annee":"2018","proprietaire":"6803 - CLUB D'ORIENTATION DE MULHOUSE","niveau":"Régional","specialite":"Sprint (ISSOM)","latitude":"47.7360477841","longitude":"7.36091176529","date_saisie":"12/05/2018","date_depot":"28/01/2020","valide":"Oui","ppo":"Non","type_carte":"Nouvelle carte","fond":"Ortho","obsolete":false}},{"type":"Feature","geometry":{"type":"Polygon","coordinates":[[[7.2547,48.1456],[7.254,48.1456],[7.2549,48.1466],[7.2554,48.1473],[7.2566,48.1475],[7.2578,48.1474],[7.2597,48.1461],[7.2608,48.145],[7.2612,48.1424],[7.2623,48.1406],[7.2633,48.1401],[7.2646,48.1394],[7.2676,48.1392],[7.2674,48.1381],[7.2668,48.1371],[7.2666,48.1361],[7.2665,48.1352],[7.2629,48.135],[7.2615,48.1355],[7.2591,48.1372],[7.2565,48.1403],[7.2562,48.1425],[7.2551,48.1444],[7.2542,48.1454],[7.2547,48.1456]]]},"properties":{"id_ffco":"2018-D68-244","nom":"Kaysersberg vignoble","_dept":"68","numero":"2018-D68-244","commune":"Kaysersberg","echelle":"1/5000","surface":"0.63 km²","format":"A4","annee":"2018","cartographes":"Bernauer Christophe","proprietaire":"6804 - CLUB D'ORIENTATION DE COLMAR","niveau":"Régional","specialite":"CO à pied","latitude":"48.1407603011","longitude":"7.26042963541","date_saisie":"04/02/2018","date_depot":"30/05/2018","valide":"Oui","ppo":"Non","type_carte":"Nouvelle carte","fond":"IGN","ref_ign":"IGN25","obsolete":false}},{"type":"Feature","geometry":{"type":"Polygon","coordinates":[[[7.2672,48.138],[7.2659,48.1383],[7.2622,48.1387],[7.2616,48.1389],[7.2613,48.1398],[7.261,48.141],[7.2598,48.1419],[7.2588,48.1423],[7.258,48.1437],[7.2573,48.1445],[7.2565,48.1463],[7.2559,48.1473],[7.2558,48.1483],[7.2557,48.1493],[7.2561,48.1529],[7.2569,48.1559],[7.2571,48.1569],[7.2581,48.1582],[7.259,48.1603],[7.2582,48.1615],[7.2578,48.163],[7.2577,48.1635],[7.2582,48.1642],[7.2589,48.1646],[7.2594,48.166],[7.2591,48.1668],[7.258,48.1683],[7.2608,48.1696],[7.2648,48.1716],[7.2673,48.1724],[7.2689,48.1731],[7.2702,48.1703],[7.2701,48.1681],[7.2695,48.1661],[7.2718,48.1646],[7.2726,48.1634],[7.2742,48.162],[7.2742,48.1616],[7.2768,48.1608],[7.278,48.1601],[7.2785,48.1587],[7.2804,48.1574],[7.2799,48.1569],[7.2787,48.1561],[7.2787,48.1551],[7.2799,48.1543],[7.2806,48.1527],[7.2816,48.1517],[7.2844,48.1486],[7.2821,48.1463],[7.2818,48.1455],[7.2843,48.1444],[7.2862,48.1436],[7.2855,48.1424],[7.2844,48.139],[7.2844,48.1374],[7.2817,48.1363],[7.2779,48.1369],[7.2744,48.1372],[7.2722,48.1375],[7.2676,48.1379],[7.2672,48.138]]]},"properties":{"id_ffco":"2018-D68-243","nom":"Kaysersberg vignoble - la roche des corbeaux","_dept":"68","numero":"2018-D68-243","commune":"Kaysersberg","echelle":"1/10000","surface":"5.8 km²","format":"A3","annee":"2018","cartographes":"Duboc Michel","proprietaire":"6804 - CLUB D'ORIENTATION DE COLMAR","niveau":"Régional","specialite":"CO à pied","contacts":"CO de Colmar, http://www.cocolmar.fr/","latitude":"48.1519347435","longitude":"7.26929430412","date_saisie":"04/02/2018","date_depot":"30/05/2018","valide":"Oui","ppo":"Non","type_carte":"Nouvelle carte","fond":"IGN","ref_ign":"IGN25","obsolete":false}},{"type":"Feature","geometry":{"type":"Polygon","coordinates":[[[7.3427,47.8048],[7.3441,47.8049],[7.3453,47.8097],[7.3461,47.8101],[7.3458,47.8104],[7.3442,47.8111],[7.3434,47.8115],[7.3427,47.811],[7.3423,47.8112],[7.3418,47.8112],[7.3414,47.8111],[7.3412,47.8111],[7.3406,47.8113],[7.3403,47.8113],[7.34,47.8111],[7.3399,47.8108],[7.3389,47.8111],[7.3383,47.8112],[7.3381,47.8112],[7.3382,47.8107],[7.3385,47.8106],[7.3387,47.8099],[7.3385,47.8098],[7.34,47.8059],[7.3406,47.8048],[7.3408,47.8048],[7.3427,47.8048]]]},"properties":{"id_ffco":"2018-D68-242","nom":"Parc du Rabbargala - Wittenheim","_dept":"68","numero":"2018-D68-242","commune":"Wittenheim","echelle":"1/3000","surface":"0.3 km²","format":"A4","annee":"2018","cartographes":"Papon Vincent","proprietaire":"Mairie de Wittenheim","niveau":"Initiation, Scolaire","specialite":"CO à pied","latitude":"47.8083406841","longitude":"7.34205025746","date_saisie":"27/01/2018","date_depot":"25/07/2018","valide":"Oui","ppo":"Non","type_carte":"Nouvelle carte","fond":"IGN","ref_ign":"carte de base : plan de marais","obsolete":false}},{"type":"Feature","geometry":{"type":"Polygon","coordinates":[[[7.1208,47.6092],[7.1205,47.6104],[7.1206,47.6124],[7.1171,47.6148],[7.1152,47.6173],[7.1147,47.62],[7.1112,47.62],[7.1113,47.6186],[7.1112,47.6174],[7.1118,47.6148],[7.114,47.6124],[7.1181,47.6094],[7.1196,47.6098],[7.1208,47.6092]]]},"properties":{"id_ffco":"2018-D68-241","nom":"Petite forêt - Dannemarie","_dept":"68","numero":"2018-D68-241","commune":"Dannemarie","echelle":"1/5000","surface":"0.41 km²","format":"A4","annee":"2018","cartographes":"Papon Vincent","proprietaire":"Collège Jean Monnet - Dannemarie","niveau":"Initiation, Scolaire","specialite":"CO à pied","latitude":"47.614511213","longitude":"7.11549086305","date_saisie":"27/01/2018","date_depot":"25/07/2018","valide":"Oui","ppo":"Non","type_carte":"Nouvelle carte","fond":"IGN","ref_ign":"donées IGN","obsolete":false}},{"type":"Feature","geometry":{"type":"Polygon","coordinates":[[[7.2019,47.9176],[7.2089,47.915],[7.2215,47.9061],[7.2263,47.901],[7.2326,47.8985],[7.2264,47.8924],[7.2245,47.8906],[7.2149,47.8987],[7.2075,47.9022],[7.2017,47.9059],[7.1988,47.9109],[7.2019,47.9176]]]},"properties":{"id_ffco":"2017-D68-240","nom":"Guebwiller - partie nord","_dept":"68","numero":"2017-D68-240","commune":"Guebwiller","echelle":"1/5000","surface":"2.91 km²","format":"A4","annee":"2017","cartographes":"Grevet Claudie","proprietaire":"6806 - CLUB ORIENTATION BUHL ET FLORIVAL","niveau":"Régional","specialite":"CO à pied","contacts":"Comité Départemental de Course d'Orientation du Haut-Rhin","latitude":"47.9044663046","longitude":"7.21437166908","date_saisie":"25/11/2017","date_depot":"15/01/2018","valide":"Oui","ppo":"Non","type_carte":"Nouvelle carte","fond":"Cadastre","obsolete":false}},{"type":"Feature","geometry":{"type":"Polygon","coordinates":[[[7.1512,47.7504],[7.1523,47.7503],[7.1537,47.7505],[7.1547,47.7508],[7.1559,47.7513],[7.1571,47.7516],[7.1588,47.7519],[7.1601,47.7522],[7.1614,47.7525],[7.1626,47.7526],[7.1627,47.7516],[7.1631,47.7505],[7.164,47.7499],[7.1647,47.7492],[7.1658,47.7486],[7.1671,47.7478],[7.1665,47.7474],[7.1657,47.7468],[7.1659,47.7454],[7.1672,47.745],[7.1683,47.7442],[7.1682,47.7433],[7.1682,47.7423],[7.1679,47.7414],[7.1678,47.7407],[7.1675,47.7402],[7.1666,47.7395],[7.1663,47.739],[7.1656,47.7381],[7.1655,47.7374],[7.1641,47.7374],[7.1623,47.7378],[7.1614,47.7386],[7.1599,47.7399],[7.1591,47.7406],[7.1583,47.7414],[7.1571,47.7418],[7.156,47.7419],[7.1548,47.7419],[7.1538,47.7425],[7.1533,47.7437],[7.1529,47.7444],[7.1518,47.7446],[7.1508,47.7446],[7.1507,47.7457],[7.1508,47.7476],[7.1508,47.7487],[7.151,47.7502],[7.1512,47.7504]]]},"properties":{"id_ffco":"2017-D68-239","nom":"Schweighouse-Thann","_dept":"68","numero":"2017-D68-239","commune":"Schweighouse","echelle":"1/10000","surface":"1.4 km²","format":"A5","annee":"2017","cartographes":"Papon Vincent","proprietaire":"6803 - CLUB D'ORIENTATION DE MULHOUSE","niveau":"Régional","specialite":"CO à pied","latitude":"47.7454194433","longitude":"7.1598971518","date_saisie":"13/09/2017","date_depot":"21/11/2017","valide":"Oui","ppo":"Non","type_carte":"Reprise","base":"2006-D68-151 Schweighouse-Thann","fond":"Cadastre","obsolete":false}},{"type":"Feature","geometry":{"type":"Polygon","coordinates":[[[7.2973,47.9604],[7.2971,47.96],[7.2961,47.9603],[7.2951,47.9605],[7.2944,47.9607],[7.2945,47.9611],[7.296,47.9607],[7.2965,47.9605],[7.2966,47.9607],[7.2973,47.9604]]]},"properties":{"id_ffco":"2017-D68-238","nom":"Saint Joseph","_dept":"68","numero":"2017-D68-238","commune":"Rouffach","echelle":"1/1000","surface":"0.01 km²","format":"A4","annee":"2017","cartographes":"Jean-Luc PIERSON","proprietaire":"68 - Haut-Rhin","niveau":"O+","specialite":"CO à pied","contacts":"Comité Départemental de Course d'Orientation du Haut-Rhin","latitude":"47.960565493","longitude":"7.29581199313","date_saisie":"05/01/2017","date_depot":"06/04/2017","valide":"Oui","ppo":"Non","type_carte":"Nouvelle carte","fond":"Cadastre","obsolete":false}},{"type":"Feature","geometry":{"type":"Polygon","coordinates":[[[7.3854,48.0811],[7.3918,48.0816],[7.3952,48.0809],[7.3965,48.0808],[7.3977,48.0802],[7.3998,48.0797],[7.4041,48.0765],[7.4034,48.0749],[7.403,48.0737],[7.4023,48.0732],[7.4017,48.0728],[7.3984,48.0731],[7.3984,48.0725],[7.3966,48.073],[7.3952,48.0732],[7.395,48.0718],[7.3925,48.0721],[7.3896,48.0736],[7.3888,48.0736],[7.3881,48.0741],[7.3873,48.0744],[7.3862,48.0774],[7.3861,48.0781],[7.3854,48.0811]]]},"properties":{"id_ffco":"2017-D68-237","nom":"Horbourg-Wihr","_dept":"68","numero":"2017-D68-237","commune":"Horbourg-Wihr","echelle":"1/5000","surface":"1.05 km²","format":"A3","annee":"2017","proprietaire":"6804 - CLUB D'ORIENTATION DE COLMAR","niveau":"Régional","specialite":"Sprint (ISSOM)","contacts":"MEYER Kirian, 12 rue des Primevères, 68570, Wintzfelden, 03.89.72.74.80, 06.24.98.93.15, president@cocolmar.fr","latitude":"48.0768746615","longitude":"7.39427547922","date_saisie":"06/05/2017","date_depot":"17/05/2018","valide":"Oui","ppo":"Non","type_carte":"Nouvelle carte","fond":"Ortho","obsolete":false}},{"type":"Feature","geometry":{"type":"Polygon","coordinates":[[[7.3944,48.0662],[7.3968,48.0604],[7.4011,48.0511],[7.4014,48.0506],[7.4007,48.05],[7.4019,48.0498],[7.4021,48.0481],[7.4015,48.0469],[7.3994,48.0462],[7.3965,48.0456],[7.3939,48.0452],[7.3915,48.0452],[7.3892,48.0454],[7.385,48.0467],[7.3799,48.0481],[7.3752,48.0497],[7.3745,48.0497],[7.3745,48.0542],[7.3779,48.0578],[7.3794,48.0579],[7.3802,48.0585],[7.3873,48.0667],[7.3879,48.0679],[7.3908,48.0673],[7.3944,48.0662]]]},"properties":{"id_ffco":"2017-D68-236","nom":"Colmar - Le Neuland 2017","_dept":"68","numero":"2017-D68-236","commune":"Colmar","echelle":"1/10000","surface":"3.29 km²","format":"A4","annee":"2017","proprietaire":"6804 - CLUB D'ORIENTATION DE COLMAR","niveau":"Régional","specialite":"CO à pied","contacts":"MEYER Kirian, 12 rue des Primevères, 68570, Wintzfelden, 03.89.72.74.80, 06.24.98.93.15, president@cocolmar.fr","latitude":"48.0547563719","longitude":"7.38884159393","date_saisie":"19/09/2017","date_depot":"17/05/2018","valide":"Oui","ppo":"Non","type_carte":"Reprise","base":"2001-D68-104 Forêt de Colmar \"Le Neuland\"","fond":"Ortho","obsolete":false}},{"type":"Feature","geometry":{"type":"Polygon","coordinates":[[[7.2863,47.7267],[7.2863,47.7286],[7.2869,47.7288],[7.2888,47.7291],[7.2899,47.7298],[7.2914,47.7305],[7.2928,47.7307],[7.2916,47.7314],[7.2931,47.7317],[7.2941,47.7325],[7.298,47.73],[7.2997,47.7301],[7.3007,47.7316],[7.3027,47.7312],[7.3031,47.7325],[7.3046,47.7329],[7.3062,47.7317],[7.3083,47.7315],[7.3082,47.7312],[7.3064,47.7293],[7.3064,47.7279],[7.3069,47.7274],[7.3058,47.7267],[7.3031,47.7268],[7.3014,47.7265],[7.2996,47.7257],[7.2975,47.7244],[7.2951,47.7238],[7.2908,47.7231],[7.2894,47.7229],[7.2891,47.7238],[7.2884,47.7246],[7.2863,47.7267]]]},"properties":{"id_ffco":"2016-D68-235","nom":"Parc des Collines - sud","_dept":"68","numero":"2016-D68-235","commune":"Mulhouse","echelle":"1/4000","surface":"1.02 km²","format":"A3","annee":"2016","proprietaire":"6803 - CLUB D'ORIENTATION DE MULHOUSE","niveau":"Régional","specialite":"Sprint (ISSOM)","contacts":"PAPON Vincent, 6 rue de Provence, 67400, Illkirch-Graffenstaden, 06.63.03.92.86, v.papon@free.fr","latitude":"47.7279540687","longitude":"7.29649450811","date_saisie":"05/09/2016","date_depot":"04/10/2016","valide":"Oui","ppo":"Non","type_carte":"Reprise","base":"1981-D68-005 Mulhouse Sud-Ouest","fond":"Cadastre","obsolete":false}},{"type":"Feature","geometry":{"type":"Polygon","coordinates":[[[6.961,47.955],[6.9615,47.9549],[6.9612,47.9541],[6.9611,47.9539],[6.9603,47.9536],[6.9597,47.9535],[6.9586,47.9531],[6.9578,47.9528],[6.9568,47.9532],[6.9575,47.9539],[6.9575,47.9544],[6.958,47.9547],[6.9585,47.9548],[6.9594,47.9546],[6.96,47.9544],[6.9607,47.9545],[6.961,47.955]]]},"properties":{"id_ffco":"2016-D68-234","nom":"Lac de Kruth - Wildenstein","_dept":"68","numero":"2016-D68-234","commune":"Kruth","echelle":"1/2500","surface":"0.04 km²","format":"A5","annee":"2016","cartographes":"Claude VOGT","proprietaire":"Ligue d'Alsace de Course d'Orientation","niveau":"Initiation, Scolaire","specialite":"CO à pied","contacts":"Ligue d'Alsace de course d'orientation, 50 chemin de la Speck, 68000, Colmar","latitude":"47.9539288966","longitude":"6.95900259187","date_saisie":"29/06/2016","date_depot":"21/11/2016","valide":"Oui","ppo":"Non","type_carte":"Nouvelle carte","fond":"IGN","ref_ign":"IGN 3619 OT","obsolete":false}},{"type":"Feature","geometry":{"type":"Polygon","coordinates":[[[7.3609,47.7387],[7.3636,47.7377],[7.3676,47.7362],[7.3711,47.7342],[7.3775,47.7302],[7.3784,47.7297],[7.3758,47.727],[7.3774,47.7238],[7.3717,47.7183],[7.3733,47.7162],[7.3652,47.7108],[7.3564,47.71],[7.3553,47.7129],[7.3547,47.7139],[7.3451,47.7183],[7.3469,47.7202],[7.3516,47.7238],[7.3524,47.725],[7.3509,47.7265],[7.3476,47.7267],[7.3479,47.7278],[7.3476,47.7296],[7.3473,47.7315],[7.3491,47.7315],[7.3501,47.732],[7.3521,47.733],[7.3541,47.7358],[7.3534,47.7361],[7.3563,47.7368],[7.3591,47.7383],[7.3593,47.7388],[7.3609,47.7387]]]},"properties":{"id_ffco":"2016-D68-233","nom":"Zührenwald","_dept":"68","numero":"2016-D68-233","commune":"Rixheim","echelle":"1/10000","surface":"5.04 km²","format":"A3","annee":"2016","proprietaire":"68 - Haut-Rhin","niveau":"National, International","specialite":"CO à VTT","contacts":"Comité Départemental de Course d'Orientation du Haut-Rhin","latitude":"47.7243968684","longitude":"7.36190082278","date_saisie":"30/05/2016","date_depot":"02/11/2016","valide":"Oui","ppo":"Non","type_carte":"Reprise","base":"2011-D68-180 Tannenwald-Mulhouse","fond":"Ortho","obsolete":false}},{"type":"Feature","geometry":{"type":"Polygon","coordinates":[[[7.2308,47.9381],[7.2359,47.9415],[7.239,47.9439],[7.2422,47.9457],[7.2447,47.9475],[7.2463,47.949],[7.2474,47.9504],[7.2474,47.9496],[7.2497,47.9513],[7.251,47.9525],[7.2557,47.9544],[7.2594,47.9533],[7.262,47.9522],[7.2655,47.9506],[7.2698,47.9496],[7.273,47.9476],[7.2751,47.9458],[7.284,47.9416],[7.2804,47.9382],[7.2775,47.935],[7.2747,47.932],[7.2717,47.9283],[7.2682,47.9231],[7.265,47.9156],[7.2528,47.9136],[7.2519,47.9151],[7.2508,47.9159],[7.2486,47.9169],[7.2469,47.9182],[7.246,47.9175],[7.2428,47.9197],[7.2428,47.9217],[7.2403,47.9243],[7.2389,47.9265],[7.2377,47.9278],[7.2368,47.9285],[7.234,47.9291],[7.2321,47.9315],[7.2319,47.9322],[7.2308,47.9381]]]},"properties":{"id_ffco":"2016-D68-232","nom":"Le Bollenberg","_dept":"68","numero":"2016-D68-232","commune":"Orschwihr","echelle":"1/15000","surface":"10.51 km²","format":"A3","annee":"2016","proprietaire":"68 - Haut-Rhin","niveau":"National, International","specialite":"CO à VTT","latitude":"47.9347137234","longitude":"7.25606323241","date_saisie":"24/05/2016","date_depot":"02/11/2016","valide":"Oui","ppo":"Non","type_carte":"Nouvelle carte","fond":"Ortho","obsolete":false}},{"type":"Feature","geometry":{"type":"Polygon","coordinates":[[[7.1889,47.9303],[7.1902,47.931],[7.1887,47.9325],[7.189,47.9328],[7.1881,47.9333],[7.1871,47.9344],[7.1868,47.9353],[7.1864,47.9359],[7.1867,47.9369],[7.186,47.937],[7.1859,47.949],[7.189,47.9501],[7.1903,47.9513],[7.1913,47.9524],[7.1924,47.9538],[7.1934,47.9542],[7.1973,47.9532],[7.2022,47.9503],[7.2038,47.9497],[7.2049,47.9485],[7.2078,47.9517],[7.2082,47.9523],[7.2092,47.9524],[7.2141,47.9522],[7.2163,47.954],[7.2189,47.9523],[7.2192,47.9512],[7.2206,47.9506],[7.2222,47.9497],[7.2236,47.9473],[7.2248,47.9456],[7.2249,47.9448],[7.2303,47.9468],[7.2367,47.9475],[7.2419,47.9448],[7.2413,47.9444],[7.2437,47.9433],[7.2441,47.9427],[7.2425,47.9406],[7.2421,47.9367],[7.2421,47.9359],[7.2406,47.9347],[7.2403,47.933],[7.239,47.9325],[7.2386,47.9275],[7.2398,47.9265],[7.2404,47.9249],[7.242,47.9231],[7.241,47.9111],[7.2391,47.9096],[7.2362,47.908],[7.2338,47.9071],[7.23,47.9063],[7.2263,47.9054],[7.2246,47.9048],[7.2233,47.9044],[7.2222,47.9045],[7.2208,47.9052],[7.2185,47.9065],[7.2174,47.9073],[7.2164,47.9082],[7.2139,47.9098],[7.2124,47.911],[7.2098,47.9131],[7.2091,47.9142],[7.2084,47.9153],[7.2076,47.9161],[7.2049,47.917],[7.2,47.9197],[7.1987,47.9222],[7.1974,47.9236],[7.1951,47.9257],[7.1927,47.9273],[7.1907,47.9289],[7.1889,47.9303]]]},"properties":{"id_ffco":"2016-D68-231","nom":"Croix de la Mission-Bannstein","_dept":"68","numero":"2016-D68-231","commune":"Orschwihr","echelle":"1/15000","surface":"16.33 km²","format":"A3","annee":"2016","proprietaire":"68 - Haut-Rhin","niveau":"National, International","specialite":"CO à VTT","contacts":"Comité Départemental de Course d'Orientation du Haut-Rhin","latitude":"47.9312058746","longitude":"7.21628508959","date_saisie":"29/05/2016","date_depot":"02/11/2016","valide":"Oui","ppo":"Non","type_carte":"Reprise","base":"2007-D68-161 Les Carrières","fond":"Ortho","obsolete":false}},{"type":"Feature","geometry":{"type":"Polygon","coordinates":[[[7.2098,47.907],[7.2066,47.9062],[7.2044,47.906],[7.2013,47.9059],[7.1969,47.9034],[7.1929,47.9008],[7.1915,47.8996],[7.1889,47.8969],[7.1876,47.8947],[7.1907,47.8916],[7.192,47.8905],[7.1937,47.8886],[7.1963,47.8865],[7.196,47.8859],[7.1965,47.8851],[7.1986,47.8851],[7.1995,47.8848],[7.2035,47.8856],[7.2046,47.8858],[7.2088,47.8845],[7.2097,47.8836],[7.2146,47.8823],[7.2201,47.8829],[7.2236,47.8837],[7.2244,47.8841],[7.2249,47.8843],[7.2253,47.8841],[7.227,47.8853],[7.2271,47.8859],[7.2267,47.8869],[7.227,47.8875],[7.2268,47.8887],[7.2274,47.8889],[7.2263,47.89],[7.2259,47.8914],[7.226,47.8924],[7.2235,47.8956],[7.2203,47.8995],[7.2177,47.9005],[7.2147,47.9026],[7.2117,47.9054],[7.2108,47.9062],[7.2098,47.907]]]},"properties":{"id_ffco":"2016-D68-230","nom":"Nez de Soultz","_dept":"68","numero":"2016-D68-230","commune":"Soultz","echelle":"1/15000","surface":"5.32 km²","format":"A3","annee":"2016","cartographes":"Jean-Luc PIERSON, Joël POIRETTE","proprietaire":"68 - Haut-Rhin","niveau":"National, International","specialite":"CO à VTT","contacts":"Comité Départemental de Course d'Orientation du Haut-Rhin","latitude":"47.8938407823","longitude":"7.20807462771","date_saisie":"31/05/2016","date_depot":"02/11/2016","valide":"Oui","ppo":"Non","type_carte":"Reprise","base":"2016-D68-229 Nez de Soultz","fond":"Cadastre","obsolete":false}},{"type":"Feature","geometry":{"type":"Polygon","coordinates":[[[7.2098,47.9072],[7.2065,47.9062],[7.2042,47.906],[7.2013,47.9059],[7.1961,47.9027],[7.1929,47.901],[7.191,47.8989],[7.1887,47.8966],[7.1879,47.8947],[7.1907,47.8918],[7.1921,47.8905],[7.1937,47.8886],[7.1947,47.8874],[7.1964,47.8866],[7.196,47.886],[7.1964,47.885],[7.1983,47.885],[7.1992,47.8847],[7.2025,47.8855],[7.2049,47.8857],[7.2087,47.8846],[7.2098,47.8835],[7.2115,47.8828],[7.215,47.8823],[7.2186,47.8829],[7.2215,47.8832],[7.2245,47.8841],[7.2255,47.8841],[7.2268,47.8854],[7.227,47.8858],[7.2266,47.887],[7.2268,47.8875],[7.2264,47.8887],[7.2275,47.8887],[7.2262,47.8898],[7.2258,47.8911],[7.2261,47.8924],[7.2252,47.8939],[7.2221,47.8973],[7.2202,47.8995],[7.2174,47.9008],[7.2155,47.9018],[7.214,47.9034],[7.2116,47.9055],[7.2109,47.906],[7.2098,47.9072]]]},"properties":{"id_ffco":"2016-D68-229","nom":"Nez de Soultz","_dept":"68","numero":"2016-D68-229","commune":"Soultz","echelle":"1/10000","surface":"5.32 km²","format":"A3","annee":"2016","cartographes":"Jean-Luc PIERSON, Joël POIRETTE","proprietaire":"68 - Haut-Rhin","niveau":"National, International","specialite":"CO à VTT","contacts":"Comité Départemental de Course d'Orientation du Haut-Rhin","latitude":"47.8938471199","longitude":"7.20810993853","date_saisie":"31/05/2016","date_depot":"02/11/2016","valide":"Oui","ppo":"Non","type_carte":"Reprise","base":"2012-D68-190 Heidelberg CO VTT","fond":"Cadastre","obsolete":false}},{"type":"Feature","geometry":{"type":"Polygon","coordinates":[[[7.2318,47.8835],[7.2311,47.8833],[7.2304,47.8827],[7.2292,47.8819],[7.2278,47.8815],[7.2269,47.8814],[7.2252,47.8822],[7.2255,47.8831],[7.2255,47.8841],[7.2269,47.8853],[7.227,47.886],[7.2265,47.8867],[7.2267,47.8875],[7.2262,47.8886],[7.2272,47.8888],[7.2289,47.8889],[7.2297,47.8892],[7.2306,47.8884],[7.2317,47.8877],[7.2321,47.8852],[7.2323,47.8841],[7.2318,47.8835]]]},"properties":{"id_ffco":"2016-D68-228","nom":"Soultz (Haut-Rhin)","_dept":"68","numero":"2016-D68-228","commune":"Soultz","echelle":"1/4000","surface":"0.31 km²","format":"A4","annee":"2016","cartographes":"Olivier Sutter, Lena Korchak","proprietaire":"6806 - CLUB ORIENTATION BUHL ET FLORIVAL","niveau":"Régional","specialite":"Sprint (ISSOM)","contacts":"PIERSON Jean-Luc, 8 rue des Vosges, 68740, Fessenheim, pierson.jl@wanadoo.fr","latitude":"47.8852188534","longitude":"7.22879611081","date_saisie":"28/03/2016","date_depot":"03/06/2016","valide":"Oui","ppo":"Non","type_carte":"Nouvelle carte","fond":"Cadastre","obsolete":false}},{"type":"Feature","geometry":{"type":"Polygon","coordinates":[[[7.0894,48.1362],[7.0889,48.1358],[7.0875,48.1362],[7.0863,48.1364],[7.0852,48.1362],[7.0838,48.1359],[7.0831,48.1369],[7.0822,48.1368],[7.0814,48.1374],[7.0814,48.1377],[7.0801,48.1378],[7.0785,48.1381],[7.0751,48.1386],[7.0752,48.139],[7.073,48.1396],[7.0728,48.1406],[7.0732,48.1426],[7.0737,48.144],[7.0746,48.1455],[7.0765,48.1465],[7.078,48.1471],[7.078,48.1466],[7.0786,48.1467],[7.0811,48.1442],[7.0829,48.1432],[7.0861,48.1414],[7.0898,48.1403],[7.089,48.1386],[7.0885,48.1378],[7.0894,48.1362]]]},"properties":{"id_ffco":"2015-D68-227","nom":"Pistes de Skis - Lac Blanc","_dept":"68","numero":"2015-D68-227","commune":"Orbey","echelle":"1/7500","surface":"0.86 km²","format":"A4","annee":"2015","proprietaire":"6804 - CLUB D'ORIENTATION DE COLMAR","niveau":"Régional","specialite":"CO à pied","contacts":"MEYER Kirian, 12 rue des Primevères, 68570, Wintzfelden, 03.89.72.74.80, 06.24.98.93.15, president@cocolmar.fr","latitude":"48.1408997996","longitude":"7.08062602844","date_saisie":"11/08/2015","date_depot":"15/12/2016","valide":"Oui","ppo":"Non","type_carte":"Nouvelle carte","fond":"Ortho","obsolete":false}},{"type":"Feature","geometry":{"type":"Polygon","coordinates":[[[7.0873,48.1365],[7.0887,48.1373],[7.095,48.1367],[7.1001,48.1381],[7.1043,48.1386],[7.1076,48.1348],[7.1093,48.1322],[7.105,48.1308],[7.1039,48.1306],[7.1028,48.1305],[7.1021,48.1295],[7.1016,48.1276],[7.0994,48.1264],[7.0982,48.1251],[7.0969,48.125],[7.0948,48.1265],[7.0917,48.1293],[7.0918,48.1308],[7.0922,48.133],[7.0928,48.134],[7.092,48.1348],[7.0897,48.1353],[7.0885,48.1362],[7.0873,48.1365]]]},"properties":{"id_ffco":"2015-D68-226","nom":"Le Blancrupt-Parc Aventure","_dept":"68","numero":"2015-D68-226","commune":"Orbey","echelle":"1/7500","surface":"1.27 km²","format":"A4","annee":"2015","proprietaire":"6804 - CLUB D'ORIENTATION DE COLMAR","niveau":"Régional","specialite":"CO à pied","contacts":"MEYER Kirian, 12 rue des Primevères, 68570, Wintzfelden, 03.89.72.74.80, 06.24.98.93.15, president@cocolmar.fr","latitude":"48.1326763227","longitude":"7.09882269921","date_saisie":"30/11/2015","date_depot":"15/12/2016","valide":"Oui","ppo":"Non","type_carte":"Reprise","base":"2001-D68-108 La Cascade du Lac Blanc","fond":"Ortho","obsolete":false}},{"type":"Feature","geometry":{"type":"Polygon","coordinates":[[[7.2936,48.1708],[7.2883,48.1745],[7.2895,48.1752],[7.291,48.1773],[7.2903,48.1796],[7.2902,48.182],[7.2913,48.1829],[7.2936,48.1829],[7.2957,48.1821],[7.3011,48.1802],[7.3037,48.1802],[7.3085,48.1805],[7.3119,48.1814],[7.3166,48.1812],[7.3165,48.1804],[7.3147,48.1803],[7.3153,48.1791],[7.3165,48.1791],[7.3199,48.1784],[7.3238,48.1769],[7.3234,48.1745],[7.3228,48.1731],[7.3226,48.1713],[7.322,48.169],[7.319,48.1686],[7.3162,48.1677],[7.3142,48.1677],[7.3124,48.1678],[7.31,48.1677],[7.3081,48.1672],[7.3069,48.1662],[7.3057,48.1662],[7.3042,48.1658],[7.3002,48.166],[7.3004,48.1669],[7.2988,48.1675],[7.2961,48.1679],[7.2955,48.1679],[7.2952,48.1698],[7.2946,48.1709],[7.2943,48.171],[7.2936,48.1708]]]},"properties":{"id_ffco":"2015-D68-225","nom":"Riquewihr - Le Kobelsberg","_dept":"68","numero":"2015-D68-225","commune":"Riquewihr","echelle":"1/10000","surface":"3.4 km²","format":"A4","annee":"2015","proprietaire":"6804 - CLUB D'ORIENTATION DE COLMAR","niveau":"Régional","specialite":"CO à pied","contacts":"MEYER Kirian, 12 rue des Primevères, 68570, Wintzfelden, 03.89.72.74.80, 06.24.98.93.15, president@cocolmar.fr","latitude":"48.1743068171","longitude":"7.30602512585","date_saisie":"25/12/2015","date_depot":"15/12/2016","valide":"Oui","ppo":"Non","type_carte":"Reprise","base":"2014-D68-203 L'Eglise Fortifiée (Hunawihr)","fond":"Ortho","obsolete":false}},{"type":"Feature","geometry":{"type":"Polygon","coordinates":[[[7.322,48.1694],[7.3219,48.1675],[7.3223,48.167],[7.3245,48.1673],[7.3269,48.1672],[7.3272,48.1644],[7.3268,48.1618],[7.3196,48.1627],[7.3191,48.1628],[7.3172,48.1631],[7.316,48.1625],[7.3147,48.1632],[7.3138,48.1643],[7.3137,48.1654],[7.3141,48.1672],[7.3143,48.1678],[7.3138,48.168],[7.315,48.1685],[7.3165,48.1685],[7.3194,48.1693],[7.321,48.1698],[7.322,48.1694]]]},"properties":{"id_ffco":"2015-D68-224","nom":"Zellenberg - 68 - Le Sonnenglanz","_dept":"68","numero":"2015-D68-224","commune":"Zellenberg","echelle":"1/4000","surface":"0.63 km²","format":"A4","annee":"2015","proprietaire":"6804 - CLUB D'ORIENTATION DE COLMAR","niveau":"Régional","specialite":"Sprint (ISSOM)","contacts":"MEYER Kirian, 12 rue des Primevères, 68570, Wintzfelden, 03.89.72.74.80, 06.24.98.93.15, president@cocolmar.fr","latitude":"48.1654660956","longitude":"7.3204085851","date_saisie":"25/12/2015","date_depot":"17/04/2018","valide":"Oui","ppo":"Non","type_carte":"Reprise","base":"2013-D68-191 Zellenberg \"Le Lauenbach\"","fond":"Ortho","obsolete":false}},{"type":"Feature","geometry":{"type":"Polygon","coordinates":[[[7.223,48.0095],[7.2242,48.0088],[7.2255,48.0084],[7.2257,48.0073],[7.2264,48.0056],[7.226,48.004],[7.225,48.0032],[7.2231,48.003],[7.2214,48.003],[7.221,48.004],[7.2202,48.0055],[7.2196,48.0061],[7.2187,48.0062],[7.2188,48.006],[7.2196,48.0055],[7.2196,48.0026],[7.2211,48.0014],[7.2224,47.9999],[7.2214,47.9984],[7.2206,47.9966],[7.2199,47.9953],[7.2205,47.9939],[7.22,47.9913],[7.2205,47.9892],[7.2217,47.9887],[7.2221,47.9881],[7.2202,47.9868],[7.2178,47.986],[7.2173,47.9844],[7.2172,47.9832],[7.2171,47.9819],[7.2168,47.9806],[7.2174,47.9796],[7.2168,47.979],[7.2184,47.9789],[7.2215,47.9802],[7.2208,47.9812],[7.2212,47.9819],[7.2219,47.9823],[7.2237,47.9808],[7.2255,47.9796],[7.2272,47.9792],[7.2284,47.9783],[7.2302,47.9763],[7.2314,47.9752],[7.2322,47.9745],[7.2324,47.9722],[7.2328,47.9708],[7.2328,47.97],[7.2325,47.9691],[7.2318,47.9674],[7.2341,47.9662],[7.2351,47.9652],[7.2369,47.9646],[7.2378,47.9627],[7.2397,47.9606],[7.2432,47.9591],[7.2445,47.9581],[7.2459,47.9573],[7.2491,47.9569],[7.2525,47.9557],[7.2556,47.9544],[7.2587,47.9535],[7.2616,47.9523],[7.2659,47.9506],[7.269,47.9498],[7.2728,47.9477],[7.2751,47.9457],[7.2788,47.9439],[7.2829,47.9421],[7.2838,47.9416],[7.2859,47.9434],[7.2888,47.9453],[7.29,47.948],[7.2912,47.9502],[7.2924,47.9517],[7.2929,47.9533],[7.2936,47.9547],[7.295,47.9567],[7.2973,47.9601],[7.2984,47.9618],[7.3005,47.9649],[7.3022,47.967],[7.3026,47.9679],[7.3031,47.9691],[7.2997,47.9722],[7.2974,47.9742],[7.2954,47.976],[7.294,47.9794],[7.293,47.9839],[7.2927,47.9856],[7.2935,47.988],[7.2938,47.989],[7.2939,47.9928],[7.2936,47.9947],[7.2944,47.9993],[7.2917,47.9996],[7.2908,48.0],[7.2893,48.0003],[7.2881,48.0007],[7.2855,47.9999],[7.2838,47.9995],[7.2832,48.0009],[7.2828,48.0024],[7.2824,48.0029],[7.281,48.0036],[7.2809,48.0043],[7.2784,48.0043],[7.276,48.0045],[7.2739,48.0045],[7.2732,48.0036],[7.2732,48.0025],[7.2714,48.0024],[7.2698,48.0034],[7.2699,48.0037],[7.2706,48.0055],[7.2685,48.0052],[7.2679,48.0045],[7.2653,48.004],[7.2651,48.0036],[7.2661,48.003],[7.2658,48.0029],[7.2638,48.0031],[7.2612,48.0035],[7.2589,48.004],[7.2562,48.0041],[7.2548,48.0044],[7.2523,48.0063],[7.2505,48.0089],[7.2496,48.0101],[7.2484,48.0114],[7.2473,48.0124],[7.2463,48.0134],[7.2457,48.0138],[7.2424,48.0125],[7.2404,48.0114],[7.2393,48.0112],[7.2389,48.0107],[7.2372,48.0106],[7.2348,48.0112],[7.2338,48.0108],[7.2321,48.0096],[7.2302,48.0098],[7.2289,48.0098],[7.2274,48.0101],[7.223,48.0095]]]},"properties":{"id_ffco":"2015-D68-223","nom":"Pays de Rouffach - Vignoble et Vallée noble","_dept":"68","numero":"2015-D68-223","commune":"Rouffach","echelle":"1/10000","surface":"30.94 km²","format":"+","annee":"2015","proprietaire":"6804 - CLUB D'ORIENTATION DE COLMAR","niveau":"National, International","specialite":"CO à VTT","contacts":"MEYER Kirian, 12 rue des Primevères, 68570, Wintzfelden, 03.89.72.74.80, 06.24.98.93.15, president@cocolmar.fr","latitude":"47.9797538254","longitude":"7.26122155763","date_saisie":"22/05/2015","date_depot":"13/02/2017","valide":"Oui","ppo":"Non","type_carte":"Nouvelle carte","fond":"Ortho","obsolete":false}},{"type":"Feature","geometry":{"type":"Polygon","coordinates":[[[7.1866,47.9494],[7.1887,47.9501],[7.1895,47.9505],[7.1904,47.9514],[7.1926,47.9538],[7.1963,47.9559],[7.1969,47.9563],[7.1981,47.9576],[7.1993,47.9575],[7.2008,47.9574],[7.2027,47.9575],[7.2068,47.9568],[7.2081,47.9564],[7.2098,47.9555],[7.2106,47.9552],[7.2115,47.9555],[7.2128,47.9562],[7.2145,47.9565],[7.2164,47.9548],[7.2164,47.9532],[7.2171,47.9526],[7.2169,47.9523],[7.2179,47.9516],[7.2199,47.9502],[7.2212,47.9487],[7.2218,47.9474],[7.2233,47.9463],[7.2252,47.9437],[7.2248,47.9428],[7.2242,47.9421],[7.224,47.9414],[7.2244,47.9407],[7.2252,47.9304],[7.2229,47.9298],[7.2134,47.9257],[7.2111,47.9255],[7.21,47.9231],[7.2013,47.9229],[7.2008,47.9236],[7.2,47.924],[7.1989,47.9239],[7.1991,47.9245],[7.1982,47.9257],[7.1974,47.9259],[7.1969,47.9264],[7.196,47.9266],[7.1956,47.9269],[7.1953,47.9272],[7.1951,47.9276],[7.1943,47.9284],[7.1933,47.9285],[7.193,47.929],[7.1916,47.9297],[7.1907,47.9304],[7.1889,47.9324],[7.1889,47.9327],[7.1878,47.9334],[7.1866,47.9354],[7.1858,47.9356],[7.1861,47.9379],[7.1862,47.9419],[7.1866,47.9494]]]},"properties":{"id_ffco":"2015-D68-222","nom":"Schimberg","_dept":"68","numero":"2015-D68-222","commune":"Orschwihr","echelle":"1/10000","surface":"8.63 km²","format":"A3","annee":"2015","proprietaire":"6806 - CLUB ORIENTATION BUHL ET FLORIVAL","niveau":"National, International","specialite":"CO à pied","contacts":"PIERSON Jean-Luc, 8 rue des Vosges, 68740, Fessenheim, pierson.jl@wanadoo.fr","latitude":"47.9403975966","longitude":"7.20542408219","date_saisie":"15/05/2015","date_depot":"13/02/2017","valide":"Oui","ppo":"Non","type_carte":"Reprise","base":"2009-D68-166 Val du Pâtre","fond":"Ortho","obsolete":false}},{"type":"Feature","geometry":{"type":"Polygon","coordinates":[[[7.2445,47.9581],[7.2437,47.9572],[7.2435,47.9563],[7.2443,47.9552],[7.2453,47.9539],[7.2463,47.9523],[7.2474,47.9504],[7.2471,47.9493],[7.2463,47.948],[7.2432,47.9456],[7.2413,47.9444],[7.2404,47.944],[7.236,47.9406],[7.2347,47.94],[7.234,47.9392],[7.2324,47.9377],[7.2326,47.9373],[7.2315,47.9373],[7.2306,47.9368],[7.229,47.9369],[7.229,47.9364],[7.228,47.9365],[7.2269,47.9378],[7.2257,47.9388],[7.2248,47.9405],[7.2242,47.9411],[7.2241,47.9419],[7.2247,47.9425],[7.2251,47.9437],[7.2241,47.9451],[7.2233,47.9464],[7.2224,47.947],[7.2215,47.9481],[7.2212,47.9487],[7.2202,47.9496],[7.2199,47.9502],[7.2185,47.9512],[7.2168,47.9523],[7.2164,47.9526],[7.2163,47.9549],[7.2143,47.9565],[7.217,47.9568],[7.2185,47.9575],[7.2186,47.958],[7.2163,47.9592],[7.2134,47.9607],[7.2131,47.9613],[7.2131,47.9627],[7.2213,47.9637],[7.2378,47.9635],[7.238,47.9626],[7.2398,47.9607],[7.2408,47.9601],[7.244,47.9588],[7.2445,47.9581]]]},"properties":{"id_ffco":"2015-D68-221","nom":"Le Val du Pâtre","_dept":"68","numero":"2015-D68-221","commune":"Soultzmatt","echelle":"1/10000","surface":"4.78 km²","format":"A3","annee":"2015","niveau":"National, International","specialite":"CO à pied","contacts":"PIERSON Jean-Luc, 8 rue des Vosges, 68740, Fessenheim, pierson.jl@wanadoo.fr","latitude":"47.9523886596","longitude":"7.2308536346","date_saisie":"15/05/2015","date_depot":"15/12/2016","valide":"Oui","ppo":"Non","type_carte":"Reprise","base":"2009-D68-166 Val du Pâtre","fond":"Ortho","obsolete":false}},{"type":"Feature","geometry":{"type":"Polygon","coordinates":[[[7.302,47.9507],[7.298,47.9519],[7.2985,47.9529],[7.2964,47.9537],[7.2959,47.9534],[7.2952,47.9535],[7.2938,47.9542],[7.2931,47.9541],[7.2921,47.9542],[7.2904,47.9547],[7.2883,47.9557],[7.2889,47.9567],[7.2895,47.9573],[7.2897,47.9583],[7.29,47.9594],[7.2907,47.9608],[7.2913,47.9617],[7.2916,47.9621],[7.293,47.962],[7.296,47.962],[7.2986,47.9618],[7.3012,47.9608],[7.3018,47.9604],[7.3031,47.9582],[7.3033,47.9566],[7.304,47.9565],[7.3032,47.9519],[7.302,47.9507]]]},"properties":{"id_ffco":"2015-D68-219","nom":"Ville de Rouffach","_dept":"68","numero":"2015-D68-219","commune":"Rouffach","echelle":"1/4000","surface":"0.97 km²","format":"+","annee":"2015","proprietaire":"6804 - CLUB D'ORIENTATION DE COLMAR","niveau":"Régional","specialite":"Sprint (ISSOM)","contacts":"MEYER Kirian, 12 rue des Primevères, 68570, Wintzfelden, 03.89.72.74.80, 06.24.98.93.15, president@cocolmar.fr","latitude":"47.9570366286","longitude":"7.29685933411","date_saisie":"26/05/2015","date_depot":"15/12/2016","valide":"Oui","ppo":"Non","type_carte":"Nouvelle carte","fond":"Ortho","obsolete":false}},{"type":"Feature","geometry":{"type":"Polygon","coordinates":[[[7.1489,47.7391],[7.1523,47.7395],[7.1531,47.7382],[7.154,47.737],[7.1536,47.7367],[7.1531,47.737],[7.1497,47.7347],[7.1487,47.7353],[7.1492,47.7356],[7.1486,47.7361],[7.1517,47.7379],[7.1508,47.7384],[7.1499,47.7386],[7.1489,47.7391]]]},"properties":{"id_ffco":"2015-D68-218","nom":"Collège Nathan Katz","_dept":"68","numero":"2015-D68-218","commune":"Burnhaupt-le-haut","echelle":"1/2000","surface":"0.1 km²","format":"A4","annee":"2015","proprietaire":"6803 - CLUB D'ORIENTATION DE MULHOUSE","niveau":"O+","specialite":"CO à pied","contacts":"Vincent Papon, 16 rue de la Brasserie, 68460, Lutterbach, 06.63.03.92.86, v.papon@free.fr, http://comulhouse.fr/","latitude":"47.7372302207","longitude":"7.15120824675","date_saisie":"09/01/2016","date_depot":"13/02/2017","valide":"Oui","ppo":"Non","type_carte":"Nouvelle carte","fond":"Cadastre","obsolete":false}},{"type":"Feature","geometry":{"type":"Polygon","coordinates":[[[7.3197,47.7311],[7.3174,47.7334],[7.3175,47.7345],[7.3203,47.7396],[7.3258,47.7393],[7.3276,47.7382],[7.3287,47.7359],[7.3265,47.7342],[7.323,47.7345],[7.3218,47.7327],[7.3197,47.7311]]]},"properties":{"id_ffco":"2015-D68-217","nom":"Plaine Sportive de l'Ill","_dept":"68","numero":"2015-D68-217","commune":"Mulhouse","echelle":"1/4000","surface":"0.46 km²","format":"A4","annee":"2015","proprietaire":"6803 - CLUB D'ORIENTATION DE MULHOUSE","niveau":"National, International","specialite":"Sprint (ISSOM)","contacts":"Vincent Papon, 16 rue de la Brasserie, 68460, Lutterbach, 06.63.03.92.86, v.papon@free.fr, http://comulhouse.fr/","latitude":"47.7360112264","longitude":"7.32256774917","date_saisie":"13/05/2015","date_depot":"19/02/2016","valide":"Oui","ppo":"Non","type_carte":"Nouvelle carte","fond":"Cadastre","obsolete":false}},{"type":"Feature","geometry":{"type":"Polygon","coordinates":[[[7.222,47.6567],[7.221,47.6541],[7.2192,47.6522],[7.2169,47.65],[7.2154,47.6481],[7.2149,47.6462],[7.215,47.6439],[7.216,47.6414],[7.2166,47.6395],[7.2172,47.6374],[7.2167,47.6354],[7.2118,47.6342],[7.206,47.6328],[7.2073,47.6313],[7.2075,47.6293],[7.1958,47.6296],[7.1922,47.6297],[7.1893,47.6292],[7.187,47.6286],[7.1813,47.6269],[7.1791,47.6266],[7.1714,47.6278],[7.1701,47.6279],[7.1685,47.6275],[7.1631,47.6256],[7.1624,47.6248],[7.1555,47.6247],[7.152,47.6262],[7.1476,47.6283],[7.1482,47.6405],[7.1492,47.6396],[7.1521,47.6404],[7.1529,47.6408],[7.1531,47.6417],[7.1572,47.6422],[7.1603,47.6441],[7.1634,47.6438],[7.1666,47.6442],[7.1671,47.6439],[7.1707,47.6447],[7.1763,47.6472],[7.1791,47.6477],[7.1794,47.6473],[7.1812,47.6479],[7.181,47.6489],[7.1833,47.6502],[7.1847,47.6514],[7.1833,47.6532],[7.1827,47.6539],[7.1828,47.6556],[7.1822,47.6572],[7.1827,47.6584],[7.186,47.6589],[7.1872,47.6589],[7.1903,47.6595],[7.191,47.6598],[7.208,47.6597],[7.2089,47.6589],[7.2111,47.6595],[7.2158,47.658],[7.2189,47.6573],[7.222,47.6567]]]},"properties":{"id_ffco":"2015-D68-216","nom":"Le Forst","_dept":"68","numero":"2015-D68-216","commune":"68720 Eglingen","echelle":"1/15000","surface":"13.43 km²","format":"A3","annee":"2015","proprietaire":"6803 - CLUB D'ORIENTATION DE MULHOUSE","niveau":"National, International","specialite":"CO à pied","contacts":"Vincent Papon, 16 rue de la Brasserie, 68460, Lutterbach, 06.63.03.92.86, v.papon@free.fr, http://comulhouse.fr/","latitude":"47.6413586419","longitude":"7.18664366027","date_saisie":"12/12/2015","date_depot":"19/02/2016","valide":"Oui","ppo":"Non","type_carte":"Nouvelle carte","fond":"Ortho","obsolete":false}},{"type":"Feature","geometry":{"type":"Polygon","coordinates":[[[7.2273,47.6043],[7.2289,47.606],[7.2273,47.6071],[7.2268,47.6073],[7.2272,47.6081],[7.2296,47.6084],[7.2319,47.6109],[7.2371,47.6107],[7.2389,47.6087],[7.2417,47.6096],[7.2447,47.61],[7.2511,47.6127],[7.2554,47.6145],[7.2632,47.6139],[7.2653,47.615],[7.2674,47.6144],[7.2672,47.6137],[7.2679,47.6121],[7.2702,47.6102],[7.2706,47.6073],[7.272,47.6057],[7.2735,47.6043],[7.2745,47.601],[7.2694,47.5962],[7.268,47.5947],[7.2656,47.5936],[7.2625,47.5957],[7.2605,47.5949],[7.2589,47.5937],[7.2585,47.5933],[7.2515,47.5933],[7.2484,47.594],[7.2445,47.5949],[7.2418,47.5957],[7.2371,47.5974],[7.2343,47.5999],[7.2311,47.6018],[7.2273,47.6043]]]},"properties":{"id_ffco":"2015-D68-215","nom":"La Palestre - Breitholz","_dept":"68","numero":"2015-D68-215","commune":"Altkirch","echelle":"1/10000","surface":"5.82 km²","format":"A3","annee":"2015","proprietaire":"6803 - CLUB D'ORIENTATION DE MULHOUSE","niveau":"National, International","specialite":"CO à pied","contacts":"Vincent Papon, 16 rue de la Brasserie, 68460, Lutterbach, 06.63.03.92.86, v.papon@free.fr, http://comulhouse.fr/","latitude":"47.6037158509","longitude":"7.25269573608","date_saisie":"11/12/2015","date_depot":"19/02/2016","valide":"Oui","ppo":"Non","type_carte":"Nouvelle carte","fond":"Ortho","obsolete":false}},{"type":"Feature","geometry":{"type":"Polygon","coordinates":[[[7.235,47.624],[7.2347,47.6244],[7.2346,47.6248],[7.235,47.6253],[7.237,47.6263],[7.2376,47.6265],[7.2389,47.6264],[7.2399,47.6267],[7.2403,47.626],[7.2403,47.6252],[7.2402,47.6245],[7.2398,47.6241],[7.2393,47.6236],[7.2396,47.6235],[7.2407,47.6236],[7.2417,47.623],[7.2428,47.6223],[7.2427,47.6217],[7.2419,47.6211],[7.2418,47.6202],[7.2428,47.618],[7.2423,47.6175],[7.2429,47.6161],[7.2421,47.6158],[7.2421,47.6155],[7.2414,47.6155],[7.2411,47.6158],[7.2408,47.6159],[7.2402,47.6156],[7.2397,47.6153],[7.2376,47.6152],[7.2368,47.6161],[7.2359,47.6168],[7.2336,47.6182],[7.2326,47.6187],[7.2327,47.619],[7.2319,47.6194],[7.2311,47.6195],[7.2309,47.6219],[7.2325,47.6224],[7.2329,47.6225],[7.235,47.624]]]},"properties":{"id_ffco":"2015-D68-214","nom":"Altkirch","_dept":"68","numero":"2015-D68-214","commune":"Altkirch","echelle":"1/4000","surface":"0.73 km²","format":"A3","annee":"2015","proprietaire":"6803 - CLUB D'ORIENTATION DE MULHOUSE","niveau":"National, International","specialite":"Sprint (ISSOM)","contacts":"Vincent Papon, 16 rue de la Brasserie, 68460, Lutterbach, 06.63.03.92.86, v.papon@free.fr, http://comulhouse.fr/","latitude":"47.6206415074","longitude":"7.23755332575","date_saisie":"06/12/2015","date_depot":"19/02/2016","valide":"Oui","ppo":"Non","type_carte":"Nouvelle carte","fond":"Cadastre","obsolete":false}},{"type":"Feature","geometry":{"type":"Polygon","coordinates":[[[7.1879,47.9336],[7.1946,47.9355],[7.2022,47.9354],[7.2042,47.9354],[7.206,47.9336],[7.2062,47.9329],[7.2078,47.9311],[7.2091,47.9292],[7.2101,47.9289],[7.2106,47.9274],[7.2116,47.9268],[7.2113,47.9212],[7.2043,47.9213],[7.2046,47.922],[7.2042,47.9232],[7.2034,47.9241],[7.2011,47.9255],[7.199,47.9255],[7.1982,47.9264],[7.1974,47.9263],[7.1931,47.9291],[7.1906,47.9304],[7.1888,47.9327],[7.1879,47.9336]]]},"properties":{"id_ffco":"2014-D68-213","nom":"Les Carrières","_dept":"68","numero":"2014-D68-213","commune":"Buhl 68530","echelle":"1/10000","surface":"1.58 km²","format":"A4","annee":"2014","proprietaire":"6806 - CLUB ORIENTATION BUHL ET FLORIVAL","niveau":"Interrégional","specialite":"CO à pied","contacts":"PIERSON Jean-Luc, 8 rue des Vosges, 68740, Fessenheim, pierson.jl@wanadoo.fr","latitude":"47.9292970445","longitude":"7.20145428005","date_saisie":"15/11/2014","date_depot":"30/12/2014","valide":"Oui","ppo":"Non","type_carte":"Reprise","base":"2007-D68-161 Les Carrières","fond":"Ortho","obsolete":false}},{"type":"Feature","geometry":{"type":"Polygon","coordinates":[[[7.1569,47.9174],[7.1563,47.9153],[7.1551,47.9142],[7.1551,47.9134],[7.1566,47.9123],[7.1588,47.9104],[7.159,47.909],[7.1595,47.9085],[7.1585,47.9069],[7.1586,47.9063],[7.157,47.9048],[7.1592,47.9056],[7.1629,47.906],[7.1665,47.9067],[7.1707,47.9071],[7.1735,47.9058],[7.1755,47.9043],[7.1774,47.9029],[7.1783,47.9012],[7.1801,47.8995],[7.1816,47.8997],[7.1922,47.8995],[7.1942,47.9011],[7.1976,47.9027],[7.1998,47.9037],[7.1985,47.9066],[7.1979,47.911],[7.1948,47.9115],[7.1959,47.9138],[7.1971,47.9148],[7.1982,47.9155],[7.1984,47.9171],[7.1973,47.9169],[7.1957,47.9164],[7.1936,47.9165],[7.193,47.9184],[7.1917,47.9195],[7.1919,47.9204],[7.1934,47.9211],[7.1902,47.9226],[7.188,47.924],[7.1855,47.9247],[7.1825,47.924],[7.1773,47.9214],[7.1765,47.9211],[7.1752,47.9213],[7.1721,47.9208],[7.171,47.9208],[7.1695,47.9209],[7.1679,47.9216],[7.1668,47.9224],[7.1655,47.923],[7.1631,47.9233],[7.1595,47.9231],[7.157,47.9228],[7.1562,47.922],[7.1553,47.922],[7.1555,47.9207],[7.1551,47.9199],[7.1569,47.9174]]]},"properties":{"id_ffco":"2014-D68-212","nom":"Peternit","_dept":"68","numero":"2014-D68-212","commune":"Buhl","echelle":"1/15000","surface":"6.37 km²","format":"A4","annee":"2014","cartographes":"Joël Poirette","proprietaire":"6806 - CLUB ORIENTATION BUHL ET FLORIVAL","niveau":"National, International","specialite":"CO à VTT","contacts":"PIERSON Jean-Luc, 8 rue des Vosges, 68740, Fessenheim, pierson.jl@wanadoo.fr","latitude":"47.9124253507","longitude":"7.17825419453","date_saisie":"21/11/2014","date_depot":"30/12/2014","valide":"Oui","ppo":"Non","type_carte":"Reprise","base":"2006-D68-149 Peternit","fond":"IGN","ref_ign":"3719 OT","obsolete":false}},{"type":"Feature","geometry":{"type":"Polygon","coordinates":[[[7.1895,47.9469],[7.1913,47.9461],[7.1961,47.9459],[7.2005,47.946],[7.2035,47.9449],[7.2074,47.9447],[7.2128,47.9433],[7.2226,47.9412],[7.2242,47.9413],[7.225,47.9402],[7.2259,47.9387],[7.2279,47.9366],[7.2291,47.9364],[7.2292,47.9369],[7.2314,47.9373],[7.2325,47.9374],[7.2333,47.9366],[7.2336,47.9356],[7.2329,47.9345],[7.2327,47.9338],[7.2326,47.932],[7.2326,47.9315],[7.2346,47.9292],[7.237,47.9289],[7.2397,47.9267],[7.2411,47.9242],[7.2423,47.923],[7.2434,47.9216],[7.2439,47.9207],[7.2437,47.9197],[7.2424,47.9192],[7.2434,47.9177],[7.2441,47.9165],[7.2432,47.9147],[7.2422,47.9127],[7.241,47.911],[7.2383,47.9091],[7.2358,47.9078],[7.2323,47.9067],[7.2256,47.9052],[7.2243,47.9047],[7.2219,47.9043],[7.2183,47.9065],[7.2174,47.9073],[7.216,47.9085],[7.2141,47.9097],[7.2116,47.9116],[7.2091,47.914],[7.2076,47.916],[7.2044,47.9174],[7.2007,47.9193],[7.1991,47.9211],[7.1976,47.9235],[7.1949,47.926],[7.1916,47.9282],[7.1894,47.9299],[7.1872,47.9314],[7.1885,47.9317],[7.1884,47.9322],[7.1889,47.9327],[7.188,47.9335],[7.1873,47.9389],[7.1879,47.9407],[7.188,47.9415],[7.1875,47.9428],[7.1879,47.944],[7.1886,47.9462],[7.1895,47.9469]]]},"properties":{"id_ffco":"2014-D68-211","nom":"Les Carrières","_dept":"68","numero":"2014-D68-211","commune":"Bergholtz","echelle":"1/15000","surface":"12.25 km²","format":"A3","annee":"2014","cartographes":"Joël Poirette, Hervé Clor","proprietaire":"6806 - CLUB ORIENTATION BUHL ET FLORIVAL","niveau":"National, International","specialite":"CO à VTT","latitude":"47.926496342","longitude":"7.21587208425","date_saisie":"18/11/2014","date_depot":"30/12/2014","valide":"Oui","ppo":"Non","type_carte":"Reprise","base":"2007-D68-161 Les Carrières","fond":"IGN","ref_ign":"3719 OT","obsolete":false}},{"type":"Feature","geometry":{"type":"Polygon","coordinates":[[[7.3637,47.7377],[7.3658,47.7367],[7.3688,47.7355],[7.3747,47.7318],[7.3773,47.7301],[7.3797,47.7291],[7.3806,47.7282],[7.3821,47.7256],[7.3829,47.7241],[7.3848,47.723],[7.3851,47.7219],[7.3856,47.72],[7.386,47.7197],[7.3841,47.7191],[7.3826,47.7182],[7.3816,47.7179],[7.3806,47.7172],[7.3784,47.7154],[7.3776,47.7145],[7.3752,47.7136],[7.3729,47.7115],[7.3708,47.71],[7.3691,47.7087],[7.3675,47.7077],[7.3649,47.7064],[7.3634,47.7053],[7.36,47.7041],[7.3571,47.704],[7.3558,47.704],[7.356,47.7032],[7.358,47.7011],[7.3578,47.6992],[7.3557,47.6995],[7.3543,47.6995],[7.3523,47.699],[7.3333,47.6983],[7.3307,47.7006],[7.3299,47.7018],[7.3281,47.7036],[7.3287,47.7042],[7.3261,47.7056],[7.3264,47.7059],[7.3223,47.7077],[7.3201,47.708],[7.3193,47.7092],[7.3211,47.7114],[7.3255,47.7163],[7.3262,47.7158],[7.3268,47.7162],[7.3268,47.7166],[7.3276,47.7168],[7.3308,47.7189],[7.3324,47.7196],[7.3345,47.72],[7.3345,47.7215],[7.3369,47.7216],[7.3394,47.7217],[7.3412,47.7221],[7.3436,47.7222],[7.3433,47.7209],[7.3433,47.7195],[7.3446,47.7185],[7.3518,47.7238],[7.3525,47.7249],[7.351,47.7262],[7.3479,47.7269],[7.348,47.7278],[7.3475,47.7297],[7.3474,47.7314],[7.3489,47.7315],[7.3522,47.7329],[7.3541,47.7357],[7.3538,47.7361],[7.3581,47.7377],[7.3637,47.7377]]]},"properties":{"id_ffco":"2014-D68-210","nom":"Tannenwald-Rand'O","_dept":"68","numero":"2014-D68-210","commune":"Mulhouse","echelle":"1/15000","surface":"11.76 km²","format":"A3","annee":"2014","proprietaire":"6803 - CLUB D'ORIENTATION DE MULHOUSE","niveau":"Régional","specialite":"Rand'O","contacts":"PAPON Vincent, 6 rue de Provence, 67400, Illkirch-Graffenstaden, 06.63.03.92.86, v.papon@free.fr","latitude":"47.716500873","longitude":"7.35388333953","date_saisie":"05/12/2016","date_depot":"23/12/2015","valide":"Oui","ppo":"Non","type_carte":"Reprise","base":"2011-D68-180 Tannenwald-Mulhouse","fond":"Ortho","obsolete":false}},{"type":"Feature","geometry":{"type":"Polygon","coordinates":[[[7.3078,47.7312],[7.3094,47.732],[7.3121,47.7332],[7.3143,47.7335],[7.316,47.7323],[7.3149,47.731],[7.3176,47.7305],[7.3158,47.7294],[7.3128,47.7278],[7.307,47.7276],[7.3064,47.7278],[7.3061,47.7292],[7.3078,47.7312]]]},"properties":{"id_ffco":"2014-D68-209","nom":"Campus Universitaire-Mulhouse","_dept":"68","numero":"2014-D68-209","commune":"Mulhouse","echelle":"1/4000","surface":"0.35 km²","format":"A4","annee":"2014","proprietaire":"6803 - CLUB D'ORIENTATION DE MULHOUSE","niveau":"National, International","specialite":"Sprint (ISSOM)","contacts":"Vincent Papon, 16 rue de la Brasserie, 68460, Lutterbach, 06.63.03.92.86, v.papon@free.fr, http://comulhouse.fr/","latitude":"47.7302245962","longitude":"7.31149753427","date_saisie":"01/12/2014","date_depot":"30/12/2014","valide":"Oui","ppo":"Non","type_carte":"Reprise","base":"2002-D68-119 Campus Universitaire Mulhouse","fond":"Cadastre","obsolete":false}},{"type":"Feature","geometry":{"type":"Polygon","coordinates":[[[7.3004,47.7979],[7.3015,47.7965],[7.3028,47.7953],[7.3048,47.7944],[7.3053,47.7934],[7.3114,47.7936],[7.3106,47.7959],[7.3086,47.7975],[7.3079,47.7988],[7.3004,47.7979]]]},"properties":{"id_ffco":"2014-D68-208","nom":"Décathlon-Oxylane Village","_dept":"68","numero":"2014-D68-208","commune":"Wittenheim","echelle":"1/2500","surface":"0.31 km²","format":"A4","annee":"2014","proprietaire":"6803 - CLUB D'ORIENTATION DE MULHOUSE","niveau":"O+","specialite":"CO à pied","contacts":"Vincent Papon, 16 rue de la Brasserie, 68460, Lutterbach, 06.63.03.92.86, v.papon@free.fr, http://comulhouse.fr/","latitude":"47.7960529661","longitude":"7.30628385216","date_saisie":"01/12/2014","date_depot":"30/12/2014","valide":"Oui","ppo":"Non","type_carte":"Nouvelle carte","fond":"Cadastre","obsolete":false}},{"type":"Feature","geometry":{"type":"Polygon","coordinates":[[[7.2585,47.6798],[7.2588,47.6791],[7.2594,47.6788],[7.2597,47.6782],[7.2596,47.6775],[7.259,47.6768],[7.2579,47.6773],[7.2566,47.6777],[7.2568,47.6783],[7.2574,47.6789],[7.2559,47.6795],[7.2565,47.6802],[7.2576,47.6805],[7.2585,47.6798]]]},"properties":{"id_ffco":"2014-D68-207","nom":"Collège de l'Ill","_dept":"68","numero":"2014-D68-207","commune":"Illfurth","echelle":"1/2000","surface":"0.06 km²","format":"A3","annee":"2014","proprietaire":"6803 - CLUB D'ORIENTATION DE MULHOUSE","niveau":"O+","specialite":"CO à pied","contacts":"Vincent Papon, 16 rue de la Brasserie, 68460, Lutterbach, 06.63.03.92.86, v.papon@free.fr, http://comulhouse.fr/","latitude":"47.6786618414","longitude":"7.25796339191","date_saisie":"02/12/2014","date_depot":"30/12/2014","valide":"Oui","ppo":"Non","type_carte":"Nouvelle carte","fond":"Cadastre","obsolete":false}},{"type":"Feature","geometry":{"type":"Polygon","coordinates":[[[7.1871,47.9243],[7.1854,47.9245],[7.1822,47.9239],[7.1777,47.9215],[7.1765,47.9212],[7.1752,47.9213],[7.1728,47.9208],[7.171,47.9207],[7.1704,47.921],[7.1689,47.9209],[7.1659,47.9231],[7.1624,47.9234],[7.162,47.9285],[7.1623,47.937],[7.1636,47.9377],[7.1675,47.9377],[7.1694,47.9373],[7.1716,47.937],[7.1723,47.9362],[7.1729,47.9368],[7.1749,47.9363],[7.1766,47.936],[7.1761,47.9349],[7.1779,47.9346],[7.1793,47.934],[7.1798,47.9329],[7.1819,47.9319],[7.1833,47.9308],[7.1845,47.9296],[7.1862,47.9292],[7.1858,47.9289],[7.1867,47.9281],[7.1856,47.9271],[7.1878,47.9251],[7.1871,47.9243]]]},"properties":{"id_ffco":"2014-D68-206","nom":"Buhl-Demberg","_dept":"68","numero":"2014-D68-206","commune":"Buhl","echelle":"1/10000","surface":"2.55 km²","format":"A4","annee":"2014","proprietaire":"6806 - CLUB ORIENTATION BUHL ET FLORIVAL","niveau":"Interrégional","specialite":"CO à pied","contacts":"PIERSON Jean-Luc, 8 rue des Vosges, 68740, Fessenheim, pierson.jl@wanadoo.fr","latitude":"47.9289295753","longitude":"7.17261848487","date_saisie":"16/11/2014","date_depot":"20/01/2015","valide":"Oui","ppo":"Non","type_carte":"Reprise","base":"1991-D68-063 Buhl - Demberg","fond":"Ortho","obsolete":false}},{"type":"Feature","geometry":{"type":"Polygon","coordinates":[[[7.1913,47.9252],[7.1885,47.9235],[7.1879,47.924],[7.1851,47.9246],[7.1821,47.9239],[7.1807,47.9231],[7.1802,47.9253],[7.1803,47.9259],[7.1795,47.9259],[7.18,47.9267],[7.1803,47.9278],[7.1812,47.9283],[7.1793,47.9293],[7.1789,47.9298],[7.1811,47.9304],[7.1812,47.9307],[7.182,47.9306],[7.1836,47.9312],[7.1845,47.9307],[7.1855,47.9302],[7.1887,47.9302],[7.1905,47.9288],[7.19,47.9285],[7.1909,47.9277],[7.1893,47.9268],[7.1901,47.9261],[7.1913,47.9252]]]},"properties":{"id_ffco":"2014-D68-205","nom":"Buhl","_dept":"68","numero":"2014-D68-205","commune":"Buhl","echelle":"1/4000","surface":"0.53 km²","format":"A4","annee":"2014","proprietaire":"6806 - CLUB ORIENTATION BUHL ET FLORIVAL","niveau":"Interrégional","specialite":"CO à pied","contacts":"PIERSON Jean-Luc, 8 rue des Vosges, 68740, Fessenheim, pierson.jl@wanadoo.fr","latitude":"47.9272361931","longitude":"7.18501059097","date_saisie":"16/11/2014","date_depot":"30/12/2014","valide":"Oui","ppo":"Non","type_carte":"Nouvelle carte","fond":"Ortho","obsolete":false}},{"type":"Feature","geometry":{"type":"Polygon","coordinates":[[[7.1694,47.921],[7.1709,47.9209],[7.1733,47.9209],[7.1749,47.9212],[7.1765,47.9212],[7.181,47.9231],[7.1821,47.9239],[7.1851,47.9245],[7.1852,47.9246],[7.187,47.9243],[7.188,47.9239],[7.1921,47.9215],[7.1932,47.9211],[7.1942,47.92],[7.1954,47.9194],[7.1967,47.9191],[7.2002,47.9173],[7.2015,47.9166],[7.2011,47.912],[7.2001,47.9102],[7.2005,47.9096],[7.2002,47.9083],[7.1996,47.9075],[7.199,47.9065],[7.1976,47.9055],[7.1975,47.9051],[7.1967,47.9045],[7.1962,47.904],[7.197,47.9038],[7.1999,47.9037],[7.1977,47.9029],[7.1953,47.9017],[7.1923,47.8996],[7.1922,47.8992],[7.1893,47.8986],[7.1891,47.8993],[7.1893,47.8995],[7.188,47.9003],[7.1873,47.9005],[7.1851,47.9021],[7.1843,47.9024],[7.1822,47.9033],[7.1817,47.9044],[7.1805,47.9052],[7.1812,47.9059],[7.1818,47.9066],[7.1804,47.908],[7.1793,47.9078],[7.1771,47.9095],[7.1765,47.9092],[7.175,47.9096],[7.1738,47.9098],[7.174,47.9109],[7.1744,47.9114],[7.174,47.9122],[7.1722,47.912],[7.1714,47.9123],[7.1708,47.9132],[7.17,47.9139],[7.1693,47.9144],[7.1687,47.9152],[7.1681,47.915],[7.1678,47.9141],[7.1666,47.913],[7.1655,47.9129],[7.1641,47.9132],[7.164,47.9179],[7.166,47.9184],[7.1668,47.9194],[7.1678,47.9199],[7.1691,47.9203],[7.1694,47.921]]]},"properties":{"id_ffco":"2014-D68-204","nom":"Hugstein-Peternit","_dept":"68","numero":"2014-D68-204","commune":"Guebwiller","echelle":"1/10000","surface":"4.53 km²","format":"A3","annee":"2014","cartographes":"DOTT Pascal, HUEBER François, SUTTER Olivier","proprietaire":"6806 - CLUB ORIENTATION BUHL ET FLORIVAL","niveau":"Interrégional","specialite":"CO à pied","contacts":"PIERSON Jean-Luc, 8 rue des Vosges, 68740, Fessenheim, pierson.jl@wanadoo.fr","latitude":"47.9130500316","longitude":"7.18544641891","date_saisie":"16/11/2014","date_depot":"30/12/2014","valide":"Oui","ppo":"Non","type_carte":"Reprise","base":"2006-D68-149 Peternit","fond":"IGN","ref_ign":"3719 OT","obsolete":false}},{"type":"Feature","geometry":{"type":"Polygon","coordinates":[[[7.3145,48.1783],[7.3153,48.1773],[7.3148,48.1765],[7.3149,48.1749],[7.3147,48.1741],[7.3137,48.1745],[7.313,48.1734],[7.3125,48.1732],[7.3122,48.1725],[7.311,48.1702],[7.3098,48.1703],[7.308,48.171],[7.3052,48.1706],[7.3016,48.1705],[7.2998,48.1704],[7.2974,48.1708],[7.2967,48.1707],[7.2946,48.1709],[7.2906,48.1728],[7.2908,48.1736],[7.2921,48.1746],[7.2926,48.1749],[7.2925,48.177],[7.2924,48.1796],[7.2914,48.1808],[7.2922,48.1814],[7.2919,48.1827],[7.2923,48.1837],[7.2962,48.1841],[7.2993,48.1855],[7.3,48.1861],[7.3059,48.1857],[7.3083,48.186],[7.3101,48.1855],[7.3116,48.1829],[7.3122,48.1835],[7.314,48.1832],[7.316,48.1836],[7.3163,48.1825],[7.3159,48.1821],[7.3158,48.1807],[7.3142,48.1807],[7.314,48.1796],[7.3145,48.1783]]]},"properties":{"id_ffco":"2014-D68-203","nom":"L'Eglise Fortifiée (Hunawihr)","_dept":"68","numero":"2014-D68-203","commune":"Hunawihr","echelle":"1/10000","surface":"2.61 km²","format":"A4","annee":"2014","proprietaire":"6804 - CLUB D'ORIENTATION DE COLMAR","niveau":"Régional","specialite":"CO à pied","contacts":"MEYER Kirian, 12 rue des Primevères, 68570, Wintzfelden, 03.89.72.74.80, 06.24.98.93.15, president@cocolmar.fr","latitude":"48.1779987263","longitude":"7.30327541496","date_saisie":"02/12/2014","date_depot":"30/12/2014","valide":"Oui","ppo":"Non","type_carte":"Nouvelle carte","fond":"Ortho","obsolete":false}},{"type":"Feature","geometry":{"type":"Polygon","coordinates":[[[7.3061,47.7356],[7.306,47.7363],[7.306,47.7372],[7.3088,47.7378],[7.3103,47.7385],[7.3106,47.7385],[7.3107,47.7383],[7.3099,47.7376],[7.3086,47.7368],[7.3061,47.7356]]]},"properties":{"id_ffco":"2013-D68-202","nom":"Le Haut-Poirier","_dept":"68","numero":"2013-D68-202","commune":"Mulhouse","echelle":"1/2000","surface":"0.04 km²","format":"A4","annee":"2013","proprietaire":"6803 - CLUB D'ORIENTATION DE MULHOUSE","niveau":"O+","specialite":"CO à pied","contacts":"Vincent Papon, 16 rue de la Brasserie, 68460, Lutterbach, 06.63.03.92.86, v.papon@free.fr, http://comulhouse.fr/","latitude":"47.7370910842","longitude":"7.30787848649","date_saisie":"02/12/2014","date_depot":"30/12/2014","valide":"Oui","ppo":"Non","type_carte":"Nouvelle carte","fond":"Cadastre","obsolete":false}},{"type":"Feature","geometry":{"type":"Polygon","coordinates":[[[7.4632,48.1042],[7.4639,48.1059],[7.4674,48.1059],[7.4678,48.1054],[7.4676,48.1054],[7.4674,48.1046],[7.4674,48.1042],[7.4671,48.1034],[7.4671,48.1032],[7.465,48.1037],[7.4641,48.1039],[7.4632,48.1042]]]},"properties":{"id_ffco":"2013-D68-201","nom":"Le Ried Brun","_dept":"68","numero":"2013-D68-201","commune":"Muntzenheim","echelle":"1/2000","surface":"0.07 km²","format":"A4","annee":"2013","cartographes":"Christophe BERNAUER","proprietaire":"68 - Haut-Rhin","niveau":"O+","specialite":"CO à pied","contacts":"PIERSON Jean-Luc, 8 rue des Vosges, 68740, Fessenheim, pierson.jl@wanadoo.fr","latitude":"48.1047635102","longitude":"7.46560209966","date_saisie":"21/02/2017","date_depot":"17/04/2018","valide":"Oui","ppo":"Non","type_carte":"Nouvelle carte","fond":"Cadastre","obsolete":false}},{"type":"Feature","geometry":{"type":"Polygon","coordinates":[[[7.3523,48.0674],[7.354,48.067],[7.3537,48.0665],[7.3544,48.0664],[7.3543,48.0662],[7.3546,48.0661],[7.3544,48.0659],[7.3546,48.0658],[7.3543,48.0656],[7.3542,48.0655],[7.354,48.0653],[7.3521,48.0658],[7.3524,48.0664],[7.3517,48.0665],[7.3523,48.0674]]]},"properties":{"id_ffco":"2013-D68-200","nom":"Institut de l'Assomption","_dept":"68","numero":"2013-D68-200","commune":"Colmar","echelle":"1/1000","surface":"0.03 km²","format":"A3","annee":"2013","cartographes":"Jean-Luc PIERSON","proprietaire":"68 - Haut-Rhin","niveau":"Initiation, Scolaire","specialite":"CO à pied","contacts":"Comité Départemental de Course d'Orientation du Haut-Rhin","latitude":"48.0663485361","longitude":"7.35315273456","date_saisie":"21/02/2014","date_depot":"15/05/2014","valide":"Oui","ppo":"Non","type_carte":"Nouvelle carte","fond":"Cadastre","obsolete":false}},{"type":"Feature","geometry":{"type":"Polygon","coordinates":[[[7.1882,48.1036],[7.1883,48.1039],[7.1887,48.1043],[7.1892,48.1046],[7.1895,48.1048],[7.1899,48.1048],[7.1899,48.105],[7.191,48.1053],[7.1912,48.1052],[7.1918,48.1054],[7.1918,48.1053],[7.1925,48.1053],[7.1926,48.1051],[7.1925,48.1048],[7.1924,48.1044],[7.1922,48.1039],[7.192,48.1035],[7.1917,48.1033],[7.1913,48.1032],[7.1903,48.1031],[7.1903,48.1031],[7.1896,48.1033],[7.1887,48.1035],[7.1884,48.1036],[7.1882,48.1036]]]},"properties":{"id_ffco":"2013-D68-199","nom":"Musée du bois","_dept":"68","numero":"2013-D68-199","commune":"Labaroche","echelle":"1/1500","surface":"0.06 km²","format":"A4","annee":"2013","cartographes":"Christophe BERNAUER","proprietaire":"6804 - CLUB D'ORIENTATION DE COLMAR","niveau":"O+","specialite":"CO à pied","contacts":"MEYER Kirian, 12 rue des Primevères, 68570, Wintzfelden, 03.89.72.74.80, 06.24.98.93.15, president@cocolmar.fr","latitude":"48.104184591","longitude":"7.19062486988","date_saisie":"21/02/2017","date_depot":"17/04/2018","valide":"Oui","ppo":"Non","type_carte":"Nouvelle carte","fond":"Cadastre","obsolete":false}},{"type":"Feature","geometry":{"type":"Polygon","coordinates":[[[7.1736,48.1128],[7.1744,48.1133],[7.1759,48.1137],[7.177,48.1137],[7.1784,48.114],[7.1793,48.1143],[7.18,48.1148],[7.1811,48.1165],[7.1811,48.1176],[7.1815,48.1179],[7.185,48.1181],[7.1848,48.1172],[7.1856,48.1165],[7.1857,48.1157],[7.187,48.1152],[7.1874,48.1137],[7.1879,48.1121],[7.1878,48.11],[7.1877,48.1085],[7.1872,48.1088],[7.1855,48.1089],[7.1845,48.1083],[7.1835,48.108],[7.1828,48.1073],[7.183,48.1086],[7.1827,48.1088],[7.1804,48.1082],[7.1796,48.1072],[7.1779,48.107],[7.1771,48.1073],[7.1762,48.1077],[7.175,48.1079],[7.1744,48.1088],[7.1738,48.1096],[7.1737,48.1102],[7.1735,48.1112],[7.1739,48.1122],[7.174,48.1127],[7.1736,48.1128]]]},"properties":{"id_ffco":"2013-D68-198","nom":"LABAROCHE Le Faîte","_dept":"68","numero":"2013-D68-198","commune":"Labaroche","echelle":"1/7500","surface":"0.85 km²","format":"A4","annee":"2013","proprietaire":"6804 - CLUB D'ORIENTATION DE COLMAR","niveau":"Régional","specialite":"CO à pied","contacts":"MEYER Kirian, 12 rue des Primevères, 68570, Wintzfelden, 03.89.72.74.80, 06.24.98.93.15, president@cocolmar.fr","latitude":"48.1119570712","longitude":"7.18121048124","date_saisie":"01/02/2017","date_depot":"17/04/2018","valide":"Oui","ppo":"Non","type_carte":"Nouvelle carte","fond":"Ortho","obsolete":false}},{"type":"Feature","geometry":{"type":"Polygon","coordinates":[[[7.1784,47.8148],[7.1782,47.8157],[7.1781,47.8165],[7.1791,47.8173],[7.1806,47.8181],[7.1825,47.8188],[7.1849,47.8189],[7.1887,47.8186],[7.1903,47.8184],[7.1917,47.8175],[7.1928,47.8167],[7.1932,47.816],[7.1935,47.8156],[7.1943,47.8152],[7.1933,47.8146],[7.1926,47.8139],[7.1915,47.8138],[7.19,47.8135],[7.1889,47.8137],[7.1867,47.8133],[7.1861,47.8133],[7.1864,47.8121],[7.1853,47.8122],[7.1853,47.8129],[7.1849,47.8127],[7.1847,47.8135],[7.1835,47.8135],[7.1828,47.8133],[7.182,47.8133],[7.1806,47.8128],[7.18,47.8136],[7.1792,47.8142],[7.1784,47.8148]]]},"properties":{"id_ffco":"2013-D68-197","nom":"Collège René Cassin et environs","_dept":"68","numero":"2013-D68-197","commune":"Cernay","echelle":"1/4000","surface":"0.6 km²","format":"A4","annee":"2013","proprietaire":"6803 - CLUB D'ORIENTATION DE MULHOUSE","niveau":"Initiation, Scolaire","specialite":"CO à pied","contacts":"Vincent Papon, 16 rue de la Brasserie, 68460, Lutterbach, 06.63.03.92.86, v.papon@free.fr, http://comulhouse.fr/","latitude":"47.8158776629","longitude":"7.18569829325","date_saisie":"02/12/2016","date_depot":"01/01/2013","valide":"Oui","ppo":"Non","type_carte":"Nouvelle carte","fond":"Cadastre","obsolete":false}},{"type":"Feature","geometry":{"type":"Polygon","coordinates":[[[7.28,47.7664],[7.2626,47.7677],[7.2641,47.7658],[7.2665,47.7635],[7.2696,47.7614],[7.2713,47.7621],[7.2721,47.7625],[7.2757,47.7614],[7.2777,47.7619],[7.2797,47.7629],[7.2795,47.7636],[7.28,47.7664]]]},"properties":{"id_ffco":"2013-D68-196","nom":"Nonnenbruch Sud","_dept":"68","numero":"2013-D68-196","commune":"Lutterbach","echelle":"1/5000","surface":"0.6 km²","format":"A4","annee":"2013","proprietaire":"6803 - CLUB D'ORIENTATION DE MULHOUSE","niveau":"Initiation, Scolaire","specialite":"CO à pied","latitude":"47.7646829173","longitude":"7.27208400777","date_saisie":"02/12/2016","date_depot":"01/01/2013","valide":"Oui","ppo":"Non","type_carte":"Reprise","base":"1996-D68-058 Nonnenbruch","fond":"IGN","ref_ign":"3720 ET","obsolete":false}},{"type":"Feature","geometry":{"type":"Polygon","coordinates":[[[7.1469,47.6905],[7.1478,47.6899],[7.1488,47.6894],[7.15,47.6898],[7.151,47.6902],[7.1522,47.6894],[7.1547,47.688],[7.1577,47.6878],[7.1595,47.6875],[7.1596,47.6844],[7.1599,47.6842],[7.1548,47.6807],[7.1548,47.6736],[7.1517,47.6737],[7.1517,47.6704],[7.1504,47.6697],[7.15,47.6681],[7.1492,47.668],[7.147,47.6691],[7.145,47.6699],[7.144,47.6706],[7.1433,47.6715],[7.1426,47.6719],[7.1421,47.6726],[7.1413,47.6736],[7.1406,47.6745],[7.1409,47.6748],[7.1402,47.6751],[7.1396,47.675],[7.1395,47.6753],[7.1391,47.6753],[7.1392,47.6757],[7.1389,47.6758],[7.139,47.6762],[7.1385,47.6764],[7.1388,47.6767],[7.1387,47.6772],[7.1388,47.6773],[7.1385,47.6781],[7.1384,47.6792],[7.1373,47.6799],[7.1369,47.6803],[7.1369,47.6807],[7.1372,47.6807],[7.1378,47.6817],[7.1381,47.6832],[7.1388,47.6839],[7.1404,47.6857],[7.1422,47.6867],[7.1429,47.6872],[7.1431,47.6876],[7.1428,47.6877],[7.1429,47.688],[7.1444,47.6882],[7.1447,47.6882],[7.1454,47.6886],[7.1469,47.6905]]]},"properties":{"id_ffco":"2013-D68-195","nom":"Gildwiller sur le Mont","_dept":"68","numero":"2013-D68-195","commune":"Gildwiller","echelle":"1/10000","surface":"2.51 km²","format":"A4","annee":"2013","proprietaire":"6803 - CLUB D'ORIENTATION DE MULHOUSE","niveau":"Régional","specialite":"CO à pied","contacts":"CO Mulhouse, http://comulhouse.fr/ // PAPON Vincent, 6 rue de Provence, 67400, Illkirch-Graffenstaden, 06.63.03.92.86, v.papon@free.fr","latitude":"47.6802654617","longitude":"7.14796926606","date_saisie":"17/10/2013","date_depot":"30/12/2014","valide":"Oui","ppo":"Non","type_carte":"Reprise","base":"2003-D68-125 Gildwiller-sur-le-Mont","fond":"Ortho","obsolete":false}},{"type":"Feature","geometry":{"type":"Polygon","coordinates":[[[7.2143,47.8802],[7.2152,47.878],[7.215,47.8767],[7.2155,47.8751],[7.2162,47.875],[7.216,47.8742],[7.2172,47.873],[7.2177,47.8722],[7.2177,47.8708],[7.2173,47.8702],[7.2161,47.8684],[7.216,47.867],[7.216,47.8647],[7.2134,47.8649],[7.2106,47.8646],[7.211,47.8654],[7.2016,47.8658],[7.1992,47.8659],[7.199,47.8669],[7.1968,47.8668],[7.1951,47.8662],[7.1934,47.8658],[7.1917,47.8659],[7.1915,47.8661],[7.1901,47.867],[7.1897,47.8672],[7.1894,47.8682],[7.1906,47.8689],[7.1913,47.8696],[7.1916,47.8701],[7.1915,47.871],[7.1886,47.8703],[7.1889,47.8752],[7.1897,47.8751],[7.1917,47.8752],[7.1915,47.876],[7.1906,47.8777],[7.19,47.879],[7.1902,47.8802],[7.1922,47.8796],[7.1936,47.8797],[7.1948,47.8795],[7.1955,47.8792],[7.1956,47.8785],[7.1957,47.878],[7.198,47.8779],[7.2001,47.8776],[7.2014,47.8775],[7.2038,47.8783],[7.2063,47.879],[7.2085,47.8793],[7.2104,47.8795],[7.2118,47.8798],[7.2143,47.8802]]]},"properties":{"id_ffco":"2012-D68-194","nom":"Wuenheim","_dept":"68","numero":"2012-D68-194","commune":"Wuenheim","echelle":"1/10000","surface":"2.88 km²","format":"A4","annee":"2012","proprietaire":"6806 - CLUB ORIENTATION BUHL ET FLORIVAL","niveau":"Régional","specialite":"CO à pied","latitude":"47.8722541601","longitude":"7.20351000457","date_saisie":"23/02/2014","date_depot":"15/05/2014","valide":"Oui","ppo":"Non","type_carte":"Nouvelle carte","fond":"Ortho","obsolete":false}},{"type":"Feature","geometry":{"type":"Polygon","coordinates":[[[7.2149,47.9025],[7.2138,47.9035],[7.2115,47.9055],[7.2106,47.9062],[7.2101,47.9071],[7.2092,47.9079],[7.2081,47.9089],[7.2074,47.9098],[7.209,47.911],[7.2087,47.9114],[7.2106,47.9123],[7.2121,47.9112],[7.2136,47.9098],[7.2151,47.909],[7.2165,47.908],[7.2172,47.9073],[7.218,47.9066],[7.2169,47.9052],[7.2173,47.9041],[7.2149,47.9025]]]},"properties":{"id_ffco":"2013-D68-193","nom":"Guebwiller","_dept":"68","numero":"2013-D68-193","commune":"Guebwiller","echelle":"1/4000","surface":"0.4 km²","format":"A4","annee":"2013","cartographes":"Lena KORCHAK, Claudie GREVET, François HUEBER","proprietaire":"6806 - CLUB ORIENTATION BUHL ET FLORIVAL","niveau":"Régional","specialite":"CO à pied","latitude":"47.9075084263","longitude":"7.21291694898","date_saisie":"23/02/2014","date_depot":"15/05/2014","valide":"Oui","ppo":"Non","type_carte":"Nouvelle carte","fond":"Cadastre","obsolete":false}},{"type":"Feature","geometry":{"type":"Polygon","coordinates":[[[7.3266,48.244],[7.3283,48.2443],[7.3298,48.245],[7.3315,48.245],[7.333,48.2448],[7.3353,48.2449],[7.3372,48.2448],[7.3376,48.2445],[7.3387,48.2447],[7.3426,48.244],[7.3441,48.2442],[7.3454,48.244],[7.3465,48.2443],[7.3487,48.2438],[7.3498,48.2436],[7.3505,48.2435],[7.3511,48.244],[7.3515,48.2437],[7.3498,48.2427],[7.3491,48.2427],[7.3486,48.2428],[7.3482,48.2428],[7.3485,48.2425],[7.3506,48.2422],[7.3518,48.2422],[7.3533,48.242],[7.3544,48.2424],[7.3545,48.242],[7.3538,48.2412],[7.3541,48.2405],[7.3557,48.2402],[7.3558,48.2405],[7.3555,48.241],[7.3563,48.2413],[7.3563,48.2419],[7.3566,48.242],[7.357,48.2413],[7.3594,48.2398],[7.3608,48.2388],[7.3612,48.2381],[7.3623,48.2374],[7.3616,48.2362],[7.3631,48.2336],[7.3656,48.2325],[7.367,48.2321],[7.3661,48.2314],[7.3658,48.2308],[7.3652,48.2293],[7.3645,48.2279],[7.3628,48.2266],[7.3627,48.2254],[7.363,48.224],[7.3633,48.2223],[7.3638,48.2208],[7.3637,48.2203],[7.3631,48.2193],[7.3623,48.2195],[7.3626,48.2197],[7.3619,48.2199],[7.3613,48.219],[7.3611,48.2182],[7.3594,48.2183],[7.3588,48.2181],[7.3573,48.218],[7.3564,48.218],[7.3568,48.2171],[7.356,48.2165],[7.3534,48.2165],[7.3519,48.2162],[7.3498,48.2147],[7.3481,48.2138],[7.3465,48.2134],[7.343,48.2104],[7.3414,48.2119],[7.3397,48.2127],[7.3377,48.2136],[7.3367,48.2143],[7.3348,48.2162],[7.3334,48.2173],[7.3317,48.2176],[7.3292,48.219],[7.326,48.2209],[7.325,48.2214],[7.3223,48.2216],[7.3218,48.2222],[7.3207,48.2224],[7.3197,48.2222],[7.3178,48.2217],[7.3167,48.222],[7.3161,48.2233],[7.3153,48.2235],[7.3143,48.2235],[7.314,48.2237],[7.3144,48.2241],[7.3137,48.2253],[7.3131,48.2256],[7.3117,48.2259],[7.3109,48.2259],[7.31,48.2265],[7.3103,48.2268],[7.3112,48.2269],[7.3104,48.2277],[7.3094,48.2285],[7.3087,48.2292],[7.3084,48.23],[7.3078,48.2298],[7.3084,48.2283],[7.309,48.2275],[7.3073,48.2264],[7.3077,48.2275],[7.3067,48.2281],[7.3056,48.2303],[7.3056,48.2323],[7.3053,48.2327],[7.3061,48.2329],[7.3066,48.2335],[7.3064,48.2344],[7.3072,48.2348],[7.3081,48.235],[7.3089,48.2356],[7.312,48.2358],[7.3125,48.2361],[7.3145,48.2357],[7.3154,48.2352],[7.3161,48.2352],[7.3166,48.2362],[7.3168,48.2369],[7.316,48.2382],[7.3178,48.2379],[7.3184,48.2375],[7.3188,48.2377],[7.3186,48.2391],[7.3192,48.2395],[7.3207,48.2392],[7.3225,48.2393],[7.3241,48.2394],[7.3248,48.2405],[7.3256,48.2418],[7.3266,48.244]]]},"properties":{"id_ffco":"2013-D68-192","nom":"Pâques en Alsace 2013","_dept":"68","numero":"2013-D68-192","commune":"Thannenkirch","echelle":"1/10000","surface":"10.6 km²","format":"+","annee":"2013","proprietaire":"6804 - CLUB D'ORIENTATION DE COLMAR","niveau":"National, International","specialite":"CO à pied","contacts":"MEYER Kirian, 12 rue des Primevères, 68570, Wintzfelden, 03.89.72.74.80, 06.24.98.93.15, president@cocolmar.fr","latitude":"48.2296353175","longitude":"7.33867924638","date_saisie":"18/10/2013","date_depot":"04/01/2013","valide":"Oui","ppo":"Non","type_carte":"Nouvelle carte","fond":"Ortho","obsolete":false}},{"type":"Feature","geometry":{"type":"Polygon","coordinates":[[[7.3228,48.1744],[7.3263,48.1742],[7.3313,48.1736],[7.3432,48.1746],[7.3446,48.1717],[7.3463,48.1696],[7.3451,48.1681],[7.3437,48.1658],[7.3405,48.1664],[7.3398,48.1663],[7.3348,48.162],[7.3336,48.1609],[7.3278,48.1613],[7.3219,48.1624],[7.3204,48.1625],[7.3197,48.1625],[7.3194,48.1629],[7.3187,48.1629],[7.3184,48.1626],[7.3171,48.1632],[7.3161,48.1626],[7.3148,48.1633],[7.3138,48.1644],[7.3138,48.1661],[7.3141,48.1672],[7.3143,48.1679],[7.3139,48.168],[7.3149,48.1686],[7.3166,48.1696],[7.3185,48.1703],[7.3202,48.1712],[7.3217,48.172],[7.322,48.1732],[7.3228,48.1744]]]},"properties":{"id_ffco":"2013-D68-191","nom":"Zellenberg \"Le Lauenbach\"","_dept":"68","numero":"2013-D68-191","commune":"Zellenberg","echelle":"1/10000","surface":"2.56 km²","format":"A4","annee":"2013","proprietaire":"6804 - CLUB D'ORIENTATION DE COLMAR","niveau":"National, International","specialite":"CO à pied","contacts":"MEYER Kirian, 12 rue des Primevères, 68570, Wintzfelden, 03.89.72.74.80, 06.24.98.93.15, president@cocolmar.fr","latitude":"48.1680519199","longitude":"7.32983037105","date_saisie":"25/12/2015","date_depot":"17/04/2018","valide":"Oui","ppo":"Non","type_carte":"Nouvelle carte","fond":"Ortho","obsolete":false}},{"type":"Feature","geometry":{"type":"Polygon","coordinates":[[[7.1996,47.9038],[7.1974,47.9038],[7.1962,47.9038],[7.1964,47.9042],[7.196,47.9045],[7.1946,47.904],[7.1942,47.9034],[7.1929,47.9032],[7.1925,47.9028],[7.193,47.902],[7.1925,47.8999],[7.1916,47.8982],[7.1903,47.8923],[7.1915,47.8906],[7.1937,47.8884],[7.1962,47.8867],[7.1972,47.8855],[7.1988,47.8848],[7.2006,47.8852],[7.2045,47.8858],[7.2087,47.8845],[7.2098,47.8834],[7.2113,47.8828],[7.2145,47.8823],[7.218,47.8828],[7.2213,47.8832],[7.2247,47.8842],[7.2253,47.8841],[7.2268,47.8853],[7.2269,47.8858],[7.2265,47.8869],[7.227,47.8875],[7.2264,47.8886],[7.2255,47.8884],[7.225,47.8891],[7.2246,47.8897],[7.2254,47.8903],[7.2234,47.8904],[7.2231,47.8908],[7.2224,47.8911],[7.2214,47.8923],[7.2212,47.893],[7.2208,47.8951],[7.2206,47.896],[7.2201,47.8967],[7.2189,47.8977],[7.2169,47.8987],[7.2134,47.899],[7.2118,47.8982],[7.2113,47.8981],[7.2108,47.8984],[7.21,47.8989],[7.2105,47.8992],[7.2096,47.8999],[7.2091,47.9005],[7.2088,47.9017],[7.2081,47.9021],[7.2075,47.9027],[7.2067,47.9034],[7.2054,47.9035],[7.204,47.904],[7.204,47.9048],[7.2047,47.906],[7.2028,47.9058],[7.2,47.906],[7.1993,47.9058],[7.1996,47.9038]]]},"properties":{"id_ffco":"2012-D68-190","nom":"Heidelberg CO VTT","_dept":"68","numero":"2012-D68-190","commune":"Soultz","echelle":"1/15000","surface":"4.46 km²","format":"A4","annee":"2012","cartographes":"Joël POIRETTE, Hervé CLOR, Jean-Luc PIERSON","proprietaire":"6806 - CLUB ORIENTATION BUHL ET FLORIVAL","niveau":"National, International","specialite":"CO à VTT","latitude":"47.892949209","longitude":"7.207086894","date_saisie":"23/02/2014","date_depot":"15/05/2014","valide":"Oui","ppo":"Non","type_carte":"Nouvelle carte","fond":"Ortho","obsolete":false}},{"type":"Feature","geometry":{"type":"Polygon","coordinates":[[[7.2155,47.875],[7.2155,47.876],[7.2151,47.8768],[7.2151,47.8781],[7.2144,47.8802],[7.2117,47.8799],[7.2103,47.8795],[7.2077,47.8792],[7.2059,47.879],[7.205,47.8786],[7.2034,47.8782],[7.2011,47.8775],[7.2003,47.8777],[7.1981,47.8779],[7.1958,47.878],[7.1955,47.8785],[7.1954,47.8793],[7.1945,47.8795],[7.1935,47.8797],[7.1925,47.8796],[7.1903,47.8802],[7.1901,47.879],[7.1889,47.8787],[7.1851,47.8764],[7.1865,47.8752],[7.1872,47.8753],[7.1881,47.875],[7.1897,47.875],[7.1915,47.8752],[7.1884,47.8741],[7.1875,47.8736],[7.1888,47.8736],[7.1897,47.8727],[7.1906,47.8727],[7.1919,47.8719],[7.1917,47.8709],[7.1917,47.87],[7.1908,47.869],[7.1893,47.8681],[7.1897,47.8672],[7.1906,47.8669],[7.1916,47.8661],[7.1933,47.8667],[7.1944,47.8672],[7.1947,47.8665],[7.197,47.8669],[7.1997,47.8669],[7.2,47.8663],[7.2112,47.8662],[7.2123,47.8694],[7.2149,47.8712],[7.2154,47.8724],[7.2161,47.8742],[7.2171,47.8734],[7.2176,47.8751],[7.2155,47.875]]]},"properties":{"id_ffco":"2012-D68-189","nom":"Wuenheim CO VTT","_dept":"68","numero":"2012-D68-189","commune":"Wuenheim","echelle":"1/10000","surface":"2.61 km²","format":"A4","annee":"2012","proprietaire":"6806 - CLUB ORIENTATION BUHL ET FLORIVAL","niveau":"National, International","specialite":"CO à VTT","contacts":"PIERSON Jean-Luc, 8 rue des Vosges, 68740, Fessenheim, pierson.jl@wanadoo.fr","latitude":"47.873105902","longitude":"7.20202288108","date_saisie":"11/09/2017","date_depot":"20/09/2019","valide":"Oui","ppo":"Non","type_carte":"Reprise","base":"2012-D68-194 Wuenheim","fond":"Cadastre","obsolete":false}},{"type":"Feature","geometry":{"type":"Polygon","coordinates":[[[7.1902,47.8797],[7.1901,47.879],[7.1885,47.8786],[7.1878,47.8787],[7.1874,47.8783],[7.1881,47.8781],[7.1886,47.8778],[7.1877,47.877],[7.1863,47.8776],[7.1865,47.8751],[7.1871,47.8753],[7.188,47.875],[7.189,47.8752],[7.1898,47.875],[7.1927,47.8757],[7.1946,47.8761],[7.1968,47.8769],[7.1973,47.878],[7.1958,47.878],[7.1955,47.8781],[7.1955,47.8792],[7.1952,47.8794],[7.1936,47.8797],[7.1924,47.8796],[7.1915,47.8798],[7.1915,47.8794],[7.1902,47.8797]]]},"properties":{"id_ffco":"2012-D68-188","nom":"Gros Chêne CO VTT","_dept":"68","numero":"2012-D68-188","commune":"Wuenheim","echelle":"1/5000","surface":"0.28 km²","format":"A4","annee":"2012","proprietaire":"6806 - CLUB ORIENTATION BUHL ET FLORIVAL","niveau":"National, International","specialite":"CO à VTT","latitude":"47.8773224269","longitude":"7.19149021832","date_saisie":"23/02/2014","date_depot":"15/05/2014","valide":"Oui","ppo":"Non","type_carte":"Nouvelle carte","fond":"Cadastre","obsolete":false}},{"type":"Feature","geometry":{"type":"Polygon","coordinates":[[[7.5755,47.6121],[7.5716,47.6141],[7.5665,47.6169],[7.5661,47.6173],[7.5674,47.6181],[7.5715,47.6156],[7.5752,47.6135],[7.5763,47.6129],[7.5755,47.6121]]]},"properties":{"id_ffco":"2011-D68-187","nom":"Vita Rhin","_dept":"68","numero":"2011-D68-187","commune":"Village-Neuf","echelle":"1/3000","surface":"0.11 km²","format":"A4","annee":"2011","cartographes":"Michel DUBOC","proprietaire":"Village-Neuf","niveau":"Initiation, Scolaire","specialite":"CO à pied","contacts":"Mairie, 68128, Village-Neuf, http://www.mairie-village-neuf.fr/","latitude":"47.6151416746","longitude":"7.57105687994","date_saisie":"14/03/2017","date_depot":"05/04/2017","valide":"Oui","ppo":"Non","type_carte":"Nouvelle carte","fond":"Cadastre","obsolete":false}},{"type":"Feature","geometry":{"type":"Polygon","coordinates":[[[7.1876,47.895],[7.1887,47.8965],[7.1892,47.8965],[7.1905,47.8973],[7.1915,47.8982],[7.192,47.8992],[7.1925,47.8999],[7.1931,47.9017],[7.193,47.902],[7.1925,47.9024],[7.1926,47.903],[7.1933,47.9033],[7.1941,47.9035],[7.1947,47.904],[7.1959,47.9044],[7.1966,47.9046],[7.1975,47.9052],[7.1976,47.9051],[7.1965,47.9044],[7.1962,47.904],[7.1971,47.9038],[7.1994,47.9037],[7.2015,47.9043],[7.2024,47.9035],[7.2042,47.904],[7.2043,47.9038],[7.2061,47.9033],[7.2067,47.9034],[7.2074,47.9029],[7.2078,47.9023],[7.2085,47.902],[7.209,47.901],[7.209,47.9004],[7.2102,47.8993],[7.2113,47.8989],[7.2132,47.8988],[7.2144,47.8992],[7.2156,47.8995],[7.2167,47.8988],[7.2175,47.8984],[7.2189,47.8977],[7.22,47.8966],[7.2206,47.8955],[7.221,47.8944],[7.2213,47.8924],[7.222,47.8918],[7.2223,47.891],[7.2232,47.8908],[7.2235,47.8904],[7.2252,47.8903],[7.225,47.89],[7.2245,47.8898],[7.2248,47.8891],[7.2251,47.889],[7.2254,47.8885],[7.2263,47.8886],[7.2267,47.8874],[7.2264,47.8869],[7.227,47.8859],[7.2268,47.8853],[7.2259,47.8846],[7.2254,47.8841],[7.2254,47.883],[7.2249,47.8823],[7.2241,47.882],[7.2235,47.8834],[7.223,47.8832],[7.2226,47.8828],[7.2219,47.8827],[7.2213,47.8828],[7.2211,47.8832],[7.2198,47.8829],[7.2182,47.8828],[7.2155,47.8824],[7.2138,47.8824],[7.2115,47.8827],[7.2096,47.8834],[7.2087,47.8844],[7.2062,47.8854],[7.2048,47.8858],[7.2033,47.8857],[7.2005,47.8851],[7.2,47.8849],[7.199,47.8848],[7.198,47.8851],[7.1962,47.8851],[7.1963,47.8861],[7.1968,47.8861],[7.1968,47.8863],[7.1961,47.8867],[7.1946,47.8875],[7.1939,47.8883],[7.1937,47.8887],[7.1916,47.8908],[7.1908,47.8916],[7.1903,47.8923],[7.1881,47.8945],[7.1876,47.895]]]},"properties":{"id_ffco":"2013-D68-186","nom":"Heidelberg","_dept":"68","numero":"2013-D68-186","commune":"Soultz","echelle":"1/15000","surface":"4.53 km²","format":"A4","annee":"2013","cartographes":"Jean-Luc PIERSON","proprietaire":"6806 - CLUB ORIENTATION BUHL ET FLORIVAL","niveau":"Régional","specialite":"CO à pied","latitude":"47.8927060181","longitude":"7.20699991638","date_saisie":"23/02/2014","date_depot":"15/05/2014","valide":"Oui","ppo":"Non","type_carte":"Nouvelle carte","fond":"Ortho","obsolete":false}},{"type":"Feature","geometry":{"type":"Polygon","coordinates":[[[7.2704,48.0849],[7.2704,48.0842],[7.2713,48.0839],[7.2724,48.0841],[7.2726,48.0831],[7.2714,48.0824],[7.2724,48.0812],[7.2742,48.0794],[7.2747,48.0789],[7.2736,48.0783],[7.2744,48.0779],[7.2724,48.0777],[7.271,48.0775],[7.2703,48.0774],[7.2699,48.0775],[7.2666,48.078],[7.2646,48.0781],[7.2623,48.0779],[7.2603,48.0773],[7.2584,48.0763],[7.2575,48.0759],[7.2534,48.0746],[7.2525,48.076],[7.252,48.0776],[7.2523,48.0783],[7.2537,48.0789],[7.2553,48.0797],[7.2556,48.0809],[7.2565,48.0816],[7.2584,48.0824],[7.2603,48.0834],[7.2605,48.0837],[7.2614,48.0841],[7.2616,48.0836],[7.2635,48.084],[7.2653,48.0843],[7.2667,48.0843],[7.2682,48.0848],[7.2698,48.085],[7.2704,48.0849]]]},"properties":{"id_ffco":"2011-D68-185","nom":"Turckheim \"Coté jardins\"","_dept":"68","numero":"2011-D68-185","commune":"Turckheim","echelle":"1/10000","surface":"1.03 km²","format":"A4","annee":"2011","cartographes":"Jean-Marie SCHREIBER","proprietaire":"6804 - CLUB D'ORIENTATION DE COLMAR","niveau":"Initiation, Scolaire","specialite":"CO à pied","contacts":"MEYER Kirian, 12 rue des Primevères, 68570, Wintzfelden, 03.89.72.74.80, 06.24.98.93.15, president@cocolmar.fr","latitude":"48.0801036637","longitude":"7.26340498106","date_saisie":"23/11/2017","date_depot":"20/09/2019","valide":"Oui","ppo":"Non","type_carte":"Nouvelle carte","fond":"IGN","ref_ign":"3718 OT","obsolete":false}},{"type":"Feature","geometry":{"type":"Polygon","coordinates":[[[7.0137,47.8768],[7.0159,47.8766],[7.0182,47.8762],[7.0197,47.8758],[7.0212,47.8747],[7.023,47.8739],[7.0242,47.873],[7.0252,47.8721],[7.0269,47.8707],[7.0279,47.8689],[7.0277,47.8678],[7.0245,47.8683],[7.0238,47.867],[7.0207,47.8676],[7.0182,47.8671],[7.0167,47.8663],[7.0158,47.866],[7.0144,47.8665],[7.0127,47.8682],[7.0113,47.8679],[7.0106,47.8682],[7.0136,47.8709],[7.0123,47.8721],[7.0125,47.8727],[7.0138,47.8727],[7.0136,47.8737],[7.0122,47.8732],[7.0102,47.8746],[7.0121,47.8754],[7.0137,47.8768]]]},"properties":{"id_ffco":"2011-D68-184","nom":"Hirschbachkopf","_dept":"68","numero":"2011-D68-184","commune":"Saint Amarin","echelle":"1/6000","surface":"0.96 km²","format":"A4","annee":"2011","proprietaire":"68 - Haut-Rhin","niveau":"O+","specialite":"CO à pied","contacts":"PAPON Vincent, 6 rue de Provence, 67400, Illkirch-Graffenstaden, 06.63.03.92.86, v.papon@free.fr","latitude":"47.8712678913","longitude":"7.01851961021","date_saisie":"21/02/2017","date_depot":"17/04/2018","valide":"Oui","ppo":"Non","type_carte":"Nouvelle carte","fond":"Ortho","obsolete":false}},{"type":"Feature","geometry":{"type":"Polygon","coordinates":[[[7.032,47.8736],[7.0326,47.8741],[7.0329,47.874],[7.0329,47.874],[7.0331,47.874],[7.0332,47.8741],[7.0333,47.8744],[7.0335,47.8744],[7.0335,47.8745],[7.0339,47.8746],[7.0343,47.8744],[7.0347,47.8741],[7.0346,47.8741],[7.0347,47.874],[7.0348,47.8737],[7.0348,47.8734],[7.0348,47.873],[7.0343,47.873],[7.0331,47.8728],[7.0329,47.8727],[7.0323,47.8734],[7.032,47.8736]]]},"properties":{"id_ffco":"2011-D68-183","nom":"Collège Robert Schuman","_dept":"68","numero":"2011-D68-183","commune":"Saint Amarin","echelle":"1/1000","surface":"0.03 km²","format":"A4","annee":"2011","proprietaire":"Collège Robert schuman","niveau":"O+","specialite":"CO à pied","contacts":"Collège Robert Schuman, 36 rue Ch. de Gaulle, 68550, Saint-Amarin, 03.89.82.62.83, ce.0680064A@ac-strasbourg.fr","latitude":"47.8735990479","longitude":"7.03357869024","date_saisie":"17/01/2017","date_depot":"13/02/2017","valide":"Oui","ppo":"Non","type_carte":"Nouvelle carte","fond":"Cadastre","obsolete":false}},{"type":"Feature","geometry":{"type":"Polygon","coordinates":[[[7.1494,47.7347],[7.153,47.7371],[7.1541,47.7375],[7.1542,47.7373],[7.1565,47.7383],[7.159,47.7383],[7.1618,47.7381],[7.1621,47.7374],[7.163,47.7362],[7.1636,47.735],[7.1641,47.7344],[7.1658,47.7339],[7.1685,47.7341],[7.1703,47.7341],[7.1746,47.7319],[7.1775,47.7286],[7.174,47.7279],[7.1687,47.7276],[7.1675,47.7276],[7.1669,47.7273],[7.1657,47.727],[7.1641,47.7282],[7.1622,47.7288],[7.1611,47.7294],[7.1593,47.7295],[7.1596,47.7305],[7.1583,47.7308],[7.1569,47.7313],[7.1557,47.7305],[7.1554,47.731],[7.1494,47.7347]]]},"properties":{"id_ffco":"2011-D68-182","nom":"Hardtwald","_dept":"68","numero":"2011-D68-182","commune":"Burnhaupt le Haut","echelle":"1/7500","surface":"1.32 km²","format":"A4","annee":"2011","proprietaire":"68 - Haut-Rhin","niveau":"Initiation, Scolaire","specialite":"CO à pied","latitude":"47.7324881269","longitude":"7.16314375756","date_saisie":"07/02/2012","date_depot":"07/11/2012","valide":"Oui","ppo":"Non","type_carte":"Nouvelle carte","fond":"Cadastre","obsolete":false}},{"type":"Feature","geometry":{"type":"Polygon","coordinates":[[[7.0144,47.7895],[7.0147,47.7893],[7.0147,47.7888],[7.0151,47.7884],[7.0177,47.7878],[7.0194,47.7882],[7.0196,47.7884],[7.021,47.7891],[7.0215,47.7887],[7.0229,47.7883],[7.0241,47.7878],[7.0249,47.7878],[7.0254,47.7883],[7.0256,47.789],[7.025,47.7892],[7.0249,47.7896],[7.0254,47.7896],[7.0259,47.7899],[7.0267,47.7902],[7.0267,47.7906],[7.027,47.7911],[7.0276,47.7914],[7.0281,47.7912],[7.0297,47.7916],[7.0302,47.7915],[7.0305,47.7913],[7.0318,47.7914],[7.0326,47.7912],[7.0332,47.7906],[7.0338,47.7896],[7.0342,47.7889],[7.0355,47.7873],[7.0358,47.7869],[7.0359,47.7861],[7.0375,47.7851],[7.0381,47.7849],[7.0385,47.7841],[7.0391,47.7833],[7.0399,47.783],[7.0406,47.7825],[7.0406,47.782],[7.042,47.7824],[7.0424,47.782],[7.0425,47.7816],[7.0434,47.7812],[7.0448,47.781],[7.0458,47.7809],[7.0468,47.7805],[7.0477,47.7795],[7.0495,47.7789],[7.0508,47.7783],[7.0515,47.778],[7.0522,47.778],[7.0532,47.7776],[7.0549,47.7773],[7.0554,47.7768],[7.0565,47.7768],[7.057,47.7767],[7.0578,47.7764],[7.0588,47.7756],[7.0589,47.7751],[7.0594,47.7737],[7.0598,47.7733],[7.0598,47.7729],[7.06,47.7724],[7.0604,47.7718],[7.0611,47.7706],[7.0623,47.7693],[7.0637,47.7681],[7.0647,47.767],[7.0653,47.7653],[7.0655,47.7644],[7.0652,47.7637],[7.0648,47.7628],[7.0655,47.7607],[7.0654,47.7597],[7.0652,47.7587],[7.0622,47.7589],[7.0601,47.7593],[7.0576,47.7596],[7.056,47.7597],[7.0547,47.7599],[7.0531,47.7597],[7.0521,47.7592],[7.0501,47.7591],[7.0491,47.7591],[7.0475,47.7594],[7.0458,47.7589],[7.0437,47.759],[7.0418,47.7587],[7.0408,47.7584],[7.0397,47.7577],[7.0387,47.7578],[7.0347,47.7573],[7.0329,47.7574],[7.0316,47.7576],[7.0304,47.758],[7.0279,47.7584],[7.026,47.758],[7.0237,47.7576],[7.0226,47.7577],[7.0211,47.7579],[7.0202,47.7578],[7.0182,47.7569],[7.0176,47.7569],[7.0152,47.7576],[7.0135,47.7581],[7.0126,47.7584],[7.0112,47.76],[7.0111,47.761],[7.0106,47.762],[7.0091,47.7636],[7.0076,47.766],[7.0073,47.7675],[7.0067,47.7681],[7.0051,47.7689],[7.0038,47.7702],[7.0034,47.7708],[7.0024,47.7721],[7.0002,47.7736],[7.0013,47.7743],[7.0019,47.7749],[7.0023,47.7753],[7.0032,47.7758],[7.004,47.776],[7.0059,47.7766],[7.0077,47.7777],[7.0096,47.7791],[7.0102,47.779],[7.0106,47.7803],[7.0113,47.7815],[7.0121,47.7824],[7.0114,47.7828],[7.011,47.7831],[7.0113,47.7833],[7.0119,47.7832],[7.0133,47.7837],[7.0145,47.7838],[7.015,47.7842],[7.0148,47.7847],[7.0146,47.7854],[7.0147,47.786],[7.0144,47.7863],[7.0144,47.7869],[7.0139,47.7877],[7.0136,47.7883],[7.014,47.7892],[7.0144,47.7895]]]},"properties":{"id_ffco":"2011-D68-181","nom":"Buchberg-Saegekopf","_dept":"68","numero":"2011-D68-181","commune":"Lauw","echelle":"1/15000","surface":"11.78 km²","format":"A3","annee":"2011","proprietaire":"6803 - CLUB D'ORIENTATION DE MULHOUSE","niveau":"National, International","specialite":"CO à pied","latitude":"47.7715260893","longitude":"7.03242485057","date_saisie":"07/02/2012","date_depot":"07/11/2012","valide":"Oui","ppo":"Non","type_carte":"Nouvelle carte","fond":"Ortho","obsolete":false}},{"type":"Feature","geometry":{"type":"Polygon","coordinates":[[[7.3608,47.7386],[7.3632,47.7377],[7.3656,47.7369],[7.3682,47.7358],[7.3712,47.7339],[7.3734,47.7325],[7.3757,47.731],[7.3775,47.7301],[7.3756,47.728],[7.3765,47.7248],[7.3768,47.7232],[7.364,47.7108],[7.3582,47.7101],[7.3564,47.7099],[7.3556,47.712],[7.355,47.7135],[7.3541,47.7142],[7.3505,47.7159],[7.3474,47.7174],[7.3471,47.7208],[7.3517,47.7238],[7.3521,47.7254],[7.3509,47.7264],[7.3479,47.7269],[7.3479,47.7279],[7.3475,47.7291],[7.3475,47.7301],[7.3472,47.7315],[7.3492,47.7315],[7.351,47.7325],[7.3522,47.7332],[7.3533,47.7345],[7.354,47.7357],[7.3536,47.7361],[7.3556,47.7366],[7.3572,47.7372],[7.3591,47.7383],[7.3596,47.7388],[7.3608,47.7386]]]},"properties":{"id_ffco":"2011-D68-180","nom":"Tannenwald-Mulhouse","_dept":"68","numero":"2011-D68-180","commune":"Mulhouse","echelle":"1/10000","surface":"4.83 km²","format":"A3","annee":"2011","proprietaire":"6803 - CLUB D'ORIENTATION DE MULHOUSE","niveau":"National, International","specialite":"CO à pied","contacts":"PAPON Vincent, 6 rue de Provence, 67400, Illkirch-Graffenstaden, 06.63.03.92.86, v.papon@free.fr","latitude":"47.7246532602","longitude":"7.36163707437","date_saisie":"07/02/2012","date_depot":"07/11/2012","valide":"Oui","ppo":"Non","type_carte":"Reprise","base":"2004-D68-134 Tannenwald Mulhouse","fond":"Ortho","obsolete":false}},{"type":"Feature","geometry":{"type":"Polygon","coordinates":[[[7.2824,47.8534],[7.2825,47.8545],[7.2845,47.8542],[7.2854,47.8549],[7.2852,47.8553],[7.2859,47.8557],[7.2864,47.8554],[7.2878,47.8567],[7.2899,47.8587],[7.2906,47.8574],[7.2928,47.8563],[7.293,47.8544],[7.2952,47.8535],[7.2969,47.8532],[7.2976,47.8518],[7.2957,47.8516],[7.2938,47.8509],[7.2929,47.8506],[7.2935,47.85],[7.2918,47.8487],[7.2915,47.8481],[7.2897,47.8461],[7.287,47.8489],[7.2871,47.8494],[7.2871,47.8509],[7.2874,47.8514],[7.2865,47.8518],[7.2854,47.8517],[7.2839,47.8515],[7.2824,47.8534]]]},"properties":{"id_ffco":"2011-D68-179","nom":"Ecomusée d'Alsace","_dept":"68","numero":"2011-D68-179","commune":"Ungersheim","echelle":"1/4000","surface":"0.66 km²","format":"A3","annee":"2011","proprietaire":"6803 - CLUB D'ORIENTATION DE MULHOUSE","niveau":"National, International","specialite":"CO à pied","latitude":"47.8526126728","longitude":"7.28973983002","date_saisie":"23/02/2014","date_depot":"07/11/2012","valide":"Oui","ppo":"Non","type_carte":"Nouvelle carte","fond":"Cadastre","obsolete":false}},{"type":"Feature","geometry":{"type":"Polygon","coordinates":[[[7.2319,47.6102],[7.2302,47.608],[7.2299,47.6062],[7.2292,47.6056],[7.2276,47.604],[7.2254,47.6055],[7.2225,47.6074],[7.2198,47.6093],[7.218,47.6109],[7.2183,47.6129],[7.2182,47.6149],[7.2191,47.616],[7.2206,47.617],[7.2246,47.6168],[7.2272,47.6152],[7.2269,47.6139],[7.2276,47.6129],[7.227,47.6124],[7.2319,47.6102]]]},"properties":{"id_ffco":"2010-D68-178","nom":"L'Antenne","_dept":"68","numero":"2010-D68-178","commune":"Altkirch","echelle":"1/5000","surface":"0.86 km²","format":"A4","annee":"2010","proprietaire":"68 - Haut-Rhin","niveau":"O+","specialite":"CO à pied","contacts":"PIERSON Jean-Luc, 8 rue des Vosges, 68740, Fessenheim, pierson.jl@wanadoo.fr","latitude":"47.6110319243","longitude":"7.22437341142","date_saisie":"21/02/2017","valide":"Oui","ppo":"Non","type_carte":"Reprise","base":"2004-D68-135 Altkirch La Palestre","fond":"IGN","ref_ign":"3621 ET","obsolete":false}},{"type":"Feature","geometry":{"type":"Polygon","coordinates":[[[7.2351,47.6155],[7.2347,47.615],[7.2345,47.6146],[7.2344,47.6144],[7.2328,47.6146],[7.2327,47.6146],[7.2319,47.6143],[7.2313,47.6147],[7.2317,47.615],[7.2318,47.6152],[7.2316,47.6153],[7.2321,47.6156],[7.2322,47.6156],[7.2332,47.6163],[7.2342,47.6158],[7.2347,47.6156],[7.2351,47.6155]]]},"properties":{"id_ffco":"2010-D68-177","nom":"Collège Lucien Herr","_dept":"68","numero":"2010-D68-177","commune":"Altkirch","echelle":"1/1200","surface":"0.04 km²","format":"A4","annee":"2010","proprietaire":"68 - Haut-Rhin","niveau":"Initiation, Scolaire","specialite":"CO à pied","contacts":"Comité Départemental de Course d'Orientation du Haut-Rhin","latitude":"47.6151838279","longitude":"7.23320931294","date_saisie":"03/05/2014","date_depot":"25/01/2011","valide":"Oui","ppo":"Non","type_carte":"Nouvelle carte","fond":"Cadastre","obsolete":false}},{"type":"Feature","geometry":{"type":"Polygon","coordinates":[[[7.5215,48.0225],[7.5215,48.0231],[7.5219,48.0232],[7.5249,48.0231],[7.5255,48.0241],[7.5268,48.0243],[7.5295,48.0242],[7.5308,48.0243],[7.5314,48.0235],[7.5323,48.0232],[7.5335,48.0229],[7.5345,48.0224],[7.5352,48.0215],[7.5359,48.0205],[7.5373,48.0188],[7.5375,48.0182],[7.5358,48.0144],[7.535,48.0142],[7.5331,48.0136],[7.5314,48.013],[7.529,48.0123],[7.5242,48.014],[7.5236,48.0137],[7.5207,48.0174],[7.5203,48.0183],[7.5205,48.0193],[7.5211,48.0203],[7.521,48.0209],[7.5208,48.0213],[7.5209,48.0226],[7.5215,48.0225]]]},"properties":{"id_ffco":"2010-D68-176","nom":"Neuf-Brisach","_dept":"68","numero":"2010-D68-176","commune":"Neuf-Brisach","echelle":"1/5000","surface":"1.26 km²","format":"A3","annee":"2010","cartographes":"Claude VOGT","proprietaire":"68 - Haut-Rhin","niveau":"National, International","specialite":"CO à pied","contacts":"Comité Départemental de Course d'Orientation du Haut-Rhin","latitude":"48.0184905163","longitude":"7.52867156259","date_saisie":"22/02/2014","date_depot":"25/01/2011","valide":"Oui","ppo":"Non","type_carte":"Reprise","base":"1998-D68-086 Neuf-Brisach","fond":"Cadastre","obsolete":false}},{"type":"Feature","geometry":{"type":"Polygon","coordinates":[[[7.3914,47.738],[7.3916,47.7385],[7.3914,47.7388],[7.3929,47.7396],[7.3934,47.7409],[7.394,47.7416],[7.3951,47.7422],[7.3969,47.7427],[7.3985,47.7434],[7.3985,47.7435],[7.3999,47.7445],[7.4019,47.7449],[7.4045,47.7449],[7.4055,47.7447],[7.407,47.7443],[7.4069,47.7438],[7.4067,47.7428],[7.4066,47.7421],[7.4079,47.7416],[7.4098,47.741],[7.4102,47.7405],[7.4097,47.7368],[7.41,47.7355],[7.4097,47.7345],[7.4088,47.7335],[7.4089,47.7328],[7.4073,47.7326],[7.4074,47.7323],[7.4055,47.7324],[7.4055,47.7319],[7.4041,47.7317],[7.4038,47.7321],[7.401,47.7315],[7.4012,47.7308],[7.3987,47.7301],[7.3968,47.7308],[7.3947,47.7312],[7.3913,47.7322],[7.3913,47.7332],[7.3918,47.7339],[7.3918,47.7351],[7.3912,47.7359],[7.3914,47.738]]]},"properties":{"id_ffco":"2010-D68-175","nom":"les collines de Rixheim","_dept":"68","numero":"2010-D68-175","commune":"Rixheim","echelle":"1/7500","surface":"1.74 km²","format":"A4","annee":"2010","proprietaire":"68 - Haut-Rhin","niveau":"Initiation, Scolaire","specialite":"CO à pied","contacts":"Comité Départemental de Course d'Orientation du Haut-Rhin","latitude":"47.7374002301","longitude":"7.40074511215","date_saisie":"22/02/2014","date_depot":"25/01/2011","valide":"Oui","ppo":"Non","type_carte":"Nouvelle carte","fond":"IGN","ref_ign":"3720 ET","obsolete":false}},{"type":"Feature","geometry":{"type":"Polygon","coordinates":[[[7.1177,48.0352],[7.1192,48.0359],[7.1203,48.0367],[7.1218,48.0371],[7.1246,48.0377],[7.1258,48.0384],[7.1277,48.0393],[7.1289,48.0397],[7.1304,48.0403],[7.1303,48.0408],[7.1299,48.0412],[7.1288,48.0414],[7.1277,48.0415],[7.1264,48.0412],[7.1254,48.0417],[7.1228,48.0422],[7.1224,48.0423],[7.1221,48.0427],[7.121,48.0426],[7.1192,48.0436],[7.1178,48.0437],[7.1144,48.0432],[7.1112,48.0429],[7.1105,48.0431],[7.1059,48.0419],[7.1049,48.0415],[7.1048,48.0408],[7.1033,48.0401],[7.1042,48.0365],[7.1085,48.0344],[7.1125,48.0344],[7.1168,48.0359],[7.1177,48.0352]]]},"properties":{"id_ffco":"2010-D68-174","nom":"Munster \"Le Bretzel\"","_dept":"68","numero":"2010-D68-174","commune":"Munster","echelle":"1/10000","surface":"1.34 km²","format":"A4","annee":"2010","proprietaire":"6804 - CLUB D'ORIENTATION DE COLMAR","niveau":"Régional","specialite":"CO à pied","contacts":"MEYER Kirian, 12 rue des Primevères, 68570, Wintzfelden, 03.89.72.74.80, 06.24.98.93.15, president@cocolmar.fr","latitude":"48.0392283464","longitude":"7.11498523091","date_saisie":"17/10/2013","date_depot":"30/12/2014","valide":"Oui","ppo":"Non","type_carte":"Reprise","base":"1985-D68-029 Moenchberg - Munster","fond":"Ortho","obsolete":false}},{"type":"Feature","geometry":{"type":"Polygon","coordinates":[[[7.1665,47.8402],[7.1658,47.8408],[7.1645,47.8417],[7.1637,47.8423],[7.1624,47.8442],[7.1622,47.8452],[7.1614,47.8459],[7.1605,47.8467],[7.1625,47.848],[7.1628,47.8484],[7.1621,47.8516],[7.1682,47.8527],[7.1699,47.8529],[7.1717,47.8532],[7.1726,47.8536],[7.1748,47.8535],[7.1756,47.8527],[7.1771,47.8523],[7.179,47.8521],[7.1803,47.8517],[7.1816,47.851],[7.1794,47.8464],[7.1785,47.8456],[7.1769,47.8436],[7.1765,47.8426],[7.1765,47.8412],[7.1759,47.84],[7.1748,47.8392],[7.174,47.8387],[7.1731,47.838],[7.1718,47.838],[7.1709,47.8387],[7.1694,47.8395],[7.1682,47.8401],[7.1672,47.8403],[7.1665,47.8402]]]},"properties":{"id_ffco":"2009-D68-173","nom":"Hirtzenstein","_dept":"68","numero":"2009-D68-173","commune":"Wattwiller","echelle":"1/10000","surface":"1.74 km²","format":"A4","annee":"2009","proprietaire":"6803 - CLUB D'ORIENTATION DE MULHOUSE","niveau":"Interrégional","specialite":"CO à pied","latitude":"47.8466068252","longitude":"7.17098171199","date_saisie":"22/02/2014","valide":"Oui","ppo":"Non","type_carte":"Reprise","base":"2007-D68-155 Eichwald","fond":"IGN","ref_ign":"3620 ET","obsolete":false}},{"type":"Feature","geometry":{"type":"Polygon","coordinates":[[[7.2515,48.1478],[7.2525,48.1484],[7.2545,48.1491],[7.2537,48.1495],[7.254,48.1496],[7.252,48.1519],[7.2494,48.1525],[7.2459,48.1536],[7.2445,48.1541],[7.2414,48.1543],[7.2366,48.1537],[7.2345,48.1547],[7.2336,48.1573],[7.2333,48.159],[7.2333,48.1597],[7.2375,48.1658],[7.2427,48.1668],[7.2451,48.1667],[7.2462,48.1654],[7.2496,48.1643],[7.2505,48.1627],[7.2521,48.1637],[7.2544,48.1661],[7.2593,48.1655],[7.2622,48.1649],[7.2657,48.1644],[7.2658,48.163],[7.2679,48.1616],[7.2683,48.1603],[7.2724,48.1608],[7.2713,48.154],[7.2689,48.1451],[7.2606,48.1426],[7.2578,48.1454],[7.2547,48.145],[7.2536,48.1459],[7.2515,48.1478]]]},"properties":{"id_ffco":"2009-D68-171","nom":"Kaysersberg \" le Toggenbach\"","_dept":"68","numero":"2009-D68-171","commune":"Kaysersberg","echelle":"1/10000","surface":"4.74 km²","format":"A3","annee":"2009","proprietaire":"6804 - CLUB D'ORIENTATION DE COLMAR","niveau":"National, International","specialite":"CO à pied","latitude":"48.1563960095","longitude":"7.25469677712","date_saisie":"17/10/2013","date_depot":"30/12/2014","valide":"Oui","ppo":"Non","type_carte":"Reprise","base":"2005-D68-139 Kaysersberg \"Le Rocher du Corbeau\"","fond":"IGN","ref_ign":"3718 OT","obsolete":false}},{"type":"Feature","geometry":null,"properties":{"id_ffco":"2009-D68-170","nom":"Ammerschwihr-trois Epis-\"la roche du corbeau\"200","_dept":"68","numero":"2009-D68-170","commune":"Trois Epis","echelle":"1/10000","surface":"2.7 km²","format":"A3","annee":"2009","proprietaire":"6804 - CLUB D'ORIENTATION DE COLMAR","niveau":"National, International","specialite":"CO à pied","date_saisie":"17/10/2013","date_depot":"30/12/2014","valide":"Non","ppo":"Non","obsolete":false}},{"type":"Feature","geometry":{"type":"Polygon","coordinates":[[[7.2545,47.9044],[7.2554,47.9046],[7.2561,47.9046],[7.2565,47.9047],[7.2568,47.904],[7.2563,47.9039],[7.2565,47.9038],[7.2569,47.9036],[7.257,47.9035],[7.2574,47.9035],[7.2577,47.9028],[7.256,47.9026],[7.2556,47.9025],[7.255,47.9025],[7.2547,47.9024],[7.2547,47.9026],[7.2546,47.9026],[7.2544,47.9034],[7.2546,47.9034],[7.2547,47.9039],[7.2546,47.9041],[7.2545,47.9044]]]},"properties":{"id_ffco":"2011-D68-169","nom":"Institut Champagnat","_dept":"68","numero":"2011-D68-169","commune":"Issenheim","echelle":"1/1500","surface":"0.04 km²","format":"A4","annee":"2011","cartographes":"KORCHAK Lena, PIERSON Jean-Luc","proprietaire":"68 - Haut-Rhin","niveau":"O+","specialite":"CO à pied","contacts":"PIERSON Jean-Luc, 8 rue des Vosges, 68740, Fessenheim, pierson.jl@wanadoo.fr","latitude":"47.9034912046","longitude":"7.25581398833","date_saisie":"19/11/2018","date_depot":"28/11/2018","valide":"Oui","ppo":"Non","type_carte":"Reprise","base":"2001-D68-103 Collège Champagnat Issenheim - 2001","fond":"Cadastre","obsolete":false}},{"type":"Feature","geometry":{"type":"Polygon","coordinates":[[[7.1072,47.7622],[7.0921,47.7625],[7.0923,47.7634],[7.0939,47.7661],[7.0938,47.7667],[7.0931,47.7671],[7.0909,47.7677],[7.0904,47.7682],[7.0904,47.7687],[7.0914,47.7688],[7.0928,47.7687],[7.0938,47.7703],[7.094,47.7722],[7.0932,47.7735],[7.0941,47.7748],[7.0965,47.7769],[7.0968,47.7775],[7.0984,47.7762],[7.101,47.7763],[7.103,47.7763],[7.1065,47.7772],[7.1089,47.7782],[7.1109,47.7791],[7.1128,47.7791],[7.1169,47.7772],[7.12,47.7761],[7.1221,47.7745],[7.1242,47.7731],[7.1247,47.7726],[7.1255,47.7723],[7.1229,47.7696],[7.1222,47.7696],[7.1197,47.7674],[7.1169,47.7645],[7.1156,47.7654],[7.1141,47.7651],[7.1124,47.7632],[7.1085,47.7646],[7.1083,47.7632],[7.1072,47.7622]]]},"properties":{"id_ffco":"2008-D68-168","nom":"Dr'Schlag-2","_dept":"68","numero":"2008-D68-168","commune":"Aspach le haut","echelle":"1/10000","surface":"3.26 km²","format":"A4","annee":"2008","cartographes":"Eric Bilquez","proprietaire":"6806 - CLUB ORIENTATION BUHL ET FLORIVAL","niveau":"Régional","specialite":"CO à pied","latitude":"47.7703008755","longitude":"7.10716160396","date_saisie":"28/12/2014","valide":"Oui","ppo":"Non","type_carte":"Reprise","base":"2000-D68-095 D'R Schlag","fond":"IGN","ref_ign":"3620 ET","obsolete":false}},{"type":"Feature","geometry":{"type":"Polygon","coordinates":[[[7.2174,47.8807],[7.2174,47.8821],[7.2212,47.8828],[7.2231,47.8829],[7.2232,47.8824],[7.2238,47.8824],[7.2241,47.8816],[7.2201,47.8807],[7.2174,47.8807]]]},"properties":{"id_ffco":"2012-D68-167","nom":"Collège Robert BELTZ","_dept":"68","numero":"2012-D68-167","commune":"Soultz","echelle":"1/1500","surface":"0.09 km²","format":"A4","annee":"2012","cartographes":"François LORANG","proprietaire":"Collège Robert BELTZ 18 route de Jungholtz 68360 Soultz","niveau":"Initiation, Scolaire","specialite":"CO à pied","contacts":"Collège Robert BELTZ, 18 route de Jungholtz, 68360, SOULTZ, 03.89.74.19.45","latitude":"47.8817412572","longitude":"7.22055398191","date_saisie":"14/03/2017","date_depot":"05/04/2017","valide":"Oui","ppo":"Non","type_carte":"Nouvelle carte","fond":"Cadastre","obsolete":false}},{"type":"Feature","geometry":{"type":"Polygon","coordinates":[[[7.2143,47.9565],[7.2171,47.9568],[7.2186,47.9575],[7.2186,47.9581],[7.2163,47.9592],[7.2165,47.9611],[7.2216,47.9618],[7.2216,47.9629],[7.2295,47.964],[7.2311,47.9644],[7.2341,47.96],[7.2357,47.9603],[7.2363,47.9598],[7.2373,47.9597],[7.2376,47.9585],[7.2382,47.9585],[7.2389,47.9569],[7.2388,47.9556],[7.2389,47.9528],[7.2397,47.9517],[7.2401,47.9502],[7.2396,47.9487],[7.2379,47.9462],[7.2359,47.944],[7.2338,47.9412],[7.2338,47.9407],[7.232,47.9379],[7.2317,47.9383],[7.2301,47.9378],[7.2267,47.9379],[7.2255,47.9387],[7.225,47.9403],[7.2241,47.9413],[7.2243,47.9423],[7.2251,47.9437],[7.2246,47.9445],[7.2232,47.9465],[7.2215,47.9481],[7.221,47.9487],[7.2199,47.9502],[7.2169,47.9524],[7.2164,47.9526],[7.2163,47.9547],[7.2143,47.9565]]]},"properties":{"id_ffco":"2009-D68-166","nom":"Val du Pâtre","_dept":"68","numero":"2009-D68-166","commune":"Soultzmatt","echelle":"1/10000","surface":"3.44 km²","format":"A4","annee":"2009","cartographes":"Evasio, Jean-luc Pierson, François Hueber","proprietaire":"6806 - CLUB ORIENTATION BUHL ET FLORIVAL","niveau":"National, International","specialite":"CO à pied","contacts":"PIERSON Jean-Luc, 8 rue des Vosges, 68740, Fessenheim, pierson.jl@wanadoo.fr","latitude":"47.952189548","longitude":"7.22847574267","date_saisie":"28/12/2014","valide":"Oui","ppo":"Non","type_carte":"Reprise","base":"2007-D68-158 Val Du Pâtre","fond":"IGN","ref_ign":"3719 OT","obsolete":false}},{"type":"Feature","geometry":{"type":"Polygon","coordinates":[[[7.2059,47.9062],[7.2046,47.906],[7.2043,47.9065],[7.2036,47.9064],[7.2037,47.9059],[7.2023,47.9059],[7.2014,47.9059],[7.2015,47.9066],[7.2023,47.9066],[7.2024,47.9069],[7.2037,47.9069],[7.2053,47.9072],[7.2059,47.9062]]]},"properties":{"id_ffco":"2008-D68-165","nom":"Lycée Kastler-Guebwiller","_dept":"68","numero":"2008-D68-165","commune":"Guebwiller","echelle":"1/1250","surface":"0.03 km²","format":"A4","annee":"2008","cartographes":"François Hueber, Diane Hueber","proprietaire":"6806 - CLUB ORIENTATION BUHL ET FLORIVAL","niveau":"Initiation, Scolaire","specialite":"CO à pied","contacts":"PIERSON Jean-Luc, 8 rue des Vosges, 68740, Fessenheim, pierson.jl@wanadoo.fr","latitude":"47.9064875586","longitude":"7.20367026637","date_saisie":"28/12/2014","valide":"Oui","ppo":"Non","type_carte":"Nouvelle carte","fond":"Cadastre","obsolete":false}},{"type":"Feature","geometry":{"type":"Polygon","coordinates":[[[7.3619,48.0728],[7.3637,48.0728],[7.3633,48.0726],[7.3631,48.072],[7.3624,48.0721],[7.3623,48.072],[7.3619,48.0721],[7.3619,48.0728]]]},"properties":{"id_ffco":"2008-D68-164","nom":"Parc Saint François Xavier","_dept":"68","numero":"2008-D68-164","commune":"Colmar","echelle":"1/750","surface":"0.01 km²","format":"A4","annee":"2008","cartographes":"Claude Vogt","proprietaire":"68 - Haut-Rhin","niveau":"Initiation, Scolaire","specialite":"CO à pied","contacts":"Comité Départemental de Course d'Orientation du Haut-Rhin","latitude":"48.0724647466","longitude":"7.36259639958","date_saisie":"28/12/2014","valide":"Oui","ppo":"Non","type_carte":"Extrait","base":"2008-D68-163 Ecole saint Jean - 2","fond":"Cadastre","obsolete":false}},{"type":"Feature","geometry":{"type":"Polygon","coordinates":[[[7.3609,48.0729],[7.3614,48.0736],[7.3621,48.0735],[7.3622,48.0737],[7.3627,48.0737],[7.3635,48.0735],[7.3634,48.0734],[7.3642,48.0733],[7.3644,48.0736],[7.3649,48.0735],[7.3644,48.0731],[7.3641,48.0727],[7.3638,48.0728],[7.3636,48.0726],[7.3637,48.0721],[7.3628,48.0723],[7.3618,48.0722],[7.3617,48.0728],[7.3609,48.0729]]]},"properties":{"id_ffco":"2008-D68-163","nom":"Ecole saint Jean - 2","_dept":"68","numero":"2008-D68-163","commune":"Colmar","echelle":"1/1300","surface":"0.03 km²","format":"A4","annee":"2008","cartographes":"Claude Vogt","proprietaire":"68 - Haut-Rhin","niveau":"Initiation, Scolaire","specialite":"CO à pied","contacts":"Comité Départemental de Course d'Orientation du Haut-Rhin","latitude":"48.0729919376","longitude":"7.36277450199","date_saisie":"28/12/2014","valide":"Oui","ppo":"Non","type_carte":"Nouvelle carte","fond":"Cadastre","obsolete":false}},{"type":"Feature","geometry":{"type":"Polygon","coordinates":[[[7.3614,48.0736],[7.362,48.0735],[7.3621,48.0738],[7.3625,48.0737],[7.3626,48.0736],[7.3633,48.0735],[7.3633,48.0734],[7.3642,48.0732],[7.3644,48.0736],[7.3649,48.0735],[7.3644,48.0731],[7.364,48.0726],[7.3633,48.0728],[7.3628,48.0728],[7.3625,48.0728],[7.3609,48.0729],[7.3614,48.0736]]]},"properties":{"id_ffco":"2008-D68-162","nom":"Ecole Saint Jean","_dept":"68","numero":"2008-D68-162","commune":"Colmar","echelle":"1/1200","surface":"0.02 km²","format":"A4","annee":"2008","cartographes":"Claude Vogt","proprietaire":"68 - Haut-Rhin","niveau":"Initiation, Scolaire","specialite":"CO à pied","contacts":"Comité Départemental de Course d'Orientation du Haut-Rhin","latitude":"48.0731757741","longitude":"7.3627794257","date_saisie":"28/12/2014","valide":"Oui","ppo":"Non","type_carte":"Extrait","base":"2008-D68-163 Ecole saint Jean - 2","fond":"Cadastre","obsolete":false}},{"type":"Feature","geometry":{"type":"Polygon","coordinates":[[[7.2336,47.9356],[7.2335,47.935],[7.2326,47.9339],[7.2323,47.9318],[7.2343,47.9295],[7.2361,47.929],[7.2377,47.9285],[7.2396,47.9266],[7.241,47.9241],[7.2434,47.9216],[7.244,47.9206],[7.2437,47.9198],[7.2444,47.9195],[7.2444,47.9167],[7.2438,47.9163],[7.2424,47.9129],[7.241,47.9112],[7.2374,47.9086],[7.2344,47.9073],[7.2325,47.9068],[7.2293,47.906],[7.2246,47.9048],[7.2219,47.9045],[7.2202,47.9057],[7.2173,47.9072],[7.2141,47.9098],[7.2125,47.911],[7.2095,47.9134],[7.2091,47.9142],[7.2077,47.916],[7.206,47.9167],[7.2068,47.9334],[7.2336,47.9356]]]},"properties":{"id_ffco":"2007-D68-161","nom":"Les Carrières","_dept":"68","numero":"2007-D68-161","commune":"Buhl","echelle":"1/15000","surface":"7.32 km²","format":"A4","annee":"2007","cartographes":"F Hueber, JL Pierson, B Renaud","proprietaire":"6806 - CLUB ORIENTATION BUHL ET FLORIVAL","niveau":"National, International","specialite":"CO à VTT","contacts":"PIERSON Jean-Luc, 8 rue des Vosges, 68740, Fessenheim, pierson.jl@wanadoo.fr","latitude":"47.9204721851","longitude":"7.22424176185","date_saisie":"29/12/2007","date_depot":"31/12/2007","valide":"Oui","ppo":"Non","type_carte":"Nouvelle carte","fond":"IGN","ref_ign":"3719 OT","obsolete":false}},{"type":"Feature","geometry":{"type":"Polygon","coordinates":[[[7.1725,47.8065],[7.1716,47.8063],[7.172,47.8057],[7.1719,47.8042],[7.1723,47.8041],[7.1718,47.8035],[7.1715,47.803],[7.1737,47.8024],[7.1759,47.8022],[7.1765,47.8032],[7.1783,47.803],[7.182,47.8026],[7.1833,47.8033],[7.1851,47.8036],[7.188,47.8034],[7.1883,47.8039],[7.1887,47.8048],[7.1903,47.8044],[7.1912,47.8044],[7.1919,47.8057],[7.192,47.8062],[7.1922,47.8067],[7.1892,47.8066],[7.1855,47.8067],[7.1853,47.8072],[7.182,47.8066],[7.181,47.8064],[7.1754,47.8066],[7.1725,47.8065]]]},"properties":{"id_ffco":"2008-D68-160","nom":"Cernay Les Berges de la Thur","_dept":"68","numero":"2008-D68-160","commune":"Cernay","echelle":"1/6000","surface":"0.56 km²","format":"A4","annee":"2008","proprietaire":"6803 - CLUB D'ORIENTATION DE MULHOUSE","niveau":"Départemental","specialite":"CO à pied","latitude":"47.8048613539","longitude":"7.18087598783","date_saisie":"01/05/2014","valide":"Oui","ppo":"Non","type_carte":"Nouvelle carte","fond":"Cadastre","obsolete":false}},{"type":"Feature","geometry":{"type":"Polygon","coordinates":[[[7.1874,47.9314],[7.1884,47.9316],[7.1885,47.9323],[7.189,47.9327],[7.1879,47.9335],[7.1871,47.9353],[7.1865,47.9361],[7.1866,47.9369],[7.1875,47.9393],[7.1866,47.9397],[7.1862,47.9412],[7.1865,47.9438],[7.1872,47.9448],[7.1886,47.9465],[7.1894,47.947],[7.1883,47.9483],[7.1862,47.9492],[7.1893,47.9502],[7.1914,47.9527],[7.1926,47.9537],[7.1965,47.9558],[7.2017,47.9558],[7.2038,47.9547],[7.2069,47.9534],[7.2073,47.9539],[7.2095,47.9526],[7.2118,47.9514],[7.2132,47.9498],[7.2152,47.9488],[7.2179,47.9475],[7.2201,47.9459],[7.2215,47.9448],[7.2226,47.9435],[7.2227,47.9421],[7.2224,47.9406],[7.2231,47.9401],[7.2233,47.9382],[7.2242,47.9377],[7.2247,47.9223],[7.1983,47.9225],[7.197,47.9241],[7.1934,47.9268],[7.1897,47.9298],[7.1874,47.9314]]]},"properties":{"id_ffco":"2007-D68-159","nom":"Schimberg","_dept":"68","numero":"2007-D68-159","commune":"Buhl","echelle":"1/15000","surface":"8.45 km²","format":"A4","annee":"2007","cartographes":"F Hueber, JL Pierson, B Renaud","proprietaire":"6806 - CLUB ORIENTATION BUHL ET FLORIVAL","niveau":"National, International","specialite":"CO à VTT","contacts":"PIERSON Jean-Luc, 8 rue des Vosges, 68740, Fessenheim, pierson.jl@wanadoo.fr","latitude":"47.9377548989","longitude":"7.20545555503","date_saisie":"29/12/2007","date_depot":"31/12/2007","valide":"Oui","ppo":"Non","type_carte":"Reprise","base":"2004-D68-129 Schimberg","fond":"IGN","ref_ign":"3719 OT","obsolete":false}},{"type":"Feature","geometry":{"type":"Polygon","coordinates":[[[7.2106,47.9552],[7.2097,47.9526],[7.2114,47.9515],[7.213,47.9499],[7.2115,47.9488],[7.2128,47.9482],[7.2138,47.9471],[7.2145,47.9463],[7.2168,47.9446],[7.2176,47.9429],[7.2172,47.9417],[7.2153,47.9415],[7.2147,47.9413],[7.2151,47.9407],[7.2163,47.9397],[7.2165,47.9386],[7.2164,47.9371],[7.2159,47.9366],[7.2158,47.9327],[7.2195,47.9302],[7.221,47.9292],[7.2234,47.9301],[7.2242,47.9311],[7.2258,47.9315],[7.2274,47.9319],[7.2293,47.9321],[7.2301,47.9317],[7.2319,47.931],[7.2331,47.9311],[7.2324,47.9318],[7.2328,47.9333],[7.2327,47.9338],[7.2335,47.9353],[7.2334,47.9368],[7.2326,47.9373],[7.2326,47.9377],[7.2346,47.9401],[7.2368,47.9414],[7.2404,47.9441],[7.2453,47.9472],[7.2471,47.9493],[7.2445,47.9552],[7.2439,47.9562],[7.2416,47.9561],[7.241,47.9559],[7.2406,47.9552],[7.2386,47.9557],[7.2392,47.9569],[7.2386,47.958],[7.2378,47.9587],[7.2374,47.9595],[7.2368,47.9599],[7.2366,47.9604],[7.2377,47.9612],[7.2366,47.9621],[7.2355,47.9632],[7.2277,47.9619],[7.2222,47.9611],[7.2217,47.9617],[7.2136,47.9606],[7.2162,47.9592],[7.218,47.9585],[7.2186,47.9579],[7.2173,47.957],[7.2142,47.9563],[7.2106,47.9552]]]},"properties":{"id_ffco":"2007-D68-158","nom":"Val Du Pâtre","_dept":"68","numero":"2007-D68-158","commune":"Soultzmatt","echelle":"1/15000","surface":"6.25 km²","format":"A4","annee":"2007","cartographes":"F Hueber, F Lorand, B Renaud","proprietaire":"6806 - CLUB ORIENTATION BUHL ET FLORIVAL","niveau":"National, International","specialite":"CO à VTT","latitude":"47.9478396457","longitude":"7.22747088403","date_saisie":"29/12/2007","date_depot":"31/12/2007","valide":"Oui","ppo":"Non","type_carte":"Nouvelle carte","fond":"IGN","ref_ign":"3719 OT","obsolete":false}},{"type":"Feature","geometry":{"type":"Polygon","coordinates":[[[7.2601,47.8632],[7.2615,47.8615],[7.2602,47.8611],[7.26,47.8613],[7.2598,47.8613],[7.2595,47.8615],[7.2597,47.8615],[7.2589,47.8624],[7.2586,47.8623],[7.2583,47.8626],[7.2601,47.8632]]]},"properties":{"id_ffco":"2007-D68-157","nom":"Domaine Rosen","_dept":"68","numero":"2007-D68-157","commune":"Bollwiller","echelle":"1/1250","surface":"0.03 km²","format":"A4","annee":"2007","cartographes":"F Hueber","proprietaire":"6806 - CLUB ORIENTATION BUHL ET FLORIVAL","niveau":"Initiation, Scolaire","specialite":"CO à pied","contacts":"PIERSON Jean-Luc, 8 rue des Vosges, 68740, Fessenheim, pierson.jl@wanadoo.fr","latitude":"47.8621540357","longitude":"7.2599932763","date_saisie":"29/12/2007","date_depot":"31/12/2007","valide":"Oui","ppo":"Non","type_carte":"Nouvelle carte","fond":"IGN","ref_ign":"3719 OT","obsolete":false}},{"type":"Feature","geometry":{"type":"Polygon","coordinates":[[[7.1657,47.8124],[7.1607,47.8113],[7.1594,47.8115],[7.155,47.8117],[7.1521,47.8115],[7.1465,47.8101],[7.1427,47.809],[7.1361,47.8074],[7.1314,47.8075],[7.1288,47.8079],[7.1247,47.8091],[7.1219,47.8108],[7.1219,47.8126],[7.1225,47.8156],[7.126,47.8181],[7.1286,47.8196],[7.1372,47.8237],[7.1396,47.8262],[7.1416,47.8292],[7.1456,47.8302],[7.1513,47.8304],[7.1581,47.8297],[7.1612,47.8286],[7.1633,47.8271],[7.165,47.8261],[7.1668,47.8242],[7.1672,47.8229],[7.1675,47.8206],[7.1677,47.8187],[7.1671,47.8149],[7.1665,47.8147],[7.1647,47.8147],[7.1649,47.8131],[7.1657,47.8124]]]},"properties":{"id_ffco":"2007-D68-156","nom":"Rocher du Hirnelestein","_dept":"68","numero":"2007-D68-156","commune":"Steinbach","echelle":"1/10000","surface":"5.93 km²","format":"A3","annee":"2007","cartographes":"Janos Soter, Peter Molnar, Gabor Dormonyik","proprietaire":"6803 - CLUB D'ORIENTATION DE MULHOUSE","niveau":"National, International","specialite":"CO à pied","latitude":"47.8184110462","longitude":"7.14629169128","date_saisie":"01/05/2014","valide":"Oui","ppo":"Non","type_carte":"Reprise","base":"2000-D68-89 Les Sources","fond":"Laser","obsolete":false}},{"type":"Feature","geometry":{"type":"Polygon","coordinates":[[[7.1724,47.8472],[7.1725,47.8384],[7.1738,47.838],[7.1757,47.8368],[7.1768,47.8362],[7.1798,47.8343],[7.1797,47.8282],[7.1789,47.8229],[7.175,47.821],[7.1734,47.8202],[7.1722,47.8195],[7.171,47.8181],[7.1579,47.8179],[7.1561,47.8177],[7.1478,47.8223],[7.1448,47.8367],[7.1481,47.838],[7.1512,47.8381],[7.1524,47.8382],[7.1532,47.8392],[7.1529,47.8398],[7.1532,47.8402],[7.1543,47.8406],[7.155,47.8412],[7.1547,47.8418],[7.1545,47.8423],[7.1548,47.8427],[7.154,47.8432],[7.156,47.8442],[7.1608,47.8464],[7.168,47.8472],[7.1724,47.8472]]]},"properties":{"id_ffco":"2007-D68-155","nom":"Eichwald","_dept":"68","numero":"2007-D68-155","commune":"Uffholtz","echelle":"1/10000","surface":"6.32 km²","format":"A3","annee":"2007","cartographes":"Janos Soter, Peter Molnar, Gabor Domonyik","proprietaire":"6803 - CLUB D'ORIENTATION DE MULHOUSE","niveau":"National, International","specialite":"CO à pied","contacts":"Vincent Papon, 16 rue de la Brasserie, 68460, Lutterbach, 06.63.03.92.86, v.papon@free.fr, http://comulhouse.fr/","latitude":"47.8313237141","longitude":"7.16285178813","date_saisie":"30/04/2014","valide":"Oui","ppo":"Non","type_carte":"Reprise","base":"2000-D68-89 Les Sources","fond":"Laser","obsolete":false}},{"type":"Feature","geometry":{"type":"Polygon","coordinates":[[[7.339,47.7256],[7.3342,47.7236],[7.3317,47.7273],[7.3303,47.7295],[7.3296,47.7304],[7.3311,47.7318],[7.3333,47.733],[7.3348,47.7334],[7.3352,47.7329],[7.3385,47.7341],[7.3379,47.7351],[7.3403,47.7356],[7.3407,47.736],[7.342,47.7349],[7.3434,47.7355],[7.3451,47.7364],[7.3449,47.7369],[7.346,47.7374],[7.3462,47.7369],[7.3455,47.7366],[7.3465,47.7355],[7.3459,47.7353],[7.3469,47.7343],[7.347,47.7335],[7.3467,47.7328],[7.3472,47.7313],[7.3475,47.7297],[7.3479,47.7278],[7.344,47.7279],[7.343,47.7278],[7.3418,47.7271],[7.339,47.7256]]]},"properties":{"id_ffco":"2008-D68-153","nom":"Mulhouse - Le Rebberg","_dept":"68","numero":"2008-D68-153","commune":"Mulhouse","echelle":"1/7500","surface":"1.14 km²","format":"A4","annee":"2008","proprietaire":"6803 - CLUB D'ORIENTATION DE MULHOUSE","niveau":"Régional","specialite":"CO à pied","contacts":"Vincent Papon, 16 rue de la Brasserie, 68460, Lutterbach, 06.63.03.92.86, v.papon@free.fr, http://comulhouse.fr/","latitude":"47.7303135896","longitude":"7.33914437147","date_saisie":"27/04/2014","valide":"Oui","ppo":"Non","type_carte":"Nouvelle carte","fond":"Cadastre","obsolete":false}},{"type":"Feature","geometry":{"type":"Polygon","coordinates":[[[7.1365,47.7512],[7.1365,47.7499],[7.1359,47.7498],[7.1285,47.7512],[7.1324,47.757],[7.1323,47.7577],[7.1281,47.7603],[7.1274,47.7602],[7.1275,47.7609],[7.127,47.7613],[7.124,47.7617],[7.122,47.7621],[7.1209,47.7623],[7.1177,47.7623],[7.1191,47.7632],[7.1214,47.766],[7.1333,47.7657],[7.1343,47.7652],[7.1357,47.7652],[7.1376,47.7642],[7.1382,47.7645],[7.1397,47.763],[7.1405,47.7628],[7.1434,47.762],[7.1435,47.7613],[7.1469,47.7616],[7.1488,47.7593],[7.1498,47.7576],[7.1508,47.7555],[7.1526,47.7545],[7.1516,47.752],[7.1505,47.7505],[7.15,47.7486],[7.1445,47.7486],[7.1428,47.749],[7.1408,47.7497],[7.1404,47.7495],[7.1407,47.7492],[7.1395,47.7487],[7.1392,47.7496],[7.138,47.7508],[7.138,47.7513],[7.1365,47.7512]]]},"properties":{"id_ffco":"2008-D68-152","nom":"Bruecklenwald-Kreuzwald","_dept":"68","numero":"2008-D68-152","commune":"68220 Michelbach Le Haut","echelle":"1/10000","surface":"2.68 km²","format":"A4","annee":"2008","cartographes":"Bernard Mortellier","proprietaire":"6803 - CLUB D'ORIENTATION DE MULHOUSE","niveau":"Régional","specialite":"CO à pied","contacts":"Vincent Papon, 16 rue de la Brasserie, 68460, Lutterbach, 06.63.03.92.86, v.papon@free.fr, http://comulhouse.fr/","latitude":"47.757379326","longitude":"7.13786185099","date_saisie":"24/04/2014","valide":"Oui","ppo":"Non","type_carte":"Nouvelle carte","fond":"IGN","ref_ign":"3620 ET","obsolete":false}},{"type":"Feature","geometry":{"type":"Polygon","coordinates":[[[7.1741,47.7321],[7.1706,47.734],[7.1662,47.7341],[7.1641,47.7346],[7.1621,47.7373],[7.1615,47.7386],[7.1593,47.7406],[7.1583,47.7413],[7.1564,47.7418],[7.1544,47.7418],[7.1536,47.7426],[7.1526,47.7443],[7.151,47.7448],[7.1507,47.7471],[7.1508,47.7488],[7.1517,47.7513],[7.1537,47.7536],[7.1553,47.7551],[7.1587,47.7534],[7.1584,47.7527],[7.1586,47.7518],[7.1607,47.7525],[7.1628,47.7528],[7.1659,47.753],[7.1695,47.7523],[7.1708,47.7517],[7.1738,47.7505],[7.1784,47.7488],[7.1804,47.7477],[7.1823,47.7463],[7.1851,47.7443],[7.1868,47.7433],[7.1874,47.7423],[7.1878,47.7404],[7.1897,47.7385],[7.1883,47.738],[7.1869,47.7377],[7.1853,47.7377],[7.1834,47.7371],[7.182,47.7369],[7.1803,47.7364],[7.1794,47.7355],[7.1783,47.7338],[7.178,47.7329],[7.1758,47.7316],[7.1741,47.7321]]]},"properties":{"id_ffco":"2006-D68-151","nom":"Schweighouse-Thann","_dept":"68","numero":"2006-D68-151","commune":"Schweighouse-Thann","echelle":"1/10000","surface":"4.2 km²","format":"A3","annee":"2006","cartographes":"Vincent Papon","proprietaire":"6803 - CLUB D'ORIENTATION DE MULHOUSE","niveau":"National, International","specialite":"CO à pied","contacts":"Vincent Papon, 16 rue de la Brasserie, 68460, Lutterbach, 06.63.03.92.86, v.papon@free.fr, http://comulhouse.fr/","latitude":"47.7435602171","longitude":"7.1689153085","date_saisie":"22/04/2014","valide":"Oui","ppo":"Non","type_carte":"Nouvelle carte","fond":"IGN","ref_ign":"3620 ET","obsolete":false}},{"type":"Feature","geometry":{"type":"Polygon","coordinates":[[[7.2301,47.9064],[7.2295,47.9071],[7.2297,47.9088],[7.2286,47.9094],[7.2268,47.9099],[7.2257,47.9102],[7.2252,47.9104],[7.2266,47.9108],[7.227,47.9111],[7.2275,47.9121],[7.2277,47.913],[7.2284,47.914],[7.2296,47.9149],[7.2304,47.915],[7.2323,47.9174],[7.2334,47.9173],[7.2337,47.9183],[7.2337,47.9192],[7.2334,47.9206],[7.2337,47.9209],[7.235,47.9209],[7.2388,47.9205],[7.2421,47.9202],[7.2438,47.9197],[7.2427,47.9192],[7.2429,47.9181],[7.2436,47.9183],[7.2443,47.9179],[7.2433,47.9175],[7.2441,47.9165],[7.2436,47.9158],[7.2431,47.9146],[7.2421,47.9128],[7.2409,47.911],[7.2383,47.909],[7.235,47.9075],[7.2319,47.9067],[7.2301,47.9064]]]},"properties":{"id_ffco":"2006-D68-150","nom":"Bergholtz","_dept":"68","numero":"2006-D68-150","commune":"Bergholtz","echelle":"1/7500","surface":"1.29 km²","format":"A4","annee":"2006","cartographes":"JL Pierson, F Hueber","proprietaire":"6806 - CLUB ORIENTATION BUHL ET FLORIVAL","niveau":"Régional","specialite":"CO à pied","contacts":"PIERSON Jean-Luc, 8 rue des Vosges, 68740, Fessenheim, pierson.jl@wanadoo.fr","latitude":"47.9138535289","longitude":"7.23563891658","date_saisie":"07/12/2006","date_depot":"30/05/2007","valide":"Oui","ppo":"Non","type_carte":"Nouvelle carte","fond":"IGN","ref_ign":"3719 OT","obsolete":false}},{"type":"Feature","geometry":{"type":"Polygon","coordinates":[[[7.1998,47.9037],[7.1976,47.9028],[7.1947,47.9015],[7.1927,47.9],[7.1921,47.8993],[7.1912,47.8979],[7.1891,47.8964],[7.1881,47.8944],[7.1871,47.8936],[7.1851,47.8963],[7.1828,47.8978],[7.1801,47.8994],[7.1784,47.9004],[7.178,47.9017],[7.1776,47.9024],[7.1776,47.9028],[7.1767,47.9032],[7.1757,47.9042],[7.1741,47.9055],[7.1723,47.9064],[7.1706,47.907],[7.1664,47.9066],[7.1628,47.9061],[7.1606,47.9055],[7.159,47.9055],[7.158,47.9051],[7.1564,47.9047],[7.1568,47.9056],[7.1577,47.9063],[7.1582,47.908],[7.1583,47.91],[7.1586,47.9103],[7.1577,47.9116],[7.1571,47.9119],[7.1569,47.9123],[7.1565,47.9124],[7.156,47.9132],[7.1549,47.9134],[7.1553,47.9145],[7.1564,47.9158],[7.1567,47.9174],[7.1553,47.9183],[7.1563,47.9183],[7.1568,47.9196],[7.1559,47.9196],[7.1551,47.9197],[7.1555,47.9206],[7.155,47.9219],[7.1559,47.922],[7.1566,47.9227],[7.1555,47.9226],[7.1555,47.9232],[7.1562,47.9232],[7.1566,47.9235],[7.1579,47.9235],[7.1593,47.9231],[7.1626,47.9234],[7.1649,47.9232],[7.1663,47.9227],[7.1671,47.9223],[7.1687,47.921],[7.1706,47.9209],[7.1737,47.921],[7.1751,47.9213],[7.1768,47.9212],[7.1814,47.9234],[7.1824,47.9239],[7.1848,47.9246],[7.1868,47.9243],[7.1877,47.9246],[7.1878,47.9241],[7.1931,47.921],[7.1924,47.9191],[7.1931,47.9184],[7.1935,47.9168],[7.1947,47.9166],[7.1962,47.9167],[7.1973,47.9168],[7.1983,47.9171],[7.1992,47.9158],[7.1977,47.9153],[7.196,47.9133],[7.195,47.9116],[7.1951,47.9113],[7.1973,47.9111],[7.1977,47.9108],[7.1978,47.9066],[7.1985,47.9062],[7.1986,47.9052],[7.1998,47.9037]]]},"properties":{"id_ffco":"2006-D68-149","nom":"Peternit","_dept":"68","numero":"2006-D68-149","commune":"Guebwiller","echelle":"1/15000","surface":"6.72 km²","format":"+","annee":"2006","cartographes":"François HUEBER, François LORANG","proprietaire":"6806 - CLUB ORIENTATION BUHL ET FLORIVAL","niveau":"National, International","specialite":"CO à VTT","contacts":"PIERSON Jean-Luc, 8 rue des Vosges, 68740, Fessenheim, pierson.jl@wanadoo.fr","latitude":"47.9118427565","longitude":"7.17842111694","date_saisie":"07/12/2006","date_depot":"30/05/2007","valide":"Oui","ppo":"Non","type_carte":"Reprise","base":"1999-D68-085 Buhl - Rehbrunnenkopf","fond":"IGN","ref_ign":"3719 OT","obsolete":false}},{"type":"Feature","geometry":{"type":"Polygon","coordinates":[[[7.2241,47.7816],[7.2139,47.7861],[7.2137,47.7857],[7.1996,47.7917],[7.2052,47.7958],[7.218,47.8051],[7.2219,47.8045],[7.227,47.8037],[7.228,47.8036],[7.228,47.8044],[7.2324,47.8045],[7.2347,47.8045],[7.2368,47.8043],[7.2328,47.7987],[7.2302,47.7951],[7.2273,47.7903],[7.2241,47.7855],[7.2241,47.7816]]]},"properties":{"id_ffco":"2006-D68-148","nom":"Haerthle O Vtt","_dept":"68","numero":"2006-D68-148","commune":"Wittelsheim","echelle":"1/10000","surface":"3.69 km²","format":"A3","annee":"2006","cartographes":"F Hueber, P Hildebrand","proprietaire":"6806 - CLUB ORIENTATION BUHL ET FLORIVAL","niveau":"National, International","specialite":"CO à VTT","contacts":"PIERSON Jean-Luc, 8 rue des Vosges, 68740, Fessenheim, pierson.jl@wanadoo.fr","latitude":"47.7948245186","longitude":"7.21893143688","date_saisie":"07/12/2006","date_depot":"30/05/2007","valide":"Oui","ppo":"Non","type_carte":"Reprise","base":"2004-D68-127 Haerthle","fond":"IGN","ref_ign":"3720 ET","obsolete":false}},{"type":"Feature","geometry":{"type":"Polygon","coordinates":[[[7.1981,47.9061],[7.1982,47.9032],[7.1959,47.9021],[7.1941,47.9011],[7.1925,47.9],[7.192,47.8992],[7.1893,47.8986],[7.1891,47.8992],[7.1894,47.8996],[7.1877,47.9005],[7.1866,47.9009],[7.1852,47.902],[7.1841,47.9025],[7.1827,47.9031],[7.1823,47.9033],[7.1816,47.9045],[7.1805,47.905],[7.1806,47.9056],[7.1816,47.9061],[7.1819,47.9067],[7.1803,47.9079],[7.1792,47.9078],[7.1794,47.9144],[7.1945,47.9144],[7.1947,47.9119],[7.1956,47.9113],[7.1975,47.9111],[7.1977,47.9107],[7.1987,47.9065],[7.1981,47.9061]]]},"properties":{"id_ffco":"2006-D68-147","nom":"Sandgrube","_dept":"68","numero":"2006-D68-147","commune":"Guebwiller","echelle":"1/7500","surface":"1.86 km²","format":"A4","annee":"2006","cartographes":"François HUEBER, François LORANG","proprietaire":"6806 - CLUB ORIENTATION BUHL ET FLORIVAL","niveau":"Régional","specialite":"CO à pied","contacts":"PIERSON Jean-Luc, 8 rue des Vosges, 68740, Fessenheim, pierson.jl@wanadoo.fr","latitude":"47.9076596822","longitude":"7.18896955885","date_saisie":"07/12/2006","date_depot":"30/05/2007","valide":"Oui","ppo":"Non","type_carte":"Reprise","base":"2003-D68-123 Hugstein","fond":"IGN","ref_ign":"3719 OT","obsolete":false}},{"type":"Feature","geometry":{"type":"Polygon","coordinates":[[[7.0952,47.8035],[7.0988,47.8018],[7.1028,47.7992],[7.1028,47.7966],[7.1014,47.7919],[7.1021,47.7844],[7.09,47.7837],[7.0874,47.7845],[7.0857,47.786],[7.0843,47.7861],[7.0835,47.7861],[7.0824,47.7862],[7.079,47.7863],[7.0767,47.7871],[7.0771,47.7953],[7.0806,47.7967],[7.0809,47.7983],[7.0809,47.8002],[7.0841,47.8004],[7.0883,47.8011],[7.0885,47.804],[7.0918,47.8039],[7.0921,47.8024],[7.0935,47.8022],[7.0933,47.8027],[7.0952,47.8035]]]},"properties":{"id_ffco":"2006-D68-145","nom":"Leimbach","_dept":"68","numero":"2006-D68-145","commune":"Leimbach","echelle":"1/10000","surface":"3.36 km²","format":"A4","annee":"2006","cartographes":"E Bilquez","proprietaire":"6806 - CLUB ORIENTATION BUHL ET FLORIVAL","niveau":"Régional","specialite":"CO à pied","latitude":"47.7931318441","longitude":"7.09064135548","date_saisie":"07/12/2006","date_depot":"30/05/2007","valide":"Oui","ppo":"Non","type_carte":"Nouvelle carte","fond":"IGN","ref_ign":"3620 ET","obsolete":false}},{"type":"Feature","geometry":{"type":"Polygon","coordinates":[[[7.2315,47.9017],[7.2343,47.9017],[7.2333,47.9002],[7.2313,47.9004],[7.2313,47.9009],[7.2311,47.9009],[7.2311,47.9011],[7.2311,47.9013],[7.2314,47.9013],[7.2313,47.9016],[7.2316,47.9016],[7.2315,47.9017]]]},"properties":{"id_ffco":"2005-D68-144","nom":"Piscine - Guebwiller","_dept":"68","numero":"2005-D68-144","commune":"Guebwiller","echelle":"1/1250","surface":"0.03 km²","format":"A4","annee":"2005","cartographes":"Pierre Hildebrand","proprietaire":"6806 - CLUB ORIENTATION BUHL ET FLORIVAL","niveau":"Initiation, Scolaire","specialite":"CO à pied","contacts":"PIERSON Jean-Luc, 8 rue des Vosges, 68740, Fessenheim, pierson.jl@wanadoo.fr","latitude":"47.9010622388","longitude":"7.2325638302","date_saisie":"07/12/2006","date_depot":"30/05/2007","valide":"Oui","ppo":"Non","type_carte":"Nouvelle carte","fond":"Cadastre","obsolete":false}},{"type":"Feature","geometry":{"type":"Polygon","coordinates":[[[7.1925,47.9538],[7.1953,47.9545],[7.1984,47.9553],[7.1997,47.9552],[7.2028,47.9538],[7.2056,47.9523],[7.2063,47.9511],[7.2067,47.9502],[7.2077,47.9487],[7.2085,47.9475],[7.2088,47.9462],[7.2126,47.9446],[7.2126,47.9432],[7.2109,47.9423],[7.2102,47.942],[7.2094,47.9408],[7.2084,47.9394],[7.2086,47.9383],[7.2091,47.9366],[7.2084,47.9348],[7.2089,47.9339],[7.2095,47.9325],[7.2039,47.9325],[7.2021,47.9327],[7.2001,47.9332],[7.1985,47.9331],[7.1948,47.9348],[7.1925,47.9358],[7.1909,47.9357],[7.1899,47.9353],[7.1898,47.9363],[7.1904,47.9376],[7.1901,47.9377],[7.1885,47.9372],[7.187,47.9359],[7.1869,47.9412],[7.1869,47.9446],[7.1884,47.9466],[7.1884,47.9471],[7.188,47.9471],[7.1867,47.9494],[7.189,47.9502],[7.1925,47.9538]]]},"properties":{"id_ffco":"2005-D68-143","nom":"St Gangolf","_dept":"68","numero":"2005-D68-143","commune":"Lautenbach","echelle":"1/10000","surface":"3.47 km²","format":"A4","annee":"2005","cartographes":"JL Pierson, F Hueber","proprietaire":"6806 - CLUB ORIENTATION BUHL ET FLORIVAL","niveau":"Départemental","specialite":"CO à pied","contacts":"PIERSON Jean-Luc, 8 rue des Vosges, 68740, Fessenheim, pierson.jl@wanadoo.fr","latitude":"47.9434750704","longitude":"7.19880410504","date_saisie":"25/11/2005","date_depot":"16/01/2006","valide":"Oui","ppo":"Non","type_carte":"Reprise","base":"2004-D68-129 Schimberg","fond":"IGN","ref_ign":"3719 OT","obsolete":false}},{"type":"Feature","geometry":{"type":"Polygon","coordinates":[[[7.1968,47.9561],[7.1981,47.9576],[7.2,47.9574],[7.2026,47.9576],[7.2065,47.957],[7.2099,47.9554],[7.2113,47.9554],[7.2127,47.9563],[7.2145,47.9565],[7.2163,47.9549],[7.2165,47.9527],[7.2198,47.9504],[7.2205,47.9493],[7.2212,47.9487],[7.2223,47.9471],[7.2234,47.9463],[7.225,47.9437],[7.2247,47.9425],[7.2241,47.9419],[7.2242,47.9408],[7.2257,47.9389],[7.2277,47.9366],[7.229,47.9353],[7.2291,47.9345],[7.2277,47.9346],[7.2271,47.9348],[7.2261,47.9346],[7.2258,47.934],[7.2265,47.9339],[7.2269,47.9331],[7.2267,47.9322],[7.2245,47.9313],[7.2231,47.9301],[7.2205,47.9291],[7.218,47.9282],[7.2161,47.9278],[7.2169,47.9274],[7.2163,47.927],[7.2132,47.9281],[7.212,47.9281],[7.211,47.9277],[7.2094,47.9268],[7.2073,47.9263],[7.2057,47.9258],[7.2051,47.9259],[7.2037,47.9268],[7.2023,47.9272],[7.2005,47.928],[7.2007,47.9295],[7.2015,47.931],[7.1992,47.9314],[7.1967,47.9322],[7.1946,47.9349],[7.1927,47.9357],[7.1912,47.9357],[7.1897,47.9354],[7.1897,47.9364],[7.1903,47.9376],[7.19,47.9377],[7.1885,47.9372],[7.1874,47.9362],[7.1869,47.9353],[7.1863,47.936],[7.1872,47.939],[7.1869,47.9397],[7.1861,47.9413],[7.1865,47.9437],[7.1876,47.9447],[7.1868,47.9449],[7.1886,47.9466],[7.1886,47.9471],[7.1879,47.947],[7.1875,47.9481],[7.1864,47.9492],[7.1888,47.9502],[7.1902,47.9514],[7.1925,47.9538],[7.1968,47.9561]]]},"properties":{"id_ffco":"2005-D68-141","nom":"Schimberg","_dept":"68","numero":"2005-D68-141","commune":"Orschwihr","echelle":"1/20000","surface":"7.6 km²","format":"A4","annee":"2005","cartographes":"Jean-Luc PIERSON, François LORANG","proprietaire":"6806 - CLUB ORIENTATION BUHL ET FLORIVAL","niveau":"National, International","specialite":"CO à VTT","contacts":"PIERSON Jean-Luc, 8 rue des Vosges, 68740, Fessenheim, pierson.jl@wanadoo.fr","latitude":"47.9419384026","longitude":"7.2067936831","date_saisie":"03/03/2006","date_depot":"03/03/2006","valide":"Oui","ppo":"Non","type_carte":"Reprise","base":"2004-D68-129 Schimberg","fond":"IGN","ref_ign":"3719 OT","obsolete":false}},{"type":"Feature","geometry":null,"properties":{"id_ffco":"2005-D68-140","nom":"AMMERSCHWIHR \"Le Wetterkreuz\"","_dept":"68","numero":"2005-D68-140","commune":"Kaysesberg","echelle":"1/10000","surface":"2.0 km²","annee":"2005","cartographes":"M Duboc- F Erdinger- JL Legallais-A Mertz","proprietaire":"6804 - CLUB D'ORIENTATION DE COLMAR","specialite":"CO à pied","latitude":"48.1388563","longitude":"7.2637862","date_saisie":"03/05/2005","date_depot":"13/05/2005","valide":"Non","ppo":"Non","obsolete":false}},{"type":"Feature","geometry":{"type":"Polygon","coordinates":[[[7.2531,48.1468],[7.2553,48.1477],[7.2566,48.1485],[7.2569,48.1494],[7.2601,48.1509],[7.262,48.1523],[7.2621,48.1539],[7.2636,48.1552],[7.2639,48.1568],[7.2659,48.1574],[7.2681,48.1585],[7.2711,48.1596],[7.2721,48.1592],[7.2779,48.1581],[7.283,48.1574],[7.2829,48.1568],[7.2844,48.1565],[7.2853,48.1562],[7.2861,48.1562],[7.2854,48.1531],[7.2877,48.1514],[7.2859,48.1486],[7.2858,48.1479],[7.2847,48.1465],[7.2842,48.144],[7.2784,48.1411],[7.2738,48.1412],[7.2651,48.1392],[7.2609,48.1389],[7.2578,48.1387],[7.2564,48.1411],[7.2557,48.1436],[7.2531,48.1468]]]},"properties":{"id_ffco":"2005-D68-139","nom":"Kaysersberg \"Le Rocher du Corbeau\"","_dept":"68","numero":"2005-D68-139","commune":"Kaysersberg","echelle":"1/10000","surface":"3.89 km²","format":"A3","annee":"2005","cartographes":"Michel DUBOC, Fabrice ERDINGER, Jean-Luc LEGALLAIS, André MERTZ","proprietaire":"6804 - CLUB D'ORIENTATION DE COLMAR","niveau":"National, International","specialite":"CO à pied","contacts":"MEYER Kirian, 12 rue des Primevères, 68570, Wintzfelden, 03.89.72.74.80, 06.24.98.93.15, president@cocolmar.fr","latitude":"48.148770095","longitude":"7.27108874422","date_saisie":"03/05/2005","date_depot":"13/05/2005","valide":"Oui","ppo":"Non","type_carte":"Reprise","base":"2005-D68-137 Kaysersberg \"Le Château\"","fond":"IGN","ref_ign":"3718 OT","obsolete":false}},{"type":"Feature","geometry":{"type":"Polygon","coordinates":[[[7.2611,48.1357],[7.2589,48.1342],[7.256,48.1334],[7.2538,48.1327],[7.2534,48.1294],[7.2509,48.1285],[7.2496,48.1271],[7.2465,48.1267],[7.2436,48.1269],[7.2415,48.1273],[7.2387,48.1265],[7.2349,48.1262],[7.2327,48.128],[7.2301,48.1281],[7.2282,48.1292],[7.2285,48.1298],[7.2278,48.1299],[7.2278,48.1306],[7.2233,48.1315],[7.2219,48.1333],[7.223,48.1348],[7.223,48.1365],[7.2233,48.1391],[7.2222,48.1396],[7.2242,48.141],[7.2326,48.1408],[7.2342,48.1417],[7.236,48.1425],[7.2378,48.144],[7.2384,48.1438],[7.239,48.145],[7.2399,48.1482],[7.2408,48.1487],[7.243,48.1483],[7.2451,48.1494],[7.2458,48.1484],[7.2485,48.148],[7.2493,48.1483],[7.2501,48.1479],[7.2506,48.1482],[7.2527,48.147],[7.2538,48.1474],[7.256,48.1473],[7.2566,48.1464],[7.2569,48.1452],[7.258,48.1439],[7.2585,48.1428],[7.2599,48.142],[7.2613,48.1409],[7.2608,48.1393],[7.2614,48.1381],[7.2628,48.1372],[7.2611,48.1357]]]},"properties":{"id_ffco":"2005-D68-138","nom":"Kaysersberg \"Le Chalet Weibel\"","_dept":"68","numero":"2005-D68-138","commune":"Kaysersberg","echelle":"1/10000","surface":"4.94 km²","format":"A3","annee":"2005","cartographes":"Michen DUBOC, Fabrice ERDINGER, Jean-Luc LEGALLAIS, André MERTZ","proprietaire":"6804 - CLUB D'ORIENTATION DE COLMAR","niveau":"National, International","specialite":"CO à pied","contacts":"MEYER Kirian, 12 rue des Primevères, 68570, Wintzfelden, 03.89.72.74.80, 06.24.98.93.15, president@cocolmar.fr","latitude":"48.1369984667","longitude":"7.24260371894","date_saisie":"03/05/2005","date_depot":"13/05/2005","valide":"Oui","ppo":"Non","type_carte":"Reprise","base":"1999-D68-084 La Chapelle Flieger","fond":"IGN","ref_ign":"3718 OT","obsolete":false}},{"type":"Feature","geometry":{"type":"Polygon","coordinates":[[[7.2565,48.1406],[7.2582,48.1417],[7.2594,48.1426],[7.2687,48.1457],[7.2761,48.1463],[7.2779,48.1487],[7.2808,48.1491],[7.286,48.148],[7.2851,48.147],[7.284,48.1441],[7.2854,48.1437],[7.286,48.1434],[7.2852,48.1428],[7.2847,48.1409],[7.2842,48.1388],[7.2842,48.1373],[7.2829,48.137],[7.2819,48.1364],[7.2811,48.1366],[7.2783,48.1371],[7.269,48.138],[7.2681,48.135],[7.2668,48.1352],[7.2638,48.135],[7.2615,48.1355],[7.2602,48.1362],[7.2579,48.1388],[7.2565,48.1406]]]},"properties":{"id_ffco":"2005-D68-137","nom":"Kaysersberg \"Le Château\"","_dept":"68","numero":"2005-D68-137","commune":"Kaysersberg","echelle":"1/7500","surface":"2.08 km²","format":"A3","annee":"2005","cartographes":"M Duboc- F Erdinger- JL Legallais-A Mertz","proprietaire":"6804 - CLUB D'ORIENTATION DE COLMAR","niveau":"National, International","specialite":"CO à pied","contacts":"MEYER Kirian, 12 rue des Primevères, 68570, Wintzfelden, 03.89.72.74.80, 06.24.98.93.15, president@cocolmar.fr","latitude":"48.1415240678","longitude":"7.27259975902","date_saisie":"03/05/2005","date_depot":"13/05/2005","valide":"Oui","ppo":"Non","type_carte":"Nouvelle carte","fond":"IGN","ref_ign":"3718 OT","obsolete":false}},{"type":"Feature","geometry":{"type":"Polygon","coordinates":[[[7.1862,47.8809],[7.1948,47.8808],[7.1952,47.8799],[7.1954,47.8792],[7.1955,47.8781],[7.1959,47.878],[7.198,47.878],[7.1993,47.8778],[7.198,47.8776],[7.1975,47.8775],[7.1972,47.877],[7.1944,47.876],[7.1928,47.8757],[7.1915,47.8751],[7.1917,47.8747],[7.1863,47.8747],[7.1862,47.8809]]]},"properties":{"id_ffco":"2005-D68-136","nom":"Gros Chêne","_dept":"68","numero":"2005-D68-136","commune":"Junghotz","echelle":"1/4000","surface":"0.46 km²","format":"A4","annee":"2005","cartographes":"JL Pierson, F Hueber, F Lorang","proprietaire":"6806 - CLUB ORIENTATION BUHL ET FLORIVAL","niveau":"Initiation, Scolaire","specialite":"CO à pied","contacts":"PIERSON Jean-Luc, 8 rue des Vosges, 68740, Fessenheim, pierson.jl@wanadoo.fr","latitude":"47.8779609443","longitude":"7.19087498919","date_saisie":"15/07/2005","date_depot":"27/07/2005","valide":"Oui","ppo":"Non","type_carte":"Reprise","base":"2002-D68-101 Thierenbach","fond":"IGN","ref_ign":"3719 OT","obsolete":false}},{"type":"Feature","geometry":{"type":"Polygon","coordinates":[[[7.2352,47.6157],[7.2361,47.6168],[7.2371,47.616],[7.2375,47.6155],[7.2383,47.6145],[7.2388,47.6136],[7.2394,47.6128],[7.2411,47.6122],[7.2435,47.6118],[7.2464,47.6151],[7.2475,47.6156],[7.2523,47.618],[7.2536,47.6168],[7.2545,47.617],[7.2553,47.6166],[7.2596,47.6142],[7.2589,47.6067],[7.258,47.6061],[7.2573,47.6047],[7.2566,47.6041],[7.2552,47.6033],[7.2547,47.6029],[7.2546,47.6018],[7.2541,47.6006],[7.2533,47.6002],[7.2525,47.5995],[7.253,47.5984],[7.2536,47.5971],[7.2537,47.5964],[7.2539,47.5956],[7.2551,47.5938],[7.2548,47.5928],[7.2521,47.5928],[7.2509,47.5934],[7.2477,47.5942],[7.2455,47.5948],[7.2433,47.5951],[7.2416,47.5957],[7.2376,47.5971],[7.2364,47.5977],[7.235,47.5993],[7.2335,47.6004],[7.2303,47.6023],[7.2277,47.604],[7.2238,47.6065],[7.2223,47.6076],[7.2207,47.6084],[7.2189,47.6099],[7.2177,47.611],[7.217,47.6116],[7.217,47.6125],[7.2177,47.614],[7.2188,47.6156],[7.2193,47.616],[7.221,47.6172],[7.2222,47.618],[7.2232,47.6177],[7.2258,47.6174],[7.2267,47.6178],[7.2277,47.618],[7.2297,47.6186],[7.2304,47.6185],[7.2321,47.6173],[7.2326,47.6175],[7.2333,47.6167],[7.2354,47.6156],[7.2352,47.6157]]]},"properties":{"id_ffco":"2004-D68-135","nom":"Altkirch La Palestre","_dept":"68","numero":"2004-D68-135","commune":"Altkirch","echelle":"1/10000","surface":"5.43 km²","format":"A3","annee":"2004","cartographes":"Gabor Domonyik, Peter Molnar, Janos Solter","proprietaire":"6803 - CLUB D'ORIENTATION DE MULHOUSE","niveau":"National, International","specialite":"CO à pied","contacts":"Vincent Papon, 16 rue de la Brasserie, 68460, Lutterbach, 06.63.03.92.86, v.papon@free.fr, http://comulhouse.fr/","latitude":"47.6073935909","longitude":"7.2404461439","date_saisie":"02/06/2004","date_depot":"04/06/2004","valide":"Oui","ppo":"Non","type_carte":"Nouvelle carte","fond":"IGN","ref_ign":"3621 ET","obsolete":false}},{"type":"Feature","geometry":{"type":"Polygon","coordinates":[[[7.3478,47.7278],[7.3471,47.7316],[7.3485,47.7318],[7.3518,47.7333],[7.3529,47.7346],[7.3537,47.7356],[7.3531,47.7359],[7.3536,47.7361],[7.3562,47.7368],[7.3576,47.7374],[7.3581,47.7371],[7.3607,47.7385],[7.3637,47.7377],[7.3662,47.7366],[7.3679,47.736],[7.3708,47.7342],[7.3728,47.7329],[7.3774,47.7301],[7.3755,47.7277],[7.3769,47.7217],[7.3749,47.7212],[7.3681,47.7146],[7.3665,47.7132],[7.364,47.7124],[7.3647,47.7115],[7.3612,47.7107],[7.3581,47.7114],[7.3555,47.7114],[7.3551,47.7133],[7.3544,47.7142],[7.3513,47.7155],[7.3452,47.7181],[7.3449,47.7184],[7.3469,47.7199],[7.3498,47.7225],[7.3512,47.7237],[7.3527,47.7241],[7.3533,47.7243],[7.3509,47.7262],[7.3478,47.727],[7.3478,47.7278]]]},"properties":{"id_ffco":"2004-D68-134","nom":"Tannenwald Mulhouse","_dept":"68","numero":"2004-D68-134","commune":"Mulhouse","echelle":"1/10000","surface":"4.81 km²","format":"A3","annee":"2004","cartographes":"Gabor Domonyik-Peter Molnar-Janos Soter","proprietaire":"6803 - CLUB D'ORIENTATION DE MULHOUSE","niveau":"National, International","specialite":"CO à pied","contacts":"PAPON Vincent, 6 rue de Provence, 67400, Illkirch-Graffenstaden, 06.63.03.92.86, v.papon@free.fr","latitude":"47.7247928495","longitude":"7.36155141725","date_saisie":"02/06/2004","date_depot":"04/06/2004","valide":"Oui","ppo":"Non","type_carte":"Reprise","base":"2001-D68-113 Plaine Sportive Tannenwald - Zuhrenwald","fond":"IGN","ref_ign":"3720 ET","obsolete":false}},{"type":"Feature","geometry":null,"properties":{"id_ffco":"2004-D68-133","nom":"C.O SKI du Lac Blanc 1/10000","_dept":"68","numero":"2004-D68-133","commune":"Orbey","echelle":"1/10000","surface":"2.0 km²","format":"A5","annee":"2004","cartographes":"M Duboc","proprietaire":"6804 - CLUB D'ORIENTATION DE COLMAR","specialite":"CO à ski","latitude":"48.1262055","longitude":"7.1648835","date_saisie":"02/06/2004","date_depot":"04/06/2004","valide":"Non","ppo":"Non","obsolete":false}},{"type":"Feature","geometry":null,"properties":{"id_ffco":"2004-D68-132","nom":"C.O SKI du Lac Blanc 1/15000","_dept":"68","numero":"2004-D68-132","commune":"Orbey","echelle":"1/10000","surface":"6.0 km²","format":"A5","annee":"2004","cartographes":"M Duboc","proprietaire":"6804 - CLUB D'ORIENTATION DE COLMAR","specialite":"CO à ski","latitude":"48.1262055","longitude":"7.1648835","date_saisie":"02/06/2004","date_depot":"04/06/2004","valide":"Non","ppo":"Non","obsolete":false}},{"type":"Feature","geometry":{"type":"Polygon","coordinates":[[[7.2145,47.9565],[7.2164,47.9547],[7.2165,47.9527],[7.2175,47.9521],[7.2202,47.9502],[7.2211,47.9485],[7.2221,47.9472],[7.2233,47.9464],[7.2249,47.9437],[7.2248,47.9425],[7.2242,47.9421],[7.2241,47.941],[7.2251,47.9398],[7.2256,47.9388],[7.2271,47.9375],[7.2283,47.9359],[7.229,47.9346],[7.2278,47.9346],[7.227,47.9349],[7.2258,47.9341],[7.2264,47.9339],[7.2269,47.933],[7.2268,47.9321],[7.2258,47.9316],[7.2245,47.9313],[7.2236,47.9304],[7.2217,47.9295],[7.2196,47.9287],[7.2175,47.928],[7.2161,47.9279],[7.2165,47.927],[7.2148,47.9275],[7.2134,47.928],[7.2124,47.9281],[7.211,47.9277],[7.2105,47.9275],[7.2089,47.9266],[7.207,47.9261],[7.2049,47.9259],[7.2037,47.9269],[7.2035,47.9269],[7.2016,47.9275],[7.2006,47.9281],[7.2006,47.9296],[7.2015,47.931],[7.1999,47.9313],[7.1983,47.9316],[7.1969,47.932],[7.1956,47.9333],[7.1948,47.9348],[7.1924,47.9359],[7.1898,47.9354],[7.1899,47.9361],[7.1905,47.9376],[7.19,47.9378],[7.1882,47.937],[7.1868,47.9353],[7.1867,47.9368],[7.1871,47.9402],[7.1861,47.9411],[7.1868,47.9446],[7.1885,47.9466],[7.1881,47.9482],[7.1864,47.9493],[7.1893,47.9502],[7.1924,47.9536],[7.1962,47.9559],[7.1969,47.9562],[7.198,47.9575],[7.2003,47.9574],[7.2028,47.9575],[7.2065,47.9569],[7.2095,47.9556],[7.2105,47.9552],[7.2124,47.9562],[7.2145,47.9565]]]},"properties":{"id_ffco":"2004-D68-129","nom":"Schimberg","_dept":"68","numero":"2004-D68-129","commune":"Orschwihr","echelle":"1/15000","surface":"7.58 km²","format":"A3","annee":"2004","cartographes":"J L Piersson","proprietaire":"6806 - CLUB ORIENTATION BUHL ET FLORIVAL","niveau":"Interrégional","specialite":"CO à pied","contacts":"PIERSON Jean-Luc, 8 rue des Vosges, 68740, Fessenheim, pierson.jl@wanadoo.fr","latitude":"47.9419246273","longitude":"7.20686332563","date_saisie":"21/10/2004","date_depot":"15/11/2004","valide":"Non","ppo":"Non","type_carte":"Reprise","base":"1987-D68-041 Schimberg - Pfingstberg - 1987","fond":"IGN","ref_ign":"3719 OT","obsolete":false}},{"type":"Feature","geometry":{"type":"Polygon","coordinates":[[[7.1013,47.8063],[7.1014,47.8055],[7.1013,47.8052],[7.1007,47.8051],[7.0995,47.8052],[7.0989,47.8052],[7.0989,47.8053],[7.0984,47.8053],[7.0984,47.8055],[7.0981,47.8055],[7.098,47.8059],[7.0985,47.806],[7.0988,47.806],[7.099,47.8059],[7.0994,47.8059],[7.0998,47.8063],[7.1013,47.8063]]]},"properties":{"id_ffco":"2003-D68-128","nom":"Parc Albert 1er - Thann","_dept":"68","numero":"2003-D68-128","commune":"Thann","echelle":"1/1000","surface":"0.02 km²","format":"A4","annee":"2003","cartographes":"Eric BILQUEZ","proprietaire":"6806 - CLUB ORIENTATION BUHL ET FLORIVAL","niveau":"Initiation, Scolaire","specialite":"CO à pied","contacts":"PIERSON Jean-Luc, 8 rue des Vosges, 68740, Fessenheim, pierson.jl@wanadoo.fr","latitude":"47.8056960313","longitude":"7.09993025907","date_saisie":"05/05/2003","valide":"Oui","ppo":"Non","type_carte":"Nouvelle carte","fond":"Cadastre","obsolete":false}},{"type":"Feature","geometry":{"type":"Polygon","coordinates":[[[7.2317,47.7975],[7.2302,47.7952],[7.2271,47.7902],[7.2241,47.7855],[7.2239,47.7815],[7.2139,47.786],[7.2136,47.7857],[7.2097,47.7874],[7.2108,47.7918],[7.2152,47.7914],[7.2164,47.7964],[7.2169,47.7973],[7.2178,47.7975],[7.218,47.799],[7.219,47.7999],[7.2232,47.7987],[7.2245,47.8004],[7.226,47.8003],[7.2266,47.7995],[7.2317,47.7975]]]},"properties":{"id_ffco":"2004-D68-127","nom":"Haerthle","_dept":"68","numero":"2004-D68-127","commune":"Wittelsheim","echelle":"1/10000","surface":"1.8 km²","format":"A4","annee":"2004","cartographes":"François HUEBER","proprietaire":"6806 - CLUB ORIENTATION BUHL ET FLORIVAL","niveau":"Régional","specialite":"CO à pied","contacts":"PIERSON Jean-Luc, 8 rue des Vosges, 68740, Fessenheim, pierson.jl@wanadoo.fr","latitude":"47.7916264377","longitude":"7.22091506398","date_saisie":"14/10/2004","date_depot":"13/10/2004","valide":"Oui","ppo":"Non","type_carte":"Nouvelle carte","fond":"IGN","ref_ign":"3720 ET","obsolete":false}},{"type":"Feature","geometry":{"type":"Polygon","coordinates":[[[7.1422,47.6925],[7.1477,47.6924],[7.1534,47.6901],[7.1581,47.6886],[7.1595,47.6879],[7.1597,47.6844],[7.1602,47.6839],[7.1549,47.6807],[7.1546,47.6749],[7.1552,47.6738],[7.1527,47.6666],[7.1487,47.6672],[7.1475,47.6674],[7.1473,47.6671],[7.1452,47.6681],[7.1445,47.6691],[7.1423,47.6703],[7.1427,47.6705],[7.1402,47.6722],[7.1377,47.6754],[7.139,47.676],[7.1387,47.6764],[7.139,47.6768],[7.1387,47.6772],[7.1385,47.6786],[7.1384,47.6792],[7.1376,47.6798],[7.1366,47.6806],[7.1369,47.6812],[7.136,47.682],[7.1367,47.6826],[7.1364,47.6828],[7.1367,47.6833],[7.1357,47.6833],[7.1348,47.6841],[7.1344,47.6857],[7.1336,47.6888],[7.1332,47.6891],[7.1339,47.6916],[7.1353,47.6922],[7.1363,47.6918],[7.1384,47.6924],[7.1396,47.6916],[7.1404,47.6918],[7.1406,47.6922],[7.1422,47.6925]]]},"properties":{"id_ffco":"2003-D68-125","nom":"Gildwiller-sur-le-Mont","_dept":"68","numero":"2003-D68-125","commune":"Gidwiller","echelle":"1/10000","surface":"3.73 km²","format":"A3","annee":"2003","cartographes":"Vincent PAPON","proprietaire":"6803 - CLUB D'ORIENTATION DE MULHOUSE","niveau":"Interrégional","specialite":"CO à pied","contacts":"PAPON Vincent, 6 rue de Provence, 67400, Illkirch-Graffenstaden, 06.63.03.92.86, v.papon@free.fr","latitude":"47.6813625626","longitude":"7.14651186136","date_saisie":"02/10/2003","date_depot":"03/10/2003","valide":"Oui","ppo":"Non","type_carte":"Nouvelle carte","fond":"IGN","ref_ign":"3621 ET","obsolete":false}},{"type":"Feature","geometry":{"type":"Polygon","coordinates":[[[7.2326,47.9034],[7.2353,47.9034],[7.2386,47.9035],[7.2388,47.9022],[7.2356,47.9019],[7.2324,47.902],[7.2326,47.9034]]]},"properties":{"id_ffco":"2003-D68-124","nom":"Stade Throo-Guebwiller","_dept":"68","numero":"2003-D68-124","commune":"Guebwiller","echelle":"1/2000","surface":"0.07 km²","format":"A4","annee":"2003","cartographes":"François HUEBER","proprietaire":"6806 - CLUB ORIENTATION BUHL ET FLORIVAL","niveau":"Initiation, Scolaire","specialite":"CO à pied","contacts":"PIERSON Jean-Luc, 8 rue des Vosges, 68740, Fessenheim, pierson.jl@wanadoo.fr","latitude":"47.9027142003","longitude":"7.23559394865","date_saisie":"21/11/2003","date_depot":"24/11/2003","valide":"Oui","ppo":"Non","type_carte":"Nouvelle carte","fond":"Cadastre","obsolete":false}},{"type":"Feature","geometry":{"type":"Polygon","coordinates":[[[7.1701,47.9204],[7.17,47.921],[7.1714,47.9208],[7.1729,47.9209],[7.1749,47.9212],[7.1764,47.9211],[7.1794,47.9223],[7.1811,47.9234],[7.1814,47.9239],[7.1822,47.9246],[7.1831,47.9249],[7.1841,47.9244],[7.185,47.9247],[7.186,47.9246],[7.1864,47.9249],[7.187,47.9249],[7.1866,47.9254],[7.1873,47.9257],[7.1884,47.9248],[7.1878,47.9245],[7.1879,47.924],[7.1928,47.9213],[7.1936,47.9204],[7.1925,47.9195],[7.1928,47.9183],[7.193,47.9155],[7.1953,47.915],[7.1947,47.912],[7.1952,47.9114],[7.1973,47.911],[7.1976,47.9105],[7.1978,47.9063],[7.1984,47.9061],[7.1999,47.9036],[7.1976,47.9029],[7.1942,47.9011],[7.1927,47.9001],[7.1922,47.8995],[7.1921,47.8992],[7.1894,47.8986],[7.189,47.8989],[7.1892,47.8995],[7.1878,47.9004],[7.1864,47.9009],[7.1851,47.9021],[7.1841,47.9023],[7.1821,47.9033],[7.1814,47.9047],[7.1804,47.9051],[7.1808,47.9058],[7.1818,47.9065],[7.1806,47.9079],[7.1792,47.9078],[7.1783,47.9082],[7.1773,47.9093],[7.1756,47.9085],[7.1749,47.9085],[7.1743,47.9087],[7.1737,47.9083],[7.1709,47.9084],[7.1702,47.9084],[7.1701,47.9204]]]},"properties":{"id_ffco":"2003-D68-123","nom":"Hugstein","_dept":"68","numero":"2003-D68-123","commune":"Buhl","echelle":"1/1000","surface":"3.93 km²","format":"A3","annee":"2003","cartographes":"Eric BILQUEZ, François HUEBER, Jean-Luc PIERSON","proprietaire":"6806 - CLUB ORIENTATION BUHL ET FLORIVAL","niveau":"Régional","specialite":"CO à pied","contacts":"PIERSON Jean-Luc, 8 rue des Vosges, 68740, Fessenheim, pierson.jl@wanadoo.fr","latitude":"47.9125035613","longitude":"7.18468765444","date_saisie":"21/11/2003","date_depot":"24/11/2003","valide":"Oui","ppo":"Non","type_carte":"Reprise","base":"1999-D68-085 Buhl - Rehbrunnenkopf","fond":"IGN","ref_ign":"3719 OT","obsolete":false}},{"type":"Feature","geometry":{"type":"Polygon","coordinates":[[[7.2151,47.9058],[7.2162,47.905],[7.2156,47.9046],[7.2149,47.9041],[7.2139,47.9034],[7.2125,47.9047],[7.2128,47.9048],[7.213,47.905],[7.213,47.9049],[7.2131,47.905],[7.2133,47.905],[7.2138,47.9047],[7.2141,47.9049],[7.2142,47.9049],[7.2147,47.9054],[7.2146,47.9054],[7.215,47.9058],[7.2151,47.9058]]]},"properties":{"id_ffco":"2003-D68-122","nom":"Parc I.U.F.M. Guebwiller","_dept":"68","numero":"2003-D68-122","commune":"Guebwiller","echelle":"1/1000","surface":"0.03 km²","format":"A4","annee":"2003","cartographes":"François HUEBER","proprietaire":"6806 - CLUB ORIENTATION BUHL ET FLORIVAL","niveau":"Initiation, Scolaire","specialite":"CO à pied","contacts":"PIERSON Jean-Luc, 8 rue des Vosges, 68740, Fessenheim, pierson.jl@wanadoo.fr","latitude":"47.9046153584","longitude":"7.21440233893","date_saisie":"21/11/2003","date_depot":"24/11/2003","valide":"Oui","ppo":"Non","type_carte":"Nouvelle carte","fond":"Cadastre","obsolete":false}},{"type":"Feature","geometry":{"type":"Polygon","coordinates":[[[7.2335,47.7926],[7.2336,47.7929],[7.2343,47.7928],[7.2361,47.7925],[7.2369,47.7922],[7.2374,47.7915],[7.2378,47.7911],[7.2355,47.7901],[7.2342,47.7897],[7.2339,47.79],[7.2343,47.7902],[7.2307,47.7911],[7.2306,47.7908],[7.2303,47.7909],[7.2305,47.7912],[7.2309,47.792],[7.2313,47.7919],[7.2315,47.7927],[7.2327,47.7927],[7.2335,47.7926]]]},"properties":{"id_ffco":"2002-D68-121","nom":"Charles Peguy","_dept":"68","numero":"2002-D68-121","commune":"Wittelsheim","echelle":"1/2000","surface":"0.12 km²","format":"A4","annee":"2002","cartographes":"François HUEBER","proprietaire":"6806 - CLUB ORIENTATION BUHL ET FLORIVAL","niveau":"Initiation, Scolaire","specialite":"CO à pied","contacts":"PIERSON Jean-Luc, 8 rue des Vosges, 68740, Fessenheim, pierson.jl@wanadoo.fr","latitude":"47.7914761606","longitude":"7.23414896624","date_saisie":"21/11/2003","date_depot":"24/11/2003","valide":"Oui","ppo":"Non","type_carte":"Nouvelle carte","fond":"Cadastre","obsolete":false}},{"type":"Feature","geometry":null,"properties":{"id_ffco":"2002-D68-120","nom":"Centre Pièton mulhouse","_dept":"68","numero":"2002-D68-120","commune":"Mulhouse","echelle":"1/2500","surface":"0.3 km²","annee":"2002","proprietaire":"6803 - CLUB D'ORIENTATION DE MULHOUSE","specialite":"CO à pied","latitude":"47.7494919","longitude":"7.3397806","date_saisie":"19/12/2002","date_depot":"20/12/2002","valide":"Non","ppo":"Non","obsolete":false}},{"type":"Feature","geometry":{"type":"Polygon","coordinates":[[[7.3162,47.7339],[7.3165,47.7343],[7.3172,47.7342],[7.3172,47.7337],[7.3192,47.7316],[7.319,47.7307],[7.315,47.7285],[7.3119,47.7267],[7.3112,47.7255],[7.3098,47.724],[7.3088,47.7239],[7.3079,47.7243],[7.3076,47.7247],[7.307,47.7244],[7.3066,47.7244],[7.3069,47.7246],[7.3062,47.7251],[7.3062,47.7259],[7.3059,47.7261],[7.3066,47.7268],[7.3069,47.7276],[7.3066,47.728],[7.3063,47.7289],[7.307,47.7303],[7.3077,47.731],[7.3076,47.7314],[7.3111,47.733],[7.3135,47.7334],[7.3162,47.7339]]]},"properties":{"id_ffco":"2002-D68-119","nom":"Campus Universitaire Mulhouse","_dept":"68","numero":"2002-D68-119","commune":"Mulhouse","echelle":"1/4000","surface":"0.61 km²","format":"A3","annee":"2002","cartographes":"Vincent PAPON","proprietaire":"6803 - CLUB D'ORIENTATION DE MULHOUSE","niveau":"National, International","specialite":"CO à pied","contacts":"PAPON Vincent, 6 rue de Provence, 67400, Illkirch-Graffenstaden, 06.63.03.92.86, v.papon@free.fr","latitude":"47.7295019943","longitude":"7.31183312144","date_saisie":"19/12/2002","date_depot":"20/12/2002","valide":"Oui","ppo":"Non","type_carte":"Reprise","base":"1986-D68-033 Mulhouse : CSR-Université-Bois des Philosophes","fond":"Cadastre","obsolete":false}},{"type":"Feature","geometry":{"type":"Polygon","coordinates":[[[7.3009,47.7007],[7.301,47.7004],[7.3012,47.7004],[7.2983,47.6986],[7.2978,47.6988],[7.2973,47.6986],[7.296,47.6984],[7.2956,47.6981],[7.2941,47.699],[7.2944,47.6992],[7.2944,47.6994],[7.2951,47.6997],[7.2963,47.7007],[7.2969,47.7015],[7.2983,47.7026],[7.2995,47.702],[7.3009,47.7007]]]},"properties":{"id_ffco":"2002-D68-118","nom":"Collège Episcopal Zillisheim","_dept":"68","numero":"2002-D68-118","commune":"Zillisheim","echelle":"1/2500","surface":"0.13 km²","format":"A4","annee":"2002","cartographes":"Vincent PAPON","proprietaire":"6803 - CLUB D'ORIENTATION DE MULHOUSE","niveau":"Initiation, Scolaire","specialite":"CO à pied","contacts":"PAPON Vincent, 6 rue de Provence, 67400, Illkirch-Graffenstaden, 06.63.03.92.86, v.papon@free.fr","latitude":"47.7001957877","longitude":"7.29780798272","date_saisie":"19/12/2002","date_depot":"20/12/2002","valide":"Oui","ppo":"Non","type_carte":"Nouvelle carte","fond":"Cadastre","obsolete":false}},{"type":"Feature","geometry":{"type":"Polygon","coordinates":[[[7.408,47.9239],[7.4146,47.9229],[7.4126,47.9205],[7.409,47.9144],[7.4069,47.9148],[7.407,47.915],[7.4068,47.915],[7.4066,47.9147],[7.4056,47.9149],[7.4061,47.918],[7.4071,47.9208],[7.408,47.9239]]]},"properties":{"id_ffco":"2002-D68-117","nom":"René Pépin","_dept":"68","numero":"2002-D68-117","commune":"Meyenheim","echelle":"1/4000","surface":"0.38 km²","format":"A4","annee":"2002","cartographes":"Claude VOGT","proprietaire":"68 - Haut-Rhin","niveau":"Initiation, Scolaire","specialite":"CO à pied","contacts":"Comité Départemental de Course d'Orientation du Haut-Rhin","latitude":"47.9194954737","longitude":"7.40933354534","date_saisie":"19/12/2002","date_depot":"20/12/2002","valide":"Oui","ppo":"Non","type_carte":"Reprise","base":"1990-D68-053 René Pépin","fond":"Cadastre","obsolete":false}},{"type":"Feature","geometry":null,"properties":{"id_ffco":"2002-D68-116","nom":"EGELBACH","_dept":"68","numero":"2002-D68-116","echelle":"1/10000","surface":"3.0 km²","annee":"2002","proprietaire":"6803 - CLUB D'ORIENTATION DE MULHOUSE","specialite":"CO à pied","latitude":"47.9315041","longitude":"7.2441099","date_saisie":"08/03/2002","date_depot":"11/03/2002","valide":"Non","ppo":"Non","obsolete":false}},{"type":"Feature","geometry":null,"properties":{"id_ffco":"2002-D68-114","nom":"Les CIGOGNEAUX","_dept":"68","numero":"2002-D68-114","commune":"Labaroche","echelle":"1/10000","surface":"3.0 km²","annee":"2002","proprietaire":"6804 - CLUB D'ORIENTATION DE COLMAR","specialite":"CO à pied","latitude":"48.1109724","longitude":"7.2061904","date_saisie":"19/05/2003","date_depot":"20/05/2003","valide":"Non","ppo":"Non","obsolete":false}},{"type":"Feature","geometry":{"type":"Polygon","coordinates":[[[7.3473,47.7315],[7.3535,47.736],[7.3562,47.7368],[7.3568,47.7363],[7.3594,47.7377],[7.3608,47.7386],[7.3636,47.7376],[7.368,47.7359],[7.371,47.7343],[7.3735,47.7325],[7.3732,47.7304],[7.3705,47.7224],[7.3695,47.7217],[7.3675,47.7212],[7.3638,47.7212],[7.3548,47.7218],[7.3535,47.7242],[7.3517,47.7238],[7.3501,47.7253],[7.3485,47.7268],[7.348,47.7274],[7.3474,47.7292],[7.3473,47.7315]]]},"properties":{"id_ffco":"2001-D68-113","nom":"Plaine Sportive Tannenwald - Zuhrenwald","_dept":"68","numero":"2001-D68-113","commune":"Mulhouse","echelle":"1/10000","surface":"2.76 km²","format":"A4","annee":"2001","cartographes":"Vincent PAPON","proprietaire":"6803 - CLUB D'ORIENTATION DE MULHOUSE","niveau":"National, International","specialite":"CO à pied","contacts":"PAPON Vincent, 6 rue de Provence, 67400, Illkirch-Graffenstaden, 06.63.03.92.86, v.papon@free.fr","latitude":"47.7292994165","longitude":"7.36082296975","date_saisie":"15/01/2002","date_depot":"11/03/2002","valide":"Oui","ppo":"Non","type_carte":"Reprise","base":"1995-D68-074 Mulhouse Sud-Est   Tannenwald-Zuhrenwald-Bois de Brunstatt","fond":"IGN","ref_ign":"3720 ET","obsolete":false}},{"type":"Feature","geometry":null,"properties":{"id_ffco":"2002-D68-112","nom":"Turckheim ( le Brand )","_dept":"68","numero":"2002-D68-112","commune":"Turckheim","echelle":"1/15000","surface":"8.0 km²","format":"A3","annee":"2002","cartographes":"Jean-Marie SCHREIBER, Michel DUBOC","proprietaire":"68 - Haut-Rhin","niveau":"National, International","specialite":"CO à VTT","contacts":"MEYER Kirian, 12 rue des Primevères, 68570, Wintzfelden, 03.89.72.74.80, 06.24.98.93.15, president@cocolmar.fr","latitude":"48.0868925","longitude":"7.2781775","date_saisie":"25/07/2002","date_depot":"26/07/2002","valide":"Non","ppo":"Non","type_carte":"Nouvelle carte","fond":"IGN","ref_ign":"3718 OT","obsolete":false}},{"type":"Feature","geometry":{"type":"Polygon","coordinates":[[[7.3029,48.1035],[7.3028,48.104],[7.3038,48.1042],[7.3045,48.1061],[7.3058,48.1103],[7.3057,48.1136],[7.3055,48.1152],[7.3059,48.1171],[7.3066,48.1186],[7.308,48.1199],[7.3097,48.1208],[7.3123,48.1251],[7.3139,48.1277],[7.3141,48.1293],[7.3153,48.13],[7.3192,48.1285],[7.3217,48.1285],[7.3232,48.1279],[7.3249,48.1274],[7.3262,48.1268],[7.3272,48.1268],[7.3301,48.1255],[7.3314,48.1257],[7.3332,48.1249],[7.337,48.1244],[7.3386,48.1247],[7.3437,48.1288],[7.3453,48.129],[7.3483,48.1287],[7.3505,48.1291],[7.3512,48.1287],[7.3558,48.1285],[7.3556,48.126],[7.3561,48.1259],[7.3532,48.108],[7.3516,48.0929],[7.3484,48.0921],[7.3426,48.0916],[7.3303,48.092],[7.3252,48.092],[7.3222,48.0918],[7.3201,48.0915],[7.3113,48.0984],[7.3029,48.1035]]]},"properties":{"id_ffco":"2002-D68-111","nom":"Waldeslust (2)","_dept":"68","numero":"2002-D68-111","commune":"Ingersheim","echelle":"1/20000","surface":"13.21 km²","format":"A4","annee":"2002","cartographes":"Michel DUBOC","proprietaire":"68 - Haut-Rhin","niveau":"National, International","specialite":"CO à VTT","contacts":"Comité Départemental de Course d'Orientation du Haut-Rhin","latitude":"48.1102396033","longitude":"7.33101875943","date_saisie":"25/07/2002","date_depot":"26/07/2002","valide":"Oui","ppo":"Non","type_carte":"Nouvelle carte","fond":"IGN","ref_ign":"3718 OT","obsolete":false}},{"type":"Feature","geometry":{"type":"Polygon","coordinates":[[[7.1878,47.924],[7.1867,47.9243],[7.1854,47.9247],[7.1821,47.9239],[7.1801,47.9226],[7.1769,47.9212],[7.1748,47.9212],[7.1715,47.9207],[7.1704,47.9209],[7.1705,47.921],[7.1689,47.921],[7.1671,47.9224],[7.1655,47.923],[7.1632,47.9233],[7.1619,47.9234],[7.1624,47.9377],[7.1631,47.938],[7.1641,47.9382],[7.1668,47.9376],[7.1672,47.9378],[7.1695,47.9372],[7.1715,47.9371],[7.1722,47.9371],[7.174,47.9366],[7.1767,47.9359],[7.1761,47.935],[7.1773,47.9347],[7.179,47.934],[7.1805,47.933],[7.1798,47.933],[7.1819,47.932],[7.1839,47.9304],[7.1848,47.9296],[7.1858,47.9291],[7.1868,47.9281],[7.186,47.9272],[7.1883,47.925],[7.1877,47.9248],[7.1878,47.924]]]},"properties":{"id_ffco":"2001-D68-109","nom":"Buhl - Demberg","_dept":"68","numero":"2001-D68-109","commune":"Buhl","echelle":"1/10000","surface":"2.6 km²","format":"A4","annee":"2001","cartographes":"Zdenek Sokolar, François HUEBER, Bernard DIETSCH","proprietaire":"6806 - CLUB ORIENTATION BUHL ET FLORIVAL","niveau":"Régional","specialite":"CO à pied","contacts":"PIERSON Jean-Luc, 8 rue des Vosges, 68740, Fessenheim, pierson.jl@wanadoo.fr","latitude":"47.9289663822","longitude":"7.17263681125","date_saisie":"12/10/2017","valide":"Non","ppo":"Non","type_carte":"Reprise","base":"1999-D68-085 Buhl - Rehbrunnenkopf","fond":"IGN","ref_ign":"3719 OT","obsolete":false}},{"type":"Feature","geometry":{"type":"Polygon","coordinates":[[[7.087,48.1366],[7.0889,48.1415],[7.0905,48.1429],[7.0932,48.1439],[7.0947,48.1438],[7.0966,48.1436],[7.0982,48.1432],[7.0988,48.1423],[7.0995,48.1428],[7.1003,48.1425],[7.1033,48.1437],[7.1072,48.1411],[7.1089,48.1403],[7.1175,48.1402],[7.1177,48.1345],[7.1191,48.1336],[7.1166,48.1323],[7.1135,48.1302],[7.1136,48.1296],[7.1175,48.1293],[7.1215,48.1281],[7.1211,48.1267],[7.1232,48.1254],[7.1216,48.1247],[7.1208,48.1255],[7.1196,48.1259],[7.1184,48.1254],[7.1179,48.1244],[7.117,48.123],[7.1162,48.1226],[7.1152,48.1225],[7.1143,48.1213],[7.1134,48.1199],[7.1128,48.1194],[7.112,48.12],[7.1113,48.1208],[7.1099,48.1215],[7.1084,48.1216],[7.107,48.1218],[7.1056,48.1227],[7.1045,48.123],[7.1031,48.1225],[7.1017,48.1219],[7.1002,48.1216],[7.0995,48.122],[7.0997,48.1228],[7.0998,48.1234],[7.0984,48.1238],[7.0975,48.1248],[7.0961,48.1256],[7.0944,48.1269],[7.0924,48.1284],[7.0917,48.13],[7.0921,48.1317],[7.0923,48.1332],[7.0929,48.1342],[7.0916,48.135],[7.0898,48.1353],[7.0888,48.1361],[7.087,48.1366]]]},"properties":{"id_ffco":"2001-D68-108","nom":"La Cascade du Lac Blanc","_dept":"68","numero":"2001-D68-108","commune":"Orbey","echelle":"1/10000","surface":"4.29 km²","format":"A3","annee":"2001","cartographes":"Duboc Michel","proprietaire":"6804 - CLUB D'ORIENTATION DE COLMAR","niveau":"Régional","specialite":"CO à pied","contacts":"MEYER Kirian, 12 rue des Primevères, 68570, Wintzfelden, 03.89.72.74.80, 06.24.98.93.15, president@cocolmar.fr","latitude":"48.1326442738","longitude":"7.10441255054","date_saisie":"04/12/2015","valide":"Non","ppo":"Non","type_carte":"Reprise","base":"2000-D68-094 Le Relais du Blancrupt","fond":"IGN","ref_ign":"3718OT","obsolete":false}},{"type":"Feature","geometry":{"type":"Polygon","coordinates":[[[7.1418,48.0378],[7.1409,48.0372],[7.1383,48.0363],[7.1379,48.0359],[7.1383,48.0352],[7.1383,48.0338],[7.1377,48.032],[7.1358,48.0312],[7.1322,48.0287],[7.1318,48.0257],[7.132,48.0235],[7.131,48.022],[7.1315,48.0193],[7.1318,48.0167],[7.1318,48.0146],[7.1346,48.0122],[7.1344,48.0099],[7.1329,48.009],[7.1324,48.0074],[7.1336,48.0054],[7.133,48.0033],[7.135,48.0032],[7.1361,48.004],[7.1399,48.0039],[7.1412,48.0051],[7.1429,48.0057],[7.1461,48.0063],[7.1476,48.0078],[7.1507,48.0076],[7.1535,48.0085],[7.156,48.009],[7.1579,48.0088],[7.1595,48.0091],[7.1606,48.0099],[7.1609,48.0125],[7.1615,48.0159],[7.1597,48.0174],[7.1615,48.018],[7.1612,48.0221],[7.1586,48.0221],[7.1587,48.0256],[7.1586,48.0274],[7.1625,48.032],[7.1617,48.036],[7.158,48.0381],[7.1569,48.0375],[7.1575,48.0388],[7.1514,48.0387],[7.1473,48.0383],[7.1418,48.0378]]]},"properties":{"id_ffco":"2002-D68-106","nom":"Eschbach au Val","_dept":"68","numero":"2002-D68-106","commune":"Eschbach au Val","echelle":"1/10000","surface":"7.04 km²","format":"A3","annee":"2002","cartographes":"M.Duboc - F. Erdinger","proprietaire":"6804 - CLUB D'ORIENTATION DE COLMAR","niveau":"Interrégional","specialite":"CO à pied","contacts":"MEYER Kirian, 12 rue des Primevères, 68570, Wintzfelden, 03.89.72.74.80, 06.24.98.93.15, president@cocolmar.fr","latitude":"48.0217731793","longitude":"7.14661871467","date_saisie":"05/05/2003","valide":"Oui","ppo":"Non","type_carte":"Nouvelle carte","fond":"IGN","ref_ign":"3719 OT","obsolete":false}},{"type":"Feature","geometry":{"type":"Polygon","coordinates":[[[7.3952,48.0661],[7.3978,48.0605],[7.3986,48.0584],[7.3976,48.0583],[7.401,48.0511],[7.4007,48.05],[7.4028,48.0498],[7.4016,48.047],[7.3989,48.0442],[7.3964,48.0446],[7.389,48.044],[7.3883,48.0422],[7.388,48.0393],[7.3894,48.0329],[7.3889,48.0319],[7.3768,48.0296],[7.372,48.0294],[7.3712,48.0373],[7.3706,48.0422],[7.3716,48.044],[7.3719,48.0458],[7.3708,48.0469],[7.3721,48.051],[7.3749,48.0545],[7.3781,48.0578],[7.3796,48.0581],[7.3809,48.0593],[7.3878,48.0668],[7.3881,48.0678],[7.3921,48.0668],[7.3952,48.0661]]]},"properties":{"id_ffco":"2001-D68-104","nom":"Forêt de Colmar \"Le Neuland\"","_dept":"68","numero":"2001-D68-104","commune":"Colmar","echelle":"1/15000","surface":"6.03 km²","format":"A4","annee":"2001","cartographes":"Michel DUBOC","proprietaire":"6804 - CLUB D'ORIENTATION DE COLMAR","niveau":"Interrégional","specialite":"CO à pied","contacts":"MEYER Kirian, 12 rue des Primevères, 68570, Wintzfelden, 03.89.72.74.80, 06.24.98.93.15, president@cocolmar.fr","latitude":"48.0480446021","longitude":"7.38491754709","date_saisie":"19/09/2017","valide":"Non","ppo":"Non","type_carte":"Reprise","base":"1995-D68-071 Le Neuland (2)","fond":"IGN","ref_ign":"3718 OT","obsolete":false}},{"type":"Feature","geometry":{"type":"Polygon","coordinates":[[[7.2547,47.9044],[7.2552,47.903],[7.2556,47.9025],[7.2579,47.9027],[7.2584,47.9008],[7.2592,47.9009],[7.2596,47.9029],[7.2593,47.9029],[7.2587,47.9028],[7.2579,47.9028],[7.2569,47.9035],[7.2563,47.9039],[7.257,47.9041],[7.2567,47.9044],[7.2547,47.9044]]]},"properties":{"id_ffco":"2001-D68-103","nom":"Collège Champagnat Issenheim - 2001","_dept":"68","numero":"2001-D68-103","commune":"Issenheim","echelle":"1/2000","surface":"0.05 km²","format":"A4","annee":"2001","cartographes":"Vincent PAPON","proprietaire":"6803 - CLUB D'ORIENTATION DE MULHOUSE","niveau":"Initiation, Scolaire","specialite":"CO à pied","latitude":"47.9028502104","longitude":"7.25719107995","date_saisie":"24/02/2017","valide":"Non","ppo":"Non","type_carte":"Reprise","base":"1984-D68-022 College Champagnat Issenheim","fond":"Cadastre","obsolete":false}},{"type":"Feature","geometry":{"type":"Polygon","coordinates":[[[7.1783,47.8879],[7.1786,47.8886],[7.1779,47.8887],[7.1773,47.8888],[7.1773,47.8891],[7.1785,47.8906],[7.1791,47.8905],[7.1804,47.8908],[7.1807,47.8913],[7.1815,47.8915],[7.1884,47.8917],[7.1878,47.891],[7.1888,47.89],[7.19,47.8882],[7.1907,47.8874],[7.1913,47.8875],[7.1923,47.887],[7.1924,47.8868],[7.1935,47.886],[7.1941,47.8856],[7.1946,47.8852],[7.1948,47.8846],[7.1953,47.8841],[7.1947,47.8835],[7.1942,47.883],[7.1943,47.8827],[7.1946,47.882],[7.195,47.88],[7.1949,47.8795],[7.1954,47.8793],[7.1955,47.8789],[7.1957,47.8765],[7.1946,47.876],[7.1928,47.8756],[7.1916,47.8752],[7.1919,47.874],[7.1919,47.8734],[7.1913,47.8728],[7.1919,47.8724],[7.1916,47.8709],[7.1878,47.87],[7.188,47.8687],[7.182,47.8672],[7.1801,47.867],[7.1749,47.8671],[7.1757,47.8675],[7.1756,47.8684],[7.1748,47.8689],[7.1746,47.8694],[7.1736,47.8695],[7.1714,47.8694],[7.1706,47.8696],[7.1692,47.8696],[7.1685,47.8772],[7.1698,47.8776],[7.1704,47.8782],[7.1717,47.8784],[7.1732,47.8783],[7.1739,47.8779],[7.1736,47.8783],[7.1731,47.8786],[7.1737,47.879],[7.1747,47.8797],[7.1748,47.8802],[7.1754,47.8806],[7.1759,47.8813],[7.1754,47.8814],[7.1748,47.8814],[7.175,47.8819],[7.177,47.8826],[7.1771,47.8829],[7.1789,47.8838],[7.1796,47.8844],[7.1796,47.8851],[7.1804,47.8855],[7.1802,47.8865],[7.1783,47.8879]]]},"properties":{"id_ffco":"2002-D68-101","nom":"Thierenbach","_dept":"68","numero":"2002-D68-101","commune":"Jungholz","echelle":"1/10000","surface":"3.6 km²","format":"A4","annee":"2002","cartographes":"François HUEBER, Jean-Luc PIERSON","proprietaire":"6806 - CLUB ORIENTATION BUHL ET FLORIVAL","niveau":"Régional","specialite":"CO à pied","contacts":"PIERSON Jean-Luc, 8 rue des Vosges, 68740, Fessenheim, pierson.jl@wanadoo.fr","latitude":"47.8783195399","longitude":"7.18286811582","date_saisie":"19/11/2002","date_depot":"02/12/2002","valide":"Oui","ppo":"Non","type_carte":"Reprise","base":"1993-D68-067 Thierenbach Alsace","fond":"IGN","ref_ign":"3719 OT","obsolete":false}},{"type":"Feature","geometry":{"type":"Polygon","coordinates":[[[7.2335,47.9212],[7.2353,47.9212],[7.2356,47.9221],[7.236,47.9216],[7.2375,47.9217],[7.2384,47.9213],[7.2393,47.9214],[7.2411,47.9215],[7.2434,47.9216],[7.2439,47.9209],[7.2436,47.9199],[7.2437,47.9197],[7.2431,47.9194],[7.2433,47.9183],[7.2444,47.9187],[7.245,47.9181],[7.2443,47.9178],[7.2443,47.9167],[7.2439,47.9163],[7.2431,47.9147],[7.2424,47.9131],[7.2409,47.9111],[7.2405,47.9107],[7.2378,47.9088],[7.2358,47.9079],[7.2338,47.9072],[7.2322,47.9068],[7.2302,47.9063],[7.2296,47.907],[7.2291,47.907],[7.229,47.9077],[7.2291,47.9087],[7.2277,47.9095],[7.2256,47.9099],[7.2256,47.9101],[7.2254,47.9105],[7.2264,47.9106],[7.227,47.9111],[7.2274,47.912],[7.2277,47.9127],[7.2278,47.9131],[7.2283,47.914],[7.229,47.9138],[7.2302,47.9145],[7.2312,47.9158],[7.2322,47.9174],[7.2333,47.9172],[7.2336,47.918],[7.2336,47.9193],[7.2337,47.9199],[7.2334,47.9206],[7.2335,47.9212]]]},"properties":{"id_ffco":"2002-D68-100","nom":"Vignoble Bergholz","_dept":"68","numero":"2002-D68-100","commune":"Bergholz","echelle":"1/7500","surface":"1.4 km²","format":"A4","annee":"2002","cartographes":"Jean-Luc PIERSON","proprietaire":"6806 - CLUB ORIENTATION BUHL ET FLORIVAL","niveau":"Départemental","specialite":"CO à pied","contacts":"PIERSON Jean-Luc, 8 rue des Vosges, 68740, Fessenheim, pierson.jl@wanadoo.fr","latitude":"47.9142561705","longitude":"7.23592644719","date_saisie":"21/11/2003","date_depot":"24/11/2003","valide":"Oui","ppo":"Non","type_carte":"Nouvelle carte","fond":"Cadastre","obsolete":false}},{"type":"Feature","geometry":{"type":"Polygon","coordinates":[[[7.2323,47.8988],[7.2326,47.899],[7.233,47.899],[7.2342,47.8994],[7.237,47.8998],[7.2407,47.9001],[7.2415,47.9005],[7.2416,47.9],[7.2449,47.8998],[7.2456,47.8996],[7.2459,47.8994],[7.2482,47.8991],[7.2497,47.8989],[7.2515,47.8988],[7.2514,47.8981],[7.251,47.8978],[7.2508,47.8974],[7.2523,47.8973],[7.2529,47.8971],[7.2535,47.897],[7.2534,47.8956],[7.2523,47.8953],[7.2508,47.8951],[7.2489,47.8942],[7.248,47.8938],[7.2473,47.8942],[7.2462,47.8943],[7.2457,47.8946],[7.2447,47.8947],[7.2436,47.8939],[7.2388,47.8961],[7.234,47.8983],[7.2333,47.8986],[7.2325,47.8985],[7.2323,47.8988]]]},"properties":{"id_ffco":"2001-D68-099","nom":"Oberwald","_dept":"68","numero":"2001-D68-099","commune":"Issenheim","echelle":"1/7500","surface":"0.65 km²","format":"A4","annee":"2001","cartographes":"Jean-Luc PIERSON","proprietaire":"6806 - CLUB ORIENTATION BUHL ET FLORIVAL","niveau":"Initiation, Scolaire","specialite":"CO à pied","contacts":"PIERSON Jean-Luc, 8 rue des Vosges, 68740, Fessenheim, pierson.jl@wanadoo.fr","latitude":"47.8972716718","longitude":"7.2439685225","date_saisie":"03/04/2017","valide":"Non","ppo":"Non","type_carte":"Nouvelle carte","fond":"IGN","ref_ign":"3719 OT","obsolete":false}},{"type":"Feature","geometry":{"type":"Polygon","coordinates":[[[7.218,47.8808],[7.218,47.8798],[7.218,47.8792],[7.22,47.8792],[7.2201,47.8792],[7.2202,47.8798],[7.22,47.8799],[7.2201,47.8802],[7.2198,47.8806],[7.2197,47.8806],[7.2196,47.8811],[7.218,47.8808]]]},"properties":{"id_ffco":"2001-D68-098","nom":"C.O.S.E.C. de Soultz","_dept":"68","numero":"2001-D68-098","commune":"Soultz","echelle":"1/1000","surface":"0.03 km²","format":"A4","annee":"2001","cartographes":"Jean-Luc PIERSON","proprietaire":"6806 - CLUB ORIENTATION BUHL ET FLORIVAL","niveau":"Initiation, Scolaire","specialite":"CO à pied","contacts":"PIERSON Jean-Luc, 8 rue des Vosges, 68740, Fessenheim, pierson.jl@wanadoo.fr","latitude":"47.8800229277","longitude":"7.21902285283","date_saisie":"03/04/2017","valide":"Non","ppo":"Non","type_carte":"Nouvelle carte","fond":"Cadastre","obsolete":false}},{"type":"Feature","geometry":{"type":"Polygon","coordinates":[[[7.2002,47.9039],[7.1977,47.9029],[7.1958,47.9021],[7.194,47.9011],[7.1924,47.8996],[7.1921,47.8991],[7.1893,47.8986],[7.189,47.899],[7.1892,47.8995],[7.1881,47.9003],[7.1872,47.9006],[7.1861,47.9012],[7.1849,47.9021],[7.1836,47.9025],[7.1829,47.9031],[7.1837,47.9146],[7.1914,47.9143],[7.1917,47.9108],[7.1908,47.9102],[7.1921,47.9104],[7.1933,47.911],[7.1943,47.9115],[7.1973,47.9111],[7.1978,47.911],[7.1976,47.9065],[7.1982,47.9059],[7.1987,47.9055],[7.2002,47.9039]]]},"properties":{"id_ffco":"2000-D68-097","nom":"Parcours Vita - Guebwiller","_dept":"68","numero":"2000-D68-097","commune":"Guebwiller","echelle":"1/10000","surface":"1.5 km²","format":"A5","annee":"2000","cartographes":"François HUEBER","proprietaire":"6806 - CLUB ORIENTATION BUHL ET FLORIVAL","niveau":"Initiation, Scolaire","specialite":"CO à pied","contacts":"PIERSON Jean-Luc, 8 rue des Vosges, 68740, Fessenheim, pierson.jl@wanadoo.fr","latitude":"47.9068552891","longitude":"7.19018324902","date_saisie":"10/10/2017","valide":"Non","ppo":"Non","type_carte":"Reprise","base":"1999-D68-085 Buhl - Rehbrunnenkopf","fond":"IGN","ref_ign":"3719 OT","obsolete":false}},{"type":"Feature","geometry":{"type":"Polygon","coordinates":[[[7.1058,47.7598],[7.099,47.7592],[7.0964,47.7597],[7.0937,47.7601],[7.092,47.7607],[7.0906,47.7612],[7.0906,47.7623],[7.0896,47.7626],[7.0899,47.7634],[7.0922,47.7634],[7.0938,47.766],[7.0935,47.767],[7.0918,47.7675],[7.0904,47.7682],[7.0905,47.7689],[7.0923,47.7686],[7.0929,47.7689],[7.094,47.7704],[7.0941,47.7721],[7.0932,47.7735],[7.0944,47.7749],[7.0965,47.7768],[7.0967,47.7774],[7.0966,47.7779],[7.0964,47.7783],[7.097,47.7794],[7.1008,47.7789],[7.1028,47.7792],[7.1092,47.7803],[7.113,47.78],[7.1128,47.7792],[7.1167,47.7772],[7.1201,47.7761],[7.122,47.7747],[7.1243,47.7732],[7.1248,47.7726],[7.1243,47.7718],[7.122,47.7713],[7.12,47.771],[7.1181,47.7703],[7.1171,47.7695],[7.1165,47.7689],[7.1186,47.7683],[7.1186,47.7672],[7.1176,47.7668],[7.1152,47.7658],[7.1141,47.7646],[7.1089,47.7653],[7.1077,47.7637],[7.1088,47.7628],[7.1096,47.7622],[7.1081,47.762],[7.107,47.7615],[7.1069,47.7609],[7.1058,47.7598]]]},"properties":{"id_ffco":"2000-D68-095","nom":"D'R Schlag","_dept":"68","numero":"2000-D68-095","commune":"Aspach le Haut","echelle":"1/15000","surface":"3.73 km²","format":"A4","annee":"2000","cartographes":"Jean-Luc Pierson","proprietaire":"6806 - CLUB ORIENTATION BUHL ET FLORIVAL","niveau":"Régional","specialite":"CO à pied","contacts":"PIERSON Jean-Luc, 8 rue des Vosges, 68740, Fessenheim, pierson.jl@wanadoo.fr","latitude":"47.7701939002","longitude":"7.10543383231","date_saisie":"28/12/2014","valide":"Non","ppo":"Non","type_carte":"Reprise","base":"1991-D68-061 D'R Schlag","fond":"IGN","ref_ign":"3620 ET","obsolete":false}},{"type":"Feature","geometry":{"type":"Polygon","coordinates":[[[7.0973,48.1248],[7.0955,48.1258],[7.0938,48.1274],[7.0918,48.1294],[7.0923,48.1332],[7.0929,48.1341],[7.092,48.1348],[7.0912,48.135],[7.0894,48.1355],[7.0887,48.136],[7.0867,48.1367],[7.086,48.1366],[7.0859,48.1466],[7.0872,48.1485],[7.0888,48.1499],[7.0929,48.1527],[7.0948,48.1547],[7.0969,48.1576],[7.1418,48.1579],[7.1408,48.1316],[7.1366,48.1307],[7.1246,48.129],[7.1203,48.1259],[7.1192,48.1258],[7.118,48.1245],[7.0973,48.1248]]]},"properties":{"id_ffco":"2000-D68-094","nom":"Le Relais du Blancrupt","_dept":"68","numero":"2000-D68-094","commune":"Orbey","echelle":"1/20000","surface":"13.09 km²","format":"A4","annee":"2000","cartographes":"Michel Duboc","proprietaire":"6804 - CLUB D'ORIENTATION DE COLMAR","niveau":"National, International","specialite":"CO à VTT","contacts":"MEYER Kirian, 12 rue des Primevères, 68570, Wintzfelden, 03.89.72.74.80, 06.24.98.93.15, president@cocolmar.fr","latitude":"48.1422454132","longitude":"7.11458688598","date_saisie":"18/12/2017","valide":"Non","ppo":"Non","type_carte":"Reprise","base":"1999-D68-087 Le Vallon","fond":"IGN","ref_ign":"3718 OT","obsolete":false}},{"type":"Feature","geometry":{"type":"Polygon","coordinates":[[[7.4265,47.8341],[7.4416,47.8246],[7.434,47.7897],[7.4256,47.7882],[7.4247,47.7867],[7.418,47.7878],[7.4138,47.7885],[7.4061,47.7911],[7.4035,47.7917],[7.401,47.7921],[7.4023,47.7955],[7.402,47.804],[7.4038,47.8063],[7.4045,47.809],[7.4066,47.8118],[7.4083,47.8231],[7.4083,47.8281],[7.4216,47.8251],[7.4265,47.8341]]]},"properties":{"id_ffco":"2000-D68-093","nom":"Hardt Nord","_dept":"68","numero":"2000-D68-093","commune":"Battenheim","echelle":"1/15000","surface":"10.88 km²","format":"+","annee":"2000","cartographes":"Vincent PAPON","proprietaire":"6803 - CLUB D'ORIENTATION DE MULHOUSE","niveau":"Interrégional","specialite":"CO à pied","contacts":"PAPON Vincent, 6 rue de Provence, 67400, Illkirch-Graffenstaden, 06.63.03.92.86, v.papon@free.fr","latitude":"47.8086621465","longitude":"7.42176919011","date_saisie":"20/12/2017","valide":"Non","ppo":"Non","type_carte":"Reprise","base":"1990-D68-052 Hardt Nord : M.F. Battenheim - Grunhutte","fond":"IGN","ref_ign":"3720 ET","obsolete":false}},{"type":"Feature","geometry":{"type":"Polygon","coordinates":[[[7.0735,48.1441],[7.0748,48.1455],[7.077,48.1469],[7.0788,48.1474],[7.0798,48.1492],[7.0795,48.1505],[7.0803,48.152],[7.0817,48.1541],[7.0833,48.1559],[7.0861,48.1574],[7.0887,48.1595],[7.0901,48.1602],[7.0919,48.1608],[7.0936,48.1624],[7.0931,48.164],[7.0958,48.1645],[7.0972,48.1632],[7.0995,48.1635],[7.102,48.1634],[7.1052,48.164],[7.1056,48.1636],[7.1066,48.1641],[7.1074,48.1637],[7.1134,48.1635],[7.1165,48.1629],[7.1186,48.1622],[7.1202,48.1609],[7.1248,48.1609],[7.1254,48.1606],[7.1245,48.1603],[7.12,48.1567],[7.1203,48.1529],[7.1223,48.1525],[7.122,48.1518],[7.1211,48.1511],[7.1203,48.1505],[7.1204,48.1495],[7.1179,48.1492],[7.1139,48.1487],[7.1139,48.1434],[7.113,48.1393],[7.0997,48.139],[7.0845,48.1387],[7.0717,48.1386],[7.0735,48.1441]]]},"properties":{"id_ffco":"1999-D68-087","nom":"Le Vallon","_dept":"68","numero":"1999-D68-087","commune":"Le Bonhomme","echelle":"1/10000","surface":"7.54 km²","format":"A3","annee":"1999","cartographes":"Michel DUBOC","proprietaire":"6804 - CLUB D'ORIENTATION DE COLMAR","niveau":"Interrégional","specialite":"CO à pied","contacts":"MEYER Kirian, 12 rue des Primevères, 68570, Wintzfelden, 03.89.72.74.80, 06.24.98.93.15, president@cocolmar.fr","latitude":"48.15056402","longitude":"7.09885503418","date_saisie":"23/11/2001","date_depot":"06/12/2001","valide":"Oui","ppo":"Non","type_carte":"Reprise","base":"1998-D68-082 Station du Lac Blanc","fond":"IGN","ref_ign":"3718 OT","obsolete":false}},{"type":"Feature","geometry":{"type":"Polygon","coordinates":[[[7.5374,48.0186],[7.5391,48.0188],[7.539,48.0185],[7.5417,48.0186],[7.5432,48.0184],[7.5432,48.0175],[7.5442,48.0175],[7.5449,48.0174],[7.545,48.0166],[7.5435,48.0166],[7.5434,48.0142],[7.5381,48.0143],[7.5361,48.0143],[7.5352,48.0136],[7.5336,48.013],[7.5285,48.0113],[7.528,48.0109],[7.5252,48.0121],[7.5236,48.0139],[7.5214,48.0168],[7.5184,48.021],[7.5194,48.0209],[7.5213,48.0204],[7.5212,48.021],[7.5189,48.023],[7.5216,48.0225],[7.5215,48.0229],[7.5217,48.0234],[7.5243,48.0231],[7.5244,48.0243],[7.5306,48.0244],[7.5315,48.0233],[7.534,48.0226],[7.535,48.0217],[7.5374,48.0186]]]},"properties":{"id_ffco":"1998-D68-086","nom":"Neuf-Brisach","_dept":"68","numero":"1998-D68-086","commune":"Neuf-Brisach","echelle":"1/5000","surface":"1.65 km²","format":"A3","annee":"1998","cartographes":"Jean-luc PIERSON","proprietaire":"68 - Haut-Rhin","niveau":"National, International","specialite":"CO à pied","contacts":"Comité Départemental de Course d'Orientation du Haut-Rhin","latitude":"48.0178932018","longitude":"7.5302678122","date_saisie":"01/02/2017","valide":"Non","ppo":"Non","type_carte":"Nouvelle carte","fond":"IGN","ref_ign":"3719 E","obsolete":false}},{"type":"Feature","geometry":{"type":"Polygon","coordinates":[[[7.1981,47.906],[7.1989,47.9057],[7.1992,47.9053],[7.198,47.9049],[7.1973,47.9048],[7.1964,47.9047],[7.1954,47.9043],[7.1947,47.904],[7.1942,47.9034],[7.193,47.9031],[7.1924,47.9028],[7.1929,47.9021],[7.193,47.901],[7.1925,47.8998],[7.1921,47.8992],[7.1892,47.8986],[7.189,47.8994],[7.1892,47.8996],[7.1879,47.9004],[7.1872,47.9005],[7.186,47.9011],[7.185,47.9022],[7.184,47.9024],[7.1828,47.9031],[7.1821,47.9032],[7.1815,47.9046],[7.1807,47.9049],[7.1805,47.9053],[7.1814,47.906],[7.1819,47.9067],[7.1805,47.908],[7.1794,47.9078],[7.1784,47.9083],[7.1772,47.9094],[7.1764,47.9091],[7.1757,47.9085],[7.1744,47.9087],[7.1736,47.9084],[7.1717,47.9085],[7.1706,47.9084],[7.1697,47.9078],[7.1676,47.9081],[7.1665,47.9077],[7.1637,47.9068],[7.1631,47.9064],[7.1631,47.9061],[7.1609,47.9056],[7.159,47.9056],[7.1592,47.9067],[7.1591,47.908],[7.158,47.9079],[7.1581,47.9101],[7.1586,47.9103],[7.1586,47.9106],[7.1575,47.9117],[7.1568,47.9122],[7.1563,47.9132],[7.1551,47.9134],[7.1553,47.9147],[7.1566,47.9159],[7.1568,47.9173],[7.1553,47.9183],[7.156,47.9183],[7.1568,47.9196],[7.1557,47.9196],[7.1551,47.9199],[7.1558,47.9202],[7.1552,47.9219],[7.1562,47.9221],[7.1567,47.9228],[7.1556,47.9228],[7.1561,47.9284],[7.1587,47.9321],[7.1596,47.9348],[7.1618,47.9374],[7.1629,47.9379],[7.1641,47.9381],[7.1671,47.9378],[7.1691,47.9373],[7.1694,47.9377],[7.1719,47.9372],[7.1741,47.9364],[7.1769,47.936],[7.1761,47.9349],[7.1775,47.9346],[7.1791,47.9338],[7.1798,47.9335],[7.1797,47.9329],[7.1822,47.9318],[7.1833,47.9308],[7.1848,47.9294],[7.1871,47.928],[7.186,47.927],[7.1881,47.9252],[7.1875,47.9247],[7.1879,47.924],[7.1921,47.9215],[7.1932,47.9211],[7.194,47.92],[7.1927,47.9184],[7.1933,47.9165],[7.1934,47.9156],[7.1955,47.9148],[7.1941,47.9116],[7.1974,47.911],[7.1981,47.906]]]},"properties":{"id_ffco":"1999-D68-085","nom":"Buhl - Rehbrunnenkopf","_dept":"68","numero":"1999-D68-085","commune":"Buhl","echelle":"1/15000","surface":"8.65 km²","format":"+","annee":"1999","cartographes":"Ondra Kotecky, Nikola Rafaj, François HUEBER, Jean-Luc PIERSON","proprietaire":"6806 - CLUB ORIENTATION BUHL ET FLORIVAL","niveau":"Interrégional","specialite":"CO à pied","contacts":"PIERSON Jean-Luc, 8 rue des Vosges, 68740, Fessenheim, pierson.jl@wanadoo.fr","latitude":"47.9190668745","longitude":"7.17500727403","date_saisie":"10/10/2017","valide":"Non","ppo":"Non","type_carte":"Reprise","base":"1989-D68-048 Peternit - Bildstoeckle - rimbachzell","fond":"IGN","ref_ign":"3719 OT","obsolete":false}},{"type":"Feature","geometry":{"type":"Polygon","coordinates":[[[7.2826,48.1277],[7.2816,48.1277],[7.2809,48.1274],[7.2814,48.127],[7.2809,48.1267],[7.2811,48.1263],[7.2817,48.1253],[7.28,48.1252],[7.2775,48.1246],[7.2686,48.1245],[7.2662,48.125],[7.259,48.1247],[7.2577,48.125],[7.2536,48.1251],[7.2505,48.1251],[7.2494,48.1247],[7.2462,48.1242],[7.2439,48.1238],[7.2421,48.1233],[7.2399,48.1223],[7.2385,48.1218],[7.2372,48.1225],[7.2366,48.1233],[7.2342,48.1249],[7.2318,48.1262],[7.2281,48.1298],[7.2284,48.1338],[7.2303,48.1347],[7.2318,48.1355],[7.2377,48.1362],[7.2448,48.1387],[7.2487,48.1401],[7.2532,48.1415],[7.254,48.1424],[7.2547,48.1436],[7.2554,48.1442],[7.2566,48.1409],[7.2584,48.1415],[7.2589,48.141],[7.2603,48.1419],[7.2618,48.1414],[7.2627,48.1404],[7.2641,48.1392],[7.2654,48.1393],[7.2665,48.1395],[7.2663,48.1385],[7.2674,48.1381],[7.2664,48.1379],[7.266,48.1365],[7.2661,48.1353],[7.2705,48.1346],[7.2734,48.1343],[7.2792,48.1324],[7.2819,48.1292],[7.2826,48.1277]]]},"properties":{"id_ffco":"1999-D68-084","nom":"La Chapelle Flieger","_dept":"68","numero":"1999-D68-084","commune":"Kaysersberg","echelle":"1/10000","surface":"5.58 km²","format":"A3","annee":"1999","cartographes":"Kirian MEYER, Michel DUBOC, Renaud PFIFFER, Patrick CARTEAU","proprietaire":"6804 - CLUB D'ORIENTATION DE COLMAR","niveau":"Régional","specialite":"CO à pied","contacts":"MEYER Kirian, 12 rue des Primevères, 68570, Wintzfelden, 03.89.72.74.80, 06.24.98.93.15, president@cocolmar.fr","latitude":"48.1313861124","longitude":"7.25399864473","date_saisie":"18/11/2017","valide":"Non","ppo":"Non","type_carte":"Nouvelle carte","fond":"IGN","ref_ign":"3718 OT","obsolete":false}},{"type":"Feature","geometry":{"type":"Polygon","coordinates":[[[7.3476,48.0739],[7.351,48.0728],[7.3535,48.0721],[7.3535,48.072],[7.3554,48.0717],[7.3554,48.0719],[7.3585,48.0716],[7.3586,48.0718],[7.3607,48.0717],[7.3607,48.0725],[7.3618,48.0741],[7.3621,48.0744],[7.3642,48.0752],[7.3639,48.0756],[7.3654,48.0761],[7.3653,48.0793],[7.3647,48.0808],[7.3644,48.0817],[7.3561,48.0832],[7.3557,48.0833],[7.3554,48.083],[7.3534,48.0824],[7.3515,48.0829],[7.3506,48.0829],[7.3501,48.0823],[7.3498,48.0791],[7.3494,48.0768],[7.3485,48.0751],[7.3476,48.0739]]]},"properties":{"id_ffco":"1998-D68-083","nom":"Colmar","_dept":"68","numero":"1998-D68-083","commune":"Colmar","echelle":"1/7500","surface":"1.27 km²","format":"A4","annee":"1998","cartographes":"André MERTZ, Patrick CARTEAU, Etienne PERROT","proprietaire":"6804 - CLUB D'ORIENTATION DE COLMAR","niveau":"Régional","specialite":"CO à pied","contacts":"MEYER Kirian, 12 rue des Primevères, 68570, Wintzfelden, 03.89.72.74.80, 06.24.98.93.15, president@cocolmar.fr","latitude":"48.0774813112","longitude":"7.35674217176","valide":"Oui","ppo":"Non","type_carte":"Nouvelle carte","fond":"Cadastre","obsolete":false}},{"type":"Feature","geometry":{"type":"Polygon","coordinates":[[[7.0993,48.1236],[7.0982,48.1239],[7.0972,48.1249],[7.0951,48.1264],[7.0938,48.1276],[7.0917,48.1293],[7.0924,48.1332],[7.093,48.134],[7.0923,48.1346],[7.0902,48.1353],[7.0885,48.1361],[7.0864,48.1365],[7.0864,48.1367],[7.0827,48.136],[7.0801,48.1386],[7.0771,48.1391],[7.0803,48.1416],[7.083,48.144],[7.0852,48.1456],[7.087,48.1474],[7.0892,48.1499],[7.0908,48.1507],[7.093,48.1523],[7.0946,48.1541],[7.0973,48.1584],[7.0989,48.1593],[7.102,48.1581],[7.105,48.1571],[7.1047,48.1569],[7.1134,48.1549],[7.1152,48.155],[7.1175,48.1544],[7.1203,48.1531],[7.1227,48.1526],[7.1253,48.1525],[7.1318,48.1523],[7.1313,48.151],[7.133,48.1503],[7.1329,48.1478],[7.1313,48.1466],[7.1292,48.1458],[7.1297,48.1446],[7.1272,48.1444],[7.1245,48.1442],[7.1206,48.1444],[7.1183,48.1444],[7.1194,48.143],[7.1194,48.1413],[7.1216,48.1399],[7.1215,48.1386],[7.1166,48.1366],[7.1169,48.1353],[7.1161,48.1344],[7.1125,48.1335],[7.1085,48.1328],[7.1048,48.1309],[7.1058,48.1303],[7.106,48.128],[7.1043,48.1259],[7.0993,48.1236]]]},"properties":{"id_ffco":"1998-D68-082","nom":"Station du Lac Blanc","_dept":"68","numero":"1998-D68-082","commune":"Orbey","echelle":"1/15000","surface":"7.86 km²","format":"A3","annee":"1998","cartographes":"Michel DUBOC, Fabrice ERDINGER","proprietaire":"6804 - CLUB D'ORIENTATION DE COLMAR","niveau":"National, International","specialite":"CO à pied","contacts":"MEYER Kirian, 12 rue des Primevères, 68570, Wintzfelden, 03.89.72.74.80, 06.24.98.93.15, president@cocolmar.fr","latitude":"48.1431254333","longitude":"7.10439851329","valide":"Oui","ppo":"Non","type_carte":"Nouvelle carte","fond":"IGN","ref_ign":"3718 OT","obsolete":false}},{"type":"Feature","geometry":{"type":"Polygon","coordinates":[[[7.3326,48.1937],[7.3379,48.1933],[7.3384,48.1923],[7.3385,48.1916],[7.3451,48.1908],[7.3513,48.1889],[7.3524,48.1886],[7.3551,48.1893],[7.3601,48.1887],[7.3622,48.1911],[7.3637,48.193],[7.3643,48.1943],[7.364,48.1943],[7.3652,48.1971],[7.3627,48.1973],[7.3642,48.2],[7.3645,48.2012],[7.3644,48.2022],[7.3609,48.2023],[7.3614,48.2037],[7.3561,48.2043],[7.3554,48.2051],[7.3542,48.2052],[7.3536,48.2049],[7.3511,48.2047],[7.3499,48.2042],[7.3484,48.2036],[7.3473,48.2025],[7.3453,48.2018],[7.3443,48.2015],[7.3409,48.2013],[7.3392,48.2002],[7.3382,48.1996],[7.3374,48.1986],[7.3343,48.1976],[7.3335,48.1963],[7.3326,48.1937]]]},"properties":{"id_ffco":"1997-D68-079","nom":"Rotenberg","_dept":"68","numero":"1997-D68-079","commune":"Ribeauvillé","echelle":"1/10000","surface":"2.95 km²","format":"A4","annee":"1997","cartographes":"Jean-Marie SCHREIBER","proprietaire":"6804 - CLUB D'ORIENTATION DE COLMAR","niveau":"Régional","specialite":"CO à pied","contacts":"MEYER Kirian, 12 rue des Primevères, 68570, Wintzfelden, 03.89.72.74.80, 06.24.98.93.15, president@cocolmar.fr","latitude":"48.1965416935","longitude":"7.35091880727","date_saisie":"09/11/2017","valide":"Non","ppo":"Non","type_carte":"Nouvelle carte","fond":"IGN","ref_ign":"3718 OT","obsolete":false}},{"type":"Feature","geometry":{"type":"Polygon","coordinates":[[[7.2008,47.7755],[7.2019,47.775],[7.2038,47.7743],[7.2072,47.7738],[7.2097,47.7735],[7.2096,47.7739],[7.2133,47.7734],[7.2217,47.7725],[7.2287,47.7718],[7.2324,47.7713],[7.2318,47.771],[7.2314,47.7707],[7.2328,47.7665],[7.2329,47.7608],[7.2334,47.7591],[7.2326,47.7565],[7.2322,47.7551],[7.2316,47.7545],[7.2309,47.7539],[7.2303,47.7528],[7.23,47.752],[7.2304,47.7503],[7.2294,47.7492],[7.2276,47.7491],[7.2262,47.7501],[7.2224,47.7519],[7.2214,47.7523],[7.2191,47.7536],[7.2182,47.7547],[7.217,47.7549],[7.2152,47.7562],[7.2116,47.7573],[7.2111,47.7583],[7.21,47.7595],[7.2076,47.7609],[7.2044,47.7621],[7.2004,47.763],[7.2008,47.764],[7.1962,47.7658],[7.1969,47.7664],[7.1937,47.7675],[7.193,47.7674],[7.1941,47.7702],[7.1986,47.7742],[7.2008,47.7755]]]},"properties":{"id_ffco":"1996-D68-078","nom":"Reiningue","_dept":"68","numero":"1996-D68-078","commune":"Reiningue","echelle":"1/15000","surface":"5.01 km²","format":"A4","annee":"1996","cartographes":"Jean-luc PIERSON","proprietaire":"6803 - CLUB D'ORIENTATION DE MULHOUSE","niveau":"Régional","specialite":"CO à pied","contacts":"PAPON Vincent, 6 rue de Provence, 67400, Illkirch-Graffenstaden, 06.63.03.92.86, v.papon@free.fr","latitude":"47.7643180374","longitude":"7.2166309651","date_saisie":"03/04/2017","valide":"Non","ppo":"Non","type_carte":"Nouvelle carte","fond":"IGN","ref_ign":"3720 ET","obsolete":false}},{"type":"Feature","geometry":{"type":"Polygon","coordinates":[[[7.1976,47.9054],[7.2001,47.9037],[7.2003,47.9033],[7.2007,47.9029],[7.2024,47.9035],[7.2033,47.903],[7.2057,47.9019],[7.2066,47.9009],[7.208,47.8999],[7.2099,47.8976],[7.2103,47.8972],[7.2113,47.8973],[7.2156,47.8958],[7.217,47.8943],[7.2175,47.8934],[7.2159,47.8918],[7.213,47.8899],[7.2109,47.8888],[7.2068,47.8881],[7.2035,47.8874],[7.1972,47.8858],[7.1962,47.8866],[7.1948,47.8874],[7.1937,47.8885],[7.1915,47.8907],[7.1882,47.8945],[7.1892,47.8966],[7.1913,47.8981],[7.1923,47.8994],[7.1932,47.9019],[7.1927,47.9025],[7.1926,47.9032],[7.1938,47.9034],[7.1947,47.9041],[7.1965,47.9046],[7.1976,47.9054]]]},"properties":{"id_ffco":"1995-D68-076","nom":"Heidelberg Alsace","_dept":"68","numero":"1995-D68-076","commune":"Soultz","echelle":"1/15000","surface":"2.77 km²","format":"A5","annee":"1995","cartographes":"Patrick CHARLOT, Bernard DIETSCH, Richard ULRICH","proprietaire":"6806 - CLUB ORIENTATION BUHL ET FLORIVAL","niveau":"Régional","specialite":"CO à pied","contacts":"PIERSON Jean-Luc, 8 rue des Vosges, 68740, Fessenheim, pierson.jl@wanadoo.fr","latitude":"47.8948804678","longitude":"7.20155722657","date_saisie":"25/10/2017","valide":"Non","ppo":"Non","type_carte":"Nouvelle carte","fond":"IGN","ref_ign":"3719 OT","obsolete":false}},{"type":"Feature","geometry":{"type":"Polygon","coordinates":[[[7.3472,47.7314],[7.3491,47.7314],[7.352,47.733],[7.3534,47.7346],[7.3539,47.7357],[7.3536,47.736],[7.3552,47.7366],[7.3558,47.7361],[7.3594,47.7376],[7.361,47.7368],[7.3628,47.7364],[7.3635,47.7376],[7.3674,47.7362],[7.3728,47.733],[7.3774,47.7302],[7.3764,47.7287],[7.3755,47.7275],[7.3772,47.7238],[7.3679,47.7145],[7.3635,47.7125],[7.3611,47.7118],[7.3582,47.7124],[7.3558,47.7116],[7.3532,47.7106],[7.3516,47.7091],[7.3477,47.7079],[7.3472,47.7084],[7.3462,47.7086],[7.3433,47.7089],[7.3418,47.7094],[7.3405,47.7106],[7.3405,47.7135],[7.3466,47.7176],[7.3455,47.7181],[7.3468,47.7203],[7.3516,47.7237],[7.3507,47.7267],[7.3478,47.7268],[7.348,47.7281],[7.3496,47.7293],[7.3489,47.7298],[7.3474,47.73],[7.3472,47.7314]]]},"properties":{"id_ffco":"1995-D68-074","nom":"Mulhouse Sud-Est   Tannenwald-Zuhrenwald-Bois de Brunstatt","_dept":"68","numero":"1995-D68-074","commune":"Mulhouse","echelle":"1/15000","surface":"5.41 km²","format":"A4","annee":"1995","cartographes":"Bruno HABERKORN","proprietaire":"6803 - CLUB D'ORIENTATION DE MULHOUSE","niveau":"Interrégional","specialite":"CO à pied","contacts":"PAPON Vincent, 6 rue de Provence, 67400, Illkirch-Graffenstaden, 06.63.03.92.86, v.papon@free.fr","latitude":"47.7230495478","longitude":"7.35958975031","valide":"Oui","ppo":"Non","type_carte":"Reprise","base":"1988-D68-042 Mulhouse Sud-Est (Tannenwald - Zuhrenwald - Bois de Brunstatt)","fond":"IGN","ref_ign":"3720 ET","obsolete":false}},{"type":"Feature","geometry":{"type":"Polygon","coordinates":[[[7.2974,48.1664],[7.2942,48.167],[7.2945,48.1675],[7.2938,48.1681],[7.2934,48.1689],[7.2927,48.1695],[7.2907,48.1704],[7.2906,48.1746],[7.2916,48.1755],[7.2923,48.1769],[7.292,48.1781],[7.2941,48.1787],[7.2938,48.1792],[7.2969,48.179],[7.2976,48.1801],[7.2988,48.1805],[7.3016,48.1799],[7.3039,48.1796],[7.3074,48.1796],[7.3085,48.1797],[7.3095,48.1799],[7.3115,48.1808],[7.3152,48.1807],[7.315,48.1795],[7.3152,48.1787],[7.3192,48.1778],[7.3217,48.1763],[7.3238,48.1763],[7.3227,48.1744],[7.3215,48.172],[7.3204,48.1712],[7.3174,48.1699],[7.3148,48.1682],[7.3122,48.1678],[7.3097,48.1676],[7.3081,48.1672],[7.307,48.1662],[7.3055,48.1661],[7.3045,48.166],[7.3044,48.1653],[7.2998,48.1657],[7.2974,48.1664]]]},"properties":{"id_ffco":"1996-D68-073","nom":"Le Schoenenburg","_dept":"68","numero":"1996-D68-073","commune":"Riquewihr","echelle":"1/10000","surface":"2.97 km²","format":"A4","annee":"1996","cartographes":"Fabrice ERDINGER, Bernard FRICK, André MERTZ, Jean-Claude CASPARD","proprietaire":"6804 - CLUB D'ORIENTATION DE COLMAR","niveau":"Régional","specialite":"CO à pied","contacts":"MEYER Kirian, 12 rue des Primevères, 68570, Wintzfelden, 03.89.72.74.80, 06.24.98.93.15, president@cocolmar.fr","latitude":"48.173410279","longitude":"7.30568749073","date_saisie":"21/10/2004","date_depot":"15/11/2004","valide":"Oui","ppo":"Non","type_carte":"Nouvelle carte","fond":"IGN","ref_ign":"3718 OT","obsolete":false}},{"type":"Feature","geometry":{"type":"Polygon","coordinates":[[[7.388,48.0677],[7.3908,48.0674],[7.3945,48.0661],[7.3968,48.0602],[7.4009,48.051],[7.4011,48.0497],[7.4005,48.0471],[7.3955,48.0454],[7.3909,48.0453],[7.3883,48.0443],[7.3869,48.0394],[7.3894,48.0329],[7.3886,48.0317],[7.3767,48.0298],[7.3743,48.0355],[7.3712,48.0428],[7.372,48.0453],[7.3716,48.0463],[7.3707,48.0471],[7.3726,48.0514],[7.3748,48.0544],[7.378,48.0577],[7.3796,48.0581],[7.381,48.0591],[7.3878,48.0668],[7.388,48.0677]]]},"properties":{"id_ffco":"1995-D68-071","nom":"Le Neuland (2)","_dept":"68","numero":"1995-D68-071","commune":"COLMAR","echelle":"1/15000","surface":"5.43 km²","format":"A4","annee":"1995","cartographes":"André MERTZ, Michel DUBOC, Yves CARU","proprietaire":"6804 - CLUB D'ORIENTATION DE COLMAR","niveau":"Interrégional","specialite":"CO à pied","latitude":"48.0488146498","longitude":"7.38507854588","valide":"Oui","ppo":"Non","type_carte":"Reprise","base":"1995-D68-071 Le Neuland (2)","fond":"Cadastre","obsolete":false}},{"type":"Feature","geometry":{"type":"Polygon","coordinates":[[[7.3473,47.7315],[7.3491,47.7315],[7.3519,47.733],[7.3534,47.7346],[7.354,47.7356],[7.3534,47.7361],[7.356,47.7367],[7.3564,47.7364],[7.3594,47.7378],[7.363,47.7363],[7.3616,47.7353],[7.3613,47.7348],[7.3632,47.7342],[7.3638,47.7321],[7.364,47.7299],[7.359,47.7284],[7.3581,47.7284],[7.3565,47.7265],[7.355,47.7254],[7.3533,47.7242],[7.3506,47.7269],[7.3486,47.7269],[7.3485,47.7285],[7.3494,47.7294],[7.3484,47.7299],[7.3474,47.73],[7.3473,47.7315]]]},"properties":{"id_ffco":"1994-D68-069","nom":"Tannenwald-Mulhouse-","_dept":"68","numero":"1994-D68-069","commune":"Mulhouse","echelle":"1/10000","surface":"1.03 km²","format":"A5","annee":"1994","cartographes":"Bruno HABERKORN","proprietaire":"6803 - CLUB D'ORIENTATION DE MULHOUSE","niveau":"Départemental","specialite":"CO à pied","contacts":"PAPON Vincent, 6 rue de Provence, 67400, Illkirch-Graffenstaden, 06.63.03.92.86, v.papon@free.fr","latitude":"47.731284337","longitude":"7.35613386228","valide":"Oui","ppo":"Non","type_carte":"Reprise","base":"1988-D68-042 Mulhouse Sud-Est (Tannenwald - Zuhrenwald - Bois de Brunstatt)","fond":"IGN","ref_ign":"3720 ET","obsolete":false}},{"type":"Feature","geometry":null,"properties":{"id_ffco":"1980-D68-068","nom":"VANCELLE","_dept":"68","numero":"1980-D68-068","commune":"STE MARIE AUX MINES","echelle":"1/15000","surface":"5.0 km²","annee":"1980","proprietaire":"6804 - CLUB D'ORIENTATION DE COLMAR","niveau":"Interrégional","specialite":"CO à pied","latitude":"48.243431","longitude":"7.175523","valide":"Non","ppo":"Non","obsolete":false}},{"type":"Feature","geometry":{"type":"Polygon","coordinates":[[[7.197,47.877],[7.1972,47.8734],[7.1946,47.8727],[7.192,47.8724],[7.1916,47.871],[7.1912,47.8693],[7.1843,47.8677],[7.1818,47.8671],[7.1755,47.867],[7.1756,47.8677],[7.1757,47.8685],[7.175,47.869],[7.1745,47.8696],[7.1713,47.8695],[7.1703,47.8696],[7.1686,47.8695],[7.1681,47.8692],[7.1673,47.8696],[7.1673,47.874],[7.1684,47.8752],[7.1683,47.8773],[7.1699,47.8776],[7.1717,47.8783],[7.1728,47.8784],[7.1731,47.8788],[7.1745,47.8796],[7.1747,47.8803],[7.1757,47.8809],[7.1759,47.8812],[7.1749,47.8815],[7.1752,47.882],[7.1769,47.8824],[7.1771,47.883],[7.1792,47.884],[7.1796,47.885],[7.18,47.8872],[7.1791,47.8875],[7.1789,47.8881],[7.1785,47.8887],[7.1773,47.8887],[7.1778,47.8896],[7.1781,47.8907],[7.1801,47.8904],[7.181,47.8911],[7.1815,47.8914],[7.183,47.8913],[7.1847,47.8915],[7.1859,47.8919],[7.1884,47.892],[7.1903,47.8914],[7.191,47.8899],[7.1924,47.8881],[7.194,47.8866],[7.1962,47.885],[7.1952,47.884],[7.1945,47.8831],[7.1947,47.882],[7.1955,47.8792],[7.1956,47.878],[7.1972,47.878],[7.197,47.877]]]},"properties":{"id_ffco":"1993-D68-067","nom":"Thierenbach Alsace","_dept":"68","numero":"1993-D68-067","commune":"Jungholtz","echelle":"1/15000","surface":"4.01 km²","format":"A5","annee":"1993","cartographes":"Patrick CHARLOT, Bernard DIETSCH, C. RONDOT, R.VIOLINI","proprietaire":"6806 - CLUB ORIENTATION BUHL ET FLORIVAL","niveau":"Régional","specialite":"CO à pied","contacts":"PIERSON Jean-Luc, 8 rue des Vosges, 68740, Fessenheim, pierson.jl@wanadoo.fr","latitude":"47.8782536345","longitude":"7.18341669599","valide":"Oui","ppo":"Non","type_carte":"Nouvelle carte","fond":"IGN","ref_ign":"3719 OT","obsolete":false}},{"type":"Feature","geometry":{"type":"Polygon","coordinates":[[[7.3276,47.8611],[7.3289,47.8612],[7.3293,47.8601],[7.3302,47.8583],[7.3302,47.8574],[7.3297,47.8561],[7.3292,47.8559],[7.326,47.8548],[7.3247,47.8551],[7.325,47.8557],[7.326,47.8563],[7.3271,47.8571],[7.3262,47.8574],[7.3257,47.8568],[7.3246,47.8566],[7.3235,47.8562],[7.3212,47.8561],[7.3205,47.8551],[7.3165,47.8546],[7.3163,47.8577],[7.3175,47.8575],[7.3194,47.858],[7.3208,47.8587],[7.3242,47.8599],[7.3276,47.8611]]]},"properties":{"id_ffco":"1992-D68-066","nom":"Le Thurwald","_dept":"68","numero":"1992-D68-066","commune":"ENSISHEIM","echelle":"1/5000","surface":"0.43 km²","format":"A5","annee":"1992","cartographes":"Roger ELLEOUET","proprietaire":"6805","niveau":"Initiation, Scolaire","specialite":"CO à pied","contacts":"PIERSON Jean-Luc, 8 rue des Vosges, 68740, Fessenheim, pierson.jl@wanadoo.fr","latitude":"47.8575952204","longitude":"7.3240274731","valide":"Oui","ppo":"Non","type_carte":"Nouvelle carte","fond":"IGN","ref_ign":"3719 OT","obsolete":false}},{"type":"Feature","geometry":{"type":"Polygon","coordinates":[[[7.3133,47.4958],[7.3133,47.4964],[7.3149,47.4976],[7.3165,47.498],[7.3184,47.4974],[7.3216,47.4976],[7.3223,47.4982],[7.3221,47.499],[7.3165,47.5015],[7.3156,47.5009],[7.3125,47.5002],[7.3105,47.5003],[7.3092,47.5015],[7.3111,47.5051],[7.3141,47.5048],[7.3163,47.5045],[7.3205,47.508],[7.3263,47.5082],[7.327,47.5088],[7.3309,47.507],[7.3329,47.5065],[7.3323,47.5058],[7.3332,47.5055],[7.3412,47.5043],[7.3426,47.5051],[7.3462,47.5055],[7.3482,47.5052],[7.3492,47.5032],[7.3507,47.5033],[7.3546,47.502],[7.3628,47.5011],[7.3813,47.4966],[7.3813,47.4886],[7.3786,47.4878],[7.3775,47.4822],[7.376,47.4813],[7.3755,47.4807],[7.3744,47.4781],[7.3722,47.4778],[7.3703,47.4779],[7.3705,47.4781],[7.3688,47.4774],[7.3673,47.4767],[7.3668,47.476],[7.3659,47.4765],[7.3539,47.4809],[7.3399,47.4835],[7.3387,47.4833],[7.3368,47.4815],[7.3336,47.4817],[7.3321,47.4821],[7.3324,47.4824],[7.3275,47.4834],[7.3239,47.4835],[7.3224,47.4841],[7.3236,47.4852],[7.3242,47.4869],[7.3241,47.4881],[7.3256,47.4892],[7.326,47.4903],[7.3252,47.491],[7.3247,47.4916],[7.3223,47.492],[7.3207,47.4918],[7.318,47.4911],[7.3158,47.4929],[7.3148,47.4934],[7.3138,47.4935],[7.3139,47.4942],[7.3128,47.4947],[7.313,47.4958],[7.3133,47.4958]]]},"properties":{"id_ffco":"1992-D68-065","nom":"Grotte des nains","_dept":"68","numero":"1992-D68-065","commune":"Ferrette","echelle":"1/15000","surface":"11.52 km²","format":"A3","annee":"1992","proprietaire":"6803 - CLUB D'ORIENTATION DE MULHOUSE","niveau":"National, International","specialite":"CO à pied","contacts":"PAPON Vincent, 6 rue de Provence, 67400, Illkirch-Graffenstaden, 06.63.03.92.86, v.papon@free.fr","latitude":"47.492814458","longitude":"7.34755492347","valide":"Non","ppo":"Non","type_carte":"Reprise","base":"1988-D68-046 D'R barg","fond":"Ortho","obsolete":false}},{"type":"Feature","geometry":{"type":"Polygon","coordinates":[[[7.1683,47.9212],[7.1685,47.9067],[7.1701,47.907],[7.1711,47.9071],[7.1723,47.9064],[7.1737,47.9056],[7.1757,47.9041],[7.1768,47.9044],[7.1784,47.9035],[7.1804,47.9021],[7.1824,47.9012],[7.1836,47.901],[7.1846,47.9],[7.1864,47.8995],[7.1875,47.8991],[7.1885,47.8985],[7.1922,47.899],[7.1924,47.8994],[7.1931,47.9015],[7.193,47.9021],[7.1925,47.9025],[7.1927,47.9032],[7.1938,47.9034],[7.195,47.9042],[7.1973,47.9051],[7.1976,47.9056],[7.198,47.906],[7.1976,47.911],[7.1944,47.9114],[7.1953,47.9132],[7.1958,47.9139],[7.1949,47.9147],[7.1933,47.9151],[7.1925,47.9149],[7.1916,47.9152],[7.1928,47.9167],[7.1955,47.9193],[7.1944,47.9198],[7.193,47.9213],[7.1909,47.9222],[7.1885,47.9236],[7.1868,47.9244],[7.184,47.9244],[7.1823,47.9239],[7.1805,47.923],[7.1783,47.9217],[7.1771,47.9213],[7.1765,47.9212],[7.175,47.9212],[7.1731,47.9209],[7.171,47.9209],[7.1705,47.921],[7.1691,47.9209],[7.1683,47.9212]]]},"properties":{"id_ffco":"1991-D68-064","nom":"Rehbrunnenkopf","_dept":"68","numero":"1991-D68-064","commune":"Buhl","echelle":"1/15000","surface":"4.45 km²","format":"A5","annee":"1991","cartographes":"Richard ULRICH","proprietaire":"6806 - CLUB ORIENTATION BUHL ET FLORIVAL","niveau":"Interrégional","specialite":"CO à pied","contacts":"PIERSON Jean-Luc, 8 rue des Vosges, 68740, Fessenheim, pierson.jl@wanadoo.fr","latitude":"47.9120311137","longitude":"7.18310546162","valide":"Oui","ppo":"Non","type_carte":"Reprise","base":"1989-D68-048 Peternit - Bildstoeckle - rimbachzell","fond":"IGN","ref_ign":"3719 OT","obsolete":false}},{"type":"Feature","geometry":{"type":"Polygon","coordinates":[[[7.1848,47.9286],[7.1849,47.9279],[7.1827,47.9265],[7.181,47.9259],[7.1796,47.9259],[7.1781,47.9246],[7.1764,47.9238],[7.1734,47.9222],[7.1713,47.9214],[7.1713,47.9208],[7.1703,47.9207],[7.1689,47.9207],[7.1686,47.921],[7.1677,47.9216],[7.1667,47.9225],[7.1662,47.923],[7.1655,47.9318],[7.1657,47.9325],[7.1664,47.9338],[7.167,47.935],[7.1678,47.936],[7.1673,47.9362],[7.1698,47.9369],[7.1712,47.9374],[7.1729,47.9369],[7.1746,47.9364],[7.1769,47.936],[7.1762,47.9349],[7.1775,47.9346],[7.1793,47.9339],[7.1797,47.9329],[7.1809,47.9324],[7.1823,47.9317],[7.184,47.9305],[7.1839,47.9295],[7.1848,47.9286]]]},"properties":{"id_ffco":"1991-D68-063","nom":"Buhl - Demberg","_dept":"68","numero":"1991-D68-063","commune":"BUHL","echelle":"1/10000","surface":"1.73 km²","format":"A5","annee":"1991","cartographes":"François HUEBER","proprietaire":"6806 - CLUB ORIENTATION BUHL ET FLORIVAL","niveau":"Départemental","specialite":"CO à pied","contacts":"PIERSON Jean-Luc, 8 rue des Vosges, 68740, Fessenheim, pierson.jl@wanadoo.fr","latitude":"47.9292252831","longitude":"7.17343522994","valide":"Oui","ppo":"Non","type_carte":"Reprise","base":"1989-D68-050 Murbach - Ospenkopf - Hohrupf","fond":"IGN","ref_ign":"3719 OT","obsolete":false}},{"type":"Feature","geometry":{"type":"Polygon","coordinates":[[[7.2169,47.9568],[7.2226,47.9576],[7.2263,47.9584],[7.2265,47.9582],[7.228,47.9586],[7.2296,47.9572],[7.2299,47.9565],[7.2325,47.9532],[7.2322,47.9519],[7.2326,47.9503],[7.2318,47.9501],[7.2303,47.9501],[7.23,47.9484],[7.2157,47.9456],[7.2144,47.9464],[7.2137,47.9473],[7.2126,47.9481],[7.2106,47.9496],[7.2096,47.9497],[7.2091,47.9505],[7.2082,47.9515],[7.2084,47.952],[7.2065,47.9535],[7.2051,47.9544],[7.204,47.9547],[7.2049,47.9553],[7.2053,47.9561],[7.2047,47.9572],[7.2065,47.9569],[7.2082,47.9563],[7.2104,47.9552],[7.2127,47.9563],[7.2169,47.9568]]]},"properties":{"id_ffco":"1991-D68-062","nom":"Val du Patre (Schaeffertal) - Gauchmatt","_dept":"68","numero":"1991-D68-062","commune":"Orschwihr","echelle":"1/10000","surface":"1.92 km²","format":"A5","annee":"1991","cartographes":"Richard ULRICH","proprietaire":"6806 - CLUB ORIENTATION BUHL ET FLORIVAL","niveau":"Régional","specialite":"CO à pied","contacts":"PIERSON Jean-Luc, 8 rue des Vosges, 68740, Fessenheim, pierson.jl@wanadoo.fr","latitude":"47.9523550824","longitude":"7.21982728245","valide":"Oui","ppo":"Non","type_carte":"Reprise","base":"1987-D68-041 Schimberg - Pfingstberg - 1987","fond":"IGN","ref_ign":"3719 OT","obsolete":false}},{"type":"Feature","geometry":{"type":"Polygon","coordinates":[[[7.0983,47.7762],[7.1027,47.7763],[7.1085,47.7792],[7.1139,47.7791],[7.1149,47.7757],[7.1164,47.7757],[7.1168,47.7752],[7.1198,47.7743],[7.122,47.7746],[7.1237,47.7737],[7.1171,47.7664],[7.1148,47.766],[7.1088,47.7658],[7.1079,47.7635],[7.1094,47.7623],[7.1075,47.7619],[7.1069,47.7613],[7.106,47.7598],[7.0988,47.7592],[7.0937,47.76],[7.092,47.7607],[7.0883,47.7603],[7.0855,47.7605],[7.0803,47.7613],[7.0817,47.7708],[7.0844,47.7729],[7.0889,47.7716],[7.0907,47.7714],[7.0936,47.7707],[7.0968,47.7706],[7.0972,47.7735],[7.0983,47.7762]]]},"properties":{"id_ffco":"1991-D68-061","nom":"D'R Schlag","_dept":"68","numero":"1991-D68-061","commune":"ASPACH LE HAUT","echelle":"1/15000","surface":"4.2 km²","format":"A5","annee":"1991","cartographes":"Richard ULRICH","proprietaire":"6806 - CLUB ORIENTATION BUHL ET FLORIVAL","niveau":"Interrégional","specialite":"CO à pied","contacts":"PIERSON Jean-Luc, 8 rue des Vosges, 68740, Fessenheim, pierson.jl@wanadoo.fr","latitude":"47.7684772367","longitude":"7.1009205126","valide":"Oui","ppo":"Non","type_carte":"Reprise","base":"1986-D68-006 Guewenheim","fond":"IGN","ref_ign":"3620 ET","obsolete":false}},{"type":"Feature","geometry":null,"properties":{"id_ffco":"1979-D68-060","nom":"GRAND CANON","_dept":"68","numero":"1979-D68-060","commune":"ZILLISHEIM","echelle":"1/15000","surface":"6.5 km²","annee":"1979","proprietaire":"6803 - CLUB D'ORIENTATION DE MULHOUSE","niveau":"Interrégional","specialite":"CO à pied","latitude":"47.6948522","longitude":"7.2936096","valide":"Non","ppo":"Non","obsolete":false}},{"type":"Feature","geometry":{"type":"Polygon","coordinates":[[[7.1121,48.0522],[7.1107,48.0539],[7.1105,48.0545],[7.112,48.0558],[7.1141,48.0561],[7.1162,48.0553],[7.117,48.0545],[7.1189,48.0541],[7.1206,48.0544],[7.1205,48.054],[7.1209,48.0535],[7.1217,48.0543],[7.1222,48.0542],[7.1219,48.0533],[7.1217,48.0523],[7.1215,48.0515],[7.1203,48.051],[7.1196,48.0503],[7.1201,48.0494],[7.1195,48.0496],[7.1191,48.0492],[7.1171,48.0503],[7.116,48.0505],[7.1158,48.051],[7.1141,48.0512],[7.1142,48.0515],[7.1129,48.0516],[7.1121,48.0522]]]},"properties":{"id_ffco":"1991-D68-059","nom":"Centre la Roche Stosswihr","_dept":"68","numero":"1991-D68-059","commune":"STOSSWIHR","echelle":"1/4000","surface":"0.37 km²","format":"A4","annee":"1991","cartographes":"Jean-François BRUCHON","proprietaire":"6803 - CLUB D'ORIENTATION DE MULHOUSE","niveau":"Initiation, Scolaire","specialite":"CO à pied","contacts":"CO Mulhouse, http://comulhouse.fr/","latitude":"48.0529505731","longitude":"7.11630350371","valide":"Oui","ppo":"Non","type_carte":"Nouvelle carte","fond":"IGN","ref_ign":"3718 OT","obsolete":false}},{"type":"Feature","geometry":{"type":"Polygon","coordinates":[[[7.2326,48.2271],[7.2324,48.221],[7.2361,48.2196],[7.2359,48.2185],[7.2331,48.2154],[7.2336,48.2144],[7.2333,48.2131],[7.2338,48.212],[7.231,48.2115],[7.2298,48.2107],[7.2291,48.21],[7.2285,48.2099],[7.2284,48.2102],[7.2278,48.2089],[7.2263,48.2073],[7.2246,48.2067],[7.2239,48.2071],[7.2227,48.2069],[7.2224,48.2065],[7.2226,48.2058],[7.2214,48.2051],[7.2217,48.2036],[7.2197,48.2038],[7.2188,48.2045],[7.219,48.2032],[7.2179,48.2032],[7.2174,48.2042],[7.2132,48.2041],[7.2119,48.203],[7.2118,48.2021],[7.2067,48.202],[7.2007,48.2032],[7.1966,48.2034],[7.193,48.203],[7.191,48.2046],[7.1877,48.2083],[7.184,48.2081],[7.1843,48.2102],[7.1858,48.2109],[7.186,48.2135],[7.1868,48.2139],[7.1863,48.2145],[7.1894,48.2152],[7.1912,48.2162],[7.1912,48.2174],[7.1886,48.2203],[7.1867,48.2213],[7.1854,48.2235],[7.1872,48.2251],[7.1881,48.2265],[7.1888,48.2278],[7.1902,48.2283],[7.1912,48.2266],[7.1921,48.2258],[7.1939,48.2258],[7.1951,48.2244],[7.1963,48.2247],[7.1975,48.223],[7.1985,48.2228],[7.2004,48.2252],[7.2009,48.2257],[7.203,48.2238],[7.2043,48.2235],[7.2054,48.2247],[7.206,48.2257],[7.2066,48.2265],[7.2091,48.2274],[7.2104,48.2288],[7.213,48.2292],[7.2187,48.2319],[7.2198,48.2304],[7.2205,48.2293],[7.2215,48.2287],[7.2239,48.2294],[7.2244,48.2278],[7.2257,48.2278],[7.2264,48.2267],[7.2278,48.2268],[7.2299,48.2266],[7.2311,48.2275],[7.2326,48.2271]]]},"properties":{"id_ffco":"1991-D68-057","nom":"La Renardiere","_dept":"68","numero":"1991-D68-057","commune":"Aubure","echelle":"1/15000","surface":"8.5 km²","format":"+","annee":"1991","cartographes":"Michel ROUSSEL","proprietaire":"6804 - CLUB D'ORIENTATION DE COLMAR","niveau":"Interrégional","specialite":"CO à pied","contacts":"MEYER Kirian, 12 rue des Primevères, 68570, Wintzfelden, 03.89.72.74.80, 06.24.98.93.15, president@cocolmar.fr","latitude":"48.2158730088","longitude":"7.21003665687","valide":"Oui","ppo":"Non","type_carte":"Reprise","base":"1979-D68-047 Aubure","fond":"IGN","ref_ign":"3718 OT","obsolete":false}},{"type":"Feature","geometry":null,"properties":{"id_ffco":"1979-D68-056","nom":"ST MARC","_dept":"68","numero":"1979-D68-056","commune":"COLMAR","echelle":"1/15000","surface":"18.0 km²","annee":"1979","proprietaire":"6807","niveau":"Interrégional","specialite":"CO à pied","latitude":"48.0806788","longitude":"7.3599721","valide":"Non","ppo":"Non","obsolete":false}},{"type":"Feature","geometry":{"type":"Polygon","coordinates":[[[7.4769,47.8885],[7.4835,47.8865],[7.493,47.8835],[7.5106,47.8868],[7.5095,47.8836],[7.5094,47.883],[7.5098,47.882],[7.5095,47.8809],[7.5107,47.8809],[7.5093,47.8765],[7.5082,47.8722],[7.5065,47.8654],[7.5056,47.8611],[7.4997,47.8618],[7.4938,47.8624],[7.4873,47.863],[7.4823,47.8631],[7.4726,47.867],[7.4731,47.8692],[7.4722,47.8702],[7.4722,47.8712],[7.4729,47.8719],[7.4728,47.873],[7.4733,47.8744],[7.4758,47.8758],[7.4767,47.8782],[7.4768,47.8798],[7.4768,47.8816],[7.4778,47.8844],[7.4777,47.8867],[7.4769,47.8885]]]},"properties":{"id_ffco":"1990-D68-054","nom":"Le Poney-Parc","_dept":"68","numero":"1990-D68-054","commune":"Blodelsheim","echelle":"1/15000","surface":"6.32 km²","format":"A4","annee":"1990","cartographes":"Roger ELLEOUET, Claude VOGT","proprietaire":"6805","niveau":"Régional","specialite":"CO à pied","contacts":"Comité Départemental de Course d'Orientation du Haut-Rhin","latitude":"47.8741585999","longitude":"7.49196041363","valide":"Oui","ppo":"Non","type_carte":"Nouvelle carte","fond":"IGN","ref_ign":"3719 et 3720 ET","obsolete":false}},{"type":"Feature","geometry":{"type":"Polygon","coordinates":[[[7.4085,47.9238],[7.4144,47.9228],[7.412,47.9196],[7.4102,47.9165],[7.409,47.9145],[7.406,47.9149],[7.4065,47.9185],[7.4071,47.9208],[7.4079,47.9227],[7.4085,47.9238]]]},"properties":{"id_ffco":"1990-D68-053","nom":"René Pépin","_dept":"68","numero":"1990-D68-053","commune":"MEYENHEIM","echelle":"1/5000","surface":"0.36 km²","format":"A5","annee":"1990","cartographes":"Roger ELLEOUET, Claude VOGT","proprietaire":"6805","niveau":"Départemental","specialite":"CO à pied","contacts":"Comité Départemental de Course d'Orientation du Haut-Rhin","latitude":"47.9194883574","longitude":"7.4094329918","valide":"Oui","ppo":"Non","type_carte":"Nouvelle carte","fond":"Cadastre","obsolete":false}},{"type":"Feature","geometry":{"type":"Polygon","coordinates":[[[7.4265,47.834],[7.4413,47.8247],[7.4158,47.8104],[7.415,47.8101],[7.4598,47.7963],[7.4436,47.7898],[7.4397,47.7899],[7.4337,47.7897],[7.4285,47.7888],[7.426,47.788],[7.4254,47.7872],[7.4238,47.787],[7.4141,47.7885],[7.4077,47.7905],[7.4035,47.7918],[7.4003,47.7927],[7.4026,47.7954],[7.4023,47.8041],[7.4054,47.8108],[7.4074,47.8124],[7.4073,47.8154],[7.4086,47.8234],[7.4082,47.8281],[7.4217,47.825],[7.4265,47.834]]]},"properties":{"id_ffco":"1990-D68-052","nom":"Hardt Nord : M.F. Battenheim - Grunhutte","_dept":"68","numero":"1990-D68-052","commune":"Battenheim","echelle":"1/15000","surface":"10.34 km²","format":"A3","annee":"1990","cartographes":"Tchèques - richard ULRICH","proprietaire":"6803 - CLUB D'ORIENTATION DE MULHOUSE","niveau":"Interrégional","specialite":"CO à pied","contacts":"PAPON Vincent, 6 rue de Provence, 67400, Illkirch-Graffenstaden, 06.63.03.92.86, v.papon@free.fr","latitude":"47.8057390847","longitude":"7.42339468996","valide":"Oui","ppo":"Non","type_carte":"Nouvelle carte","fond":"IGN","ref_ign":"3720 ET","obsolete":false}},{"type":"Feature","geometry":{"type":"Polygon","coordinates":[[[7.1505,47.9423],[7.1533,47.9415],[7.1582,47.94],[7.1597,47.9396],[7.1626,47.9393],[7.1657,47.939],[7.1699,47.9376],[7.1736,47.9368],[7.1766,47.9361],[7.1794,47.9356],[7.182,47.9343],[7.1827,47.9339],[7.183,47.9334],[7.1849,47.9314],[7.1834,47.931],[7.183,47.9307],[7.183,47.9299],[7.1845,47.9294],[7.1857,47.9289],[7.1864,47.9282],[7.1854,47.927],[7.1877,47.925],[7.1877,47.9247],[7.188,47.924],[7.1872,47.9241],[7.1866,47.9234],[7.1858,47.9223],[7.1853,47.9217],[7.1838,47.9212],[7.1824,47.9204],[7.1816,47.92],[7.1822,47.9185],[7.1819,47.9176],[7.1818,47.9166],[7.1806,47.916],[7.1805,47.9153],[7.1814,47.9146],[7.1811,47.9136],[7.1805,47.9128],[7.18,47.9116],[7.1789,47.9108],[7.1779,47.9101],[7.1768,47.9092],[7.1754,47.9088],[7.1742,47.909],[7.173,47.9088],[7.1703,47.9089],[7.1691,47.9087],[7.1677,47.9092],[7.1673,47.9095],[7.1667,47.9091],[7.162,47.9089],[7.1613,47.9091],[7.1606,47.9102],[7.1585,47.9101],[7.1562,47.9097],[7.1549,47.9093],[7.1533,47.9092],[7.1521,47.9081],[7.1483,47.9079],[7.1469,47.9088],[7.146,47.9089],[7.1434,47.9083],[7.1418,47.9078],[7.1415,47.9069],[7.1411,47.906],[7.1391,47.9055],[7.1383,47.9056],[7.1367,47.9063],[7.1346,47.9057],[7.1332,47.9053],[7.1315,47.9062],[7.129,47.9079],[7.128,47.9087],[7.1286,47.9112],[7.129,47.9123],[7.129,47.9127],[7.1287,47.9133],[7.1282,47.9137],[7.1266,47.9161],[7.1242,47.9187],[7.1234,47.9191],[7.1222,47.9193],[7.1207,47.9186],[7.1197,47.918],[7.1166,47.9181],[7.1156,47.9186],[7.1144,47.9189],[7.1142,47.9192],[7.1135,47.9194],[7.1138,47.9204],[7.1138,47.9209],[7.1135,47.9224],[7.1132,47.9227],[7.112,47.9268],[7.1123,47.9278],[7.1134,47.9285],[7.1146,47.9291],[7.1163,47.9307],[7.1177,47.9326],[7.1192,47.9348],[7.1204,47.9362],[7.1213,47.9372],[7.121,47.9383],[7.1216,47.9394],[7.1212,47.9396],[7.1216,47.9408],[7.1219,47.942],[7.1217,47.9425],[7.1245,47.9432],[7.1258,47.9434],[7.1275,47.944],[7.1444,47.9443],[7.146,47.9437],[7.1482,47.9432],[7.1505,47.9423]]]},"properties":{"id_ffco":"1989-D68-050","nom":"Murbach - Ospenkopf - Hohrupf","_dept":"68","numero":"1989-D68-050","commune":"Murbach","echelle":"1/15000","surface":"17.15 km²","format":"+","annee":"1989","proprietaire":"68 - Haut-Rhin","niveau":"Interrégional","specialite":"CO à pied","contacts":"PIERSON Jean-Luc, 8 rue des Vosges, 68740, Fessenheim, pierson.jl@wanadoo.fr","latitude":"47.9253054851","longitude":"7.14924071396","valide":"Non","ppo":"Non","type_carte":"Nouvelle carte","fond":"IGN","ref_ign":"3719 OT","obsolete":false}},{"type":"Feature","geometry":{"type":"Polygon","coordinates":[[[7.1496,47.9227],[7.1509,47.9231],[7.1518,47.9234],[7.1541,47.9231],[7.1562,47.9231],[7.1571,47.9235],[7.1584,47.9235],[7.1596,47.9231],[7.1622,47.9234],[7.164,47.9232],[7.1655,47.923],[7.1668,47.9225],[7.1683,47.9212],[7.1692,47.9209],[7.1708,47.9211],[7.1723,47.9207],[7.1752,47.9162],[7.1749,47.9155],[7.1743,47.9147],[7.1757,47.9148],[7.1774,47.9124],[7.1771,47.9094],[7.1744,47.905],[7.1727,47.906],[7.1719,47.9066],[7.1705,47.9069],[7.1666,47.9066],[7.1627,47.906],[7.1609,47.9055],[7.1613,47.9041],[7.162,47.9026],[7.1597,47.9021],[7.1577,47.9006],[7.1575,47.8993],[7.1566,47.8989],[7.155,47.8984],[7.1534,47.897],[7.1529,47.8957],[7.1524,47.8954],[7.1507,47.8962],[7.1496,47.8967],[7.1485,47.8964],[7.1458,47.8945],[7.1455,47.8942],[7.1371,47.8948],[7.1284,47.8945],[7.1231,47.8943],[7.1234,47.8957],[7.1227,47.8973],[7.1225,47.8985],[7.1209,47.8989],[7.1183,47.8988],[7.1163,47.8987],[7.1168,47.9006],[7.118,47.9018],[7.1217,47.9039],[7.1236,47.9063],[7.1283,47.908],[7.1286,47.9104],[7.1289,47.9124],[7.1285,47.9135],[7.1272,47.9146],[7.1264,47.9161],[7.1243,47.9189],[7.1341,47.9202],[7.1406,47.9209],[7.143,47.9209],[7.1444,47.9211],[7.1459,47.9213],[7.1466,47.9218],[7.1476,47.9219],[7.1482,47.9224],[7.1496,47.9227]]]},"properties":{"id_ffco":"1989-D68-049","nom":"Judenhut - Geisskopf - Rimbach","_dept":"68","numero":"1989-D68-049","commune":"Rimbach","echelle":"1/15000","surface":"9.69 km²","format":"+","annee":"1989","proprietaire":"68 - Haut-Rhin","niveau":"Interrégional","specialite":"CO à pied","contacts":"PIERSON Jean-Luc, 8 rue des Vosges, 68740, Fessenheim, pierson.jl@wanadoo.fr","latitude":"47.9091945424","longitude":"7.14728151628","valide":"Non","ppo":"Non","type_carte":"Reprise","base":"1989-D68-048 Peternit - Bildstoeckle - rimbachzell","fond":"Cadastre","obsolete":false}},{"type":"Feature","geometry":{"type":"Polygon","coordinates":[[[7.1496,47.9228],[7.1509,47.9232],[7.152,47.9235],[7.1541,47.9232],[7.1563,47.9231],[7.1575,47.9236],[7.1595,47.9231],[7.1621,47.9234],[7.1642,47.9233],[7.166,47.9229],[7.1672,47.9224],[7.1689,47.921],[7.1704,47.9211],[7.1713,47.9208],[7.174,47.921],[7.175,47.9213],[7.1762,47.9212],[7.1781,47.9216],[7.1821,47.9239],[7.1852,47.9246],[7.187,47.9243],[7.1879,47.924],[7.1885,47.9234],[7.1932,47.9211],[7.1938,47.9203],[7.1951,47.9194],[7.197,47.9191],[7.2002,47.9174],[7.2012,47.9154],[7.2012,47.9138],[7.2018,47.9126],[7.2015,47.912],[7.2,47.9102],[7.2005,47.9094],[7.2002,47.9084],[7.1988,47.9064],[7.1975,47.9055],[7.1974,47.9051],[7.1967,47.9046],[7.1947,47.904],[7.1941,47.9034],[7.193,47.9032],[7.1925,47.9028],[7.1926,47.9023],[7.1931,47.9016],[7.1922,47.8995],[7.1915,47.898],[7.1903,47.8973],[7.1892,47.8963],[7.188,47.8945],[7.187,47.8936],[7.1884,47.8921],[7.187,47.8919],[7.1858,47.8919],[7.1842,47.8914],[7.183,47.8912],[7.1823,47.8913],[7.181,47.8913],[7.1801,47.8907],[7.1796,47.8905],[7.1785,47.8908],[7.1774,47.8916],[7.175,47.8924],[7.1658,47.8974],[7.166,47.898],[7.1667,47.8986],[7.1666,47.9011],[7.1661,47.902],[7.166,47.9029],[7.1654,47.9032],[7.1606,47.9022],[7.1594,47.9021],[7.158,47.9007],[7.1578,47.8997],[7.1567,47.8988],[7.1559,47.8987],[7.1544,47.9002],[7.1487,47.9055],[7.1456,47.9068],[7.1439,47.9069],[7.1436,47.9073],[7.1438,47.9083],[7.1433,47.9094],[7.1408,47.9113],[7.1406,47.9141],[7.1419,47.9155],[7.1422,47.9176],[7.1431,47.9184],[7.1424,47.9194],[7.1444,47.9198],[7.1455,47.9201],[7.1462,47.9215],[7.1475,47.9219],[7.1485,47.9226],[7.1496,47.9228]]]},"properties":{"id_ffco":"1989-D68-048","nom":"Peternit - Bildstoeckle - rimbachzell","_dept":"68","numero":"1989-D68-048","commune":"Rimbachzell","echelle":"1/15000","surface":"11.13 km²","format":"+","annee":"1989","proprietaire":"68 - Haut-Rhin","niveau":"Interrégional","specialite":"CO à pied","contacts":"PIERSON Jean-Luc, 8 rue des Vosges, 68740, Fessenheim, pierson.jl@wanadoo.fr","latitude":"47.9099811962","longitude":"7.17249060825","valide":"Non","ppo":"Non","type_carte":"Nouvelle carte","fond":"IGN","ref_ign":"3719 OT","obsolete":false}},{"type":"Feature","geometry":{"type":"Polygon","coordinates":[[[7.2207,48.2137],[7.2216,48.2144],[7.2309,48.2138],[7.2311,48.2114],[7.2299,48.2107],[7.2303,48.2092],[7.2316,48.2051],[7.2308,48.1975],[7.225,48.1954],[7.219,48.195],[7.2056,48.195],[7.2058,48.1965],[7.2071,48.1981],[7.2069,48.2003],[7.2057,48.2017],[7.2054,48.2048],[7.2055,48.2119],[7.2061,48.2142],[7.2118,48.2156],[7.2127,48.216],[7.2161,48.2153],[7.2163,48.2146],[7.2207,48.2137]]]},"properties":{"id_ffco":"1979-D68-047","nom":"Aubure","_dept":"68","numero":"1979-D68-047","commune":"Aubure","echelle":"1/10000","surface":"3.99 km²","format":"A4","annee":"1979","cartographes":"Michel ROUSSEL","proprietaire":"6804 - CLUB D'ORIENTATION DE COLMAR","niveau":"Régional","specialite":"CO à pied","contacts":"MEYER Kirian, 12 rue des Primevères, 68570, Wintzfelden, 03.89.72.74.80, 06.24.98.93.15, president@cocolmar.fr","latitude":"48.2050103521","longitude":"7.21807825109","valide":"Oui","ppo":"Non","type_carte":"Reprise","base":"1983-D68-015 Aubure (La Renardière)","fond":"IGN","ref_ign":"3718 OT","obsolete":false}},{"type":"Feature","geometry":{"type":"Polygon","coordinates":[[[7.3214,47.4975],[7.3221,47.4981],[7.3216,47.4999],[7.3222,47.5006],[7.3238,47.5009],[7.3267,47.5011],[7.3301,47.5046],[7.3326,47.5056],[7.3392,47.5046],[7.341,47.5042],[7.3436,47.5049],[7.3451,47.5047],[7.3465,47.5055],[7.3476,47.5053],[7.3477,47.5043],[7.3471,47.5043],[7.3475,47.5034],[7.3505,47.5033],[7.3517,47.5046],[7.3568,47.5055],[7.3612,47.5055],[7.3656,47.5055],[7.3671,47.5054],[7.3793,47.4977],[7.3812,47.4969],[7.3815,47.496],[7.3834,47.4955],[7.3851,47.4946],[7.3875,47.4933],[7.389,47.4927],[7.3898,47.4917],[7.3905,47.491],[7.3898,47.4906],[7.3894,47.4897],[7.3868,47.4886],[7.3844,47.4867],[7.3791,47.4851],[7.3789,47.4835],[7.378,47.4824],[7.3756,47.4809],[7.3743,47.4797],[7.3745,47.4781],[7.3724,47.478],[7.3684,47.4772],[7.3669,47.4767],[7.366,47.4751],[7.364,47.4762],[7.3638,47.4763],[7.3623,47.4771],[7.3585,47.4785],[7.3549,47.4795],[7.3523,47.4802],[7.3496,47.4806],[7.3452,47.4815],[7.3413,47.4822],[7.3395,47.4827],[7.3388,47.4832],[7.3376,47.4831],[7.3368,47.4823],[7.3361,47.4814],[7.3352,47.4815],[7.3357,47.482],[7.3325,47.4824],[7.3291,47.4821],[7.327,47.4813],[7.3251,47.4809],[7.3232,47.481],[7.321,47.4811],[7.3197,47.4808],[7.3191,47.4976],[7.3214,47.4975]]]},"properties":{"id_ffco":"1988-D68-046","nom":"D'R barg","_dept":"68","numero":"1988-D68-046","commune":"Ferrette","echelle":"1/15000","surface":"12.35 km²","format":"A3","annee":"1988","cartographes":"Richard ULRICH","proprietaire":"6803 - CLUB D'ORIENTATION DE MULHOUSE","niveau":"Interrégional","specialite":"CO à pied","contacts":"PAPON Vincent, 6 rue de Provence, 67400, Illkirch-Graffenstaden, 06.63.03.92.86, v.papon@free.fr","latitude":"47.4918390987","longitude":"7.35214457314","valide":"Non","ppo":"Non","type_carte":"Reprise","base":"1981-D68-010 Ferrette","fond":"Ortho","obsolete":false}},{"type":"Feature","geometry":{"type":"Polygon","coordinates":[[[6.9551,47.7951],[6.9558,47.7946],[6.9573,47.7949],[6.958,47.7945],[6.9595,47.7949],[6.9612,47.7931],[6.9609,47.7922],[6.9616,47.7917],[6.9621,47.7887],[6.9623,47.7867],[6.964,47.7852],[6.964,47.7834],[6.9607,47.7831],[6.9589,47.7832],[6.9571,47.7831],[6.9551,47.7827],[6.9536,47.7823],[6.9492,47.7799],[6.9477,47.7795],[6.9346,47.7758],[6.929,47.7739],[6.9263,47.774],[6.9231,47.7714],[6.921,47.772],[6.9177,47.7739],[6.9171,47.774],[6.9162,47.7758],[6.9128,47.7771],[6.9116,47.7772],[6.9117,47.7782],[6.9009,47.778],[6.8993,47.7782],[6.8973,47.7821],[6.8965,47.783],[6.8973,47.7842],[6.896,47.7848],[6.8959,47.7853],[6.8948,47.7861],[6.8956,47.7866],[6.8949,47.787],[6.8915,47.7871],[6.8915,47.7884],[6.8914,47.7936],[6.8885,47.7953],[6.8885,47.7966],[6.8874,47.7972],[6.8866,47.798],[6.8873,47.7994],[6.8877,47.8004],[6.8905,47.8013],[6.8935,47.8016],[6.8964,47.8028],[6.8987,47.8042],[6.8992,47.8054],[6.9006,47.8049],[6.9023,47.8053],[6.9031,47.8062],[6.9051,47.8072],[6.9081,47.8064],[6.9108,47.8058],[6.9139,47.807],[6.9159,47.8071],[6.9177,47.8064],[6.9208,47.8066],[6.9284,47.8062],[6.9294,47.8053],[6.9311,47.8053],[6.9331,47.8057],[6.9361,47.8057],[6.936,47.8052],[6.9391,47.8046],[6.9393,47.8037],[6.9405,47.8032],[6.9411,47.8021],[6.9431,47.8013],[6.9459,47.801],[6.9476,47.8015],[6.953,47.7992],[6.9529,47.7982],[6.9525,47.7978],[6.9509,47.7976],[6.9522,47.7963],[6.9539,47.7964],[6.9551,47.7957],[6.9551,47.7951]]]},"properties":{"id_ffco":"1989-D68-045","nom":"Le Schlumpf","_dept":"68","numero":"1989-D68-045","commune":"Dolleren","echelle":"1/15000","surface":"14.93 km²","format":"A3","annee":"1989","cartographes":"Gérard VENON, Suédois","proprietaire":"6803 - CLUB D'ORIENTATION DE MULHOUSE","niveau":"National, International","specialite":"CO à pied","contacts":"PAPON Vincent, 6 rue de Provence, 67400, Illkirch-Graffenstaden, 06.63.03.92.86, v.papon@free.fr","latitude":"47.7908569979","longitude":"6.92405179747","valide":"Oui","ppo":"Non","type_carte":"Nouvelle carte","fond":"IGN","ref_ign":"3620 ET","obsolete":false}},{"type":"Feature","geometry":{"type":"Polygon","coordinates":[[[7.3135,47.4958],[7.3134,47.4964],[7.3148,47.4976],[7.3166,47.4981],[7.3181,47.4975],[7.3215,47.4975],[7.3222,47.498],[7.3217,47.4997],[7.3215,47.5003],[7.3229,47.5007],[7.3263,47.5011],[7.3274,47.5016],[7.3301,47.5047],[7.3325,47.5056],[7.3344,47.5054],[7.3398,47.5046],[7.3411,47.5044],[7.3408,47.5006],[7.3401,47.4995],[7.3395,47.4986],[7.3391,47.4981],[7.3396,47.4968],[7.3392,47.4936],[7.3393,47.4915],[7.34,47.4906],[7.3422,47.4894],[7.3421,47.4864],[7.3419,47.4842],[7.3416,47.4821],[7.3396,47.4825],[7.3385,47.4834],[7.3373,47.4828],[7.3368,47.4818],[7.3358,47.4817],[7.3347,47.4821],[7.3323,47.4823],[7.3305,47.4823],[7.3287,47.4819],[7.3272,47.4814],[7.3245,47.4808],[7.322,47.481],[7.3203,47.481],[7.3159,47.4801],[7.3128,47.4789],[7.3117,47.4788],[7.3091,47.4803],[7.308,47.4808],[7.3063,47.4824],[7.3053,47.4852],[7.3041,47.4854],[7.3011,47.4842],[7.2999,47.4851],[7.2982,47.485],[7.2921,47.4878],[7.2925,47.4891],[7.2953,47.4902],[7.295,47.4913],[7.2932,47.4916],[7.2934,47.4922],[7.2959,47.4925],[7.2969,47.4932],[7.2973,47.4988],[7.2984,47.4996],[7.3012,47.4993],[7.3059,47.498],[7.3061,47.4985],[7.3072,47.4984],[7.3078,47.4991],[7.3115,47.4969],[7.3125,47.4966],[7.3135,47.4958]]]},"properties":{"id_ffco":"1988-D68-044","nom":"FERRETTE","_dept":"68","numero":"1988-D68-044","commune":"Ferrette","echelle":"1/15000","surface":"6.96 km²","format":"+","annee":"1988","cartographes":"Richard ULRICH","proprietaire":"6803 - CLUB D'ORIENTATION DE MULHOUSE","niveau":"Interrégional","specialite":"CO à pied","contacts":"PAPON Vincent, 6 rue de Provence, 67400, Illkirch-Graffenstaden, 06.63.03.92.86, v.papon@free.fr","latitude":"47.4911954932","longitude":"7.3201897413","valide":"Non","ppo":"Non","type_carte":"Reprise","base":"1981-D68-010 Ferrette","fond":"Ortho","obsolete":false}},{"type":"Feature","geometry":null,"properties":{"id_ffco":"1979-D68-043","nom":"HARDT-SUD HOMBURG","_dept":"68","numero":"1979-D68-043","commune":"MULHOUSE","echelle":"1/15000","surface":"5.7 km²","annee":"1979","proprietaire":"6803 - CLUB D'ORIENTATION DE MULHOUSE","niveau":"Interrégional","specialite":"CO à pied","latitude":"47.7494919","longitude":"7.3397806","valide":"Non","ppo":"Non","obsolete":false}},{"type":"Feature","geometry":{"type":"Polygon","coordinates":[[[7.3609,47.7386],[7.3624,47.738],[7.3637,47.7375],[7.3674,47.7361],[7.373,47.7328],[7.3775,47.7301],[7.3753,47.7276],[7.3779,47.7236],[7.3732,47.7206],[7.3723,47.7182],[7.3701,47.7175],[7.3685,47.7148],[7.3647,47.713],[7.3637,47.711],[7.3612,47.7105],[7.3582,47.7115],[7.3557,47.7114],[7.3514,47.7087],[7.3475,47.708],[7.346,47.7087],[7.343,47.7091],[7.3417,47.7098],[7.3402,47.7107],[7.3403,47.7134],[7.3452,47.7168],[7.345,47.7185],[7.3477,47.7278],[7.3475,47.7314],[7.3534,47.7362],[7.3609,47.7386]]]},"properties":{"id_ffco":"1988-D68-042","nom":"Mulhouse Sud-Est (Tannenwald - Zuhrenwald - Bois de Brunstatt)","_dept":"68","numero":"1988-D68-042","commune":"Mulhouse","echelle":"1/15000","surface":"5.88 km²","format":"A4","annee":"1988","cartographes":"Vincent FREY, Olivier LAHAUSSE","proprietaire":"6803 - CLUB D'ORIENTATION DE MULHOUSE","niveau":"Régional","specialite":"CO à pied","contacts":"PAPON Vincent, 6 rue de Provence, 67400, Illkirch-Graffenstaden, 06.63.03.92.86, v.papon@free.fr","latitude":"47.7231634426","longitude":"7.35898695076","valide":"Non","ppo":"Non","type_carte":"Reprise","base":"1984-D68-020 Mulhouse Sud - Est \"Tannenwald - Zuhrenwald - Bois de Brunstatt\"","fond":"IGN","ref_ign":"3720 ET","obsolete":false}},{"type":"Feature","geometry":{"type":"Polygon","coordinates":[[[7.2141,47.9687],[7.217,47.9684],[7.224,47.9682],[7.2265,47.9675],[7.228,47.9667],[7.2292,47.9647],[7.2297,47.9633],[7.2296,47.9624],[7.2311,47.9604],[7.2304,47.9589],[7.2321,47.959],[7.2326,47.9573],[7.2341,47.9469],[7.2272,47.9393],[7.2259,47.9388],[7.2277,47.9368],[7.2273,47.9321],[7.2267,47.932],[7.2262,47.9316],[7.2266,47.9308],[7.2276,47.9301],[7.231,47.9281],[7.2276,47.9259],[7.2258,47.9262],[7.2241,47.9268],[7.2227,47.9268],[7.2206,47.9271],[7.2188,47.9274],[7.217,47.9274],[7.2161,47.9277],[7.2163,47.927],[7.2153,47.9273],[7.2136,47.928],[7.2125,47.9282],[7.2105,47.9275],[7.2091,47.9268],[7.207,47.9262],[7.205,47.926],[7.2032,47.9269],[7.2006,47.9279],[7.2006,47.9291],[7.2012,47.9308],[7.1996,47.9314],[7.1967,47.9321],[7.1961,47.9318],[7.194,47.9343],[7.1925,47.9347],[7.1899,47.9354],[7.1898,47.936],[7.1904,47.9374],[7.1902,47.9377],[7.1892,47.9374],[7.1884,47.9381],[7.1889,47.9388],[7.1872,47.9389],[7.188,47.9408],[7.1876,47.9427],[7.1881,47.9441],[7.1874,47.9447],[7.1874,47.9498],[7.1891,47.9502],[7.1926,47.9538],[7.1964,47.956],[7.1972,47.9563],[7.1981,47.9576],[7.1998,47.9575],[7.2025,47.9575],[7.2051,47.9571],[7.2071,47.9568],[7.2105,47.9552],[7.2125,47.9562],[7.2169,47.9568],[7.2187,47.9579],[7.2172,47.9588],[7.2153,47.9596],[7.213,47.9612],[7.2128,47.9627],[7.2116,47.9645],[7.2107,47.9663],[7.2119,47.9676],[7.2141,47.9687]]]},"properties":{"id_ffco":"1987-D68-041","nom":"Schimberg - Pfingstberg - 1987","_dept":"68","numero":"1987-D68-041","commune":"Orschwihr","echelle":"1/15000","surface":"11.06 km²","format":"A3","annee":"1987","proprietaire":"6803 - CLUB D'ORIENTATION DE MULHOUSE","niveau":"Interrégional","specialite":"CO à pied","contacts":"PIERSON Jean-Luc, 8 rue des Vosges, 68740, Fessenheim, pierson.jl@wanadoo.fr","latitude":"47.9456364251","longitude":"7.21238564637","date_saisie":"23/02/2017","valide":"Non","ppo":"Non","type_carte":"Reprise","base":"1986-D68-031 Schimberg - Pfingstberg","fond":"IGN","ref_ign":"3719 OT","obsolete":false}},{"type":"Feature","geometry":null,"properties":{"id_ffco":"1979-D68-039","nom":"BOIS DE L'ALTENBERG","_dept":"68","numero":"1979-D68-039","commune":"MULHOUSE","echelle":"1/15000","surface":"6.0 km²","annee":"1979","proprietaire":"6803 - CLUB D'ORIENTATION DE MULHOUSE","niveau":"Interrégional","specialite":"CO à pied","latitude":"47.7494919","longitude":"7.3397806","valide":"Non","ppo":"Non","obsolete":false}},{"type":"Feature","geometry":null,"properties":{"id_ffco":"2000-D68-039","nom":"HARDT SUD","_dept":"68","numero":"2000-D68-039","commune":"MULHOUSE","echelle":"1/15000","surface":"18.0 km²","annee":"2000","proprietaire":"6803 - CLUB D'ORIENTATION DE MULHOUSE","specialite":"CO à pied","latitude":"47.7494919","longitude":"7.3397806","valide":"Non","ppo":"Non","obsolete":false}},{"type":"Feature","geometry":{"type":"Polygon","coordinates":[[[7.1967,48.1352],[7.1998,48.1354],[7.2011,48.1348],[7.2007,48.1338],[7.1999,48.1334],[7.1989,48.1323],[7.2001,48.1302],[7.2005,48.1285],[7.2009,48.1277],[7.2004,48.1266],[7.2018,48.125],[7.2043,48.1233],[7.2057,48.1216],[7.208,48.12],[7.2102,48.1187],[7.2113,48.1157],[7.212,48.1119],[7.2144,48.1125],[7.2172,48.1132],[7.2179,48.113],[7.2194,48.1114],[7.2195,48.1099],[7.2196,48.1087],[7.2202,48.1088],[7.22,48.1098],[7.2208,48.1107],[7.2203,48.113],[7.2219,48.1134],[7.2233,48.1136],[7.2227,48.1143],[7.2227,48.1148],[7.2257,48.1147],[7.2278,48.1151],[7.2288,48.1156],[7.2293,48.114],[7.2291,48.1126],[7.2291,48.1117],[7.2285,48.1106],[7.2288,48.1089],[7.2281,48.1075],[7.2315,48.1053],[7.2331,48.1049],[7.2342,48.1032],[7.2353,48.1019],[7.2355,48.0981],[7.2345,48.0982],[7.235,48.0987],[7.2336,48.0991],[7.235,48.0994],[7.2337,48.0995],[7.2322,48.0999],[7.2305,48.0994],[7.2293,48.0975],[7.2286,48.0975],[7.226,48.098],[7.223,48.0985],[7.2201,48.0982],[7.218,48.0977],[7.2162,48.0969],[7.2158,48.0962],[7.2151,48.0956],[7.2156,48.0951],[7.2143,48.0946],[7.2133,48.0937],[7.212,48.0924],[7.2106,48.0912],[7.2077,48.0908],[7.2066,48.0912],[7.2059,48.0917],[7.2033,48.0924],[7.2021,48.0917],[7.1992,48.0915],[7.1967,48.0909],[7.1945,48.0901],[7.1929,48.091],[7.1894,48.0918],[7.1858,48.0903],[7.1821,48.092],[7.1801,48.0931],[7.1789,48.0974],[7.1781,48.1043],[7.1786,48.1072],[7.1794,48.1102],[7.1806,48.1141],[7.18,48.1173],[7.179,48.1193],[7.183,48.1265],[7.1836,48.1306],[7.1897,48.133],[7.1895,48.1334],[7.1967,48.1352]]]},"properties":{"id_ffco":"1986-D68-038","nom":"Labaroche - trois Epis","_dept":"68","numero":"1986-D68-038","commune":"Labaroche","echelle":"1/15000","surface":"12.47 km²","format":"A3","annee":"1986","cartographes":"Richard ULRICH","proprietaire":"6803 - CLUB D'ORIENTATION DE MULHOUSE","niveau":"Interrégional","specialite":"CO à pied","contacts":"PAPON Vincent, 6 rue de Provence, 67400, Illkirch-Graffenstaden, 06.63.03.92.86, v.papon@free.fr","latitude":"48.1090241387","longitude":"7.20041015395","valide":"Oui","ppo":"Non","type_carte":"Reprise","base":"1986-D68-037 Labaroche - Le Breu","fond":"IGN","ref_ign":"3718 OT","obsolete":false}},{"type":"Feature","geometry":{"type":"Polygon","coordinates":[[[7.1989,48.1324],[7.1995,48.1314],[7.2006,48.1287],[7.2007,48.1278],[7.2005,48.1265],[7.2019,48.125],[7.1997,48.125],[7.1981,48.1257],[7.197,48.1262],[7.1953,48.1265],[7.193,48.127],[7.1915,48.1278],[7.1896,48.1288],[7.1897,48.1291],[7.1906,48.1296],[7.1898,48.1302],[7.1896,48.1308],[7.1909,48.1312],[7.191,48.1318],[7.1901,48.134],[7.1918,48.1338],[7.1947,48.1343],[7.1961,48.1351],[7.1966,48.1359],[7.2002,48.1358],[7.2012,48.1346],[7.1996,48.1331],[7.1989,48.1324]]]},"properties":{"id_ffco":"1986-D68-037","nom":"Labaroche - Le Breu","_dept":"68","numero":"1986-D68-037","commune":"Labaroche","echelle":"1/6000","surface":"0.69 km²","format":"A5","annee":"1986","cartographes":"Richard ULRICH","proprietaire":"6803 - CLUB D'ORIENTATION DE MULHOUSE","niveau":"Initiation, Scolaire","specialite":"CO à pied","contacts":"PAPON Vincent, 6 rue de Provence, 67400, Illkirch-Graffenstaden, 06.63.03.92.86, v.papon@free.fr","latitude":"48.1305334537","longitude":"7.19592947659","valide":"Oui","ppo":"Non","type_carte":"Nouvelle carte","fond":"IGN","ref_ign":"3718 OT","obsolete":false}},{"type":"Feature","geometry":{"type":"Polygon","coordinates":[[[7.3076,47.7314],[7.3111,47.733],[7.3135,47.7335],[7.3165,47.734],[7.3171,47.7337],[7.3196,47.731],[7.3151,47.7286],[7.3118,47.7269],[7.3111,47.7253],[7.3104,47.7244],[7.3093,47.7234],[7.3063,47.7265],[7.3071,47.7273],[7.307,47.7281],[7.3065,47.7293],[7.3076,47.7314]]]},"properties":{"id_ffco":"1986-D68-033","nom":"Mulhouse : CSR-Université-Bois des Philosophes","_dept":"68","numero":"1986-D68-033","commune":"MULHOUSE","echelle":"1/8000","surface":"0.59 km²","format":"A5","annee":"1986","proprietaire":"6803 - CLUB D'ORIENTATION DE MULHOUSE","niveau":"Initiation, Scolaire","specialite":"CO à pied","contacts":"PAPON Vincent, 6 rue de Provence, 67400, Illkirch-Graffenstaden, 06.63.03.92.86, v.papon@free.fr","latitude":"47.7296158353","longitude":"7.31199858453","valide":"Oui","ppo":"Non","type_carte":"Reprise","base":"1981-D68-005 Mulhouse Sud-Ouest","fond":"IGN","ref_ign":"3720 ET","obsolete":false}},{"type":"Feature","geometry":null,"properties":{"id_ffco":"1979-D68-032","nom":"ROUGE GAZON","_dept":"68","numero":"1979-D68-032","commune":"LE BONHOMME","echelle":"1/15000","surface":"10.8 km²","annee":"1979","proprietaire":"AL - Alsace","niveau":"Interrégional","specialite":"CO à pied","latitude":"48.1723119","longitude":"7.1136078","valide":"Non","ppo":"Non","obsolete":false}},{"type":"Feature","geometry":{"type":"Polygon","coordinates":[[[7.1928,47.9538],[7.1961,47.9559],[7.1969,47.9561],[7.1979,47.9576],[7.1998,47.9574],[7.2022,47.9575],[7.2067,47.9569],[7.2094,47.9557],[7.2107,47.9552],[7.2128,47.9562],[7.2176,47.9569],[7.2189,47.9577],[7.2181,47.9585],[7.2154,47.9596],[7.2135,47.9608],[7.213,47.9614],[7.213,47.9624],[7.212,47.9638],[7.2109,47.9664],[7.2118,47.9675],[7.214,47.9687],[7.2175,47.9683],[7.2238,47.9683],[7.2277,47.967],[7.2297,47.9634],[7.2296,47.9625],[7.2307,47.9605],[7.231,47.9598],[7.2301,47.9587],[7.232,47.959],[7.2345,47.947],[7.2272,47.9396],[7.2256,47.9387],[7.2267,47.9379],[7.2279,47.9364],[7.2283,47.9357],[7.2284,47.9322],[7.227,47.9319],[7.2259,47.9316],[7.2267,47.9311],[7.232,47.9278],[7.2281,47.9257],[7.226,47.9262],[7.2239,47.9269],[7.2226,47.9267],[7.2192,47.9272],[7.2173,47.9273],[7.2161,47.9278],[7.2164,47.927],[7.215,47.9273],[7.2131,47.9281],[7.2119,47.9281],[7.2104,47.9274],[7.209,47.9267],[7.2069,47.9262],[7.205,47.9259],[7.2035,47.9269],[7.2009,47.9278],[7.2004,47.9289],[7.2014,47.9311],[7.2,47.9313],[7.1981,47.9316],[7.197,47.932],[7.1964,47.9317],[7.1941,47.9341],[7.1927,47.9348],[7.1897,47.9353],[7.1898,47.9365],[7.1904,47.9375],[7.1899,47.9377],[7.1888,47.9372],[7.188,47.9378],[7.1888,47.9385],[7.1871,47.9386],[7.1878,47.941],[7.1872,47.9412],[7.1875,47.9434],[7.1879,47.9443],[7.1869,47.9446],[7.1875,47.9498],[7.1892,47.9501],[7.1928,47.9538]]]},"properties":{"id_ffco":"1986-D68-031","nom":"Schimberg - Pfingstberg","_dept":"68","numero":"1986-D68-031","commune":"Orschwihr","echelle":"1/15000","surface":"11.14 km²","format":"A3","annee":"1986","cartographes":"Richard ULRICH","proprietaire":"6803 - CLUB D'ORIENTATION DE MULHOUSE","niveau":"Interrégional","specialite":"CO à pied","contacts":"PAPON Vincent, 6 rue de Provence, 67400, Illkirch-Graffenstaden, 06.63.03.92.86, v.papon@free.fr","latitude":"47.9454964897","longitude":"7.21243145785","valide":"Oui","ppo":"Non","type_carte":"Reprise","base":"1979-D68-004 Orschwihr - Schimberg","fond":"IGN","ref_ign":"3719 OT","obsolete":false}},{"type":"Feature","geometry":{"type":"Polygon","coordinates":[[[7.0873,48.0375],[7.0864,48.0381],[7.0853,48.0386],[7.0854,48.0391],[7.0864,48.0402],[7.0878,48.0396],[7.0895,48.0395],[7.0909,48.04],[7.0927,48.0406],[7.0942,48.0419],[7.0946,48.0429],[7.0962,48.0436],[7.0972,48.0448],[7.0982,48.0453],[7.0996,48.0472],[7.1007,48.0475],[7.1027,48.0469],[7.1036,48.0464],[7.1055,48.047],[7.1091,48.0453],[7.1083,48.0436],[7.1059,48.042],[7.107,48.0416],[7.1094,48.0419],[7.1109,48.0414],[7.111,48.0408],[7.1129,48.0415],[7.1142,48.0423],[7.1159,48.0426],[7.1182,48.0432],[7.1197,48.0429],[7.1203,48.0408],[7.1214,48.0405],[7.121,48.04],[7.1193,48.0395],[7.1189,48.0388],[7.1173,48.0386],[7.116,48.0383],[7.1133,48.0367],[7.1118,48.0355],[7.11,48.0353],[7.1084,48.0349],[7.1067,48.0349],[7.1065,48.0336],[7.1056,48.0332],[7.1031,48.0336],[7.1029,48.0323],[7.1021,48.032],[7.1014,48.0308],[7.1,48.0308],[7.1002,48.0314],[7.0985,48.0324],[7.0967,48.0329],[7.0952,48.0341],[7.0933,48.0352],[7.0929,48.0344],[7.0926,48.0335],[7.093,48.0326],[7.0925,48.032],[7.0914,48.0318],[7.09,48.0321],[7.0891,48.0332],[7.0881,48.034],[7.0882,48.035],[7.0881,48.036],[7.0873,48.0375]]]},"properties":{"id_ffco":"1985-D68-029","nom":"Moenchberg - Munster","_dept":"68","numero":"1985-D68-029","commune":"MUNSTER","echelle":"1/15000","surface":"2.41 km²","format":"A4","annee":"1985","cartographes":"Claude DESAINTJAN, Jean-Marie SCHREIBER","proprietaire":"6805","niveau":"Régional","specialite":"CO à pied","latitude":"48.0389958779","longitude":"7.10215082208","valide":"Oui","ppo":"Non","type_carte":"Nouvelle carte","fond":"IGN","ref_ign":"3719 OT","obsolete":false}},{"type":"Feature","geometry":null,"properties":{"id_ffco":"1995-D68-028","nom":"KUHWALD-BLANDERSMATT","_dept":"68","numero":"1995-D68-028","commune":"FERRETTE","echelle":"1/15000","surface":"9.8 km²","annee":"1995","cartographes":"JL Pierson","proprietaire":"6803 - CLUB D'ORIENTATION DE MULHOUSE","niveau":"National, International","specialite":"CO à pied","latitude":"47.4943206","longitude":"7.313848","valide":"Non","ppo":"Non","obsolete":false}},{"type":"Feature","geometry":null,"properties":{"id_ffco":"1985-D68-028","nom":"KUHWALD-BLANDERSMATT","_dept":"68","numero":"1985-D68-028","commune":"FERRETTE","echelle":"1/15000","surface":"9.8 km²","annee":"1985","cartographes":"R Ulrich","proprietaire":"6803 - CLUB D'ORIENTATION DE MULHOUSE","niveau":"Interrégional","specialite":"CO à pied","latitude":"47.4943206","longitude":"7.313848","valide":"Non","ppo":"Non","obsolete":false}},{"type":"Feature","geometry":{"type":"Polygon","coordinates":[[[7.0944,47.7481],[7.0921,47.7486],[7.0843,47.7503],[7.0849,47.7507],[7.0844,47.7508],[7.0849,47.7518],[7.0838,47.7519],[7.0831,47.7525],[7.079,47.7535],[7.0791,47.7546],[7.081,47.7545],[7.0826,47.7543],[7.0846,47.7544],[7.0849,47.7541],[7.0856,47.754],[7.0873,47.7541],[7.0886,47.7542],[7.0888,47.7546],[7.0894,47.7546],[7.0897,47.7551],[7.0909,47.7552],[7.091,47.7554],[7.0952,47.7556],[7.0965,47.7552],[7.098,47.7545],[7.0991,47.7541],[7.1007,47.7529],[7.1011,47.7505],[7.0992,47.748],[7.0956,47.7492],[7.0953,47.7487],[7.0944,47.7481]]]},"properties":{"id_ffco":"1985-D68-027","nom":"Guewenheim - Village","_dept":"68","numero":"1985-D68-027","commune":"GUEWENHEIM","echelle":"1/5000","surface":"0.85 km²","format":"A4","annee":"1985","cartographes":"Richard ULRICH","proprietaire":"6803 - CLUB D'ORIENTATION DE MULHOUSE","niveau":"Initiation, Scolaire","specialite":"CO à pied","contacts":"CO Mulhouse, http://comulhouse.fr/","latitude":"47.752010818","longitude":"7.09207929171","valide":"Oui","ppo":"Non","type_carte":"Nouvelle carte","fond":"Cadastre","obsolete":false}},{"type":"Feature","geometry":{"type":"Polygon","coordinates":[[[7.0845,47.7501],[7.0787,47.7513],[7.0743,47.7517],[7.073,47.751],[7.0687,47.751],[7.0655,47.7493],[7.0655,47.7482],[7.0658,47.7442],[7.067,47.7445],[7.0704,47.7444],[7.0717,47.7439],[7.0764,47.7435],[7.0775,47.7443],[7.0793,47.7441],[7.0791,47.743],[7.0828,47.7419],[7.087,47.746],[7.0881,47.7461],[7.0898,47.7474],[7.0919,47.7478],[7.0922,47.7485],[7.0924,47.749],[7.0934,47.7502],[7.0927,47.751],[7.0922,47.7518],[7.0917,47.7529],[7.0886,47.7533],[7.0869,47.7529],[7.0845,47.7501]]]},"properties":{"id_ffco":"1985-D68-026","nom":"Guewenheim - oberwald","_dept":"68","numero":"1985-D68-026","commune":"Guewenheim","echelle":"1/10000","surface":"1.56 km²","format":"A5","annee":"1985","cartographes":"Richard ULRICH","proprietaire":"6803 - CLUB D'ORIENTATION DE MULHOUSE","niveau":"Initiation, Scolaire","specialite":"CO à pied","contacts":"PAPON Vincent, 6 rue de Provence, 67400, Illkirch-Graffenstaden, 06.63.03.92.86, v.papon@free.fr","latitude":"47.747826112","longitude":"7.07899094029","valide":"Oui","ppo":"Non","type_carte":"Nouvelle carte","fond":"IGN","ref_ign":"3620 ET","obsolete":false}},{"type":"Feature","geometry":{"type":"Polygon","coordinates":[[[7.3608,47.7386],[7.3625,47.7379],[7.3644,47.7372],[7.3643,47.7353],[7.3639,47.7297],[7.3634,47.7277],[7.3605,47.7258],[7.3597,47.7268],[7.3586,47.7266],[7.3583,47.7272],[7.3574,47.7275],[7.3555,47.7258],[7.3536,47.7245],[7.3493,47.7264],[7.3477,47.728],[7.3476,47.7299],[7.348,47.7315],[7.3492,47.7315],[7.3523,47.733],[7.3533,47.7345],[7.3542,47.7357],[7.3535,47.7362],[7.3561,47.7368],[7.3568,47.7364],[7.3583,47.7372],[7.3608,47.7386]]]},"properties":{"id_ffco":"1985-D68-025","nom":"Tannenwald","_dept":"68","numero":"1985-D68-025","commune":"Mulhouse","echelle":"1/10000","surface":"1.26 km²","format":"A5","annee":"1985","cartographes":"Richard ULRICH","proprietaire":"6803 - CLUB D'ORIENTATION DE MULHOUSE","niveau":"Régional","specialite":"CO à pied","contacts":"Vincent Papon, 16 rue de la Brasserie, 68460, Lutterbach, 06.63.03.92.86, v.papon@free.fr, http://comulhouse.fr/","latitude":"47.7312634002","longitude":"7.35690879035","valide":"Oui","ppo":"Non","type_carte":"Reprise","base":"1984-D68-020 Mulhouse Sud - Est \"Tannenwald - Zuhrenwald - Bois de Brunstatt\"","fond":"IGN","ref_ign":"3720 ET","obsolete":false}},{"type":"Feature","geometry":{"type":"Polygon","coordinates":[[[7.2761,48.0271],[7.2756,48.0271],[7.2745,48.0268],[7.2709,48.027],[7.2704,48.0266],[7.2677,48.0268],[7.2648,48.0266],[7.262,48.027],[7.2606,48.0274],[7.2592,48.0278],[7.2598,48.0267],[7.259,48.0258],[7.2602,48.0254],[7.2602,48.0247],[7.2613,48.0245],[7.263,48.0248],[7.2651,48.0251],[7.2653,48.0228],[7.267,48.0227],[7.2684,48.0229],[7.2705,48.0223],[7.2708,48.0229],[7.2713,48.0235],[7.2717,48.0241],[7.2732,48.0241],[7.2748,48.024],[7.2752,48.0239],[7.2754,48.0266],[7.2761,48.0271]]]},"properties":{"id_ffco":"1985-D68-024","nom":"Marbach","_dept":"68","numero":"1985-D68-024","commune":"Voegtlinshoffen","echelle":"1/10000","surface":"0.4 km²","format":"A5","annee":"1985","cartographes":"Richard ULRICH","proprietaire":"6803 - CLUB D'ORIENTATION DE MULHOUSE","niveau":"Initiation, Scolaire","specialite":"CO à pied","contacts":"PAPON Vincent, 6 rue de Provence, 67400, Illkirch-Graffenstaden, 06.63.03.92.86, v.papon@free.fr","latitude":"48.02522344","longitude":"7.26786688661","valide":"Oui","ppo":"Non","type_carte":"Nouvelle carte","fond":"IGN","ref_ign":"3719 OT","obsolete":false}},{"type":"Feature","geometry":{"type":"Polygon","coordinates":[[[7.4008,48.0511],[7.4002,48.05],[7.3995,48.047],[7.3988,48.0472],[7.398,48.0476],[7.3957,48.0481],[7.395,48.0482],[7.3936,48.0482],[7.3926,48.0485],[7.3916,48.0477],[7.3907,48.0463],[7.3892,48.0454],[7.3871,48.0447],[7.3867,48.0427],[7.3857,48.0403],[7.3886,48.033],[7.3883,48.0321],[7.387,48.0321],[7.3763,48.0299],[7.3723,48.0395],[7.3713,48.043],[7.3678,48.0509],[7.3701,48.0522],[7.3709,48.0532],[7.3726,48.0546],[7.3747,48.0559],[7.3752,48.0569],[7.3776,48.0577],[7.3794,48.0579],[7.3809,48.0592],[7.3858,48.0644],[7.3886,48.0636],[7.3883,48.0634],[7.39,48.0629],[7.3911,48.0628],[7.3918,48.0631],[7.3933,48.0654],[7.3947,48.0654],[7.4008,48.0511]]]},"properties":{"id_ffco":"1984-D68-023","nom":"Le Neuland","_dept":"68","numero":"1984-D68-023","commune":"COLMAR","echelle":"1/15000","surface":"5.17 km²","format":"A4","annee":"1984","cartographes":"Claude Desaintjan","proprietaire":"68 - Haut-Rhin","niveau":"Interrégional","specialite":"CO à pied","contacts":"Comité Départemental de Course d'Orientation du Haut-Rhin","latitude":"48.0485796504","longitude":"7.38369816361","valide":"Oui","ppo":"Non","type_carte":"Nouvelle carte","fond":"IGN","ref_ign":"3718 OT","obsolete":false}},{"type":"Feature","geometry":{"type":"Polygon","coordinates":[[[7.2543,47.9043],[7.2549,47.9024],[7.256,47.9026],[7.2579,47.9028],[7.2577,47.9033],[7.257,47.9034],[7.2565,47.9039],[7.2562,47.9045],[7.2543,47.9043]]]},"properties":{"id_ffco":"1984-D68-022","nom":"College Champagnat Issenheim","_dept":"68","numero":"1984-D68-022","commune":"Issenheim","echelle":"1/1500","surface":"0.04 km²","format":"A5","annee":"1984","cartographes":"Jean-François BRUCHON","proprietaire":"68 - Haut-Rhin","niveau":"Initiation, Scolaire","specialite":"CO à pied","contacts":"Comité Départemental de Course d'Orientation du Haut-Rhin","latitude":"47.9034123032","longitude":"7.25586938872","valide":"Non","ppo":"Non","type_carte":"Nouvelle carte","fond":"Cadastre","obsolete":false}},{"type":"Feature","geometry":{"type":"Polygon","coordinates":[[[7.3135,47.7173],[7.3504,47.7199],[7.3574,47.6894],[7.3496,47.681],[7.2998,47.6789],[7.2974,47.6949],[7.3014,47.6964],[7.3044,47.6985],[7.3075,47.7019],[7.3102,47.7053],[7.3117,47.7105],[7.3135,47.7173]]]},"properties":{"id_ffco":"1984-D68-021","nom":"Brunstatt","_dept":"68","numero":"1984-D68-021","commune":"Flaxlanden","echelle":"1/15000","surface":"15.77 km²","format":"+","annee":"1984","cartographes":"Jean-François BRUCHON, Philippe SENJEAN, Bernard TOURNEGROS, Richard ULRICH","proprietaire":"6803 - CLUB D'ORIENTATION DE MULHOUSE","niveau":"Interrégional","specialite":"CO à pied","contacts":"PAPON Vincent, 6 rue de Provence, 67400, Illkirch-Graffenstaden, 06.63.03.92.86, v.papon@free.fr","latitude":"47.6978141244","longitude":"7.32898478704","valide":"Oui","ppo":"Non","type_carte":"Reprise","base":"2000-D68-011 Bois de l'Altenberg","fond":"IGN","ref_ign":"3720 ET","obsolete":false}},{"type":"Feature","geometry":{"type":"Polygon","coordinates":[[[7.3636,47.7377],[7.3649,47.7372],[7.3678,47.736],[7.3716,47.7337],[7.3748,47.7318],[7.3776,47.7301],[7.3754,47.7276],[7.377,47.723],[7.3741,47.7215],[7.3732,47.7199],[7.3716,47.7182],[7.3697,47.7165],[7.3679,47.7145],[7.3645,47.7126],[7.364,47.7111],[7.362,47.7105],[7.3589,47.712],[7.3581,47.712],[7.3556,47.7118],[7.3539,47.7109],[7.3519,47.71],[7.3512,47.7088],[7.3477,47.7079],[7.3458,47.7088],[7.3432,47.709],[7.341,47.7101],[7.3406,47.711],[7.3405,47.7133],[7.3466,47.7176],[7.3471,47.7216],[7.3486,47.7261],[7.3478,47.7284],[7.3473,47.7314],[7.3533,47.736],[7.3565,47.7369],[7.3603,47.7383],[7.3636,47.7377]]]},"properties":{"id_ffco":"1984-D68-020","nom":"Mulhouse Sud - Est \"Tannenwald - Zuhrenwald - Bois de Brunstatt\"","_dept":"68","numero":"1984-D68-020","commune":"Mulhouse","echelle":"1/15000","surface":"5.69 km²","format":"A4","annee":"1984","cartographes":"Richard ULRICH","proprietaire":"6803 - CLUB D'ORIENTATION DE MULHOUSE","niveau":"Interrégional","specialite":"CO à pied","contacts":"PAPON Vincent, 6 rue de Provence, 67400, Illkirch-Graffenstaden, 06.63.03.92.86, v.papon@free.fr","latitude":"47.723287286","longitude":"7.35929460775","valide":"Oui","ppo":"Non","type_carte":"Reprise","base":"1982-D68-013 Tannenwald : Zuhrenwald","fond":"IGN","ref_ign":"3720 ET","obsolete":false}},{"type":"Feature","geometry":{"type":"Polygon","coordinates":[[[7.2632,47.975],[7.2649,47.976],[7.267,47.9771],[7.2688,47.9779],[7.2708,47.9789],[7.2725,47.9782],[7.2735,47.9783],[7.2748,47.9786],[7.2761,47.9787],[7.2754,47.9805],[7.2761,47.9813],[7.2772,47.9823],[7.2775,47.9831],[7.2774,47.9836],[7.277,47.9844],[7.2772,47.9859],[7.2775,47.9895],[7.2785,47.9891],[7.2782,47.99],[7.2785,47.9902],[7.2779,47.9928],[7.2745,47.9956],[7.2751,47.9966],[7.2757,47.9968],[7.2756,47.9977],[7.2744,47.9977],[7.2749,48.0008],[7.2762,48.0009],[7.276,48.0018],[7.2763,48.0025],[7.2763,48.0043],[7.2764,48.0053],[7.2769,48.0061],[7.2756,48.0067],[7.2763,48.0084],[7.2759,48.0086],[7.2752,48.008],[7.2745,48.0072],[7.2735,48.006],[7.2721,48.0058],[7.2686,48.0053],[7.2681,48.0046],[7.2657,48.0041],[7.2651,48.0036],[7.266,48.0031],[7.2657,48.0026],[7.262,48.0032],[7.2597,48.0037],[7.2558,48.0041],[7.2529,48.0058],[7.2481,48.0034],[7.2472,48.0023],[7.2466,48.0014],[7.2472,48.0001],[7.2469,47.9989],[7.2475,47.9976],[7.249,47.9969],[7.2467,47.9964],[7.2453,47.9952],[7.2429,47.9934],[7.2436,47.9922],[7.245,47.9906],[7.2456,47.9887],[7.2455,47.9871],[7.2449,47.9861],[7.2447,47.9852],[7.2455,47.9851],[7.2441,47.984],[7.2464,47.9824],[7.2525,47.9784],[7.2589,47.9743],[7.2632,47.975]]]},"properties":{"id_ffco":"1984-D68-019","nom":"Schauenberg","_dept":"68","numero":"1984-D68-019","commune":"PFAFFENHEIM","echelle":"1/15000","surface":"6.89 km²","format":"A4","annee":"1984","proprietaire":"6803 - CLUB D'ORIENTATION DE MULHOUSE","niveau":"National, International","specialite":"CO à pied","contacts":"CO Mulhouse, http://comulhouse.fr/","latitude":"47.9908101013","longitude":"7.26150585538","valide":"Non","ppo":"Non","type_carte":"Nouvelle carte","fond":"IGN","ref_ign":"3719 OT","obsolete":false}},{"type":"Feature","geometry":{"type":"Polygon","coordinates":[[[7.4041,47.9047],[7.411,47.9045],[7.4102,47.9033],[7.408,47.8987],[7.4064,47.8969],[7.4046,47.8924],[7.4044,47.8907],[7.4052,47.8877],[7.4056,47.8851],[7.4067,47.8854],[7.4232,47.8851],[7.4313,47.885],[7.4382,47.8872],[7.4337,47.8873],[7.4343,47.8944],[7.4374,47.9029],[7.4374,47.9036],[7.4363,47.9035],[7.4357,47.9065],[7.4349,47.9066],[7.4343,47.9087],[7.4346,47.909],[7.4339,47.911],[7.418,47.9194],[7.4184,47.92],[7.4165,47.9231],[7.4153,47.9228],[7.4144,47.9228],[7.4122,47.9195],[7.4084,47.9133],[7.4041,47.9047]]]},"properties":{"id_ffco":"1983-D68-018","nom":"Rothleible","_dept":"68","numero":"1983-D68-018","commune":"HIRTZFELDEN","echelle":"1/15000","surface":"7.42 km²","format":"A4","annee":"1983","cartographes":"Claude Desaintjan","proprietaire":"6805","niveau":"Régional","specialite":"CO à pied","contacts":"PIERSON Jean-Luc, 8 rue des Vosges, 68740, Fessenheim, pierson.jl@wanadoo.fr","latitude":"47.9009040999","longitude":"7.42029210777","valide":"Oui","ppo":"Non","type_carte":"Nouvelle carte","fond":"IGN","ref_ign":"3719 OT","obsolete":false}},{"type":"Feature","geometry":{"type":"Polygon","coordinates":[[[7.0462,47.858],[7.048,47.8574],[7.0486,47.8557],[7.0519,47.8535],[7.0546,47.8514],[7.0562,47.8497],[7.0585,47.8491],[7.0591,47.8478],[7.0597,47.847],[7.0588,47.8457],[7.0567,47.8455],[7.0549,47.8458],[7.055,47.8466],[7.054,47.8467],[7.0528,47.8466],[7.051,47.8469],[7.0509,47.8476],[7.0494,47.8475],[7.0479,47.8471],[7.0467,47.8476],[7.0449,47.8484],[7.0431,47.848],[7.0424,47.8481],[7.0414,47.8484],[7.0398,47.8484],[7.0389,47.8473],[7.0381,47.8457],[7.0376,47.8453],[7.0371,47.8465],[7.0367,47.8482],[7.037,47.8504],[7.0375,47.853],[7.0364,47.8533],[7.0395,47.854],[7.0414,47.8551],[7.0426,47.8561],[7.0462,47.858]]]},"properties":{"id_ffco":"1983-D68-017","nom":"Moosch","_dept":"68","numero":"1983-D68-017","commune":"MOOSCH","echelle":"1/10000","surface":"1.27 km²","format":"A5","annee":"1983","proprietaire":"6803 - CLUB D'ORIENTATION DE MULHOUSE","niveau":"Initiation, Scolaire","specialite":"CO à pied","contacts":"PAPON Vincent, 6 rue de Provence, 67400, Illkirch-Graffenstaden, 06.63.03.92.86, v.papon@free.fr","latitude":"47.8509756206","longitude":"7.04699811116","valide":"Non","ppo":"Non","type_carte":"Nouvelle carte","fond":"IGN","ref_ign":"3620 ET","obsolete":false}},{"type":"Feature","geometry":{"type":"Polygon","coordinates":[[[7.0402,47.9364],[7.0394,47.9354],[7.039,47.9339],[7.0407,47.9341],[7.0447,47.9342],[7.046,47.934],[7.0455,47.9363],[7.0469,47.9368],[7.0478,47.9377],[7.0496,47.938],[7.052,47.9381],[7.0546,47.9378],[7.0542,47.9486],[7.0484,47.9484],[7.0449,47.949],[7.0422,47.95],[7.0421,47.9554],[7.0445,47.9686],[7.0436,47.9696],[7.0421,47.9695],[7.0395,47.9682],[7.0373,47.9682],[7.0365,47.9681],[7.0322,47.9684],[7.0276,47.9686],[7.0275,47.9678],[7.0283,47.9669],[7.03,47.9666],[7.0295,47.9645],[7.0301,47.9631],[7.0308,47.9621],[7.0316,47.9618],[7.0319,47.9594],[7.0298,47.9596],[7.0282,47.9598],[7.0264,47.9592],[7.0261,47.9592],[7.0252,47.9587],[7.0254,47.9575],[7.0238,47.9589],[7.024,47.9579],[7.0214,47.9576],[7.0162,47.9534],[7.0183,47.9527],[7.0195,47.9517],[7.0201,47.9492],[7.021,47.9466],[7.02,47.9452],[7.019,47.9445],[7.0203,47.9427],[7.0178,47.9417],[7.0154,47.9418],[7.0151,47.9407],[7.0156,47.9405],[7.0156,47.9396],[7.0158,47.9389],[7.0147,47.9378],[7.0141,47.9368],[7.0131,47.9358],[7.0139,47.9333],[7.011,47.9331],[7.0105,47.9327],[7.0117,47.9312],[7.0109,47.9306],[7.0094,47.9298],[7.0089,47.9286],[7.0069,47.9279],[7.0064,47.9223],[7.0101,47.9222],[7.011,47.9226],[7.0124,47.9222],[7.0134,47.924],[7.0146,47.9248],[7.0167,47.9248],[7.0193,47.9247],[7.0208,47.9248],[7.0234,47.9235],[7.0277,47.9236],[7.0317,47.9227],[7.0324,47.9231],[7.034,47.9226],[7.0334,47.9218],[7.0362,47.9222],[7.0385,47.9204],[7.0387,47.9193],[7.0462,47.9207],[7.0457,47.9213],[7.0458,47.9237],[7.0472,47.925],[7.0473,47.927],[7.0483,47.9288],[7.0484,47.9293],[7.046,47.9306],[7.0399,47.9306],[7.0374,47.9306],[7.0362,47.9303],[7.0365,47.9312],[7.0357,47.9318],[7.0339,47.932],[7.0354,47.9328],[7.0378,47.9343],[7.0391,47.9357],[7.0402,47.9364]]]},"properties":{"id_ffco":"1983-D68-016","nom":"Markstein - Breitfirst - Lauchenkopf","_dept":"68","numero":"1983-D68-016","commune":"Sengern","echelle":"1/20000","surface":"10.58 km²","format":"A4","annee":"1983","proprietaire":"6803 - CLUB D'ORIENTATION DE MULHOUSE","niveau":"Interrégional","specialite":"CO à ski","contacts":"CO Mulhouse, http://comulhouse.fr/","latitude":"47.941697078","longitude":"7.03206757189","valide":"Oui","ppo":"Non","type_carte":"Nouvelle carte","fond":"IGN","ref_ign":"3619 OT et 3719 OT","obsolete":false}},{"type":"Feature","geometry":{"type":"Polygon","coordinates":[[[7.2128,48.2193],[7.2159,48.2197],[7.2172,48.2196],[7.22,48.2184],[7.22,48.2177],[7.2193,48.2167],[7.2192,48.216],[7.2217,48.2143],[7.2224,48.2139],[7.2219,48.2137],[7.223,48.2138],[7.2263,48.214],[7.2285,48.2136],[7.2299,48.2131],[7.2291,48.2119],[7.2284,48.2104],[7.2285,48.2098],[7.229,48.2101],[7.2311,48.2053],[7.2266,48.2034],[7.2249,48.2033],[7.2241,48.2036],[7.222,48.2046],[7.2216,48.2051],[7.2211,48.2055],[7.2191,48.2069],[7.2178,48.2074],[7.2158,48.2083],[7.2153,48.2083],[7.2145,48.2083],[7.212,48.2081],[7.2101,48.2082],[7.2082,48.2102],[7.2076,48.2109],[7.2065,48.2111],[7.2063,48.2113],[7.2065,48.2116],[7.2061,48.2118],[7.2044,48.2146],[7.2047,48.2168],[7.2128,48.2193]]]},"properties":{"id_ffco":"1983-D68-015","nom":"Aubure (La Renardière)","_dept":"68","numero":"1983-D68-015","commune":"Aubure","echelle":"1/10000","surface":"2.01 km²","format":"A4","annee":"1983","proprietaire":"6803 - CLUB D'ORIENTATION DE MULHOUSE","niveau":"Départemental","specialite":"CO à pied","contacts":"MEYER Kirian, 12 rue des Primevères, 68570, Wintzfelden, 03.89.72.74.80, 06.24.98.93.15, president@cocolmar.fr","latitude":"48.2118045227","longitude":"7.2178225026","valide":"Oui","ppo":"Non","type_carte":"Nouvelle carte","fond":"IGN","ref_ign":"3718 OT","obsolete":false}},{"type":"Feature","geometry":{"type":"Polygon","coordinates":[[[7.3116,48.0985],[7.3129,48.0993],[7.3146,48.0997],[7.3167,48.1017],[7.3184,48.1028],[7.3191,48.1045],[7.3204,48.1058],[7.3204,48.1071],[7.3202,48.1079],[7.3229,48.108],[7.3267,48.1092],[7.3287,48.1113],[7.3362,48.1111],[7.336,48.11],[7.3375,48.1101],[7.3378,48.1085],[7.3373,48.1078],[7.3346,48.1038],[7.3339,48.1029],[7.3339,48.1016],[7.33,48.1021],[7.3281,48.1018],[7.3217,48.0985],[7.3184,48.0977],[7.3175,48.0965],[7.3138,48.0967],[7.3116,48.0985]]]},"properties":{"id_ffco":"1983-D68-014","nom":"Fechtwald","_dept":"68","numero":"1983-D68-014","commune":"COLMAR","echelle":"1/10000","surface":"1.47 km²","format":"A5","annee":"1983","cartographes":"Jean-Marie SCHREIBER","proprietaire":"6803 - CLUB D'ORIENTATION DE MULHOUSE","niveau":"Initiation, Scolaire","specialite":"CO à pied","contacts":"PAPON Vincent, 6 rue de Provence, 67400, Illkirch-Graffenstaden, 06.63.03.92.86, v.papon@free.fr","latitude":"48.1043999626","longitude":"7.32599795406","valide":"Oui","ppo":"Non","type_carte":"Nouvelle carte","fond":"IGN","ref_ign":"3718 OT","obsolete":false}},{"type":"Feature","geometry":{"type":"Polygon","coordinates":[[[7.3621,47.738],[7.3673,47.736],[7.3727,47.7329],[7.3774,47.7301],[7.3754,47.7275],[7.3766,47.7228],[7.372,47.7196],[7.3721,47.7182],[7.3695,47.7164],[7.3681,47.7147],[7.3644,47.7125],[7.3635,47.7112],[7.3615,47.7106],[7.3582,47.7119],[7.3557,47.7116],[7.3549,47.7137],[7.3539,47.7151],[7.3513,47.7166],[7.3487,47.7182],[7.3465,47.7206],[7.3467,47.722],[7.3496,47.7238],[7.3474,47.7313],[7.3516,47.7337],[7.3536,47.7361],[7.3581,47.7377],[7.3609,47.7386],[7.3582,47.7369],[7.3592,47.7363],[7.3621,47.738]]]},"properties":{"id_ffco":"1982-D68-013","nom":"Tannenwald : Zuhrenwald","_dept":"68","numero":"1982-D68-013","commune":"Mulhouse","echelle":"1/15000","surface":"4.72 km²","format":"A4","annee":"1982","cartographes":"Richard ULRICH","proprietaire":"6803 - CLUB D'ORIENTATION DE MULHOUSE","niveau":"Interrégional","specialite":"CO à pied","contacts":"PAPON Vincent, 6 rue de Provence, 67400, Illkirch-Graffenstaden, 06.63.03.92.86, v.papon@free.fr","latitude":"47.7249795625","longitude":"7.36140543919","valide":"Oui","ppo":"Non","type_carte":"Reprise","base":"1979-D68-001 Tannenwald - Zurenwald","fond":"IGN","ref_ign":"3720 ET","obsolete":false}},{"type":"Feature","geometry":{"type":"Polygon","coordinates":[[[7.2618,47.784],[7.2612,47.7781],[7.2609,47.7733],[7.2611,47.7714],[7.262,47.7688],[7.2645,47.7653],[7.2698,47.7614],[7.2782,47.7616],[7.282,47.7641],[7.2836,47.7649],[7.2885,47.7665],[7.2881,47.7674],[7.2889,47.7696],[7.2904,47.7758],[7.29,47.7765],[7.287,47.778],[7.285,47.7789],[7.2768,47.7808],[7.2708,47.7829],[7.2674,47.784],[7.2618,47.784]]]},"properties":{"id_ffco":"1979-D68-012","nom":"Lutterbach Nonnenbruch","_dept":"68","numero":"1979-D68-012","commune":"Lutterbach","echelle":"1/15000","surface":"4.1 km²","format":"A4","annee":"1979","cartographes":"Richard ULRICH","proprietaire":"6803 - CLUB D'ORIENTATION DE MULHOUSE","niveau":"Interrégional","specialite":"CO à pied","contacts":"PAPON Vincent, 6 rue de Provence, 67400, Illkirch-Graffenstaden, 06.63.03.92.86, v.papon@free.fr","latitude":"47.7725870989","longitude":"7.27427206114","valide":"Oui","ppo":"Non","type_carte":"Nouvelle carte","fond":"IGN","ref_ign":"3720 ET","obsolete":false}},{"type":"Feature","geometry":{"type":"Polygon","coordinates":[[[7.2967,47.6826],[7.315,47.6843],[7.3166,47.6819],[7.3254,47.6844],[7.3275,47.6833],[7.3289,47.6818],[7.3287,47.6805],[7.3279,47.6796],[7.3287,47.6782],[7.329,47.677],[7.3293,47.6765],[7.3283,47.6758],[7.3275,47.6746],[7.3287,47.6736],[7.3292,47.6718],[7.327,47.6716],[7.325,47.6707],[7.3237,47.668],[7.3237,47.6661],[7.3213,47.6636],[7.3214,47.6585],[7.31,47.6582],[7.3099,47.663],[7.3096,47.6638],[7.3046,47.6635],[7.3046,47.6653],[7.2957,47.6649],[7.2915,47.6677],[7.2894,47.6696],[7.2893,47.6748],[7.2895,47.6783],[7.2898,47.681],[7.2958,47.6821],[7.2959,47.6828],[7.2967,47.6826]]]},"properties":{"id_ffco":"2000-D68-011","nom":"Bois de l'Altenberg","_dept":"68","numero":"2000-D68-011","commune":"Zillisheim","echelle":"1/15000","surface":"6.23 km²","format":"A4","annee":"2000","cartographes":"Richard ULRICH","proprietaire":"6803 - CLUB D'ORIENTATION DE MULHOUSE","niveau":"Interrégional","specialite":"CO à pied","latitude":"47.6730645759","longitude":"7.30961945552","valide":"Oui","ppo":"Non","type_carte":"Nouvelle carte","fond":"IGN","ref_ign":"3621 ET","obsolete":false}},{"type":"Feature","geometry":{"type":"Polygon","coordinates":[[[7.3079,47.4991],[7.3115,47.4969],[7.3125,47.4966],[7.3134,47.4957],[7.3134,47.4963],[7.3146,47.4975],[7.3166,47.498],[7.3183,47.4976],[7.3214,47.4974],[7.3221,47.498],[7.322,47.4994],[7.3216,47.5002],[7.3224,47.5007],[7.3268,47.501],[7.33,47.5045],[7.3319,47.5054],[7.3331,47.5056],[7.3395,47.5046],[7.3414,47.5043],[7.3433,47.5048],[7.3451,47.5047],[7.3456,47.5053],[7.3463,47.5055],[7.3463,47.5051],[7.3474,47.5052],[7.3478,47.5042],[7.3471,47.5042],[7.3472,47.5034],[7.3505,47.5033],[7.3514,47.5043],[7.3523,47.5047],[7.3565,47.5054],[7.3612,47.5054],[7.3656,47.5054],[7.3796,47.4976],[7.381,47.497],[7.3815,47.4961],[7.3832,47.4955],[7.3866,47.4938],[7.3879,47.4931],[7.3895,47.4917],[7.3903,47.491],[7.3896,47.4905],[7.3894,47.4897],[7.3869,47.4887],[7.3852,47.4875],[7.379,47.4851],[7.3791,47.4839],[7.3784,47.4825],[7.3763,47.4814],[7.3744,47.4797],[7.3736,47.4793],[7.3736,47.478],[7.3717,47.478],[7.3683,47.4773],[7.3672,47.4768],[7.3663,47.4751],[7.3638,47.4763],[7.3628,47.477],[7.3582,47.4785],[7.3551,47.4796],[7.3498,47.4806],[7.3452,47.4815],[7.3409,47.4822],[7.3395,47.4825],[7.3385,47.4833],[7.3372,47.4832],[7.3363,47.4814],[7.3355,47.4815],[7.3356,47.4819],[7.3321,47.4824],[7.33,47.4822],[7.3288,47.4819],[7.3275,47.4814],[7.3251,47.4809],[7.3222,47.4809],[7.3209,47.4811],[7.3163,47.4801],[7.3125,47.4788],[7.3122,47.4787],[7.3116,47.4789],[7.3081,47.4808],[7.3065,47.4822],[7.3056,47.4842],[7.3054,47.4861],[7.305,47.4876],[7.305,47.4883],[7.3052,47.4916],[7.3046,47.4948],[7.306,47.497],[7.3056,47.4972],[7.306,47.4977],[7.3079,47.4991]]]},"properties":{"id_ffco":"1981-D68-010","nom":"Ferrette","_dept":"68","numero":"1981-D68-010","commune":"Ferrette","echelle":"1/15000","surface":"14.33 km²","format":"A3","annee":"1981","cartographes":"Spikkestad /Norvège","proprietaire":"6803 - CLUB D'ORIENTATION DE MULHOUSE","niveau":"National, International","specialite":"CO à pied","contacts":"PAPON Vincent, 6 rue de Provence, 67400, Illkirch-Graffenstaden, 06.63.03.92.86, v.papon@free.fr","latitude":"47.4913816645","longitude":"7.34631391893","valide":"Non","ppo":"Non","type_carte":"Reprise","base":"1979-D68-002 Ferrette","fond":"Ortho","obsolete":false}},{"type":"Feature","geometry":null,"properties":{"id_ffco":"1979-D68-009","nom":"FORET CINQ CHATEAUX","_dept":"68","numero":"1979-D68-009","commune":"COLMAR","echelle":"1/15000","surface":"8.1 km²","annee":"1979","proprietaire":"6803 - CLUB D'ORIENTATION DE MULHOUSE","niveau":"Interrégional","specialite":"CO à pied","latitude":"48.0806788","longitude":"7.3599721","valide":"Non","ppo":"Non","obsolete":false}},{"type":"Feature","geometry":null,"properties":{"id_ffco":"1979-D68-008","nom":"HAUTES CHAUMES (LES) - LAC BLANC","_dept":"68","numero":"1979-D68-008","commune":"COLMAR","echelle":"1/15000","surface":"10.8 km²","annee":"1979","proprietaire":"6803 - CLUB D'ORIENTATION DE MULHOUSE","niveau":"Interrégional","specialite":"CO à pied","latitude":"48.0806788","longitude":"7.3599721","valide":"Non","ppo":"Non","obsolete":false}},{"type":"Feature","geometry":{"type":"Polygon","coordinates":[[[7.0908,47.7575],[7.0905,47.7589],[7.0814,47.76],[7.082,47.7709],[7.0841,47.7724],[7.0851,47.7724],[7.0869,47.7714],[7.0902,47.7711],[7.0937,47.7703],[7.0964,47.7702],[7.0989,47.7761],[7.1005,47.7763],[7.1008,47.7766],[7.1033,47.7771],[7.1092,47.7797],[7.1102,47.7789],[7.1125,47.7797],[7.1159,47.7775],[7.1145,47.7761],[7.1149,47.7757],[7.1161,47.7757],[7.1196,47.7742],[7.1205,47.7742],[7.1218,47.7746],[7.1235,47.7736],[7.1218,47.7714],[7.1208,47.7714],[7.1188,47.7705],[7.1171,47.7694],[7.1166,47.7688],[7.1183,47.7682],[7.1183,47.7673],[7.1171,47.7668],[7.1154,47.7663],[7.1092,47.7657],[7.1078,47.7635],[7.1095,47.7622],[7.1078,47.762],[7.107,47.7616],[7.1047,47.7617],[7.1035,47.7612],[7.0974,47.7623],[7.0963,47.7569],[7.0908,47.7575]]]},"properties":{"id_ffco":"1986-D68-006","nom":"Guewenheim","_dept":"68","numero":"1986-D68-006","commune":"Aspach le Haut","echelle":"1/15000","surface":"4.13 km²","format":"A4","annee":"1986","cartographes":"D.Anselm, Michel Sertillange, Richard Ulrich","proprietaire":"6803 - CLUB D'ORIENTATION DE MULHOUSE","niveau":"National, International","specialite":"CO à pied","contacts":"Vincent Papon, 16 rue de la Brasserie, 68460, Lutterbach, 06.63.03.92.86, v.papon@free.fr, http://comulhouse.fr/","latitude":"47.7683432075","longitude":"7.10054725931","valide":"Oui","ppo":"Non","type_carte":"Nouvelle carte","fond":"IGN","ref_ign":"3620 ET","obsolete":false}},{"type":"Feature","geometry":{"type":"Polygon","coordinates":[[[7.3022,47.7103],[7.3011,47.7104],[7.3005,47.7101],[7.3006,47.7094],[7.3014,47.7093],[7.3013,47.707],[7.2749,47.7057],[7.2702,47.7059],[7.2702,47.7068],[7.269,47.7076],[7.265,47.7097],[7.2625,47.7316],[7.2944,47.7325],[7.317,47.7326],[7.317,47.7296],[7.312,47.727],[7.3111,47.7254],[7.3097,47.7239],[7.3077,47.7227],[7.307,47.7207],[7.306,47.7195],[7.3071,47.7177],[7.3067,47.7164],[7.3058,47.7158],[7.305,47.7148],[7.3032,47.7143],[7.302,47.7137],[7.301,47.7125],[7.301,47.7118],[7.3022,47.712],[7.3032,47.7115],[7.3026,47.7107],[7.3022,47.7103]]]},"properties":{"id_ffco":"1981-D68-005","nom":"Mulhouse Sud-Ouest","_dept":"68","numero":"1981-D68-005","commune":"Mulhouse","echelle":"1/10000","surface":"9.35 km²","format":"A3","annee":"1981","cartographes":"Christian OTTIE, Pierre HUTHER, Jean-François BRUCHON, SCHWARTZEN","proprietaire":"6803 - CLUB D'ORIENTATION DE MULHOUSE","niveau":"National, International","specialite":"CO à pied","contacts":"PAPON Vincent, 6 rue de Provence, 67400, Illkirch-Graffenstaden, 06.63.03.92.86, v.papon@free.fr","latitude":"47.7203946312","longitude":"7.28632194149","valide":"Oui","ppo":"Non","type_carte":"Nouvelle carte","fond":"IGN","ref_ign":"3720 ET","obsolete":false}},{"type":"Feature","geometry":{"type":"Polygon","coordinates":[[[7.1926,47.9537],[7.197,47.9562],[7.1975,47.9571],[7.1985,47.9576],[7.2004,47.9574],[7.2027,47.9576],[7.2055,47.9571],[7.2067,47.9569],[7.2085,47.9562],[7.2105,47.9552],[7.2121,47.9559],[7.2143,47.9564],[7.2163,47.9548],[7.2163,47.9526],[7.2176,47.952],[7.2186,47.9511],[7.22,47.9501],[7.2213,47.9485],[7.2223,47.9469],[7.2236,47.9463],[7.2251,47.9437],[7.2246,47.9423],[7.2241,47.9415],[7.2247,47.9404],[7.2258,47.9389],[7.2268,47.9379],[7.2277,47.9366],[7.2291,47.9262],[7.2279,47.9257],[7.2258,47.9264],[7.2236,47.927],[7.2214,47.9269],[7.2191,47.9275],[7.2164,47.9278],[7.216,47.9269],[7.215,47.9273],[7.2156,47.9261],[7.2165,47.9255],[7.2,47.9253],[7.2,47.9294],[7.1946,47.9293],[7.1943,47.9344],[7.1877,47.9355],[7.1869,47.9495],[7.1893,47.9504],[7.1926,47.9537]]]},"properties":{"id_ffco":"1979-D68-004","nom":"Orschwihr - Schimberg","_dept":"68","numero":"1979-D68-004","commune":"Orschwihr","echelle":"1/15000","surface":"8.36 km²","format":"A4","annee":"1979","cartographes":"Brogli, Huther, Sauzet, Schlegel","proprietaire":"6803 - CLUB D'ORIENTATION DE MULHOUSE","niveau":"National, International","specialite":"CO à pied","contacts":"PAPON Vincent, 6 rue de Provence, 67400, Illkirch-Graffenstaden, 06.63.03.92.86, v.papon@free.fr","latitude":"47.9407314876","longitude":"7.20741203737","valide":"Oui","ppo":"Non","type_carte":"Nouvelle carte","fond":"IGN","ref_ign":"3719 OT","obsolete":false}},{"type":"Feature","geometry":{"type":"Polygon","coordinates":[[[7.3296,47.4787],[7.3296,47.5049],[7.39,47.5049],[7.39,47.4787],[7.3296,47.4787]]]},"properties":{"id_ffco":"1979-D68-002","nom":"Ferrette","_dept":"68","numero":"1979-D68-002","commune":"Ferrette","echelle":"1/15000","surface":"13.27 km²","format":"+","annee":"1979","cartographes":"Rémy Thomann, Dominique Woirgard","proprietaire":"6803 - CLUB D'ORIENTATION DE MULHOUSE","niveau":"Interrégional","specialite":"CO à pied","latitude":"47.49180321","longitude":"7.35980987549","valide":"Oui","ppo":"Non","type_carte":"Nouvelle carte","fond":"Cadastre","obsolete":false}},{"type":"Feature","geometry":{"type":"Polygon","coordinates":[[[7.3591,47.704],[7.3684,47.7107],[7.3763,47.7167],[7.3838,47.7213],[7.3931,47.7252],[7.4086,47.7393],[7.412,47.7405],[7.411,47.7437],[7.4051,47.7486],[7.3993,47.7523],[7.3835,47.7536],[7.3773,47.7546],[7.3711,47.7543],[7.3639,47.7541],[7.3619,47.7502],[7.3619,47.7451],[7.3619,47.7393],[7.3529,47.7326],[7.3475,47.7289],[7.3471,47.7239],[7.3444,47.7204],[7.3478,47.7165],[7.3523,47.7132],[7.3581,47.7063],[7.3591,47.704]]]},"properties":{"id_ffco":"1979-D68-001","nom":"Tannenwald - Zurenwald","_dept":"68","numero":"1979-D68-001","commune":"MULHOUSE","echelle":"1/15000","surface":"15.09 km²","format":"A4","annee":"1979","cartographes":"J.C. Sylvestre","proprietaire":"6803 - CLUB D'ORIENTATION DE MULHOUSE","niveau":"Interrégional","specialite":"CO à pied","latitude":"47.7333163173","longitude":"7.37592494889","valide":"Oui","ppo":"Non","type_carte":"Nouvelle carte","fond":"Cadastre","obsolete":false}},{"type":"Feature","geometry":null,"properties":{"id_ffco":"1979-D68-000","nom":"FERRETTE","_dept":"68","numero":"1979-D68-000","commune":"FERRETTE","echelle":"1/20000","surface":"9.1 km²","annee":"1979","cartographes":"Rémy Thomann, Dominique Woirgard","proprietaire":"6803 - CLUB D'ORIENTATION DE MULHOUSE","niveau":"Interrégional","specialite":"CO à pied","latitude":"47.4943206","longitude":"7.313848","valide":"Non","ppo":"Non","obsolete":false}},{"type":"Feature","geometry":null,"properties":{"id_ffco":"1986-D68-00","nom":"MASEVEAUX SUD","_dept":"68","numero":"1986-D68-00","echelle":"1/10000","surface":"5.5 km²","annee":"1986","specialite":"CO à pied","latitude":"47.9315041","longitude":"7.2441099","valide":"Non","ppo":"Non","obsolete":false}},{"type":"Feature","geometry":null,"properties":{"id_ffco":"1986-D68-00","nom":"LYCEE LOUIS ARMAND","_dept":"68","numero":"1986-D68-00","commune":"MULHOUSE","echelle":"1/2000","surface":"0.1 km²","annee":"1986","proprietaire":"6803 - CLUB D'ORIENTATION DE MULHOUSE","specialite":"CO à pied","latitude":"47.7494919","longitude":"7.3397806","valide":"Non","ppo":"Non","obsolete":false}},{"type":"Feature","geometry":null,"properties":{"id_ffco":"????-D68-","nom":"Stosswihr","_dept":"68","numero":"????-D68-","commune":"Stosswihr","surface":"None km²","latitude":"48.0520384","longitude":"7.1058198","valide":"Non","ppo":"Oui","obsolete":false}}]}