{"type":"FeatureCollection","features":[{"type":"Feature","geometry":{"type":"Polygon","coordinates":[[[4.8307,45.6848],[4.8354,45.6852],[4.8339,45.6718],[4.8299,45.661],[4.8286,45.6569],[4.8212,45.6578],[4.8259,45.6641],[4.8299,45.674],[4.8307,45.6848]]]},"properties":{"id_ffco":"2003-D69-98","nom":"LES SELLETTES - LE VIEUX PORT","_dept":"69","numero":"2003-D69-98","commune":"IRIGNY","echelle":"1/5000","surface":"1.22 km²","annee":"2003","cartographes":"PLOCKYN Daniel","proprietaire":"SYNDICAT MIXTE RHONE ILES LONES","specialite":"CO à pied","contacts":"SYNDICAT MIXTE RHONE ILES LONES, 04 37 20 19 20","latitude":"45.67105","longitude":"4.82828","date_saisie":"19/07/2013","valide":"Non","ppo":"Non","obsolete":false}},{"type":"Feature","geometry":{"type":"Polygon","coordinates":[[[4.8154,45.6484],[4.8159,45.6492],[4.8177,45.6511],[4.819,45.6543],[4.8206,45.6578],[4.8293,45.6576],[4.8291,45.6531],[4.8282,45.6513],[4.8273,45.6498],[4.8239,45.648],[4.819,45.646],[4.8156,45.646],[4.8153,45.6461],[4.8154,45.6484],[4.8154,45.6484]]]},"properties":{"id_ffco":"2003-D69-97","nom":"CISELAND - JARICOT","_dept":"69","numero":"2003-D69-97","commune":"VERNAISON","echelle":"1/5000","surface":"0.95 km²","annee":"2003","cartographes":"PLOCKYN Daniel","proprietaire":"SYNDICAT MIXTE RHONE ILES LONES","specialite":"CO à pied","contacts":"SYNDICAT MIXTE RHONE ILES LONES, 04 37 20 19 20","latitude":"45.65189","longitude":"4.8223","date_saisie":"19/07/2013","valide":"Non","ppo":"Non","obsolete":false}},{"type":"Feature","geometry":{"type":"Polygon","coordinates":[[[4.8177,45.6456],[4.8192,45.6444],[4.8202,45.6443],[4.8226,45.6447],[4.8229,45.6447],[4.8246,45.6438],[4.8177,45.6353],[4.8128,45.6259],[4.8081,45.6255],[4.8074,45.629],[4.8084,45.6359],[4.8057,45.6359],[4.8066,45.6375],[4.8064,45.6375],[4.8062,45.6376],[4.8077,45.64],[4.8082,45.6411],[4.8104,45.6449],[4.813,45.6474],[4.8133,45.648],[4.8154,45.6472],[4.8167,45.6466],[4.8177,45.6456],[4.8177,45.6456]]]},"properties":{"id_ffco":"2003-D69-96","nom":"TABLE RONDE LA FERME DU LOUP","_dept":"69","numero":"2003-D69-96","commune":"VERNAISON","echelle":"1/7500","surface":"1.84 km²","annee":"2003","cartographes":"PLOCKYN Daniel","proprietaire":"SYNDICAT MIXTE RHONE ILES LONES","specialite":"CO à pied","contacts":"SYNDICAT MIXTE RHONE ILES LONES, 04 37 20 19 20","latitude":"45.63622","longitude":"4.81515","date_saisie":"19/07/2013","valide":"Non","ppo":"Non","obsolete":false}},{"type":"Feature","geometry":{"type":"Polygon","coordinates":[[[4.8159,45.6453],[4.8111,45.6412],[4.8078,45.6337],[4.8167,45.6335],[4.8247,45.6439],[4.821,45.6453],[4.8167,45.6456],[4.8159,45.6453]]]},"properties":{"id_ffco":"2003-D69-95","nom":"TABLE RONDE","_dept":"69","numero":"2003-D69-95","commune":"VERNAISON","echelle":"1/5000","surface":"1.03 km²","annee":"2003","cartographes":"PLOCKYN Daniel","proprietaire":"SYNDICAT MIXTE RHONE ILES LONES","specialite":"CO à pied","contacts":"SYNDICAT MIXTE RHONE ILES LONES, 04 37 20 19 20","latitude":"45.63955","longitude":"4.81626","date_saisie":"19/07/2013","valide":"Non","ppo":"Non","obsolete":false}},{"type":"Feature","geometry":{"type":"Polygon","coordinates":[[[4.804,45.6309],[4.8068,45.6309],[4.8072,45.6309],[4.8076,45.6267],[4.8078,45.6253],[4.8079,45.6235],[4.8076,45.6221],[4.8064,45.6197],[4.8044,45.6179],[4.8036,45.6171],[4.8013,45.6172],[4.8014,45.6183],[4.8017,45.6195],[4.8031,45.6231],[4.8041,45.6272],[4.8044,45.6296],[4.8043,45.6302],[4.804,45.6309],[4.804,45.6309]]]},"properties":{"id_ffco":"2003-D69-94","nom":"GRIGNY-MILLERY","_dept":"69","numero":"2003-D69-94","commune":"MILLERY","echelle":"1/5000","surface":"0.46 km²","annee":"2003","cartographes":"PLOCKYN Daniel","proprietaire":"SYNDICAT MIXTE RHONE ILES LONES","specialite":"CO à pied","contacts":"SYNDICAT MIXTE RHONE ILES LONES, 04 37 20 19 20","latitude":"45.62401","longitude":"4.80459","date_saisie":"19/07/2013","valide":"Non","ppo":"Non","obsolete":false}},{"type":"Feature","geometry":{"type":"Polygon","coordinates":[[[4.7981,45.6116],[4.8008,45.6114],[4.8042,45.6177],[4.8069,45.6215],[4.8076,45.6248],[4.8032,45.6249],[4.8016,45.62],[4.8001,45.6142],[4.7982,45.6116],[4.7981,45.6116]]]},"properties":{"id_ffco":"2003-D69-93","nom":"GRIGNY BASE DECOUVERTE","_dept":"69","numero":"2003-D69-93","commune":"GRIGNY","echelle":"1/5000","surface":"0.41 km²","annee":"2003","cartographes":"PLOCKYN Daniel","proprietaire":"SYNDICAT MIXTE RHONE ILES LONES","specialite":"CO à pied","contacts":"SYNDICAT MIXTE RHONE ILES LONES, 04 37 20 19 20","latitude":"45.61815","longitude":"4.80276","date_saisie":"19/07/2013","valide":"Non","ppo":"Non","obsolete":false}},{"type":"Feature","geometry":{"type":"Polygon","coordinates":[[[4.7995,45.614],[4.8017,45.6139],[4.801,45.6119],[4.8004,45.6099],[4.7985,45.6067],[4.7976,45.6053],[4.795,45.6035],[4.7928,45.6048],[4.7942,45.6058],[4.7967,45.6076],[4.7984,45.6108],[4.7991,45.6126],[4.7994,45.6133],[4.7993,45.6139],[4.7993,45.614],[4.7993,45.6141],[4.7995,45.6141],[4.7994,45.614],[4.7995,45.614]]]},"properties":{"id_ffco":"2003-D69-92","nom":"GRIGNY STADE L.BONNARD","_dept":"69","numero":"2003-D69-92","commune":"GRIGNY","echelle":"1/5000","surface":"0.23 km²","annee":"2003","cartographes":"PLOCKYN Daniel","proprietaire":"SYNDICAT MIXTE RHONE ILES LONES","specialite":"CO à pied","contacts":"SYNDICAT MIXTE RHONE ILES LONES, 04 37 20 19 20","latitude":"45.60879","longitude":"4.79723","date_saisie":"19/07/2013","valide":"Non","ppo":"Non","obsolete":false}},{"type":"Feature","geometry":null,"properties":{"id_ffco":"2003-D69-90","nom":"PARC DES MONTS D'OR","_dept":"69","numero":"2003-D69-90","commune":"ALBIGNY SUR SAONE","echelle":"1/2000","surface":"0.05 km²","format":"A5","annee":"2003","cartographes":"DECHAVANNE Franck","proprietaire":"6916 - LES GONES RAIDEURS","specialite":"CO à pied","contacts":"CLUB GONES RAIDEURS, 06 08 97 40 23, gonesraideurs@free.fr, http://www.gones-raideurs.org/","latitude":"45.86635","longitude":"4.82781","date_saisie":"19/07/2013","valide":"Non","ppo":"Non","obsolete":false}},{"type":"Feature","geometry":null,"properties":{"id_ffco":"2003-D69-89","nom":"ALBIGNY SUR SAONE","_dept":"69","numero":"2003-D69-89","commune":"ALBIGNY SUR SAONE","echelle":"1/10000","surface":"3.3 km²","format":"A4","annee":"2003","cartographes":"DECHAVANNE Franck","proprietaire":"6916 - LES GONES RAIDEURS","specialite":"CO à pied","contacts":"CLUB GONES RAIDEURS, 06 08 97 40 23, gonesraideurs@free.fr, http://www.gones-raideurs.org/","latitude":"45.86647","longitude":"4.82815","date_saisie":"19/07/2013","valide":"Non","ppo":"Non","obsolete":false}},{"type":"Feature","geometry":null,"properties":{"id_ffco":"2003-D69-88","nom":"COUZON AU MONT D'OR","_dept":"69","numero":"2003-D69-88","commune":"COUZON AU MONT D'OR","echelle":"1/10000","surface":"3.5 km²","format":"A4","annee":"2003","cartographes":"DECHAVANNE Franck","proprietaire":"6916 - LES GONES RAIDEURS","specialite":"CO à pied","contacts":"CLUB GONES RAIDEURS, 06 08 97 40 23, gonesraideurs@free.fr, http://www.gones-raideurs.org/","latitude":"45.84459","longitude":"4.82557","date_saisie":"19/07/2013","valide":"Non","ppo":"Non","obsolete":false}},{"type":"Feature","geometry":null,"properties":{"id_ffco":"2003-D69-87","nom":"COUZON - CENTRE","_dept":"69","numero":"2003-D69-87","commune":"COUZON AU MONT D'OR","echelle":"1/5000","surface":"0.26 km²","format":"A5","annee":"2003","cartographes":"DECHAVANNE Franck","proprietaire":"6916 - LES GONES RAIDEURS","niveau":"Initiation, Scolaire","specialite":"CO à pied","contacts":"CLUB GONES RAIDEURS, 06 08 97 40 23, gonesraideurs@free.fr, http://www.gones-raideurs.org/","latitude":"45.84495","longitude":"4.82892","date_saisie":"19/07/2013","valide":"Non","ppo":"Non","obsolete":false}},{"type":"Feature","geometry":{"type":"Polygon","coordinates":[[[4.8071,45.7475],[4.8077,45.7473],[4.809,45.7467],[4.8086,45.7461],[4.8078,45.7451],[4.8074,45.7449],[4.8073,45.7445],[4.807,45.7444],[4.8068,45.7443],[4.8066,45.7441],[4.8063,45.7441],[4.8059,45.7444],[4.8054,45.7451],[4.805,45.7453],[4.8042,45.7457],[4.8044,45.7466],[4.805,45.7466],[4.805,45.7473],[4.8058,45.7473],[4.8067,45.7474],[4.8069,45.7474],[4.8071,45.7475],[4.8071,45.7475]]]},"properties":{"id_ffco":"2003-D69-86","nom":"PARC DU BRULET","_dept":"69","numero":"2003-D69-86","commune":"SAINTE-FOY-LES-LYON","echelle":"1/2000","surface":"0.08 km²","annee":"2003","cartographes":"POUPARD Alain","proprietaire":"6913 - CRAPAHUT SAINTE-FOY-LES-LYON","specialite":"CO à pied","contacts":"CLUB CRAPAHUT, 04 78 59 30 78, 06 76 31 53 79, crapahut@free.fr, http://crapahut.free.fr/co/index.php","latitude":"45.74539","longitude":"4.80725","date_saisie":"19/07/2013","valide":"Non","ppo":"Non","obsolete":false}},{"type":"Feature","geometry":null,"properties":{"id_ffco":"2003-D69-83","nom":"LES EAUX BLEUES","_dept":"69","numero":"2003-D69-83","commune":"VAULX EN VELIN","echelle":"1/5000","surface":"0.78 km²","format":"A4","annee":"2003","cartographes":"DECHAVANNE Franck","proprietaire":"69 - Rhône - Métropole de Lyon","niveau":"Initiation, Scolaire","specialite":"CO à pied","contacts":"CDCO 69, 04 78 93 79 95, 06 50 07 21 59, info@cdco69.fr,  http://www.cdco69.fr","latitude":"45.79937","longitude":"4.9387","date_saisie":"19/07/2013","valide":"Non","ppo":"Non","obsolete":false}},{"type":"Feature","geometry":{"type":"Polygon","coordinates":[[[4.3973,46.2306],[4.396,46.2294],[4.3989,46.2221],[4.4097,46.2073],[4.4086,46.1956],[4.4135,46.1888],[4.4231,46.186],[4.4266,46.1807],[4.4319,46.1801],[4.4401,46.1819],[4.4568,46.1806],[4.4653,46.184],[4.4733,46.1891],[4.4805,46.1897],[4.4802,46.188],[4.492,46.1886],[4.4899,46.2277],[4.4865,46.2311],[4.4886,46.232],[4.4877,46.2343],[4.4854,46.2358],[4.4798,46.236],[4.4699,46.2376],[4.4685,46.2417],[4.4658,46.2422],[4.4578,46.2405],[4.4495,46.2394],[4.4461,46.2408],[4.442,46.2435],[4.4309,46.2429],[4.4219,46.2374],[4.419,46.2346],[4.4199,46.2334],[4.4174,46.2322],[4.3973,46.2306]]]},"properties":{"id_ffco":"2003-D69-82","nom":"RAID AVENTURE BEAUJOLAISE 2003","_dept":"69","numero":"2003-D69-82","commune":"SAINT-IGNY-DE-VERS","echelle":"1/25000","surface":"39.11 km²","annee":"2003","cartographes":"LASOUCHE Johann","proprietaire":"69 - Rhône - Métropole de Lyon","specialite":"Raid'O","contacts":"CDCO 69, 04 78 93 79 95, 06 50 07 21 59, info@cdco69.fr,  http://www.cdco69.fr","latitude":"46.21181","longitude":"4.44399","date_saisie":"19/07/2013","valide":"Non","ppo":"Non","obsolete":false}},{"type":"Feature","geometry":{"type":"Polygon","coordinates":[[[4.6179,46.2544],[4.6246,46.2539],[4.629,46.2526],[4.6384,46.2605],[4.6464,46.2607],[4.6629,46.2646],[4.664,46.2636],[4.6777,46.2694],[4.6946,46.2634],[4.7108,46.2586],[4.717,46.2535],[4.719,46.2314],[4.7132,46.2285],[4.6968,46.2278],[4.6827,46.2254],[4.6694,46.2176],[4.6169,46.2169],[4.6179,46.2544]]]},"properties":{"id_ffco":"2002-D69-79","nom":"JULIENAS","_dept":"69","numero":"2002-D69-79","commune":"JULIENAS","echelle":"1/20000","surface":"34.35 km²","annee":"2002","cartographes":"LASOUCHE Johann","proprietaire":"69 - Rhône - Métropole de Lyon","specialite":"Rand'O","contacts":"CDCO 69, 04 78 93 79 95, 06 50 07 21 59, info@cdco69.fr,  http://www.cdco69.fr","latitude":"46.24317","longitude":"4.66795","date_saisie":"19/07/2013","valide":"Non","ppo":"Non","obsolete":false}},{"type":"Feature","geometry":null,"properties":{"id_ffco":"2002-D69-77","nom":"SAINT-ROMAIN - LE BOURG","_dept":"69","numero":"2002-D69-77","commune":"SAINT-ROMAIN","echelle":"1/3500","surface":"0.14 km²","annee":"2002","cartographes":"DECHAVANNE Franck","proprietaire":"69 - Rhône - Métropole de Lyon","specialite":"CO à pied","contacts":"CDCO 69, 04 78 93 79 95, 06 50 07 21 59, info@cdco69.fr,  http://www.cdco69.fr","latitude":"45.83813","longitude":"4.82746","date_saisie":"19/07/2013","valide":"Non","ppo":"Non","obsolete":false}},{"type":"Feature","geometry":null,"properties":{"id_ffco":"2002-D69-76","nom":"SAINT-ROMAIN AU MONT D'OR","_dept":"69","numero":"2002-D69-76","commune":"SAINT-ROMAIN","echelle":"1/10000","surface":"3.7 km²","annee":"2002","cartographes":"DECHAVANNE Franck","proprietaire":"69 - Rhône - Métropole de Lyon","specialite":"Rand'O","contacts":"CDCO 69, 04 78 93 79 95, 06 50 07 21 59, info@cdco69.fr,  http://www.cdco69.fr","latitude":"45.83837","longitude":"4.82746","date_saisie":"19/07/2013","valide":"Non","ppo":"Non","obsolete":false}},{"type":"Feature","geometry":{"type":"Polygon","coordinates":[[[4.7062,45.9903],[4.7034,45.9904],[4.7032,45.9898],[4.7028,45.9892],[4.7025,45.989],[4.702,45.9889],[4.702,45.9887],[4.7022,45.9886],[4.7028,45.9884],[4.703,45.9884],[4.7034,45.9887],[4.7036,45.9888],[4.7039,45.9888],[4.7045,45.9884],[4.7048,45.9883],[4.7051,45.9885],[4.7061,45.9887],[4.7073,45.9898],[4.7072,45.99],[4.7068,45.9901],[4.7062,45.9903]]]},"properties":{"id_ffco":"2026-D69-360","nom":"Parc de Haute-Claire 2","_dept":"69","numero":"2026-D69-360","commune":"Gleizé","echelle":"1/1500","surface":"0.06 km²","format":"A4","annee":"2026","cartographes":"BASTARD ROBERT","proprietaire":"6917 - CLUB DE COURSE D'ORIENTATION DES PIERRES DOREES","niveau":"Initiation, Scolaire","specialite":"CO à pied","contacts":"COPIDO, contact@copido.fr, http://copido.fr/","latitude":"45.9894352993","longitude":"4.70470882707","date_saisie":"01/04/2026","valide":"Non","ppo":"Non","type_carte":"Nouvelle carte","fond":"Ortho","obsolete":false}},{"type":"Feature","geometry":{"type":"Polygon","coordinates":[[[4.6406,45.9934],[4.6408,45.9788],[4.6391,45.9779],[4.6344,45.9772],[4.6353,45.9766],[4.6355,45.9761],[4.6299,45.9756],[4.6301,45.9745],[4.626,45.9738],[4.618,45.9741],[4.6157,45.9744],[4.6118,45.9736],[4.6078,45.9742],[4.6062,45.9749],[4.6065,45.9757],[4.6054,45.9765],[4.6001,45.9791],[4.5989,45.9802],[4.5977,45.9815],[4.5944,45.9841],[4.5929,45.9855],[4.5881,45.9879],[4.5858,45.9887],[4.5855,45.9964],[4.5855,45.9994],[4.6077,45.9994],[4.6272,45.9994],[4.627,45.998],[4.6257,45.998],[4.6252,45.9966],[4.6279,45.9957],[4.6349,45.9966],[4.6409,45.9972],[4.6406,45.9934]]]},"properties":{"id_ffco":"2026-D69-356","nom":"Chante Perdrix 2","_dept":"69","numero":"2026-D69-356","commune":"COGNY","echelle":"1/10000","surface":"9.87 km²","format":"A3","annee":"2026","cartographes":"BASTARD ROBER, RORA Sébastien","proprietaire":"6917 - CLUB DE COURSE D'ORIENTATION DES PIERRES DOREES","niveau":"Régional","specialite":"Raid'O","contacts":"COPIDO, contact@copido.fr, http://copido.fr/","latitude":"45.9877563707","longitude":"4.61490701846","date_saisie":"31/03/2026","valide":"Non","ppo":"Non","type_carte":"Reprise","base":"2007-D69-165 CHANTE PERDRIX","obsolete":false}},{"type":"Feature","geometry":{"type":"Polygon","coordinates":[[[4.7441,46.1099],[4.7458,46.1095],[4.7451,46.108],[4.7443,46.107],[4.7441,46.107],[4.7436,46.1072],[4.7437,46.1074],[4.7436,46.1081],[4.7436,46.1087],[4.7441,46.1099]]]},"properties":{"id_ffco":"2026-D69-352","nom":"PARC POPY","_dept":"69","numero":"2026-D69-352","commune":"Belleville en Beaujolais","echelle":"1/1500","surface":"0.03 km²","format":"A4","annee":"2026","cartographes":"Alain MOUCHETTE","proprietaire":"6917 - CLUB DE COURSE D'ORIENTATION DES PIERRES DOREES","niveau":"Initiation, Scolaire","specialite":"CO à pied","contacts":"COPIDO, contact@copido.fr, http://copido.fr/","latitude":"46.1085545056","longitude":"4.7444984694","date_saisie":"04/02/2026","valide":"Non","ppo":"Non","type_carte":"Nouvelle carte","fond":"Cadastre","obsolete":false}},{"type":"Feature","geometry":{"type":"Polygon","coordinates":[[[4.807,45.7733],[4.8075,45.7721],[4.8087,45.7699],[4.8085,45.768],[4.808,45.7662],[4.8079,45.7644],[4.8064,45.7629],[4.8044,45.7622],[4.8038,45.761],[4.8056,45.7581],[4.8064,45.7567],[4.8066,45.7544],[4.8082,45.7518],[4.8086,45.751],[4.8139,45.7499],[4.8184,45.7492],[4.8236,45.753],[4.825,45.7552],[4.8294,45.7606],[4.8302,45.7642],[4.83,45.7659],[4.8282,45.7675],[4.8259,45.7679],[4.8223,45.7677],[4.8193,45.767],[4.8153,45.7676],[4.8141,45.7692],[4.8127,45.7714],[4.8117,45.7729],[4.8105,45.7738],[4.8101,45.7742],[4.807,45.7733]]]},"properties":{"id_ffco":"2025-D69-350","nom":"Lyon Fourvière Sainte Irénée","_dept":"69","numero":"2025-D69-350","commune":"Lyon","echelle":"1/7500","surface":"3.34 km²","format":"A3","annee":"2025","cartographes":"Franck Dechavanne, Bernard Minot","niveau":"Régional","specialite":"CO à pied","latitude":"45.7604288735","longitude":"4.81647366173","date_saisie":"12/12/2025","valide":"Non","ppo":"Non","type_carte":"Reprise","base":"2015-D69-224 Fourvière-LYON","fond":"Ortho","obsolete":false}},{"type":"Feature","geometry":{"type":"Polygon","coordinates":[[[4.815,45.7864],[4.8209,45.7863],[4.8215,45.7846],[4.8277,45.7835],[4.8296,45.7831],[4.8339,45.7835],[4.8384,45.7832],[4.8422,45.7795],[4.8417,45.7776],[4.8393,45.7706],[4.8391,45.7685],[4.8316,45.768],[4.8272,45.7682],[4.8248,45.7681],[4.8201,45.7673],[4.8159,45.7677],[4.8136,45.7696],[4.8125,45.772],[4.8097,45.7749],[4.8094,45.7777],[4.8122,45.7823],[4.8153,45.7865],[4.815,45.7864]]]},"properties":{"id_ffco":"2025-D69-349","nom":"Lyon Croix Rousse","_dept":"69","numero":"2025-D69-349","commune":"Lyon","echelle":"1/7500","surface":"4.07 km²","format":"A3","annee":"2025","cartographes":"Bernard Minot","niveau":"Régional","specialite":"CO à pied","latitude":"45.7763235476","longitude":"4.82542752031","date_saisie":"12/12/2025","valide":"Non","ppo":"Non","type_carte":"Reprise","base":"2020-D69-280 Lyon Croix Rousse","fond":"Ortho","obsolete":false}},{"type":"Feature","geometry":{"type":"Polygon","coordinates":[[[4.6283,45.9951],[4.6214,45.9949],[4.6161,45.9942],[4.6089,45.9943],[4.6079,45.9914],[4.6061,45.9878],[4.6058,45.9848],[4.6078,45.9834],[4.611,45.9833],[4.6137,45.9841],[4.6167,45.9834],[4.6152,45.9837],[4.6159,45.9829],[4.6176,45.9824],[4.6201,45.9831],[4.6229,45.9829],[4.6246,45.9821],[4.6261,45.9824],[4.6294,45.9829],[4.6301,45.9831],[4.6326,45.9849],[4.6354,45.986],[4.6359,45.9888],[4.6364,45.9911],[4.6358,45.9928],[4.635,45.9943],[4.6301,45.9951],[4.6283,45.9951]]]},"properties":{"id_ffco":"2025-D69-348","nom":"COGNY OUEST","_dept":"69","numero":"2025-D69-348","commune":"COGNY","echelle":"1/5000","surface":"2.78 km²","format":"A3","annee":"2025","cartographes":"RORA Sébastien","proprietaire":"6917 - CLUB DE COURSE D'ORIENTATION DES PIERRES DOREES","niveau":"Régional","specialite":"CO à pied","contacts":"COPIDO, contact@copido.fr, http://copido.fr/","latitude":"45.9888888601","longitude":"4.62135881018","date_saisie":"11/12/2025","valide":"Non","ppo":"Non","type_carte":"Reprise","base":"2022-D69-309 COGNY Bourg","obsolete":false}},{"type":"Feature","geometry":{"type":"Polygon","coordinates":[[[4.7088,45.7836],[4.7093,45.7828],[4.7101,45.7831],[4.7097,45.7835],[4.7094,45.7837],[4.7092,45.7836],[4.7088,45.7836],[4.7088,45.7836]]]},"properties":{"id_ffco":"2025-D69-347","nom":"Ecole F. Dolto","_dept":"69","numero":"2025-D69-347","commune":"Marcy-l'Etoile","echelle":"1/500","surface":"0.01 km²","format":"A4","annee":"2025","cartographes":"Maxime Berger","niveau":"Initiation, Scolaire","specialite":"CO à pied","latitude":"45.7832709201","longitude":"4.70941084063","date_saisie":"11/12/2025","valide":"Non","ppo":"Non","type_carte":"Nouvelle carte","fond":"Ortho","obsolete":false}},{"type":"Feature","geometry":{"type":"Polygon","coordinates":[[[4.8217,45.751],[4.8231,45.7502],[4.8293,45.7482],[4.831,45.748],[4.8347,45.7525],[4.8381,45.7571],[4.8387,45.7592],[4.8395,45.7626],[4.8387,45.7679],[4.8385,45.7686],[4.8344,45.7685],[4.828,45.7685],[4.827,45.7682],[4.8272,45.7678],[4.8289,45.7669],[4.8301,45.7654],[4.8304,45.763],[4.8296,45.761],[4.8289,45.7598],[4.8271,45.7577],[4.8256,45.7564],[4.8249,45.7547],[4.8237,45.753],[4.8227,45.7517],[4.8217,45.751]]]},"properties":{"id_ffco":"2025-D69-346","nom":"Lyon Presqu'île Perrache - Terreaux","_dept":"69","numero":"2025-D69-346","commune":"Lyon","echelle":"1/7500","surface":"1.76 km²","format":"A3","annee":"2025","cartographes":"Bernard Minot","niveau":"Régional","specialite":"CO à pied","latitude":"45.7584500139","longitude":"4.83205712012","date_saisie":"12/12/2025","valide":"Non","ppo":"Non","type_carte":"Nouvelle carte","fond":"Ortho","obsolete":false}},{"type":"Feature","geometry":{"type":"Polygon","coordinates":[[[4.4527,45.6323],[4.4538,45.6333],[4.4565,45.634],[4.4611,45.6353],[4.4638,45.635],[4.4669,45.634],[4.4671,45.6325],[4.4662,45.6304],[4.4653,45.63],[4.4618,45.63],[4.4604,45.6295],[4.4572,45.6301],[4.4543,45.6304],[4.4523,45.6313],[4.4527,45.6323]]]},"properties":{"id_ffco":"2025-D69-345","nom":"Saint Symphorien sur Coise","_dept":"69","numero":"2025-D69-345","commune":"Saint Symphorien sur Coise","echelle":"1/4000","surface":"0.53 km²","format":"A3","annee":"2025","cartographes":"Olivier Coupat","niveau":"Départemental","specialite":"CO à pied","latitude":"45.6323004178","longitude":"4.46031729819","date_saisie":"10/12/2025","valide":"Non","ppo":"Non","type_carte":"Nouvelle carte","fond":"Ortho","obsolete":false}},{"type":"Feature","geometry":{"type":"Polygon","coordinates":[[[4.8489,45.6324],[4.8489,45.6343],[4.8516,45.6346],[4.8517,45.6368],[4.8533,45.6377],[4.8578,45.6373],[4.8595,45.6359],[4.8606,45.6332],[4.8609,45.6307],[4.8593,45.6292],[4.8581,45.6277],[4.8538,45.6281],[4.851,45.6284],[4.8487,45.6294],[4.8481,45.6298],[4.8489,45.6324]]]},"properties":{"id_ffco":"2025-D69-344","nom":"Saint Symphorien d'Ozon","_dept":"69","numero":"2025-D69-344","commune":"Saint Symphorien d'Ozon","echelle":"1/4000","surface":"0.82 km²","format":"A3","annee":"2025","cartographes":"Olivier Coupat","niveau":"Départemental","specialite":"CO à pied","latitude":"45.6324314084","longitude":"4.854823808","date_saisie":"10/12/2025","valide":"Non","ppo":"Non","type_carte":"Nouvelle carte","fond":"Ortho","obsolete":false}},{"type":"Feature","geometry":{"type":"Polygon","coordinates":[[[4.4892,46.0636],[4.4994,46.0633],[4.502,46.0643],[4.5028,46.0642],[4.5246,46.0643],[4.535,46.0692],[4.5456,46.0685],[4.5448,46.0677],[4.5446,46.0669],[4.5443,46.0652],[4.5419,46.0649],[4.5413,46.0641],[4.5412,46.0629],[4.5412,46.061],[4.5388,46.0594],[4.5393,46.0567],[4.5419,46.0562],[4.5439,46.0552],[4.5429,46.0533],[4.5418,46.0519],[4.5408,46.0499],[4.542,46.0492],[4.5442,46.0495],[4.5469,46.0503],[4.5505,46.0493],[4.5508,46.0483],[4.5499,46.0474],[4.5475,46.0454],[4.5487,46.0447],[4.55,46.0446],[4.5517,46.0439],[4.5537,46.0435],[4.5528,46.0413],[4.5527,46.0405],[4.5555,46.0361],[4.5545,46.0348],[4.5541,46.0334],[4.5546,46.0319],[4.5529,46.0315],[4.5503,46.0314],[4.5483,46.0322],[4.5451,46.0355],[4.5449,46.0343],[4.5447,46.0325],[4.5433,46.0317],[4.5404,46.032],[4.5387,46.0301],[4.5363,46.0302],[4.5353,46.0297],[4.5316,46.0297],[4.529,46.03],[4.5256,46.0302],[4.5247,46.0307],[4.5238,46.0298],[4.5215,46.0299],[4.5193,46.0297],[4.5181,46.0308],[4.517,46.0328],[4.5176,46.0346],[4.518,46.0359],[4.518,46.0371],[4.5165,46.0374],[4.5154,46.037],[4.5121,46.0401],[4.5107,46.0419],[4.5083,46.0458],[4.506,46.0475],[4.5049,46.0482],[4.5029,46.0516],[4.4952,46.0512],[4.4925,46.0513],[4.4934,46.0537],[4.4922,46.0555],[4.4905,46.0572],[4.4892,46.0597],[4.4893,46.0614],[4.4895,46.0631],[4.4894,46.0638],[4.4892,46.0636]]]},"properties":{"id_ffco":"2025-D69-343","nom":"La Pyramide","_dept":"69","numero":"2025-D69-343","commune":"Lamure-sur-Azergue","echelle":"1/15000","surface":"13.14 km²","format":"A3","annee":"2025","cartographes":"Franck Dechavanne","proprietaire":"CDCO69","niveau":"Régional","specialite":"CO à pied","contacts":"CDCO69, http://cdco69.fr/cartotheque","latitude":"46.0493594836","longitude":"4.52512918192","date_saisie":"18/11/2025","valide":"Non","ppo":"Non","type_carte":"Nouvelle carte","fond":"Cadastre","obsolete":false}},{"type":"Feature","geometry":{"type":"Polygon","coordinates":[[[4.6569,45.8208],[4.6605,45.8227],[4.6648,45.8234],[4.6685,45.8211],[4.6683,45.8179],[4.6675,45.8144],[4.6667,45.8108],[4.6657,45.8073],[4.6641,45.8074],[4.6631,45.8071],[4.6629,45.8064],[4.6547,45.8054],[4.6515,45.8057],[4.6491,45.8061],[4.6485,45.8116],[4.6527,45.8144],[4.6554,45.8191],[4.6564,45.8204],[4.6569,45.8208]]]},"properties":{"id_ffco":"2025-D69-342","nom":"Lentilly","_dept":"69","numero":"2025-D69-342","commune":"Lentilly","echelle":"1/6000","surface":"2.14 km²","format":"A3","annee":"2025","cartographes":"PM Sédat, M Berger","niveau":"Départemental","specialite":"CO à pied","latitude":"45.813622947","longitude":"4.65935547792","date_saisie":"11/12/2025","valide":"Non","ppo":"Non","type_carte":"Nouvelle carte","fond":"Laser","obsolete":false}},{"type":"Feature","geometry":{"type":"Polygon","coordinates":[[[4.8039,45.7675],[4.8053,45.7676],[4.8053,45.767],[4.804,45.767],[4.8039,45.7674],[4.8039,45.7675]]]},"properties":{"id_ffco":"2025-D69-341","nom":"Gymnase Jean Zay","_dept":"69","numero":"2025-D69-341","commune":"Lyon","echelle":"1/700","surface":"0.01 km²","format":"A4","annee":"2025","cartographes":"Maxime Berger","niveau":"Initiation, Scolaire","specialite":"CO à pied","latitude":"45.7672682303","longitude":"4.80464991879","date_saisie":"11/12/2025","valide":"Non","ppo":"Non","type_carte":"Nouvelle carte","fond":"Ortho","obsolete":false}},{"type":"Feature","geometry":{"type":"Polygon","coordinates":[[[5.0042,45.6482],[5.0194,45.647],[5.0196,45.6456],[5.0197,45.6436],[5.0204,45.6423],[5.0204,45.6417],[5.0178,45.6417],[5.0159,45.6419],[5.0158,45.642],[5.0111,45.6425],[5.0086,45.6426],[5.0052,45.6432],[5.0047,45.6461],[5.0042,45.6482]]]},"properties":{"id_ffco":"2025-D69-340","nom":"Saint Pierre de Chandieu Village","_dept":"69","numero":"2025-D69-340","commune":"Saint Pierre de Chandieu","echelle":"1/4000","surface":"0.69 km²","format":"A4","annee":"2025","cartographes":"Bernard Minot","proprietaire":"6906 - AMICALE LAIQUE DE COURSE D'ORIENTATION DE ST PRIEST","niveau":"Départemental","specialite":"CO à pied","latitude":"45.6449726542","longitude":"5.01235271471","date_saisie":"09/12/2025","valide":"Non","ppo":"Oui (10 postes)","type_carte":"Nouvelle carte","fond":"Ortho","url":"https://www.mairie-stpierredechandieu.com/index.php/accueil/toute-l-actualite/1034-parcours-d-orientation","obsolete":false}},{"type":"Feature","geometry":{"type":"Polygon","coordinates":[[[5.0357,45.6425],[5.0441,45.6384],[5.0421,45.6355],[5.0427,45.6242],[5.0441,45.6202],[5.0384,45.6174],[5.035,45.616],[5.0251,45.6157],[5.0159,45.6179],[5.0138,45.6186],[5.0099,45.6205],[5.007,45.6229],[5.0058,45.627],[5.0045,45.6292],[5.0048,45.6339],[5.0065,45.6358],[5.0109,45.639],[5.0156,45.6408],[5.0268,45.6412],[5.0306,45.6414],[5.0342,45.6423],[5.0357,45.6425]]]},"properties":{"id_ffco":"2025-D69-339","nom":"Saint-Pierre-de Chandieu Val d'Ozon","_dept":"69","numero":"2025-D69-339","commune":"Saint Pierre de Chandieu","echelle":"1/10000","surface":"7.34 km²","format":"A3","annee":"2025","cartographes":"Bernard Minot","proprietaire":"6906 - AMICALE LAIQUE DE COURSE D'ORIENTATION DE ST PRIEST","niveau":"Départemental","specialite":"Rand'O","latitude":"45.6290383061","longitude":"5.02520800996","date_saisie":"06/05/2025","valide":"Non","ppo":"Non","type_carte":"Reprise","base":"2019-D69-268 Saint Pierre de Chandieu - Val d'Ozon","fond":"Laser","obsolete":false}},{"type":"Feature","geometry":{"type":"Polygon","coordinates":[[[4.8924,45.7174],[4.8975,45.7143],[4.902,45.7115],[4.9105,45.7186],[4.9145,45.7219],[4.9153,45.7245],[4.9148,45.7253],[4.9132,45.7258],[4.9096,45.7252],[4.9068,45.7267],[4.9052,45.7268],[4.9026,45.726],[4.899,45.7269],[4.8972,45.7272],[4.8963,45.7274],[4.894,45.7263],[4.8923,45.7245],[4.8937,45.7236],[4.8949,45.7232],[4.8921,45.7174],[4.8924,45.7174]]]},"properties":{"id_ffco":"2025-D69-338","nom":"Parc de Parilly","_dept":"69","numero":"2025-D69-338","commune":"Vénissieux","echelle":"1/8000","surface":"1.95 km²","format":"A4","annee":"2025","cartographes":"Maxime Berger","niveau":"Départemental","specialite":"CO à pied","latitude":"45.7206438555","longitude":"4.90267682409","date_saisie":"10/12/2025","valide":"Non","ppo":"Oui (76 postes)","type_carte":"Reprise","base":"2010-D69-192 PARC DE PARILLY","fond":"Laser","obsolete":false}},{"type":"Feature","geometry":{"type":"Polygon","coordinates":[[[4.6927,45.9039],[4.6744,45.9038],[4.6699,45.9052],[4.6694,45.9063],[4.6633,45.9092],[4.6587,45.9091],[4.6578,45.9107],[4.657,45.9399],[4.6586,45.9426],[4.674,45.9425],[4.6763,45.9424],[4.6786,45.9372],[4.6882,45.9369],[4.6866,45.9296],[4.6864,45.9275],[4.6868,45.9252],[4.6873,45.9231],[4.6868,45.9202],[4.6877,45.9174],[4.694,45.9167],[4.6935,45.9039],[4.6927,45.9039]]]},"properties":{"id_ffco":"2025-D69-337","nom":"Vallon de la Galoche","_dept":"69","numero":"2025-D69-337","commune":"Marcy sur Anse","echelle":"1/10000","surface":"9.67 km²","format":"A3","annee":"2025","cartographes":"BASTARD ROBERT","proprietaire":"6917 - CLUB DE COURSE D'ORIENTATION DES PIERRES DOREES","niveau":"Régional","specialite":"Rand'O","contacts":"COPIDO, contact@copido.fr, http://copido.fr/","latitude":"45.9223519284","longitude":"4.67369342687","date_saisie":"31/03/2026","valide":"Non","ppo":"Non","type_carte":"Nouvelle carte","fond":"Laser","obsolete":false}},{"type":"Feature","geometry":{"type":"Polygon","coordinates":[[[4.6458,46.1185],[4.6521,46.1187],[4.6521,46.1175],[4.6536,46.1175],[4.654,46.1161],[4.6549,46.1156],[4.6594,46.1166],[4.6634,46.116],[4.6652,46.1149],[4.6662,46.1139],[4.667,46.1105],[4.6666,46.109],[4.6667,46.1086],[4.668,46.1011],[4.6661,46.1014],[4.6634,46.1013],[4.6619,46.1013],[4.6567,46.1002],[4.653,46.1],[4.6511,46.1005],[4.6497,46.1013],[4.6474,46.1026],[4.6459,46.1027],[4.6425,46.1047],[4.6425,46.1098],[4.6442,46.1149],[4.6443,46.1183],[4.6458,46.1185]]]},"properties":{"id_ffco":"2025-D69-336","nom":"Mont Brouilly","_dept":"69","numero":"2025-D69-336","commune":"Saint Lager","echelle":"1/10000","surface":"3.2 km²","format":"A4","annee":"2025","cartographes":"Christian Cachard, Henri Mascarell","niveau":"Départemental","specialite":"CO à pied","latitude":"46.1089764146","longitude":"4.65482806199","date_saisie":"09/12/2025","valide":"Non","ppo":"Non","type_carte":"Nouvelle carte","fond":"Cadastre","obsolete":false}},{"type":"Feature","geometry":{"type":"Polygon","coordinates":[[[4.8143,45.7317],[4.8135,45.7352],[4.813,45.7413],[4.8152,45.7466],[4.8184,45.7493],[4.8193,45.7502],[4.8162,45.7511],[4.8148,45.7514],[4.8145,45.7529],[4.814,45.7543],[4.8125,45.7552],[4.8092,45.7561],[4.8075,45.7557],[4.806,45.7549],[4.8045,45.754],[4.8022,45.7537],[4.7996,45.754],[4.7972,45.7546],[4.7942,45.7541],[4.7923,45.7538],[4.7919,45.7499],[4.7936,45.7493],[4.7929,45.7488],[4.7883,45.7467],[4.7866,45.7457],[4.7835,45.7446],[4.7865,45.7413],[4.785,45.7398],[4.7835,45.7375],[4.7839,45.7367],[4.7846,45.7357],[4.7929,45.7315],[4.7948,45.7312],[4.7996,45.7348],[4.8022,45.7336],[4.8036,45.7317],[4.8045,45.7302],[4.8071,45.7299],[4.813,45.7306],[4.8147,45.7318],[4.8143,45.7317]]]},"properties":{"id_ffco":"2025-D69-335","nom":"La Mulatière - Sainte-Foy-lès-Lyon - Lyon Sainte Irénée","_dept":"69","numero":"2025-D69-335","commune":"Sainte-Foy-Lès-Lyon","echelle":"1/7500","surface":"5.27 km²","format":"A3","annee":"2025","cartographes":"CDCO69","niveau":"Régional","specialite":"CO à pied","latitude":"45.7428604448","longitude":"4.80140389826","date_saisie":"11/01/2025","valide":"Non","ppo":"Non","type_carte":"Reprise","base":"2018-D69-237 Sainte-Foy-Lès-Lyon","fond":"Ortho","obsolete":false}},{"type":"Feature","geometry":{"type":"Polygon","coordinates":[[[4.9577,45.6926],[4.9616,45.6923],[4.9646,45.6924],[4.9664,45.6922],[4.9675,45.6918],[4.9692,45.6936],[4.9697,45.6956],[4.9691,45.6976],[4.9677,45.6987],[4.9646,45.6978],[4.9638,45.6974],[4.9624,45.6969],[4.9622,45.6961],[4.9572,45.6963],[4.9574,45.6941],[4.9577,45.6926]]]},"properties":{"id_ffco":"2024-D69-334","nom":"Parc du Fort - Complexe Pierre Mendès France","_dept":"69","numero":"2024-D69-334","commune":"Saint Priest","echelle":"1/4000","surface":"0.5 km²","format":"A4","annee":"2024","cartographes":"Bernard Minot","niveau":"Initiation, Scolaire","specialite":"CO à pied","latitude":"45.6948966524","longitude":"4.96398708746","date_saisie":"10/12/2024","date_depot":"19/06/2025","valide":"Oui","ppo":"Non","type_carte":"Nouvelle carte","fond":"Laser","obsolete":false}},{"type":"Feature","geometry":{"type":"Polygon","coordinates":[[[4.8176,45.7885],[4.8201,45.7866],[4.8206,45.784],[4.8239,45.784],[4.8295,45.7824],[4.8314,45.7837],[4.8334,45.783],[4.8348,45.7826],[4.8374,45.7825],[4.8383,45.782],[4.8398,45.7807],[4.8419,45.7804],[4.8434,45.781],[4.8477,45.7851],[4.8457,45.7878],[4.8449,45.7872],[4.8424,45.789],[4.8402,45.7905],[4.8506,45.7983],[4.8466,45.7996],[4.845,45.7992],[4.8438,45.7988],[4.8412,45.7989],[4.8376,45.7986],[4.836,45.7993],[4.8322,45.7984],[4.829,45.7964],[4.8188,45.7896],[4.8176,45.7883],[4.8176,45.7885]]]},"properties":{"id_ffco":"2024-D69-333","nom":"Caluire Ouest","_dept":"69","numero":"2024-D69-333","commune":"Caluire","echelle":"1/7500","surface":"3.13 km²","format":"A3","annee":"2024","cartographes":"Bernard Minot","proprietaire":"69 - Rhône - Métropole de Lyon","niveau":"Régional","specialite":"CO à pied","contacts":"CDCO 69, 04 78 93 79 95, 06 50 07 21 59, info@cdco69.fr,  http://www.cdco69.fr","latitude":"45.7900900387","longitude":"4.83452635734","date_saisie":"26/11/2024","date_depot":"18/03/2025","valide":"Oui","ppo":"Non","type_carte":"Nouvelle carte","fond":"Cadastre","obsolete":false}},{"type":"Feature","geometry":{"type":"Polygon","coordinates":[[[4.4936,46.1003],[4.4962,46.0997],[4.4989,46.0949],[4.4977,46.0924],[4.5005,46.0899],[4.5006,46.0869],[4.5037,46.0865],[4.5076,46.0881],[4.5153,46.0913],[4.516,46.0923],[4.5193,46.0908],[4.521,46.092],[4.5247,46.0953],[4.5273,46.0932],[4.5305,46.0953],[4.5332,46.0973],[4.5324,46.1007],[4.535,46.1012],[4.5384,46.0975],[4.5424,46.097],[4.5414,46.0952],[4.5431,46.093],[4.5424,46.0908],[4.5449,46.0906],[4.5466,46.0899],[4.5489,46.0864],[4.5472,46.085],[4.5477,46.0825],[4.5486,46.0802],[4.5501,46.0805],[4.5505,46.0826],[4.552,46.0832],[4.5551,46.0831],[4.5572,46.0839],[4.5598,46.085],[4.556,46.0852],[4.5564,46.0874],[4.557,46.0891],[4.5565,46.0909],[4.5588,46.0918],[4.5625,46.093],[4.5648,46.0937],[4.5668,46.0956],[4.5696,46.0971],[4.5683,46.1159],[4.5637,46.119],[4.5625,46.1187],[4.5543,46.1202],[4.5537,46.1199],[4.5539,46.1184],[4.5508,46.1183],[4.5444,46.117],[4.5411,46.1156],[4.5371,46.1156],[4.5351,46.117],[4.5315,46.1192],[4.5263,46.1197],[4.5206,46.1196],[4.5177,46.1198],[4.5182,46.1184],[4.5162,46.1174],[4.5126,46.1164],[4.5121,46.1156],[4.5107,46.1144],[4.5108,46.1128],[4.5096,46.1111],[4.5083,46.1102],[4.5071,46.1098],[4.5067,46.1085],[4.5047,46.1067],[4.5037,46.1057],[4.5024,46.1059],[4.5022,46.1046],[4.5013,46.1041],[4.5001,46.1042],[4.4978,46.1014],[4.4967,46.1006],[4.4936,46.1003]]]},"properties":{"id_ffco":"2024-D69-332","nom":"Mont Soubran-Claveisolles","_dept":"69","numero":"2024-D69-332","commune":"Claveisolles","echelle":"1/15000","surface":"15.08 km²","format":"A3","annee":"2024","cartographes":"Franck Dechavanne, CDCO 69","proprietaire":"CDCO69","niveau":"Régional","specialite":"CO à pied","latitude":"46.1036518548","longitude":"4.53557303585","date_saisie":"19/11/2024","date_depot":"18/03/2025","valide":"Oui","ppo":"Non","type_carte":"Nouvelle carte","fond":"Ortho","obsolete":false}},{"type":"Feature","geometry":{"type":"Polygon","coordinates":[[[4.8632,45.7852],[4.8651,45.7846],[4.8711,45.7854],[4.8761,45.7866],[4.88,45.7873],[4.8826,45.7876],[4.8862,45.7873],[4.8865,45.7879],[4.8837,45.7907],[4.8808,45.7925],[4.8788,45.79],[4.8757,45.7884],[4.8711,45.7878],[4.8678,45.7872],[4.8651,45.7859],[4.8644,45.7853],[4.8653,45.7849],[4.8632,45.7852]]]},"properties":{"id_ffco":"2024-D69-331","nom":"La Feyssine","_dept":"69","numero":"2024-D69-331","commune":"VILLEURBANNE","echelle":"1/6000","surface":"0.48 km²","format":"A4","annee":"2024","cartographes":"Franck Dechavanne","niveau":"Initiation, Scolaire","specialite":"CO à pied","latitude":"45.787946662","longitude":"4.87656062573","date_saisie":"19/11/2024","date_depot":"19/06/2025","valide":"Oui","ppo":"Non","type_carte":"Nouvelle carte","fond":"Laser","obsolete":false}},{"type":"Feature","geometry":{"type":"Polygon","coordinates":[[[4.7033,46.0005],[4.7042,46.0007],[4.704,46.0014],[4.7053,46.0015],[4.7047,46.004],[4.7053,46.0048],[4.7134,46.0076],[4.7158,46.0033],[4.7164,46.002],[4.7176,46.0007],[4.7158,45.9978],[4.7112,45.9979],[4.7065,45.9987],[4.7065,45.998],[4.7042,45.9978],[4.7017,45.9981],[4.7007,45.9982],[4.6995,45.9995],[4.7033,46.0005]]]},"properties":{"id_ffco":"2024-D69-330","nom":"Parc des sports Villefranche Gleizé","_dept":"69","numero":"2024-D69-330","commune":"Gleizé","echelle":"1/4000","surface":"0.88 km²","format":"A3","annee":"2024","cartographes":"Franck Dechavanne","niveau":"Initiation, Scolaire","specialite":"CO à pied","latitude":"46.0017061579","longitude":"4.70991768037","date_saisie":"19/11/2024","date_depot":"18/03/2025","valide":"Oui","ppo":"Non","type_carte":"Nouvelle carte","fond":"Laser","obsolete":false}},{"type":"Feature","geometry":{"type":"Polygon","coordinates":[[[4.8145,45.7308],[4.8136,45.7303],[4.8126,45.7312],[4.8117,45.7311],[4.8113,45.7317],[4.8111,45.7321],[4.8116,45.7325],[4.8118,45.733],[4.8117,45.7338],[4.8127,45.7339],[4.8132,45.7319],[4.8138,45.7312],[4.8146,45.7308],[4.8145,45.7308],[4.8145,45.7308]]]},"properties":{"id_ffco":"2024-D69-329","nom":"Assomption Bellevue","_dept":"69","numero":"2024-D69-329","commune":"La Mulatière","echelle":"1/1500","surface":"0.04 km²","format":"A4","annee":"2024","cartographes":"Bernard MINOT","proprietaire":"69 - Rhône - Métropole de Lyon","niveau":"Initiation, Scolaire","specialite":"CO à pied","latitude":"45.732053263","longitude":"4.81255025604","date_saisie":"19/11/2024","date_depot":"19/06/2025","valide":"Oui","ppo":"Non","type_carte":"Nouvelle carte","fond":"Ortho","obsolete":false}},{"type":"Feature","geometry":{"type":"Polygon","coordinates":[[[4.8439,45.7768],[4.8543,45.7724],[4.8586,45.7727],[4.8596,45.7806],[4.8596,45.7847],[4.8564,45.7847],[4.8526,45.7839],[4.8482,45.7813],[4.8455,45.7791],[4.8443,45.7775],[4.8439,45.7768]]]},"properties":{"id_ffco":"2024-D69-328","nom":"Parc de la Tete d'Or","_dept":"69","numero":"2024-D69-328","commune":"LYON","echelle":"1/4000","surface":"1.14 km²","format":"A3","annee":"2024","cartographes":"Franck Dechavanne","proprietaire":"69 - Rhône - Métropole de Lyon","niveau":"Initiation, Scolaire","specialite":"CO à pied","contacts":"CDCO 69, 04 78 93 79 95, 06 50 07 21 59, info@cdco69.fr,  http://www.cdco69.fr","latitude":"45.7784962508","longitude":"4.85336115684","date_saisie":"19/11/2024","date_depot":"18/03/2025","valide":"Oui","ppo":"Non","type_carte":"Nouvelle carte","fond":"Ortho","obsolete":false}},{"type":"Feature","geometry":{"type":"Polygon","coordinates":[[[4.8325,45.846],[4.8329,45.8476],[4.8332,45.849],[4.8335,45.8498],[4.8338,45.8503],[4.8331,45.8506],[4.8322,45.8491],[4.8318,45.8475],[4.8322,45.8463],[4.8324,45.8461],[4.8325,45.846]]]},"properties":{"id_ffco":"2024-D69-327","nom":"Espace Sportif Pierre Veron","_dept":"69","numero":"2024-D69-327","commune":"Couzon au Mont d'Or","echelle":"1/1500","surface":"0.03 km²","format":"A4","annee":"2024","cartographes":"Franck Dechavanne","niveau":"Initiation, Scolaire","specialite":"CO à pied","latitude":"45.8484782551","longitude":"4.83266353697","date_saisie":"19/11/2024","date_depot":"19/06/2025","valide":"Oui","ppo":"Non","type_carte":"Nouvelle carte","fond":"Ortho","obsolete":false}},{"type":"Feature","geometry":{"type":"Polygon","coordinates":[[[4.4934,46.0358],[4.4899,46.0385],[4.4894,46.0412],[4.4886,46.0435],[4.4889,46.0468],[4.4906,46.0502],[4.4893,46.0484],[4.4887,46.0484],[4.4889,46.0491],[4.4878,46.0487],[4.487,46.0479],[4.4859,46.0485],[4.4859,46.0496],[4.4872,46.0503],[4.4856,46.0514],[4.4802,46.0516],[4.4789,46.0515],[4.4772,46.0516],[4.4741,46.0536],[4.4737,46.0557],[4.4739,46.0565],[4.4687,46.0587],[4.4692,46.059],[4.4711,46.0594],[4.4715,46.0601],[4.4709,46.0619],[4.474,46.0619],[4.4764,46.0613],[4.4783,46.0623],[4.4789,46.065],[4.4773,46.0674],[4.4777,46.0696],[4.4763,46.0712],[4.4765,46.0739],[4.4734,46.076],[4.4726,46.0776],[4.466,46.0779],[4.4672,46.08],[4.469,46.0804],[4.4723,46.081],[4.473,46.0824],[4.4717,46.0848],[4.4691,46.0856],[4.4667,46.0853],[4.4651,46.0844],[4.4644,46.0844],[4.4659,46.087],[4.466,46.0878],[4.4653,46.0877],[4.4646,46.0874],[4.4626,46.0878],[4.4608,46.0881],[4.4583,46.0886],[4.4576,46.0887],[4.457,46.0893],[4.4566,46.0898],[4.457,46.091],[4.4566,46.0913],[4.4557,46.0911],[4.4552,46.0908],[4.4537,46.0904],[4.4536,46.0912],[4.4534,46.0922],[4.4531,46.093],[4.4521,46.0933],[4.4497,46.0926],[4.4495,46.092],[4.4503,46.092],[4.4512,46.0917],[4.451,46.0908],[4.4506,46.0904],[4.4492,46.0908],[4.4481,46.0908],[4.4462,46.0904],[4.4453,46.0904],[4.4442,46.0905],[4.4425,46.0903],[4.4418,46.0905],[4.441,46.0913],[4.44,46.0919],[4.4383,46.0913],[4.4352,46.0927],[4.4339,46.0934],[4.4335,46.0931],[4.4339,46.0918],[4.4336,46.0906],[4.4329,46.0903],[4.4327,46.0894],[4.4318,46.0887],[4.4303,46.0886],[4.4299,46.0885],[4.4304,46.0874],[4.4293,46.0858],[4.428,46.0852],[4.4271,46.0848],[4.4265,46.0846],[4.4265,46.0839],[4.4266,46.0827],[4.4261,46.0823],[4.4261,46.0819],[4.4272,46.0818],[4.4278,46.0819],[4.4289,46.0816],[4.4298,46.0811],[4.4302,46.079],[4.4304,46.0779],[4.4311,46.0779],[4.4316,46.0779],[4.4318,46.0778],[4.4315,46.0774],[4.4308,46.0767],[4.4305,46.0762],[4.4311,46.0729],[4.4314,46.0726],[4.4301,46.0722],[4.4295,46.0714],[4.4291,46.0699],[4.4289,46.0692],[4.4302,46.0678],[4.4317,46.0676],[4.4322,46.0674],[4.4311,46.0668],[4.4284,46.0653],[4.4278,46.0647],[4.4279,46.0633],[4.4284,46.0628],[4.4264,46.0622],[4.4249,46.0613],[4.4252,46.0596],[4.4261,46.0585],[4.4268,46.0574],[4.4275,46.057],[4.4288,46.0573],[4.4293,46.0574],[4.4287,46.0563],[4.4279,46.0554],[4.4279,46.0539],[4.4259,46.0541],[4.4249,46.0532],[4.4235,46.0508],[4.4237,46.0487],[4.4566,46.0489],[4.4591,46.0478],[4.4602,46.0483],[4.4609,46.0469],[4.4634,46.0444],[4.4665,46.0429],[4.4666,46.0376],[4.4705,46.0367],[4.4741,46.0361],[4.4777,46.0348],[4.4785,46.0359],[4.4806,46.0346],[4.484,46.0345],[4.4889,46.0353],[4.4918,46.0353],[4.4934,46.0358]]]},"properties":{"id_ffco":"2023-D69-326","nom":"GRANDRIS","_dept":"69","numero":"2023-D69-326","commune":"Grandris","echelle":"1/15000","surface":"19.15 km²","format":"A3","annee":"2023","cartographes":"Franck Dechavanne","proprietaire":"69 - Rhône - Métropole de Lyon","niveau":"Interrégional","specialite":"CO à pied","latitude":"46.0644251947","longitude":"4.45503258637","date_saisie":"25/11/2023","date_depot":"27/06/2024","valide":"Oui","ppo":"Non","type_carte":"Nouvelle carte","fond":"Cadastre","obsolete":false}},{"type":"Feature","geometry":{"type":"Polygon","coordinates":[[[4.8371,45.8698],[4.8397,45.8697],[4.8397,45.871],[4.837,45.8711],[4.8371,45.8698]]]},"properties":{"id_ffco":"2023-D69-325","nom":"Notre Dame de Bellegarde","_dept":"69","numero":"2023-D69-325","commune":"Neuville sur Saone","echelle":"1/1100","surface":"0.03 km²","format":"A4","annee":"2023","cartographes":"Franck Dechavanne","niveau":"Initiation, Scolaire","specialite":"CO à pied","latitude":"45.870417495","longitude":"4.83836647084","date_saisie":"28/12/2023","date_depot":"01/07/2024","valide":"Oui","ppo":"Non","type_carte":"Nouvelle carte","fond":"Ortho","obsolete":false}},{"type":"Feature","geometry":{"type":"Polygon","coordinates":[[[4.5726,45.908],[4.5706,45.9138],[4.567,45.9187],[4.5663,45.9206],[4.5611,45.9217],[4.5555,45.9248],[4.5493,45.9281],[4.5453,45.932],[4.5387,45.9323],[4.5341,45.9325],[4.5293,45.9354],[4.5242,45.9367],[4.5205,45.9366],[4.5168,45.9374],[4.5146,45.9387],[4.5117,45.9391],[4.5083,45.9348],[4.4949,45.9192],[4.53,45.9069],[4.5323,45.9039],[4.5328,45.9032],[4.5353,45.9026],[4.5417,45.9026],[4.5456,45.9031],[4.5509,45.9013],[4.5552,45.9017],[4.5589,45.9007],[4.5641,45.9016],[4.5679,45.9036],[4.5696,45.9046],[4.5723,45.9053],[4.5735,45.9054],[4.5743,45.9069],[4.5742,45.9074],[4.5726,45.908]]]},"properties":{"id_ffco":"2023-D69-324","nom":"Saint Vérand VTT","_dept":"69","numero":"2023-D69-324","commune":"Saint Vérand","echelle":"1/10000","surface":"14.82 km²","format":"A3","annee":"2023","cartographes":"RORA Sébastien","proprietaire":"6917 - CLUB DE COURSE D'ORIENTATION DES PIERRES DOREES","niveau":"National, International","specialite":"CO à VTT","contacts":"COPIDO, contact@copido.fr, http://copido.fr/","latitude":"45.9186643888","longitude":"4.5351631652","date_saisie":"03/08/2023","date_depot":"27/06/2024","valide":"Oui","ppo":"Non","type_carte":"Nouvelle carte","fond":"Ortho","obsolete":false}},{"type":"Feature","geometry":{"type":"Polygon","coordinates":[[[4.7145,45.8566],[4.7164,45.8546],[4.7174,45.854],[4.7188,45.854],[4.7186,45.8552],[4.7182,45.857],[4.7183,45.8584],[4.7174,45.8589],[4.7168,45.859],[4.7145,45.8583],[4.7145,45.8566]]]},"properties":{"id_ffco":"2023-D69-323","nom":"Notre Dame de Lourdes","_dept":"69","numero":"2023-D69-323","commune":"Civtieux d'Azergues","echelle":"1/2000","surface":"0.13 km²","format":"A4","annee":"2023","cartographes":"Franck Dechavanne","niveau":"Initiation, Scolaire","specialite":"CO à pied","latitude":"45.8566219512","longitude":"4.71673974653","date_saisie":"28/12/2023","date_depot":"01/07/2024","valide":"Oui","ppo":"Non","type_carte":"Nouvelle carte","fond":"Ortho","obsolete":false}},{"type":"Feature","geometry":{"type":"Polygon","coordinates":[[[4.378,46.0081],[4.3797,46.0083],[4.3818,46.0092],[4.3811,46.0102],[4.3794,46.0116],[4.3781,46.0126],[4.3759,46.0127],[4.3747,46.0114],[4.3753,46.0101],[4.378,46.0081]]]},"properties":{"id_ffco":"2023-D69-322","nom":"CUBLIZE","_dept":"69","numero":"2023-D69-322","commune":"CUBLIZE","echelle":"1/3000","surface":"0.17 km²","format":"A4","annee":"2023","cartographes":"Franck Dechavanne","niveau":"Initiation, Scolaire","specialite":"CO à pied","latitude":"46.0103951383","longitude":"4.37804333871","date_saisie":"28/12/2023","date_depot":"01/07/2024","valide":"Oui","ppo":"Non","type_carte":"Nouvelle carte","fond":"Ortho","obsolete":false}},{"type":"Feature","geometry":{"type":"Polygon","coordinates":[[[4.7449,45.7102],[4.7456,45.7122],[4.7485,45.7123],[4.7499,45.7123],[4.7503,45.7107],[4.7526,45.7105],[4.7523,45.7094],[4.7541,45.7092],[4.7534,45.7054],[4.7527,45.7046],[4.7509,45.706],[4.7477,45.7076],[4.7459,45.7085],[4.7456,45.7092],[4.7458,45.7096],[4.7449,45.7102]]]},"properties":{"id_ffco":"2023-D69-321","nom":"Le BOULARD","_dept":"69","numero":"2023-D69-321","commune":"CHAPONOST","echelle":"1/3500","surface":"0.34 km²","format":"A4","annee":"2023","cartographes":"Marian Basset","niveau":"Initiation, Scolaire","specialite":"CO à pied","latitude":"45.7090033131","longitude":"4.74968307251","date_saisie":"28/12/2023","date_depot":"01/07/2024","valide":"Oui","ppo":"Non","type_carte":"Nouvelle carte","fond":"Ortho","obsolete":false}},{"type":"Feature","geometry":{"type":"Polygon","coordinates":[[[4.7012,45.8661],[4.7018,45.8625],[4.7039,45.8617],[4.7057,45.8621],[4.7082,45.8642],[4.7091,45.8646],[4.7096,45.8645],[4.7137,45.865],[4.7144,45.8657],[4.714,45.8682],[4.7128,45.8721],[4.7147,45.8726],[4.7144,45.8738],[4.7153,45.8752],[4.7145,45.8764],[4.7142,45.877],[4.7129,45.877],[4.7124,45.8774],[4.7122,45.8776],[4.7101,45.877],[4.7095,45.8775],[4.7091,45.8772],[4.7093,45.8768],[4.7094,45.8765],[4.7086,45.8758],[4.7061,45.8749],[4.7057,45.8741],[4.7075,45.8727],[4.7082,45.8715],[4.7012,45.8661]]]},"properties":{"id_ffco":"2023-D69-320","nom":"CHAZAY-D'AZERGUES","_dept":"69","numero":"2023-D69-320","commune":"CHAZAY-D'AZERGUES","echelle":"1/4000","surface":"1.05 km²","format":"A4","annee":"2023","cartographes":"Robert BASTARD","proprietaire":"6917 - CLUB DE COURSE D'ORIENTATION DES PIERRES DOREES","niveau":"Régional","specialite":"Sprint (ISSOM)","latitude":"45.8692865382","longitude":"4.70886817357","date_saisie":"15/03/2023","date_depot":"01/07/2024","valide":"Oui","ppo":"Non","type_carte":"Nouvelle carte","fond":"Cadastre","obsolete":false}},{"type":"Feature","geometry":{"type":"Polygon","coordinates":[[[4.8624,45.7847],[4.8652,45.7846],[4.8815,45.7876],[4.8851,45.7874],[4.8856,45.7867],[4.8839,45.7855],[4.8846,45.7838],[4.8771,45.7821],[4.8753,45.7793],[4.87,45.7787],[4.863,45.7792],[4.8613,45.7795],[4.8621,45.7805],[4.8606,45.7815],[4.8614,45.7836],[4.8624,45.7847]]]},"properties":{"id_ffco":"2023-D69-319","nom":"Domaine Scientifique de la Doua","_dept":"69","numero":"2023-D69-319","commune":"VILLEURBANNE","echelle":"1/4000","surface":"1.13 km²","format":"A3","annee":"2023","cartographes":"Marian Basset","niveau":"Régional","specialite":"CO à pied","latitude":"45.783049624","longitude":"4.87235431443","date_saisie":"28/12/2023","date_depot":"27/06/2024","valide":"Oui","ppo":"Non","type_carte":"Reprise","base":"2001-D69-69 DOMAINE SCIENTIFIQUE LA DOUA","fond":"Ortho","obsolete":false}},{"type":"Feature","geometry":{"type":"Polygon","coordinates":[[[4.8174,45.7653],[4.817,45.764],[4.8197,45.7637],[4.8198,45.7636],[4.8207,45.7637],[4.8211,45.764],[4.8225,45.7649],[4.8228,45.7654],[4.8224,45.7655],[4.8212,45.765],[4.8205,45.7648],[4.8201,45.7648],[4.82,45.7649],[4.8174,45.7653]]]},"properties":{"id_ffco":"2023-D69-318","nom":"Sainte Marie-La Solitude","_dept":"69","numero":"2023-D69-318","commune":"LYON","echelle":"1/2000","surface":"0.05 km²","format":"A4","annee":"2023","cartographes":"Franck Dechavanne, Bernard Minot","niveau":"Initiation, Scolaire","specialite":"CO à pied","latitude":"45.7645070231","longitude":"4.81959732568","date_saisie":"22/02/2023","date_depot":"01/07/2024","valide":"Oui","ppo":"Non","type_carte":"Reprise","base":"2015-D69-221 Site de la Solitude - Sainte Marie Lyon","fond":"Cadastre","obsolete":false}},{"type":"Feature","geometry":{"type":"Polygon","coordinates":[[[4.567,45.7384],[4.5696,45.7382],[4.5725,45.7409],[4.5724,45.744],[4.5671,45.7437],[4.567,45.7384]]]},"properties":{"id_ffco":"2023-D69-317","nom":"Courzieu Village","_dept":"69","numero":"2023-D69-317","commune":"Courzieu","echelle":"1/4000","surface":"0.23 km²","format":"A4","annee":"2023","cartographes":"Franck Dechavanne, Henti Mascarell","niveau":"Initiation, Scolaire","specialite":"CO à pied","latitude":"45.7413503346","longitude":"4.56952558867","date_saisie":"23/02/2023","date_depot":"01/07/2024","valide":"Oui","ppo":"Non","type_carte":"Nouvelle carte","fond":"Cadastre","obsolete":false}},{"type":"Feature","geometry":{"type":"Polygon","coordinates":[[[4.7857,45.765],[4.789,45.7669],[4.7963,45.7667],[4.8154,45.7663],[4.8221,45.7662],[4.8228,45.7527],[4.8176,45.7489],[4.8139,45.7489],[4.8076,45.7494],[4.7946,45.75],[4.789,45.7504],[4.7892,45.7541],[4.7821,45.7546],[4.7831,45.7611],[4.7857,45.765]]]},"properties":{"id_ffco":"2023-D69-316","nom":"Lyon 5 Saint Just - Fourvière","_dept":"69","numero":"2023-D69-316","commune":"LYON","echelle":"1/7500","surface":"5.42 km²","format":"A3","annee":"2023","cartographes":"Bernard Minot","niveau":"Régional","specialite":"Rand'O","latitude":"45.7582377586","longitude":"4.80364774021","date_saisie":"22/02/2023","date_depot":"27/06/2024","valide":"Oui","ppo":"Non","type_carte":"Nouvelle carte","fond":"Cadastre","obsolete":false}},{"type":"Feature","geometry":{"type":"Polygon","coordinates":[[[4.912,45.8206],[4.9148,45.8204],[4.9154,45.8212],[4.9149,45.8232],[4.9156,45.8237],[4.9166,45.8235],[4.9184,45.8221],[4.9187,45.8192],[4.9179,45.8167],[4.9167,45.8146],[4.9161,45.8122],[4.9154,45.8111],[4.9104,45.8111],[4.9093,45.812],[4.9067,45.8128],[4.905,45.8131],[4.9053,45.8158],[4.9056,45.8175],[4.9078,45.8183],[4.9078,45.8196],[4.912,45.8206]]]},"properties":{"id_ffco":"2023-D69-315","nom":"Sermenaz","_dept":"69","numero":"2023-D69-315","commune":"Rillieux La Pape","echelle":"1/5000","surface":"0.92 km²","format":"A4","annee":"2023","cartographes":"Franck Dechavanne","niveau":"Initiation, Scolaire","specialite":"CO à pied","latitude":"45.8164788877","longitude":"4.91236527854","date_saisie":"23/02/2023","date_depot":"01/07/2024","valide":"Oui","ppo":"Non","type_carte":"Nouvelle carte","fond":"Ortho","obsolete":false}},{"type":"Feature","geometry":{"type":"Polygon","coordinates":[[[4.5571,45.7446],[4.5602,45.7466],[4.5678,45.7463],[4.5688,45.7452],[4.5702,45.7452],[4.5717,45.7455],[4.5778,45.7413],[4.579,45.7365],[4.5713,45.7364],[4.5673,45.733],[4.5578,45.7352],[4.5574,45.7421],[4.5571,45.7446]]]},"properties":{"id_ffco":"2023-D69-314","nom":"Courzieu le Bourg Mont Pinet","_dept":"69","numero":"2023-D69-314","commune":"Courzieu","echelle":"1/7500","surface":"1.82 km²","format":"A4","annee":"2023","cartographes":"Franck Dechavanne, Henti Mascarell","niveau":"Initiation, Scolaire","specialite":"CO à pied","latitude":"45.7401308598","longitude":"4.56666544992","date_saisie":"23/02/2023","date_depot":"01/07/2024","valide":"Oui","ppo":"Non","type_carte":"Nouvelle carte","fond":"Cadastre","obsolete":false}},{"type":"Feature","geometry":{"type":"Polygon","coordinates":[[[4.6552,45.9354],[4.6554,45.9369],[4.6619,45.9485],[4.6627,45.95],[4.6656,45.9508],[4.6671,45.9524],[4.6689,45.9534],[4.6694,45.9538],[4.6726,45.953],[4.6744,45.9532],[4.6768,45.9526],[4.6787,45.952],[4.6825,45.9551],[4.6857,45.955],[4.691,45.9552],[4.6928,45.9554],[4.6935,45.9543],[4.6934,45.9519],[4.6937,45.9506],[4.6917,45.9478],[4.6907,45.9435],[4.6895,45.9371],[4.6876,45.9342],[4.6864,45.9276],[4.687,45.9245],[4.6816,45.9251],[4.6755,45.925],[4.6693,45.9252],[4.6646,45.9255],[4.6609,45.926],[4.6562,45.9264],[4.656,45.9313],[4.6552,45.9354]]]},"properties":{"id_ffco":"2022-D69-313","nom":"BOIS D'ALIX VTT","_dept":"69","numero":"2022-D69-313","commune":"Pommiers","echelle":"1/10000","surface":"7.67 km²","format":"A3","annee":"2022","cartographes":"RORA Sébastien","proprietaire":"6917 - CLUB DE COURSE D'ORIENTATION DES PIERRES DOREES","niveau":"Interrégional","specialite":"CO à VTT","contacts":"COPIDO, contact@copido.fr, http://copido.fr/","latitude":"45.9394273223","longitude":"4.6744622903","date_saisie":"07/09/2022","date_depot":"07/06/2023","valide":"Oui","ppo":"Non","type_carte":"Nouvelle carte","fond":"Ortho","obsolete":false}},{"type":"Feature","geometry":{"type":"Polygon","coordinates":[[[4.6627,45.9495],[4.6689,45.9531],[4.6693,45.9536],[4.6745,45.9528],[4.683,45.9547],[4.6926,45.9552],[4.6935,45.951],[4.6914,45.9477],[4.6901,45.9411],[4.6888,45.9384],[4.6871,45.9319],[4.6864,45.9281],[4.6869,45.9259],[4.6823,45.9255],[4.677,45.9258],[4.6731,45.9252],[4.6707,45.9255],[4.6673,45.9261],[4.6641,45.9261],[4.6605,45.9269],[4.6561,45.9269],[4.6558,45.9345],[4.6549,45.9355],[4.6546,45.9362],[4.6582,45.9421],[4.6617,45.9485],[4.6627,45.9495]]]},"properties":{"id_ffco":"2022-D69-312","nom":"BOIS D'ALIX 2","_dept":"69","numero":"2022-D69-312","commune":"Pommiers","echelle":"1/10000","surface":"7.46 km²","format":"A3","annee":"2022","cartographes":"NOUAILLE Philippe, BASTARD Robert","proprietaire":"6917 - CLUB DE COURSE D'ORIENTATION DES PIERRES DOREES","niveau":"Interrégional","specialite":"CO à pied","contacts":"COPIDO, contact@copido.fr, http://copido.fr/","latitude":"45.9397060367","longitude":"4.67430988975","date_saisie":"07/09/2022","date_depot":"07/06/2023","valide":"Oui","ppo":"Non","type_carte":"Nouvelle carte","fond":"Ortho","obsolete":false}},{"type":"Feature","geometry":{"type":"Polygon","coordinates":[[[4.5702,45.7461],[4.5689,45.7458],[4.5671,45.7471],[4.5634,45.7488],[4.5616,45.7219],[4.5641,45.7215],[4.5672,45.72],[4.5718,45.7199],[4.5737,45.7191],[4.5736,45.7164],[4.5772,45.7141],[4.5773,45.7132],[4.5848,45.7164],[4.5901,45.7162],[4.592,45.717],[4.592,45.7198],[4.5961,45.7221],[4.5995,45.724],[4.6013,45.7294],[4.5991,45.7336],[4.6044,45.7385],[4.6076,45.7372],[4.6125,45.7371],[4.6141,45.7393],[4.6141,45.7428],[4.614,45.7479],[4.6113,45.7489],[4.6108,45.7511],[4.6145,45.7555],[4.6162,45.7608],[4.6124,45.7614],[4.6104,45.7651],[4.6086,45.7656],[4.607,45.7646],[4.6044,45.7648],[4.6022,45.7668],[4.6028,45.7693],[4.5977,45.77],[4.5941,45.7694],[4.5934,45.768],[4.5898,45.7663],[4.5871,45.7626],[4.5829,45.7587],[4.583,45.7544],[4.5804,45.7527],[4.5752,45.7488],[4.5707,45.7469],[4.5702,45.7461]]]},"properties":{"id_ffco":"2022-D69-311","nom":"Courzieu","_dept":"69","numero":"2022-D69-311","commune":"Courzieu","echelle":"1/15000","surface":"15.87 km²","format":"A3","annee":"2022","cartographes":"Franck Dechavanne, Henri Mascarell","niveau":"Régional","specialite":"CO à pied","latitude":"45.7411566453","longitude":"4.58844021342","date_saisie":"25/11/2022","date_depot":"07/06/2023","valide":"Oui","ppo":"Non","type_carte":"Nouvelle carte","fond":"Cadastre","obsolete":false}},{"type":"Feature","geometry":{"type":"Polygon","coordinates":[[[4.8644,45.8489],[4.8649,45.8499],[4.866,45.8506],[4.8676,45.8513],[4.8695,45.8517],[4.8698,45.8512],[4.8693,45.8505],[4.8687,45.8496],[4.868,45.8485],[4.8669,45.8479],[4.8674,45.8485],[4.8666,45.8481],[4.866,45.8479],[4.8644,45.848],[4.8641,45.8482],[4.8644,45.8489]]]},"properties":{"id_ffco":"2022-D69-310","nom":"Stade des Prolières","_dept":"69","numero":"2022-D69-310","commune":"Cailloux/Fontaines","echelle":"1/2000","surface":"0.1 km²","format":"A4","annee":"2022","cartographes":"Franck Dechavanne","niveau":"Initiation, Scolaire","specialite":"CO à pied","latitude":"45.8496499991","longitude":"4.86690507414","date_saisie":"08/12/2022","date_depot":"13/06/2023","valide":"Oui","ppo":"Non","type_carte":"Nouvelle carte","fond":"Ortho","obsolete":false}},{"type":"Feature","geometry":{"type":"Polygon","coordinates":[[[4.6282,45.9951],[4.6301,45.9948],[4.6324,45.9934],[4.6331,45.9929],[4.635,45.9931],[4.6356,45.9924],[4.6358,45.9917],[4.6368,45.9912],[4.6368,45.9898],[4.636,45.9898],[4.6352,45.9894],[4.6328,45.9897],[4.632,45.9887],[4.6319,45.9882],[4.6317,45.9865],[4.6314,45.9858],[4.6299,45.9852],[4.6289,45.9847],[4.6252,45.9845],[4.6204,45.9856],[4.619,45.986],[4.6198,45.9905],[4.6196,45.992],[4.6202,45.9928],[4.6212,45.9934],[4.6216,45.9946],[4.6236,45.995],[4.626,45.9953],[4.6282,45.9951]]]},"properties":{"id_ffco":"2022-D69-309","nom":"COGNY Bourg","_dept":"69","numero":"2022-D69-309","commune":"COGNY","echelle":"1/4000","surface":"1.15 km²","format":"A3","annee":"2022","cartographes":"RORA Sébastien","proprietaire":"6917 - CLUB DE COURSE D'ORIENTATION DES PIERRES DOREES","niveau":"Régional","specialite":"Sprint (ISSOM)","contacts":"COPIDO, contact@copido.fr, http://copido.fr/","latitude":"45.9899861106","longitude":"4.62676426846","date_saisie":"07/09/2022","date_depot":"07/06/2023","valide":"Oui","ppo":"Non","type_carte":"Nouvelle carte","fond":"Cadastre","obsolete":false}},{"type":"Feature","geometry":{"type":"Polygon","coordinates":[[[4.7931,45.8098],[4.7923,45.8091],[4.7928,45.8083],[4.793,45.8082],[4.793,45.8077],[4.7932,45.8073],[4.7942,45.8071],[4.7938,45.806],[4.7945,45.8059],[4.7947,45.8062],[4.7955,45.8062],[4.7961,45.8078],[4.795,45.8078],[4.7956,45.8095],[4.7949,45.8095],[4.794,45.8096],[4.7934,45.8097],[4.7931,45.8098]]]},"properties":{"id_ffco":"2022-D69-308","nom":"Collège Fromente Saint François","_dept":"69","numero":"2022-D69-308","commune":"Saint-Didier-au-Mont-d'Or","echelle":"1/2000","surface":"0.07 km²","format":"A4","annee":"2022","cartographes":"Géodézic Pierre Martinez","niveau":"Initiation, Scolaire","specialite":"CO à pied","latitude":"45.8080239395","longitude":"4.7942677324","date_saisie":"08/12/2022","date_depot":"13/06/2023","valide":"Oui","ppo":"Non","type_carte":"Nouvelle carte","fond":"Laser","obsolete":false}},{"type":"Feature","geometry":{"type":"Polygon","coordinates":[[[4.9048,45.6549],[4.9105,45.6549],[4.9104,45.6528],[4.9077,45.6517],[4.9048,45.6549]]]},"properties":{"id_ffco":"2022-D69-307","nom":"Parc de loisir Corbas","_dept":"69","numero":"2022-D69-307","commune":"Corbas","echelle":"1/2000","surface":"0.1 km²","format":"A4","annee":"2022","cartographes":"Marian Basset","proprietaire":"Commune de Corbas","niveau":"Initiation, Scolaire","specialite":"CO à pied","latitude":"45.6536758857","longitude":"4.90807968155","date_saisie":"08/12/2022","date_depot":"13/06/2023","valide":"Oui","ppo":"Oui (60 postes)","type_carte":"Nouvelle carte","fond":"Ortho","obsolete":false}},{"type":"Feature","geometry":{"type":"Polygon","coordinates":[[[4.6802,46.1615],[4.6794,46.1613],[4.6788,46.1612],[4.6783,46.1613],[4.6773,46.1602],[4.6779,46.1601],[4.6794,46.1599],[4.6799,46.1598],[4.6803,46.1598],[4.6806,46.1604],[4.6807,46.1607],[4.6802,46.1615]]]},"properties":{"id_ffco":"2022-D69-306","nom":"Parc du Château de Fontcrenne","_dept":"69","numero":"2022-D69-306","commune":"Villié Morgon","echelle":"1/1000","surface":"0.03 km²","format":"A4","annee":"2022","cartographes":"Marian Basset","niveau":"Initiation, Scolaire","specialite":"CO à pied","latitude":"46.1605903238","longitude":"4.67919409653","date_saisie":"08/12/2022","date_depot":"13/06/2023","valide":"Oui","ppo":"Non","type_carte":"Nouvelle carte","fond":"Ortho","obsolete":false}},{"type":"Feature","geometry":{"type":"Polygon","coordinates":[[[4.5736,45.9055],[4.5695,45.9045],[4.5661,45.9025],[4.5655,45.9027],[4.5655,45.9037],[4.557,45.9046],[4.5536,45.9095],[4.5565,45.9122],[4.5512,45.9159],[4.5571,45.918],[4.5607,45.9155],[4.5633,45.9165],[4.5654,45.9169],[4.5691,45.9161],[4.5711,45.9149],[4.5716,45.9095],[4.5728,45.9078],[4.5741,45.9072],[4.5736,45.9055]]]},"properties":{"id_ffco":"2022-D69-305","nom":"Forêt de la Flachère","_dept":"69","numero":"2022-D69-305","commune":"Val d'Oingt","echelle":"1/7500","surface":"1.86 km²","format":"A4","annee":"2022","cartographes":"Franck Dechavanne","niveau":"Régional","specialite":"CO à pied","latitude":"45.9103834921","longitude":"4.56310667447","date_saisie":"08/12/2022","date_depot":"13/06/2023","valide":"Oui","ppo":"Oui (30 postes)","type_carte":"Nouvelle carte","fond":"Ortho","url":"http://copido.fr/index.htm#PPO","obsolete":false}},{"type":"Feature","geometry":{"type":"Polygon","coordinates":[[[4.8113,45.7749],[4.8081,45.7752],[4.8079,45.7739],[4.7977,45.7694],[4.7988,45.7676],[4.7997,45.766],[4.8015,45.7656],[4.8047,45.7656],[4.8109,45.759],[4.8112,45.7546],[4.8134,45.7537],[4.8185,45.7539],[4.8328,45.7536],[4.8384,45.7597],[4.8387,45.7692],[4.8391,45.7734],[4.82,45.7734],[4.8133,45.7706],[4.8113,45.7749]]]},"properties":{"id_ffco":"2022-D69-304","nom":"LYON Fourvière-Croix Rousse","_dept":"69","numero":"2022-D69-304","commune":"LYON","echelle":"1/7500","surface":"5.38 km²","format":"A3","annee":"2022","cartographes":"CDCO69","niveau":"Régional","specialite":"CO à pied","latitude":"45.7644985515","longitude":"4.82150270558","date_saisie":"08/12/2022","date_depot":"07/06/2023","valide":"Oui","ppo":"Non","type_carte":"Nouvelle carte","fond":"Cadastre","obsolete":false}},{"type":"Feature","geometry":{"type":"Polygon","coordinates":[[[4.7713,45.7318],[4.7713,45.731],[4.7713,45.7306],[4.7712,45.7295],[4.774,45.7298],[4.7738,45.7305],[4.7732,45.7306],[4.773,45.731],[4.7726,45.731],[4.7724,45.732],[4.7713,45.7318]]]},"properties":{"id_ffco":"2021-D69-303","nom":"Parc Sportif Francheville","_dept":"69","numero":"2021-D69-303","commune":"Francheville","echelle":"1/2000","surface":"0.04 km²","format":"A4","annee":"2021","cartographes":"Marian Basset","niveau":"Initiation, Scolaire","specialite":"CO à pied","latitude":"45.7305828021","longitude":"4.77228429151","date_saisie":"13/12/2021","date_depot":"10/03/2022","valide":"Oui","ppo":"Non","type_carte":"Nouvelle carte","fond":"Ortho","obsolete":false}},{"type":"Feature","geometry":{"type":"Polygon","coordinates":[[[4.8543,45.8339],[4.8557,45.8337],[4.8559,45.8334],[4.856,45.8318],[4.856,45.8317],[4.8547,45.8319],[4.8539,45.8322],[4.8538,45.833],[4.854,45.8335],[4.8534,45.8336],[4.8535,45.834],[4.8544,45.8339],[4.8543,45.8339]]]},"properties":{"id_ffco":"2021-D69-302","nom":"Stade des Ronzières","_dept":"69","numero":"2021-D69-302","commune":"Fontaine sur Saone","echelle":"1/1500","surface":"0.04 km²","format":"A4","annee":"2021","cartographes":"Franck Dechavanne","niveau":"Initiation, Scolaire","specialite":"CO à pied","latitude":"45.8328696626","longitude":"4.85485745794","date_saisie":"13/12/2021","date_depot":"10/03/2022","valide":"Oui","ppo":"Non","type_carte":"Reprise","base":"2007-D69-161 STADE DES RONZIERES","fond":"Ortho","obsolete":false}},{"type":"Feature","geometry":{"type":"Polygon","coordinates":[[[4.5104,45.9391],[4.5265,45.9389],[4.5378,45.927],[4.5417,45.9237],[4.5449,45.9172],[4.5446,45.9159],[4.5381,45.9079],[4.5316,45.9073],[4.5092,45.9119],[4.5025,45.9149],[4.4971,45.919],[4.498,45.9226],[4.4986,45.9244],[4.5006,45.9309],[4.5038,45.9323],[4.5039,45.9359],[4.5062,45.9381],[4.5104,45.9391]]]},"properties":{"id_ffco":"2021-D69-301","nom":"Saint Véran","_dept":"69","numero":"2021-D69-301","commune":"Saint Véran","echelle":"1/15000","surface":"9.28 km²","format":"A3","annee":"2021","cartographes":"Robert Bastard","niveau":"Départemental","specialite":"CO à pied","latitude":"45.9229590015","longitude":"4.52065227276","date_saisie":"13/12/2021","date_depot":"10/03/2022","valide":"Oui","ppo":"Non","type_carte":"Nouvelle carte","fond":"Cadastre","obsolete":false}},{"type":"Feature","geometry":{"type":"Polygon","coordinates":[[[4.7049,45.916],[4.7025,45.9163],[4.7006,45.9167],[4.6997,45.9164],[4.6982,45.916],[4.6971,45.9158],[4.6955,45.9168],[4.6957,45.9076],[4.7014,45.9073],[4.7016,45.9093],[4.7026,45.9126],[4.7037,45.9143],[4.7047,45.9155],[4.7049,45.916]]]},"properties":{"id_ffco":"2021-D69-300","nom":"Lucenay","_dept":"69","numero":"2021-D69-300","commune":"Lucenay","echelle":"1/4000","surface":"0.54 km²","format":"A4","annee":"2021","cartographes":"BASTARD Robert","proprietaire":"6917 - CLUB DE COURSE D'ORIENTATION DES PIERRES DOREES","niveau":"Départemental","specialite":"Sprint (ISSOM)","contacts":"COPIDO, contact@copido.fr, http://copido.fr/","latitude":"45.9122621875","longitude":"4.6992608636","date_saisie":"03/09/2021","date_depot":"10/03/2022","valide":"Oui","ppo":"Non","type_carte":"Nouvelle carte","fond":"Cadastre","obsolete":false}},{"type":"Feature","geometry":{"type":"Polygon","coordinates":[[[4.7023,45.9124],[4.7028,45.9135],[4.7043,45.9152],[4.7047,45.9159],[4.7023,45.9175],[4.6997,45.9163],[4.6986,45.9158],[4.6984,45.9159],[4.6974,45.917],[4.6974,45.9175],[4.6925,45.9181],[4.6908,45.9165],[4.6898,45.916],[4.6878,45.916],[4.6862,45.9162],[4.6849,45.9158],[4.6841,45.9154],[4.6817,45.9157],[4.6808,45.9145],[4.6809,45.9137],[4.6797,45.9109],[4.6781,45.9069],[4.6777,45.9049],[4.674,45.9044],[4.6702,45.9054],[4.67,45.9041],[4.6698,45.9035],[4.6702,45.9025],[4.6696,45.9007],[4.6698,45.8995],[4.6699,45.8986],[4.6694,45.8952],[4.6694,45.8938],[4.6689,45.8923],[4.6662,45.8927],[4.6663,45.8906],[4.6666,45.8896],[4.6679,45.8886],[4.6673,45.8868],[4.6677,45.8861],[4.6695,45.8854],[4.6702,45.8851],[4.6727,45.8852],[4.6743,45.8847],[4.6757,45.8843],[4.6782,45.8862],[4.6821,45.8849],[4.6833,45.8861],[4.6849,45.8849],[4.687,45.8845],[4.6879,45.8843],[4.6911,45.8861],[4.6929,45.8868],[4.6939,45.8875],[4.695,45.8869],[4.6967,45.8864],[4.7025,45.8838],[4.7029,45.8839],[4.7027,45.887],[4.7026,45.8883],[4.7013,45.8914],[4.7004,45.8936],[4.7015,45.8988],[4.7013,45.9021],[4.7009,45.9035],[4.7008,45.905],[4.7019,45.9071],[4.7018,45.9091],[4.7026,45.9121],[4.7023,45.9124]]]},"properties":{"id_ffco":"2021-D69-299","nom":"Les Pierres Blanches VTT'O","_dept":"69","numero":"2021-D69-299","commune":"Lucenay","echelle":"1/10000","surface":"7.81 km²","format":"A3","annee":"2021","cartographes":"RORA Sébastien","proprietaire":"6917 - CLUB DE COURSE D'ORIENTATION DES PIERRES DOREES","niveau":"National, International","specialite":"CO à VTT","contacts":"COPIDO, contact@copido.fr, http://copido.fr/","latitude":"45.8995721135","longitude":"4.68687911286","date_saisie":"03/09/2021","date_depot":"10/03/2022","valide":"Oui","ppo":"Non","type_carte":"Nouvelle carte","fond":"Cadastre","obsolete":false}},{"type":"Feature","geometry":{"type":"Polygon","coordinates":[[[4.8328,45.7514],[4.8244,45.7537],[4.826,45.7566],[4.8277,45.7585],[4.83,45.7607],[4.8309,45.7634],[4.8311,45.7644],[4.8329,45.7648],[4.8355,45.7654],[4.8367,45.7654],[4.8368,45.7661],[4.8387,45.766],[4.8389,45.7633],[4.8384,45.7589],[4.8368,45.7554],[4.8355,45.7539],[4.8334,45.7512],[4.8328,45.7514]]]},"properties":{"id_ffco":"2021-D69-298","nom":"Bellecour Nord","_dept":"69","numero":"2021-D69-298","commune":"LYON","echelle":"1/7500","surface":"1.08 km²","format":"A4","annee":"2021","cartographes":"Bernard Minot","niveau":"Régional","specialite":"CO à pied","latitude":"45.7583738166","longitude":"4.83280531844","date_saisie":"29/03/2021","date_depot":"10/03/2022","valide":"Oui","ppo":"Non","type_carte":"Nouvelle carte","fond":"Cadastre","obsolete":false}},{"type":"Feature","geometry":{"type":"Polygon","coordinates":[[[4.9632,45.7049],[4.9659,45.7051],[4.9672,45.7064],[4.9758,45.707],[4.979,45.7061],[4.9846,45.7037],[4.9861,45.7026],[4.9855,45.7001],[4.9835,45.6949],[4.983,45.6942],[4.9837,45.6896],[4.9802,45.6896],[4.9745,45.6902],[4.9682,45.6914],[4.9676,45.6917],[4.9643,45.6891],[4.962,45.6864],[4.962,45.6843],[4.9579,45.685],[4.9577,45.6838],[4.9538,45.684],[4.9481,45.685],[4.9373,45.6902],[4.9342,45.6918],[4.9373,45.7095],[4.9536,45.7091],[4.9632,45.7049]]]},"properties":{"id_ffco":"2021-D69-297","nom":"Saint Priest Est","_dept":"69","numero":"2021-D69-297","commune":"Saint Priest","echelle":"1/10000","surface":"8.21 km²","format":"A3","annee":"2021","cartographes":"Johann Lasouche","niveau":"Régional","specialite":"Raid'O","latitude":"45.6975122397","longitude":"4.95817683901","date_saisie":"29/03/2021","date_depot":"10/03/2022","valide":"Oui","ppo":"Non","type_carte":"Nouvelle carte","fond":"Ortho","obsolete":false}},{"type":"Feature","geometry":{"type":"Polygon","coordinates":[[[4.9227,45.7206],[4.9242,45.7199],[4.9291,45.7192],[4.931,45.7189],[4.934,45.7216],[4.94,45.7177],[4.9481,45.7119],[4.9488,45.6835],[4.945,45.6849],[4.9377,45.689],[4.924,45.6968],[4.9102,45.7058],[4.9127,45.7144],[4.9147,45.7178],[4.9177,45.7196],[4.9201,45.7203],[4.9227,45.7206]]]},"properties":{"id_ffco":"2021-D69-296","nom":"Saint Priest Ouest","_dept":"69","numero":"2021-D69-296","commune":"Saint Priest","echelle":"1/10000","surface":"7.87 km²","format":"A3","annee":"2021","cartographes":"Johann Lasouche","niveau":"Régional","specialite":"Raid'O","latitude":"45.7051685441","longitude":"4.93223015565","date_saisie":"29/03/2021","date_depot":"10/03/2022","valide":"Oui","ppo":"Non","type_carte":"Nouvelle carte","fond":"Ortho","obsolete":false}},{"type":"Feature","geometry":{"type":"Polygon","coordinates":[[[4.9412,45.6945],[4.9437,45.6942],[4.9452,45.694],[4.9463,45.6943],[4.9464,45.6922],[4.9465,45.6912],[4.9468,45.6897],[4.9451,45.6896],[4.9436,45.6896],[4.9424,45.69],[4.9398,45.6912],[4.9387,45.6918],[4.9408,45.6938],[4.9411,45.6938],[4.9412,45.6945]]]},"properties":{"id_ffco":"2021-D69-295","nom":"Parc Nelson Mandela","_dept":"69","numero":"2021-D69-295","commune":"Saint Priest","echelle":"1/2500","surface":"0.24 km²","format":"A4","annee":"2021","cartographes":"Johann Lasouche","niveau":"Initiation, Scolaire","specialite":"CO à pied","latitude":"45.6919923468","longitude":"4.94332836345","date_saisie":"29/03/2021","date_depot":"10/03/2022","valide":"Oui","ppo":"Non","type_carte":"Nouvelle carte","fond":"Ortho","obsolete":false}},{"type":"Feature","geometry":{"type":"Polygon","coordinates":[[[4.9573,45.6954],[4.9621,45.6951],[4.963,45.6971],[4.9642,45.6979],[4.9675,45.6986],[4.9679,45.6986],[4.9693,45.6969],[4.9697,45.6951],[4.9692,45.6935],[4.967,45.692],[4.9655,45.6922],[4.9617,45.6922],[4.9575,45.6925],[4.9573,45.6954]]]},"properties":{"id_ffco":"2021-D69-294","nom":"Parc de Loisir du Fort","_dept":"69","numero":"2021-D69-294","commune":"Saint Priest","echelle":"1/4000","surface":"0.46 km²","format":"A4","annee":"2021","cartographes":"Johann Lasouche","niveau":"Initiation, Scolaire","specialite":"CO à pied","latitude":"45.6947880324","longitude":"4.96428550184","date_saisie":"29/03/2021","date_depot":"15/03/2022","valide":"Oui","ppo":"Non","type_carte":"Reprise","base":"2013-D69-207 FORT DE SAINT-PRIEST","fond":"Ortho","obsolete":false}},{"type":"Feature","geometry":{"type":"Polygon","coordinates":[[[4.8409,45.7913],[4.8505,45.7985],[4.8528,45.7976],[4.8555,45.7957],[4.8572,45.7927],[4.8573,45.7901],[4.8539,45.7889],[4.8493,45.7866],[4.8478,45.7864],[4.8432,45.7904],[4.8429,45.7908],[4.8407,45.7914],[4.8409,45.7913]]]},"properties":{"id_ffco":"2021-D69-293","nom":"Caluire Montessuy","_dept":"69","numero":"2021-D69-293","commune":"Caluire","echelle":"1/4000","surface":"0.98 km²","format":"A4","annee":"2021","cartographes":"Quentin Moulet","niveau":"Régional","specialite":"CO à pied","latitude":"45.7922523991","longitude":"4.85005818405","date_saisie":"29/03/2021","date_depot":"15/03/2022","valide":"Oui","ppo":"Non","type_carte":"Nouvelle carte","fond":"Ortho","obsolete":false}},{"type":"Feature","geometry":{"type":"Polygon","coordinates":[[[4.6677,45.6247],[4.669,45.6261],[4.6699,45.6267],[4.6712,45.6266],[4.6723,45.6276],[4.6759,45.6271],[4.6758,45.6257],[4.6749,45.6255],[4.6749,45.6243],[4.6779,45.6236],[4.6793,45.6218],[4.6818,45.6201],[4.6814,45.6195],[4.6815,45.6186],[4.6821,45.6172],[4.6818,45.616],[4.6814,45.6142],[4.6812,45.6136],[4.6818,45.612],[4.6811,45.6095],[4.6808,45.6088],[4.6797,45.6087],[4.6783,45.6091],[4.6773,45.6099],[4.6758,45.6117],[4.6743,45.6124],[4.6734,45.6132],[4.6728,45.6144],[4.6717,45.6152],[4.6702,45.6158],[4.6689,45.6167],[4.6676,45.6181],[4.6666,45.6189],[4.6668,45.6187],[4.6663,45.6196],[4.6662,45.6205],[4.6664,45.6211],[4.6652,45.6222],[4.6652,45.6231],[4.6665,45.6243],[4.6677,45.6247]]]},"properties":{"id_ffco":"2021-D69-292","nom":"Mornant","_dept":"69","numero":"2021-D69-292","commune":"MORNANT","echelle":"1/4000","surface":"1.57 km²","format":"A3","annee":"2021","cartographes":"Nicolas RIO","niveau":"Régional","specialite":"Sprint (ISSOM)","latitude":"45.6188034526","longitude":"4.67451868603","date_saisie":"29/03/2021","date_depot":"15/03/2022","valide":"Oui","ppo":"Non","type_carte":"Nouvelle carte","fond":"Ortho","obsolete":false}},{"type":"Feature","geometry":{"type":"Polygon","coordinates":[[[4.4939,46.0535],[4.4918,46.0542],[4.49,46.0548],[4.4848,46.055],[4.4842,46.0539],[4.4824,46.0547],[4.4805,46.055],[4.4789,46.0555],[4.4775,46.054],[4.4764,46.0526],[4.4774,46.0517],[4.4772,46.051],[4.4765,46.0506],[4.4776,46.0501],[4.4801,46.0503],[4.4812,46.0499],[4.4842,46.0499],[4.4846,46.0495],[4.4859,46.0499],[4.4862,46.0484],[4.4869,46.0482],[4.4878,46.0492],[4.4887,46.0502],[4.4897,46.0498],[4.4919,46.0503],[4.4931,46.0516],[4.4939,46.0535]]]},"properties":{"id_ffco":"2020-D69-291","nom":"La Croix Du Sec","_dept":"69","numero":"2020-D69-291","commune":"Lamure sur Azergues","echelle":"1/5000","surface":"0.67 km²","format":"A4","annee":"2020","cartographes":"Marian Basset","niveau":"Initiation, Scolaire","specialite":"CO à pied","contacts":"Collège Haute Azergues","latitude":"46.0522798725","longitude":"4.48501374503","date_saisie":"21/12/2020","date_depot":"09/03/2021","valide":"Oui","ppo":"Non","type_carte":"Nouvelle carte","fond":"Cadastre","obsolete":false}},{"type":"Feature","geometry":{"type":"Polygon","coordinates":[[[4.4934,46.0547],[4.4938,46.0548],[4.4944,46.0555],[4.4937,46.0561],[4.4933,46.0569],[4.493,46.0575],[4.4925,46.0577],[4.4921,46.0578],[4.4911,46.0574],[4.4919,46.0563],[4.4923,46.0558],[4.4925,46.0555],[4.4934,46.0547]]]},"properties":{"id_ffco":"2020-D69-290","nom":"Stade J Dumas","_dept":"69","numero":"2020-D69-290","commune":"Lamure sur Azergues","echelle":"1/1500","surface":"0.04 km²","format":"A4","annee":"2020","cartographes":"Marian Basset","niveau":"Initiation, Scolaire","specialite":"CO à pied","contacts":"Collège Haute Azergues","latitude":"46.0563338198","longitude":"4.49277895241","date_saisie":"21/12/2020","date_depot":"09/03/2021","valide":"Oui","ppo":"Non","type_carte":"Nouvelle carte","fond":"Cadastre","obsolete":false}},{"type":"Feature","geometry":{"type":"Polygon","coordinates":[[[4.4932,46.0526],[4.492,46.0519],[4.4912,46.0513],[4.4895,46.0511],[4.4912,46.0499],[4.4925,46.0506],[4.4931,46.0516],[4.4932,46.0523],[4.4932,46.0526]]]},"properties":{"id_ffco":"2020-D69-289","nom":"Collège Haute Azergues","_dept":"69","numero":"2020-D69-289","commune":"Lamure sur Azergues","echelle":"1/1250","surface":"0.04 km²","format":"A4","annee":"2020","cartographes":"Marian Basset","niveau":"Initiation, Scolaire","specialite":"CO à pied","contacts":"Collège Haute Azergues","latitude":"46.051103191","longitude":"4.49168144918","date_saisie":"21/12/2020","date_depot":"09/03/2021","valide":"Oui","ppo":"Non","type_carte":"Nouvelle carte","fond":"Ortho","obsolete":false}},{"type":"Feature","geometry":{"type":"Polygon","coordinates":[[[4.5864,45.92],[4.5836,45.9202],[4.5846,45.9214],[4.5853,45.9219],[4.5824,45.9246],[4.5807,45.929],[4.5802,45.9307],[4.5807,45.9323],[4.5795,45.9356],[4.5788,45.9386],[4.5793,45.9407],[4.5805,45.9423],[4.5809,45.9433],[4.5816,45.9452],[4.581,45.9462],[4.5788,45.9472],[4.5786,45.9471],[4.5777,45.9479],[4.5771,45.9497],[4.5757,45.9516],[4.5752,45.9522],[4.5736,45.9559],[4.5741,45.9587],[4.5753,45.9606],[4.5745,45.9662],[4.5768,45.9679],[4.5789,45.9691],[4.5813,45.969],[4.5866,45.9685],[4.5968,45.968],[4.5989,45.9672],[4.5985,45.9644],[4.5967,45.9614],[4.5957,45.9598],[4.5976,45.9572],[4.5994,45.957],[4.6037,45.9562],[4.6089,45.956],[4.6095,45.955],[4.6142,45.956],[4.6166,45.9556],[4.618,45.9533],[4.6195,45.9517],[4.621,45.95],[4.6211,45.948],[4.6218,45.9463],[4.6238,45.9447],[4.6224,45.9426],[4.6226,45.9402],[4.6224,45.9387],[4.6219,45.9362],[4.6207,45.9342],[4.6164,45.9288],[4.6134,45.9255],[4.6101,45.9241],[4.6074,45.9229],[4.6051,45.9218],[4.6031,45.9207],[4.601,45.9196],[4.5983,45.9192],[4.5956,45.9198],[4.5917,45.9198],[4.5903,45.9191],[4.5893,45.9187],[4.5874,45.9196],[4.5864,45.92]]]},"properties":{"id_ffco":"2020-D69-288","nom":"Val d' Oingt","_dept":"69","numero":"2020-D69-288","commune":"Val d'Oingt","echelle":"1/15000","surface":"14.39 km²","format":"A3","annee":"2020","cartographes":"CDCO69, Franck DECHAVANNE","niveau":"Interrégional","specialite":"CO à pied","contacts":"CDCO 69, 04 78 93 79 95, 06 50 07 21 59, info@cdco69.fr,  http://www.cdco69.fr","latitude":"45.9433619747","longitude":"4.5968977416","date_saisie":"21/12/2020","date_depot":"15/02/2021","valide":"Oui","ppo":"Non","type_carte":"Nouvelle carte","fond":"Cadastre","obsolete":false}},{"type":"Feature","geometry":{"type":"Polygon","coordinates":[[[4.8211,45.775],[4.8195,45.7746],[4.8193,45.774],[4.8202,45.7733],[4.8214,45.7736],[4.8211,45.775]]]},"properties":{"id_ffco":"2020-D69-287","nom":"ESPE Lyon","_dept":"69","numero":"2020-D69-287","commune":"LYON","echelle":"1/1000","surface":"0.02 km²","format":"A4","annee":"2020","cartographes":"Marian Basset","proprietaire":"INSPE","niveau":"Initiation, Scolaire","specialite":"CO à pied","latitude":"45.7741212359","longitude":"4.82039412062","date_saisie":"07/10/2020","date_depot":"09/03/2021","valide":"Oui","ppo":"Non","type_carte":"Nouvelle carte","fond":"Cadastre","obsolete":false}},{"type":"Feature","geometry":{"type":"Polygon","coordinates":[[[4.7206,45.9418],[4.7224,45.9401],[4.7236,45.9388],[4.7244,45.9378],[4.7223,45.9356],[4.7221,45.9345],[4.7222,45.9329],[4.7222,45.9315],[4.7202,45.9317],[4.7183,45.9329],[4.7167,45.9318],[4.7157,45.9307],[4.7151,45.9297],[4.7143,45.9286],[4.7136,45.9279],[4.7105,45.9281],[4.7099,45.9279],[4.7087,45.9278],[4.7065,45.9282],[4.7048,45.9287],[4.7093,45.9305],[4.7073,45.9309],[4.7074,45.9324],[4.7073,45.9341],[4.709,45.9357],[4.7083,45.9361],[4.7083,45.9379],[4.7082,45.9385],[4.7103,45.9385],[4.7112,45.939],[4.7111,45.9395],[4.7108,45.9401],[4.712,45.9407],[4.7158,45.9406],[4.7172,45.9405],[4.7189,45.9413],[4.7202,45.942],[4.7206,45.9418]]]},"properties":{"id_ffco":"2020-D69-286","nom":"Anse","_dept":"69","numero":"2020-D69-286","commune":"ANSE","echelle":"1/4000","surface":"1.35 km²","format":"A3","annee":"2020","cartographes":"Nicolas PINSARD","niveau":"Régional","specialite":"CO à pied","contacts":"CDCO 69, 04 78 93 79 95, 06 50 07 21 59, info@cdco69.fr,  http://www.cdco69.fr // COPIDO, contact@copido.fr, http://copido.fr/","latitude":"45.9349773146","longitude":"4.71484738033","date_saisie":"07/10/2020","date_depot":"16/10/2020","valide":"Oui","ppo":"Non","type_carte":"Nouvelle carte","fond":"Cadastre","obsolete":false}},{"type":"Feature","geometry":{"type":"Polygon","coordinates":[[[4.6138,45.8822],[4.6187,45.8807],[4.6191,45.8814],[4.6217,45.8814],[4.6245,45.879],[4.6258,45.8782],[4.6254,45.8777],[4.6327,45.8764],[4.6357,45.8749],[4.6379,45.8726],[4.6404,45.8716],[4.643,45.8722],[4.6426,45.8704],[4.6427,45.8697],[4.6411,45.869],[4.6403,45.8682],[4.6392,45.8675],[4.6373,45.8671],[4.6351,45.8658],[4.6308,45.8667],[4.6251,45.8671],[4.6201,45.8668],[4.6183,45.8666],[4.6143,45.8663],[4.6119,45.8668],[4.6082,45.8671],[4.6049,45.8673],[4.604,45.8692],[4.6034,45.8706],[4.6036,45.8724],[4.6035,45.8744],[4.6047,45.8775],[4.6062,45.8796],[4.6089,45.8815],[4.6138,45.8822]]]},"properties":{"id_ffco":"2020-D69-285","nom":"Carrière de GLAY","_dept":"69","numero":"2020-D69-285","commune":"Saint Germain-Nuelles","echelle":"1/7500","surface":"3.77 km²","format":"A3","annee":"2020","cartographes":"Nicolas PINSARD, Franck DECHAVANNE","proprietaire":"6917 - CLUB DE COURSE D'ORIENTATION DES PIERRES DOREES","niveau":"Régional","specialite":"CO à pied","latitude":"45.8730651207","longitude":"4.62031504241","date_saisie":"07/10/2020","date_depot":"19/02/2021","valide":"Oui","ppo":"Non","type_carte":"Nouvelle carte","fond":"Cadastre","obsolete":false}},{"type":"Feature","geometry":{"type":"Polygon","coordinates":[[[4.9267,45.7351],[4.9291,45.7298],[4.9274,45.7274],[4.9226,45.729],[4.9243,45.7318],[4.9237,45.7346],[4.9267,45.7351]]]},"properties":{"id_ffco":"2020-D69-284","nom":"EMSLB","_dept":"69","numero":"2020-D69-284","commune":"BRON","echelle":"1/4000","surface":"0.26 km²","format":"A4","annee":"2020","cartographes":"EVASIO - Vincent PAPON","niveau":"Initiation, Scolaire","specialite":"CO à pied","contacts":"EMSLB","latitude":"45.7310699057","longitude":"4.92597317663","date_saisie":"07/10/2020","date_depot":"09/03/2021","valide":"Oui","ppo":"Non","type_carte":"Nouvelle carte","fond":"Ortho","obsolete":false}},{"type":"Feature","geometry":{"type":"Polygon","coordinates":[[[5.0054,45.7663],[5.0092,45.7654],[5.0093,45.766],[5.0083,45.7662],[5.0087,45.7678],[5.0086,45.7679],[5.0073,45.7671],[5.0059,45.7666],[5.0056,45.7665],[5.0056,45.7664],[5.0054,45.7663]]]},"properties":{"id_ffco":"2020-D69-283","nom":"Parc de La République","_dept":"69","numero":"2020-D69-283","commune":"MEYZIEUX","echelle":"1/1250","surface":"0.03 km²","format":"A4","annee":"2020","cartographes":"Marian Basset","proprietaire":"CDCO69","niveau":"Initiation, Scolaire","specialite":"CO à pied","latitude":"45.7665063982","longitude":"5.00763209414","date_saisie":"07/10/2020","date_depot":"09/03/2021","valide":"Oui","ppo":"Non","type_carte":"Nouvelle carte","fond":"Cadastre","obsolete":false}},{"type":"Feature","geometry":{"type":"Polygon","coordinates":[[[4.9893,45.7887],[4.9927,45.7894],[4.9931,45.7891],[4.9931,45.7888],[4.9923,45.7885],[4.9915,45.788],[4.9908,45.7874],[4.9897,45.7868],[4.9894,45.7872],[4.9892,45.788],[4.9893,45.7887]]]},"properties":{"id_ffco":"2020-D69-282","nom":"Parc du Grand Large","_dept":"69","numero":"2020-D69-282","commune":"MEYZIEUX","echelle":"1/1500","surface":"0.04 km²","format":"A4","annee":"2020","cartographes":"Marian Basset","niveau":"Initiation, Scolaire","specialite":"CO à pied","contacts":"Mairie de Meyzieux","latitude":"45.7882629896","longitude":"4.99080834011","date_saisie":"07/10/2020","date_depot":"09/03/2021","valide":"Oui","ppo":"Non","type_carte":"Nouvelle carte","fond":"Cadastre","obsolete":false}},{"type":"Feature","geometry":{"type":"Polygon","coordinates":[[[5.0094,45.7586],[5.0108,45.7584],[5.0118,45.7585],[5.0126,45.7582],[5.0145,45.7569],[5.0147,45.7543],[5.015,45.7537],[5.0121,45.7536],[5.0108,45.7536],[5.0093,45.7545],[5.0091,45.7549],[5.0099,45.7555],[5.0085,45.756],[5.0094,45.7586]]]},"properties":{"id_ffco":"2020-D69-281","nom":"Fort de MEYZIEUX","_dept":"69","numero":"2020-D69-281","commune":"MEYZIEUX","echelle":"1/2000","surface":"0.21 km²","format":"A4","annee":"2020","cartographes":"Marian BASSET","proprietaire":"CDCO69","niveau":"Initiation, Scolaire","specialite":"CO à pied","latitude":"45.7559777382","longitude":"5.01176131155","date_saisie":"07/10/2020","date_depot":"09/03/2021","valide":"Oui","ppo":"Non","type_carte":"Nouvelle carte","fond":"Cadastre","obsolete":false}},{"type":"Feature","geometry":{"type":"Polygon","coordinates":[[[4.8189,45.7895],[4.8155,45.7866],[4.8129,45.7832],[4.8105,45.7802],[4.8091,45.7774],[4.81,45.7745],[4.8125,45.7723],[4.8134,45.7713],[4.8136,45.7691],[4.8136,45.7678],[4.8135,45.7645],[4.813,45.7628],[4.8158,45.7603],[4.8162,45.7593],[4.8192,45.7603],[4.8217,45.7602],[4.8232,45.7597],[4.8276,45.759],[4.8295,45.7607],[4.8306,45.7629],[4.8308,45.765],[4.8388,45.7665],[4.8389,45.7695],[4.8402,45.7737],[4.8422,45.7783],[4.8427,45.7791],[4.841,45.7802],[4.8386,45.7826],[4.8359,45.7831],[4.8329,45.7838],[4.8314,45.7848],[4.8285,45.784],[4.8253,45.7844],[4.8241,45.7853],[4.8228,45.7868],[4.8233,45.7878],[4.8214,45.7888],[4.8203,45.7892],[4.8189,45.7895]]]},"properties":{"id_ffco":"2020-D69-280","nom":"Lyon Croix Rousse","_dept":"69","numero":"2020-D69-280","commune":"Lyon","echelle":"1/7500","surface":"5.63 km²","format":"A3","annee":"2020","cartographes":"CDCO69","niveau":"Régional","specialite":"CO à pied","latitude":"45.7739386506","longitude":"4.82486404812","date_saisie":"31/01/2020","date_depot":"19/02/2021","valide":"Oui","ppo":"Non","type_carte":"Nouvelle carte","fond":"Cadastre","obsolete":false}},{"type":"Feature","geometry":{"type":"Polygon","coordinates":[[[4.6979,45.9582],[4.6961,45.9546],[4.6942,45.9514],[4.6938,45.9511],[4.6895,45.9516],[4.6905,45.9587],[4.6977,45.9584],[4.6979,45.9582]]]},"properties":{"id_ffco":"2019-D69-279","nom":"Pommiers Village","_dept":"69","numero":"2019-D69-279","commune":"Pommiers","echelle":"1/4000","surface":"0.39 km²","format":"A4","annee":"2019","cartographes":"Robert Bastard","niveau":"Départemental","specialite":"CO à pied","latitude":"45.9552446938","longitude":"4.69316555548","date_saisie":"19/12/2019","date_depot":"22/05/2020","valide":"Oui","ppo":"Non","type_carte":"Nouvelle carte","fond":"Cadastre","obsolete":false}},{"type":"Feature","geometry":{"type":"Polygon","coordinates":[[[4.6296,45.7625],[4.6278,45.7628],[4.627,45.7627],[4.6267,45.7614],[4.6249,45.7601],[4.6238,45.7594],[4.6222,45.7581],[4.6202,45.7565],[4.6182,45.7558],[4.6159,45.7557],[4.6148,45.7554],[4.6133,45.7537],[4.6115,45.752],[4.6106,45.7513],[4.6105,45.7498],[4.611,45.7489],[4.612,45.748],[4.6117,45.7473],[4.6098,45.7461],[4.6073,45.7455],[4.6045,45.7446],[4.6033,45.7439],[4.6019,45.7442],[4.6005,45.7452],[4.5991,45.7459],[4.5978,45.7463],[4.5971,45.7458],[4.597,45.7452],[4.5952,45.7454],[4.5938,45.7458],[4.5931,45.7467],[4.5915,45.7471],[4.5899,45.7473],[4.5891,45.7479],[4.5892,45.749],[4.5893,45.7496],[4.5873,45.7498],[4.5855,45.7503],[4.5847,45.7505],[4.5825,45.7508],[4.5804,45.7505],[4.5801,45.7515],[4.5812,45.7532],[4.5827,45.7533],[4.5843,45.7535],[4.5848,45.7554],[4.5843,45.7581],[4.5843,45.7599],[4.5862,45.7608],[4.5873,45.7615],[4.5878,45.7631],[4.5876,45.7643],[4.5879,45.765],[4.5896,45.7647],[4.5894,45.7658],[4.5928,45.7675],[4.5931,45.7685],[4.5911,45.7689],[4.5916,45.7697],[4.5932,45.77],[4.5971,45.7702],[4.5987,45.7701],[4.6022,45.7701],[4.6029,45.7696],[4.6022,45.7689],[4.6022,45.7674],[4.6024,45.766],[4.6031,45.7652],[4.6055,45.7648],[4.6067,45.7646],[4.6083,45.7654],[4.6095,45.7652],[4.6102,45.7645],[4.611,45.7634],[4.6116,45.7622],[4.6123,45.7612],[4.6144,45.7608],[4.6158,45.7609],[4.6183,45.7606],[4.6191,45.7617],[4.6209,45.7618],[4.6228,45.7616],[4.6241,45.7626],[4.6246,45.7637],[4.6267,45.7639],[4.6284,45.7634],[4.629,45.7631],[4.6293,45.7628],[4.6296,45.7626],[4.6296,45.7625]]]},"properties":{"id_ffco":"2019-D69-278","nom":"Montmain","_dept":"69","numero":"2019-D69-278","commune":"Courzieu","echelle":"1/15000","surface":"5.43 km²","format":"A4","annee":"2019","cartographes":"Franck Dechavanne","niveau":"Régional","specialite":"CO à pied","latitude":"45.756860438","longitude":"4.6007531831","date_saisie":"16/12/2019","date_depot":"22/05/2020","valide":"Oui","ppo":"Non","type_carte":"Nouvelle carte","fond":"Cadastre","obsolete":false}},{"type":"Feature","geometry":{"type":"Polygon","coordinates":[[[4.6587,45.7711],[4.6602,45.7718],[4.6605,45.773],[4.6623,45.7739],[4.6634,45.7749],[4.6631,45.7763],[4.664,45.7765],[4.6646,45.7817],[4.6638,45.7832],[4.6633,45.7857],[4.6607,45.7873],[4.6596,45.7906],[4.6577,45.7951],[4.6552,45.7966],[4.6539,45.797],[4.647,45.7977],[4.6445,45.7981],[4.635,45.7977],[4.6302,45.7976],[4.627,45.7978],[4.6243,45.7979],[4.6234,45.7977],[4.6222,45.7978],[4.6202,45.7977],[4.617,45.7978],[4.6155,45.7968],[4.6151,45.7957],[4.6146,45.7965],[4.6137,45.7975],[4.6121,45.7961],[4.6112,45.794],[4.6099,45.7917],[4.6102,45.7899],[4.6093,45.7872],[4.6072,45.7883],[4.603,45.7891],[4.6024,45.7889],[4.602,45.7871],[4.6028,45.7847],[4.6039,45.7808],[4.6044,45.7793],[4.6048,45.7787],[4.6037,45.7776],[4.6038,45.7753],[4.6042,45.7727],[4.605,45.7723],[4.6066,45.7747],[4.6074,45.7748],[4.6076,45.7741],[4.6068,45.7715],[4.6068,45.7693],[4.6059,45.7686],[4.6055,45.7666],[4.605,45.7655],[4.6036,45.7652],[4.604,45.7642],[4.6064,45.7636],[4.609,45.7647],[4.6095,45.7642],[4.6103,45.7625],[4.6113,45.7609],[4.6127,45.7601],[4.6142,45.7599],[4.6154,45.7597],[4.6162,45.7602],[4.618,45.7599],[4.6194,45.7602],[4.6201,45.7613],[4.6212,45.7611],[4.6237,45.761],[4.6252,45.762],[4.626,45.7635],[4.6285,45.7627],[4.6305,45.7622],[4.6317,45.7621],[4.6299,45.7619],[4.6299,45.761],[4.6317,45.7601],[4.6316,45.7589],[4.631,45.758],[4.6302,45.7568],[4.6306,45.756],[4.6324,45.7556],[4.6352,45.7558],[4.6366,45.7555],[4.6399,45.757],[4.6438,45.7575],[4.6479,45.7578],[4.651,45.7585],[4.6515,45.7651],[4.6603,45.7649],[4.6626,45.7676],[4.6633,45.7702],[4.6615,45.7712],[4.6605,45.771],[4.6587,45.7711]]]},"properties":{"id_ffco":"2019-D69-277","nom":"Saint Pierre La Palud","_dept":"69","numero":"2019-D69-277","commune":"Saint Pierre La Palud","echelle":"1/15000","surface":"17.72 km²","format":"A3","annee":"2019","cartographes":"Franck Dechavanne, CDCO69","niveau":"Interrégional","specialite":"CO à pied","latitude":"45.7784146102","longitude":"4.63371917466","date_saisie":"16/12/2019","date_depot":"22/05/2020","valide":"Oui","ppo":"Non","type_carte":"Nouvelle carte","fond":"Cadastre","obsolete":false}},{"type":"Feature","geometry":{"type":"Polygon","coordinates":[[[4.7718,45.745],[4.771,45.7449],[4.7709,45.7447],[4.7695,45.7445],[4.7683,45.7439],[4.7679,45.7436],[4.7678,45.7423],[4.767,45.7416],[4.7669,45.7405],[4.7671,45.7396],[4.7676,45.7393],[4.7694,45.7395],[4.77,45.739],[4.7703,45.7383],[4.7702,45.7374],[4.7695,45.737],[4.7688,45.7363],[4.7693,45.7358],[4.7697,45.7356],[4.7709,45.7356],[4.7721,45.7351],[4.7742,45.7345],[4.7752,45.7344],[4.7774,45.7346],[4.7794,45.7347],[4.7804,45.7346],[4.782,45.7349],[4.7827,45.7353],[4.7831,45.7357],[4.7828,45.7367],[4.7827,45.7376],[4.7832,45.7395],[4.7831,45.7398],[4.7831,45.7401],[4.7823,45.7408],[4.7803,45.7396],[4.7789,45.7393],[4.7778,45.739],[4.7771,45.7415],[4.7759,45.7415],[4.7756,45.7412],[4.775,45.741],[4.7741,45.7406],[4.7731,45.74],[4.7723,45.7427],[4.7718,45.7447],[4.7718,45.745]]]},"properties":{"id_ffco":"2019-D69-276","nom":"Francheville Le Bas","_dept":"69","numero":"2019-D69-276","commune":"Francheville","echelle":"1/4000","surface":"0.82 km²","format":"A3","annee":"2019","cartographes":"CDCO69","niveau":"Départemental","specialite":"CO à pied","latitude":"45.7386410878","longitude":"4.77477802153","date_saisie":"16/12/2019","date_depot":"22/05/2020","valide":"Oui","ppo":"Non","type_carte":"Nouvelle carte","fond":"Cadastre","obsolete":false}},{"type":"Feature","geometry":{"type":"Polygon","coordinates":[[[4.8408,45.7848],[4.8402,45.7842],[4.8424,45.7835],[4.8426,45.7833],[4.843,45.7834],[4.8432,45.7835],[4.8433,45.7839],[4.8427,45.7845],[4.8434,45.7847],[4.8433,45.7851],[4.8417,45.7855],[4.8412,45.785],[4.8408,45.7848]]]},"properties":{"id_ffco":"2019-D69-275","nom":"Ecole de l'Oratoire","_dept":"69","numero":"2019-D69-275","commune":"Caluire et Cuire","echelle":"1/1000","surface":"0.03 km²","format":"A4","annee":"2019","cartographes":"Henri Mascarell","niveau":"Initiation, Scolaire","specialite":"CO à pied","latitude":"45.7844114896","longitude":"4.84200412898","date_saisie":"16/12/2019","date_depot":"22/05/2020","valide":"Oui","ppo":"Non","type_carte":"Nouvelle carte","fond":"Cadastre","obsolete":false}},{"type":"Feature","geometry":{"type":"Polygon","coordinates":[[[4.9564,45.764],[4.9563,45.7657],[4.9544,45.7657],[4.9543,45.7672],[4.9529,45.7676],[4.951,45.7674],[4.9512,45.7657],[4.9525,45.7657],[4.9527,45.765],[4.9527,45.7641],[4.9564,45.764]]]},"properties":{"id_ffco":"2019-D69-274","nom":"Parc Troussier","_dept":"69","numero":"2019-D69-274","commune":"Décines","echelle":"1/2000","surface":"0.1 km²","format":"A4","annee":"2019","niveau":"Initiation, Scolaire","specialite":"CO à pied","latitude":"45.7657037133","longitude":"4.9536297985","date_saisie":"16/12/2019","date_depot":"22/05/2020","valide":"Oui","ppo":"Oui (30 postes)","type_carte":"Nouvelle carte","fond":"Cadastre","obsolete":false}},{"type":"Feature","geometry":{"type":"Polygon","coordinates":[[[5.0136,45.6358],[5.0157,45.6351],[5.0198,45.6346],[5.0224,45.6342],[5.0236,45.634],[5.0263,45.6344],[5.0289,45.6328],[5.0301,45.6307],[5.0311,45.6298],[5.0319,45.629],[5.0325,45.6288],[5.0316,45.627],[5.028,45.6232],[5.0268,45.6208],[5.0261,45.6189],[5.0251,45.6175],[5.0232,45.6166],[5.0223,45.6168],[5.0154,45.6186],[5.0119,45.6207],[5.011,45.6218],[5.0097,45.6244],[5.0094,45.6254],[5.011,45.6269],[5.0117,45.63],[5.0132,45.633],[5.013,45.6345],[5.0136,45.6358]]]},"properties":{"id_ffco":"2019-D69-273","nom":"Combe Pelouze","_dept":"69","numero":"2019-D69-273","commune":"Saint Pierre de Chandieu","echelle":"1/7500","surface":"2.52 km²","format":"A4","annee":"2019","cartographes":"J. Lasouche, B.Minot","niveau":"Départemental","specialite":"CO à pied","latitude":"45.6264588024","longitude":"5.02037203413","date_saisie":"20/06/2019","date_depot":"22/05/2020","valide":"Oui","ppo":"Non","type_carte":"Nouvelle carte","fond":"Cadastre","obsolete":false}},{"type":"Feature","geometry":{"type":"Polygon","coordinates":[[[5.0185,45.6459],[5.0181,45.6447],[5.0166,45.6445],[5.0142,45.6446],[5.0135,45.6446],[5.0139,45.6434],[5.0145,45.6427],[5.0154,45.6421],[5.0149,45.6412],[5.0124,45.6391],[5.0121,45.6381],[5.013,45.6366],[5.0132,45.6353],[5.0151,45.6347],[5.018,45.6343],[5.0212,45.634],[5.0235,45.6337],[5.0253,45.6339],[5.0271,45.6337],[5.0293,45.6336],[5.031,45.6336],[5.0342,45.6339],[5.0338,45.6357],[5.0343,45.6376],[5.0343,45.6392],[5.0329,45.6398],[5.032,45.6416],[5.0303,45.642],[5.0283,45.6422],[5.0256,45.6416],[5.0243,45.6428],[5.0227,45.6438],[5.0216,45.6444],[5.021,45.6452],[5.0196,45.6455],[5.0185,45.6459]]]},"properties":{"id_ffco":"2019-D69-272","nom":"Les Combes","_dept":"69","numero":"2019-D69-272","commune":"Saint Pierre de Chandieu","echelle":"1/7500","surface":"1.63 km²","format":"A4","annee":"2019","cartographes":"B.Minot","niveau":"Départemental","specialite":"CO à pied","latitude":"45.6386602556","longitude":"5.02301529209","date_saisie":"20/06/2019","date_depot":"03/06/2020","valide":"Oui","ppo":"Non","type_carte":"Nouvelle carte","fond":"Cadastre","obsolete":false}},{"type":"Feature","geometry":{"type":"Polygon","coordinates":[[[5.006,45.6481],[5.0068,45.648],[5.0093,45.6462],[5.0092,45.6451],[5.008,45.645],[5.0065,45.6451],[5.006,45.648],[5.006,45.6481]]]},"properties":{"id_ffco":"2019-D69-271","nom":"Stade de Saint Pierre de Chandieu","_dept":"69","numero":"2019-D69-271","commune":"Saint Pierre de Chandieu","echelle":"1/1500","surface":"0.06 km²","format":"A4","annee":"2019","niveau":"Initiation, Scolaire","specialite":"CO à pied","latitude":"45.6463161381","longitude":"5.00751578027","date_saisie":"18/06/2019","date_depot":"03/06/2020","valide":"Oui","ppo":"Non","type_carte":"Nouvelle carte","fond":"Cadastre","obsolete":false}},{"type":"Feature","geometry":{"type":"Polygon","coordinates":[[[5.0384,45.6367],[5.0416,45.6357],[5.0434,45.6351],[5.0422,45.6334],[5.0414,45.632],[5.0413,45.6307],[5.0398,45.6301],[5.0371,45.6308],[5.036,45.6324],[5.0346,45.6348],[5.0341,45.6382],[5.0384,45.6367]]]},"properties":{"id_ffco":"2019-D69-270","nom":"Les Hauts de Rajat","_dept":"69","numero":"2019-D69-270","commune":"Saint Pierre de Chandieu","echelle":"1/4000","surface":"0.37 km²","format":"A4","annee":"2019","cartographes":"B.Minot","niveau":"Initiation, Scolaire","specialite":"CO à pied","latitude":"45.634044577","longitude":"5.03841761961","date_saisie":"18/06/2019","date_depot":"03/06/2020","valide":"Oui","ppo":"Non","type_carte":"Nouvelle carte","fond":"Cadastre","obsolete":false}},{"type":"Feature","geometry":{"type":"Polygon","coordinates":[[[5.0359,45.6424],[5.0408,45.64],[5.0411,45.6398],[5.0385,45.6366],[5.0357,45.6375],[5.0339,45.6377],[5.0346,45.6401],[5.0355,45.6419],[5.0359,45.6424]]]},"properties":{"id_ffco":"2019-D69-269","nom":"Chateau de Rajat","_dept":"69","numero":"2019-D69-269","commune":"Saint Pierre de Chandieu","echelle":"1/2500","surface":"0.21 km²","format":"A4","annee":"2019","cartographes":"Bernard Minot, Jean Claude Gandon","niveau":"Initiation, Scolaire","specialite":"CO à pied","latitude":"45.639343339","longitude":"5.03720994566","date_saisie":"18/06/2019","date_depot":"03/06/2020","valide":"Oui","ppo":"Oui (25 postes)","type_carte":"Nouvelle carte","fond":"Cadastre","obsolete":false}},{"type":"Feature","geometry":{"type":"Polygon","coordinates":[[[5.0349,45.6394],[5.043,45.6363],[5.0426,45.6358],[5.0476,45.6332],[5.0523,45.6318],[5.0494,45.6269],[5.0482,45.6237],[5.0461,45.6207],[5.0407,45.6165],[5.0355,45.6154],[5.0321,45.6158],[5.027,45.6165],[5.0199,45.6168],[5.0138,45.6186],[5.009,45.6207],[5.0074,45.6224],[5.0069,45.6252],[5.0068,45.627],[5.0054,45.6275],[5.0041,45.629],[5.0049,45.6316],[5.0059,45.6365],[5.0169,45.6376],[5.024,45.6374],[5.0317,45.6397],[5.0349,45.6394]]]},"properties":{"id_ffco":"2019-D69-268","nom":"Saint Pierre de Chandieu - Val d'Ozon","_dept":"69","numero":"2019-D69-268","commune":"Saint Pierre de Chandieu","echelle":"1/15000","surface":"7.35 km²","format":"A4","annee":"2019","cartographes":"Johann Lasouche, Jean Claude Gandon, Bernard Minot","niveau":"Départemental","specialite":"Rand'O","latitude":"45.627648437","longitude":"5.02758174447","date_saisie":"01/04/2019","date_depot":"03/06/2020","valide":"Oui","ppo":"Non","type_carte":"Nouvelle carte","fond":"Cadastre","obsolete":false}},{"type":"Feature","geometry":{"type":"Polygon","coordinates":[[[4.7243,45.807],[4.7224,45.8071],[4.7209,45.807],[4.7198,45.8062],[4.7194,45.8051],[4.7193,45.804],[4.7197,45.8032],[4.7207,45.8022],[4.7215,45.8015],[4.7226,45.7999],[4.7236,45.7975],[4.724,45.7964],[4.7252,45.7953],[4.7264,45.7958],[4.7274,45.7961],[4.7277,45.7967],[4.7289,45.7968],[4.7304,45.7969],[4.7302,45.7978],[4.73,45.7996],[4.7291,45.8007],[4.7288,45.802],[4.7274,45.8035],[4.7262,45.8058],[4.7257,45.8065],[4.7253,45.807],[4.7244,45.807],[4.7243,45.807]]]},"properties":{"id_ffco":"2019-D69-267","nom":"Le Parc de l'Hippodrome","_dept":"69","numero":"2019-D69-267","commune":"La Tour de Salvagny","echelle":"1/4000","surface":"0.66 km²","format":"A4","annee":"2019","cartographes":"Franck Dechavanne","niveau":"Départemental","specialite":"CO à pied","latitude":"45.8015830283","longitude":"4.72486076708","date_saisie":"01/04/2019","date_depot":"03/06/2020","valide":"Oui","ppo":"Non","type_carte":"Nouvelle carte","fond":"Cadastre","obsolete":false}},{"type":"Feature","geometry":{"type":"Polygon","coordinates":[[[4.6192,45.9376],[4.6155,45.9376],[4.611,45.939],[4.6082,45.9409],[4.6058,45.9432],[4.6035,45.9456],[4.6018,45.9468],[4.5987,45.9481],[4.601,45.9511],[4.6035,45.9519],[4.6052,45.9518],[4.6063,45.9554],[4.6094,45.9565],[4.6139,45.9563],[4.6171,45.9559],[4.6178,45.9541],[4.6196,45.9522],[4.6209,45.95],[4.6215,45.9476],[4.6225,45.9461],[4.6235,45.9451],[4.6226,45.9426],[4.6214,45.9401],[4.6203,45.9389],[4.6192,45.9376]]]},"properties":{"id_ffco":"2019-D69-266","nom":"Le Bancillon - Theizé","_dept":"69","numero":"2019-D69-266","commune":"Theizé","echelle":"1/10000","surface":"2.52 km²","format":"A4","annee":"2019","cartographes":"R. Bastard, S. Rora","niveau":"Régional","specialite":"CO à pied","latitude":"45.94721463","longitude":"4.61256276932","date_saisie":"01/04/2019","date_depot":"03/06/2020","valide":"Oui","ppo":"Non","type_carte":"Reprise","base":"2012-D69-201 LE BANCILLON","fond":"Cadastre","obsolete":false}},{"type":"Feature","geometry":{"type":"Polygon","coordinates":[[[4.509,46.2167],[4.5087,46.2188],[4.5062,46.2206],[4.5041,46.2223],[4.5007,46.2238],[4.4978,46.2253],[4.4961,46.2264],[4.4963,46.2279],[4.4959,46.2284],[4.4934,46.2296],[4.491,46.2306],[4.4895,46.2319],[4.4887,46.2325],[4.4883,46.2328],[4.4851,46.2333],[4.482,46.2327],[4.4807,46.2314],[4.4783,46.2298],[4.4756,46.2285],[4.4732,46.2264],[4.4715,46.2256],[4.4719,46.223],[4.4724,46.2212],[4.4713,46.2192],[4.4715,46.2178],[4.4747,46.216],[4.4778,46.214],[4.4802,46.2122],[4.4824,46.2111],[4.4822,46.2081],[4.4832,46.2058],[4.4851,46.2049],[4.4986,46.2045],[4.5004,46.206],[4.5028,46.2067],[4.506,46.2059],[4.5078,46.2081],[4.5117,46.2108],[4.5124,46.2139],[4.5114,46.2159],[4.509,46.2167]]]},"properties":{"id_ffco":"2019-D69-265","nom":"Monsols Montagne de Teyssonnière","_dept":"69","numero":"2019-D69-265","commune":"Monsols","echelle":"1/15000","surface":"6.46 km²","format":"A3","annee":"2019","cartographes":"Franck Dechavanne","niveau":"Interrégional","specialite":"CO à pied","latitude":"46.2177848791","longitude":"4.49089293016","date_saisie":"01/02/2019","date_depot":"03/06/2020","valide":"Oui","ppo":"Non","type_carte":"Nouvelle carte","fond":"Cadastre","obsolete":false}},{"type":"Feature","geometry":{"type":"Polygon","coordinates":[[[4.8195,45.7255],[4.8207,45.7255],[4.8211,45.7218],[4.8221,45.7202],[4.8277,45.7221],[4.8307,45.7263],[4.8269,45.7263],[4.8243,45.727],[4.8233,45.7295],[4.8239,45.7339],[4.8217,45.735],[4.8326,45.7492],[4.8228,45.752],[4.8173,45.7546],[4.8149,45.7534],[4.8127,45.7517],[4.8088,45.7482],[4.8078,45.7479],[4.8008,45.7479],[4.799,45.7474],[4.7969,45.7428],[4.796,45.7397],[4.7948,45.7289],[4.796,45.7287],[4.7979,45.7296],[4.7994,45.7293],[4.8009,45.7284],[4.8014,45.7272],[4.8018,45.726],[4.8047,45.7254],[4.8071,45.7254],[4.8124,45.7256],[4.8147,45.7257],[4.8166,45.7275],[4.8182,45.7276],[4.8192,45.7266],[4.8195,45.7255]]]},"properties":{"id_ffco":"2019-D69-264","nom":"Lyon-La Mulatière-Sainte Foy lès Lyon","_dept":"69","numero":"2019-D69-264","commune":"Lyon","echelle":"1/7500","surface":"6.52 km²","format":"A3","annee":"2019","cartographes":"CDCO69","niveau":"Régional","specialite":"CO à pied","latitude":"45.7381799161","longitude":"4.81294246417","date_saisie":"01/02/2019","date_depot":"03/06/2020","valide":"Oui","ppo":"Non","type_carte":"Nouvelle carte","fond":"Cadastre","obsolete":false}},{"type":"Feature","geometry":{"type":"Polygon","coordinates":[[[4.7838,45.61],[4.7869,45.6095],[4.7864,45.6083],[4.7865,45.608],[4.7862,45.6076],[4.7863,45.6073],[4.7851,45.6073],[4.7835,45.6075],[4.7837,45.6097],[4.7838,45.61]]]},"properties":{"id_ffco":"2019-D69-263","nom":"Stade Jean ZAY","_dept":"69","numero":"2019-D69-263","commune":"Grigny","echelle":"1/1500","surface":"0.06 km²","format":"A4","annee":"2019","cartographes":"Marian Basset","niveau":"Initiation, Scolaire","specialite":"CO à pied","latitude":"45.6085955436","longitude":"4.78507118486","date_saisie":"01/04/2019","date_depot":"13/06/2023","valide":"Oui","ppo":"Non","type_carte":"Nouvelle carte","fond":"Cadastre","obsolete":false}},{"type":"Feature","geometry":{"type":"Polygon","coordinates":[[[4.7935,45.8342],[4.7953,45.8341],[4.7949,45.8325],[4.7945,45.8315],[4.7937,45.8315],[4.7932,45.8326],[4.7934,45.8334],[4.7935,45.8341],[4.7935,45.8342]]]},"properties":{"id_ffco":"2018-D69-262","nom":"Saint Didier au Mont d'Or - Giverdy","_dept":"69","numero":"2018-D69-262","commune":"Saint Didier au nMont d'Or","echelle":"1/1500","surface":"0.04 km²","format":"A4","annee":"2018","cartographes":"Nicolas Rio","niveau":"O+","specialite":"CO à pied","latitude":"45.8329423231","longitude":"4.79417720522","date_saisie":"06/01/2019","date_depot":"03/06/2020","valide":"Oui","ppo":"Non","type_carte":"Nouvelle carte","fond":"Cadastre","obsolete":false}},{"type":"Feature","geometry":{"type":"Polygon","coordinates":[[[4.9678,45.7726],[4.9683,45.7727],[4.969,45.773],[4.9692,45.7733],[4.9685,45.774],[4.9683,45.7741],[4.9675,45.7739],[4.9676,45.7732],[4.9676,45.773],[4.9678,45.7726]]]},"properties":{"id_ffco":"2018-D69-261","nom":"Jardin des Droits de l'Homme","_dept":"69","numero":"2018-D69-261","commune":"Décines","echelle":"1/750","surface":"0.01 km²","format":"A4","annee":"2018","niveau":"Initiation, Scolaire","specialite":"CO à pied","latitude":"45.7733881699","longitude":"4.96824586024","date_saisie":"21/12/2018","date_depot":"04/04/2019","valide":"Oui","ppo":"Non","type_carte":"Nouvelle carte","fond":"Cadastre","obsolete":false}},{"type":"Feature","geometry":{"type":"Polygon","coordinates":[[[4.9414,45.7686],[4.9418,45.7686],[4.9417,45.7691],[4.9413,45.7698],[4.9411,45.7698],[4.9407,45.7698],[4.9406,45.7697],[4.9408,45.7689],[4.9409,45.7686],[4.9409,45.7685],[4.9411,45.7685],[4.9414,45.7686]]]},"properties":{"id_ffco":"2018-D69-260","nom":"Ecole La Soie","_dept":"69","numero":"2018-D69-260","commune":"Décines","echelle":"1/500","surface":"0.01 km²","format":"A4","annee":"2018","cartographes":"Marian Basset","niveau":"Initiation, Scolaire","specialite":"CO à pied","latitude":"45.7691687305","longitude":"4.94115311838","date_saisie":"21/12/2018","date_depot":"04/04/2019","valide":"Oui","ppo":"Non","type_carte":"Nouvelle carte","fond":"Cadastre","obsolete":false}},{"type":"Feature","geometry":{"type":"Polygon","coordinates":[[[4.9614,45.7749],[4.9624,45.7753],[4.9627,45.7747],[4.9627,45.7745],[4.9624,45.7743],[4.9622,45.7741],[4.9617,45.7741],[4.9616,45.7741],[4.9614,45.7747],[4.9614,45.7748],[4.9614,45.7749]]]},"properties":{"id_ffco":"2018-D69-259","nom":"Ecole Les sablons","_dept":"69","numero":"2018-D69-259","commune":"Décines","echelle":"1/500","surface":"0.01 km²","format":"A4","annee":"2018","cartographes":"Marian Basset","niveau":"Initiation, Scolaire","specialite":"CO à pied","latitude":"45.7746382946","longitude":"4.96203556478","date_saisie":"21/12/2018","date_depot":"04/04/2019","valide":"Oui","ppo":"Non","type_carte":"Nouvelle carte","fond":"Cadastre","obsolete":false}},{"type":"Feature","geometry":{"type":"Polygon","coordinates":[[[4.9439,45.7538],[4.9441,45.7528],[4.9451,45.7531],[4.9457,45.7532],[4.9455,45.7544],[4.9447,45.7543],[4.9444,45.7542],[4.9444,45.7539],[4.9442,45.7539],[4.9439,45.7538]]]},"properties":{"id_ffco":"2018-D69-258","nom":"Ecole Beauregard","_dept":"69","numero":"2018-D69-258","commune":"Décines","echelle":"1/750","surface":"0.02 km²","format":"A4","annee":"2018","cartographes":"Marian Basset","niveau":"Initiation, Scolaire","specialite":"CO à pied","latitude":"45.7536142191","longitude":"4.94481667333","date_saisie":"21/12/2018","date_depot":"04/04/2019","valide":"Oui","ppo":"Non","type_carte":"Nouvelle carte","fond":"Cadastre","obsolete":false}},{"type":"Feature","geometry":{"type":"Polygon","coordinates":[[[4.9561,45.7686],[4.9577,45.7686],[4.9577,45.7673],[4.9563,45.7673],[4.9562,45.7683],[4.9562,45.7685],[4.9561,45.7686],[4.9561,45.7686]]]},"properties":{"id_ffco":"2018-D69-257","nom":"Ecole Jean Jaurès","_dept":"69","numero":"2018-D69-257","commune":"Décines","echelle":"1/1000","surface":"0.02 km²","format":"A4","annee":"2018","cartographes":"Marian Basset","niveau":"Initiation, Scolaire","specialite":"CO à pied","latitude":"45.7679620585","longitude":"4.95697575125","date_saisie":"21/12/2018","date_depot":"04/04/2019","valide":"Oui","ppo":"Non","type_carte":"Nouvelle carte","fond":"Cadastre","obsolete":false}},{"type":"Feature","geometry":{"type":"Polygon","coordinates":[[[4.9716,45.7714],[4.9712,45.7694],[4.9717,45.7693],[4.9722,45.7693],[4.9726,45.7698],[4.973,45.7701],[4.9731,45.7704],[4.9725,45.7705],[4.9722,45.7713],[4.9716,45.7714]]]},"properties":{"id_ffco":"2018-D69-256","nom":"Ecole Prainet II","_dept":"69","numero":"2018-D69-256","commune":"Décines","echelle":"1/1000","surface":"0.02 km²","format":"A4","annee":"2018","cartographes":"Marian Basset","niveau":"Initiation, Scolaire","specialite":"CO à pied","latitude":"45.7702477412","longitude":"4.97200006411","date_saisie":"21/12/2018","date_depot":"04/04/2019","valide":"Oui","ppo":"Non","type_carte":"Nouvelle carte","fond":"Cadastre","obsolete":false}},{"type":"Feature","geometry":{"type":"Polygon","coordinates":[[[4.9688,45.7669],[4.9697,45.7673],[4.97,45.7674],[4.9701,45.7674],[4.9701,45.7667],[4.9687,45.7666],[4.9687,45.7667],[4.9687,45.7668],[4.9688,45.7669]]]},"properties":{"id_ffco":"2018-D69-255","nom":"Ecole Prainet I","_dept":"69","numero":"2018-D69-255","commune":"Décines","echelle":"1/500","surface":"0.01 km²","format":"A4","annee":"2018","cartographes":"Marian Basset","niveau":"Initiation, Scolaire","specialite":"CO à pied","latitude":"45.7669391858","longitude":"4.96953980178","date_saisie":"21/12/2018","date_depot":"04/04/2019","valide":"Oui","ppo":"Non","type_carte":"Nouvelle carte","fond":"Cadastre","obsolete":false}},{"type":"Feature","geometry":{"type":"Polygon","coordinates":[[[4.965,45.7763],[4.9655,45.7758],[4.9659,45.7753],[4.9665,45.7754],[4.9671,45.7755],[4.967,45.7761],[4.9669,45.7762],[4.9663,45.7763],[4.966,45.7766],[4.9658,45.7767],[4.9655,45.7765],[4.965,45.7763]]]},"properties":{"id_ffco":"2018-D69-254","nom":"Ecole La Berthaudière","_dept":"69","numero":"2018-D69-254","commune":"Décines","echelle":"1/750","surface":"0.01 km²","format":"A4","annee":"2018","cartographes":"Marian Basset","niveau":"Initiation, Scolaire","specialite":"CO à pied","latitude":"45.7759629693","longitude":"4.96610054627","date_saisie":"20/12/2018","date_depot":"04/04/2019","valide":"Oui","ppo":"Non","type_carte":"Nouvelle carte","fond":"Cadastre","obsolete":false}},{"type":"Feature","geometry":{"type":"Polygon","coordinates":[[[4.9688,45.7632],[4.9694,45.7632],[4.9702,45.7632],[4.9705,45.7632],[4.9705,45.7629],[4.9707,45.7627],[4.9708,45.7624],[4.9709,45.7623],[4.9703,45.7623],[4.9699,45.7622],[4.9696,45.7622],[4.9693,45.7622],[4.9691,45.7621],[4.9686,45.7621],[4.9685,45.7624],[4.9686,45.7627],[4.9687,45.7628],[4.9687,45.763],[4.9688,45.7632]]]},"properties":{"id_ffco":"2018-D69-253","nom":"Ecole de Charpieu","_dept":"69","numero":"2018-D69-253","commune":"Décines","echelle":"1/750","surface":"0.02 km²","format":"A4","annee":"2018","cartographes":"Marian Basset","proprietaire":"Ecole de Charpieu","niveau":"Initiation, Scolaire","specialite":"CO à pied","contacts":"téléchargement non autorisé au public - contacter le propriétaire","latitude":"45.7626719038","longitude":"4.9696082937","date_saisie":"20/12/2018","date_depot":"04/04/2019","valide":"Oui","ppo":"Non","type_carte":"Nouvelle carte","fond":"Cadastre","obsolete":false}},{"type":"Feature","geometry":{"type":"Polygon","coordinates":[[[4.9598,45.7826],[4.961,45.7824],[4.9607,45.7816],[4.9595,45.7818],[4.9594,45.7819],[4.9596,45.7823],[4.9597,45.7825],[4.9598,45.7826]]]},"properties":{"id_ffco":"2018-D69-252","nom":"Ecole des Marais","_dept":"69","numero":"2018-D69-252","commune":"Décines","echelle":"1/750","surface":"0.01 km²","format":"A4","annee":"2018","niveau":"Initiation, Scolaire","specialite":"CO à pied","latitude":"45.7821178927","longitude":"4.96021176893","date_saisie":"20/12/2018","date_depot":"04/04/2019","valide":"Oui","ppo":"Non","type_carte":"Nouvelle carte","fond":"Cadastre","obsolete":false}},{"type":"Feature","geometry":{"type":"Polygon","coordinates":[[[4.6156,46.1191],[4.6166,46.1205],[4.6182,46.1208],[4.62,46.1207],[4.6219,46.1203],[4.6228,46.1201],[4.6232,46.1193],[4.6229,46.1183],[4.6236,46.1174],[4.6252,46.1164],[4.6264,46.1158],[4.6273,46.1148],[4.6278,46.1141],[4.6284,46.1135],[4.6272,46.1123],[4.6254,46.112],[4.624,46.112],[4.6213,46.1114],[4.6201,46.1112],[4.6177,46.1107],[4.6148,46.1098],[4.613,46.1089],[4.6126,46.1081],[4.6127,46.1067],[4.6118,46.1067],[4.6112,46.1078],[4.6116,46.1088],[4.6112,46.1106],[4.6113,46.1116],[4.6122,46.1126],[4.613,46.1138],[4.6128,46.1152],[4.6128,46.1159],[4.6136,46.1166],[4.6142,46.1175],[4.6147,46.1186],[4.6153,46.1205],[4.6169,46.1206],[4.6156,46.1191]]]},"properties":{"id_ffco":"2018-D69-251","nom":"Les Sansons - Quincié en Beaujolais","_dept":"69","numero":"2018-D69-251","commune":"Quincié en Beaujolais","echelle":"1/7500","surface":"1.06 km²","format":"A4","annee":"2018","cartographes":"CDCO69","niveau":"Initiation, Scolaire","specialite":"CO à pied","latitude":"46.1147547034","longitude":"4.6187314353","date_saisie":"22/12/2018","date_depot":"04/04/2019","valide":"Oui","ppo":"Non","type_carte":"Nouvelle carte","fond":"Cadastre","obsolete":false}},{"type":"Feature","geometry":{"type":"Polygon","coordinates":[[[4.6231,46.1199],[4.6228,46.1183],[4.6269,46.1158],[4.6278,46.1141],[4.6352,46.1147],[4.6369,46.1133],[4.637,46.1114],[4.6365,46.1081],[4.634,46.1055],[4.6317,46.1034],[4.6282,46.1021],[4.6245,46.0995],[4.6208,46.0949],[4.6189,46.0922],[4.6172,46.0875],[4.6115,46.0837],[4.6092,46.0813],[4.609,46.0804],[4.6045,46.0778],[4.5492,46.0767],[4.5493,46.0805],[4.5504,46.0828],[4.5537,46.0834],[4.5558,46.0834],[4.5584,46.0844],[4.5562,46.0848],[4.5553,46.086],[4.556,46.0874],[4.5567,46.089],[4.5558,46.0911],[4.5597,46.0926],[4.5622,46.0932],[4.5634,46.0941],[4.5649,46.0943],[4.5667,46.0962],[4.5688,46.0973],[4.5717,46.0982],[4.5748,46.0999],[4.5753,46.1012],[4.5775,46.1021],[4.5788,46.104],[4.5787,46.1055],[4.5792,46.1064],[4.5823,46.1084],[4.5871,46.1114],[4.5898,46.1138],[4.5901,46.1146],[4.5933,46.1131],[4.5952,46.1131],[4.5972,46.114],[4.5995,46.1144],[4.601,46.1149],[4.6043,46.1145],[4.6062,46.1145],[4.6083,46.1154],[4.6103,46.1164],[4.6122,46.1173],[4.6147,46.1182],[4.6162,46.1201],[4.6173,46.1208],[4.6207,46.1207],[4.6219,46.1203],[4.6231,46.1199]]]},"properties":{"id_ffco":"2018-D69-250","nom":"Quincié en Beaujolais","_dept":"69","numero":"2018-D69-250","commune":"Quincié en Beaujolais","echelle":"1/15000","surface":"18.33 km²","format":"A3","annee":"2018","cartographes":"Jean François Dechavanne, CDCO69","niveau":"Interrégional","specialite":"CO à pied","latitude":"46.0959737842","longitude":"4.59522073248","date_saisie":"22/12/2018","date_depot":"04/04/2019","valide":"Oui","ppo":"Non","type_carte":"Nouvelle carte","fond":"Cadastre","obsolete":false}},{"type":"Feature","geometry":{"type":"Polygon","coordinates":[[[4.7196,45.8056],[4.7201,45.8068],[4.7212,45.8072],[4.7232,45.8072],[4.7244,45.8073],[4.7257,45.8063],[4.7263,45.8058],[4.7285,45.8058],[4.7295,45.8042],[4.7303,45.8032],[4.7306,45.8018],[4.7325,45.8022],[4.7329,45.8001],[4.7338,45.7991],[4.7346,45.7963],[4.7361,45.795],[4.737,45.794],[4.736,45.7925],[4.7347,45.7905],[4.7338,45.7887],[4.7327,45.788],[4.7315,45.788],[4.7311,45.7885],[4.7314,45.7902],[4.7315,45.7913],[4.7298,45.7916],[4.7271,45.7928],[4.7252,45.7947],[4.7239,45.7964],[4.7229,45.7988],[4.722,45.8004],[4.7209,45.8014],[4.7197,45.8028],[4.719,45.8039],[4.7194,45.8049],[4.7196,45.8056]]]},"properties":{"id_ffco":"2018-D69-249","nom":"Bois de la Lune","_dept":"69","numero":"2018-D69-249","commune":"La Tour de Salvagny","echelle":"1/7500","surface":"1.44 km²","format":"A4","annee":"2018","cartographes":"F Dechavanne","proprietaire":"CDCO 69","niveau":"Régional","specialite":"CO à pied","latitude":"45.7985949937","longitude":"4.72814810131","date_saisie":"28/09/2018","date_depot":"04/04/2019","valide":"Oui","ppo":"Non","type_carte":"Nouvelle carte","fond":"Cadastre","obsolete":false}},{"type":"Feature","geometry":{"type":"Polygon","coordinates":[[[4.8888,45.7885],[4.8881,45.7887],[4.8863,45.7908],[4.883,45.7933],[4.8815,45.7933],[4.8798,45.7921],[4.8779,45.7905],[4.8762,45.7891],[4.874,45.7884],[4.87,45.7878],[4.8677,45.7872],[4.8658,45.7867],[4.8616,45.7867],[4.8596,45.787],[4.8593,45.7896],[4.8599,45.7918],[4.8593,45.7937],[4.858,45.7957],[4.8564,45.7969],[4.8542,45.7968],[4.85,45.7965],[4.8472,45.7942],[4.845,45.7924],[4.8403,45.7902],[4.8298,45.7828],[4.8289,45.782],[4.8288,45.7801],[4.829,45.7789],[4.8297,45.7768],[4.8297,45.7745],[4.8291,45.7728],[4.8284,45.7718],[4.8286,45.7707],[4.8289,45.7696],[4.8298,45.7672],[4.8312,45.7664],[4.8338,45.7663],[4.8375,45.7665],[4.8409,45.7663],[4.8433,45.7664],[4.843,45.7699],[4.8423,45.7723],[4.8434,45.7748],[4.8465,45.7794],[4.8485,45.7814],[4.855,45.7839],[4.8574,45.7841],[4.859,45.7839],[4.8586,45.7796],[4.8619,45.7792],[4.8645,45.779],[4.8698,45.7786],[4.8741,45.779],[4.8753,45.7794],[4.8764,45.7814],[4.8801,45.7826],[4.8871,45.784],[4.8896,45.7848],[4.8913,45.7861],[4.8911,45.787],[4.8884,45.7882],[4.8888,45.7885]]]},"properties":{"id_ffco":"2018-D69-248","nom":"LYON-VILLEURBANNE-CALUIRE","_dept":"69","numero":"2018-D69-248","commune":"VILLEURBANNE","echelle":"1/10000","surface":"6.63 km²","format":"A4","annee":"2018","cartographes":"CDCO69","niveau":"Départemental","specialite":"CO à pied","latitude":"45.7829523481","longitude":"4.85330854386","date_saisie":"19/01/2018","date_depot":"04/04/2019","valide":"Oui","ppo":"Non","type_carte":"Nouvelle carte","fond":"Cadastre","obsolete":false}},{"type":"Feature","geometry":{"type":"Polygon","coordinates":[[[4.6394,45.778],[4.6379,45.777],[4.6376,45.7762],[4.6358,45.7761],[4.6346,45.7756],[4.6328,45.7776],[4.6313,45.7778],[4.6286,45.7769],[4.6275,45.7776],[4.6275,45.7794],[4.6258,45.7814],[4.6246,45.782],[4.6239,45.782],[4.6201,45.7793],[4.6186,45.7765],[4.6167,45.7745],[4.6164,45.771],[4.6195,45.7687],[4.6214,45.767],[4.6254,45.7638],[4.628,45.7633],[4.6288,45.7628],[4.631,45.7623],[4.6327,45.7623],[4.6324,45.7619],[4.6304,45.7617],[4.6307,45.7613],[4.6348,45.7614],[4.6406,45.7625],[4.6437,45.7641],[4.6467,45.766],[4.6482,45.7681],[4.6488,45.7687],[4.6487,45.7699],[4.6463,45.7707],[4.6459,45.7717],[4.6437,45.7717],[4.6434,45.772],[4.6437,45.7728],[4.6419,45.7743],[4.6397,45.7754],[4.6392,45.7761],[4.64,45.7772],[4.64,45.7778],[4.6394,45.778]]]},"properties":{"id_ffco":"2017-D69-247","nom":"Le Cret du Lac - Pollionnay","_dept":"69","numero":"2017-D69-247","commune":"Pollionnay","echelle":"1/10000","surface":"3.39 km²","format":"A4","annee":"2017","cartographes":"F Dechavanne, CDCO69","niveau":"Régional","specialite":"CO à pied","latitude":"45.7705979314","longitude":"4.63150570464","date_saisie":"28/12/2018","date_depot":"04/04/2019","valide":"Oui","ppo":"Non","type_carte":"Nouvelle carte","base":"2017-D69-238 Vaugneray","fond":"Cadastre","obsolete":false}},{"type":"Feature","geometry":{"type":"Polygon","coordinates":[[[4.6573,45.7321],[4.6579,45.7305],[4.6571,45.7288],[4.6558,45.7303],[4.6532,45.7303],[4.6516,45.731],[4.651,45.733],[4.6492,45.7334],[4.649,45.7354],[4.6471,45.7361],[4.6455,45.7362],[4.6445,45.7367],[4.6488,45.7375],[4.6502,45.7383],[4.652,45.7393],[4.6533,45.7397],[4.6534,45.7408],[4.6525,45.742],[4.6516,45.7427],[4.6504,45.742],[4.6497,45.7409],[4.6483,45.7409],[4.6468,45.7412],[4.6458,45.7423],[4.6469,45.7425],[4.649,45.7465],[4.6495,45.7475],[4.6522,45.7471],[4.6539,45.7465],[4.6569,45.7474],[4.6592,45.7485],[4.6609,45.7484],[4.6641,45.7489],[4.6619,45.7474],[4.664,45.7467],[4.6648,45.7454],[4.6646,45.7432],[4.6646,45.7418],[4.6662,45.7405],[4.6673,45.7394],[4.6668,45.7378],[4.6656,45.7373],[4.6655,45.7355],[4.6669,45.7343],[4.6683,45.7355],[4.6697,45.7349],[4.6724,45.7325],[4.6688,45.7314],[4.6668,45.7303],[4.664,45.7299],[4.6622,45.7304],[4.6606,45.7312],[4.6592,45.7315],[4.6584,45.7319],[4.6573,45.7321]]]},"properties":{"id_ffco":"2017-D69-246","nom":"Vaugneray Village","_dept":"69","numero":"2017-D69-246","commune":"Vaugneray","echelle":"1/10000","surface":"2.55 km²","format":"A4","annee":"2017","cartographes":"CDCO69","niveau":"Initiation, Scolaire","specialite":"CO à pied","latitude":"45.7386045948","longitude":"4.65814154664","date_saisie":"29/12/2018","date_depot":"04/04/2019","valide":"Oui","ppo":"Non","type_carte":"Extrait","base":"2017-D69-238 Vaugneray","fond":"Cadastre","obsolete":false}},{"type":"Feature","geometry":{"type":"Polygon","coordinates":[[[4.6331,45.7622],[4.6316,45.7623],[4.6283,45.7629],[4.6268,45.763],[4.6265,45.7621],[4.624,45.7602],[4.6217,45.7583],[4.6183,45.7566],[4.6167,45.7562],[4.6173,45.7554],[4.6196,45.7557],[4.6243,45.7558],[4.6258,45.7553],[4.6295,45.754],[4.633,45.7526],[4.6341,45.7522],[4.6359,45.7522],[4.6373,45.7522],[4.6395,45.7539],[4.6384,45.7546],[4.6373,45.7558],[4.6363,45.7562],[4.6325,45.7561],[4.6306,45.7563],[4.6314,45.7575],[4.6311,45.7581],[4.6324,45.7594],[4.6323,45.7605],[4.631,45.7611],[4.6304,45.7616],[4.6313,45.7619],[4.6324,45.7619],[4.6331,45.7622]]]},"properties":{"id_ffco":"2017-D69-245","nom":"Saint Bonnet le Froid","_dept":"69","numero":"2017-D69-245","commune":"POLLIONNAY","echelle":"1/5000","surface":"0.85 km²","format":"A4","annee":"2017","cartographes":"F Dechavanne, CDCO69","niveau":"Départemental","specialite":"CO à pied","latitude":"45.7571559183","longitude":"4.62884517145","date_saisie":"29/12/2018","date_depot":"04/04/2019","valide":"Oui","ppo":"Non","type_carte":"Extrait","base":"2017-D69-238 Vaugneray","fond":"Cadastre","obsolete":false}},{"type":"Feature","geometry":{"type":"Polygon","coordinates":[[[4.6601,45.7314],[4.6604,45.7314],[4.6609,45.7312],[4.6612,45.7316],[4.6617,45.7323],[4.6619,45.7325],[4.6622,45.7327],[4.6623,45.7327],[4.6611,45.7329],[4.6603,45.7317],[4.6602,45.7315],[4.6601,45.7314]]]},"properties":{"id_ffco":"2017-D69-243","nom":"Collège Saint Sébastien","_dept":"69","numero":"2017-D69-243","commune":"Vaugneray","echelle":"1/1000","surface":"0.01 km²","format":"A4","annee":"2017","cartographes":"CDCO69","niveau":"Initiation, Scolaire","specialite":"CO à pied","latitude":"45.7321334636","longitude":"4.66110351124","date_saisie":"28/12/2018","date_depot":"04/04/2019","valide":"Oui","ppo":"Non","type_carte":"Extrait","base":"2017-D69-238 Vaugneray","fond":"Cadastre","obsolete":false}},{"type":"Feature","geometry":{"type":"Polygon","coordinates":[[[4.7527,45.7985],[4.7544,45.7987],[4.7561,45.7987],[4.7574,45.7984],[4.7587,45.7977],[4.7601,45.7976],[4.7602,45.7956],[4.7596,45.7929],[4.7581,45.7911],[4.7567,45.7897],[4.7555,45.7884],[4.7552,45.7876],[4.7555,45.7865],[4.7553,45.7859],[4.7544,45.7858],[4.7531,45.7865],[4.7525,45.7884],[4.7521,45.7904],[4.7514,45.7917],[4.751,45.7943],[4.7516,45.7952],[4.7528,45.7953],[4.7533,45.7957],[4.7527,45.7985]]]},"properties":{"id_ffco":"2017-D69-241","nom":"BOIS DE SERRE","_dept":"69","numero":"2017-D69-241","commune":"DARDILLY","echelle":"1/5000","surface":"0.64 km²","format":"A4","annee":"2017","cartographes":"LASOUCHE Johann","niveau":"Initiation, Scolaire","specialite":"CO à pied","contacts":"CDCO 69, 04 78 93 79 95, 06 50 07 21 59, info@cdco69.fr,  http://www.cdco69.fr","latitude":"45.7933069282","longitude":"4.75541634399","date_saisie":"01/04/2014","date_depot":"04/04/2019","valide":"Oui","ppo":"Non","type_carte":"Reprise","base":"1982-D69-04 BOIS DE SERRE","fond":"Cadastre","obsolete":false}},{"type":"Feature","geometry":{"type":"Polygon","coordinates":[[[4.8767,45.7862],[4.8708,45.785],[4.8655,45.7844],[4.8636,45.7844],[4.8622,45.784],[4.8612,45.783],[4.8616,45.7827],[4.8609,45.7817],[4.8614,45.7811],[4.862,45.7806],[4.8617,45.7801],[4.862,45.7795],[4.8657,45.779],[4.8702,45.7788],[4.8749,45.7794],[4.8766,45.782],[4.8844,45.7838],[4.8837,45.7855],[4.8851,45.7866],[4.8848,45.7872],[4.8816,45.7871],[4.8798,45.7868],[4.8767,45.7862]]]},"properties":{"id_ffco":"2017-D69-240","nom":"La Doua","_dept":"69","numero":"2017-D69-240","commune":"Villeurbanne","echelle":"1/10000","surface":"1.0 km²","format":"A3","annee":"2017","cartographes":"CDCO69","niveau":"Régional","specialite":"CO à pied","latitude":"45.7828266316","longitude":"4.87226713261","date_saisie":"29/12/2018","date_depot":"04/04/2019","valide":"Oui","ppo":"Non","type_carte":"Nouvelle carte","fond":"Cadastre","obsolete":false}},{"type":"Feature","geometry":{"type":"Polygon","coordinates":[[[4.8904,45.8172],[4.8904,45.8166],[4.8881,45.814],[4.8887,45.8135],[4.8895,45.8122],[4.8891,45.812],[4.8893,45.8116],[4.8889,45.8116],[4.8897,45.8104],[4.8906,45.8106],[4.8913,45.81],[4.8924,45.8106],[4.8933,45.8102],[4.8949,45.8102],[4.8966,45.8099],[4.8989,45.8102],[4.899,45.8109],[4.9008,45.8112],[4.9037,45.8108],[4.9053,45.8113],[4.9055,45.8124],[4.9074,45.8125],[4.9088,45.8119],[4.9109,45.8128],[4.9111,45.8139],[4.911,45.8152],[4.9135,45.816],[4.915,45.8155],[4.9158,45.8176],[4.9151,45.8204],[4.9121,45.8205],[4.9085,45.8195],[4.9081,45.8206],[4.908,45.8213],[4.9046,45.8217],[4.9021,45.8201],[4.8998,45.8194],[4.8984,45.8185],[4.8939,45.8173],[4.892,45.8173],[4.8908,45.8174],[4.8904,45.8172]]]},"properties":{"id_ffco":"2017-D69-239","nom":"RILLIEUX-LA-PAPE-ISSOM","_dept":"69","numero":"2017-D69-239","commune":"RILLEUX-LA-PAPE","echelle":"1/4000","surface":"1.73 km²","format":"A3","annee":"2017","cartographes":"Vincent Papon","niveau":"Régional","specialite":"CO à pied","latitude":"45.8154869545","longitude":"4.90194019943","date_saisie":"27/09/2017","date_depot":"22/03/2018","valide":"Oui","ppo":"Non","type_carte":"Nouvelle carte","fond":"Cadastre","obsolete":false}},{"type":"Feature","geometry":{"type":"Polygon","coordinates":[[[4.6525,45.7391],[4.6535,45.7397],[4.6532,45.741],[4.6514,45.7427],[4.6501,45.7416],[4.6499,45.7409],[4.6472,45.7409],[4.6456,45.7427],[4.6443,45.742],[4.6426,45.7424],[4.6419,45.7434],[4.6382,45.7428],[4.6374,45.7437],[4.6367,45.7464],[4.6354,45.7465],[4.6352,45.748],[4.634,45.7496],[4.6317,45.7493],[4.6264,45.7515],[4.6243,45.7518],[4.6174,45.7552],[4.617,45.7561],[4.6206,45.7579],[4.6231,45.7596],[4.6251,45.7612],[4.6228,45.7637],[4.6143,45.7656],[4.6104,45.7677],[4.6069,45.7703],[4.6103,45.7751],[4.6195,45.7795],[4.6255,45.78],[4.6302,45.7812],[4.6331,45.7827],[4.6354,45.7858],[4.6396,45.7881],[4.6499,45.7899],[4.6567,45.7892],[4.6602,45.7864],[4.6638,45.7833],[4.6652,45.7803],[4.6655,45.7778],[4.665,45.7767],[4.6633,45.7767],[4.6631,45.7748],[4.6599,45.7734],[4.66,45.772],[4.6582,45.7711],[4.66,45.7708],[4.6619,45.7703],[4.6611,45.7661],[4.6606,45.7649],[4.6606,45.7635],[4.6608,45.7619],[4.6586,45.7602],[4.6551,45.7572],[4.6533,45.7535],[4.6543,45.7482],[4.6582,45.7431],[4.6619,45.7409],[4.6649,45.7371],[4.6677,45.7335],[4.6686,45.7316],[4.6652,45.73],[4.6604,45.7309],[4.6572,45.732],[4.6555,45.7329],[4.6557,45.7364],[4.6555,45.7381],[4.6538,45.7387],[4.6534,45.7393],[4.6525,45.7391]]]},"properties":{"id_ffco":"2017-D69-238","nom":"Vaugneray","_dept":"69","numero":"2017-D69-238","commune":"Vaugneray","echelle":"1/15000","surface":"15.55 km²","format":"A3","annee":"2017","cartographes":"F Dechavanne, CDCO69","niveau":"Interrégional","specialite":"CO à pied","latitude":"45.765257048","longitude":"4.64145635325","date_saisie":"28/12/2018","date_depot":"04/04/2019","valide":"Oui","ppo":"Non","type_carte":"Nouvelle carte","fond":"Cadastre","obsolete":false}},{"type":"Feature","geometry":{"type":"Polygon","coordinates":[[[4.7698,45.7355],[4.7702,45.734],[4.7713,45.7329],[4.7731,45.7305],[4.7732,45.7299],[4.771,45.7291],[4.7726,45.7253],[4.7738,45.7238],[4.7762,45.724],[4.7766,45.7239],[4.7786,45.7233],[4.7804,45.7227],[4.7812,45.7238],[4.7822,45.7242],[4.7836,45.7232],[4.7847,45.7225],[4.786,45.7222],[4.7882,45.721],[4.7887,45.7207],[4.7909,45.7212],[4.7925,45.7216],[4.7942,45.7241],[4.7964,45.7238],[4.7974,45.7236],[4.7987,45.7231],[4.8006,45.7232],[4.8028,45.7229],[4.8039,45.7249],[4.805,45.7263],[4.8062,45.7274],[4.8075,45.7293],[4.8083,45.7307],[4.8101,45.733],[4.8106,45.7347],[4.8099,45.7367],[4.8089,45.738],[4.8091,45.7399],[4.8096,45.7431],[4.8097,45.7473],[4.8095,45.7488],[4.809,45.752],[4.8078,45.751],[4.8071,45.7502],[4.8021,45.7517],[4.7994,45.7505],[4.7967,45.75],[4.7928,45.7483],[4.7943,45.7491],[4.784,45.7444],[4.7821,45.7454],[4.7788,45.7475],[4.7768,45.747],[4.776,45.7453],[4.7757,45.7448],[4.7768,45.7441],[4.7776,45.7432],[4.7788,45.7428],[4.78,45.7428],[4.7797,45.7424],[4.7776,45.7417],[4.7786,45.7398],[4.7808,45.7396],[4.781,45.7385],[4.781,45.7374],[4.7811,45.7364],[4.7803,45.7357],[4.78,45.7355],[4.778,45.735],[4.7769,45.7347],[4.7759,45.7343],[4.7757,45.733],[4.7738,45.733],[4.7722,45.7342],[4.7707,45.7354],[4.7703,45.7356],[4.7698,45.7355]]]},"properties":{"id_ffco":"2018-D69-237","nom":"Sainte-Foy-Lès-Lyon","_dept":"69","numero":"2018-D69-237","commune":"Sainte-Foy-Lès-Lyon","echelle":"1/10000","surface":"7.21 km²","format":"A3","annee":"2018","cartographes":"A.Poupard, CDCO69","niveau":"Régional","specialite":"CO à pied","latitude":"45.7356450076","longitude":"4.79268890907","date_saisie":"30/12/2018","date_depot":"04/04/2019","valide":"Oui","ppo":"Non","type_carte":"Nouvelle carte","fond":"Cadastre","obsolete":false}},{"type":"Feature","geometry":{"type":"Polygon","coordinates":[[[4.8224,45.7196],[4.8289,45.7232],[4.8309,45.7266],[4.8257,45.7268],[4.8237,45.7323],[4.824,45.7346],[4.8239,45.7362],[4.8244,45.7372],[4.8241,45.7375],[4.8222,45.7349],[4.8206,45.7311],[4.8206,45.7275],[4.8209,45.7237],[4.822,45.7198],[4.8224,45.7196]]]},"properties":{"id_ffco":"2018-D69-236","nom":"Parc de Gerland - Lyon","_dept":"69","numero":"2018-D69-236","commune":"LYON","echelle":"1/7500","surface":"0.67 km²","format":"A4","annee":"2018","cartographes":"F Dechavanne","niveau":"Départemental","specialite":"CO à pied","latitude":"45.726644092","longitude":"4.82406582545","date_saisie":"29/12/2018","date_depot":"04/04/2019","valide":"Oui","ppo":"Non","type_carte":"Nouvelle carte","fond":"Cadastre","obsolete":false}},{"type":"Feature","geometry":{"type":"Polygon","coordinates":[[[4.8884,45.7646],[4.8895,45.7646],[4.8896,45.7664],[4.8889,45.7663],[4.8889,45.7665],[4.8884,45.7665],[4.8883,45.7663],[4.8883,45.7657],[4.8883,45.7656],[4.8887,45.7656],[4.8887,45.7654],[4.8884,45.7653],[4.8883,45.7648],[4.8883,45.7647],[4.8884,45.7646]]]},"properties":{"id_ffco":"2018-D69-235","nom":"Parc des Droits de l'Homme - Villeurbanne","_dept":"69","numero":"2018-D69-235","commune":"Villeurbanne","echelle":"1/1000","surface":"0.02 km²","format":"A4","annee":"2018","cartographes":"Henri Mascarell","niveau":"Initiation, Scolaire","specialite":"CO à pied","latitude":"45.7655593762","longitude":"4.8889317589","date_saisie":"29/12/2018","date_depot":"04/04/2019","valide":"Oui","ppo":"Non","type_carte":"Nouvelle carte","fond":"Cadastre","obsolete":false}},{"type":"Feature","geometry":{"type":"Polygon","coordinates":[[[4.9027,45.7619],[4.9026,45.7627],[4.9047,45.7629],[4.9045,45.7636],[4.901,45.7633],[4.901,45.7631],[4.9004,45.7631],[4.9004,45.7627],[4.9006,45.7617],[4.9015,45.7618],[4.9027,45.7619]]]},"properties":{"id_ffco":"2017-D69-234","nom":"Stade Boiron Granger - VILLEURBANNE","_dept":"69","numero":"2017-D69-234","commune":"Villeurbanne","echelle":"1/1000","surface":"0.04 km²","format":"A4","annee":"2017","cartographes":"Henri Mascarell","niveau":"Initiation, Scolaire","specialite":"CO à pied","latitude":"45.7627221034","longitude":"4.90218518664","date_saisie":"29/12/2018","date_depot":"04/04/2019","valide":"Oui","ppo":"Non","type_carte":"Nouvelle carte","fond":"Cadastre","obsolete":false}},{"type":"Feature","geometry":{"type":"Polygon","coordinates":[[[4.8998,45.7685],[4.9023,45.7694],[4.9024,45.7674],[4.9005,45.7673],[4.8998,45.7685]]]},"properties":{"id_ffco":"2017-D69-233","nom":"Parc de la Commune de Paris","_dept":"69","numero":"2017-D69-233","commune":"VILLEURBANNE","echelle":"1/1000","surface":"0.03 km²","format":"A4","annee":"2017","niveau":"Initiation, Scolaire","specialite":"CO à pied","latitude":"45.7682240759","longitude":"4.90130292123","date_saisie":"26/09/2017","date_depot":"04/04/2019","valide":"Oui","ppo":"Non","type_carte":"Nouvelle carte","fond":"Cadastre","obsolete":false}},{"type":"Feature","geometry":{"type":"Polygon","coordinates":[[[4.4939,46.0649],[4.4931,46.0632],[4.4924,46.0631],[4.492,46.0633],[4.4905,46.0627],[4.49,46.0621],[4.49,46.061],[4.4897,46.0598],[4.4909,46.0579],[4.4929,46.055],[4.4938,46.0537],[4.4927,46.0507],[4.4904,46.0492],[4.4898,46.0479],[4.4883,46.044],[4.4896,46.041],[4.49,46.0385],[4.4931,46.0359],[4.4959,46.0332],[4.4975,46.0285],[4.5151,46.0295],[4.5158,46.0305],[4.5154,46.0323],[4.5152,46.0333],[4.5162,46.0345],[4.5178,46.0362],[4.5197,46.0362],[4.5199,46.036],[4.5187,46.0355],[4.5175,46.0334],[4.5186,46.0313],[4.5211,46.0303],[4.523,46.0301],[4.5245,46.031],[4.5253,46.0309],[4.5259,46.0303],[4.5296,46.0301],[4.5305,46.0305],[4.5319,46.0299],[4.5349,46.0298],[4.5359,46.0304],[4.5382,46.03],[4.5404,46.0307],[4.5397,46.0319],[4.54,46.0323],[4.5423,46.032],[4.5444,46.0322],[4.5445,46.0329],[4.5443,46.0347],[4.5441,46.0351],[4.5445,46.0361],[4.5454,46.036],[4.5472,46.0336],[4.5496,46.0316],[4.553,46.0316],[4.5538,46.0316],[4.5539,46.0329],[4.5533,46.0334],[4.5542,46.0355],[4.5548,46.0361],[4.5537,46.0378],[4.5537,46.0384],[4.5536,46.039],[4.5524,46.0402],[4.5521,46.0411],[4.5536,46.0433],[4.5469,46.0454],[4.5507,46.0488],[4.547,46.0501],[4.5424,46.0488],[4.54,46.0501],[4.5415,46.0508],[4.5406,46.0523],[4.5434,46.0548],[4.5389,46.0562],[4.5378,46.0591],[4.5359,46.0601],[4.5329,46.0612],[4.5331,46.0637],[4.5313,46.0614],[4.5332,46.0589],[4.5326,46.059],[4.5302,46.0613],[4.5306,46.0621],[4.529,46.0617],[4.5254,46.0617],[4.5221,46.0622],[4.5218,46.0616],[4.5204,46.0617],[4.5171,46.0607],[4.5138,46.0618],[4.5138,46.063],[4.5114,46.0614],[4.5021,46.0625],[4.5022,46.0638],[4.5017,46.0637],[4.5002,46.0628],[4.4952,46.0628],[4.4941,46.0636],[4.4944,46.065],[4.4939,46.0649]]]},"properties":{"id_ffco":"2016-D69-232","nom":"Lamure-sur-Azergues","_dept":"69","numero":"2016-D69-232","commune":"Lamure-sur-Azergues","echelle":"1/15000","surface":"14.97 km²","format":"A3","annee":"2016","cartographes":"Jean-François Dechavanne","proprietaire":"69 - Rhône - Métropole de Lyon","niveau":"Départemental","specialite":"Rand'O","latitude":"46.0454294066","longitude":"4.51880471165","date_saisie":"27/11/2016","date_depot":"13/02/2017","valide":"Oui","ppo":"Non","type_carte":"Reprise","base":"2011-D69-199 LAMURE SUR AZERGUES - RHONE ORIENTATION 2011","fond":"Cadastre","obsolete":false}},{"type":"Feature","geometry":{"type":"Polygon","coordinates":[[[4.6503,45.7667],[4.6546,45.7673],[4.6574,45.7681],[4.6588,45.7684],[4.6614,45.7688],[4.6619,45.7696],[4.6618,45.7703],[4.6588,45.7706],[4.6574,45.771],[4.6581,45.7715],[4.6599,45.7723],[4.6595,45.7733],[4.6624,45.7743],[4.6629,45.7752],[4.6625,45.7764],[4.6624,45.7767],[4.6647,45.7772],[4.6647,45.7805],[4.6641,45.7828],[4.6641,45.7848],[4.6638,45.7852],[4.6646,45.7876],[4.6624,45.7884],[4.6599,45.789],[4.6582,45.7896],[4.6573,45.7904],[4.6571,45.7915],[4.6391,45.7881],[4.6372,45.7847],[4.6346,45.7792],[4.6343,45.7767],[4.6348,45.7761],[4.637,45.7764],[4.6384,45.7776],[4.6397,45.7782],[4.6403,45.7777],[4.6399,45.7758],[4.6405,45.775],[4.6426,45.7742],[4.6439,45.7732],[4.644,45.7722],[4.6445,45.7718],[4.6457,45.7719],[4.6465,45.7711],[4.6478,45.7704],[4.6491,45.7699],[4.6493,45.7691],[4.649,45.7679],[4.6486,45.7677],[4.6503,45.7667]]]},"properties":{"id_ffco":"2016-D69-231","nom":"Pollionnay","_dept":"69","numero":"2016-D69-231","commune":"Pollionnay","echelle":"1/10000","surface":"4.33 km²","format":"A3","annee":"2016","cartographes":"Franck Dechavanne","proprietaire":"69 - Rhône - Métropole de Lyon","niveau":"Interrégional","specialite":"CO à pied","latitude":"45.7799887746","longitude":"4.65105728827","date_saisie":"15/11/2016","date_depot":"13/02/2017","valide":"Oui","ppo":"Non","type_carte":"Nouvelle carte","fond":"Cadastre","obsolete":false}},{"type":"Feature","geometry":{"type":"Polygon","coordinates":[[[4.7905,45.7598],[4.7889,45.7607],[4.7892,45.7617],[4.7887,45.7621],[4.7889,45.7622],[4.7911,45.7618],[4.7937,45.7619],[4.7937,45.7615],[4.7925,45.7613],[4.7921,45.7598],[4.7927,45.7596],[4.7926,45.759],[4.7916,45.7591],[4.7906,45.7597],[4.7905,45.7598]]]},"properties":{"id_ffco":"2016-D69-230","nom":"Parc de la Garde","_dept":"69","numero":"2016-D69-230","commune":"Lyon 5","echelle":"1/2000","surface":"0.07 km²","format":"A5","annee":"2016","cartographes":"Franck Dechavanne","proprietaire":"69 - Rhône - Métropole de Lyon","niveau":"Initiation, Scolaire","specialite":"CO à pied","latitude":"45.7608189741","longitude":"4.79103395562","date_saisie":"15/11/2016","date_depot":"01/02/2017","valide":"Oui","ppo":"Non","type_carte":"Nouvelle carte","fond":"Cadastre","obsolete":false}},{"type":"Feature","geometry":{"type":"Polygon","coordinates":[[[4.4067,45.9922],[4.4043,45.9935],[4.4021,45.998],[4.4021,45.9998],[4.4031,46.0012],[4.4051,46.0032],[4.4076,46.0046],[4.4096,46.0048],[4.4118,46.0049],[4.4153,46.0044],[4.4186,46.0035],[4.4205,46.0018],[4.4208,46.0005],[4.42,45.9985],[4.4197,45.9985],[4.4188,45.9984],[4.4167,45.9974],[4.4157,45.9973],[4.4154,45.9965],[4.4155,45.9958],[4.4149,45.9945],[4.4134,45.9932],[4.4114,45.9926],[4.4091,45.992],[4.4067,45.9922]]]},"properties":{"id_ffco":"2015-D69-229","nom":"Ronno - Le Bois Rond","_dept":"69","numero":"2015-D69-229","commune":"Ronno","echelle":"1/7500","surface":"1.45 km²","format":"A4","annee":"2015","cartographes":"Franck Dechavanne","proprietaire":"69 - Rhône - Métropole de Lyon","niveau":"Départemental","specialite":"CO à pied","latitude":"45.9989496768","longitude":"4.41070627697","date_saisie":"04/05/2016","date_depot":"02/11/2016","valide":"Oui","ppo":"Non","type_carte":"Nouvelle carte","fond":"Ortho","obsolete":false}},{"type":"Feature","geometry":{"type":"Polygon","coordinates":[[[4.8005,45.6169],[4.7978,45.6155],[4.7942,45.613],[4.7919,45.6117],[4.7905,45.6128],[4.7858,45.6115],[4.7844,45.611],[4.7843,45.6101],[4.7794,45.61],[4.7758,45.6095],[4.7749,45.6076],[4.7764,45.6062],[4.7799,45.6053],[4.7827,45.6046],[4.7898,45.6061],[4.7945,45.6082],[4.7983,45.6128],[4.8005,45.6169]]]},"properties":{"id_ffco":"2016-D69-228","nom":"LES GRUIZARDS","_dept":"69","numero":"2016-D69-228","commune":"GRIGNY","echelle":"1/4000","surface":"1.03 km²","format":"A3","annee":"2016","cartographes":"CDCO69","proprietaire":"69 - Rhône - Métropole de Lyon","niveau":"Interrégional","specialite":"Sprint (ISSOM)","contacts":"CDCO 69, 04 78 93 79 95, 06 50 07 21 59, info@cdco69.fr,  http://www.cdco69.fr","latitude":"45.6091997225","longitude":"4.78735335131","date_saisie":"20/05/2016","date_depot":"22/03/2018","valide":"Oui","ppo":"Non","type_carte":"Nouvelle carte","fond":"Cadastre","obsolete":false}},{"type":"Feature","geometry":{"type":"Polygon","coordinates":[[[4.8595,45.7796],[4.8667,45.779],[4.8681,45.7741],[4.8661,45.7724],[4.8588,45.7728],[4.8595,45.7796]]]},"properties":{"id_ffco":"2016-D69-227","nom":"LE TONKIN","_dept":"69","numero":"2016-D69-227","commune":"VILLEURBANNE","echelle":"1/4000","surface":"0.48 km²","format":"A4","annee":"2016","cartographes":"CDCO69","proprietaire":"69 - Rhône - Métropole de Lyon","niveau":"Interrégional","specialite":"Sprint (ISSOM)","latitude":"45.7758565087","longitude":"4.86321156509","date_saisie":"20/05/2016","date_depot":"22/03/2018","valide":"Oui","ppo":"Non","type_carte":"Nouvelle carte","fond":"Cadastre","obsolete":false}},{"type":"Feature","geometry":{"type":"Polygon","coordinates":[[[4.4627,46.1502],[4.461,46.1446],[4.4682,46.1386],[4.467,46.1361],[4.4707,46.1339],[4.4792,46.133],[4.4843,46.1379],[4.4859,46.1437],[4.4829,46.1511],[4.4877,46.152],[4.4907,46.1538],[4.4901,46.1607],[4.4908,46.1684],[4.4876,46.1758],[4.4852,46.1798],[4.4821,46.1832],[4.4786,46.1833],[4.4714,46.1857],[4.4651,46.1848],[4.4632,46.1881],[4.4538,46.1862],[4.4479,46.1893],[4.4429,46.1915],[4.4374,46.1917],[4.4386,46.1879],[4.4398,46.1835],[4.4419,46.1805],[4.4428,46.1754],[4.4412,46.169],[4.4424,46.1675],[4.4407,46.1657],[4.4407,46.162],[4.4404,46.1563],[4.4431,46.1509],[4.4503,46.1501],[4.4539,46.1468],[4.458,46.1462],[4.4627,46.1502]]]},"properties":{"id_ffco":"2015-D69-226","nom":"Poule-Les Echarmeaux Rhone Orientation 2015","_dept":"69","numero":"2015-D69-226","commune":"Poule-Les Echarmeaux","echelle":"1/15000","surface":"17.75 km²","format":"A3","annee":"2015","cartographes":"Franck Dechavanne, Jean François Dechavanne, Christian Cachard, Henri Mascarell","proprietaire":"69 - Rhône - Métropole de Lyon","niveau":"Régional","specialite":"CO à pied","contacts":"CDCO 69, 04 78 93 79 95, 06 50 07 21 59, info@cdco69.fr,  http://www.cdco69.fr","latitude":"46.1640318666","longitude":"4.46542639624","date_saisie":"01/12/2015","date_depot":"22/03/2018","valide":"Oui","ppo":"Non","type_carte":"Nouvelle carte","fond":"Cadastre","obsolete":false}},{"type":"Feature","geometry":{"type":"Polygon","coordinates":[[[4.8991,45.6689],[4.9021,45.6663],[4.9024,45.6664],[4.9025,45.6662],[4.9025,45.6659],[4.9025,45.6655],[4.902,45.6654],[4.901,45.6663],[4.8999,45.6676],[4.8996,45.6679],[4.8993,45.6679],[4.8987,45.668],[4.8986,45.6685],[4.8986,45.6687],[4.8988,45.6688],[4.8991,45.6689]]]},"properties":{"id_ffco":"2015-D69-225","nom":"Parc Bourlione - CORBAS","_dept":"69","numero":"2015-D69-225","commune":"CORBAS","echelle":"1/1500","surface":"0.03 km²","format":"A4","annee":"2015","cartographes":"F Dechavanne","niveau":"Initiation, Scolaire","specialite":"CO à pied","latitude":"45.6671008727","longitude":"4.90069150946","date_saisie":"29/12/2018","date_depot":"03/04/2019","valide":"Oui","ppo":"Non","type_carte":"Nouvelle carte","fond":"Cadastre","obsolete":false}},{"type":"Feature","geometry":{"type":"Polygon","coordinates":[[[4.8159,45.7669],[4.8178,45.7665],[4.8198,45.7666],[4.8219,45.7673],[4.8255,45.7675],[4.828,45.7669],[4.8289,45.7659],[4.8292,45.7629],[4.8283,45.7604],[4.828,45.7598],[4.8249,45.7565],[4.8231,45.7532],[4.8215,45.7515],[4.8208,45.7515],[4.8197,45.7525],[4.8193,45.7529],[4.8188,45.7544],[4.8177,45.755],[4.8181,45.756],[4.8155,45.7572],[4.8147,45.7593],[4.8128,45.7605],[4.8151,45.7612],[4.8136,45.7626],[4.8131,45.7627],[4.8132,45.764],[4.8145,45.7643],[4.8148,45.7654],[4.8149,45.7663],[4.8156,45.767],[4.8159,45.7669]]]},"properties":{"id_ffco":"2015-D69-224","nom":"Fourvière-LYON","_dept":"69","numero":"2015-D69-224","commune":"LYON","echelle":"1/6500","surface":"1.43 km²","format":"A4","annee":"2015","cartographes":"F Dechavanne","niveau":"Régional","specialite":"CO à pied","latitude":"45.7609973329","longitude":"4.82135491454","date_saisie":"29/12/2018","date_depot":"04/04/2019","valide":"Oui","ppo":"Non","type_carte":"Nouvelle carte","fond":"Cadastre","obsolete":false}},{"type":"Feature","geometry":{"type":"Polygon","coordinates":[[[4.7242,45.7416],[4.7255,45.7427],[4.7284,45.7443],[4.7309,45.7459],[4.7325,45.7459],[4.7341,45.7453],[4.7365,45.7443],[4.7377,45.7423],[4.7368,45.742],[4.7373,45.7413],[4.7372,45.7409],[4.7367,45.7406],[4.7376,45.7363],[4.7393,45.7341],[4.7397,45.7325],[4.7381,45.7322],[4.7362,45.7318],[4.735,45.7309],[4.728,45.7308],[4.7195,45.731],[4.7196,45.7322],[4.7182,45.7327],[4.717,45.7343],[4.7149,45.7352],[4.7138,45.7356],[4.7144,45.737],[4.7153,45.7378],[4.7179,45.7383],[4.7199,45.7386],[4.7215,45.7393],[4.7224,45.7403],[4.7227,45.7409],[4.7242,45.7416]]]},"properties":{"id_ffco":"2015-D69-223","nom":"L'Yzeron-Craponne","_dept":"69","numero":"2015-D69-223","commune":"Craponne","echelle":"1/7500","surface":"2.13 km²","format":"A4","annee":"2015","cartographes":"F Dechavanne","niveau":"Départemental","specialite":"CO à pied","latitude":"45.737098443","longitude":"4.72835389902","date_saisie":"29/12/2018","date_depot":"04/04/2019","valide":"Oui","ppo":"Non","type_carte":"Nouvelle carte","fond":"Cadastre","obsolete":false}},{"type":"Feature","geometry":{"type":"Polygon","coordinates":[[[4.8156,45.7659],[4.8162,45.7659],[4.817,45.7657],[4.8175,45.7654],[4.8171,45.7642],[4.8168,45.7631],[4.8166,45.763],[4.8166,45.7626],[4.816,45.7625],[4.8158,45.7623],[4.8143,45.762],[4.8137,45.7626],[4.813,45.7627],[4.8133,45.7639],[4.8143,45.764],[4.8148,45.7644],[4.8149,45.7651],[4.815,45.7657],[4.815,45.7658],[4.8152,45.7659],[4.8154,45.7659],[4.8156,45.7659]]]},"properties":{"id_ffco":"2015-D69-222","nom":"La Piste de la Sarra-LYON","_dept":"69","numero":"2015-D69-222","commune":"LYON","echelle":"1/2500","surface":"0.09 km²","format":"A4","annee":"2015","cartographes":"F Dechavanne","niveau":"Départemental","specialite":"CO à pied","latitude":"45.7639082911","longitude":"4.81542576505","date_saisie":"29/12/2018","date_depot":"03/04/2019","valide":"Oui","ppo":"Non","type_carte":"Nouvelle carte","fond":"Cadastre","obsolete":false}},{"type":"Feature","geometry":{"type":"Polygon","coordinates":[[[4.817,45.7642],[4.8168,45.7636],[4.8168,45.7632],[4.8187,45.7632],[4.82,45.7629],[4.8215,45.7633],[4.8219,45.7635],[4.8221,45.7635],[4.8213,45.7642],[4.8229,45.7654],[4.8216,45.7657],[4.8213,45.7657],[4.821,45.7656],[4.8206,45.7653],[4.8201,45.765],[4.8189,45.7652],[4.8179,45.7653],[4.8175,45.7654],[4.8174,45.7652],[4.8172,45.7648],[4.817,45.7642]]]},"properties":{"id_ffco":"2015-D69-221","nom":"Site de la Solitude - Sainte Marie Lyon","_dept":"69","numero":"2015-D69-221","commune":"Lyon","echelle":"1/3000","surface":"0.09 km²","format":"A4","annee":"2015","cartographes":"Franck DECHAVANNE","proprietaire":"69 - Rhône - Métropole de Lyon","niveau":"Initiation, Scolaire","specialite":"CO à pied","latitude":"45.7642547915","longitude":"4.8196064008","date_saisie":"25/11/2016","date_depot":"13/02/2017","valide":"Oui","ppo":"Non","type_carte":"Nouvelle carte","fond":"Cadastre","obsolete":false}},{"type":"Feature","geometry":{"type":"Polygon","coordinates":[[[4.4646,46.1754],[4.4548,46.1754],[4.4454,46.1759],[4.4447,46.1791],[4.444,46.184],[4.4389,46.1882],[4.4378,46.1912],[4.4429,46.1914],[4.4447,46.1911],[4.4462,46.1905],[4.4473,46.1891],[4.448,46.1895],[4.4488,46.1891],[4.4509,46.188],[4.4523,46.1872],[4.4526,46.1866],[4.4537,46.1862],[4.4562,46.1869],[4.4588,46.1874],[4.4618,46.1881],[4.4631,46.1888],[4.464,46.1872],[4.4649,46.185],[4.4679,46.1853],[4.4703,46.1768],[4.4646,46.1754]]]},"properties":{"id_ffco":"2015-D69-219","nom":"Fonds Carrés","_dept":"69","numero":"2015-D69-219","commune":"Propières","echelle":"1/7500","surface":"2.78 km²","format":"A4","annee":"2015","cartographes":"CDCO69","proprietaire":"69 - Rhône - Métropole de Lyon","niveau":"Initiation, Scolaire","specialite":"CO à pied","latitude":"46.1823268929","longitude":"4.45470626634","date_saisie":"15/02/2016","date_depot":"22/03/2018","valide":"Oui","ppo":"Non","type_carte":"Extrait","base":"2014-D69-211 La Roche d'Ajoux - Poule les Echarmeaux","fond":"Cadastre","obsolete":false}},{"type":"Feature","geometry":{"type":"Polygon","coordinates":[[[4.4911,46.1682],[4.4903,46.1619],[4.4894,46.1578],[4.4911,46.1541],[4.4888,46.1517],[4.4862,46.1518],[4.4837,46.1509],[4.4821,46.1496],[4.4826,46.1486],[4.4799,46.1481],[4.4785,46.148],[4.4777,46.1475],[4.4761,46.1478],[4.4756,46.1484],[4.4756,46.1511],[4.4746,46.1546],[4.474,46.158],[4.4744,46.1602],[4.475,46.1618],[4.4757,46.1629],[4.4783,46.1641],[4.4801,46.165],[4.4817,46.1666],[4.482,46.1675],[4.4851,46.1693],[4.4893,46.1686],[4.4908,46.1686],[4.4911,46.1682]]]},"properties":{"id_ffco":"2015-D69-218","nom":"Le Moulin","_dept":"69","numero":"2015-D69-218","commune":"Chénelette","echelle":"1/7500","surface":"2.24 km²","format":"A4","annee":"2015","cartographes":"CDCO69","proprietaire":"69 - Rhône - Métropole de Lyon","niveau":"Initiation, Scolaire","specialite":"CO à pied","latitude":"46.1584790033","longitude":"4.4827358133","date_saisie":"14/02/2016","date_depot":"22/03/2018","valide":"Oui","ppo":"Non","type_carte":"Extrait","base":"2015-D69-216 Bois de La Pouge","fond":"Cadastre","obsolete":false}},{"type":"Feature","geometry":{"type":"Polygon","coordinates":[[[4.5255,45.9567],[4.5239,45.9572],[4.5213,45.9586],[4.5198,45.9594],[4.5198,45.9609],[4.5198,45.9634],[4.521,45.9641],[4.5243,45.9666],[4.5258,45.9666],[4.5282,45.9657],[4.5292,45.9654],[4.5286,45.9646],[4.5302,45.9637],[4.5304,45.9626],[4.529,45.9612],[4.5282,45.9592],[4.5259,45.9566],[4.5255,45.9565],[4.5255,45.9567]]]},"properties":{"id_ffco":"2014-D69-217","nom":"Létra - Le Bourg","_dept":"69","numero":"2014-D69-217","commune":"Létra","echelle":"1/4000","surface":"0.62 km²","format":"A4","annee":"2014","niveau":"Initiation, Scolaire","specialite":"CO à pied","latitude":"45.9618420951","longitude":"4.52481328151","date_saisie":"14/02/2016","date_depot":"22/03/2018","valide":"Oui","ppo":"Non","type_carte":"Extrait","base":"2014-D69-213 LETRA","fond":"Cadastre","obsolete":false}},{"type":"Feature","geometry":{"type":"Polygon","coordinates":[[[4.4902,46.162],[4.4898,46.1582],[4.4887,46.1568],[4.4864,46.1542],[4.4835,46.151],[4.4822,46.1496],[4.4825,46.1486],[4.4803,46.1482],[4.4787,46.1482],[4.4775,46.1477],[4.4729,46.1495],[4.4706,46.1506],[4.4686,46.1509],[4.4658,46.1542],[4.4698,46.1576],[4.4713,46.1597],[4.4737,46.1629],[4.4771,46.1632],[4.4797,46.1648],[4.4817,46.166],[4.4865,46.1661],[4.4906,46.1653],[4.4902,46.162]]]},"properties":{"id_ffco":"2015-D69-216","nom":"Bois de La Pouge","_dept":"69","numero":"2015-D69-216","commune":"Chénelette","echelle":"1/10000","surface":"2.44 km²","format":"A4","annee":"2015","cartographes":"Christian Cachard, Franck Dechavanne","proprietaire":"69 - Rhône - Métropole de Lyon","niveau":"Régional","specialite":"CO à pied","contacts":"CDCO 69, 04 78 93 79 95, 06 50 07 21 59, info@cdco69.fr,  http://www.cdco69.fr","latitude":"46.1571285169","longitude":"4.4792517717","date_saisie":"14/02/2016","date_depot":"22/03/2018","valide":"Oui","ppo":"Non","type_carte":"Extrait","base":"2009-D69-180 Le Mont Tourvéon","fond":"Cadastre","obsolete":false}},{"type":"Feature","geometry":{"type":"Polygon","coordinates":[[[4.5623,45.9568],[4.5625,45.9576],[4.5615,45.9594],[4.562,45.9608],[4.5633,45.9614],[4.564,45.9608],[4.5647,45.9599],[4.5665,45.9594],[4.5671,45.9599],[4.5667,45.9611],[4.5665,45.9617],[4.5681,45.9622],[4.5683,45.9628],[4.5669,45.9641],[4.5658,45.9652],[4.5659,45.9662],[4.5675,45.9669],[4.5702,45.9669],[4.5707,45.968],[4.57,45.9688],[4.5687,45.9698],[4.5681,45.9707],[4.5674,45.9727],[4.567,45.9745],[4.5666,45.9753],[4.5649,45.9753],[4.563,45.9748],[4.5622,45.9744],[4.5606,45.9718],[4.5594,45.9702],[4.5582,45.9686],[4.5568,45.9658],[4.5556,45.964],[4.5546,45.9624],[4.5536,45.9599],[4.5531,45.9577],[4.5533,45.9566],[4.5543,45.9561],[4.5555,45.9565],[4.5555,45.9578],[4.5567,45.9574],[4.5578,45.9565],[4.5588,45.9569],[4.5595,45.9571],[4.561,45.9566],[4.5617,45.9566],[4.5623,45.9568]]]},"properties":{"id_ffco":"2014-D69-215","nom":"Crêt de la Garde","_dept":"69","numero":"2014-D69-215","commune":"SAINTE PAULE","echelle":"1/7500","surface":"1.51 km²","format":"A4","annee":"2014","niveau":"Initiation, Scolaire","specialite":"CO à pied","contacts":"CDCO 69, 04 78 93 79 95, 06 50 07 21 59, info@cdco69.fr,  http://www.cdco69.fr","latitude":"45.9652267415","longitude":"4.56173746062","date_saisie":"01/01/2015","date_depot":"22/03/2018","valide":"Oui","ppo":"Non","type_carte":"Nouvelle carte","fond":"IGN","obsolete":false}},{"type":"Feature","geometry":{"type":"Polygon","coordinates":[[[4.5346,45.956],[4.5387,45.9563],[4.5404,45.958],[4.5422,45.9594],[4.5437,45.9604],[4.5453,45.962],[4.5469,45.9638],[4.5483,45.9657],[4.5488,45.9672],[4.5497,45.9683],[4.5504,45.9693],[4.5503,45.9691],[4.5503,45.9708],[4.5478,45.9727],[4.547,45.9726],[4.5455,45.9721],[4.544,45.9719],[4.5436,45.9727],[4.5412,45.9736],[4.5391,45.9739],[4.5391,45.9731],[4.5376,45.9729],[4.5367,45.9728],[4.5361,45.972],[4.5367,45.9705],[4.5368,45.9696],[4.5363,45.9686],[4.535,45.9678],[4.5315,45.9663],[4.5299,45.9647],[4.5295,45.9634],[4.5297,45.9622],[4.5302,45.9599],[4.5321,45.9583],[4.5321,45.9568],[4.5327,45.9559],[4.5346,45.956]]]},"properties":{"id_ffco":"2014-D69-214","nom":"LACHAL","_dept":"69","numero":"2014-D69-214","commune":"LETRA","echelle":"1/7500","surface":"1.96 km²","format":"A4","annee":"2014","cartographes":"CDCO69","proprietaire":"69 - Rhône - Métropole de Lyon","niveau":"Initiation, Scolaire","specialite":"CO à pied","contacts":"CDCO 69, 04 78 93 79 95, 06 50 07 21 59, info@cdco69.fr,  http://www.cdco69.fr","latitude":"45.9649801019","longitude":"4.53954593673","date_saisie":"01/01/2015","date_depot":"22/03/2018","valide":"Oui","ppo":"Non","type_carte":"Nouvelle carte","fond":"Cadastre","obsolete":false}},{"type":"Feature","geometry":{"type":"Polygon","coordinates":[[[4.5191,45.9588],[4.5163,45.9614],[4.5158,45.9622],[4.5173,45.9672],[4.5192,45.969],[4.5153,45.9701],[4.5151,45.9725],[4.5165,45.9755],[4.5186,45.9788],[4.5195,45.9818],[4.5177,45.9833],[4.5217,45.9881],[4.5239,45.99],[4.5233,45.9914],[4.5237,45.9927],[4.5253,45.9937],[4.5271,45.9938],[4.5277,45.9968],[4.5282,45.9974],[4.5295,45.9963],[4.53,45.9973],[4.5294,45.9991],[4.5315,46.0004],[4.5337,46.0034],[4.5355,46.0051],[4.5406,46.0046],[4.5425,46.0038],[4.5424,46.0029],[4.5442,46.0017],[4.5462,45.9993],[4.5503,45.9991],[4.5545,45.9974],[4.5554,45.9958],[4.5584,45.995],[4.5588,45.9938],[4.5601,45.9937],[4.5601,45.9915],[4.5622,45.9894],[4.5665,45.9782],[4.5651,45.9733],[4.5646,45.969],[4.563,45.9643],[4.5577,45.9598],[4.5574,45.958],[4.5565,45.9569],[4.554,45.9548],[4.5522,45.9547],[4.5491,45.9519],[4.546,45.9503],[4.5421,45.9491],[4.5371,45.9485],[4.5334,45.9472],[4.5302,45.9498],[4.5274,45.9529],[4.5244,45.9558],[4.5219,45.9575],[4.5197,45.9585],[4.5191,45.9588]]]},"properties":{"id_ffco":"2014-D69-213","nom":"LETRA","_dept":"69","numero":"2014-D69-213","commune":"69620 LETRA,","echelle":"1/15000","surface":"17.51 km²","format":"A3","annee":"2014","cartographes":"O.Basset   JP Enzen, C Cacard H Mascarll, F Dechavanne CDCO69, JF Dechavanne","niveau":"Régional","specialite":"CO à pied","contacts":"CDCO 69, 04 78 93 79 95, 06 50 07 21 59, info@cdco69.fr,  http://www.cdco69.fr","latitude":"45.9754338817","longitude":"4.54064084159","date_saisie":"01/01/2015","date_depot":"04/04/2019","valide":"Oui","ppo":"Non","type_carte":"Nouvelle carte","fond":"Cadastre","obsolete":false}},{"type":"Feature","geometry":{"type":"Polygon","coordinates":[[[4.4507,46.1495],[4.4511,46.1503],[4.4505,46.1513],[4.4506,46.152],[4.4514,46.1523],[4.453,46.152],[4.4543,46.1519],[4.4554,46.1515],[4.4562,46.151],[4.4574,46.1506],[4.4583,46.1493],[4.4588,46.1488],[4.4594,46.1483],[4.4602,46.1475],[4.4591,46.1466],[4.4579,46.1465],[4.456,46.1452],[4.4548,46.1449],[4.454,46.1454],[4.4538,46.1464],[4.4519,46.1483],[4.4507,46.1495]]]},"properties":{"id_ffco":"2014-D69-212","nom":"Le village","_dept":"69","numero":"2014-D69-212","commune":"POULE LES ECHARMEAUX,","echelle":"1/4000","surface":"0.34 km²","format":"A4","annee":"2014","cartographes":"DECHAVANNE Franck","niveau":"Régional","specialite":"CO à pied","contacts":"CDCO 69, 04 78 93 79 95, 06 50 07 21 59, info@cdco69.fr,  http://www.cdco69.fr","latitude":"46.1488018816","longitude":"4.45495672653","date_saisie":"01/01/2015","date_depot":"16/03/2018","valide":"Oui","ppo":"Non","type_carte":"Nouvelle carte","fond":"Cadastre","obsolete":false}},{"type":"Feature","geometry":{"type":"Polygon","coordinates":[[[4.441,46.1681],[4.4423,46.17],[4.4434,46.1711],[4.4451,46.1742],[4.4461,46.1779],[4.447,46.1801],[4.4475,46.1822],[4.449,46.1829],[4.4504,46.1831],[4.4531,46.182],[4.4551,46.1818],[4.459,46.182],[4.4617,46.1825],[4.4658,46.1838],[4.4671,46.1846],[4.468,46.1853],[4.4705,46.186],[4.4721,46.1856],[4.4742,46.1845],[4.4755,46.1827],[4.4757,46.1807],[4.4761,46.1795],[4.4779,46.178],[4.4779,46.1772],[4.4772,46.1762],[4.4774,46.1745],[4.4769,46.1732],[4.4762,46.171],[4.4758,46.1693],[4.4756,46.1678],[4.4749,46.1664],[4.4736,46.1651],[4.4726,46.1647],[4.471,46.1646],[4.4692,46.1646],[4.468,46.1648],[4.4659,46.1644],[4.4612,46.1622],[4.4576,46.1605],[4.4546,46.1599],[4.4517,46.1608],[4.4502,46.162],[4.4493,46.1636],[4.4483,46.1643],[4.4462,46.1647],[4.4446,46.1653],[4.4432,46.1665],[4.442,46.1668],[4.4409,46.1669],[4.441,46.1681]]]},"properties":{"id_ffco":"2014-D69-211","nom":"La Roche d'Ajoux - Poule les Echarmeaux","_dept":"69","numero":"2014-D69-211","commune":"69870 POULE LES ECHARMEAUX,","echelle":"1/10000","surface":"5.49 km²","format":"A3","annee":"2014","cartographes":"DECHAVANNE Franck","niveau":"National, International","specialite":"CO à pied","contacts":"CDCO 69, 04 78 93 79 95, 06 50 07 21 59, info@cdco69.fr,  http://www.cdco69.fr","latitude":"46.1729346712","longitude":"4.46041795316","date_saisie":"01/01/2015","date_depot":"16/03/2018","valide":"Oui","ppo":"Non","type_carte":"Nouvelle carte","fond":"Cadastre","obsolete":false}},{"type":"Feature","geometry":{"type":"Polygon","coordinates":[[[4.4027,45.9917],[4.4067,45.9922],[4.4091,45.992],[4.4111,45.9926],[4.4125,45.993],[4.4142,45.9938],[4.4153,45.9951],[4.4155,45.9957],[4.4153,45.9966],[4.4155,45.9969],[4.416,45.9973],[4.4191,45.9985],[4.42,45.9985],[4.4201,45.9981],[4.4201,45.996],[4.42,45.9951],[4.4211,45.9946],[4.4215,45.9945],[4.4225,45.9946],[4.4254,45.9961],[4.4269,45.9967],[4.4281,45.9975],[4.429,45.9977],[4.4301,45.9975],[4.4326,45.9968],[4.4335,45.9969],[4.4339,45.9968],[4.4348,45.9963],[4.4333,45.9934],[4.4327,45.9917],[4.4361,45.99],[4.4353,45.9892],[4.4357,45.9882],[4.4376,45.9874],[4.4386,45.986],[4.4386,45.9849],[4.4379,45.9847],[4.4361,45.9846],[4.4343,45.9838],[4.4334,45.9839],[4.4312,45.985],[4.4293,45.9841],[4.4288,45.9836],[4.429,45.9831],[4.4303,45.9824],[4.4304,45.9818],[4.4306,45.9809],[4.4302,45.9797],[4.4295,45.979],[4.4284,45.9787],[4.4271,45.9787],[4.4252,45.979],[4.4239,45.9792],[4.4236,45.977],[4.4228,45.9774],[4.4216,45.9769],[4.4184,45.977],[4.4168,45.9773],[4.4146,45.9766],[4.4134,45.9755],[4.4117,45.9745],[4.4098,45.9753],[4.4087,45.9758],[4.4075,45.9757],[4.4065,45.9757],[4.4044,45.9767],[4.4028,45.9771],[4.4017,45.9772],[4.4013,45.9767],[4.3969,45.9845],[4.3971,45.9865],[4.4027,45.9917]]]},"properties":{"id_ffco":"2015-D69-210","nom":"Ronno - Cret des Quatre Bornes","_dept":"69","numero":"2015-D69-210","commune":"Ronno","echelle":"1/10000","surface":"5.24 km²","format":"A3","annee":"2015","cartographes":"Franck Dechavanne","proprietaire":"69 - Rhône - Métropole de Lyon","niveau":"Régional","specialite":"CO à pied","contacts":"CDCO 69, 04 78 93 79 95, 06 50 07 21 59, info@cdco69.fr,  http://www.cdco69.fr","latitude":"45.9861790259","longitude":"4.41710161997","date_saisie":"01/12/2015","date_depot":"24/06/2016","valide":"Oui","ppo":"Non","type_carte":"Nouvelle carte","fond":"Ortho","obsolete":false}},{"type":"Feature","geometry":{"type":"Polygon","coordinates":[[[4.8334,45.8488],[4.8332,45.8471],[4.833,45.8453],[4.8326,45.8429],[4.8315,45.8401],[4.8315,45.8395],[4.8278,45.8394],[4.825,45.8394],[4.8214,45.8403],[4.8184,45.841],[4.8162,45.8418],[4.8146,45.8414],[4.813,45.8403],[4.8098,45.8392],[4.8088,45.8392],[4.8083,45.8388],[4.8053,45.8392],[4.8037,45.8403],[4.8037,45.8415],[4.8039,45.8422],[4.8051,45.8425],[4.8062,45.8437],[4.8061,45.8446],[4.8056,45.8456],[4.8069,45.8459],[4.8081,45.8466],[4.8078,45.8479],[4.8087,45.8482],[4.81,45.8484],[4.8107,45.8492],[4.8124,45.8496],[4.813,45.8504],[4.813,45.8516],[4.8143,45.8512],[4.8164,45.851],[4.8174,45.8513],[4.8167,45.852],[4.8171,45.854],[4.8185,45.8537],[4.8185,45.853],[4.8201,45.8529],[4.8217,45.8522],[4.8234,45.8514],[4.826,45.8506],[4.8294,45.8498],[4.8334,45.8488]]]},"properties":{"id_ffco":"2013-D69-209","nom":"LES TORELLES","_dept":"69","numero":"2013-D69-209","commune":"Couzon au Mont d'Or","echelle":"1/7500","surface":"2.46 km²","format":"A4","annee":"2013","cartographes":"DECHAVANNE Franck","niveau":"Départemental","specialite":"Raid'O","contacts":"CLUB GONES RAIDEURS, 06 08 97 40 23, gonesraideurs@free.fr, http://www.gones-raideurs.org/","latitude":"45.8452883871","longitude":"4.81949964982","date_saisie":"13/03/2014","date_depot":"16/03/2018","valide":"Oui","ppo":"Non","type_carte":"Nouvelle carte","fond":"Cadastre","obsolete":false}},{"type":"Feature","geometry":{"type":"Polygon","coordinates":[[[4.8036,45.8336],[4.8013,45.8332],[4.8,45.8342],[4.799,45.8326],[4.7985,45.8301],[4.7997,45.8273],[4.8032,45.8238],[4.8064,45.8234],[4.8097,45.8242],[4.8109,45.8263],[4.8118,45.8272],[4.818,45.8271],[4.8217,45.8266],[4.8269,45.8275],[4.8273,45.8295],[4.8244,45.831],[4.8212,45.832],[4.8165,45.833],[4.8129,45.833],[4.8103,45.8337],[4.807,45.8338],[4.8036,45.8336]]]},"properties":{"id_ffco":"2013-D69-208","nom":"MONT LAROCHE","_dept":"69","numero":"2013-D69-208","commune":"Saint-Romain au Mont d'Or","echelle":"1/7500","surface":"1.64 km²","format":"A4","annee":"2013","cartographes":"DECHAVANNE Franck","niveau":"Départemental","specialite":"Raid'O","contacts":"CLUB GONES RAIDEURS, 06 08 97 40 23, gonesraideurs@free.fr, http://www.gones-raideurs.org/","latitude":"45.8293204265","longitude":"4.81081659202","date_saisie":"13/03/2014","date_depot":"22/03/2018","valide":"Oui","ppo":"Non","type_carte":"Nouvelle carte","fond":"Cadastre","obsolete":false}},{"type":"Feature","geometry":{"type":"Polygon","coordinates":[[[4.7716,45.8467],[4.7721,45.8481],[4.7731,45.8494],[4.773,45.8517],[4.7745,45.8549],[4.7755,45.8552],[4.7765,45.855],[4.7763,45.8535],[4.7764,45.8527],[4.7785,45.8522],[4.7812,45.8521],[4.7849,45.8541],[4.7891,45.8579],[4.7885,45.8581],[4.7882,45.8598],[4.7872,45.8613],[4.7898,45.864],[4.7926,45.8655],[4.7969,45.8662],[4.7979,45.8669],[4.7958,45.8686],[4.7986,45.8716],[4.8005,45.8727],[4.8042,45.8732],[4.8057,45.8764],[4.805,45.8777],[4.8022,45.8788],[4.7984,45.8808],[4.7965,45.8802],[4.7927,45.8791],[4.7864,45.8787],[4.7816,45.8773],[4.7793,45.877],[4.7793,45.8752],[4.7766,45.8748],[4.774,45.873],[4.7732,45.8718],[4.7733,45.8699],[4.772,45.87],[4.7688,45.8698],[4.7685,45.8682],[4.7676,45.867],[4.769,45.865],[4.7686,45.8635],[4.7686,45.8617],[4.7697,45.8595],[4.7686,45.8592],[4.7694,45.8563],[4.7679,45.8561],[4.767,45.854],[4.7684,45.8526],[4.7685,45.8514],[4.7694,45.8501],[4.7702,45.8484],[4.7716,45.8467]]]},"properties":{"id_ffco":"2012-D69-205","nom":"CHASSELAY","_dept":"69","numero":"2012-D69-205","commune":"CHASSELAY","echelle":"1/10000","surface":"5.36 km²","format":"A4","annee":"2012","cartographes":"DECHAVANNE Franck","proprietaire":"69 - Rhône - Métropole de Lyon","niveau":"Départemental","specialite":"Raid'O","contacts":"CDCO 69, 04 78 93 79 95, 06 50 07 21 59, info@cdco69.fr,  http://www.cdco69.fr","latitude":"45.86655041","longitude":"4.78343627573","date_saisie":"19/07/2013","date_depot":"16/03/2018","valide":"Oui","ppo":"Non","type_carte":"Nouvelle carte","fond":"Cadastre","obsolete":false}},{"type":"Feature","geometry":{"type":"Polygon","coordinates":[[[4.3626,46.0077],[4.3598,46.0068],[4.3569,46.0047],[4.3563,46.0042],[4.3566,46.0032],[4.3591,46.0019],[4.3619,46.0012],[4.3651,46.0024],[4.3688,46.0029],[4.373,46.003],[4.3769,46.0048],[4.3825,46.0053],[4.3839,46.0019],[4.386,46.001],[4.3912,46.002],[4.3926,46.0005],[4.3907,45.9977],[4.3884,45.9967],[4.3839,45.9949],[4.3828,45.9923],[4.3827,45.9914],[4.3907,45.9916],[4.3997,45.9912],[4.3981,45.9888],[4.3961,45.9866],[4.3982,45.9824],[4.4004,45.9796],[4.4016,45.9779],[4.4035,45.9763],[4.4066,45.9753],[4.4093,45.9753],[4.4107,45.9733],[4.4126,45.9725],[4.4152,45.9737],[4.4168,45.9762],[4.4194,45.9763],[4.4229,45.9765],[4.4244,45.9787],[4.4277,45.9782],[4.4311,45.9798],[4.4313,45.9824],[4.4304,45.9836],[4.4317,45.9841],[4.4339,45.9833],[4.4362,45.9841],[4.4394,45.9843],[4.4395,45.986],[4.4362,45.9886],[4.4368,45.9903],[4.4335,45.9916],[4.4352,45.9945],[4.4362,45.9967],[4.4332,45.9982],[4.4339,46.0019],[4.4333,46.0024],[4.4303,46.0016],[4.4344,46.0043],[4.4365,46.0074],[4.4383,46.01],[4.4416,46.0118],[4.4435,46.0144],[4.4465,46.0163],[4.4492,46.0162],[4.4521,46.0161],[4.4564,46.0177],[4.4575,46.0192],[4.4597,46.0207],[4.4589,46.0227],[4.4591,46.0248],[4.4612,46.0278],[4.4651,46.0304],[4.4685,46.0336],[4.4729,46.0337],[4.4777,46.0345],[4.4791,46.0364],[4.4789,46.0394],[4.4774,46.0405],[4.4794,46.0439],[4.477,46.0451],[4.475,46.0457],[4.4732,46.0473],[4.4715,46.0477],[4.4719,46.0496],[4.4763,46.0501],[4.478,46.0509],[4.477,46.0526],[4.4748,46.054],[4.4746,46.0559],[4.472,46.0579],[4.4707,46.0585],[4.4727,46.059],[4.4719,46.0615],[4.4781,46.0608],[4.4792,46.063],[4.4798,46.0653],[4.4783,46.0675],[4.478,46.0703],[4.4768,46.0713],[4.4726,46.0714],[4.4646,46.0724],[4.4582,46.0724],[4.4543,46.0721],[4.4508,46.0727],[4.4474,46.0731],[4.4451,46.0745],[4.4431,46.0741],[4.4417,46.0732],[4.4386,46.0714],[4.4325,46.0718],[4.4294,46.0711],[4.4285,46.0692],[4.43,46.0674],[4.4308,46.0672],[4.4287,46.0658],[4.4266,46.0655],[4.4259,46.0637],[4.425,46.0625],[4.4245,46.0604],[4.4253,46.0575],[4.4267,46.0564],[4.4278,46.0565],[4.4272,46.055],[4.4247,46.0541],[4.422,46.0499],[4.4216,46.0489],[4.4198,46.0489],[4.4195,46.0462],[4.4155,46.0466],[4.4134,46.045],[4.4131,46.0439],[4.4158,46.0417],[4.4205,46.0381],[4.4246,46.038],[4.428,46.0393],[4.4301,46.0387],[4.4308,46.0349],[4.4295,46.0339],[4.4222,46.0336],[4.4191,46.0326],[4.4178,46.0305],[4.4186,46.0277],[4.4174,46.0252],[4.4143,46.0245],[4.4077,46.0239],[4.4067,46.0224],[4.4068,46.0201],[4.404,46.0191],[4.4006,46.0191],[4.3959,46.0193],[4.3921,46.0197],[4.3863,46.0198],[4.3811,46.0222],[4.3786,46.0213],[4.377,46.0186],[4.3764,46.0161],[4.3757,46.0146],[4.3765,46.0135],[4.3747,46.0123],[4.3732,46.0111],[4.3714,46.0096],[4.369,46.0099],[4.3666,46.0087],[4.3621,46.0077],[4.3626,46.0077]]]},"properties":{"id_ffco":"2012-D69-203","nom":"LE LAC DES SAPINS - BEAUJOLAIS VERT (RHONE)","_dept":"69","numero":"2012-D69-203","commune":"CUBLIZE","echelle":"1/20000","surface":"43.0 km²","format":"+","annee":"2012","cartographes":"DECHAVANNE Franck","proprietaire":"69 - Rhône - Métropole de Lyon","niveau":"Régional","specialite":"Raid'O","contacts":"CDCO 69, 04 78 93 79 95, 06 50 07 21 59, info@cdco69.fr,  http://www.cdco69.fr","latitude":"46.0255713183","longitude":"4.42965500842","date_saisie":"19/07/2013","date_depot":"16/03/2018","valide":"Oui","ppo":"Non","type_carte":"Nouvelle carte","fond":"Cadastre","obsolete":false}},{"type":"Feature","geometry":{"type":"Polygon","coordinates":[[[4.4914,46.0637],[4.4929,46.0644],[4.4963,46.0659],[4.4972,46.0678],[4.4962,46.0706],[4.4952,46.0728],[4.4968,46.0761],[4.4989,46.0782],[4.4994,46.0813],[4.4995,46.0835],[4.5013,46.0861],[4.5095,46.0834],[4.5168,46.0834],[4.5216,46.0826],[4.5252,46.0803],[4.5309,46.0809],[4.5342,46.0847],[4.5382,46.0858],[4.5414,46.0849],[4.5485,46.083],[4.5491,46.0805],[4.5501,46.0811],[4.55,46.0797],[4.5497,46.0775],[4.5501,46.0771],[4.5507,46.078],[4.5514,46.0775],[4.5515,46.0767],[4.553,46.0743],[4.5544,46.0733],[4.5563,46.0714],[4.5577,46.0706],[4.5589,46.0691],[4.5619,46.0688],[4.5649,46.0658],[4.5665,46.0637],[4.5642,46.0643],[4.565,46.0631],[4.5668,46.0625],[4.5666,46.06],[4.5668,46.0525],[4.5656,46.0505],[4.5646,46.0495],[4.5631,46.0483],[4.5605,46.0486],[4.556,46.0484],[4.5525,46.0472],[4.55,46.0465],[4.5465,46.0468],[4.5417,46.047],[4.5361,46.0468],[4.532,46.0436],[4.5298,46.0444],[4.5268,46.0436],[4.5231,46.0424],[4.5197,46.0418],[4.5099,46.0452],[4.5065,46.0481],[4.5022,46.0481],[4.4957,46.0477],[4.492,46.0487],[4.4936,46.0507],[4.4945,46.0546],[4.4919,46.0581],[4.4905,46.0604],[4.491,46.0622],[4.4914,46.0637]]]},"properties":{"id_ffco":"2011-D69-199","nom":"LAMURE SUR AZERGUES - RHONE ORIENTATION 2011","_dept":"69","numero":"2011-D69-199","commune":"LAMURE SUR AZERGUES","echelle":"1/15000","surface":"21.08 km²","format":"A3","annee":"2011","cartographes":"CACHARD Christian","proprietaire":"69 - Rhône - Métropole de Lyon","niveau":"Régional","specialite":"Raid'O","contacts":"CDCO 69, 04 78 93 79 95, 06 50 07 21 59, info@cdco69.fr,  http://www.cdco69.fr","latitude":"46.0634153141","longitude":"4.52770585368","date_saisie":"19/07/2013","date_depot":"04/04/2019","valide":"Oui","ppo":"Non","type_carte":"Nouvelle carte","fond":"Cadastre","obsolete":false}},{"type":"Feature","geometry":{"type":"Polygon","coordinates":[[[4.8693,45.8886],[4.8704,45.8857],[4.8688,45.8833],[4.8648,45.8827],[4.8613,45.883],[4.8598,45.8825],[4.8547,45.8829],[4.8515,45.8827],[4.8518,45.8859],[4.853,45.8884],[4.8557,45.8893],[4.8598,45.8893],[4.8634,45.8889],[4.8693,45.8886]]]},"properties":{"id_ffco":"2010-D69-196","nom":"BOIS DU PARC","_dept":"69","numero":"2010-D69-196","commune":"MONTANAY","echelle":"1/5000","surface":"0.93 km²","format":"A4","annee":"2010","cartographes":"DECHAVANNE Franck","proprietaire":"69 - Rhône - Métropole de Lyon","niveau":"Départemental","specialite":"Raid'O","contacts":"CDCO 69, 04 78 93 79 95, 06 50 07 21 59, info@cdco69.fr,  http://www.cdco69.fr","latitude":"45.8858644224","longitude":"4.86071797967","date_saisie":"19/07/2013","date_depot":"16/03/2018","valide":"Oui","ppo":"Non","type_carte":"Nouvelle carte","fond":"Cadastre","obsolete":false}},{"type":"Feature","geometry":{"type":"Polygon","coordinates":[[[4.8527,45.859],[4.8548,45.8563],[4.8559,45.8563],[4.8605,45.8576],[4.8643,45.8581],[4.8682,45.8588],[4.8724,45.8595],[4.8763,45.86],[4.8775,45.8623],[4.8775,45.8658],[4.8781,45.8671],[4.8792,45.869],[4.8766,45.8706],[4.8757,45.8703],[4.8724,45.8715],[4.8705,45.8711],[4.8702,45.8707],[4.866,45.872],[4.863,45.8737],[4.8614,45.874],[4.8559,45.873],[4.8546,45.8701],[4.8541,45.8695],[4.8517,45.87],[4.8512,45.8686],[4.8507,45.8653],[4.852,45.865],[4.8528,45.8621],[4.8525,45.8602],[4.8527,45.859]]]},"properties":{"id_ffco":"2010-D69-195","nom":"RUISSEAU DES ECHETS","_dept":"69","numero":"2010-D69-195","commune":"CAILLOUX SUR FONTAINES","echelle":"1/10000","surface":"3.01 km²","format":"A4","annee":"2010","cartographes":"DECHAVANNE Franck","proprietaire":"69 - Rhône - Métropole de Lyon","niveau":"Départemental","specialite":"Raid'O","contacts":"CDCO 69, 04 78 93 79 95, 06 50 07 21 59, info@cdco69.fr,  http://www.cdco69.fr","latitude":"45.8652273214","longitude":"4.86405748604","date_saisie":"19/07/2013","date_depot":"16/03/2018","valide":"Oui","ppo":"Non","type_carte":"Nouvelle carte","fond":"Cadastre","obsolete":false}},{"type":"Feature","geometry":{"type":"Polygon","coordinates":[[[4.8537,45.8592],[4.8518,45.8602],[4.8484,45.8617],[4.8491,45.8636],[4.8494,45.8659],[4.8496,45.8681],[4.8508,45.868],[4.8526,45.8712],[4.8542,45.8722],[4.8565,45.8732],[4.8594,45.8725],[4.862,45.8709],[4.8624,45.8696],[4.8618,45.8675],[4.8604,45.8653],[4.8593,45.8629],[4.8574,45.8622],[4.8559,45.8608],[4.8537,45.8592]]]},"properties":{"id_ffco":"2010-D69-194","nom":"TETE NOIRE","_dept":"69","numero":"2010-D69-194","commune":"FLEURIEU SUR SAONE","echelle":"1/5000","surface":"1.06 km²","format":"A4","annee":"2010","cartographes":"DECHAVANNE Franck","proprietaire":"69 - Rhône - Métropole de Lyon","niveau":"Initiation, Scolaire","specialite":"CO à pied","contacts":"CDCO 69, 04 78 93 79 95, 06 50 07 21 59, info@cdco69.fr,  http://www.cdco69.fr","latitude":"45.8664732878","longitude":"4.85535145329","date_saisie":"19/07/2013","date_depot":"22/03/2018","valide":"Oui","ppo":"Non","type_carte":"Nouvelle carte","fond":"Cadastre","obsolete":false}},{"type":"Feature","geometry":{"type":"Polygon","coordinates":[[[4.7091,45.7909],[4.7117,45.7926],[4.7137,45.7929],[4.7173,45.7944],[4.7191,45.7947],[4.7214,45.7949],[4.7223,45.7934],[4.7249,45.7914],[4.7276,45.7904],[4.7303,45.7889],[4.7319,45.7871],[4.7339,45.7849],[4.7329,45.7844],[4.7318,45.7837],[4.7282,45.7836],[4.7249,45.7839],[4.7229,45.7846],[4.7209,45.7846],[4.7178,45.7842],[4.7152,45.7855],[4.713,45.7879],[4.7115,45.7895],[4.7094,45.7901],[4.7082,45.7905],[4.7091,45.7909]]]},"properties":{"id_ffco":"2010-D69-193","nom":"PARC DE LACROIX LAVAL","_dept":"69","numero":"2010-D69-193","commune":"MARCY L'ETOILE","echelle":"1/7500","surface":"1.39 km²","format":"A4","annee":"2010","cartographes":"DECHAVANNE Franck","proprietaire":"69 - Rhône - Métropole de Lyon","niveau":"Départemental","specialite":"CO à pied","contacts":"CDCO69, http://cdco69.fr/cartotheque","latitude":"45.7886903703","longitude":"4.72124190746","date_saisie":"19/07/2013","date_depot":"16/03/2018","valide":"Oui","ppo":"Non","type_carte":"Nouvelle carte","fond":"Cadastre","url":"https://www.grandlyon.com/fileadmin/user_upload/media/pdf/environnement/parcs/20150424_gl_domainelacroixlaval_parcours-orientation.pdf","obsolete":false}},{"type":"Feature","geometry":{"type":"Polygon","coordinates":[[[4.9023,45.7109],[4.9085,45.7173],[4.9146,45.7213],[4.9156,45.7239],[4.9149,45.7255],[4.9124,45.726],[4.9098,45.7256],[4.9086,45.7255],[4.9068,45.7269],[4.9054,45.727],[4.9022,45.7262],[4.9002,45.7269],[4.8973,45.7273],[4.8951,45.7271],[4.8935,45.7265],[4.8926,45.7254],[4.892,45.7243],[4.893,45.7235],[4.8943,45.7225],[4.8915,45.7176],[4.8918,45.7169],[4.9013,45.7111],[4.9023,45.7109]]]},"properties":{"id_ffco":"2010-D69-192","nom":"PARC DE PARILLY","_dept":"69","numero":"2010-D69-192","commune":"VENISSIEUX","echelle":"1/7500","surface":"2.14 km²","format":"A4","annee":"2010","cartographes":"Cartographes du CDCO69","proprietaire":"69 - Rhône - Métropole de Lyon","niveau":"Départemental","specialite":"CO à pied","contacts":"CDCO 69, http://cdco69.fr/cartotheque","latitude":"45.7204795005","longitude":"4.90240724097","date_saisie":"19/07/2013","date_depot":"16/03/2018","valide":"Oui","ppo":"Non","type_carte":"Nouvelle carte","fond":"Cadastre","obsolete":false}},{"type":"Feature","geometry":{"type":"Polygon","coordinates":[[[4.5175,46.2224],[4.5169,46.2225],[4.516,46.2223],[4.5156,46.2221],[4.5154,46.2217],[4.5153,46.2215],[4.5143,46.2216],[4.5142,46.2226],[4.5144,46.2233],[4.5149,46.2238],[4.5158,46.224],[4.5165,46.224],[4.5166,46.2237],[4.5169,46.223],[4.5172,46.2228],[4.5177,46.2225],[4.5175,46.2224]]]},"properties":{"id_ffco":"2009-D69-191","nom":"STADE DE FONTALET","_dept":"69","numero":"2009-D69-191","commune":"MONSOLS","echelle":"1/1000","surface":"0.04 km²","format":"A4","annee":"2009","cartographes":"DECHAVANNE Franck","proprietaire":"69 - Rhône - Métropole de Lyon","niveau":"Initiation, Scolaire","specialite":"CO à pied","contacts":"CDCO 69, 04 78 93 79 95, 06 50 07 21 59, info@cdco69.fr,  http://www.cdco69.fr","latitude":"46.2228487719","longitude":"4.51553580677","date_saisie":"19/07/2013","date_depot":"16/03/2018","valide":"Oui","ppo":"Non","type_carte":"Nouvelle carte","fond":"Cadastre","obsolete":false}},{"type":"Feature","geometry":{"type":"Polygon","coordinates":[[[4.518,46.2243],[4.5192,46.2242],[4.5216,46.2242],[4.5225,46.2237],[4.5226,46.2142],[4.521,46.2136],[4.5171,46.2127],[4.514,46.2129],[4.5124,46.2114],[4.5094,46.2115],[4.5068,46.2125],[4.5049,46.2144],[4.5018,46.2153],[4.4977,46.2153],[4.4968,46.2161],[4.4964,46.2171],[4.498,46.2181],[4.5014,46.2199],[4.5016,46.2214],[4.5028,46.2234],[4.5041,46.2246],[4.5057,46.2248],[4.508,46.2235],[4.5112,46.2224],[4.5145,46.2231],[4.5167,46.2237],[4.518,46.2243]]]},"properties":{"id_ffco":"2009-D69-190","nom":"LE CHATELARD","_dept":"69","numero":"2009-D69-190","commune":"MONSOLS","echelle":"1/7500","surface":"2.05 km²","format":"A4","annee":"2009","cartographes":"CACHARD Christian","proprietaire":"69 - Rhône - Métropole de Lyon","niveau":"Départemental","specialite":"CO à pied","contacts":"CDCO 69, 04 78 93 79 95, 06 50 07 21 59, info@cdco69.fr,  http://www.cdco69.fr","latitude":"46.2181790703","longitude":"4.51140122247","date_saisie":"19/07/2013","date_depot":"16/03/2018","valide":"Oui","ppo":"Non","type_carte":"Extrait","base":"2009-D69-188 MONSOLS SAINT RIGAUD","fond":"Cadastre","obsolete":false}},{"type":"Feature","geometry":{"type":"Polygon","coordinates":[[[4.5891,46.1117],[4.5904,46.1133],[4.5908,46.1139],[4.5922,46.1131],[4.5932,46.1134],[4.5956,46.1151],[4.5973,46.1176],[4.6026,46.1187],[4.6039,46.1199],[4.6027,46.1215],[4.6018,46.1244],[4.5992,46.126],[4.5966,46.1251],[4.5927,46.1258],[4.5879,46.1256],[4.5827,46.126],[4.5802,46.126],[4.5774,46.1249],[4.574,46.1258],[4.5711,46.1265],[4.5694,46.1256],[4.5675,46.1253],[4.5671,46.1239],[4.5677,46.122],[4.5694,46.1211],[4.5714,46.1211],[4.5739,46.1201],[4.5749,46.119],[4.5746,46.1173],[4.575,46.1155],[4.5774,46.1147],[4.5797,46.1141],[4.5822,46.1148],[4.5835,46.1144],[4.5839,46.1133],[4.5835,46.112],[4.584,46.1111],[4.5865,46.1113],[4.5877,46.1114],[4.5891,46.1117]]]},"properties":{"id_ffco":"2009-D69-189","nom":"CHATEAU DE VARENNES","_dept":"69","numero":"2009-D69-189","commune":"QUINCIE EN BEAUJOLAIS","echelle":"1/10000","surface":"2.96 km²","format":"A4","annee":"2009","cartographes":"DECHAVANNE Franck","proprietaire":"69 - Rhône - Métropole de Lyon","niveau":"Régional","specialite":"CO à pied","contacts":"CDCO 69, 04 78 93 79 95, 06 50 07 21 59, info@cdco69.fr,  http://www.cdco69.fr","latitude":"46.1201825715","longitude":"4.5860663862","date_saisie":"19/07/2013","date_depot":"16/03/2018","valide":"Oui","ppo":"Non","type_carte":"Nouvelle carte","fond":"Cadastre","obsolete":false}},{"type":"Feature","geometry":{"type":"Polygon","coordinates":[[[4.5179,46.2252],[4.5135,46.2264],[4.5122,46.2276],[4.5089,46.2282],[4.5071,46.2278],[4.5059,46.2263],[4.5044,46.2258],[4.5004,46.2266],[4.4982,46.2276],[4.4966,46.2301],[4.4971,46.2311],[4.4942,46.2321],[4.4907,46.2337],[4.4894,46.2336],[4.489,46.2326],[4.4885,46.2324],[4.4875,46.2339],[4.4856,46.2352],[4.4835,46.2355],[4.482,46.235],[4.4797,46.2342],[4.4791,46.2325],[4.4784,46.2302],[4.4786,46.2276],[4.4759,46.227],[4.4728,46.2274],[4.471,46.2257],[4.4705,46.2238],[4.4717,46.2217],[4.4708,46.2184],[4.4721,46.2168],[4.4752,46.216],[4.4806,46.2121],[4.4813,46.2102],[4.4813,46.208],[4.48,46.2],[4.4789,46.1981],[4.4751,46.1978],[4.4738,46.195],[4.4731,46.1917],[4.4717,46.1895],[4.4679,46.1864],[4.4674,46.1849],[4.4683,46.1843],[4.4707,46.1848],[4.4734,46.184],[4.4759,46.183],[4.4789,46.1829],[4.4805,46.1828],[4.4834,46.1811],[4.4855,46.1809],[4.4877,46.1821],[4.4885,46.184],[4.4912,46.1852],[4.4946,46.1862],[4.4943,46.1878],[4.4936,46.1897],[4.4961,46.1903],[4.4987,46.1887],[4.5012,46.19],[4.5043,46.1906],[4.5075,46.192],[4.5103,46.1941],[4.5118,46.1955],[4.512,46.1973],[4.5139,46.1985],[4.517,46.2016],[4.5176,46.203],[4.5213,46.2062],[4.5237,46.2095],[4.5246,46.2149],[4.5247,46.218],[4.5243,46.2214],[4.525,46.2227],[4.5245,46.2236],[4.5228,46.2233],[4.5215,46.224],[4.5193,46.2245],[4.5179,46.2252]]]},"properties":{"id_ffco":"2009-D69-188","nom":"MONSOLS SAINT RIGAUD","_dept":"69","numero":"2009-D69-188","commune":"MONSOLS","echelle":"1/15000","surface":"16.05 km²","format":"A3","annee":"2009","cartographes":"DECHAVANNE Franck","proprietaire":"69 - Rhône - Métropole de Lyon","niveau":"Régional","specialite":"CO à pied","contacts":"CDCO 69, 04 78 93 79 95, 06 50 07 21 59, info@cdco69.fr,  http://www.cdco69.fr","latitude":"46.2092428961","longitude":"4.4955252156","date_saisie":"19/07/2013","date_depot":"01/03/2018","valide":"Oui","ppo":"Non","type_carte":"Nouvelle carte","fond":"Cadastre","obsolete":false}},{"type":"Feature","geometry":{"type":"Polygon","coordinates":[[[4.9409,45.6965],[4.9406,45.6968],[4.9376,45.697],[4.9374,45.6952],[4.9379,45.6952],[4.938,45.695],[4.9406,45.695],[4.9409,45.6965]]]},"properties":{"id_ffco":"2009-D69-185","nom":"STADE MUNICIPAL JACQUES JOLY","_dept":"69","numero":"2009-D69-185","commune":"69800 ST PRIEST","echelle":"1/1250","surface":"0.05 km²","format":"A4","annee":"2009","cartographes":"LASOUCHE Johann","proprietaire":"6906 - AMICALE LAIQUE DE COURSE D'ORIENTATION DE ST PRIEST","niveau":"Initiation, Scolaire","specialite":"CO à pied","contacts":"CLUB A.L.C.O. ST PRIEST, 04 69 67 38 52, alco69@free.fr, http://alco69.free.fr/","latitude":"45.69597","longitude":"4.9392","date_saisie":"19/07/2013","date_depot":"01/03/2018","valide":"Oui","ppo":"Non","type_carte":"Nouvelle carte","fond":"Cadastre","obsolete":false}},{"type":"Feature","geometry":{"type":"Polygon","coordinates":[[[4.7097,45.9907],[4.7146,45.9913],[4.7144,45.9937],[4.7127,45.9939],[4.7101,45.9931],[4.7091,45.9931],[4.7089,45.993],[4.7097,45.9907]]]},"properties":{"id_ffco":"2009-D69-184","nom":"LYCEE MONGRE","_dept":"69","numero":"2009-D69-184","commune":"VILLEFRANCHE SUR SAONE","echelle":"1/2000","surface":"0.12 km²","format":"A4","annee":"2009","cartographes":"BASTARD Robert","proprietaire":"69 - Rhône - Métropole de Lyon","niveau":"Initiation, Scolaire","specialite":"CO à pied","contacts":"CDCO 69, 04 78 93 79 95, 06 50 07 21 59, info@cdco69.fr,  http://www.cdco69.fr","latitude":"45.992286183","longitude":"4.71192757499","date_saisie":"19/07/2013","date_depot":"01/03/2018","valide":"Oui","ppo":"Non","type_carte":"Nouvelle carte","fond":"Cadastre","obsolete":false}},{"type":"Feature","geometry":{"type":"Polygon","coordinates":[[[4.8352,45.8767],[4.8367,45.8774],[4.8399,45.8781],[4.843,45.8769],[4.8457,45.8796],[4.8482,45.8827],[4.8505,45.8878],[4.8536,45.8905],[4.8575,45.8908],[4.8624,45.8903],[4.8653,45.8906],[4.8708,45.8887],[4.879,45.8918],[4.8812,45.8916],[4.8823,45.8869],[4.883,45.8833],[4.8833,45.8822],[4.8838,45.8795],[4.8822,45.8762],[4.8833,45.8737],[4.8807,45.8653],[4.8809,45.8628],[4.8853,45.8618],[4.8862,45.8578],[4.8849,45.8548],[4.8778,45.8547],[4.8732,45.8542],[4.8675,45.8518],[4.8664,45.8475],[4.8664,45.8401],[4.8661,45.8313],[4.854,45.8311],[4.8493,45.8303],[4.8441,45.8326],[4.8367,45.8341],[4.8335,45.8358],[4.8324,45.8381],[4.8327,45.8424],[4.8334,45.8482],[4.8345,45.8506],[4.8359,45.8531],[4.8374,45.8566],[4.8357,45.8575],[4.8362,45.8606],[4.8365,45.8637],[4.8349,45.8664],[4.8347,45.8703],[4.835,45.8747],[4.8352,45.8767]]]},"properties":{"id_ffco":"2009-D69-182","nom":"CHAMP BLANC","_dept":"69","numero":"2009-D69-182","commune":"FLEURIEU SUR SAONE","echelle":"1/15000","surface":"19.72 km²","format":"A3","annee":"2009","cartographes":"DECHAVANNE Franck","proprietaire":"6916 - LES GONES RAIDEURS","niveau":"Régional","specialite":"Raid'O","contacts":"CLUB GONES RAIDEURS, 06 08 97 40 23, gonesraideurs@free.fr, http://www.gones-raideurs.org/","latitude":"45.8619070147","longitude":"4.85774665539","date_saisie":"19/07/2013","date_depot":"01/03/2018","valide":"Oui","ppo":"Non","type_carte":"Nouvelle carte","fond":"Cadastre","obsolete":false}},{"type":"Feature","geometry":{"type":"Polygon","coordinates":[[[4.4505,46.1524],[4.4576,46.1524],[4.4696,46.1515],[4.4715,46.1512],[4.4892,46.1481],[4.495,46.1463],[4.5161,46.1387],[4.5231,46.1345],[4.524,46.1299],[4.5254,46.1209],[4.5257,46.115],[4.519,46.1116],[4.5156,46.1103],[4.5061,46.1051],[4.5016,46.1013],[4.4975,46.0986],[4.4934,46.0978],[4.4852,46.0974],[4.4729,46.0994],[4.4698,46.1041],[4.4687,46.1085],[4.4666,46.1124],[4.4674,46.1162],[4.4671,46.1208],[4.4699,46.1252],[4.4656,46.1294],[4.4589,46.1342],[4.4581,46.1382],[4.4558,46.1415],[4.4534,46.1434],[4.4506,46.1473],[4.4501,46.1498],[4.4505,46.1524]]]},"properties":{"id_ffco":"2009-D69-181","nom":"Col de la Croix des Brosses","_dept":"69","numero":"2009-D69-181","commune":"POULE LES ECHARMEAUX","echelle":"1/20000","surface":"22.79 km²","format":"A3","annee":"2009","cartographes":"CACHARD Christian","proprietaire":"69 - Rhône - Métropole de Lyon","niveau":"Régional","specialite":"Raid'O","contacts":"CDCO 69, 04 78 93 79 95, 06 50 07 21 59, info@cdco69.fr,  http://www.cdco69.fr","latitude":"46.1258168872","longitude":"4.48937345388","date_saisie":"19/07/2013","date_depot":"01/03/2018","valide":"Oui","ppo":"Non","type_carte":"Nouvelle carte","fond":"Cadastre","obsolete":false}},{"type":"Feature","geometry":{"type":"Polygon","coordinates":[[[4.4511,46.1493],[4.4516,46.153],[4.4529,46.1586],[4.4583,46.1612],[4.466,46.1646],[4.4674,46.1649],[4.471,46.1646],[4.4722,46.1649],[4.4739,46.1635],[4.4756,46.1627],[4.4793,46.1641],[4.4816,46.166],[4.4813,46.1679],[4.4842,46.1689],[4.4892,46.1683],[4.4917,46.1686],[4.4986,46.1683],[4.5109,46.1681],[4.5189,46.1675],[4.5232,46.1686],[4.5302,46.1694],[4.5364,46.1684],[4.5392,46.1673],[4.5408,46.1653],[4.5409,46.1621],[4.5443,46.1621],[4.545,46.1611],[4.5454,46.159],[4.5467,46.1565],[4.5457,46.1536],[4.544,46.1491],[4.5431,46.1482],[4.5395,46.1479],[4.5322,46.1478],[4.5326,46.1456],[4.5326,46.1432],[4.5356,46.1403],[4.535,46.1373],[4.5326,46.1329],[4.5311,46.1304],[4.5321,46.1269],[4.5328,46.1246],[4.5313,46.121],[4.5295,46.1191],[4.5262,46.1194],[4.5128,46.1245],[4.5028,46.1252],[4.484,46.1273],[4.4721,46.1291],[4.4653,46.13],[4.4592,46.1369],[4.4572,46.1413],[4.4539,46.144],[4.4509,46.147],[4.4511,46.1493]]]},"properties":{"id_ffco":"2009-D69-180","nom":"Le Mont Tourvéon","_dept":"69","numero":"2009-D69-180","commune":"POULE LES ECHARMEAUX","echelle":"1/20000","surface":"29.04 km²","format":"A3","annee":"2009","cartographes":"CACHARD Christian","proprietaire":"69 - Rhône - Métropole de Lyon","niveau":"Régional","specialite":"Raid'O","contacts":"CDCO 69, 04 78 93 79 95, 06 50 07 21 59, info@cdco69.fr,  http://www.cdco69.fr","latitude":"46.147266018","longitude":"4.499766987","date_saisie":"19/07/2013","date_depot":"01/03/2018","valide":"Oui","ppo":"Non","type_carte":"Nouvelle carte","fond":"Cadastre","obsolete":false}},{"type":"Feature","geometry":{"type":"Polygon","coordinates":[[[4.519,45.9602],[4.5196,45.9629],[4.5224,45.9654],[4.5261,45.9689],[4.5274,45.9718],[4.5337,45.9753],[4.5366,45.9769],[4.5391,45.9777],[4.5484,45.9773],[4.5538,45.9771],[4.5573,45.9762],[4.5585,45.9739],[4.559,45.969],[4.5539,45.963],[4.5524,45.9593],[4.5434,45.9568],[4.536,45.9567],[4.5291,45.9572],[4.5213,45.9591],[4.519,45.9602]]]},"properties":{"id_ffco":"2008-D69-177","nom":"LE DOURY","_dept":"69","numero":"2008-D69-177","commune":"LETRA","echelle":"1/10000","surface":"5.26 km²","format":"A4","annee":"2008","cartographes":"CACHARD Christian","proprietaire":"69 - Rhône - Métropole de Lyon","niveau":"Départemental","specialite":"Raid'O","contacts":"CDCO 69, 04 78 93 79 95, 06 50 07 21 59, info@cdco69.fr,  http://www.cdco69.fr","latitude":"45.9668667502","longitude":"4.54036567591","date_saisie":"19/07/2013","date_depot":"01/03/2018","valide":"Oui","ppo":"Non","type_carte":"Nouvelle carte","fond":"Cadastre","obsolete":false}},{"type":"Feature","geometry":{"type":"Polygon","coordinates":[[[4.4922,46.0773],[4.4986,46.0773],[4.5022,46.0788],[4.5035,46.0847],[4.503,46.0898],[4.5038,46.0987],[4.5039,46.1029],[4.5026,46.1056],[4.5007,46.1065],[4.4953,46.1095],[4.4941,46.1142],[4.4942,46.1201],[4.4933,46.1214],[4.4908,46.122],[4.49,46.1205],[4.4844,46.121],[4.4789,46.121],[4.4768,46.1207],[4.4731,46.1223],[4.469,46.1226],[4.4665,46.1201],[4.4665,46.1161],[4.4651,46.1135],[4.4667,46.11],[4.468,46.1077],[4.4676,46.1044],[4.4701,46.1006],[4.4711,46.0981],[4.4703,46.0961],[4.4726,46.0914],[4.476,46.0885],[4.4805,46.086],[4.482,46.0833],[4.4826,46.0804],[4.4842,46.0789],[4.4871,46.0775],[4.4922,46.0773]]]},"properties":{"id_ffco":"2008-D69-170","nom":"CLAVEISOLLES","_dept":"69","numero":"2008-D69-170","commune":"CLAVEISOLLES","echelle":"1/20000","surface":"10.7 km²","format":"A4","annee":"2008","cartographes":"CACHARD Christian","proprietaire":"69 - Rhône - Métropole de Lyon","niveau":"Départemental","specialite":"CO à VTT","contacts":"CDCO 69, 04 78 93 79 95, 06 50 07 21 59, info@cdco69.fr,  http://www.cdco69.fr","latitude":"46.1005461305","longitude":"4.48579808372","date_saisie":"19/07/2013","date_depot":"25/01/2018","valide":"Oui","ppo":"Non","type_carte":"Nouvelle carte","fond":"Cadastre","obsolete":false}},{"type":"Feature","geometry":{"type":"Polygon","coordinates":[[[4.5472,46.1873],[4.5446,46.1881],[4.5413,46.1902],[4.5366,46.1917],[4.5308,46.1938],[4.5264,46.1951],[4.5233,46.1947],[4.5222,46.1933],[4.5213,46.1899],[4.5211,46.187],[4.5228,46.1859],[4.5256,46.1858],[4.5264,46.1842],[4.5275,46.1832],[4.5306,46.1828],[4.5339,46.1818],[4.5346,46.1804],[4.539,46.1796],[4.5414,46.1788],[4.5436,46.1802],[4.5456,46.1825],[4.5469,46.1849],[4.5472,46.1873]]]},"properties":{"id_ffco":"2008-D69-169","nom":"MONT SOMBET","_dept":"69","numero":"2008-D69-169","commune":"LES ARDILLATS","echelle":"1/7500","surface":"2.18 km²","format":"A4","annee":"2008","cartographes":"CACHARD Christian","proprietaire":"69 - Rhône - Métropole de Lyon","niveau":"Départemental","specialite":"CO à pied","contacts":"CDCO 69, 04 78 93 79 95, 06 50 07 21 59, info@cdco69.fr,  http://www.cdco69.fr","latitude":"46.1871268199","longitude":"4.53386262669","date_saisie":"19/07/2013","date_depot":"26/01/2018","valide":"Oui","ppo":"Non","type_carte":"Extrait","base":"2008-D69-168 RAID AVENTURE BEAUJOLAISE 2008","fond":"Cadastre","obsolete":false}},{"type":"Feature","geometry":{"type":"Polygon","coordinates":[[[4.5447,46.1789],[4.5444,46.1755],[4.5404,46.1751],[4.5386,46.1778],[4.5345,46.1785],[4.5304,46.1786],[4.527,46.1783],[4.5225,46.178],[4.5189,46.1785],[4.5156,46.1764],[4.5139,46.1758],[4.5086,46.1731],[4.5048,46.1711],[4.4993,46.1684],[4.4921,46.1674],[4.4874,46.1684],[4.4788,46.1629],[4.4739,46.1624],[4.4715,46.1641],[4.4649,46.1637],[4.4584,46.1606],[4.4531,46.1596],[4.4498,46.1621],[4.4441,46.1652],[4.4391,46.1665],[4.4388,46.1697],[4.4413,46.1744],[4.4418,46.1773],[4.4438,46.1781],[4.4442,46.1851],[4.4518,46.1855],[4.4538,46.1872],[4.4563,46.188],[4.4665,46.1921],[4.4685,46.1984],[4.4689,46.2055],[4.4699,46.2098],[4.4704,46.2122],[4.4741,46.2124],[4.4765,46.2138],[4.4833,46.2199],[4.4894,46.221],[4.5098,46.2212],[4.5191,46.2209],[4.5217,46.2201],[4.5218,46.2174],[4.5206,46.2163],[4.5231,46.2151],[4.5278,46.214],[4.5312,46.2119],[4.5325,46.2104],[4.5354,46.2084],[4.5375,46.2072],[4.5418,46.2097],[4.5481,46.2111],[4.5528,46.2119],[4.5594,46.2094],[4.564,46.2075],[4.5651,46.2064],[4.5677,46.2056],[4.57,46.2053],[4.57,46.1981],[4.5703,46.1962],[4.5708,46.1924],[4.56,46.1896],[4.5609,46.1862],[4.5602,46.1804],[4.5573,46.1771],[4.5533,46.1767],[4.5517,46.1789],[4.5447,46.1789]]]},"properties":{"id_ffco":"2008-D69-168","nom":"RAID AVENTURE BEAUJOLAISE 2008","_dept":"69","numero":"2008-D69-168","commune":"LES ARDILLATS","echelle":"1/25000","surface":"41.0 km²","format":"A3","annee":"2008","cartographes":"CACHARD Christian","proprietaire":"69 - Rhône - Métropole de Lyon","niveau":"Régional","specialite":"Raid'O","contacts":"CDCO 69, 04 78 93 79 95, 06 50 07 21 59, info@cdco69.fr,  http://www.cdco69.fr","latitude":"46.1915414092","longitude":"4.50366530765","date_saisie":"19/07/2013","date_depot":"26/01/2018","valide":"Oui","ppo":"Non","type_carte":"Nouvelle carte","fond":"Cadastre","obsolete":false}},{"type":"Feature","geometry":{"type":"Polygon","coordinates":[[[4.5717,46.1156],[4.5716,46.1143],[4.5737,46.1132],[4.575,46.1127],[4.5742,46.1123],[4.5733,46.112],[4.5732,46.1114],[4.5701,46.1099],[4.5683,46.1086],[4.565,46.1051],[4.5641,46.1039],[4.5599,46.1043],[4.5544,46.105],[4.5515,46.1062],[4.5531,46.1078],[4.5551,46.1098],[4.5577,46.1116],[4.5577,46.112],[4.5524,46.1119],[4.5514,46.1125],[4.5531,46.1141],[4.5544,46.1153],[4.5577,46.1172],[4.5617,46.1182],[4.5633,46.1179],[4.5652,46.1168],[4.5683,46.1161],[4.5717,46.1156]]]},"properties":{"id_ffco":"2008-D69-167","nom":"LE FARJU","_dept":"69","numero":"2008-D69-167","commune":"MARCHAMPT","echelle":"1/7500","surface":"1.72 km²","format":"A4","annee":"2008","cartographes":"CACHARD Christian","proprietaire":"69 - Rhône - Métropole de Lyon","niveau":"Départemental","specialite":"CO à pied","contacts":"CDCO 69, 04 78 93 79 95, 06 50 07 21 59, info@cdco69.fr,  http://www.cdco69.fr","latitude":"46.1111601329","longitude":"4.56205262776","date_saisie":"19/07/2013","date_depot":"26/01/2018","valide":"Oui","ppo":"Non","type_carte":"Nouvelle carte","fond":"Cadastre","obsolete":false}},{"type":"Feature","geometry":{"type":"Polygon","coordinates":[[[4.8016,45.7376],[4.7997,45.7383],[4.7993,45.7385],[4.8,45.7396],[4.8002,45.7399],[4.8015,45.7398],[4.8021,45.7397],[4.8028,45.7392],[4.8018,45.7377],[4.8016,45.7376],[4.8016,45.7376]]]},"properties":{"id_ffco":"2008-D69-166","nom":"PARC DE MONT-RIANT","_dept":"69","numero":"2008-D69-166","commune":"SAINTE-FOY-LES-LYON","echelle":"1/1000","surface":"0.04 km²","format":"A4","annee":"2008","cartographes":"VILLEDIEU Martine","proprietaire":"6913 - CRAPAHUT SAINTE-FOY-LES-LYON","niveau":"Initiation, Scolaire","specialite":"CO à pied","contacts":"CLUB CRAPAHUT, 04 78 59 30 78, 06 76 31 53 79, crapahut@free.fr, http://crapahut.free.fr/co/index.php","latitude":"45.73879","longitude":"4.80086","date_saisie":"19/07/2013","valide":"Non","ppo":"Non","obsolete":false}},{"type":"Feature","geometry":null,"properties":{"id_ffco":"2007-D69-163","nom":"RHONE ORIENTATION 2007","_dept":"69","numero":"2007-D69-163","commune":"LETRA","echelle":"1/15000","surface":"19.6 km²","format":"A3","annee":"2007","cartographes":"CACHARD Christian","proprietaire":"69 - Rhône - Métropole de Lyon","specialite":"CO à pied","contacts":"CDCO 69, 04 78 93 79 95, 06 50 07 21 59, info@cdco69.fr,  http://www.cdco69.fr","date_saisie":"19/07/2013","valide":"Non","ppo":"Non","obsolete":false}},{"type":"Feature","geometry":{"type":"Polygon","coordinates":[[[4.7348,46.102],[4.7405,46.1003],[4.7411,46.1008],[4.7431,46.1017],[4.743,46.102],[4.7419,46.1021],[4.7424,46.1032],[4.7414,46.1035],[4.7414,46.1045],[4.7391,46.1039],[4.7366,46.1032],[4.7355,46.1026],[4.7348,46.102]]]},"properties":{"id_ffco":"2007-D69-162","nom":"STADE DE BELLEVILLE","_dept":"69","numero":"2007-D69-162","commune":"BELLEVILLE","echelle":"1/2500","surface":"0.16 km²","format":"A4","annee":"2007","cartographes":"LAGORCE Georges","proprietaire":"69 - Rhône - Métropole de Lyon","niveau":"Initiation, Scolaire","specialite":"CO à pied","contacts":"CDCO 69, 04 78 93 79 95, 06 50 07 21 59, info@cdco69.fr,  http://www.cdco69.fr","latitude":"46.1023196729","longitude":"4.73935394653","date_saisie":"19/07/2013","valide":"Non","ppo":"Non","type_carte":"Nouvelle carte","fond":"Cadastre","obsolete":false}},{"type":"Feature","geometry":{"type":"Polygon","coordinates":[[[4.8568,45.8317],[4.8567,45.8317],[4.8563,45.8317],[4.8544,45.8322],[4.8545,45.8325],[4.8548,45.8326],[4.8547,45.8329],[4.8548,45.8334],[4.854,45.8335],[4.8541,45.834],[4.8553,45.8339],[4.8555,45.8343],[4.8562,45.8345],[4.8568,45.8345],[4.8567,45.8316],[4.8568,45.8317],[4.8568,45.8317]]]},"properties":{"id_ffco":"2007-D69-161","nom":"STADE DES RONZIERES","_dept":"69","numero":"2007-D69-161","commune":"FONTAINES-SUR-SAONE","echelle":"1/1100","surface":"0.05 km²","format":"A4","annee":"2007","cartographes":"DECHAVANNE Franck","proprietaire":"69 - Rhône - Métropole de Lyon","niveau":"Initiation, Scolaire","specialite":"CO à pied","contacts":"CDCO 69, 04 78 93 79 95, 06 50 07 21 59, info@cdco69.fr,  http://www.cdco69.fr","latitude":"45.83309","longitude":"4.85544","date_saisie":"19/07/2013","valide":"Oui","ppo":"Non","type_carte":"Nouvelle carte","fond":"Cadastre","obsolete":false}},{"type":"Feature","geometry":{"type":"Polygon","coordinates":[[[4.8474,45.8317],[4.8471,45.8319],[4.8465,45.8321],[4.8456,45.8322],[4.845,45.8322],[4.8448,45.8324],[4.8445,45.8325],[4.8438,45.8325],[4.8421,45.8328],[4.8388,45.8337],[4.8362,45.8345],[4.8348,45.8351],[4.834,45.8357],[4.8333,45.8368],[4.8325,45.8376],[4.8321,45.8384],[4.8319,45.8396],[4.8321,45.8414],[4.8328,45.8432],[4.8333,45.8445],[4.8332,45.8455],[4.8334,45.847],[4.8336,45.8476],[4.8338,45.848],[4.8338,45.8483],[4.8336,45.849],[4.8339,45.8497],[4.8342,45.85],[4.8346,45.8502],[4.835,45.8508],[4.8353,45.8509],[4.8358,45.8518],[4.8362,45.8526],[4.8363,45.8532],[4.8366,45.8541],[4.8367,45.8547],[4.8361,45.8548],[4.8357,45.855],[4.8357,45.8554],[4.8363,45.8554],[4.8373,45.8558],[4.8377,45.8566],[4.8373,45.8568],[4.8363,45.8575],[4.8361,45.8581],[4.8362,45.8593],[4.8364,45.8601],[4.8368,45.8605],[4.8371,45.8621],[4.8371,45.8624],[4.837,45.8626],[4.8372,45.8627],[4.8371,45.8638],[4.8366,45.8646],[4.8361,45.8651],[4.8361,45.8655],[4.8355,45.8665],[4.8355,45.8673],[4.8353,45.8678],[4.8354,45.8688],[4.8354,45.8698],[4.8354,45.8713],[4.8355,45.8723],[4.8356,45.8732],[4.8356,45.8735],[4.8357,45.8746],[4.8358,45.8755],[4.8362,45.8762],[4.8363,45.877],[4.8358,45.8775],[4.8347,45.8781],[4.8335,45.8786],[4.8321,45.8788],[4.8325,45.8802],[4.833,45.8801],[4.8341,45.88],[4.8353,45.8798],[4.8374,45.8797],[4.8406,45.88],[4.8417,45.8806],[4.8416,45.8812],[4.8418,45.8812],[4.8422,45.8813],[4.8424,45.8813],[4.8427,45.8817],[4.8431,45.882],[4.8437,45.8821],[4.8446,45.8824],[4.8448,45.8828],[4.8454,45.8834],[4.846,45.8838],[4.8475,45.886],[4.8508,45.8859],[4.851,45.887],[4.8511,45.8874],[4.8523,45.8889],[4.8831,45.8882],[4.8835,45.886],[4.884,45.8835],[4.8844,45.882],[4.8848,45.8806],[4.885,45.8797],[4.8849,45.8791],[4.8842,45.8775],[4.8837,45.8764],[4.8834,45.8756],[4.8836,45.875],[4.884,45.8742],[4.8843,45.8737],[4.8846,45.873],[4.8846,45.8723],[4.884,45.8711],[4.8834,45.8703],[4.883,45.8692],[4.8826,45.8678],[4.8822,45.8665],[4.8819,45.8653],[4.8819,45.864],[4.882,45.8629],[4.8849,45.8629],[4.8834,45.8308],[4.8474,45.8317],[4.8474,45.8317]]]},"properties":{"id_ffco":"2007-D69-159","nom":"FRANC LYONNAIS 2007","_dept":"69","numero":"2007-D69-159","commune":"SATHONAY-VILLAGE","echelle":"1/15000","surface":"23.16 km²","format":"A3","annee":"2007","cartographes":"DECHAVANNE Franck","proprietaire":"69 - Rhône - Métropole de Lyon","niveau":"Départemental","specialite":"Raid'O","contacts":"CDCO 69, 04 78 93 79 95, 06 50 07 21 59, info@cdco69.fr,  http://www.cdco69.fr","latitude":"45.84008","longitude":"4.86992","date_saisie":"19/07/2013","valide":"Oui","ppo":"Non","type_carte":"Nouvelle carte","fond":"Cadastre","obsolete":false}},{"type":"Feature","geometry":{"type":"Polygon","coordinates":[[[4.6829,46.1595],[4.6818,46.1596],[4.6808,46.1595],[4.6802,46.1595],[4.6792,46.1596],[4.6784,46.1596],[4.6769,46.1595],[4.6757,46.1594],[4.6751,46.1592],[4.675,46.1586],[4.675,46.1582],[4.6749,46.1575],[4.6749,46.1569],[4.675,46.1565],[4.6749,46.156],[4.6752,46.1556],[4.6749,46.1549],[4.6749,46.1549],[4.6746,46.1545],[4.6743,46.1541],[4.674,46.1537],[4.6739,46.1535],[4.6739,46.1531],[4.6735,46.1532],[4.6728,46.1532],[4.6726,46.1532],[4.6723,46.153],[4.6713,46.1531],[4.6705,46.153],[4.6565,46.1533],[4.6571,46.1664],[4.6614,46.1663],[4.6616,46.166],[4.6621,46.1653],[4.6627,46.1647],[4.663,46.1645],[4.668,46.1645],[4.6692,46.1644],[4.6703,46.1641],[4.6709,46.1642],[4.6719,46.1643],[4.6725,46.1641],[4.6734,46.1641],[4.674,46.1641],[4.6744,46.1642],[4.6749,46.1645],[4.6752,46.1647],[4.6757,46.1648],[4.6768,46.1648],[4.6775,46.1648],[4.6787,46.1651],[4.6802,46.1652],[4.6812,46.1663],[4.6846,46.1663],[4.6843,46.1595],[4.6829,46.1595],[4.6829,46.1595]]]},"properties":{"id_ffco":"2007-D69-158","nom":"MORCILLE","_dept":"69","numero":"2007-D69-158","commune":"VILLIE-MORGON","echelle":"1/7500","surface":"2.32 km²","annee":"2007","cartographes":"CACHARD Christian","proprietaire":"69 - Rhône - Métropole de Lyon","specialite":"CO à pied","contacts":"CDCO 69, 04 78 93 79 95, 06 50 07 21 59, info@cdco69.fr,  http://www.cdco69.fr","latitude":"46.15914","longitude":"4.66916","date_saisie":"19/07/2013","valide":"Non","ppo":"Non","obsolete":false}},{"type":"Feature","geometry":{"type":"Polygon","coordinates":[[[4.6277,46.1619],[4.627,46.146],[4.6133,46.1463],[4.6133,46.1483],[4.6136,46.149],[4.6135,46.1497],[4.6135,46.1513],[4.6137,46.1524],[4.614,46.1531],[4.6143,46.1535],[4.6133,46.1536],[4.6116,46.1541],[4.6105,46.1546],[4.6103,46.1549],[4.6105,46.1555],[4.6105,46.1561],[4.6103,46.1565],[4.6103,46.1569],[4.6107,46.1573],[4.6113,46.1577],[4.6119,46.1583],[4.6122,46.1588],[4.6128,46.16],[4.6135,46.1613],[4.6137,46.162],[4.6138,46.1626],[4.6141,46.1632],[4.6143,46.1638],[4.6143,46.1643],[4.614,46.1647],[4.6133,46.165],[4.6133,46.1659],[4.6137,46.1661],[4.6141,46.1663],[4.6218,46.1661],[4.6222,46.1659],[4.6222,46.1652],[4.6224,46.1647],[4.6227,46.1643],[4.6243,46.1632],[4.6254,46.1629],[4.6268,46.1621],[4.6277,46.1619],[4.6277,46.1619]]]},"properties":{"id_ffco":"2007-D69-157","nom":"LES MONTERNIERS","_dept":"69","numero":"2007-D69-157","commune":"LANTIGNIE","echelle":"1/7500","surface":"2.35 km²","annee":"2007","cartographes":"CACHARD Christian","proprietaire":"69 - Rhône - Métropole de Lyon","specialite":"CO à pied","contacts":"CDCO 69, 04 78 93 79 95, 06 50 07 21 59, info@cdco69.fr,  http://www.cdco69.fr","latitude":"46.16017","longitude":"4.61984","date_saisie":"19/07/2013","valide":"Non","ppo":"Non","obsolete":false}},{"type":"Feature","geometry":{"type":"Polygon","coordinates":[[[4.6425,46.1418],[4.6418,46.1308],[4.6257,46.1312],[4.625,46.1317],[4.6236,46.1325],[4.6221,46.1335],[4.6214,46.1341],[4.6205,46.1347],[4.6198,46.1351],[4.6193,46.1353],[4.6184,46.1359],[4.6206,46.1389],[4.6199,46.1393],[4.6192,46.1397],[4.6188,46.1405],[4.6187,46.1412],[4.6189,46.1419],[4.6196,46.1423],[4.6203,46.1426],[4.6211,46.1433],[4.6215,46.1435],[4.6216,46.1441],[4.6285,46.1439],[4.6295,46.1435],[4.6303,46.1435],[4.6309,46.1433],[4.6318,46.1432],[4.6326,46.1432],[4.6333,46.1432],[4.6343,46.1432],[4.6351,46.1431],[4.6356,46.1429],[4.636,46.1426],[4.6374,46.1423],[4.6397,46.1421],[4.6409,46.142],[4.6425,46.1418],[4.6425,46.1418]]]},"properties":{"id_ffco":"2007-D69-155","nom":"LA CROIX PENET","_dept":"69","numero":"2007-D69-155","commune":"REGNIE-DURETTE","echelle":"1/7500","surface":"2.26 km²","annee":"2007","cartographes":"CACHARD Christian","proprietaire":"69 - Rhône - Métropole de Lyon","specialite":"CO à pied","contacts":"CDCO 69, 04 78 93 79 95, 06 50 07 21 59, info@cdco69.fr,  http://www.cdco69.fr","latitude":"46.13826","longitude":"4.63045","date_saisie":"19/07/2013","valide":"Non","ppo":"Non","obsolete":false}},{"type":"Feature","geometry":{"type":"Polygon","coordinates":[[[4.6595,46.1781],[4.6591,46.1783],[4.6591,46.1783],[4.659,46.1783],[4.6581,46.1791],[4.6576,46.18],[4.6572,46.1807],[4.6568,46.1817],[4.6562,46.1822],[4.6552,46.1827],[4.6536,46.184],[4.6533,46.1847],[4.6526,46.1852],[4.6521,46.1853],[4.6507,46.1858],[4.6499,46.1871],[4.649,46.1883],[4.6486,46.1888],[4.6488,46.1929],[4.6491,46.1928],[4.6497,46.1921],[4.6508,46.1919],[4.6519,46.1918],[4.6527,46.1919],[4.6536,46.1921],[4.6546,46.1923],[4.6553,46.1926],[4.656,46.193],[4.6564,46.1934],[4.6571,46.1939],[4.6577,46.1946],[4.6584,46.1952],[4.6591,46.1958],[4.6596,46.1963],[4.6605,46.1967],[4.6611,46.1968],[4.6686,46.1966],[4.6678,46.1779],[4.6595,46.1781],[4.6595,46.1781]]]},"properties":{"id_ffco":"2007-D69-154","nom":"SEIGNERONCES","_dept":"69","numero":"2007-D69-154","commune":"CHIROUBLES","echelle":"1/7500","surface":"2.28 km²","annee":"2007","cartographes":"CACHARD Christian","proprietaire":"69 - Rhône - Métropole de Lyon","specialite":"CO à pied","contacts":"CDCO 69, 04 78 93 79 95, 06 50 07 21 59, info@cdco69.fr,  http://www.cdco69.fr","latitude":"46.18611","longitude":"4.66101","date_saisie":"19/07/2013","valide":"Non","ppo":"Non","obsolete":false}},{"type":"Feature","geometry":{"type":"Polygon","coordinates":[[[4.8397,45.8482],[4.8391,45.8476],[4.8382,45.8463],[4.8393,45.8464],[4.8398,45.8464],[4.841,45.8455],[4.8426,45.8456],[4.8435,45.8452],[4.8425,45.8439],[4.8424,45.8434],[4.8423,45.8427],[4.8422,45.842],[4.8425,45.8414],[4.8427,45.8411],[4.8412,45.8404],[4.8392,45.8391],[4.838,45.8379],[4.8372,45.8381],[4.836,45.8376],[4.835,45.8383],[4.8321,45.8384],[4.8319,45.8389],[4.832,45.8396],[4.8319,45.8401],[4.832,45.8404],[4.8321,45.841],[4.8321,45.8415],[4.8323,45.8418],[4.8325,45.8423],[4.8327,45.8428],[4.8328,45.8434],[4.833,45.8438],[4.8332,45.8445],[4.8332,45.8447],[4.8332,45.8451],[4.8332,45.8458],[4.8332,45.8464],[4.8333,45.8468],[4.8334,45.8472],[4.8336,45.8476],[4.8338,45.848],[4.8339,45.8483],[4.8337,45.8486],[4.8336,45.8489],[4.8337,45.8491],[4.8341,45.849],[4.8341,45.8492],[4.8338,45.8493],[4.8339,45.8495],[4.8397,45.8482],[4.8397,45.8482]]]},"properties":{"id_ffco":"2007-D69-152","nom":"MUSEE H MALATRE","_dept":"69","numero":"2007-D69-152","commune":"ROCHETAILLEE SUR SAONE","echelle":"1/5000","surface":"0.76 km²","annee":"2007","cartographes":"DECHAVANNE Franck","proprietaire":"69 - Rhône - Métropole de Lyon","specialite":"CO à pied","contacts":"CDCO 69, 04 78 93 79 95, 06 50 07 21 59, info@cdco69.fr,  http://www.cdco69.fr","latitude":"45.84563","longitude":"4.83423","date_saisie":"19/07/2013","valide":"Non","ppo":"Non","obsolete":false}},{"type":"Feature","geometry":{"type":"Polygon","coordinates":[[[4.686,46.1642],[4.6857,46.1634],[4.6853,46.1615],[4.6839,46.1586],[4.6825,46.1568],[4.6803,46.1547],[4.6741,46.1502],[4.6732,46.1501],[4.6727,46.1497],[4.6724,46.1492],[4.6722,46.1479],[4.6722,46.1475],[4.6717,46.1472],[4.67,46.1462],[4.669,46.146],[4.6656,46.146],[4.6633,46.1463],[4.6611,46.1463],[4.6585,46.1463],[4.6552,46.1458],[4.6544,46.1452],[4.6533,46.1445],[4.6535,46.1428],[4.6536,46.1422],[4.6537,46.1406],[4.6537,46.14],[4.6534,46.139],[4.6524,46.1381],[4.6499,46.1371],[4.6471,46.1364],[4.6449,46.1359],[4.6428,46.135],[4.6414,46.1341],[4.6404,46.1331],[4.6398,46.132],[4.6393,46.131],[4.6388,46.1299],[4.6217,46.1303],[4.6194,46.1322],[4.617,46.1341],[4.6144,46.1362],[4.6119,46.1371],[4.6094,46.138],[4.6081,46.1389],[4.606,46.1399],[4.6024,46.1419],[4.6012,46.1431],[4.5995,46.1455],[4.5979,46.1476],[4.5959,46.149],[4.5947,46.1494],[4.5931,46.1499],[4.5924,46.1506],[4.5903,46.1518],[4.5874,46.1533],[4.5849,46.1543],[4.5846,46.1551],[4.5839,46.1562],[4.5818,46.158],[4.581,46.1588],[4.5802,46.1591],[4.5786,46.1594],[4.5776,46.1599],[4.5753,46.1611],[4.5727,46.1622],[4.5713,46.163],[4.5701,46.1637],[4.5665,46.1655],[4.5637,46.1664],[4.5618,46.167],[4.561,46.1677],[4.5612,46.1683],[4.5616,46.1687],[4.5637,46.1706],[4.5657,46.1722],[4.5672,46.1732],[4.5686,46.1748],[4.5698,46.1773],[4.5701,46.1797],[4.5679,46.1822],[4.5688,46.1848],[4.5693,46.186],[4.57,46.1876],[4.5706,46.1892],[4.5719,46.1905],[4.5732,46.1911],[4.5747,46.1915],[4.5755,46.192],[4.5773,46.1929],[4.5783,46.194],[4.5793,46.1949],[4.5819,46.1961],[4.5822,46.1962],[4.5841,46.197],[4.5853,46.1967],[4.5869,46.1965],[4.5876,46.1968],[4.5885,46.1969],[4.59,46.1967],[4.5904,46.1962],[4.5905,46.1958],[4.5907,46.1957],[4.5911,46.1954],[4.5917,46.1949],[4.5921,46.1946],[4.5926,46.1944],[4.5937,46.1944],[4.5952,46.1945],[4.5966,46.1945],[4.5991,46.1955],[4.6,46.1961],[4.6013,46.1967],[4.6032,46.1968],[4.6049,46.1965],[4.607,46.196],[4.6088,46.1953],[4.6117,46.1941],[4.6136,46.1936],[4.6155,46.1937],[4.618,46.194],[4.6225,46.1947],[4.6243,46.1948],[4.6282,46.1945],[4.631,46.1945],[4.6342,46.1945],[4.6366,46.1944],[4.6389,46.1945],[4.6406,46.1944],[4.6442,46.194],[4.6478,46.1935],[4.6501,46.1938],[4.6511,46.1947],[4.6529,46.195],[4.6553,46.1951],[4.6571,46.1949],[4.6582,46.1945],[4.6585,46.1937],[4.6591,46.1926],[4.6595,46.1917],[4.6609,46.1908],[4.662,46.1902],[4.6633,46.1899],[4.6654,46.1898],[4.666,46.1895],[4.6675,46.1889],[4.6683,46.188],[4.6688,46.1869],[4.6687,46.186],[4.6695,46.1848],[4.6704,46.1836],[4.6715,46.1829],[4.6729,46.1816],[4.6735,46.1815],[4.6752,46.1807],[4.6762,46.1803],[4.6773,46.1789],[4.678,46.1779],[4.6792,46.1756],[4.68,46.1743],[4.6815,46.1724],[4.6829,46.171],[4.6842,46.1701],[4.6865,46.1693],[4.6867,46.1678],[4.6866,46.1665],[4.686,46.1642],[4.686,46.1642]]]},"properties":{"id_ffco":"2007-D69-151","nom":"RAID AVENTURE BEAUJOLAISE 2007","_dept":"69","numero":"2007-D69-151","commune":"VILLIE MORGON","echelle":"1/25000","surface":"47.88 km²","annee":"2007","cartographes":"CACHARD Christian","proprietaire":"69 - Rhône - Métropole de Lyon","specialite":"Raid'O","contacts":"CDCO 69, 04 78 93 79 95, 06 50 07 21 59, info@cdco69.fr,  http://www.cdco69.fr","latitude":"46.16644","longitude":"4.6296","date_saisie":"19/07/2013","valide":"Non","ppo":"Non","obsolete":false}},{"type":"Feature","geometry":{"type":"Polygon","coordinates":[[[4.576,46.1126],[4.5762,46.1119],[4.5768,46.1111],[4.5772,46.1104],[4.5784,46.1099],[4.5794,46.1095],[4.5804,46.1086],[4.5809,46.1044],[4.5807,46.1023],[4.58,46.1008],[4.5784,46.0986],[4.5756,46.0969],[4.5729,46.0958],[4.5708,46.0942],[4.5685,46.0928],[4.5654,46.0917],[4.5611,46.0909],[4.5601,46.0905],[4.5602,46.0901],[4.5605,46.0894],[4.5601,46.0886],[4.5587,46.088],[4.5584,46.0875],[4.5581,46.0861],[4.5591,46.0858],[4.5612,46.0853],[4.5617,46.0843],[4.5604,46.0835],[4.5585,46.0831],[4.5574,46.0828],[4.5561,46.0824],[4.5547,46.0823],[4.5534,46.0825],[4.5527,46.0825],[4.552,46.0823],[4.5519,46.082],[4.5517,46.0816],[4.5515,46.0812],[4.5513,46.0808],[4.5505,46.0808],[4.5501,46.0808],[4.5495,46.0808],[4.5492,46.0809],[4.5488,46.0809],[4.5487,46.0814],[4.5484,46.0824],[4.548,46.0833],[4.5476,46.0835],[4.5472,46.084],[4.5477,46.0847],[4.5483,46.0854],[4.549,46.0856],[4.5493,46.086],[4.5495,46.0866],[4.549,46.0872],[4.5485,46.0877],[4.5484,46.0885],[4.548,46.0892],[4.5465,46.0906],[4.5459,46.0907],[4.5453,46.0907],[4.5446,46.0906],[4.5439,46.0904],[4.5435,46.0904],[4.5433,46.0908],[4.5432,46.0911],[4.5435,46.0916],[4.5437,46.0923],[4.5437,46.0927],[4.5434,46.0935],[4.5429,46.0942],[4.5424,46.0948],[4.5419,46.0951],[4.5418,46.0954],[4.5428,46.0973],[4.5431,46.0979],[4.5436,46.0988],[4.544,46.0995],[4.544,46.1],[4.5441,46.1008],[4.5443,46.1012],[4.5447,46.1015],[4.5453,46.1017],[4.5457,46.102],[4.5465,46.1027],[4.5469,46.1034],[4.5469,46.1047],[4.5474,46.105],[4.5486,46.1056],[4.549,46.1062],[4.5494,46.107],[4.55,46.1073],[4.5508,46.1075],[4.5518,46.108],[4.5524,46.1084],[4.553,46.1086],[4.5555,46.1094],[4.5558,46.1097],[4.5566,46.1102],[4.5574,46.1106],[4.5583,46.1113],[4.5588,46.1116],[4.5591,46.112],[4.559,46.1122],[4.5583,46.1124],[4.5566,46.1124],[4.5557,46.1123],[4.5545,46.1121],[4.5541,46.1121],[4.5528,46.1124],[4.5522,46.1125],[4.5523,46.1127],[4.5526,46.1128],[4.5531,46.113],[4.5536,46.1134],[4.5543,46.114],[4.5548,46.1145],[4.555,46.115],[4.5552,46.1154],[4.5555,46.1156],[4.5559,46.1158],[4.5562,46.1162],[4.5569,46.1168],[4.5576,46.1175],[4.558,46.118],[4.5576,46.1185],[4.565,46.1183],[4.5659,46.1181],[4.5666,46.118],[4.5674,46.1178],[4.5681,46.1177],[4.5715,46.116],[4.5721,46.1154],[4.5723,46.1143],[4.5725,46.1141],[4.5728,46.1138],[4.5737,46.1134],[4.5749,46.113],[4.576,46.1126],[4.576,46.1126]]]},"properties":{"id_ffco":"2007-D69-150","nom":"LA ROCHE CHARMANTE","_dept":"69","numero":"2007-D69-150","commune":"MARCHAMPT","echelle":"1/10000","surface":"7.14 km²","format":"A3","annee":"2007","cartographes":"DECHAVANNE Franck","proprietaire":"6911 - ASUL SPORTS NATURE","niveau":"Régional","specialite":"CO à pied","contacts":"CLUB DES SPORTS DE MONTAGNE DE RILLIEUX, 06 09 09 14 46, sylvie.basset@free.fr, http://www.c-s-m-r.fr/","latitude":"46.1011025443","longitude":"4.56106814176","date_saisie":"19/07/2013","valide":"Oui","ppo":"Non","type_carte":"Nouvelle carte","base":"2007-D69-150 LA ROCHE CHARMANTE","fond":"Cadastre","obsolete":false}},{"type":"Feature","geometry":{"type":"Polygon","coordinates":[[[4.8492,45.8777],[4.8494,45.8771],[4.8495,45.8766],[4.8497,45.8761],[4.85,45.8753],[4.8492,45.8735],[4.8487,45.8735],[4.8481,45.8736],[4.8473,45.8737],[4.8465,45.8738],[4.8463,45.8738],[4.8459,45.8737],[4.846,45.8735],[4.846,45.8734],[4.8459,45.8733],[4.8366,45.8735],[4.8368,45.878],[4.8376,45.8786],[4.8375,45.8791],[4.8385,45.8793],[4.8384,45.8796],[4.8393,45.8797],[4.8398,45.8797],[4.8404,45.8797],[4.8408,45.8796],[4.8413,45.8794],[4.8417,45.8803],[4.8418,45.8808],[4.8417,45.8812],[4.8423,45.8813],[4.8424,45.8813],[4.8427,45.8815],[4.8428,45.8817],[4.843,45.882],[4.8433,45.8821],[4.8436,45.8821],[4.8441,45.8822],[4.8445,45.8823],[4.8447,45.8824],[4.8449,45.8828],[4.8453,45.8831],[4.8456,45.8831],[4.8461,45.8831],[4.8462,45.883],[4.8462,45.8827],[4.8463,45.8824],[4.8465,45.8821],[4.847,45.8819],[4.8474,45.8816],[4.8477,45.8814],[4.8479,45.8813],[4.8482,45.8808],[4.8486,45.8808],[4.8492,45.8807],[4.8497,45.8804],[4.8498,45.8801],[4.8498,45.8797],[4.8497,45.8789],[4.8493,45.8782],[4.8492,45.8777],[4.8492,45.8777]]]},"properties":{"id_ffco":"2006-D69-142","nom":"CENTRE VILLE NEUVILLE S/SAONE","_dept":"69","numero":"2006-D69-142","commune":"NEUVILLE-SUR-SAONE","echelle":"1/5000","surface":"0.82 km²","annee":"2006","cartographes":"DECHAVANNE Franck","proprietaire":"69 - Rhône - Métropole de Lyon","specialite":"Raid'O","contacts":"CDCO 69, 04 78 93 79 95, 06 50 07 21 59, info@cdco69.fr,  http://www.cdco69.fr","latitude":"45.87763","longitude":"4.84348","date_saisie":"19/07/2013","valide":"Non","ppo":"Non","obsolete":false}},{"type":"Feature","geometry":null,"properties":{"id_ffco":"2006-D69-141","nom":"SAUCONA NUIT 2006","_dept":"69","numero":"2006-D69-141","commune":"NEUVILLE SUR SAONE","echelle":"1/10000","surface":"5.5 km²","format":"A4","annee":"2006","cartographes":"DECHAVANNE Franck","proprietaire":"6916 - LES GONES RAIDEURS","niveau":"Départemental","specialite":"Raid'O","contacts":"CLUB GONES RAIDEURS, 06 08 97 40 23, gonesraideurs@free.fr, http://www.gones-raideurs.org/","latitude":"45.874","longitude":"4.8539","date_saisie":"19/07/2013","valide":"Non","ppo":"Non","obsolete":false}},{"type":"Feature","geometry":null,"properties":{"id_ffco":"2006-D69-139","nom":"RAVIN DES VALLIERES","_dept":"69","numero":"2006-D69-139","commune":"SATHONAY - VILLAGE","echelle":"1/5000","surface":"1.0 km²","format":"A4","annee":"2006","cartographes":"DECHAVANNE Franck","proprietaire":"6916 - LES GONES RAIDEURS","niveau":"Initiation, Scolaire","specialite":"CO à pied","contacts":"CLUB GONES RAIDEURS, 06 08 97 40 23, gonesraideurs@free.fr, http://www.gones-raideurs.org/","latitude":"45.8288","longitude":"4.88325","date_saisie":"19/07/2013","valide":"Non","ppo":"Non","obsolete":false}},{"type":"Feature","geometry":{"type":"Polygon","coordinates":[[[4.5696,46.1485],[4.5699,46.1495],[4.5702,46.1512],[4.5698,46.1527],[4.5681,46.1532],[4.5666,46.1536],[4.5665,46.1545],[4.5668,46.1563],[4.5679,46.1572],[4.5702,46.1575],[4.5751,46.1572],[4.5791,46.1571],[4.5818,46.1568],[4.5855,46.1556],[4.5872,46.1541],[4.5903,46.1527],[4.5935,46.1509],[4.5932,46.1482],[4.593,46.1444],[4.5906,46.1443],[4.5798,46.1446],[4.5689,46.1454],[4.5696,46.1485],[4.5696,46.1485]]]},"properties":{"id_ffco":"2006-D69-137","nom":"GONTY","_dept":"69","numero":"2006-D69-137","commune":"BEAUJEU","echelle":"1/7500","surface":"2.34 km²","annee":"2006","cartographes":"CACHARD Christian","proprietaire":"69 - Rhône - Métropole de Lyon","specialite":"CO à pied","contacts":"CDCO 69, 04 78 93 79 95, 06 50 07 21 59, info@cdco69.fr,  http://www.cdco69.fr","latitude":"46.15153","longitude":"4.58031","date_saisie":"19/07/2013","valide":"Non","ppo":"Non","obsolete":false}},{"type":"Feature","geometry":{"type":"Polygon","coordinates":[[[4.5659,46.1148],[4.5658,46.1151],[4.5655,46.1161],[4.5652,46.1166],[4.5646,46.1176],[4.5644,46.1183],[4.5647,46.1189],[4.5658,46.1201],[4.5681,46.1208],[4.5686,46.121],[4.5718,46.1211],[4.5747,46.1211],[4.5794,46.1208],[4.5851,46.1206],[4.5875,46.1206],[4.5879,46.1195],[4.588,46.1177],[4.5909,46.1175],[4.5908,46.1146],[4.5903,46.1124],[4.5903,46.1096],[4.5836,46.1099],[4.5794,46.1098],[4.5759,46.1096],[4.5723,46.1098],[4.5696,46.1097],[4.5684,46.1108],[4.5665,46.113],[4.5659,46.1148],[4.5659,46.1148]]]},"properties":{"id_ffco":"2006-D69-136","nom":"MARCHAMPT LAVAL","_dept":"69","numero":"2006-D69-136","commune":"MARCHAMPT","echelle":"1/7500","surface":"2.24 km²","annee":"2006","cartographes":"LASOUCHE Johann","proprietaire":"69 - Rhône - Métropole de Lyon","specialite":"Rand'O","contacts":"CDCO 69, 04 78 93 79 95, 06 50 07 21 59, info@cdco69.fr,  http://www.cdco69.fr","latitude":"46.11721","longitude":"4.57736","date_saisie":"19/07/2013","valide":"Non","ppo":"Non","obsolete":false}},{"type":"Feature","geometry":{"type":"Polygon","coordinates":[[[4.5522,46.1635],[4.552,46.1627],[4.5509,46.1606],[4.5495,46.1594],[4.5479,46.1587],[4.5475,46.1582],[4.547,46.1574],[4.5465,46.1566],[4.5461,46.1557],[4.5453,46.1545],[4.5438,46.1536],[4.5428,46.1531],[4.542,46.1524],[4.5292,46.1529],[4.5247,46.153],[4.5249,46.157],[4.5251,46.1621],[4.5377,46.1618],[4.5392,46.1621],[4.5408,46.1625],[4.5432,46.1628],[4.5448,46.1627],[4.5458,46.1628],[4.5522,46.1635],[4.5522,46.1635]]]},"properties":{"id_ffco":"2006-D69-135","nom":"ST DIDIER SUR BEAUJEU","_dept":"69","numero":"2006-D69-135","commune":"SAINT-DIDIER-SUR-BEAUJEU","echelle":"1/7500","surface":"1.88 km²","annee":"2006","cartographes":"CACHARD Christian","proprietaire":"69 - Rhône - Métropole de Lyon","specialite":"CO à pied","contacts":"CDCO 69, 04 78 93 79 95, 06 50 07 21 59, info@cdco69.fr,  http://www.cdco69.fr","latitude":"46.15701","longitude":"4.53882","date_saisie":"19/07/2013","valide":"Non","ppo":"Non","obsolete":false}},{"type":"Feature","geometry":{"type":"Polygon","coordinates":[[[4.6173,46.1198],[4.6164,46.1183],[4.6156,46.1177],[4.6152,46.1174],[4.615,46.1174],[4.614,46.1169],[4.6127,46.1163],[4.6111,46.1159],[4.6085,46.1159],[4.6053,46.116],[4.6021,46.1161],[4.6019,46.119],[4.6023,46.123],[4.6028,46.1259],[4.603,46.1297],[4.6032,46.1301],[4.6087,46.1299],[4.6145,46.1295],[4.6171,46.1287],[4.617,46.1277],[4.6192,46.1269],[4.6207,46.1262],[4.6204,46.1217],[4.6173,46.1198],[4.6173,46.1198]]]},"properties":{"id_ffco":"2006-D69-134","nom":"LE GRAND SAINT CYR","_dept":"69","numero":"2006-D69-134","commune":"QUINCIE-EN-BEAUJOLAIS","echelle":"1/7500","surface":"1.87 km²","annee":"2006","cartographes":"LASOUCHE Johann","proprietaire":"69 - Rhône - Métropole de Lyon","specialite":"CO à pied","contacts":"CDCO 69, 04 78 93 79 95, 06 50 07 21 59, info@cdco69.fr,  http://www.cdco69.fr","latitude":"46.1232","longitude":"4.60935","date_saisie":"19/07/2013","valide":"Non","ppo":"Non","obsolete":false}},{"type":"Feature","geometry":{"type":"Polygon","coordinates":[[[4.6441,46.2045],[4.6436,46.2031],[4.6406,46.2013],[4.639,46.1994],[4.6316,46.1968],[4.6292,46.1938],[4.6249,46.1941],[4.6231,46.1998],[4.6246,46.2017],[4.6287,46.2063],[4.6279,46.2119],[4.6303,46.2112],[4.6401,46.2129],[4.6396,46.2113],[4.6422,46.2103],[4.6449,46.2114],[4.6464,46.2107],[4.6446,46.2089],[4.6453,46.2067],[4.646,46.2054],[4.6441,46.2045]]]},"properties":{"id_ffco":"2005-D69-131","nom":"VAUXRENARD","_dept":"69","numero":"2005-D69-131","commune":"OUROUX","echelle":"1/7500","surface":"2.18 km²","annee":"2005","cartographes":"LASOUCHE Johann","proprietaire":"69 - Rhône - Métropole de Lyon","specialite":"CO à pied","contacts":"CDCO 69, 04 78 93 79 95, 06 50 07 21 59, info@cdco69.fr,  http://www.cdco69.fr","latitude":"46.20334","longitude":"4.63477","date_saisie":"19/07/2013","valide":"Non","ppo":"Non","obsolete":false}},{"type":"Feature","geometry":{"type":"Polygon","coordinates":[[[4.6774,46.2257],[4.6779,46.2239],[4.677,46.2215],[4.6673,46.2189],[4.6549,46.2225],[4.6552,46.2364],[4.6632,46.2379],[4.6667,46.2379],[4.6725,46.2352],[4.6725,46.2336],[4.6703,46.2326],[4.6702,46.2309],[4.6722,46.2293],[4.6774,46.2257]]]},"properties":{"id_ffco":"2005-D69-129","nom":"EMERINGES","_dept":"69","numero":"2005-D69-129","commune":"OUROUX","echelle":"1/7500","surface":"2.72 km²","annee":"2005","cartographes":"LASOUCHE Johann","proprietaire":"69 - Rhône - Métropole de Lyon","specialite":"CO à pied","contacts":"CDCO 69, 04 78 93 79 95, 06 50 07 21 59, info@cdco69.fr,  http://www.cdco69.fr","latitude":"46.22844","longitude":"4.66644","date_saisie":"19/07/2013","valide":"Non","ppo":"Non","obsolete":false}},{"type":"Feature","geometry":{"type":"Polygon","coordinates":[[[4.6438,46.2275],[4.6517,46.2187],[4.6481,46.2124],[4.6478,46.2118],[4.6491,46.2062],[4.6609,46.2071],[4.6766,46.2092],[4.6806,46.2086],[4.6826,46.2047],[4.6991,46.1951],[4.7048,46.1925],[4.7072,46.1858],[4.6312,46.185],[4.6129,46.1854],[4.6116,46.2114],[4.6118,46.2389],[4.6361,46.2388],[4.6438,46.2275]]]},"properties":{"id_ffco":"2005-D69-128","nom":"FLEURIE VAUXRENARD","_dept":"69","numero":"2005-D69-128","commune":"EMERINGES","echelle":"1/20000","surface":"24.98 km²","annee":"2005","cartographes":"LASOUCHE Johann","proprietaire":"69 - Rhône - Métropole de Lyon","specialite":"Rand'O","contacts":"CDCO 69, 04 78 93 79 95, 06 50 07 21 59, info@cdco69.fr,  http://www.cdco69.fr","latitude":"46.21194","longitude":"4.65941","date_saisie":"19/07/2013","valide":"Non","ppo":"Non","obsolete":false}},{"type":"Feature","geometry":{"type":"Polygon","coordinates":[[[4.8689,45.8514],[4.8694,45.8511],[4.8692,45.8504],[4.8665,45.8481],[4.8648,45.8485],[4.8652,45.8497],[4.866,45.8504],[4.867,45.8507],[4.8678,45.8511],[4.8689,45.8514],[4.8689,45.8514]]]},"properties":{"id_ffco":"2005-D69-127","nom":"VALLON DES PROLLIERES","_dept":"69","numero":"2005-D69-127","commune":"CAILLOUX-SUR-FONTAINES","echelle":"1/2000","surface":"0.07 km²","annee":"2005","cartographes":"DECHAVANNE Franck","proprietaire":"SERVISPORTS","specialite":"CO à pied","contacts":"SERVISPORTS, 06.13.17.53.95","latitude":"45.84936","longitude":"4.86698","date_saisie":"19/07/2013","valide":"Non","ppo":"Non","obsolete":false}},{"type":"Feature","geometry":{"type":"Polygon","coordinates":[[[4.9829,45.8158],[4.9825,45.8066],[4.9438,45.8075],[4.9443,45.8184],[4.9466,45.8193],[4.9503,45.8205],[4.9581,45.822],[4.9653,45.8219],[4.9686,45.8218],[4.9703,45.8216],[4.9742,45.8203],[4.9786,45.8178],[4.9805,45.8167],[4.9829,45.8158],[4.9829,45.8158]]]},"properties":{"id_ffco":"2005-D69-126","nom":"PARC NATURE DES ILES - LES GRAVIERS","_dept":"69","numero":"2005-D69-126","commune":"MIRIBEL- JONAGE","echelle":"1/7500","surface":"4.45 km²","annee":"2005","cartographes":"DECHAVANNE Franck","proprietaire":"69 - Rhône - Métropole de Lyon","specialite":"Rand'O","contacts":"CDCO 69, 04 78 93 79 95, 06 50 07 21 59, info@cdco69.fr,  http://www.cdco69.fr","latitude":"45.8165","longitude":"4.96339","date_saisie":"19/07/2013","valide":"Non","ppo":"Non","obsolete":false}},{"type":"Feature","geometry":{"type":"Polygon","coordinates":[[[4.9538,45.791],[4.9577,45.7904],[4.9592,45.791],[4.959,45.7933],[4.9668,45.7956],[4.9706,45.7963],[4.9717,45.8006],[4.9735,45.8022],[4.9721,45.8027],[4.9741,45.8061],[4.9814,45.8072],[4.9815,45.8112],[4.981,45.8168],[4.9739,45.8202],[4.9687,45.8216],[4.957,45.8217],[4.946,45.8191],[4.9311,45.8124],[4.9333,45.8095],[4.9318,45.8066],[4.9298,45.8038],[4.9263,45.8034],[4.928,45.7979],[4.9329,45.7966],[4.9382,45.7964],[4.9422,45.7962],[4.9506,45.7932],[4.9538,45.791]]]},"properties":{"id_ffco":"2005-D69-125","nom":"PARC NATURE DES ILES EST ET OUEST","_dept":"69","numero":"2005-D69-125","commune":"MIRIBEL-JONAGE","echelle":"1/15000","surface":"9.83 km²","annee":"2005","cartographes":"MAREIGNER Franz et Yann","proprietaire":"69 - Rhône - Métropole de Lyon","specialite":"CO à pied","contacts":"CDCO 69, 04 78 93 79 95, 06 50 07 21 59, info@cdco69.fr,  http://www.cdco69.fr","latitude":"45.8061","longitude":"4.95393","date_saisie":"19/07/2013","valide":"Non","ppo":"Non","obsolete":false}},{"type":"Feature","geometry":{"type":"Polygon","coordinates":[[[4.7429,46.1015],[4.7437,46.1008],[4.745,46.0999],[4.7462,46.0998],[4.747,46.0997],[4.748,46.0987],[4.7481,46.0976],[4.7471,46.0967],[4.7474,46.0957],[4.7456,46.0915],[4.7428,46.0926],[4.7398,46.0935],[4.7391,46.0939],[4.7391,46.0951],[4.7399,46.0966],[4.741,46.0981],[4.7415,46.0992],[4.7416,46.1001],[4.7422,46.1013],[4.7429,46.1015],[4.7429,46.1015]]]},"properties":{"id_ffco":"2005-D69-118","nom":"LAC DES SABLONS","_dept":"69","numero":"2005-D69-118","commune":"BELLEVILLE","echelle":"1/3000","surface":"0.48 km²","annee":"2005","cartographes":"LASOUCHE Johann","proprietaire":"69 - Rhône - Métropole de Lyon","specialite":"CO à pied","contacts":"CDCO 69, 04 78 93 79 95, 06 50 07 21 59, info@cdco69.fr,  http://www.cdco69.fr","latitude":"46.09694","longitude":"4.7428","date_saisie":"19/07/2013","valide":"Non","ppo":"Non","obsolete":false}},{"type":"Feature","geometry":null,"properties":{"id_ffco":"2005-D69-117","nom":"SAONE MONT D'OR - MONT THOU","_dept":"69","numero":"2005-D69-117","commune":"SAINT-ROMAIN","echelle":"1/15000","surface":"41.0 km²","format":"A3","annee":"2005","cartographes":"DECHAVANNE Franck","proprietaire":"6916 - LES GONES RAIDEURS","specialite":"Raid'O","contacts":"CLUB GONES RAIDEURS, 06 08 97 40 23, gonesraideurs@free.fr, http://www.gones-raideurs.org/","latitude":"45.83897","longitude":"4.82763","date_saisie":"19/07/2013","valide":"Non","ppo":"Non","obsolete":false}},{"type":"Feature","geometry":{"type":"Polygon","coordinates":[[[4.7324,45.606],[4.7312,45.6038],[4.7295,45.6022],[4.7298,45.6009],[4.728,45.6],[4.7282,45.5991],[4.7284,45.5979],[4.7285,45.5966],[4.7294,45.5958],[4.7298,45.5952],[4.7313,45.5903],[4.7321,45.59],[4.734,45.5897],[4.7383,45.5863],[4.7398,45.5856],[4.742,45.5866],[4.7456,45.5878],[4.7461,45.5897],[4.7473,45.5892],[4.7481,45.5904],[4.7475,45.5914],[4.7476,45.592],[4.751,45.5936],[4.7502,45.5952],[4.7496,45.5959],[4.7497,45.5972],[4.7499,45.5995],[4.7499,45.6021],[4.751,45.6022],[4.7507,45.6036],[4.7482,45.6051],[4.7474,45.6052],[4.7464,45.6046],[4.7449,45.6045],[4.7439,45.6053],[4.7394,45.6056],[4.7372,45.6054],[4.7329,45.6063],[4.7324,45.606]]]},"properties":{"id_ffco":"2005-D69-116","nom":"BOIS DE MONTROND","_dept":"69","numero":"2005-D69-116","commune":"CHASSAGNY","echelle":"1/10000","surface":"2.94 km²","annee":"2005","cartographes":"LASOUCHE Johann","proprietaire":"69 - Rhône - Métropole de Lyon","specialite":"CO à pied","contacts":"CDCO 69, 04 78 93 79 95, 06 50 07 21 59, info@cdco69.fr,  http://www.cdco69.fr","latitude":"45.59593","longitude":"4.73951","date_saisie":"19/07/2013","valide":"Non","ppo":"Non","obsolete":false}},{"type":"Feature","geometry":{"type":"Polygon","coordinates":[[[4.7045,46.2418],[4.7088,46.2391],[4.7112,46.2368],[4.7138,46.2364],[4.7146,46.2259],[4.7105,46.223],[4.7012,46.214],[4.6882,46.2053],[4.6819,46.2019],[4.6788,46.2016],[4.6671,46.1961],[4.6641,46.1958],[4.6623,46.1962],[4.6555,46.2005],[4.6509,46.2012],[4.6452,46.1955],[4.6435,46.1935],[4.6,46.1946],[4.5944,46.1967],[4.5889,46.21],[4.5855,46.2163],[4.5827,46.2224],[4.5796,46.2279],[4.5794,46.2325],[4.5796,46.2352],[4.5851,46.2387],[4.5853,46.2423],[4.5852,46.2428],[4.5895,46.2437],[4.6092,46.2525],[4.6148,46.2539],[4.6224,46.2542],[4.626,46.2529],[4.6315,46.2521],[4.6302,46.2553],[4.6327,46.2557],[4.6378,46.2557],[4.6436,46.256],[4.6469,46.2561],[4.6706,46.2552],[4.6772,46.2557],[4.6806,46.2557],[4.6862,46.2533],[4.6944,46.2501],[4.7045,46.2418],[4.7045,46.2418]]]},"properties":{"id_ffco":"2005-D69-115","nom":"RAID AVENTURE BEAUJOLAISE 2005","_dept":"69","numero":"2005-D69-115","commune":"VAUXRENARD","echelle":"1/25000","surface":"56.32 km²","annee":"2005","cartographes":"LASOUCHE Johann","proprietaire":"69 - Rhône - Métropole de Lyon","specialite":"Rand'O","contacts":"CDCO 69, 04 78 93 79 95, 06 50 07 21 59, info@cdco69.fr,  http://www.cdco69.fr","latitude":"46.22448","longitude":"4.65452","date_saisie":"19/07/2013","valide":"Non","ppo":"Non","obsolete":false}},{"type":"Feature","geometry":{"type":"Polygon","coordinates":[[[4.9377,45.7037],[4.9376,45.7025],[4.9357,45.7026],[4.9351,45.7038],[4.9354,45.7042],[4.9358,45.7039],[4.9363,45.704],[4.9377,45.7037],[4.9377,45.7037],[4.9377,45.7037]]]},"properties":{"id_ffco":"2005-D69-113","nom":"ECOLE SIMONE SIGNORET","_dept":"69","numero":"2005-D69-113","commune":"SAINT-PRIEST","echelle":"1/1000","surface":"0.03 km²","annee":"2005","cartographes":"LASOUCHE Johann","proprietaire":"69 - Rhône - Métropole de Lyon","specialite":"CO à pied","contacts":"CDCO 69, 04 78 93 79 95, 06 50 07 21 59, info@cdco69.fr,  http://www.cdco69.fr","latitude":"45.70266","longitude":"4.93722","date_saisie":"19/07/2013","valide":"Non","ppo":"Non","obsolete":false}},{"type":"Feature","geometry":{"type":"Polygon","coordinates":[[[4.7876,45.688],[4.7851,45.6887],[4.7844,45.6894],[4.7843,45.6899],[4.7863,45.6946],[4.7883,45.6943],[4.7884,45.6943],[4.7893,45.6941],[4.7886,45.6919],[4.7901,45.6915],[4.7876,45.688],[4.7876,45.688]]]},"properties":{"id_ffco":"2004-D69-111","nom":"CLOS BEAUREGARD","_dept":"69","numero":"2004-D69-111","commune":"SAINT-GENIS-LAVAL","echelle":"1/3000","surface":"0.2 km²","annee":"2004","cartographes":"LASOUCHE Johann","proprietaire":"69 - Rhône - Métropole de Lyon","specialite":"CO à pied","contacts":"CDCO 69, 04 78 93 79 95, 06 50 07 21 59, info@cdco69.fr,  http://www.cdco69.fr","latitude":"45.69179","longitude":"4.78701","date_saisie":"19/07/2013","valide":"Non","ppo":"Non","obsolete":false}},{"type":"Feature","geometry":{"type":"Polygon","coordinates":[[[4.9367,45.8044],[4.9375,45.8039],[4.9385,45.8023],[4.9412,45.8024],[4.9418,45.8029],[4.9427,45.8034],[4.9435,45.803],[4.9437,45.8028],[4.9432,45.8023],[4.943,45.8019],[4.9433,45.8016],[4.9449,45.8018],[4.9447,45.7962],[4.9436,45.7965],[4.9425,45.7967],[4.9407,45.7968],[4.9395,45.7968],[4.9379,45.7966],[4.9368,45.7966],[4.9354,45.7965],[4.9336,45.7968],[4.9318,45.7974],[4.9306,45.7979],[4.9292,45.7979],[4.9269,45.8026],[4.9367,45.8044],[4.9367,45.8044]]]},"properties":{"id_ffco":"2004-D69-107","nom":"LE GRAND MORLET","_dept":"69","numero":"2004-D69-107","commune":"VAULX-EN-VELIN","echelle":"1/5000","surface":"0.9 km²","annee":"2004","cartographes":"DECHAVANNE Franck","proprietaire":"69 - Rhône - Métropole de Lyon","specialite":"CO à pied","contacts":"CDCO 69, 04 78 93 79 95, 06 50 07 21 59, info@cdco69.fr,  http://www.cdco69.fr","latitude":"45.80096","longitude":"4.93504","date_saisie":"19/07/2013","valide":"Non","ppo":"Non","obsolete":false}},{"type":"Feature","geometry":null,"properties":{"id_ffco":"2003-D69-104","nom":"PARC DE LOISIRS AQUAVERT","_dept":"69","numero":"2003-D69-104","commune":"FRANCHEVILLE","echelle":"1/2000","surface":"0.04 km²","format":"A4","annee":"2003","cartographes":"LASOUCHE Johann","proprietaire":"69 - Rhône - Métropole de Lyon","specialite":"CO à pied","contacts":"CDCO 69, 04 78 93 79 95, 06 50 07 21 59, info@cdco69.fr,  http://www.cdco69.fr","latitude":"45.75124","longitude":"4.77034","date_saisie":"19/07/2013","valide":"Non","ppo":"Non","obsolete":false}},{"type":"Feature","geometry":null,"properties":{"id_ffco":"2003-D69-102","nom":"FONTAINES SUR SAONE","_dept":"69","numero":"2003-D69-102","commune":"FONTAINES SUR SONE","echelle":"1/10000","surface":"3.0 km²","format":"A4","annee":"2003","cartographes":"DECHAVANNE Franck","proprietaire":"6916 - LES GONES RAIDEURS","specialite":"CO à pied","contacts":"CLUB GONES RAIDEURS, 06 08 97 40 23, gonesraideurs@free.fr, http://www.gones-raideurs.org/","latitude":"45.83478","longitude":"4.84943","date_saisie":"19/07/2013","valide":"Non","ppo":"Non","obsolete":false}},{"type":"Feature","geometry":null,"properties":{"id_ffco":"2004-D69-101","nom":"FEYSSINE - LA GRANDE PRAIRIE","_dept":"69","numero":"2004-D69-101","commune":"VILLEURBANNE","echelle":"1/3000","surface":"0.27 km²","format":"A4","annee":"2004","cartographes":"LASOUCHE Johann","proprietaire":"69 - Rhône - Métropole de Lyon","specialite":"CO à pied","contacts":"CDCO 69, 04 78 93 79 95, 06 50 07 21 59, info@cdco69.fr,  http://www.cdco69.fr","latitude":"45.78931","longitude":"4.88033","date_saisie":"19/07/2013","valide":"Non","ppo":"Non","obsolete":false}},{"type":"Feature","geometry":null,"properties":{"id_ffco":"2004-D69-100","nom":"PARC NATUREL URBAIN FEYSSINE","_dept":"69","numero":"2004-D69-100","commune":"VILLEURBANNE","echelle":"1/6000","surface":"0.42 km²","format":"A4","annee":"2004","cartographes":"LASOUCHE Johann","proprietaire":"69 - Rhône - Métropole de Lyon","specialite":"CO à pied","contacts":"CDCO 69, 04 78 93 79 95, 06 50 07 21 59, info@cdco69.fr,  http://www.cdco69.fr","latitude":"45.78716","longitude":"4.87415","date_saisie":"19/07/2013","valide":"Non","ppo":"Non","obsolete":false}}]}