{"type":"FeatureCollection","features":[{"type":"Feature","geometry":{"type":"Polygon","coordinates":[[[5.8853,45.7053],[5.891,45.7046],[5.8924,45.7078],[5.8914,45.7105],[5.8898,45.7097],[5.8865,45.7067],[5.8853,45.7053]]]},"properties":{"id_ffco":"2024-D73-99","nom":"BAIE DE MEMARD","_dept":"73","numero":"2024-D73-99","commune":"Aix-les-Bains","echelle":"1/4000","surface":"0.2 km²","format":"A4","annee":"2024","cartographes":"FLEURENT Théo, BARTHELEMY Matthieu","proprietaire":"73 - Savoie","niveau":"Initiation, Scolaire","specialite":"CO à pied","contacts":"CDCO 73, cdco73@free.fr, https://sites.google.com/site/cdco73/home","latitude":"45.7068","longitude":"5.8901","date_saisie":"24/10/2014","date_depot":"30/12/2014","valide":"Oui","ppo":"Non","type_carte":"Reprise","base":"2024-D73-99 BAIE DE MEMARD","fond":"Ortho","obsolete":false}},{"type":"Feature","geometry":{"type":"Polygon","coordinates":[[[6.2914,45.3424],[6.2955,45.3412],[6.2933,45.3372],[6.2892,45.3322],[6.2877,45.3336],[6.2886,45.3369],[6.2914,45.3424]]]},"properties":{"id_ffco":"2014-D73-98","nom":"LE GLANDON","_dept":"73","numero":"2014-D73-98","commune":"St-Etienne-de-Cuines","echelle":"1/5000","surface":"0.32 km²","format":"A4","annee":"2014","cartographes":"FLEURENT Théo","proprietaire":"73 - Savoie","niveau":"Initiation, Scolaire","specialite":"CO à pied","contacts":"CDCO 73, cdco73@free.fr, https://sites.google.com/site/cdco73/home","latitude":"45.3393","longitude":"6.2923","date_saisie":"24/10/2014","date_depot":"30/12/2014","valide":"Oui","ppo":"Non","type_carte":"Nouvelle carte","fond":"Ortho","obsolete":false}},{"type":"Feature","geometry":{"type":"Polygon","coordinates":[[[6.3464,45.2662],[6.3416,45.2698],[6.3351,45.2652],[6.3303,45.2609],[6.326,45.2574],[6.3233,45.2537],[6.3257,45.2511],[6.3297,45.2583],[6.3344,45.2604],[6.3389,45.264],[6.3441,45.2655],[6.3464,45.2662]]]},"properties":{"id_ffco":"2023-D73-97","nom":"COMBE DES MOULINS","_dept":"73","numero":"2023-D73-97","commune":"St-Jean-de-Maurienne","echelle":"1/7500","surface":"0.7 km²","format":"A4","annee":"2023","cartographes":"DECHAVANNE Franck","proprietaire":"73 - Savoie","niveau":"Initiation, Scolaire","specialite":"CO à pied","contacts":"CDCO 73, cdco73@free.fr, https://sites.google.com/site/cdco73/home","latitude":"45.2641","longitude":"6.3354","date_saisie":"24/10/2014","date_depot":"30/12/2014","valide":"Oui","ppo":"Non","type_carte":"Reprise","base":"2006-D73-108 LA COMBE AUX FOURNEAUX","fond":"Ortho","obsolete":false}},{"type":"Feature","geometry":{"type":"Polygon","coordinates":[[[6.2961,45.3504],[6.2948,45.3498],[6.296,45.3489],[6.2979,45.3483],[6.2986,45.349],[6.2972,45.3499],[6.2961,45.3504]]]},"properties":{"id_ffco":"2023-D73-96","nom":"St-ETIENNE-DE-CUINES","_dept":"73","numero":"2023-D73-96","commune":"Saint-Etienne-de-Cuines","echelle":"1/1500","surface":"0.03 km²","format":"A4","annee":"2023","cartographes":"Astrade Laurent","proprietaire":"73 - Savoie","niveau":"Initiation, Scolaire","specialite":"CO à pied","contacts":"CDCO 73, cdco73@free.fr, https://sites.google.com/site/cdco73/home","latitude":"45.3496","longitude":"6.2963","date_saisie":"24/10/2014","date_depot":"30/12/2014","valide":"Oui","ppo":"Non","type_carte":"Reprise","base":"2023-D73-96 St-ETIENNE-DE-CUINES","fond":"Cadastre","obsolete":false}},{"type":"Feature","geometry":{"type":"Polygon","coordinates":[[[6.3057,45.5418],[6.3039,45.5403],[6.306,45.5393],[6.3076,45.5372],[6.309,45.5309],[6.3126,45.5315],[6.3127,45.5367],[6.3123,45.5392],[6.3104,45.5411],[6.3076,45.5413],[6.3057,45.5418]]]},"properties":{"id_ffco":"2014-D73-95","nom":"CHARBONNIERE","_dept":"73","numero":"2014-D73-95","commune":"Aiguebelle","echelle":"1/5000","surface":"0.45 km²","format":"A4","annee":"2014","cartographes":"DECHAVANNE Franck","proprietaire":"73 - Savoie","niveau":"Régional","specialite":"CO à pied","contacts":"CDCO 73, cdco73@free.fr, https://sites.google.com/site/cdco73/home","latitude":"45.5395","longitude":"6.3098","date_saisie":"24/10/2014","date_depot":"30/12/2014","valide":"Oui","ppo":"Non","type_carte":"Nouvelle carte","fond":"Ortho","obsolete":false}},{"type":"Feature","geometry":{"type":"Polygon","coordinates":[[[5.8876,45.5797],[5.8885,45.58],[5.8902,45.5784],[5.8914,45.5794],[5.8933,45.578],[5.8918,45.5773],[5.8928,45.5761],[5.8887,45.5746],[5.888,45.5756],[5.888,45.5767],[5.8873,45.5777],[5.8876,45.5797]]]},"properties":{"id_ffco":"2023-D73-94","nom":"STADE DE MAGER","_dept":"73","numero":"2023-D73-94","commune":"Chambéry","echelle":"1/3000","surface":"0.16 km²","format":"A4","annee":"2023","cartographes":"SYLVESTRE Eric","proprietaire":"73 - Savoie","niveau":"Initiation, Scolaire","specialite":"CO à pied","contacts":"CDCO 73, cdco73@free.fr, https://sites.google.com/site/cdco73/home","latitude":"45.5773","longitude":"5.8896","date_saisie":"24/10/2014","date_depot":"30/12/2014","valide":"Oui","ppo":"Non","type_carte":"Reprise","base":"2023-D73-94 STADE DE MAGER","fond":"Cadastre","obsolete":false}},{"type":"Feature","geometry":{"type":"Polygon","coordinates":[[[6.137,45.5822],[6.136,45.5795],[6.1399,45.5807],[6.1416,45.5825],[6.1383,45.5835],[6.137,45.5822]]]},"properties":{"id_ffco":"2022-D73-92","nom":"FORT DE TAMIE","_dept":"73","numero":"2022-D73-92","commune":"Mercury","echelle":"1/3000","surface":"0.1 km²","format":"A4","annee":"2022","cartographes":"BARRANGER David, BARTHELEMY Matthieu, ROCHE Nicolas","proprietaire":"73 - Savoie","niveau":"Départemental","specialite":"CO à pied","contacts":"CDCO 73, cdco73@free.fr, https://sites.google.com/site/cdco73/home","latitude":"45.6721","longitude":"6.3114","date_saisie":"01/10/2014","date_depot":"22/07/2014","valide":"Oui","ppo":"Non","type_carte":"Reprise","base":"2022-D73-92 FORT DE TAMIE","fond":"Ortho","obsolete":false}},{"type":"Feature","geometry":{"type":"Polygon","coordinates":[[[6.4664,45.2505],[6.4566,45.2555],[6.4575,45.2622],[6.4628,45.2675],[6.4719,45.2665],[6.4776,45.2632],[6.4753,45.2553],[6.4786,45.2488],[6.4777,45.2443],[6.4748,45.2435],[6.4715,45.247],[6.4691,45.2493],[6.4664,45.2505]]]},"properties":{"id_ffco":"2014-D73-91","nom":"LA BUFFAZ - BEAUNE","_dept":"73","numero":"2014-D73-91","commune":"Beaune","echelle":"1/10000","surface":"2.82 km²","format":"A4","annee":"2014","cartographes":"DECHAVANNE Franck","proprietaire":"7310 - MAURIENNE ORIENTATION","niveau":"Régional","specialite":"CO à pied","contacts":"CDCO 73, cdco73@free.fr, https://sites.google.com/site/cdco73/home","latitude":"45.2508","longitude":"6.47302","date_saisie":"01/10/2014","date_depot":"22/07/2014","valide":"Oui","ppo":"Non","type_carte":"Nouvelle carte","fond":"Ortho","obsolete":false}},{"type":"Feature","geometry":{"type":"Polygon","coordinates":[[[6.4377,45.238],[6.4404,45.2418],[6.4484,45.2445],[6.4554,45.2392],[6.4539,45.2352],[6.4507,45.2326],[6.4469,45.2315],[6.4418,45.2368],[6.4377,45.238]]]},"properties":{"id_ffco":"2014-D73-90","nom":"St-MARTIN DE LA PORTE","_dept":"73","numero":"2014-D73-90","commune":"St-Martin la Porte","echelle":"1/5000","surface":"1.15 km²","format":"A4","annee":"2014","cartographes":"DECHAVANNE Franck","proprietaire":"7310 - MAURIENNE ORIENTATION","niveau":"Initiation, Scolaire","specialite":"Sprint (ISSOM)","contacts":"CDCO 73, cdco73@free.fr, https://sites.google.com/site/cdco73/home","latitude":"45.2399","longitude":"6.4481","date_saisie":"01/10/2014","date_depot":"22/07/2014","valide":"Oui","ppo":"Non","type_carte":"Nouvelle carte","fond":"Ortho","obsolete":false}},{"type":"Feature","geometry":{"type":"Polygon","coordinates":[[[6.6529,45.5597],[6.6529,45.5577],[6.6536,45.5571],[6.6518,45.556],[6.6468,45.5553],[6.6461,45.5587],[6.6506,45.5589],[6.6519,45.5598],[6.6529,45.5597]]]},"properties":{"id_ffco":"2014-D73-89","nom":"AIME","_dept":"73","numero":"2014-D73-89","commune":"Aime","echelle":"1/2500","surface":"0.19 km²","format":"A4","annee":"2014","cartographes":"ASTRADE Laurent","proprietaire":"73 - Savoie","niveau":"Départemental","specialite":"Sprint (ISSOM)","contacts":"CDCO 73, cdco73@free.fr, https://sites.google.com/site/cdco73/home","latitude":"45.5567","longitude":"6.64962","date_saisie":"01/10/2014","date_depot":"22/07/2014","valide":"Oui","ppo":"Oui (10 postes)","type_carte":"Nouvelle carte","fond":"Ortho","obsolete":false}},{"type":"Feature","geometry":{"type":"Polygon","coordinates":[[[5.7612,45.6643],[5.7609,45.654],[5.764,45.6474],[5.7531,45.6391],[5.7425,45.6388],[5.7324,45.6436],[5.7313,45.6494],[5.7358,45.6499],[5.7398,45.6496],[5.7416,45.6539],[5.7511,45.6576],[5.7585,45.6623],[5.7612,45.6643]]]},"properties":{"id_ffco":"2014-D73-88","nom":"LA CHAPELLE St-MARTIN","_dept":"73","numero":"2014-D73-88","commune":"La Chapelle St-Martin","echelle":"1/7500","surface":"3.88 km²","format":"A3","annee":"2014","cartographes":"ASTRADE Laurent","proprietaire":"73 - Savoie","niveau":"Initiation, Scolaire","specialite":"CO à pied","contacts":"CDCO 73, cdco73@free.fr, https://sites.google.com/site/cdco73/home","latitude":"45.64771","longitude":"5.75788","date_saisie":"01/10/2014","date_depot":"22/07/2014","valide":"Oui","ppo":"Non","type_carte":"Nouvelle carte","fond":"Ortho","obsolete":false}},{"type":"Feature","geometry":{"type":"Polygon","coordinates":[[[5.958,45.5718],[5.9527,45.5686],[5.9521,45.5662],[5.9496,45.5639],[5.9499,45.5627],[5.9525,45.5623],[5.9584,45.5644],[5.963,45.5664],[5.9641,45.5679],[5.9602,45.5714],[5.958,45.5718]]]},"properties":{"id_ffco":"2023-D73-87","nom":"LE GALIBIER DE LA RAVOIRE","_dept":"73","numero":"2023-D73-87","commune":"La ravoire","echelle":"1/6000","surface":"0.64 km²","format":"A4","annee":"2023","cartographes":"SYLVESTRE Eric","proprietaire":"7305 - ESPACE CHAMBERY ORIENTATION 73 - ECHO 73","niveau":"Initiation, Scolaire","specialite":"CO à pied","contacts":"CDCO 73, cdco73@free.fr, https://sites.google.com/site/cdco73/home","latitude":"45.56833","longitude":"5.95688","date_saisie":"01/10/2014","date_depot":"22/07/2014","valide":"Oui","ppo":"Non","type_carte":"Reprise","base":"2023-D73-87 LE GALIBIER DE LA RAVOIRE","fond":"Ortho","obsolete":false}},{"type":"Feature","geometry":{"type":"Polygon","coordinates":[[[6.0977,45.4515],[6.0923,45.4459],[6.096,45.4416],[6.0954,45.4369],[6.1014,45.4336],[6.1135,45.4372],[6.1207,45.4394],[6.1274,45.437],[6.1337,45.431],[6.1361,45.4264],[6.1416,45.4304],[6.1437,45.4365],[6.1421,45.4428],[6.142,45.4495],[6.1454,45.4558],[6.1478,45.4601],[6.1468,45.4613],[6.1334,45.4592],[6.1245,45.4578],[6.115,45.4618],[6.1028,45.453],[6.0977,45.4515]]]},"properties":{"id_ffco":"2013-D73-86","nom":"VAL GELON","_dept":"73","numero":"2013-D73-86","commune":"La Rochette","echelle":"1/15000","surface":"9.7 km²","format":"A3","annee":"2013","cartographes":"TREVISAN Georges","proprietaire":"7309 - COURSE D'ORIENTATION COEUR DE SAVOIE","niveau":"Départemental","specialite":"CO à VTT","contacts":"BIEN VIVRE en VAL GELON, 04 79 65 68 42, bienvivre@valgelon.com, http://www.bienvivre.valgelon.com/","latitude":"45.45056","longitude":"6.10064","date_saisie":"13/03/2014","date_depot":"15/05/2014","valide":"Oui","ppo":"Non","type_carte":"Nouvelle carte","fond":"Ortho","obsolete":false}},{"type":"Feature","geometry":{"type":"Polygon","coordinates":[[[6.6955,45.5639],[6.6952,45.5631],[6.6923,45.5626],[6.6898,45.5618],[6.6897,45.5623],[6.6903,45.5637],[6.6915,45.5643],[6.6937,45.5643],[6.6949,45.5641],[6.6955,45.5639]]]},"properties":{"id_ffco":"2023-D73-85","nom":"BASE DE LOISIR DES ILES","_dept":"73","numero":"2023-D73-85","commune":"Macot-la-Plagne","echelle":"1/5000","surface":"0.07 km²","format":"A4","annee":"2023","cartographes":"ASTRADE Laurent","proprietaire":"73 - Savoie","niveau":"Initiation, Scolaire","specialite":"CO à pied","contacts":"CDCO 73, cdco73@free.fr, https://sites.google.com/site/cdco73/home","latitude":"45.56345","longitude":"6.69249","date_saisie":"01/10/2014","date_depot":"22/07/2014","valide":"Oui","ppo":"Non","type_carte":"Reprise","base":"2023-D73-85 BASE DE LOISIR DES ILES","fond":"Ortho","obsolete":false}},{"type":"Feature","geometry":{"type":"Polygon","coordinates":[[[5.9116,45.6663],[5.9121,45.665],[5.9132,45.6652],[5.9139,45.665],[5.9139,45.6647],[5.9142,45.6646],[5.9152,45.6647],[5.915,45.6649],[5.9152,45.665],[5.9154,45.6654],[5.9153,45.6658],[5.915,45.6665],[5.9141,45.6663],[5.9139,45.6659],[5.9137,45.6659],[5.9132,45.6661],[5.913,45.6666],[5.9122,45.6665],[5.9116,45.6663]]]},"properties":{"id_ffco":"2024-D73-84","nom":"COLLEGE MARLIOZ","_dept":"73","numero":"2024-D73-84","commune":"Aix-les-Bains","echelle":"1/1500","surface":"0.04 km²","format":"A4","annee":"2024","cartographes":"P.E. Bassieux","proprietaire":"73 - Savoie","niveau":"Initiation, Scolaire","specialite":"CO à pied","contacts":"CDCO73","latitude":"45.6656246847","longitude":"5.91361327946","date_saisie":"18/08/2022","date_depot":"22/09/2022","valide":"Oui","ppo":"Non","type_carte":"Reprise","base":"2024-D73-84 COLLEGE MARLIOZ","fond":"Ortho","obsolete":false}},{"type":"Feature","geometry":{"type":"Polygon","coordinates":[[[5.9281,45.5827],[5.9268,45.5824],[5.9259,45.5819],[5.9261,45.58],[5.9273,45.5786],[5.9285,45.5779],[5.93,45.5778],[5.931,45.5785],[5.9299,45.5809],[5.9281,45.5827]]]},"properties":{"id_ffco":"2013-D73-83","nom":"St-LOUIS-DU-MONT","_dept":"73","numero":"2013-D73-83","commune":"Chambéry","echelle":"1/2500","surface":"0.14 km²","format":"A4","annee":"2013","cartographes":"ASTRADE Laurent","proprietaire":"7305 - ESPACE CHAMBERY ORIENTATION 73 - ECHO 73","niveau":"Initiation, Scolaire","specialite":"CO à pied","contacts":"CLUB ECHO 73, 06 71 26 19 79, georges_tre@yahoo.fr, http://www.echo7305.com/","latitude":"45.57957","longitude":"5.92937","date_saisie":"13/03/2014","date_depot":"15/05/2014","valide":"Oui","ppo":"Non","type_carte":"Nouvelle carte","fond":"Cadastre","obsolete":false}},{"type":"Feature","geometry":{"type":"Polygon","coordinates":[[[6.6215,45.4331],[6.6213,45.4327],[6.6217,45.4319],[6.622,45.4313],[6.6222,45.4303],[6.6236,45.4302],[6.6246,45.4303],[6.6267,45.4296],[6.6283,45.4291],[6.629,45.4311],[6.6282,45.4323],[6.6266,45.4327],[6.6254,45.434],[6.6238,45.4337],[6.6228,45.4331],[6.6215,45.4331]]]},"properties":{"id_ffco":"2013-D73-82","nom":"LE PRAZ","_dept":"73","numero":"2013-D73-82","commune":"St-Bons","echelle":"1/2500","surface":"0.2 km²","format":"A5","annee":"2013","cartographes":"ASTRADE Laurent","proprietaire":"73 - Savoie","niveau":"Initiation, Scolaire","specialite":"CO à pied","contacts":"CDCO 73, cdco73@free.fr, https://sites.google.com/site/cdco73/home","latitude":"45.43245","longitude":"6.62262","date_saisie":"13/03/2014","date_depot":"15/05/2014","valide":"Oui","ppo":"Non","type_carte":"Nouvelle carte","fond":"Cadastre","obsolete":false}},{"type":"Feature","geometry":{"type":"Polygon","coordinates":[[[6.0678,45.6601],[6.0629,45.6555],[6.0554,45.645],[6.0536,45.6422],[6.0555,45.6413],[6.0672,45.639],[6.0681,45.6439],[6.0656,45.6515],[6.0688,45.6598],[6.0678,45.6601]]]},"properties":{"id_ffco":"2018-D73-81","nom":"MARGERIAZ","_dept":"73","numero":"2018-D73-81","commune":"AILLON-LE-JEUNE","echelle":"1/10000","surface":"1.32 km²","format":"A4","annee":"2018","cartographes":"SYLVESTRE Eric, JANOD François, DENAIX Michel","proprietaire":"7305 - ESPACE CHAMBERY ORIENTATION 73 - ECHO 73","niveau":"National, International","specialite":"CO à ski","contacts":"CLUB ECHO 73, 06 71 26 19 79, georges_tre@yahoo.fr, http://www.echo7305.com/","latitude":"45.64365","longitude":"6.06245","date_saisie":"19/07/2013","date_depot":"27/11/2015","valide":"Oui","ppo":"Non","type_carte":"Reprise","base":"2018-D73-81 MARGERIAZ","fond":"Ortho","obsolete":false}},{"type":"Feature","geometry":{"type":"Polygon","coordinates":[[[6.6748,45.4022],[6.6725,45.4018],[6.67,45.4025],[6.666,45.4052],[6.6644,45.4065],[6.6624,45.4073],[6.6602,45.4094],[6.658,45.4124],[6.6603,45.4122],[6.6639,45.4131],[6.6672,45.4135],[6.6683,45.412],[6.6704,45.4101],[6.6762,45.4069],[6.6787,45.4054],[6.6793,45.4047],[6.677,45.4034],[6.6748,45.4022]]]},"properties":{"id_ffco":"2025-D73-80","nom":"LE SITE DE LA ROSIERE","_dept":"73","numero":"2025-D73-80","commune":"COURCHEVEL","echelle":"1/7500","surface":"1.01 km²","format":"A4","annee":"2025","cartographes":"DECHAVANNE Franck","proprietaire":"SERVICE DES SPORTS DE COURCHEVEL","niveau":"Régional","specialite":"CO à pied","contacts":"SERVICE DES SPORTS DE COURCHEVEL, 0479084893, sport@mairie-courchevel.com","latitude":"45.40782","longitude":"6.66864","date_saisie":"19/07/2013","date_depot":"25/09/2013","valide":"Oui","ppo":"Oui (20 postes)","type_carte":"Reprise","base":"2025-D73-80 LE SITE DE LA ROSIERE","fond":"Cadastre","obsolete":false}},{"type":"Feature","geometry":{"type":"Polygon","coordinates":[[[5.9806,45.6689],[5.982,45.671],[5.9839,45.6715],[5.9855,45.6719],[5.9912,45.6713],[5.9936,45.6694],[5.9946,45.6671],[5.9992,45.665],[6.0003,45.6634],[6.0001,45.6609],[5.9922,45.658],[5.9909,45.6573],[5.99,45.6555],[5.9889,45.6516],[5.9881,45.6474],[5.9828,45.6484],[5.9827,45.6501],[5.9821,45.6515],[5.9815,45.6522],[5.979,45.6557],[5.9786,45.6629],[5.9794,45.6672],[5.9806,45.6688],[5.9806,45.6689]]]},"properties":{"id_ffco":"2020-D73-79","nom":"CREUX DE LA CAVALE","_dept":"73","numero":"2020-D73-79","commune":"LES DESERTS","echelle":"1/10000","surface":"2.74 km²","format":"A4","annee":"2020","cartographes":"COTIRTA Marian","proprietaire":"73 - Savoie","niveau":"National, International","specialite":"CO à pied","contacts":"CDCO73","latitude":"45.66094","longitude":"5.98944","date_saisie":"19/07/2013","date_depot":"25/09/2013","valide":"Oui","ppo":"Non","type_carte":"Reprise","base":"2020-D73-79 CREUX DE LA CAVALE","fond":"Ortho","obsolete":false}},{"type":"Feature","geometry":{"type":"Polygon","coordinates":[[[5.9847,45.6483],[5.9878,45.6471],[5.9894,45.6449],[5.9891,45.6411],[5.9879,45.6399],[5.9884,45.6374],[5.9912,45.6357],[5.995,45.6348],[5.9961,45.6331],[5.9951,45.6302],[5.9922,45.6231],[5.989,45.6192],[5.9885,45.6153],[5.9883,45.6133],[5.9838,45.6111],[5.979,45.6093],[5.9762,45.6091],[5.9722,45.6116],[5.9699,45.6125],[5.9653,45.613],[5.9666,45.6194],[5.9672,45.6233],[5.9683,45.6284],[5.9661,45.6337],[5.9669,45.638],[5.973,45.6442],[5.9794,45.6489],[5.9847,45.6483]]]},"properties":{"id_ffco":"2020-D73-78","nom":"FORET DE CHARVETTE","_dept":"73","numero":"2020-D73-78","commune":"LES DESERTS","echelle":"1/10000","surface":"7.25 km²","format":"A3","annee":"2020","cartographes":"COTIRTA Marian","proprietaire":"73 - Savoie","niveau":"National, International","specialite":"CO à pied","contacts":"CDCO73","latitude":"45.62895","longitude":"5.98068","date_saisie":"19/07/2013","date_depot":"25/09/2013","valide":"Oui","ppo":"Non","type_carte":"Reprise","base":"2020-D73-78 FORET DE CHARVETTE","fond":"Ortho","obsolete":false}},{"type":"Feature","geometry":{"type":"Polygon","coordinates":[[[5.9963,45.6804],[5.9986,45.6809],[6.0027,45.6813],[6.0075,45.6811],[6.011,45.6805],[6.0179,45.6788],[6.0226,45.676],[6.0192,45.6713],[6.0173,45.6697],[6.0144,45.6665],[6.0094,45.6611],[5.9978,45.6633],[5.9913,45.6656],[5.9893,45.6694],[5.9906,45.6755],[5.9951,45.6755],[5.9961,45.678],[5.9957,45.6795],[5.9963,45.6803],[5.9963,45.6804]]]},"properties":{"id_ffco":"2020-D73-77","nom":"LE PLEURACHAT","_dept":"73","numero":"2020-D73-77","commune":"LES DESERTS","echelle":"1/10000","surface":"3.93 km²","format":"A4","annee":"2020","cartographes":"COTIRTA Marian","proprietaire":"73 - Savoie","niveau":"National, International","specialite":"CO à pied","contacts":"CDCO73","latitude":"45.6712","longitude":"6.00598","date_saisie":"19/07/2013","date_depot":"25/09/2013","valide":"Oui","ppo":"Non","type_carte":"Reprise","base":"2020-D73-77 LE PLEURACHAT","fond":"Ortho","obsolete":false}},{"type":"Feature","geometry":{"type":"Polygon","coordinates":[[[6.0118,45.6881],[6.0168,45.6927],[6.0185,45.6949],[6.0219,45.6969],[6.024,45.6969],[6.0296,45.6969],[6.0351,45.6958],[6.0403,45.6949],[6.0478,45.6905],[6.0454,45.688],[6.0403,45.6843],[6.0349,45.6813],[6.0341,45.6788],[6.0329,45.6768],[6.03,45.6748],[6.0275,45.6727],[6.0243,45.6713],[6.0185,45.6705],[6.0069,45.6726],[6.0036,45.6733],[5.9992,45.675],[5.9983,45.6771],[5.9996,45.684],[6.0004,45.6871],[6.0025,45.6858],[6.0044,45.6864],[6.0104,45.6871],[6.0118,45.6881]]]},"properties":{"id_ffco":"2020-D73-76","nom":"LA GRANDE TEPPE","_dept":"73","numero":"2020-D73-76","commune":"ST FRANCOIS DE SALES","echelle":"1/10000","surface":"6.89 km²","format":"A3","annee":"2020","cartographes":"COTIRTA Marian","proprietaire":"73 - Savoie","niveau":"National, International","specialite":"CO à pied","contacts":"CDCO73","latitude":"45.6837","longitude":"6.02302","date_saisie":"19/07/2013","date_depot":"25/09/2013","valide":"Oui","ppo":"Non","type_carte":"Reprise","base":"2020-D73-76 LA GRANDE TEPPE","fond":"Ortho","obsolete":false}},{"type":"Feature","geometry":{"type":"Polygon","coordinates":[[[6.0296,45.6768],[6.0311,45.6774],[6.0317,45.6788],[6.0326,45.6804],[6.0314,45.6818],[6.0313,45.6827],[6.0325,45.6833],[6.0327,45.6844],[6.0323,45.6848],[6.0311,45.6857],[6.0306,45.6878],[6.0291,45.6916],[6.031,45.6933],[6.0341,45.6952],[6.0373,45.6974],[6.0406,45.6981],[6.0418,45.6984],[6.0427,45.6996],[6.046,45.6995],[6.0505,45.6992],[6.0534,45.6986],[6.0542,45.6971],[6.0536,45.6952],[6.0526,45.6937],[6.0508,45.693],[6.0491,45.6909],[6.049,45.6878],[6.0488,45.6853],[6.0488,45.6824],[6.0454,45.6797],[6.0395,45.6766],[6.0339,45.6747],[6.0311,45.673],[6.0291,45.6721],[6.0287,45.6739],[6.0296,45.6768]]]},"properties":{"id_ffco":"2020-D73-75","nom":"LES GOUILLES - St François de Sales","_dept":"73","numero":"2020-D73-75","commune":"ST FRANCOIS DE SALES","echelle":"1/10000","surface":"3.47 km²","format":"A3","annee":"2020","cartographes":"COTIRTA Marian","proprietaire":"73 - Savoie","niveau":"National, International","specialite":"CO à pied","contacts":"CDCO73","latitude":"45.68586","longitude":"6.04142","date_saisie":"19/07/2013","date_depot":"25/09/2013","valide":"Oui","ppo":"Non","type_carte":"Reprise","base":"2020-D73-75 LES GOUILLES - St François de Sales","fond":"Ortho","obsolete":false}},{"type":"Feature","geometry":{"type":"Polygon","coordinates":[[[6.1084,45.7087],[6.1095,45.7094],[6.1129,45.709],[6.1129,45.708],[6.115,45.7052],[6.117,45.7033],[6.1171,45.7],[6.1182,45.6978],[6.1198,45.696],[6.1206,45.691],[6.1205,45.69],[6.1174,45.69],[6.1145,45.6953],[6.114,45.6993],[6.1093,45.6998],[6.1075,45.7048],[6.1084,45.7087]]]},"properties":{"id_ffco":"2024-D73-74","nom":"LES ILES DU CHERAN","_dept":"73","numero":"2024-D73-74","commune":"LESCHERAINES","echelle":"1/7500","surface":"0.97 km²","format":"A4","annee":"2024","cartographes":"DECHAVANNE Franck","proprietaire":"PNR DES BAUGES","niveau":"Départemental","specialite":"CO à pied","contacts":"CDCO73","latitude":"45.69971","longitude":"6.11402","date_saisie":"19/07/2013","date_depot":"25/09/2013","valide":"Oui","ppo":"Non","type_carte":"Reprise","base":"2024-D73-74 LES ILES DU CHERAN","fond":"Ortho","obsolete":false}},{"type":"Feature","geometry":{"type":"Polygon","coordinates":[[[5.9821,45.6491],[5.9839,45.65],[5.9849,45.651],[5.9845,45.6526],[5.9852,45.654],[5.9855,45.6566],[5.986,45.6576],[5.996,45.6617],[6.0,45.6625],[6.0041,45.6632],[6.005,45.6621],[6.0055,45.6612],[6.0079,45.6603],[6.0095,45.6586],[6.0085,45.6549],[6.0051,45.6512],[6.0008,45.6491],[5.9991,45.6475],[5.9967,45.646],[5.9929,45.6461],[5.9889,45.6468],[5.9872,45.647],[5.9845,45.6477],[5.9834,45.6481],[5.9821,45.6491]]]},"properties":{"id_ffco":"2020-D73-73","nom":"LE CREUX FROID","_dept":"73","numero":"2020-D73-73","commune":"LES DESERTS","echelle":"1/10000","surface":"2.61 km²","format":"A4","annee":"2020","cartographes":"COTIRTA Marian","niveau":"National, International","specialite":"CO à pied","contacts":"CDCO73","latitude":"45.65461","longitude":"5.99579","date_saisie":"19/07/2013","date_depot":"25/09/2013","valide":"Oui","ppo":"Non","type_carte":"Reprise","base":"2020-D73-73 LE CREUX FROID","fond":"Ortho","obsolete":false}},{"type":"Feature","geometry":{"type":"Polygon","coordinates":[[[5.9846,45.6466],[5.9836,45.6467],[5.9833,45.6473],[5.9823,45.6479],[5.9819,45.6482],[5.98,45.6478],[5.9795,45.6503],[5.9796,45.6514],[5.9803,45.6541],[5.9825,45.6546],[5.9857,45.6543],[5.9882,45.6521],[5.9895,45.6506],[5.9905,45.6497],[5.9918,45.6486],[5.995,45.6491],[5.9955,45.6496],[5.9954,45.6505],[5.9948,45.6516],[5.9955,45.6523],[6.0005,45.6526],[6.0044,45.6534],[6.0058,45.6541],[6.008,45.6548],[6.0116,45.6551],[6.0159,45.6554],[6.0189,45.6557],[6.0207,45.6548],[6.0206,45.6531],[6.0204,45.652],[6.017,45.6495],[6.0154,45.6493],[6.012,45.649],[6.0096,45.6479],[6.0063,45.6471],[6.005,45.6463],[6.002,45.6452],[5.9987,45.6446],[5.9959,45.6434],[5.9951,45.6425],[5.9938,45.6429],[5.9915,45.644],[5.99,45.6449],[5.9852,45.6463],[5.9846,45.6466]]]},"properties":{"id_ffco":"2020-D73-72","nom":"MONTAGNE DE LACHAT","_dept":"73","numero":"2020-D73-72","commune":"LES DESERTS","echelle":"1/10000","surface":"2.36 km²","format":"A4","annee":"2020","cartographes":"COTIRTA Marian","proprietaire":"73 - Savoie","niveau":"National, International","specialite":"CO à pied","contacts":"CDCO73","latitude":"45.64911","longitude":"6.00012","date_saisie":"19/07/2013","date_depot":"25/09/2013","valide":"Oui","ppo":"Non","type_carte":"Reprise","base":"2020-D73-72 MONTAGNE DE LACHAT","fond":"Ortho","obsolete":false}},{"type":"Feature","geometry":{"type":"Polygon","coordinates":[[[5.9724,45.6425],[5.9684,45.6437],[5.9668,45.6449],[5.9659,45.6453],[5.9659,45.6461],[5.9664,45.6476],[5.9672,45.6495],[5.967,45.6517],[5.9666,45.6529],[5.9654,45.6539],[5.9648,45.6544],[5.9666,45.6595],[5.9665,45.661],[5.9676,45.6617],[5.9674,45.6632],[5.9669,45.6636],[5.965,45.6652],[5.9651,45.6668],[5.9713,45.6665],[5.9776,45.6659],[5.9841,45.6652],[5.9937,45.6637],[5.9965,45.6621],[5.9967,45.6605],[5.9928,45.6561],[5.9932,45.6534],[5.989,45.6501],[5.9885,45.6483],[5.9878,45.6469],[5.9879,45.644],[5.9886,45.6426],[5.9889,45.642],[5.9897,45.6405],[5.9908,45.6385],[5.9902,45.6371],[5.9908,45.6352],[5.9928,45.6347],[5.9931,45.6283],[5.9894,45.6232],[5.9872,45.6186],[5.9872,45.6154],[5.9871,45.6137],[5.9829,45.6116],[5.9788,45.6101],[5.9766,45.6094],[5.9745,45.6101],[5.9725,45.6115],[5.9711,45.6125],[5.966,45.6128],[5.9664,45.6154],[5.967,45.6191],[5.9684,45.6273],[5.9648,45.6299],[5.9622,45.6335],[5.9642,45.6383],[5.9682,45.6378],[5.971,45.6385],[5.9717,45.6413],[5.9724,45.6425]]]},"properties":{"id_ffco":"2011-D73-71","nom":"LA CROIX DU NIVOLET","_dept":"73","numero":"2011-D73-71","commune":"LES DESERTS","echelle":"1/15000","surface":"11.31 km²","format":"A3","annee":"2011","cartographes":"COTIRTA Marian","proprietaire":"73 - Savoie","niveau":"National, International","specialite":"CO à pied","contacts":"CDCO73","latitude":"45.63809","longitude":"5.97946","date_saisie":"19/07/2013","date_depot":"25/09/2013","valide":"Oui","ppo":"Non","type_carte":"Nouvelle carte","fond":"Ortho","obsolete":false}},{"type":"Feature","geometry":{"type":"Polygon","coordinates":[[[5.9148,45.5632],[5.914,45.5652],[5.9147,45.5661],[5.9169,45.5677],[5.9186,45.5684],[5.9194,45.5691],[5.9219,45.5682],[5.9231,45.5676],[5.926,45.5676],[5.9267,45.5665],[5.9267,45.5655],[5.9261,45.5644],[5.9254,45.5638],[5.9239,45.5636],[5.9228,45.5634],[5.9225,45.5626],[5.9184,45.5632],[5.9148,45.5632]]]},"properties":{"id_ffco":"2022-D73-70","nom":"CHAMBERY","_dept":"73","numero":"2022-D73-70","commune":"CHAMBERY","echelle":"1/4000","surface":"0.47 km²","format":"A4","annee":"2022","cartographes":"COTIRTA Marian","proprietaire":"OFFICE DE TOURISME DE CHAMBERY","niveau":"National, International","specialite":"CO à pied","contacts":"OFFICE DE TOURISME DE CHAMBERY","latitude":"45.56584","longitude":"5.92034","date_saisie":"19/07/2013","date_depot":"25/09/2013","valide":"Oui","ppo":"Non","type_carte":"Reprise","base":"2022-D73-70 CHAMBERY","fond":"Cadastre","obsolete":false}},{"type":"Feature","geometry":{"type":"Polygon","coordinates":[[[5.9209,45.6901],[5.9211,45.6896],[5.921,45.6885],[5.9209,45.6882],[5.9201,45.6882],[5.9199,45.6867],[5.9197,45.6858],[5.9196,45.6852],[5.9122,45.6852],[5.9135,45.6875],[5.9097,45.6879],[5.9094,45.6904],[5.9116,45.6903],[5.9129,45.6905],[5.9138,45.6908],[5.9152,45.6915],[5.9151,45.6928],[5.9185,45.6929],[5.9191,45.691],[5.9195,45.6901],[5.9209,45.6901]]]},"properties":{"id_ffco":"2011-D73-69","nom":"AIX LES BAINS","_dept":"73","numero":"2011-D73-69","commune":"AIX LES BAINS","echelle":"1/4000","surface":"0.5 km²","format":"A4","annee":"2011","cartographes":"COTIRTA Marian","proprietaire":"OFFICE DE TOURISME D'AIX LES BAINS","niveau":"National, International","specialite":"CO à pied","contacts":"OFFICE DE TOURISME D'AIX LES BAINS, accueil@aixlesbains.com","latitude":"45.68903","longitude":"5.91524","date_saisie":"19/07/2013","date_depot":"25/09/2013","valide":"Oui","ppo":"Non","type_carte":"Nouvelle carte","fond":"Cadastre","obsolete":false}},{"type":"Feature","geometry":{"type":"Polygon","coordinates":[[[6.0342,45.6769],[6.0328,45.676],[6.0314,45.6765],[6.0285,45.6765],[6.025,45.6753],[6.0217,45.6744],[6.0167,45.6739],[6.0135,45.6741],[6.0106,45.675],[6.0117,45.6775],[6.0128,45.6811],[6.0168,45.6812],[6.0192,45.6814],[6.0209,45.6816],[6.0227,45.6833],[6.0235,45.6848],[6.0245,45.6861],[6.0273,45.6861],[6.0312,45.6858],[6.033,45.6856],[6.0336,45.6843],[6.0333,45.6833],[6.0328,45.6824],[6.0331,45.6814],[6.0339,45.6807],[6.0345,45.6797],[6.0345,45.6774],[6.0342,45.6769]]]},"properties":{"id_ffco":"2011-D73-68","nom":"FOYER DE SAINT-FRANCOIS DE SALES","_dept":"73","numero":"2011-D73-68","commune":"ST FRANCOIS DE SALES","echelle":"1/15000","surface":"1.63 km²","format":"A4","annee":"2011","cartographes":"COTIRTA Marian","proprietaire":"73 - Savoie","niveau":"National, International","specialite":"CO à pied","contacts":"CDCO73","latitude":"45.68","longitude":"6.02256","date_saisie":"19/07/2013","date_depot":"25/09/2013","valide":"Oui","ppo":"Non","type_carte":"Nouvelle carte","fond":"Ortho","obsolete":false}},{"type":"Feature","geometry":{"type":"Polygon","coordinates":[[[6.0312,45.6776],[6.0293,45.6762],[6.0308,45.6744],[6.0329,45.6736],[6.0341,45.6743],[6.0427,45.678],[6.0445,45.6789],[6.0466,45.6804],[6.0463,45.6831],[6.0467,45.6845],[6.0465,45.685],[6.0503,45.6877],[6.052,45.6889],[6.0522,45.6906],[6.0529,45.6929],[6.053,45.6942],[6.0541,45.6955],[6.0543,45.6983],[6.0538,45.6992],[6.0437,45.6996],[6.0389,45.6997],[6.0368,45.6996],[6.0329,45.6983],[6.0312,45.6977],[6.0285,45.6973],[6.0257,45.6967],[6.0241,45.6962],[6.0227,45.6957],[6.0187,45.6945],[6.0148,45.6893],[6.0064,45.6825],[6.0054,45.6816],[6.0055,45.6765],[6.0122,45.6759],[6.017,45.6765],[6.018,45.6788],[6.0209,45.6803],[6.0232,45.6819],[6.0257,45.6846],[6.0278,45.6844],[6.0311,45.684],[6.0309,45.6829],[6.0315,45.6801],[6.0312,45.6776]]]},"properties":{"id_ffco":"2011-D73-67","nom":"LES CREUSATES","_dept":"73","numero":"2011-D73-67","commune":"ST FRANCOIS DE SALES","echelle":"1/15000","surface":"6.48 km²","format":"A4","annee":"2011","cartographes":"COTIRTA Marian","proprietaire":"73 - Savoie","niveau":"National, International","specialite":"CO à pied","contacts":"CDCO73","latitude":"45.68668","longitude":"6.02986","date_saisie":"19/07/2013","date_depot":"25/09/2013","valide":"Oui","ppo":"Non","type_carte":"Nouvelle carte","fond":"Ortho","obsolete":false}},{"type":"Feature","geometry":{"type":"Polygon","coordinates":[[[6.0336,45.6776],[6.0351,45.6745],[6.0303,45.6723],[6.0296,45.6704],[6.0275,45.6626],[6.027,45.66],[6.0327,45.6574],[6.0261,45.6517],[6.0187,45.6553],[6.0196,45.6595],[6.0116,45.6655],[6.0164,45.6694],[6.0183,45.6723],[6.0237,45.6735],[6.0261,45.6754],[6.0261,45.6769],[6.0288,45.6779],[6.0336,45.6776]]]},"properties":{"id_ffco":"2011-D73-66","nom":"LE CREUX QUI SONNE","_dept":"73","numero":"2011-D73-66","commune":"ST FRANCOIS DE SALES","echelle":"1/10000","surface":"2.46 km²","format":"A4","annee":"2011","cartographes":"COTIRTA Marian","proprietaire":"73 - Savoie","niveau":"National, International","specialite":"CO à pied","contacts":"CDCO73","latitude":"45.66481","longitude":"6.02334","date_saisie":"19/07/2013","date_depot":"25/09/2013","valide":"Oui","ppo":"Non","type_carte":"Nouvelle carte","fond":"Ortho","obsolete":false}},{"type":"Feature","geometry":{"type":"Polygon","coordinates":[[[6.0285,45.7113],[6.0317,45.7137],[6.0324,45.7154],[6.0372,45.7157],[6.0453,45.7171],[6.0574,45.72],[6.0665,45.7218],[6.0679,45.7209],[6.0721,45.7163],[6.0694,45.7123],[6.0666,45.7116],[6.0657,45.7092],[6.0646,45.7047],[6.0602,45.6996],[6.053,45.6992],[6.0422,45.6998],[6.0294,45.7049],[6.0275,45.7078],[6.0285,45.7113]]]},"properties":{"id_ffco":"2011-D73-65","nom":"PREPOULAIN","_dept":"73","numero":"2011-D73-65","commune":"ARITH","echelle":"1/15000","surface":"5.69 km²","format":"A4","annee":"2011","cartographes":"COTIRTA Marian","proprietaire":"73 - Savoie","niveau":"National, International","specialite":"CO à pied","contacts":"CDCO73","latitude":"45.71052","longitude":"6.04978","date_saisie":"19/07/2013","date_depot":"25/09/2013","valide":"Oui","ppo":"Non","type_carte":"Nouvelle carte","fond":"Ortho","obsolete":false}},{"type":"Feature","geometry":{"type":"Polygon","coordinates":[[[5.6314,45.5982],[5.6292,45.5993],[5.626,45.601],[5.6268,45.6014],[5.6288,45.6013],[5.6288,45.6019],[5.6288,45.6027],[5.6294,45.6034],[5.6323,45.6035],[5.6326,45.6017],[5.6325,45.6013],[5.6327,45.6001],[5.6313,45.6001],[5.6317,45.5997],[5.6328,45.5986],[5.6314,45.5982]]]},"properties":{"id_ffco":"2023-D73-64","nom":"COLLEGE DE SAINT GENIX","_dept":"73","numero":"2023-D73-64","commune":"SAINT GENIX SUR GUIER","echelle":"1/2500","surface":"0.17 km²","format":"A4","annee":"2023","cartographes":"ASTRADE Laurent","proprietaire":"73 - Savoie","niveau":"Initiation, Scolaire","specialite":"CO à pied","contacts":"COLLEGE DE SAINT GENIX, 04 76 31 83 13","latitude":"45.60084","longitude":"5.62942","date_saisie":"19/07/2013","date_depot":"01/07/2011","valide":"Oui","ppo":"Non","type_carte":"Reprise","base":"2023-D73-64 COLLEGE DE SAINT GENIX","fond":"Cadastre","obsolete":false}},{"type":"Feature","geometry":{"type":"Polygon","coordinates":[[[5.9728,45.6825],[5.9749,45.6852],[5.9792,45.6888],[5.9855,45.6905],[5.9925,45.6859],[5.9985,45.6837],[6.0007,45.683],[6.0007,45.6798],[5.9958,45.6772],[5.9875,45.6741],[5.9848,45.6701],[5.9811,45.6664],[5.9724,45.6689],[5.9711,45.6728],[5.9759,45.6776],[5.9726,45.6807],[5.9728,45.6825]]]},"properties":{"id_ffco":"2010-D73-62","nom":"LE REVARD","_dept":"73","numero":"2010-D73-62","commune":"LES DESERTS","echelle":"1/10000","surface":"3.46 km²","format":"A4","annee":"2010","cartographes":"ASIKAINEN Rauno SILVENNOINEN Jussi","proprietaire":"73 - Savoie","niveau":"National, International","specialite":"CO à pied","contacts":"CDCO73","latitude":"45.67845","longitude":"5.9859","date_saisie":"19/07/2013","date_depot":"01/07/2011","valide":"Oui","ppo":"Non","type_carte":"Nouvelle carte","fond":"Ortho","obsolete":false}},{"type":"Feature","geometry":{"type":"Polygon","coordinates":[[[6.0555,45.752],[6.0687,45.7436],[6.0777,45.7413],[6.0839,45.7403],[6.0867,45.7351],[6.0891,45.7282],[6.0902,45.724],[6.0893,45.7212],[6.0792,45.7209],[6.0753,45.719],[6.0699,45.7148],[6.0682,45.7117],[6.055,45.7111],[6.0547,45.7188],[6.0484,45.7254],[6.0477,45.7312],[6.052,45.7384],[6.0539,45.7467],[6.0536,45.7518],[6.0555,45.752]]]},"properties":{"id_ffco":"2010-D73-61","nom":"MONTAGNE DE BANGE","_dept":"73","numero":"2010-D73-61","commune":"ARITH","echelle":"1/10000","surface":"9.09 km²","format":"+","annee":"2010","cartographes":"ASIKAINEN Rauno SILVENNOINEN Jussi","proprietaire":"73 - Savoie","niveau":"National, International","specialite":"CO à pied","contacts":"CDCO73","latitude":"45.73152","longitude":"6.06896","date_saisie":"19/07/2013","date_depot":"01/07/2011","valide":"Oui","ppo":"Non","type_carte":"Nouvelle carte","fond":"Ortho","obsolete":false}},{"type":"Feature","geometry":{"type":"Polygon","coordinates":[[[5.9321,45.5638],[5.9328,45.5633],[5.9339,45.5627],[5.9356,45.5626],[5.9363,45.5634],[5.9366,45.564],[5.9354,45.5645],[5.9361,45.5653],[5.9342,45.566],[5.9321,45.5638]]]},"properties":{"id_ffco":"2015-D73-59","nom":"LYCEE MONGE","_dept":"73","numero":"2015-D73-59","commune":"Chambéry","echelle":"1/2000","surface":"0.08 km²","format":"A4","annee":"2015","cartographes":"T. Cassalo","proprietaire":"73 - Savoie","niveau":"Initiation, Scolaire","specialite":"CO à pied","contacts":"CDCO73","latitude":"45.5641342944","longitude":"5.93443416989","date_saisie":"13/10/2015","date_depot":"27/11/2015","valide":"Oui","ppo":"Non","type_carte":"Nouvelle carte","fond":"Cadastre","obsolete":false}},{"type":"Feature","geometry":{"type":"Polygon","coordinates":[[[5.7617,45.7065],[5.7604,45.7049],[5.7637,45.7045],[5.7649,45.7024],[5.7639,45.6994],[5.7615,45.6984],[5.7579,45.6977],[5.7567,45.6994],[5.755,45.6979],[5.7534,45.6964],[5.7505,45.6977],[5.7508,45.6961],[5.7525,45.6955],[5.7522,45.6938],[5.7409,45.694],[5.7403,45.6953],[5.7396,45.6964],[5.7369,45.6971],[5.7367,45.7002],[5.7384,45.7019],[5.7417,45.7045],[5.7446,45.7057],[5.7479,45.7049],[5.7507,45.7057],[5.7537,45.7068],[5.7585,45.707],[5.7617,45.7069],[5.7617,45.7065]]]},"properties":{"id_ffco":"2009-D73-57","nom":"LES COTES VIEILLES","_dept":"73","numero":"2009-D73-57","commune":"YENNE","echelle":"1/7500","surface":"2.16 km²","format":"A4","annee":"2009","cartographes":"ASTRADE Laurent","proprietaire":"7305 - ESPACE CHAMBERY ORIENTATION 73 - ECHO 73","niveau":"Régional","specialite":"CO à pied","contacts":"CLUB ECHO 73, 06 71 26 19 79, georges_tre@yahoo.fr, http://www.echo7305.com/","latitude":"45.70042","longitude":"5.75082","date_saisie":"19/07/2013","date_depot":"27/07/2010","valide":"Oui","ppo":"Oui (24 postes)","type_carte":"Nouvelle carte","fond":"Ortho","obsolete":false}},{"type":"Feature","geometry":{"type":"Polygon","coordinates":[[[6.0549,45.5049],[6.0626,45.5053],[6.0655,45.5056],[6.0678,45.5031],[6.0641,45.5015],[6.0619,45.5],[6.0591,45.4984],[6.0564,45.4969],[6.053,45.4961],[6.0483,45.4964],[6.0455,45.4971],[6.0449,45.4986],[6.0438,45.4992],[6.0441,45.501],[6.0447,45.5016],[6.0478,45.5018],[6.0476,45.5029],[6.0517,45.5043],[6.0549,45.5049]]]},"properties":{"id_ffco":"2025-D73-56","nom":"MONTMELIAN","_dept":"73","numero":"2025-D73-56","commune":"MONTMELIAN","echelle":"1/6000","surface":"1.22 km²","format":"A4","annee":"2025","cartographes":"SYLVESTRE Eric","proprietaire":"7305 - ESPACE CHAMBERY ORIENTATION 73 - ECHO 73","niveau":"Régional","specialite":"CO à pied","contacts":"CLUB ECHO 73, 06 71 26 19 79, georges_tre@yahoo.fr, http://www.echo7305.com/","latitude":"45.50083","longitude":"6.05585","date_saisie":"19/07/2013","date_depot":"27/07/2010","valide":"Oui","ppo":"Non","type_carte":"Reprise","base":"2025-D73-56 MONTMELIAN","fond":"Ortho","obsolete":false}},{"type":"Feature","geometry":{"type":"Polygon","coordinates":[[[5.961,45.4772],[5.9559,45.4779],[5.9529,45.4806],[5.953,45.4795],[5.9516,45.4776],[5.9501,45.4772],[5.9483,45.4782],[5.9461,45.478],[5.9441,45.479],[5.9437,45.4806],[5.9433,45.4821],[5.9429,45.4834],[5.9417,45.4838],[5.9396,45.4837],[5.9382,45.4822],[5.9365,45.482],[5.9352,45.4835],[5.9346,45.4848],[5.9371,45.486],[5.9451,45.4898],[5.9481,45.4913],[5.9499,45.4913],[5.9505,45.4906],[5.9525,45.4903],[5.9541,45.4903],[5.9562,45.4918],[5.9582,45.4923],[5.9598,45.4923],[5.9609,45.493],[5.9611,45.4933],[5.9604,45.4941],[5.9609,45.4951],[5.963,45.4959],[5.9645,45.497],[5.9651,45.4977],[5.9659,45.4979],[5.9689,45.4986],[5.9726,45.4971],[5.9752,45.4938],[5.9784,45.4914],[5.9784,45.4891],[5.9786,45.4858],[5.9787,45.4821],[5.9767,45.4813],[5.9763,45.4794],[5.9756,45.4784],[5.9739,45.4777],[5.9717,45.4777],[5.9694,45.4776],[5.9668,45.4767],[5.9638,45.4772],[5.962,45.4773],[5.961,45.4772],[5.961,45.4772]]]},"properties":{"id_ffco":"2009-D73-53","nom":"LES ABIMES","_dept":"73","numero":"2009-D73-53","commune":"CHAPAREILLAN","echelle":"1/12500","surface":"5.03 km²","format":"A4","annee":"2009","cartographes":"TREVISAN Georges","proprietaire":"7305 - ESPACE CHAMBERY ORIENTATION 73 - ECHO 73","niveau":"National, International","specialite":"CO à VTT","contacts":"CLUB ECHO 73, 06 71 26 19 79, georges_tre@yahoo.fr, http://www.echo7305.com/","latitude":"45.48769","longitude":"5.95664","date_saisie":"19/07/2013","date_depot":"30/07/2010","valide":"Oui","ppo":"Non","type_carte":"Reprise","base":"2009-D73-53 LES ABIMES","fond":"Ortho","obsolete":false}},{"type":"Feature","geometry":{"type":"Polygon","coordinates":[[[6.0319,45.4811],[6.0268,45.4782],[6.0225,45.4756],[6.0207,45.4731],[6.0192,45.4712],[6.0125,45.4594],[6.0035,45.4615],[6.0044,45.4649],[6.0001,45.4651],[5.9991,45.4658],[5.9981,45.4673],[6.0005,45.4681],[6.0032,45.4694],[6.006,45.4714],[6.0069,45.4728],[6.0032,45.473],[5.9969,45.4734],[5.9962,45.474],[5.9956,45.4759],[5.995,45.4785],[5.996,45.4831],[5.9971,45.4844],[5.9945,45.4868],[5.9983,45.4918],[6.0017,45.4962],[6.0004,45.4983],[6.0004,45.4992],[6.0023,45.5002],[6.006,45.4986],[6.0071,45.4973],[6.0125,45.4946],[6.0138,45.4959],[6.0165,45.4961],[6.0191,45.4949],[6.0204,45.4933],[6.0217,45.4909],[6.0228,45.4901],[6.0247,45.4901],[6.0249,45.487],[6.0265,45.4851],[6.0295,45.483],[6.0321,45.4825],[6.0319,45.4811],[6.0319,45.4811]]]},"properties":{"id_ffco":"2008-D73-52","nom":"LES MARCHES LA FORET","_dept":"73","numero":"2008-D73-52","commune":"LES MARCHES","echelle":"1/15000","surface":"7.28 km²","format":"A4","annee":"2008","cartographes":"TREVISAN Georges","proprietaire":"7305 - ESPACE CHAMBERY ORIENTATION 73 - ECHO 73","niveau":"National, International","specialite":"CO à VTT","contacts":"CLUB ECHO 73, 06 71 26 19 79, georges_tre@yahoo.fr, http://www.echo7305.com/","latitude":"45.47979","longitude":"6.0133","date_saisie":"19/07/2013","date_depot":"27/07/2010","valide":"Oui","ppo":"Non","type_carte":"Nouvelle carte","fond":"Ortho","obsolete":false}},{"type":"Feature","geometry":{"type":"Polygon","coordinates":[[[6.4472,45.2376],[6.4459,45.2361],[6.4442,45.2351],[6.4424,45.2366],[6.4399,45.2374],[6.4374,45.2381],[6.4359,45.2389],[6.435,45.2405],[6.4319,45.2435],[6.4295,45.2449],[6.4226,45.247],[6.4194,45.248],[6.4152,45.2496],[6.4107,45.2518],[6.4083,45.2521],[6.4057,45.252],[6.4001,45.2526],[6.4002,45.2529],[6.403,45.2578],[6.4035,45.2585],[6.4089,45.2586],[6.4143,45.2586],[6.4181,45.258],[6.4242,45.2569],[6.4256,45.2566],[6.4305,45.253],[6.4351,45.2498],[6.4387,45.2475],[6.4448,45.2445],[6.4478,45.2432],[6.4507,45.242],[6.451,45.2412],[6.4472,45.2376],[6.4472,45.2376]]]},"properties":{"id_ffco":"2008-D73-51","nom":"LE BAL DES MURETS","_dept":"73","numero":"2008-D73-51","commune":"SAINT-JULIEN-MONT-DENIS","echelle":"1/7500","surface":"3.55 km²","format":"A4","annee":"2008","cartographes":"DECHAVANNE Franck","proprietaire":"7310 - MAURIENNE ORIENTATION","niveau":"Régional","specialite":"CO à pied","contacts":"CLUB ECHO 73, 06 71 26 19 79, georges_tre@yahoo.fr, http://www.echo7305.com/","latitude":"45.24685","longitude":"6.42553","date_saisie":"19/07/2013","date_depot":"09/08/2010","valide":"Oui","ppo":"Non","type_carte":"Nouvelle carte","fond":"Ortho","obsolete":false}},{"type":"Feature","geometry":{"type":"Polygon","coordinates":[[[5.8561,45.5978],[5.8608,45.5995],[5.8617,45.5998],[5.866,45.5999],[5.8676,45.5998],[5.8677,45.5992],[5.8674,45.5988],[5.8684,45.5959],[5.8674,45.5954],[5.8652,45.5942],[5.8638,45.5939],[5.8614,45.5938],[5.8598,45.5937],[5.8577,45.5939],[5.8565,45.5936],[5.856,45.5957],[5.8559,45.5973],[5.8561,45.5978],[5.8561,45.5978]]]},"properties":{"id_ffco":"2025-D73-50","nom":"CHATEAU REINACH","_dept":"73","numero":"2025-D73-50","commune":"LA MOTTE-SERVOLEX","echelle":"1/4000","surface":"0.54 km²","format":"A4","annee":"2025","cartographes":"ASTRADE Laurent","proprietaire":"7305 - ESPACE CHAMBERY ORIENTATION 73 - ECHO 73","niveau":"Initiation, Scolaire","specialite":"CO à pied","contacts":"CLUB ECHO 73, 06 71 26 19 79, georges_tre@yahoo.fr, http://www.echo7305.com/","latitude":"45.59677","longitude":"5.86214","date_saisie":"19/07/2013","date_depot":"09/08/2010","valide":"Oui","ppo":"Non","type_carte":"Reprise","base":"2025-D73-50 CHATEAU REINACH","fond":"Ortho","obsolete":false}},{"type":"Feature","geometry":{"type":"Polygon","coordinates":[[[5.8871,45.6487],[5.8828,45.6519],[5.8828,45.6524],[5.8896,45.6522],[5.8897,45.6527],[5.8923,45.6545],[5.8943,45.6544],[5.894,45.651],[5.8939,45.648],[5.8934,45.6477],[5.8927,45.6478],[5.8909,45.6481],[5.8876,45.6482],[5.8871,45.6487],[5.8871,45.6487]]]},"properties":{"id_ffco":"2024-D73-49","nom":"LES MOTTETS","_dept":"73","numero":"2024-D73-49","commune":"VIVIERS-DU-LAC","echelle":"1/3500","surface":"0.39 km²","format":"A4","annee":"2024","cartographes":"ASTRADE Laurent","proprietaire":"7305 - ESPACE CHAMBERY ORIENTATION 73 - ECHO 73","niveau":"Initiation, Scolaire","specialite":"CO à pied","contacts":"CLUB ECHO 73, 06 71 26 19 79, georges_tre@yahoo.fr, http://www.echo7305.com/","latitude":"45.65112","longitude":"5.88856","date_saisie":"19/07/2013","date_depot":"09/08/2010","valide":"Oui","ppo":"Non","type_carte":"Reprise","base":"2024-D73-49 LES MOTTETS","fond":"Ortho","obsolete":false}},{"type":"Feature","geometry":{"type":"Polygon","coordinates":[[[6.5406,45.7215],[6.5419,45.7209],[6.5446,45.7203],[6.547,45.7197],[6.5496,45.7196],[6.55,45.7198],[6.5483,45.7206],[6.5464,45.7222],[6.5454,45.7221],[6.5441,45.7216],[6.5431,45.7217],[6.5411,45.7217],[6.5406,45.7215]]]},"properties":{"id_ffco":"2024-D73-48","nom":"BASE DE LOISIRS DE MARCOT","_dept":"73","numero":"2024-D73-48","commune":"Beaufort","echelle":"1/2500","surface":"0.1 km²","format":"A4","annee":"2024","cartographes":"ASTRADE Laurent","proprietaire":"73 - Savoie","niveau":"Départemental","specialite":"Sprint (ISSOM)","contacts":"CONSEIL GENERAL SAVOIE, 04 79 70 63 10","latitude":"45.7208745829","longitude":"6.54548463631","date_saisie":"22/12/2014","date_depot":"02/05/2015","valide":"Oui","ppo":"Non","type_carte":"Reprise","base":"2024-D73-48 BASE DE LOISIRS DE MARCOT","fond":"Ortho","obsolete":false}},{"type":"Feature","geometry":{"type":"Polygon","coordinates":[[[5.977,45.5565],[5.977,45.5569],[5.978,45.5569],[5.9804,45.5561],[5.9815,45.5558],[5.9833,45.5571],[5.9858,45.5585],[5.9864,45.5553],[5.9875,45.5539],[5.9883,45.5523],[5.9886,45.5514],[5.9882,45.5503],[5.985,45.5504],[5.9836,45.5506],[5.9773,45.556],[5.977,45.5565],[5.977,45.5565]]]},"properties":{"id_ffco":"2009-D73-46","nom":"PLAN D'EAU - CHALLES LES EAUX","_dept":"73","numero":"2009-D73-46","commune":"CHALLES-LES-EAUX","echelle":"1/4000","surface":"0.41 km²","format":"A4","annee":"2009","cartographes":"SYLVESTRE Eric","proprietaire":"7305 - ESPACE CHAMBERY ORIENTATION 73 - ECHO 73","niveau":"Initiation, Scolaire","specialite":"CO à pied","contacts":"CLUB ECHO 73, 06 71 26 19 79, georges_tre@yahoo.fr, http://www.echo7305.com/","latitude":"45.5544","longitude":"5.98276","date_saisie":"19/07/2013","date_depot":"30/07/2010","valide":"Oui","ppo":"Non","type_carte":"Nouvelle carte","fond":"Ortho","obsolete":false}},{"type":"Feature","geometry":{"type":"Polygon","coordinates":[[[5.9196,45.5918],[5.9178,45.5914],[5.9161,45.5916],[5.9144,45.5922],[5.9134,45.594],[5.9127,45.5952],[5.9121,45.5957],[5.9101,45.5967],[5.9098,45.5966],[5.9096,45.5973],[5.91,45.5978],[5.9108,45.5991],[5.9118,45.5998],[5.9131,45.6001],[5.915,45.5965],[5.9151,45.5963],[5.9157,45.5958],[5.916,45.5951],[5.9163,45.5952],[5.9183,45.5916],[5.9196,45.5918],[5.9196,45.5918]]]},"properties":{"id_ffco":"2022-D73-43","nom":"CHAMBERY LE HAUT","_dept":"73","numero":"2022-D73-43","commune":"CHAMBERY","echelle":"1/3500","surface":"0.26 km²","format":"A4","annee":"2022","cartographes":"DECHAVANNE Franck, JANOD François, ANDRIEUX Xavier","proprietaire":"7305 - ESPACE CHAMBERY ORIENTATION 73 - ECHO 73","niveau":"Initiation, Scolaire","specialite":"CO à pied","contacts":"CLUB ECHO 73, 06 71 26 19 79, georges_tre@yahoo.fr, http://www.echo7305.com/","latitude":"45.59578","longitude":"5.9146","date_saisie":"19/07/2013","date_depot":"27/11/2015","valide":"Oui","ppo":"Non","type_carte":"Reprise","base":"2022-D73-43 CHAMBERY LE HAUT","fond":"Ortho","obsolete":false}},{"type":"Feature","geometry":{"type":"Polygon","coordinates":[[[6.4189,45.2043],[6.4178,45.2036],[6.4165,45.2054],[6.4141,45.2053],[6.4143,45.207],[6.4146,45.2107],[6.4122,45.2143],[6.4121,45.2162],[6.4113,45.2182],[6.413,45.2183],[6.4109,45.2214],[6.4126,45.2223],[6.4168,45.2221],[6.4215,45.2194],[6.4257,45.2228],[6.428,45.2221],[6.4278,45.2186],[6.4266,45.2126],[6.4257,45.2109],[6.4246,45.2104],[6.4224,45.2105],[6.4215,45.2096],[6.421,45.207],[6.4202,45.2052],[6.4189,45.2043]]]},"properties":{"id_ffco":"2015-D73-38","nom":"LES KARELLIS LAC DE PRAMOL","_dept":"73","numero":"2015-D73-38","commune":"MONTRICHER-ALBANNE","echelle":"1/10000","surface":"1.75 km²","format":"A4","annee":"2015","cartographes":"DECHAVANNE Franck","proprietaire":"73 - Savoie","niveau":"Départemental","specialite":"CO à pied","contacts":"CDCO73","latitude":"45.2132","longitude":"6.41945","date_saisie":"19/07/2013","date_depot":"27/11/2015","valide":"Oui","ppo":"Oui (30 postes)","type_carte":"Reprise","base":"2015-D73-38 LES KARELLIS LAC DE PRAMOL","fond":"Ortho","obsolete":false}},{"type":"Feature","geometry":{"type":"Polygon","coordinates":[[[6.4074,45.2282],[6.4077,45.2275],[6.407,45.2268],[6.4054,45.2257],[6.404,45.2255],[6.4028,45.2251],[6.4022,45.2249],[6.4011,45.2246],[6.3999,45.2246],[6.3991,45.2248],[6.3988,45.2252],[6.3984,45.2258],[6.3984,45.2269],[6.3989,45.2285],[6.3998,45.2295],[6.4009,45.2301],[6.4027,45.2301],[6.4053,45.2296],[6.4069,45.2288],[6.4074,45.2282],[6.4074,45.2282]]]},"properties":{"id_ffco":"2015-D73-37","nom":"LES KARELLIS LE FORUM","_dept":"73","numero":"2015-D73-37","commune":"MONTRICHER-ALBANNE","echelle":"1/3000","surface":"0.33 km²","format":"A4","annee":"2015","cartographes":"DECHAVANNE Franck","proprietaire":"73 - Savoie","niveau":"Initiation, Scolaire","specialite":"CO à pied","contacts":"CDCO 73, cdco73@free.fr, https://sites.google.com/site/cdco73/home","latitude":"45.2274","longitude":"6.40143","date_saisie":"19/07/2013","date_depot":"27/11/2015","valide":"Oui","ppo":"Non","type_carte":"Reprise","base":"2015-D73-37 LES KARELLIS LE FORUM","fond":"Ortho","obsolete":false}},{"type":"Feature","geometry":{"type":"Polygon","coordinates":[[[5.7241,45.7132],[5.7233,45.7139],[5.7232,45.7144],[5.7243,45.7148],[5.7257,45.7144],[5.7265,45.7129],[5.7262,45.7129],[5.7241,45.7132],[5.7241,45.7132]]]},"properties":{"id_ffco":"2007-D73-36","nom":"FORT FORT LES BANCS","_dept":"73","numero":"2007-D73-36","commune":"VIRIGNIN","echelle":"1/1500","surface":"0.03 km²","format":"A4","annee":"2007","cartographes":"ASTRADE Laurent","proprietaire":"7305 - ESPACE CHAMBERY ORIENTATION 73 - ECHO 73","niveau":"Départemental","specialite":"CO à pied","contacts":"CLUB ECHO 73, 06 71 26 19 79, georges_tre@yahoo.fr, http://www.echo7305.com/","latitude":"45.71384","longitude":"5.72488","date_saisie":"19/07/2013","date_depot":"30/07/2010","valide":"Oui","ppo":"Non","type_carte":"Nouvelle carte","fond":"Ortho","obsolete":false}},{"type":"Feature","geometry":{"type":"Polygon","coordinates":[[[5.9046,45.5549],[5.9054,45.5559],[5.9063,45.5566],[5.9067,45.5579],[5.9075,45.5593],[5.9082,45.5607],[5.9103,45.5607],[5.9128,45.5608],[5.9136,45.5613],[5.9145,45.5618],[5.9159,45.5626],[5.9163,45.5619],[5.9163,45.5608],[5.9163,45.5602],[5.9168,45.5598],[5.9166,45.5592],[5.9161,45.5587],[5.9161,45.5583],[5.9172,45.5574],[5.9178,45.5573],[5.9175,45.5565],[5.9185,45.556],[5.9181,45.5547],[5.9185,45.5536],[5.9183,45.5514],[5.9159,45.5523],[5.9142,45.5523],[5.9107,45.5523],[5.9106,45.5525],[5.9106,45.5529],[5.9104,45.5531],[5.9093,45.5534],[5.908,45.5533],[5.9058,45.5541],[5.9046,45.5549],[5.9046,45.5549]]]},"properties":{"id_ffco":"2022-D73-35","nom":"JACOB BELLECOMBETTE- LE GRAND PRE","_dept":"73","numero":"2022-D73-35","commune":"JACOB-BELLECOMBETTE","echelle":"1/5000","surface":"0.81 km²","format":"A4","annee":"2022","cartographes":"DECHAVANNE Franck","proprietaire":"7305 - ESPACE CHAMBERY ORIENTATION 73 - ECHO 73","niveau":"Initiation, Scolaire","specialite":"CO à pied","contacts":"CLUB ECHO 73, 06 71 26 19 79, georges_tre@yahoo.fr, http://www.echo7305.com/","latitude":"45.5564886561","longitude":"5.91235861844","date_saisie":"19/07/2013","date_depot":"30/07/2010","valide":"Oui","ppo":"Oui (27 postes)","type_carte":"Reprise","base":"2022-D73-35 JACOB BELLECOMBETTE- LE GRAND PRE","fond":"Ortho","obsolete":false}},{"type":"Feature","geometry":{"type":"Polygon","coordinates":[[[6.3029,45.5446],[6.304,45.5454],[6.301,45.5471],[6.3,45.5459],[6.3029,45.5446]]]},"properties":{"id_ffco":"2022-D73-34","nom":"PARC DE LA ROCHETTE","_dept":"73","numero":"2022-D73-34","commune":"AIGUEBELLE","echelle":"1/1500","surface":"0.04 km²","format":"A4","annee":"2022","cartographes":"ASTRADE Laurent","proprietaire":"7305 - ESPACE CHAMBERY ORIENTATION 73 - ECHO 73","niveau":"Initiation, Scolaire","specialite":"CO à pied","contacts":"CLUB ECHO 73, 06 71 26 19 79, georges_tre@yahoo.fr, http://www.echo7305.com/","latitude":"45.5457731189","longitude":"6.30192944242","date_saisie":"19/07/2013","date_depot":"02/04/2019","valide":"Oui","ppo":"Non","type_carte":"Reprise","base":"2022-D73-34 PARC DE LA ROCHETTE","fond":"Ortho","obsolete":false}},{"type":"Feature","geometry":{"type":"Polygon","coordinates":[[[6.1621,45.5585],[6.1643,45.5587],[6.1669,45.5589],[6.1693,45.5592],[6.1731,45.5608],[6.1754,45.5578],[6.1751,45.5566],[6.1732,45.5559],[6.1685,45.5544],[6.1674,45.5543],[6.1668,45.5555],[6.1658,45.5564],[6.1633,45.5576],[6.1623,45.5582],[6.1621,45.5585],[6.1621,45.5585]]]},"properties":{"id_ffco":"2024-D73-33","nom":"LAC DE CAROUGE","_dept":"73","numero":"2024-D73-33","commune":"SAINT-PIERRE-D'ALBIGNY","echelle":"1/4000","surface":"0.38 km²","format":"A4","annee":"2024","cartographes":"BARTHELEMY Matthieu","proprietaire":"73 - Savoie","niveau":"Initiation, Scolaire","specialite":"CO à pied","contacts":"CDCO 73, cdco73@free.fr, https://sites.google.com/site/cdco73/home","latitude":"45.55756","longitude":"6.16875","date_saisie":"19/07/2013","date_depot":"07/12/2016","valide":"Oui","ppo":"Non","type_carte":"Reprise","base":"2024-D73-33 LAC DE CAROUGE","fond":"Ortho","obsolete":false}},{"type":"Feature","geometry":{"type":"Polygon","coordinates":[[[5.9595,45.5536],[5.9582,45.5548],[5.959,45.5555],[5.9604,45.5571],[5.9604,45.5575],[5.9579,45.5583],[5.959,45.5595],[5.9601,45.561],[5.9602,45.5616],[5.9602,45.5625],[5.959,45.5637],[5.9593,45.5641],[5.961,45.564],[5.9623,45.5645],[5.9636,45.5647],[5.9651,45.5645],[5.9651,45.5645],[5.9661,45.5635],[5.9661,45.5625],[5.9661,45.5619],[5.9662,45.5612],[5.9666,45.5604],[5.9669,45.5596],[5.9672,45.5595],[5.9676,45.559],[5.9689,45.5571],[5.9688,45.5556],[5.9688,45.5552],[5.9687,45.5549],[5.9676,45.5545],[5.9673,45.554],[5.968,45.5534],[5.9679,45.5529],[5.9668,45.5528],[5.9655,45.5525],[5.9641,45.5522],[5.9637,45.5523],[5.963,45.5528],[5.9623,45.5529],[5.9609,45.5528],[5.9601,45.5527],[5.9588,45.5542],[5.9595,45.5536],[5.9595,45.5536]]]},"properties":{"id_ffco":"2024-D73-32","nom":"LA RAVOIRE","_dept":"73","numero":"2024-D73-32","commune":"LA RAVOIRE","echelle":"1/4500","surface":"0.81 km²","format":"A4","annee":"2024","cartographes":"SYLVESTRE Eric","proprietaire":"7305 - ESPACE CHAMBERY ORIENTATION 73 - ECHO 73","niveau":"Initiation, Scolaire","specialite":"CO à pied","contacts":"CDCO 73, cdco73@free.fr, https://sites.google.com/site/cdco73/home","latitude":"45.55844","longitude":"5.96339","date_saisie":"19/07/2013","date_depot":"30/07/2010","valide":"Oui","ppo":"Non","type_carte":"Reprise","base":"2024-D73-32 LA RAVOIRE","fond":"Ortho","obsolete":false}},{"type":"Feature","geometry":{"type":"Polygon","coordinates":[[[6.9816,45.3176],[6.9837,45.3195],[6.9866,45.321],[6.9894,45.3214],[6.9917,45.3221],[6.993,45.3229],[6.9934,45.3235],[6.9939,45.3243],[6.9949,45.3252],[6.9963,45.3256],[6.9973,45.3269],[6.9978,45.3281],[6.9991,45.3289],[7.0018,45.3297],[7.004,45.3306],[7.0055,45.3307],[7.0073,45.3304],[7.0084,45.3307],[7.0091,45.3306],[7.0097,45.3323],[7.01,45.3326],[7.0117,45.3321],[7.0122,45.3318],[7.0139,45.3316],[7.0152,45.3313],[7.0156,45.3328],[7.0159,45.3338],[7.0163,45.335],[7.0171,45.3355],[7.0192,45.3373],[7.0228,45.3407],[7.0259,45.3454],[7.0286,45.3478],[7.0308,45.3473],[7.0304,45.3426],[7.0299,45.3386],[7.0273,45.3342],[7.0257,45.3324],[7.025,45.3299],[7.0239,45.3283],[7.0231,45.326],[7.0241,45.323],[7.0252,45.3218],[7.0225,45.3201],[7.021,45.322],[7.0195,45.3237],[7.0178,45.3242],[7.0154,45.3242],[7.0115,45.3225],[7.0083,45.3207],[7.0055,45.3191],[7.0013,45.3165],[6.9974,45.3143],[6.9957,45.3132],[6.9934,45.3118],[6.9919,45.3111],[6.9906,45.3106],[6.9894,45.3113],[6.9882,45.3129],[6.9869,45.3138],[6.9845,45.3148],[6.983,45.3156],[6.9818,45.3165],[6.9811,45.3174],[6.9816,45.3176],[6.9816,45.3176]]]},"properties":{"id_ffco":"2022-D73-31","nom":"PLAINE DE BESSANS","_dept":"73","numero":"2022-D73-31","commune":"BESSANS","echelle":"1/15000","surface":"4.74 km²","format":"A4","annee":"2022","cartographes":"ASTRADE Laurent","proprietaire":"7305 - ESPACE CHAMBERY ORIENTATION 73 - ECHO 73","niveau":"National, International","specialite":"CO à ski","contacts":"CDCO 73, cdco73@free.fr, https://sites.google.com/site/cdco73/home","latitude":"45.32921","longitude":"7.00594","date_saisie":"19/07/2013","date_depot":"30/07/2010","valide":"Oui","ppo":"Non","type_carte":"Reprise","base":"2022-D73-31 PLAINE DE BESSANS","fond":"Ortho","obsolete":false}},{"type":"Feature","geometry":{"type":"Polygon","coordinates":[[[6.0162,45.7399],[6.0165,45.74],[6.0171,45.7401],[6.0174,45.7409],[6.0175,45.7415],[6.0177,45.7424],[6.0179,45.7431],[6.0181,45.7439],[6.0181,45.7444],[6.0181,45.7448],[6.0182,45.7456],[6.0172,45.7465],[6.0179,45.7474],[6.0174,45.7477],[6.0174,45.7478],[6.0179,45.7482],[6.0183,45.7481],[6.0184,45.7484],[6.0183,45.7487],[6.0186,45.7487],[6.0187,45.7488],[6.0188,45.7494],[6.0189,45.7501],[6.0194,45.7507],[6.0202,45.7515],[6.0202,45.7521],[6.0201,45.7525],[6.0205,45.7526],[6.021,45.7525],[6.0219,45.7521],[6.0221,45.7522],[6.0225,45.7531],[6.025,45.7531],[6.0275,45.7531],[6.0285,45.7534],[6.0292,45.7535],[6.0296,45.7535],[6.0299,45.7538],[6.0319,45.7527],[6.0334,45.7522],[6.0339,45.7517],[6.034,45.7513],[6.0341,45.7512],[6.0345,45.7501],[6.0346,45.7497],[6.0351,45.7492],[6.0353,45.7487],[6.0354,45.7483],[6.0349,45.7479],[6.0343,45.7474],[6.0336,45.747],[6.033,45.7467],[6.0315,45.7463],[6.0305,45.7463],[6.0303,45.7461],[6.0303,45.7457],[6.0303,45.7455],[6.0303,45.7446],[6.0307,45.744],[6.0309,45.7435],[6.0308,45.7421],[6.0307,45.7418],[6.0301,45.7414],[6.0294,45.741],[6.0289,45.7403],[6.0282,45.7396],[6.0274,45.7392],[6.0259,45.7387],[6.0247,45.7384],[6.0229,45.7389],[6.0222,45.7386],[6.0202,45.7377],[6.0185,45.7376],[6.0178,45.7376],[6.0175,45.7379],[6.0167,45.7384],[6.0159,45.7389],[6.0157,45.7394],[6.0162,45.7399],[6.0162,45.7399]]]},"properties":{"id_ffco":"2007-D73-30","nom":"LA PIERRE FENDUE","_dept":"73","numero":"2007-D73-30","commune":"SAINT-OFFENGE-DESSOUS","echelle":"1/7500","surface":"1.74 km²","format":"A4","annee":"2007","cartographes":"HABERKORN Bruno","proprietaire":"7305 - ESPACE CHAMBERY ORIENTATION 73 - ECHO 73","niveau":"Régional","specialite":"CO à pied","contacts":"CDCO 73, cdco73@free.fr, https://sites.google.com/site/cdco73/home","latitude":"45.7457","longitude":"6.02556","date_saisie":"19/07/2013","date_depot":"30/07/2010","valide":"Oui","ppo":"Non","type_carte":"Nouvelle carte","fond":"Ortho","obsolete":false}},{"type":"Feature","geometry":{"type":"Polygon","coordinates":[[[5.8761,45.6484],[5.8729,45.6462],[5.876,45.6446],[5.8767,45.6437],[5.876,45.6406],[5.8768,45.6385],[5.8717,45.6379],[5.8699,45.6383],[5.8648,45.6418],[5.8631,45.6431],[5.8626,45.6432],[5.865,45.6485],[5.8715,45.6483],[5.8746,45.6483],[5.8761,45.6484],[5.8761,45.6484]]]},"properties":{"id_ffco":"2019-D73-27","nom":"SAVOIE TECHNOLAC","_dept":"73","numero":"2019-D73-27","commune":"LE BOURGET-DU-LAC","echelle":"1/4000","surface":"0.94 km²","format":"A4","annee":"2019","cartographes":"DECHAVANNE Franck","proprietaire":"7305 - ESPACE CHAMBERY ORIENTATION 73 - ECHO 73","niveau":"Régional","specialite":"CO à pied","contacts":"CDCO 73, cdco73@free.fr, https://sites.google.com/site/cdco73/home","latitude":"45.64318","longitude":"5.86967","date_saisie":"19/07/2013","date_depot":"01/02/2017","valide":"Oui","ppo":"Non","type_carte":"Reprise","base":"2019-D73-27 SAVOIE TECHNOLAC","fond":"Ortho","obsolete":false}},{"type":"Feature","geometry":{"type":"Polygon","coordinates":[[[6.48,45.1813],[6.4801,45.1839],[6.4793,45.1847],[6.4791,45.1872],[6.48,45.1938],[6.4839,45.1937],[6.4835,45.1926],[6.483,45.1908],[6.4835,45.1878],[6.4858,45.1844],[6.4824,45.1817],[6.48,45.1813]]]},"properties":{"id_ffco":"2025-D73-260","nom":"VALMEINIER STATION","_dept":"73","numero":"2025-D73-260","commune":"Valmeinier","echelle":"1/4000","surface":"0.45 km²","format":"A4","annee":"2025","cartographes":"Franck Dechavanne","proprietaire":"73 - Savoie","niveau":"Initiation, Scolaire","specialite":"CO à pied","contacts":"CDCO73","latitude":"45.1873829845","longitude":"6.48178545742","date_saisie":"05/11/2025","date_depot":"22/01/2026","valide":"Oui","ppo":"Oui (8 postes)","type_carte":"Nouvelle carte","fond":"Laser","obsolete":false}},{"type":"Feature","geometry":{"type":"Polygon","coordinates":[[[5.9442,45.672],[5.9445,45.674],[5.9459,45.6754],[5.9462,45.6787],[5.9464,45.679],[5.948,45.679],[5.9487,45.6796],[5.95,45.6799],[5.9517,45.6799],[5.953,45.6785],[5.9536,45.6777],[5.9552,45.6773],[5.9568,45.6755],[5.9569,45.6745],[5.9552,45.6727],[5.9549,45.6703],[5.9546,45.6682],[5.9555,45.6665],[5.9564,45.6638],[5.9572,45.6617],[5.9563,45.6588],[5.9552,45.6556],[5.9549,45.6527],[5.9545,45.6498],[5.9414,45.6513],[5.942,45.6558],[5.9418,45.657],[5.941,45.6594],[5.9426,45.6624],[5.9423,45.6629],[5.9428,45.6669],[5.9436,45.6675],[5.9442,45.672]]]},"properties":{"id_ffco":"2022-D73-26","nom":"LA PARCHALE","_dept":"73","numero":"2022-D73-26","commune":"DRUMETTAZ-CLARAFOND","echelle":"1/7500","surface":"3.1 km²","format":"A3","annee":"2022","cartographes":"DECHAVANNE Franck","proprietaire":"7305 - ESPACE CHAMBERY ORIENTATION 73 - ECHO 73","niveau":"Régional","specialite":"CO à pied","contacts":"CDCO 73, cdco73@free.fr, https://sites.google.com/site/cdco73/home","latitude":"45.66482","longitude":"5.9491","date_saisie":"19/07/2013","date_depot":"27/11/2015","valide":"Oui","ppo":"Non","type_carte":"Reprise","base":"2022-D73-26 LA PARCHALE","fond":"Ortho","obsolete":false}},{"type":"Feature","geometry":{"type":"Polygon","coordinates":[[[6.4956,45.1691],[6.4955,45.1679],[6.4929,45.1664],[6.4909,45.1662],[6.4902,45.168],[6.4879,45.169],[6.4878,45.1701],[6.4863,45.1722],[6.4896,45.1727],[6.4938,45.1699],[6.4956,45.1691]]]},"properties":{"id_ffco":"2025-D73-259","nom":"VALMEINIER LES LIERES","_dept":"73","numero":"2025-D73-259","commune":"Valmeinier","echelle":"1/4000","surface":"0.28 km²","format":"A4","annee":"2025","cartographes":"Franck Dechavanne","proprietaire":"73 - Savoie","niveau":"Initiation, Scolaire","specialite":"CO à pied","contacts":"CDCO73","latitude":"45.1694570972","longitude":"6.49105662069","date_saisie":"05/11/2025","date_depot":"22/01/2026","valide":"Oui","ppo":"Oui (12 postes)","type_carte":"Nouvelle carte","fond":"Laser","obsolete":false}},{"type":"Feature","geometry":{"type":"Polygon","coordinates":[[[6.3948,45.6683],[6.3953,45.6692],[6.3976,45.6689],[6.3974,45.6677],[6.396,45.6679],[6.3948,45.6683]]]},"properties":{"id_ffco":"2025-D73-258","nom":"STADE MUNICIPAL ALBERTVILLE","_dept":"73","numero":"2025-D73-258","commune":"Albertville","echelle":"1/1000","surface":"0.03 km²","format":"A4","annee":"2025","cartographes":"Laurent Fiorina","proprietaire":"73 - Savoie","niveau":"Initiation, Scolaire","specialite":"CO à pied","contacts":"CDCO73","latitude":"45.6684588554","longitude":"6.39631145219","date_saisie":"24/09/2025","date_depot":"27/01/2026","valide":"Oui","ppo":"Non","type_carte":"Nouvelle carte","fond":"Ortho","obsolete":false}},{"type":"Feature","geometry":{"type":"Polygon","coordinates":[[[5.8514,45.6774],[5.8455,45.6734],[5.8456,45.671],[5.8437,45.6685],[5.8425,45.6668],[5.8398,45.6633],[5.833,45.6633],[5.8309,45.6611],[5.8326,45.6601],[5.8306,45.6556],[5.8301,45.6504],[5.8302,45.644],[5.8313,45.6425],[5.832,45.6379],[5.8313,45.6347],[5.8305,45.6334],[5.8302,45.6313],[5.8312,45.6278],[5.8316,45.6242],[5.8335,45.6209],[5.8355,45.6178],[5.8359,45.6156],[5.836,45.6131],[5.8371,45.6121],[5.8418,45.6128],[5.8434,45.6107],[5.8455,45.6112],[5.8476,45.611],[5.8484,45.6103],[5.8491,45.611],[5.8522,45.6098],[5.8526,45.6103],[5.8551,45.6097],[5.86,45.6094],[5.8615,45.6156],[5.8617,45.621],[5.8634,45.6247],[5.8631,45.6274],[5.8635,45.6361],[5.8635,45.64],[5.8635,45.6426],[5.8611,45.6467],[5.8604,45.6499],[5.8594,45.6536],[5.859,45.6551],[5.8561,45.6596],[5.855,45.6639],[5.8545,45.6659],[5.8554,45.6694],[5.8549,45.6723],[5.8538,45.6743],[5.8536,45.6761],[5.8525,45.677],[5.8514,45.6774]]]},"properties":{"id_ffco":"2025-D73-256","nom":"SUR St-ALBAN - Le Bourget du Lac","_dept":"73","numero":"2025-D73-256","commune":"Le Bourget-du-Lac","echelle":"1/15000","surface":"14.49 km²","format":"A3","annee":"2025","cartographes":"CORTITA Marian","proprietaire":"73 - Savoie","niveau":"Régional","specialite":"CO à pied","contacts":"CDCO73","latitude":"45.6396047222","longitude":"5.84696148347","date_saisie":"17/09/2025","date_depot":"22/01/2026","valide":"Oui","ppo":"Non","type_carte":"Nouvelle carte","fond":"Laser","obsolete":false}},{"type":"Feature","geometry":{"type":"Polygon","coordinates":[[[5.8034,45.5381],[5.8027,45.5363],[5.8004,45.5352],[5.7997,45.5332],[5.8009,45.5314],[5.7994,45.5293],[5.7984,45.5269],[5.8003,45.5241],[5.8038,45.5205],[5.8072,45.5218],[5.8109,45.5248],[5.8154,45.5286],[5.817,45.5306],[5.8184,45.5314],[5.8203,45.5347],[5.8207,45.5368],[5.8179,45.5372],[5.814,45.5366],[5.8114,45.5368],[5.8086,45.5379],[5.8052,45.5382],[5.8034,45.5381]]]},"properties":{"id_ffco":"2025-D73-255","nom":"LA MONTAGNE","_dept":"73","numero":"2025-D73-255","commune":"Lépin-le-Lac","echelle":"1/10000","surface":"2.09 km²","format":"A4","annee":"2025","cartographes":"CORTITA Marian","proprietaire":"73 - Savoie","niveau":"Régional","specialite":"CO à pied","contacts":"CDCO73","latitude":"45.5305764155","longitude":"5.80823142445","date_saisie":"16/09/2025","valide":"Non","ppo":"Non","type_carte":"Nouvelle carte","fond":"Laser","obsolete":false}},{"type":"Feature","geometry":{"type":"Polygon","coordinates":[[[6.5095,45.8143],[6.5112,45.8151],[6.5135,45.8153],[6.5152,45.8161],[6.5153,45.8175],[6.5157,45.8182],[6.5168,45.8183],[6.5182,45.8185],[6.5172,45.8201],[6.5144,45.8208],[6.512,45.8221],[6.51,45.8211],[6.5111,45.8201],[6.5122,45.8192],[6.5119,45.8182],[6.5103,45.8177],[6.5101,45.8168],[6.5095,45.8158],[6.5095,45.815],[6.5095,45.8143]]]},"properties":{"id_ffco":"2025-D73-253","nom":"FLUMET","_dept":"73","numero":"2025-D73-253","commune":"Flumet","echelle":"1/3500","surface":"0.28 km²","format":"A4","annee":"2025","cartographes":"Astrade Laurent","proprietaire":"73 - Savoie","niveau":"Départemental","specialite":"Sprint (ISSOM)","contacts":"CDCO73","latitude":"45.8182744553","longitude":"6.51322941696","date_saisie":"16/09/2025","date_depot":"27/01/2026","valide":"Oui","ppo":"Non","type_carte":"Nouvelle carte","fond":"Ortho","obsolete":false}},{"type":"Feature","geometry":{"type":"Polygon","coordinates":[[[6.8194,45.222],[6.8153,45.2207],[6.8123,45.22],[6.808,45.222],[6.8042,45.2229],[6.8004,45.2204],[6.8017,45.2176],[6.8052,45.2145],[6.8058,45.2125],[6.8079,45.2125],[6.8106,45.2116],[6.8158,45.213],[6.822,45.2093],[6.8293,45.2075],[6.8312,45.2052],[6.8315,45.2029],[6.8317,45.2009],[6.8365,45.2027],[6.8425,45.2026],[6.847,45.2027],[6.8501,45.207],[6.8474,45.2083],[6.8365,45.2097],[6.8302,45.2117],[6.8249,45.2143],[6.8221,45.2155],[6.8232,45.2162],[6.8211,45.219],[6.8208,45.221],[6.8194,45.222]]]},"properties":{"id_ffco":"2025-D73-252","nom":"VAL D'AMBIN","_dept":"73","numero":"2025-D73-252","commune":"Val Cenis","echelle":"1/10000","surface":"3.06 km²","format":"A3","annee":"2025","cartographes":"CORTITA Marian","proprietaire":"73 - Savoie","niveau":"Régional","specialite":"CO à pied","contacts":"CDCO73","latitude":"45.2122217932","longitude":"6.8236490563","date_saisie":"15/02/2025","date_depot":"19/06/2025","valide":"Oui","ppo":"Oui (10 postes)","type_carte":"Nouvelle carte","fond":"Laser","obsolete":false}},{"type":"Feature","geometry":{"type":"Polygon","coordinates":[[[6.2587,45.3232],[6.2519,45.3237],[6.2479,45.3211],[6.2427,45.3219],[6.2408,45.3194],[6.2423,45.3168],[6.2447,45.314],[6.2471,45.3127],[6.2435,45.3102],[6.2397,45.3089],[6.2384,45.3072],[6.238,45.3045],[6.2432,45.3008],[6.2501,45.303],[6.2536,45.3049],[6.255,45.3063],[6.2545,45.3092],[6.2555,45.3126],[6.2577,45.3137],[6.2632,45.317],[6.2635,45.3204],[6.2632,45.3221],[6.2606,45.3227],[6.2587,45.3232]]]},"properties":{"id_ffco":"2025-D73-251","nom":"St-ALBAN-DES-VILLARDS","_dept":"73","numero":"2025-D73-251","commune":"St-Alban-des-Villards","echelle":"1/10000","surface":"2.86 km²","format":"A4","annee":"2025","cartographes":"CORTITA Marian","proprietaire":"73 - Savoie","niveau":"Régional","specialite":"CO à pied","contacts":"CDCO73","latitude":"45.3133885499","longitude":"6.25019033257","date_saisie":"15/02/2025","date_depot":"19/06/2025","valide":"Oui","ppo":"Oui (15 postes)","type_carte":"Nouvelle carte","fond":"Laser","obsolete":false}},{"type":"Feature","geometry":{"type":"Polygon","coordinates":[[[6.1023,45.4529],[6.099,45.452],[6.0966,45.4486],[6.0991,45.4473],[6.1044,45.4503],[6.1061,45.4516],[6.1053,45.4527],[6.1024,45.453],[6.1023,45.4529]]]},"properties":{"id_ffco":"2016-D73-25","nom":"LAC SAINT CLAIR","_dept":"73","numero":"2016-D73-25","commune":"DETRIER","echelle":"1/5000","surface":"0.25 km²","format":"A4","annee":"2016","cartographes":"BARTHELEMY Mattieu","proprietaire":"7309 - COURSE D'ORIENTATION COEUR DE SAVOIE","niveau":"O+","specialite":"CO à pied","contacts":"BIEN VIVRE en VAL GELON, 04 79 65 68 42, bienvivre@valgelon.com, http://www.bienvivre.valgelon.com/","latitude":"45.45013","longitude":"6.10134","date_saisie":"19/07/2013","date_depot":"27/11/2015","valide":"Oui","ppo":"Non","type_carte":"Reprise","base":"2016-D73-25 LAC SAINT CLAIR","fond":"Ortho","obsolete":false}},{"type":"Feature","geometry":{"type":"Polygon","coordinates":[[[6.4799,45.1819],[6.4751,45.1788],[6.4692,45.179],[6.4664,45.1797],[6.4599,45.1801],[6.455,45.1799],[6.4505,45.1786],[6.4469,45.1772],[6.445,45.1779],[6.4463,45.1811],[6.446,45.1832],[6.4477,45.1884],[6.4511,45.1895],[6.4559,45.1905],[6.4603,45.1904],[6.4674,45.188],[6.4716,45.1857],[6.4777,45.1832],[6.4799,45.1819]]]},"properties":{"id_ffco":"2025-D73-248","nom":"VALMEINIER LE BESSEL","_dept":"73","numero":"2025-D73-248","commune":"Valmeinier","echelle":"1/10000","surface":"2.48 km²","format":"A4","annee":"2025","cartographes":"Franck Dechavanne","proprietaire":"73 - Savoie","niveau":"Régional","specialite":"CO à pied","contacts":"CDCO73","latitude":"45.1838820708","longitude":"6.4601931108","date_saisie":"05/11/2025","date_depot":"22/01/2026","valide":"Oui","ppo":"Non","type_carte":"Nouvelle carte","fond":"Laser","obsolete":false}},{"type":"Feature","geometry":{"type":"Polygon","coordinates":[[[6.6803,45.6098],[6.6757,45.6099],[6.6731,45.6067],[6.6713,45.6028],[6.6689,45.6003],[6.6672,45.5969],[6.6668,45.5951],[6.6625,45.5929],[6.659,45.5922],[6.6559,45.5921],[6.6551,45.5886],[6.6576,45.5864],[6.6602,45.5848],[6.6609,45.5833],[6.6607,45.5823],[6.6619,45.5805],[6.6627,45.5789],[6.6652,45.5773],[6.6662,45.5755],[6.6689,45.5769],[6.6725,45.5764],[6.6767,45.5768],[6.6856,45.5795],[6.6887,45.5824],[6.6888,45.5849],[6.6859,45.5857],[6.684,45.5888],[6.6779,45.5921],[6.6774,45.5962],[6.6761,45.5997],[6.6769,45.6025],[6.6795,45.6081],[6.6803,45.6098]]]},"properties":{"id_ffco":"2024-D73-247","nom":"LES PARS","_dept":"73","numero":"2024-D73-247","commune":"La Plagne Tarentaise","echelle":"1/10000","surface":"4.62 km²","format":"A3","annee":"2024","cartographes":"DECHAVANNE Franck","proprietaire":"73 - Savoie","niveau":"Départemental","specialite":"CO à pied","contacts":"CDCO73","latitude":"45.5886770317","longitude":"6.67220465404","date_saisie":"08/12/2024","date_depot":"18/03/2025","valide":"Oui","ppo":"Non","type_carte":"Nouvelle carte","fond":"Laser","obsolete":false}},{"type":"Feature","geometry":{"type":"Polygon","coordinates":[[[6.4061,45.7192],[6.4078,45.7189],[6.4086,45.7205],[6.4101,45.7221],[6.4082,45.723],[6.4069,45.7217],[6.4062,45.7202],[6.4061,45.7192]]]},"properties":{"id_ffco":"2024-D73-246","nom":"LAC DE MARTHOD","_dept":"73","numero":"2024-D73-246","commune":"Marthod","echelle":"1/1500","surface":"0.07 km²","format":"A4","annee":"2024","cartographes":"ASTRADE Laurent","proprietaire":"73 - Savoie","niveau":"Initiation, Scolaire","specialite":"CO à pied","contacts":"CDCO73","latitude":"45.7209536993","longitude":"6.40784614936","date_saisie":"14/08/2024","date_depot":"11/12/2024","valide":"Oui","ppo":"Non","type_carte":"Nouvelle carte","fond":"Ortho","obsolete":false}},{"type":"Feature","geometry":{"type":"Polygon","coordinates":[[[6.6621,45.5574],[6.6625,45.5568],[6.6641,45.5571],[6.6656,45.5579],[6.6665,45.5589],[6.6656,45.5594],[6.6642,45.5587],[6.663,45.5579],[6.6621,45.5574]]]},"properties":{"id_ffco":"2024-D73-245","nom":"STADE DE LA MALADIERE","_dept":"73","numero":"2024-D73-245","commune":"Aime-la-Plagne","echelle":"1/1500","surface":"0.04 km²","format":"A4","annee":"2024","cartographes":"ASTRADE Laurent","proprietaire":"73 - Savoie","niveau":"Initiation, Scolaire","specialite":"CO à pied","contacts":"CDCO73","latitude":"45.5580148478","longitude":"6.66434296185","date_saisie":"14/08/2024","date_depot":"11/12/2024","valide":"Oui","ppo":"Non","type_carte":"Nouvelle carte","fond":"Ortho","obsolete":false}},{"type":"Feature","geometry":{"type":"Polygon","coordinates":[[[6.5297,45.4696],[6.5304,45.4693],[6.5308,45.4693],[6.5311,45.47],[6.5308,45.4704],[6.5306,45.4711],[6.5303,45.4709],[6.5302,45.4704],[6.5299,45.47],[6.5297,45.4696]]]},"properties":{"id_ffco":"2024-D73-244","nom":"ECOLE PRIMAIRE DU ROC","_dept":"73","numero":"2024-D73-244","commune":"Salins","echelle":"1/500","surface":"0.01 km²","format":"A4","annee":"2024","cartographes":"ASTRADE Laurent","proprietaire":"73 - Savoie","niveau":"Initiation, Scolaire","specialite":"CO à pied","contacts":"CDCO73","latitude":"45.4700183925","longitude":"6.53047394112","date_saisie":"14/08/2024","date_depot":"11/12/2024","valide":"Oui","ppo":"Non","type_carte":"Nouvelle carte","fond":"Ortho","obsolete":false}},{"type":"Feature","geometry":{"type":"Polygon","coordinates":[[[5.968,45.5705],[5.9686,45.5708],[5.9694,45.5698],[5.9688,45.5696],[5.968,45.5705]]]},"properties":{"id_ffco":"2024-D73-243","nom":"ECOLES MATERNELLE ET PRIMAIRE LA FEJAZ","_dept":"73","numero":"2024-D73-243","commune":"la Ravoire","echelle":"1/600","surface":"0.01 km²","format":"A4","annee":"2024","cartographes":"Bassieux Pierre-Emmanuel","proprietaire":"73 - Savoie","niveau":"Initiation, Scolaire","specialite":"CO à pied","contacts":"CDCO73","latitude":"45.5701771846","longitude":"5.96872820391","date_saisie":"14/08/2024","date_depot":"11/12/2024","valide":"Oui","ppo":"Non","type_carte":"Nouvelle carte","fond":"Ortho","obsolete":false}},{"type":"Feature","geometry":{"type":"Polygon","coordinates":[[[6.1761,45.5627],[6.1752,45.5611],[6.1727,45.5599],[6.1749,45.5567],[6.1673,45.5548],[6.1661,45.5559],[6.1621,45.5581],[6.1576,45.5563],[6.1522,45.5562],[6.1517,45.5583],[6.1505,45.5605],[6.1503,45.5619],[6.1496,45.5632],[6.1497,45.5644],[6.1504,45.5679],[6.1515,45.5698],[6.1537,45.5735],[6.1596,45.5741],[6.164,45.5739],[6.1665,45.57],[6.1761,45.5627]]]},"properties":{"id_ffco":"2024-D73-242","nom":"DE St-PIERRE D'ALBIGNY AU LAC DE CAROUGE","_dept":"73","numero":"2024-D73-242","commune":"St-Pierre-d'Albigny","echelle":"1/7500","surface":"3.03 km²","format":"A3","annee":"2024","cartographes":"BARTHELEMY Matthieu","proprietaire":"73 - Savoie","niveau":"Départemental","specialite":"CO à pied","contacts":"CDCO73","latitude":"45.5641086607","longitude":"6.16154361815","date_saisie":"14/08/2024","date_depot":"02/01/2025","valide":"Oui","ppo":"Non","type_carte":"Nouvelle carte","fond":"Ortho","obsolete":false}},{"type":"Feature","geometry":{"type":"Polygon","coordinates":[[[5.8867,45.6053],[5.8808,45.6029],[5.8748,45.6025],[5.8669,45.6043],[5.8653,45.6064],[5.8603,45.6073],[5.8592,45.6089],[5.8606,45.6156],[5.8608,45.6212],[5.8624,45.6242],[5.8733,45.626],[5.8774,45.6218],[5.8812,45.6181],[5.8835,45.6166],[5.8837,45.6145],[5.8839,45.6115],[5.8867,45.6053]]]},"properties":{"id_ffco":"2024-D73-241","nom":"LES MARAIS La Motte Servolex","_dept":"73","numero":"2024-D73-241","commune":"La Motte Servolex","echelle":"1/10000","surface":"3.94 km²","format":"A4","annee":"2024","cartographes":"BARTHELEMY Matthieu","proprietaire":"73 - Savoie","niveau":"Initiation, Scolaire","specialite":"CO à pied","contacts":"CDCO73","latitude":"45.6134323959","longitude":"5.87212061813","date_saisie":"14/08/2024","date_depot":"11/12/2024","valide":"Oui","ppo":"Oui (12 postes)","type_carte":"Nouvelle carte","fond":"Laser","obsolete":false}},{"type":"Feature","geometry":{"type":"Polygon","coordinates":[[[5.9615,45.5618],[5.9622,45.5615],[5.963,45.5613],[5.9628,45.561],[5.9623,45.5607],[5.9616,45.5609],[5.9611,45.5612],[5.9612,45.5615],[5.9615,45.5618]]]},"properties":{"id_ffco":"2023-D73-240","nom":"GROUPE SCOLAIRE PRE HIBOU","_dept":"73","numero":"2023-D73-240","commune":"la Ravoire","echelle":"1/750","surface":"0.01 km²","format":"A4","annee":"2023","cartographes":"BOUCHET Charlotte","proprietaire":"73 - Savoie","niveau":"Initiation, Scolaire","specialite":"CO à pied","contacts":"CDCO73","latitude":"45.5611991538","longitude":"5.9619611285","date_saisie":"14/08/2024","date_depot":"11/12/2024","valide":"Oui","ppo":"Non","type_carte":"Nouvelle carte","fond":"Ortho","obsolete":false}},{"type":"Feature","geometry":{"type":"Polygon","coordinates":[[[6.3985,45.6734],[6.3994,45.6727],[6.4004,45.6729],[6.4005,45.6725],[6.3991,45.6722],[6.3977,45.6701],[6.3996,45.6697],[6.4008,45.6697],[6.4023,45.669],[6.4051,45.6701],[6.4066,45.6707],[6.4088,45.671],[6.4097,45.6703],[6.4126,45.6698],[6.4166,45.6693],[6.4172,45.6716],[6.4156,45.6737],[6.4152,45.6757],[6.4158,45.677],[6.4136,45.6815],[6.4106,45.6829],[6.4094,45.6846],[6.4076,45.6832],[6.406,45.6856],[6.4042,45.6855],[6.4023,45.6846],[6.3999,45.6827],[6.3993,45.6815],[6.4,45.6792],[6.3982,45.6777],[6.3974,45.6764],[6.3981,45.6749],[6.3985,45.6734]]]},"properties":{"id_ffco":"2023-D73-239","nom":"FARETTE","_dept":"73","numero":"2023-D73-239","commune":"Albertville","echelle":"1/7500","surface":"1.98 km²","format":"A4","annee":"2023","cartographes":"ROUX Corentin","proprietaire":"73 - Savoie","niveau":"Départemental","specialite":"CO à pied","contacts":"CDCO73","latitude":"45.6765505089","longitude":"6.40689533741","date_saisie":"14/08/2024","date_depot":"11/12/2024","valide":"Oui","ppo":"Non","type_carte":"Nouvelle carte","fond":"Ortho","obsolete":false}},{"type":"Feature","geometry":{"type":"Polygon","coordinates":[[[5.8708,45.591],[5.8694,45.5895],[5.8696,45.5883],[5.8692,45.5873],[5.8692,45.5863],[5.8688,45.5854],[5.8702,45.5854],[5.8706,45.5862],[5.8706,45.5881],[5.8705,45.5884],[5.8712,45.5895],[5.8717,45.5897],[5.8715,45.5907],[5.8708,45.591]]]},"properties":{"id_ffco":"2024-D73-238","nom":"BRUYANT","_dept":"73","numero":"2024-D73-238","commune":"La Motte Servolex","echelle":"1/2500","surface":"0.06 km²","format":"A4","annee":"2024","cartographes":"Bassieux Pierre-Emmanuel","proprietaire":"73 - Savoie","niveau":"Initiation, Scolaire","specialite":"CO à pied","contacts":"CDCO73","latitude":"45.5881270284","longitude":"5.87017022867","date_saisie":"14/08/2024","date_depot":"11/12/2024","valide":"Oui","ppo":"Oui (17 postes)","type_carte":"Nouvelle carte","fond":"Ortho","obsolete":false}},{"type":"Feature","geometry":{"type":"Polygon","coordinates":[[[5.929,45.7237],[5.9263,45.7227],[5.9263,45.7222],[5.9274,45.7204],[5.9294,45.7207],[5.9304,45.7206],[5.9306,45.7211],[5.9331,45.7206],[5.9333,45.7221],[5.9338,45.7233],[5.9315,45.7245],[5.9293,45.7241],[5.929,45.7237]]]},"properties":{"id_ffco":"2023-D73-237","nom":"L'EUROPE","_dept":"73","numero":"2023-D73-237","commune":"Grésy-sur-Aix","echelle":"1/2500","surface":"0.18 km²","format":"A4","annee":"2023","cartographes":"ASTRADE Laurent","proprietaire":"73 - Savoie","niveau":"Initiation, Scolaire","specialite":"CO à pied","contacts":"CDCO73","latitude":"45.7223350963","longitude":"5.93019511818","date_saisie":"14/08/2024","date_depot":"11/12/2024","valide":"Oui","ppo":"Non","type_carte":"Nouvelle carte","fond":"Ortho","obsolete":false}},{"type":"Feature","geometry":{"type":"Polygon","coordinates":[[[5.8709,45.5962],[5.8707,45.5955],[5.8711,45.5954],[5.8711,45.5951],[5.872,45.5952],[5.8726,45.5953],[5.8727,45.5954],[5.8724,45.5958],[5.8722,45.5962],[5.8719,45.5961],[5.8716,45.5963],[5.8709,45.5962]]]},"properties":{"id_ffco":"2023-D73-236","nom":"PARC HENRY DUNANT","_dept":"73","numero":"2023-D73-236","commune":"La Motte Servolex","echelle":"1/750","surface":"0.01 km²","format":"A4","annee":"2023","cartographes":"Bassieux Pierre-Emmanuel","proprietaire":"73 - Savoie","niveau":"Initiation, Scolaire","specialite":"CO à pied","contacts":"CDCO73","latitude":"45.5956729548","longitude":"5.87166492421","date_saisie":"14/08/2024","date_depot":"11/12/2024","valide":"Oui","ppo":"Oui (21 postes)","type_carte":"Nouvelle carte","fond":"Ortho","obsolete":false}},{"type":"Feature","geometry":{"type":"Polygon","coordinates":[[[6.5984,45.5385],[6.5965,45.5382],[6.5936,45.5352],[6.5884,45.5304],[6.5896,45.5289],[6.5931,45.529],[6.5964,45.53],[6.601,45.5331],[6.6024,45.5349],[6.6032,45.537],[6.6013,45.5387],[6.5984,45.5385]]]},"properties":{"id_ffco":"2022-D73-235","nom":"CENTRON VILLAGE","_dept":"73","numero":"2022-D73-235","commune":"Centron","echelle":"1/5000","surface":"0.68 km²","format":"A4","annee":"2022","cartographes":"Franck Dechavanne","proprietaire":"73 - Savoie","niveau":"Initiation, Scolaire","specialite":"CO à pied","contacts":"CDCO73","latitude":"45.533708143","longitude":"6.59629199595","date_saisie":"06/09/2023","date_depot":"06/02/2024","valide":"Oui","ppo":"Non","type_carte":"Nouvelle carte","fond":"Ortho","obsolete":false}},{"type":"Feature","geometry":{"type":"Polygon","coordinates":[[[6.0531,45.5022],[6.0527,45.5009],[6.0542,45.4997],[6.0562,45.4989],[6.0582,45.4991],[6.0591,45.5001],[6.0573,45.5019],[6.0551,45.5022],[6.0531,45.5022]]]},"properties":{"id_ffco":"2023-D73-234","nom":"MONTMELIAN FORT","_dept":"73","numero":"2023-D73-234","commune":"Montmélian","echelle":"1/2000","surface":"0.12 km²","format":"A4","annee":"2023","cartographes":"Silvestre Eric","proprietaire":"73 - Savoie","niveau":"Initiation, Scolaire","specialite":"CO à pied","contacts":"CDCO73","latitude":"45.5006203865","longitude":"6.0558263761","date_saisie":"25/08/2023","date_depot":"06/02/2024","valide":"Oui","ppo":"Non","type_carte":"Nouvelle carte","fond":"Ortho","obsolete":false}},{"type":"Feature","geometry":{"type":"Polygon","coordinates":[[[5.8777,45.5971],[5.8774,45.5976],[5.8768,45.5977],[5.8766,45.5989],[5.8769,45.5993],[5.8782,45.5992],[5.8798,45.5994],[5.8812,45.5987],[5.8805,45.5975],[5.8781,45.5967],[5.8777,45.5971]]]},"properties":{"id_ffco":"2023-D73-233","nom":"VILLA MARIE JOSEPHINE","_dept":"73","numero":"2023-D73-233","commune":"La Motte Servolex","echelle":"1/1500","surface":"0.07 km²","format":"A4","annee":"2023","cartographes":"Bassieux Pierre-Emmanuel","proprietaire":"73 - Savoie","niveau":"Initiation, Scolaire","specialite":"CO à pied","contacts":"CDCO73","latitude":"45.5982107516","longitude":"5.8787538227","date_saisie":"14/08/2024","date_depot":"11/12/2024","valide":"Oui","ppo":"Non","type_carte":"Nouvelle carte","fond":"Ortho","obsolete":false}},{"type":"Feature","geometry":{"type":"Polygon","coordinates":[[[5.8679,45.6026],[5.8672,45.6017],[5.8671,45.6011],[5.8669,45.5996],[5.8679,45.5996],[5.8686,45.5995],[5.869,45.5994],[5.8702,45.6018],[5.8693,45.6024],[5.8685,45.6026],[5.8679,45.6026]]]},"properties":{"id_ffco":"2023-D73-232","nom":"COLLEGE GEORGES SAND","_dept":"73","numero":"2023-D73-232","commune":"La Motte Servolex","echelle":"1/1500","surface":"0.06 km²","format":"A4","annee":"2023","cartographes":"Bassieux Pierre-Emmanuel","proprietaire":"73 - Savoie","niveau":"Initiation, Scolaire","specialite":"CO à pied","contacts":"CDCO73","latitude":"45.6010412039","longitude":"5.86845687713","date_saisie":"14/08/2024","date_depot":"11/12/2024","valide":"Oui","ppo":"Non","type_carte":"Nouvelle carte","fond":"Ortho","obsolete":false}},{"type":"Feature","geometry":{"type":"Polygon","coordinates":[[[5.8647,45.5995],[5.8647,45.5991],[5.8657,45.599],[5.8667,45.5993],[5.8668,45.5994],[5.8664,45.5997],[5.8658,45.5997],[5.8647,45.5995]]]},"properties":{"id_ffco":"2023-D73-231","nom":"ECOLE St-JEAN","_dept":"73","numero":"2023-D73-231","commune":"La Motte Servolex","echelle":"1/750","surface":"0.01 km²","format":"A4","annee":"2023","cartographes":"Bassieux Pierre-Emmanuel","proprietaire":"73 - Savoie","niveau":"Initiation, Scolaire","specialite":"CO à pied","contacts":"CDCO73","latitude":"45.5993664952","longitude":"5.86569348669","date_saisie":"14/08/2024","date_depot":"11/12/2024","valide":"Oui","ppo":"Non","type_carte":"Nouvelle carte","fond":"Ortho","obsolete":false}},{"type":"Feature","geometry":{"type":"Polygon","coordinates":[[[5.8658,45.586],[5.8664,45.586],[5.8663,45.5868],[5.8659,45.5866],[5.8659,45.5863],[5.8658,45.586]]]},"properties":{"id_ffco":"2023-D73-230","nom":"ECOLE DE LA VILLETTE","_dept":"73","numero":"2023-D73-230","commune":"La Motte Servolex","echelle":"1/500","surface":"0.0 km²","format":"A4","annee":"2023","cartographes":"Bassieux Pierre-Emmanuel","proprietaire":"73 - Savoie","niveau":"Initiation, Scolaire","specialite":"CO à pied","contacts":"CDCO73","latitude":"45.5863197001","longitude":"5.86610898712","date_saisie":"14/08/2024","date_depot":"11/12/2024","valide":"Oui","ppo":"Non","type_carte":"Nouvelle carte","fond":"Ortho","obsolete":false}},{"type":"Feature","geometry":{"type":"Polygon","coordinates":[[[5.9084,45.6745],[5.9036,45.675],[5.903,45.671],[5.9042,45.671],[5.9056,45.6675],[5.9084,45.6745]]]},"properties":{"id_ffco":"2021-D73-23","nom":"HIPPODROME - AIX LES BAINS","_dept":"73","numero":"2021-D73-23","commune":"Aix-les-Bains","echelle":"1/3000","surface":"0.19 km²","format":"A4","annee":"2021","cartographes":"ASTRADE Laurent","proprietaire":"73 - Savoie","niveau":"Initiation, Scolaire","specialite":"CO à pied","contacts":"CDCO 73, cdco73@free.fr, https://sites.google.com/site/cdco73/home","latitude":"45.67093","longitude":"5.90654","date_saisie":"24/10/2014","date_depot":"30/12/2014","valide":"Oui","ppo":"Non","type_carte":"Reprise","base":"2021-D73-23 HIPPODROME - AIX LES BAINS","fond":"Ortho","obsolete":false}},{"type":"Feature","geometry":{"type":"Polygon","coordinates":[[[5.9579,45.5807],[5.9589,45.5823],[5.9596,45.5823],[5.9601,45.5819],[5.9604,45.5814],[5.9595,45.5801],[5.9579,45.5807]]]},"properties":{"id_ffco":"2024-D73-228","nom":"COLLEGE JOSEPH ET XAVIER DE MAISTRE","_dept":"73","numero":"2024-D73-228","commune":"St-Alban-de-Leysse","echelle":"1/750","surface":"0.03 km²","format":"A4","annee":"2024","cartographes":"ASTRADE Laurent","proprietaire":"73 - Savoie","niveau":"Initiation, Scolaire","specialite":"CO à pied","contacts":"CDCO73","latitude":"45.5812436946","longitude":"5.95922441027","date_saisie":"14/08/2024","date_depot":"11/12/2024","valide":"Oui","ppo":"Non","type_carte":"Nouvelle carte","fond":"Ortho","obsolete":false}},{"type":"Feature","geometry":{"type":"Polygon","coordinates":[[[5.7483,45.5529],[5.7462,45.5527],[5.7437,45.5527],[5.7426,45.5537],[5.7431,45.5547],[5.7447,45.5542],[5.7479,45.554],[5.7483,45.5529]]]},"properties":{"id_ffco":"2023-D73-227","nom":"DULLIN VILLAGE","_dept":"73","numero":"2023-D73-227","commune":"Dullin","echelle":"1/2000","surface":"0.07 km²","format":"A4","annee":"2023","cartographes":"Franck Dechavanne","proprietaire":"73 - Savoie","niveau":"Initiation, Scolaire","specialite":"CO à pied","latitude":"45.5535115983","longitude":"5.74532592403","date_saisie":"23/08/2023","date_depot":"06/02/2024","valide":"Oui","ppo":"Oui (8 postes)","type_carte":"Nouvelle carte","fond":"Ortho","obsolete":false}},{"type":"Feature","geometry":{"type":"Polygon","coordinates":[[[5.7428,45.555],[5.7407,45.5513],[5.737,45.5492],[5.7383,45.5468],[5.744,45.5465],[5.7476,45.5474],[5.7467,45.5492],[5.7462,45.5515],[5.7467,45.5522],[5.7483,45.5535],[5.7465,45.5555],[5.7428,45.555]]]},"properties":{"id_ffco":"2023-D73-226","nom":"DULLIN LES GABRIAUX","_dept":"73","numero":"2023-D73-226","commune":"Dullin","echelle":"1/4000","surface":"0.53 km²","format":"A4","annee":"2023","cartographes":"Franck Dechavanne","proprietaire":"73 - Savoie","niveau":"Initiation, Scolaire","specialite":"CO à pied","contacts":"CDCO73","latitude":"45.5503781047","longitude":"5.74316405994","date_saisie":"23/08/2023","date_depot":"06/02/2024","valide":"Oui","ppo":"Non","type_carte":"Nouvelle carte","fond":"Laser","obsolete":false}},{"type":"Feature","geometry":{"type":"Polygon","coordinates":[[[6.3935,45.6711],[6.3931,45.6698],[6.3945,45.6698],[6.3944,45.6702],[6.3953,45.6711],[6.396,45.6719],[6.3953,45.6718],[6.3946,45.6709],[6.394,45.6711],[6.3935,45.6711]]]},"properties":{"id_ffco":"2023-D73-225","nom":"COLLEGE PIERRE GRANGE","_dept":"73","numero":"2023-D73-225","commune":"Albertville","echelle":"1/1000","surface":"0.02 km²","format":"A4","annee":"2023","cartographes":"ASTRADE Laurent","proprietaire":"73 - Savoie","niveau":"Initiation, Scolaire","specialite":"CO à pied","contacts":"CDCO73","latitude":"45.670684297","longitude":"6.39427696145","date_saisie":"14/08/2024","date_depot":"11/12/2024","valide":"Oui","ppo":"Non","type_carte":"Nouvelle carte","fond":"Ortho","obsolete":false}},{"type":"Feature","geometry":{"type":"Polygon","coordinates":[[[6.3663,45.4221],[6.3647,45.4222],[6.3629,45.4238],[6.3595,45.4239],[6.3571,45.4228],[6.3592,45.422],[6.3577,45.4194],[6.3616,45.4199],[6.3623,45.4188],[6.3604,45.4171],[6.3631,45.4149],[6.3654,45.4145],[6.3673,45.4179],[6.3674,45.4213],[6.3663,45.4221]]]},"properties":{"id_ffco":"2023-D73-224","nom":"ST-FRANCOIS-LONGCHAMP 1650","_dept":"73","numero":"2023-D73-224","commune":"St-François-Longchamp","echelle":"1/4000","surface":"0.49 km²","format":"A4","annee":"2023","cartographes":"Franck Dechavanne","proprietaire":"73 - Savoie","niveau":"Départemental","specialite":"CO à pied","contacts":"CDCO73","latitude":"45.419695035","longitude":"6.36309456618","date_saisie":"25/08/2023","date_depot":"06/02/2024","valide":"Oui","ppo":"Non","type_carte":"Nouvelle carte","fond":"Ortho","obsolete":false}},{"type":"Feature","geometry":{"type":"Polygon","coordinates":[[[5.9984,45.553],[5.9986,45.5495],[5.9995,45.5477],[6.002,45.5482],[6.0036,45.5506],[6.0039,45.5527],[6.0042,45.5536],[6.0077,45.5546],[6.0117,45.5567],[6.0172,45.5591],[6.0208,45.561],[6.0204,45.5621],[6.0191,45.5636],[6.0155,45.5678],[6.0121,45.5693],[6.0086,45.5708],[6.0075,45.5704],[6.0052,45.5726],[5.9917,45.572],[5.9912,45.5697],[5.9912,45.5685],[5.993,45.5643],[5.9951,45.5615],[5.9972,45.5574],[5.9984,45.553]]]},"properties":{"id_ffco":"2023-D73-223","nom":"CURIENNE","_dept":"73","numero":"2023-D73-223","commune":"Curienne","echelle":"1/10000","surface":"3.48 km²","format":"A4","annee":"2023","cartographes":"DECHAVANNE Franck","niveau":"Départemental","specialite":"CO à pied","contacts":"CDCO73","latitude":"45.5627555396","longitude":"6.00447651298","date_saisie":"14/08/2024","date_depot":"11/12/2024","valide":"Oui","ppo":"Non","type_carte":"Nouvelle carte","fond":"Laser","obsolete":false}},{"type":"Feature","geometry":{"type":"Polygon","coordinates":[[[5.8873,45.5936],[5.8859,45.5964],[5.8838,45.5988],[5.8808,45.6004],[5.8766,45.6011],[5.8729,45.6011],[5.871,45.6015],[5.8689,45.6029],[5.8673,45.6025],[5.8667,45.6012],[5.8666,45.5997],[5.8661,45.5983],[5.8668,45.5964],[5.8678,45.5949],[5.8691,45.5935],[5.8715,45.5929],[5.8758,45.5929],[5.879,45.5931],[5.8803,45.5917],[5.884,45.5925],[5.8873,45.5936]]]},"properties":{"id_ffco":"2023-D73-222","nom":"LA MOTTE SERVOLEX","_dept":"73","numero":"2023-D73-222","commune":"La Motte Servolex","echelle":"1/4000","surface":"1.31 km²","format":"A3","annee":"2023","cartographes":"Bassieux Pierre-Emmanuel","proprietaire":"73 - Savoie","niveau":"Régional","specialite":"CO à pied","contacts":"CDCO73","latitude":"45.5969227803","longitude":"5.87588926654","date_saisie":"14/08/2024","date_depot":"11/12/2024","valide":"Oui","ppo":"Oui (10 postes)","type_carte":"Nouvelle carte","fond":"Ortho","obsolete":false}},{"type":"Feature","geometry":{"type":"Polygon","coordinates":[[[5.8974,45.6117],[5.904,45.6115],[5.9071,45.6092],[5.9078,45.6064],[5.9087,45.6045],[5.9059,45.6007],[5.9021,45.6006],[5.9011,45.6034],[5.8986,45.6058],[5.8962,45.6078],[5.8974,45.6117]]]},"properties":{"id_ffco":"2023-D73-221","nom":"COMBE NOIRE","_dept":"73","numero":"2023-D73-221","commune":"Chambéry","echelle":"1/5000","surface":"0.79 km²","format":"A4","annee":"2023","cartographes":"F. Janod","proprietaire":"73 - Savoie","niveau":"Initiation, Scolaire","specialite":"CO à pied","contacts":"CDCO73","latitude":"45.6066592476","longitude":"5.90273935982","date_saisie":"13/09/2023","date_depot":"06/02/2024","valide":"Oui","ppo":"Non","type_carte":"Nouvelle carte","fond":"Ortho","obsolete":false}},{"type":"Feature","geometry":{"type":"Polygon","coordinates":[[[6.3903,45.6764],[6.3918,45.6751],[6.3917,45.6746],[6.39,45.6735],[6.3883,45.6744],[6.3888,45.6752],[6.3903,45.6764]]]},"properties":{"id_ffco":"2023-D73-220","nom":"COLLEGE LYCEE JEAN MOULIN","_dept":"73","numero":"2023-D73-220","commune":"Albertville","echelle":"1/1250","surface":"0.05 km²","format":"A4","annee":"2023","cartographes":"Fiorina Laurent","proprietaire":"73 - Savoie","niveau":"Initiation, Scolaire","specialite":"CO à pied","contacts":"CDCO73","latitude":"45.6748787508","longitude":"6.39010788659","date_saisie":"23/08/2023","date_depot":"02/01/2025","valide":"Oui","ppo":"Non","type_carte":"Nouvelle carte","fond":"Ortho","obsolete":false}},{"type":"Feature","geometry":{"type":"Polygon","coordinates":[[[6.3447,45.2745],[6.3461,45.2746],[6.3463,45.2749],[6.3465,45.275],[6.3456,45.2757],[6.3448,45.2749],[6.3447,45.2745]]]},"properties":{"id_ffco":"2023-D73-219","nom":"CLOS CARIOZ","_dept":"73","numero":"2023-D73-219","commune":"St-Jean-de-Maurienne","echelle":"1/750","surface":"0.01 km²","format":"A4","annee":"2023","cartographes":"Astrade Laurent","proprietaire":"73 - Savoie","niveau":"Initiation, Scolaire","specialite":"CO à pied","latitude":"45.2749906767","longitude":"6.34560263183","date_saisie":"28/08/2023","date_depot":"06/02/2024","valide":"Oui","ppo":"Non","type_carte":"Nouvelle carte","fond":"Ortho","obsolete":false}},{"type":"Feature","geometry":{"type":"Polygon","coordinates":[[[6.3503,45.2751],[6.3506,45.2741],[6.3523,45.2736],[6.3524,45.2741],[6.3513,45.2744],[6.3515,45.2747],[6.3511,45.2748],[6.3513,45.2752],[6.3507,45.2752],[6.3503,45.2751]]]},"properties":{"id_ffco":"2023-D73-218","nom":"PLAN BERTHIER","_dept":"73","numero":"2023-D73-218","commune":"St-Jean-de-Maurienne","echelle":"1/750","surface":"0.01 km²","format":"A4","annee":"2023","cartographes":"Astrade Laurent","proprietaire":"73 - Savoie","niveau":"Initiation, Scolaire","specialite":"CO à pied","contacts":"CDCO73","latitude":"45.2744008979","longitude":"6.35121575017","date_saisie":"25/08/2023","date_depot":"06/02/2024","valide":"Oui","ppo":"Non","type_carte":"Nouvelle carte","fond":"Ortho","obsolete":false}},{"type":"Feature","geometry":{"type":"Polygon","coordinates":[[[6.0458,45.5],[6.0455,45.4997],[6.0457,45.4992],[6.0466,45.4989],[6.0476,45.4991],[6.0475,45.4995],[6.048,45.4996],[6.0478,45.5002],[6.0458,45.5]]]},"properties":{"id_ffco":"2023-D73-217","nom":"COLLEGE PIERRE & MARIE CURIE","_dept":"73","numero":"2023-D73-217","commune":"Montmélian","echelle":"1/750","surface":"0.02 km²","format":"A4","annee":"2023","cartographes":"Astrade Laurent","proprietaire":"73 - Savoie","niveau":"Initiation, Scolaire","specialite":"CO à pied","contacts":"CDCO73","latitude":"45.4995887299","longitude":"6.04677362852","date_saisie":"24/08/2023","date_depot":"06/02/2024","valide":"Oui","ppo":"Non","type_carte":"Nouvelle carte","fond":"Ortho","obsolete":false}},{"type":"Feature","geometry":{"type":"Polygon","coordinates":[[[5.9898,45.5466],[5.9891,45.5464],[5.9894,45.5452],[5.9901,45.5448],[5.9909,45.5451],[5.9911,45.5459],[5.9906,45.5465],[5.9898,45.5466]]]},"properties":{"id_ffco":"2023-D73-216","nom":"PARC MALATRAY","_dept":"73","numero":"2023-D73-216","commune":"Challes_les-Eaux","echelle":"1/1000","surface":"0.02 km²","format":"A4","annee":"2023","cartographes":"PE Bassieux","proprietaire":"73 - Savoie","niveau":"Initiation, Scolaire","specialite":"CO à pied","contacts":"CDCO73","latitude":"45.5457496454","longitude":"5.99009633892","date_saisie":"13/09/2023","date_depot":"06/02/2024","valide":"Oui","ppo":"Non","type_carte":"Nouvelle carte","fond":"Ortho","obsolete":false}},{"type":"Feature","geometry":{"type":"Polygon","coordinates":[[[5.7584,45.7026],[5.7579,45.7017],[5.7602,45.701],[5.761,45.7021],[5.7605,45.7026],[5.7596,45.7029],[5.7588,45.7028],[5.7584,45.7026]]]},"properties":{"id_ffco":"2023-D73-214","nom":"STADE DE YENNE","_dept":"73","numero":"2023-D73-214","commune":"Yenne","echelle":"1/750","surface":"0.03 km²","format":"A4","annee":"2023","cartographes":"Astrade Laurent","proprietaire":"73 - Savoie","niveau":"Initiation, Scolaire","specialite":"CO à pied","contacts":"CDCO73","latitude":"45.7020201611","longitude":"5.7595118816","date_saisie":"23/08/2023","date_depot":"06/02/2024","valide":"Oui","ppo":"Non","type_carte":"Nouvelle carte","fond":"Ortho","obsolete":false}},{"type":"Feature","geometry":{"type":"Polygon","coordinates":[[[5.8732,45.5951],[5.8726,45.5945],[5.8728,45.594],[5.8737,45.5941],[5.8744,45.5938],[5.875,45.5949],[5.8738,45.5951],[5.8732,45.5951]]]},"properties":{"id_ffco":"2023-D73-213","nom":"ECOLES PICOLETS","_dept":"73","numero":"2023-D73-213","commune":"La Motte Servolex","echelle":"1/750","surface":"0.02 km²","format":"A4","annee":"2023","cartographes":"PE Bassieux","proprietaire":"73 - Savoie","niveau":"Initiation, Scolaire","specialite":"CO à pied","contacts":"CDCO 38, cdco38@free.fr, http://cdco38.free.fr","latitude":"45.5945248564","longitude":"5.87376627754","date_saisie":"13/09/2023","date_depot":"06/02/2023","valide":"Oui","ppo":"Non","type_carte":"Nouvelle carte","fond":"Ortho","obsolete":false}},{"type":"Feature","geometry":{"type":"Polygon","coordinates":[[[6.4209,45.7451],[6.4258,45.7461],[6.4273,45.7475],[6.4276,45.7489],[6.4258,45.751],[6.4261,45.7516],[6.424,45.7539],[6.4234,45.7554],[6.4225,45.7562],[6.4187,45.7552],[6.4144,45.7553],[6.4127,45.7528],[6.4108,45.7492],[6.4144,45.7476],[6.4174,45.7463],[6.4209,45.7451]]]},"properties":{"id_ffco":"2022-D73-212","nom":"UGINE","_dept":"73","numero":"2022-D73-212","commune":"Ugine","echelle":"1/4000","surface":"1.07 km²","format":"A3","annee":"2022","cartographes":"Astrade Laurent","proprietaire":"73 - Savoie","niveau":"National, International","specialite":"CO à pied","contacts":"CDCO73","latitude":"45.7504859019","longitude":"6.41955285161","date_saisie":"23/08/2023","date_depot":"28/03/2024","valide":"Oui","ppo":"Non","type_carte":"Nouvelle carte","fond":"Ortho","obsolete":false}},{"type":"Feature","geometry":{"type":"Polygon","coordinates":[[[6.5051,45.3831],[6.5009,45.3803],[6.5045,45.373],[6.5103,45.3661],[6.5153,45.3584],[6.5176,45.3563],[6.5282,45.361],[6.5305,45.3633],[6.5404,45.3651],[6.5383,45.3704],[6.5359,45.3745],[6.5319,45.3809],[6.5268,45.3857],[6.5138,45.3837],[6.5051,45.3831]]]},"properties":{"id_ffco":"2022-D73-211","nom":"ST-MARTIN-DE-BELLEVILLE","_dept":"73","numero":"2022-D73-211","commune":"Les Bellevilles","echelle":"1/10000","surface":"6.09 km²","format":"A3","annee":"2022","cartographes":"Franck Dechavanne","proprietaire":"73 - Savoie","niveau":"National, International","specialite":"CO à pied","contacts":"CDCO73","latitude":"45.3724071648","longitude":"6.52066349359","date_saisie":"02/09/2023","date_depot":"06/02/2024","valide":"Oui","ppo":"Oui (30 postes)","type_carte":"Nouvelle carte","fond":"Laser","obsolete":false}},{"type":"Feature","geometry":{"type":"Polygon","coordinates":[[[6.5748,45.2874],[6.5732,45.291],[6.5762,45.294],[6.5729,45.2971],[6.5776,45.2993],[6.5852,45.2999],[6.5884,45.2964],[6.5925,45.293],[6.5957,45.2912],[6.5896,45.2873],[6.5901,45.2832],[6.589,45.2817],[6.5809,45.2809],[6.5771,45.2844],[6.5748,45.2874]]]},"properties":{"id_ffco":"2022-D73-210","nom":"VAL THORENS","_dept":"73","numero":"2022-D73-210","commune":"Val Thorens","echelle":"1/10000","surface":"2.38 km²","format":"A4","annee":"2022","cartographes":"Franck Dechavanne","proprietaire":"73 - Savoie","niveau":"Régional","specialite":"CO à pied","contacts":"CDCO73","latitude":"45.2906083604","longitude":"6.58305678712","date_saisie":"02/09/2023","date_depot":"06/02/2024","valide":"Oui","ppo":"Oui (14 postes)","type_carte":"Nouvelle carte","fond":"Laser","obsolete":false}},{"type":"Feature","geometry":{"type":"Polygon","coordinates":[[[5.907,45.7214],[5.903,45.7216],[5.9009,45.7204],[5.8995,45.7159],[5.8969,45.7146],[5.8967,45.7133],[5.8972,45.7113],[5.8993,45.7104],[5.9022,45.7111],[5.9056,45.711],[5.9066,45.7117],[5.9075,45.7159],[5.9082,45.7206],[5.9069,45.7215],[5.907,45.7214]]]},"properties":{"id_ffco":"2023-D73-21","nom":"BOIS DE CORSUET","_dept":"73","numero":"2023-D73-21","commune":"AIX-LES-BAINS","echelle":"1/7500","surface":"0.77 km²","format":"A4","annee":"2023","cartographes":"DECHAVANNE Franck","proprietaire":"7305 - ESPACE CHAMBERY ORIENTATION 73 - ECHO 73","niveau":"Initiation, Scolaire","specialite":"CO à pied","contacts":"CDCO 73, cdco73@free.fr, https://sites.google.com/site/cdco73/home","latitude":"45.71599","longitude":"5.90213","date_saisie":"19/07/2013","date_depot":"27/11/2015","valide":"Oui","ppo":"Oui (35 postes)","type_carte":"Reprise","base":"2023-D73-21 BOIS DE CORSUET","fond":"Ortho","obsolete":false}},{"type":"Feature","geometry":{"type":"Polygon","coordinates":[[[6.5387,45.3019],[6.5369,45.3052],[6.537,45.3065],[6.5365,45.3118],[6.5352,45.3147],[6.5384,45.3154],[6.5425,45.312],[6.547,45.307],[6.5483,45.304],[6.5493,45.3023],[6.5473,45.3014],[6.5419,45.3017],[6.5387,45.3019]]]},"properties":{"id_ffco":"2022-D73-209","nom":"PLAN D'EAU DES BRUYERES","_dept":"73","numero":"2022-D73-209","commune":"Les Ménuires","echelle":"1/7500","surface":"0.98 km²","format":"A4","annee":"2022","cartographes":"Franck Dechavanne","proprietaire":"73 - Savoie","niveau":"Initiation, Scolaire","specialite":"CO à pied","contacts":"CDCO73","latitude":"45.3073182458","longitude":"6.54156675358","date_saisie":"02/09/2023","date_depot":"06/02/2024","valide":"Oui","ppo":"Oui (8 postes)","type_carte":"Nouvelle carte","fond":"Laser","obsolete":false}},{"type":"Feature","geometry":{"type":"Polygon","coordinates":[[[6.533,45.7625],[6.5328,45.7607],[6.5345,45.7587],[6.537,45.7576],[6.5424,45.7557],[6.5452,45.7545],[6.5461,45.752],[6.5473,45.7488],[6.5473,45.7476],[6.5484,45.7467],[6.5491,45.7453],[6.5485,45.7446],[6.55,45.7433],[6.5565,45.7437],[6.5598,45.7448],[6.5651,45.7481],[6.5691,45.7508],[6.5706,45.7528],[6.5638,45.7572],[6.5598,45.7625],[6.5555,45.7673],[6.5532,45.7716],[6.552,45.7754],[6.5489,45.7721],[6.5464,45.772],[6.5449,45.7744],[6.5406,45.7779],[6.5371,45.7755],[6.5357,45.7724],[6.5326,45.7705],[6.5313,45.7684],[6.5321,45.7659],[6.533,45.7625]]]},"properties":{"id_ffco":"2022-D73-208","nom":"LES SAISIES - LA LEZETTE","_dept":"73","numero":"2022-D73-208","commune":"Hauteluce","echelle":"1/10000","surface":"5.9 km²","format":"A3","annee":"2022","cartographes":"F. Dechavanne","proprietaire":"73 - Savoie","niveau":"Régional","specialite":"CO à pied","contacts":"CDCO73","latitude":"45.7598588895","longitude":"6.54950363221","date_saisie":"18/08/2022","date_depot":"22/09/2022","valide":"Oui","ppo":"Non","type_carte":"Extrait","base":"2022-D73-194 LES SAISIES","fond":"Laser","obsolete":false}},{"type":"Feature","geometry":{"type":"Polygon","coordinates":[[[6.5282,45.7487],[6.5275,45.7464],[6.5279,45.746],[6.5299,45.7464],[6.5323,45.7458],[6.5335,45.7446],[6.5384,45.742],[6.54,45.7409],[6.5452,45.74],[6.5472,45.7404],[6.549,45.7413],[6.5506,45.7435],[6.5494,45.7446],[6.5498,45.7454],[6.5493,45.7471],[6.5478,45.7479],[6.5442,45.7498],[6.5399,45.7502],[6.5374,45.7485],[6.5334,45.7496],[6.5316,45.7495],[6.5282,45.7487]]]},"properties":{"id_ffco":"2022-D73-207","nom":"LES SAISIES - LE PELLAZ","_dept":"73","numero":"2022-D73-207","commune":"Hauteluce","echelle":"1/7500","surface":"1.23 km²","format":"A4","annee":"2022","cartographes":"M. Barthélémy Cartomatt","proprietaire":"73 - Savoie","niveau":"Initiation, Scolaire","specialite":"CO à pied","contacts":"CDCO73","latitude":"45.7455233185","longitude":"6.54059893629","date_saisie":"18/08/2022","date_depot":"22/09/2022","valide":"Oui","ppo":"Non","type_carte":"Extrait","base":"2022-D73-194 LES SAISIES","fond":"Laser","obsolete":false}},{"type":"Feature","geometry":{"type":"Polygon","coordinates":[[[6.527,45.7804],[6.5278,45.7812],[6.5278,45.7818],[6.5298,45.7834],[6.5319,45.7849],[6.532,45.7856],[6.5315,45.7862],[6.532,45.7873],[6.532,45.7884],[6.5319,45.7889],[6.5303,45.7896],[6.5286,45.7901],[6.5278,45.7922],[6.5263,45.7931],[6.5248,45.7934],[6.5222,45.793],[6.5214,45.7925],[6.5211,45.7908],[6.5196,45.7888],[6.5191,45.7884],[6.5191,45.7876],[6.518,45.7877],[6.5139,45.7858],[6.5142,45.7843],[6.5154,45.7832],[6.5185,45.7837],[6.5213,45.7846],[6.5233,45.784],[6.5245,45.7829],[6.5258,45.7822],[6.527,45.7804]]]},"properties":{"id_ffco":"2022-D73-206","nom":"LES SAISIES - LACHAT","_dept":"73","numero":"2022-D73-206","commune":"Crest Voland","echelle":"1/7500","surface":"1.05 km²","format":"A4","annee":"2022","cartographes":"C. Roux","proprietaire":"73 - Savoie","niveau":"Départemental","specialite":"CO à pied","contacts":"CDCO73","latitude":"45.787148255","longitude":"6.52426785426","date_saisie":"18/08/2022","date_depot":"22/09/2022","valide":"Oui","ppo":"Non","type_carte":"Extrait","base":"2022-D73-194 LES SAISIES","fond":"Laser","obsolete":false}},{"type":"Feature","geometry":{"type":"Polygon","coordinates":[[[6.3148,45.635],[6.3061,45.6305],[6.2977,45.6235],[6.2971,45.6223],[6.2969,45.6197],[6.3018,45.6167],[6.308,45.62],[6.3135,45.6227],[6.3203,45.626],[6.3262,45.6292],[6.3293,45.6323],[6.3307,45.6359],[6.331,45.6394],[6.3312,45.6412],[6.3268,45.6447],[6.324,45.6429],[6.3198,45.6372],[6.3171,45.6359],[6.3148,45.635]]]},"properties":{"id_ffco":"2022-D73-205","nom":"FRONTENEX ILETTES St-VITAL","_dept":"73","numero":"2022-D73-205","commune":"Frontenex","echelle":"1/10000","surface":"3.28 km²","format":"A3","annee":"2022","cartographes":"Laurent Astrade","proprietaire":"73 - Savoie","niveau":"Initiation, Scolaire","specialite":"CO à pied","contacts":"CDCO73","latitude":"45.6298265966","longitude":"6.31526530109","date_saisie":"17/08/2022","date_depot":"22/09/2022","valide":"Oui","ppo":"Non","type_carte":"Nouvelle carte","fond":"Ortho","obsolete":false}},{"type":"Feature","geometry":{"type":"Polygon","coordinates":[[[6.3107,45.6325],[6.3126,45.6302],[6.3159,45.6305],[6.3175,45.6308],[6.3187,45.6313],[6.3195,45.6317],[6.3187,45.6323],[6.3172,45.633],[6.3165,45.6336],[6.3155,45.6345],[6.3148,45.6347],[6.3107,45.6325]]]},"properties":{"id_ffco":"2022-D73-204","nom":"FRONTENEX VILLAGE","_dept":"73","numero":"2022-D73-204","commune":"Frontenex","echelle":"1/2500","surface":"0.2 km²","format":"A4","annee":"2022","cartographes":"Laurent Astrade","proprietaire":"73 - Savoie","niveau":"Initiation, Scolaire","specialite":"CO à pied","contacts":"CDCO73","latitude":"45.6321808795","longitude":"6.31479957583","date_saisie":"17/08/2022","date_depot":"22/09/2022","valide":"Oui","ppo":"Non","type_carte":"Nouvelle carte","fond":"Ortho","obsolete":false}},{"type":"Feature","geometry":{"type":"Polygon","coordinates":[[[6.4711,45.1833],[6.4718,45.1815],[6.4728,45.181],[6.4728,45.1801],[6.4732,45.1795],[6.4747,45.179],[6.4774,45.1804],[6.4791,45.1799],[6.48,45.1819],[6.4796,45.1819],[6.4783,45.1826],[6.4768,45.1832],[6.476,45.1832],[6.476,45.1839],[6.4731,45.1854],[6.4719,45.1851],[6.47,45.1856],[6.4689,45.1864],[6.4676,45.1858],[6.4711,45.1833]]]},"properties":{"id_ffco":"2022-D73-203","nom":"VALMEINIER L'ARMERA","_dept":"73","numero":"2022-D73-203","commune":"Valmeinier","echelle":"1/4000","surface":"0.32 km²","format":"A4","annee":"2022","cartographes":"F. Dechavanne SNOE","proprietaire":"73 - Savoie","niveau":"Initiation, Scolaire","specialite":"CO à pied","contacts":"CDCO73","latitude":"45.1824817231","longitude":"6.47422323477","date_saisie":"17/08/2022","date_depot":"22/09/2022","valide":"Oui","ppo":"Non","type_carte":"Nouvelle carte","fond":"Ortho","obsolete":false}},{"type":"Feature","geometry":{"type":"Polygon","coordinates":[[[6.9035,45.2889],[6.9058,45.29],[6.9065,45.2905],[6.9081,45.2906],[6.9109,45.2905],[6.9128,45.2884],[6.9135,45.2883],[6.9136,45.2879],[6.9121,45.2873],[6.9106,45.2869],[6.9099,45.2865],[6.9088,45.2863],[6.9081,45.285],[6.905,45.2842],[6.9025,45.2837],[6.8994,45.2835],[6.8978,45.2838],[6.8965,45.2836],[6.8945,45.2839],[6.8935,45.2838],[6.8927,45.284],[6.8901,45.2839],[6.8894,45.284],[6.888,45.284],[6.8859,45.2843],[6.8847,45.2841],[6.8832,45.2843],[6.8829,45.2846],[6.8825,45.2853],[6.8882,45.2859],[6.8904,45.2859],[6.8919,45.2857],[6.8941,45.2853],[6.8947,45.2865],[6.8973,45.2864],[6.8991,45.2871],[6.9015,45.2877],[6.9021,45.2884],[6.9035,45.2889]]]},"properties":{"id_ffco":"2022-D73-202","nom":"VAL CENIS","_dept":"73","numero":"2022-D73-202","commune":"Val Cenis","echelle":"1/5000","surface":"0.81 km²","format":"A4","annee":"2022","cartographes":"P. Martinez","proprietaire":"73 - Savoie","niveau":"Initiation, Scolaire","specialite":"CO à pied","contacts":"CDCO73","latitude":"45.2863700571","longitude":"6.90095299943","date_saisie":"17/08/2022","date_depot":"22/09/2022","valide":"Oui","ppo":"Non","type_carte":"Nouvelle carte","fond":"Ortho","obsolete":false}},{"type":"Feature","geometry":{"type":"Polygon","coordinates":[[[6.462,45.5832],[6.4587,45.5812],[6.457,45.5827],[6.4546,45.5841],[6.4534,45.5857],[6.4523,45.5883],[6.4511,45.5899],[6.4486,45.5923],[6.4473,45.5941],[6.4472,45.5957],[6.4495,45.5976],[6.4517,45.5994],[6.4553,45.6012],[6.4574,45.6001],[6.458,45.598],[6.4587,45.596],[6.4609,45.5943],[6.4607,45.5938],[6.4598,45.5933],[6.4605,45.5922],[6.4602,45.5911],[6.4597,45.5895],[6.4615,45.5883],[6.4617,45.5858],[6.462,45.5832]]]},"properties":{"id_ffco":"2022-D73-201","nom":"CEVINS","_dept":"73","numero":"2022-D73-201","commune":"Cevins","echelle":"1/10000","surface":"1.44 km²","format":"A4","annee":"2022","cartographes":"M. Barthélémy Cartomatt","proprietaire":"73 - Savoie","niveau":"Régional","specialite":"CO à pied","contacts":"CDCO73","latitude":"45.591645977","longitude":"6.45533844536","date_saisie":"17/08/2022","date_depot":"22/09/2022","valide":"Oui","ppo":"Oui (12 postes)","type_carte":"Nouvelle carte","fond":"Ortho","obsolete":false}},{"type":"Feature","geometry":{"type":"Polygon","coordinates":[[[6.4225,45.6788],[6.4221,45.6781],[6.4228,45.6774],[6.4245,45.677],[6.4279,45.6761],[6.4294,45.6758],[6.4325,45.6762],[6.4346,45.6753],[6.4358,45.6758],[6.4388,45.6761],[6.4412,45.6771],[6.4388,45.6818],[6.4375,45.6831],[6.4346,45.6846],[6.4327,45.6836],[6.43,45.6821],[6.4282,45.681],[6.4263,45.68],[6.4248,45.6789],[6.4225,45.6788]]]},"properties":{"id_ffco":"2022-D73-200","nom":"LE MONT","_dept":"73","numero":"2022-D73-200","commune":"Albertville","echelle":"1/10000","surface":"0.87 km²","format":"A4","annee":"2022","cartographes":"M. Barthélémy Cartomatt","proprietaire":"73 - Savoie","niveau":"Initiation, Scolaire","specialite":"CO à pied","contacts":"CDCO73","latitude":"45.679254609","longitude":"6.43285329822","date_saisie":"17/08/2022","date_depot":"22/09/2022","valide":"Oui","ppo":"Oui (12 postes)","type_carte":"Reprise","base":"2022-D73-200 LE MONT","fond":"Ortho","obsolete":false}},{"type":"Feature","geometry":{"type":"Polygon","coordinates":[[[6.3705,45.6672],[6.367,45.6611],[6.3683,45.6597],[6.3732,45.6625],[6.3759,45.6635],[6.3777,45.6639],[6.3792,45.6649],[6.3817,45.6673],[6.3777,45.6702],[6.3705,45.6672]]]},"properties":{"id_ffco":"2024-D73-199","nom":"ALBERTVILLE PARC SAUVAY VAL DES ROSES","_dept":"73","numero":"2024-D73-199","commune":"Albertville","echelle":"1/4000","surface":"0.6 km²","format":"A3","annee":"2024","cartographes":"M. Barthélémy Cartomatt","proprietaire":"73 - Savoie","niveau":"Régional","specialite":"CO à pied","contacts":"CDCO73","latitude":"45.6653768604","longitude":"6.37412091601","date_saisie":"17/08/2022","date_depot":"22/09/2022","valide":"Oui","ppo":"Oui (12 postes)","type_carte":"Reprise","base":"2014-D73-109 PARC OLYMPIQUE DU SAUVAY","fond":"Ortho","obsolete":false}},{"type":"Feature","geometry":{"type":"Polygon","coordinates":[[[6.3914,45.6679],[6.3902,45.6681],[6.3905,45.6688],[6.3858,45.6714],[6.3828,45.673],[6.3846,45.6737],[6.385,45.6735],[6.3869,45.6747],[6.3867,45.6749],[6.3869,45.6751],[6.384,45.6778],[6.3843,45.678],[6.3869,45.6786],[6.389,45.6791],[6.3902,45.6799],[6.3914,45.6805],[6.3915,45.681],[6.3926,45.6812],[6.3951,45.6807],[6.3944,45.6786],[6.3939,45.6762],[6.3926,45.6722],[6.3916,45.6686],[6.3914,45.6679]]]},"properties":{"id_ffco":"2022-D73-198","nom":"ALBERTVILLE CENTRE","_dept":"73","numero":"2022-D73-198","commune":"Albertville","echelle":"1/4000","surface":"0.71 km²","format":"A3","annee":"2022","cartographes":"M. Barthélémy Cartomatt","proprietaire":"73 - Savoie","niveau":"National, International","specialite":"CO à pied","contacts":"CDCO73","latitude":"45.6750861388","longitude":"6.38977433165","date_saisie":"17/08/2022","date_depot":"22/09/2022","valide":"Oui","ppo":"Oui (12 postes)","type_carte":"Nouvelle carte","fond":"Ortho","obsolete":false}},{"type":"Feature","geometry":{"type":"Polygon","coordinates":[[[6.3312,45.6703],[6.3302,45.6712],[6.3299,45.6719],[6.332,45.6734],[6.3321,45.6738],[6.3331,45.6735],[6.3338,45.6732],[6.3335,45.6725],[6.3331,45.6719],[6.3327,45.6717],[6.3332,45.6713],[6.3312,45.6703]]]},"properties":{"id_ffco":"2022-D73-197","nom":"MERCURY PLAN D'EAU","_dept":"73","numero":"2022-D73-197","commune":"Mercury","echelle":"1/1500","surface":"0.06 km²","format":"A4","annee":"2022","cartographes":"Nicolas Roche","proprietaire":"73 - Savoie","niveau":"Initiation, Scolaire","specialite":"CO à pied","contacts":"CDCO73","latitude":"45.6720373006","longitude":"6.33189007745","date_saisie":"16/08/2022","date_depot":"22/09/2022","valide":"Oui","ppo":"Non","type_carte":"Nouvelle carte","fond":"Ortho","obsolete":false}},{"type":"Feature","geometry":{"type":"Polygon","coordinates":[[[5.9372,45.6435],[5.9369,45.6397],[5.9358,45.6374],[5.9353,45.6333],[5.9355,45.6285],[5.9377,45.6283],[5.9376,45.6266],[5.9415,45.6263],[5.9433,45.6306],[5.9448,45.635],[5.948,45.6391],[5.9497,45.6406],[5.9499,45.645],[5.9516,45.6462],[5.9521,45.6501],[5.947,45.651],[5.9434,45.6513],[5.9431,45.6504],[5.9444,45.6493],[5.9418,45.6448],[5.9408,45.6436],[5.9372,45.6435]]]},"properties":{"id_ffco":"2022-D73-196","nom":"MERY LES BUFFARDS","_dept":"73","numero":"2022-D73-196","commune":"Méry","echelle":"1/10000","surface":"1.93 km²","format":"A3","annee":"2022","cartographes":"M. Barthélémy Cartomatt","proprietaire":"73 - Savoie","niveau":"National, International","specialite":"CO à pied","contacts":"CDCO73","latitude":"45.6392784106","longitude":"5.94282444595","date_saisie":"17/08/2022","date_depot":"22/09/2022","valide":"Oui","ppo":"Non","type_carte":"Nouvelle carte","fond":"Laser","obsolete":false}},{"type":"Feature","geometry":{"type":"Polygon","coordinates":[[[5.9212,45.6463],[5.9273,45.6463],[5.9342,45.6458],[5.9382,45.6448],[5.94,45.6424],[5.9396,45.6385],[5.9371,45.6328],[5.9316,45.6329],[5.9247,45.6316],[5.923,45.6342],[5.9222,45.6348],[5.9211,45.6372],[5.921,45.6419],[5.9212,45.6463]]]},"properties":{"id_ffco":"2022-D73-195","nom":"MERY VILLAGE","_dept":"73","numero":"2022-D73-195","commune":"Méry","echelle":"1/5000","surface":"2.02 km²","format":"A3","annee":"2022","cartographes":"M. Barthélémy Cartomatt","proprietaire":"73 - Savoie","niveau":"Départemental","specialite":"CO à pied","contacts":"CDCO73","latitude":"45.6394656602","longitude":"5.92998767434","date_saisie":"16/08/2022","date_depot":"22/09/2022","valide":"Oui","ppo":"Non","type_carte":"Nouvelle carte","fond":"Ortho","obsolete":false}},{"type":"Feature","geometry":{"type":"Polygon","coordinates":[[[6.4656,45.7361],[6.4699,45.7384],[6.4795,45.7388],[6.4879,45.7437],[6.4969,45.7491],[6.5007,45.7543],[6.5062,45.7621],[6.504,45.772],[6.4993,45.7761],[6.4996,45.7807],[6.4979,45.7903],[6.5091,45.7989],[6.5187,45.8006],[6.5267,45.7994],[6.5358,45.7928],[6.5414,45.7855],[6.5438,45.7827],[6.5546,45.7811],[6.5782,45.7757],[6.5831,45.7805],[6.5908,45.7819],[6.5945,45.7842],[6.6043,45.7819],[6.6075,45.7782],[6.6038,45.7745],[6.599,45.7723],[6.5996,45.7683],[6.5818,45.7637],[6.5735,45.7569],[6.5704,45.7502],[6.5618,45.7484],[6.5536,45.7484],[6.542,45.7387],[6.5339,45.7405],[6.5275,45.7389],[6.5123,45.7359],[6.4982,45.7324],[6.4806,45.7318],[6.4701,45.7336],[6.4656,45.7361]]]},"properties":{"id_ffco":"2022-D73-194","nom":"LES SAISIES","_dept":"73","numero":"2022-D73-194","commune":"Hauteluce","echelle":"1/20000","surface":"36.81 km²","format":"A3","annee":"2022","cartographes":"CAP Orientation","proprietaire":"73 - Savoie","niveau":"National, International","specialite":"Raid'O","contacts":"CDCO73","latitude":"45.7647197523","longitude":"6.5343226666","date_saisie":"24/05/2022","date_depot":"21/09/2022","valide":"Oui","ppo":"Non","type_carte":"Nouvelle carte","fond":"Laser","obsolete":false}},{"type":"Feature","geometry":{"type":"Polygon","coordinates":[[[6.721,45.4597],[6.7209,45.4582],[6.7285,45.4581],[6.7309,45.4573],[6.736,45.4571],[6.7417,45.457],[6.7455,45.4563],[6.7499,45.4545],[6.7548,45.4531],[6.7586,45.4522],[6.7638,45.4517],[6.7689,45.45],[6.7727,45.4502],[6.7758,45.4481],[6.7813,45.4459],[6.7834,45.4476],[6.7813,45.4497],[6.7739,45.4525],[6.7656,45.4542],[6.7594,45.4563],[6.7541,45.4577],[6.7498,45.4597],[6.7464,45.4624],[6.7365,45.4625],[6.7298,45.4619],[6.725,45.4616],[6.721,45.4597]]]},"properties":{"id_ffco":"2022-D73-193","nom":"CHAMPAGNY-LE-HAUT ORIENTATION A SKI","_dept":"73","numero":"2022-D73-193","commune":"Champagny-en-Vanoise","echelle":"1/10000","surface":"2.25 km²","format":"+","annee":"2022","cartographes":"Barthélémy Mathieu","proprietaire":"73 - Savoie","niveau":"National, International","specialite":"CO à ski","contacts":"CDCO73","latitude":"45.456290774","longitude":"6.75046054064","date_saisie":"25/01/2022","date_depot":"03/03/2022","valide":"Oui","ppo":"Non","type_carte":"Nouvelle carte","fond":"Ortho","obsolete":false}},{"type":"Feature","geometry":{"type":"Polygon","coordinates":[[[6.7157,45.4589],[6.7181,45.4596],[6.7217,45.4604],[6.7274,45.4617],[6.7362,45.4626],[6.7466,45.4626],[6.7494,45.4597],[6.7539,45.4578],[6.7597,45.4559],[6.7624,45.454],[6.7661,45.4542],[6.7717,45.4531],[6.7823,45.4496],[6.7841,45.4476],[6.7814,45.4461],[6.7766,45.4478],[6.771,45.4503],[6.7644,45.4513],[6.7565,45.4521],[6.7518,45.4544],[6.7463,45.455],[6.7394,45.4554],[6.7316,45.4568],[6.7261,45.4579],[6.7202,45.4579],[6.7194,45.4586],[6.7157,45.4589]]]},"properties":{"id_ffco":"2021-D73-192","nom":"CHAMPAGNY-LE-HAUT","_dept":"73","numero":"2021-D73-192","commune":"Champagny-en-Vanoise","echelle":"1/10000","surface":"2.52 km²","format":"A3","annee":"2021","cartographes":"Barthélémy Mathieu","proprietaire":"73 - Savoie","niveau":"Régional","specialite":"CO à pied","contacts":"CDCO73","latitude":"45.4563162275","longitude":"6.74896472791","date_saisie":"20/12/2021","date_depot":"08/02/2022","valide":"Oui","ppo":"Oui (14 postes)","type_carte":"Nouvelle carte","fond":"Laser","obsolete":false}},{"type":"Feature","geometry":{"type":"Polygon","coordinates":[[[5.8902,45.5722],[5.8888,45.5716],[5.8866,45.572],[5.8873,45.5697],[5.8902,45.5649],[5.891,45.565],[5.8917,45.5642],[5.8929,45.5674],[5.8918,45.5703],[5.891,45.5717],[5.8902,45.5722]]]},"properties":{"id_ffco":"2022-D73-191","nom":"COGNIN-LE-CHATEAU","_dept":"73","numero":"2022-D73-191","commune":"Cognin","echelle":"1/3000","surface":"0.24 km²","format":"A4","annee":"2022","cartographes":"DIDIER Eric","proprietaire":"73 - Savoie","niveau":"Initiation, Scolaire","specialite":"CO à pied","contacts":"CDCO73","latitude":"45.5687048955","longitude":"5.89008486789","date_saisie":"08/02/2022","date_depot":"22/09/2022","valide":"Oui","ppo":"Non","type_carte":"Nouvelle carte","fond":"Ortho","obsolete":false}},{"type":"Feature","geometry":{"type":"Polygon","coordinates":[[[5.9712,45.5659],[5.976,45.568],[5.9777,45.5651],[5.9828,45.5663],[5.9837,45.5697],[5.9833,45.5721],[5.9812,45.5738],[5.9748,45.5715],[5.9728,45.5718],[5.9707,45.571],[5.9694,45.5715],[5.9663,45.5699],[5.9699,45.5662],[5.9712,45.5659]]]},"properties":{"id_ffco":"2025-D73-190","nom":"BARBY","_dept":"73","numero":"2025-D73-190","commune":"Barby","echelle":"1/4000","surface":"0.78 km²","format":"A4","annee":"2025","cartographes":"Bassieux Pierre-Emmanuel","proprietaire":"73 - Savoie","niveau":"Départemental","specialite":"Sprint (ISSOM)","contacts":"CDCO73","latitude":"45.5693109772","longitude":"5.9763092479","date_saisie":"23/09/2025","date_depot":"22/01/2026","valide":"Oui","ppo":"Non","type_carte":"Nouvelle carte","fond":"Ortho","obsolete":false}},{"type":"Feature","geometry":{"type":"Polygon","coordinates":[[[5.9351,45.5798],[5.9344,45.5802],[5.9323,45.5809],[5.932,45.5804],[5.9317,45.5792],[5.9315,45.5785],[5.932,45.5781],[5.9336,45.5777],[5.9346,45.5777],[5.9346,45.5781],[5.9349,45.5788],[5.9351,45.5798]]]},"properties":{"id_ffco":"2021-D73-189","nom":"IME St-LOUIS-DU-MONT","_dept":"73","numero":"2021-D73-189","commune":"Bassens","echelle":"1/1500","surface":"0.07 km²","format":"A4","annee":"2021","cartographes":"Laurent Astrade","proprietaire":"73 - Savoie","niveau":"Initiation, Scolaire","specialite":"CO à pied","contacts":"CDCO73","latitude":"45.579200861","longitude":"5.93327110672","date_saisie":"16/08/2022","date_depot":"22/09/2022","valide":"Oui","ppo":"Non","type_carte":"Nouvelle carte","fond":"Ortho","obsolete":false}},{"type":"Feature","geometry":{"type":"Polygon","coordinates":[[[5.8639,45.6572],[5.8661,45.6516],[5.8636,45.6429],[5.861,45.6424],[5.8583,45.6434],[5.8552,45.6435],[5.8566,45.6477],[5.8557,45.6476],[5.8553,45.6484],[5.8558,45.6504],[5.8578,45.6511],[5.8577,45.6523],[5.8593,45.6526],[5.8587,45.6543],[5.8596,45.6552],[5.8593,45.6561],[5.8639,45.6572]]]},"properties":{"id_ffco":"2021-D73-188","nom":"LE BOURGET-DU-LAC","_dept":"73","numero":"2021-D73-188","commune":"Le Bourget-du-Lac","echelle":"1/4000","surface":"0.94 km²","format":"A3","annee":"2021","cartographes":"Astrade Laurent","proprietaire":"73 - Savoie","niveau":"Régional","specialite":"CO à pied","contacts":"CDCO73","latitude":"45.6492904709","longitude":"5.86096410537","date_saisie":"20/12/2021","date_depot":"08/02/2022","valide":"Oui","ppo":"Oui (12 postes)","type_carte":"Nouvelle carte","fond":"Ortho","obsolete":false}},{"type":"Feature","geometry":{"type":"Polygon","coordinates":[[[6.4602,45.7159],[6.4606,45.7163],[6.4606,45.7168],[6.4598,45.7169],[6.4586,45.7178],[6.4574,45.7181],[6.4549,45.7178],[6.4528,45.7181],[6.4526,45.7173],[6.453,45.7164],[6.4551,45.7159],[6.4584,45.7156],[6.4598,45.7158],[6.4602,45.7159]]]},"properties":{"id_ffco":"2022-D73-187","nom":"LE PLAN QUEIGE","_dept":"73","numero":"2022-D73-187","commune":"Queige","echelle":"1/2000","surface":"0.13 km²","format":"A4","annee":"2022","cartographes":"Laurent Astrade","proprietaire":"73 - Savoie","niveau":"Initiation, Scolaire","specialite":"CO à pied","contacts":"CDCO73","latitude":"45.7168561531","longitude":"6.45652380272","date_saisie":"16/08/2022","date_depot":"22/09/2022","valide":"Oui","ppo":"Non","type_carte":"Nouvelle carte","fond":"Ortho","obsolete":false}},{"type":"Feature","geometry":{"type":"Polygon","coordinates":[[[6.1166,45.438],[6.1189,45.438],[6.1206,45.4387],[6.1223,45.4389],[6.124,45.4384],[6.1277,45.4399],[6.1296,45.4403],[6.1296,45.4409],[6.1281,45.4424],[6.1263,45.4434],[6.1252,45.4448],[6.1221,45.4444],[6.1185,45.4455],[6.1159,45.4445],[6.1147,45.4443],[6.1134,45.4441],[6.1127,45.4422],[6.1116,45.4419],[6.111,45.4412],[6.1139,45.4379],[6.1166,45.438]]]},"properties":{"id_ffco":"2024-D73-186","nom":"ARVILLARD","_dept":"73","numero":"2024-D73-186","commune":"Arvillard","echelle":"1/5000","surface":"0.83 km²","format":"A4","annee":"2024","cartographes":"BARTHELEMY Matthieu","proprietaire":"73 - Savoie","niveau":"Initiation, Scolaire","specialite":"CO à pied","contacts":"CDCO73","latitude":"45.4414815069","longitude":"6.11986602795","date_saisie":"04/09/2024","date_depot":"19/06/2025","valide":"Oui","ppo":"Non","type_carte":"Nouvelle carte","fond":"Ortho","obsolete":false}},{"type":"Feature","geometry":{"type":"Polygon","coordinates":[[[5.9795,45.5705],[5.9793,45.5709],[5.9788,45.571],[5.9786,45.5711],[5.9776,45.5708],[5.9778,45.5704],[5.9783,45.5702],[5.9789,45.5704],[5.9795,45.5705]]]},"properties":{"id_ffco":"2021-D73-184","nom":"ECOLE DE BARBY","_dept":"73","numero":"2021-D73-184","commune":"Barby","echelle":"1/1000","surface":"0.01 km²","format":"A4","annee":"2021","cartographes":"Astrade L.","proprietaire":"73 - Savoie","niveau":"Initiation, Scolaire","specialite":"CO à pied","contacts":"CDCO73","latitude":"45.5706620225","longitude":"5.97850527208","date_saisie":"23/09/2021","date_depot":"13/10/2021","valide":"Oui","ppo":"Non","type_carte":"Nouvelle carte","fond":"Ortho","obsolete":false}},{"type":"Feature","geometry":{"type":"Polygon","coordinates":[[[5.8623,45.6515],[5.8636,45.6531],[5.8638,45.6568],[5.8623,45.6569],[5.8589,45.6565],[5.8596,45.6548],[5.8605,45.6539],[5.8604,45.652],[5.8623,45.6515]]]},"properties":{"id_ffco":"2021-D73-183","nom":"CROIX VERTE","_dept":"73","numero":"2021-D73-183","commune":"Le Bourget du Lac","echelle":"1/2500","surface":"0.16 km²","format":"A4","annee":"2021","cartographes":"Astrade L.","proprietaire":"73 - Savoie","niveau":"Initiation, Scolaire","specialite":"CO à pied","contacts":"CDCO73","latitude":"45.6545830565","longitude":"5.86174810105","date_saisie":"23/09/2021","date_depot":"13/10/2021","valide":"Oui","ppo":"Oui (14 postes)","type_carte":"Nouvelle carte","fond":"Ortho","obsolete":false}},{"type":"Feature","geometry":{"type":"Polygon","coordinates":[[[6.688,45.5246],[6.682,45.5275],[6.6813,45.5304],[6.6826,45.5306],[6.6833,45.5303],[6.6853,45.5303],[6.6859,45.5325],[6.6914,45.5341],[6.6917,45.5376],[6.6908,45.5392],[6.6948,45.5424],[6.7003,45.5418],[6.7021,45.5407],[6.7042,45.5374],[6.7068,45.5333],[6.7066,45.5307],[6.6926,45.524],[6.688,45.5246]]]},"properties":{"id_ffco":"2021-D73-182","nom":"LES FRASSES","_dept":"73","numero":"2021-D73-182","commune":"La Plagne Tarentaise","echelle":"1/10000","surface":"2.3 km²","format":"A4","annee":"2021","cartographes":"Barthélémy Matthieu","proprietaire":"73 - Savoie","niveau":"National, International","specialite":"CO à pied","contacts":"CDCO73","latitude":"45.5325576989","longitude":"6.69529204297","date_saisie":"04/08/2021","date_depot":"13/10/2021","valide":"Oui","ppo":"Non","type_carte":"Nouvelle carte","fond":"Ortho","obsolete":false}},{"type":"Feature","geometry":{"type":"Polygon","coordinates":[[[6.7922,45.5962],[6.791,45.5954],[6.7895,45.5949],[6.7906,45.5927],[6.7894,45.5913],[6.788,45.5898],[6.7876,45.5873],[6.7876,45.5855],[6.7889,45.584],[6.7885,45.5813],[6.7881,45.5796],[6.7865,45.5783],[6.7847,45.5779],[6.7858,45.576],[6.7899,45.5769],[6.7906,45.5804],[6.792,45.5827],[6.7923,45.5837],[6.7903,45.5863],[6.7919,45.587],[6.7925,45.588],[6.7933,45.5882],[6.7936,45.5892],[6.8062,45.5821],[6.8076,45.5845],[6.8105,45.587],[6.8146,45.5882],[6.8158,45.592],[6.8221,45.597],[6.8183,45.5989],[6.8129,45.6],[6.8113,45.6055],[6.8025,45.6071],[6.7983,45.6072],[6.7944,45.6049],[6.7937,45.6032],[6.7928,45.6],[6.7925,45.5986],[6.7937,45.5976],[6.7922,45.5962]]]},"properties":{"id_ffco":"2021-D73-181","nom":"LES ARCS 1600 - LES 2 TETES","_dept":"73","numero":"2021-D73-181","commune":"Bourg-Saint-Maurice","echelle":"1/10000","surface":"4.56 km²","format":"A4","annee":"2021","cartographes":"Barthélémy Matthieu","proprietaire":"73 - Savoie","niveau":"National, International","specialite":"CO à pied","contacts":"CDCO73","latitude":"45.5944606805","longitude":"6.80275167598","date_saisie":"23/09/2021","date_depot":"13/10/2021","valide":"Oui","ppo":"Oui (20 postes)","type_carte":"Reprise","base":"2006-D73-28 LES ARCS","fond":"Laser","obsolete":false}},{"type":"Feature","geometry":{"type":"Polygon","coordinates":[[[6.7656,45.6115],[6.7615,45.6126],[6.7595,45.6141],[6.7592,45.6185],[6.7583,45.6196],[6.7589,45.6206],[6.7626,45.6206],[6.7644,45.6201],[6.7693,45.6223],[6.7716,45.6239],[6.7715,45.6203],[6.7714,45.618],[6.7701,45.6157],[6.7656,45.6115]]]},"properties":{"id_ffco":"2021-D73-180","nom":"BOURG-SAINT-MAURICE","_dept":"73","numero":"2021-D73-180","commune":"Bourg-Saint-Maurice","echelle":"1/4000","surface":"0.83 km²","format":"A3","annee":"2021","cartographes":"Barthélémy Matthieu","proprietaire":"73 - Savoie","niveau":"National, International","specialite":"Sprint (ISSOM)","contacts":"CDCO73","latitude":"45.6172800323","longitude":"6.76523426693","date_saisie":"23/09/2021","date_depot":"13/10/2021","valide":"Oui","ppo":"Oui (12 postes)","type_carte":"Nouvelle carte","fond":"Ortho","obsolete":false}},{"type":"Feature","geometry":{"type":"Polygon","coordinates":[[[5.8732,45.5969],[5.8724,45.5985],[5.8717,45.5984],[5.8712,45.5997],[5.8692,45.5993],[5.8708,45.5982],[5.8718,45.5977],[5.8726,45.5969],[5.8732,45.5969]]]},"properties":{"id_ffco":"2021-D73-179","nom":"GROUPE SCOLAIRE LAMARTINE","_dept":"73","numero":"2021-D73-179","commune":"La Motte Servolex","echelle":"1/1500","surface":"0.03 km²","format":"A4","annee":"2021","cartographes":"Astrade L.","proprietaire":"73 - Savoie","niveau":"Initiation, Scolaire","specialite":"CO à pied","contacts":"CDCO73","latitude":"45.5984221072","longitude":"5.87136030202","date_saisie":"23/09/2021","date_depot":"13/10/2021","valide":"Oui","ppo":"Non","type_carte":"Nouvelle carte","fond":"Ortho","obsolete":false}},{"type":"Feature","geometry":{"type":"Polygon","coordinates":[[[6.4131,45.7481],[6.4128,45.7473],[6.4127,45.7461],[6.4131,45.7457],[6.4162,45.7448],[6.418,45.7447],[6.4207,45.7452],[6.42,45.7458],[6.4184,45.7459],[6.4144,45.7475],[6.4131,45.7481]]]},"properties":{"id_ffco":"2021-D73-178","nom":"UGINE BASE DE LOISIRS","_dept":"73","numero":"2021-D73-178","commune":"Ugine","echelle":"1/2000","surface":"0.11 km²","format":"A4","annee":"2021","cartographes":"Astrade Laurent","proprietaire":"73 - Savoie","niveau":"Initiation, Scolaire","specialite":"CO à pied","contacts":"CDCO73","latitude":"45.7460196362","longitude":"6.41589948559","date_saisie":"12/11/2021","date_depot":"08/02/2022","valide":"Oui","ppo":"Non","type_carte":"Nouvelle carte","fond":"Ortho","obsolete":false}},{"type":"Feature","geometry":{"type":"Polygon","coordinates":[[[5.8907,45.5544],[5.8904,45.5581],[5.8902,45.5602],[5.8905,45.5616],[5.8909,45.5626],[5.8925,45.5623],[5.8935,45.5625],[5.8931,45.5636],[5.8932,45.5642],[5.8942,45.5644],[5.8956,45.5645],[5.8987,45.5643],[5.9006,45.5639],[5.9,45.5626],[5.9011,45.5616],[5.8999,45.5598],[5.9,45.559],[5.8989,45.5579],[5.8983,45.5571],[5.8973,45.5565],[5.8964,45.5558],[5.8949,45.5549],[5.8948,45.5545],[5.8926,45.5535],[5.8907,45.5544]]]},"properties":{"id_ffco":"2025-D73-177","nom":"COGNIN","_dept":"73","numero":"2025-D73-177","commune":"Cognin","echelle":"1/4000","surface":"0.71 km²","format":"A4","annee":"2025","cartographes":"Astrade Laurent, Didier Eric","proprietaire":"73 - Savoie","niveau":"Départemental","specialite":"Sprint (ISSOM)","contacts":"CDCO73","latitude":"45.5595750946","longitude":"5.89507312713","date_saisie":"22/09/2025","date_depot":"22/01/2026","valide":"Oui","ppo":"Non","type_carte":"Nouvelle carte","fond":"Ortho","obsolete":false}},{"type":"Feature","geometry":{"type":"Polygon","coordinates":[[[6.3672,45.6543],[6.373,45.6552],[6.3736,45.653],[6.3717,45.6514],[6.3706,45.651],[6.3672,45.6543]]]},"properties":{"id_ffco":"2025-D73-176","nom":"GRIGNON BASE DE LOISIRS","_dept":"73","numero":"2025-D73-176","commune":"Grignon","echelle":"1/2000","surface":"0.14 km²","format":"A4","annee":"2025","cartographes":"ASTRADE Laurent","proprietaire":"73 - Savoie","niveau":"Initiation, Scolaire","specialite":"CO à pied","contacts":"CDCO73","latitude":"45.6533403549","longitude":"6.37085218532","date_saisie":"24/01/2021","date_depot":"09/03/2021","valide":"Oui","ppo":"Non","type_carte":"Reprise","base":"2025-D73-176 GRIGNON BASE DE LOISIRS","fond":"Ortho","obsolete":false}},{"type":"Feature","geometry":{"type":"Polygon","coordinates":[[[5.9704,45.5708],[5.9705,45.5683],[5.971,45.567],[5.976,45.5694],[5.9752,45.571],[5.9732,45.5716],[5.9704,45.5708]]]},"properties":{"id_ffco":"2020-D73-175","nom":"LES EPINETTES","_dept":"73","numero":"2020-D73-175","commune":"Barby","echelle":"1/2000","surface":"0.14 km²","format":"A4","annee":"2020","cartographes":"ASTRADE Laurent, SILVESTRE Eric","proprietaire":"73 - Savoie","niveau":"Initiation, Scolaire","specialite":"CO à pied","contacts":"CDCO73","latitude":"45.5695774411","longitude":"5.97276637837","date_saisie":"24/01/2021","date_depot":"09/03/2021","valide":"Oui","ppo":"Non","type_carte":"Nouvelle carte","fond":"Ortho","obsolete":false}},{"type":"Feature","geometry":{"type":"Polygon","coordinates":[[[6.6694,45.5551],[6.6699,45.5523],[6.6728,45.5514],[6.6749,45.5504],[6.6765,45.5531],[6.6797,45.5544],[6.6828,45.5557],[6.6846,45.555],[6.6851,45.5559],[6.6856,45.5581],[6.6798,45.5578],[6.6752,45.5567],[6.6717,45.5558],[6.6694,45.5551]]]},"properties":{"id_ffco":"2021-D73-173","nom":"MACOT LA PLAGNE VILLAGE","_dept":"73","numero":"2021-D73-173","commune":"Macôt la Plagne","echelle":"1/4000","surface":"0.51 km²","format":"A4","annee":"2021","cartographes":"Astrade L., Silvestre E.","proprietaire":"73 - Savoie","niveau":"National, International","specialite":"Sprint (ISSOM)","contacts":"CDCO73","latitude":"45.5549133261","longitude":"6.67666500006","date_saisie":"23/09/2021","date_depot":"13/10/2021","valide":"Oui","ppo":"Oui (15 postes)","type_carte":"Nouvelle carte","fond":"Ortho","obsolete":false}},{"type":"Feature","geometry":{"type":"Polygon","coordinates":[[[6.6616,45.5587],[6.6548,45.5601],[6.6574,45.5621],[6.6591,45.5635],[6.664,45.5656],[6.6653,45.5694],[6.6665,45.5741],[6.6645,45.5776],[6.6664,45.5795],[6.6695,45.5775],[6.6731,45.5771],[6.6763,45.5754],[6.6801,45.5762],[6.6833,45.5755],[6.6858,45.5763],[6.6863,45.5783],[6.6859,45.5803],[6.6881,45.5829],[6.6898,45.5834],[6.6975,45.5823],[6.6986,45.5809],[6.6979,45.5773],[6.698,45.5752],[6.6992,45.5732],[6.6957,45.5719],[6.6908,45.5711],[6.6893,45.5716],[6.688,45.5739],[6.6871,45.5736],[6.6858,45.5704],[6.6844,45.5682],[6.6817,45.5683],[6.6825,45.5666],[6.6767,45.5645],[6.6711,45.5625],[6.6653,45.5609],[6.6616,45.5587]]]},"properties":{"id_ffco":"2019-D73-172","nom":"VALEZAN COTE D'AIME","_dept":"73","numero":"2019-D73-172","commune":"La Plagne Tarentaise","echelle":"1/10000","surface":"3.68 km²","format":"A3","annee":"2019","cartographes":"CARTOMATT","proprietaire":"73 - Savoie","niveau":"Régional","specialite":"CO à pied","contacts":"CDCO73","latitude":"45.5716378082","longitude":"6.67831611515","date_saisie":"11/11/2019","date_depot":"27/01/2020","valide":"Oui","ppo":"Oui (28 postes)","type_carte":"Nouvelle carte","fond":"Laser","obsolete":false}},{"type":"Feature","geometry":{"type":"Polygon","coordinates":[[[6.672,45.5065],[6.6733,45.504],[6.6743,45.5042],[6.6771,45.5037],[6.6792,45.504],[6.68,45.507],[6.677,45.5082],[6.6754,45.5071],[6.6733,45.5064],[6.6728,45.5068],[6.672,45.5065]]]},"properties":{"id_ffco":"2019-D73-171","nom":"LA PLAGNE FRONT DE NEIGE","_dept":"73","numero":"2019-D73-171","commune":"La Plagne Tarentaise","echelle":"1/5000","surface":"0.2 km²","format":"A4","annee":"2019","cartographes":"CARTOMATT","proprietaire":"73 - Savoie","niveau":"Initiation, Scolaire","specialite":"CO à pied","latitude":"45.5057087203","longitude":"6.67637339713","date_saisie":"11/11/2019","date_depot":"27/01/2020","valide":"Oui","ppo":"Non","type_carte":"Nouvelle carte","fond":"Ortho","obsolete":false}},{"type":"Feature","geometry":{"type":"Polygon","coordinates":[[[6.6733,45.5064],[6.676,45.5072],[6.6767,45.5081],[6.679,45.5084],[6.6798,45.5092],[6.6798,45.5098],[6.6806,45.5119],[6.6817,45.5118],[6.6814,45.5131],[6.6819,45.5142],[6.6839,45.5137],[6.6876,45.5135],[6.6936,45.5123],[6.6981,45.5151],[6.701,45.5137],[6.7042,45.5113],[6.707,45.511],[6.709,45.5096],[6.7103,45.5079],[6.7125,45.506],[6.7128,45.5031],[6.7133,45.4988],[6.7169,45.4971],[6.7204,45.4977],[6.7232,45.498],[6.7272,45.4976],[6.7292,45.4963],[6.7321,45.4943],[6.7318,45.492],[6.7298,45.491],[6.7266,45.4887],[6.7215,45.4895],[6.7168,45.4885],[6.7123,45.4876],[6.7091,45.4898],[6.7056,45.4924],[6.7023,45.4941],[6.7011,45.4943],[6.6975,45.4973],[6.6963,45.4974],[6.6934,45.4943],[6.691,45.493],[6.6874,45.4933],[6.6854,45.495],[6.6849,45.4974],[6.6843,45.4983],[6.6838,45.4976],[6.6831,45.4951],[6.6804,45.4938],[6.6798,45.4924],[6.6784,45.4918],[6.6752,45.4927],[6.6701,45.4943],[6.6677,45.4965],[6.6661,45.499],[6.6676,45.5041],[6.6694,45.5058],[6.672,45.5071],[6.673,45.5069],[6.6733,45.5064]]]},"properties":{"id_ffco":"2019-D73-170","nom":"LA PLAGNE STATION","_dept":"73","numero":"2019-D73-170","commune":"La Plagne Tarentaise","echelle":"1/10000","surface":"8.17 km²","format":"A3","annee":"2019","cartographes":"CARTOMATT","proprietaire":"73 - Savoie","niveau":"National, International","specialite":"CO à pied","contacts":"CDCO73","latitude":"45.5008106819","longitude":"6.69645879446","date_saisie":"11/11/2019","date_depot":"27/01/2020","valide":"Oui","ppo":"Oui (23 postes)","type_carte":"Extrait","base":"2019-D73-169 LA PLAGNE RAID","fond":"Laser","obsolete":false}},{"type":"Feature","geometry":{"type":"Polygon","coordinates":[[[6.6723,45.4872],[6.6708,45.4891],[6.6627,45.4924],[6.6605,45.494],[6.6605,45.4951],[6.6594,45.4963],[6.6606,45.4987],[6.6596,45.5004],[6.6608,45.502],[6.6606,45.5038],[6.6643,45.5035],[6.6635,45.5058],[6.6642,45.5116],[6.6677,45.5137],[6.6664,45.5161],[6.6647,45.5168],[6.6667,45.5214],[6.6653,45.5226],[6.6666,45.5272],[6.6711,45.5255],[6.6721,45.5266],[6.6711,45.5275],[6.6726,45.529],[6.6756,45.5282],[6.6769,45.5282],[6.6788,45.5296],[6.6816,45.5306],[6.6829,45.5304],[6.684,45.5297],[6.6858,45.5299],[6.688,45.5293],[6.6862,45.5268],[6.6894,45.5258],[6.6886,45.5246],[6.6925,45.5241],[6.6953,45.5216],[6.6982,45.5191],[6.7005,45.5173],[6.702,45.5168],[6.7037,45.5175],[6.7022,45.5192],[6.7013,45.5208],[6.7012,45.5226],[6.7041,45.5238],[6.7131,45.5238],[6.7156,45.5244],[6.7174,45.5233],[6.7195,45.5207],[6.7197,45.5171],[6.7197,45.5117],[6.7241,45.5059],[6.7296,45.4988],[6.7372,45.4924],[6.7323,45.4878],[6.7256,45.4847],[6.7186,45.4882],[6.7146,45.485],[6.7087,45.4891],[6.6988,45.4935],[6.6949,45.4921],[6.6867,45.4906],[6.6829,45.4895],[6.679,45.4897],[6.6757,45.4882],[6.6736,45.4872],[6.6723,45.4872]]]},"properties":{"id_ffco":"2019-D73-169","nom":"LA PLAGNE RAID","_dept":"73","numero":"2019-D73-169","commune":"La Plagne Tarentaise","echelle":"1/15000","surface":"19.26 km²","format":"A3","annee":"2019","cartographes":"CARTOMATT, BARRANGER David","proprietaire":"73 - Savoie","niveau":"National, International","specialite":"Raid'O","contacts":"CDCO73","latitude":"45.5059014116","longitude":"6.69466010728","date_saisie":"11/11/2019","date_depot":"27/01/2020","valide":"Oui","ppo":"Non","type_carte":"Nouvelle carte","fond":"Laser","obsolete":false}},{"type":"Feature","geometry":{"type":"Polygon","coordinates":[[[6.6583,45.5527],[6.6632,45.55],[6.6607,45.549],[6.662,45.5477],[6.6618,45.5458],[6.6629,45.5441],[6.6627,45.5431],[6.6621,45.5416],[6.6608,45.54],[6.661,45.5379],[6.6669,45.5391],[6.6741,45.5425],[6.6782,45.5412],[6.6801,45.541],[6.6821,45.5418],[6.6825,45.5441],[6.6849,45.545],[6.6868,45.5471],[6.6896,45.5489],[6.6957,45.5481],[6.7,45.5471],[6.7009,45.5486],[6.6922,45.554],[6.6858,45.5562],[6.6855,45.557],[6.6882,45.5596],[6.6917,45.5616],[6.6963,45.5627],[6.6961,45.5641],[6.6931,45.5645],[6.6904,45.5642],[6.6895,45.5634],[6.6891,45.5623],[6.6867,45.5627],[6.6844,45.5639],[6.6818,45.5642],[6.6767,45.5627],[6.6739,45.5611],[6.6664,45.5593],[6.6639,45.5575],[6.6597,45.5565],[6.6603,45.5549],[6.6583,45.5527]]]},"properties":{"id_ffco":"2019-D73-168","nom":"MÂCOT LA PLAGNE","_dept":"73","numero":"2019-D73-168","commune":"La Plagne Tarentaise","echelle":"1/10000","surface":"5.18 km²","format":"A3","annee":"2019","cartographes":"CARTOMATT","proprietaire":"73 - Savoie","niveau":"Régional","specialite":"CO à pied","contacts":"CDCO73","latitude":"45.5517761056","longitude":"6.67665041913","date_saisie":"11/11/2019","date_depot":"27/01/2020","valide":"Oui","ppo":"Oui (34 postes)","type_carte":"Nouvelle carte","fond":"Laser","obsolete":false}},{"type":"Feature","geometry":{"type":"Polygon","coordinates":[[[6.7263,45.5375],[6.7213,45.5369],[6.7161,45.5339],[6.714,45.5372],[6.7122,45.5389],[6.7143,45.5415],[6.7162,45.5424],[6.7152,45.5496],[6.7152,45.5513],[6.7247,45.5545],[6.7248,45.5572],[6.7291,45.5592],[6.7348,45.561],[6.7391,45.5612],[6.741,45.5594],[6.7413,45.5563],[6.7403,45.5512],[6.7403,45.5482],[6.734,45.5461],[6.7342,45.5449],[6.7327,45.5441],[6.7326,45.5414],[6.7268,45.5399],[6.7263,45.5375]]]},"properties":{"id_ffco":"2019-D73-167","nom":"MONTCHAVIN LES COCHES","_dept":"73","numero":"2019-D73-167","commune":"La Plagne Tarentaise","echelle":"1/10000","surface":"3.76 km²","format":"A3","annee":"2019","cartographes":"CARTOMATT","proprietaire":"73 - Savoie","niveau":"National, International","specialite":"CO à pied","contacts":"CDCO73","latitude":"45.5484896357","longitude":"6.72725967726","date_saisie":"11/11/2019","date_depot":"28/01/2020","valide":"Oui","ppo":"Oui (21 postes)","type_carte":"Nouvelle carte","fond":"Laser","obsolete":false}},{"type":"Feature","geometry":{"type":"Polygon","coordinates":[[[5.9296,45.5664],[5.9294,45.5649],[5.9279,45.5649],[5.9278,45.5663],[5.9286,45.5663],[5.9296,45.5664]]]},"properties":{"id_ffco":"2019-D73-166","nom":"COLLEGE JULES FERRY","_dept":"73","numero":"2019-D73-166","commune":"Chambéry","echelle":"1/1000","surface":"0.02 km²","format":"A4","annee":"2019","cartographes":"ASTRADE Laurent","proprietaire":"73 - Savoie","niveau":"Initiation, Scolaire","specialite":"CO à pied","contacts":"CDCO73","latitude":"45.5656552948","longitude":"5.9287063892","date_saisie":"10/11/2019","date_depot":"27/01/2020","valide":"Oui","ppo":"Non","type_carte":"Nouvelle carte","fond":"Ortho","obsolete":false}},{"type":"Feature","geometry":{"type":"Polygon","coordinates":[[[6.28,45.5098],[6.2786,45.5106],[6.2798,45.5121],[6.2802,45.5122],[6.2803,45.5118],[6.2813,45.5115],[6.281,45.5105],[6.2803,45.5103],[6.28,45.5098]]]},"properties":{"id_ffco":"2019-D73-165","nom":"LE GRAND FILON site minier des Huretières","_dept":"73","numero":"2019-D73-165","commune":"St-Georges d'Huretières","echelle":"1/1000","surface":"0.03 km²","format":"A4","annee":"2019","cartographes":"ASTRADE Laurent","proprietaire":"73 - Savoie","niveau":"O+","specialite":"CO à pied","latitude":"45.5109677279","longitude":"6.27999886432","date_saisie":"10/11/2019","date_depot":"27/01/2020","valide":"Oui","ppo":"Oui (10 postes)","type_carte":"Nouvelle carte","fond":"Ortho","obsolete":false}},{"type":"Feature","geometry":{"type":"Polygon","coordinates":[[[5.924,45.5706],[5.922,45.5693],[5.922,45.5691],[5.9223,45.5688],[5.9251,45.568],[5.9255,45.5685],[5.9274,45.5686],[5.927,45.5708],[5.9262,45.571],[5.925,45.5699],[5.9245,45.5703],[5.924,45.5706]]]},"properties":{"id_ffco":"2019-D73-164","nom":"CLOS SAVOISIOUX","_dept":"73","numero":"2019-D73-164","commune":"Chambéry","echelle":"1/1500","surface":"0.08 km²","format":"A4","annee":"2019","cartographes":"SILVESTRE Eric","proprietaire":"73 - Savoie","niveau":"Initiation, Scolaire","specialite":"CO à pied","contacts":"CDCO73","latitude":"45.5694115472","longitude":"5.9249374524","date_saisie":"10/11/2019","date_depot":"27/01/2020","valide":"Oui","ppo":"Non","type_carte":"Nouvelle carte","fond":"Ortho","obsolete":false}},{"type":"Feature","geometry":{"type":"Polygon","coordinates":[[[5.7591,45.5439],[5.7898,45.5621],[5.7922,45.5739],[5.8076,45.5784],[5.8147,45.5641],[5.8149,45.5484],[5.819,45.5409],[5.8162,45.5361],[5.8013,45.5374],[5.7858,45.5379],[5.7704,45.5389],[5.7589,45.541],[5.7591,45.5439]]]},"properties":{"id_ffco":"2019-D73-163","nom":"LAC D'AIGUEBELETTE","_dept":"73","numero":"2019-D73-163","commune":"Aiguebelette-le-Lac","echelle":"1/15000","surface":"12.0 km²","format":"A3","annee":"2019","cartographes":"DECHAVANNE Ranck","proprietaire":"73 - Savoie","niveau":"Initiation, Scolaire","specialite":"Rand'O","contacts":"CDCO73","latitude":"45.552657149","longitude":"5.79506927712","date_saisie":"10/11/2019","date_depot":"27/01/2020","valide":"Oui","ppo":"Oui (10 postes)","type_carte":"Nouvelle carte","fond":"Ortho","obsolete":false}},{"type":"Feature","geometry":{"type":"Polygon","coordinates":[[[6.0468,45.5315],[6.0461,45.53],[6.0368,45.5274],[6.034,45.5229],[6.0309,45.5212],[6.0298,45.5197],[6.0311,45.5166],[6.0334,45.5152],[6.0352,45.5155],[6.0392,45.5146],[6.0455,45.5152],[6.0525,45.5178],[6.0566,45.5188],[6.0604,45.5193],[6.0622,45.5211],[6.0643,45.5219],[6.069,45.524],[6.0707,45.5263],[6.0737,45.5285],[6.0759,45.5328],[6.0718,45.5407],[6.0692,45.5409],[6.063,45.5366],[6.0557,45.5343],[6.0545,45.5334],[6.0525,45.5303],[6.0494,45.5302],[6.0468,45.5315]]]},"properties":{"id_ffco":"2018-D73-162","nom":"LAC DE LA THUILE","_dept":"73","numero":"2018-D73-162","commune":"La Thuile","echelle":"1/10000","surface":"5.19 km²","format":"A4","annee":"2018","cartographes":"BARTHELEMY Mattieu, BARRANGER David, ROUX Corentin","proprietaire":"73 - Savoie","niveau":"Régional","specialite":"CO à pied","contacts":"CDCO73","latitude":"45.5261037619","longitude":"6.05409043155","date_saisie":"02/12/2018","date_depot":"28/12/2018","valide":"Oui","ppo":"Non","type_carte":"Nouvelle carte","fond":"Laser","obsolete":false}},{"type":"Feature","geometry":{"type":"Polygon","coordinates":[[[5.7973,45.5642],[5.7947,45.5638],[5.7946,45.5643],[5.7947,45.5655],[5.7942,45.5668],[5.794,45.5676],[5.7942,45.5686],[5.7955,45.5686],[5.7967,45.5664],[5.7973,45.5642]]]},"properties":{"id_ffco":"2024-D73-161","nom":"BASE D'AVIRON - BON VENT - PRE ARGENT","_dept":"73","numero":"2024-D73-161","commune":"Novalaise","echelle":"1/12000","surface":"0.09 km²","format":"A4","annee":"2024","cartographes":"ASTRADE Laurent","proprietaire":"73 - Savoie","niveau":"Initiation, Scolaire","specialite":"CO à pied","contacts":"CDCO73","latitude":"45.5661240106","longitude":"5.79549767606","date_saisie":"02/12/2018","date_depot":"28/12/2018","valide":"Oui","ppo":"Oui (20 postes)","type_carte":"Reprise","base":"2024-D73-161 BASE D'AVIRON - BON VENT - PRE ARGENT","fond":"Ortho","obsolete":false}},{"type":"Feature","geometry":{"type":"Polygon","coordinates":[[[6.0688,45.6244],[6.0749,45.6255],[6.078,45.6369],[6.0784,45.647],[6.0774,45.6524],[6.0743,45.6538],[6.0739,45.6556],[6.0626,45.6538],[6.0541,45.6433],[6.0466,45.6427],[6.0433,45.644],[6.0378,45.6404],[6.0327,45.6339],[6.0347,45.6292],[6.039,45.6298],[6.0469,45.6256],[6.0511,45.6218],[6.0633,45.6243],[6.0688,45.6244]]]},"properties":{"id_ffco":"2025-D73-160","nom":"LE MARGERIAZ","_dept":"73","numero":"2025-D73-160","commune":"Les Aillons","echelle":"1/10000","surface":"8.38 km²","format":"A3","annee":"2025","cartographes":"BARTHELEMY Mattieu","proprietaire":"73 - Savoie","niveau":"National, International","specialite":"CO à pied","contacts":"CDCO73","latitude":"45.6372146386","longitude":"6.05953840478","date_saisie":"02/12/2018","date_depot":"20/05/2019","valide":"Oui","ppo":"Non","type_carte":"Reprise","base":"2025-D73-160 LE MARGERIAZ","fond":"Laser","obsolete":false}},{"type":"Feature","geometry":{"type":"Polygon","coordinates":[[[5.9182,45.7952],[5.9192,45.7938],[5.9198,45.7951],[5.9219,45.7951],[5.9235,45.7945],[5.9241,45.7926],[5.9204,45.7868],[5.919,45.7863],[5.9183,45.784],[5.915,45.7834],[5.9071,45.7826],[5.905,45.7838],[5.902,45.7844],[5.8984,45.7864],[5.8995,45.7871],[5.9005,45.7913],[5.903,45.7984],[5.9056,45.7996],[5.9074,45.7998],[5.9096,45.8013],[5.9139,45.8019],[5.9169,45.8039],[5.9181,45.8016],[5.9181,45.7993],[5.9202,45.7986],[5.9197,45.7963],[5.9182,45.7952]]]},"properties":{"id_ffco":"2018-D73-159","nom":"ALBENS - LES CROUTEAUX","_dept":"73","numero":"2018-D73-159","commune":"Entrelacs","echelle":"1/10000","surface":"2.98 km²","format":"A4","annee":"2018","cartographes":"BARRANGER David","proprietaire":"73 - Savoie","niveau":"Initiation, Scolaire","specialite":"CO à pied","contacts":"CDCO73","latitude":"45.7919816872","longitude":"5.91133206117","date_saisie":"02/12/2018","date_depot":"28/12/2018","valide":"Oui","ppo":"Non","type_carte":"Nouvelle carte","fond":"Ortho","obsolete":false}},{"type":"Feature","geometry":{"type":"Polygon","coordinates":[[[5.9651,45.5738],[5.9693,45.5748],[5.9691,45.5762],[5.968,45.5771],[5.9659,45.5774],[5.9652,45.5773],[5.9641,45.5766],[5.9638,45.5759],[5.964,45.5751],[5.9651,45.5738]]]},"properties":{"id_ffco":"2024-D73-158","nom":"LES BARILLETTES","_dept":"73","numero":"2024-D73-158","commune":"St-Alban-de-Leysse","echelle":"1/2000","surface":"0.12 km²","format":"A4","annee":"2024","cartographes":"SILVESTRE Eric","proprietaire":"73 - Savoie","niveau":"Initiation, Scolaire","specialite":"CO à pied","contacts":"CDCO73","latitude":"45.575692752","longitude":"5.96647148981","date_saisie":"02/12/2018","date_depot":"28/12/2018","valide":"Oui","ppo":"Non","type_carte":"Reprise","base":"2024-D73-158 LES BARILLETTES","fond":"Ortho","obsolete":false}},{"type":"Feature","geometry":{"type":"Polygon","coordinates":[[[6.5887,45.7521],[6.5862,45.7497],[6.5829,45.7482],[6.5809,45.7471],[6.5787,45.7445],[6.5766,45.7422],[6.5743,45.7409],[6.5726,45.7407],[6.5743,45.7445],[6.5775,45.7478],[6.579,45.7502],[6.5834,45.7518],[6.5863,45.7533],[6.5887,45.7521]]]},"properties":{"id_ffco":"2018-D73-157","nom":"HAUTELUCE","_dept":"73","numero":"2018-D73-157","commune":"Hauteluce","echelle":"1/6000","surface":"0.49 km²","format":"A3","annee":"2018","cartographes":"Barranger David","proprietaire":"73 - Savoie","niveau":"Initiation, Scolaire","specialite":"CO à pied","contacts":"OT Hauteluce","latitude":"45.7475693059","longitude":"6.58015708608","date_saisie":"31/01/2018","date_depot":"12/04/2018","valide":"Oui","ppo":"Oui (6 postes)","type_carte":"Nouvelle carte","fond":"Ortho","obsolete":false}},{"type":"Feature","geometry":{"type":"Polygon","coordinates":[[[6.5512,45.76],[6.5507,45.7617],[6.5524,45.7632],[6.5551,45.7624],[6.5585,45.7621],[6.5587,45.7615],[6.5609,45.7623],[6.5616,45.7635],[6.5633,45.764],[6.5637,45.7648],[6.5665,45.7651],[6.5683,45.7645],[6.5696,45.7651],[6.57,45.7649],[6.5691,45.7626],[6.5661,45.7611],[6.5626,45.7591],[6.5592,45.7588],[6.5562,45.7591],[6.5536,45.7586],[6.5522,45.7596],[6.5512,45.76]]]},"properties":{"id_ffco":"2018-D73-156","nom":"SENTIER DES CRÊTES","_dept":"73","numero":"2018-D73-156","commune":"Les Saisies","echelle":"1/6000","surface":"0.58 km²","format":"A4","annee":"2018","cartographes":"Barranger David","proprietaire":"73 - Savoie","niveau":"Initiation, Scolaire","specialite":"CO à pied","contacts":"OT Les Saisies","latitude":"45.7615640566","longitude":"6.56030331896","date_saisie":"31/01/2018","date_depot":"12/04/2018","valide":"Oui","ppo":"Oui (7 postes)","type_carte":"Nouvelle carte","fond":"Ortho","obsolete":false}},{"type":"Feature","geometry":{"type":"Polygon","coordinates":[[[6.217,45.2313],[6.2165,45.2304],[6.2163,45.2293],[6.2154,45.2279],[6.2135,45.2271],[6.2105,45.2254],[6.2073,45.224],[6.2061,45.222],[6.2063,45.2198],[6.2063,45.2178],[6.2029,45.2177],[6.1994,45.2191],[6.2015,45.2243],[6.2008,45.2257],[6.1985,45.2265],[6.1969,45.2279],[6.199,45.2319],[6.2024,45.2299],[6.2028,45.2281],[6.2036,45.2276],[6.2045,45.2278],[6.2045,45.2285],[6.2089,45.2306],[6.2147,45.2332],[6.217,45.2313]]]},"properties":{"id_ffco":"2018-D73-154","nom":"COL DE LA CROIX DE FER","_dept":"73","numero":"2018-D73-154","commune":"St-Sorlin d'Arves","echelle":"1/7500","surface":"1.18 km²","format":"A4","annee":"2018","cartographes":"Cotirta Marian","proprietaire":"73 - Savoie","niveau":"Départemental","specialite":"CO à pied","contacts":"CDCO73","latitude":"45.2261911987","longitude":"6.20614642042","date_saisie":"01/02/2018","date_depot":"12/04/2018","valide":"Oui","ppo":"Non","type_carte":"Nouvelle carte","fond":"Ortho","obsolete":false}},{"type":"Feature","geometry":{"type":"Polygon","coordinates":[[[5.9485,45.7866],[5.9455,45.7858],[5.9464,45.7894],[5.9483,45.7895],[5.9485,45.7866]]]},"properties":{"id_ffco":"2018-D73-153","nom":"ALBENS - COLLEGE J. PREVERT GYMNASE","_dept":"73","numero":"2018-D73-153","commune":"Entrelacs","echelle":"1/2000","surface":"0.07 km²","format":"A4","annee":"2018","cartographes":"ASTRADE Laurent","proprietaire":"73 - Savoie","niveau":"Initiation, Scolaire","specialite":"CO à pied","contacts":"CDCO73","latitude":"45.7877004203","longitude":"5.94710441257","date_saisie":"31/01/2018","date_depot":"12/04/2018","valide":"Oui","ppo":"Non","type_carte":"Nouvelle carte","fond":"Ortho","obsolete":false}},{"type":"Feature","geometry":{"type":"Polygon","coordinates":[[[6.4965,45.5064],[6.5008,45.5094],[6.4983,45.5116],[6.4954,45.5128],[6.4915,45.5124],[6.4892,45.5117],[6.4908,45.51],[6.4899,45.5093],[6.4922,45.5077],[6.4943,45.5072],[6.4965,45.5064]]]},"properties":{"id_ffco":"2025-D73-152","nom":"BASE DE LOISIRS DU MOREL","_dept":"73","numero":"2025-D73-152","commune":"Aigueblanche","echelle":"1/5000","surface":"0.39 km²","format":"A4","annee":"2025","cartographes":"Barthélémy Matthieu","proprietaire":"73 - Savoie","niveau":"Initiation, Scolaire","specialite":"CO à pied","contacts":"CDCO73","latitude":"45.5098726547","longitude":"6.49490520321","date_saisie":"30/10/2017","date_depot":"21/11/2017","valide":"Oui","ppo":"Non","type_carte":"Reprise","base":"2025-D73-152 BASE DE LOISIRS DU MOREL","fond":"Ortho","obsolete":false}},{"type":"Feature","geometry":{"type":"Polygon","coordinates":[[[5.7753,45.5093],[5.7742,45.5083],[5.7738,45.5075],[5.7749,45.5071],[5.7761,45.507],[5.7769,45.5084],[5.7761,45.5089],[5.7753,45.5093]]]},"properties":{"id_ffco":"2017-D73-151","nom":"ATTIGNAT-ONCINS","_dept":"73","numero":"2017-D73-151","commune":"Attignat-Oncins","echelle":"1/1000","surface":"0.04 km²","format":"A4","annee":"2017","cartographes":"Astrade Laurent","proprietaire":"73 - Savoie","niveau":"Initiation, Scolaire","specialite":"CO à pied","contacts":"CDCO73","latitude":"45.5080421338","longitude":"5.77538606383","date_saisie":"30/10/2017","date_depot":"21/11/2017","valide":"Oui","ppo":"Non","type_carte":"Nouvelle carte","fond":"Ortho","obsolete":false}},{"type":"Feature","geometry":{"type":"Polygon","coordinates":[[[6.8168,45.5185],[6.8101,45.5164],[6.8061,45.5178],[6.803,45.5176],[6.7999,45.5165],[6.7969,45.518],[6.791,45.519],[6.7866,45.5217],[6.7839,45.5253],[6.7818,45.5271],[6.7799,45.5284],[6.7835,45.5298],[6.787,45.5276],[6.7909,45.5265],[6.795,45.5256],[6.7994,45.524],[6.8021,45.5229],[6.8055,45.5215],[6.8105,45.5208],[6.8141,45.5201],[6.8168,45.5197],[6.8168,45.5185]]]},"properties":{"id_ffco":"2017-D73-149","nom":"PEISEY-NANCROIX","_dept":"73","numero":"2017-D73-149","commune":"Peisey-Nancroix","echelle":"1/7500","surface":"1.59 km²","format":"A4","annee":"2017","cartographes":"Barranger David","proprietaire":"Commune Peisey-Nancroix","niveau":"Initiation, Scolaire","specialite":"CO à pied","contacts":"OT Peisy-Nancroix","latitude":"45.5218195879","longitude":"6.79714421753","date_saisie":"30/10/2017","date_depot":"20/11/2017","valide":"Oui","ppo":"Oui (10 postes)","type_carte":"Nouvelle carte","fond":"Ortho","obsolete":false}},{"type":"Feature","geometry":{"type":"Polygon","coordinates":[[[6.3483,45.2595],[6.347,45.259],[6.3447,45.2572],[6.343,45.2547],[6.3408,45.2523],[6.336,45.25],[6.333,45.2485],[6.3316,45.2458],[6.3291,45.2448],[6.3275,45.2438],[6.326,45.2397],[6.3251,45.2381],[6.3238,45.2356],[6.3246,45.235],[6.3276,45.2323],[6.3302,45.2314],[6.3331,45.2304],[6.3349,45.2297],[6.3347,45.2278],[6.3353,45.2258],[6.3334,45.2239],[6.3269,45.2241],[6.3243,45.2233],[6.3239,45.2214],[6.3256,45.219],[6.3284,45.2159],[6.3287,45.2117],[6.3286,45.209],[6.3339,45.2064],[6.3402,45.2046],[6.3441,45.2013],[6.3542,45.2027],[6.36,45.205],[6.3644,45.2094],[6.3682,45.208],[6.3747,45.2102],[6.3759,45.2125],[6.373,45.2172],[6.369,45.2205],[6.3644,45.2229],[6.3643,45.2247],[6.3667,45.2273],[6.3694,45.2287],[6.3715,45.2301],[6.373,45.2318],[6.3726,45.2374],[6.3713,45.2381],[6.3672,45.2364],[6.3634,45.2369],[6.3633,45.2401],[6.3628,45.2435],[6.3621,45.246],[6.3613,45.2485],[6.3577,45.25],[6.3554,45.2525],[6.3547,45.254],[6.3517,45.2584],[6.3493,45.2595],[6.3483,45.2595]]]},"properties":{"id_ffco":"2017-D73-148","nom":"LES ALBIEZ","_dept":"73","numero":"2017-D73-148","commune":"Albiez-Montrond","echelle":"1/10000","surface":"16.51 km²","format":"A3","annee":"2017","cartographes":"Marian Cortita","proprietaire":"73 - Savoie","niveau":"Régional","specialite":"CO à pied","contacts":"CDCO73","latitude":"45.227753219","longitude":"6.34856617143","date_saisie":"26/07/2017","date_depot":"11/09/2017","valide":"Oui","ppo":"Oui (25 postes)","type_carte":"Nouvelle carte","fond":"Ortho","obsolete":false}},{"type":"Feature","geometry":{"type":"Polygon","coordinates":[[[5.9921,45.5704],[5.9894,45.57],[5.9847,45.5699],[5.9847,45.5677],[5.9844,45.5655],[5.985,45.5641],[5.986,45.5639],[5.9867,45.5624],[5.987,45.561],[5.9876,45.5593],[5.9884,45.5583],[5.988,45.5571],[5.9877,45.555],[5.9875,45.5525],[5.9891,45.5524],[5.9894,45.5492],[5.9901,45.5466],[5.9911,45.5447],[5.994,45.5394],[5.9961,45.5395],[5.9952,45.5437],[5.9956,45.5505],[5.9955,45.555],[5.9987,45.5557],[6.0013,45.5596],[6.0033,45.5616],[6.0025,45.5655],[5.9971,45.5653],[5.996,45.568],[5.9933,45.569],[5.9931,45.5703],[5.9921,45.5704]]]},"properties":{"id_ffco":"2017-D73-147","nom":"CHALLES-LES-EAUX","_dept":"73","numero":"2017-D73-147","commune":"Challes-les-Eaux","echelle":"1/10000","surface":"2.42 km²","format":"A4","annee":"2017","cartographes":"David Barranger","proprietaire":"73 - Savoie","niveau":"Initiation, Scolaire","specialite":"CO à pied","contacts":"CDCO73","latitude":"45.55854891","longitude":"5.99302214513","date_saisie":"26/07/2017","date_depot":"11/09/2017","valide":"Oui","ppo":"Oui (10 postes)","type_carte":"Nouvelle carte","fond":"Ortho","obsolete":false}},{"type":"Feature","geometry":{"type":"Polygon","coordinates":[[[6.5226,45.4873],[6.5249,45.4835],[6.5255,45.4819],[6.5282,45.481],[6.5309,45.482],[6.5366,45.4829],[6.5359,45.4836],[6.5373,45.4852],[6.5367,45.4861],[6.5354,45.4875],[6.5328,45.487],[6.5305,45.4885],[6.528,45.4893],[6.5226,45.4873]]]},"properties":{"id_ffco":"2017-D73-146","nom":"VILLE DE MOUTIERS","_dept":"73","numero":"2017-D73-146","commune":"moûtiers","echelle":"1/5000","surface":"0.66 km²","format":"A4","annee":"2017","cartographes":"M. Barthélémy","proprietaire":"73 - Savoie","niveau":"Régional","specialite":"Sprint (ISSOM)","contacts":"CDCO 73, cdco73@free.fr, https://sites.google.com/site/cdco73/home","latitude":"45.4851615016","longitude":"6.52973198064","date_saisie":"05/04/2017","date_depot":"24/05/2017","valide":"Oui","ppo":"Non","type_carte":"Nouvelle carte","fond":"Ortho","obsolete":false}},{"type":"Feature","geometry":{"type":"Polygon","coordinates":[[[5.974,45.5972],[5.9728,45.5934],[5.9742,45.5902],[5.9764,45.5876],[5.9798,45.585],[5.9816,45.5841],[5.9869,45.5853],[5.9908,45.5841],[5.9944,45.5844],[5.9983,45.5836],[6.0021,45.584],[6.0061,45.5857],[6.0089,45.5864],[6.0086,45.5912],[6.0075,45.5936],[6.0018,45.5926],[5.9869,45.5938],[5.9803,45.5962],[5.9766,45.5977],[5.974,45.5972]]]},"properties":{"id_ffco":"2017-D73-145","nom":"St-JEAN D'ARVEY","_dept":"73","numero":"2017-D73-145","commune":"St-Jean d'Arvey","echelle":"1/10000","surface":"2.8 km²","format":"A4","annee":"2017","cartographes":"BARRANGER David","proprietaire":"73 - Savoie","niveau":"Départemental","specialite":"CO à pied","contacts":"CDCO73","latitude":"45.5897166596","longitude":"5.990278756","date_saisie":"28/01/2017","date_depot":"24/05/2017","valide":"Oui","ppo":"Oui (15 postes)","type_carte":"Nouvelle carte","fond":"Ortho","obsolete":false}},{"type":"Feature","geometry":{"type":"Polygon","coordinates":[[[6.3191,45.1788],[6.3163,45.1822],[6.3195,45.1841],[6.315,45.1908],[6.3159,45.195],[6.3171,45.1958],[6.322,45.1927],[6.3308,45.1911],[6.3342,45.1884],[6.3381,45.1854],[6.3393,45.1826],[6.3409,45.1813],[6.34,45.1788],[6.3404,45.1758],[6.3416,45.1719],[6.3431,45.168],[6.3364,45.1647],[6.3354,45.1679],[6.3348,45.1723],[6.3318,45.175],[6.327,45.1765],[6.3223,45.1776],[6.3191,45.1788]]]},"properties":{"id_ffco":"2016-D73-144","nom":"LES CHABOTTES","_dept":"73","numero":"2016-D73-144","commune":"Albiez","echelle":"1/7500","surface":"3.44 km²","format":"A4","annee":"2016","cartographes":"LEQUINT Rémi, GOUVERNEUR Antoine","proprietaire":"73 - Savoie","niveau":"Régional","specialite":"CO à pied","contacts":"CDCO73","latitude":"45.1818101233","longitude":"6.32936809195","date_saisie":"28/10/2016","date_depot":"21/11/2016","valide":"Oui","ppo":"Oui (10 postes)","type_carte":"Nouvelle carte","fond":"Ortho","obsolete":false}},{"type":"Feature","geometry":{"type":"Polygon","coordinates":[[[6.0988,45.4474],[6.0998,45.4457],[6.0982,45.445],[6.0987,45.4431],[6.1007,45.444],[6.1059,45.4453],[6.1087,45.4463],[6.1121,45.4481],[6.1147,45.4487],[6.1137,45.4501],[6.11,45.4494],[6.1018,45.4492],[6.0988,45.4474]]]},"properties":{"id_ffco":"2016-D73-143","nom":"DETRIER LES RIBOLLETS","_dept":"73","numero":"2016-D73-143","commune":"La Rochette","echelle":"1/5000","surface":"0.46 km²","format":"A4","annee":"2016","cartographes":"Barranger David","proprietaire":"73 - Savoie","niveau":"Initiation, Scolaire","specialite":"CO à pied","contacts":"CDCO73","latitude":"45.4471824051","longitude":"6.10517802442","date_saisie":"13/09/2016","date_depot":"04/10/2016","valide":"Oui","ppo":"Non","type_carte":"Nouvelle carte","fond":"Ortho","obsolete":false}},{"type":"Feature","geometry":{"type":"Polygon","coordinates":[[[6.5276,45.4766],[6.5276,45.477],[6.5283,45.4801],[6.5263,45.4806],[6.5264,45.4797],[6.5259,45.4788],[6.5257,45.4779],[6.5258,45.477],[6.5262,45.4765],[6.5276,45.4766]]]},"properties":{"id_ffco":"2022-D73-142","nom":"COMPLEXE SPORTIF","_dept":"73","numero":"2022-D73-142","commune":"Moûtiers","echelle":"1/2000","surface":"0.06 km²","format":"A4","annee":"2022","cartographes":"Astrade Laurent","proprietaire":"73 - Savoie","niveau":"Initiation, Scolaire","specialite":"CO à pied","contacts":"CDCO73","latitude":"45.478488635","longitude":"6.52694471436","date_saisie":"13/09/2016","date_depot":"04/10/2016","valide":"Oui","ppo":"Non","type_carte":"Reprise","base":"2022-D73-142 COMPLEXE SPORTIF","fond":"Ortho","obsolete":false}},{"type":"Feature","geometry":{"type":"Polygon","coordinates":[[[5.9919,45.6812],[5.9852,45.6743],[5.979,45.6674],[5.9789,45.6599],[5.9808,45.653],[5.9809,45.6463],[5.9874,45.642],[5.994,45.6421],[5.9976,45.6443],[6.0048,45.6463],[6.0144,45.6476],[6.0273,45.6598],[6.0297,45.6688],[6.0297,45.6756],[6.0335,45.679],[6.0413,45.6838],[6.0371,45.6894],[6.0307,45.6857],[6.0252,45.6853],[6.0204,45.6811],[6.0127,45.6814],[6.0039,45.681],[5.9998,45.6823],[5.9919,45.6812]]]},"properties":{"id_ffco":"2016-D73-141","nom":"PLATEAU DU REVARD","_dept":"73","numero":"2016-D73-141","commune":"Les Déserts","echelle":"1/15000","surface":"14.68 km²","format":"A3","annee":"2016","cartographes":"BARTHELEMY Matthieu","proprietaire":"73 - Savoie","niveau":"National, International","specialite":"CO à VTT","contacts":"CDCO73","latitude":"45.6648810352","longitude":"6.00534472146","date_saisie":"13/09/2016","date_depot":"04/10/2016","valide":"Oui","ppo":"Non","type_carte":"Reprise","base":"2020-D73-76 LA GRANDE TEPPE","fond":"Ortho","obsolete":false}},{"type":"Feature","geometry":{"type":"Polygon","coordinates":[[[5.7571,45.4387],[5.7561,45.437],[5.755,45.4363],[5.7541,45.4362],[5.7543,45.4355],[5.7547,45.435],[5.7557,45.4355],[5.7573,45.4351],[5.7588,45.4351],[5.76,45.4353],[5.761,45.436],[5.7608,45.4378],[5.7598,45.4392],[5.7577,45.4386],[5.7571,45.4387]]]},"properties":{"id_ffco":"2016-D73-140","nom":"RIVIER'ALP","_dept":"73","numero":"2016-D73-140","commune":"Les Echelles","echelle":"1/2500","surface":"0.16 km²","format":"A4","annee":"2016","cartographes":"Dechavanne Franck","proprietaire":"73 - Savoie","niveau":"Initiation, Scolaire","specialite":"CO à pied","contacts":"CDCO73","latitude":"45.4368086745","longitude":"5.75815072508","date_saisie":"13/09/2016","date_depot":"04/10/2016","valide":"Oui","ppo":"Oui (15 postes)","type_carte":"Nouvelle carte","fond":"Ortho","obsolete":false}},{"type":"Feature","geometry":{"type":"Polygon","coordinates":[[[6.3896,45.6609],[6.3917,45.6592],[6.3959,45.6579],[6.3996,45.6585],[6.4028,45.6583],[6.4059,45.6576],[6.4094,45.6575],[6.4107,45.6582],[6.4135,45.6582],[6.4141,45.6602],[6.4098,45.6613],[6.4072,45.6621],[6.4023,45.6624],[6.398,45.6622],[6.3948,45.6624],[6.3912,45.6623],[6.3896,45.6609]]]},"properties":{"id_ffco":"2016-D73-139","nom":"FORET DE RHONNE","_dept":"73","numero":"2016-D73-139","commune":"Albertville","echelle":"1/7500","surface":"0.76 km²","format":"A4","annee":"2016","cartographes":"Barranger David","proprietaire":"73 - Savoie","niveau":"Initiation, Scolaire","specialite":"CO à pied","contacts":"CDCO73","latitude":"45.6601134948","longitude":"6.40181777701","date_saisie":"13/09/2016","date_depot":"04/10/2016","valide":"Oui","ppo":"Non","type_carte":"Nouvelle carte","fond":"Ortho","obsolete":false}},{"type":"Feature","geometry":{"type":"Polygon","coordinates":[[[5.8787,45.5952],[5.8793,45.5935],[5.8804,45.592],[5.8833,45.5928],[5.8855,45.5935],[5.8858,45.5936],[5.8857,45.5952],[5.885,45.5964],[5.8843,45.5964],[5.8811,45.5957],[5.8787,45.5952]]]},"properties":{"id_ffco":"2024-D73-138","nom":"COMLEXE SPORTIF RAOUL VILLOT","_dept":"73","numero":"2024-D73-138","commune":"La Motte Servolex","echelle":"1/2000","surface":"0.18 km²","format":"A4","annee":"2024","cartographes":"Astrade Laurent","proprietaire":"73 - Savoie","niveau":"O+","specialite":"CO à pied","contacts":"CDCO73","latitude":"45.5943128061","longitude":"5.88241416909","date_saisie":"13/09/2016","date_depot":"04/10/2016","valide":"Oui","ppo":"Non","type_carte":"Reprise","base":"2024-D73-138 COMLEXE SPORTIF RAOUL VILLOT","fond":"Ortho","obsolete":false}},{"type":"Feature","geometry":{"type":"Polygon","coordinates":[[[6.191,45.4759],[6.1899,45.4758],[6.188,45.4748],[6.1876,45.4743],[6.1863,45.4742],[6.186,45.4729],[6.1865,45.4721],[6.1868,45.4717],[6.1867,45.4711],[6.1876,45.4708],[6.1881,45.4705],[6.1905,45.4711],[6.1918,45.4705],[6.197,45.4694],[6.1997,45.4703],[6.2,45.4711],[6.1989,45.4714],[6.1969,45.4728],[6.1934,45.4741],[6.1917,45.4756],[6.191,45.4759]]]},"properties":{"id_ffco":"2016-D73-137","nom":"VILLARD DE LA TABLE","_dept":"73","numero":"2016-D73-137","commune":"La Rochette","echelle":"1/5000","surface":"0.43 km²","format":"A4","annee":"2016","cartographes":"Barranger David","proprietaire":"73 - Savoie","niveau":"Initiation, Scolaire","specialite":"CO à pied","contacts":"CDCO73","latitude":"45.4723746223","longitude":"6.19232328669","date_saisie":"13/09/2016","date_depot":"04/10/2016","valide":"Oui","ppo":"Non","type_carte":"Nouvelle carte","fond":"Ortho","obsolete":false}},{"type":"Feature","geometry":{"type":"Polygon","coordinates":[[[6.5503,45.5093],[6.5504,45.5072],[6.5498,45.5057],[6.5483,45.5043],[6.5459,45.5041],[6.5441,45.5049],[6.5422,45.5048],[6.5402,45.5039],[6.5385,45.5035],[6.5365,45.5043],[6.5378,45.5067],[6.5401,45.5083],[6.5434,45.5101],[6.5457,45.5103],[6.5483,45.5099],[6.5503,45.5093]]]},"properties":{"id_ffco":"2015-D73-136","nom":"LE BREUIL","_dept":"73","numero":"2015-D73-136","commune":"Hautecour","echelle":"1/5000","surface":"0.55 km²","format":"A4","annee":"2015","cartographes":"Franck Dechavanne","proprietaire":"73 - Savoie","niveau":"Initiation, Scolaire","specialite":"CO à pied","contacts":"CDCO 73, cdco73@free.fr, https://sites.google.com/site/cdco73/home","latitude":"45.5069010542","longitude":"6.54412108483","date_saisie":"28/12/2015","date_depot":"27/01/2016","valide":"Oui","ppo":"Non","type_carte":"Nouvelle carte","fond":"Ortho","obsolete":false}},{"type":"Feature","geometry":{"type":"Polygon","coordinates":[[[6.3966,45.673],[6.3955,45.6718],[6.3957,45.67],[6.3985,45.6695],[6.4026,45.6711],[6.4098,45.6726],[6.4129,45.6752],[6.4095,45.6804],[6.4047,45.6789],[6.4014,45.6762],[6.398,45.674],[6.3966,45.673]]]},"properties":{"id_ffco":"2015-D73-135","nom":"CONFLANS","_dept":"73","numero":"2015-D73-135","commune":"Albertville","echelle":"1/7500","surface":"0.84 km²","format":"A4","annee":"2015","cartographes":"BARRANGER David","proprietaire":"73 - Savoie","niveau":"Départemental","specialite":"CO à pied","latitude":"45.674616372","longitude":"6.40460766518","date_saisie":"14/10/2015","date_depot":"27/11/2015","valide":"Oui","ppo":"Oui (12 postes)","type_carte":"Reprise","base":"2015-D73-135 CONFLANS","fond":"Ortho","obsolete":false}},{"type":"Feature","geometry":{"type":"Polygon","coordinates":[[[5.7893,45.5578],[5.7878,45.5563],[5.786,45.5552],[5.7857,45.5543],[5.7824,45.5532],[5.7811,45.5511],[5.7844,45.5487],[5.7915,45.5531],[5.7937,45.5547],[5.7893,45.5578]]]},"properties":{"id_ffco":"2015-D73-134","nom":"BASE DE LOISIRS DU SOUGEY","_dept":"73","numero":"2015-D73-134","commune":"St Alban de Montbel","echelle":"1/5000","surface":"0.44 km²","format":"A4","annee":"2015","cartographes":"DECHAVANNE Franck","proprietaire":"73 - Savoie","niveau":"Initiation, Scolaire","specialite":"CO à pied","contacts":"CDCO73","latitude":"45.553150042","longitude":"5.78724203688","date_saisie":"14/10/2015","date_depot":"27/11/2015","valide":"Oui","ppo":"Non","type_carte":"Nouvelle carte","fond":"Ortho","obsolete":false}},{"type":"Feature","geometry":{"type":"Polygon","coordinates":[[[6.4461,45.594],[6.4454,45.5937],[6.4444,45.5943],[6.4407,45.5943],[6.4429,45.5907],[6.4465,45.5926],[6.4461,45.594]]]},"properties":{"id_ffco":"2023-D73-133","nom":"St-PAUL S/ISERE","_dept":"73","numero":"2023-D73-133","commune":"St-Paul S/Isère","echelle":"1/2500","surface":"0.11 km²","format":"A4","annee":"2023","cartographes":"DECHAVANNE Franck, ROCHE Nicolas","proprietaire":"73 - Savoie","niveau":"Initiation, Scolaire","specialite":"CO à pied","contacts":"CDCO73","latitude":"45.5928829342","longitude":"6.44364164627","date_saisie":"14/10/2015","date_depot":"27/11/2015","valide":"Oui","ppo":"Non","type_carte":"Reprise","base":"2023-D73-133 St-PAUL S/ISERE","fond":"Ortho","obsolete":false}},{"type":"Feature","geometry":{"type":"Polygon","coordinates":[[[6.6024,45.5485],[6.6014,45.547],[6.6015,45.544],[6.6045,45.5434],[6.6063,45.5427],[6.6085,45.5436],[6.6096,45.5454],[6.6094,45.5464],[6.6073,45.5472],[6.6041,45.5484],[6.6024,45.5485]]]},"properties":{"id_ffco":"2023-D73-132","nom":"LA GLIERE","_dept":"73","numero":"2023-D73-132","commune":"Villette","echelle":"1/3000","surface":"0.29 km²","format":"A4","annee":"2023","cartographes":"DECHAVANNE Franck","proprietaire":"73 - Savoie","niveau":"Initiation, Scolaire","specialite":"CO à pied","contacts":"CDCO73","latitude":"45.5456056602","longitude":"6.60516842716","date_saisie":"14/10/2015","date_depot":"27/11/2015","valide":"Oui","ppo":"Non","type_carte":"Reprise","base":"2023-D73-132 LA GLIERE","fond":"Ortho","obsolete":false}},{"type":"Feature","geometry":{"type":"Polygon","coordinates":[[[6.5973,45.5333],[6.5963,45.5326],[6.5961,45.5319],[6.597,45.5313],[6.5984,45.5319],[6.5992,45.5324],[6.5973,45.5333]]]},"properties":{"id_ffco":"2023-D73-131","nom":"CENTRON BASE DE LOISIRS","_dept":"73","numero":"2023-D73-131","commune":"Centron","echelle":"1/5000","surface":"0.03 km²","format":"A4","annee":"2023","cartographes":"DECHAVANNE Franck","proprietaire":"73 - Savoie","niveau":"Initiation, Scolaire","specialite":"CO à pied","contacts":"CDCO73","latitude":"45.5322852724","longitude":"6.59744246906","date_saisie":"14/10/2015","date_depot":"27/11/2015","valide":"Oui","ppo":"Non","type_carte":"Reprise","base":"2023-D73-131 CENTRON BASE DE LOISIRS","fond":"Ortho","obsolete":false}},{"type":"Feature","geometry":{"type":"Polygon","coordinates":[[[6.2744,45.3896],[6.2696,45.3911],[6.2694,45.3929],[6.2701,45.3941],[6.2719,45.3962],[6.2731,45.3971],[6.274,45.3953],[6.2743,45.3925],[6.2744,45.3896]]]},"properties":{"id_ffco":"2015-D73-130","nom":"LE LAC BLEU","_dept":"73","numero":"2015-D73-130","commune":"St-Rémy-de-Maurienne","echelle":"1/2500","surface":"0.21 km²","format":"A4","annee":"2015","cartographes":"Ludovic Feron","proprietaire":"73 - Savoie","niveau":"Initiation, Scolaire","specialite":"CO à pied","contacts":"CDCO73","latitude":"45.3930036561","longitude":"6.27219401468","date_saisie":"29/12/2015","date_depot":"27/01/2016","valide":"Oui","ppo":"Non","type_carte":"Nouvelle carte","fond":"Ortho","obsolete":false}},{"type":"Feature","geometry":{"type":"Polygon","coordinates":[[[6.9769,45.4481],[6.9768,45.4475],[6.9751,45.4472],[6.9759,45.4454],[6.9797,45.4433],[6.983,45.4454],[6.9832,45.4461],[6.9843,45.4461],[6.9843,45.4464],[6.9836,45.4468],[6.9825,45.4468],[6.9788,45.448],[6.9769,45.4481]]]},"properties":{"id_ffco":"2015-D73-128","nom":"PARC DES SPORTS CHARLES DIEBOLD","_dept":"73","numero":"2015-D73-128","commune":"Val d'Isère","echelle":"1/3000","surface":"0.21 km²","format":"A4","annee":"2015","cartographes":"BARRANGER David","proprietaire":"SOGEVALDI","niveau":"Initiation, Scolaire","specialite":"CO à pied","latitude":"45.4459490664","longitude":"6.9793206508","date_saisie":"07/07/2015","date_depot":"27/11/2015","valide":"Oui","ppo":"Oui (15 postes)","type_carte":"Nouvelle carte","fond":"Ortho","obsolete":false}},{"type":"Feature","geometry":{"type":"Polygon","coordinates":[[[6.3061,45.3914],[6.3037,45.392],[6.304,45.3956],[6.3054,45.399],[6.3064,45.4025],[6.3076,45.4068],[6.3077,45.4087],[6.3085,45.4122],[6.311,45.4117],[6.3096,45.4091],[6.3099,45.408],[6.3114,45.4072],[6.3131,45.4074],[6.3146,45.4068],[6.3155,45.4101],[6.3181,45.4138],[6.3217,45.4144],[6.3267,45.4139],[6.3274,45.4129],[6.3271,45.411],[6.3222,45.4094],[6.3195,45.4065],[6.3163,45.4028],[6.3155,45.4007],[6.3144,45.3982],[6.3098,45.3963],[6.3061,45.3914]]]},"properties":{"id_ffco":"2015-D73-127","nom":"LAC DE LA GRANDE LECHERE","_dept":"73","numero":"2015-D73-127","commune":"Montgellafrey","echelle":"1/10000","surface":"1.72 km²","format":"A4","annee":"2015","cartographes":"Cortita, Marcheguay","proprietaire":"Mairie Montgellafrey","niveau":"Régional","specialite":"CO à pied","contacts":"CDCO73","latitude":"45.4044931724","longitude":"6.31350910634","date_saisie":"14/10/2015","date_depot":"27/11/2015","valide":"Oui","ppo":"Oui (39 postes)","type_carte":"Nouvelle carte","fond":"Ortho","obsolete":false}},{"type":"Feature","geometry":{"type":"Polygon","coordinates":[[[6.3262,45.2908],[6.3274,45.2897],[6.3334,45.2887],[6.3373,45.2902],[6.3366,45.2915],[6.3373,45.2927],[6.3395,45.2936],[6.3412,45.2937],[6.3428,45.2955],[6.344,45.2966],[6.34,45.2994],[6.3367,45.3011],[6.3354,45.3032],[6.3343,45.3036],[6.3316,45.3029],[6.3294,45.3025],[6.327,45.3053],[6.3243,45.3066],[6.3204,45.3071],[6.3162,45.3052],[6.3112,45.2991],[6.3137,45.293],[6.3173,45.2925],[6.3192,45.2915],[6.3219,45.2924],[6.325,45.2914],[6.3262,45.2908]]]},"properties":{"id_ffco":"2015-D73-126","nom":"LE SAPEY","_dept":"73","numero":"2015-D73-126","commune":"Jarrier","echelle":"1/10000","surface":"3.21 km²","format":"A4","annee":"2015","cartographes":"BARRANGER David","proprietaire":"73 - Savoie","niveau":"Régional","specialite":"CO à pied","contacts":"CDCO73","latitude":"45.2976865763","longitude":"6.32639528699","date_saisie":"07/07/2015","date_depot":"27/11/2015","valide":"Oui","ppo":"Oui (30 postes)","type_carte":"Nouvelle carte","fond":"Ortho","obsolete":false}},{"type":"Feature","geometry":{"type":"Polygon","coordinates":[[[6.9836,45.4467],[6.9756,45.4465],[6.9738,45.4434],[6.9725,45.4412],[6.9727,45.4406],[6.9716,45.4391],[6.9701,45.4368],[6.9691,45.4348],[6.9703,45.4322],[6.971,45.4288],[6.9745,45.4274],[6.9759,45.4306],[6.9786,45.4377],[6.9802,45.4406],[6.9825,45.4427],[6.9813,45.4448],[6.9832,45.4455],[6.9836,45.4467]]]},"properties":{"id_ffco":"2015-D73-125","nom":"VALLEE DU MANCHET","_dept":"73","numero":"2015-D73-125","commune":"Val d'Isère","echelle":"1/7500","surface":"1.17 km²","format":"A4","annee":"2015","cartographes":"BARRANGER David","proprietaire":"SOGEVALDI","niveau":"Initiation, Scolaire","specialite":"CO à pied","latitude":"45.4380843064","longitude":"6.97549346329","date_saisie":"07/07/2015","date_depot":"27/11/2015","valide":"Oui","ppo":"Oui (20 postes)","type_carte":"Nouvelle carte","fond":"Ortho","obsolete":false}},{"type":"Feature","geometry":{"type":"Polygon","coordinates":[[[5.8801,45.592],[5.8797,45.5917],[5.8796,45.5912],[5.8796,45.5902],[5.8791,45.59],[5.8791,45.5895],[5.8792,45.5891],[5.8795,45.5885],[5.8799,45.5882],[5.8826,45.5886],[5.8815,45.5904],[5.8805,45.592],[5.8801,45.592]]]},"properties":{"id_ffco":"2023-D73-124","nom":"COMPLEXE SPORTIF BEAUREGARD","_dept":"73","numero":"2023-D73-124","commune":"La-Motte-Servolex","echelle":"1/1500","surface":"0.07 km²","format":"A4","annee":"2023","cartographes":"ASTRADE Laurent, BASSIEUX PE","proprietaire":"73 - Savoie","niveau":"O+","specialite":"CO à pied","contacts":"CDCO 73, cdco73@free.fr, https://sites.google.com/site/cdco73/home","latitude":"45.5897861215","longitude":"5.88059668567","date_saisie":"28/04/2015","date_depot":"20/10/2015","valide":"Oui","ppo":"Non","type_carte":"Reprise","base":"2023-D73-124 COMPLEXE SPORTIF BEAUREGARD","fond":"Ortho","obsolete":false}},{"type":"Feature","geometry":{"type":"Polygon","coordinates":[[[6.1204,45.4663],[6.1168,45.4637],[6.1177,45.4613],[6.114,45.459],[6.1138,45.4574],[6.1161,45.4557],[6.1176,45.4559],[6.1198,45.4527],[6.1207,45.4533],[6.1198,45.456],[6.1208,45.4586],[6.1226,45.4614],[6.125,45.4636],[6.1225,45.4656],[6.1204,45.4663]]]},"properties":{"id_ffco":"2022-D73-123","nom":"LA ROCHETTE","_dept":"73","numero":"2022-D73-123","commune":"La Rochette","echelle":"1/4000","surface":"0.57 km²","format":"A3","annee":"2022","cartographes":"BARRANGER David","proprietaire":"73 - Savoie","niveau":"Régional","specialite":"Sprint (ISSOM)","contacts":"CDCO 73, cdco73@free.fr, https://sites.google.com/site/cdco73/home","latitude":"45.4603481993","longitude":"6.11920744989","date_saisie":"29/04/2015","date_depot":"10/12/2015","valide":"Oui","ppo":"Non","type_carte":"Reprise","base":"2022-D73-123 LA ROCHETTE","fond":"Ortho","obsolete":false}},{"type":"Feature","geometry":{"type":"Polygon","coordinates":[[[5.8905,45.56],[5.8912,45.5551],[5.8912,45.5542],[5.8873,45.5535],[5.8846,45.555],[5.8836,45.5548],[5.8799,45.555],[5.8774,45.5556],[5.8749,45.5568],[5.8749,45.5615],[5.8789,45.5619],[5.8832,45.5612],[5.8877,45.5605],[5.8905,45.56]]]},"properties":{"id_ffco":"2023-D73-122","nom":"FOREZAN","_dept":"73","numero":"2023-D73-122","commune":"Cognin","echelle":"1/5000","surface":"0.88 km²","format":"A4","annee":"2023","cartographes":"DECHAVANNE Franck","proprietaire":"73 - Savoie","niveau":"Initiation, Scolaire","specialite":"CO à pied","contacts":"CDCO73","latitude":"45.5579143339","longitude":"5.88308335195","date_saisie":"13/10/2015","date_depot":"27/11/2015","valide":"Oui","ppo":"Oui (28 postes)","type_carte":"Reprise","base":"2023-D73-122 FOREZAN","fond":"Ortho","obsolete":false}},{"type":"Feature","geometry":{"type":"Polygon","coordinates":[[[5.8585,45.453],[5.8581,45.4486],[5.8575,45.4454],[5.8606,45.4456],[5.8637,45.4442],[5.8654,45.4479],[5.8664,45.4518],[5.8644,45.4561],[5.8622,45.4577],[5.8614,45.4615],[5.8588,45.4629],[5.8536,45.4626],[5.8519,45.459],[5.8542,45.4562],[5.8572,45.4544],[5.8585,45.453]]]},"properties":{"id_ffco":"2015-D73-121","nom":"ESPACE NORDIQUE DES ENTREMONTS SUD","_dept":"73","numero":"2015-D73-121","commune":"Entremont-le-Vieux","echelle":"1/7500","surface":"1.26 km²","format":"A4","annee":"2015","cartographes":"ASTRADE Laurent, ASTRADE Gaspard","proprietaire":"7305 - ESPACE CHAMBERY ORIENTATION 73 - ECHO 73","niveau":"National, International","specialite":"CO à ski","contacts":"CDCO 73, cdco73@free.fr, https://sites.google.com/site/cdco73/home","latitude":"45.4543065583","longitude":"5.85987603164","date_saisie":"18/03/2015","date_depot":"07/03/2015","valide":"Oui","ppo":"Non","type_carte":"Nouvelle carte","fond":"Ortho","obsolete":false}},{"type":"Feature","geometry":{"type":"Polygon","coordinates":[[[6.7697,45.6067],[6.7701,45.6062],[6.7708,45.6056],[6.7691,45.6042],[6.7673,45.603],[6.767,45.602],[6.766,45.6009],[6.7648,45.5995],[6.7626,45.5986],[6.7616,45.5993],[6.7591,45.5997],[6.7594,45.6001],[6.7605,45.6009],[6.7618,45.6012],[6.7615,45.6019],[6.7636,45.6024],[6.7647,45.6031],[6.7655,45.6034],[6.766,45.6034],[6.7672,45.6041],[6.7676,45.6053],[6.7686,45.6062],[6.7697,45.6067]]]},"properties":{"id_ffco":"2015-D73-120","nom":"BASE D'EAUX VIVES","_dept":"73","numero":"2015-D73-120","commune":"Bourg St-Maurice","echelle":"1/4000","surface":"0.23 km²","format":"A4","annee":"2015","cartographes":"ASTRADE Laurent","proprietaire":"73 - Savoie","niveau":"Initiation, Scolaire","specialite":"CO à pied","contacts":"CDCO 73, cdco73@free.fr, https://sites.google.com/site/cdco73/home","latitude":"45.6020077996","longitude":"6.76491549822","date_saisie":"28/03/2015","date_depot":"24/07/2015","valide":"Oui","ppo":"Non","type_carte":"Nouvelle carte","fond":"Ortho","obsolete":false}},{"type":"Feature","geometry":{"type":"Polygon","coordinates":[[[6.1507,45.5701],[6.1538,45.5744],[6.1556,45.5751],[6.1582,45.5744],[6.1641,45.5738],[6.1645,45.573],[6.1662,45.5713],[6.1663,45.5697],[6.1606,45.569],[6.1584,45.5672],[6.1564,45.5677],[6.1532,45.5677],[6.1511,45.5676],[6.1508,45.5684],[6.1508,45.5694],[6.1507,45.5701]]]},"properties":{"id_ffco":"2014-D73-119","nom":"ST-PIERRE D'ALBIGNY","_dept":"73","numero":"2014-D73-119","commune":"St-Pierre-d'Albigny","echelle":"1/4500","surface":"0.72 km²","format":"A4","annee":"2014","cartographes":"BARTHELEMY Matthieu","proprietaire":"7309 - COURSE D'ORIENTATION COEUR DE SAVOIE","niveau":"Départemental","specialite":"Sprint (ISSOM)","contacts":"CDCO 73, cdco73@free.fr, https://sites.google.com/site/cdco73/home","latitude":"45.5710597584","longitude":"6.15793314896","date_saisie":"23/03/2015","date_depot":"06/05/2015","valide":"Oui","ppo":"Non","type_carte":"Nouvelle carte","fond":"Ortho","obsolete":false}},{"type":"Feature","geometry":{"type":"Polygon","coordinates":[[[6.3032,45.2857],[6.303,45.2863],[6.3041,45.2878],[6.3009,45.2896],[6.2971,45.2894],[6.291,45.2915],[6.2866,45.2917],[6.2846,45.2902],[6.2835,45.2886],[6.2832,45.286],[6.2834,45.2843],[6.287,45.2829],[6.2892,45.2822],[6.2911,45.2821],[6.2935,45.2812],[6.2965,45.2801],[6.2981,45.28],[6.2999,45.2806],[6.3011,45.2822],[6.3009,45.2831],[6.3026,45.2846],[6.3032,45.2857]]]},"properties":{"id_ffco":"2014-D73-118","nom":"LES CHAMBEAUX","_dept":"73","numero":"2014-D73-118","commune":"Jarrier","echelle":"1/7500","surface":"1.44 km²","format":"A4","annee":"2014","cartographes":"BARRANGER David","proprietaire":"73 - Savoie","niveau":"Départemental","specialite":"CO à pied","latitude":"45.2861070404","longitude":"6.29319981777","date_saisie":"23/12/2014","date_depot":"02/05/2015","valide":"Oui","ppo":"Oui (20 postes)","type_carte":"Nouvelle carte","fond":"Ortho","obsolete":false}},{"type":"Feature","geometry":{"type":"Polygon","coordinates":[[[6.6527,45.1902],[6.6511,45.1882],[6.6512,45.1875],[6.654,45.1882],[6.657,45.1896],[6.6605,45.1908],[6.6638,45.1923],[6.6679,45.1942],[6.6694,45.1961],[6.6706,45.1967],[6.6712,45.1971],[6.6707,45.1978],[6.6679,45.1973],[6.6667,45.1982],[6.6625,45.1947],[6.6615,45.1935],[6.6549,45.1907],[6.6527,45.1902]]]},"properties":{"id_ffco":"2024-D73-117","nom":"BARDONNECHE","_dept":"73","numero":"2024-D73-117","commune":"Modane","echelle":"1/6500","surface":"0.43 km²","format":"A4","annee":"2024","cartographes":"DECHAVANNE Franck","proprietaire":"73 - Savoie","niveau":"Initiation, Scolaire","specialite":"CO à pied","latitude":"45.1930374913","longitude":"6.66178126445","date_saisie":"22/12/2014","date_depot":"02/05/2015","valide":"Oui","ppo":"Non","type_carte":"Reprise","base":"2024-D73-117 BARDONNECHE","fond":"Ortho","obsolete":false}},{"type":"Feature","geometry":{"type":"Polygon","coordinates":[[[6.6484,45.4427],[6.6488,45.4407],[6.6479,45.4384],[6.6479,45.437],[6.6488,45.4354],[6.6518,45.4348],[6.6583,45.4359],[6.6607,45.4367],[6.667,45.4378],[6.6672,45.4394],[6.669,45.4405],[6.6733,45.4404],[6.6771,45.4399],[6.6825,45.4414],[6.6844,45.4417],[6.6827,45.4431],[6.6811,45.4428],[6.6758,45.443],[6.6736,45.4427],[6.6703,45.443],[6.6671,45.443],[6.6642,45.4431],[6.6577,45.4437],[6.6524,45.443],[6.6484,45.4427]]]},"properties":{"id_ffco":"2022-D73-116","nom":"LES COUDRES","_dept":"73","numero":"2022-D73-116","commune":"Bozel","echelle":"1/10000","surface":"1.52 km²","format":"A4","annee":"2022","cartographes":"DECHAVANNE Franck","proprietaire":"73 - Savoie","niveau":"Régional","specialite":"CO à pied","contacts":"CONSEIL GENERAL SAVOIE, 04 79 70 63 10","latitude":"45.4400553543","longitude":"6.66121254504","date_saisie":"22/12/2014","date_depot":"02/05/2015","valide":"Oui","ppo":"Oui (19 postes)","type_carte":"Reprise","base":"2022-D73-116 LES COUDRES","fond":"Ortho","obsolete":false}},{"type":"Feature","geometry":{"type":"Polygon","coordinates":[[[6.6394,45.4428],[6.641,45.445],[6.6474,45.4444],[6.6485,45.4458],[6.6524,45.4451],[6.657,45.444],[6.6593,45.4435],[6.6598,45.4424],[6.6574,45.4418],[6.6554,45.4411],[6.651,45.4396],[6.6487,45.44],[6.6469,45.44],[6.6436,45.4412],[6.6414,45.4417],[6.6394,45.4428]]]},"properties":{"id_ffco":"2014-D73-115","nom":"BOZEL VILLAGE","_dept":"73","numero":"2014-D73-115","commune":"Bozel","echelle":"1/5000","surface":"0.65 km²","format":"A4","annee":"2014","cartographes":"DECHAVANNE Franck","proprietaire":"73 - Savoie","niveau":"Départemental","specialite":"Sprint (ISSOM)","contacts":"CONSEIL GENERAL SAVOIE, 04 79 70 63 10","latitude":"45.4427183572","longitude":"6.64935252636","date_saisie":"23/12/2014","date_depot":"02/05/2015","valide":"Oui","ppo":"Oui (21 postes)","type_carte":"Nouvelle carte","fond":"Ortho","obsolete":false}},{"type":"Feature","geometry":{"type":"Polygon","coordinates":[[[5.8647,45.4837],[5.861,45.4776],[5.8586,45.4699],[5.8557,45.4643],[5.8597,45.4628],[5.865,45.4631],[5.8727,45.4608],[5.8764,45.4652],[5.8736,45.4708],[5.8757,45.4745],[5.8791,45.4758],[5.8774,45.4798],[5.8709,45.4796],[5.8682,45.48],[5.8672,45.4828],[5.8647,45.4837]]]},"properties":{"id_ffco":"2015-D73-114","nom":"ESPACE NORDIQUE DES ENTREMONTS NORD","_dept":"73","numero":"2015-D73-114","commune":"Entremont-le-Vieux","echelle":"1/7500","surface":"2.7 km²","format":"A4","annee":"2015","cartographes":"ASTRADE Laurent, ASTRADE Gaspard","proprietaire":"7305 - ESPACE CHAMBERY ORIENTATION 73 - ECHO 73","niveau":"National, International","specialite":"CO à ski","contacts":"CDCO 73, cdco73@free.fr, https://sites.google.com/site/cdco73/home","latitude":"45.4713489818","longitude":"5.86743713987","date_saisie":"18/03/2015","date_depot":"06/05/2015","valide":"Oui","ppo":"Non","type_carte":"Nouvelle carte","fond":"Ortho","obsolete":false}},{"type":"Feature","geometry":{"type":"Polygon","coordinates":[[[6.1366,45.6854],[6.1375,45.6858],[6.1373,45.6875],[6.138,45.6894],[6.1386,45.6913],[6.1393,45.693],[6.1392,45.6939],[6.1373,45.6952],[6.1344,45.6988],[6.1314,45.7004],[6.1292,45.699],[6.1303,45.6958],[6.1311,45.6925],[6.1323,45.6901],[6.1339,45.688],[6.1366,45.6854]]]},"properties":{"id_ffco":"2024-D73-113","nom":"LA MOTTE EN BAUGES","_dept":"73","numero":"2024-D73-113","commune":"Le Châtelard","echelle":"1/6000","surface":"0.69 km²","format":"A4","annee":"2024","cartographes":"FLEURENT Théo","proprietaire":"73 - Savoie","niveau":"Initiation, Scolaire","specialite":"CO à pied","contacts":"CONSEIL GENERAL SAVOIE, 04 79 70 63 10","latitude":"45.6933743532","longitude":"6.13435539215","date_saisie":"22/12/2014","date_depot":"02/05/2015","valide":"Oui","ppo":"Non","type_carte":"Reprise","base":"2006-D73-111 LES GRANGES","fond":"Ortho","obsolete":false}},{"type":"Feature","geometry":{"type":"Polygon","coordinates":[[[6.3704,45.6941],[6.3729,45.7002],[6.3751,45.7056],[6.3789,45.7075],[6.3848,45.7084],[6.3915,45.7028],[6.3944,45.6996],[6.3905,45.6928],[6.3811,45.6911],[6.3757,45.6921],[6.3732,45.6907],[6.3697,45.6924],[6.3704,45.6941]]]},"properties":{"id_ffco":"2025-D73-110","nom":"LE TAL","_dept":"73","numero":"2025-D73-110","commune":"Allondaz / Pallud","echelle":"1/10000","surface":"2.54 km²","format":"A4","annee":"2025","cartographes":"BARTHELEMY Mattieu","proprietaire":"73 - Savoie","niveau":"Départemental","specialite":"CO à pied","contacts":"CONSEIL GENERAL SAVOIE, 04 79 70 63 10","latitude":"45.69956","longitude":"6.38207","date_saisie":"19/07/2013","date_depot":"20/11/2009","valide":"Oui","ppo":"Non","type_carte":"Reprise","base":"2025-D73-110 LE TAL","fond":"Ortho","obsolete":false}},{"type":"Feature","geometry":{"type":"Polygon","coordinates":[[[5.7281,45.5937],[5.7287,45.5941],[5.7298,45.594],[5.7314,45.5937],[5.736,45.5922],[5.7384,45.5914],[5.74,45.5928],[5.7412,45.5934],[5.743,45.5933],[5.7441,45.5931],[5.7444,45.5923],[5.7448,45.5921],[5.7463,45.5918],[5.747,45.5913],[5.747,45.5909],[5.7469,45.5901],[5.7459,45.5897],[5.7451,45.5894],[5.7446,45.5893],[5.7443,45.5887],[5.744,45.5877],[5.7435,45.587],[5.7424,45.5866],[5.7423,45.5858],[5.7413,45.585],[5.7412,45.5839],[5.7411,45.5827],[5.7421,45.5829],[5.743,45.583],[5.7441,45.5825],[5.7442,45.5823],[5.7438,45.5819],[5.7426,45.5814],[5.7421,45.581],[5.7419,45.5808],[5.7417,45.5801],[5.7417,45.5797],[5.7409,45.5794],[5.7393,45.5789],[5.7385,45.5785],[5.7384,45.5775],[5.7387,45.5767],[5.7388,45.5758],[5.7386,45.5754],[5.739,45.5744],[5.7396,45.5733],[5.7391,45.5712],[5.7397,45.5703],[5.741,45.5686],[5.7415,45.5678],[5.7412,45.567],[5.7407,45.5665],[5.7389,45.5662],[5.7368,45.5665],[5.7366,45.5666],[5.7359,45.5664],[5.7352,45.566],[5.735,45.5654],[5.7338,45.5654],[5.7332,45.5651],[5.7323,45.5649],[5.7312,45.565],[5.731,45.5665],[5.7311,45.5688],[5.732,45.5724],[5.7327,45.5744],[5.7321,45.5763],[5.7309,45.5786],[5.7302,45.5794],[5.7307,45.5806],[5.7304,45.5812],[5.7295,45.5823],[5.7288,45.5833],[5.7283,45.5841],[5.728,45.585],[5.7276,45.5859],[5.7277,45.5873],[5.728,45.5887],[5.7284,45.5909],[5.7284,45.5921],[5.7282,45.5931],[5.7281,45.5937],[5.7281,45.5937]]]},"properties":{"id_ffco":"2012-D73-107","nom":"LE MONTBEL","_dept":"73","numero":"2012-D73-107","commune":"Novalaise","echelle":"1/10000","surface":"2.69 km²","format":"A4","annee":"2012","cartographes":"DECHAVANNE Franck","proprietaire":"73 - Savoie","niveau":"Régional","specialite":"CO à pied","contacts":"CONSEIL GENERAL SAVOIE, 04 79 70 63 10","latitude":"45.57952","longitude":"5.73733","date_saisie":"19/07/2013","date_depot":"27/11/2015","valide":"Oui","ppo":"Non","type_carte":"Nouvelle carte","fond":"Ortho","obsolete":false}},{"type":"Feature","geometry":{"type":"Polygon","coordinates":[[[5.7724,45.5964],[5.7717,45.5971],[5.7714,45.5977],[5.7713,45.5983],[5.7714,45.5987],[5.7718,45.5989],[5.7722,45.599],[5.773,45.5994],[5.7742,45.601],[5.7745,45.6011],[5.7754,45.6012],[5.7766,45.6006],[5.7772,45.5999],[5.7772,45.5997],[5.7773,45.5995],[5.7772,45.5994],[5.7767,45.5989],[5.7759,45.5986],[5.7756,45.5981],[5.7753,45.5979],[5.7747,45.5974],[5.7742,45.5973],[5.7731,45.5967],[5.7725,45.5964],[5.7725,45.5963],[5.7724,45.5964]]]},"properties":{"id_ffco":"2023-D73-106","nom":"COLLEGE DE L'EPINE","_dept":"73","numero":"2023-D73-106","commune":"NOVALAISE","echelle":"1/2500","surface":"0.13 km²","format":"A4","annee":"2023","cartographes":"PLOCKYN Daniel","proprietaire":"CONSEIL GENERAL SAVOIE","niveau":"Initiation, Scolaire","specialite":"CO à pied","contacts":"CONSEIL GENERAL SAVOIE, 04 79 70 63 10","latitude":"45.59875","longitude":"5.77436","date_saisie":"19/07/2013","date_depot":"20/11/2009","valide":"Oui","ppo":"Non","type_carte":"Reprise","base":"2023-D73-106 COLLEGE DE L'EPINE","fond":"Cadastre","obsolete":false}},{"type":"Feature","geometry":{"type":"Polygon","coordinates":[[[5.9471,45.5504],[5.9479,45.5507],[5.9479,45.5513],[5.9482,45.5519],[5.9506,45.553],[5.9528,45.5536],[5.9536,45.5539],[5.9548,45.5534],[5.9558,45.5521],[5.9571,45.5504],[5.9578,45.549],[5.9577,45.5472],[5.9578,45.5465],[5.959,45.5441],[5.9592,45.5436],[5.959,45.5424],[5.9586,45.5416],[5.9585,45.5411],[5.9566,45.5407],[5.9546,45.5406],[5.9538,45.5402],[5.953,45.5391],[5.952,45.5388],[5.9508,45.5391],[5.9498,45.5394],[5.9491,45.5397],[5.9489,45.5403],[5.9482,45.5408],[5.9479,45.5412],[5.9476,45.545],[5.9473,45.5472],[5.9466,45.5489],[5.9471,45.5498],[5.9472,45.5501],[5.9471,45.5504],[5.9471,45.5504]]]},"properties":{"id_ffco":"2024-D73-104","nom":"LA VILLETTE","_dept":"73","numero":"2024-D73-104","commune":"LA RAVOIRE","echelle":"1/3500","surface":"1.16 km²","format":"A4","annee":"2024","cartographes":"PLOCKYN Daniel","proprietaire":"CONSEIL GENERAL SAVOIE","niveau":"Initiation, Scolaire","specialite":"CO à pied","contacts":"CONSEIL GENERAL SAVOIE, 04 79 70 63 10","latitude":"45.54634","longitude":"5.95293","date_saisie":"19/07/2013","valide":"Oui","ppo":"Non","type_carte":"Reprise","base":"2024-D73-104 LA VILLETTE","fond":"Ortho","obsolete":false}},{"type":"Feature","geometry":{"type":"Polygon","coordinates":[[[6.0416,45.5042],[6.042,45.5047],[6.0422,45.5053],[6.0422,45.5055],[6.0423,45.5059],[6.0429,45.506],[6.0435,45.5067],[6.0449,45.5066],[6.0449,45.5069],[6.0477,45.507],[6.0486,45.5068],[6.0506,45.5065],[6.0516,45.5063],[6.0525,45.5065],[6.0534,45.5068],[6.0542,45.5069],[6.0549,45.5069],[6.0556,45.5061],[6.0556,45.5054],[6.0554,45.5051],[6.0537,45.5045],[6.0525,45.5039],[6.0504,45.5033],[6.0485,45.5028],[6.0463,45.5027],[6.0453,45.5029],[6.0445,45.503],[6.0423,45.5035],[6.0418,45.5041],[6.0416,45.5042],[6.0418,45.5042],[6.0417,45.5042],[6.0417,45.5042],[6.0416,45.5042]]]},"properties":{"id_ffco":"2024-D73-103","nom":"LA MALADIERE","_dept":"73","numero":"2024-D73-103","commune":"Montmélian","echelle":"1/5000","surface":"0.38 km²","format":"A4","annee":"2024","cartographes":"DECHAVANNE Franck","proprietaire":"7305 - ESPACE CHAMBERY ORIENTATION 73 - ECHO 73","niveau":"Initiation, Scolaire","specialite":"CO à pied","contacts":"CDCO 73, cdco73@free.fr, https://sites.google.com/site/cdco73/home","latitude":"45.50486","longitude":"6.04863","date_saisie":"19/07/2013","date_depot":"27/11/2015","valide":"Oui","ppo":"Non","type_carte":"Reprise","base":"2024-D73-103 LA MALADIERE","fond":"Ortho","obsolete":false}},{"type":"Feature","geometry":{"type":"Polygon","coordinates":[[[5.9169,45.6852],[5.9181,45.6852],[5.9189,45.685],[5.9196,45.6849],[5.9203,45.6848],[5.9208,45.6846],[5.9211,45.6841],[5.9211,45.6834],[5.9206,45.6827],[5.92,45.6822],[5.9197,45.6817],[5.9196,45.6812],[5.9196,45.6811],[5.9198,45.6811],[5.9197,45.6811],[5.9195,45.6804],[5.9192,45.6798],[5.9186,45.6793],[5.9179,45.6788],[5.9177,45.6789],[5.9177,45.6788],[5.917,45.6799],[5.9166,45.6801],[5.9159,45.6804],[5.9147,45.6807],[5.9139,45.6811],[5.9138,45.6815],[5.9141,45.6819],[5.9158,45.683],[5.9166,45.6842],[5.9168,45.6849],[5.9169,45.6852],[5.9169,45.6852]]]},"properties":{"id_ffco":"2020-D73-102","nom":"LE BOIS VIDAL","_dept":"73","numero":"2020-D73-102","commune":"AIX-LES-BAINS","echelle":"1/2500","surface":"0.22 km²","format":"A4","annee":"2020","cartographes":"PLOCKYN Daniel, BARTHELEMY Mattieu","proprietaire":"73 - Savoie","niveau":"Initiation, Scolaire","specialite":"CO à pied","contacts":"CONSEIL GENERAL SAVOIE, 04 79 70 63 10","latitude":"45.68199","longitude":"5.91748","date_saisie":"19/07/2013","date_depot":"27/01/2026","valide":"Oui","ppo":"Oui (35 postes)","type_carte":"Reprise","base":"2020-D73-102 LE BOIS VIDAL","fond":"Ortho","obsolete":false}},{"type":"Feature","geometry":{"type":"Polygon","coordinates":[[[5.936,45.5646],[5.9369,45.5664],[5.9371,45.5665],[5.9375,45.5665],[5.9399,45.5662],[5.9415,45.5657],[5.9412,45.565],[5.942,45.5647],[5.9415,45.564],[5.9418,45.5635],[5.9419,45.5627],[5.9425,45.5616],[5.9425,45.5608],[5.9417,45.5602],[5.9388,45.5594],[5.9385,45.56],[5.938,45.5604],[5.9372,45.5609],[5.9368,45.5609],[5.9364,45.561],[5.9361,45.561],[5.936,45.5613],[5.9362,45.5627],[5.9367,45.5638],[5.9366,45.5643],[5.936,45.5646],[5.936,45.5646]]]},"properties":{"id_ffco":"2022-D73-101","nom":"PARC DE BUISSON ROND","_dept":"73","numero":"2022-D73-101","commune":"Chambéry","echelle":"1/4000","surface":"0.29 km²","format":"A4","annee":"2022","cartographes":"DECHAVANNE Franck, ANDRIEUX Xavier","proprietaire":"7305 - ESPACE CHAMBERY ORIENTATION 73 - ECHO 73","niveau":"Initiation, Scolaire","specialite":"CO à pied","contacts":"CDCO 73, cdco73@free.fr, https://sites.google.com/site/cdco73/home","latitude":"45.563","longitude":"5.93925","date_saisie":"19/07/2013","date_depot":"27/11/2015","valide":"Oui","ppo":"Non","type_carte":"Reprise","base":"2022-D73-101 PARC DE BUISSON ROND","fond":"Ortho","obsolete":false}},{"type":"Feature","geometry":{"type":"Polygon","coordinates":[[[5.7974,45.5789],[5.8044,45.5801],[5.803,45.5824],[5.8024,45.5853],[5.8001,45.5885],[5.8001,45.5916],[5.8014,45.5935],[5.8002,45.5987],[5.7949,45.6],[5.7923,45.5938],[5.7954,45.5911],[5.7953,45.588],[5.7939,45.5854],[5.795,45.5825],[5.7974,45.5789]]]},"properties":{"id_ffco":"2014-D73-100","nom":"GROTTE DU LOUP","_dept":"73","numero":"2014-D73-100","commune":"Nances","echelle":"1/10000","surface":"1.2 km²","format":"A4","annee":"2014","cartographes":"DECHAVANNE Franck","proprietaire":"73 - Savoie","niveau":"Régional","specialite":"CO à pied","contacts":"CDCO 73, cdco73@free.fr, https://sites.google.com/site/cdco73/home","latitude":"45.5893","longitude":"5.7986","date_saisie":"24/10/2014","date_depot":"30/12/2014","valide":"Oui","ppo":"Oui (23 postes)","type_carte":"Nouvelle carte","fond":"Ortho","obsolete":false}},{"type":"Feature","geometry":{"type":"Polygon","coordinates":[[[6.7778,45.6129],[6.7762,45.6135],[6.7738,45.6155],[6.7736,45.6167],[6.7731,45.6191],[6.7729,45.6197],[6.7739,45.6202],[6.7748,45.62],[6.7769,45.6204],[6.7779,45.6204],[6.7756,45.6222],[6.7788,45.6236],[6.7804,45.6238],[6.7837,45.6233],[6.786,45.6227],[6.7876,45.6222],[6.7892,45.6214],[6.7892,45.6204],[6.7883,45.6183],[6.7882,45.6178],[6.7864,45.6168],[6.7837,45.6155],[6.7806,45.6144],[6.7787,45.6136],[6.7784,45.6133],[6.7778,45.6129],[6.7778,45.6129]]]},"properties":{"id_ffco":"2014-D73-03","nom":"LES MARAIS","_dept":"73","numero":"2014-D73-03","commune":"BOURG-SAINT-MAURICE","echelle":"1/5000","surface":"0.99 km²","format":"A4","annee":"2014","cartographes":"DECHAVANNE Franck","proprietaire":"73 - Savoie","niveau":"Initiation, Scolaire","specialite":"CO à pied","contacts":"CDCO 73, cdco73@free.fr, https://sites.google.com/site/cdco73/home","latitude":"45.61831","longitude":"6.78104","date_saisie":"19/07/2013","date_depot":"21/02/1997","valide":"Oui","ppo":"Non","type_carte":"Reprise","base":"2014-D73-03 LES MARAIS","fond":"Ortho","obsolete":false}}]}