{"type":"FeatureCollection","features":[{"type":"Feature","geometry":{"type":"Polygon","coordinates":[[[6.1355,45.8937],[6.1403,45.8912],[6.1423,45.8908],[6.1423,45.889],[6.1419,45.8852],[6.1408,45.883],[6.1407,45.88],[6.1319,45.8801],[6.1309,45.8858],[6.1297,45.8874],[6.1304,45.8884],[6.1326,45.8915],[6.1345,45.8912],[6.1355,45.8937]]]},"properties":{"id_ffco":"7285","nom":"LA PUYA","_dept":"74","numero":"1984-D74-9999","commune":"74000 ANNECY,","echelle":"1/5000","surface":"1.07 km²","format":"A4","annee":"1984","cartographes":"GORET Gilles","niveau":"Départemental","specialite":"CO à pied","contacts":"CDCO 74, cdco74ra@free.fr, http://www.cdco74.fr/","latitude":"45.88775","longitude":"6.13634","date_saisie":"13/03/2014","valide":"Non","ppo":"Non","obsolete":true}},{"type":"Feature","geometry":{"type":"Polygon","coordinates":[[[6.2307,45.776],[6.2296,45.774],[6.2284,45.7681],[6.2358,45.7658],[6.2353,45.7712],[6.2337,45.7755],[6.231,45.7764],[6.2315,45.7763],[6.2313,45.7764],[6.2307,45.776]]]},"properties":{"id_ffco":"6332","nom":"LA SERRAZ","_dept":"74","numero":"1988-D74-9993","commune":"DOUSSARD","echelle":"1/5000","surface":"0.44 km²","format":"A4","annee":"1988","cartographes":"CROZET Bernard","proprietaire":"SANS ADRESSE","niveau":"Départemental","specialite":"CO à pied","contacts":"SANS ADRESSE","latitude":"45.7711","longitude":"6.2321","date_saisie":"19/07/2013","valide":"Non","ppo":"Non","obsolete":true}},{"type":"Feature","geometry":{"type":"Polygon","coordinates":[[[6.5545,46.0767],[6.5578,46.0785],[6.5612,46.0764],[6.5598,46.0739],[6.5582,46.0742],[6.5557,46.0757],[6.5545,46.0767]]]},"properties":{"id_ffco":"6420","nom":"CLUSES LES ESSERTS","_dept":"74","numero":"1988-D74-9988","commune":"CLUSES","echelle":"1/5000","surface":"0.15 km²","format":"A5","annee":"1988","cartographes":"CROZET Bernard","proprietaire":"74 - Haute-Savoie","niveau":"Initiation, Scolaire","specialite":"CO à pied","contacts":"CDCO 74, cdco74ra@free.fr, http://www.cdco74.fr/","latitude":"46.07619","longitude":"6.55783","date_saisie":"19/07/2013","valide":"Non","ppo":"Non","obsolete":true}},{"type":"Feature","geometry":{"type":"Polygon","coordinates":[[[6.1188,46.0389],[6.1201,46.0412],[6.126,46.0436],[6.1277,46.0452],[6.139,46.045],[6.1386,46.0381],[6.1324,46.0364],[6.1205,46.0365],[6.1188,46.0389]]]},"properties":{"id_ffco":"5831","nom":"LES DRONIERES","_dept":"74","numero":"2006-D74-99","commune":"CRUSEILLES","echelle":"1/5000","surface":"1.22 km²","format":"A4","annee":"2006","cartographes":"PLOCKYN Daniel","proprietaire":"74 - Haute-Savoie","niveau":"Initiation, Scolaire","specialite":"CO à pied","contacts":"CDCO 74, cdco74ra@free.fr, http://www.cdco74.fr/","latitude":"46.0408","longitude":"6.12887","date_saisie":"19/07/2013","valide":"Oui","ppo":"Non","type_carte":"Reprise","base":"1990-D74-30 PARC DES DRONIERES","fond":"Cadastre","obsolete":true}},{"type":"Feature","geometry":{"type":"Polygon","coordinates":[[[6.7494,45.8881],[6.7497,45.8773],[6.7617,45.8775],[6.7611,45.8882],[6.7494,45.8881]]]},"properties":{"id_ffco":"6079","nom":"L'ARDOISIERE","_dept":"74","numero":"2006-D74-97","commune":"SAINT-GERVAIS-LES-BAINS","echelle":"1/5000","surface":"1.1 km²","format":"A4","annee":"2006","cartographes":"PLOCKYN Daniel","proprietaire":"7403 - CSA DE L'ECOLE MILITAIRE HAUTE MONTAGNE","niveau":"National, International","specialite":"CO à ski","contacts":"CLUB CSA EMHM CHAMONIX, 04 50 47 20 57, 04 50 53 76 23, yannick.moisset@wanadoo.fr, http://emhm.lraco.net/","latitude":"45.88275","longitude":"6.75556","date_saisie":"19/07/2013","valide":"Oui","ppo":"Non","type_carte":"Extrait","base":"2005-D74-89 SAINT GERVAIS LE PRARION","fond":"Cadastre","obsolete":true}},{"type":"Feature","geometry":{"type":"Polygon","coordinates":[[[6.6852,46.0024],[6.6905,46.0032],[6.6944,45.9999],[6.6997,46.0001],[6.7089,46.0044],[6.6959,46.0085],[6.6927,46.0091],[6.685,46.009],[6.6852,46.0025],[6.6852,46.0024]]]},"properties":{"id_ffco":"5955","nom":"FLAINE STATION DE SKI","_dept":"74","numero":"2005-D74-87","commune":"ARACHES-LA-FRASSE","echelle":"1/5000","surface":"1.2 km²","format":"A4","annee":"2005","cartographes":"MAREIGNER Franz et Yann","proprietaire":"74 - Haute-Savoie","niveau":"Régional","specialite":"CO à ski","contacts":"CDCO 74, cdco74ra@free.fr, http://www.cdco74.fr/","latitude":"46.00453","longitude":"6.69694","date_saisie":"19/07/2013","valide":"Oui","ppo":"Non","type_carte":"Nouvelle carte","fond":"Ortho","obsolete":true}},{"type":"Feature","geometry":{"type":"Polygon","coordinates":[[[6.6756,46.0127],[6.6767,46.014],[6.6769,46.0142],[6.6762,46.0149],[6.6748,46.0166],[6.6751,46.017],[6.6759,46.0173],[6.6785,46.0178],[6.6811,46.0185],[6.683,46.019],[6.684,46.0196],[6.6847,46.0196],[6.6853,46.0199],[6.6862,46.02],[6.6871,46.0202],[6.6888,46.0204],[6.6896,46.0206],[6.6903,46.0207],[6.6904,46.0203],[6.69,46.0193],[6.6896,46.0188],[6.6888,46.0181],[6.6877,46.0182],[6.687,46.0181],[6.6868,46.0177],[6.6866,46.0172],[6.6861,46.0169],[6.6847,46.0167],[6.6836,46.0164],[6.6836,46.016],[6.6824,46.0154],[6.6801,46.0147],[6.6791,46.0147],[6.6784,46.0147],[6.6788,46.0134],[6.6788,46.0127],[6.6778,46.0125],[6.6762,46.0123],[6.6756,46.0127],[6.6756,46.0127]]]},"properties":{"id_ffco":"5969","nom":"LA COMBE ENVERSE","_dept":"74","numero":"2005-D74-86","commune":"ARACHES-LA-FRASSE","echelle":"1/5000","surface":"0.41 km²","format":"A4","annee":"2005","cartographes":"MAREIGNER Franz et Yann","proprietaire":"74 - Haute-Savoie","niveau":"Régional","specialite":"CO à ski","contacts":"CDCO 74, cdco74ra@free.fr, http://www.cdco74.fr/","latitude":"46.01648","longitude":"6.68261","date_saisie":"19/07/2013","valide":"Oui","ppo":"Non","type_carte":"Nouvelle carte","fond":"Ortho","obsolete":true}},{"type":"Feature","geometry":{"type":"Polygon","coordinates":[[[6.6791,46.0101],[6.6774,46.0098],[6.6768,46.0098],[6.6748,46.009],[6.6742,46.0085],[6.6732,46.0075],[6.672,46.0066],[6.6707,46.0063],[6.6694,46.0063],[6.6681,46.0065],[6.6672,46.007],[6.6666,46.0076],[6.6664,46.008],[6.6665,46.0082],[6.6663,46.0086],[6.6661,46.0089],[6.6661,46.0092],[6.6663,46.01],[6.6666,46.0102],[6.668,46.0109],[6.6699,46.0111],[6.6704,46.0111],[6.6711,46.011],[6.6716,46.0109],[6.6722,46.0113],[6.6723,46.0113],[6.6725,46.0117],[6.6731,46.012],[6.6738,46.012],[6.6742,46.0119],[6.675,46.0121],[6.6757,46.0125],[6.6757,46.0134],[6.6757,46.0147],[6.6774,46.0154],[6.6783,46.0143],[6.6785,46.0137],[6.6787,46.0119],[6.6792,46.0106],[6.6791,46.0101],[6.6791,46.0101]]]},"properties":{"id_ffco":"5968","nom":"LE GOLF DE FLAINE","_dept":"74","numero":"2005-D74-85","commune":"ARACHES-LA-FRASSE","echelle":"1/5000","surface":"0.47 km²","format":"A4","annee":"2005","cartographes":"MAREIGNER Franz et Yann","proprietaire":"74 - Haute-Savoie","niveau":"National, International","specialite":"CO à ski","contacts":"CDCO 74, cdco74ra@free.fr, http://www.cdco74.fr/","latitude":"46.0111","longitude":"6.67267","date_saisie":"19/07/2013","valide":"Oui","ppo":"Non","type_carte":"Nouvelle carte","fond":"Ortho","obsolete":true}},{"type":"Feature","geometry":{"type":"Polygon","coordinates":[[[6.6993,46.0084],[6.7024,46.0014],[6.6986,45.9996],[6.6943,46.0017],[6.682,46.0012],[6.6821,46.0106],[6.6993,46.0084]]]},"properties":{"id_ffco":"6280","nom":"FLAINE STATION","_dept":"74","numero":"2003-D74-77","commune":"MAGLAND","echelle":"1/5000","surface":"1.35 km²","format":"A4","annee":"2003","cartographes":"PLOCKYN Daniel","proprietaire":"OFFICE TOURISME DE FLAINE","niveau":"Régional","specialite":"CO à pied","contacts":"OFFICE TOURISME DE FLAINE, 04 50 90 62 91, sports@flaine.com","latitude":"46.00435","longitude":"6.69218","date_saisie":"19/07/2013","valide":"Oui","ppo":"Non","type_carte":"Extrait","base":"2003-D74-76 FLAINE","fond":"Cadastre","obsolete":true}},{"type":"Feature","geometry":{"type":"Polygon","coordinates":[[[6.6661,45.9993],[6.6647,46.0055],[6.6738,46.0115],[6.681,46.0128],[6.6918,46.0128],[6.7024,46.0102],[6.7125,46.0055],[6.7175,46.0033],[6.7169,46.0008],[6.7104,45.9942],[6.7047,45.9916],[6.6815,45.9908],[6.6757,45.9981],[6.6665,45.9978],[6.6664,45.999],[6.6661,45.9993]]]},"properties":{"id_ffco":"5856","nom":"FLAINE","_dept":"74","numero":"2003-D74-76","commune":"MAGLAND","echelle":"1/10000","surface":"7.18 km²","format":"A3","annee":"2003","cartographes":"PLOCKYN Daniel","proprietaire":"OFFICE TOURISME DE FLAINE","niveau":"Interrégional","specialite":"CO à pied","contacts":"OFFICE TOURISME DE FLAINE, 04 50 90 62 91, sports@flaine.com","latitude":"46.00182","longitude":"6.6911","date_saisie":"19/07/2013","valide":"Oui","ppo":"Non","type_carte":"Reprise","base":"1987-D74-15 FLAINE","fond":"Cadastre","obsolete":true}},{"type":"Feature","geometry":{"type":"Polygon","coordinates":[[[6.2519,46.2048],[6.2533,46.2057],[6.2538,46.2054],[6.2537,46.2052],[6.2534,46.205],[6.2529,46.204],[6.2519,46.2038],[6.2516,46.2047],[6.2519,46.2048]]]},"properties":{"id_ffco":"5926","nom":"PARC DES ECUREUILS","_dept":"74","numero":"2003-D74-75","commune":"VILLE-LA-GRAND","echelle":"1/1000","surface":"0.02 km²","format":"A4","annee":"2003","cartographes":"PLOCKYN Daniel","proprietaire":"MAIRIE VILLE LA GRAND","niveau":"Initiation, Scolaire","specialite":"CO à pied","contacts":"MAIRIE VILLE LA GRAND, 04 50 84 24 24","latitude":"46.20476","longitude":"6.25274","date_saisie":"19/07/2013","valide":"Oui","ppo":"Non","type_carte":"Nouvelle carte","fond":"Ortho","obsolete":true}},{"type":"Feature","geometry":{"type":"Polygon","coordinates":[[[6.2657,46.2044],[6.2653,46.202],[6.2648,46.2017],[6.2631,46.2014],[6.2621,46.2014],[6.2612,46.202],[6.2613,46.2037],[6.2614,46.2041],[6.2616,46.2046],[6.2617,46.2051],[6.2626,46.2058],[6.2646,46.2058],[6.2655,46.2058],[6.2659,46.2053],[6.2658,46.2044],[6.2658,46.2045],[6.2656,46.2045],[6.2657,46.2044]]]},"properties":{"id_ffco":"5924","nom":"PARC DES MOUILLES","_dept":"74","numero":"2003-D74-74","commune":"VILLE-LA-GRAND","echelle":"1/2000","surface":"0.15 km²","format":"A4","annee":"2003","cartographes":"PLOCKYN Daniel","proprietaire":"MAIRIE VILLE LA GRAND","niveau":"Initiation, Scolaire","specialite":"CO à pied","contacts":"MAIRIE VILLE LA GRAND, 04 50 84 24 24","latitude":"46.2036","longitude":"6.26355","date_saisie":"19/07/2013","valide":"Oui","ppo":"Non","type_carte":"Nouvelle carte","fond":"Ortho","obsolete":true}},{"type":"Feature","geometry":{"type":"Polygon","coordinates":[[[6.2522,46.2028],[6.2557,46.2025],[6.2575,46.2043],[6.2585,46.2058],[6.2587,46.2082],[6.2565,46.2083],[6.2539,46.2068],[6.2506,46.2051],[6.2507,46.2028],[6.2522,46.2028]]]},"properties":{"id_ffco":"5957","nom":"COMPLEXE SPORTIF DES VERCHERES","_dept":"74","numero":"2003-D74-73","commune":"VILLE-LA-GRAND","echelle":"1/2500","surface":"0.27 km²","format":"A4","annee":"2003","cartographes":"PLOCKYN Daniel","proprietaire":"MAIRIE VILLE LA GRAND","niveau":"Initiation, Scolaire","specialite":"CO à pied","contacts":"MAIRIE VILLE LA GRAND, 04 50 84 24 24","latitude":"46.2051825196","longitude":"6.25485477211","date_saisie":"19/07/2013","valide":"Oui","ppo":"Non","type_carte":"Nouvelle carte","fond":"Ortho","obsolete":true}},{"type":"Feature","geometry":{"type":"Polygon","coordinates":[[[6.2523,46.2039],[6.2523,46.2054],[6.2552,46.2083],[6.2611,46.21],[6.2631,46.2098],[6.2668,46.2069],[6.2666,46.2052],[6.2652,46.2054],[6.265,46.202],[6.2617,46.2015],[6.2585,46.2026],[6.2523,46.2029],[6.2523,46.2039]]]},"properties":{"id_ffco":"5921","nom":"VILLE LA GRAND","_dept":"74","numero":"2003-D74-72","commune":"VILLE-LA-GRAND","echelle":"1/5000","surface":"0.74 km²","format":"A4","annee":"2003","cartographes":"PLOCKYN Daniel","proprietaire":"MAIRIE VILLE LA GRAND","niveau":"Régional","specialite":"CO à pied","contacts":"MAIRIE VILLE LA GRAND, 04 50 84 24 24","latitude":"46.20577","longitude":"6.25955","date_saisie":"19/07/2013","valide":"Oui","ppo":"Non","type_carte":"Nouvelle carte","fond":"Ortho","obsolete":true}},{"type":"Feature","geometry":{"type":"Polygon","coordinates":[[[6.1398,45.8912],[6.1398,45.8912],[6.1398,45.8913],[6.1398,45.8912],[6.1398,45.8912],[6.1397,45.8912],[6.1397,45.8912],[6.1396,45.891],[6.1391,45.8902],[6.1389,45.8901],[6.1381,45.8905],[6.1378,45.8907],[6.1374,45.8908],[6.137,45.8912],[6.1366,45.892],[6.1361,45.8926],[6.1366,45.8927],[6.1379,45.8928],[6.1402,45.8914],[6.1401,45.8914],[6.1401,45.8914],[6.1401,45.8913],[6.14,45.8914],[6.1398,45.8913],[6.1398,45.8912],[6.1398,45.8912],[6.1398,45.8912]]]},"properties":{"id_ffco":"5927","nom":"LA COLMYR","_dept":"74","numero":"2002-D74-71","commune":"ANNECY","echelle":"1/2500","surface":"0.05 km²","format":"A5","annee":"2002","cartographes":"DENAIX Michel","proprietaire":"74 - Haute-Savoie","niveau":"Initiation, Scolaire","specialite":"CO à pied","contacts":"CDCO 74, cdco74ra@free.fr, http://www.cdco74.fr/","latitude":"45.89142","longitude":"6.13828","date_saisie":"19/07/2013","valide":"Oui","ppo":"Non","type_carte":"Extrait","base":"1999-D74-56 LA PUYA - LES MARQUISATS","fond":"Cadastre","obsolete":true}},{"type":"Feature","geometry":{"type":"Polygon","coordinates":[[[6.8738,45.9312],[6.874,45.9313],[6.8746,45.9312],[6.8765,45.9314],[6.8787,45.9288],[6.877,45.928],[6.8766,45.9276],[6.8755,45.9264],[6.8736,45.9265],[6.8734,45.927],[6.8735,45.9277],[6.8728,45.9276],[6.8726,45.9277],[6.8724,45.9284],[6.8728,45.93],[6.873,45.9303],[6.8735,45.9308],[6.8738,45.9312],[6.8738,45.9312]]]},"properties":{"id_ffco":"5846","nom":"LE CENTRE SPORTIF","_dept":"74","numero":"2002-D74-70","commune":"CHAMONIX-MONT-BLANC","echelle":"1/2500","surface":"0.18 km²","format":"A4","annee":"2002","cartographes":"DENAIX Michel","proprietaire":"74 - Haute-Savoie","niveau":"Initiation, Scolaire","specialite":"CO à pied","contacts":"CDCO 74, cdco74ra@free.fr, http://www.cdco74.fr/","latitude":"45.92888","longitude":"6.87556","date_saisie":"19/07/2013","valide":"Oui","ppo":"Non","type_carte":"Nouvelle carte","fond":"Cadastre","obsolete":true}},{"type":"Feature","geometry":{"type":"Polygon","coordinates":[[[6.4002,46.0873],[6.3963,46.0876],[6.3931,46.0886],[6.3907,46.0892],[6.3884,46.0894],[6.3845,46.0904],[6.379,46.0916],[6.3785,46.0916],[6.3767,46.092],[6.3762,46.0929],[6.3766,46.093],[6.3773,46.0944],[6.3782,46.0943],[6.3821,46.0947],[6.3853,46.0943],[6.3867,46.0945],[6.3882,46.0945],[6.3895,46.0945],[6.3909,46.0944],[6.3937,46.0955],[6.394,46.0962],[6.3953,46.0967],[6.3977,46.0969],[6.3995,46.0966],[6.4045,46.0975],[6.405,46.0974],[6.4057,46.0972],[6.4069,46.0956],[6.4073,46.0955],[6.407,46.094],[6.4076,46.0919],[6.4077,46.0912],[6.407,46.0903],[6.4065,46.09],[6.406,46.0883],[6.405,46.0871],[6.4021,46.087],[6.4008,46.0867],[6.4002,46.0873],[6.4002,46.0873]]]},"properties":{"id_ffco":"5912","nom":"LA CHAFFARDIERE","_dept":"74","numero":"2003-D74-69","commune":"BONNEVILLE","echelle":"1/7500","surface":"1.71 km²","format":"A4","annee":"2003","cartographes":"PLOCKYN Daniel","proprietaire":"COLLEGE BONNEVILLE","niveau":"Initiation, Scolaire","specialite":"CO à pied","contacts":"COLLEGE BONNEVILLE","latitude":"46.09213","longitude":"6.39195","date_saisie":"19/07/2013","valide":"Oui","ppo":"Non","type_carte":"Nouvelle carte","fond":"Ortho","obsolete":true}},{"type":"Feature","geometry":{"type":"Polygon","coordinates":[[[6.2622,46.1304],[6.261,46.1305],[6.261,46.1305],[6.2606,46.1305],[6.2596,46.1323],[6.2594,46.133],[6.2595,46.1331],[6.2579,46.1347],[6.2566,46.1362],[6.2514,46.1416],[6.2512,46.1422],[6.2514,46.1424],[6.253,46.1435],[6.2548,46.1438],[6.2595,46.1467],[6.2599,46.1476],[6.26,46.1487],[6.2622,46.1481],[6.2648,46.1458],[6.2685,46.1458],[6.2691,46.1462],[6.2696,46.1461],[6.2691,46.1455],[6.2703,46.1441],[6.2704,46.1433],[6.2707,46.1427],[6.2712,46.1426],[6.2713,46.1424],[6.2709,46.1424],[6.2711,46.1419],[6.2711,46.1418],[6.2702,46.1393],[6.2701,46.138],[6.2686,46.1352],[6.2675,46.1334],[6.2628,46.1311],[6.2626,46.1303],[6.2622,46.1304],[6.2622,46.1304]]]},"properties":{"id_ffco":"5858","nom":"SERVASSE ET FORON","_dept":"74","numero":"2001-D74-68","commune":"REIGNIER","echelle":"1/7500","surface":"1.79 km²","format":"A4","annee":"2001","cartographes":"PLOCKYN Daniel","proprietaire":"74 - Haute-Savoie","niveau":"Initiation, Scolaire","specialite":"CO à pied","contacts":"CDCO 74, cdco74ra@free.fr, http://www.cdco74.fr/","latitude":"46.1395","longitude":"6.26127","date_saisie":"19/07/2013","valide":"Oui","ppo":"Non","type_carte":"Nouvelle carte","fond":"Ortho","obsolete":true}},{"type":"Feature","geometry":{"type":"Polygon","coordinates":[[[6.6332,45.9605],[6.632,45.9622],[6.6379,45.9628],[6.6406,45.9572],[6.6423,45.948],[6.6381,45.948],[6.6356,45.9567],[6.6333,45.9606],[6.6332,45.9605]]]},"properties":{"id_ffco":"5956","nom":"LES LACS DES ILETTES","_dept":"74","numero":"2001-D74-67","commune":"SALLANCHES","echelle":"1/5000","surface":"0.63 km²","format":"+","annee":"2001","cartographes":"PLOCKYN Daniel","proprietaire":"74 - Haute-Savoie","niveau":"Initiation, Scolaire","specialite":"CO à pied","contacts":"CDCO 74, cdco74ra@free.fr, http://www.cdco74.fr/","latitude":"45.95539","longitude":"6.63716","date_saisie":"19/07/2013","valide":"Oui","ppo":"Non","type_carte":"Nouvelle carte","fond":"Ortho","obsolete":true}},{"type":"Feature","geometry":{"type":"Polygon","coordinates":[[[6.1298,45.965],[6.1284,45.9564],[6.121,45.9526],[6.1208,45.9466],[6.1396,45.9432],[6.1556,45.9497],[6.1587,45.9629],[6.155,45.9656],[6.1529,45.9693],[6.1486,45.9692],[6.1438,45.963],[6.1301,45.9661],[6.1298,45.965]]]},"properties":{"id_ffco":"6428","nom":"FORET D'ARGONAY","_dept":"74","numero":"1984-D74-666","commune":"CHARVONNEX","echelle":"1/15000","surface":"5.49 km²","format":"A4","annee":"1984","cartographes":"GORET Gilles","proprietaire":"7401 - C.S.A. DU 27° BATAILLON DE CHASSEURS ALPINS","niveau":"Régional","specialite":"CO à pied","contacts":"SANS ADRESSE","latitude":"45.95622","longitude":"6.13977","date_saisie":"19/07/2013","valide":"Non","ppo":"Non","obsolete":true}},{"type":"Feature","geometry":{"type":"Polygon","coordinates":[[[6.925,45.9814],[6.9275,45.9859],[6.9276,45.987],[6.9291,45.9876],[6.9324,45.9872],[6.9351,45.9859],[6.939,45.9829],[6.941,45.9819],[6.9395,45.9798],[6.9387,45.978],[6.9384,45.9771],[6.9374,45.9763],[6.9352,45.9751],[6.9317,45.9738],[6.9282,45.9727],[6.9253,45.9711],[6.9229,45.9697],[6.9205,45.968],[6.9187,45.9664],[6.9164,45.9647],[6.9151,45.9637],[6.9131,45.9619],[6.9125,45.9603],[6.9115,45.9583],[6.9093,45.956],[6.9078,45.9547],[6.9068,45.9543],[6.9061,45.9549],[6.9064,45.9575],[6.9062,45.9594],[6.9055,45.9604],[6.9047,45.9611],[6.9056,45.9626],[6.907,45.9651],[6.9102,45.9686],[6.9128,45.9702],[6.9138,45.9722],[6.9155,45.9741],[6.9185,45.9767],[6.92,45.9769],[6.9219,45.9785],[6.9241,45.9806],[6.925,45.9814],[6.925,45.9814]]]},"properties":{"id_ffco":"5932","nom":"ARGENTIERE","_dept":"74","numero":"2000-D74-66","commune":"CHAMONIX-MONT-BLANC","echelle":"1/10000","surface":"3.11 km²","format":"A3","annee":"2000","cartographes":"COTIRTA Marian","proprietaire":"74 - Haute-Savoie","niveau":"National, International","specialite":"CO à ski","contacts":"CDCO 74, cdco74ra@free.fr, http://www.cdco74.fr/","latitude":"45.97029","longitude":"6.91802","date_saisie":"19/07/2013","valide":"Oui","ppo":"Non","type_carte":"Nouvelle carte","fond":"Ortho","obsolete":true}},{"type":"Feature","geometry":{"type":"Polygon","coordinates":[[[6.9078,45.9477],[6.9079,45.9456],[6.9072,45.9439],[6.9057,45.9427],[6.9037,45.9407],[6.9002,45.9388],[6.8982,45.9376],[6.897,45.937],[6.8949,45.9355],[6.8926,45.9342],[6.8909,45.9332],[6.8897,45.9327],[6.8881,45.9308],[6.885,45.929],[6.8863,45.9307],[6.885,45.9315],[6.8819,45.9301],[6.8805,45.9308],[6.8796,45.932],[6.8783,45.9327],[6.8789,45.9333],[6.8808,45.934],[6.8812,45.9351],[6.8816,45.936],[6.8874,45.9382],[6.8878,45.9403],[6.889,45.9411],[6.8898,45.9421],[6.8922,45.9427],[6.8949,45.9432],[6.8971,45.944],[6.8981,45.9457],[6.8987,45.948],[6.8987,45.9496],[6.9013,45.9518],[6.9025,45.9529],[6.9027,45.9555],[6.9033,45.9589],[6.905,45.9595],[6.9068,45.9599],[6.9077,45.9587],[6.9069,45.9514],[6.9074,45.9492],[6.9078,45.9477],[6.9078,45.9477]]]},"properties":{"id_ffco":"6000","nom":"CHAMONIX MONT BLANC","_dept":"74","numero":"2001-D74-65","commune":"CHAMONIX-MONT-BLANC","echelle":"1/10000","surface":"2.34 km²","format":"A3","annee":"2001","cartographes":"COTIRTA Marian","proprietaire":"74 - Haute-Savoie","niveau":"National, International","specialite":"CO à ski","contacts":"CDCO 74, cdco74ra@free.fr, http://www.cdco74.fr/","latitude":"45.94445","longitude":"6.89311","date_saisie":"19/07/2013","valide":"Oui","ppo":"Non","type_carte":"Nouvelle carte","fond":"Ortho","obsolete":true}},{"type":"Feature","geometry":{"type":"Polygon","coordinates":[[[6.0011,46.1194],[6.0006,46.1406],[5.9941,46.145],[5.9776,46.1443],[5.9635,46.1382],[5.9632,46.1163],[5.963,46.1104],[5.9649,46.107],[5.9881,46.1126],[6.0011,46.1194]]]},"properties":{"id_ffco":"5923","nom":"LES BOIS DE CHENEX ET VIRY","_dept":"74","numero":"2001-D74-64","commune":"VALLEIRY","echelle":"1/10000","surface":"10.04 km²","format":"A3","annee":"2001","cartographes":"PLOCKYN Daniel","proprietaire":"SYNDICAT INTERCOMMUNAL AMENAGEMENT VUACHE","niveau":"Régional","specialite":"CO à pied","contacts":"SYNDICAT INTERCOMMUNAL AMENAGEMENT VUACHE, 04 50 04 62 89","latitude":"46.12602","longitude":"5.98163","date_saisie":"19/07/2013","valide":"Oui","ppo":"Non","type_carte":"Nouvelle carte","fond":"Ortho","obsolete":true}},{"type":"Feature","geometry":{"type":"Polygon","coordinates":[[[5.9666,46.1394],[5.9713,46.1398],[5.9723,46.1413],[5.9729,46.1411],[5.9734,46.1416],[5.9735,46.1419],[5.9743,46.1417],[5.9758,46.1425],[5.9766,46.1423],[5.9771,46.1425],[5.9783,46.1425],[5.9795,46.1428],[5.9807,46.1424],[5.982,46.1418],[5.9826,46.1424],[5.9834,46.1429],[5.9839,46.1434],[5.9859,46.1437],[5.9869,46.1436],[5.9875,46.143],[5.9885,46.1437],[5.9896,46.1443],[5.99,46.1444],[5.9905,46.144],[5.9912,46.1445],[5.9917,46.1452],[5.9926,46.1448],[5.9913,46.1232],[5.9907,46.1142],[5.9868,46.1119],[5.9854,46.1116],[5.9803,46.1111],[5.9754,46.1108],[5.9721,46.1104],[5.9722,46.1091],[5.9698,46.1083],[5.9686,46.1078],[5.9659,46.1067],[5.9646,46.1067],[5.9638,46.1074],[5.9633,46.1075],[5.9607,46.1071],[5.9588,46.1072],[5.9544,46.1079],[5.9554,46.1119],[5.9562,46.1165],[5.9561,46.1196],[5.9542,46.1231],[5.9546,46.1262],[5.9553,46.1271],[5.9553,46.1275],[5.9552,46.1291],[5.9535,46.1303],[5.954,46.1316],[5.9563,46.1332],[5.9592,46.135],[5.9621,46.1359],[5.9647,46.1367],[5.9658,46.1375],[5.9662,46.1385],[5.9659,46.1392],[5.9657,46.1393],[5.9666,46.1394],[5.9666,46.1394]]]},"properties":{"id_ffco":"5959","nom":"LES BOIS DE CHANCY ET VALLEIRY","_dept":"74","numero":"2001-D74-63","commune":"VALLEIRY","echelle":"1/10000","surface":"9.52 km²","format":"A3","annee":"2001","cartographes":"PLOCKYN Daniel","proprietaire":"SYNDICAT INTERCOMMUNAL AMENAGEMENT VUACHE","niveau":"Régional","specialite":"CO à pied","contacts":"SYNDICAT INTERCOMMUNAL AMENAGEMENT VUACHE, 04 50 04 62 89","latitude":"46.12593","longitude":"5.97303","date_saisie":"19/07/2013","valide":"Oui","ppo":"Non","type_carte":"Nouvelle carte","fond":"Ortho","obsolete":true}},{"type":"Feature","geometry":{"type":"Polygon","coordinates":[[[5.9683,46.1076],[5.9643,46.1078],[5.9649,46.1078],[5.9643,46.1078],[5.9652,46.1078],[5.9649,46.1078],[5.9646,46.1114],[5.9652,46.1119],[5.9653,46.1121],[5.9663,46.1126],[5.9675,46.113],[5.9682,46.113],[5.9683,46.113],[5.97,46.1127],[5.9713,46.1131],[5.9716,46.1134],[5.9724,46.1136],[5.9726,46.1135],[5.9729,46.1131],[5.9732,46.1131],[5.9733,46.1131],[5.9736,46.1127],[5.9738,46.1127],[5.9743,46.1123],[5.9746,46.1127],[5.9753,46.1123],[5.9753,46.1108],[5.9747,46.1108],[5.9722,46.1104],[5.9719,46.1101],[5.972,46.1099],[5.9705,46.1095],[5.9704,46.1085],[5.9701,46.1084],[5.9702,46.1082],[5.9688,46.1076],[5.9683,46.1076],[5.9683,46.1076]]]},"properties":{"id_ffco":"5931","nom":"VALLEIRY","_dept":"74","numero":"2001-D74-62","commune":"VALLEIRY","echelle":"1/3000","surface":"0.35 km²","format":"A4","annee":"2001","cartographes":"PLOCKYN Daniel","proprietaire":"SYNDICAT INTERCOMMUNAL AMENAGEMENT VUACHE","niveau":"Initiation, Scolaire","specialite":"CO à pied","contacts":"SYNDICAT INTERCOMMUNAL AMENAGEMENT VUACHE, 04 50 04 62 89","latitude":"46.1106","longitude":"5.96981","date_saisie":"19/07/2013","valide":"Oui","ppo":"Non","type_carte":"Extrait","base":"2001-D74-63 LES BOIS DE CHANCY ET VALLEIRY","fond":"Ortho","obsolete":true}},{"type":"Feature","geometry":{"type":"Polygon","coordinates":[[[6.56,46.0742],[6.5592,46.0734],[6.5582,46.074],[6.5545,46.0769],[6.5575,46.0783],[6.561,46.0762],[6.56,46.0742]]]},"properties":{"id_ffco":"6654","nom":"LE PARC DES ESSERTS","_dept":"74","numero":"2000-D74-61","commune":"CLUSES","echelle":"1/2500","surface":"0.14 km²","format":"A4","annee":"2000","cartographes":"PLOCKYN Daniel","proprietaire":"74 - Haute-Savoie","niveau":"Initiation, Scolaire","specialite":"CO à pied","contacts":"CDCO 74, cdco74ra@free.fr, http://www.cdco74.fr/","latitude":"46.07584","longitude":"6.55773","date_saisie":"19/07/2013","valide":"Oui","ppo":"Non","type_carte":"Reprise","base":"1989-D74-26 CLUSES LES ESSERTS","fond":"Cadastre","obsolete":true}},{"type":"Feature","geometry":{"type":"Polygon","coordinates":[[[6.309,46.1692],[6.312,46.1689],[6.3164,46.1679],[6.3181,46.1688],[6.3208,46.1666],[6.3214,46.1653],[6.3199,46.1632],[6.3173,46.1621],[6.3166,46.1607],[6.3125,46.1612],[6.3063,46.1651],[6.3036,46.1678],[6.3076,46.1695],[6.309,46.1692]]]},"properties":{"id_ffco":"6655","nom":"LE BOIS DE LA POTE","_dept":"74","numero":"2000-D74-60","commune":"BONNE","echelle":"1/5000","surface":"0.82 km²","format":"A4","annee":"2000","cartographes":"PLOCKYN Daniel","proprietaire":"7406 - BONNE ATHLETIC CLUB","niveau":"Initiation, Scolaire","specialite":"CO à pied","contacts":"CLUB BONNE ATHLETIC  - CO, 06 07 22 93 03, 7406ra@free.fr, http://bonne-orientation.fr/","latitude":"46.16509","longitude":"6.3125","date_saisie":"19/07/2013","valide":"Oui","ppo":"Non","type_carte":"Nouvelle carte","fond":"IGN","ref_ign":"TOP 25 N°3430 OT","obsolete":true}},{"type":"Feature","geometry":{"type":"Polygon","coordinates":[[[6.14,45.8912],[6.1402,45.8914],[6.1416,45.8908],[6.1447,45.8907],[6.1443,45.8849],[6.1409,45.885],[6.1411,45.8855],[6.1411,45.886],[6.1409,45.8864],[6.1407,45.8864],[6.1406,45.8867],[6.1403,45.8869],[6.1402,45.8869],[6.1395,45.887],[6.1394,45.887],[6.1393,45.8872],[6.1391,45.8872],[6.1377,45.8868],[6.1378,45.8893],[6.1378,45.8898],[6.1378,45.89],[6.1383,45.8901],[6.1387,45.8907],[6.1388,45.8909],[6.1393,45.8911],[6.1394,45.8912],[6.14,45.8912],[6.14,45.8912]]]},"properties":{"id_ffco":"6293","nom":"PARCOURS SPORTIF LA PUYA","_dept":"74","numero":"2000-D74-59","commune":"ANNECY","echelle":"1/2500","surface":"0.28 km²","format":"A4","annee":"2000","cartographes":"COTIRTA Marian","proprietaire":"74 - Haute-Savoie","niveau":"Régional","specialite":"CO à pied","contacts":"CDCO 74, cdco74ra@free.fr, http://www.cdco74.fr/","latitude":"45.88816","longitude":"6.14118","date_saisie":"19/07/2013","valide":"Oui","ppo":"Non","type_carte":"Extrait","base":"1999-D74-56 LA PUYA - LES MARQUISATS","fond":"Cadastre","obsolete":true}},{"type":"Feature","geometry":{"type":"Polygon","coordinates":[[[6.1244,45.8798],[6.1361,45.8791],[6.1316,45.857],[6.1189,45.8562],[6.1157,45.8527],[6.1074,45.8554],[6.1167,45.872],[6.1196,45.8718],[6.1243,45.8796],[6.1244,45.8798]]]},"properties":{"id_ffco":"6164","nom":"LES RUINES DE BARBENOIRE","_dept":"74","numero":"1999-D74-58","commune":"ANNECY","echelle":"1/10000","surface":"3.86 km²","format":"A3","annee":"1999","cartographes":"COTIRTA Marian","proprietaire":"74 - Haute-Savoie","niveau":"National, International","specialite":"CO à pied","contacts":"CDCO 74, cdco74ra@free.fr, http://www.cdco74.fr/","latitude":"45.86631","longitude":"6.12175","date_saisie":"19/07/2013","valide":"Oui","ppo":"Non","type_carte":"Reprise","base":"1989-D74-29 LES SABLES","fond":"Cadastre","obsolete":true}},{"type":"Feature","geometry":{"type":"Polygon","coordinates":[[[6.1242,45.8698],[6.1247,45.8692],[6.1247,45.8689],[6.1251,45.8686],[6.1254,45.8685],[6.1271,45.8685],[6.1289,45.8683],[6.1299,45.8678],[6.1303,45.8671],[6.1304,45.8654],[6.1305,45.8633],[6.1302,45.8602],[6.1301,45.8577],[6.1239,45.8582],[6.1234,45.8583],[6.123,45.8585],[6.123,45.8585],[6.1229,45.8586],[6.1226,45.8585],[6.1218,45.8576],[6.1201,45.8572],[6.1184,45.8572],[6.1182,45.8571],[6.1182,45.8572],[6.1182,45.8571],[6.118,45.8572],[6.1178,45.8571],[6.117,45.8574],[6.1171,45.8602],[6.1173,45.8654],[6.1172,45.8666],[6.1173,45.8668],[6.1175,45.867],[6.119,45.8675],[6.1214,45.8697],[6.1229,45.8718],[6.124,45.8719],[6.1242,45.8698],[6.1242,45.8698]]]},"properties":{"id_ffco":"6166","nom":"LE CENTRE AERE LES PUISOTS","_dept":"74","numero":"1999-D74-57","commune":"ANNECY / SEVRIER","echelle":"1/5000","surface":"1.26 km²","format":"A4","annee":"1999","cartographes":"COTIRTA Marian","proprietaire":"74 - Haute-Savoie","niveau":"Régional","specialite":"CO à pied","contacts":"CDCO 74, cdco74ra@free.fr, http://www.cdco74.fr/","latitude":"45.86448","longitude":"6.12376","date_saisie":"19/07/2013","valide":"Oui","ppo":"Non","type_carte":"Extrait","base":"1999-D74-58 LES RUINES DE BARBENOIRE","fond":"Cadastre","obsolete":true}},{"type":"Feature","geometry":{"type":"Polygon","coordinates":[[[6.136,45.8952],[6.1314,45.8952],[6.1305,45.8933],[6.1284,45.8931],[6.1287,45.8878],[6.1278,45.8827],[6.1333,45.8826],[6.1415,45.8838],[6.1426,45.8873],[6.1427,45.8911],[6.136,45.8952]]]},"properties":{"id_ffco":"7537","nom":"LA PUYA - LES MARQUISATS","_dept":"74","numero":"1999-D74-56","commune":"74000 ANNECY,","echelle":"1/5000","surface":"1.31 km²","format":"A4","annee":"1999","cartographes":"PLOCKYN Daniel,COTIRTA Marian","niveau":"Régional","specialite":"CO à pied","contacts":"CDCO 74, cdco74ra@free.fr, http://www.cdco74.fr/","latitude":"45.88765","longitude":"6.13711","date_saisie":"24/10/2014","valide":"Oui","ppo":"Non","type_carte":"Extrait","base":"1999-D74-55 LA GRANDE JEANNNE","fond":"Cadastre","obsolete":true}},{"type":"Feature","geometry":{"type":"Polygon","coordinates":[[[6.1326,45.8961],[6.146,45.8908],[6.1424,45.8801],[6.1372,45.8785],[6.1288,45.8486],[6.1051,45.8491],[6.1156,45.873],[6.1232,45.8834],[6.1256,45.8904],[6.1324,45.8969],[6.1326,45.8961]]]},"properties":{"id_ffco":"6165","nom":"LA GRANDE JEANNNE","_dept":"74","numero":"1999-D74-55","commune":"ANNECY","echelle":"1/10000","surface":"8.12 km²","format":"A3","annee":"1999","cartographes":"COTIRTA Marian","proprietaire":"74 - Haute-Savoie","niveau":"Interrégional","specialite":"CO à pied","contacts":"CDCO 74, cdco74ra@free.fr, http://www.cdco74.fr/","latitude":"45.87866","longitude":"6.12865","date_saisie":"19/07/2013","valide":"Oui","ppo":"Non","type_carte":"Reprise","base":"1989-D74-29 LES SABLES","fond":"Cadastre","obsolete":true}},{"type":"Feature","geometry":{"type":"Polygon","coordinates":[[[6.1024,45.792],[6.102,45.7914],[6.0953,45.7918],[6.0912,45.7924],[6.0892,45.7925],[6.0909,45.7957],[6.0928,45.7971],[6.0936,45.8002],[6.0947,45.8045],[6.0942,45.8061],[6.0948,45.8073],[6.0961,45.8075],[6.0976,45.8093],[6.0982,45.8103],[6.099,45.8125],[6.0999,45.8141],[6.1013,45.8175],[6.1031,45.8184],[6.1051,45.8188],[6.107,45.8194],[6.1094,45.8193],[6.1128,45.8187],[6.1151,45.8185],[6.1153,45.8177],[6.1151,45.8154],[6.114,45.8112],[6.1128,45.8098],[6.1121,45.8086],[6.1115,45.807],[6.1117,45.8058],[6.1128,45.8044],[6.1127,45.8032],[6.1105,45.8003],[6.1091,45.799],[6.1072,45.7966],[6.1059,45.7958],[6.1042,45.7945],[6.1031,45.7932],[6.1024,45.792],[6.1024,45.792]]]},"properties":{"id_ffco":"6167","nom":"LE CRET DE LA GRANDE DANNE","_dept":"74","numero":"1999-D74-54","commune":"SAINT JORIOZ / VIUZ-LA-CHIESAZ","echelle":"1/10000","surface":"3.62 km²","format":"A4","annee":"1999","cartographes":"COTIRTA Marian","proprietaire":"74 - Haute-Savoie","niveau":"National, International","specialite":"CO à pied","contacts":"CDCO 74, cdco74ra@free.fr, http://www.cdco74.fr/","latitude":"45.80541","longitude":"6.10223","date_saisie":"19/07/2013","valide":"Oui","ppo":"Non","type_carte":"Nouvelle carte","fond":"IGN","ref_ign":"TOP 25 N°3431 OUEST","obsolete":true}},{"type":"Feature","geometry":{"type":"Polygon","coordinates":[[[6.8494,45.9162],[6.8509,45.9137],[6.8443,45.9093],[6.8411,45.9068],[6.8377,45.9069],[6.8371,45.9069],[6.8371,45.9099],[6.8457,45.9158],[6.8494,45.9162]]]},"properties":{"id_ffco":"7536","nom":"LES GAILLANDS","_dept":"74","numero":"1999-D74-53","commune":"74400 CHAMONIX MONT BLANC,","echelle":"1/5000","surface":"0.54 km²","format":"A4","annee":"1999","cartographes":"PLOCKYN Daniel","niveau":"Initiation, Scolaire","specialite":"CO à pied","contacts":"CLUB CSA EMHM CHAMONIX, 04 50 47 20 57, 04 50 53 76 23, yannick.moisset@wanadoo.fr, http://emhm.lraco.net/","latitude":"45.91442","longitude":"6.84781","date_saisie":"24/10/2014","valide":"Oui","ppo":"Non","type_carte":"Reprise","base":"1988-D74-20 LES GAILLANDS","fond":"Cadastre","obsolete":true}},{"type":"Feature","geometry":{"type":"Polygon","coordinates":[[[6.8375,45.906],[6.8353,45.9077],[6.8388,45.9112],[6.8434,45.9135],[6.8478,45.9131],[6.8424,45.9078],[6.8375,45.906]]]},"properties":{"id_ffco":"6162","nom":"LES BOSSONS","_dept":"74","numero":"1999-D74-52","commune":"CHAMONIX MONT BLANC","echelle":"1/5000","surface":"0.37 km²","format":"A4","annee":"1999","cartographes":"PLOCKYN Daniel","proprietaire":"7403 - CSA DE L'ECOLE MILITAIRE HAUTE MONTAGNE","niveau":"Initiation, Scolaire","specialite":"CO à pied","contacts":"CLUB CSA EMHM CHAMONIX, 04 50 47 20 57, 04 50 53 76 23, yannick.moisset@wanadoo.fr, http://emhm.lraco.net/","latitude":"45.90972","longitude":"6.84157","date_saisie":"19/07/2013","valide":"Oui","ppo":"Non","type_carte":"Nouvelle carte","fond":"Cadastre","obsolete":true}},{"type":"Feature","geometry":{"type":"Polygon","coordinates":[[[6.6519,45.9266],[6.6394,45.9312],[6.6345,45.9246],[6.6424,45.9051],[6.6536,45.8949],[6.6859,45.8904],[6.7032,45.9039],[6.709,45.9127],[6.6534,45.927],[6.6519,45.9266]]]},"properties":{"id_ffco":"5975","nom":"LES GRANGES","_dept":"74","numero":"1999-D74-51","commune":"PASSY","echelle":"1/20000","surface":"15.22 km²","format":"A4","annee":"1999","cartographes":"KAJAK Stephane","proprietaire":"74 - Haute-Savoie","niveau":"Régional","specialite":"CO à VTT","contacts":"CDCO 74, cdco74ra@free.fr, http://www.cdco74.fr/","latitude":"45.91079","longitude":"6.67179","date_saisie":"19/07/2013","valide":"Oui","ppo":"Non","type_carte":"Nouvelle carte","fond":"Cadastre","obsolete":true}},{"type":"Feature","geometry":{"type":"Polygon","coordinates":[[[6.6517,45.9249],[6.6491,45.923],[6.6527,45.9203],[6.6505,45.9184],[6.6564,45.9153],[6.6575,45.9175],[6.6632,45.9157],[6.6672,45.9181],[6.6517,45.9248],[6.6517,45.9249]]]},"properties":{"id_ffco":"5908","nom":"LE LAC","_dept":"74","numero":"1999-D74-50","commune":"PASSY","echelle":"1/5000","surface":"0.69 km²","format":"A4","annee":"1999","cartographes":"KAJAK Stephane","proprietaire":"SANS ADRESSE","niveau":"Initiation, Scolaire","specialite":"CO à pied","contacts":"SANS ADRESSE","latitude":"45.92008","longitude":"6.65819","date_saisie":"19/07/2013","valide":"Oui","ppo":"Non","type_carte":"Nouvelle carte","fond":"Cadastre","obsolete":true}},{"type":"Feature","geometry":{"type":"Polygon","coordinates":[[[6.5109,46.3825],[6.5143,46.3853],[6.5198,46.3873],[6.5257,46.389],[6.5288,46.3876],[6.5297,46.3852],[6.5246,46.3839],[6.5227,46.3828],[6.52,46.3829],[6.5123,46.3812],[6.5109,46.3825]]]},"properties":{"id_ffco":"6229","nom":"CHATEAU DE BLONAY","_dept":"74","numero":"1996-D74-49","commune":"PUBLIER","echelle":"1/5000","surface":"0.61 km²","format":"A4","annee":"1996","cartographes":"PLOCKYN Daniel,KAJAK Stephane","proprietaire":"SANS ADRESSE","niveau":"Initiation, Scolaire","specialite":"CO à pied","contacts":"SANS ADRESSE","latitude":"46.38507","longitude":"6.52028","date_saisie":"19/07/2013","valide":"Oui","ppo":"Non","type_carte":"Nouvelle carte","fond":"Cadastre","obsolete":true}},{"type":"Feature","geometry":{"type":"Polygon","coordinates":[[[6.7134,46.0838],[6.717,46.0837],[6.716,46.0802],[6.7159,46.0793],[6.7204,46.0773],[6.7186,46.0757],[6.7084,46.0774],[6.7096,46.0788],[6.7059,46.0802],[6.705,46.0807],[6.7043,46.0819],[6.7053,46.0839],[6.7059,46.0853],[6.7071,46.0854],[6.7092,46.085],[6.7134,46.0838],[6.7134,46.0838]]]},"properties":{"id_ffco":"6230","nom":"LE LAC AUX DAMES","_dept":"74","numero":"1996-D74-48","commune":"SAMOENS","echelle":"1/5000","surface":"0.73 km²","format":"A4","annee":"1996","cartographes":"KAJAK Stephane","proprietaire":"SANS ADRESSE","niveau":"Initiation, Scolaire","specialite":"CO à pied","contacts":"SANS ADRESSE","latitude":"46.08052","longitude":"6.71236","date_saisie":"19/07/2013","valide":"Oui","ppo":"Non","type_carte":"Nouvelle carte","fond":"Cadastre","obsolete":true}},{"type":"Feature","geometry":{"type":"Polygon","coordinates":[[[6.1593,45.9241],[6.1518,45.9258],[6.1513,45.9261],[6.1533,45.9269],[6.1539,45.9279],[6.1562,45.9328],[6.1565,45.9342],[6.1582,45.9344],[6.1602,45.9353],[6.1612,45.9358],[6.1629,45.9351],[6.1641,45.9343],[6.1666,45.9333],[6.1677,45.9323],[6.1662,45.9314],[6.1639,45.9299],[6.1641,45.9283],[6.1646,45.9275],[6.1653,45.9265],[6.1639,45.9254],[6.1609,45.9242],[6.1583,45.9243],[6.1578,45.9244],[6.1593,45.9241],[6.1593,45.9241]]]},"properties":{"id_ffco":"6234","nom":"BOIS DES GLAISINS","_dept":"74","numero":"1994-D74-47","commune":"ANNECY-LE-VIEUX","echelle":"1/5000","surface":"0.92 km²","format":"A4","annee":"1994","cartographes":"CROZET Bernard","proprietaire":"SANS ADRESSE","niveau":"Initiation, Scolaire","specialite":"CO à pied","contacts":"CDCO 74, cdco74ra@free.fr, http://www.cdco74.fr/","latitude":"45.92996","longitude":"6.15949","date_saisie":"19/07/2013","valide":"Oui","ppo":"Non","type_carte":"Nouvelle carte","fond":"Cadastre","obsolete":true}},{"type":"Feature","geometry":{"type":"Polygon","coordinates":[[[6.758,45.9275],[6.7544,45.927],[6.752,45.9267],[6.7465,45.9285],[6.7464,45.9307],[6.7492,45.9323],[6.7482,45.9328],[6.7449,45.9339],[6.7421,45.9352],[6.7405,45.9358],[6.7379,45.9351],[6.7364,45.9346],[6.7344,45.9329],[6.731,45.9334],[6.7289,45.9349],[6.729,45.9364],[6.7293,45.9383],[6.7289,45.9405],[6.7298,45.9429],[6.7331,45.9438],[6.7372,45.9436],[6.7393,45.943],[6.7421,45.9434],[6.7435,45.9435],[6.7442,45.9444],[6.7473,45.9438],[6.7503,45.9436],[6.7536,45.9434],[6.7552,45.9433],[6.7563,45.9429],[6.758,45.9427],[6.7599,45.9434],[6.763,45.9434],[6.766,45.9432],[6.7674,45.9419],[6.7695,45.941],[6.7712,45.9402],[6.7702,45.934],[6.7747,45.9339],[6.7738,45.925],[6.7719,45.925],[6.7724,45.9226],[6.7721,45.9203],[6.771,45.9197],[6.7675,45.9198],[6.7665,45.9202],[6.7639,45.9237],[6.7623,45.9255],[6.7592,45.9275],[6.758,45.9275],[6.758,45.9275]]]},"properties":{"id_ffco":"6197","nom":"ROCHERS DES FIZ","_dept":"74","numero":"1994-D74-46","commune":"SERVOZ","echelle":"1/10000","surface":"5.42 km²","format":"+","annee":"1994","cartographes":"COTIRTA Marian","proprietaire":"74 - Haute-Savoie","niveau":"Interrégional","specialite":"CO à pied","contacts":"CDCO 74, cdco74ra@free.fr, http://www.cdco74.fr/","latitude":"45.93204","longitude":"6.7518","date_saisie":"19/07/2013","valide":"Oui","ppo":"Non","type_carte":"Nouvelle carte","fond":"IGN","ref_ign":"TOP25 N° 3530 ET","obsolete":true}},{"type":"Feature","geometry":{"type":"Polygon","coordinates":[[[6.8703,45.9269],[6.8761,45.9245],[6.8918,45.9335],[6.9038,45.9394],[6.9074,45.9498],[6.9062,45.9519],[6.9036,45.9524],[6.8981,45.9436],[6.8889,45.9374],[6.8724,45.9314],[6.8703,45.9269]]]},"properties":{"id_ffco":"7546","nom":"LES SOURCES DE L'ARVEYRON","_dept":"74","numero":"1993-D74-45","commune":"74400 CHAMONIX MONT BLANC,","echelle":"1/10000","surface":"2.24 km²","format":"A3","annee":"1993","cartographes":"COTIRTA Marian,DENAIX Michel","niveau":"Interrégional","specialite":"CO à pied","contacts":"CLUB CSA EMHM CHAMONIX, 04 50 47 20 57, 04 50 53 76 23, yannick.moisset@wanadoo.fr, http://emhm.lraco.net/","latitude":"45.93514","longitude":"6.89023","date_saisie":"24/10/2014","valide":"Oui","ppo":"Non","type_carte":"Nouvelle carte","fond":"IGN","ref_ign":"TOP25 N° 3531 ET","obsolete":true}},{"type":"Feature","geometry":{"type":"Polygon","coordinates":[[[6.8885,45.9382],[6.8885,45.9338],[6.8943,45.935],[6.9048,45.9417],[6.9036,45.9426],[6.9041,45.9442],[6.8993,45.9445],[6.8973,45.9429],[6.8972,45.9417],[6.8951,45.9402],[6.8932,45.9406],[6.8905,45.941],[6.8902,45.9387],[6.8885,45.9382]]]},"properties":{"id_ffco":"7534","nom":"LA PIERRE D'ORTHAZ","_dept":"74","numero":"1993-D74-44","commune":"74400 CHAMONIX MONT BLANC,","echelle":"1/5000","surface":"0.7 km²","format":"A4","annee":"1993","cartographes":"COTIRTA Marian,DENAIX Michel","niveau":"Départemental","specialite":"CO à pied","contacts":"CLUB CSA EMHM CHAMONIX, 04 50 47 20 57, 04 50 53 76 23, yannick.moisset@wanadoo.fr, http://emhm.lraco.net/","latitude":"45.93878","longitude":"6.89596","date_saisie":"24/10/2014","valide":"Oui","ppo":"Non","type_carte":"Nouvelle carte","fond":"Cadastre","obsolete":true}},{"type":"Feature","geometry":{"type":"Polygon","coordinates":[[[6.8717,45.9281],[6.8756,45.9266],[6.8797,45.9298],[6.8851,45.932],[6.8866,45.9303],[6.89,45.9325],[6.8896,45.9376],[6.8868,45.9374],[6.8815,45.9357],[6.8809,45.934],[6.8774,45.9327],[6.876,45.9325],[6.8749,45.9329],[6.873,45.9312],[6.8722,45.9297],[6.8717,45.9281]]]},"properties":{"id_ffco":"7533","nom":"LE BOIS DU BOUCHET","_dept":"74","numero":"1993-D74-43","commune":"74400 CHAMONIX MONT BLANC,","echelle":"1/5000","surface":"0.77 km²","format":"A4","annee":"1993","cartographes":"COTIRTA Marian,DENAIX Michel","niveau":"Départemental","specialite":"CO à pied","contacts":"CLUB CSA EMHM CHAMONIX, 04 50 47 20 57, 04 50 53 76 23, yannick.moisset@wanadoo.fr, http://emhm.lraco.net/","latitude":"45.93022","longitude":"6.87725","date_saisie":"24/10/2014","valide":"Oui","ppo":"Non","type_carte":"Nouvelle carte","fond":"Cadastre","obsolete":true}},{"type":"Feature","geometry":{"type":"Polygon","coordinates":[[[6.8943,45.9401],[6.896,45.937],[6.8983,45.9388],[6.9046,45.9416],[6.9038,45.9421],[6.8986,45.943],[6.8952,45.9401],[6.8943,45.9401]]]},"properties":{"id_ffco":"7532","nom":"LES BOIS","_dept":"74","numero":"1991-D74-42","commune":"74400 CHAMONIX MONT BLANC,","echelle":"1/5000","surface":"0.23 km²","format":"A5","annee":"1991","cartographes":"DENAIX Michel","niveau":"Initiation, Scolaire","specialite":"CO à pied","contacts":"CLUB CSA EMHM CHAMONIX, 04 50 47 20 57, 04 50 53 76 23, yannick.moisset@wanadoo.fr, http://emhm.lraco.net/","latitude":"45.94017","longitude":"6.8978","date_saisie":"24/10/2014","valide":"Oui","ppo":"Non","type_carte":"Nouvelle carte","fond":"Cadastre","obsolete":true}},{"type":"Feature","geometry":{"type":"Polygon","coordinates":[[[6.2018,45.9239],[6.2027,45.9243],[6.2015,45.9252],[6.2002,45.9258],[6.2003,45.9263],[6.2017,45.9282],[6.2023,45.9292],[6.2047,45.9279],[6.207,45.926],[6.2082,45.9248],[6.208,45.9237],[6.206,45.9234],[6.2025,45.9235],[6.2018,45.9239],[6.2018,45.9239]]]},"properties":{"id_ffco":"6208","nom":"NAVES PARMELAN TREMBLAY","_dept":"74","numero":"1991-D74-41","commune":"NAVES-PARMELAN","echelle":"1/2500","surface":"0.24 km²","format":"A5","annee":"1991","cartographes":"CROZET Bernard","proprietaire":"SANS ADRESSE","niveau":"Initiation, Scolaire","specialite":"CO à pied","contacts":"SANS ADRESSE","latitude":"45.92634","longitude":"6.20423","date_saisie":"19/07/2013","valide":"Oui","ppo":"Non","type_carte":"Nouvelle carte","fond":"Cadastre","obsolete":true}},{"type":"Feature","geometry":{"type":"Polygon","coordinates":[[[6.2835,45.7498],[6.2846,45.7492],[6.2851,45.7484],[6.2855,45.7474],[6.2841,45.7468],[6.2835,45.7472],[6.2829,45.7487],[6.2832,45.75],[6.2835,45.7498],[6.2835,45.7498]]]},"properties":{"id_ffco":"6248","nom":"PARC DES PINS","_dept":"74","numero":"1990-D74-40","commune":"FAVERGES","echelle":"1/2000","surface":"0.04 km²","format":"A5","annee":"1990","cartographes":"CROZET Bernard","proprietaire":"SANS ADRESSE","niveau":"Initiation, Scolaire","specialite":"CO à pied","contacts":"SANS ADRESSE","latitude":"45.74822","longitude":"6.28424","date_saisie":"19/07/2013","valide":"Oui","ppo":"Non","type_carte":"Nouvelle carte","fond":"Cadastre","obsolete":true}},{"type":"Feature","geometry":{"type":"Polygon","coordinates":[[[6.6893,46.0019],[6.701,46.002],[6.7011,46.0055],[6.6983,46.0065],[6.6898,46.0063],[6.6893,46.0019]]]},"properties":{"id_ffco":"7531","nom":"STATION DE FLAINE","_dept":"74","numero":"1990-D74-39","commune":"74300 FLAINE,","echelle":"1/5000","surface":"0.43 km²","format":"A5","annee":"1990","cartographes":"GORET Gilles","niveau":"Interrégional","specialite":"CO à pied","contacts":"CDCO 74, cdco74ra@free.fr, http://www.cdco74.fr/","latitude":"46.00483","longitude":"6.69564","date_saisie":"24/10/2014","valide":"Oui","ppo":"Non","type_carte":"Extrait","base":"1990-D74-38 LE GRAND MASSIF","fond":"Cadastre","obsolete":true}},{"type":"Feature","geometry":{"type":"Polygon","coordinates":[[[6.6134,46.0406],[6.6299,46.0575],[6.5928,46.0818],[6.5983,46.0963],[6.633,46.1016],[6.7072,46.0844],[6.7415,46.0697],[6.7665,46.0423],[6.7535,45.9972],[6.7298,45.9877],[6.6708,45.9869],[6.6608,46.0039],[6.6148,46.038],[6.6134,46.0406]]]},"properties":{"id_ffco":"5818","nom":"LE GRAND MASSIF","_dept":"74","numero":"1990-D74-38","commune":"MAGLAND","echelle":"1/30000","surface":"110.04 km²","format":"+","annee":"1990","cartographes":"FONTAINE Jean Claude","proprietaire":"SANS ADRESSE","niveau":"National, International","specialite":"Raid'O","contacts":"SANS ADRESSE","latitude":"46.04426","longitude":"6.67969","date_saisie":"19/07/2013","date_depot":"29/03/2018","valide":"Oui","ppo":"Non","type_carte":"Nouvelle carte","fond":"Ortho","obsolete":true}},{"type":"Feature","geometry":{"type":"Polygon","coordinates":[[[6.1061,45.9145],[6.1042,45.9194],[6.1047,45.921],[6.1078,45.9246],[6.1134,45.9222],[6.1155,45.9226],[6.1147,45.9211],[6.1074,45.9177],[6.1072,45.9157],[6.1059,45.9156],[6.1061,45.9145]]]},"properties":{"id_ffco":"7530","nom":"METHET - LES ILES","_dept":"74","numero":"1990-D74-37","commune":"74960 MEYTHET,","echelle":"1/2500","surface":"0.4 km²","format":"+","annee":"1990","cartographes":"CROZET Bernard","proprietaire":"74 - Haute-Savoie","niveau":"Initiation, Scolaire","specialite":"CO à pied","contacts":"CDCO 74, cdco74ra@free.fr, http://www.cdco74.fr/","latitude":"45.92088","longitude":"6.10887","date_saisie":"24/10/2014","valide":"Oui","ppo":"Non","type_carte":"Nouvelle carte","fond":"Cadastre","obsolete":true}},{"type":"Feature","geometry":{"type":"Polygon","coordinates":[[[6.2873,46.1282],[6.2898,46.1269],[6.2903,46.1257],[6.2902,46.1247],[6.2914,46.124],[6.2915,46.1233],[6.2896,46.1233],[6.2849,46.1234],[6.2835,46.1242],[6.2833,46.1249],[6.2833,46.1271],[6.2863,46.1283],[6.2873,46.1282],[6.2873,46.1282]]]},"properties":{"id_ffco":"6251","nom":"LES COMMUNAUX","_dept":"74","numero":"1990-D74-36","commune":"REIGNIER","echelle":"1/2500","surface":"0.26 km²","format":"+","annee":"1990","cartographes":"CROZET Bernard","proprietaire":"SANS ADRESSE","niveau":"Initiation, Scolaire","specialite":"CO à pied","contacts":"SANS ADRESSE","latitude":"46.12579","longitude":"6.28711","date_saisie":"19/07/2013","valide":"Oui","ppo":"Non","type_carte":"Nouvelle carte","fond":"Cadastre","obsolete":true}},{"type":"Feature","geometry":{"type":"Polygon","coordinates":[[[6.1296,45.8818],[6.1384,45.8818],[6.1415,45.8846],[6.1425,45.8893],[6.1411,45.8909],[6.1358,45.8947],[6.1318,45.8946],[6.1313,45.8915],[6.1289,45.8912],[6.1296,45.8818]]]},"properties":{"id_ffco":"7529","nom":"LES MARQUISATS - LA GRANDE JEANNE","_dept":"74","numero":"1990-D74-35","commune":"74000 ANNECY,","echelle":"1/5000","surface":"1.18 km²","format":"A4","annee":"1990","cartographes":"BASTARD Robert,GORET Gilles","niveau":"Régional","specialite":"CO à pied","contacts":"CLUB ANNECY SPORTS ORIENTATION, 06 28 33 78 26, annecyso@free.fr, http://annecyso.fr/","latitude":"45.88913","longitude":"6.13625","date_saisie":"24/10/2014","valide":"Oui","ppo":"Non","type_carte":"Reprise","base":"1984-D74-9999 LA PUYA","fond":"Cadastre","obsolete":true}},{"type":"Feature","geometry":{"type":"Polygon","coordinates":[[[6.6596,46.0226],[6.6544,46.0195],[6.6501,46.0179],[6.6479,46.0158],[6.6439,46.018],[6.6424,46.0209],[6.6419,46.023],[6.6388,46.0247],[6.6385,46.0252],[6.6349,46.0283],[6.6318,46.0309],[6.6299,46.0347],[6.6295,46.038],[6.6306,46.0421],[6.6358,46.0447],[6.6404,46.0444],[6.6442,46.0451],[6.6472,46.0457],[6.6506,46.0464],[6.656,46.0478],[6.6623,46.0482],[6.6638,46.0451],[6.6652,46.0427],[6.6706,46.0393],[6.6745,46.0373],[6.6758,46.0364],[6.676,46.0345],[6.6742,46.0325],[6.6692,46.0291],[6.6596,46.0226],[6.6596,46.0226]]]},"properties":{"id_ffco":"6212","nom":"LES CARROZ","_dept":"74","numero":"1990-D74-34","commune":"ARACHES LES CARROZ","echelle":"1/15000","surface":"7.8 km²","format":"+","annee":"1990","cartographes":"FONTAINE Jean Claude","proprietaire":"SANS ADRESSE","niveau":"National, International","specialite":"CO à pied","contacts":"SANS ADRESSE","latitude":"46.03198","longitude":"6.65274","date_saisie":"19/07/2013","valide":"Oui","ppo":"Non","type_carte":"Nouvelle carte","fond":"Ortho","obsolete":true}},{"type":"Feature","geometry":{"type":"Polygon","coordinates":[[[6.098,45.8079],[6.1052,45.8083],[6.1143,45.8028],[6.1107,45.786],[6.1154,45.786],[6.1073,45.7648],[6.0766,45.7649],[6.0747,45.782],[6.098,45.8079]]]},"properties":{"id_ffco":"7545","nom":"CRET DE L'AIGLE","_dept":"74","numero":"1990-D74-33","commune":"74000 ANNECY,","echelle":"1/15000","surface":"11.01 km²","format":"A3","annee":"1990","cartographes":"MAREIGNER Franz et Yann,DENAIX Michel","niveau":"National, International","specialite":"CO à pied","contacts":"CDCO 74, cdco74ra@free.fr, http://www.cdco74.fr/","latitude":"45.79688","longitude":"6.10248","date_saisie":"24/10/2014","valide":"Oui","ppo":"Non","type_carte":"Nouvelle carte","fond":"Cadastre","obsolete":true}},{"type":"Feature","geometry":{"type":"Polygon","coordinates":[[[6.3137,45.9888],[6.3152,45.9833],[6.3198,45.9787],[6.3419,45.9785],[6.3535,45.9897],[6.3488,45.9939],[6.3604,46.0018],[6.3503,46.0066],[6.3267,45.9965],[6.3137,45.9888]]]},"properties":{"id_ffco":"7544","nom":"COL DES GLIERES","_dept":"74","numero":"1990-D74-32","commune":"74570 THORENS GLIERES,","echelle":"1/15000","surface":"6.34 km²","format":"A3","annee":"1990","cartographes":"GORET Gilles","proprietaire":"74 - Haute-Savoie","niveau":"National, International","specialite":"CO à pied","contacts":"CDCO 74, cdco74ra@free.fr, http://www.cdco74.fr/","latitude":"45.9929","longitude":"6.33126","date_saisie":"24/10/2014","valide":"Oui","ppo":"Non","type_carte":"Nouvelle carte","fond":"Cadastre","obsolete":true}},{"type":"Feature","geometry":{"type":"Polygon","coordinates":[[[6.4087,45.9002],[6.4159,45.8988],[6.4201,45.898],[6.4245,45.8956],[6.4263,45.8937],[6.4288,45.8901],[6.4301,45.8869],[6.4288,45.8841],[6.4237,45.8815],[6.4217,45.8809],[6.4199,45.8794],[6.4146,45.8792],[6.4089,45.8792],[6.406,45.8767],[6.4017,45.8764],[6.3997,45.8758],[6.4002,45.8749],[6.3987,45.8741],[6.394,45.8734],[6.3869,45.8739],[6.3815,45.8754],[6.3782,45.8771],[6.3748,45.8784],[6.3735,45.8804],[6.3736,45.8819],[6.3744,45.8846],[6.3768,45.8885],[6.3798,45.8925],[6.3831,45.8964],[6.388,45.8986],[6.3931,45.9003],[6.4007,45.9004],[6.4087,45.9002],[6.4087,45.9002]]]},"properties":{"id_ffco":"6210","nom":"POINTE DE BEAUREGARD","_dept":"74","numero":"1990-D74-31","commune":"THONES MANIGOD","echelle":"1/15000","surface":"9.5 km²","format":"+","annee":"1990","cartographes":"DENAIX Michel,GORET Gilles","proprietaire":"SANS ADRESSE","niveau":"National, International","specialite":"CO à pied","contacts":"CDCO 74, cdco74ra@free.fr, http://www.cdco74.fr/","latitude":"45.8869","longitude":"6.40184","date_saisie":"19/07/2013","valide":"Oui","ppo":"Non","type_carte":"Reprise","base":"1988-D74-17 POINTE DE BEAUREGARD","fond":"Cadastre","obsolete":true}},{"type":"Feature","geometry":{"type":"Polygon","coordinates":[[[6.1222,46.0371],[6.1224,46.041],[6.1261,46.0431],[6.1281,46.0417],[6.1314,46.0433],[6.1346,46.0434],[6.1356,46.0405],[6.1354,46.0372],[6.1325,46.037],[6.1222,46.0371]]]},"properties":{"id_ffco":"7528","nom":"PARC DES DRONIERES","_dept":"74","numero":"1990-D74-30","commune":"74350 CRUSEILLES,","echelle":"1/5000","surface":"0.62 km²","format":"A5","annee":"1990","cartographes":"CROZET Bernard","niveau":"Initiation, Scolaire","specialite":"CO à pied","contacts":"CDCO 74, cdco74ra@free.fr, http://www.cdco74.fr/","latitude":"46.03999","longitude":"6.12644","date_saisie":"24/10/2014","valide":"Oui","ppo":"Non","type_carte":"Nouvelle carte","fond":"Cadastre","obsolete":true}},{"type":"Feature","geometry":{"type":"Polygon","coordinates":[[[6.124,45.8934],[6.1408,45.8944],[6.146,45.8908],[6.1463,45.8753],[6.1371,45.874],[6.1271,45.8432],[6.0965,45.8422],[6.0928,45.8477],[6.124,45.8836],[6.124,45.8934]]]},"properties":{"id_ffco":"7543","nom":"LES SABLES","_dept":"74","numero":"1989-D74-29","commune":"74000 ANNECY,","echelle":"1/15000","surface":"11.96 km²","format":"A3","annee":"1989","cartographes":"DENAIX Michel,GORET Gilles","niveau":"National, International","specialite":"CO à pied","contacts":"CDCO 74, cdco74ra@free.fr, http://www.cdco74.fr/","latitude":"45.86831","longitude":"6.12917","date_saisie":"24/10/2014","valide":"Oui","ppo":"Non","type_carte":"Nouvelle carte","fond":"Cadastre","obsolete":true}},{"type":"Feature","geometry":{"type":"Polygon","coordinates":[[[6.5461,46.0737],[6.548,46.0739],[6.5484,46.0752],[6.5486,46.0756],[6.5487,46.0766],[6.5468,46.0769],[6.5445,46.0776],[6.5438,46.078],[6.5417,46.0779],[6.5439,46.0764],[6.544,46.0762],[6.5439,46.0761],[6.5414,46.075],[6.5411,46.0749],[6.5415,46.0748],[6.5461,46.0737]]]},"properties":{"id_ffco":"6424","nom":"PARC DES LACS","_dept":"74","numero":"1989-D74-28","commune":"THYEZ","echelle":"1/2500","surface":"0.16 km²","format":"A4","annee":"1989","cartographes":"CROZET Bernard","proprietaire":"74 - Haute-Savoie","niveau":"Initiation, Scolaire","specialite":"CO à pied","contacts":"CDCO 74, cdco74ra@free.fr, http://www.cdco74.fr/","latitude":"46.0756652992","longitude":"6.5453671928","date_saisie":"19/07/2013","valide":"Oui","ppo":"Non","type_carte":"Nouvelle carte","fond":"Cadastre","obsolete":true}},{"type":"Feature","geometry":{"type":"Polygon","coordinates":[[[6.3075,45.7205],[6.3081,45.7204],[6.3087,45.7203],[6.3105,45.7207],[6.3119,45.7205],[6.314,45.7213],[6.314,45.7203],[6.3147,45.7186],[6.3149,45.7174],[6.3155,45.7153],[6.3151,45.7141],[6.3164,45.7131],[6.316,45.7099],[6.3145,45.709],[6.3116,45.7086],[6.3114,45.7061],[6.3079,45.7062],[6.3071,45.7062],[6.3068,45.7069],[6.3055,45.7147],[6.3047,45.7184],[6.3067,45.7186],[6.3075,45.7205]]]},"properties":{"id_ffco":"7527","nom":"LES CRETS","_dept":"74","numero":"1989-D74-27","commune":"74210 SEYTHENEX,","echelle":"1/5000","surface":"1.07 km²","format":"A4","annee":"1989","cartographes":"CROZET Bernard","niveau":"Initiation, Scolaire","specialite":"CO à pied","contacts":"CDCO 74, cdco74ra@free.fr, http://www.cdco74.fr/","latitude":"45.71541","longitude":"6.31145","date_saisie":"24/10/2014","valide":"Oui","ppo":"Non","type_carte":"Nouvelle carte","fond":"Cadastre","obsolete":true}},{"type":"Feature","geometry":{"type":"Polygon","coordinates":[[[6.5549,46.0769],[6.557,46.078],[6.5575,46.0783],[6.5609,46.0763],[6.5603,46.0748],[6.5598,46.0748],[6.5597,46.0746],[6.5549,46.0769]]]},"properties":{"id_ffco":"7526","nom":"CLUSES LES ESSERTS","_dept":"74","numero":"1989-D74-26","commune":"74300 CLUSES,","echelle":"1/2500","surface":"0.09 km²","format":"+","annee":"1989","cartographes":"CROZET Bernard","niveau":"Initiation, Scolaire","specialite":"CO à pied","contacts":"CDCO 74, cdco74ra@free.fr, http://www.cdco74.fr/","latitude":"46.07653","longitude":"6.55831","date_saisie":"24/10/2014","valide":"Oui","ppo":"Non","type_carte":"Reprise","base":"1988-D74-9988 CLUSES LES ESSERTS","fond":"Cadastre","obsolete":true}},{"type":"Feature","geometry":{"type":"Polygon","coordinates":[[[6.0501,45.941],[6.0544,45.9418],[6.0567,45.9426],[6.059,45.943],[6.0599,45.9429],[6.0612,45.9413],[6.0624,45.939],[6.0652,45.9368],[6.0656,45.9348],[6.0628,45.9333],[6.0634,45.9323],[6.0625,45.9288],[6.0625,45.9268],[6.0617,45.9237],[6.0582,45.9236],[6.055,45.9221],[6.0547,45.9172],[6.0523,45.9142],[6.0479,45.9113],[6.0425,45.9093],[6.0386,45.9078],[6.0349,45.9079],[6.0309,45.9088],[6.0298,45.9108],[6.0321,45.9146],[6.0357,45.9169],[6.0369,45.9195],[6.0376,45.9214],[6.0393,45.9241],[6.0399,45.9254],[6.0412,45.9269],[6.042,45.9294],[6.0426,45.9316],[6.0437,45.933],[6.0446,45.9351],[6.0498,45.938],[6.0494,45.9392],[6.0489,45.9391],[6.0485,45.9397],[6.0501,45.941]]]},"properties":{"id_ffco":"10338","nom":"LA MONTAGNE D'AGE","_dept":"74","numero":"2017-D74-257","commune":"POISY","echelle":"1/10000","surface":"5.3 km²","format":"A3","annee":"2017","cartographes":"Mathieu BARTHELEMY,DENAIX Michel","proprietaire":"74 - Haute-Savoie","niveau":"Régional","specialite":"CO à pied","latitude":"45.9249628002","longitude":"6.04890453156","date_saisie":"21/09/2017","date_depot":"21/11/2017","valide":"Oui","ppo":"Non","type_carte":"Reprise","base":"2012-D74-193 LA MONTAGNE D AGE","fond":"Ortho","obsolete":true}},{"type":"Feature","geometry":{"type":"Polygon","coordinates":[[[6.1677,46.0293],[6.1753,46.0305],[6.1815,46.0306],[6.183,46.0287],[6.1783,46.025],[6.1739,46.0233],[6.1667,46.0254],[6.1673,46.0292],[6.1677,46.0293]]]},"properties":{"id_ffco":"6330","nom":"LA MOUILLE","_dept":"74","numero":"1989-D74-25","commune":"GROISY","echelle":"1/5000","surface":"0.7 km²","format":"A5","annee":"1989","cartographes":"CROZET Bernard","proprietaire":"SANS ADRESSE","niveau":"Initiation, Scolaire","specialite":"CO à pied","contacts":"SANS ADRESSE","latitude":"46.02697","longitude":"6.17486","date_saisie":"19/07/2013","valide":"Oui","ppo":"Non","type_carte":"Nouvelle carte","fond":"Cadastre","obsolete":true}},{"type":"Feature","geometry":{"type":"Polygon","coordinates":[[[6.3157,45.9571],[6.321,45.957],[6.324,45.9544],[6.323,45.9505],[6.3154,45.9478],[6.3125,45.9496],[6.3118,45.9526],[6.3129,45.955],[6.3157,45.9571]]]},"properties":{"id_ffco":"6423","nom":"LE TROU DE L'ENFER","_dept":"74","numero":"1988-D74-24","commune":"THORENS LES GLIERES","echelle":"1/5000","surface":"0.71 km²","format":"A5","annee":"1988","cartographes":"GORET Gilles","proprietaire":"SANS ADRESSE","niveau":"Initiation, Scolaire","specialite":"CO à pied","contacts":"SANS ADRESSE","latitude":"45.95246","longitude":"6.31789","date_saisie":"19/07/2013","valide":"Oui","ppo":"Non","type_carte":"Extrait","base":"1988-D74-21 PLATEAU DES GLIERES","fond":"Cadastre","obsolete":true}},{"type":"Feature","geometry":{"type":"Polygon","coordinates":[[[6.0783,46.1375],[6.0845,46.1363],[6.0921,46.1349],[6.099,46.1357],[6.0993,46.1388],[6.0967,46.1443],[6.0955,46.1472],[6.0957,46.1484],[6.0937,46.15],[6.0936,46.1509],[6.092,46.152],[6.078,46.1494],[6.0749,46.149],[6.0656,46.1507],[6.061,46.1512],[6.0525,46.1514],[6.0484,46.1473],[6.0469,46.1461],[6.0468,46.1426],[6.0486,46.1396],[6.0498,46.1359],[6.051,46.1346],[6.0522,46.1338],[6.0548,46.1333],[6.0584,46.1338],[6.0585,46.1341],[6.0625,46.1366],[6.0637,46.1368],[6.0651,46.1368],[6.0693,46.1371],[6.0709,46.1376],[6.0725,46.138],[6.0742,46.138],[6.077,46.138],[6.0776,46.1381],[6.0783,46.1375]]]},"properties":{"id_ffco":"9784","nom":"SAINT JULIEN EN GENEVOIS","_dept":"74","numero":"2016-D74-236","commune":"SAINT JULIEN EN GENEVOIS","echelle":"1/10000","surface":"6.11 km²","format":"A4","annee":"2016","cartographes":"PLOCKYN Daniel","proprietaire":"74 - Haute-Savoie","niveau":"Régional","specialite":"CO à pied","latitude":"46.1430824316","longitude":"6.07236257713","date_saisie":"26/10/2016","date_depot":"01/02/2017","valide":"Oui","ppo":"Non","type_carte":"Nouvelle carte","fond":"Cadastre","obsolete":true}},{"type":"Feature","geometry":{"type":"Polygon","coordinates":[[[6.3504,45.9745],[6.3452,45.9727],[6.3423,45.9719],[6.3424,45.9671],[6.3476,45.9677],[6.3531,45.9708],[6.3504,45.9745],[6.3504,45.9745]]]},"properties":{"id_ffco":"6422","nom":"CHEZ LA JODE","_dept":"74","numero":"1988-D74-23","commune":"THORENS LES GLIERES","echelle":"1/5000","surface":"0.44 km²","format":"A5","annee":"1988","cartographes":"GORET Gilles","proprietaire":"74 - Haute-Savoie","niveau":"Initiation, Scolaire","specialite":"CO à pied","contacts":"CDCO 74, cdco74ra@free.fr, http://www.cdco74.fr/","latitude":"45.97081","longitude":"6.34769","date_saisie":"19/07/2013","valide":"Oui","ppo":"Non","type_carte":"Extrait","base":"1988-D74-21 PLATEAU DES GLIERES","fond":"Cadastre","obsolete":true}},{"type":"Feature","geometry":{"type":"Polygon","coordinates":[[[6.4682,46.2031],[6.4482,46.2029],[6.4444,46.197],[6.4497,46.1912],[6.4492,46.1887],[6.4459,46.1817],[6.4468,46.1775],[6.4636,46.1773],[6.4661,46.1799],[6.4679,46.1838],[6.4694,46.1844],[6.4678,46.189],[6.469,46.1892],[6.4698,46.1948],[6.4682,46.2031]]]},"properties":{"id_ffco":"8781","nom":"PLATEAU PLAINE JOUX - LES BRASSES","_dept":"74","numero":"2015-D74-229","commune":"BOGEVE","echelle":"1/12500","surface":"4.65 km²","format":"A4","annee":"2015","cartographes":"PLOCKYN Daniel","proprietaire":"74 - Haute-Savoie","niveau":"National, International","specialite":"CO à ski","latitude":"46.1905952059","longitude":"6.45773271472","date_saisie":"23/10/2015","date_depot":"06/04/2016","valide":"Oui","ppo":"Non","type_carte":"Extrait","base":"2012-D74-198 PLATEAU DE PLAINE JOUX - LES BRASSES","fond":"Ortho","obsolete":true}},{"type":"Feature","geometry":{"type":"Polygon","coordinates":[[[6.4592,46.1967],[6.4628,46.185],[6.4712,46.1849],[6.4793,46.1881],[6.479,46.1988],[6.4595,46.1984],[6.4592,46.1967]]]},"properties":{"id_ffco":"8780","nom":"CHEZ BENE","_dept":"74","numero":"2015-D74-228","commune":"BOGEVE","echelle":"1/7500","surface":"2.05 km²","format":"A4","annee":"2015","cartographes":"PLOCKYN Daniel","proprietaire":"74 - Haute-Savoie","niveau":"National, International","specialite":"CO à ski","latitude":"46.1922912743","longitude":"6.46964880277","date_saisie":"23/10/2015","date_depot":"06/04/2016","valide":"Oui","ppo":"Non","type_carte":"Extrait","base":"2012-D74-198 PLATEAU DE PLAINE JOUX - LES BRASSES","fond":"Ortho","obsolete":true}},{"type":"Feature","geometry":{"type":"Polygon","coordinates":[[[6.1049,46.0814],[6.1058,46.081],[6.1061,46.0803],[6.1073,46.0791],[6.1098,46.079],[6.1108,46.0801],[6.1131,46.0843],[6.117,46.087],[6.1187,46.0891],[6.117,46.0907],[6.1135,46.0906],[6.1127,46.0903],[6.1116,46.0902],[6.1096,46.0912],[6.1079,46.0898],[6.1064,46.0882],[6.1056,46.0869],[6.1056,46.0853],[6.1058,46.0841],[6.1049,46.0814]]]},"properties":{"id_ffco":"8779","nom":"LA CHARTREUSE DE POMIER","_dept":"74","numero":"2015-D74-227","commune":"PRESILLY - BEAUMONT","echelle":"1/5000","surface":"0.82 km²","format":"A4","annee":"2015","cartographes":"PLOCKYN Daniel","proprietaire":"74 - Haute-Savoie","niveau":"Interrégional","specialite":"CO à pied","latitude":"46.0857631094","longitude":"6.11069813553","date_saisie":"23/10/2015","date_depot":"06/04/2016","valide":"Oui","ppo":"Non","type_carte":"Reprise","base":"2011-D74-185 LA CHARTREUSE DE POMIER","fond":"Cadastre","obsolete":true}},{"type":"Feature","geometry":{"type":"Polygon","coordinates":[[[6.0845,46.136],[6.0921,46.1348],[6.0994,46.1354],[6.1001,46.1367],[6.0977,46.1426],[6.0957,46.1422],[6.0937,46.1423],[6.0922,46.1414],[6.0858,46.1412],[6.0849,46.1412],[6.0836,46.1407],[6.082,46.1399],[6.081,46.1394],[6.0829,46.1385],[6.0845,46.136]]]},"properties":{"id_ffco":"8778","nom":"LES BOUGERIES","_dept":"74","numero":"2015-D74-226","commune":"SAINT JULIEN EN GENEVOIS","echelle":"1/5000","surface":"0.87 km²","format":"A4","annee":"2015","cartographes":"PLOCKYN Daniel","proprietaire":"74 - Haute-Savoie","niveau":"Départemental","specialite":"CO à pied","latitude":"46.1384750526","longitude":"6.09158942587","date_saisie":"23/10/2015","date_depot":"06/04/2016","valide":"Oui","ppo":"Non","type_carte":"Reprise","base":"2007-D74-112 LES BOUGERIES","fond":"Cadastre","obsolete":true}},{"type":"Feature","geometry":{"type":"Polygon","coordinates":[[[6.0381,46.1182],[6.0375,46.1169],[6.038,46.1161],[6.0419,46.1138],[6.0467,46.1137],[6.0479,46.1134],[6.0515,46.1117],[6.0569,46.1174],[6.0576,46.1179],[6.0558,46.12],[6.0543,46.1218],[6.0537,46.1227],[6.0537,46.124],[6.0533,46.1243],[6.0531,46.1251],[6.0519,46.1263],[6.0508,46.1258],[6.0491,46.1241],[6.0394,46.1211],[6.0398,46.1198],[6.0399,46.119],[6.0393,46.1185],[6.0381,46.1182]]]},"properties":{"id_ffco":"8776","nom":"BOIS DE LA RIPPE","_dept":"74","numero":"2015-D74-224","commune":"VIRY","echelle":"1/7500","surface":"1.4 km²","format":"A4","annee":"2015","cartographes":"DECHAVANNE Franck","proprietaire":"7407 - SALLANCHES ORIENTATION SPORTIVE - GENEVOIS ORIENTATION","niveau":"Départemental","specialite":"CO à pied","latitude":"46.1184452571","longitude":"6.04797422076","date_saisie":"23/10/2015","date_depot":"06/04/2016","valide":"Oui","ppo":"Non","type_carte":"Nouvelle carte","fond":"Ortho","obsolete":true}},{"type":"Feature","geometry":{"type":"Polygon","coordinates":[[[6.322,45.9616],[6.3216,45.9578],[6.3401,45.9582],[6.3401,45.9684],[6.3334,45.9681],[6.322,45.9616]]]},"properties":{"id_ffco":"6363","nom":"LA METRALIERE","_dept":"74","numero":"1988-D74-22","commune":"COL DES GLIERES","echelle":"1/5000","surface":"1.27 km²","format":"A5","annee":"1988","cartographes":"GORET Gilles","proprietaire":"SANS ADRESSE","niveau":"Initiation, Scolaire","specialite":"CO à pied","contacts":"SANS ADRESSE","latitude":"45.96311","longitude":"6.33087","date_saisie":"19/07/2013","valide":"Oui","ppo":"Non","type_carte":"Reprise","base":"1987-D74-16 LA METRALIERE","fond":"Cadastre","obsolete":true}},{"type":"Feature","geometry":{"type":"Polygon","coordinates":[[[6.3134,45.9875],[6.3132,45.9873],[6.3352,45.9989],[6.3416,46.0005],[6.3419,46.0003],[6.3443,46.0003],[6.3469,45.9949],[6.3438,45.9934],[6.3367,45.9896],[6.3385,45.9878],[6.3246,45.9781],[6.3164,45.9774],[6.312,45.98],[6.3134,45.9875]]]},"properties":{"id_ffco":"7525","nom":"PLATEAU DES GLIERES","_dept":"74","numero":"1988-D74-21","commune":"74570 THORENS GLIERES,","echelle":"1/22500","surface":"3.37 km²","format":"+","annee":"1988","cartographes":"GORET Gilles","niveau":"Régional","specialite":"Rand'O","contacts":"CDCO 74, cdco74ra@free.fr, http://www.cdco74.fr/","latitude":"45.99558","longitude":"6.33572","date_saisie":"24/10/2014","valide":"Oui","ppo":"Non","type_carte":"Nouvelle carte","fond":"Cadastre","obsolete":true}},{"type":"Feature","geometry":{"type":"Polygon","coordinates":[[[5.9254,46.1112],[5.9256,46.1211],[5.9281,46.1245],[5.9283,46.1304],[5.936,46.1314],[5.944,46.1293],[5.9489,46.1299],[5.9539,46.1323],[5.9577,46.1348],[5.9604,46.1358],[5.964,46.1368],[5.9654,46.1383],[5.9654,46.1394],[5.9728,46.1425],[5.981,46.1435],[5.9839,46.1445],[5.9912,46.1443],[5.9939,46.1451],[5.9956,46.1407],[5.9989,46.1375],[5.9985,46.1313],[5.9982,46.1237],[6.002,46.1199],[5.9948,46.1167],[5.9905,46.1141],[5.9874,46.1123],[5.9858,46.1114],[5.9769,46.1108],[5.9742,46.1106],[5.9695,46.1097],[5.9647,46.1082],[5.9597,46.1075],[5.9524,46.1075],[5.9482,46.1086],[5.9436,46.111],[5.9407,46.113],[5.9378,46.1139],[5.935,46.1138],[5.9326,46.1131],[5.9307,46.1122],[5.9287,46.1116],[5.9254,46.1112]]]},"properties":{"id_ffco":"6809","nom":"VALLEIRY - VIRY - VULBENS - CHANCY","_dept":"74","numero":"2012-D74-201","commune":"VALLEIRY","echelle":"1/15000","surface":"16.01 km²","format":"A3","annee":"2012","cartographes":"PLOCKYN Daniel","proprietaire":"74 - Haute-Savoie","niveau":"Régional","specialite":"CO à pied","contacts":"CDCO 74, cdco74ra@free.fr, http://www.cdco74.fr/","latitude":"46.12575","longitude":"5.9642","date_saisie":"19/07/2013","date_depot":"07/02/2015","valide":"Oui","ppo":"Non","type_carte":"Reprise","base":"2001-D74-63 LES BOIS DE CHANCY ET VALLEIRY","fond":"Ortho","obsolete":true}},{"type":"Feature","geometry":{"type":"Polygon","coordinates":[[[6.8466,45.9152],[6.8491,45.9153],[6.8506,45.9139],[6.8485,45.9129],[6.8457,45.9109],[6.8442,45.9101],[6.8437,45.9093],[6.841,45.9093],[6.8412,45.9102],[6.8434,45.9124],[6.8466,45.9152]]]},"properties":{"id_ffco":"7524","nom":"LES GAILLANDS","_dept":"74","numero":"1988-D74-20","commune":"74400 CHAMONIX MONT BLANC,","echelle":"1/5000","surface":"0.2 km²","format":"A5","annee":"1988","cartographes":"GORET Gilles","niveau":"Initiation, Scolaire","specialite":"CO à pied","contacts":"CLUB CSA EMHM CHAMONIX, 04 50 47 20 57, 04 50 53 76 23, yannick.moisset@wanadoo.fr, http://emhm.lraco.net/","latitude":"45.91377","longitude":"6.84691","date_saisie":"24/10/2014","valide":"Oui","ppo":"Non","type_carte":"Reprise","base":"1985-D74-08 LES GAILLANDS","fond":"Cadastre","obsolete":true}},{"type":"Feature","geometry":{"type":"Polygon","coordinates":[[[6.0412,45.9314],[6.0364,45.9267],[6.0353,45.9224],[6.0355,45.9202],[6.0345,45.9173],[6.0328,45.9155],[6.0312,45.9121],[6.0337,45.91],[6.0382,45.9079],[6.0415,45.9079],[6.0449,45.9084],[6.0471,45.9108],[6.0515,45.9134],[6.0542,45.916],[6.0553,45.9196],[6.0568,45.9224],[6.0582,45.9259],[6.0594,45.9289],[6.0612,45.9323],[6.0625,45.9334],[6.0627,45.9357],[6.0653,45.9369],[6.0629,45.939],[6.0613,45.9417],[6.0599,45.9431],[6.0583,45.943],[6.0557,45.9423],[6.0513,45.9414],[6.049,45.94],[6.0497,45.9392],[6.0488,45.938],[6.0473,45.9374],[6.0412,45.9314],[6.0412,45.9314]]]},"properties":{"id_ffco":"6800","nom":"LA MONTAGNE D AGE","_dept":"74","numero":"2012-D74-193","commune":"POISY","echelle":"1/10000","surface":"5.38 km²","format":"A3","annee":"2012","cartographes":"PLOCKYN Daniel","proprietaire":"74 - Haute-Savoie","niveau":"Régional","specialite":"CO à pied","contacts":"CDCO 74, cdco74ra@free.fr, http://www.cdco74.fr/","latitude":"45.92551","longitude":"6.04806","date_saisie":"19/07/2013","date_depot":"07/02/2015","valide":"Oui","ppo":"Non","type_carte":"Nouvelle carte","fond":"Ortho","obsolete":true}},{"type":"Feature","geometry":{"type":"Polygon","coordinates":[[[6.047,45.9385],[6.0513,45.9398],[6.0553,45.9409],[6.0578,45.9409],[6.0614,45.9362],[6.0608,45.9353],[6.0597,45.9343],[6.0582,45.9329],[6.0572,45.9323],[6.0444,45.9327],[6.0444,45.9363],[6.047,45.9385]]]},"properties":{"id_ffco":"6329","nom":"LA MONTAGNE D AGE NORD","_dept":"74","numero":"2012-D74-192","commune":"POISY","echelle":"1/5000","surface":"0.95 km²","format":"A4","annee":"2012","cartographes":"PLOCKYN Daniel","proprietaire":"74 - Haute-Savoie","niveau":"Départemental","specialite":"CO à pied","contacts":"CDCO 74, cdco74ra@free.fr, http://www.cdco74.fr/","latitude":"45.93662","longitude":"6.05119","date_saisie":"19/07/2013","date_depot":"06/02/2015","valide":"Oui","ppo":"Non","type_carte":"Nouvelle carte","fond":"Ortho","obsolete":true}},{"type":"Feature","geometry":{"type":"Polygon","coordinates":[[[6.287,45.7494],[6.2882,45.7489],[6.2885,45.748],[6.2885,45.7473],[6.2868,45.7468],[6.2853,45.7478],[6.2843,45.7485],[6.2843,45.7495],[6.287,45.7494]]]},"properties":{"id_ffco":"6698","nom":"COLLEGE LOUIS LACHENAL","_dept":"74","numero":"2011-D74-191","commune":"FAVERGES","echelle":"1/1500","surface":"0.07 km²","format":"A4","annee":"2011","cartographes":"ESCHENLOHR CHRISTOPHE","proprietaire":"74 - Haute-Savoie","niveau":"Départemental","specialite":"CO à pied","contacts":"CDCO 74, cdco74ra@free.fr, http://www.cdco74.fr/","latitude":"45.74815","longitude":"6.28639","date_saisie":"19/07/2013","date_depot":"25/09/2013","valide":"Oui","ppo":"Non","type_carte":"Nouvelle carte","fond":"Cadastre","obsolete":true}},{"type":"Feature","geometry":{"type":"Polygon","coordinates":[[[6.2863,45.7483],[6.2863,45.7482],[6.2863,45.7482],[6.2862,45.7465],[6.2854,45.7465],[6.2845,45.7467],[6.2829,45.7476],[6.2825,45.7489],[6.2824,45.75],[6.2837,45.7495],[6.2844,45.749],[6.2847,45.7485],[6.2858,45.7484],[6.2862,45.7483],[6.2863,45.7483],[6.2863,45.7483]]]},"properties":{"id_ffco":"6697","nom":"PARC DES PINS","_dept":"74","numero":"2011-D74-190","commune":"FAVERGES","echelle":"1/1500","surface":"0.07 km²","format":"A4","annee":"2011","cartographes":"ESCHENLOHR CHRISTOPHE","proprietaire":"74 - Haute-Savoie","niveau":"Initiation, Scolaire","specialite":"CO à pied","contacts":"CDCO 74, cdco74ra@free.fr, http://www.cdco74.fr/","latitude":"45.74822","longitude":"6.28471","date_saisie":"19/07/2013","date_depot":"25/09/2013","valide":"Oui","ppo":"Non","type_carte":"Nouvelle carte","fond":"Cadastre","obsolete":true}},{"type":"Feature","geometry":{"type":"Polygon","coordinates":[[[6.6249,46.039],[6.6353,46.039],[6.6356,46.0385],[6.6369,46.0382],[6.6384,46.0374],[6.6392,46.0371],[6.6391,46.0368],[6.6384,46.0368],[6.6375,46.0362],[6.6367,46.035],[6.6365,46.0343],[6.6369,46.0339],[6.6378,46.0336],[6.6387,46.0333],[6.6393,46.0322],[6.6393,46.0273],[6.6388,46.0265],[6.638,46.0257],[6.6379,46.0251],[6.6384,46.0248],[6.6391,46.0245],[6.6393,46.024],[6.6389,46.0235],[6.6354,46.0233],[6.6327,46.0229],[6.6319,46.0229],[6.625,46.0255],[6.6249,46.039]]]},"properties":{"id_ffco":"6421","nom":"LE PRE DU BOIS","_dept":"74","numero":"1989-D74-19","commune":"LES CARROZ","echelle":"1/10000","surface":"1.76 km²","format":"A5","annee":"1989","cartographes":"BOSONI Jacques","proprietaire":"SANS ADRESSE","niveau":"Départemental","specialite":"CO à pied","contacts":"SANS ADRESSE","latitude":"46.0311423214","longitude":"6.63185605423","date_saisie":"19/07/2013","valide":"Non","ppo":"Non","obsolete":true}},{"type":"Feature","geometry":{"type":"Polygon","coordinates":[[[6.1081,46.0906],[6.1102,46.0898],[6.1134,46.0903],[6.115,46.091],[6.1175,46.0904],[6.117,46.0894],[6.1175,46.0879],[6.1158,46.0868],[6.1133,46.0859],[6.1111,46.0829],[6.1091,46.0812],[6.107,46.08],[6.1046,46.0823],[6.1056,46.0848],[6.1056,46.0866],[6.1061,46.0883],[6.1081,46.0906]]]},"properties":{"id_ffco":"6555","nom":"LA CHARTREUSE DE POMIER","_dept":"74","numero":"2011-D74-185","commune":"PRESILLY","echelle":"1/5000","surface":"0.66 km²","format":"A4","annee":"2011","cartographes":"PLOCKYN Daniel","proprietaire":"74 - Haute-Savoie","niveau":"Départemental","specialite":"CO à pied","contacts":"CDCO 74, cdco74ra@free.fr, http://www.cdco74.fr/","latitude":"46.0855","longitude":"6.11106","date_saisie":"19/07/2013","date_depot":"01/07/2011","valide":"Oui","ppo":"Non","type_carte":"Nouvelle carte","fond":"Cadastre","obsolete":true}},{"type":"Feature","geometry":{"type":"Polygon","coordinates":[[[6.6325,46.0209],[6.6382,46.0231],[6.6372,46.0231],[6.6379,46.023],[6.6376,46.0231],[6.6399,46.0262],[6.6393,46.0324],[6.6373,46.0342],[6.6368,46.0383],[6.63,46.0447],[6.62,46.0408],[6.627,46.0221],[6.6316,46.0209],[6.6325,46.0209]]]},"properties":{"id_ffco":"6419","nom":"LE MONT FAVY","_dept":"74","numero":"1989-D74-18","commune":"ARACHES LES CARROZ","echelle":"1/15000","surface":"2.63 km²","format":"A4","annee":"1989","cartographes":"FONTAINE Jean Claude","proprietaire":"74 - Haute-Savoie","niveau":"Régional","specialite":"CO à pied","contacts":"CDCO 74, cdco74ra@free.fr, http://www.cdco74.fr/","latitude":"46.03281","longitude":"6.62991","date_saisie":"19/07/2013","valide":"Non","ppo":"Non","obsolete":true}},{"type":"Feature","geometry":{"type":"Polygon","coordinates":[[[6.7844,46.2963],[6.7896,46.2962],[6.7956,46.2944],[6.8023,46.2916],[6.8088,46.2887],[6.8101,46.2866],[6.8172,46.2816],[6.8227,46.2777],[6.8279,46.2747],[6.8263,46.2728],[6.8137,46.2766],[6.8107,46.2774],[6.8092,46.2802],[6.8075,46.2825],[6.8065,46.2839],[6.8047,46.2831],[6.8031,46.2847],[6.7938,46.2892],[6.7844,46.2907],[6.7806,46.2918],[6.7829,46.2946],[6.7844,46.2963]]]},"properties":{"id_ffco":"6650","nom":"ESPACE NORDIQUE DU VAL D'ABONDANCE","_dept":"74","numero":"2010-D74-176","commune":"LA CHAPELLE D'ABONDANCE","echelle":"1/10000","surface":"2.3 km²","format":"A3","annee":"2010","cartographes":"GOUDARD Olivier","proprietaire":"74 - Haute-Savoie","niveau":"Régional","specialite":"CO à ski","contacts":"CDCO 74, cdco74ra@free.fr, http://www.cdco74.fr/","latitude":"46.28455","longitude":"6.80425","date_saisie":"19/07/2013","date_depot":"01/07/2011","valide":"Oui","ppo":"Non","type_carte":"Nouvelle carte","fond":"Ortho","obsolete":true}},{"type":"Feature","geometry":{"type":"Polygon","coordinates":[[[5.9287,46.1281],[5.9344,46.1295],[5.9437,46.1285],[5.9478,46.1283],[5.9573,46.1332],[5.9583,46.1299],[5.9621,46.1178],[5.9619,46.1077],[5.9559,46.1078],[5.9501,46.1081],[5.9488,46.1084],[5.9406,46.1132],[5.9377,46.1137],[5.9339,46.1137],[5.9316,46.1125],[5.9281,46.1116],[5.9259,46.1118],[5.9269,46.119],[5.9269,46.122],[5.9296,46.1247],[5.9299,46.1262],[5.9287,46.1281]]]},"properties":{"id_ffco":"6554","nom":"FORET DE COLLOGNY ET DE MOISSEY","_dept":"74","numero":"2010-D74-175","commune":"VULBENS","echelle":"1/10000","surface":"5.45 km²","format":"A4","annee":"2010","cartographes":"PLOCKYN Daniel","proprietaire":"74 - Haute-Savoie","niveau":"Régional","specialite":"CO à pied","contacts":"CDCO 74, cdco74ra@free.fr, http://www.cdco74.fr/","latitude":"46.12044","longitude":"5.94682","date_saisie":"19/07/2013","date_depot":"01/07/2011","valide":"Oui","ppo":"Non","type_carte":"Nouvelle carte","fond":"Ortho","obsolete":true}},{"type":"Feature","geometry":{"type":"Polygon","coordinates":[[[6.0993,45.811],[6.1159,45.8101],[6.1145,45.8037],[6.1131,45.7957],[6.1113,45.7889],[6.1112,45.7863],[6.115,45.7861],[6.1136,45.7797],[6.1132,45.779],[6.1109,45.779],[6.1124,45.7768],[6.1111,45.7698],[6.0846,45.7712],[6.0832,45.7757],[6.0901,45.7848],[6.0914,45.7907],[6.0893,45.7947],[6.0939,45.8053],[6.0951,45.8092],[6.0993,45.811]]]},"properties":{"id_ffco":"6649","nom":"LE GRAND PLATEAU","_dept":"74","numero":"2010-D74-174","commune":"ANNECY","echelle":"1/12500","surface":"8.15 km²","format":"A3","annee":"2010","cartographes":"PLOCKYN Daniel","proprietaire":"7403 - CSA DE L'ECOLE MILITAIRE HAUTE MONTAGNE","niveau":"National, International","specialite":"CO à ski","contacts":"CLUB CSA EMHM CHAMONIX, 04 50 47 20 57, 04 50 53 76 23, yannick.moisset@wanadoo.fr, http://emhm.lraco.net/","latitude":"45.79039","longitude":"6.09956","date_saisie":"19/07/2013","date_depot":"01/07/2011","valide":"Oui","ppo":"Non","type_carte":"Nouvelle carte","fond":"Ortho","obsolete":true}},{"type":"Feature","geometry":{"type":"Polygon","coordinates":[[[6.0993,45.8101],[6.101,45.8098],[6.1039,45.8074],[6.1046,45.8048],[6.1038,45.8024],[6.1057,45.8013],[6.1056,45.7996],[6.093,45.7997],[6.0941,45.8024],[6.0941,45.8068],[6.0963,45.8098],[6.0993,45.8101]]]},"properties":{"id_ffco":"6648","nom":"LE PETIT PLATEAU","_dept":"74","numero":"2010-D74-173","commune":"ANNECY","echelle":"1/5000","surface":"0.87 km²","format":"A4","annee":"2010","cartographes":"COTIRTA Marian","proprietaire":"7403 - CSA DE L'ECOLE MILITAIRE HAUTE MONTAGNE","niveau":"National, International","specialite":"CO à ski","contacts":"CLUB CSA EMHM CHAMONIX, 04 50 47 20 57, 04 50 53 76 23, yannick.moisset@wanadoo.fr, http://emhm.lraco.net/","latitude":"45.80483","longitude":"6.09932","date_saisie":"19/07/2013","date_depot":"01/07/2011","valide":"Oui","ppo":"Non","type_carte":"Nouvelle carte","fond":"Cadastre","obsolete":true}},{"type":"Feature","geometry":{"type":"Polygon","coordinates":[[[6.4552,46.1966],[6.4528,46.2004],[6.4558,46.2023],[6.4688,46.202],[6.4733,46.2051],[6.4812,46.2048],[6.4839,46.1985],[6.4822,46.1928],[6.4769,46.1864],[6.4705,46.1849],[6.463,46.181],[6.463,46.1756],[6.4537,46.1731],[6.4491,46.1803],[6.4452,46.1833],[6.4449,46.1877],[6.4507,46.1904],[6.4543,46.1938],[6.4552,46.1966]]]},"properties":{"id_ffco":"6647","nom":"PLAINE JOUX LES BRASSES","_dept":"74","numero":"2010-D74-172","commune":"BOGEVE","echelle":"1/10000","surface":"6.03 km²","format":"A3","annee":"2010","cartographes":"MERCIER Bruno","proprietaire":"74 - Haute-Savoie","niveau":"National, International","specialite":"CO à ski","contacts":"CDCO 74, cdco74ra@free.fr, http://www.cdco74.fr/","latitude":"46.1891","longitude":"6.46442","date_saisie":"19/07/2013","date_depot":"01/07/2011","valide":"Oui","ppo":"Non","type_carte":"Nouvelle carte","fond":"Ortho","obsolete":true}},{"type":"Feature","geometry":{"type":"Polygon","coordinates":[[[6.6195,46.0791],[6.6169,46.0802],[6.6178,46.0817],[6.621,46.0824],[6.6355,46.0779],[6.6388,46.0765],[6.6323,46.0754],[6.6266,46.0757],[6.6195,46.0791]]]},"properties":{"id_ffco":"6312","nom":"LA CROIX D'AGY","_dept":"74","numero":"2010-D74-171","commune":"SAINT SIGISMOND","echelle":"1/5000","surface":"0.61 km²","format":"A4","annee":"2010","cartographes":"PLOCKYN Daniel","proprietaire":"74 - Haute-Savoie","niveau":"National, International","specialite":"CO à ski","contacts":"CDCO 74, cdco74ra@free.fr, http://www.cdco74.fr/","latitude":"46.0789","longitude":"6.62787","date_saisie":"19/07/2013","date_depot":"01/07/2011","valide":"Oui","ppo":"Non","type_carte":"Nouvelle carte","fond":"Cadastre","obsolete":true}},{"type":"Feature","geometry":{"type":"Polygon","coordinates":[[[6.6182,46.0816],[6.6241,46.0818],[6.6394,46.0787],[6.6552,46.0709],[6.66,46.0628],[6.6618,46.0526],[6.6605,46.0491],[6.6474,46.0503],[6.6351,46.0644],[6.6295,46.0717],[6.6211,46.0769],[6.6158,46.0798],[6.6182,46.0816]]]},"properties":{"id_ffco":"6646","nom":"FOYER  SKI DE FOND D'AGY","_dept":"74","numero":"2010-D74-170","commune":"SAINT SIGISMOND","echelle":"1/12500","surface":"5.73 km²","format":"A3","annee":"2010","cartographes":"PLOCKYN Daniel","proprietaire":"74 - Haute-Savoie","niveau":"National, International","specialite":"CO à ski","contacts":"CDCO 74, cdco74ra@free.fr, http://www.cdco74.fr/","latitude":"46.06543","longitude":"6.63883","date_saisie":"19/07/2013","date_depot":"01/07/2011","valide":"Oui","ppo":"Non","type_carte":"Nouvelle carte","fond":"Ortho","obsolete":true}},{"type":"Feature","geometry":{"type":"Polygon","coordinates":[[[6.3849,45.8736],[6.3908,45.8733],[6.3959,45.8735],[6.4034,45.8758],[6.4092,45.8781],[6.4116,45.8792],[6.4152,45.8803],[6.4194,45.8807],[6.4217,45.8817],[6.4196,45.8934],[6.4108,45.8962],[6.4025,45.8965],[6.3869,45.8903],[6.3819,45.8912],[6.3782,45.8876],[6.3761,45.8838],[6.3783,45.8783],[6.3806,45.8747],[6.3849,45.8736]]]},"properties":{"id_ffco":"7287","nom":"POINTE DE BEAUREGARD","_dept":"74","numero":"1988-D74-17","commune":"74220 LA CLUSAZ, 74230 MANIGOD,","echelle":"1/15000","surface":"6.48 km²","format":"A4","annee":"1988","cartographes":"DENAIX Michel,GORET Gilles","niveau":"National, International","specialite":"CO à pied","contacts":"CDCO 74, cdco74ra@free.fr, http://www.cdco74.fr/","latitude":"45.88124","longitude":"6.40481","date_saisie":"13/03/2014","valide":"Oui","ppo":"Non","type_carte":"Nouvelle carte","fond":"Ortho","obsolete":true}},{"type":"Feature","geometry":{"type":"Polygon","coordinates":[[[6.3259,46.0596],[6.3282,46.0594],[6.334,46.0582],[6.3388,46.0585],[6.3411,46.0578],[6.3425,46.0567],[6.3428,46.0556],[6.3446,46.0547],[6.3438,46.0526],[6.3403,46.0531],[6.3352,46.0536],[6.3314,46.0541],[6.3302,46.0541],[6.3278,46.0547],[6.3263,46.0557],[6.3251,46.0567],[6.3252,46.0582],[6.3258,46.0594],[6.3259,46.0596]]]},"properties":{"id_ffco":"6640","nom":"LE BOIS DES FOURNETS","_dept":"74","numero":"2009-D74-168","commune":"Amancy","echelle":"1/5000","surface":"0.73 km²","format":"A4","annee":"2009","cartographes":"KAJAK Stephane","proprietaire":"74 - Haute-Savoie","niveau":"Régional","specialite":"CO à pied","contacts":"CDCO 74, cdco74ra@free.fr, http://www.cdco74.fr/","latitude":"46.05614","longitude":"6.33486","date_saisie":"19/07/2013","date_depot":"01/07/2011","valide":"Oui","ppo":"Non","type_carte":"Nouvelle carte","fond":"Cadastre","obsolete":true}},{"type":"Feature","geometry":{"type":"Polygon","coordinates":[[[6.6387,46.0241],[6.6376,46.0249],[6.6393,46.0276],[6.6439,46.0291],[6.6441,46.0313],[6.6411,46.0341],[6.6422,46.0357],[6.6444,46.036],[6.6433,46.0391],[6.6435,46.0409],[6.6418,46.042],[6.6427,46.0452],[6.6412,46.0473],[6.6431,46.048],[6.643,46.0519],[6.644,46.0558],[6.6398,46.0624],[6.6366,46.0667],[6.6296,46.0736],[6.6213,46.078],[6.617,46.0795],[6.6154,46.0821],[6.619,46.0832],[6.6263,46.0828],[6.639,46.0821],[6.6452,46.0809],[6.65,46.0796],[6.6535,46.078],[6.6572,46.075],[6.6591,46.0716],[6.6592,46.0668],[6.6615,46.0643],[6.6713,46.0536],[6.6734,46.0452],[6.677,46.0378],[6.6781,46.0356],[6.6834,46.0361],[6.6905,46.0343],[6.6919,46.0187],[6.6899,46.013],[6.6782,46.0114],[6.6486,46.0115],[6.6496,46.0125],[6.6436,46.0121],[6.6376,46.014],[6.6345,46.0146],[6.6347,46.0163],[6.6387,46.0241]]]},"properties":{"id_ffco":"6636","nom":"LES CARROZ PLATEAU D'AGY","_dept":"74","numero":"2009-D74-164","commune":"ARACHES","echelle":"1/20000","surface":"22.1 km²","format":"A3","annee":"2009","cartographes":"PLOCKYN Daniel","proprietaire":"74 - Haute-Savoie","niveau":"Régional","specialite":"Rand'O","contacts":"CDCO 74, cdco74ra@free.fr, http://www.cdco74.fr/","latitude":"46.0473","longitude":"6.65362","date_saisie":"19/07/2013","date_depot":"01/07/2011","valide":"Oui","ppo":"Non","type_carte":"Nouvelle carte","fond":"Ortho","obsolete":true}},{"type":"Feature","geometry":{"type":"Polygon","coordinates":[[[6.3254,45.9629],[6.3273,45.9639],[6.3291,45.9651],[6.3303,45.9657],[6.3324,45.9657],[6.3336,45.9656],[6.3337,45.961],[6.3252,45.9608],[6.3254,45.9629]]]},"properties":{"id_ffco":"7286","nom":"LA METRALIERE","_dept":"74","numero":"1987-D74-16","commune":"74570 THORENS GLIERES,","echelle":"1/5000","surface":"0.28 km²","format":"A5","annee":"1987","cartographes":"GORET Gilles,CROZET Bernard","niveau":"Initiation, Scolaire","specialite":"CO à pied","contacts":"CDCO 74, cdco74ra@free.fr, http://www.cdco74.fr/","latitude":"45.96354","longitude":"6.32758","date_saisie":"13/03/2014","valide":"Oui","ppo":"Non","type_carte":"Nouvelle carte","fond":"Cadastre","obsolete":true}},{"type":"Feature","geometry":{"type":"Polygon","coordinates":[[[6.4534,46.1918],[6.4579,46.1957],[6.4565,46.1969],[6.4579,46.1979],[6.457,46.1985],[6.4587,46.2004],[6.4594,46.201],[6.4623,46.2007],[6.4661,46.2002],[6.4689,46.2005],[6.4708,46.2007],[6.4723,46.2023],[6.4726,46.2027],[6.4795,46.2025],[6.4817,46.1973],[6.4822,46.1953],[6.4818,46.1937],[6.4816,46.1923],[6.4813,46.1909],[6.4792,46.189],[6.4784,46.1874],[6.4765,46.1853],[6.472,46.1843],[6.4659,46.1822],[6.4663,46.1804],[6.4645,46.1771],[6.4603,46.1754],[6.4574,46.176],[6.4568,46.1792],[6.4557,46.181],[6.4539,46.1831],[6.4526,46.1845],[6.4522,46.186],[6.4517,46.1881],[6.4523,46.1912],[6.4534,46.1918],[6.4534,46.1918]]]},"properties":{"id_ffco":"6566","nom":"PLAINE JOUX","_dept":"74","numero":"2008-D74-155","commune":"ONNION","echelle":"1/15000","surface":"4.47 km²","format":"A4","annee":"2008","cartographes":"MERCIER Bruno","proprietaire":"74 - Haute-Savoie","niveau":"Interrégional","specialite":"Rand'O","contacts":"CDCO 74, cdco74ra@free.fr, http://www.cdco74.fr/","latitude":"46.18905","longitude":"6.46696","date_saisie":"19/07/2013","date_depot":"10/02/2010","valide":"Oui","ppo":"Non","type_carte":"Nouvelle carte","fond":"Ortho","obsolete":true}},{"type":"Feature","geometry":{"type":"Polygon","coordinates":[[[6.6768,46.0136],[6.6695,46.0108],[6.6698,45.9952],[6.674,45.9932],[6.6879,45.9932],[6.6898,45.9938],[6.7177,45.9935],[6.7206,45.9959],[6.7242,46.0009],[6.7246,46.0061],[6.7214,46.0076],[6.7123,46.0086],[6.6989,46.0102],[6.6897,46.0122],[6.6768,46.0136]]]},"properties":{"id_ffco":"7284","nom":"FLAINE","_dept":"74","numero":"1987-D74-15","commune":"74300 FLAINE,","echelle":"1/15000","surface":"7.8 km²","format":"A4","annee":"1987","cartographes":"GORET Gilles","niveau":"Interrégional","specialite":"CO à pied","contacts":"CDCO 74, cdco74ra@free.fr, http://www.cdco74.fr/","latitude":"46.00437","longitude":"6.69475","date_saisie":"13/03/2014","valide":"Oui","ppo":"Non","type_carte":"Reprise","base":"1986-D74-11 FLAINE","fond":"Cadastre","obsolete":true}},{"type":"Feature","geometry":{"type":"Polygon","coordinates":[[[6.1653,45.8452],[6.1746,45.8448],[6.1757,45.8437],[6.1755,45.843],[6.1742,45.8415],[6.1701,45.8364],[6.1646,45.8337],[6.1639,45.8339],[6.1625,45.8346],[6.157,45.8389],[6.1571,45.8403],[6.163,45.8455],[6.1637,45.8457],[6.1647,45.8457],[6.1653,45.8452]]]},"properties":{"id_ffco":"6328","nom":"LA PLAINE DE SALES","_dept":"74","numero":"2008-D74-149","commune":"ST JORIOZ","echelle":"1/6500","surface":"1.21 km²","format":"A4","annee":"2008","cartographes":"PLOCKYN Daniel","proprietaire":"74 - Haute-Savoie","niveau":"Initiation, Scolaire","specialite":"CO à pied","contacts":"CDCO 74, cdco74ra@free.fr, http://www.cdco74.fr/","latitude":"45.83968","longitude":"6.16634","date_saisie":"19/07/2013","date_depot":"10/02/2010","valide":"Oui","ppo":"Non","type_carte":"Nouvelle carte","fond":"Ortho","obsolete":true}},{"type":"Feature","geometry":{"type":"Polygon","coordinates":[[[5.8655,46.0621],[5.8566,46.0614],[5.8552,46.0596],[5.8616,46.0553],[5.8694,46.0585],[5.8653,46.0622],[5.8655,46.0621]]]},"properties":{"id_ffco":"6418","nom":"PARC DE LA SEMINE","_dept":"74","numero":"1987-D74-14","commune":"CHENE EN SEMINE","echelle":"1/5000","surface":"0.5 km²","format":"A5","annee":"1987","cartographes":"GORET Gilles","proprietaire":"SANS ADRESSE","niveau":"Initiation, Scolaire","specialite":"CO à pied","contacts":"SANS ADRESSE","latitude":"46.05872","longitude":"5.86226","date_saisie":"19/07/2013","valide":"Oui","ppo":"Non","type_carte":"Nouvelle carte","fond":"Cadastre","obsolete":true}},{"type":"Feature","geometry":{"type":"Polygon","coordinates":[[[6.703,45.9043],[6.703,45.904],[6.7033,45.9031],[6.7043,45.9022],[6.7048,45.9018],[6.7054,45.9016],[6.7057,45.9012],[6.7058,45.9006],[6.7057,45.8989],[6.7053,45.8974],[6.7051,45.8965],[6.7055,45.8956],[6.7059,45.8954],[6.7072,45.895],[6.708,45.895],[6.7086,45.8952],[6.7085,45.8956],[6.7078,45.8962],[6.7077,45.897],[6.7078,45.8976],[6.7081,45.8979],[6.7084,45.8988],[6.7083,45.9001],[6.708,45.9019],[6.7082,45.9024],[6.7088,45.9029],[6.7088,45.9035],[6.7086,45.9039],[6.7074,45.9041],[6.7064,45.904],[6.7055,45.9041],[6.7032,45.9046],[6.703,45.9043]]]},"properties":{"id_ffco":"6317","nom":"PARC THERMAL","_dept":"74","numero":"2008-D74-138","commune":"ST GERVAIS LES BAINS","echelle":"1/4000","surface":"0.25 km²","format":"A4","annee":"2008","cartographes":"PLOCKYN Daniel","proprietaire":"74 - Haute-Savoie","niveau":"Initiation, Scolaire","specialite":"CO à pied","contacts":"CDCO 74, cdco74ra@free.fr, http://www.cdco74.fr/","latitude":"45.89977","longitude":"6.70591","date_saisie":"19/07/2013","date_depot":"17/02/2010","valide":"Oui","ppo":"Non","type_carte":"Nouvelle carte","fond":"Cadastre","obsolete":true}},{"type":"Feature","geometry":{"type":"Polygon","coordinates":[[[6.1068,46.0882],[6.1063,46.0874],[6.1059,46.0862],[6.1058,46.0846],[6.1056,46.083],[6.1047,46.0815],[6.1053,46.0812],[6.1058,46.0808],[6.1072,46.08],[6.1095,46.0795],[6.1102,46.08],[6.1122,46.0812],[6.1127,46.0829],[6.1125,46.0831],[6.1136,46.0852],[6.1151,46.0859],[6.1156,46.0861],[6.1167,46.0872],[6.1173,46.088],[6.1189,46.0889],[6.1184,46.0894],[6.117,46.0906],[6.1156,46.0908],[6.1146,46.0909],[6.1132,46.0905],[6.1129,46.0901],[6.112,46.09],[6.1106,46.0906],[6.1094,46.0913],[6.1068,46.0882]]]},"properties":{"id_ffco":"6313","nom":"BOIS DES FEES","_dept":"74","numero":"2008-D74-132","commune":"74160 PRESILLY,","echelle":"1/5000","surface":"0.78 km²","format":"A4","annee":"2008","cartographes":"LASOUCHE Johann","proprietaire":"74 - Haute-Savoie","niveau":"Régional","specialite":"CO à pied","contacts":"CDCO 74, cdco74ra@free.fr, http://www.cdco74.fr/","latitude":"46.08536","longitude":"6.11183","date_saisie":"19/07/2013","date_depot":"17/02/2010","valide":"Oui","ppo":"Non","type_carte":"Nouvelle carte","fond":"Cadastre","obsolete":true}},{"type":"Feature","geometry":{"type":"Polygon","coordinates":[[[6.102,45.8866],[6.1036,45.8856],[6.1049,45.8865],[6.1047,45.8868],[6.1082,45.8883],[6.1093,45.8887],[6.1112,45.8886],[6.1125,45.889],[6.1126,45.8895],[6.112,45.8898],[6.1087,45.8897],[6.1062,45.8885],[6.1035,45.8875],[6.102,45.8866]]]},"properties":{"id_ffco":"6358","nom":"LOVERCHY","_dept":"74","numero":"1986-D74-13","commune":"SEYNOD","echelle":"1/5000","surface":"0.1 km²","format":"+","annee":"1986","cartographes":"GORET Gilles","proprietaire":"SANS ADRESSE","niveau":"Initiation, Scolaire","specialite":"CO à pied","contacts":"SANS ADRESSE","latitude":"45.88729","longitude":"6.10514","date_saisie":"19/07/2013","valide":"Oui","ppo":"Non","type_carte":"Nouvelle carte","fond":"Cadastre","obsolete":true}},{"type":"Feature","geometry":{"type":"Polygon","coordinates":[[[5.8301,45.9391],[5.8351,45.9331],[5.8365,45.9323],[5.8356,45.9322],[5.8345,45.9324],[5.8308,45.9334],[5.8256,45.931],[5.8254,45.9312],[5.8279,45.9343],[5.8284,45.9372],[5.8296,45.9388],[5.8301,45.9391]]]},"properties":{"id_ffco":"7540","nom":"BASE DE LOISIRS - MOTZ","_dept":"74","numero":"2008-D74-129","commune":"74150 VAL DE FIER,","echelle":"1/3000","surface":"0.27 km²","format":"A4","annee":"2008","cartographes":"LASOUCHE Johann","proprietaire":"74 - Haute-Savoie","niveau":"Initiation, Scolaire","specialite":"CO à pied","contacts":"CDCO 74, cdco74ra@free.fr, http://www.cdco74.fr/","latitude":"45.93499","longitude":"5.83093","date_saisie":"24/10/2014","date_depot":"12/04/2018","valide":"Oui","ppo":"Non","type_carte":"Nouvelle carte","fond":"Cadastre","obsolete":true}},{"type":"Feature","geometry":{"type":"Polygon","coordinates":[[[6.6894,45.8954],[6.6924,45.898],[6.7033,45.8994],[6.7027,45.8931],[6.6989,45.8943],[6.6896,45.8953],[6.6894,45.8954]]]},"properties":{"id_ffco":"6308","nom":"LES AMERANDS","_dept":"74","numero":"2008-D74-128","commune":"ST GERVAIS LES BAINS","echelle":"1/4000","surface":"0.44 km²","format":"A4","annee":"2008","cartographes":"KAJAK Stephane","proprietaire":"74 - Haute-Savoie","niveau":"Initiation, Scolaire","specialite":"CO à pied","contacts":"CDCO 74, cdco74ra@free.fr, http://www.cdco74.fr/","latitude":"45.89625","longitude":"6.69632","date_saisie":"19/07/2013","date_depot":"17/02/2010","valide":"Oui","ppo":"Non","type_carte":"Nouvelle carte","fond":"Cadastre","obsolete":true}},{"type":"Feature","geometry":{"type":"Polygon","coordinates":[[[6.5112,46.3829],[6.5118,46.3826],[6.5117,46.3821],[6.512,46.3815],[6.5127,46.3811],[6.5174,46.3822],[6.5211,46.3831],[6.5228,46.383],[6.524,46.3834],[6.5248,46.3839],[6.5265,46.3847],[6.5276,46.3846],[6.528,46.3848],[6.5269,46.3863],[6.5261,46.388],[6.5256,46.3888],[6.5244,46.3884],[6.5232,46.3885],[6.5222,46.3875],[6.5212,46.3871],[6.5191,46.387],[6.5164,46.3857],[6.5135,46.3843],[6.5113,46.3831],[6.5112,46.3829]]]},"properties":{"id_ffco":"6306","nom":"CHATEAU DE BLONAY","_dept":"74","numero":"2008-D74-126","commune":"PUBLIER","echelle":"1/5000","surface":"0.51 km²","format":"A4","annee":"2008","cartographes":"MERCIER Bruno","proprietaire":"74 - Haute-Savoie","niveau":"Initiation, Scolaire","specialite":"CO à pied","contacts":"CDCO 74, cdco74ra@free.fr, http://www.cdco74.fr/","latitude":"46.38495","longitude":"6.51961","date_saisie":"19/07/2013","date_depot":"17/02/2010","valide":"Oui","ppo":"Non","type_carte":"Reprise","base":"1996-D74-49 CHATEAU DE BLONAY","fond":"Cadastre","obsolete":true}},{"type":"Feature","geometry":{"type":"Polygon","coordinates":[[[6.4652,46.3716],[6.4689,46.3727],[6.4695,46.3708],[6.4673,46.3702],[6.4661,46.3699],[6.4652,46.3716],[6.4652,46.3716]]]},"properties":{"id_ffco":"6468","nom":"PARC MONTJOUX","_dept":"74","numero":"2007-D74-124","commune":"THONON-LES-BAINS","echelle":"1/1500","surface":"0.06 km²","format":"A4","annee":"2007","cartographes":"MERCIER Bruno","proprietaire":"74 - Haute-Savoie","niveau":"Initiation, Scolaire","specialite":"CO à pied","contacts":"CDCO 74, cdco74ra@free.fr, http://www.cdco74.fr/","latitude":"46.37123","longitude":"6.46735","date_saisie":"19/07/2013","date_depot":"17/02/2010","valide":"Oui","ppo":"Non","type_carte":"Nouvelle carte","fond":"Cadastre","obsolete":true}},{"type":"Feature","geometry":{"type":"Polygon","coordinates":[[[6.5086,46.3619],[6.5091,46.3611],[6.5101,46.3606],[6.5141,46.3599],[6.516,46.3597],[6.5161,46.3593],[6.5155,46.3587],[6.5149,46.3585],[6.5148,46.3581],[6.515,46.357],[6.515,46.3558],[6.515,46.3551],[6.5129,46.3539],[6.5122,46.3535],[6.5117,46.3531],[6.5115,46.3528],[6.5113,46.3525],[6.51,46.3516],[6.5081,46.3503],[6.5067,46.3498],[6.5054,46.3498],[6.5042,46.3505],[6.5031,46.351],[6.5029,46.3516],[6.5024,46.352],[6.5012,46.3522],[6.5006,46.3525],[6.5,46.3534],[6.5006,46.3536],[6.5006,46.3543],[6.5008,46.3551],[6.5012,46.3558],[6.5001,46.3568],[6.4995,46.3571],[6.4988,46.3571],[6.4978,46.3575],[6.4981,46.358],[6.4977,46.3586],[6.4972,46.3587],[6.497,46.3592],[6.4977,46.3597],[6.4982,46.36],[6.4986,46.36],[6.5004,46.36],[6.5015,46.3605],[6.5025,46.3615],[6.5034,46.3626],[6.5039,46.3631],[6.5047,46.3632],[6.5057,46.363],[6.5068,46.3628],[6.5079,46.3628],[6.5083,46.3624],[6.5086,46.3619],[6.5086,46.3619]]]},"properties":{"id_ffco":"6467","nom":"FORET DE THONON","_dept":"74","numero":"2007-D74-122","commune":"ARMOY","echelle":"1/7500","surface":"1.27 km²","format":"A4","annee":"2007","cartographes":"MERCIER Bruno","proprietaire":"74 - Haute-Savoie","niveau":"Initiation, Scolaire","specialite":"CO à pied","contacts":"CDCO 74, cdco74ra@free.fr, http://www.cdco74.fr/","latitude":"46.3565","longitude":"6.50657","date_saisie":"19/07/2013","date_depot":"17/02/2010","valide":"Oui","ppo":"Non","type_carte":"Nouvelle carte","fond":"Cadastre","obsolete":true}},{"type":"Feature","geometry":{"type":"Polygon","coordinates":[[[6.5271,46.3957],[6.528,46.3954],[6.5292,46.3952],[6.5299,46.3948],[6.5305,46.3947],[6.5313,46.3947],[6.5323,46.3948],[6.5321,46.3957],[6.534,46.3961],[6.5369,46.3966],[6.5369,46.3969],[6.5351,46.3979],[6.5322,46.3993],[6.53,46.4004],[6.5283,46.401],[6.5278,46.4001],[6.528,46.3997],[6.5283,46.399],[6.5288,46.3987],[6.5304,46.3982],[6.5289,46.398],[6.5268,46.3977],[6.5258,46.3973],[6.5258,46.3964],[6.5268,46.3959],[6.5271,46.3957]]]},"properties":{"id_ffco":"6304","nom":"LA CITE DE L'EAU","_dept":"74","numero":"2008-D74-120","commune":"AMPHION","echelle":"1/4000","surface":"0.29 km²","format":"A4","annee":"2008","cartographes":"DECHAVANNE Franck","proprietaire":"74 - Haute-Savoie","niveau":"Initiation, Scolaire","specialite":"CO à pied","contacts":"CDCO 74, cdco74ra@free.fr, http://www.cdco74.fr/","latitude":"46.39788","longitude":"6.53135","date_saisie":"19/07/2013","date_depot":"17/02/2010","valide":"Oui","ppo":"Non","type_carte":"Nouvelle carte","fond":"Cadastre","obsolete":true}},{"type":"Feature","geometry":{"type":"Polygon","coordinates":[[[6.1525,45.9415],[6.1522,45.9398],[6.1556,45.9387],[6.1591,45.9412],[6.1602,45.9419],[6.1621,45.9432],[6.1612,45.9465],[6.1568,45.9426],[6.1558,45.9416],[6.1526,45.9414],[6.1525,45.9415]]]},"properties":{"id_ffco":"6335","nom":"L'AIGLIERE","_dept":"74","numero":"1986-D74-12","commune":"ARGONAY","echelle":"1/2500","surface":"0.24 km²","format":"A5","annee":"1986","cartographes":"GORET Gilles","proprietaire":"SANS ADRESSE","niveau":"Initiation, Scolaire","specialite":"CO à pied","contacts":"SANS ADRESSE","latitude":"45.94257","longitude":"6.15715","date_saisie":"19/07/2013","valide":"Oui","ppo":"Non","type_carte":"Nouvelle carte","fond":"Cadastre","obsolete":true}},{"type":"Feature","geometry":{"type":"Polygon","coordinates":[[[6.4996,46.3982],[6.4991,46.3986],[6.4979,46.3999],[6.4996,46.4005],[6.5008,46.401],[6.5019,46.4013],[6.5031,46.4016],[6.504,46.4017],[6.5045,46.4017],[6.5047,46.4014],[6.5051,46.4012],[6.5059,46.4008],[6.5057,46.4006],[6.5046,46.3997],[6.5042,46.3984],[6.5001,46.3976],[6.4996,46.3982],[6.4997,46.3982],[6.4997,46.3982],[6.4996,46.3982],[6.4996,46.3982],[6.4996,46.3982]]]},"properties":{"id_ffco":"6465","nom":"LA CHATAIGNERAIE","_dept":"74","numero":"2008-D74-118","commune":"THONON-LES-BAINS","echelle":"1/2000","surface":"0.16 km²","format":"A4","annee":"2008","cartographes":"DECHAVANNE Franck","proprietaire":"74 - Haute-Savoie","niveau":"Initiation, Scolaire","specialite":"CO à pied","contacts":"CDCO 74, cdco74ra@free.fr, http://www.cdco74.fr/","latitude":"46.39964","longitude":"6.50222","date_saisie":"19/07/2013","date_depot":"17/02/2010","valide":"Oui","ppo":"Non","type_carte":"Nouvelle carte","fond":"Cadastre","obsolete":true}},{"type":"Feature","geometry":{"type":"Polygon","coordinates":[[[6.0984,46.1423],[6.0999,46.1392],[6.1001,46.1387],[6.1004,46.1382],[6.1006,46.138],[6.1002,46.1379],[6.1003,46.1373],[6.1004,46.1369],[6.1004,46.1366],[6.1003,46.1362],[6.1002,46.1362],[6.0951,46.1353],[6.0938,46.135],[6.0921,46.1349],[6.0885,46.135],[6.086,46.1349],[6.0838,46.136],[6.0825,46.1372],[6.0818,46.1383],[6.0811,46.1395],[6.0825,46.1403],[6.0848,46.1409],[6.0854,46.141],[6.0857,46.1409],[6.086,46.1411],[6.0867,46.1408],[6.0869,46.141],[6.0873,46.1408],[6.0876,46.141],[6.0881,46.141],[6.0882,46.1412],[6.0892,46.1409],[6.0907,46.141],[6.0913,46.1412],[6.0918,46.1412],[6.093,46.1412],[6.0931,46.142],[6.096,46.1418],[6.0981,46.1422],[6.0984,46.1423],[6.0984,46.1423]]]},"properties":{"id_ffco":"6459","nom":"LES BOUGERIES","_dept":"74","numero":"2007-D74-112","commune":"SAINT-JULIEN-EN-GENEVOIS","echelle":"1/5000","surface":"0.9 km²","format":"A4","annee":"2007","cartographes":"PLOCKYN Daniel","proprietaire":"74 - Haute-Savoie","niveau":"Initiation, Scolaire","specialite":"CO à pied","contacts":"CDCO 74, cdco74ra@free.fr, http://www.cdco74.fr/","latitude":"46.1386","longitude":"6.09083","date_saisie":"19/07/2013","valide":"Oui","ppo":"Non","type_carte":"Nouvelle carte","fond":"Cadastre","obsolete":true}},{"type":"Feature","geometry":{"type":"Polygon","coordinates":[[[6.6697,45.9911],[6.6692,46.0048],[6.6733,46.0108],[6.685,46.0145],[6.7008,46.0112],[6.7059,45.9952],[6.7042,45.9921],[6.7018,45.9911],[6.6701,45.9911],[6.6697,45.9911]]]},"properties":{"id_ffco":"6338","nom":"FLAINE","_dept":"74","numero":"1986-D74-11","commune":"ARACHES-LA-FRASSE","echelle":"1/15000","surface":"6.15 km²","format":"A4","annee":"1986","cartographes":"DENAIX Michel","proprietaire":"74 - Haute-Savoie","niveau":"Interrégional","specialite":"CO à pied","contacts":"CDCO 74, cdco74ra@free.fr, http://www.cdco74.fr/","latitude":"46.0028","longitude":"6.68754","date_saisie":"19/07/2013","valide":"Oui","ppo":"Non","type_carte":"Nouvelle carte","fond":"Ortho","obsolete":true}},{"type":"Feature","geometry":{"type":"Polygon","coordinates":[[[6.8729,45.9274],[6.8753,45.9264],[6.8781,45.9286],[6.8848,45.9318],[6.8864,45.9305],[6.8906,45.933],[6.8898,45.9374],[6.8865,45.9374],[6.8814,45.9357],[6.8805,45.9338],[6.8762,45.9326],[6.8745,45.9332],[6.8724,45.9307],[6.8729,45.9274]]]},"properties":{"id_ffco":"7538","nom":"LE BOIS DU BOUCHET","_dept":"74","numero":"2002-D74-1072","commune":"74400 CHAMONIX MONT BLANC,","echelle":"1/5000","surface":"0.8 km²","format":"A4","annee":"2002","cartographes":"COTIRTA Marian,DENAIX Michel","proprietaire":"7403 - CSA DE L'ECOLE MILITAIRE HAUTE MONTAGNE","niveau":"Régional","specialite":"CO à pied","contacts":"CLUB CSA EMHM CHAMONIX, 04 50 47 20 57, 04 50 53 76 23, yannick.moisset@wanadoo.fr, http://emhm.lraco.net/","latitude":"45.92938","longitude":"6.87613","date_saisie":"24/10/2014","date_depot":"29/03/2018","valide":"Oui","ppo":"Non","type_carte":"Reprise","base":"1993-D74-43 LE BOIS DU BOUCHET","fond":"Cadastre","obsolete":true}},{"type":"Feature","geometry":{"type":"Polygon","coordinates":[[[6.4943,46.1907],[6.4944,46.1911],[6.4552,46.1915],[6.4541,46.1921],[6.4565,46.2238],[6.4586,46.2262],[6.4586,46.2266],[6.4578,46.2266],[6.4581,46.2277],[6.4602,46.2297],[6.4607,46.2299],[6.4608,46.2306],[6.4629,46.2324],[6.466,46.2341],[6.466,46.2349],[6.467,46.2354],[6.4671,46.2361],[6.4648,46.236],[6.4642,46.2362],[6.4696,46.2421],[6.4702,46.2424],[6.4703,46.2424],[6.4713,46.2425],[6.4731,46.2423],[6.475,46.2425],[6.4771,46.2419],[6.4775,46.2414],[6.4787,46.2418],[6.4809,46.2416],[6.4829,46.2435],[6.4833,46.2438],[6.4855,46.2441],[6.4869,46.245],[6.4886,46.2459],[6.4898,46.2464],[6.4903,46.2469],[6.497,46.2503],[6.4989,46.2512],[6.5009,46.2514],[6.5023,46.2522],[6.5032,46.2521],[6.5055,46.2526],[6.5059,46.252],[6.5089,46.2531],[6.5109,46.2541],[6.514,46.2539],[6.513,46.2493],[6.5139,46.2487],[6.5139,46.2473],[6.5147,46.2463],[6.5149,46.2456],[6.517,46.2398],[6.517,46.2388],[6.5186,46.2371],[6.5198,46.2369],[6.5208,46.2352],[6.5214,46.235],[6.5204,46.2347],[6.516,46.2294],[6.5161,46.2292],[6.5162,46.2286],[6.5136,46.2247],[6.513,46.2242],[6.5084,46.2186],[6.5039,46.215],[6.5019,46.2091],[6.4994,46.202],[6.4999,46.2018],[6.5004,46.2019],[6.5005,46.1984],[6.4985,46.1988],[6.497,46.1953],[6.4962,46.1937],[6.4954,46.1929],[6.4954,46.1923],[6.4954,46.1916],[6.4951,46.1913],[6.4944,46.1907],[6.4943,46.1907],[6.4943,46.1907]]]},"properties":{"id_ffco":"6024","nom":"BELLEVAUX HIRMENTAZ","_dept":"74","numero":"2002-D74-1071","commune":"74470 BELLEVAUX,","echelle":"1/25000","surface":"23.72 km²","format":"+","annee":"2002","cartographes":"BASTARD Robert","proprietaire":"7404 - ANNECY SPORTS ORIENTATION","niveau":"Régional","specialite":"Rand'O","contacts":"CLUB ANNECY SPORTS ORIENTATION, 06 28 33 78 26, annecyso@free.fr, http://annecyso.fr/","latitude":"46.22241","longitude":"6.48773","date_saisie":"19/07/2013","date_depot":"12/04/2018","valide":"Oui","ppo":"Non","type_carte":"Nouvelle carte","fond":"Ortho","obsolete":true}},{"type":"Feature","geometry":{"type":"Polygon","coordinates":[[[6.8494,45.916],[6.8514,45.9142],[6.8442,45.9095],[6.8439,45.9089],[6.8391,45.9059],[6.8344,45.9059],[6.8343,45.9073],[6.8391,45.9107],[6.8423,45.9116],[6.8468,45.9163],[6.8494,45.916]]]},"properties":{"id_ffco":"7535","nom":"LES BOSSONS - LES GAILLANDS","_dept":"74","numero":"1999-D74-1052","commune":"74400 CHAMONIX MONT BLANC,","echelle":"1/7500","surface":"0.53 km²","format":"A4","annee":"1999","cartographes":"PLOCKYN Daniel","proprietaire":"7403 - CSA DE L'ECOLE MILITAIRE HAUTE MONTAGNE","niveau":"Initiation, Scolaire","specialite":"CO à pied","contacts":"CLUB CSA EMHM CHAMONIX, 04 50 47 20 57, 04 50 53 76 23, yannick.moisset@wanadoo.fr, http://emhm.lraco.net/","latitude":"45.91332","longitude":"6.84669","date_saisie":"24/10/2014","valide":"Oui","ppo":"Non","type_carte":"Reprise","base":"1999-D74-52 LES BOSSONS","fond":"Ortho","obsolete":true}},{"type":"Feature","geometry":{"type":"Polygon","coordinates":[[[6.1213,45.8783],[6.113,45.8632],[6.112,45.8568],[6.1281,45.8568],[6.1338,45.8775],[6.1352,45.8862],[6.1254,45.8893],[6.1213,45.8783]]]},"properties":{"id_ffco":"6417","nom":"LES PUISOTS","_dept":"74","numero":"1986-D74-10","commune":"ANNECY","echelle":"1/15000","surface":"3.8 km²","format":"A4","annee":"1986","cartographes":"DENAIX Michel,GORET Gilles","proprietaire":"7401 - C.S.A. DU 27° BATAILLON DE CHASSEURS ALPINS","niveau":"National, International","specialite":"CO à pied","contacts":"SANS ADRESSE","latitude":"45.87304","longitude":"6.12359","date_saisie":"19/07/2013","valide":"Oui","ppo":"Non","type_carte":"Nouvelle carte","fond":"IGN","ref_ign":"TOP 25 N°3431 OT","obsolete":true}},{"type":"Feature","geometry":{"type":"Polygon","coordinates":[[[6.0843,45.9102],[6.0915,45.9062],[6.0948,45.9051],[6.0899,45.8991],[6.0876,45.8943],[6.0801,45.8945],[6.07,45.8985],[6.0638,45.8973],[6.0576,45.8922],[6.0439,45.8917],[6.0417,45.8991],[6.0577,45.916],[6.0605,45.916],[6.0758,45.9063],[6.084,45.9096],[6.0843,45.9102]]]},"properties":{"id_ffco":"6345","nom":"GORGES DU FIER","_dept":"74","numero":"1986-D74-09","commune":"LOVAGNY","echelle":"1/15000","surface":"6.23 km²","format":"+","annee":"1986","cartographes":"DENAIX Michel,GORET Gilles","proprietaire":"SANS ADRESSE","niveau":"Interrégional","specialite":"CO à pied","contacts":"SANS ADRESSE","latitude":"45.90387","longitude":"6.06827","date_saisie":"19/07/2013","valide":"Oui","ppo":"Non","type_carte":"Nouvelle carte","fond":"IGN","ref_ign":"TOP 25 N°3431 OT","obsolete":true}},{"type":"Feature","geometry":{"type":"Polygon","coordinates":[[[6.8456,45.9121],[6.847,45.9144],[6.8485,45.9156],[6.8497,45.916],[6.8518,45.9155],[6.8521,45.9143],[6.8508,45.913],[6.8484,45.9115],[6.8466,45.9103],[6.8453,45.9094],[6.8441,45.9093],[6.8435,45.9094],[6.8438,45.9104],[6.8446,45.9116],[6.8456,45.9121],[6.8456,45.9121]]]},"properties":{"id_ffco":"6366","nom":"LES GAILLANDS","_dept":"74","numero":"1985-D74-08","commune":"CHAMONIX-MONT-BLANC","echelle":"1/5000","surface":"0.21 km²","format":"A5","annee":"1985","cartographes":"GORET Gilles","proprietaire":"7403 - CSA DE L'ECOLE MILITAIRE HAUTE MONTAGNE","niveau":"Initiation, Scolaire","specialite":"CO à pied","contacts":"SANS ADRESSE","latitude":"45.91277","longitude":"6.84944","date_saisie":"19/07/2013","valide":"Non","ppo":"Non","obsolete":true}},{"type":"Feature","geometry":{"type":"Polygon","coordinates":[[[6.0957,45.8106],[6.0871,45.7922],[6.0782,45.7699],[6.0899,45.7613],[6.1091,45.7783],[6.1208,45.8152],[6.1129,45.8211],[6.0998,45.8188],[6.0957,45.8106]]]},"properties":{"id_ffco":"6416","nom":"CRET DE CHATILLON","_dept":"74","numero":"1984-D74-07","commune":"LESCHAUX","echelle":"1/30000","surface":"11.47 km²","format":"+","annee":"1984","cartographes":"GORET Gilles","proprietaire":"74 - Haute-Savoie","niveau":"National, International","specialite":"CO à ski","contacts":"CDCO 74, cdco74ra@free.fr, http://www.cdco74.fr/","latitude":"45.79122","longitude":"6.09947","date_saisie":"19/07/2013","valide":"Oui","ppo":"Non","type_carte":"Nouvelle carte","fond":"Cadastre","obsolete":true}},{"type":"Feature","geometry":{"type":"Polygon","coordinates":[[[6.0945,45.8934],[6.0941,45.8934],[6.0,45.8934],[6.0945,45.8934]]]},"properties":{"id_ffco":"6415","nom":"QUARTIER TOM MOREL","_dept":"74","numero":"1984-D74-06","commune":"CRAN-GEVRIER","echelle":"1/5000","surface":"0.0 km²","format":"+","annee":"1984","cartographes":"GORET Gilles","proprietaire":"7403 - CSA DE L'ECOLE MILITAIRE HAUTE MONTAGNE","niveau":"Initiation, Scolaire","specialite":"CO à pied","contacts":"CLUB CSA EMHM CHAMONIX, 04 50 47 20 57, 04 50 53 76 23, yannick.moisset@wanadoo.fr, http://emhm.lraco.net/","latitude":"45.89342","longitude":"6.09431","date_saisie":"19/07/2013","valide":"Non","ppo":"Non","obsolete":true}},{"type":"Feature","geometry":{"type":"Polygon","coordinates":[[[6.1463,45.9034],[6.1454,45.9048],[6.1425,45.9054],[6.1272,45.9014],[6.1291,45.8981],[6.133,45.8982],[6.134,45.8991],[6.1328,45.9005],[6.1333,45.9011],[6.1351,45.9017],[6.1366,45.9031],[6.1398,45.9039],[6.142,45.9025],[6.1436,45.9012],[6.1452,45.902],[6.1463,45.9034]]]},"properties":{"id_ffco":"7283","nom":"LE PAQUIER","_dept":"74","numero":"1984-D74-05","commune":"74000 ANNECY,","echelle":"1/10000","surface":"0.4 km²","format":"A5","annee":"1984","cartographes":"GORET Gilles","niveau":"Initiation, Scolaire","specialite":"CO à pied","contacts":"CDCO 74, cdco74ra@free.fr, http://www.cdco74.fr/","latitude":"45.9021","longitude":"6.13348","date_saisie":"13/03/2014","valide":"Oui","ppo":"Non","type_carte":"Nouvelle carte","fond":"Cadastre","obsolete":true}},{"type":"Feature","geometry":{"type":"Polygon","coordinates":[[[6.1349,45.8955],[6.1442,45.8899],[6.1392,45.8834],[6.1365,45.8755],[6.1343,45.8669],[6.134,45.8654],[6.1266,45.8649],[6.1218,45.8651],[6.1196,45.8653],[6.1172,45.8669],[6.1179,45.8712],[6.1223,45.878],[6.1232,45.884],[6.1243,45.8858],[6.1271,45.8902],[6.1308,45.8933],[6.1349,45.8955]]]},"properties":{"id_ffco":"7282","nom":"CRET DU MAURE Les Sables","_dept":"74","numero":"1983-D74-04","commune":"74000 ANNECY,","echelle":"1/15000","surface":"3.95 km²","format":"A4","annee":"1983","cartographes":"GORET Gilles","niveau":"Régional","specialite":"CO à pied","contacts":"CDCO 74, cdco74ra@free.fr, http://www.cdco74.fr/","latitude":"45.87685","longitude":"6.12994","date_saisie":"13/03/2014","valide":"Oui","ppo":"Non","type_carte":"Nouvelle carte","fond":"IGN","ref_ign":"TOP 25 N°3431 OT","obsolete":true}},{"type":"Feature","geometry":{"type":"Polygon","coordinates":[[[6.1326,45.8976],[6.1285,45.8957],[6.1222,45.8964],[6.1179,45.8798],[6.1139,45.868],[6.1217,45.868],[6.1237,45.8715],[6.1268,45.8736],[6.1323,45.878],[6.1335,45.8781],[6.1432,45.8783],[6.1449,45.89],[6.1333,45.8974],[6.1326,45.8976]]]},"properties":{"id_ffco":"6406","nom":"CRET DU MAURE","_dept":"74","numero":"1982-D74-03","commune":"ANNECY","echelle":"1/15000","surface":"4.51 km²","format":"A4","annee":"1982","cartographes":"GORET Gilles","proprietaire":"SANS ADRESSE","niveau":"Interrégional","specialite":"CO à pied","contacts":"SANS ADRESSE","latitude":"45.88281","longitude":"6.12938","date_saisie":"19/07/2013","valide":"Oui","ppo":"Non","type_carte":"Nouvelle carte","fond":"IGN","ref_ign":"TOP 25 N°3431 OT","obsolete":true}},{"type":"Feature","geometry":{"type":"Polygon","coordinates":[[[6.1358,45.8934],[6.1338,45.8917],[6.1328,45.8877],[6.1327,45.8828],[6.1406,45.8828],[6.141,45.8845],[6.1418,45.8853],[6.1425,45.8888],[6.1414,45.8898],[6.1403,45.89],[6.1396,45.8912],[6.1399,45.892],[6.1366,45.8939],[6.1358,45.8934]]]},"properties":{"id_ffco":"7281","nom":"LA PUYA","_dept":"74","numero":"1981-D74-02","commune":"74000 ANNECY,","echelle":"1/5000","surface":"0.7 km²","format":"A4","annee":"1981","cartographes":"GORET Gilles","niveau":"Départemental","specialite":"CO à pied","contacts":"CDCO 74, cdco74ra@free.fr, http://www.cdco74.fr/","latitude":"45.8892","longitude":"6.13863","date_saisie":"13/03/2014","valide":"Oui","ppo":"Non","type_carte":"Nouvelle carte","fond":"IGN","ref_ign":"TOP 25 N°3431 OT","obsolete":true}},{"type":"Feature","geometry":{"type":"Polygon","coordinates":[[[6.1299,45.9654],[6.1444,45.9624],[6.1493,45.9689],[6.1538,45.9687],[6.1538,45.9669],[6.1556,45.9683],[6.1582,45.9676],[6.1614,45.9597],[6.1573,45.9495],[6.1495,45.9445],[6.142,45.9423],[6.1316,45.9457],[6.1227,45.9494],[6.1228,45.9528],[6.128,45.9564],[6.1295,45.9646],[6.1299,45.9654]]]},"properties":{"id_ffco":"6359","nom":"FORET D'ARGONAY ET ST MARTIN BELLEVUE","_dept":"74","numero":"1977-D74-01","commune":"ARGONAY","echelle":"1/15000","surface":"5.75 km²","format":"A4","annee":"1977","cartographes":"PLOCKYN Daniel","proprietaire":"SANS ADRESSE","niveau":"Régional","specialite":"CO à pied","contacts":"SANS ADRESSE","latitude":"45.9556","longitude":"6.14205","date_saisie":"19/07/2013","valide":"Oui","ppo":"Non","type_carte":"Nouvelle carte","fond":"Cadastre","obsolete":true}},{"type":"Feature","geometry":{"type":"Polygon","coordinates":[[[6.3861,46.3399],[6.3893,46.3397],[6.391,46.3398],[6.3911,46.3394],[6.3896,46.3392],[6.3894,46.3388],[6.3887,46.3385],[6.3883,46.3379],[6.3873,46.3382],[6.386,46.3385],[6.3861,46.3399]]]},"properties":{"id_ffco":"6300","nom":"Test","_dept":"74","numero":"2008-D74-0000","commune":"SCIEZ","echelle":"1/1000","surface":"0.05 km²","format":"+","annee":"2008","cartographes":"INCONNU","proprietaire":"SANS ADRESSE","specialite":"CO à pied","contacts":"CARTE NON REMISE A JOUR/OU/TIRAGE EPUISE","latitude":"46.3391025207","longitude":"6.38797262358","date_saisie":"19/07/2013","valide":"Non","ppo":"Non","obsolete":true}}]}