{"type":"FeatureCollection","features":[{"type":"Feature","geometry":{"type":"Polygon","coordinates":[[[2.7921,48.3712],[2.7989,48.3737],[2.8013,48.3732],[2.8039,48.3701],[2.8072,48.3671],[2.807,48.3652],[2.7966,48.3688],[2.7918,48.3705],[2.7921,48.3712]]]},"properties":{"id_ffco":"2212","nom":"PETIT BOIS Même n° que Hte Borne : 16","_dept":"77","numero":"1990-D77-9999","commune":"FONTAINBLEAU","echelle":"1/5000","surface":"0.48 km²","annee":"1990","proprietaire":"7704","specialite":"CO à pied","latitude":"48.3698464991","longitude":"2.80000242602","valide":"Non","ppo":"Non","obsolete":true}},{"type":"Feature","geometry":null,"properties":{"id_ffco":"447","nom":"Bois le Roi n° inconnu","_dept":"77","numero":"????-D77-9998","commune":"Bois le Roi","surface":"None km²","latitude":"48.4690684","longitude":"2.707176","valide":"Non","ppo":"Oui","obsolete":true}},{"type":"Feature","geometry":null,"properties":{"id_ffco":"450","nom":"Jablines n° inconnu","_dept":"77","numero":"????-D77-9997","commune":"Jablines-Annet","surface":"None km²","latitude":"48.916667","longitude":"2.716667","valide":"Non","ppo":"Oui","obsolete":true}},{"type":"Feature","geometry":{"type":"Polygon","coordinates":[[[3.1056,48.4017],[3.0978,48.4036],[3.0935,48.3952],[3.0902,48.3908],[3.092,48.3903],[3.0999,48.3922],[3.1032,48.3945],[3.1057,48.3989],[3.1056,48.4017]]]},"properties":{"id_ffco":"2215","nom":"TOMBE BELLE EPINE même numéro que Breviande : 26","_dept":"77","numero":"1990-D77-9996","commune":"MONTEREAU","echelle":"1/5000","surface":"0.92 km²","annee":"1990","proprietaire":"77 - Seine-et-Marne","specialite":"CO à pied","latitude":"48.3968949421","longitude":"3.09879129007","valide":"Non","ppo":"Non","obsolete":true}},{"type":"Feature","geometry":{"type":"Polygon","coordinates":[[[2.6915,48.4091],[2.6712,48.4096],[2.6362,48.4137],[2.6225,48.4174],[2.5826,48.4144],[2.5655,48.4126],[2.5531,48.4007],[2.5356,48.4044],[2.525,48.4041],[2.527,48.3704],[2.5665,48.3722],[2.5813,48.3576],[2.5888,48.3581],[2.6163,48.3752],[2.6352,48.3759],[2.6541,48.3679],[2.6698,48.362],[2.688,48.3633],[2.6846,48.3784],[2.6918,48.3966],[2.6915,48.4091]]]},"properties":{"id_ffco":"1266","nom":"FONTAINEBLEAU SUD OUEST n° triple 55","_dept":"77","numero":"1983-D77-9955","commune":"FONTAINEBLEAU","echelle":"1/30000","surface":"57.46 km²","annee":"1983","proprietaire":"7704","niveau":"Interrégional","specialite":"CO à pied","latitude":"48.3898504437","longitude":"2.61064309335","valide":"Non","ppo":"Non","obsolete":true}},{"type":"Feature","geometry":{"type":"Polygon","coordinates":[[[2.5846,48.3967],[2.6275,48.3922],[2.6387,48.4057],[2.6385,48.4086],[2.6438,48.4144],[2.6253,48.4158],[2.6195,48.4178],[2.5942,48.4158],[2.5846,48.3967]]]},"properties":{"id_ffco":"712","nom":"FRANCHARD III n° double","_dept":"77","numero":"1976-D77-995","commune":"FONTAINEBLEAU","echelle":"1/15000","surface":"8.65 km²","annee":"1976","proprietaire":"77 - Seine-et-Marne","specialite":"CO à pied","latitude":"48.4054014715","longitude":"2.61355164942","valide":"Non","ppo":"Non","obsolete":true}},{"type":"Feature","geometry":{"type":"Polygon","coordinates":[[[2.6097,48.5563],[2.6084,48.552],[2.6127,48.5497],[2.6211,48.5499],[2.6274,48.5475],[2.6299,48.5445],[2.6354,48.5452],[2.6365,48.5497],[2.6286,48.5538],[2.6218,48.5576],[2.6156,48.5594],[2.6097,48.5563]]]},"properties":{"id_ffco":"2223","nom":"MARCHE MARAIS (b) n° double 38","_dept":"77","numero":"1990-D77-9938","commune":"MELUN","echelle":"1/15000","surface":"1.68 km²","annee":"1990","proprietaire":"IF - Île de France","specialite":"CO à pied","latitude":"48.552188916","longitude":"2.6221664613","valide":"Non","ppo":"Non","obsolete":true}},{"type":"Feature","geometry":{"type":"Polygon","coordinates":[[[2.6466,48.3951],[2.642,48.3986],[2.6335,48.3981],[2.6293,48.3913],[2.6329,48.3832],[2.6377,48.3745],[2.6437,48.3723],[2.6696,48.3882],[2.6765,48.3911],[2.6589,48.3939],[2.6456,48.3952],[2.6466,48.3951]]]},"properties":{"id_ffco":"3257","nom":"LES ROCHERS du Mont Aigu","_dept":"77","numero":"1999-D77-99","commune":"FONTAINEBLEAU","echelle":"1/10000","surface":"5.27 km²","format":"A3","annee":"1999","niveau":"Interrégional","specialite":"CO à pied","latitude":"48.3868317466","longitude":"2.64748471361","valide":"Oui","ppo":"Non","type_carte":"Nouvelle carte","fond":"Cadastre","obsolete":true}},{"type":"Feature","geometry":{"type":"Polygon","coordinates":[[[2.6378,48.4456],[2.6243,48.4517],[2.6217,48.4461],[2.6141,48.4432],[2.6234,48.4416],[2.6239,48.4384],[2.6267,48.4359],[2.6287,48.433],[2.6375,48.4298],[2.6462,48.4276],[2.6529,48.4221],[2.6605,48.4289],[2.661,48.4319],[2.6505,48.441],[2.6378,48.4456]]]},"properties":{"id_ffco":"10107","nom":"La caverne des Brigands","_dept":"77","numero":"1999-D77-98","surface":"4.68 km²","annee":"1999","latitude":"48.4370634232","longitude":"2.63997561456","date_saisie":"23/03/2017","valide":"Non","ppo":"Non","obsolete":true}},{"type":"Feature","geometry":{"type":"Polygon","coordinates":[[[2.4363,48.3035],[2.4333,48.302],[2.4229,48.3],[2.4278,48.2948],[2.4315,48.2947],[2.4329,48.2926],[2.4302,48.2894],[2.431,48.2866],[2.4447,48.2873],[2.4464,48.2912],[2.4518,48.2956],[2.4538,48.2985],[2.452,48.2999],[2.4461,48.2989],[2.4414,48.2976],[2.4363,48.3035]]]},"properties":{"id_ffco":"10106","nom":"Buthiers 3","_dept":"77","numero":"1999-D77-96","surface":"2.26 km²","annee":"1999","latitude":"48.2948488909","longitude":"2.43824195295","date_saisie":"23/03/2017","valide":"Non","ppo":"Non","obsolete":true}},{"type":"Feature","geometry":{"type":"Polygon","coordinates":[[[2.6981,48.4184],[2.6988,48.4217],[2.7029,48.4234],[2.7053,48.4233],[2.7063,48.4246],[2.7089,48.4236],[2.7098,48.4207],[2.708,48.4185],[2.6981,48.4184]]]},"properties":{"id_ffco":"3159","nom":"MONT USSY 2","_dept":"77","numero":"1994-D77-95","commune":"FONTAINEBLEAU","echelle":"1/4000","surface":"0.42 km²","format":"A5","annee":"1994","proprietaire":"7716 - BALISE 77 FONTAINEBLEAU-AVON","niveau":"Régional","specialite":"CO à pied","latitude":"48.4209388353","longitude":"2.70426152433","valide":"Non","ppo":"Non","type_carte":"Reprise","base":"1994-D77-95 MONT USSY 2","fond":"Cadastre","obsolete":true}},{"type":"Feature","geometry":{"type":"Polygon","coordinates":[[[2.7162,48.4844],[2.7168,48.4805],[2.7219,48.4803],[2.726,48.4825],[2.7299,48.4828],[2.73,48.4861],[2.7205,48.4857],[2.7162,48.4844]]]},"properties":{"id_ffco":"3158","nom":"BOIS LE ROI - BASE DE LOISIRS","_dept":"77","numero":"1994-D77-94","commune":"BOIS LE ROI","echelle":"1/3500","surface":"0.48 km²","format":"A5","annee":"1994","proprietaire":"7716 - BALISE 77 FONTAINEBLEAU-AVON","niveau":"Initiation, Scolaire","specialite":"CO à pied","latitude":"48.4834377385","longitude":"2.72275171584","valide":"Oui","ppo":"Non","type_carte":"Nouvelle carte","fond":"Cadastre","obsolete":true}},{"type":"Feature","geometry":{"type":"Polygon","coordinates":[[[2.6795,48.408],[2.6731,48.4099],[2.6677,48.4092],[2.6668,48.4045],[2.6663,48.4005],[2.6732,48.3978],[2.6758,48.4019],[2.687,48.4006],[2.687,48.4038],[2.6821,48.4046],[2.6779,48.4056],[2.6795,48.408]]]},"properties":{"id_ffco":"3058","nom":"LA FAISANDERIE - CARREFOUR DU COQ","_dept":"77","numero":"1999-D77-93","commune":"FONTAINEBLEAU","echelle":"1/10000","surface":"1.15 km²","format":"A4","annee":"1999","proprietaire":"7716 - BALISE 77 FONTAINEBLEAU-AVON","niveau":"Régional","specialite":"CO à pied","latitude":"48.4041059142","longitude":"2.67452302964","valide":"Oui","ppo":"Non","type_carte":"Nouvelle carte","fond":"Cadastre","obsolete":true}},{"type":"Feature","geometry":{"type":"Polygon","coordinates":[[[2.686,48.4042],[2.6784,48.4046],[2.6811,48.4018],[2.6874,48.4013],[2.686,48.4042]]]},"properties":{"id_ffco":"3057","nom":"Complexe SPORTIF DE LA FAISANDERIE","_dept":"77","numero":"1999-D77-92","commune":"FONTAINEBLEAU","echelle":"1/5000","surface":"0.16 km²","format":"A5","annee":"1999","proprietaire":"7716 - BALISE 77 FONTAINEBLEAU-AVON","niveau":"Initiation, Scolaire","specialite":"CO à pied","latitude":"48.4030130458","longitude":"2.6832255075","valide":"Oui","ppo":"Non","type_carte":"Nouvelle carte","fond":"Cadastre","obsolete":true}},{"type":"Feature","geometry":{"type":"Polygon","coordinates":[[[2.6672,48.4804],[2.6377,48.4771],[2.6383,48.4611],[2.6346,48.4555],[2.6291,48.4535],[2.6274,48.4496],[2.6464,48.4428],[2.667,48.4407],[2.6715,48.4553],[2.6677,48.4617],[2.6672,48.4804]]]},"properties":{"id_ffco":"3117","nom":"L'EPINE FOREUSE","_dept":"77","numero":"1998-D77-91","commune":"FONTAINEBLEAU","echelle":"1/20000","surface":"9.79 km²","format":"A4","annee":"1998","proprietaire":"7715 - ASSOCIATION SPORTIVE SAMOISIENNE","niveau":"National, International","specialite":"CO à pied","latitude":"48.4597731942","longitude":"2.65249185923","valide":"Oui","ppo":"Non","type_carte":"Nouvelle carte","fond":"Cadastre","obsolete":true}},{"type":"Feature","geometry":{"type":"Polygon","coordinates":[[[2.6799,48.4101],[2.6644,48.4119],[2.6591,48.4118],[2.6447,48.4142],[2.6382,48.4079],[2.6389,48.4033],[2.6294,48.393],[2.6303,48.3887],[2.6315,48.3838],[2.6361,48.3754],[2.6423,48.3727],[2.6552,48.3809],[2.6801,48.3934],[2.6747,48.3981],[2.678,48.4013],[2.6823,48.4015],[2.6876,48.4013],[2.6859,48.409],[2.6799,48.4101]]]},"properties":{"id_ffco":"3151","nom":"LE MONT AIGU II","_dept":"77","numero":"1994-D77-90","commune":"Fontainebleau","echelle":"1/20000","surface":"11.52 km²","format":"A4","annee":"1994","cartographes":"A Hermet","proprietaire":"7716 - BALISE 77 FONTAINEBLEAU-AVON","niveau":"Interrégional","specialite":"CO à VTT","latitude":"48.3959847661","longitude":"2.65466697102","valide":"Oui","ppo":"Non","type_carte":"Nouvelle carte","fond":"Cadastre","obsolete":true}},{"type":"Feature","geometry":{"type":"Polygon","coordinates":[[[2.6904,48.4665],[2.7185,48.444],[2.7084,48.4257],[2.7031,48.4283],[2.6995,48.4325],[2.6907,48.4385],[2.6878,48.4499],[2.6854,48.4535],[2.6828,48.4614],[2.6904,48.4665]]]},"properties":{"id_ffco":"10098","nom":"Bois le Roi","_dept":"77","numero":"1976-D77-9","surface":"5.93 km²","annee":"1976","latitude":"48.4461791957","longitude":"2.7001335164","date_saisie":"23/03/2017","valide":"Non","ppo":"Non","obsolete":true}},{"type":"Feature","geometry":{"type":"Polygon","coordinates":[[[2.6602,48.3646],[2.6444,48.3543],[2.6413,48.3493],[2.6414,48.3442],[2.6457,48.3388],[2.6505,48.3365],[2.662,48.3335],[2.6723,48.3321],[2.6783,48.3303],[2.6868,48.3333],[2.6847,48.3357],[2.6686,48.337],[2.6655,48.3404],[2.6696,48.3453],[2.6771,48.3451],[2.6838,48.3434],[2.6873,48.3415],[2.6923,48.3419],[2.696,48.347],[2.6943,48.3572],[2.6923,48.3632],[2.6686,48.3612],[2.6602,48.3646]]]},"properties":{"id_ffco":"3122","nom":"RECLOSES","_dept":"77","numero":"1998-D77-89","commune":"RECLOSES","echelle":"1/15000","surface":"9.83 km²","format":"+","annee":"1998","proprietaire":"7701 - C.S.A. DU CENTRE NATIONAL DES SPORTS DE LA DEFENSE","niveau":"Interrégional","specialite":"CO à pied","latitude":"48.3490571832","longitude":"2.66847325392","valide":"Oui","ppo":"Non","type_carte":"Nouvelle carte","fond":"Cadastre","obsolete":true}},{"type":"Feature","geometry":{"type":"Polygon","coordinates":[[[2.6145,48.5594],[2.6094,48.5554],[2.6079,48.5522],[2.6104,48.5504],[2.6215,48.5496],[2.6257,48.5478],[2.6295,48.5445],[2.6321,48.5449],[2.6337,48.5469],[2.6358,48.5483],[2.6366,48.5508],[2.627,48.5541],[2.6221,48.5579],[2.6185,48.5591],[2.6145,48.5594]]]},"properties":{"id_ffco":"2864","nom":"FORET DE BREVIANDE","_dept":"77","numero":"1995-D77-88","commune":"MELUN","echelle":"1/10000","surface":"1.69 km²","format":"A4","annee":"1995","proprietaire":"7703 - CLUB SPORTIF DE LOISIRS DE LA GENDARMERIE DE MELUN","niveau":"National, International","specialite":"CO à pied","latitude":"48.5523407155","longitude":"2.62191917042","valide":"Oui","ppo":"Non","type_carte":"Reprise","base":"2003-D77-132 Marché Marais 2","fond":"Cadastre","obsolete":true}},{"type":"Feature","geometry":{"type":"Polygon","coordinates":[[[2.6799,48.4095],[2.6641,48.4113],[2.6583,48.4114],[2.6442,48.4136],[2.639,48.4082],[2.6385,48.404],[2.6337,48.3983],[2.643,48.3972],[2.6492,48.3948],[2.6744,48.3909],[2.6809,48.3926],[2.6742,48.3993],[2.6783,48.4015],[2.6866,48.4013],[2.6868,48.4048],[2.6783,48.4054],[2.6799,48.4095]]]},"properties":{"id_ffco":"3150","nom":"LE MONT AIGU VTT","_dept":"77","numero":"1993-D77-87","commune":"fontainbleau","echelle":"1/20000","surface":"6.11 km²","annee":"1993","proprietaire":"7716 - BALISE 77 FONTAINEBLEAU-AVON","niveau":"Interrégional","specialite":"CO à VTT","latitude":"48.4024737579","longitude":"2.65979628975","valide":"Non","ppo":"Non","obsolete":true}},{"type":"Feature","geometry":{"type":"Polygon","coordinates":[[[2.708,48.2629],[2.7168,48.2596],[2.7268,48.259],[2.734,48.2513],[2.7383,48.2489],[2.7338,48.2453],[2.726,48.2438],[2.7213,48.242],[2.7158,48.2392],[2.7118,48.2398],[2.7095,48.2394],[2.7054,48.2453],[2.7027,48.2478],[2.7023,48.2525],[2.7066,48.2545],[2.7033,48.261],[2.7082,48.2626],[2.708,48.2629]]]},"properties":{"id_ffco":"10105","nom":"Nemours","_dept":"77","numero":"1996-D77-86","surface":"4.31 km²","annee":"1996","latitude":"48.2506982643","longitude":"2.71762422628","date_saisie":"23/03/2017","valide":"Non","ppo":"Non","obsolete":true}},{"type":"Feature","geometry":{"type":"Polygon","coordinates":[[[2.4193,48.2982],[2.4289,48.3019],[2.4346,48.3027],[2.437,48.2984],[2.4414,48.2986],[2.4437,48.297],[2.4509,48.2969],[2.4519,48.2952],[2.449,48.2935],[2.4463,48.2906],[2.4411,48.2879],[2.4303,48.287],[2.4315,48.2908],[2.4331,48.2926],[2.4313,48.2956],[2.4287,48.2952],[2.4247,48.2968],[2.4193,48.2982]]]},"properties":{"id_ffco":"10104","nom":"Buthiers 2","_dept":"77","numero":"1996-D77-85","surface":"1.91 km²","annee":"1996","latitude":"48.2948701211","longitude":"2.43658341062","date_saisie":"23/03/2017","valide":"Non","ppo":"Non","obsolete":true}},{"type":"Feature","geometry":{"type":"Polygon","coordinates":[[[2.6668,48.4807],[2.6368,48.4772],[2.6396,48.4606],[2.6351,48.4554],[2.6303,48.4532],[2.6279,48.4495],[2.6423,48.4443],[2.6602,48.4417],[2.6682,48.4425],[2.6711,48.4556],[2.6674,48.4613],[2.6668,48.4807]]]},"properties":{"id_ffco":"2990","nom":"CHAILLY EN BIERE - 2","_dept":"77","numero":"1997-D77-84","commune":"CHAILLY EN BIERE","echelle":"1/15000","surface":"9.5 km²","format":"A3","annee":"1997","proprietaire":"77 - Seine-et-Marne","niveau":"National, International","specialite":"CO à pied","latitude":"48.460166951","longitude":"2.6525825776","valide":"Oui","ppo":"Non","type_carte":"Nouvelle carte","fond":"Cadastre","obsolete":true}},{"type":"Feature","geometry":{"type":"Polygon","coordinates":[[[2.7566,48.3903],[2.7759,48.4041],[2.7674,48.4104],[2.751,48.4111],[2.7467,48.4148],[2.7276,48.406],[2.7357,48.3979],[2.7566,48.3903]]]},"properties":{"id_ffco":"3149","nom":"LA CROIX DE GUISE","_dept":"77","numero":"1993-D77-83","commune":"FONTAINEBLEAU","echelle":"1/15000","surface":"5.38 km²","format":"A4","annee":"1993","proprietaire":"7701 - C.S.A. DU CENTRE NATIONAL DES SPORTS DE LA DEFENSE","niveau":"Interrégional","specialite":"CO à pied","latitude":"48.4030145378","longitude":"2.75170268912","valide":"Oui","ppo":"Non","type_carte":"Nouvelle carte","fond":"Cadastre","obsolete":true}},{"type":"Feature","geometry":{"type":"Polygon","coordinates":[[[2.7092,48.2623],[2.7177,48.2606],[2.7266,48.2597],[2.745,48.2448],[2.759,48.2299],[2.7656,48.2241],[2.7413,48.2248],[2.713,48.2272],[2.7031,48.2487],[2.7,48.2603],[2.7092,48.2623]]]},"properties":{"id_ffco":"10103","nom":"Nemours Poligny","_dept":"77","numero":"1996-D77-82","surface":"11.64 km²","annee":"1996","latitude":"48.2413138257","longitude":"2.72756155451","date_saisie":"23/03/2017","valide":"Non","ppo":"Non","obsolete":true}},{"type":"Feature","geometry":{"type":"Polygon","coordinates":[[[2.7637,48.3866],[2.7561,48.3864],[2.7587,48.3719],[2.7623,48.3671],[2.7626,48.3537],[2.7704,48.3469],[2.798,48.3584],[2.7946,48.3704],[2.7891,48.3723],[2.7834,48.3762],[2.7637,48.3866]]]},"properties":{"id_ffco":"3148","nom":"LA PLAINE DU ROSOIR","_dept":"77","numero":"1995-D77-79","commune":"MORET / LOING","echelle":"1/15000","surface":"8.03 km²","format":"A3","annee":"1995","cartographes":"E Bousser,A Nouhet,F Thomassin","proprietaire":"7701 - C.S.A. DU CENTRE NATIONAL DES SPORTS DE LA DEFENSE","niveau":"Interrégional","specialite":"CO à pied","latitude":"48.3664678136","longitude":"2.77518425271","valide":"Oui","ppo":"Non","type_carte":"Nouvelle carte","fond":"Cadastre","obsolete":true}},{"type":"Feature","geometry":{"type":"Polygon","coordinates":[[[2.625,48.4512],[2.6219,48.4464],[2.6092,48.4415],[2.5989,48.438],[2.5987,48.4332],[2.5985,48.4264],[2.6246,48.4156],[2.645,48.414],[2.6602,48.4299],[2.6603,48.432],[2.6505,48.4412],[2.625,48.4512]]]},"properties":{"id_ffco":"2921","nom":"LES GORGES D'APREMONT","_dept":"77","numero":"1995-D77-76","commune":"BARBIZON","echelle":"1/15000","surface":"12.18 km²","format":"A3","annee":"1995","proprietaire":"7703 - CLUB SPORTIF DE LOISIRS DE LA GENDARMERIE DE MELUN","niveau":"National, International","specialite":"CO à pied","latitude":"48.4312271793","longitude":"2.6293333637","valide":"Oui","ppo":"Non","type_carte":"Nouvelle carte","fond":"Cadastre","obsolete":true}},{"type":"Feature","geometry":{"type":"Polygon","coordinates":[[[2.9239,48.5227],[2.9212,48.5201],[2.9242,48.5179],[2.9306,48.5188],[2.9294,48.5206],[2.9304,48.5223],[2.9239,48.5227]]]},"properties":{"id_ffco":"2235","nom":"RU GUERIN","_dept":"77","numero":"1990-D77-75","commune":"La Chapelle Rabelais","echelle":"1/5000","surface":"0.26 km²","format":"A5","annee":"1990","proprietaire":"7707 - ORIENTATION PLEIN AIR DE MONTIGNY-SUR-LOING","niveau":"Initiation, Scolaire","specialite":"CO à pied","latitude":"48.5203937692","longitude":"2.92606420868","valide":"Oui","ppo":"Non","type_carte":"Nouvelle carte","fond":"Cadastre","obsolete":true}},{"type":"Feature","geometry":{"type":"Polygon","coordinates":[[[2.6413,48.3104],[2.6224,48.3096],[2.6167,48.3127],[2.603,48.3097],[2.5884,48.3064],[2.5819,48.3019],[2.5798,48.2968],[2.5814,48.292],[2.587,48.29],[2.5966,48.2912],[2.6033,48.2983],[2.6143,48.3031],[2.6256,48.3056],[2.6413,48.3104]]]},"properties":{"id_ffco":"723","nom":"LARCHANT 2","_dept":"77","numero":"1977-D77-73","commune":"LARCHANT","echelle":"1/15000","surface":"4.55 km²","format":"A4","annee":"1977","proprietaire":"77 - Seine-et-Marne","niveau":"Régional","specialite":"CO à pied","latitude":"48.302312443","longitude":"2.60157639547","valide":"Oui","ppo":"Non","type_carte":"Nouvelle carte","fond":"Cadastre","obsolete":true}},{"type":"Feature","geometry":{"type":"Polygon","coordinates":[[[2.7205,48.3677],[2.7366,48.3674],[2.7591,48.3637],[2.7621,48.3631],[2.7629,48.3544],[2.7639,48.3522],[2.7681,48.3478],[2.7638,48.3451],[2.7404,48.3465],[2.7158,48.3474],[2.7193,48.3572],[2.7214,48.3647],[2.7211,48.3675],[2.7205,48.3677]]]},"properties":{"id_ffco":"722","nom":"LONG ROCHER 2","_dept":"77","numero":"1977-D77-72","commune":"MONTIGNY / LOING","echelle":"1/15000","surface":"7.31 km²","format":"A4","annee":"1977","proprietaire":"7707 - ORIENTATION PLEIN AIR DE MONTIGNY-SUR-LOING","niveau":"Interrégional","specialite":"CO à pied","latitude":"48.3558461468","longitude":"2.74100098307","valide":"Oui","ppo":"Non","type_carte":"Nouvelle carte","fond":"Cadastre","obsolete":true}},{"type":"Feature","geometry":{"type":"Polygon","coordinates":[[[2.7189,48.3693],[2.7413,48.3763],[2.7494,48.3727],[2.7571,48.3719],[2.7607,48.3693],[2.7623,48.3667],[2.7628,48.3533],[2.7659,48.3499],[2.7403,48.3515],[2.7185,48.3536],[2.7216,48.3643],[2.7199,48.3686],[2.7189,48.3693]]]},"properties":{"id_ffco":"721","nom":"HAUT MONT","_dept":"77","numero":"1977-D77-71","commune":"BOURRON-MARLOTTE","echelle":"1/15000","surface":"7.43 km²","format":"A4","annee":"1977","proprietaire":"7707 - ORIENTATION PLEIN AIR DE MONTIGNY-SUR-LOING","niveau":"Régional","specialite":"CO à pied","latitude":"48.362102039","longitude":"2.74190817829","valide":"Oui","ppo":"Non","type_carte":"Nouvelle carte","fond":"Cadastre","obsolete":true}},{"type":"Feature","geometry":{"type":"Polygon","coordinates":[[[2.6921,48.363],[2.6691,48.3613],[2.6605,48.3648],[2.6569,48.3628],[2.631,48.3635],[2.6504,48.3781],[2.6665,48.3867],[2.6881,48.3837],[2.6859,48.3771],[2.6898,48.3726],[2.6921,48.363]]]},"properties":{"id_ffco":"720","nom":"MONT MORILLON 2","_dept":"77","numero":"1977-D77-70","commune":"Fontainbleau","echelle":"1/15000","surface":"8.06 km²","annee":"1977","cartographes":"GODET","proprietaire":"77 - Seine-et-Marne","specialite":"CO à pied","latitude":"48.3723669675","longitude":"2.66659866129","valide":"Non","ppo":"Non","obsolete":true}},{"type":"Feature","geometry":{"type":"Polygon","coordinates":[[[2.7223,48.4521],[2.7302,48.4466],[2.7362,48.4398],[2.7372,48.4341],[2.7357,48.4267],[2.7302,48.4213],[2.7264,48.4174],[2.7207,48.4156],[2.7074,48.416],[2.711,48.4225],[2.7089,48.4251],[2.7223,48.4521]]]},"properties":{"id_ffco":"10097","nom":"La Tour Denecourt","_dept":"77","numero":"1976-D77-7","surface":"5.49 km²","annee":"1976","latitude":"48.4314053761","longitude":"2.7232086731","date_saisie":"23/03/2017","valide":"Non","ppo":"Non","obsolete":true}},{"type":"Feature","geometry":{"type":"Polygon","coordinates":[[[2.738,48.2484],[2.7285,48.2437],[2.7235,48.2435],[2.7186,48.2406],[2.7145,48.2397],[2.7101,48.2397],[2.713,48.2273],[2.7202,48.228],[2.7268,48.2263],[2.7313,48.2272],[2.7405,48.2248],[2.7462,48.225],[2.7502,48.2268],[2.7581,48.2303],[2.7495,48.2395],[2.738,48.2484]]]},"properties":{"id_ffco":"719","nom":"POLIGNY","_dept":"77","numero":"1977-D77-69","commune":"NEMOURS","echelle":"1/15000","surface":"5.77 km²","annee":"1977","proprietaire":"7709 - UNION SPORTIVE MELUNAISE - COURSE D'ORIENTATION (U.S.M./CO)","specialite":"CO à pied","latitude":"48.2349330156","longitude":"2.73354517175","valide":"Non","ppo":"Non","obsolete":true}},{"type":"Feature","geometry":{"type":"Polygon","coordinates":[[[2.6162,48.3836],[2.6179,48.3778],[2.61,48.3698],[2.5918,48.3596],[2.5759,48.3616],[2.5623,48.3727],[2.5638,48.38],[2.5633,48.3872],[2.5721,48.3895],[2.6138,48.3869],[2.6162,48.3836]]]},"properties":{"id_ffco":"718","nom":"LES BEORLOTS 2","_dept":"77","numero":"1977-D77-68","commune":"FONTAINEBLEAU","echelle":"1/15000","surface":"10.17 km²","annee":"1977","proprietaire":"77 - Seine-et-Marne","specialite":"CO à pied","latitude":"48.3761072553","longitude":"2.58847499346","valide":"Non","ppo":"Non","obsolete":true}},{"type":"Feature","geometry":{"type":"Polygon","coordinates":[[[2.5594,48.3908],[2.5791,48.3884],[2.5944,48.3887],[2.599,48.3948],[2.6062,48.4087],[2.6028,48.4164],[2.5827,48.4139],[2.5733,48.4138],[2.5652,48.4119],[2.5633,48.4066],[2.5584,48.3968],[2.556,48.3925],[2.5594,48.3908]]]},"properties":{"id_ffco":"717","nom":"ARBONNE","_dept":"77","numero":"1977-D77-67","commune":"Arbonne la foret","echelle":"1/15000","surface":"8.48 km²","annee":"1977","specialite":"CO à pied","latitude":"48.4018475189","longitude":"2.5821686438","valide":"Non","ppo":"Non","obsolete":true}},{"type":"Feature","geometry":{"type":"Polygon","coordinates":[[[2.6902,48.3722],[2.7204,48.3696],[2.7209,48.3623],[2.7189,48.3549],[2.7147,48.3464],[2.7038,48.3418],[2.6943,48.345],[2.6972,48.3491],[2.6943,48.3572],[2.6916,48.3635],[2.6902,48.3722]]]},"properties":{"id_ffco":"716","nom":"ROCHER FOURCEAU","_dept":"77","numero":"1977-D77-66","commune":"BOURRON MARLOTTE","echelle":"1/15000","surface":"5.57 km²","format":"A4","annee":"1977","cartographes":"NOUHET ?","proprietaire":"7701 - C.S.A. DU CENTRE NATIONAL DES SPORTS DE LA DEFENSE","niveau":"Régional","specialite":"CO à pied","latitude":"48.3585585508","longitude":"2.70581755596","valide":"Oui","ppo":"Non","type_carte":"Nouvelle carte","fond":"Cadastre","obsolete":true}},{"type":"Feature","geometry":{"type":"Polygon","coordinates":[[[2.73,48.4022],[2.7255,48.4008],[2.7263,48.3999],[2.7246,48.399],[2.7275,48.3962],[2.737,48.3959],[2.7402,48.3956],[2.7409,48.3966],[2.7359,48.3984],[2.7332,48.4001],[2.73,48.4022]]]},"properties":{"id_ffco":"10102","nom":"Ecole Interarmées des Sports","_dept":"77","numero":"1990-D77-65","surface":"0.45 km²","annee":"1990","latitude":"48.3983510278","longitude":"2.73152590027","date_saisie":"23/03/2017","valide":"Non","ppo":"Non","obsolete":true}},{"type":"Feature","geometry":{"type":"Polygon","coordinates":[[[2.6422,48.3108],[2.6361,48.3109],[2.6283,48.3104],[2.6247,48.3108],[2.6226,48.307],[2.6199,48.3053],[2.6155,48.3005],[2.6139,48.2994],[2.6218,48.2961],[2.6227,48.2948],[2.6207,48.2937],[2.6188,48.2894],[2.6171,48.285],[2.6306,48.2857],[2.6347,48.2873],[2.6358,48.2867],[2.6387,48.2825],[2.6407,48.2818],[2.6449,48.2848],[2.6545,48.2862],[2.659,48.2878],[2.665,48.2897],[2.6719,48.29],[2.6716,48.2962],[2.6649,48.3023],[2.6596,48.3056],[2.6518,48.3089],[2.6457,48.3107],[2.6432,48.3112],[2.6422,48.3108]]]},"properties":{"id_ffco":"715","nom":"BOIS DE LA COMMANDERIE","_dept":"77","numero":"1976-D77-64","commune":"VILLIERS s/GREZ","echelle":"1/15000","surface":"9.32 km²","annee":"1976","proprietaire":"77 - Seine-et-Marne","specialite":"CO à pied","latitude":"48.2972087738","longitude":"2.6420991318","valide":"Non","ppo":"Non","obsolete":true}},{"type":"Feature","geometry":{"type":"Polygon","coordinates":[[[2.7111,48.4225],[2.7269,48.4235],[2.7257,48.4319],[2.7207,48.4342],[2.7195,48.4405],[2.7171,48.4441],[2.7003,48.4584],[2.6943,48.4552],[2.6844,48.4553],[2.6883,48.4496],[2.6914,48.4393],[2.7015,48.4303],[2.7086,48.426],[2.7111,48.4225]]]},"properties":{"id_ffco":"714","nom":"BOIS LE ROI 2","_dept":"77","numero":"1976-D77-63","commune":"FONTAINEBLEAU","echelle":"1/15000","surface":"6.39 km²","annee":"1976","proprietaire":"7704","specialite":"CO à pied","latitude":"48.4397487093","longitude":"2.70634238036","valide":"Non","ppo":"Non","obsolete":true}},{"type":"Feature","geometry":{"type":"Polygon","coordinates":[[[2.7777,48.4037],[2.7362,48.4058],[2.7297,48.4035],[2.7412,48.396],[2.7607,48.388],[2.7771,48.3799],[2.7813,48.3868],[2.7855,48.3932],[2.7832,48.3968],[2.7777,48.4037]]]},"properties":{"id_ffco":"10101","nom":"Les Fraillons","_dept":"77","numero":"1991-D77-62","surface":"6.2 km²","annee":"1991","latitude":"48.3958965212","longitude":"2.7622593183","date_saisie":"23/03/2017","valide":"Non","ppo":"Non","obsolete":true}},{"type":"Feature","geometry":{"type":"Polygon","coordinates":[[[2.7429,48.4122],[2.7376,48.41],[2.7363,48.4091],[2.7356,48.4077],[2.7352,48.407],[2.7333,48.4077],[2.7333,48.4088],[2.7322,48.4095],[2.7301,48.4103],[2.7288,48.4098],[2.7281,48.4083],[2.7275,48.4075],[2.7291,48.404],[2.7337,48.4056],[2.7383,48.4057],[2.7524,48.4051],[2.7458,48.4097],[2.7429,48.4122]]]},"properties":{"id_ffco":"2233","nom":"BUTTE MONCEAU","_dept":"77","numero":"1990-D77-61","commune":"AVON","echelle":"1/10000","surface":"0.79 km²","annee":"1990","proprietaire":"7701 - C.S.A. DU CENTRE NATIONAL DES SPORTS DE LA DEFENSE","specialite":"CO à pied","latitude":"48.4076717709","longitude":"2.73897068709","valide":"Non","ppo":"Non","obsolete":true}},{"type":"Feature","geometry":{"type":"Polygon","coordinates":[[[2.5602,48.3795],[2.5063,48.3803],[2.5148,48.3882],[2.5069,48.3933],[2.5189,48.4006],[2.5261,48.4041],[2.5493,48.4013],[2.5541,48.4017],[2.5548,48.3938],[2.5602,48.3795]]]},"properties":{"id_ffco":"713","nom":"BOIS ROND NORD","_dept":"77","numero":"1976-D77-60","commune":"ARBONNE","echelle":"1/15000","surface":"8.23 km²","format":"A3","annee":"1976","proprietaire":"7701 - C.S.A. DU CENTRE NATIONAL DES SPORTS DE LA DEFENSE","specialite":"CO à pied","latitude":"48.3905780165","longitude":"2.53403285845","valide":"Non","ppo":"Non","type_carte":"Nouvelle carte","fond":"IGN","obsolete":true}},{"type":"Feature","geometry":{"type":"Polygon","coordinates":[[[2.7668,48.3843],[2.7587,48.372],[2.7623,48.3674],[2.7631,48.355],[2.7643,48.3516],[2.7697,48.348],[2.7867,48.3531],[2.8083,48.3638],[2.804,48.3732],[2.7973,48.3738],[2.792,48.3713],[2.7846,48.3759],[2.7668,48.3843]]]},"properties":{"id_ffco":"1268","nom":"MARION ROCHES","_dept":"77","numero":"1983-D77-59","commune":"FONTAINEBLEAU","echelle":"1/15000","surface":"8.41 km²","annee":"1983","proprietaire":"7701 - C.S.A. DU CENTRE NATIONAL DES SPORTS DE LA DEFENSE","niveau":"Interrégional","specialite":"CO à pied","latitude":"48.365420332","longitude":"2.78001273044","valide":"Non","ppo":"Non","obsolete":true}},{"type":"Feature","geometry":{"type":"Polygon","coordinates":[[[2.6079,48.8597],[2.6129,48.86],[2.6167,48.8586],[2.6204,48.8578],[2.6237,48.8568],[2.6233,48.8559],[2.622,48.8546],[2.6206,48.8514],[2.6117,48.8529],[2.611,48.8583],[2.6079,48.8597]]]},"properties":{"id_ffco":"2232","nom":"PARC DE NOISIEL","_dept":"77","numero":"1990-D77-58","commune":"NOISIEL","echelle":"1/7500","surface":"0.6 km²","annee":"1990","proprietaire":"93 - Seine-Saint-Denis","specialite":"CO à pied","latitude":"48.8557303387","longitude":"2.61633866493","valide":"Non","ppo":"Non","obsolete":true}},{"type":"Feature","geometry":{"type":"Polygon","coordinates":[[[2.6951,48.2982],[2.6963,48.2979],[2.6967,48.2971],[2.7002,48.3003],[2.6986,48.3009],[2.6971,48.3015],[2.6957,48.3],[2.6951,48.2982]]]},"properties":{"id_ffco":"2231","nom":"CHATEAU","_dept":"77","numero":"1990-D77-57","commune":"MONCOURT-FROMONVILLE","echelle":"1/3000","surface":"0.09 km²","annee":"1990","proprietaire":"77 - Seine-et-Marne","specialite":"CO à pied","latitude":"48.2994967359","longitude":"2.69736619115","valide":"Non","ppo":"Non","obsolete":true}},{"type":"Feature","geometry":{"type":"Polygon","coordinates":[[[2.6637,48.4273],[2.6762,48.4156],[2.6871,48.4094],[2.6979,48.413],[2.6983,48.4175],[2.7085,48.4178],[2.7091,48.4227],[2.7055,48.4265],[2.7014,48.4297],[2.6955,48.4302],[2.6927,48.4294],[2.6913,48.4278],[2.6893,48.4288],[2.6863,48.4279],[2.6831,48.4307],[2.6817,48.4295],[2.6821,48.4283],[2.6778,48.4264],[2.6671,48.4279],[2.6637,48.4273]]]},"properties":{"id_ffco":"1267","nom":"MONT PIERREUX","_dept":"77","numero":"1983-D77-56","commune":"FONTAINEBLEAU","echelle":"1/15000","surface":"4.51 km²","annee":"1983","proprietaire":"7701 - C.S.A. DU CENTRE NATIONAL DES SPORTS DE LA DEFENSE","niveau":"Interrégional","specialite":"CO à pied","latitude":"48.4211759512","longitude":"2.68855096724","valide":"Non","ppo":"Non","obsolete":true}},{"type":"Feature","geometry":{"type":"Polygon","coordinates":[[[2.7714,48.2497],[2.7757,48.2524],[2.7803,48.2569],[2.7834,48.2602],[2.79,48.2629],[2.7965,48.2627],[2.7999,48.2575],[2.8039,48.2581],[2.8081,48.2566],[2.8117,48.2549],[2.8103,48.2526],[2.8075,48.2513],[2.8116,48.2442],[2.8076,48.241],[2.7902,48.2441],[2.7804,48.2452],[2.7705,48.2485],[2.7714,48.2497]]]},"properties":{"id_ffco":"2229","nom":"NANTEAU/LUNAIN","_dept":"77","numero":"1990-D77-54","commune":"NEMOURS","echelle":"1/10000","surface":"4.55 km²","annee":"1990","proprietaire":"7701 - C.S.A. DU CENTRE NATIONAL DES SPORTS DE LA DEFENSE","specialite":"CO à pied","latitude":"48.2514797594","longitude":"2.79327405159","valide":"Non","ppo":"Non","obsolete":true}},{"type":"Feature","geometry":{"type":"Polygon","coordinates":[[[2.6468,48.3161],[2.6443,48.3148],[2.6437,48.3126],[2.6435,48.3118],[2.6544,48.3083],[2.6572,48.3105],[2.6526,48.3145],[2.6506,48.3159],[2.6468,48.3161]]]},"properties":{"id_ffco":"2228","nom":"VILLIERS/GRETZ","_dept":"77","numero":"1990-D77-53","commune":"GRETZ","echelle":"1/5000","surface":"0.51 km²","annee":"1990","proprietaire":"7701 - C.S.A. DU CENTRE NATIONAL DES SPORTS DE LA DEFENSE","specialite":"CO à pied","latitude":"48.312388083","longitude":"2.65002765197","valide":"Non","ppo":"Non","obsolete":true}},{"type":"Feature","geometry":{"type":"Polygon","coordinates":[[[2.72,48.3693],[2.7053,48.3641],[2.6923,48.3631],[2.6955,48.3543],[2.6967,48.3486],[2.6932,48.3431],[2.7151,48.3441],[2.718,48.3529],[2.7187,48.3564],[2.7204,48.3591],[2.7209,48.3638],[2.72,48.3693]]]},"properties":{"id_ffco":"710","nom":"MARE AUX FEES","_dept":"77","numero":"1976-D77-52","commune":"FONTAINEBLEAU","echelle":"1/10000","surface":"4.25 km²","annee":"1976","proprietaire":"7701 - C.S.A. DU CENTRE NATIONAL DES SPORTS DE LA DEFENSE","specialite":"CO à pied","latitude":"48.3553208612","longitude":"2.70724504874","valide":"Non","ppo":"Non","obsolete":true}},{"type":"Feature","geometry":{"type":"Polygon","coordinates":[[[2.7223,48.4528],[2.7343,48.444],[2.7369,48.4395],[2.7371,48.4357],[2.7364,48.4276],[2.7292,48.4208],[2.7252,48.4168],[2.7201,48.4156],[2.7077,48.4161],[2.7116,48.4219],[2.7086,48.4251],[2.7223,48.4528]]]},"properties":{"id_ffco":"709","nom":"TOUR DENECOURT II","_dept":"77","numero":"1976-D77-51","commune":"FONTAINEBLEAU","echelle":"1/15000","surface":"5.62 km²","annee":"1976","proprietaire":"77 - Seine-et-Marne","specialite":"CO à pied","latitude":"48.4319131903","longitude":"2.7233305494","valide":"Non","ppo":"Non","obsolete":true}},{"type":"Feature","geometry":{"type":"Polygon","coordinates":[[[2.6679,48.4805],[2.6368,48.4768],[2.6392,48.461],[2.6353,48.4552],[2.6299,48.453],[2.6289,48.4503],[2.6602,48.441],[2.6684,48.4418],[2.6706,48.4547],[2.6682,48.4612],[2.6679,48.4805]]]},"properties":{"id_ffco":"708","nom":"CHAILLY EN BIERE","_dept":"77","numero":"1976-D77-50","commune":"FONTAINEBLEAU","echelle":"1/15000","surface":"9.35 km²","annee":"1976","proprietaire":"77 - Seine-et-Marne","specialite":"CO à pied","latitude":"48.4605091946","longitude":"2.65326153903","valide":"Non","ppo":"Non","obsolete":true}},{"type":"Feature","geometry":{"type":"Polygon","coordinates":[[[2.6442,48.4136],[2.6383,48.4087],[2.6389,48.406],[2.6351,48.4006],[2.6299,48.3932],[2.6305,48.3868],[2.6351,48.3781],[2.6378,48.3748],[2.6426,48.3732],[2.6596,48.3828],[2.6761,48.3922],[2.6794,48.3933],[2.6756,48.3978],[2.6761,48.4017],[2.6804,48.4024],[2.6773,48.4066],[2.6794,48.4102],[2.6638,48.4112],[2.6571,48.4112],[2.6442,48.4136]]]},"properties":{"id_ffco":"707","nom":"SALAMANDRE","_dept":"77","numero":"1976-D77-49","commune":"FONTAINEBLEAU","echelle":"1/15000","surface":"10.78 km²","annee":"1976","proprietaire":"7704","specialite":"CO à pied","latitude":"48.3953999387","longitude":"2.65305235466","valide":"Non","ppo":"Non","obsolete":true}},{"type":"Feature","geometry":{"type":"Polygon","coordinates":[[[2.6677,48.4684],[2.6804,48.4689],[2.685,48.453],[2.689,48.4453],[2.6907,48.4378],[2.7023,48.4299],[2.695,48.4303],[2.692,48.4283],[2.6895,48.4286],[2.6859,48.4282],[2.6835,48.4301],[2.6817,48.4293],[2.6814,48.4277],[2.6775,48.4265],[2.6656,48.4279],[2.6631,48.4281],[2.6608,48.432],[2.6613,48.4348],[2.6689,48.4422],[2.6713,48.4553],[2.6678,48.4614],[2.6677,48.4684]]]},"properties":{"id_ffco":"706","nom":"SOLLE","_dept":"77","numero":"1976-D77-48","commune":"FONTAINEBLEAU","echelle":"1/15000","surface":"6.95 km²","annee":"1976","proprietaire":"77 - Seine-et-Marne","specialite":"CO à pied","latitude":"48.4440733071","longitude":"2.67795085121","valide":"Non","ppo":"Non","obsolete":true}},{"type":"Feature","geometry":{"type":"Polygon","coordinates":[[[2.741,48.3764],[2.7211,48.3697],[2.7223,48.3631],[2.7185,48.3547],[2.7166,48.3458],[2.7413,48.3466],[2.7446,48.3447],[2.746,48.3407],[2.7511,48.341],[2.7704,48.3475],[2.763,48.3532],[2.7637,48.3545],[2.7621,48.3565],[2.7621,48.3682],[2.7594,48.3696],[2.7583,48.3721],[2.7491,48.373],[2.741,48.3764]]]},"properties":{"id_ffco":"705","nom":"PLAINE VERTE","_dept":"77","numero":"1976-D77-47","commune":"FONTAINEBLEAU","echelle":"1/15000","surface":"10.23 km²","annee":"1976","proprietaire":"IF - Île de France","specialite":"CO à pied","latitude":"48.3581264338","longitude":"2.74228272956","valide":"Non","ppo":"Non","obsolete":true}},{"type":"Feature","geometry":{"type":"Polygon","coordinates":[[[2.9832,48.7777],[2.9737,48.7697],[2.977,48.7653],[2.9923,48.7636],[3.0,48.7712],[2.9988,48.7761],[2.9832,48.7777]]]},"properties":{"id_ffco":"2227","nom":"MARE HARICOT","_dept":"77","numero":"1990-D77-46","commune":"PEZARCHES","echelle":"1/10000","surface":"2.12 km²","annee":"1990","proprietaire":"IF - Île de France","specialite":"CO à pied","latitude":"48.7706621946","longitude":"2.98737563316","valide":"Non","ppo":"Non","obsolete":true}},{"type":"Feature","geometry":{"type":"Polygon","coordinates":[[[2.7833,48.5103],[2.7808,48.5085],[2.7837,48.5066],[2.7859,48.5058],[2.7873,48.5061],[2.7884,48.5076],[2.7849,48.5102],[2.7833,48.5103]]]},"properties":{"id_ffco":"2226","nom":"CHATELET","_dept":"77","numero":"1990-D77-45","commune":"MELUN","echelle":"1/6000","surface":"0.16 km²","annee":"1990","proprietaire":"7701 - C.S.A. DU CENTRE NATIONAL DES SPORTS DE LA DEFENSE","specialite":"CO à pied","latitude":"48.5080289523","longitude":"2.78476017749","valide":"Non","ppo":"Non","obsolete":true}},{"type":"Feature","geometry":{"type":"Polygon","coordinates":[[[2.7406,48.3513],[2.749,48.35],[2.755,48.3476],[2.7608,48.3437],[2.7529,48.3413],[2.7477,48.346],[2.7455,48.3446],[2.7424,48.3465],[2.7403,48.3508],[2.7406,48.3513]]]},"properties":{"id_ffco":"2225","nom":"CROC MARIN","_dept":"77","numero":"1990-D77-44","commune":"FONTAINEBLEAU","echelle":"1/10000","surface":"0.76 km²","annee":"1990","proprietaire":"7701 - C.S.A. DU CENTRE NATIONAL DES SPORTS DE LA DEFENSE","specialite":"CO à pied","latitude":"48.346476444","longitude":"2.75005356929","valide":"Non","ppo":"Non","obsolete":true}},{"type":"Feature","geometry":{"type":"Polygon","coordinates":[[[2.7209,48.3601],[2.7185,48.3545],[2.7151,48.3453],[2.7187,48.3411],[2.7336,48.3398],[2.7443,48.3411],[2.7486,48.3403],[2.7638,48.3448],[2.7695,48.3474],[2.7621,48.3539],[2.764,48.355],[2.7621,48.3561],[2.7367,48.3589],[2.7259,48.3582],[2.7209,48.3594],[2.7209,48.3601]]]},"properties":{"id_ffco":"704","nom":"LONG ROCHER","_dept":"77","numero":"1976-D77-43","commune":"FONTAINEBLEAU","echelle":"1/15000","surface":"6.56 km²","annee":"1976","proprietaire":"IF - Île de France","specialite":"CO à pied","latitude":"48.3493629667","longitude":"2.73984302647","valide":"Non","ppo":"Non","obsolete":true}},{"type":"Feature","geometry":{"type":"Polygon","coordinates":[[[2.6894,48.3959],[2.6424,48.3729],[2.6698,48.3615],[2.6898,48.3629],[2.6891,48.3722],[2.6846,48.3779],[2.6894,48.3959]]]},"properties":{"id_ffco":"10100","nom":"Le Mont aux Biques","_dept":"77","numero":"1985-D77-42","commune":"Fontainebleau","echelle":"1/25000","surface":"7.01 km²","format":"+","annee":"1985","latitude":"48.3751439147","longitude":"2.67178332037","date_saisie":"23/03/2017","valide":"Non","ppo":"Non","obsolete":true}},{"type":"Feature","geometry":{"type":"Polygon","coordinates":[[[2.7486,48.4153],[2.7417,48.4136],[2.7348,48.4084],[2.7298,48.4102],[2.7273,48.4066],[2.7324,48.4007],[2.7427,48.3958],[2.7549,48.3906],[2.7764,48.4044],[2.7748,48.409],[2.7686,48.4087],[2.7669,48.4115],[2.7556,48.412],[2.7506,48.4129],[2.7486,48.4153]]]},"properties":{"id_ffco":"10099","nom":"Le Mont Andart","_dept":"77","numero":"1985-D77-41","commune":"Fontainebleau","echelle":"1/25000","surface":"5.64 km²","format":"A5","annee":"1985","cartographes":"M REMY","proprietaire":"7701 - C.S.A. DU CENTRE NATIONAL DES SPORTS DE LA DEFENSE","specialite":"CO à pied","latitude":"48.4037726908","longitude":"2.75192461836","date_saisie":"23/03/2017","valide":"Non","ppo":"Non","type_carte":"Nouvelle carte","obsolete":true}},{"type":"Feature","geometry":{"type":"Polygon","coordinates":[[[2.6111,48.4429],[2.6238,48.4414],[2.6244,48.4371],[2.627,48.435],[2.6279,48.433],[2.6435,48.4283],[2.6528,48.4218],[2.644,48.4137],[2.6239,48.4161],[2.5984,48.4262],[2.5975,48.4367],[2.5994,48.4376],[2.604,48.4389],[2.6111,48.4429]]]},"properties":{"id_ffco":"1265","nom":"MONT GIRARD","_dept":"77","numero":"1983-D77-40","commune":"BARBIZON","echelle":"1/15000","surface":"7.46 km²","annee":"1983","proprietaire":"7701 - C.S.A. DU CENTRE NATIONAL DES SPORTS DE LA DEFENSE","niveau":"Interrégional","specialite":"CO à pied","latitude":"48.4274723669","longitude":"2.62264904327","valide":"Non","ppo":"Non","obsolete":true}},{"type":"Feature","geometry":{"type":"Polygon","coordinates":[[[2.6904,48.3964],[2.663,48.3857],[2.6451,48.3731],[2.6688,48.3608],[2.6904,48.3638],[2.6898,48.3734],[2.6856,48.3784],[2.6904,48.3964]]]},"properties":{"id_ffco":"1264","nom":"MONT MORILLON","_dept":"77","numero":"1983-D77-39","commune":"FONTAINEBLEAU","echelle":"1/15000","surface":"7.61 km²","annee":"1983","proprietaire":"IF - Île de France","niveau":"Interrégional","specialite":"CO à pied","latitude":"48.3759433456","longitude":"2.67238194547","valide":"Non","ppo":"Non","obsolete":true}},{"type":"Feature","geometry":{"type":"Polygon","coordinates":[[[2.6283,48.5534],[2.6242,48.5479],[2.6296,48.5447],[2.6322,48.5456],[2.637,48.5481],[2.6369,48.5504],[2.6289,48.5533],[2.6283,48.5534]]]},"properties":{"id_ffco":"2224","nom":"LYCEE MELUN NORD (a) n° double 38","_dept":"77","numero":"1990-D77-38","commune":"MELUN","echelle":"1/10000","surface":"0.55 km²","annee":"1990","proprietaire":"IF - Île de France","specialite":"CO à pied","latitude":"48.5489793866","longitude":"2.63065053547","valide":"Non","ppo":"Non","obsolete":true}},{"type":"Feature","geometry":{"type":"Polygon","coordinates":[[[2.7408,48.415],[2.7475,48.4154],[2.7537,48.4109],[2.7503,48.4079],[2.7535,48.4054],[2.7585,48.409],[2.7712,48.4087],[2.7752,48.4073],[2.7788,48.4004],[2.7827,48.3957],[2.7844,48.3918],[2.7832,48.3887],[2.7547,48.3898],[2.7401,48.3972],[2.7286,48.404],[2.7266,48.4076],[2.7408,48.415]]]},"properties":{"id_ffco":"1263","nom":"CROIX GUISE","_dept":"77","numero":"1983-D77-37","commune":"FONTAINEBLEAU","echelle":"1/15000","surface":"7.43 km²","annee":"1983","proprietaire":"7701 - C.S.A. DU CENTRE NATIONAL DES SPORTS DE LA DEFENSE","niveau":"Interrégional","specialite":"CO à pied","latitude":"48.4009970036","longitude":"2.75657095585","valide":"Non","ppo":"Non","obsolete":true}},{"type":"Feature","geometry":{"type":"Polygon","coordinates":[[[2.5936,48.4148],[2.5888,48.3952],[2.5878,48.3759],[2.5644,48.3718],[2.5572,48.3884],[2.5603,48.4057],[2.5675,48.4139],[2.5936,48.4148]]]},"properties":{"id_ffco":"1262","nom":"PLAINE CHAMFROY","_dept":"77","numero":"1983-D77-36","commune":"FONTAINEBLEAU","echelle":"1/15000","surface":"9.74 km²","annee":"1983","proprietaire":"7704","niveau":"Interrégional","specialite":"CO à pied","latitude":"48.3943587662","longitude":"2.57488571948","valide":"Non","ppo":"Non","obsolete":true}},{"type":"Feature","geometry":{"type":"Polygon","coordinates":[[[2.7593,48.8063],[2.7675,48.8067],[2.7715,48.8072],[2.7703,48.8094],[2.7698,48.8123],[2.7703,48.8141],[2.7687,48.8172],[2.7654,48.8216],[2.7649,48.8228],[2.7616,48.822],[2.7605,48.8243],[2.7548,48.8226],[2.7574,48.8176],[2.7555,48.8131],[2.7573,48.8093],[2.7593,48.8063]]]},"properties":{"id_ffco":"2222","nom":"BELLE ASSISE","_dept":"77","numero":"1984-D77-35","commune":"Jossigny","echelle":"1/10000","surface":"1.65 km²","format":"A4","annee":"1984","proprietaire":"IF - Île de France","specialite":"CO à pied","latitude":"48.814418311","longitude":"2.76275619388","valide":"Non","ppo":"Non","obsolete":true}},{"type":"Feature","geometry":{"type":"Polygon","coordinates":[[[2.7075,48.4086],[2.7177,48.412],[2.7216,48.4071],[2.7183,48.4054],[2.717,48.4037],[2.7075,48.4011],[2.7056,48.404],[2.7075,48.4086]]]},"properties":{"id_ffco":"2221","nom":"PARC PALAIS","_dept":"77","numero":"1990-D77-3400","commune":"FONTAINEBLEAU","echelle":"1/5000","surface":"0.82 km²","annee":"1990","proprietaire":"7701 - C.S.A. DU CENTRE NATIONAL DES SPORTS DE LA DEFENSE","specialite":"CO à pied","latitude":"48.4064949462","longitude":"2.71311608805","valide":"Non","ppo":"Non","type_carte":"Nouvelle carte","obsolete":true}},{"type":"Feature","geometry":{"type":"Polygon","coordinates":[[[2.5999,48.8659],[2.6037,48.8623],[2.6056,48.8611],[2.6062,48.8593],[2.6109,48.858],[2.6113,48.8527],[2.6138,48.8527],[2.6208,48.8516],[2.6211,48.8526],[2.6222,48.8555],[2.6199,48.8563],[2.6196,48.8566],[2.6201,48.8572],[2.6208,48.8571],[2.6208,48.8575],[2.6152,48.859],[2.6125,48.8602],[2.6094,48.862],[2.6085,48.8634],[2.6032,48.8653],[2.5999,48.8659]]]},"properties":{"id_ffco":"10175","nom":"LE PARC DE NOISIEL","_dept":"77","numero":"1983-D77-34","commune":"Noisiel","echelle":"1/5000","surface":"0.82 km²","format":"A3","annee":"1983","cartographes":"Marc Belloche,Daniel Prost,Mauricette Turcq,Gérard Turcq","proprietaire":"IF - Île de France","niveau":"Initiation, Scolaire","specialite":"CO à pied","latitude":"48.8577468352","longitude":"2.61276257424","date_saisie":"03/05/2017","valide":"Non","ppo":"Non","type_carte":"Nouvelle carte","fond":"Cadastre","obsolete":true}},{"type":"Feature","geometry":{"type":"Polygon","coordinates":[[[2.7261,48.8612],[2.7261,48.8621],[2.7262,48.8626],[2.726,48.863],[2.7271,48.8634],[2.7274,48.8642],[2.7266,48.8645],[2.7265,48.8652],[2.7303,48.8654],[2.7306,48.8636],[2.7319,48.8637],[2.732,48.863],[2.7338,48.8631],[2.7356,48.8605],[2.736,48.86],[2.728,48.8593],[2.727,48.8599],[2.7262,48.8608],[2.7261,48.8612]]]},"properties":{"id_ffco":"2219","nom":"BOIS CHIGNY SUD","_dept":"77","numero":"1983-D77-33","commune":"LAGNY-SUR-MARNE","echelle":"1/5000","surface":"0.31 km²","annee":"1983","cartographes":"Gérard Lefrançois","proprietaire":"IF - Île de France","specialite":"CO à pied","latitude":"48.8619440205","longitude":"2.73016729909","valide":"Non","ppo":"Non","obsolete":true}},{"type":"Feature","geometry":null,"properties":{"id_ffco":"2820","nom":"TOURNEZY","_dept":"77","numero":"1995-D77-32","commune":"BOIS LE ROI","surface":"0.0 km²","annee":"1995","specialite":"CO à pied","latitude":"48.4690684","longitude":"2.707176","valide":"Non","ppo":"Non","obsolete":true}},{"type":"Feature","geometry":{"type":"Polygon","coordinates":[[[3.3995,48.5453],[3.4153,48.5475],[3.4191,48.5451],[3.4273,48.5451],[3.4323,48.54],[3.4412,48.5375],[3.4477,48.5288],[3.4216,48.5189],[3.4053,48.5279],[3.393,48.5301],[3.3995,48.5453]]]},"properties":{"id_ffco":"1261","nom":"CROIX FER SOURDUN","_dept":"77","numero":"1983-D77-31","commune":"PROVINS","echelle":"1/15000","surface":"7.71 km²","annee":"1983","proprietaire":"7702","niveau":"Interrégional","specialite":"CO à pied","latitude":"48.5338355005","longitude":"3.41925990183","valide":"Non","ppo":"Non","obsolete":true}},{"type":"Feature","geometry":{"type":"Polygon","coordinates":[[[2.9745,48.9866],[2.9528,48.9864],[2.9475,48.9813],[2.9575,48.9732],[2.9607,48.9609],[2.9935,48.9587],[2.9966,48.9769],[2.9837,48.9817],[2.9784,48.9819],[2.9745,48.9866]]]},"properties":{"id_ffco":"10697","nom":"Forêt de Montceaux 2","_dept":"77","numero":"2018-D77-305","commune":"Trilport","echelle":"1/10000","surface":"7.72 km²","format":"A3","annee":"2018","proprietaire":"7720 - TOUTES ORIENTATIONS MEAUX","niveau":"National, International","specialite":"CO à pied","latitude":"48.9728872056","longitude":"2.97387109441","date_saisie":"03/02/2018","date_depot":"02/11/2018","valide":"Oui","ppo":"Non","type_carte":"Reprise","base":"1983-D77-27 MONTCEAUX","fond":"Cadastre","obsolete":true}},{"type":"Feature","geometry":{"type":"Polygon","coordinates":[[[2.6053,48.5548],[2.6107,48.5496],[2.6207,48.5498],[2.6243,48.5475],[2.6282,48.5435],[2.631,48.5433],[2.6323,48.5462],[2.637,48.5487],[2.6372,48.5503],[2.6277,48.5533],[2.6218,48.5579],[2.6156,48.5597],[2.6122,48.5576],[2.6084,48.5551],[2.6053,48.5548]]]},"properties":{"id_ffco":"10674","nom":"Bréviande 3","_dept":"77","numero":"2018-D77-304","commune":"Melun","echelle":"1/7500","surface":"1.85 km²","format":"A3","annee":"2018","cartographes":"Alain Godet","proprietaire":"77 - Seine-et-Marne","niveau":"Interrégional","specialite":"CO à pied","contacts":"CDCO77, cd.seine-et-marne@ffcorientation.fr, http://cd77if.free.fr/","latitude":"48.5519443229","longitude":"2.62156986667","date_saisie":"16/01/2018","date_depot":"18/09/2019","valide":"Oui","ppo":"Non","type_carte":"Reprise","base":"2003-D77-138 Foret de Bréviande 2","fond":"Ortho","obsolete":true}},{"type":"Feature","geometry":{"type":"Polygon","coordinates":[[[2.7861,48.4141],[2.7859,48.4129],[2.7837,48.4122],[2.7811,48.4094],[2.7842,48.4067],[2.7867,48.4078],[2.7917,48.4105],[2.7924,48.4115],[2.7905,48.4131],[2.7877,48.4141],[2.7861,48.4143],[2.7861,48.4141]]]},"properties":{"id_ffco":"10492","nom":"Thomery - Le Jardins Salomon","_dept":"77","numero":"2017-D77-300","commune":"Thomery","echelle":"1/4000","surface":"0.38 km²","format":"A4","annee":"2017","niveau":"National, International","specialite":"Sprint (ISSOM)","contacts":"Pinsard Nicolas, 77810, Thomery, nicolas.pinsard77@gmail.com","latitude":"48.4106160964","longitude":"2.78662697706","date_saisie":"04/11/2017","valide":"Non","ppo":"Non","type_carte":"Nouvelle carte","obsolete":true}},{"type":"Feature","geometry":{"type":"Polygon","coordinates":[[[3.3429,48.8569],[3.3332,48.857],[3.3327,48.8516],[3.3348,48.8489],[3.3407,48.8477],[3.3468,48.8475],[3.3451,48.8569],[3.3429,48.8569]]]},"properties":{"id_ffco":"2218","nom":"VERDELOT","_dept":"77","numero":"1990-D77-30","commune":"FERTE/JOUARRE","echelle":"1/5000","surface":"0.91 km²","annee":"1990","proprietaire":"IF - Île de France","specialite":"CO à pied","latitude":"48.8524330055","longitude":"3.33976420854","valide":"Non","ppo":"Non","obsolete":true}},{"type":"Feature","geometry":{"type":"Polygon","coordinates":[[[2.7978,48.406],[2.799,48.406],[2.7988,48.4074],[2.7975,48.4095],[2.7986,48.4097],[2.7993,48.4105],[2.8011,48.4091],[2.8021,48.4087],[2.8042,48.4053],[2.806,48.4031],[2.806,48.4017],[2.8066,48.3998],[2.8098,48.3979],[2.8121,48.3968],[2.813,48.3959],[2.8145,48.3932],[2.8068,48.3907],[2.8038,48.3887],[2.8016,48.3882],[2.7969,48.3888],[2.7943,48.3884],[2.7917,48.3888],[2.7905,48.3903],[2.7902,48.3926],[2.7908,48.3962],[2.7927,48.3992],[2.7949,48.4015],[2.797,48.404],[2.7972,48.4051],[2.7978,48.406]]]},"properties":{"id_ffco":"10095","nom":"Champagne Sur Seine - VTT","_dept":"77","numero":"2017-D77-292","commune":"Champagne Sur Seine","echelle":"1/5000","surface":"2.39 km²","format":"A3","annee":"2017","cartographes":"Nicolas Pinsard","proprietaire":"7715 - ASSOCIATION SPORTIVE SAMOISIENNE","niveau":"Interrégional","specialite":"CO à VTT","latitude":"48.3967030907","longitude":"2.80078318726","date_saisie":"19/03/2017","valide":"Non","ppo":"Non","type_carte":"Nouvelle carte","fond":"Cadastre","obsolete":true}},{"type":"Feature","geometry":{"type":"Polygon","coordinates":[[[2.7474,48.4834],[2.7275,48.4832],[2.7117,48.4804],[2.7066,48.4704],[2.7121,48.4645],[2.7275,48.4579],[2.7399,48.4665],[2.7437,48.4772],[2.7474,48.4834]]]},"properties":{"id_ffco":"1260","nom":"PLAINE SERMAISE","_dept":"77","numero":"1983-D77-29","commune":"BOIS ROI","echelle":"1/15000","surface":"5.58 km²","annee":"1983","proprietaire":"IF - Île de France","niveau":"Interrégional","specialite":"CO à pied","latitude":"48.4724459113","longitude":"2.72640088585","valide":"Non","ppo":"Non","obsolete":true}},{"type":"Feature","geometry":{"type":"Polygon","coordinates":[[[2.7499,48.4232],[2.7472,48.423],[2.7464,48.4229],[2.7467,48.418],[2.7481,48.4149],[2.749,48.4144],[2.7507,48.4144],[2.753,48.4155],[2.7516,48.4171],[2.7502,48.4209],[2.7499,48.4232]]]},"properties":{"id_ffco":"10096","nom":"Samoreau - La Grange aux Dîmes","_dept":"77","numero":"2017-D77-287","commune":"Samoreau","echelle":"1/4000","surface":"0.29 km²","format":"A4","annee":"2017","cartographes":"Nicolas Pinsard","proprietaire":"7715 - ASSOCIATION SPORTIVE SAMOISIENNE","niveau":"Initiation, Scolaire","specialite":"CO à pied","latitude":"48.4185888744","longitude":"2.74905686623","date_saisie":"23/03/2017","valide":"Non","ppo":"Non","type_carte":"Nouvelle carte","fond":"Cadastre","obsolete":true}},{"type":"Feature","geometry":{"type":"Polygon","coordinates":[[[2.6928,48.4106],[2.6938,48.4094],[2.6955,48.4101],[2.6945,48.4112],[2.6928,48.4106]]]},"properties":{"id_ffco":"10076","nom":"Collège International de Fontainebleau","_dept":"77","numero":"2017-D77-286","commune":"Fontainebleau","echelle":"1/2500","surface":"0.02 km²","format":"A4","annee":"2017","cartographes":"Nicolas Pinsard","proprietaire":"Collège International de Fontainebleau","niveau":"Initiation, Scolaire","specialite":"CO à pied","latitude":"48.4103327151","longitude":"2.69413630221","date_saisie":"27/02/2017","valide":"Non","ppo":"Non","type_carte":"Nouvelle carte","fond":"Cadastre","obsolete":true}},{"type":"Feature","geometry":{"type":"Polygon","coordinates":[[[2.7522,48.4852],[2.7443,48.4792],[2.7389,48.4664],[2.7434,48.4622],[2.77,48.4617],[2.7721,48.4693],[2.7673,48.4763],[2.7616,48.4827],[2.7537,48.485],[2.7522,48.4852]]]},"properties":{"id_ffco":"2217","nom":"QUEUE FONTAINE","_dept":"77","numero":"1990-D77-28","commune":"BOIS ROI","echelle":"1/15000","surface":"4.61 km²","annee":"1990","proprietaire":"7701 - C.S.A. DU CENTRE NATIONAL DES SPORTS DE LA DEFENSE","specialite":"CO à pied","latitude":"48.4716409456","longitude":"2.75556840511","valide":"Non","ppo":"Non","obsolete":true}},{"type":"Feature","geometry":{"type":"Polygon","coordinates":[[[2.7403,48.3463],[2.7375,48.3458],[2.7356,48.3458],[2.7354,48.3446],[2.735,48.3438],[2.7367,48.3436],[2.7387,48.3437],[2.7405,48.3444],[2.7412,48.3451],[2.741,48.3459],[2.7408,48.3462],[2.7403,48.3463]]]},"properties":{"id_ffco":"10003","nom":"Les Trembleaux","_dept":"77","numero":"2016-D77-276","commune":"Montigny Sur Loing","echelle":"1/2500","surface":"0.1 km²","format":"A4","annee":"2016","cartographes":"Alain Nouhet","proprietaire":"7707 - ORIENTATION PLEIN AIR DE MONTIGNY-SUR-LOING","niveau":"Initiation, Scolaire","specialite":"CO à pied","contacts":"OPA MONTIGNY, siege social: , mairie de Montigny, 77690, MONTIGNY sur LOING, 01 64 31 19 51, 06 95 23 12 90, prevostpatrick@aol.com, http://opamontigny.free.fr/","latitude":"48.3448877126","longitude":"2.73812014911","date_saisie":"22/12/2016","date_depot":"05/07/2017","valide":"Oui","ppo":"Non","type_carte":"Nouvelle carte","fond":"Cadastre","obsolete":true}},{"type":"Feature","geometry":{"type":"Polygon","coordinates":[[[2.77,48.6588],[2.7723,48.6584],[2.7746,48.6576],[2.7766,48.6571],[2.7781,48.6566],[2.7853,48.6552],[2.8017,48.6491],[2.8054,48.6538],[2.7963,48.6581],[2.7955,48.6578],[2.7939,48.6581],[2.7922,48.6587],[2.792,48.6594],[2.7926,48.6602],[2.7949,48.6606],[2.7958,48.6608],[2.7991,48.6616],[2.7988,48.6631],[2.8014,48.6655],[2.8036,48.6656],[2.8038,48.6652],[2.8086,48.6659],[2.8065,48.6686],[2.8055,48.6707],[2.8039,48.6731],[2.8039,48.6741],[2.803,48.6747],[2.802,48.6746],[2.7997,48.6744],[2.798,48.6745],[2.7963,48.6745],[2.7946,48.6738],[2.7934,48.6726],[2.7918,48.6717],[2.7895,48.6704],[2.7881,48.67],[2.7869,48.67],[2.7853,48.6651],[2.7855,48.6634],[2.7831,48.6646],[2.7821,48.6652],[2.7806,48.6651],[2.7778,48.6651],[2.7731,48.6659],[2.7727,48.6644],[2.7723,48.6644],[2.7715,48.6627],[2.7706,48.6613],[2.7701,48.6592],[2.77,48.6588]]]},"properties":{"id_ffco":"9438","nom":"Ozouer-le-Voulgis","_dept":"77","numero":"2016-D77-270","commune":"Ozouer-le-Voulgis","echelle":"1/7500","surface":"3.72 km²","format":"+","annee":"2016","cartographes":"Hervé Quinquenel","proprietaire":"9404 - ASSOCIATION SPORTIVE DE L'IGN","niveau":"Régional","specialite":"CO à pied","contacts":"AS IGN, section CO, 73 avenue de Paris, 94165, Saint-Mandé Cedex, 0678006088, coasign@ign.fr, http://www.coasign.fr/","latitude":"48.6624348081","longitude":"2.79093488648","date_saisie":"07/03/2016","date_depot":"28/04/2017","valide":"Oui","ppo":"Non","type_carte":"Nouvelle carte","fond":"Ortho","obsolete":true}},{"type":"Feature","geometry":{"type":"Polygon","coordinates":[[[2.9691,48.9899],[2.9606,48.9866],[2.9549,48.9837],[2.9535,48.9774],[2.9587,48.9739],[2.969,48.9589],[2.9928,48.9593],[2.9896,48.967],[2.994,48.9768],[2.9822,48.9806],[2.9769,48.9877],[2.9691,48.9899]]]},"properties":{"id_ffco":"1259","nom":"MONTCEAUX","_dept":"77","numero":"1983-D77-27","commune":"MEAUX","echelle":"1/15000","surface":"6.66 km²","annee":"1983","proprietaire":"IF - Île de France","niveau":"Interrégional","specialite":"CO à pied","latitude":"48.973569706","longitude":"2.97407896214","valide":"Non","ppo":"Non","obsolete":true}},{"type":"Feature","geometry":{"type":"Polygon","coordinates":[[[2.6954,48.3961],[2.7402,48.377],[2.7538,48.3901],[2.7432,48.3942],[2.7389,48.3948],[2.6954,48.3961]]]},"properties":{"id_ffco":"9113","nom":"La mare des pressoirs 3","_dept":"77","numero":"2015-D77-263","commune":"Fontainebleau","echelle":"1/10000","surface":"4.3 km²","format":"A3","annee":"2015","cartographes":"Rui Antunes,José Batista","proprietaire":"7716 - BALISE 77 FONTAINEBLEAU-AVON","niveau":"Régional","specialite":"CO à pied","contacts":"Balise77, maison des associations, 6 rue du Mont ussy, 77300, fontainebleau, 01 64 24 26 41 , 06 20 58 29 82, balise77@gmail.com, http://www.balise77.com/","latitude":"48.3888541481","longitude":"2.72989276855","date_saisie":"29/12/2015","date_depot":"21/05/2019","valide":"Oui","ppo":"Non","type_carte":"Reprise","base":"2008-D77-167 LA MARE DES PRESSOIRS 2","fond":"Ortho","obsolete":true}},{"type":"Feature","geometry":{"type":"Polygon","coordinates":[[[2.6098,48.5563],[2.6133,48.5588],[2.616,48.5594],[2.6197,48.5592],[2.6238,48.5572],[2.6256,48.5558],[2.6257,48.5508],[2.6217,48.5503],[2.6186,48.5501],[2.6117,48.5504],[2.6089,48.5511],[2.6077,48.5524],[2.6098,48.5563]]]},"properties":{"id_ffco":"2216","nom":"BOIS BREVIANDE","_dept":"77","numero":"1990-D77-26","commune":"MELUN","echelle":"1/7500","surface":"1.08 km²","annee":"1990","proprietaire":"7703 - CLUB SPORTIF DE LOISIRS DE LA GENDARMERIE DE MELUN","specialite":"CO à pied","latitude":"48.55432657","longitude":"2.61719662712","valide":"Non","ppo":"Non","obsolete":true}},{"type":"Feature","geometry":{"type":"Polygon","coordinates":[[[2.555,48.6579],[2.5523,48.6611],[2.5473,48.6616],[2.5465,48.6604],[2.546,48.6604],[2.5455,48.6587],[2.542,48.6563],[2.5439,48.6548],[2.5462,48.6543],[2.547,48.656],[2.5474,48.6562],[2.5485,48.6581],[2.5486,48.6592],[2.555,48.6579]]]},"properties":{"id_ffco":"449","nom":"Combs la Ville","_dept":"77","numero":"2015-D77-259","commune":"Combs la Ville","surface":"0.3 km²","annee":"2015","latitude":"48.6583712656","longitude":"2.54781938975","valide":"Non","ppo":"Oui","obsolete":true}},{"type":"Feature","geometry":{"type":"Polygon","coordinates":[[[2.8838,48.9491],[2.8866,48.9495],[2.8882,48.9491],[2.8897,48.9487],[2.8903,48.9482],[2.892,48.9482],[2.8934,48.9472],[2.8962,48.9452],[2.8961,48.9382],[2.8929,48.9382],[2.8908,48.9395],[2.8896,48.941],[2.888,48.9427],[2.8863,48.944],[2.8854,48.9457],[2.8847,48.9474],[2.8833,48.9488],[2.8838,48.9491]]]},"properties":{"id_ffco":"8965","nom":"Parc Naturel du Pâtis","_dept":"77","numero":"2012-D77-258","commune":"Meaux","echelle":"1/5000","surface":"0.69 km²","format":"A4","annee":"2012","cartographes":"PAPON Vincent","proprietaire":"7720 - TOUTES ORIENTATIONS MEAUX","niveau":"O+","specialite":"CO à pied","latitude":"48.9441684361","longitude":"2.89095189418","date_saisie":"29/11/2015","date_depot":"29/03/2019","valide":"Oui","ppo":"Non","type_carte":"Reprise","base":"2009-D77-181 Parc naturel du Pâtis - Meaux","fond":"Cadastre","obsolete":true}},{"type":"Feature","geometry":{"type":"Polygon","coordinates":[[[2.6628,48.565],[2.6638,48.5667],[2.6642,48.5671],[2.665,48.5683],[2.6623,48.5692],[2.6623,48.5693],[2.6607,48.5696],[2.6601,48.5698],[2.6594,48.5687],[2.6603,48.5676],[2.6611,48.5674],[2.6602,48.5656],[2.6628,48.565]]]},"properties":{"id_ffco":"8958","nom":"Parc de Voisenon","_dept":"77","numero":"2014-D77-255","commune":"Voisenon","echelle":"1/2000","surface":"0.12 km²","format":"A5","annee":"2014","cartographes":"Etienne MOREY","proprietaire":"7720 - TOUTES ORIENTATIONS MEAUX","niveau":"Initiation, Scolaire","specialite":"CO à pied","latitude":"48.5675287642","longitude":"2.66205973467","date_saisie":"29/11/2015","date_depot":"30/05/2018","valide":"Oui","ppo":"Non","type_carte":"Nouvelle carte","fond":"Cadastre","obsolete":true}},{"type":"Feature","geometry":{"type":"Polygon","coordinates":[[[2.7612,48.368],[2.7613,48.3642],[2.7952,48.3639],[2.7953,48.369],[2.7942,48.3693],[2.7873,48.3737],[2.7807,48.3773],[2.7682,48.3837],[2.7549,48.3902],[2.7524,48.3876],[2.7489,48.3837],[2.7438,48.3798],[2.7417,48.378],[2.7396,48.3766],[2.7446,48.3746],[2.7492,48.3728],[2.757,48.3721],[2.7577,48.3717],[2.7584,48.3706],[2.7588,48.3695],[2.761,48.3686],[2.7612,48.368]]]},"properties":{"id_ffco":"9015","nom":"Le Rocher Brûlé","_dept":"77","numero":"2003-D77-253","commune":"MONTIGNY SUR LOING","echelle":"1/10000","surface":"6.06 km²","format":"A3","annee":"2003","cartographes":"Bousser  Etienne","proprietaire":"7707 - ORIENTATION PLEIN AIR DE MONTIGNY-SUR-LOING","niveau":"Régional","specialite":"CO à pied","contacts":"OPA MONTIGNY, siege social: , mairie de Montigny, 77690, MONTIGNY sur LOING, 01 64 31 19 51, 06 95 23 12 90, prevostpatrick@aol.com, http://opamontigny.free.fr/","latitude":"48.3746361009","longitude":"2.76750883124","date_saisie":"11/12/2015","valide":"Non","ppo":"Non","type_carte":"Nouvelle carte","fond":"Cadastre","obsolete":true}},{"type":"Feature","geometry":{"type":"Polygon","coordinates":[[[2.7539,48.3569],[2.758,48.3563],[2.7614,48.356],[2.762,48.3552],[2.763,48.3546],[2.7622,48.3543],[2.7616,48.3539],[2.761,48.3537],[2.7611,48.3534],[2.7617,48.3534],[2.7623,48.3533],[2.7628,48.3527],[2.764,48.3521],[2.7653,48.3508],[2.7642,48.3494],[2.7639,48.348],[2.7635,48.3478],[2.7633,48.3475],[2.7632,48.3472],[2.7633,48.3471],[2.7633,48.3462],[2.7618,48.3442],[2.7607,48.3438],[2.7554,48.3472],[2.749,48.3429],[2.7468,48.3444],[2.7464,48.3447],[2.7442,48.3431],[2.7436,48.344],[2.7429,48.3444],[2.7421,48.3449],[2.7417,48.345],[2.7407,48.3454],[2.7402,48.3454],[2.74,48.3454],[2.7393,48.3453],[2.7395,48.3445],[2.7381,48.3443],[2.7377,48.3447],[2.7375,48.3451],[2.7367,48.3452],[2.7301,48.3461],[2.7287,48.3462],[2.7287,48.3469],[2.727,48.3472],[2.7255,48.3475],[2.7272,48.3493],[2.7276,48.3502],[2.7282,48.3537],[2.7259,48.3556],[2.7258,48.3568],[2.7263,48.3582],[2.7292,48.3585],[2.7326,48.3588],[2.7362,48.3589],[2.7458,48.3579],[2.7539,48.3569]]]},"properties":{"id_ffco":"9014","nom":"La Grotte Béatrix 2","_dept":"77","numero":"2015-D77-252","commune":"MONTIGNY SUR LOING","echelle":"1/7500","surface":"3.78 km²","format":"A3","annee":"2015","cartographes":"Alain Nouhet","proprietaire":"7707 - ORIENTATION PLEIN AIR DE MONTIGNY-SUR-LOING","niveau":"Régional","specialite":"CO à pied","contacts":"OPA MONTIGNY, siege social: , mairie de Montigny, 77690, MONTIGNY sur LOING, 01 64 31 19 51, 06 95 23 12 90, prevostpatrick@aol.com, http://opamontigny.free.fr/","latitude":"48.3513683965","longitude":"2.74466334782","date_saisie":"11/12/2015","date_depot":"05/07/2017","valide":"Oui","ppo":"Non","type_carte":"Nouvelle carte","fond":"Cadastre","obsolete":true}},{"type":"Feature","geometry":{"type":"Polygon","coordinates":[[[2.5942,48.4158],[2.5855,48.3973],[2.6279,48.3915],[2.6378,48.4042],[2.6375,48.4088],[2.6435,48.4137],[2.6236,48.4156],[2.6193,48.418],[2.5942,48.4158]]]},"properties":{"id_ffco":"703","nom":"CUL CHAUDRON","_dept":"77","numero":"1976-D77-25","commune":"FONTAINEBLEAU","echelle":"1/15000","surface":"8.55 km²","annee":"1976","proprietaire":"7701 - C.S.A. DU CENTRE NATIONAL DES SPORTS DE LA DEFENSE","specialite":"CO à pied","latitude":"48.4052511537","longitude":"2.61365809826","valide":"Non","ppo":"Non","obsolete":true}},{"type":"Feature","geometry":{"type":"Polygon","coordinates":[[[2.7272,48.3963],[2.7241,48.3991],[2.7259,48.3999],[2.7251,48.4007],[2.7298,48.4024],[2.733,48.3995],[2.739,48.3972],[2.7412,48.3966],[2.7396,48.3957],[2.7316,48.3961],[2.7272,48.3963]]]},"properties":{"id_ffco":"2214","nom":"CAMPGUYNEMER","_dept":"77","numero":"1990-D77-24","commune":"FONTAINEBLEAU","echelle":"1/4000","surface":"0.45 km²","annee":"1990","proprietaire":"7701 - C.S.A. DU CENTRE NATIONAL DES SPORTS DE LA DEFENSE","specialite":"CO à pied","latitude":"48.3983651578","longitude":"2.73123959564","valide":"Non","ppo":"Non","obsolete":true}},{"type":"Feature","geometry":{"type":"Polygon","coordinates":[[[2.6921,48.3633],[2.6692,48.3615],[2.6603,48.3651],[2.6438,48.3543],[2.6417,48.3509],[2.6426,48.3497],[2.6429,48.3465],[2.6406,48.3457],[2.6404,48.3439],[2.644,48.3404],[2.6455,48.3379],[2.6483,48.3369],[2.6497,48.3354],[2.6561,48.3347],[2.6618,48.3336],[2.6662,48.3318],[2.671,48.3309],[2.6739,48.331],[2.678,48.3294],[2.687,48.3331],[2.6843,48.3362],[2.6679,48.3369],[2.6667,48.3399],[2.6703,48.3453],[2.6751,48.3447],[2.6814,48.3455],[2.6926,48.343],[2.6953,48.3464],[2.6966,48.3505],[2.6921,48.3633]]]},"properties":{"id_ffco":"9030","nom":"L'Abri des Francs VTT","_dept":"77","numero":"2014-D77-239","commune":"Recloses","echelle":"1/15000","surface":"10.15 km²","format":"A3","annee":"2014","cartographes":"Andre Hermet","proprietaire":"7715 - ASSOCIATION SPORTIVE SAMOISIENNE","niveau":"National, International","specialite":"CO à VTT","contacts":"Andre Hermet, 0687322299, AndreHermet@aol.com, http://samois.coursedorientation.fr/ // AS SAMOIS, 15 RUE MARALDE, 45120, CHALETTE SUR LOING, +33687322299, +33687322299, andrehermet@aol.com, http://www.samois.coursedorientation.fr/","latitude":"48.3488806089","longitude":"2.66802843647","date_saisie":"14/12/2015","valide":"Non","ppo":"Non","type_carte":"Nouvelle carte","fond":"IGN","obsolete":true}},{"type":"Feature","geometry":{"type":"Polygon","coordinates":[[[2.8062,48.374],[2.8045,48.3741],[2.8025,48.3744],[2.8005,48.374],[2.7994,48.3737],[2.7981,48.3736],[2.7971,48.3734],[2.7964,48.373],[2.7968,48.3723],[2.7945,48.3716],[2.7915,48.3708],[2.7932,48.3701],[2.8035,48.3665],[2.8073,48.3652],[2.8087,48.3675],[2.8078,48.3681],[2.8104,48.3704],[2.8097,48.3717],[2.8084,48.373],[2.8075,48.374],[2.8062,48.374]]]},"properties":{"id_ffco":"9029","nom":"Moret Gros Bois VTT","_dept":"77","numero":"2014-D77-238","commune":"Moret Sur Loing","echelle":"1/5000","surface":"0.78 km²","format":"A4","annee":"2014","cartographes":"Andre Hermet","proprietaire":"7715 - ASSOCIATION SPORTIVE SAMOISIENNE","niveau":"National, International","specialite":"CO à VTT","contacts":"Andre Hermet, 0687322299, AndreHermet@aol.com, http://samois.coursedorientation.fr/ // AS SAMOIS, 15 RUE MARALDE, 45120, CHALETTE SUR LOING, +33687322299, +33687322299, andrehermet@aol.com, http://www.samois.coursedorientation.fr/","latitude":"48.3704214023","longitude":"2.80260677981","date_saisie":"14/12/2015","valide":"Non","ppo":"Non","type_carte":"Nouvelle carte","fond":"Cadastre","obsolete":true}},{"type":"Feature","geometry":{"type":"Polygon","coordinates":[[[2.6869,48.4087],[2.6952,48.4113],[2.6988,48.413],[2.7029,48.4138],[2.7055,48.4135],[2.7079,48.4185],[2.7103,48.4228],[2.7092,48.4244],[2.7038,48.4277],[2.7015,48.4302],[2.6998,48.4316],[2.691,48.4382],[2.6881,48.4487],[2.6852,48.4532],[2.6782,48.4754],[2.6672,48.4823],[2.6679,48.4614],[2.6713,48.4545],[2.6686,48.4416],[2.6651,48.4385],[2.6617,48.4338],[2.6612,48.4308],[2.6663,48.426],[2.6766,48.4152],[2.6869,48.4087]]]},"properties":{"id_ffco":"9031","nom":"Le Mont St Germain VTT","_dept":"77","numero":"2014-D77-237","commune":"Fontainebleau","echelle":"1/15000","surface":"12.84 km²","format":"A3","annee":"2014","cartographes":"Andre Hermet","proprietaire":"7715 - ASSOCIATION SPORTIVE SAMOISIENNE","niveau":"National, International","specialite":"CO à VTT","contacts":"AS SAMOIS, 15 RUE MARALDE, 45120, CHALETTE SUR LOING, +33687322299, +33687322299, andrehermet@aol.com, http://www.samois.coursedorientation.fr/","latitude":"48.4374196595","longitude":"2.68217163686","date_saisie":"14/12/2015","valide":"Non","ppo":"Non","type_carte":"Nouvelle carte","fond":"Ortho","obsolete":true}},{"type":"Feature","geometry":{"type":"Polygon","coordinates":[[[2.7101,48.4222],[2.7083,48.4253],[2.712,48.4316],[2.7184,48.4442],[2.7386,48.4347],[2.7367,48.4291],[2.7334,48.4245],[2.7285,48.4202],[2.7271,48.4177],[2.7258,48.4171],[2.7252,48.4177],[2.7204,48.4167],[2.7083,48.4182],[2.7101,48.4222]]]},"properties":{"id_ffco":"9032","nom":"La Croix du Calvaire VTT","_dept":"77","numero":"2014-D77-236","commune":"Fontainebleau","echelle":"1/10000","surface":"4.33 km²","format":"A4","annee":"2014","cartographes":"Andre Hermet","proprietaire":"7715 - ASSOCIATION SPORTIVE SAMOISIENNE","niveau":"National, International","specialite":"CO à VTT","contacts":"Andre Hermet, 0687322299, AndreHermet@aol.com, http://samois.coursedorientation.fr/ // AS SAMOIS, 15 RUE MARALDE, 45120, CHALETTE SUR LOING, +33687322299, +33687322299, andrehermet@aol.com, http://www.samois.coursedorientation.fr/","latitude":"48.4290811587","longitude":"2.72252302488","date_saisie":"14/12/2015","valide":"Non","ppo":"Non","type_carte":"Reprise","base":"1976-D77-51 TOUR DENECOURT II","fond":"Ortho","obsolete":true}},{"type":"Feature","geometry":{"type":"Polygon","coordinates":[[[2.7084,48.4248],[2.7183,48.4442],[2.6931,48.4639],[2.6821,48.4638],[2.6854,48.453],[2.688,48.449],[2.6909,48.4382],[2.7015,48.4311],[2.7038,48.4276],[2.7084,48.4248]]]},"properties":{"id_ffco":"9033","nom":"Les Ecouettes VTT","_dept":"77","numero":"2014-D77-235","commune":"Samois Sur Seine","echelle":"1/15000","surface":"5.91 km²","format":"A4","annee":"2014","cartographes":"Andre Hermet","proprietaire":"7715 - ASSOCIATION SPORTIVE SAMOISIENNE","niveau":"National, International","specialite":"CO à VTT","latitude":"48.4458885503","longitude":"2.70014962437","date_saisie":"14/12/2015","valide":"Non","ppo":"Non","type_carte":"Nouvelle carte","fond":"Ortho","obsolete":true}},{"type":"Feature","geometry":{"type":"Polygon","coordinates":[[[2.6639,48.4277],[2.6667,48.4282],[2.6691,48.4275],[2.6715,48.427],[2.6728,48.4268],[2.674,48.4267],[2.6756,48.4261],[2.6765,48.4261],[2.677,48.4263],[2.6774,48.4269],[2.6783,48.4264],[2.6787,48.4265],[2.6789,48.4269],[2.6798,48.4264],[2.6815,48.4281],[2.6817,48.4283],[2.6825,48.4285],[2.6814,48.4294],[2.6817,48.4296],[2.6824,48.4299],[2.6825,48.4303],[2.6827,48.4306],[2.6835,48.4307],[2.6836,48.4301],[2.6844,48.4298],[2.685,48.4295],[2.6854,48.4292],[2.6856,48.4287],[2.6864,48.4281],[2.6875,48.4281],[2.6882,48.4287],[2.6889,48.4289],[2.6895,48.4286],[2.6902,48.428],[2.6909,48.4276],[2.6916,48.4281],[2.6926,48.4287],[2.6928,48.4292],[2.693,48.4297],[2.6929,48.43],[2.6938,48.43],[2.6948,48.4302],[2.6951,48.4305],[2.6957,48.4303],[2.6966,48.4303],[2.698,48.4303],[2.6994,48.4301],[2.7014,48.4301],[2.702,48.4301],[2.7035,48.4283],[2.7044,48.4272],[2.7056,48.4264],[2.7066,48.4258],[2.7086,48.4247],[2.7098,48.4236],[2.7101,48.4221],[2.709,48.4204],[2.7084,48.4195],[2.7079,48.4184],[2.7062,48.4132],[2.7038,48.4139],[2.7025,48.414],[2.7011,48.4137],[2.6872,48.4086],[2.6866,48.4082],[2.6861,48.4085],[2.6864,48.4088],[2.6774,48.4143],[2.6732,48.4182],[2.6639,48.4277]]]},"properties":{"id_ffco":"8154","nom":"La Vallee de la Chambre - VTT","_dept":"77","numero":"2014-D77-234","commune":"Fontainebleau","echelle":"1/15000","surface":"4.98 km²","format":"A4","annee":"2014","cartographes":"Andre Hermet","proprietaire":"7715 - ASSOCIATION SPORTIVE SAMOISIENNE","niveau":"National, International","specialite":"CO à VTT","contacts":"Andre Hermet, 0687322299, AndreHermet@aol.com, http://samois.coursedorientation.fr/","latitude":"48.4206131918","longitude":"2.68961530983","date_saisie":"12/02/2015","valide":"Non","ppo":"Non","type_carte":"Nouvelle carte","fond":"Ortho","obsolete":true}},{"type":"Feature","geometry":{"type":"Polygon","coordinates":[[[2.5982,48.4264],[2.6205,48.4175],[2.6255,48.416],[2.6444,48.4144],[2.6595,48.4283],[2.6607,48.431],[2.6502,48.4409],[2.6253,48.4513],[2.6224,48.4457],[2.6123,48.4429],[2.6011,48.4393],[2.5975,48.4379],[2.5977,48.435],[2.5989,48.429],[2.5982,48.4264]]]},"properties":{"id_ffco":"9034","nom":"Les Gorges d'Appremont VTT","_dept":"77","numero":"2014-D77-233","commune":"Barbizon","echelle":"1/15000","surface":"12.09 km²","format":"A3","annee":"2014","cartographes":"Andre Hermet","proprietaire":"7715 - ASSOCIATION SPORTIVE SAMOISIENNE","niveau":"National, International","specialite":"CO à VTT","contacts":"AS SAMOIS, 15 RUE MARALDE, 45120, CHALETTE SUR LOING, +33687322299, +33687322299, andrehermet@aol.com, http://www.samois.coursedorientation.fr/","latitude":"48.4313131667","longitude":"2.62898616137","date_saisie":"14/12/2015","valide":"Non","ppo":"Non","type_carte":"Nouvelle carte","fond":"Ortho","obsolete":true}},{"type":"Feature","geometry":{"type":"Polygon","coordinates":[[[2.5548,48.4023],[2.5514,48.4012],[2.5486,48.4012],[2.5352,48.4043],[2.5302,48.4046],[2.5266,48.4044],[2.5241,48.4025],[2.5191,48.4008],[2.5139,48.3988],[2.51,48.3966],[2.5083,48.3956],[2.5084,48.3923],[2.5122,48.3903],[2.5155,48.3885],[2.5128,48.3868],[2.5108,48.3845],[2.509,48.3825],[2.5047,48.3805],[2.5036,48.3758],[2.5104,48.3705],[2.5163,48.3661],[2.5197,48.3631],[2.5254,48.3622],[2.5237,48.3594],[2.5344,48.3589],[2.5472,48.3564],[2.5624,48.3569],[2.5637,48.3609],[2.5648,48.3633],[2.5623,48.3694],[2.5617,48.3704],[2.5631,48.3712],[2.5612,48.3767],[2.5635,48.3776],[2.5645,48.3794],[2.5658,48.3804],[2.5653,48.3834],[2.5623,48.3874],[2.5578,48.3909],[2.5561,48.3931],[2.5545,48.3939],[2.5548,48.4023]]]},"properties":{"id_ffco":"9035","nom":"La Vallée Close VTT","_dept":"77","numero":"2015-D77-232","commune":"Noisy Sur Ecole / Le Vaudoué / Arbonne la Foret","echelle":"1/15000","surface":"18.06 km²","format":"A3","annee":"2015","cartographes":"Andre Hermet","proprietaire":"7715 - ASSOCIATION SPORTIVE SAMOISIENNE","niveau":"National, International","specialite":"CO à VTT","contacts":"AS SAMOIS, 15 RUE MARALDE, 45120, CHALETTE SUR LOING, +33687322299, +33687322299, andrehermet@aol.com, http://www.samois.coursedorientation.fr/","latitude":"48.3799813912","longitude":"2.53666246241","date_saisie":"14/12/2015","valide":"Non","ppo":"Non","type_carte":"Reprise","base":"1979-D77-14 BOIS ROND TROIS PIGNONS","fond":"Ortho","obsolete":true}},{"type":"Feature","geometry":{"type":"Polygon","coordinates":[[[2.7228,48.3957],[2.7204,48.3841],[2.7237,48.3784],[2.7199,48.3698],[2.7046,48.3645],[2.6917,48.3632],[2.6886,48.3724],[2.6868,48.3765],[2.6924,48.397],[2.7228,48.3957]]]},"properties":{"id_ffco":"702","nom":"ROCHER BOULIGNY","_dept":"77","numero":"1976-D77-23","commune":"FONTAINEBLEAU","echelle":"1/15000","surface":"8.15 km²","annee":"1976","proprietaire":"7701 - C.S.A. DU CENTRE NATIONAL DES SPORTS DE LA DEFENSE","specialite":"CO à pied","latitude":"48.3808529202","longitude":"2.7048445248","valide":"Non","ppo":"Non","obsolete":true}},{"type":"Feature","geometry":{"type":"Polygon","coordinates":[[[2.7026,48.3965],[2.7379,48.3956],[2.7424,48.395],[2.7544,48.3902],[2.7486,48.3834],[2.7443,48.3804],[2.7405,48.3769],[2.7269,48.3828],[2.7132,48.3887],[2.7113,48.3892],[2.7089,48.3908],[2.7038,48.3925],[2.7026,48.3965]]]},"properties":{"id_ffco":"9036","nom":"Le Chemin de lÉcureuil VTT","_dept":"77","numero":"2014-D77-229","commune":"Avon","echelle":"1/15000","surface":"4.52 km²","format":"A4","annee":"2014","cartographes":"Andre Hermet","proprietaire":"7715 - ASSOCIATION SPORTIVE SAMOISIENNE","niveau":"National, International","specialite":"CO à VTT","latitude":"48.3890026187","longitude":"2.73088764913","date_saisie":"14/12/2015","valide":"Non","ppo":"Non","type_carte":"Nouvelle carte","fond":"Ortho","obsolete":true}},{"type":"Feature","geometry":{"type":"Polygon","coordinates":[[[2.8313,48.3676],[2.8316,48.3695],[2.8346,48.3689],[2.8345,48.3676],[2.8346,48.3668],[2.834,48.3663],[2.8338,48.3657],[2.838,48.3649],[2.8373,48.3638],[2.8373,48.363],[2.8378,48.3623],[2.8373,48.3614],[2.8365,48.3607],[2.8363,48.3605],[2.8328,48.3616],[2.8311,48.3595],[2.8302,48.3592],[2.827,48.3602],[2.8258,48.3618],[2.8253,48.3619],[2.8274,48.3657],[2.8272,48.3667],[2.8282,48.3667],[2.8277,48.3681],[2.8313,48.3676]]]},"properties":{"id_ffco":"9037","nom":"La Ravanne VTT","_dept":"77","numero":"2014-D77-228","commune":"Ecuelles","echelle":"1/5000","surface":"0.63 km²","format":"A4","annee":"2014","cartographes":"Andre Hermet","proprietaire":"7715 - ASSOCIATION SPORTIVE SAMOISIENNE","niveau":"National, International","specialite":"CO à VTT","latitude":"48.3639259152","longitude":"2.83148267081","date_saisie":"14/12/2015","valide":"Non","ppo":"Non","type_carte":"Nouvelle carte","fond":"Cadastre","obsolete":true}},{"type":"Feature","geometry":{"type":"Polygon","coordinates":[[[2.7676,48.483],[2.7771,48.484],[2.791,48.4833],[2.816,48.483],[2.8268,48.482],[2.8334,48.4712],[2.8301,48.4587],[2.8275,48.4556],[2.8064,48.4499],[2.7939,48.448],[2.7784,48.4486],[2.7705,48.4505],[2.7676,48.4555],[2.775,48.4644],[2.7712,48.476],[2.7661,48.4811],[2.7676,48.483]]]},"properties":{"id_ffco":"9055","nom":"La Vallée Javot VTT","_dept":"77","numero":"2014-D77-225","commune":"Féricy","echelle":"1/15000","surface":"16.03 km²","format":"A3","annee":"2014","cartographes":"Andre Hermet","proprietaire":"7715 - ASSOCIATION SPORTIVE SAMOISIENNE","niveau":"National, International","specialite":"CO à VTT","latitude":"48.4667687764","longitude":"2.79941523799","date_saisie":"14/12/2015","valide":"Non","ppo":"Non","type_carte":"Nouvelle carte","fond":"Ortho","obsolete":true}},{"type":"Feature","geometry":{"type":"Polygon","coordinates":[[[2.718,48.3952],[2.7181,48.3922],[2.7129,48.3891],[2.7153,48.3877],[2.714,48.3824],[2.7141,48.3764],[2.7166,48.3693],[2.7212,48.3682],[2.7362,48.3674],[2.7582,48.3634],[2.7645,48.3677],[2.7679,48.3729],[2.7699,48.383],[2.7544,48.3902],[2.742,48.3955],[2.718,48.3952]]]},"properties":{"id_ffco":"701","nom":"MARE EPISY","_dept":"77","numero":"1976-D77-22","commune":"FONTAINEBLEAU","echelle":"1/15000","surface":"11.32 km²","annee":"1976","proprietaire":"7701 - C.S.A. DU CENTRE NATIONAL DES SPORTS DE LA DEFENSE","specialite":"CO à pied","latitude":"48.3798568005","longitude":"2.74037733395","valide":"Non","ppo":"Non","obsolete":true}},{"type":"Feature","geometry":{"type":"Polygon","coordinates":[[[2.9477,48.9956],[2.9426,48.9906],[2.9428,48.9894],[2.9437,48.9866],[2.9433,48.9864],[2.944,48.9855],[2.9455,48.9809],[2.9461,48.9792],[2.9506,48.9782],[2.9505,48.9772],[2.9558,48.9752],[2.9563,48.9736],[2.9579,48.9729],[2.9606,48.9724],[2.9606,48.9717],[2.9647,48.9702],[2.9728,48.9585],[2.9972,48.9592],[2.9972,48.9613],[2.9965,48.9622],[2.9965,48.963],[2.9962,48.9635],[2.9955,48.9649],[2.9849,48.9677],[2.9896,48.9742],[2.991,48.9748],[2.9913,48.9759],[2.994,48.977],[2.9919,48.9775],[2.9903,48.9787],[2.9871,48.9797],[2.9821,48.9797],[2.9811,48.98],[2.9812,48.9809],[2.9812,48.9847],[2.9772,48.9876],[2.9725,48.9889],[2.9728,48.9894],[2.9693,48.9903],[2.9698,48.9915],[2.9698,48.9917],[2.9676,48.9919],[2.9667,48.9921],[2.9641,48.9943],[2.9626,48.9994],[2.9477,48.9956]]]},"properties":{"id_ffco":"8954","nom":"Forêt de Montceaux","_dept":"77","numero":"2013-D77-218","commune":"Meaux","echelle":"1/15000","surface":"9.04 km²","format":"A3","annee":"2013","cartographes":"David Barranger","proprietaire":"7720 - TOUTES ORIENTATIONS MEAUX","niveau":"Régional","specialite":"CO à VTT","latitude":"48.9780861361","longitude":"2.96877024983","date_saisie":"29/11/2015","date_depot":"30/05/2018","valide":"Oui","ppo":"Non","type_carte":"Reprise","base":"2011-D77-189 Forêt de Montceaux","fond":"Ortho","obsolete":true}},{"type":"Feature","geometry":{"type":"Polygon","coordinates":[[[2.8185,48.3746],[2.8166,48.3744],[2.8153,48.3743],[2.8145,48.3738],[2.8145,48.3729],[2.8148,48.372],[2.816,48.3709],[2.8166,48.3704],[2.818,48.3699],[2.819,48.3699],[2.8201,48.3701],[2.8202,48.3721],[2.821,48.3721],[2.821,48.3726],[2.8204,48.373],[2.8191,48.3731],[2.819,48.3742],[2.8185,48.3746]]]},"properties":{"id_ffco":"9038","nom":"Moret Sur Loing","_dept":"77","numero":"2013-D77-217","commune":"Moret Sur Loing","echelle":"1/4000","surface":"0.17 km²","format":"A4","annee":"2013","cartographes":"EVASIO","proprietaire":"7715 - ASSOCIATION SPORTIVE SAMOISIENNE","niveau":"National, International","specialite":"Sprint (ISSOM)","contacts":"ANDRE HERMET, 15 RUE MARALDE, 45120, CHALETTE SUR LOING, +33687322299, +33687322299, andrehermet@aol.com, http://www.samois.coursedorientation.fr/ // AS SAMOIS, 15 RUE MARALDE, 45120, CHALETTE SUR LOING, +33687322299, +33687322299, andrehermet@aol.com, http://www.samois.coursedorientation.fr/","latitude":"48.3722954689","longitude":"2.81759129436","date_saisie":"14/12/2015","date_depot":"13/02/2020","valide":"Oui","ppo":"Non","type_carte":"Nouvelle carte","fond":"Ortho","obsolete":true}},{"type":"Feature","geometry":{"type":"Polygon","coordinates":[[[2.7129,48.4815],[2.713,48.4784],[2.7265,48.4785],[2.7264,48.4833],[2.7251,48.4834],[2.7235,48.4835],[2.7215,48.4833],[2.7194,48.4829],[2.7181,48.4836],[2.7128,48.4833],[2.7129,48.4815]]]},"properties":{"id_ffco":"9039","nom":"Base de Loisir de Bois le Roi","_dept":"77","numero":"2013-D77-216","commune":"Bois le Roi","echelle":"1/5000","surface":"0.54 km²","format":"A4","annee":"2013","cartographes":"EVASIO","proprietaire":"7715 - ASSOCIATION SPORTIVE SAMOISIENNE","niveau":"National, International","specialite":"Sprint (ISSOM)","latitude":"48.4809290278","longitude":"2.71962771832","date_saisie":"14/12/2015","valide":"Non","ppo":"Oui","type_carte":"Nouvelle carte","fond":"Ortho","obsolete":true}},{"type":"Feature","geometry":{"type":"Polygon","coordinates":[[[2.6867,48.4086],[2.698,48.4126],[2.7023,48.414],[2.7059,48.4137],[2.7106,48.4224],[2.7082,48.4256],[2.7016,48.4294],[2.6997,48.4302],[2.6962,48.4303],[2.6941,48.4301],[2.6928,48.4297],[2.6919,48.4282],[2.691,48.4279],[2.69,48.4282],[2.6891,48.4288],[2.6877,48.4283],[2.6865,48.4281],[2.6854,48.429],[2.6841,48.4301],[2.6831,48.4307],[2.6823,48.4301],[2.6817,48.4293],[2.6817,48.4284],[2.6807,48.4277],[2.6797,48.427],[2.6781,48.427],[2.6769,48.4266],[2.6763,48.4261],[2.6694,48.4274],[2.6668,48.428],[2.6644,48.4275],[2.6739,48.4172],[2.6867,48.4086]]]},"properties":{"id_ffco":"9040","nom":"Mont Pierreux - Ussy","_dept":"77","numero":"2013-D77-214","commune":"Fontainebleau","echelle":"1/7500","surface":"4.97 km²","format":"A4","annee":"2013","cartographes":"PAPON Vincent","proprietaire":"7715 - ASSOCIATION SPORTIVE SAMOISIENNE","niveau":"National, International","specialite":"CO à pied","latitude":"48.4207093591","longitude":"2.6897787646","date_saisie":"14/12/2015","valide":"Non","ppo":"Non","type_carte":"Nouvelle carte","fond":"Ortho","obsolete":true}},{"type":"Feature","geometry":{"type":"Polygon","coordinates":[[[2.6435,48.3728],[2.6547,48.381],[2.6754,48.3908],[2.6897,48.3894],[2.6876,48.3821],[2.6861,48.3776],[2.688,48.3745],[2.6897,48.3716],[2.6921,48.3633],[2.6689,48.3614],[2.6435,48.3728]]]},"properties":{"id_ffco":"9041","nom":"Mont aux Biques VTT","_dept":"77","numero":"2013-D77-213","commune":"Fontainebleau","echelle":"1/10000","surface":"7.48 km²","format":"A3","annee":"2013","cartographes":"Andre Hermet","proprietaire":"7715 - ASSOCIATION SPORTIVE SAMOISIENNE","niveau":"National, International","specialite":"CO à VTT","latitude":"48.3751565842","longitude":"2.67157048175","date_saisie":"14/12/2015","valide":"Non","ppo":"Non","type_carte":"Nouvelle carte","fond":"Ortho","obsolete":true}},{"type":"Feature","geometry":{"type":"Polygon","coordinates":[[[2.6816,48.466],[2.6862,48.4524],[2.6883,48.4496],[2.6916,48.4382],[2.7017,48.4301],[2.7046,48.427],[2.7087,48.4251],[2.7104,48.4277],[2.7182,48.444],[2.6905,48.4658],[2.6816,48.466]]]},"properties":{"id_ffco":"9043","nom":"Les Ecouettes 3","_dept":"77","numero":"2012-D77-211","commune":"Samois Sur Seine","echelle":"1/7500","surface":"5.95 km²","format":"A3","annee":"2012","cartographes":"Jui Antunes","proprietaire":"7715 - ASSOCIATION SPORTIVE SAMOISIENNE","niveau":"National, International","specialite":"CO à pied","latitude":"48.4461252899","longitude":"2.7000457284","date_saisie":"14/12/2015","valide":"Non","ppo":"Non","type_carte":"Nouvelle carte","fond":"Ortho","obsolete":true}},{"type":"Feature","geometry":{"type":"Polygon","coordinates":[[[2.693,48.3431],[2.6938,48.3456],[2.6966,48.348],[2.696,48.3518],[2.6942,48.3589],[2.6923,48.3632],[2.6893,48.3727],[2.6859,48.3769],[2.724,48.3771],[2.72,48.3695],[2.7208,48.3635],[2.7193,48.3578],[2.7187,48.3553],[2.718,48.3527],[2.7151,48.3452],[2.7137,48.3435],[2.693,48.3431]]]},"properties":{"id_ffco":"9044","nom":"Bourron Marlotte VTT","_dept":"77","numero":"2012-D77-210","commune":"Bourron Marlotte","echelle":"1/15000","surface":"7.36 km²","format":"A4","annee":"2012","cartographes":"Andre Hermet","proprietaire":"7715 - ASSOCIATION SPORTIVE SAMOISIENNE","niveau":"National, International","specialite":"CO à VTT","contacts":"Andre Hermet, 0687322299, AndreHermet@aol.com, http://samois.coursedorientation.fr/","latitude":"48.361883081","longitude":"2.70593203811","date_saisie":"14/12/2015","valide":"Non","ppo":"Non","type_carte":"Nouvelle carte","fond":"Ortho","obsolete":true}},{"type":"Feature","geometry":{"type":"Polygon","coordinates":[[[2.7592,48.8061],[2.7678,48.8067],[2.771,48.8073],[2.7699,48.8123],[2.7703,48.814],[2.7699,48.8155],[2.7685,48.8174],[2.7658,48.821],[2.765,48.8228],[2.7618,48.8221],[2.759,48.8214],[2.7579,48.8235],[2.7546,48.8226],[2.7548,48.8236],[2.7478,48.8226],[2.7392,48.8216],[2.7363,48.8205],[2.7367,48.8187],[2.7374,48.8175],[2.7375,48.8169],[2.7377,48.8155],[2.7404,48.8125],[2.7411,48.8126],[2.7419,48.8119],[2.756,48.8121],[2.7579,48.8081],[2.7592,48.8061]]]},"properties":{"id_ffco":"2213","nom":"LES BOIS DE FERRIERES","_dept":"77","numero":"1980-D77-21","commune":"Jossigny","echelle":"1/10000","surface":"3.18 km²","format":"A3","annee":"1980","cartographes":"G. Jelensperger","proprietaire":"77 - Seine-et-Marne","niveau":"Régional","specialite":"CO à pied","latitude":"48.8157250475","longitude":"2.7551843329","valide":"Oui","ppo":"Non","type_carte":"Nouvelle carte","fond":"IGN","ref_ign":"25k","obsolete":true}},{"type":"Feature","geometry":{"type":"Polygon","coordinates":[[[2.7615,48.356],[2.7588,48.3562],[2.7572,48.3564],[2.755,48.3566],[2.754,48.3568],[2.7531,48.3569],[2.7444,48.358],[2.7407,48.3585],[2.7369,48.3589],[2.7341,48.3588],[2.7311,48.3587],[2.7289,48.3584],[2.7265,48.3583],[2.7258,48.3584],[2.7248,48.3586],[2.7225,48.3593],[2.7201,48.3598],[2.7211,48.3637],[2.7203,48.3666],[2.7199,48.3695],[2.7244,48.3711],[2.7289,48.3727],[2.7342,48.3746],[2.7395,48.3766],[2.7492,48.3728],[2.7563,48.3722],[2.757,48.3721],[2.7577,48.3718],[2.758,48.3714],[2.7582,48.371],[2.7584,48.3702],[2.7587,48.3697],[2.7592,48.3694],[2.7604,48.369],[2.7613,48.3682],[2.7613,48.3673],[2.7613,48.3663],[2.7614,48.3616],[2.7614,48.3569],[2.7615,48.356]]]},"properties":{"id_ffco":"9017","nom":"Le Mont Aiveu 2","_dept":"77","numero":"2012-D77-209","commune":"MONTIGNY SUR LOING","echelle":"1/10000","surface":"5.08 km²","format":"A3","annee":"2012","cartographes":"Alain Nouhet","proprietaire":"7707 - ORIENTATION PLEIN AIR DE MONTIGNY-SUR-LOING","niveau":"Régional","specialite":"CO à pied","contacts":"OPA MONTIGNY, siege social: , mairie de Montigny, 77690, MONTIGNY sur LOING, 01 64 31 19 51, 06 95 23 12 90, prevostpatrick@aol.com, http://opamontigny.free.fr/","latitude":"48.3655971236","longitude":"2.74147254993","date_saisie":"11/12/2015","date_depot":"01/01/2012","valide":"Oui","ppo":"Non","type_carte":"Reprise","base":"2002-D77-123 LE MONT AIVEU","fond":"Cadastre","obsolete":true}},{"type":"Feature","geometry":{"type":"Polygon","coordinates":[[[3.2956,48.5598],[3.2967,48.5621],[3.2969,48.5645],[3.2975,48.566],[3.2959,48.5666],[3.2931,48.567],[3.2918,48.5675],[3.2908,48.5659],[3.289,48.5659],[3.2865,48.5659],[3.2857,48.567],[3.2847,48.5666],[3.2849,48.566],[3.2806,48.5643],[3.279,48.5634],[3.2771,48.5623],[3.2782,48.5601],[3.2782,48.5594],[3.2912,48.559],[3.2933,48.5585],[3.2956,48.5598]]]},"properties":{"id_ffco":"8464","nom":"Cité médiévale de Provins","_dept":"77","numero":"2012-D77-204","commune":"Provins","echelle":"1/4000","surface":"1.02 km²","format":"A3","annee":"2012","cartographes":"Hervé Quinquenel,BARTHELEMY Matthieu,RORA Sébastien","proprietaire":"7719 - ESPRIT RAID","niveau":"National, International","specialite":"Sprint (ISSOM)","contacts":"Esprit Raid, 7 rue des Doyers, 77140, Nemours, contact@esprit-raid.org, http://www.esprit-raid.org/","latitude":"48.5626109916","longitude":"3.28813170337","date_saisie":"04/06/2015","valide":"Oui","ppo":"Non","type_carte":"Nouvelle carte","fond":"Cadastre","obsolete":true}},{"type":"Feature","geometry":{"type":"Polygon","coordinates":[[[2.7455,48.4205],[2.7391,48.4175],[2.74,48.4158],[2.7331,48.4099],[2.7262,48.409],[2.7293,48.404],[2.7355,48.3984],[2.7456,48.3942],[2.7553,48.3906],[2.7738,48.4035],[2.7771,48.4044],[2.775,48.4086],[2.7678,48.408],[2.7577,48.4085],[2.753,48.4053],[2.7492,48.4072],[2.7539,48.411],[2.7475,48.4137],[2.7455,48.4205]]]},"properties":{"id_ffco":"1258","nom":"MONT ANDART","_dept":"77","numero":"1983-D77-20","commune":"FONTAINEBLEAU","echelle":"1/15000","surface":"5.5 km²","annee":"1983","proprietaire":"7701 - C.S.A. DU CENTRE NATIONAL DES SPORTS DE LA DEFENSE","niveau":"Interrégional","specialite":"CO à pied","latitude":"48.40397869","longitude":"2.74990194609","valide":"Non","ppo":"Non","obsolete":true}},{"type":"Feature","geometry":{"type":"Polygon","coordinates":[[[2.5541,48.3912],[2.549,48.3914],[2.5467,48.3908],[2.5433,48.3909],[2.541,48.3913],[2.5394,48.3915],[2.5372,48.3918],[2.534,48.392],[2.533,48.3905],[2.5333,48.3894],[2.5329,48.3887],[2.5332,48.3875],[2.5335,48.3853],[2.5349,48.3839],[2.537,48.3828],[2.5391,48.3826],[2.5403,48.382],[2.5409,48.3813],[2.5417,48.38],[2.542,48.3793],[2.5436,48.3799],[2.5454,48.3803],[2.547,48.3801],[2.5489,48.3805],[2.5507,48.3807],[2.5546,48.3803],[2.5601,48.3805],[2.5581,48.3836],[2.5563,48.3868],[2.5541,48.3912]]]},"properties":{"id_ffco":"9013","nom":"Les Gros Sablons","_dept":"77","numero":"2011-D77-195","commune":"Arbonnes La Forêt","echelle":"1/7500","surface":"1.97 km²","format":"A4","annee":"2011","cartographes":"Alain Nouhet","proprietaire":"7701 - C.S.A. DU CENTRE NATIONAL DES SPORTS DE LA DEFENSE","niveau":"Régional","specialite":"CO à pied","contacts":"Alain GUILLON, 02 38 92 81 36, cdco77.helene@wanadoo.fr","latitude":"48.3859347282","longitude":"2.54574873311","date_saisie":"10/12/2015","valide":"Non","ppo":"Non","type_carte":"Nouvelle carte","fond":"IGN","obsolete":true}},{"type":"Feature","geometry":{"type":"Polygon","coordinates":[[[2.6408,48.3492],[2.6402,48.3485],[2.6411,48.3459],[2.6417,48.3452],[2.6407,48.3438],[2.6443,48.3395],[2.6451,48.3391],[2.645,48.338],[2.6474,48.3372],[2.6485,48.336],[2.6532,48.3347],[2.6556,48.3346],[2.6571,48.3342],[2.6584,48.3338],[2.6614,48.3336],[2.6637,48.3323],[2.667,48.3312],[2.6687,48.3313],[2.6692,48.3327],[2.669,48.3339],[2.6679,48.3365],[2.6683,48.3436],[2.6686,48.3461],[2.6671,48.3475],[2.6524,48.3494],[2.6408,48.3492]]]},"properties":{"id_ffco":"8997","nom":"recloses 3","_dept":"77","numero":"2011-D77-194","commune":"Recloses","echelle":"1/7500","surface":"3.05 km²","format":"A3","annee":"2011","cartographes":"Rui Antunes","proprietaire":"7716 - BALISE 77 FONTAINEBLEAU-AVON","niveau":"Interrégional","specialite":"CO à pied","contacts":"Balise77, maison des associations, 6 rue du Mont ussy, 77300, fontainebleau, 01 64 24 26 41 , 06 20 58 29 82, balise77@gmail.com, http://www.balise77.com/","latitude":"48.3416457377","longitude":"2.65594801326","date_saisie":"06/12/2015","date_depot":"01/01/2011","valide":"Oui","ppo":"Non","type_carte":"Reprise","base":"2003-D77-136 RECLOSES 2","fond":"Laser","obsolete":true}},{"type":"Feature","geometry":{"type":"Polygon","coordinates":[[[2.7265,48.257],[2.7316,48.2526],[2.7366,48.249],[2.7406,48.2465],[2.7449,48.2436],[2.7486,48.2401],[2.7521,48.237],[2.7576,48.2304],[2.7517,48.228],[2.7495,48.2262],[2.7447,48.2272],[2.7431,48.2286],[2.7435,48.2307],[2.7411,48.2322],[2.7378,48.2341],[2.7328,48.2376],[2.732,48.24],[2.7279,48.2441],[2.7246,48.2488],[2.7222,48.2519],[2.7215,48.2536],[2.7265,48.257]]]},"properties":{"id_ffco":"9021","nom":"LE BALL TRAP","_dept":"77","numero":"2011-D77-192","commune":"NEMOURS","echelle":"1/10000","surface":"3.29 km²","format":"A3","annee":"2011","proprietaire":"7709 - UNION SPORTIVE MELUNAISE - COURSE D'ORIENTATION (U.S.M./CO)","niveau":"Régional","specialite":"CO à pied","contacts":"Philippe DUBOIS, 3 rue Paul DEROULEDE, 92270, BOIS COLOMBES, 0142428719, 0687027625, amavic@free.fr, https://usmelunco.wordpress.com/","latitude":"48.2405734176","longitude":"2.7393195064","date_saisie":"12/12/2015","valide":"Oui","ppo":"Non","type_carte":"Reprise","base":"2003-D77-133 La Vallée des Châtaigniers","fond":"Ortho","obsolete":true}},{"type":"Feature","geometry":{"type":"Polygon","coordinates":[[[2.8864,48.8386],[2.8788,48.832],[2.872,48.8014],[2.8697,48.7924],[2.883,48.7847],[2.882,48.7852],[2.8831,48.7905],[2.894,48.7914],[2.8998,48.7882],[2.9026,48.787],[2.9032,48.7853],[2.9047,48.7839],[2.9046,48.7831],[2.9071,48.7835],[2.9092,48.7831],[2.9122,48.7847],[2.9129,48.7837],[2.915,48.7827],[2.9169,48.7837],[2.916,48.7849],[2.9164,48.7856],[2.9204,48.7853],[2.921,48.785],[2.9222,48.785],[2.9252,48.7855],[2.9288,48.7854],[2.933,48.7872],[2.9358,48.7881],[2.943,48.7899],[2.9432,48.7895],[2.9444,48.7893],[2.9449,48.7884],[2.9473,48.7873],[2.9525,48.7873],[2.9534,48.7855],[2.9607,48.7862],[2.9626,48.7873],[2.9645,48.7891],[2.9659,48.7894],[2.9687,48.7895],[2.9691,48.7902],[2.9745,48.7896],[2.9779,48.7906],[2.9832,48.7906],[2.9844,48.7881],[2.9844,48.7865],[2.9911,48.7864],[2.9945,48.7846],[2.9996,48.7845],[3.0052,48.7857],[3.0078,48.7863],[3.0098,48.7852],[3.0136,48.7851],[3.0149,48.7845],[3.0188,48.785],[3.0199,48.7853],[3.0163,48.7876],[3.0139,48.7898],[3.0133,48.7909],[3.0153,48.7935],[3.016,48.7973],[3.0172,48.8019],[3.0165,48.8039],[3.0166,48.8062],[3.0162,48.8096],[3.0141,48.8121],[3.0155,48.8141],[3.0147,48.8169],[3.0135,48.8189],[3.0118,48.8206],[3.0102,48.8212],[3.002,48.8254],[2.9994,48.8263],[2.9955,48.8281],[2.9914,48.8315],[2.9897,48.8334],[2.9882,48.8358],[2.9575,48.8414],[2.9396,48.8483],[2.9335,48.851],[2.9261,48.8583],[2.923,48.8581],[2.9232,48.8564],[2.9272,48.8547],[2.9274,48.8528],[2.9276,48.8512],[2.9262,48.8496],[2.9221,48.8509],[2.916,48.8517],[2.9101,48.8506],[2.9054,48.8515],[2.9047,48.8516],[2.9006,48.8514],[2.8987,48.8509],[2.8966,48.8485],[2.8871,48.8396],[2.8864,48.8386]]]},"properties":{"id_ffco":"8973","nom":"Vallée du Grand Morin de Pommeuse à Crécy","_dept":"77","numero":"2011-D77-191","commune":"Guérard","echelle":"1/20000","surface":"61.9 km²","format":"+","annee":"2011","cartographes":"Hervé Quinquenel","proprietaire":"9404 - ASSOCIATION SPORTIVE DE L'IGN","niveau":"Régional","specialite":"CO à VTT","contacts":"AS IGN, section CO, 73 avenue de Paris, 94165, Saint-Mandé Cedex, 0678006088, coasign@ign.fr, http://www.coasign.fr/","latitude":"48.8145965736","longitude":"2.94066074276","date_saisie":"01/12/2015","date_depot":"28/04/2017","valide":"Oui","ppo":"Non","type_carte":"Nouvelle carte","fond":"Ortho","obsolete":true}},{"type":"Feature","geometry":{"type":"Polygon","coordinates":[[[2.688,48.4482],[2.7175,48.4446],[2.7381,48.435],[2.7347,48.4252],[2.7288,48.4195],[2.7257,48.4168],[2.7216,48.4159],[2.7079,48.4163],[2.7103,48.4229],[2.7017,48.4306],[2.6904,48.439],[2.688,48.4482]]]},"properties":{"id_ffco":"700","nom":"ROCHER CASSEPOT","_dept":"77","numero":"1976-D77-19","commune":"FONTAINEBLEAU","echelle":"1/15000","surface":"7.65 km²","annee":"1976","proprietaire":"77 - Seine-et-Marne","specialite":"CO à pied","latitude":"48.4327996548","longitude":"2.71451441423","valide":"Non","ppo":"Non","obsolete":true}},{"type":"Feature","geometry":{"type":"Polygon","coordinates":[[[2.9712,48.9844],[2.9684,48.981],[2.9676,48.98],[2.9667,48.9795],[2.9658,48.9793],[2.9648,48.9792],[2.9638,48.9793],[2.9634,48.9792],[2.9631,48.9791],[2.9629,48.9788],[2.9629,48.9785],[2.963,48.9782],[2.9636,48.9763],[2.9635,48.9758],[2.963,48.9753],[2.962,48.9749],[2.9617,48.9746],[2.9681,48.9648],[2.9699,48.9627],[2.9695,48.9625],[2.9726,48.9585],[2.9859,48.9589],[2.9972,48.9591],[2.9972,48.9612],[2.9967,48.9621],[2.9966,48.963],[2.9961,48.9638],[2.9955,48.965],[2.9849,48.9676],[2.9896,48.9743],[2.991,48.9749],[2.9913,48.9759],[2.9943,48.9771],[2.9917,48.9776],[2.9864,48.9785],[2.9823,48.9779],[2.9777,48.9756],[2.9752,48.9742],[2.9737,48.9735],[2.9727,48.974],[2.9783,48.9808],[2.9712,48.9844]]]},"properties":{"id_ffco":"8950","nom":"Forêt de Montceaux","_dept":"77","numero":"2011-D77-189","commune":"Meaux","echelle":"1/10000","surface":"4.24 km²","format":"A3","annee":"2011","cartographes":"PAPON Vincent","proprietaire":"7720 - TOUTES ORIENTATIONS MEAUX","niveau":"Régional","specialite":"CO à pied","latitude":"48.9694475385","longitude":"2.97836760937","date_saisie":"29/11/2015","valide":"Oui","ppo":"Non","type_carte":"Nouvelle carte","fond":"Ortho","obsolete":true}},{"type":"Feature","geometry":{"type":"Polygon","coordinates":[[[2.7091,48.2624],[2.7158,48.2598],[2.724,48.259],[2.7338,48.2507],[2.7468,48.2422],[2.7515,48.237],[2.7396,48.2325],[2.7127,48.2317],[2.7079,48.2427],[2.7044,48.2473],[2.7031,48.251],[2.7094,48.2543],[2.7075,48.2567],[2.7055,48.2598],[2.7048,48.2612],[2.7091,48.2624]]]},"properties":{"id_ffco":"9012","nom":"Le Fief du boulay","_dept":"77","numero":"2010-D77-188","commune":"nemours","echelle":"1/20000","surface":"7.25 km²","format":"A3","annee":"2010","cartographes":"BARTHELEMY Matthieu","proprietaire":"7719 - ESPRIT RAID","niveau":"National, International","specialite":"CO à VTT","latitude":"48.2446944774","longitude":"2.72399892399","date_saisie":"09/12/2015","valide":"Oui","ppo":"Non","type_carte":"Nouvelle carte","fond":"Cadastre","obsolete":true}},{"type":"Feature","geometry":{"type":"Polygon","coordinates":[[[2.9904,48.7554],[2.9902,48.7543],[2.9896,48.7534],[2.9889,48.7517],[2.9927,48.752],[2.9929,48.7501],[2.9979,48.7503],[2.9976,48.7513],[3.0024,48.7531],[3.0082,48.7556],[3.0103,48.7566],[3.01,48.7572],[3.0098,48.7605],[3.0104,48.7608],[3.0002,48.7607],[2.9957,48.7599],[2.9988,48.7577],[2.9904,48.7554]]]},"properties":{"id_ffco":"8874","nom":"Le Dolmen de Malvoisine","_dept":"77","numero":"2010-D77-186","commune":"Faremoutiers","echelle":"1/7500","surface":"1.06 km²","format":"A4","annee":"2010","cartographes":"Hervé Quinquenel,Stéphane BONNARD","proprietaire":"9404 - ASSOCIATION SPORTIVE DE L'IGN","niveau":"Régional","specialite":"CO à pied","latitude":"48.7558822513","longitude":"3.00004849046","date_saisie":"12/11/2015","date_depot":"25/01/2011","valide":"Oui","ppo":"Non","type_carte":"Nouvelle carte","fond":"Ortho","obsolete":true}},{"type":"Feature","geometry":{"type":"Polygon","coordinates":[[[2.9551,48.8095],[2.9536,48.8091],[2.9521,48.8092],[2.9515,48.8092],[2.9504,48.8093],[2.9497,48.8092],[2.9496,48.8095],[2.9482,48.8095],[2.9476,48.8117],[2.9479,48.815],[2.9498,48.8142],[2.9515,48.8143],[2.9521,48.8144],[2.952,48.8157],[2.9518,48.8168],[2.9539,48.8177],[2.9533,48.8191],[2.9501,48.8227],[2.9497,48.8233],[2.9494,48.8238],[2.9494,48.825],[2.9493,48.8254],[2.9496,48.8263],[2.9503,48.8268],[2.9503,48.8274],[2.9507,48.8283],[2.9518,48.8297],[2.9527,48.8307],[2.9536,48.8313],[2.9552,48.832],[2.9564,48.8323],[2.9578,48.8324],[2.9583,48.8325],[2.9592,48.8327],[2.9597,48.8331],[2.9611,48.8342],[2.9627,48.8335],[2.9642,48.8332],[2.965,48.8331],[2.9655,48.8328],[2.9671,48.8327],[2.9691,48.8326],[2.97,48.8324],[2.9706,48.8322],[2.9717,48.832],[2.972,48.8325],[2.9755,48.8323],[2.9783,48.8323],[2.9789,48.8324],[2.9807,48.8332],[2.9811,48.8333],[2.9817,48.8331],[2.9824,48.8331],[2.9847,48.8328],[2.9855,48.8326],[2.9852,48.8316],[2.9888,48.832],[2.9868,48.8293],[2.985,48.8272],[2.9836,48.825],[2.9833,48.8243],[2.9813,48.8221],[2.9794,48.8203],[2.9807,48.8191],[2.9825,48.8183],[2.9833,48.8177],[2.9833,48.8171],[2.9832,48.8166],[2.9833,48.816],[2.9833,48.8155],[2.9832,48.8153],[2.9826,48.8156],[2.9816,48.8154],[2.9802,48.815],[2.9782,48.8139],[2.9781,48.8134],[2.9781,48.8129],[2.9775,48.8125],[2.9764,48.8121],[2.976,48.8113],[2.9749,48.8104],[2.9736,48.8094],[2.9722,48.8086],[2.9717,48.8082],[2.9707,48.8083],[2.9703,48.8081],[2.9701,48.8077],[2.9701,48.8073],[2.9686,48.8068],[2.9682,48.8064],[2.9679,48.806],[2.9689,48.8059],[2.9696,48.8058],[2.9708,48.8056],[2.9709,48.8049],[2.9707,48.8045],[2.9708,48.8042],[2.9708,48.8039],[2.9704,48.8029],[2.967,48.8029],[2.9654,48.8034],[2.963,48.8042],[2.9614,48.8048],[2.9595,48.8064],[2.9589,48.807],[2.9586,48.8077],[2.9573,48.8086],[2.9556,48.8094],[2.9551,48.8095]]]},"properties":{"id_ffco":"8607","nom":"Les Pentes de Guérard et de la Celle-sur-Morin","_dept":"77","numero":"2010-D77-185","commune":"Guérard","echelle":"1/10000","surface":"6.49 km²","format":"A3","annee":"2010","cartographes":"Hervé Quinquenel","proprietaire":"9404 - ASSOCIATION SPORTIVE DE L'IGN","niveau":"Départemental","specialite":"CO à pied","contacts":"AS IGN, section CO, 73 avenue de Paris, 94165, Saint-Mandé Cedex, 0678006088, coasign@ign.fr, http://www.coasign.fr/","latitude":"48.8203203488","longitude":"2.9664224044","date_saisie":"07/09/2015","date_depot":"25/01/2011","valide":"Oui","ppo":"Non","type_carte":"Nouvelle carte","fond":"Ortho","obsolete":true}},{"type":"Feature","geometry":{"type":"Polygon","coordinates":[[[2.5993,48.3034],[2.5993,48.3049],[2.5999,48.306],[2.6014,48.3071],[2.6022,48.3075],[2.6025,48.3079],[2.6022,48.3091],[2.603,48.3094],[2.6043,48.3092],[2.6054,48.3091],[2.6058,48.309],[2.6061,48.3083],[2.6065,48.308],[2.6073,48.308],[2.6078,48.3084],[2.6086,48.3087],[2.6092,48.3088],[2.6094,48.3087],[2.6114,48.3084],[2.6133,48.3082],[2.6144,48.3081],[2.6165,48.3081],[2.6176,48.3081],[2.6185,48.3085],[2.6202,48.3086],[2.6215,48.3084],[2.6232,48.3082],[2.624,48.3077],[2.6223,48.3052],[2.6217,48.3041],[2.6209,48.3027],[2.6136,48.2995],[2.607,48.301],[2.6037,48.3015],[2.5993,48.3035],[2.5993,48.3034]]]},"properties":{"id_ffco":"5038","nom":"La Dame Jouanne 2","_dept":"77","numero":"2009-D77-184","commune":"Larchant","echelle":"1/7500","surface":"1.34 km²","format":"A4","annee":"2009","cartographes":"Papon V","proprietaire":"7716 - BALISE 77 FONTAINEBLEAU-AVON","niveau":"Régional","specialite":"CO à pied","contacts":"Balise77, maison des associations, 6 rue du Mont ussy, 77300, fontainebleau, 01 64 24 26 41 , 06 20 58 29 82, balise77@gmail.com, http://www.balise77.com/","latitude":"48.3047640428","longitude":"2.61127760847","date_saisie":"09/08/2010","date_depot":"22/09/2010","valide":"Oui","ppo":"Non","type_carte":"Reprise","base":"2001-D77-108 LA DAME JOUANNE","fond":"Laser","obsolete":true}},{"type":"Feature","geometry":{"type":"Polygon","coordinates":[[[2.5992,48.3035],[2.5975,48.3041],[2.5919,48.3042],[2.59,48.3044],[2.5896,48.3047],[2.5884,48.3039],[2.585,48.3027],[2.5845,48.3016],[2.5837,48.2995],[2.582,48.2991],[2.5805,48.2985],[2.5802,48.2974],[2.5779,48.2959],[2.5781,48.2934],[2.5797,48.2914],[2.5835,48.2908],[2.5882,48.2912],[2.5907,48.2899],[2.5941,48.2909],[2.5968,48.2918],[2.5988,48.2978],[2.5992,48.3035]]]},"properties":{"id_ffco":"5037","nom":"Rocher de l'Eléphant 2","_dept":"77","numero":"2009-D77-183","commune":"Larchant","echelle":"1/7500","surface":"1.86 km²","format":"A4","annee":"2009","cartographes":"Papon V","proprietaire":"7716 - BALISE 77 FONTAINEBLEAU-AVON","niveau":"Régional","specialite":"CO à pied","contacts":"Balise77, maison des associations, 6 rue du Mont ussy, 77300, fontainebleau, 01 64 24 26 41 , 06 20 58 29 82, balise77@gmail.com, http://www.balise77.com/","latitude":"48.2970675161","longitude":"2.58955336913","date_saisie":"09/08/2010","date_depot":"22/09/2010","valide":"Oui","ppo":"Non","type_carte":"Extrait","base":"2001-D77-106 LARCHANT 3","fond":"Laser","obsolete":true}},{"type":"Feature","geometry":{"type":"Polygon","coordinates":[[[2.5994,48.3035],[2.5995,48.3048],[2.6016,48.307],[2.6024,48.308],[2.6027,48.3093],[2.6054,48.3091],[2.6056,48.3078],[2.6071,48.3075],[2.6085,48.3088],[2.61,48.3091],[2.6131,48.3085],[2.6163,48.3079],[2.6193,48.3087],[2.6227,48.3086],[2.6231,48.3079],[2.6173,48.3051],[2.6116,48.3026],[2.6081,48.2999],[2.5977,48.2913],[2.5973,48.291],[2.595,48.2908],[2.5899,48.2905],[2.5866,48.291],[2.5817,48.2911],[2.5793,48.292],[2.5785,48.2934],[2.5783,48.2958],[2.5795,48.2976],[2.5821,48.299],[2.5841,48.2995],[2.5842,48.3011],[2.585,48.3019],[2.5875,48.3032],[2.5885,48.3039],[2.5899,48.3044],[2.5931,48.3041],[2.5977,48.3041],[2.5994,48.3035]]]},"properties":{"id_ffco":"5036","nom":"Larchant 4","_dept":"77","numero":"2010-D77-182","commune":"Larchant","echelle":"1/7500","surface":"3.27 km²","format":"A3","annee":"2010","cartographes":"Papon V","proprietaire":"7716 - BALISE 77 FONTAINEBLEAU-AVON","niveau":"Régional","specialite":"CO à pied","contacts":"Balise77, maison des associations, 6 rue du Mont ussy, 77300, fontainebleau, 01 64 24 26 41 , 06 20 58 29 82, balise77@gmail.com, http://www.balise77.com/","latitude":"48.2996204474","longitude":"2.59723673409","date_saisie":"09/08/2010","date_depot":"22/09/2010","valide":"Oui","ppo":"Non","type_carte":"Reprise","base":"2001-D77-106 LARCHANT 3","fond":"Ortho","obsolete":true}},{"type":"Feature","geometry":{"type":"Polygon","coordinates":[[[2.8845,48.9492],[2.8867,48.9496],[2.8898,48.9486],[2.8921,48.9482],[2.8937,48.9472],[2.8975,48.9444],[2.9001,48.9429],[2.9082,48.9416],[2.9117,48.942],[2.9144,48.939],[2.9106,48.9374],[2.9027,48.9359],[2.8988,48.9358],[2.8931,48.9381],[2.8897,48.9408],[2.886,48.9446],[2.8846,48.9474],[2.8835,48.9487],[2.8845,48.9492]]]},"properties":{"id_ffco":"5035","nom":"Parc naturel du Pâtis - Meaux","_dept":"77","numero":"2009-D77-181","commune":"Meaux","echelle":"1/7500","surface":"1.54 km²","format":"A3","annee":"2009","cartographes":"Papon V","proprietaire":"7720 - TOUTES ORIENTATIONS MEAUX","niveau":"Régional","specialite":"CO à pied","latitude":"48.9416567851","longitude":"2.89775316164","date_saisie":"09/08/2010","date_depot":"22/09/2010","valide":"Oui","ppo":"Non","type_carte":"Nouvelle carte","fond":"Ortho","obsolete":true}},{"type":"Feature","geometry":{"type":"Polygon","coordinates":[[[2.6315,48.5428],[2.6292,48.5425],[2.6254,48.5396],[2.6276,48.5383],[2.6294,48.538],[2.6312,48.5394],[2.6315,48.5407],[2.6315,48.5428]]]},"properties":{"id_ffco":"4885","nom":"Le Mée sur sine (77) - Parc de Meckenheim - Parc de Pozoblanco","_dept":"77","numero":"2009-D77-180","commune":"Le Mée sur Seine","echelle":"1/2500","surface":"0.15 km²","format":"A4","annee":"2009","cartographes":"F Vannier","proprietaire":"7703 - CLUB SPORTIF DE LOISIRS DE LA GENDARMERIE DE MELUN","niveau":"Initiation, Scolaire","specialite":"CO à pied","latitude":"48.5403068682","longitude":"2.62904555249","date_saisie":"19/03/2010","date_depot":"26/03/2010","valide":"Oui","ppo":"Non","type_carte":"Nouvelle carte","fond":"Cadastre","obsolete":true}},{"type":"Feature","geometry":{"type":"Polygon","coordinates":[[[2.6335,48.3983],[2.6389,48.4052],[2.6389,48.4074],[2.6433,48.4133],[2.6595,48.4111],[2.6804,48.4098],[2.6784,48.4055],[2.6871,48.4044],[2.6915,48.3974],[2.6861,48.3951],[2.6811,48.4016],[2.6757,48.4021],[2.6732,48.3984],[2.6729,48.3915],[2.6497,48.3943],[2.6437,48.398],[2.6335,48.3983]]]},"properties":{"id_ffco":"699","nom":"FAISANDERIE","_dept":"77","numero":"1976-D77-18","commune":"FONTAINEBLEAU","echelle":"1/16666","surface":"6.0 km²","annee":"1976","proprietaire":"7701 - C.S.A. DU CENTRE NATIONAL DES SPORTS DE LA DEFENSE","specialite":"CO à pied","latitude":"48.4026497748","longitude":"2.66048593254","valide":"Non","ppo":"Non","obsolete":true}},{"type":"Feature","geometry":{"type":"Polygon","coordinates":[[[2.6807,48.4097],[2.6679,48.4107],[2.6646,48.4115],[2.6581,48.4114],[2.6438,48.4142],[2.6315,48.4158],[2.6277,48.4096],[2.6244,48.4052],[2.638,48.4033],[2.632,48.3976],[2.6296,48.3917],[2.6313,48.3844],[2.6368,48.3753],[2.6432,48.3726],[2.6538,48.3803],[2.6665,48.387],[2.6813,48.3936],[2.6746,48.3974],[2.6754,48.4016],[2.6807,48.4012],[2.6773,48.405],[2.6795,48.408],[2.6807,48.4097]]]},"properties":{"id_ffco":"9045","nom":"Mont Aigu 2","_dept":"77","numero":"2009-D77-179","commune":"Fontainebleau","echelle":"1/1000","surface":"12.03 km²","format":"A3","annee":"2009","cartographes":"Jui Antunes","proprietaire":"7715 - ASSOCIATION SPORTIVE SAMOISIENNE","niveau":"National, International","specialite":"CO à pied","latitude":"48.3968094159","longitude":"2.6512479668","date_saisie":"14/12/2015","valide":"Non","ppo":"Non","type_carte":"Nouvelle carte","fond":"Ortho","obsolete":true}},{"type":"Feature","geometry":{"type":"Polygon","coordinates":[[[2.4238,48.2998],[2.4275,48.2959],[2.4309,48.2947],[2.4323,48.2936],[2.433,48.2925],[2.4318,48.2913],[2.4309,48.29],[2.4306,48.2878],[2.433,48.288],[2.4346,48.2885],[2.4354,48.2888],[2.4369,48.289],[2.4401,48.2894],[2.4425,48.29],[2.4444,48.2906],[2.4453,48.2914],[2.4464,48.293],[2.447,48.2941],[2.4478,48.2946],[2.4495,48.2952],[2.4504,48.2954],[2.4522,48.2958],[2.4534,48.2961],[2.4533,48.2974],[2.4522,48.2986],[2.4516,48.2992],[2.4511,48.2992],[2.4497,48.2993],[2.4476,48.2991],[2.4462,48.2987],[2.4449,48.2987],[2.4434,48.2987],[2.4423,48.2992],[2.4401,48.2991],[2.4392,48.299],[2.4377,48.299],[2.4366,48.2997],[2.435,48.3024],[2.4331,48.3021],[2.4307,48.3015],[2.4282,48.3012],[2.4257,48.3006],[2.4238,48.2998]]]},"properties":{"id_ffco":"4884","nom":"BUTHIERS 5","_dept":"77","numero":"2009-D77-178","commune":"Buthiers","echelle":"1/7500","surface":"1.78 km²","format":"A4","annee":"2009","cartographes":"C Verdeil","proprietaire":"7701 - C.S.A. DU CENTRE NATIONAL DES SPORTS DE LA DEFENSE","niveau":"Régional","specialite":"CO à pied","contacts":"Alain GUILLON, 02 38 92 81 36, cdco77.helene@wanadoo.fr","latitude":"48.2955713179","longitude":"2.43793053854","date_saisie":"19/03/2010","date_depot":"26/03/2010","valide":"Oui","ppo":"Non","type_carte":"Reprise","base":"2005-D77-144 Buthiers Iv","fond":"IGN","obsolete":true}},{"type":"Feature","geometry":{"type":"Polygon","coordinates":[[[2.9068,48.8596],[2.9056,48.8597],[2.9056,48.8591],[2.9071,48.8589],[2.9069,48.8582],[2.9063,48.8573],[2.9058,48.8556],[2.9059,48.8552],[2.907,48.8551],[2.9083,48.8549],[2.9086,48.8548],[2.9088,48.8547],[2.909,48.8544],[2.9099,48.8546],[2.9109,48.8544],[2.9119,48.8543],[2.9158,48.8551],[2.9165,48.8553],[2.9193,48.8553],[2.9191,48.8582],[2.9195,48.8588],[2.9156,48.8594],[2.9145,48.8595],[2.9095,48.8596],[2.9071,48.8596],[2.9068,48.8596]]]},"properties":{"id_ffco":"4880","nom":"CRECY (77) - La Venise Briarde","_dept":"77","numero":"2009-D77-174","commune":"Crécy-la-Chapelle","echelle":"1/4000","surface":"0.49 km²","format":"A4","annee":"2009","cartographes":"H Quinquenel","proprietaire":"9404 - ASSOCIATION SPORTIVE DE L'IGN","niveau":"Départemental","specialite":"CO à pied","contacts":"AS IGN, section CO, 73 avenue de Paris, 94165, Saint-Mandé Cedex, 0678006088, coasign@ign.fr, http://www.coasign.fr/","latitude":"48.8571223988","longitude":"2.91244941587","date_saisie":"19/03/2010","date_depot":"26/03/2010","valide":"Oui","ppo":"Non","type_carte":"Nouvelle carte","fond":"Cadastre","obsolete":true}},{"type":"Feature","geometry":{"type":"Polygon","coordinates":[[[2.9508,48.8129],[2.9543,48.8134],[2.9569,48.8138],[2.9574,48.8166],[2.9574,48.8193],[2.958,48.82],[2.9591,48.8205],[2.958,48.8231],[2.9578,48.8241],[2.9563,48.8253],[2.9549,48.8258],[2.9546,48.826],[2.9546,48.8265],[2.9515,48.8278],[2.9504,48.8275],[2.95,48.8277],[2.9494,48.8283],[2.9483,48.8312],[2.9457,48.833],[2.9447,48.8322],[2.9393,48.8322],[2.9356,48.8321],[2.9313,48.832],[2.9305,48.8319],[2.9291,48.8319],[2.9272,48.832],[2.9263,48.8318],[2.9236,48.8315],[2.9202,48.8316],[2.9182,48.8318],[2.9174,48.832],[2.9163,48.8319],[2.9146,48.8317],[2.9129,48.8314],[2.9116,48.8318],[2.9114,48.8314],[2.9111,48.8305],[2.9107,48.8305],[2.9105,48.8308],[2.9102,48.8313],[2.9098,48.8316],[2.9092,48.8315],[2.9092,48.8311],[2.9094,48.8304],[2.9095,48.83],[2.9089,48.8299],[2.9085,48.8199],[2.9102,48.8195],[2.9131,48.8182],[2.9159,48.8186],[2.9186,48.8191],[2.919,48.8192],[2.9203,48.8185],[2.9214,48.8179],[2.9221,48.8174],[2.9223,48.8166],[2.9228,48.8153],[2.9229,48.8142],[2.9239,48.8139],[2.9249,48.814],[2.9277,48.816],[2.9282,48.8182],[2.9324,48.8155],[2.9341,48.8151],[2.9385,48.8141],[2.9423,48.8132],[2.9448,48.8129],[2.9491,48.8131],[2.9502,48.813],[2.9508,48.8129]]]},"properties":{"id_ffco":"4879","nom":"LES PENTES DE GUERARD","_dept":"77","numero":"2009-D77-173","commune":"Guérard","echelle":"1/10000","surface":"6.18 km²","format":"A3","annee":"2009","cartographes":"H Quinquenel","proprietaire":"9404 - ASSOCIATION SPORTIVE DE L'IGN","niveau":"Départemental","specialite":"CO à pied","contacts":"AS IGN, section CO, 73 avenue de Paris, 94165, Saint-Mandé Cedex, 0678006088, coasign@ign.fr, http://www.coasign.fr/","latitude":"48.8231669855","longitude":"2.93405014501","date_saisie":"19/03/2010","date_depot":"26/03/2010","valide":"Oui","ppo":"Non","type_carte":"Nouvelle carte","fond":"Ortho","obsolete":true}},{"type":"Feature","geometry":{"type":"Polygon","coordinates":[[[2.9107,48.9465],[2.9112,48.9453],[2.9117,48.9442],[2.912,48.9434],[2.912,48.9429],[2.9115,48.9423],[2.9108,48.942],[2.9098,48.9419],[2.9081,48.942],[2.9059,48.9421],[2.9026,48.9423],[2.9015,48.9425],[2.9005,48.9428],[2.9009,48.9435],[2.9003,48.9446],[2.9007,48.9448],[2.9024,48.9459],[2.9025,48.9467],[2.9054,48.9464],[2.9083,48.9462],[2.9098,48.9463],[2.9107,48.9465]]]},"properties":{"id_ffco":"4878","nom":"La plaine Corazza","_dept":"77","numero":"2014-D77-172","commune":"Meaux","echelle":"1/3500","surface":"0.36 km²","format":"A4","annee":"2014","cartographes":"E Morey","proprietaire":"7720 - TOUTES ORIENTATIONS MEAUX","niveau":"Régional","specialite":"CO à pied","latitude":"48.9441497973","longitude":"2.90636734364","date_saisie":"19/03/2010","date_depot":"26/03/2010","valide":"Oui","ppo":"Non","type_carte":"Reprise","base":"2014-D77-172 La plaine Corazza","fond":"Cadastre","obsolete":true}},{"type":"Feature","geometry":{"type":"Polygon","coordinates":[[[2.6869,48.404],[2.6786,48.4051],[2.6785,48.405],[2.6811,48.4014],[2.6872,48.4009],[2.6869,48.404]]]},"properties":{"id_ffco":"5034","nom":"Complexe Sportif de La Faisanderie 2","_dept":"77","numero":"2009-D77-171","commune":"Fontainebleau","echelle":"1/5000","surface":"0.2 km²","format":"A5","annee":"2009","cartographes":"Papon V,S Olivier","proprietaire":"7716 - BALISE 77 FONTAINEBLEAU-AVON","niveau":"Initiation, Scolaire","specialite":"CO à pied","latitude":"48.4029549021","longitude":"2.6832727351","date_saisie":"09/08/2010","date_depot":"22/09/2010","valide":"Oui","ppo":"Non","type_carte":"Reprise","base":"1999-D77-92 Complexe SPORTIF DE LA FAISANDERIE","fond":"Cadastre","obsolete":true}},{"type":"Feature","geometry":{"type":"Polygon","coordinates":[[[2.6871,48.4009],[2.6756,48.4018],[2.6719,48.4005],[2.6723,48.3998],[2.6699,48.399],[2.6676,48.4002],[2.668,48.4046],[2.6694,48.4075],[2.6681,48.4087],[2.6683,48.4097],[2.6736,48.4102],[2.6862,48.4087],[2.6874,48.4006],[2.6871,48.4009]]]},"properties":{"id_ffco":"5033","nom":"La Faisanderie \"Carrefour du Coq 2\"","_dept":"77","numero":"2009-D77-170","commune":"Fontainebleau","echelle":"1/7500","surface":"1.33 km²","format":"A4","annee":"2009","cartographes":"Papon V","proprietaire":"7716 - BALISE 77 FONTAINEBLEAU-AVON","niveau":"Départemental","specialite":"CO à pied","contacts":"Balise77, maison des associations, 6 rue du Mont ussy, 77300, fontainebleau, 01 64 24 26 41 , 06 20 58 29 82, balise77@gmail.com, http://www.balise77.com/","latitude":"48.4051176607","longitude":"2.67694055823","date_saisie":"09/08/2010","date_depot":"22/09/2010","valide":"Oui","ppo":"Non","type_carte":"Reprise","base":"1999-D77-93 LA FAISANDERIE - CARREFOUR DU COQ","fond":"Laser","obsolete":true}},{"type":"Feature","geometry":{"type":"Polygon","coordinates":[[[2.6416,48.3108],[2.6198,48.3098],[2.6165,48.3123],[2.6064,48.3105],[2.5984,48.3081],[2.5832,48.3024],[2.5795,48.2964],[2.5829,48.2889],[2.5903,48.2884],[2.5975,48.2927],[2.6076,48.2999],[2.6193,48.3018],[2.6351,48.3022],[2.6421,48.3101],[2.6416,48.3108]]]},"properties":{"id_ffco":"698","nom":"LARCHANT","_dept":"77","numero":"1976-D77-17","commune":"LARCHANT","echelle":"1/15000","surface":"5.48 km²","annee":"1976","proprietaire":"77 - Seine-et-Marne","specialite":"CO à pied","latitude":"48.3021864941","longitude":"2.60616307781","valide":"Non","ppo":"Non","obsolete":true}},{"type":"Feature","geometry":{"type":"Polygon","coordinates":[[[2.6927,48.3966],[2.7215,48.3849],[2.7247,48.3781],[2.7204,48.3698],[2.7056,48.364],[2.6926,48.3631],[2.6907,48.3721],[2.6868,48.3772],[2.6927,48.3966]]]},"properties":{"id_ffco":"4877","nom":"Le petit Mont Chauvet 2","_dept":"77","numero":"2009-D77-169","commune":"Fontainebleau","echelle":"1/10000","surface":"6.88 km²","format":"A3","annee":"2009","cartographes":"R Antunes","proprietaire":"7716 - BALISE 77 FONTAINEBLEAU-AVON","niveau":"Interrégional","specialite":"CO à pied","latitude":"48.3784696403","longitude":"2.70419265581","date_saisie":"19/03/2010","date_depot":"26/03/2010","valide":"Oui","ppo":"Non","type_carte":"Reprise","base":"2002-D77-128 Le Petit Mont Chauvet","fond":"Laser","obsolete":true}},{"type":"Feature","geometry":{"type":"Polygon","coordinates":[[[2.6648,48.4387],[2.6685,48.4416],[2.6712,48.4551],[2.6677,48.4622],[2.6676,48.4684],[2.6804,48.4689],[2.6835,48.4576],[2.6854,48.4529],[2.6883,48.4485],[2.6907,48.4389],[2.6927,48.4371],[2.6635,48.4372],[2.6648,48.4387]]]},"properties":{"id_ffco":"9046","nom":"La Solle","_dept":"77","numero":"2009-D77-168","commune":"Fontainebleau","echelle":"1/7500","surface":"4.44 km²","format":"A3","annee":"2009","cartographes":"Cotti","niveau":"National, International","specialite":"CO à pied","latitude":"48.4508857555","longitude":"2.67761481423","date_saisie":"14/12/2015","valide":"Non","ppo":"Non","type_carte":"Nouvelle carte","fond":"Ortho","obsolete":true}},{"type":"Feature","geometry":{"type":"Polygon","coordinates":[[[2.6952,48.3962],[2.7391,48.3951],[2.7441,48.3937],[2.754,48.3901],[2.748,48.3834],[2.7401,48.3769],[2.7211,48.3856],[2.7133,48.3893],[2.7111,48.3897],[2.7098,48.3904],[2.6952,48.3962]]]},"properties":{"id_ffco":"4876","nom":"LA MARE DES PRESSOIRS 2","_dept":"77","numero":"2008-D77-167","commune":"Fontainebleau","echelle":"1/10000","surface":"4.33 km²","format":"A3","annee":"2008","cartographes":"R Antunes","proprietaire":"7716 - BALISE 77 FONTAINEBLEAU-AVON","niveau":"Régional","specialite":"CO à pied","latitude":"48.3888910844","longitude":"2.73038752082","date_saisie":"19/03/2010","date_depot":"26/03/2010","valide":"Oui","ppo":"Non","type_carte":"Reprise","base":"2002-D77-129 La Mare des Pressoirs","fond":"Laser","obsolete":true}},{"type":"Feature","geometry":{"type":"Polygon","coordinates":[[[2.716,48.4386],[2.7192,48.4385],[2.7219,48.4388],[2.7253,48.4404],[2.7376,48.4346],[2.7373,48.4303],[2.7344,48.426],[2.73,48.4215],[2.7272,48.4187],[2.7261,48.4183],[2.7218,48.4175],[2.7172,48.4172],[2.7112,48.4182],[2.7092,48.4185],[2.7114,48.422],[2.7107,48.4241],[2.7099,48.4263],[2.716,48.4386]]]},"properties":{"id_ffco":"4875","nom":"LES FONTAINES DENECOURT","_dept":"77","numero":"2008-D77-166","commune":"Fontainebleau","echelle":"1/7500","surface":"3.76 km²","format":"A3","annee":"2008","cartographes":"A Nouhet","proprietaire":"7701 - C.S.A. DU CENTRE NATIONAL DES SPORTS DE LA DEFENSE","niveau":"Interrégional","specialite":"CO à pied","contacts":"Esprit Raid, 7 rue des Doyers, 77140, Nemours, contact@esprit-raid.org, http://www.esprit-raid.org/","latitude":"48.4284501396","longitude":"2.72293796827","date_saisie":"19/03/2010","date_depot":"26/03/2010","valide":"Oui","ppo":"Non","type_carte":"Reprise","base":"2001-D77-116 Tour Denecourt 2","fond":"Ortho","obsolete":true}},{"type":"Feature","geometry":{"type":"Polygon","coordinates":[[[2.7154,48.3446],[2.718,48.3531],[2.7182,48.3551],[2.719,48.3573],[2.7206,48.3591],[2.7214,48.3635],[2.7201,48.3694],[2.7403,48.3767],[2.7492,48.373],[2.7585,48.3718],[2.7594,48.3698],[2.7609,48.3693],[2.7623,48.3671],[2.7621,48.3566],[2.7637,48.3548],[2.7623,48.3537],[2.7664,48.3512],[2.77,48.3477],[2.7628,48.3445],[2.7547,48.3419],[2.7491,48.3406],[2.7453,48.3408],[2.7456,48.3364],[2.7362,48.3365],[2.7348,48.34],[2.725,48.34],[2.719,48.3406],[2.7154,48.3446]]]},"properties":{"id_ffco":"9047","nom":"La Malmontagne VTT","_dept":"77","numero":"2008-D77-165","commune":"Montigny Sur Loing","echelle":"1/20000","surface":"12.12 km²","format":"A4","annee":"2008","cartographes":"Andre Hermet","proprietaire":"7715 - ASSOCIATION SPORTIVE SAMOISIENNE","niveau":"National, International","specialite":"CO à VTT","latitude":"48.3559381635","longitude":"2.74081853403","date_saisie":"14/12/2015","valide":"Non","ppo":"Non","type_carte":"Nouvelle carte","fond":"Ortho","obsolete":true}},{"type":"Feature","geometry":{"type":"Polygon","coordinates":[[[2.8262,48.8509],[2.83,48.8497],[2.833,48.8492],[2.8339,48.8491],[2.8258,48.8433],[2.8232,48.8423],[2.8171,48.8428],[2.8148,48.8437],[2.8098,48.8478],[2.8158,48.8501],[2.8188,48.8509],[2.8229,48.8512],[2.8251,48.8511],[2.8262,48.8509]]]},"properties":{"id_ffco":"4536","nom":"ROMAINVILLIERS","_dept":"77","numero":"2008-D77-164","commune":"Bailly-Romainvilliers","echelle":"1/5000","surface":"1.09 km²","format":"A3","annee":"2008","cartographes":"H Quinquenel","proprietaire":"9404 - ASSOCIATION SPORTIVE DE L'IGN","niveau":"Régional","specialite":"Sprint (ISSOM)","latitude":"48.8470364488","longitude":"2.82143441838","date_saisie":"10/11/2009","date_depot":"17/11/2009","valide":"Oui","ppo":"Non","type_carte":"Nouvelle carte","fond":"Ortho","obsolete":true}},{"type":"Feature","geometry":{"type":"Polygon","coordinates":[[[2.6939,48.4254],[2.6939,48.4243],[2.6926,48.4229],[2.6913,48.4223],[2.6892,48.4215],[2.6948,48.418],[2.7076,48.4187],[2.709,48.4203],[2.71,48.4222],[2.71,48.4235],[2.7088,48.4246],[2.6939,48.4254]]]},"properties":{"id_ffco":"9048","nom":"Le Mont Ussy","_dept":"77","numero":"2008-D77-163","commune":"Fontainebleau","echelle":"1/4000","surface":"0.94 km²","format":"A5","annee":"2008","cartographes":"PAPON Vincent","proprietaire":"7715 - ASSOCIATION SPORTIVE SAMOISIENNE","niveau":"National, International","specialite":"CO à pied","latitude":"48.4216672955","longitude":"2.70037399654","date_saisie":"14/12/2015","valide":"Non","ppo":"Non","type_carte":"Nouvelle carte","fond":"Ortho","obsolete":true}},{"type":"Feature","geometry":{"type":"Polygon","coordinates":[[[2.669,48.3943],[2.6714,48.3952],[2.6756,48.3947],[2.6779,48.3943],[2.679,48.3921],[2.6759,48.3909],[2.6713,48.3913],[2.6709,48.3916],[2.6698,48.3918],[2.668,48.3922],[2.669,48.3943]]]},"properties":{"id_ffco":"4528","nom":"LE GRAND PARQUET","_dept":"77","numero":"2007-D77-162","commune":"Fontainebleau","echelle":"1/4000","surface":"0.28 km²","format":"A4","annee":"2007","cartographes":"S Rora,A Nouhet","proprietaire":"77 - Seine-et-Marne","niveau":"Départemental","specialite":"CO à pied","latitude":"48.3930413742","longitude":"2.67355549136","date_saisie":"04/11/2009","date_depot":"06/11/2009","valide":"Non","ppo":"Non","obsolete":true}},{"type":"Feature","geometry":null,"properties":{"id_ffco":"4518","nom":"La Fontaine aux Pigeons","_dept":"77","numero":"2007-D77-160","commune":"La ferté sous Jouarre","echelle":"1/3000","surface":"0.13 km²","format":"A4","annee":"2007","cartographes":"L Devilliers","proprietaire":"7717 - JEUNESSE SPORTIVE DE LA FERTE GAUCHER","niveau":"Départemental","specialite":"CO à pied","latitude":"48.9494552","longitude":"3.125868","date_saisie":"04/11/2009","date_depot":"06/11/2009","valide":"Non","ppo":"Non","obsolete":true}},{"type":"Feature","geometry":{"type":"Polygon","coordinates":[[[2.8696,48.7916],[2.8817,48.7852],[2.8834,48.7915],[2.886,48.7932],[2.8881,48.7919],[2.8908,48.7934],[2.8918,48.7936],[2.8921,48.7939],[2.8877,48.7962],[2.8847,48.7956],[2.8869,48.7992],[2.8832,48.8012],[2.884,48.8031],[2.8847,48.8044],[2.8815,48.8123],[2.885,48.8185],[2.8818,48.8186],[2.8818,48.8237],[2.8772,48.8224],[2.8708,48.797],[2.8768,48.7936],[2.8702,48.7918],[2.8696,48.7916]]]},"properties":{"id_ffco":"4517","nom":"LE CARREFOUR DES TROIS MARES","_dept":"77","numero":"2007-D77-159","commune":"Dammartin sur Tigeaux","echelle":"1/10000","surface":"3.0 km²","format":"A3","annee":"2007","cartographes":"H Quinquenel","proprietaire":"9404 - ASSOCIATION SPORTIVE DE L'IGN","niveau":"Départemental","specialite":"CO à pied","contacts":"AS IGN, section CO, 73 avenue de Paris, 94165, Saint-Mandé Cedex, 0678006088, coasign@ign.fr, http://www.coasign.fr/","latitude":"48.8025890925","longitude":"2.87913803616","date_saisie":"04/11/2009","date_depot":"06/11/2009","valide":"Oui","ppo":"Non","type_carte":"Nouvelle carte","fond":"Ortho","obsolete":true}},{"type":"Feature","geometry":null,"properties":{"id_ffco":"4519","nom":"Forêt de Choqueuse","_dept":"77","numero":"2007-D77-158","commune":"Jouarre","echelle":"1/15000","surface":"11.5 km²","format":"A3","annee":"2007","cartographes":"L Devilliers","proprietaire":"7717 - JEUNESSE SPORTIVE DE LA FERTE GAUCHER","niveau":"Départemental","specialite":"CO à VTT","latitude":"48.9272693","longitude":"3.1304341","date_saisie":"04/11/2009","date_depot":"06/11/2009","valide":"Non","ppo":"Non","obsolete":true}},{"type":"Feature","geometry":{"type":"Polygon","coordinates":[[[2.6668,48.4808],[2.6332,48.4766],[2.633,48.4696],[2.6318,48.4615],[2.6236,48.4527],[2.6504,48.441],[2.6524,48.439],[2.665,48.4384],[2.6687,48.4418],[2.671,48.456],[2.6675,48.4615],[2.6668,48.4808]]]},"properties":{"id_ffco":"9049","nom":"La Croix Sampité VTT","_dept":"77","numero":"2008-D77-157","commune":"Faÿ / Barbizon","echelle":"1/20000","surface":"11.32 km²","format":"A4","annee":"2008","cartographes":"Andre Hermet","proprietaire":"7715 - ASSOCIATION SPORTIVE SAMOISIENNE","niveau":"National, International","specialite":"CO à VTT","contacts":"ANDRE HERMET, 15 RUE MARALDE, 45120, CHALETTE SUR LOING, +33687322299, +33687322299, andrehermet@aol.com, http://www.samois.coursedorientation.fr/","latitude":"48.4595839116","longitude":"2.65081442061","date_saisie":"14/12/2015","valide":"Non","ppo":"Non","type_carte":"Reprise","base":"1976-D77-50 CHAILLY EN BIERE","fond":"Ortho","obsolete":true}},{"type":"Feature","geometry":{"type":"Polygon","coordinates":[[[2.692,48.3967],[2.6861,48.3786],[2.6863,48.3764],[2.6882,48.3736],[2.6897,48.3701],[2.6917,48.3634],[2.7034,48.3644],[2.7064,48.3647],[2.7206,48.3698],[2.7239,48.3771],[2.7241,48.3788],[2.7206,48.3856],[2.7126,48.3891],[2.7101,48.3898],[2.7088,48.3906],[2.6932,48.3967],[2.692,48.3967]]]},"properties":{"id_ffco":"9050","nom":"Le Carrefour du Daim","_dept":"77","numero":"2007-D77-156","commune":"Fontainebleau","echelle":"1/15000","surface":"7.15 km²","format":"A4","annee":"2007","cartographes":"Andre Hermet","proprietaire":"7715 - ASSOCIATION SPORTIVE SAMOISIENNE","niveau":"National, International","specialite":"CO à VTT","contacts":"AS SAMOIS, 15 RUE MARALDE, 45120, CHALETTE SUR LOING, +33687322299, +33687322299, andrehermet@aol.com, http://www.samois.coursedorientation.fr/","latitude":"48.3787683417","longitude":"2.70359958941","date_saisie":"14/12/2015","valide":"Non","ppo":"Non","type_carte":"Reprise","base":"1976-D77-23 ROCHER BOULIGNY","fond":"Ortho","obsolete":true}},{"type":"Feature","geometry":null,"properties":{"id_ffco":"4336","nom":"Les Mammouths","_dept":"77","numero":"2006-D77-153","commune":"Nemours","echelle":"1/5000","surface":"0.9 km²","annee":"2006","cartographes":"A Nouhet","proprietaire":"7709","specialite":"CO à pied","latitude":"48.2673099","longitude":"2.6953904","date_saisie":"07/12/2006","date_depot":"30/05/2007","valide":"Non","ppo":"Non","obsolete":true}},{"type":"Feature","geometry":{"type":"Polygon","coordinates":[[[2.8961,48.8606],[2.8959,48.8582],[2.8973,48.8577],[2.8971,48.8569],[2.897,48.8559],[2.8963,48.8551],[2.8963,48.8538],[2.8962,48.852],[2.8963,48.8508],[2.8965,48.8499],[2.8962,48.8484],[2.8959,48.8469],[2.8963,48.8452],[2.8967,48.8433],[2.8967,48.841],[2.8966,48.84],[2.8966,48.8392],[2.8962,48.8382],[2.8957,48.8351],[2.897,48.8332],[2.8979,48.8322],[2.899,48.8311],[2.8967,48.8305],[2.8951,48.8304],[2.8954,48.8289],[2.8979,48.8289],[2.8981,48.8291],[2.8993,48.8292],[2.9013,48.8297],[2.9013,48.8292],[2.9034,48.8293],[2.9059,48.8292],[2.9099,48.8292],[2.9099,48.8289],[2.91,48.8281],[2.9197,48.8279],[2.922,48.8284],[2.9229,48.8285],[2.9242,48.8292],[2.9254,48.8295],[2.9263,48.8298],[2.9267,48.8302],[2.9272,48.8302],[2.9277,48.8284],[2.9283,48.8281],[2.9283,48.8277],[2.9366,48.8278],[2.9364,48.8302],[2.9358,48.8303],[2.936,48.8316],[2.9349,48.8336],[2.9368,48.8342],[2.9399,48.834],[2.9429,48.834],[2.9445,48.8337],[2.9441,48.8359],[2.9437,48.8375],[2.9432,48.8398],[2.9428,48.842],[2.9406,48.8444],[2.9406,48.8462],[2.9402,48.8481],[2.9373,48.8496],[2.9369,48.8527],[2.9375,48.8554],[2.9393,48.8544],[2.9447,48.8537],[2.9454,48.8545],[2.9451,48.856],[2.9443,48.857],[2.9443,48.8578],[2.9446,48.8593],[2.9451,48.86],[2.9455,48.8605],[2.9438,48.8626],[2.9436,48.8638],[2.9439,48.8645],[2.9427,48.8654],[2.942,48.866],[2.9441,48.8667],[2.9455,48.8673],[2.9451,48.871],[2.9443,48.8721],[2.9428,48.8712],[2.9424,48.8714],[2.9416,48.8721],[2.9318,48.8696],[2.9278,48.8703],[2.9277,48.8725],[2.9245,48.8718],[2.9226,48.8717],[2.9221,48.8739],[2.9193,48.8738],[2.9178,48.8718],[2.9162,48.8697],[2.9146,48.8693],[2.8966,48.8696],[2.8961,48.861],[2.8961,48.8606]]]},"properties":{"id_ffco":"8608","nom":"Vallée du Grand Morin de Tigeaux à Crécy-la-Chapelle","_dept":"77","numero":"2006-D77-152","commune":"Crécy-la-Chapelle","echelle":"1/12500","surface":"15.55 km²","format":"A3","annee":"2006","cartographes":"Hervé Quinquenel","proprietaire":"9404 - ASSOCIATION SPORTIVE DE L'IGN","niveau":"Départemental","specialite":"CO à pied","contacts":"AS IGN, section CO, 73 avenue de Paris, 94165, Saint-Mandé Cedex, 0678006088, coasign@ign.fr, http://www.coasign.fr/","latitude":"48.8501405764","longitude":"2.91952405089","date_saisie":"07/09/2015","date_depot":"28/04/2017","valide":"Oui","ppo":"Non","type_carte":"Nouvelle carte","fond":"Ortho","obsolete":true}},{"type":"Feature","geometry":{"type":"Polygon","coordinates":[[[2.9191,48.8553],[2.9161,48.8552],[2.9125,48.8545],[2.9138,48.8558],[2.914,48.857],[2.915,48.8575],[2.9149,48.8577],[2.9159,48.8582],[2.9162,48.8592],[2.9192,48.8588],[2.9189,48.858],[2.9191,48.8553]]]},"properties":{"id_ffco":"4526","nom":"PRE-MANCHE","_dept":"77","numero":"2006-D77-150","commune":"Crecy La Chapelle","echelle":"1/2500","surface":"0.14 km²","format":"A4","annee":"2006","cartographes":"S Rora","proprietaire":"77 - Seine-et-Marne","niveau":"Départemental","specialite":"CO à pied","latitude":"48.8567868929","longitude":"2.91656415105","date_saisie":"04/11/2009","date_depot":"06/11/2009","valide":"Oui","ppo":"Non","type_carte":"Nouvelle carte","fond":"Cadastre","obsolete":true}},{"type":"Feature","geometry":{"type":"Polygon","coordinates":[[[2.7965,48.3581],[2.7662,48.36],[2.7683,48.375],[2.7743,48.3807],[2.7815,48.377],[2.8004,48.3769],[2.8069,48.3731],[2.8102,48.3693],[2.8089,48.3641],[2.7965,48.3581]]]},"properties":{"id_ffco":"1257","nom":"ROCHE CLOTILDE","_dept":"77","numero":"1983-D77-15","commune":"FONTAINEBLEAU","echelle":"1/15000","surface":"5.95 km²","annee":"1983","proprietaire":"7704","niveau":"Interrégional","specialite":"CO à pied","latitude":"48.3681965033","longitude":"2.78694325602","valide":"Non","ppo":"Non","obsolete":true}},{"type":"Feature","geometry":{"type":"Polygon","coordinates":[[[3.3714,48.5339],[3.3689,48.5297],[3.3769,48.5268],[3.3823,48.5268],[3.3837,48.5254],[3.3855,48.5233],[3.3764,48.5187],[3.3619,48.5168],[3.3684,48.5093],[3.3824,48.5139],[3.4012,48.5246],[3.4045,48.527],[3.4009,48.5287],[3.3779,48.5326],[3.3714,48.5339]]]},"properties":{"id_ffco":"4285","nom":"La Fontaine Aux Bois","_dept":"77","numero":"2006-D77-149","commune":"Sourdun","echelle":"1/10000","surface":"3.32 km²","format":"A3","annee":"2006","cartographes":"A Godet","proprietaire":"2° RG","niveau":"Régional","specialite":"CO à pied","latitude":"48.5224014424","longitude":"3.38256433974","date_saisie":"03/12/2006","date_depot":"05/12/2006","valide":"Oui","ppo":"Non","type_carte":"Nouvelle carte","fond":"Cadastre","obsolete":true}},{"type":"Feature","geometry":null,"properties":{"id_ffco":"4266","nom":"Montceaux Le Triangle De La Marche","_dept":"77","numero":"2005-D77-148","commune":"Meaux","echelle":"1/1500","surface":"0.1 km²","annee":"2005","cartographes":"M Franquet","proprietaire":"7717 - JEUNESSE SPORTIVE DE LA FERTE GAUCHER","specialite":"CO à pied","latitude":"48.957705","longitude":"2.881826","date_saisie":"29/11/2006","date_depot":"28/12/2006","valide":"Non","ppo":"Non","obsolete":true}},{"type":"Feature","geometry":null,"properties":{"id_ffco":"4265","nom":"Montceaux Carrefour De La Marche","_dept":"77","numero":"2005-D77-147","commune":"Meaux","echelle":"1/3000","surface":"0.25 km²","annee":"2005","cartographes":"M Franquet","proprietaire":"7717 - JEUNESSE SPORTIVE DE LA FERTE GAUCHER","specialite":"CO à pied","latitude":"48.957705","longitude":"2.881826","date_saisie":"18/11/2006","date_depot":"28/12/2006","valide":"Non","ppo":"Non","obsolete":true}},{"type":"Feature","geometry":null,"properties":{"id_ffco":"4264","nom":"La Porte Du Mont-Andart","_dept":"77","numero":"2005-D77-146","commune":"Fontainebleau","echelle":"1/5000","surface":"3.5 km²","annee":"2005","cartographes":"A Nouhet","proprietaire":"7701 - C.S.A. DU CENTRE NATIONAL DES SPORTS DE LA DEFENSE","specialite":"CO à pied","latitude":"48.4059003","longitude":"2.7020553","date_saisie":"18/11/2006","date_depot":"28/12/2006","valide":"Non","ppo":"Non","obsolete":true}},{"type":"Feature","geometry":{"type":"Polygon","coordinates":[[[2.7643,48.3521],[2.7634,48.3524],[2.7625,48.3529],[2.7624,48.3533],[2.7617,48.3534],[2.7612,48.3535],[2.7609,48.3537],[2.7619,48.3541],[2.7622,48.3543],[2.7629,48.3545],[2.763,48.3547],[2.7626,48.3549],[2.7619,48.3553],[2.7615,48.356],[2.7614,48.357],[2.7615,48.3584],[2.7614,48.3598],[2.7614,48.3624],[2.7613,48.3676],[2.7612,48.3683],[2.7606,48.3688],[2.7594,48.3692],[2.76,48.3693],[2.7589,48.3695],[2.7585,48.3703],[2.7927,48.3703],[2.795,48.3694],[2.8014,48.3673],[2.8075,48.3652],[2.8096,48.3647],[2.8092,48.3643],[2.8075,48.3633],[2.8042,48.3618],[2.8019,48.3606],[2.8024,48.3596],[2.8008,48.3584],[2.7982,48.3567],[2.7966,48.3557],[2.7961,48.3538],[2.7958,48.353],[2.793,48.352],[2.7905,48.3503],[2.7874,48.3488],[2.785,48.3477],[2.7839,48.3479],[2.7833,48.3478],[2.7829,48.3479],[2.7822,48.3482],[2.7798,48.3498],[2.7792,48.3494],[2.7776,48.3486],[2.7759,48.3488],[2.7742,48.349],[2.7728,48.3484],[2.7714,48.3478],[2.7695,48.3473],[2.7674,48.349],[2.7664,48.3499],[2.7659,48.3503],[2.7646,48.3516],[2.7643,48.3521]]]},"properties":{"id_ffco":"4263","nom":"L'Homme Fossile","_dept":"77","numero":"2005-D77-145","commune":"MONTIGNY SUR LOING","echelle":"1/10000","surface":"6.64 km²","format":"A3","annee":"2005","cartographes":"Bousser  Etienne","proprietaire":"7707 - ORIENTATION PLEIN AIR DE MONTIGNY-SUR-LOING","niveau":"Départemental","specialite":"CO à pied","contacts":"OPA MONTIGNY, siege social: , mairie de Montigny, 77690, MONTIGNY sur LOING, 01 64 31 19 51, 06 95 23 12 90, prevostpatrick@aol.com, http://opamontigny.free.fr/","latitude":"48.3602686472","longitude":"2.78097426044","date_saisie":"18/11/2006","date_depot":"28/12/2006","valide":"Oui","ppo":"Non","type_carte":"Nouvelle carte","base":"2005-D77-144 Buthiers Iv","fond":"Cadastre","obsolete":true}},{"type":"Feature","geometry":{"type":"Polygon","coordinates":[[[2.4233,48.2997],[2.424,48.2986],[2.4244,48.2981],[2.4256,48.2967],[2.4272,48.2955],[2.4286,48.2945],[2.4316,48.2943],[2.433,48.2926],[2.4315,48.2918],[2.4307,48.2899],[2.4305,48.2877],[2.4325,48.2879],[2.4349,48.2886],[2.435,48.2889],[2.4386,48.2894],[2.4414,48.2895],[2.4451,48.291],[2.4465,48.2924],[2.4474,48.2938],[2.4487,48.2946],[2.4505,48.2954],[2.4526,48.296],[2.4541,48.297],[2.455,48.2976],[2.4552,48.2982],[2.4534,48.2999],[2.4526,48.3005],[2.4522,48.3013],[2.4469,48.3001],[2.4457,48.2997],[2.4427,48.2998],[2.4413,48.2997],[2.4401,48.2995],[2.4386,48.2999],[2.4372,48.301],[2.4361,48.3022],[2.4346,48.3026],[2.4325,48.302],[2.4299,48.3015],[2.4282,48.3014],[2.4259,48.3007],[2.4233,48.2997]]]},"properties":{"id_ffco":"4262","nom":"Buthiers Iv","_dept":"77","numero":"2005-D77-144","commune":"Buthiers","echelle":"1/10000","surface":"2.09 km²","format":"A4","annee":"2005","cartographes":"A Nouhet","proprietaire":"7701 - C.S.A. DU CENTRE NATIONAL DES SPORTS DE LA DEFENSE","niveau":"Régional","specialite":"CO à pied","contacts":"Alain GUILLON, 02 38 92 81 36, cdco77.helene@wanadoo.fr","latitude":"48.2960247618","longitude":"2.43854050378","date_saisie":"18/11/2006","date_depot":"28/12/2006","valide":"Oui","ppo":"Non","type_carte":"Nouvelle carte","fond":"IGN","obsolete":true}},{"type":"Feature","geometry":{"type":"Polygon","coordinates":[[[3.1416,48.8136],[3.1459,48.8132],[3.1519,48.8136],[3.1529,48.8099],[3.1526,48.8054],[3.1452,48.8058],[3.1448,48.8088],[3.1414,48.8084],[3.1407,48.8136],[3.1416,48.8136]]]},"properties":{"id_ffco":"4261","nom":"La Bretonnière","_dept":"77","numero":"2005-D77-143","commune":"Chailly En Brie","echelle":"1/7500","surface":"0.64 km²","format":"A4","annee":"2005","cartographes":"JC Carteret","proprietaire":"7717 - JEUNESSE SPORTIVE DE LA FERTE GAUCHER","niveau":"Initiation, Scolaire","specialite":"CO à pied","latitude":"48.8098517291","longitude":"3.14742087038","date_saisie":"18/11/2006","date_depot":"28/12/2006","valide":"Oui","ppo":"Non","type_carte":"Nouvelle carte","fond":"Cadastre","obsolete":true}},{"type":"Feature","geometry":{"type":"Polygon","coordinates":[[[2.7031,48.4293],[2.7185,48.4439],[2.696,48.4612],[2.6838,48.4605],[2.6864,48.4519],[2.6883,48.449],[2.6919,48.4377],[2.7007,48.432],[2.7031,48.4293]]]},"properties":{"id_ffco":"10121","nom":"Les Ecouettes VTT","_dept":"77","numero":"2005-D77-142","surface":"4.79 km²","annee":"2005","latitude":"48.446449762","longitude":"2.69994677285","date_saisie":"23/03/2017","valide":"Non","ppo":"Non","obsolete":true}},{"type":"Feature","geometry":{"type":"Polygon","coordinates":[[[2.605,48.5547],[2.5944,48.5467],[2.5986,48.5446],[2.5926,48.5349],[2.6088,48.532],[2.6169,48.5366],[2.6205,48.5425],[2.6102,48.55],[2.605,48.5547]]]},"properties":{"id_ffco":"4021","nom":"LES BOIS DES COURTILLERAIES","_dept":"77","numero":"2005-D77-140","commune":"Cesson la Forêt","echelle":"1/10000","surface":"3.05 km²","format":"A3","annee":"2005","cartographes":"A Godet","niveau":"Interrégional","specialite":"CO à pied","latitude":"48.5419309987","longitude":"2.60619269174","date_saisie":"13/09/2005","date_depot":"20/09/2005","valide":"Oui","ppo":"Non","type_carte":"Nouvelle carte","fond":"Cadastre","obsolete":true}},{"type":"Feature","geometry":{"type":"Polygon","coordinates":[[[2.563,48.3705],[2.5113,48.3699],[2.5077,48.3944],[2.5194,48.3998],[2.5271,48.4042],[2.5484,48.4014],[2.556,48.4024],[2.5546,48.3923],[2.5608,48.3808],[2.563,48.3705]]]},"properties":{"id_ffco":"1256","nom":"BOIS ROND TROIS PIGNONS","_dept":"77","numero":"1979-D77-14","commune":"FONTAINEBLEAU","echelle":"1/10000","surface":"12.56 km²","annee":"1979","proprietaire":"7701 - C.S.A. DU CENTRE NATIONAL DES SPORTS DE LA DEFENSE","niveau":"Interrégional","specialite":"CO à pied","latitude":"48.3854964848","longitude":"2.53447030433","valide":"Non","ppo":"Non","obsolete":true}},{"type":"Feature","geometry":{"type":"Polygon","coordinates":[[[2.6141,48.4423],[2.605,48.4395],[2.598,48.4382],[2.598,48.4341],[2.5984,48.4265],[2.6234,48.4164],[2.645,48.4145],[2.6521,48.421],[2.6447,48.4273],[2.6296,48.4324],[2.625,48.4373],[2.6241,48.4416],[2.6141,48.4423]]]},"properties":{"id_ffco":"4020","nom":"APREMONT OUEST","_dept":"77","numero":"2005-D77-139","commune":"Barbizon","echelle":"1/10000","surface":"7.24 km²","format":"A3","annee":"2005","cartographes":"A Godet","niveau":"Interrégional","specialite":"CO à pied","latitude":"48.4276504613","longitude":"2.62237153811","date_saisie":"13/09/2005","date_depot":"20/09/2005","valide":"Oui","ppo":"Non","type_carte":"Nouvelle carte","fond":"Cadastre","obsolete":true}},{"type":"Feature","geometry":{"type":"Polygon","coordinates":[[[2.6073,48.5548],[2.6157,48.56],[2.6238,48.5582],[2.6298,48.5533],[2.6377,48.5508],[2.6366,48.5485],[2.6347,48.5457],[2.6284,48.545],[2.6251,48.5474],[2.6215,48.5496],[2.6099,48.5505],[2.6071,48.5524],[2.6073,48.5548]]]},"properties":{"id_ffco":"10120","nom":"Foret de Bréviande 2","_dept":"77","numero":"2003-D77-138","surface":"1.94 km²","annee":"2003","latitude":"48.552509992","longitude":"2.62205370165","date_saisie":"23/03/2017","valide":"Non","ppo":"Non","obsolete":true}},{"type":"Feature","geometry":{"type":"Polygon","coordinates":[[[2.7435,48.3441],[2.7421,48.3449],[2.7406,48.3452],[2.7397,48.345],[2.7393,48.3443],[2.7383,48.3441],[2.7365,48.3446],[2.7351,48.3444],[2.7338,48.3444],[2.73,48.3459],[2.7301,48.3467],[2.7269,48.3473],[2.7273,48.3492],[2.7277,48.3502],[2.728,48.3522],[2.7281,48.3533],[2.7272,48.3533],[2.7268,48.3534],[2.7265,48.3537],[2.7267,48.3539],[2.727,48.354],[2.7276,48.3542],[2.7264,48.3551],[2.7263,48.3554],[2.7259,48.3556],[2.7258,48.3563],[2.7258,48.3567],[2.7261,48.3577],[2.7263,48.3582],[2.7288,48.3584],[2.7316,48.3587],[2.7355,48.3589],[2.7369,48.3589],[2.7379,48.3588],[2.741,48.3584],[2.7439,48.3581],[2.7467,48.3577],[2.7508,48.3572],[2.7541,48.3568],[2.7549,48.3567],[2.7589,48.3562],[2.7615,48.356],[2.7617,48.3557],[2.7619,48.3553],[2.7622,48.3551],[2.7627,48.3548],[2.7629,48.3547],[2.7629,48.3545],[2.7623,48.3543],[2.7618,48.354],[2.7614,48.3539],[2.7611,48.3538],[2.761,48.3536],[2.7612,48.3534],[2.7615,48.3534],[2.7619,48.3534],[2.7624,48.3533],[2.7627,48.3528],[2.7628,48.3526],[2.7637,48.3523],[2.7641,48.3521],[2.7644,48.3518],[2.7653,48.3509],[2.7648,48.3503],[2.7643,48.3496],[2.7641,48.349],[2.7639,48.3481],[2.7638,48.3479],[2.7635,48.3478],[2.7633,48.3476],[2.7633,48.3473],[2.7633,48.3463],[2.7626,48.3452],[2.7622,48.3447],[2.762,48.3445],[2.7619,48.3442],[2.7607,48.3437],[2.7555,48.3471],[2.7489,48.3428],[2.7443,48.3429],[2.7439,48.3437],[2.7435,48.3441]]]},"properties":{"id_ffco":"9116","nom":"La Grotte Béatrix","_dept":"77","numero":"2004-D77-137","commune":"MONTIGNY sur LOING","echelle":"1/7500","surface":"3.87 km²","format":"A3","annee":"2004","cartographes":"Alain Nouhet","proprietaire":"7707 - ORIENTATION PLEIN AIR DE MONTIGNY-SUR-LOING","niveau":"Régional","specialite":"CO à pied","contacts":"OPA MONTIGNY, siege social: , mairie de Montigny, 77690, MONTIGNY sur LOING, 01 64 31 19 51, 06 95 23 12 90, prevostpatrick@aol.com, http://opamontigny.free.fr/","latitude":"48.3512107386","longitude":"2.7446035406","date_saisie":"31/12/2015","valide":"Non","ppo":"Non","type_carte":"Nouvelle carte","fond":"Cadastre","obsolete":true}},{"type":"Feature","geometry":{"type":"Polygon","coordinates":[[[2.6404,48.344],[2.6451,48.3389],[2.645,48.3381],[2.6479,48.337],[2.6484,48.3361],[2.6522,48.3348],[2.6557,48.3345],[2.6578,48.3339],[2.6612,48.3338],[2.6628,48.3327],[2.6674,48.3312],[2.6679,48.3369],[2.6698,48.3426],[2.6686,48.3473],[2.6523,48.3494],[2.6405,48.3492],[2.6404,48.344]]]},"properties":{"id_ffco":"3729","nom":"RECLOSES 2","_dept":"77","numero":"2003-D77-136","commune":"Recloses","echelle":"1/10000","surface":"3.08 km²","format":"A3","annee":"2003","cartographes":"Y Mareigner,F Mareigner,A Nouhet","proprietaire":"7716 - BALISE 77 FONTAINEBLEAU-AVON","niveau":"Interrégional","specialite":"CO à pied","latitude":"48.3418325046","longitude":"2.65596273789","date_saisie":"11/12/2003","date_depot":"15/12/2003","valide":"Oui","ppo":"Non","type_carte":"Reprise","base":"1998-D77-89 RECLOSES","fond":"Laser","obsolete":true}},{"type":"Feature","geometry":{"type":"Polygon","coordinates":[[[2.7278,48.3509],[2.7293,48.3508],[2.7306,48.3507],[2.7313,48.3507],[2.7312,48.3507],[2.7318,48.3506],[2.733,48.3507],[2.734,48.3508],[2.7344,48.3508],[2.7353,48.3508],[2.736,48.3508],[2.7363,48.3509],[2.7372,48.3511],[2.7384,48.3512],[2.7397,48.3514],[2.7403,48.3514],[2.7407,48.3514],[2.7412,48.3513],[2.7414,48.3512],[2.7418,48.3511],[2.7424,48.351],[2.7449,48.3506],[2.7467,48.3503],[2.7477,48.3502],[2.7484,48.3501],[2.7493,48.35],[2.7498,48.35],[2.7506,48.3499],[2.7512,48.3498],[2.7522,48.3498],[2.7533,48.3497],[2.7537,48.3497],[2.7548,48.3496],[2.7557,48.3495],[2.756,48.3495],[2.7572,48.3493],[2.7573,48.3493],[2.7587,48.3491],[2.7595,48.349],[2.7614,48.3488],[2.7625,48.3487],[2.764,48.3487],[2.7641,48.3491],[2.7642,48.3495],[2.7647,48.3502],[2.7653,48.3509],[2.7647,48.3515],[2.7641,48.3521],[2.7635,48.3523],[2.7629,48.3526],[2.7626,48.353],[2.7624,48.3533],[2.7621,48.3534],[2.7616,48.3534],[2.7611,48.3534],[2.761,48.3537],[2.7615,48.3539],[2.7621,48.3542],[2.7627,48.3544],[2.763,48.3546],[2.7627,48.3549],[2.7622,48.3551],[2.7616,48.3558],[2.7614,48.3563],[2.7614,48.3577],[2.7614,48.3586],[2.7614,48.3592],[2.7614,48.361],[2.7614,48.3622],[2.7614,48.3631],[2.7613,48.3664],[2.761,48.3663],[2.7588,48.3659],[2.7585,48.3659],[2.7545,48.3656],[2.7532,48.3655],[2.7528,48.3655],[2.7513,48.3653],[2.7497,48.3656],[2.7479,48.3658],[2.7471,48.366],[2.7451,48.3663],[2.7447,48.3664],[2.7449,48.3657],[2.745,48.3651],[2.7452,48.3643],[2.7453,48.3632],[2.7438,48.3631],[2.7424,48.3631],[2.742,48.3631],[2.7393,48.3632],[2.738,48.3633],[2.7372,48.3633],[2.7367,48.3628],[2.736,48.3621],[2.7353,48.3615],[2.7347,48.3609],[2.7333,48.3596],[2.733,48.3594],[2.7324,48.3587],[2.7301,48.3585],[2.7294,48.3585],[2.7272,48.3583],[2.7263,48.3582],[2.7262,48.3577],[2.7259,48.3569],[2.7258,48.3567],[2.7258,48.3564],[2.7258,48.3559],[2.726,48.3555],[2.7263,48.3554],[2.7264,48.3552],[2.7269,48.3548],[2.7276,48.3542],[2.7274,48.354],[2.7273,48.3534],[2.728,48.3534],[2.7282,48.3532],[2.7279,48.3517],[2.7278,48.3509]]]},"properties":{"id_ffco":"3728","nom":"LE CARROSSE","_dept":"77","numero":"2003-D77-135","commune":"Montigny sur Loing","echelle":"1/7500","surface":"3.82 km²","format":"A3","annee":"2003","cartographes":"Alain Nouhet","proprietaire":"7707 - ORIENTATION PLEIN AIR DE MONTIGNY-SUR-LOING","niveau":"Régional","specialite":"CO à pied","latitude":"48.3569612063","longitude":"2.74706009969","date_saisie":"11/12/2003","date_depot":"15/12/2003","valide":"Oui","ppo":"Non","type_carte":"Reprise","base":"1983-D77-02 MALMONTAGNE","fond":"Cadastre","obsolete":true}},{"type":"Feature","geometry":{"type":"Polygon","coordinates":[[[2.6834,48.2641],[2.6795,48.2617],[2.6775,48.2589],[2.677,48.2578],[2.6816,48.2538],[2.6851,48.2551],[2.6878,48.2554],[2.6905,48.2614],[2.69,48.2625],[2.6873,48.2631],[2.6887,48.2638],[2.6858,48.2658],[2.6834,48.2641]]]},"properties":{"id_ffco":"3786","nom":"LE ROCHER GREAU 2","_dept":"77","numero":"2003-D77-134","commune":"Saint Pierre les Nemours","echelle":"1/5000","surface":"0.8 km²","format":"A4","annee":"2003","cartographes":"Christine Verdeil","proprietaire":"77 - Seine-et-Marne","niveau":"Régional","specialite":"CO à pied","latitude":"48.2594678026","longitude":"2.68401529219","date_saisie":"20/04/2004","valide":"Oui","ppo":"Non","type_carte":"Nouvelle carte","fond":"Cadastre","obsolete":true}},{"type":"Feature","geometry":{"type":"Polygon","coordinates":[[[2.7097,48.2629],[2.703,48.2618],[2.7055,48.2578],[2.7086,48.2544],[2.7071,48.2527],[2.7049,48.2502],[2.7067,48.2461],[2.7107,48.2433],[2.7151,48.2423],[2.7262,48.2441],[2.7374,48.2488],[2.7272,48.2572],[2.7254,48.2592],[2.7162,48.2599],[2.7097,48.2629]]]},"properties":{"id_ffco":"3709","nom":"La Vallée des Châtaigniers","_dept":"77","numero":"2003-D77-133","commune":"Poligny","echelle":"1/10000","surface":"3.53 km²","format":"A4","annee":"2003","proprietaire":"7709 - UNION SPORTIVE MELUNAISE - COURSE D'ORIENTATION (U.S.M./CO)","niveau":"Régional","specialite":"CO à pied","latitude":"48.2518958244","longitude":"2.71831622803","date_saisie":"21/11/2003","date_depot":"24/11/2003","valide":"Oui","ppo":"Non","type_carte":"Nouvelle carte","fond":"Cadastre","obsolete":true}},{"type":"Feature","geometry":{"type":"Polygon","coordinates":[[[2.6229,48.558],[2.623,48.5498],[2.6257,48.5477],[2.629,48.545],[2.6357,48.545],[2.6372,48.5505],[2.6284,48.5537],[2.6229,48.558]]]},"properties":{"id_ffco":"3763","nom":"Marché Marais 2","_dept":"77","numero":"2003-D77-132","commune":"Melun","echelle":"1/10000","surface":"0.84 km²","format":"A4","annee":"2003","cartographes":"Alain Godet","proprietaire":"7703 - CLUB SPORTIF DE LOISIRS DE LA GENDARMERIE DE MELUN","niveau":"Régional","specialite":"CO à pied","latitude":"48.550046797","longitude":"2.62938805545","date_saisie":"15/12/2003","date_depot":"19/12/2003","valide":"Oui","ppo":"Non","type_carte":"Nouvelle carte","fond":"Cadastre","obsolete":true}},{"type":"Feature","geometry":{"type":"Polygon","coordinates":[[[2.7383,48.2479],[2.7285,48.2437],[2.7244,48.2434],[2.7165,48.2401],[2.7098,48.2393],[2.7121,48.232],[2.7259,48.2336],[2.7351,48.233],[2.7416,48.2339],[2.7498,48.2403],[2.7383,48.2479]]]},"properties":{"id_ffco":"3708","nom":"LA MER DE SABLE","_dept":"77","numero":"2003-D77-131","commune":"Poligny","echelle":"1/10000","surface":"3.03 km²","format":"A4","annee":"2003","proprietaire":"7709 - UNION SPORTIVE MELUNAISE - COURSE D'ORIENTATION (U.S.M./CO)","niveau":"Régional","specialite":"CO à pied","latitude":"48.2387864826","longitude":"2.73025841452","date_saisie":"21/11/2003","date_depot":"24/11/2003","valide":"Oui","ppo":"Non","type_carte":"Nouvelle carte","fond":"Cadastre","obsolete":true}},{"type":"Feature","geometry":{"type":"Polygon","coordinates":[[[2.73,48.4038],[2.7378,48.4058],[2.7766,48.4036],[2.7792,48.3991],[2.7756,48.394],[2.7644,48.3852],[2.7465,48.394],[2.7392,48.3958],[2.73,48.4038]]]},"properties":{"id_ffco":"3730","nom":"LE MONT ANDART","_dept":"77","numero":"2003-D77-130","commune":"Fontainebleau","echelle":"1/10000","surface":"4.75 km²","format":"A4","annee":"2003","cartographes":"Alain Nouhet","proprietaire":"7716 - BALISE 77 FONTAINEBLEAU-AVON","niveau":"Régional","specialite":"CO à pied","latitude":"48.3977942604","longitude":"2.75715102397","date_saisie":"11/12/2003","date_depot":"15/12/2003","valide":"Oui","ppo":"Non","type_carte":"Nouvelle carte","fond":"Cadastre","obsolete":true}},{"type":"Feature","geometry":{"type":"Polygon","coordinates":[[[2.4351,48.3024],[2.4363,48.3],[2.4367,48.2987],[2.4395,48.2993],[2.4394,48.2998],[2.4406,48.3002],[2.4432,48.2991],[2.4448,48.2997],[2.4481,48.2992],[2.4526,48.2984],[2.4539,48.2981],[2.4545,48.2964],[2.4517,48.2954],[2.4497,48.2948],[2.4475,48.293],[2.4462,48.2913],[2.4446,48.29],[2.4416,48.289],[2.4371,48.2888],[2.4351,48.2888],[2.4341,48.2885],[2.4311,48.2882],[2.4314,48.2906],[2.4317,48.2922],[2.4326,48.2924],[2.4315,48.2943],[2.4288,48.2945],[2.4262,48.2964],[2.4247,48.298],[2.4238,48.2995],[2.4248,48.3001],[2.429,48.3011],[2.4328,48.3016],[2.4351,48.3024]]]},"properties":{"id_ffco":"2211","nom":"BUTHIERS","_dept":"77","numero":"1990-D77-13","commune":"MALESHERBES","echelle":"1/10000","surface":"1.94 km²","format":"A4","annee":"1990","cartographes":"JJ Rousseau","niveau":"National, International","specialite":"CO à pied","contacts":"N'est plus distribuée","latitude":"48.2954810385","longitude":"2.43836614667","valide":"Non","ppo":"Non","type_carte":"Nouvelle carte","fond":"Cadastre","obsolete":true}},{"type":"Feature","geometry":{"type":"Polygon","coordinates":[[[2.6936,48.3968],[2.7396,48.3951],[2.746,48.3938],[2.7541,48.3898],[2.7478,48.3832],[2.7401,48.3769],[2.7133,48.3891],[2.711,48.3897],[2.7098,48.3907],[2.6936,48.3968]]]},"properties":{"id_ffco":"3635","nom":"La Mare des Pressoirs","_dept":"77","numero":"2002-D77-129","commune":"Fontainebleau","echelle":"1/10000","surface":"4.46 km²","format":"A3","annee":"2002","proprietaire":"7716 - BALISE 77 FONTAINEBLEAU-AVON","niveau":"Régional","specialite":"CO à pied","latitude":"48.3890711765","longitude":"2.7301776641","date_saisie":"05/04/2003","date_depot":"04/05/2003","valide":"Oui","ppo":"Non","type_carte":"Reprise","base":"1976-D77-055 ROCHER D'AVON n° triple","fond":"Laser","obsolete":true}},{"type":"Feature","geometry":{"type":"Polygon","coordinates":[[[2.6935,48.3962],[2.7406,48.3768],[2.7062,48.3643],[2.692,48.3631],[2.6899,48.3715],[2.687,48.377],[2.6892,48.3845],[2.6935,48.3962]]]},"properties":{"id_ffco":"3637","nom":"Le Petit Mont Chauvet","_dept":"77","numero":"2002-D77-128","commune":"Fontainebleau","echelle":"1/10000","surface":"7.82 km²","format":"A3","annee":"2002","proprietaire":"7716 - BALISE 77 FONTAINEBLEAU-AVON","niveau":"Régional","specialite":"CO à pied","latitude":"48.3780158914","longitude":"2.70732214839","date_saisie":"05/04/2003","date_depot":"04/05/2003","valide":"Oui","ppo":"Non","type_carte":"Reprise","base":"1976-D77-055 ROCHER D'AVON n° triple","fond":"Laser","obsolete":true}},{"type":"Feature","geometry":{"type":"Polygon","coordinates":[[[2.6434,48.4139],[2.6256,48.416],[2.5742,48.4133],[2.5772,48.3688],[2.622,48.3672],[2.6391,48.3724],[2.6352,48.384],[2.6381,48.3914],[2.6704,48.3907],[2.6791,48.3922],[2.6879,48.3958],[2.6858,48.4008],[2.6786,48.4052],[2.6767,48.4097],[2.653,48.4122],[2.6434,48.4139]]]},"properties":{"id_ffco":"9051","nom":"Hurlevent Est VTT","_dept":"77","numero":"2002-D77-127","commune":"Fontainebleau","echelle":"1/20000","surface":"31.13 km²","format":"A3","annee":"2002","cartographes":"Andre Hermet","proprietaire":"7715 - ASSOCIATION SPORTIVE SAMOISIENNE","niveau":"National, International","specialite":"CO à VTT","contacts":"AS SAMOIS, 15 RUE MARALDE, 45120, CHALETTE SUR LOING, +33687322299, +33687322299, andrehermet@aol.com, http://www.samois.coursedorientation.fr/","latitude":"48.3940899207","longitude":"2.61945896925","date_saisie":"14/12/2015","valide":"Non","ppo":"Non","type_carte":"Nouvelle carte","fond":"Ortho","obsolete":true}},{"type":"Feature","geometry":{"type":"Polygon","coordinates":[[[2.6449,48.4143],[2.6385,48.4091],[2.639,48.4057],[2.6359,48.402],[2.6296,48.3939],[2.6294,48.3901],[2.6313,48.3856],[2.6359,48.3762],[2.6428,48.3728],[2.6588,48.3832],[2.673,48.3903],[2.6804,48.3932],[2.6754,48.3964],[2.6756,48.4013],[2.6806,48.4019],[2.6874,48.4012],[2.6868,48.4094],[2.6677,48.4111],[2.6626,48.4113],[2.6583,48.4115],[2.6449,48.4143]]]},"properties":{"id_ffco":"9053","nom":"Salamandre VTT","_dept":"77","numero":"2002-D77-126","commune":"Fontainebleau","echelle":"1/15000","surface":"11.45 km²","format":"A3","annee":"2002","cartographes":"Andre Hermet","proprietaire":"7715 - ASSOCIATION SPORTIVE SAMOISIENNE","niveau":"National, International","specialite":"CO à VTT","latitude":"48.3960861672","longitude":"2.65439211904","date_saisie":"14/12/2015","valide":"Non","ppo":"Non","type_carte":"Nouvelle carte","fond":"Ortho","obsolete":true}},{"type":"Feature","geometry":{"type":"Polygon","coordinates":[[[2.7694,48.3472],[2.7676,48.3467],[2.7657,48.346],[2.7648,48.3454],[2.7631,48.3446],[2.7612,48.3439],[2.7584,48.343],[2.7562,48.3422],[2.7542,48.3416],[2.7529,48.3412],[2.7514,48.3409],[2.7499,48.3407],[2.7486,48.3404],[2.7477,48.3402],[2.7465,48.3404],[2.7456,48.3406],[2.7451,48.3408],[2.7445,48.3411],[2.7443,48.3406],[2.7445,48.3394],[2.7448,48.3383],[2.7448,48.3375],[2.7444,48.3366],[2.7438,48.3364],[2.7407,48.3364],[2.7379,48.3365],[2.7358,48.3365],[2.7357,48.3373],[2.7356,48.3383],[2.7354,48.3394],[2.7353,48.3396],[2.7339,48.3396],[2.7321,48.3397],[2.7307,48.3398],[2.7289,48.3399],[2.7265,48.3401],[2.7246,48.3401],[2.7237,48.34],[2.7231,48.3402],[2.7227,48.3403],[2.7217,48.3402],[2.7208,48.3402],[2.7202,48.3402],[2.7194,48.3403],[2.7188,48.3404],[2.7183,48.3412],[2.718,48.3421],[2.7178,48.3425],[2.7175,48.3426],[2.717,48.343],[2.7167,48.3436],[2.716,48.3444],[2.7153,48.3449],[2.7154,48.3454],[2.7163,48.3477],[2.7174,48.3503],[2.7181,48.3523],[2.7183,48.3532],[2.7182,48.3541],[2.7181,48.3545],[2.7185,48.3556],[2.7186,48.3566],[2.7191,48.3571],[2.7198,48.3575],[2.72,48.3584],[2.7202,48.3596],[2.7205,48.3604],[2.7207,48.3618],[2.7211,48.3632],[2.7212,48.364],[2.721,48.3647],[2.7206,48.3659],[2.7203,48.3668],[2.7202,48.3679],[2.72,48.369],[2.7203,48.3697],[2.7309,48.3735],[2.7397,48.3765],[2.7412,48.376],[2.7468,48.3738],[2.7491,48.373],[2.75,48.3728],[2.7569,48.3721],[2.7576,48.3719],[2.7582,48.3713],[2.7584,48.3703],[2.7587,48.3697],[2.7593,48.3693],[2.7608,48.3688],[2.7614,48.3681],[2.7613,48.3672],[2.7615,48.3663],[2.7615,48.3656],[2.7615,48.3617],[2.7615,48.3582],[2.7615,48.3575],[2.7615,48.356],[2.7619,48.3553],[2.7628,48.3548],[2.763,48.3545],[2.7624,48.3543],[2.762,48.3541],[2.7614,48.3538],[2.761,48.3537],[2.7615,48.3534],[2.7622,48.3533],[2.7624,48.3531],[2.7628,48.3527],[2.7634,48.3524],[2.7642,48.352],[2.7654,48.3509],[2.7671,48.3493],[2.7686,48.3481],[2.7694,48.3472]]]},"properties":{"id_ffco":"9074","nom":"MONTIGNY LA MALMONTAGNE VTT","_dept":"77","numero":"2002-D77-125","commune":"MONTIGNY sur LOING","echelle":"1/20000","surface":"11.98 km²","format":"A4","annee":"2002","cartographes":"Andre Hermet,Alain Nouhet","proprietaire":"7707 - ORIENTATION PLEIN AIR DE MONTIGNY-SUR-LOING","niveau":"Régional","specialite":"CO à VTT","contacts":"OPA MONTIGNY, siege social: , mairie de Montigny, 77690, MONTIGNY sur LOING, 01 64 31 19 51, 06 95 23 12 90, prevostpatrick@aol.com, http://opamontigny.free.fr/","latitude":"48.3559303214","longitude":"2.74043850315","date_saisie":"15/12/2015","valide":"Non","ppo":"Non","type_carte":"Reprise","base":"1976-D77-43 LONG ROCHER","fond":"Cadastre","obsolete":true}},{"type":"Feature","geometry":{"type":"Polygon","coordinates":[[[2.7685,48.3481],[2.7765,48.3481],[2.7799,48.3496],[2.7831,48.3513],[2.7887,48.3539],[2.7926,48.3557],[2.7924,48.3607],[2.7924,48.3663],[2.7928,48.3702],[2.7908,48.3711],[2.7881,48.3731],[2.7853,48.375],[2.7827,48.3769],[2.7802,48.3787],[2.7787,48.3796],[2.7757,48.3809],[2.7691,48.3838],[2.7642,48.386],[2.755,48.3904],[2.7535,48.3888],[2.7499,48.3848],[2.7487,48.3835],[2.7452,48.3809],[2.7403,48.3773],[2.7397,48.3766],[2.7467,48.3738],[2.7494,48.3728],[2.7534,48.3725],[2.757,48.3721],[2.7579,48.3717],[2.7584,48.371],[2.7586,48.37],[2.7589,48.3695],[2.7599,48.3691],[2.7608,48.3688],[2.7613,48.3682],[2.7613,48.3671],[2.7615,48.3588],[2.7615,48.3561],[2.7619,48.3555],[2.7624,48.355],[2.763,48.3547],[2.7627,48.3545],[2.7623,48.3543],[2.7617,48.3539],[2.7611,48.3537],[2.7615,48.3535],[2.7621,48.3533],[2.7626,48.353],[2.7628,48.3528],[2.7633,48.3524],[2.7642,48.352],[2.7657,48.3504],[2.767,48.3493],[2.7685,48.3481]]]},"properties":{"id_ffco":"9086","nom":"LE ROCHER BESNARD","_dept":"77","numero":"2002-D77-124","commune":"MONTIGNY SUR LOING","echelle":"1/20000","surface":"9.51 km²","format":"A4","annee":"2002","cartographes":"Christine Verdeil,Andre Hermet","proprietaire":"7707 - ORIENTATION PLEIN AIR DE MONTIGNY-SUR-LOING","niveau":"Départemental","specialite":"CO à VTT","contacts":"OPA MONTIGNY, siege social: , mairie de Montigny, 77690, MONTIGNY sur LOING, 01 64 31 19 51, 06 95 23 12 90, prevostpatrick@aol.com, http://opamontigny.free.fr/","latitude":"48.3686097917","longitude":"2.77034296182","date_saisie":"16/12/2015","valide":"Non","ppo":"Non","type_carte":"Reprise","base":"1995-D77-79 LA PLAINE DU ROSOIR","fond":"Cadastre","obsolete":true}},{"type":"Feature","geometry":{"type":"Polygon","coordinates":[[[2.7538,48.3569],[2.7549,48.3567],[2.7588,48.3563],[2.759,48.3562],[2.7614,48.356],[2.7614,48.361],[2.7614,48.3635],[2.7614,48.366],[2.7613,48.3678],[2.7612,48.3682],[2.7609,48.3686],[2.7603,48.369],[2.7595,48.3692],[2.7589,48.3695],[2.7585,48.3703],[2.7583,48.371],[2.7579,48.3717],[2.7573,48.372],[2.7564,48.3722],[2.7539,48.3724],[2.7515,48.3726],[2.7493,48.3728],[2.7482,48.3732],[2.7472,48.3736],[2.7438,48.3749],[2.7396,48.3765],[2.7357,48.3752],[2.7317,48.3737],[2.726,48.3717],[2.7199,48.3696],[2.7201,48.3682],[2.7202,48.3668],[2.7211,48.3643],[2.7211,48.3635],[2.721,48.3627],[2.7206,48.361],[2.7202,48.3598],[2.722,48.3594],[2.7232,48.3591],[2.7262,48.3582],[2.7306,48.3586],[2.7338,48.3589],[2.7364,48.3589],[2.7376,48.3589],[2.7393,48.3586],[2.7403,48.3585],[2.7419,48.3583],[2.744,48.3581],[2.7445,48.358],[2.7521,48.3571],[2.7538,48.3569]]]},"properties":{"id_ffco":"9088","nom":"LE MONT AIVEU","_dept":"77","numero":"2002-D77-123","commune":"MONTIGNY SUR LOING","echelle":"1/10000","surface":"5.07 km²","format":"A3","annee":"2002","cartographes":"Alain Nouhet","niveau":"Régional","specialite":"CO à pied","latitude":"48.3656099448","longitude":"2.74148007831","date_saisie":"17/12/2015","valide":"Non","ppo":"Non","type_carte":"Nouvelle carte","fond":"Cadastre","obsolete":true}},{"type":"Feature","geometry":{"type":"Polygon","coordinates":[[[2.7086,48.2626],[2.7035,48.2613],[2.7063,48.2544],[2.7026,48.2514],[2.7047,48.2467],[2.7095,48.2404],[2.7149,48.2396],[2.7235,48.2434],[2.7299,48.2439],[2.7374,48.2488],[2.7249,48.2595],[2.716,48.2602],[2.7086,48.2626]]]},"properties":{"id_ffco":"10119","nom":"Nemours 2","_dept":"77","numero":"2001-D77-122","surface":"4.15 km²","annee":"2001","latitude":"48.2509859571","longitude":"2.71770663709","date_saisie":"23/03/2017","valide":"Non","ppo":"Non","obsolete":true}},{"type":"Feature","geometry":{"type":"Polygon","coordinates":[[[2.6448,48.4137],[2.6262,48.4155],[2.6204,48.4183],[2.5837,48.4139],[2.5772,48.4146],[2.5669,48.413],[2.562,48.4069],[2.5586,48.398],[2.5586,48.3918],[2.5634,48.3861],[2.5655,48.3825],[2.5644,48.3802],[2.5617,48.3768],[2.5638,48.3715],[2.5765,48.3597],[2.5816,48.3599],[2.6266,48.3617],[2.6438,48.3731],[2.6365,48.3772],[2.63,48.39],[2.6317,48.3952],[2.6393,48.4041],[2.639,48.4078],[2.6448,48.4137]]]},"properties":{"id_ffco":"9054","nom":"Hurlevent VTT","_dept":"77","numero":"2002-D77-121","commune":"Fontainebleau / Arbonne / Achères","echelle":"1/20000","surface":"32.51 km²","format":"A3","annee":"2002","cartographes":"Andre Hermet","proprietaire":"7715 - ASSOCIATION SPORTIVE SAMOISIENNE","niveau":"National, International","specialite":"CO à VTT","latitude":"48.3889375281","longitude":"2.59988888093","date_saisie":"14/12/2015","valide":"Non","ppo":"Non","type_carte":"Nouvelle carte","fond":"Ortho","obsolete":true}},{"type":"Feature","geometry":{"type":"Polygon","coordinates":[[[2.6317,48.4148],[2.6296,48.3865],[2.5621,48.3866],[2.5553,48.3929],[2.5613,48.403],[2.5657,48.412],[2.5771,48.4147],[2.5872,48.4144],[2.621,48.4178],[2.6317,48.4148]]]},"properties":{"id_ffco":"10118","nom":"Chanfroy","_dept":"77","numero":"2001-D77-120","surface":"16.6 km²","annee":"2001","latitude":"48.4007546813","longitude":"2.59645553114","date_saisie":"23/03/2017","valide":"Non","ppo":"Non","obsolete":true}},{"type":"Feature","geometry":{"type":"Polygon","coordinates":[[[2.559,48.3943],[2.5996,48.3911],[2.6104,48.3747],[2.6102,48.3698],[2.593,48.3604],[2.5735,48.3639],[2.5635,48.3708],[2.5623,48.3756],[2.5664,48.3816],[2.5609,48.3878],[2.5565,48.3931],[2.559,48.3943]]]},"properties":{"id_ffco":"10117","nom":"Le Moine","_dept":"77","numero":"2001-D77-119","surface":"10.26 km²","annee":"2001","latitude":"48.3779507843","longitude":"2.58453296283","date_saisie":"23/03/2017","valide":"Non","ppo":"Non","obsolete":true}},{"type":"Feature","geometry":{"type":"Polygon","coordinates":[[[2.7073,48.4086],[2.7174,48.412],[2.7201,48.4085],[2.7212,48.4069],[2.7062,48.4019],[2.7052,48.4036],[2.7073,48.4086]]]},"properties":{"id_ffco":"9107","nom":"Parc du château de Fontainebleau","_dept":"77","numero":"2001-D77-118","commune":"Fontainebleau","echelle":"1/5000","surface":"0.69 km²","format":"A3","annee":"2001","cartographes":"E Bousser","proprietaire":"7716 - BALISE 77 FONTAINEBLEAU-AVON","niveau":"Initiation, Scolaire","specialite":"CO à pied","latitude":"48.4070358598","longitude":"2.71274640238","date_saisie":"28/12/2015","valide":"Non","ppo":"Non","fond":"Cadastre","obsolete":true}},{"type":"Feature","geometry":{"type":"Polygon","coordinates":[[[2.7004,48.4582],[2.6841,48.4565],[2.6877,48.4487],[2.6919,48.4377],[2.707,48.4253],[2.7107,48.4224],[2.7215,48.4222],[2.7266,48.4258],[2.7252,48.4323],[2.7211,48.4338],[2.7199,48.4391],[2.718,48.4441],[2.7004,48.4582]]]},"properties":{"id_ffco":"10116","nom":"Plaine de Bois le Roi","_dept":"77","numero":"2001-D77-117","surface":"6.89 km²","annee":"2001","latitude":"48.4401132264","longitude":"2.70564308106","date_saisie":"23/03/2017","valide":"Non","ppo":"Non","obsolete":true}},{"type":"Feature","geometry":{"type":"Polygon","coordinates":[[[2.7343,48.4364],[2.7336,48.4262],[2.7256,48.418],[2.7206,48.417],[2.7098,48.4182],[2.7113,48.423],[2.7092,48.4249],[2.7154,48.4376],[2.7166,48.44],[2.7269,48.4399],[2.7343,48.4364]]]},"properties":{"id_ffco":"3612","nom":"Tour Denecourt 2","_dept":"77","numero":"2001-D77-116","commune":"Fontainebleau","echelle":"1/10000","surface":"3.6 km²","format":"A3","annee":"2001","proprietaire":"77 - Seine-et-Marne","niveau":"Régional","specialite":"CO à pied","latitude":"48.428601812","longitude":"2.72196862556","date_saisie":"10/02/2003","date_depot":"10/02/2003","valide":"Oui","ppo":"Non","type_carte":"Nouvelle carte","fond":"Cadastre","obsolete":true}},{"type":"Feature","geometry":{"type":"Polygon","coordinates":[[[2.6856,48.2657],[2.6839,48.2643],[2.6786,48.2609],[2.6771,48.2579],[2.6819,48.2539],[2.6854,48.2553],[2.6876,48.2556],[2.6889,48.2582],[2.6902,48.2613],[2.6897,48.2626],[2.6886,48.2643],[2.6867,48.2651],[2.6856,48.2657]]]},"properties":{"id_ffco":"2230","nom":"ROCHER GREAU n° triple","_dept":"77","numero":"1990-D77-1155","commune":"NEMOURS","echelle":"1/5000","surface":"0.78 km²","annee":"1990","proprietaire":"7701 - C.S.A. DU CENTRE NATIONAL DES SPORTS DE LA DEFENSE","specialite":"CO à pied","latitude":"48.2595937668","longitude":"2.68408858206","valide":"Non","ppo":"Non","obsolete":true}},{"type":"Feature","geometry":{"type":"Polygon","coordinates":[[[2.6332,48.4151],[2.6279,48.4058],[2.6382,48.404],[2.6356,48.3992],[2.6747,48.3952],[2.6771,48.4011],[2.6801,48.4016],[2.6773,48.4056],[2.6794,48.4096],[2.6596,48.4117],[2.6426,48.4143],[2.6332,48.4151]]]},"properties":{"id_ffco":"10115","nom":"LE MONT AIGU 2","_dept":"77","numero":"2001-D77-115","surface":"5.6 km²","annee":"2001","latitude":"48.4051894911","longitude":"2.65470841922","date_saisie":"23/03/2017","valide":"Non","ppo":"Non","obsolete":true}},{"type":"Feature","geometry":{"type":"Polygon","coordinates":[[[2.6265,48.4505],[2.6499,48.4414],[2.6614,48.4306],[2.6543,48.4229],[2.6447,48.4142],[2.6236,48.4162],[2.5978,48.4268],[2.598,48.436],[2.6004,48.4385],[2.6038,48.4392],[2.6126,48.443],[2.6214,48.4462],[2.6265,48.4505]]]},"properties":{"id_ffco":"3614","nom":"GORGES DE FRANCHARD","_dept":"77","numero":"2001-D77-114","commune":"Fontainebleau","echelle":"1/10000","surface":"12.12 km²","format":"A3","annee":"2001","proprietaire":"77 - Seine-et-Marne","niveau":"Régional","specialite":"CO à pied","latitude":"48.4312046307","longitude":"2.62932381569","date_saisie":"10/02/2003","date_depot":"10/02/2003","valide":"Oui","ppo":"Non","type_carte":"Nouvelle carte","fond":"Cadastre","obsolete":true}},{"type":"Feature","geometry":{"type":"Polygon","coordinates":[[[2.6437,48.3729],[2.661,48.3848],[2.662,48.4113],[2.6435,48.4144],[2.631,48.4155],[2.6234,48.4064],[2.6378,48.4041],[2.6318,48.3966],[2.6294,48.3913],[2.6332,48.3816],[2.6368,48.3756],[2.6437,48.3729]]]},"properties":{"id_ffco":"10114","nom":"La Salamandre 2","_dept":"77","numero":"2001-D77-113","surface":"9.01 km²","annee":"2001","latitude":"48.3961549037","longitude":"2.64531632624","date_saisie":"23/03/2017","valide":"Non","ppo":"Non","obsolete":true}},{"type":"Feature","geometry":{"type":"Polygon","coordinates":[[[2.5269,48.4049],[2.5117,48.3971],[2.5074,48.3932],[2.5161,48.3884],[2.5151,48.3789],[2.5611,48.3795],[2.556,48.3884],[2.5548,48.4023],[2.5496,48.4006],[2.534,48.4045],[2.5269,48.4049]]]},"properties":{"id_ffco":"10113","nom":"Bois rond 2","_dept":"77","numero":"2001-D77-112","surface":"8.28 km²","annee":"2001","latitude":"48.3908374449","longitude":"2.53489050136","date_saisie":"23/03/2017","valide":"Non","ppo":"Non","obsolete":true}},{"type":"Feature","geometry":{"type":"Polygon","coordinates":[[[2.5683,48.3992],[2.5723,48.4024],[2.5884,48.402],[2.5786,48.386],[2.5781,48.3745],[2.5704,48.3743],[2.5633,48.3722],[2.5623,48.3767],[2.5652,48.3819],[2.558,48.3845],[2.5494,48.3856],[2.5486,48.3908],[2.5565,48.3915],[2.5566,48.3949],[2.5606,48.3998],[2.5683,48.3992]]]},"properties":{"id_ffco":"10112","nom":"Le rocher de la reine 2","_dept":"77","numero":"2001-D77-111","surface":"5.22 km²","annee":"2001","latitude":"48.3892581105","longitude":"2.56941058265","date_saisie":"23/03/2017","valide":"Non","ppo":"Non","obsolete":true}},{"type":"Feature","geometry":{"type":"Polygon","coordinates":[[[2.5604,48.3791],[2.5102,48.3784],[2.51,48.3846],[2.5167,48.3893],[2.5072,48.3928],[2.5151,48.3989],[2.5271,48.4044],[2.547,48.4016],[2.5553,48.402],[2.553,48.3933],[2.5586,48.382],[2.5604,48.3791]]]},"properties":{"id_ffco":"10110","nom":"Bois Rond 3 (en attente de solution pour n° double)","_dept":"77","numero":"2002-D77-1102","surface":"8.48 km²","annee":"2002","latitude":"48.3901504304","longitude":"2.53374116514","date_saisie":"23/03/2017","valide":"Non","ppo":"Non","obsolete":true}},{"type":"Feature","geometry":{"type":"Polygon","coordinates":[[[2.6921,48.3637],[2.6332,48.3654],[2.6526,48.3796],[2.6682,48.3876],[2.6744,48.3903],[2.691,48.3894],[2.6864,48.3788],[2.6883,48.3748],[2.6921,48.3637]]]},"properties":{"id_ffco":"10111","nom":"Le rocher des demoiselles","_dept":"77","numero":"2001-D77-110","surface":"8.05 km²","annee":"2001","latitude":"48.3749260745","longitude":"2.66860191855","date_saisie":"23/03/2017","valide":"Non","ppo":"Non","obsolete":true}},{"type":"Feature","geometry":{"type":"Polygon","coordinates":[[[2.7132,48.2642],[2.7141,48.2642],[2.716,48.2644],[2.717,48.2622],[2.7165,48.2607],[2.7159,48.2606],[2.714,48.2611],[2.7132,48.2614],[2.7141,48.2626],[2.7132,48.2642]]]},"properties":{"id_ffco":"2210","nom":"COLLEGE RIMBAUD","_dept":"77","numero":"1990-D77-11","commune":"NEMOURS","echelle":"1/2500","surface":"0.08 km²","format":"A4","annee":"1990","proprietaire":"77 - Seine-et-Marne","niveau":"Initiation, Scolaire","specialite":"CO à pied","latitude":"48.2625032564","longitude":"2.71518020674","valide":"Non","ppo":"Non","type_carte":"Nouvelle carte","fond":"Cadastre","obsolete":true}},{"type":"Feature","geometry":{"type":"Polygon","coordinates":[[[2.6812,48.4013],[2.6753,48.4018],[2.6733,48.397],[2.6671,48.3998],[2.6673,48.4042],[2.6687,48.4069],[2.6739,48.4097],[2.6825,48.409],[2.6863,48.4084],[2.6868,48.4015],[2.6812,48.4013]]]},"properties":{"id_ffco":"3426","nom":"LA FAISANDERIE Carrefour du coq 2","_dept":"77","numero":"2001-D77-109","commune":"FONTAINEBLEAU","echelle":"1/10000","surface":"1.33 km²","format":"A4","annee":"2001","proprietaire":"7716 - BALISE 77 FONTAINEBLEAU-AVON","niveau":"Initiation, Scolaire","specialite":"CO à pied","latitude":"48.4043698607","longitude":"2.67650667045","date_saisie":"15/01/2002","date_depot":"11/03/2002","valide":"Non","ppo":"Non","type_carte":"Reprise","base":"1999-D77-93 LA FAISANDERIE - CARREFOUR DU COQ","fond":"Ortho","obsolete":true}},{"type":"Feature","geometry":{"type":"Polygon","coordinates":[[[2.5992,48.3034],[2.5993,48.3052],[2.6001,48.3061],[2.6018,48.3074],[2.6024,48.3077],[2.6021,48.3089],[2.6026,48.3094],[2.6044,48.3092],[2.6057,48.3091],[2.6058,48.3087],[2.6068,48.308],[2.6078,48.3084],[2.6085,48.3087],[2.6093,48.3088],[2.61,48.3088],[2.6126,48.3087],[2.6158,48.3081],[2.6175,48.3084],[2.6191,48.3089],[2.6215,48.3087],[2.6233,48.308],[2.6239,48.3077],[2.6208,48.3028],[2.6137,48.2994],[2.5992,48.3034]]]},"properties":{"id_ffco":"3423","nom":"LA DAME JOUANNE","_dept":"77","numero":"2001-D77-108","commune":"LARCHANT","echelle":"1/7500","surface":"1.34 km²","format":"A4","annee":"2001","cartographes":"mareignier","proprietaire":"7716 - BALISE 77 FONTAINEBLEAU-AVON","niveau":"Régional","specialite":"CO à pied","latitude":"48.3048869881","longitude":"2.61142087859","date_saisie":"15/01/2002","date_depot":"11/03/2002","valide":"Oui","ppo":"Non","type_carte":"Extrait","base":"2001-D77-106 LARCHANT 3","fond":"Laser","obsolete":true}},{"type":"Feature","geometry":{"type":"Polygon","coordinates":[[[2.5969,48.2907],[2.5963,48.2927],[2.5987,48.3001],[2.5994,48.304],[2.5989,48.3041],[2.5927,48.3043],[2.589,48.3035],[2.584,48.3011],[2.5838,48.2992],[2.5804,48.2977],[2.5796,48.2927],[2.5813,48.2895],[2.5895,48.2887],[2.5969,48.2907]]]},"properties":{"id_ffco":"3428","nom":"LE ROCHER DE L'ELEPHANT","_dept":"77","numero":"2001-D77-107","commune":"LARCHANT","echelle":"1/7500","surface":"1.88 km²","format":"A4","annee":"2001","proprietaire":"7716 - BALISE 77 FONTAINEBLEAU-AVON","niveau":"Régional","specialite":"CO à pied","latitude":"48.2963302435","longitude":"2.58967340591","date_saisie":"15/01/2002","date_depot":"11/03/2002","valide":"Oui","ppo":"Non","type_carte":"Extrait","base":"2001-D77-106 LARCHANT 3","fond":"Laser","obsolete":true}},{"type":"Feature","geometry":{"type":"Polygon","coordinates":[[[2.5973,48.2914],[2.6011,48.294],[2.6131,48.2998],[2.6208,48.3031],[2.6233,48.3077],[2.622,48.3081],[2.619,48.3086],[2.6157,48.3075],[2.6134,48.3057],[2.6106,48.3061],[2.6063,48.3057],[2.6057,48.309],[2.6035,48.3095],[2.602,48.3092],[2.6023,48.3077],[2.5995,48.3056],[2.5993,48.3036],[2.597,48.3042],[2.5918,48.304],[2.5912,48.3028],[2.5893,48.3028],[2.5875,48.3027],[2.5854,48.3015],[2.5846,48.3001],[2.5854,48.2992],[2.5827,48.2969],[2.5801,48.2966],[2.5785,48.2965],[2.578,48.2957],[2.5814,48.2931],[2.5817,48.2926],[2.5832,48.2916],[2.5839,48.291],[2.585,48.2916],[2.5865,48.291],[2.5888,48.2916],[2.5912,48.2918],[2.5946,48.2918],[2.5969,48.2919],[2.5973,48.2914]]]},"properties":{"id_ffco":"3425","nom":"LARCHANT 3","_dept":"77","numero":"2001-D77-106","commune":"LARCHANT","echelle":"1/10000","surface":"3.24 km²","format":"A3","annee":"2001","proprietaire":"7716 - BALISE 77 FONTAINEBLEAU-AVON","niveau":"Régional","specialite":"CO à pied","latitude":"48.2998460149","longitude":"2.59985528717","date_saisie":"15/01/2002","date_depot":"11/03/2002","valide":"Oui","ppo":"Non","type_carte":"Reprise","base":"1977-D77-73 LARCHANT 2","fond":"Ortho","obsolete":true}},{"type":"Feature","geometry":{"type":"Polygon","coordinates":[[[2.6957,48.3474],[2.6948,48.3554],[2.6925,48.3631],[2.6696,48.3614],[2.6438,48.3724],[2.6602,48.3655],[2.6557,48.3623],[2.6488,48.3577],[2.6434,48.3542],[2.6408,48.3501],[2.6402,48.3485],[2.6403,48.3473],[2.6411,48.3463],[2.6401,48.3442],[2.6432,48.3413],[2.6438,48.3402],[2.6447,48.3392],[2.6449,48.3388],[2.6449,48.3381],[2.6457,48.3377],[2.6472,48.3373],[2.648,48.3369],[2.6481,48.3366],[2.6482,48.3362],[2.6491,48.3358],[2.6517,48.335],[2.6566,48.3346],[2.6576,48.334],[2.6613,48.3337],[2.6621,48.333],[2.6634,48.3323],[2.6655,48.3318],[2.6659,48.3313],[2.6684,48.3309],[2.6712,48.3303],[2.6716,48.3302],[2.6721,48.3302],[2.6731,48.3307],[2.6745,48.3306],[2.6755,48.3301],[2.6769,48.3296],[2.6778,48.3293],[2.6785,48.3294],[2.6795,48.33],[2.6806,48.3305],[2.6824,48.331],[2.6836,48.3314],[2.6844,48.3314],[2.6868,48.3326],[2.6866,48.3333],[2.686,48.3341],[2.6851,48.3351],[2.6822,48.3353],[2.668,48.3363],[2.6706,48.3404],[2.6731,48.345],[2.6764,48.3454],[2.6811,48.3454],[2.6829,48.3454],[2.6837,48.3453],[2.6859,48.3447],[2.6925,48.3427],[2.6957,48.3474]]]},"properties":{"id_ffco":"9076","nom":"Le Clos du Roi","_dept":"77","numero":"2000-D77-103","commune":"RECLOSES","echelle":"1/20000","surface":"10.36 km²","format":"A4","annee":"2000","cartographes":"Pascale et Patrick Prévost","proprietaire":"7707 - ORIENTATION PLEIN AIR DE MONTIGNY-SUR-LOING","niveau":"Régional","specialite":"CO à VTT","contacts":"OPA MONTIGNY, siege social: , mairie de Montigny, 77690, MONTIGNY sur LOING, 01 64 31 19 51, 06 95 23 12 90, prevostpatrick@aol.com, http://opamontigny.free.fr/","latitude":"48.3487200194","longitude":"2.66753649825","date_saisie":"15/12/2015","valide":"Non","ppo":"Non","type_carte":"Reprise","base":"1998-D77-89 RECLOSES","fond":"Cadastre","obsolete":true}},{"type":"Feature","geometry":{"type":"Polygon","coordinates":[[[2.6875,48.378],[2.7235,48.3757],[2.7401,48.3763],[2.749,48.3837],[2.7542,48.3901],[2.741,48.3959],[2.692,48.3972],[2.6865,48.3787],[2.6875,48.378]]]},"properties":{"id_ffco":"10109","nom":"Rocher d'Avon Bouligny","_dept":"77","numero":"2001-D77-102","surface":"9.63 km²","annee":"2001","latitude":"48.3865007712","longitude":"2.71861274719","date_saisie":"23/03/2017","valide":"Non","ppo":"Non","obsolete":true}},{"type":"Feature","geometry":{"type":"Polygon","coordinates":[[[2.625,48.4505],[2.6219,48.4467],[2.5999,48.4379],[2.5994,48.4343],[2.5997,48.4275],[2.6219,48.4175],[2.6262,48.4162],[2.644,48.4145],[2.66,48.4295],[2.66,48.4332],[2.6473,48.4424],[2.625,48.4505]]]},"properties":{"id_ffco":"10108","nom":"Les gorges d'Apremont","_dept":"77","numero":"2001-D77-101","surface":"11.59 km²","annee":"2001","latitude":"48.4315110781","longitude":"2.62970962185","date_saisie":"23/03/2017","valide":"Non","ppo":"Non","obsolete":true}},{"type":"Feature","geometry":{"type":"Polygon","coordinates":[[[2.6775,48.3907],[2.65,48.3942],[2.6414,48.3979],[2.6337,48.3989],[2.6399,48.4077],[2.6538,48.4081],[2.6727,48.4101],[2.6785,48.409],[2.6854,48.4057],[2.6859,48.4009],[2.6763,48.4013],[2.6734,48.3993],[2.6804,48.393],[2.6775,48.3907]]]},"properties":{"id_ffco":"3258","nom":"LA SALAMANDRE 2","_dept":"77","numero":"1999-D77-100","commune":"FONTAINEBLEAU","echelle":"1/10000","surface":"5.34 km²","format":"A3","annee":"1999","niveau":"Interrégional","specialite":"CO à pied","latitude":"48.4012488547","longitude":"2.66113544288","valide":"Oui","ppo":"Non","type_carte":"Nouvelle carte","fond":"Cadastre","obsolete":true}},{"type":"Feature","geometry":{"type":"Polygon","coordinates":[[[2.7269,48.2666],[2.7245,48.2653],[2.7236,48.2636],[2.7258,48.2623],[2.726,48.2609],[2.7278,48.2609],[2.7305,48.2642],[2.7285,48.2662],[2.7269,48.2666]]]},"properties":{"id_ffco":"2208","nom":"BARAUDE","_dept":"77","numero":"1976-D77-10","commune":"NEMOURS","echelle":"1/5000","surface":"0.2 km²","annee":"1976","proprietaire":"IF - Île de France","specialite":"CO à pied","latitude":"48.2638493771","longitude":"2.72708494222","valide":"Non","ppo":"Non","obsolete":true}},{"type":"Feature","geometry":{"type":"Polygon","coordinates":[[[2.5831,48.4027],[2.5853,48.3987],[2.5798,48.3909],[2.5758,48.3842],[2.5792,48.3747],[2.5695,48.3735],[2.5638,48.372],[2.5616,48.3762],[2.5654,48.3799],[2.5613,48.3876],[2.5561,48.3945],[2.5622,48.4033],[2.5831,48.4027]]]},"properties":{"id_ffco":"3358","nom":"LE ROCHER DE LA REINE","_dept":"77","numero":"1999-D77-097","commune":"FONTAINEBLEAU","echelle":"1/10000","surface":"4.6 km²","format":"A3","annee":"1999","proprietaire":"7703 - CLUB SPORTIF DE LOISIRS DE LA GENDARMERIE DE MELUN","niveau":"Régional","specialite":"CO à pied","latitude":"48.3901445694","longitude":"2.57034497113","date_saisie":"18/10/2001","date_depot":"06/12/2001","valide":"Oui","ppo":"Non","type_carte":"Nouvelle carte","fond":"Cadastre","obsolete":true}},{"type":"Feature","geometry":{"type":"Polygon","coordinates":[[[2.547,48.4015],[2.5364,48.4037],[2.5313,48.4043],[2.5268,48.4042],[2.5237,48.4022],[2.5149,48.3946],[2.5198,48.39],[2.5582,48.3831],[2.5543,48.3911],[2.5538,48.394],[2.5455,48.3969],[2.547,48.4015]]]},"properties":{"id_ffco":"695","nom":"BOIS ROND","_dept":"77","numero":"1975-D77-06","commune":"Arbonne","echelle":"1/16667","surface":"4.33 km²","format":"A4","annee":"1975","cartographes":"DURIEUX Pierre,Bernard Vannier","proprietaire":"7703 - CLUB SPORTIF DE LOISIRS DE LA GENDARMERIE DE MELUN","niveau":"National, International","specialite":"CO à pied","contacts":"N'est plus distribuée","latitude":"48.3941211613","longitude":"2.53640392643","valide":"Non","ppo":"Non","type_carte":"Nouvelle carte","fond":"Cadastre","obsolete":true}},{"type":"Feature","geometry":{"type":"Polygon","coordinates":[[[2.7009,48.3963],[2.704,48.3921],[2.7047,48.3844],[2.7075,48.3675],[2.7085,48.3655],[2.741,48.3767],[2.749,48.3854],[2.7537,48.3904],[2.7419,48.3946],[2.7348,48.395],[2.7009,48.3963]]]},"properties":{"id_ffco":"711","nom":"ROCHER D'AVON n° triple","_dept":"77","numero":"1976-D77-055","commune":"FONTAINEBLEAU","echelle":"1/15000","surface":"8.26 km²","annee":"1976","proprietaire":"7701 - C.S.A. DU CENTRE NATIONAL DES SPORTS DE LA DEFENSE","specialite":"CO à pied","latitude":"48.3837456814","longitude":"2.72422957171","valide":"Non","ppo":"Non","obsolete":true}},{"type":"Feature","geometry":{"type":"Polygon","coordinates":[[[2.7081,48.4244],[2.7056,48.4229],[2.7023,48.4229],[2.6995,48.422],[2.6985,48.4205],[2.6984,48.4185],[2.7088,48.4188],[2.7105,48.423],[2.7081,48.4244]]]},"properties":{"id_ffco":"2209","nom":"MONT USSY","_dept":"77","numero":"1990-D77-05","commune":"FONTAINEBLEAU","echelle":"1/4000","surface":"0.39 km²","annee":"1990","proprietaire":"7704","specialite":"CO à pied","latitude":"48.4209337696","longitude":"2.70459087296","valide":"Non","ppo":"Non","obsolete":true}},{"type":"Feature","geometry":{"type":"Polygon","coordinates":[[[2.619,48.4177],[2.603,48.4166],[2.582,48.4138],[2.574,48.4142],[2.5664,48.4134],[2.5633,48.4086],[2.5597,48.3996],[2.558,48.396],[2.5649,48.3846],[2.5832,48.3837],[2.5896,48.3832],[2.5968,48.3861],[2.6104,48.3887],[2.628,48.3887],[2.6325,48.3982],[2.638,48.4049],[2.6394,48.4093],[2.6432,48.4136],[2.6256,48.4155],[2.619,48.4177]]]},"properties":{"id_ffco":"1283","nom":"FRANCHARD","_dept":"77","numero":"1983-D77-03","commune":"FONTAINEBLEAU","echelle":"1/20000","surface":"17.53 km²","annee":"1983","proprietaire":"77 - Seine-et-Marne","niveau":"Interrégional","specialite":"CO à pied","latitude":"48.4010830249","longitude":"2.59780804878","valide":"Non","ppo":"Non","obsolete":true}},{"type":"Feature","geometry":{"type":"Polygon","coordinates":[[[2.7166,48.3474],[2.719,48.3574],[2.7207,48.3698],[2.7242,48.3783],[2.7218,48.3841],[2.7225,48.3962],[2.7415,48.3951],[2.7556,48.3903],[2.7623,48.3873],[2.7628,48.3637],[2.7633,48.3558],[2.7642,48.3526],[2.768,48.3494],[2.7702,48.3471],[2.7166,48.3474]]]},"properties":{"id_ffco":"1255","nom":"MALMONTAGNE","_dept":"77","numero":"1983-D77-02","commune":"FONTAINEBLEAU","echelle":"1/20000","surface":"16.19 km²","annee":"1983","proprietaire":"77 - Seine-et-Marne","niveau":"Interrégional","specialite":"CO à pied","latitude":"48.369518125","longitude":"2.74141220915","valide":"Non","ppo":"Non","obsolete":true}},{"type":"Feature","geometry":{"type":"Polygon","coordinates":[[[2.928,48.8565],[2.9271,48.8559],[2.926,48.856],[2.9259,48.8582],[2.9256,48.8585],[2.9246,48.8595],[2.9244,48.86],[2.9247,48.8603],[2.9255,48.8607],[2.9326,48.8616],[2.9375,48.8629],[2.9389,48.8618],[2.9392,48.8616],[2.9394,48.8612],[2.9386,48.8606],[2.9382,48.8607],[2.9369,48.8598],[2.9366,48.8598],[2.9358,48.8593],[2.9351,48.859],[2.9337,48.8589],[2.9326,48.8587],[2.9304,48.8585],[2.9291,48.8581],[2.9292,48.8577],[2.9292,48.8573],[2.9288,48.857],[2.9283,48.8568],[2.9281,48.8566],[2.928,48.8565]]]},"properties":{"id_ffco":"8972","nom":"Le Château de la Chapelle","_dept":"77","numero":"2011-D77-0190","commune":"Crécy-la-Chapelle","echelle":"1/4000","surface":"0.36 km²","format":"A4","annee":"2011","cartographes":"Hervé Quinquenel","proprietaire":"9404 - ASSOCIATION SPORTIVE DE L'IGN","niveau":"Départemental","specialite":"Sprint (ISSOM)","latitude":"48.8598458963","longitude":"2.93128752849","date_saisie":"01/12/2015","date_depot":"28/04/2017","valide":"Oui","ppo":"Non","type_carte":"Nouvelle carte","fond":"Ortho","obsolete":true}},{"type":"Feature","geometry":{"type":"Polygon","coordinates":[[[2.5832,48.3564],[2.5894,48.3577],[2.6108,48.3711],[2.6005,48.3838],[2.5969,48.3891],[2.5853,48.3918],[2.5575,48.3926],[2.5656,48.3834],[2.5625,48.3768],[2.5637,48.3698],[2.582,48.3556],[2.5832,48.3564]]]},"properties":{"id_ffco":"697","nom":"HTE BORNE-BEORLOTS","_dept":"77","numero":"1976-D77-016","commune":"FONTAINEBLEAU","echelle":"1/15000","surface":"10.06 km²","annee":"1976","proprietaire":"77 - Seine-et-Marne","specialite":"CO à pied","latitude":"48.3758788656","longitude":"2.58358957544","valide":"Non","ppo":"Non","obsolete":true}},{"type":"Feature","geometry":{"type":"Polygon","coordinates":[[[2.5642,48.37],[2.566,48.37],[2.5749,48.3673],[2.5797,48.3662],[2.5864,48.3639],[2.5885,48.3629],[2.5934,48.3653],[2.5994,48.3676],[2.6059,48.3673],[2.6104,48.371],[2.6035,48.3811],[2.5939,48.3801],[2.5805,48.3814],[2.5724,48.3823],[2.5627,48.3727],[2.5642,48.37]]]},"properties":{"id_ffco":"696","nom":"HAUTE BORNE","_dept":"77","numero":"1976-D77-001","commune":"FONTAINEBLEAU","echelle":"1/20000","surface":"4.94 km²","annee":"1976","proprietaire":"7701 - C.S.A. DU CENTRE NATIONAL DES SPORTS DE LA DEFENSE","specialite":"CO à pied","latitude":"48.3733874136","longitude":"2.58681459146","valide":"Non","ppo":"Non","obsolete":true}},{"type":"Feature","geometry":null,"properties":{"id_ffco":"2234","nom":"RU GUERIN 77","_dept":"77","numero":"1994-D77-00","echelle":"1/5000","surface":"0.35 km²","annee":"1994","proprietaire":"7707 - ORIENTATION PLEIN AIR DE MONTIGNY-SUR-LOING","specialite":"CO à pied","latitude":"48.841082","longitude":"2.999366","valide":"Non","ppo":"Non","obsolete":true}}]}