{"type":"FeatureCollection","features":[{"type":"Feature","geometry":null,"properties":{"id_ffco":"2026-D81-445","nom":"Albi - la Madeleine","_dept":"81","numero":"2026-D81-445","commune":"Albi","echelle":"1/4000","surface":"None km²","format":"A4","annee":"2026","cartographes":"FRAYSSINET Laurent","niveau":"Régional","specialite":"CO à pied","date_saisie":"12/05/2026","valide":"Non","ppo":"Non","type_carte":"Nouvelle carte","fond":"Ortho","obsolete":false}},{"type":"Feature","geometry":null,"properties":{"id_ffco":"15642","nom":"Gaillac","_dept":"81","numero":"2026-D81-444","commune":"Gaillac","echelle":"1/4000","surface":"None km²","format":"A4","annee":"2026","date_saisie":"09/05/2026","valide":"Non","ppo":"Non","type_carte":"Nouvelle carte","fond":"Cadastre","obsolete":false}},{"type":"Feature","geometry":{"type":"Polygon","coordinates":[[[2.235,43.466],[2.2386,43.467],[2.241,43.4655],[2.2425,43.4614],[2.2463,43.4608],[2.2521,43.4594],[2.254,43.4573],[2.2569,43.4568],[2.2585,43.4534],[2.2516,43.4386],[2.2429,43.4345],[2.2396,43.4348],[2.2298,43.4282],[2.2274,43.4233],[2.2018,43.4257],[2.1941,43.4365],[2.1946,43.4397],[2.201,43.4442],[2.2142,43.4529],[2.2195,43.457],[2.2293,43.4618],[2.235,43.466]]]},"properties":{"id_ffco":"15616","nom":"Fontbruno Raid","_dept":"81","numero":"2026-D81-443","commune":"Arfons","echelle":"1/15000","surface":"14.55 km²","format":"A3","annee":"2026","cartographes":"Léo Falcone","proprietaire":"8104 - AZIMUT ORIENTATION CASTRES","niveau":"Régional","specialite":"Raid'O","latitude":"43.4435500739","longitude":"2.22693324388","date_saisie":"14/04/2026","valide":"Non","ppo":"Non","type_carte":"Nouvelle carte","fond":"Ortho","obsolete":false}},{"type":"Feature","geometry":{"type":"Polygon","coordinates":[[[2.457,43.8873],[2.4567,43.8864],[2.4567,43.8855],[2.4565,43.8847],[2.457,43.8844],[2.4577,43.8844],[2.4586,43.8847],[2.4597,43.8856],[2.4602,43.8864],[2.4609,43.8872],[2.4613,43.8875],[2.462,43.8873],[2.4626,43.887],[2.4632,43.8867],[2.4639,43.8864],[2.4642,43.8858],[2.4645,43.8854],[2.4654,43.8856],[2.4666,43.8861],[2.4671,43.8864],[2.4669,43.8871],[2.4657,43.8878],[2.4649,43.8883],[2.4642,43.8883],[2.4633,43.8881],[2.463,43.8885],[2.4626,43.889],[2.4632,43.8894],[2.4631,43.8899],[2.4623,43.8904],[2.4612,43.8906],[2.4599,43.8906],[2.4576,43.8897],[2.456,43.8894],[2.4553,43.8888],[2.4562,43.8882],[2.457,43.8878],[2.457,43.8873]]]},"properties":{"id_ffco":"15612","nom":"Alban","_dept":"81","numero":"2026-D81-442","commune":"Alban","echelle":"1/4000","surface":"0.32 km²","format":"A4","annee":"2026","cartographes":"FRAYSSINET Laurent","proprietaire":"81 - Tarn","niveau":"Initiation, Scolaire","specialite":"CO à pied","latitude":"43.8877402053","longitude":"2.46054539208","date_saisie":"12/04/2026","valide":"Non","ppo":"Non","type_carte":"Nouvelle carte","fond":"Ortho","obsolete":false}},{"type":"Feature","geometry":{"type":"Polygon","coordinates":[[[2.1642,43.9434],[2.1659,43.9428],[2.1678,43.9422],[2.1691,43.9414],[2.17,43.9402],[2.1716,43.9372],[2.1714,43.9341],[2.1713,43.9335],[2.1682,43.9323],[2.1666,43.9321],[2.1662,43.9321],[2.166,43.9327],[2.1648,43.9335],[2.164,43.9338],[2.1619,43.9339],[2.1603,43.9333],[2.1591,43.9334],[2.1587,43.9335],[2.1577,43.9338],[2.1568,43.9339],[2.156,43.9339],[2.1556,43.9347],[2.1549,43.9359],[2.1568,43.9364],[2.1585,43.9368],[2.1602,43.9378],[2.1618,43.939],[2.1627,43.9404],[2.1635,43.9421],[2.1642,43.9434]]]},"properties":{"id_ffco":"15613","nom":"La Mouline","_dept":"81","numero":"2026-D81-441","commune":"Albi","echelle":"1/4000","surface":"0.92 km²","format":"+","annee":"2026","cartographes":"FRAYSSINET Laurent","proprietaire":"8106 - ALBI RESSORT","niveau":"Régional","specialite":"CO à pied","latitude":"43.9369782912","longitude":"2.16494150949","date_saisie":"12/04/2026","valide":"Non","ppo":"Non","type_carte":"Nouvelle carte","fond":"Ortho","obsolete":false}},{"type":"Feature","geometry":{"type":"Polygon","coordinates":[[[2.1683,43.9265],[2.17,43.9264],[2.1715,43.9262],[2.1718,43.9262],[2.1728,43.9277],[2.1733,43.9285],[2.1734,43.9296],[2.1731,43.9306],[2.1728,43.9314],[2.1697,43.9317],[2.1682,43.9319],[2.1655,43.9349],[2.1587,43.9339],[2.1583,43.9337],[2.1582,43.9332],[2.1585,43.9324],[2.1594,43.9324],[2.1604,43.9321],[2.1613,43.9321],[2.1624,43.933],[2.1633,43.9328],[2.1638,43.9326],[2.1646,43.9325],[2.1654,43.9323],[2.1651,43.9292],[2.1654,43.9284],[2.166,43.9279],[2.1673,43.9272],[2.1683,43.9265]]]},"properties":{"id_ffco":"15611","nom":"Puech Buffard","_dept":"81","numero":"2026-D81-440","commune":"Albi","echelle":"1/4000","surface":"0.5 km²","format":"A3","annee":"2026","cartographes":"FRAYSSINET Laurent","proprietaire":"8106 - ALBI RESSORT","niveau":"Régional","specialite":"CO à pied","latitude":"43.9305528088","longitude":"2.16733104705","date_saisie":"12/04/2026","valide":"Non","ppo":"Non","type_carte":"Nouvelle carte","fond":"Ortho","obsolete":false}},{"type":"Feature","geometry":null,"properties":{"id_ffco":"15572","nom":"MEZENS","_dept":"81","numero":"2026-D81-439","commune":"MEZENS","echelle":"1/10000","surface":"None km²","format":"A3","annee":"2026","cartographes":"Léo FALCON","proprietaire":"8105 - BALISE ORIENTATION ALBIGEOISE","niveau":"National, International","specialite":"CO à pied","date_saisie":"24/03/2026","valide":"Non","ppo":"Non","type_carte":"Reprise","base":"2021-D81-355 MEZENS","fond":"Ortho","obsolete":false}},{"type":"Feature","geometry":{"type":"Polygon","coordinates":[[[2.1397,43.9343],[2.1389,43.9335],[2.1385,43.933],[2.1382,43.9324],[2.138,43.9319],[2.1381,43.9314],[2.1385,43.9313],[2.1393,43.9296],[2.1384,43.9292],[2.1366,43.9285],[2.134,43.9287],[2.1318,43.9296],[2.1308,43.9306],[2.1307,43.9315],[2.1346,43.9357],[2.1377,43.935],[2.1396,43.9344],[2.1397,43.9343]]]},"properties":{"id_ffco":"15555","nom":"BASE DE LOISIRS PRATGRAUSSALS \"4\"","_dept":"81","numero":"2026-D81-438","commune":"ALBI","echelle":"1/4000","surface":"0.39 km²","format":"A4","annee":"2026","cartographes":"ESCUDIE Christian","proprietaire":"8105 - BALISE ORIENTATION ALBIGEOISE","niveau":"Régional","specialite":"CO à pied","latitude":"43.9318660752","longitude":"2.13531301459","date_saisie":"11/03/2026","valide":"Non","ppo":"Non","type_carte":"Reprise","base":"2011-D81-186 BASE DE LOISIRS DE PRATGRAUSAL \"2\"","fond":"Ortho","obsolete":false}},{"type":"Feature","geometry":{"type":"Polygon","coordinates":[[[1.9918,43.7629],[1.9917,43.7632],[1.9945,43.765],[1.9949,43.7649],[1.9961,43.7648],[1.9962,43.764],[1.9964,43.7632],[1.9961,43.7627],[1.9958,43.7626],[1.9947,43.7627],[1.9918,43.7629]]]},"properties":{"id_ffco":"15554","nom":"COMPLEXE SPORTIF NOEL PELISSOU \"4\"","_dept":"81","numero":"2026-D81-437","commune":"GRAULHET","echelle":"1/2000","surface":"0.07 km²","format":"A5","annee":"2026","cartographes":"ESCUDIE Christian","proprietaire":"8105 - BALISE ORIENTATION ALBIGEOISE","niveau":"Départemental","specialite":"CO à pied","latitude":"43.7636509914","longitude":"1.99444897055","date_saisie":"11/03/2026","valide":"Non","ppo":"Non","type_carte":"Reprise","base":"2022-D81-356 COMPLEXE SPORTIF NOËL PELISSOU \"3\"","fond":"Ortho","obsolete":false}},{"type":"Feature","geometry":{"type":"Polygon","coordinates":[[[2.5029,43.6239],[2.5029,43.6246],[2.5043,43.6254],[2.506,43.626],[2.5101,43.627],[2.5139,43.6279],[2.5174,43.629],[2.5196,43.6266],[2.5202,43.623],[2.5187,43.6208],[2.5177,43.6204],[2.517,43.6202],[2.5164,43.6202],[2.5156,43.6201],[2.515,43.6202],[2.5139,43.6202],[2.5132,43.6202],[2.5112,43.6203],[2.5118,43.6213],[2.5103,43.6221],[2.5097,43.6225],[2.508,43.6223],[2.5063,43.6223],[2.5051,43.6238],[2.5029,43.6239]]]},"properties":{"id_ffco":"15471","nom":"Le Salas","_dept":"81","numero":"2026-D81-436","commune":"Brassac","echelle":"1/7500","surface":"0.83 km²","format":"A4","annee":"2026","cartographes":"FRAYSSINET Laurent","proprietaire":"81 - Tarn","niveau":"Départemental","specialite":"CO à pied","latitude":"43.6243011409","longitude":"2.51323323692","date_saisie":"01/02/2026","valide":"Non","ppo":"Non","type_carte":"Nouvelle carte","fond":"Ortho","obsolete":false}},{"type":"Feature","geometry":{"type":"Polygon","coordinates":[[[1.992,43.9096],[1.9903,43.9096],[1.9879,43.9084],[1.9866,43.9068],[1.9853,43.9044],[1.9853,43.9035],[1.9806,43.9029],[1.9793,43.9055],[1.9793,43.9081],[1.9804,43.9083],[1.9811,43.9093],[1.9819,43.9099],[1.9825,43.9102],[1.9823,43.9111],[1.9832,43.9112],[1.9826,43.9122],[1.9829,43.9129],[1.9832,43.9132],[1.9848,43.9132],[1.9867,43.9136],[1.9888,43.9139],[1.9907,43.9138],[1.9921,43.9139],[1.9929,43.913],[1.9928,43.912],[1.9928,43.9106],[1.992,43.9096]]]},"properties":{"id_ffco":"15452","nom":"AIGUELEZE","_dept":"81","numero":"2026-D81-435","commune":"RIVIERES","echelle":"1/4000","surface":"0.76 km²","format":"A3","annee":"2026","cartographes":"ESCUDIE Christian","proprietaire":"Mairie de RIVIERES","niveau":"Interrégional","specialite":"Sprint (ISSOM)","latitude":"43.9090193687","longitude":"1.98547518918","date_saisie":"20/01/2026","valide":"Non","ppo":"Oui (40 postes)","type_carte":"Reprise","base":"2024-D81-414 Aiguelèze","fond":"Ortho","obsolete":false}},{"type":"Feature","geometry":{"type":"Polygon","coordinates":[[[1.9435,44.0678],[1.9439,44.0664],[1.9504,44.0663],[1.9503,44.0672],[1.9492,44.0673],[1.9485,44.0677],[1.9477,44.0681],[1.9469,44.0681],[1.9458,44.068],[1.9451,44.0678],[1.9446,44.0679],[1.9444,44.0681],[1.9441,44.0681],[1.944,44.068],[1.9438,44.0679],[1.9435,44.0678]]]},"properties":{"id_ffco":"15440","nom":"Collège Val Cerou Cordes Sur Ciel","_dept":"81","numero":"2026-D81-434","commune":"CORDES SUR CIEL","echelle":"1/2000","surface":"0.09 km²","format":"A4","annee":"2026","cartographes":"ESCUDIE Christian","proprietaire":"BOA Collège Val Cerou Cordes sur Ciel","niveau":"Initiation, Scolaire","specialite":"CO à pied","latitude":"44.0671145625","longitude":"1.94674029759","date_saisie":"13/01/2026","valide":"Non","ppo":"Non","type_carte":"Reprise","base":"2009-D81-106 COLLEGE VAL CEROU CORDES SUR CIEL","fond":"Ortho","obsolete":false}},{"type":"Feature","geometry":{"type":"Polygon","coordinates":[[[2.1104,43.9025],[2.1122,43.9019],[2.1135,43.9011],[2.1159,43.9008],[2.1215,43.9004],[2.1231,43.9006],[2.1225,43.9029],[2.1207,43.905],[2.1196,43.9048],[2.119,43.9059],[2.1191,43.9064],[2.1201,43.9067],[2.1192,43.9075],[2.116,43.907],[2.1138,43.9067],[2.1128,43.9061],[2.1122,43.9044],[2.1104,43.9025]]]},"properties":{"id_ffco":"15323","nom":"Forêt du Séquestre","_dept":"81","numero":"2025-D81-433","commune":"Le Séquestre","echelle":"1/4000","surface":"0.51 km²","format":"A4","annee":"2025","cartographes":"FRAYSSINET Laurent","proprietaire":"8106 - ALBI RESSORT","niveau":"Départemental","specialite":"CO à pied","latitude":"43.9035530001","longitude":"2.11697307965","date_saisie":"14/11/2025","date_depot":"24/02/2026","valide":"Oui","ppo":"Non","type_carte":"Nouvelle carte","fond":"Ortho","obsolete":false}},{"type":"Feature","geometry":{"type":"Polygon","coordinates":[[[2.2082,43.401],[2.2075,43.3999],[2.2073,43.3994],[2.2075,43.3989],[2.208,43.3978],[2.2084,43.3974],[2.2092,43.3971],[2.2107,43.3972],[2.2112,43.3973],[2.2117,43.397],[2.2117,43.3973],[2.2111,43.3981],[2.2097,43.3993],[2.2089,43.4004],[2.2088,43.401],[2.2082,43.401]]]},"properties":{"id_ffco":"15240","nom":"CCAS Château de Ramondens","_dept":"81","numero":"2025-D81-432","commune":"Arfons","echelle":"1/2000","surface":"0.08 km²","format":"A4","annee":"2025","cartographes":"Léo Falcone","proprietaire":"8104 - AZIMUT ORIENTATION CASTRES","niveau":"Initiation, Scolaire","specialite":"CO à pied","latitude":"43.3986615576","longitude":"2.20914491048","date_saisie":"11/10/2025","date_depot":"24/02/2026","valide":"Oui","ppo":"Non","type_carte":"Nouvelle carte","fond":"Ortho","obsolete":false}},{"type":"Feature","geometry":{"type":"Polygon","coordinates":[[[2.1391,43.9288],[2.1412,43.9298],[2.1431,43.9306],[2.1448,43.931],[2.1471,43.9317],[2.1485,43.9257],[2.1456,43.9254],[2.1448,43.9248],[2.1447,43.9256],[2.1429,43.9259],[2.142,43.9267],[2.1409,43.9267],[2.1403,43.9268],[2.1396,43.9268],[2.1391,43.9276],[2.1382,43.9283],[2.1391,43.9288]]]},"properties":{"id_ffco":"15238","nom":"Albi vieille ville 5","_dept":"81","numero":"2025-D81-431","commune":"Albi","echelle":"1/4000","surface":"0.35 km²","format":"A4","annee":"2025","cartographes":"FRAYSSINET Laurent","proprietaire":"81 - Tarn","niveau":"Régional","specialite":"CO à pied","latitude":"43.9282197914","longitude":"2.14419173461","date_saisie":"09/10/2025","date_depot":"24/02/2026","valide":"Oui","ppo":"Non","type_carte":"Reprise","base":"2024-D81-416 Albi Vieille Ville","fond":"Ortho","obsolete":false}},{"type":"Feature","geometry":{"type":"Polygon","coordinates":[[[2.129,43.7045],[2.1299,43.7001],[2.1298,43.699],[2.1295,43.6981],[2.1294,43.6975],[2.1304,43.6974],[2.1318,43.698],[2.1331,43.6989],[2.1334,43.6992],[2.1327,43.7001],[2.1322,43.7006],[2.132,43.701],[2.1321,43.7013],[2.1327,43.7017],[2.1334,43.702],[2.1336,43.7023],[2.1334,43.7024],[2.1339,43.7032],[2.1338,43.7036],[2.1327,43.7037],[2.1318,43.7037],[2.1315,43.704],[2.1312,43.7046],[2.131,43.7047],[2.1299,43.7047],[2.1292,43.7048],[2.129,43.7048],[2.129,43.7045]]]},"properties":{"id_ffco":"15031","nom":"Complexe Aquaval Lautrec 2","_dept":"81","numero":"2025-D81-430","commune":"Lautrec","echelle":"1/3500","surface":"0.2 km²","format":"A4","annee":"2025","cartographes":"ESCUDIE Christian","niveau":"Départemental","specialite":"CO à pied","latitude":"43.7013057782","longitude":"2.1311562302","date_saisie":"11/05/2025","date_depot":"24/02/2026","valide":"Oui","ppo":"Oui (50 postes)","type_carte":"Reprise","base":"2014-D81-237 BASE DE LOISIRS \"LAUTREC\"","fond":"Ortho","obsolete":false}},{"type":"Feature","geometry":{"type":"Polygon","coordinates":[[[1.8861,43.7024],[1.8861,43.6978],[1.8867,43.6977],[1.8897,43.6979],[1.8918,43.6978],[1.8925,43.6979],[1.8978,43.6979],[1.8978,43.6985],[1.8973,43.6989],[1.8977,43.6993],[1.8981,43.7002],[1.8983,43.7006],[1.8989,43.7007],[1.8991,43.7042],[1.8947,43.7042],[1.8931,43.7043],[1.8921,43.7041],[1.8911,43.704],[1.8907,43.704],[1.8903,43.704],[1.8897,43.7041],[1.8885,43.704],[1.8879,43.703],[1.8868,43.7025],[1.8861,43.7024]]]},"properties":{"id_ffco":"15014","nom":"La Père - La Font Razou","_dept":"81","numero":"2025-D81-429","commune":"Fiac","echelle":"1/5000","surface":"0.67 km²","format":"A4","annee":"2025","cartographes":"ESCUDIE Christian","proprietaire":"8105 - BALISE ORIENTATION ALBIGEOISE","niveau":"Initiation, Scolaire","specialite":"CO à pied","latitude":"43.7009879444","longitude":"1.89252566978","date_saisie":"27/04/2025","date_depot":"23/02/2026","valide":"Oui","ppo":"Non","type_carte":"Nouvelle carte","fond":"Ortho","obsolete":false}},{"type":"Feature","geometry":{"type":"Polygon","coordinates":[[[2.2539,43.531],[2.2544,43.5308],[2.2557,43.5321],[2.2557,43.5348],[2.2582,43.5348],[2.2596,43.5343],[2.26,43.534],[2.2596,43.5314],[2.2586,43.5314],[2.2559,43.5268],[2.255,43.5269],[2.2539,43.5258],[2.2501,43.5257],[2.2517,43.5282],[2.2539,43.531]]]},"properties":{"id_ffco":"14982","nom":"Domaine d'En Laure 2025","_dept":"81","numero":"2025-D81-428","commune":"Labruguière","echelle":"1/4000","surface":"0.35 km²","format":"A4","annee":"2025","cartographes":"FRAYSSINET Laurent","proprietaire":"8104 - AZIMUT ORIENTATION CASTRES","niveau":"Initiation, Scolaire","specialite":"CO à pied","latitude":"43.5301388387","longitude":"2.25556318088","date_saisie":"11/04/2025","date_depot":"23/02/2026","valide":"Oui","ppo":"Oui (23 postes)","type_carte":"Nouvelle carte","fond":"Ortho","obsolete":false}},{"type":"Feature","geometry":{"type":"Polygon","coordinates":[[[2.2536,43.6252],[2.2696,43.6204],[2.2702,43.6184],[2.2675,43.6141],[2.2649,43.6146],[2.2644,43.6125],[2.2576,43.6124],[2.2565,43.6142],[2.2554,43.6152],[2.2537,43.6159],[2.2525,43.6177],[2.2517,43.618],[2.2509,43.618],[2.2491,43.6187],[2.2481,43.6187],[2.2471,43.6183],[2.246,43.619],[2.2529,43.6245],[2.2536,43.6252]]]},"properties":{"id_ffco":"14981","nom":"Gourjade","_dept":"81","numero":"2025-D81-427","commune":"Castres","echelle":"1/7500","surface":"1.56 km²","format":"A4","annee":"2025","cartographes":"FRAYSSINET Laurent","proprietaire":"8104 - AZIMUT ORIENTATION CASTRES","niveau":"Départemental","specialite":"CO à pied","latitude":"43.6186629421","longitude":"2.25919871775","date_saisie":"11/04/2025","date_depot":"23/02/2026","valide":"Oui","ppo":"Oui (50 postes)","type_carte":"Nouvelle carte","base":"2005-D81-032 CASTRES GOURJADE","fond":"Ortho","obsolete":false}},{"type":"Feature","geometry":{"type":"Polygon","coordinates":[[[2.4265,43.6518],[2.419,43.6518],[2.4185,43.6515],[2.4181,43.6509],[2.4184,43.6501],[2.4188,43.6491],[2.4194,43.649],[2.4204,43.6488],[2.4206,43.6484],[2.4204,43.6477],[2.4201,43.6467],[2.42,43.6459],[2.4205,43.6442],[2.4214,43.6411],[2.4216,43.6383],[2.4226,43.6362],[2.4244,43.6351],[2.4279,43.6346],[2.4295,43.6358],[2.4312,43.6365],[2.4319,43.6364],[2.4324,43.6367],[2.4287,43.6447],[2.428,43.6498],[2.4273,43.6519],[2.4265,43.6518]]]},"properties":{"id_ffco":"14978","nom":"Guyor Haut","_dept":"81","numero":"2025-D81-426","commune":"Le Bez","echelle":"1/7500","surface":"1.31 km²","format":"A4","annee":"2025","cartographes":"FRAYSSINET Laurent","proprietaire":"8104 - AZIMUT ORIENTATION CASTRES","niveau":"Départemental","specialite":"CO à pied","latitude":"43.6434075188","longitude":"2.42513099419","date_saisie":"11/04/2025","date_depot":"23/02/2026","valide":"Oui","ppo":"Non","type_carte":"Nouvelle carte","fond":"Ortho","obsolete":false}},{"type":"Feature","geometry":{"type":"Polygon","coordinates":[[[2.0705,43.4342],[2.0713,43.4341],[2.0722,43.4343],[2.0728,43.4339],[2.0732,43.4334],[2.0743,43.4339],[2.077,43.4351],[2.0791,43.4359],[2.0808,43.4364],[2.0815,43.4371],[2.082,43.4387],[2.0816,43.442],[2.0816,43.4429],[2.0803,43.4445],[2.0788,43.4458],[2.0782,43.4466],[2.0765,43.4474],[2.0749,43.4484],[2.0737,43.4497],[2.0728,43.4508],[2.0701,43.4505],[2.0677,43.4508],[2.0664,43.451],[2.0657,43.451],[2.0649,43.4508],[2.0645,43.4503],[2.0647,43.4492],[2.0639,43.4477],[2.0632,43.4459],[2.0628,43.4454],[2.0628,43.444],[2.0644,43.4403],[2.0638,43.4399],[2.064,43.4389],[2.0662,43.4379],[2.0683,43.4378],[2.0698,43.4375],[2.0706,43.4365],[2.0707,43.4358],[2.0705,43.4342]]]},"properties":{"id_ffco":"14926","nom":"Berniquaut","_dept":"81","numero":"2025-D81-425","commune":"Sorèze","echelle":"1/7500","surface":"2.06 km²","format":"A4","annee":"2025","cartographes":"FRAYSSINET Laurent","proprietaire":"8104 - AZIMUT ORIENTATION CASTRES","niveau":"Départemental","specialite":"Raid'O","latitude":"43.442526754","longitude":"2.07221151577","date_saisie":"04/03/2025","date_depot":"23/02/2026","valide":"Oui","ppo":"Non","type_carte":"Nouvelle carte","fond":"Ortho","obsolete":false}},{"type":"Feature","geometry":{"type":"Polygon","coordinates":[[[2.2304,43.4102],[2.2296,43.4047],[2.2289,43.4032],[2.2271,43.4024],[2.2258,43.4001],[2.2249,43.3988],[2.2261,43.3964],[2.2237,43.3949],[2.2211,43.3944],[2.2198,43.3919],[2.2179,43.3896],[2.2167,43.3879],[2.2136,43.3873],[2.2113,43.3868],[2.2083,43.3868],[2.2069,43.3867],[2.2044,43.3878],[2.2019,43.3877],[2.201,43.3882],[2.1997,43.3889],[2.1995,43.3896],[2.197,43.3903],[2.1961,43.3898],[2.1946,43.3905],[2.1934,43.3925],[2.1935,43.3934],[2.194,43.3937],[2.1944,43.3942],[2.1932,43.3949],[2.1926,43.3948],[2.1921,43.3942],[2.1908,43.3941],[2.1896,43.3937],[2.1863,43.395],[2.1854,43.3963],[2.1834,43.3981],[2.1824,43.398],[2.1818,43.3981],[2.1809,43.3993],[2.1799,43.3997],[2.1795,43.3999],[2.1796,43.4014],[2.1798,43.402],[2.1805,43.4032],[2.181,43.4044],[2.1831,43.4037],[2.1862,43.4039],[2.1879,43.4053],[2.1894,43.4065],[2.1888,43.4076],[2.1889,43.4088],[2.1893,43.4101],[2.19,43.4092],[2.1907,43.4089],[2.1915,43.4091],[2.1919,43.41],[2.192,43.4114],[2.1938,43.4126],[2.1947,43.4149],[2.1956,43.4194],[2.1956,43.4206],[2.1968,43.4223],[2.198,43.424],[2.198,43.4263],[2.1963,43.4291],[2.1961,43.4313],[2.1983,43.4331],[2.1977,43.4338],[2.1974,43.4342],[2.1975,43.4346],[2.1964,43.436],[2.1968,43.4371],[2.1977,43.4377],[2.1988,43.438],[2.2002,43.4379],[2.2007,43.4385],[2.2011,43.4391],[2.2246,43.4425],[2.2316,43.4425],[2.2323,43.4396],[2.2311,43.4374],[2.2307,43.4348],[2.2279,43.4322],[2.2249,43.4314],[2.2234,43.4315],[2.223,43.4291],[2.2225,43.4277],[2.2216,43.4265],[2.2238,43.4258],[2.223,43.4224],[2.2235,43.4199],[2.2233,43.4167],[2.2274,43.4149],[2.2285,43.4132],[2.2292,43.4121],[2.23,43.4117],[2.2304,43.4102]]]},"properties":{"id_ffco":"14909","nom":"Ramondens","_dept":"81","numero":"2025-D81-424","commune":"Arfons","echelle":"1/15000","surface":"15.85 km²","format":"A3","annee":"2025","cartographes":"Léo Falcone","proprietaire":"8104 - AZIMUT ORIENTATION CASTRES","niveau":"Régional","specialite":"Raid'O","latitude":"43.4135597856","longitude":"2.20931197713","date_saisie":"17/02/2025","date_depot":"23/02/2026","valide":"Oui","ppo":"Non","type_carte":"Reprise","base":"2011-D81-185 CHATEAU DE RAMONDENS \"2\"","fond":"Ortho","obsolete":false}},{"type":"Feature","geometry":{"type":"Polygon","coordinates":[[[2.2863,43.5437],[2.2828,43.5401],[2.2845,43.5388],[2.287,43.5382],[2.288,43.5371],[2.2895,43.5367],[2.2914,43.5367],[2.2921,43.5366],[2.2941,43.5356],[2.2954,43.5347],[2.3001,43.53],[2.3009,43.53],[2.3006,43.5295],[2.3009,43.5284],[2.3014,43.5276],[2.3024,43.5274],[2.304,43.5272],[2.3055,43.5274],[2.3071,43.528],[2.3082,43.5286],[2.3033,43.5336],[2.3008,43.537],[2.2995,43.5386],[2.2975,43.5399],[2.2955,43.54],[2.2941,43.5403],[2.2922,43.541],[2.2925,43.5421],[2.2863,43.5437]]]},"properties":{"id_ffco":"14907","nom":"Bonnery - Pisse-Lièvre","_dept":"81","numero":"2025-D81-423","commune":"Caucalières","echelle":"1/10000","surface":"1.21 km²","format":"A4","annee":"2025","cartographes":"FRAYSSINET Laurent","proprietaire":"8104 - AZIMUT ORIENTATION CASTRES","niveau":"Régional","specialite":"CO à pied","latitude":"43.5360140434","longitude":"2.29585724853","date_saisie":"15/02/2025","date_depot":"23/02/2026","valide":"Oui","ppo":"Non","type_carte":"Nouvelle carte","fond":"Ortho","obsolete":false}},{"type":"Feature","geometry":{"type":"Polygon","coordinates":[[[2.064,43.4405],[2.0645,43.4408],[2.0649,43.4404],[2.0659,43.4399],[2.0665,43.4394],[2.0672,43.4391],[2.0676,43.439],[2.0687,43.4388],[2.0695,43.4386],[2.0699,43.4384],[2.0699,43.4379],[2.0694,43.4377],[2.0684,43.4377],[2.0672,43.4378],[2.0663,43.4378],[2.0655,43.4382],[2.0646,43.4385],[2.0639,43.4389],[2.0637,43.4391],[2.064,43.4405]]]},"properties":{"id_ffco":"14904","nom":"Durfort","_dept":"81","numero":"2025-D81-422","commune":"Durfort","echelle":"1/2000","surface":"0.08 km²","format":"A4","annee":"2025","cartographes":"FRAYSSINET Laurent","proprietaire":"8104 - AZIMUT ORIENTATION CASTRES","niveau":"Initiation, Scolaire","specialite":"Sprint (ISSOM)","latitude":"43.4388640301","longitude":"2.06643203767","date_saisie":"12/02/2025","date_depot":"23/02/2026","valide":"Oui","ppo":"Non","type_carte":"Nouvelle carte","fond":"Ortho","obsolete":false}},{"type":"Feature","geometry":{"type":"Polygon","coordinates":[[[1.7555,43.763],[1.7564,43.7639],[1.7596,43.7641],[1.76,43.7639],[1.7595,43.7622],[1.7587,43.7621],[1.7556,43.7629],[1.7555,43.763]]]},"properties":{"id_ffco":"14885","nom":"Ecole Primaire St Lieux les Lavaur","_dept":"81","numero":"2025-D81-421","commune":"St Lieux les Lavaur","echelle":"1/1500","surface":"0.06 km²","format":"A4","annee":"2025","cartographes":"ESCUDIE Christian","proprietaire":"8105 - BALISE ORIENTATION ALBIGEOISE","niveau":"Initiation, Scolaire","specialite":"Sprint (ISSOM)","latitude":"43.7632011036","longitude":"1.75797683672","date_saisie":"04/02/2025","date_depot":"23/02/2026","valide":"Oui","ppo":"Non","type_carte":"Nouvelle carte","fond":"Ortho","obsolete":false}},{"type":"Feature","geometry":{"type":"Polygon","coordinates":[[[2.2947,43.6617],[2.2876,43.6618],[2.2852,43.6659],[2.2823,43.6682],[2.2862,43.6697],[2.2894,43.6706],[2.2923,43.67],[2.2966,43.6705],[2.297,43.6695],[2.297,43.6684],[2.2963,43.6672],[2.2939,43.664],[2.2947,43.6617]]]},"properties":{"id_ffco":"14870","nom":"Roquecourbe","_dept":"81","numero":"2025-D81-420","commune":"Roquecourbe","echelle":"1/5000","surface":"0.77 km²","format":"A4","annee":"2025","cartographes":"FRAYSSINET Laurent","proprietaire":"8104 - AZIMUT ORIENTATION CASTRES","niveau":"Régional","specialite":"Sprint (ISSOM)","contacts":"Club Azimut Orientation Castres, https://azimut-orientation-castres.jimdofree.com/","latitude":"43.6664881782","longitude":"2.2903880046","date_saisie":"29/01/2025","date_depot":"23/02/2026","valide":"Oui","ppo":"Non","type_carte":"Nouvelle carte","fond":"Ortho","obsolete":false}},{"type":"Feature","geometry":{"type":"Polygon","coordinates":[[[2.2918,43.6619],[2.2912,43.6624],[2.2894,43.6616],[2.2877,43.661],[2.2866,43.6606],[2.2856,43.6603],[2.2846,43.66],[2.2837,43.6595],[2.2829,43.6592],[2.2826,43.659],[2.2824,43.6588],[2.2822,43.6585],[2.2836,43.6576],[2.285,43.6585],[2.2864,43.6594],[2.288,43.6603],[2.2893,43.6607],[2.2907,43.6613],[2.2912,43.6616],[2.2918,43.6619]]]},"properties":{"id_ffco":"14597","nom":"Roquecourbe Stade et Camping","_dept":"81","numero":"2024-D81-419","commune":"Roquecourbe","echelle":"1/2500","surface":"0.09 km²","format":"A4","annee":"2024","cartographes":"FRAYSSINET Laurent","proprietaire":"8104 - AZIMUT ORIENTATION CASTRES","niveau":"Initiation, Scolaire","specialite":"CO à pied","latitude":"43.6599086661","longitude":"2.28637489422","date_saisie":"31/08/2024","date_depot":"19/02/2025","valide":"Oui","ppo":"Non","type_carte":"Nouvelle carte","fond":"Ortho","obsolete":false}},{"type":"Feature","geometry":{"type":"Polygon","coordinates":[[[2.3748,43.4809],[2.3757,43.4814],[2.3759,43.4818],[2.3772,43.4818],[2.3782,43.4816],[2.3789,43.4796],[2.3788,43.4791],[2.3801,43.4788],[2.381,43.4784],[2.3816,43.4777],[2.3821,43.4774],[2.3832,43.4772],[2.3841,43.4778],[2.3852,43.4778],[2.3862,43.4774],[2.3867,43.4769],[2.3847,43.4761],[2.3839,43.4757],[2.3839,43.4747],[2.3834,43.474],[2.3818,43.474],[2.3808,43.4742],[2.3793,43.475],[2.3788,43.475],[2.3785,43.4743],[2.3775,43.4745],[2.3765,43.475],[2.3773,43.4759],[2.3783,43.4766],[2.3775,43.4769],[2.3752,43.4763],[2.374,43.4759],[2.3728,43.4758],[2.3716,43.4763],[2.3713,43.477],[2.3715,43.4778],[2.3716,43.4786],[2.3721,43.4793],[2.373,43.4799],[2.3732,43.4806],[2.3737,43.4808],[2.3748,43.4809]]]},"properties":{"id_ffco":"14596","nom":"Saint Sauveur - Hautpoul village","_dept":"81","numero":"2024-D81-418","commune":"Mazamet","echelle":"1/4000","surface":"0.53 km²","format":"A3","annee":"2024","cartographes":"FRAYSSINET Laurent","proprietaire":"8104 - AZIMUT ORIENTATION CASTRES","niveau":"Régional","specialite":"CO à pied","latitude":"43.4775868035","longitude":"2.37795014255","date_saisie":"31/08/2024","date_depot":"19/02/2025","valide":"Oui","ppo":"Non","type_carte":"Nouvelle carte","fond":"Ortho","obsolete":false}},{"type":"Feature","geometry":{"type":"Polygon","coordinates":[[[2.3812,43.4768],[2.3813,43.4764],[2.3815,43.476],[2.3816,43.4753],[2.3823,43.4753],[2.3822,43.4759],[2.3825,43.4759],[2.3828,43.476],[2.3829,43.4763],[2.3828,43.4766],[2.3828,43.4771],[2.3825,43.4773],[2.3822,43.4773],[2.3819,43.4772],[2.3816,43.4769],[2.3812,43.4768]]]},"properties":{"id_ffco":"14595","nom":"Maison du bois et du jouet","_dept":"81","numero":"2024-D81-417","commune":"Mazamet","echelle":"1/1500","surface":"0.02 km²","format":"A4","annee":"2024","cartographes":"Franck Ayrault","proprietaire":"8104 - AZIMUT ORIENTATION CASTRES","niveau":"Initiation, Scolaire","specialite":"CO à pied","latitude":"43.4763846285","longitude":"2.38208742824","date_saisie":"31/08/2024","date_depot":"19/02/2025","valide":"Oui","ppo":"Non","type_carte":"Nouvelle carte","fond":"Ortho","obsolete":false}},{"type":"Feature","geometry":{"type":"Polygon","coordinates":[[[2.1476,43.9322],[2.1439,43.9309],[2.1425,43.9304],[2.1375,43.9283],[2.1387,43.9274],[2.1397,43.9267],[2.1401,43.9266],[2.1407,43.9263],[2.1422,43.9266],[2.1426,43.9259],[2.1447,43.9253],[2.1446,43.9247],[2.1459,43.9248],[2.1477,43.9248],[2.1496,43.9248],[2.1481,43.9307],[2.1481,43.9309],[2.148,43.9319],[2.1476,43.9322]]]},"properties":{"id_ffco":"14532","nom":"Albi Vieille Ville","_dept":"81","numero":"2024-D81-416","commune":"Albi","echelle":"1/4000","surface":"0.46 km²","format":"+","annee":"2024","cartographes":"ESCUDIE Christian","proprietaire":"8105 - BALISE ORIENTATION ALBIGEOISE","niveau":"Régional","specialite":"CO à pied","latitude":"43.9281002145","longitude":"2.14463154587","date_saisie":"09/07/2024","date_depot":"19/02/2025","valide":"Oui","ppo":"Non","type_carte":"Nouvelle carte","fond":"Ortho","obsolete":false}},{"type":"Feature","geometry":{"type":"Polygon","coordinates":[[[1.9569,44.0632],[1.9554,44.0644],[1.9542,44.0651],[1.9534,44.0661],[1.9524,44.0659],[1.9514,44.0656],[1.9511,44.0652],[1.9485,44.0651],[1.9466,44.0653],[1.9466,44.0638],[1.9467,44.0629],[1.9476,44.0624],[1.9506,44.0621],[1.9527,44.0617],[1.9559,44.0621],[1.9571,44.0621],[1.9572,44.0611],[1.9606,44.0603],[1.9608,44.0609],[1.9608,44.0628],[1.9594,44.0631],[1.9569,44.0632]]]},"properties":{"id_ffco":"14426","nom":"CORDES SUR CIEL 2","_dept":"81","numero":"2024-D81-415","commune":"CORDES SUR CIEL","echelle":"1/4000","surface":"0.35 km²","format":"A3","annee":"2024","cartographes":"FRAYSSINET Laurent","proprietaire":"8105 - BALISE ORIENTATION ALBIGEOISE","niveau":"Régional","specialite":"CO à pied","latitude":"44.063272109","longitude":"1.95330490127","date_saisie":"29/03/2024","date_depot":"19/02/2025","valide":"Oui","ppo":"Non","type_carte":"Reprise","base":"2022-D81-387 CORDES SUR CIEL","fond":"Ortho","obsolete":false}},{"type":"Feature","geometry":{"type":"Polygon","coordinates":[[[1.9919,43.9107],[1.9918,43.9112],[1.9911,43.9113],[1.9903,43.9119],[1.9896,43.9135],[1.9892,43.9137],[1.9886,43.9139],[1.9841,43.9132],[1.9816,43.9131],[1.9823,43.9121],[1.9831,43.9114],[1.9829,43.911],[1.9825,43.9103],[1.9819,43.9098],[1.9806,43.9088],[1.98,43.9078],[1.9796,43.9071],[1.9813,43.9064],[1.9829,43.9057],[1.9848,43.9051],[1.9862,43.9065],[1.9887,43.9088],[1.9914,43.9097],[1.9919,43.9107]]]},"properties":{"id_ffco":"14425","nom":"Aiguelèze","_dept":"81","numero":"2024-D81-414","commune":"RIVIERES","echelle":"1/4000","surface":"0.54 km²","format":"+","annee":"2024","cartographes":"ESCUDIE Christian","proprietaire":"8105 - BALISE ORIENTATION ALBIGEOISE","niveau":"Régional","specialite":"CO à pied","latitude":"43.9098206348","longitude":"1.98560384122","date_saisie":"29/03/2024","date_depot":"18/07/2024","valide":"Oui","ppo":"Non","type_carte":"Reprise","base":"2021-D81-363 RIVIERES-AIGUELEZE","fond":"Ortho","obsolete":false}},{"type":"Feature","geometry":{"type":"Polygon","coordinates":[[[2.1923,43.9496],[2.1933,43.9506],[2.1943,43.951],[2.1957,43.951],[2.1964,43.9494],[2.1973,43.9478],[2.1962,43.9472],[2.1947,43.9468],[2.1934,43.9469],[2.1932,43.9472],[2.193,43.9478],[2.1926,43.9485],[2.1923,43.9496]]]},"properties":{"id_ffco":"14393","nom":"Complexe Sportif de l'Albaret - Saint Juéry 4","_dept":"81","numero":"2024-D81-413","commune":"Saint Juéry","echelle":"1/2500","surface":"0.13 km²","format":"A4","annee":"2024","cartographes":"ESCUDIE Christian","proprietaire":"8105 - BALISE ORIENTATION ALBIGEOISE","niveau":"Initiation, Scolaire","specialite":"CO à pied","latitude":"43.9488279891","longitude":"2.19467001554","date_saisie":"06/03/2024","date_depot":"19/02/2025","valide":"Oui","ppo":"Non","type_carte":"Reprise","base":"2015-D81-266 COMPLEXE SPOPTIF DE L'ALBARET SAINT JUERY (3)","fond":"Ortho","obsolete":false}},{"type":"Feature","geometry":{"type":"Polygon","coordinates":[[[2.3559,43.6641],[2.3556,43.6588],[2.3537,43.6537],[2.3519,43.6508],[2.356,43.6472],[2.3656,43.6344],[2.3767,43.6333],[2.4128,43.6333],[2.4332,43.6329],[2.4313,43.6489],[2.4143,43.6572],[2.4042,43.6633],[2.4004,43.6701],[2.3951,43.6731],[2.3896,43.6727],[2.3841,43.6711],[2.3784,43.6668],[2.3728,43.6668],[2.3676,43.6695],[2.3611,43.6696],[2.3559,43.6641]]]},"properties":{"id_ffco":"14387","nom":"Le Sidobre 2","_dept":"81","numero":"2024-D81-412","commune":"Lacrouzette","echelle":"1/15000","surface":"20.77 km²","format":"A3","annee":"2024","cartographes":"FRAYSSINET Laurent","proprietaire":"8104 - AZIMUT ORIENTATION CASTRES","niveau":"National, International","specialite":"CO à VTT","contacts":"Club Azimut Orientation Castres, https://azimut-orientation-castres.jimdofree.com/","latitude":"43.6500592798","longitude":"2.39072742248","date_saisie":"28/02/2024","date_depot":"27/06/2024","valide":"Oui","ppo":"Non","type_carte":"Nouvelle carte","fond":"Ortho","obsolete":false}},{"type":"Feature","geometry":{"type":"Polygon","coordinates":[[[2.0695,43.4145],[2.0726,43.4158],[2.0751,43.4172],[2.0771,43.4182],[2.0782,43.4187],[2.0791,43.4193],[2.0804,43.4208],[2.0805,43.4221],[2.0797,43.4223],[2.0774,43.4219],[2.0752,43.4213],[2.0729,43.4226],[2.0718,43.424],[2.0719,43.425],[2.0728,43.4253],[2.0729,43.4257],[2.0724,43.4266],[2.0706,43.4259],[2.0693,43.4256],[2.062,43.4307],[2.0583,43.4294],[2.0592,43.4266],[2.0565,43.4262],[2.0578,43.4233],[2.0595,43.4219],[2.0596,43.4202],[2.0606,43.4193],[2.0616,43.4189],[2.0618,43.418],[2.063,43.4159],[2.0654,43.4149],[2.0686,43.4139],[2.0695,43.4145]]]},"properties":{"id_ffco":"14335","nom":"Forêt de l'Aiguille 2","_dept":"81","numero":"2024-D81-411","commune":"Les Cammazes","echelle":"1/10000","surface":"1.81 km²","format":"A4","annee":"2024","cartographes":"Sébastien Cazelle","proprietaire":"8104 - AZIMUT ORIENTATION CASTRES","niveau":"Régional","specialite":"CO à pied","latitude":"43.4217876955","longitude":"2.06706032006","date_saisie":"26/01/2024","date_depot":"27/06/2024","valide":"Oui","ppo":"Non","type_carte":"Reprise","base":"2002-D81-028 Forêt de l'Aiguille","fond":"Ortho","obsolete":false}},{"type":"Feature","geometry":{"type":"Polygon","coordinates":[[[1.9018,44.0117],[1.9024,44.0121],[1.9032,44.0129],[1.903,44.0133],[1.9019,44.0141],[1.9011,44.0143],[1.9008,44.0145],[1.9003,44.0146],[1.8995,44.0146],[1.8984,44.0147],[1.8976,44.0147],[1.8973,44.0146],[1.8975,44.0141],[1.8974,44.0135],[1.8963,44.0131],[1.8942,44.0121],[1.8948,44.01],[1.8974,44.0081],[1.8994,44.0083],[1.9013,44.0095],[1.9018,44.0117]]]},"properties":{"id_ffco":"14334","nom":"Château du Cayla - Andillac","_dept":"81","numero":"2024-D81-410","commune":"Andillac","echelle":"1/3000","surface":"0.34 km²","format":"A4","annee":"2024","cartographes":"FRAYSSINET Laurent","proprietaire":"8104 - AZIMUT ORIENTATION CASTRES","niveau":"Initiation, Scolaire","specialite":"CO à pied","latitude":"44.0115117196","longitude":"1.89862527781","date_saisie":"26/01/2024","date_depot":"27/06/2024","valide":"Oui","ppo":"Oui (20 postes)","type_carte":"Nouvelle carte","fond":"Ortho","obsolete":false}},{"type":"Feature","geometry":{"type":"Polygon","coordinates":[[[2.1425,44.0105],[2.1464,44.0073],[2.1496,44.0065],[2.1509,44.006],[2.1514,44.0056],[2.1511,44.0046],[2.1485,44.0017],[2.1475,43.9998],[2.1476,43.9983],[2.1486,43.9963],[2.1487,43.9949],[2.1473,43.9947],[2.1458,43.9934],[2.1456,43.9914],[2.144,43.9902],[2.1423,43.9886],[2.1382,43.9885],[2.1386,43.9871],[2.1268,43.9872],[2.1264,43.9917],[2.1271,43.9918],[2.1276,43.9912],[2.1279,43.9909],[2.1297,43.9907],[2.1319,43.9911],[2.1332,43.9927],[2.1335,43.993],[2.1372,43.9951],[2.1359,44.0069],[2.1368,44.0128],[2.1425,44.0105]]]},"properties":{"id_ffco":"14282","nom":"Cap découverte La Gaché","_dept":"81","numero":"2023-D81-409","commune":"Cagnac les Mines","echelle":"1/10000","surface":"2.62 km²","format":"A3","annee":"2023","cartographes":"O.Thomas","proprietaire":"8106 - ALBI RESSORT","niveau":"Régional","specialite":"CO à pied","latitude":"43.9985119383","longitude":"2.1403176851","date_saisie":"28/12/2023","date_depot":"19/02/2025","valide":"Oui","ppo":"Non","type_carte":"Reprise","base":"2022-D81-372 CAP DECOUVERTE LA JAMBOUNIER","fond":"Ortho","obsolete":false}},{"type":"Feature","geometry":{"type":"Polygon","coordinates":[[[1.7457,43.9396],[1.7452,43.9366],[1.744,43.9346],[1.7454,43.9344],[1.746,43.9337],[1.7474,43.9333],[1.7482,43.9332],[1.7487,43.9324],[1.7482,43.9319],[1.7483,43.9311],[1.7498,43.9306],[1.7512,43.9302],[1.7538,43.9301],[1.7543,43.9295],[1.7552,43.9286],[1.7557,43.9284],[1.7547,43.9265],[1.7541,43.9252],[1.7573,43.9242],[1.7582,43.9218],[1.763,43.9203],[1.7619,43.919],[1.7618,43.9167],[1.7594,43.9145],[1.7595,43.9123],[1.7623,43.9133],[1.7639,43.914],[1.77,43.9171],[1.7735,43.9186],[1.7791,43.9204],[1.7772,43.9214],[1.7764,43.9234],[1.7762,43.9246],[1.7759,43.9256],[1.7777,43.9257],[1.7787,43.9257],[1.7789,43.9262],[1.7776,43.9273],[1.7752,43.9282],[1.7732,43.9288],[1.7715,43.9295],[1.7704,43.9311],[1.7703,43.932],[1.7707,43.933],[1.7697,43.9337],[1.7671,43.9343],[1.7619,43.9368],[1.7602,43.9381],[1.7589,43.9384],[1.7559,43.9382],[1.7532,43.9383],[1.7508,43.9391],[1.7493,43.9396],[1.7465,43.9397],[1.7457,43.9396]]]},"properties":{"id_ffco":"14125","nom":"Forêt départementale de Sivens 2023","_dept":"81","numero":"2023-D81-408","commune":"LISLE-SUR-TARN","echelle":"1/10000","surface":"3.82 km²","format":"A4","annee":"2023","cartographes":"ESCUDIE Christian","proprietaire":"8105 - BALISE ORIENTATION ALBIGEOISE","niveau":"Interrégional","specialite":"CO à pied","latitude":"43.9277457009","longitude":"1.76241592564","date_saisie":"23/10/2023","date_depot":"28/03/2024","valide":"Oui","ppo":"Oui (45 postes)","type_carte":"Reprise","base":"2020-D81-326 FORET DEPARTEMENTALE DE SIVENS","fond":"Ortho","obsolete":false}},{"type":"Feature","geometry":{"type":"Polygon","coordinates":[[[1.7428,43.951],[1.7509,43.9541],[1.7521,43.9524],[1.7524,43.9519],[1.7524,43.9516],[1.7545,43.9496],[1.7568,43.9489],[1.7576,43.9482],[1.7582,43.9478],[1.7576,43.9461],[1.7588,43.9432],[1.7617,43.942],[1.7627,43.9415],[1.7627,43.9404],[1.7629,43.9395],[1.7632,43.9388],[1.7635,43.9382],[1.7619,43.9368],[1.7607,43.9369],[1.7597,43.9377],[1.7582,43.9378],[1.7558,43.9376],[1.7532,43.9379],[1.7511,43.9383],[1.7497,43.9389],[1.7488,43.9394],[1.7489,43.9415],[1.7485,43.9432],[1.7468,43.9447],[1.7447,43.946],[1.7432,43.9472],[1.7427,43.948],[1.7427,43.95],[1.7428,43.951]]]},"properties":{"id_ffco":"14114","nom":"Le ruisseau de Sivens","_dept":"81","numero":"2024-D81-407","commune":"LISLE-SUR-TARN","echelle":"1/10000","surface":"1.67 km²","format":"A4","annee":"2024","cartographes":"Ray Hulse","proprietaire":"8105 - BALISE ORIENTATION ALBIGEOISE","niveau":"Régional","specialite":"CO à pied","latitude":"43.9449304248","longitude":"1.75258296626","date_saisie":"19/10/2023","date_depot":"19/02/2025","valide":"Oui","ppo":"Non","type_carte":"Reprise","base":"2018-D81-316 Ruisseau de Sivens","fond":"Laser","obsolete":false}},{"type":"Feature","geometry":{"type":"Polygon","coordinates":[[[2.1872,43.9566],[2.1874,43.9576],[2.1859,43.9577],[2.1851,43.9577],[2.1841,43.9579],[2.1834,43.958],[2.1829,43.9573],[2.1827,43.9569],[2.1829,43.9566],[2.1837,43.9563],[2.1833,43.9555],[2.1839,43.9551],[2.1842,43.9552],[2.1844,43.9554],[2.1848,43.9555],[2.1854,43.9554],[2.187,43.9555],[2.1872,43.9566]]]},"properties":{"id_ffco":"14108","nom":"Stade Jean Vidal","_dept":"81","numero":"2023-D81-406","commune":"LESCURE D'ALBIGEOIS","echelle":"1/2000","surface":"0.09 km²","format":"A4","annee":"2023","cartographes":"ESCUDIE Christian","proprietaire":"8105 - BALISE ORIENTATION ALBIGEOISE","niveau":"Initiation, Scolaire","specialite":"CO à pied","latitude":"43.9566362592","longitude":"2.18508017618","date_saisie":"15/10/2023","date_depot":"07/02/2024","valide":"Oui","ppo":"Non","type_carte":"Nouvelle carte","fond":"Ortho","obsolete":false}},{"type":"Feature","geometry":{"type":"Polygon","coordinates":[[[2.1716,43.9539],[2.1717,43.954],[2.1731,43.9533],[2.1732,43.9523],[2.1722,43.9523],[2.1715,43.9524],[2.1708,43.9525],[2.1709,43.9529],[2.171,43.9534],[2.1712,43.9536],[2.1716,43.9539]]]},"properties":{"id_ffco":"14107","nom":"Ecole Georges Sand","_dept":"81","numero":"2023-D81-405","commune":"LESCURE D'ALBIGEOIS","echelle":"1/1500","surface":"0.03 km²","format":"A4","annee":"2023","cartographes":"ESCUDIE Christian","proprietaire":"8105 - BALISE ORIENTATION ALBIGEOISE","niveau":"Initiation, Scolaire","specialite":"CO à pied","latitude":"43.9529957704","longitude":"2.17202441563","date_saisie":"15/10/2023","date_depot":"07/02/2024","valide":"Oui","ppo":"Non","type_carte":"Nouvelle carte","fond":"Ortho","obsolete":false}},{"type":"Feature","geometry":{"type":"Polygon","coordinates":[[[2.1868,43.7706],[2.188,43.7699],[2.1893,43.7697],[2.1889,43.7684],[2.1879,43.7684],[2.1879,43.7674],[2.1856,43.7673],[2.1855,43.7694],[2.1868,43.7706]]]},"properties":{"id_ffco":"14104","nom":"La Mélouze","_dept":"81","numero":"2023-D81-404","commune":"Réalmont","echelle":"1/2000","surface":"0.07 km²","format":"A4","annee":"2023","cartographes":"FRAYSSINET Laurent","proprietaire":"8104 - AZIMUT ORIENTATION CASTRES","niveau":"Initiation, Scolaire","specialite":"CO à pied","latitude":"43.7688288179","longitude":"2.18709892947","date_saisie":"13/10/2023","date_depot":"19/02/2025","valide":"Oui","ppo":"Non","type_carte":"Nouvelle carte","fond":"Ortho","obsolete":false}},{"type":"Feature","geometry":{"type":"Polygon","coordinates":[[[2.1915,43.7718],[2.1923,43.772],[2.1924,43.7721],[2.1925,43.7723],[2.1924,43.773],[2.1922,43.7731],[2.1919,43.7729],[2.1909,43.7734],[2.1902,43.7729],[2.1915,43.7718]]]},"properties":{"id_ffco":"14103","nom":"Collège Louisa Paulin","_dept":"81","numero":"2023-D81-403","commune":"Réalmont","echelle":"1/1000","surface":"0.02 km²","format":"A4","annee":"2023","cartographes":"FRAYSSINET Laurent","proprietaire":"8104 - AZIMUT ORIENTATION CASTRES","niveau":"Initiation, Scolaire","specialite":"CO à pied","latitude":"43.772586712","longitude":"2.19145051707","date_saisie":"13/10/2023","date_depot":"19/02/2025","valide":"Oui","ppo":"Non","type_carte":"Nouvelle carte","fond":"Ortho","obsolete":false}},{"type":"Feature","geometry":{"type":"Polygon","coordinates":[[[2.4642,43.6964],[2.4634,43.6961],[2.4626,43.6962],[2.461,43.6963],[2.4599,43.6956],[2.4587,43.6949],[2.4581,43.6947],[2.4569,43.6948],[2.4557,43.6941],[2.4557,43.6934],[2.4556,43.6927],[2.4542,43.6927],[2.4533,43.6924],[2.453,43.6911],[2.4526,43.69],[2.4534,43.6885],[2.4549,43.6883],[2.4565,43.6892],[2.4582,43.689],[2.4605,43.6889],[2.4617,43.6895],[2.4632,43.6896],[2.4653,43.6888],[2.467,43.6882],[2.4691,43.6876],[2.4711,43.6876],[2.4738,43.6858],[2.4734,43.6865],[2.4737,43.6871],[2.4744,43.6873],[2.4746,43.6876],[2.4747,43.6884],[2.4747,43.6888],[2.4758,43.6886],[2.4776,43.6883],[2.4784,43.6886],[2.4789,43.6898],[2.4797,43.6907],[2.4804,43.692],[2.4795,43.6927],[2.4788,43.6929],[2.4779,43.6952],[2.474,43.6979],[2.472,43.6991],[2.4717,43.6986],[2.4714,43.698],[2.4707,43.6977],[2.4702,43.6969],[2.4692,43.697],[2.469,43.6979],[2.4687,43.699],[2.4678,43.699],[2.4664,43.6988],[2.4648,43.6982],[2.4639,43.6976],[2.464,43.6968],[2.4642,43.6964]]]},"properties":{"id_ffco":"14102","nom":"Forêt de Montagnol 2023","_dept":"81","numero":"2023-D81-402","commune":"Fontrieu","echelle":"1/10000","surface":"1.86 km²","format":"A4","annee":"2023","cartographes":"Léo Falcone","proprietaire":"8104 - AZIMUT ORIENTATION CASTRES","niveau":"Régional","specialite":"CO à pied","latitude":"43.6925770459","longitude":"2.4674610048","date_saisie":"09/10/2023","date_depot":"07/02/2024","valide":"Oui","ppo":"Non","type_carte":"Nouvelle carte","fond":"Ortho","obsolete":false}},{"type":"Feature","geometry":{"type":"Polygon","coordinates":[[[1.8237,43.7015],[1.8203,43.7018],[1.82,43.701],[1.8191,43.7006],[1.8164,43.7002],[1.8154,43.6997],[1.8148,43.6991],[1.8146,43.6988],[1.815,43.6975],[1.8155,43.6967],[1.816,43.6959],[1.8166,43.6947],[1.817,43.6942],[1.8178,43.6945],[1.8191,43.6938],[1.8201,43.6948],[1.8214,43.695],[1.822,43.6951],[1.8225,43.6958],[1.8218,43.6969],[1.8223,43.6978],[1.8232,43.6986],[1.8237,43.7015]]]},"properties":{"id_ffco":"14052","nom":"Lavaur","_dept":"81","numero":"2023-D81-401","commune":"LAVAUR","echelle":"1/4000","surface":"0.41 km²","format":"A4","annee":"2023","cartographes":"Luc Berbett","proprietaire":"8105 - BALISE ORIENTATION ALBIGEOISE","niveau":"Régional","specialite":"CO à pied","latitude":"43.6980050429","longitude":"1.81926577245","date_saisie":"30/08/2023","date_depot":"28/03/2024","valide":"Oui","ppo":"Non","type_carte":"Nouvelle carte","fond":"Ortho","obsolete":false}},{"type":"Feature","geometry":{"type":"Polygon","coordinates":[[[2.3183,43.6396],[2.3188,43.639],[2.3194,43.6383],[2.3196,43.6376],[2.3197,43.6368],[2.3202,43.6366],[2.3188,43.6339],[2.3176,43.6334],[2.317,43.6339],[2.3167,43.6344],[2.3168,43.6365],[2.317,43.6377],[2.3171,43.6382],[2.3179,43.6392],[2.3183,43.6396]]]},"properties":{"id_ffco":"14010","nom":"Burlats","_dept":"81","numero":"2023-D81-400","commune":"Burlats","echelle":"1/2500","surface":"0.12 km²","format":"A4","annee":"2023","cartographes":"FRAYSSINET Laurent","proprietaire":"8104 - AZIMUT ORIENTATION CASTRES","niveau":"Régional","specialite":"CO à pied","latitude":"43.6363456136","longitude":"2.31822455961","date_saisie":"26/07/2023","date_depot":"07/02/2024","valide":"Oui","ppo":"Non","type_carte":"Nouvelle carte","fond":"Ortho","obsolete":false}},{"type":"Feature","geometry":{"type":"Polygon","coordinates":[[[2.2436,43.6015],[2.2458,43.6009],[2.2457,43.6008],[2.2457,43.6004],[2.2457,43.6],[2.2457,43.5999],[2.2456,43.5997],[2.2455,43.5997],[2.2454,43.5996],[2.2451,43.5996],[2.2446,43.5996],[2.2442,43.5995],[2.2433,43.6007],[2.2435,43.6015],[2.2436,43.6015]]]},"properties":{"id_ffco":"14037","nom":"Notre Dame Castres","_dept":"81","numero":"2023-D81-399","commune":"Castres","echelle":"1/1000","surface":"0.03 km²","format":"A4","annee":"2023","cartographes":"FRAYSSINET Laurent","proprietaire":"8104 - AZIMUT ORIENTATION CASTRES","niveau":"Initiation, Scolaire","specialite":"CO à pied","latitude":"43.6004831615","longitude":"2.24455198983","date_saisie":"19/08/2023","date_depot":"07/02/2024","valide":"Oui","ppo":"Non","type_carte":"Nouvelle carte","fond":"Cadastre","obsolete":false}},{"type":"Feature","geometry":{"type":"Polygon","coordinates":[[[2.4543,43.8888],[2.4542,43.8848],[2.4545,43.8837],[2.4547,43.8831],[2.4579,43.8831],[2.4593,43.885],[2.4614,43.888],[2.4604,43.8885],[2.4579,43.889],[2.4545,43.8891],[2.4543,43.8888]]]},"properties":{"id_ffco":"13998","nom":"COLLEGE \"ALBERT FOURNIER\" et STADE D'ALBAN","_dept":"81","numero":"2023-D81-398","commune":"ALBAN","echelle":"1/4000","surface":"0.29 km²","format":"A4","annee":"2023","cartographes":"ESCUDIE Christian","proprietaire":"8105 - BALISE ORIENTATION ALBIGEOISE","niveau":"Initiation, Scolaire","specialite":"CO à pied","latitude":"43.8863087351","longitude":"2.45711675263","date_saisie":"14/07/2023","date_depot":"07/02/2024","valide":"Oui","ppo":"Non","type_carte":"Nouvelle carte","fond":"Ortho","obsolete":false}},{"type":"Feature","geometry":{"type":"Polygon","coordinates":[[[2.4554,43.8966],[2.4548,43.8969],[2.4533,43.8969],[2.4518,43.8969],[2.4508,43.8968],[2.4511,43.8959],[2.451,43.8953],[2.4511,43.895],[2.4511,43.8944],[2.4512,43.894],[2.4512,43.8934],[2.4514,43.893],[2.4542,43.8928],[2.4577,43.893],[2.4574,43.894],[2.4562,43.8954],[2.456,43.8957],[2.4578,43.8958],[2.4579,43.8962],[2.4565,43.8965],[2.4554,43.8966]]]},"properties":{"id_ffco":"13997","nom":"CAMPING MUNICIPAL D'ALBAN \" LA FRANCETTE\"","_dept":"81","numero":"2023-D81-397","commune":"ALBAN","echelle":"1/3000","surface":"0.21 km²","format":"A4","annee":"2023","cartographes":"ESCUDIE Christian","proprietaire":"8105 - BALISE ORIENTATION ALBIGEOISE","niveau":"Initiation, Scolaire","specialite":"CO à pied","latitude":"43.8948340597","longitude":"2.45407337355","date_saisie":"12/07/2023","date_depot":"07/02/2024","valide":"Oui","ppo":"Oui (40 postes)","type_carte":"Nouvelle carte","fond":"Ortho","obsolete":false}},{"type":"Feature","geometry":{"type":"Polygon","coordinates":[[[2.2696,43.6253],[2.2699,43.6242],[2.2676,43.6239],[2.2673,43.625],[2.2696,43.6253]]]},"properties":{"id_ffco":"13992","nom":"ISIS Castres","_dept":"81","numero":"2023-D81-396","commune":"Castres","echelle":"1/1000","surface":"0.02 km²","format":"A4","annee":"2023","cartographes":"FRAYSSINET Laurent","proprietaire":"8104 - AZIMUT ORIENTATION CASTRES","niveau":"Initiation, Scolaire","specialite":"Sprint (ISSOM)","latitude":"43.624613125","longitude":"2.26860852178","date_saisie":"06/07/2023","date_depot":"07/02/2024","valide":"Oui","ppo":"Non","type_carte":"Nouvelle carte","fond":"Ortho","obsolete":false}},{"type":"Feature","geometry":{"type":"Polygon","coordinates":[[[2.6865,43.7085],[2.6847,43.709],[2.6917,43.7161],[2.6934,43.716],[2.6936,43.7151],[2.6955,43.7138],[2.6954,43.7104],[2.6947,43.7104],[2.6888,43.7078],[2.6865,43.7085]]]},"properties":{"id_ffco":"13974","nom":"Collège du Montalet - Château de Calmels","_dept":"81","numero":"2023-D81-395","commune":"LACAUNE","echelle":"1/4000","surface":"0.44 km²","format":"A4","annee":"2023","cartographes":"FRAYSSINET Laurent","proprietaire":"AS Collège du Montalet","niveau":"Initiation, Scolaire","specialite":"Sprint (ISSOM)","latitude":"43.7116433491","longitude":"2.69092336312","date_saisie":"13/06/2023","date_depot":"07/02/2024","valide":"Oui","ppo":"Non","type_carte":"Nouvelle carte","fond":"Ortho","obsolete":false}},{"type":"Feature","geometry":{"type":"Polygon","coordinates":[[[2.0085,43.5696],[2.0076,43.5674],[2.0022,43.5655],[2.0018,43.5659],[1.9968,43.5684],[1.9984,43.5693],[1.9991,43.5698],[2.0012,43.5699],[2.0017,43.5707],[2.0039,43.571],[2.0051,43.5709],[2.0083,43.5698],[2.0085,43.5696]]]},"properties":{"id_ffco":"13855","nom":"Stade et collège J. Durand","_dept":"81","numero":"2023-D81-394","commune":"Puylaurens","echelle":"1/3000","surface":"0.34 km²","format":"A4","annee":"2023","cartographes":"FRAYSSINET Laurent","proprietaire":"8104 - AZIMUT ORIENTATION CASTRES","niveau":"Initiation, Scolaire","specialite":"CO à pied","latitude":"43.568458353","longitude":"2.00313245235","date_saisie":"27/02/2023","date_depot":"13/06/2023","valide":"Oui","ppo":"Non","type_carte":"Reprise","base":"2009-D81-108 COLLEGE J. DURAND ET SATDE DE RUGBY","fond":"Cadastre","obsolete":false}},{"type":"Feature","geometry":{"type":"Polygon","coordinates":[[[2.1417,43.489],[2.146,43.4808],[2.1475,43.4794],[2.148,43.4772],[2.148,43.4762],[2.1474,43.4745],[2.1467,43.4743],[2.1459,43.4746],[2.146,43.4753],[2.1463,43.4764],[2.1468,43.4773],[2.1468,43.4784],[2.1458,43.4793],[2.1446,43.4804],[2.1434,43.4811],[2.1383,43.48],[2.132,43.4841],[2.1352,43.485],[2.1368,43.4857],[2.1417,43.489]]]},"properties":{"id_ffco":"13854","nom":"Dourgne","_dept":"81","numero":"2023-D81-393","commune":"Dourgne","echelle":"1/4000","surface":"0.65 km²","format":"A4","annee":"2023","cartographes":"FRAYSSINET Laurent","proprietaire":"8104 - AZIMUT ORIENTATION CASTRES","niveau":"Régional","specialite":"CO à pied","latitude":"43.4829763792","longitude":"2.14066488127","date_saisie":"27/02/2023","date_depot":"07/02/2024","valide":"Oui","ppo":"Non","type_carte":"Nouvelle carte","fond":"Cadastre","obsolete":false}},{"type":"Feature","geometry":{"type":"Polygon","coordinates":[[[2.4485,43.6618],[2.4469,43.6616],[2.4452,43.6614],[2.444,43.6619],[2.4426,43.6622],[2.4418,43.6631],[2.4408,43.6645],[2.4404,43.6655],[2.4411,43.6667],[2.4409,43.6674],[2.44,43.6682],[2.4374,43.6684],[2.4372,43.6698],[2.438,43.6707],[2.4384,43.6715],[2.4384,43.6725],[2.4385,43.6728],[2.4385,43.6735],[2.4386,43.6738],[2.4387,43.6741],[2.439,43.6749],[2.439,43.676],[2.4406,43.677],[2.4405,43.6789],[2.443,43.6789],[2.4435,43.6773],[2.447,43.6787],[2.4501,43.6798],[2.4524,43.6789],[2.4563,43.6765],[2.4562,43.6757],[2.4549,43.6753],[2.4538,43.6753],[2.4538,43.6746],[2.4536,43.6737],[2.4522,43.6731],[2.4524,43.6722],[2.4546,43.6712],[2.4549,43.6698],[2.4549,43.6691],[2.4539,43.669],[2.453,43.6689],[2.4537,43.6684],[2.454,43.6679],[2.4504,43.6622],[2.4485,43.6618]]]},"properties":{"id_ffco":"13837","nom":"Armengault","_dept":"81","numero":"2023-D81-392","commune":"FONTRIEU","echelle":"1/10000","surface":"2.09 km²","format":"A4","annee":"2023","cartographes":"FRAYSSINET Laurent","proprietaire":"8104 - AZIMUT ORIENTATION CASTRES","niveau":"Régional","specialite":"CO à pied","latitude":"43.6709107553","longitude":"2.44659263193","date_saisie":"18/02/2023","date_depot":"13/06/2023","valide":"Oui","ppo":"Non","type_carte":"Nouvelle carte","fond":"Ortho","obsolete":false}},{"type":"Feature","geometry":{"type":"Polygon","coordinates":[[[2.4675,43.6104],[2.4704,43.6125],[2.476,43.6168],[2.4883,43.6218],[2.4909,43.6181],[2.4942,43.6174],[2.4973,43.6176],[2.4998,43.6163],[2.501,43.6143],[2.498,43.6121],[2.4974,43.6113],[2.498,43.6098],[2.5014,43.608],[2.501,43.6068],[2.503,43.6066],[2.5053,43.6053],[2.506,43.6038],[2.5091,43.6014],[2.5121,43.6005],[2.5125,43.5995],[2.5142,43.5982],[2.5136,43.5965],[2.514,43.5952],[2.5152,43.593],[2.514,43.5922],[2.5133,43.5908],[2.5137,43.5884],[2.5137,43.5865],[2.5143,43.5837],[2.5103,43.584],[2.5097,43.5844],[2.5073,43.5829],[2.5049,43.5834],[2.5027,43.5851],[2.5019,43.5859],[2.5002,43.5863],[2.499,43.5877],[2.4978,43.5882],[2.4965,43.5886],[2.4967,43.5896],[2.4974,43.5906],[2.4979,43.5918],[2.4964,43.5928],[2.4934,43.5937],[2.4913,43.5942],[2.4893,43.595],[2.4877,43.5945],[2.4862,43.5953],[2.4856,43.5964],[2.4851,43.5969],[2.4857,43.5975],[2.4844,43.5982],[2.479,43.5984],[2.4774,43.5992],[2.475,43.6016],[2.4747,43.6028],[2.4764,43.6042],[2.4761,43.6047],[2.474,43.6051],[2.4737,43.6065],[2.4663,43.6066],[2.4675,43.6104]]]},"properties":{"id_ffco":"12848","nom":"Epissouliès VTT","_dept":"81","numero":"2023-D81-391","commune":"BRASSAC","echelle":"1/15000","surface":"8.02 km²","format":"A3","annee":"2023","cartographes":"FRAYSSINET Laurent","proprietaire":"8104 - AZIMUT ORIENTATION CASTRES","niveau":"Régional","specialite":"CO à VTT","latitude":"43.6030747839","longitude":"2.49284588206","date_saisie":"13/08/2021","date_depot":"19/02/2025","valide":"Oui","ppo":"Non","type_carte":"Nouvelle carte","fond":"Ortho","obsolete":false}},{"type":"Feature","geometry":{"type":"Polygon","coordinates":[[[2.3376,43.9814],[2.3314,43.9815],[2.3302,43.9833],[2.3223,43.9846],[2.3128,43.9891],[2.3078,43.9869],[2.3048,43.9836],[2.3043,43.9799],[2.3165,43.975],[2.3208,43.975],[2.3265,43.9716],[2.3365,43.9727],[2.3376,43.9814]]]},"properties":{"id_ffco":"13676","nom":"Sérénac O'Layons","_dept":"81","numero":"2022-D81-390","commune":"Sérénac","echelle":"1/10000","surface":"3.01 km²","format":"A4","annee":"2022","cartographes":"O.Thomas","proprietaire":"8106 - ALBI RESSORT","niveau":"Régional","specialite":"CO à pied","latitude":"43.9798640904","longitude":"2.3211195683","date_saisie":"27/11/2022","date_depot":"19/02/2025","valide":"Oui","ppo":"Non","type_carte":"Reprise","base":"2019-D81-330 SERENAC \"5\"","fond":"Ortho","obsolete":false}},{"type":"Feature","geometry":{"type":"Polygon","coordinates":[[[2.4284,43.6679],[2.4275,43.669],[2.427,43.6706],[2.4269,43.6725],[2.4284,43.6743],[2.4312,43.6751],[2.433,43.675],[2.4342,43.6751],[2.4352,43.6769],[2.4358,43.6793],[2.437,43.6797],[2.438,43.6802],[2.4385,43.6809],[2.439,43.6806],[2.4399,43.6812],[2.4411,43.6815],[2.4413,43.6805],[2.4421,43.6794],[2.4426,43.6786],[2.4412,43.6781],[2.4408,43.6769],[2.4403,43.6759],[2.4384,43.675],[2.439,43.6733],[2.4388,43.6724],[2.4368,43.672],[2.4364,43.6709],[2.4357,43.67],[2.4374,43.6694],[2.4392,43.6688],[2.4415,43.668],[2.4421,43.6676],[2.4422,43.6666],[2.4405,43.6655],[2.4397,43.665],[2.4377,43.6651],[2.4353,43.6658],[2.433,43.6668],[2.4302,43.6673],[2.4284,43.6679]]]},"properties":{"id_ffco":"13661","nom":"Bois du Pavillon","_dept":"81","numero":"2022-D81-389","commune":"81260 FONTRIEU","echelle":"1/10000","surface":"1.16 km²","format":"A4","annee":"2022","cartographes":"P. Castello","proprietaire":"8104 - AZIMUT ORIENTATION CASTRES","niveau":"Régional","specialite":"CO à pied","latitude":"43.6721651758","longitude":"2.43498831536","date_saisie":"13/11/2022","date_depot":"15/02/2023","valide":"Oui","ppo":"Non","type_carte":"Nouvelle carte","fond":"Cadastre","obsolete":false}},{"type":"Feature","geometry":{"type":"Polygon","coordinates":[[[1.7687,43.7725],[1.7655,43.7725],[1.7641,43.7689],[1.7724,43.7664],[1.7724,43.7645],[1.7737,43.7621],[1.7767,43.7601],[1.781,43.7583],[1.783,43.7579],[1.7838,43.7595],[1.7863,43.7596],[1.7867,43.7612],[1.7867,43.7621],[1.7857,43.7651],[1.787,43.7679],[1.787,43.7699],[1.7795,43.7697],[1.7777,43.7689],[1.772,43.7705],[1.7687,43.7725]]]},"properties":{"id_ffco":"13804","nom":"GIROUSSENS VILLAGE","_dept":"81","numero":"2022-D81-388","commune":"GIROUSSENS","echelle":"1/10000","surface":"1.54 km²","format":"A4","annee":"2022","cartographes":"ESCUDIE Christian","proprietaire":"8105 - BALISE ORIENTATION ALBIGEOISE","niveau":"Régional","specialite":"CO à pied","latitude":"43.7656823651","longitude":"1.77770685981","date_saisie":"14/01/2023","date_depot":"13/06/2023","valide":"Oui","ppo":"Non","type_carte":"Nouvelle carte","base":"2015-D81-273 PARC DE LA MAIRIE \"3\"","fond":"Ortho","obsolete":false}},{"type":"Feature","geometry":{"type":"Polygon","coordinates":[[[1.9465,44.0653],[1.9464,44.0648],[1.946,44.0634],[1.9473,44.061],[1.9498,44.0604],[1.9602,44.0605],[1.9601,44.0646],[1.9588,44.0645],[1.9575,44.0647],[1.9563,44.0653],[1.9555,44.0659],[1.9547,44.0662],[1.9535,44.0667],[1.9527,44.0664],[1.952,44.0658],[1.9512,44.0657],[1.9481,44.0652],[1.9465,44.0653]]]},"properties":{"id_ffco":"13643","nom":"CORDES SUR CIEL","_dept":"81","numero":"2022-D81-387","commune":"CORDES SUR CIEL","echelle":"1/4000","surface":"0.61 km²","format":"A4","annee":"2022","cartographes":"Alain Pellegry,ESCUDIE Christian","proprietaire":"8105 - BALISE ORIENTATION ALBIGEOISE","niveau":"Interrégional","specialite":"CO à pied","latitude":"44.063033455","longitude":"1.95321501761","date_saisie":"06/11/2022","date_depot":"12/01/2023","valide":"Oui","ppo":"Non","type_carte":"Reprise","base":"2016-D81-287 CORDES SUR CIEL","fond":"Ortho","obsolete":false}},{"type":"Feature","geometry":{"type":"Polygon","coordinates":[[[2.3379,43.9801],[2.3385,43.9814],[2.3361,43.9814],[2.3337,43.9817],[2.3314,43.9817],[2.3293,43.9824],[2.3283,43.9829],[2.3259,43.9828],[2.3186,43.9864],[2.3167,43.9874],[2.3144,43.989],[2.3103,43.9883],[2.3076,43.9868],[2.305,43.9841],[2.3046,43.982],[2.305,43.9796],[2.3069,43.9805],[2.3101,43.9805],[2.3134,43.9795],[2.3158,43.9775],[2.3179,43.9746],[2.3228,43.9735],[2.3252,43.9718],[2.3268,43.9716],[2.3305,43.972],[2.3341,43.9725],[2.3364,43.9726],[2.3359,43.9746],[2.3366,43.9768],[2.3373,43.9781],[2.3379,43.9801]]]},"properties":{"id_ffco":"13640","nom":"Sérénac VTT","_dept":"81","numero":"2022-D81-386","commune":"Sérénac","echelle":"1/10000","surface":"2.75 km²","format":"A4","annee":"2022","cartographes":"FRAYSSINET Laurent","proprietaire":"8104 - AZIMUT ORIENTATION CASTRES","niveau":"Régional","specialite":"CO à VTT","latitude":"43.9799234597","longitude":"2.32180553584","date_saisie":"04/11/2022","date_depot":"15/02/2023","valide":"Oui","ppo":"Non","type_carte":"Nouvelle carte","fond":"Ortho","obsolete":false}},{"type":"Feature","geometry":{"type":"Polygon","coordinates":[[[1.6812,43.7788],[1.6797,43.7768],[1.6797,43.7766],[1.68,43.7765],[1.6803,43.7766],[1.6809,43.7767],[1.6813,43.7767],[1.6818,43.7767],[1.6822,43.7765],[1.6824,43.7764],[1.6839,43.7777],[1.6834,43.778],[1.6831,43.7786],[1.6829,43.7787],[1.6826,43.7786],[1.6812,43.7788]]]},"properties":{"id_ffco":"13634","nom":"FONDATION D'AUTEUIL COLLEGE SAINT JEAN","_dept":"81","numero":"2022-D81-385","commune":"SAINT SULPICE LA POINTE","echelle":"1/1500","surface":"0.06 km²","format":"A4","annee":"2022","cartographes":"ESCUDIE Christian","proprietaire":"8105 - BALISE ORIENTATION ALBIGEOISE","niveau":"Initiation, Scolaire","specialite":"CO à pied","latitude":"43.7775861981","longitude":"1.68179358274","date_saisie":"30/10/2022","date_depot":"12/01/2023","valide":"Oui","ppo":"Non","type_carte":"Reprise","base":"2017-D81-303 FONDATION D'AUTEUIL COLLEGE SAINT JEAN","fond":"Ortho","obsolete":false}},{"type":"Feature","geometry":{"type":"Polygon","coordinates":[[[1.6798,43.7738],[1.6802,43.7738],[1.6801,43.7731],[1.6797,43.773],[1.6797,43.7723],[1.6804,43.7724],[1.6809,43.7726],[1.6816,43.7727],[1.6822,43.7727],[1.6823,43.7727],[1.6829,43.7738],[1.6832,43.7737],[1.6835,43.7743],[1.684,43.7744],[1.684,43.7745],[1.6839,43.7747],[1.6836,43.7747],[1.6835,43.7745],[1.6812,43.775],[1.6811,43.7749],[1.6809,43.7749],[1.6801,43.7744],[1.6802,43.7743],[1.6797,43.774],[1.6798,43.7738]]]},"properties":{"id_ffco":"13633","nom":"STADE DE LA MESSALLE","_dept":"81","numero":"2022-D81-384","commune":"SAINT SULPICE LA POINTE","echelle":"1/1500","surface":"0.06 km²","format":"A4","annee":"2022","cartographes":"ESCUDIE Christian","proprietaire":"8105 - BALISE ORIENTATION ALBIGEOISE","niveau":"Initiation, Scolaire","specialite":"CO à pied","latitude":"43.7737475361","longitude":"1.68150150967","date_saisie":"29/10/2022","date_depot":"12/01/2023","valide":"Oui","ppo":"Non","type_carte":"Reprise","base":"2015-D81-272 STADE DE LA MASSALE \"3\"","fond":"Ortho","obsolete":false}},{"type":"Feature","geometry":{"type":"Polygon","coordinates":[[[1.6831,43.7762],[1.6811,43.7749],[1.6813,43.7748],[1.6816,43.7747],[1.6839,43.7743],[1.6841,43.7745],[1.684,43.7748],[1.6842,43.7756],[1.6843,43.7761],[1.6831,43.7762]]]},"properties":{"id_ffco":"13632","nom":"PARC DE LA MAIRIE DE SAINT SULPICE LA POINTE","_dept":"81","numero":"2022-D81-383","commune":"SAINT SULPICE LA POINTE","echelle":"1/1500","surface":"0.03 km²","format":"A4","annee":"2022","cartographes":"ESCUDIE Christian","proprietaire":"8105 - BALISE ORIENTATION ALBIGEOISE","niveau":"Initiation, Scolaire","specialite":"CO à pied","latitude":"43.7752658757","longitude":"1.68298052727","date_saisie":"29/10/2022","date_depot":"12/01/2023","valide":"Oui","ppo":"Non","type_carte":"Reprise","base":"2015-D81-273 PARC DE LA MAIRIE \"3\"","fond":"Ortho","obsolete":false}},{"type":"Feature","geometry":{"type":"Polygon","coordinates":[[[2.3439,43.4715],[2.3394,43.4691],[2.3357,43.4666],[2.3341,43.4624],[2.3344,43.4595],[2.3362,43.4586],[2.3394,43.4581],[2.3474,43.4592],[2.3523,43.4582],[2.3568,43.4574],[2.3639,43.4574],[2.3671,43.4565],[2.3723,43.457],[2.3758,43.459],[2.3802,43.4619],[2.3818,43.4635],[2.3812,43.4757],[2.3799,43.4772],[2.3775,43.4773],[2.3717,43.4743],[2.3681,43.474],[2.3668,43.4758],[2.3616,43.475],[2.3556,43.4742],[2.3514,43.4736],[2.3491,43.473],[2.3439,43.4715]]]},"properties":{"id_ffco":"13627","nom":"Montagnès-Hautpoul","_dept":"81","numero":"2022-D81-382","commune":"Mazamet","echelle":"1/15000","surface":"6.42 km²","format":"A4","annee":"2022","cartographes":"FRAYSSINET Laurent","proprietaire":"8104 - AZIMUT ORIENTATION CASTRES","niveau":"Régional","specialite":"CO à VTT","latitude":"43.4660529132","longitude":"2.36013288326","date_saisie":"24/10/2022","date_depot":"15/02/2023","valide":"Oui","ppo":"Non","type_carte":"Nouvelle carte","fond":"Cadastre","obsolete":false}},{"type":"Feature","geometry":{"type":"Polygon","coordinates":[[[2.5334,43.6218],[2.5338,43.6147],[2.5357,43.6135],[2.5373,43.6136],[2.5375,43.6145],[2.5384,43.6154],[2.5391,43.6162],[2.5407,43.6161],[2.5428,43.6162],[2.5429,43.6156],[2.5423,43.615],[2.5417,43.6141],[2.5415,43.6132],[2.5417,43.6124],[2.5423,43.6114],[2.5439,43.6102],[2.5458,43.609],[2.547,43.6078],[2.549,43.6066],[2.5506,43.6064],[2.5522,43.6058],[2.554,43.6061],[2.5552,43.6069],[2.5563,43.6074],[2.5582,43.6064],[2.559,43.6064],[2.5599,43.607],[2.5605,43.6048],[2.5623,43.6042],[2.5644,43.6037],[2.567,43.604],[2.5695,43.6036],[2.5698,43.6295],[2.5643,43.6315],[2.5586,43.6313],[2.5531,43.6341],[2.5524,43.6346],[2.5511,43.6349],[2.549,43.6348],[2.5475,43.6342],[2.5465,43.6335],[2.546,43.6328],[2.5458,43.6315],[2.5453,43.6301],[2.5448,43.6289],[2.5436,43.6278],[2.5429,43.627],[2.5417,43.6263],[2.5404,43.6253],[2.5334,43.6218]]]},"properties":{"id_ffco":"13513","nom":"Jaladieu VTT","_dept":"81","numero":"2022-D81-381","commune":"81260 Brassac","echelle":"1/15000","surface":"7.02 km²","format":"A4","annee":"2022","cartographes":"FRAYSSINET Laurent","proprietaire":"8104 - AZIMUT ORIENTATION CASTRES","niveau":"Régional","specialite":"CO à VTT","contacts":"Club Azimut Orientation Castres, https://azimut-orientation-castres.jimdofree.com/","latitude":"43.6191412775","longitude":"2.55454229816","date_saisie":"21/08/2022","date_depot":"21/09/2022","valide":"Oui","ppo":"Non","type_carte":"Nouvelle carte","fond":"Ortho","obsolete":false}},{"type":"Feature","geometry":{"type":"Polygon","coordinates":[[[1.6833,43.7851],[1.6783,43.7847],[1.6787,43.7834],[1.6626,43.7748],[1.6636,43.7745],[1.664,43.7716],[1.6693,43.7714],[1.6716,43.7713],[1.6752,43.7722],[1.6759,43.7711],[1.6886,43.7712],[1.6889,43.7765],[1.6847,43.7773],[1.6832,43.7785],[1.6825,43.7801],[1.6834,43.7828],[1.6836,43.7842],[1.6833,43.7851]]]},"properties":{"id_ffco":"13423","nom":"SAINT SULPICE LA POINTE \"NORD\"","_dept":"81","numero":"2022-D81-380","commune":"SAINT SULPICE LA POINTE","echelle":"1/5000","surface":"1.92 km²","format":"A3","annee":"2022","cartographes":"Alain PELLEGERY,ESCUDIE Christian","proprietaire":"8105 - BALISE ORIENTATION ALBIGEOISE","niveau":"Régional","specialite":"CO à pied","latitude":"43.7761913776","longitude":"1.67699324204","date_saisie":"23/06/2022","date_depot":"26/07/2022","valide":"Oui","ppo":"Non","type_carte":"Nouvelle carte","fond":"Ortho","obsolete":false}},{"type":"Feature","geometry":{"type":"Polygon","coordinates":[[[1.7909,43.9737],[1.7913,43.9746],[1.7919,43.9753],[1.7927,43.9761],[1.7937,43.9766],[1.7923,43.9777],[1.7912,43.9786],[1.7893,43.9801],[1.7871,43.9792],[1.7871,43.9781],[1.7883,43.9766],[1.79,43.9746],[1.7909,43.9737]]]},"properties":{"id_ffco":"13416","nom":"CAMPING DU CHENE VERT \"4\"","_dept":"81","numero":"2022-D81-379","commune":"CASTELNAU DE MONTMIRAL","echelle":"1/2500","surface":"0.18 km²","format":"A4","annee":"2022","cartographes":"ESCUDIE Christian","proprietaire":"8105 - BALISE ORIENTATION ALBIGEOISE","niveau":"Initiation, Scolaire","specialite":"CO à pied","latitude":"43.9772387487","longitude":"1.79006643268","date_saisie":"13/06/2022","date_depot":"26/07/2022","valide":"Oui","ppo":"Oui (30 postes)","type_carte":"Reprise","base":"2016-D81-283 CAMPING DU CHENE VERT \"3\"","fond":"Ortho","obsolete":false}},{"type":"Feature","geometry":{"type":"Polygon","coordinates":[[[2.0938,43.9315],[2.0944,43.933],[2.0957,43.9354],[2.0974,43.9366],[2.0993,43.9369],[2.1041,43.9368],[2.1047,43.9349],[2.1046,43.9324],[2.1043,43.9324],[2.1034,43.9327],[2.0968,43.9332],[2.0956,43.9331],[2.0947,43.933],[2.0938,43.9315]]]},"properties":{"id_ffco":"13045","nom":"PLAINE DES SPORTS \"La Guitardie\"","_dept":"81","numero":"2022-D81-378","commune":"ALBI","echelle":"1/3500","surface":"0.32 km²","format":"A4","annee":"2022","cartographes":"ESCUDIE Christian","proprietaire":"8105 - BALISE ORIENTATION ALBIGEOISE","niveau":"Initiation, Scolaire","specialite":"CO à pied","latitude":"43.9347201905","longitude":"2.10016792094","date_saisie":"29/11/2021","date_depot":"12/01/2023","valide":"Oui","ppo":"Non","type_carte":"Reprise","base":"2016-D81-286 PLAINE DES SPORTS \"LA GUITARDIE\"","fond":"Ortho","obsolete":false}},{"type":"Feature","geometry":{"type":"Polygon","coordinates":[[[1.756,43.8246],[1.7548,43.8262],[1.7536,43.8272],[1.7542,43.8315],[1.7558,43.8336],[1.7581,43.8354],[1.7609,43.8375],[1.7627,43.8381],[1.765,43.8385],[1.7667,43.8382],[1.7679,43.8375],[1.7691,43.8359],[1.7698,43.834],[1.7709,43.8325],[1.7685,43.8309],[1.7688,43.8305],[1.7684,43.8289],[1.7686,43.8269],[1.7691,43.8257],[1.7676,43.8256],[1.7636,43.8254],[1.7596,43.8247],[1.756,43.8246]]]},"properties":{"id_ffco":"12290","nom":"LA GARENNE","_dept":"81","numero":"2022-D81-377","commune":"LOUPIAC","echelle":"1/10000","surface":"1.53 km²","format":"A4","annee":"2022","cartographes":"ESCUDIE chrisrian","proprietaire":"8105 - BALISE ORIENTATION ALBIGEOISE","niveau":"Départemental","specialite":"CO à pied","latitude":"43.8310914169","longitude":"1.76216112405","date_saisie":"16/11/2020","date_depot":"12/01/2023","valide":"Oui","ppo":"Non","type_carte":"Nouvelle carte","fond":"Ortho","obsolete":false}},{"type":"Feature","geometry":{"type":"Polygon","coordinates":[[[2.11,43.9026],[2.1118,43.9019],[2.1134,43.9011],[2.1157,43.9009],[2.1189,43.9007],[2.1219,43.9004],[2.1236,43.9006],[2.1249,43.9014],[2.1244,43.9034],[2.1232,43.9031],[2.1215,43.9032],[2.1193,43.9034],[2.1186,43.9038],[2.1185,43.904],[2.119,43.9039],[2.1205,43.9042],[2.1195,43.9058],[2.118,43.9061],[2.1163,43.9067],[2.1157,43.9063],[2.1142,43.9063],[2.1115,43.9063],[2.1112,43.9062],[2.1114,43.9058],[2.1113,43.9056],[2.111,43.9058],[2.1105,43.9059],[2.1099,43.9059],[2.11,43.9026]]]},"properties":{"id_ffco":"13257","nom":"LA GARDIE \"3\"","_dept":"81","numero":"2022-D81-376","commune":"LE SEQUESTRE","echelle":"1/5000","surface":"0.55 km²","format":"A4","annee":"2022","cartographes":"ESCUDIE Christian","niveau":"Initiation, Scolaire","specialite":"CO à pied","latitude":"43.9033218108","longitude":"2.11659836698","date_saisie":"16/02/2022","date_depot":"04/05/2022","valide":"Oui","ppo":"Non","type_carte":"Reprise","base":"2014-D81-228 La GARDIE 2","fond":"Ortho","obsolete":false}},{"type":"Feature","geometry":{"type":"Polygon","coordinates":[[[2.1473,43.9321],[2.1483,43.9275],[2.1486,43.9277],[2.1488,43.9267],[2.1488,43.9264],[2.1499,43.9254],[2.1499,43.9249],[2.1491,43.9247],[2.1492,43.9238],[2.1475,43.924],[2.1473,43.9242],[2.1469,43.9241],[2.1459,43.9242],[2.1447,43.9245],[2.1438,43.9246],[2.1439,43.9255],[2.1425,43.9262],[2.1418,43.9266],[2.1416,43.9273],[2.1413,43.9283],[2.1413,43.9289],[2.1408,43.9295],[2.1433,43.9306],[2.1443,43.9311],[2.1473,43.9321]]]},"properties":{"id_ffco":"13272","nom":"ALBI \"VIEILLE VILLE\" 3","_dept":"81","numero":"2022-D81-375","commune":"ALBI","echelle":"1/2500","surface":"0.4 km²","format":"A4","annee":"2022","cartographes":"ESCUDIE Christian,Alain Pellegry","proprietaire":"8105 - BALISE ORIENTATION ALBIGEOISE","niveau":"Régional","specialite":"CO à pied","latitude":"43.9277151711","longitude":"2.14547377796","date_saisie":"23/02/2022","date_depot":"04/05/2022","valide":"Oui","ppo":"Non","type_carte":"Reprise","base":"2010-D81-125 VIEIL ALBY","fond":"Ortho","obsolete":false}},{"type":"Feature","geometry":{"type":"Polygon","coordinates":[[[2.3491,43.5428],[2.3453,43.5405],[2.3193,43.5537],[2.3229,43.5568],[2.3269,43.559],[2.328,43.5585],[2.3289,43.5578],[2.3303,43.5567],[2.3315,43.5561],[2.333,43.5555],[2.3362,43.5539],[2.3384,43.5534],[2.3393,43.5529],[2.341,43.5512],[2.3422,43.5501],[2.3436,43.5493],[2.3449,43.5474],[2.3451,43.5461],[2.3466,43.5455],[2.3482,43.544],[2.3491,43.5428]]]},"properties":{"id_ffco":"13269","nom":"Combe Fournial","_dept":"81","numero":"2022-D81-374","commune":"Payrin Augmontel","echelle":"1/10000","surface":"1.85 km²","format":"A4","annee":"2022","cartographes":"FRAYSSINET Laurent","proprietaire":"8104 - AZIMUT ORIENTATION CASTRES","niveau":"Régional","specialite":"CO à pied","latitude":"43.5501049566","longitude":"2.33444452641","date_saisie":"19/02/2022","date_depot":"26/07/2022","valide":"Oui","ppo":"Non","type_carte":"Nouvelle carte","fond":"Cadastre","obsolete":false}},{"type":"Feature","geometry":{"type":"Polygon","coordinates":[[[1.7359,44.001],[1.736,44.0],[1.738,43.9999],[1.7398,43.9999],[1.7407,43.9999],[1.7416,43.9999],[1.7416,44.0003],[1.7416,44.001],[1.7415,44.0018],[1.7415,44.0024],[1.7416,44.0032],[1.7416,44.004],[1.7415,44.0046],[1.7405,44.0047],[1.7381,44.0047],[1.7358,44.0045],[1.7358,44.004],[1.7358,44.0029],[1.7359,44.001]]]},"properties":{"id_ffco":"13690","nom":"COLONIE DE LA FOL","_dept":"81","numero":"2022-D81-373","commune":"PUYCELSI","echelle":"1/2500","surface":"0.24 km²","format":"A4","annee":"2022","cartographes":"ESCUDIE Christian","proprietaire":"8105 - BALISE ORIENTATION ALBIGEOISE","niveau":"Initiation, Scolaire","specialite":"CO à pied","latitude":"44.0022931892","longitude":"1.73873496344","date_saisie":"02/12/2022","date_depot":"13/06/2023","valide":"Oui","ppo":"Oui (30 postes)","type_carte":"Nouvelle carte","base":"2017-D81-307 LASCROUX 3","fond":"Ortho","obsolete":false}},{"type":"Feature","geometry":{"type":"Polygon","coordinates":[[[2.1374,43.9961],[2.1368,43.9949],[2.1333,43.9929],[2.1321,43.9917],[2.1314,43.991],[2.1301,43.9907],[2.1277,43.9909],[2.1273,43.9916],[2.1267,43.992],[2.1259,43.9917],[2.1247,43.9907],[2.1237,43.9905],[2.1227,43.9901],[2.1223,43.9897],[2.1225,43.9886],[2.1227,43.9876],[2.1222,43.9869],[2.1224,43.9862],[2.1229,43.9853],[2.1234,43.9845],[2.1241,43.9834],[2.127,43.9835],[2.1307,43.9831],[2.1381,43.9833],[2.1394,43.9838],[2.1402,43.9851],[2.1398,43.9865],[2.1387,43.9885],[2.1408,43.9889],[2.1424,43.9894],[2.1437,43.9905],[2.1454,43.9911],[2.146,43.9934],[2.1471,43.9948],[2.1467,43.9957],[2.1477,43.9963],[2.1483,43.9967],[2.1478,43.9977],[2.1471,43.9991],[2.148,44.0016],[2.1493,44.0026],[2.1501,44.0039],[2.1501,44.0054],[2.1501,44.006],[2.1485,44.0066],[2.1469,44.0072],[2.1456,44.008],[2.1441,44.0095],[2.143,44.0101],[2.1428,44.0112],[2.1432,44.0127],[2.1434,44.0134],[2.1439,44.0132],[2.1454,44.0129],[2.1466,44.013],[2.1487,44.0146],[2.1498,44.0158],[2.1507,44.0157],[2.1522,44.0155],[2.1533,44.0159],[2.1522,44.0179],[2.1519,44.0199],[2.1521,44.0215],[2.1527,44.0226],[2.154,44.0246],[2.1544,44.027],[2.153,44.0286],[2.152,44.0296],[2.1506,44.0301],[2.1481,44.03],[2.146,44.03],[2.1449,44.0302],[2.1431,44.0303],[2.1419,44.0302],[2.1412,44.0303],[2.1407,44.0299],[2.1402,44.0297],[2.1382,44.0296],[2.1347,44.0299],[2.1333,44.0291],[2.1313,44.0286],[2.129,44.0283],[2.128,44.0264],[2.1272,44.0252],[2.1271,44.024],[2.128,44.0215],[2.1287,44.0197],[2.1294,44.0183],[2.1301,44.0161],[2.1313,44.0148],[2.1329,44.0132],[2.1349,44.0115],[2.1365,44.0101],[2.1364,44.004],[2.1368,43.9997],[2.1374,43.9961]]]},"properties":{"id_ffco":"13067","nom":"CAP DECOUVERTE LA JAMBOUNIER","_dept":"81","numero":"2022-D81-372","commune":"CAGNAC LES MINES","echelle":"1/15000","surface":"6.8 km²","format":"A3","annee":"2022","cartographes":"Olivier THOMAS,ESCUDIE Christian","proprietaire":"8106 - ALBI RESSORT","niveau":"Régional","specialite":"CO à pied","latitude":"44.0092757894","longitude":"2.13940323547","date_saisie":"12/12/2021","date_depot":"26/07/2022","valide":"Oui","ppo":"Non","type_carte":"Nouvelle carte","fond":"Ortho","obsolete":false}},{"type":"Feature","geometry":{"type":"Polygon","coordinates":[[[1.9375,43.7898],[1.9365,43.7904],[1.9363,43.7907],[1.9361,43.7916],[1.9361,43.7925],[1.9361,43.7938],[1.9355,43.7939],[1.9346,43.794],[1.9342,43.7939],[1.9337,43.7937],[1.9333,43.7936],[1.9328,43.7934],[1.9323,43.7932],[1.9319,43.793],[1.9319,43.7927],[1.932,43.7925],[1.9321,43.7923],[1.932,43.7915],[1.9321,43.7912],[1.9323,43.7909],[1.9324,43.7904],[1.9325,43.7901],[1.9336,43.7898],[1.9351,43.7891],[1.9354,43.7887],[1.9352,43.7883],[1.9357,43.7881],[1.9363,43.788],[1.9373,43.788],[1.9381,43.7884],[1.938,43.7886],[1.9381,43.7889],[1.9382,43.7891],[1.9381,43.7894],[1.9375,43.7898]]]},"properties":{"id_ffco":"13249","nom":"LA COURBE \"2\"","_dept":"81","numero":"2022-D81-371","commune":"GRAULHET","echelle":"1/2500","surface":"0.19 km²","format":"A4","annee":"2022","cartographes":"Nicolas DURAMAY,ESCUDIE Christian","proprietaire":"8105 - BALISE ORIENTATION ALBIGEOISE","niveau":"Initiation, Scolaire","specialite":"CO à pied","latitude":"43.7910672564","longitude":"1.93482415681","date_saisie":"14/02/2022","date_depot":"04/05/2022","valide":"Oui","ppo":"Non","type_carte":"Reprise","base":"2012-D81-197 LA COURBE","fond":"Ortho","obsolete":false}},{"type":"Feature","geometry":{"type":"Polygon","coordinates":[[[1.9701,43.7602],[1.9691,43.7603],[1.9685,43.76],[1.9677,43.7587],[1.9668,43.7576],[1.9663,43.757],[1.9661,43.7561],[1.9658,43.755],[1.9656,43.754],[1.9654,43.7533],[1.9653,43.7519],[1.9719,43.7519],[1.972,43.7547],[1.9719,43.7552],[1.972,43.7559],[1.972,43.7561],[1.9716,43.7564],[1.9717,43.7571],[1.9715,43.7579],[1.9712,43.7585],[1.9711,43.7589],[1.9703,43.7593],[1.9701,43.7597],[1.9701,43.7602]]]},"properties":{"id_ffco":"13248","nom":"LAC DE NABEILLOU \"3\"","_dept":"81","numero":"2022-D81-370","commune":"GRAULHET","echelle":"1/5000","surface":"0.38 km²","format":"A4","annee":"2022","cartographes":"ESCUDIE Christian","proprietaire":"8105 - BALISE ORIENTATION ALBIGEOISE","niveau":"Initiation, Scolaire","specialite":"CO à pied","latitude":"43.7553767559","longitude":"1.96891338073","date_saisie":"14/02/2022","date_depot":"04/05/2022","valide":"Oui","ppo":"Non","type_carte":"Reprise","base":"2011-D81-182 LAC DE NABEILLOU \"2\"","fond":"Ortho","obsolete":false}},{"type":"Feature","geometry":{"type":"Polygon","coordinates":[[[2.1388,43.9199],[2.138,43.9198],[2.1375,43.9194],[2.1375,43.9194],[2.1374,43.9193],[2.1373,43.9194],[2.1368,43.919],[2.1368,43.9191],[2.1366,43.919],[2.1363,43.9188],[2.1357,43.9188],[2.1351,43.9176],[2.1356,43.9174],[2.1364,43.917],[2.1372,43.9177],[2.1381,43.918],[2.1382,43.9181],[2.1392,43.9189],[2.1391,43.9197],[2.1388,43.9199]]]},"properties":{"id_ffco":"13241","nom":"INU Champollion - Campus d'Albi","_dept":"81","numero":"2022-D81-369","commune":"ALBI","echelle":"1/2000","surface":"0.05 km²","format":"A4","annee":"2022","cartographes":"Olivier THOMAS","proprietaire":"8105 - BALISE ORIENTATION ALBIGEOISE","niveau":"Initiation, Scolaire","specialite":"CO à pied","latitude":"43.9184966049","longitude":"2.13720979338","date_saisie":"14/02/2022","date_depot":"26/07/2022","valide":"Oui","ppo":"Non","type_carte":"Nouvelle carte","fond":"Ortho","obsolete":false}},{"type":"Feature","geometry":{"type":"Polygon","coordinates":[[[2.3828,43.4971],[2.3854,43.499],[2.3857,43.4991],[2.3857,43.4996],[2.3831,43.5009],[2.3829,43.5011],[2.3827,43.5008],[2.3825,43.5004],[2.3821,43.5],[2.3818,43.4995],[2.3813,43.499],[2.3814,43.4988],[2.3815,43.4986],[2.3814,43.4984],[2.3819,43.4979],[2.3828,43.4971]]]},"properties":{"id_ffco":"13134","nom":"PARC DE LA MOLIERE 2","_dept":"81","numero":"2022-D81-368","commune":"MAZAMET","echelle":"1/2000","surface":"0.09 km²","format":"A4","annee":"2022","cartographes":"FRAYSSINET Laurent","proprietaire":"8104 - AZIMUT ORIENTATION CASTRES","niveau":"Initiation, Scolaire","specialite":"CO à pied","latitude":"43.4990685408","longitude":"2.3833319808","date_saisie":"11/01/2022","date_depot":"26/07/2022","valide":"Oui","ppo":"Non","type_carte":"Reprise","base":"2009-D81-091 PARC DE LA MOLIERE  MAZAMET","fond":"Cadastre","obsolete":false}},{"type":"Feature","geometry":{"type":"Polygon","coordinates":[[[2.0833,43.9981],[2.0846,43.9985],[2.0852,43.9984],[2.0859,43.9986],[2.0866,43.9987],[2.0871,43.9986],[2.0876,43.9984],[2.0883,43.9984],[2.0888,43.9984],[2.089,43.9985],[2.0888,44.0006],[2.0888,44.0011],[2.0892,44.0011],[2.09,43.9999],[2.0908,43.9992],[2.0912,43.9989],[2.0933,43.9994],[2.0943,43.9994],[2.0954,43.9997],[2.0967,43.9997],[2.0985,43.9998],[2.0998,44.0008],[2.1009,44.0014],[2.1023,44.0021],[2.1029,44.0023],[2.1034,44.0031],[2.1036,44.0029],[2.1033,44.0024],[2.103,44.0019],[2.1028,44.0015],[2.1025,44.0013],[2.1023,44.0009],[2.102,44.0007],[2.1014,44.0005],[2.1012,43.9992],[2.1012,43.9986],[2.1008,43.9986],[2.1003,43.9987],[2.0986,43.9984],[2.0969,43.9979],[2.0948,43.9973],[2.0932,43.9971],[2.0918,43.9962],[2.0914,43.9958],[2.0912,43.9952],[2.09,43.9953],[2.0881,43.9956],[2.0863,43.9955],[2.0854,43.9953],[2.0845,43.995],[2.0826,43.9962],[2.0833,43.9981]]]},"properties":{"id_ffco":"13068","nom":"FONROQUE","_dept":"81","numero":"2021-D81-367","commune":"CAGNAC LES MINES","echelle":"1/7500","surface":"0.47 km²","format":"A4","annee":"2021","cartographes":"Olivier THOMAS","proprietaire":"8106 - ALBI RESSORT","niveau":"Initiation, Scolaire","specialite":"CO à pied","latitude":"43.9980209703","longitude":"2.0915911263","date_saisie":"12/12/2021","date_depot":"04/05/2022","valide":"Oui","ppo":"Non","type_carte":"Nouvelle carte","fond":"Ortho","obsolete":false}},{"type":"Feature","geometry":{"type":"Polygon","coordinates":[[[1.6837,43.7777],[1.6804,43.7752],[1.6777,43.7737],[1.677,43.7728],[1.6777,43.7714],[1.6777,43.7702],[1.6781,43.7688],[1.6797,43.7672],[1.6812,43.765],[1.6836,43.763],[1.6877,43.762],[1.6946,43.7602],[1.6953,43.7605],[1.6963,43.7628],[1.6973,43.7641],[1.6995,43.7669],[1.7032,43.7702],[1.7053,43.7728],[1.703,43.7748],[1.7003,43.7762],[1.693,43.777],[1.6886,43.7768],[1.6837,43.7777]]]},"properties":{"id_ffco":"13258","nom":"SAINT SULPICE LA POINTE \"Agandissement\"","_dept":"81","numero":"2022-D81-366","commune":"SAINT SULPICE LA POINTE","echelle":"1/6500","surface":"2.88 km²","format":"A4","annee":"2022","cartographes":"ESCUDIE Christian,Alain Pellegry","proprietaire":"8105 - BALISE ORIENTATION ALBIGEOISE","niveau":"Interrégional","specialite":"CO à pied","latitude":"43.7699314978","longitude":"1.69048710608","date_saisie":"16/02/2022","date_depot":"26/07/2022","valide":"Oui","ppo":"Non","type_carte":"Nouvelle carte","base":"2010-D81-148 ALBI","fond":"Ortho","obsolete":false}},{"type":"Feature","geometry":{"type":"Polygon","coordinates":[[[2.1582,43.9336],[2.1584,43.9337],[2.1587,43.9337],[2.159,43.9338],[2.1591,43.9338],[2.1592,43.9335],[2.1593,43.9334],[2.1596,43.9334],[2.1599,43.9334],[2.1603,43.9335],[2.1611,43.9335],[2.1614,43.9336],[2.1619,43.9338],[2.1624,43.9339],[2.1627,43.9339],[2.1629,43.9337],[2.1643,43.9332],[2.1644,43.9334],[2.1648,43.9332],[2.1648,43.9328],[2.1647,43.9326],[2.1645,43.9326],[2.1641,43.9326],[2.1639,43.9326],[2.1636,43.9327],[2.1634,43.9329],[2.1631,43.933],[2.1628,43.9331],[2.1624,43.933],[2.1622,43.933],[2.1619,43.9328],[2.1617,43.9325],[2.1615,43.9323],[2.1613,43.932],[2.1611,43.9319],[2.1609,43.932],[2.1608,43.9321],[2.1606,43.9321],[2.1603,43.9322],[2.16,43.9322],[2.1598,43.9323],[2.1595,43.9325],[2.1593,43.9326],[2.159,43.9325],[2.1588,43.9324],[2.1586,43.9324],[2.1585,43.9324],[2.1583,43.9325],[2.1582,43.9327],[2.1581,43.9329],[2.1581,43.9331],[2.1582,43.9333],[2.1583,43.9335],[2.1582,43.9336]]]},"properties":{"id_ffco":"13066","nom":"ALBI-LA MOULINE","_dept":"81","numero":"2021-D81-365","commune":"ALBI","echelle":"1/3000","surface":"0.06 km²","format":"A4","annee":"2021","cartographes":"Olivier THOMAS","proprietaire":"8106 - ALBI RESSORT","niveau":"Initiation, Scolaire","specialite":"CO à pied","latitude":"43.9330120446","longitude":"2.16109330644","date_saisie":"12/12/2021","date_depot":"04/05/2022","valide":"Oui","ppo":"Non","type_carte":"Nouvelle carte","fond":"Ortho","obsolete":false}},{"type":"Feature","geometry":{"type":"Polygon","coordinates":[[[2.1388,43.9291],[2.1377,43.9288],[2.1361,43.9284],[2.1341,43.9287],[2.1324,43.9294],[2.1308,43.9305],[2.1306,43.9315],[2.1318,43.9328],[2.1329,43.9339],[2.1342,43.9335],[2.1357,43.9331],[2.1379,43.9326],[2.1378,43.9323],[2.1377,43.9317],[2.1377,43.9312],[2.1379,43.9305],[2.1388,43.9291]]]},"properties":{"id_ffco":"13065","nom":"ALBI PRATGRAUSSALS","_dept":"81","numero":"2021-D81-364","commune":"ALBI","echelle":"1/4000","surface":"0.27 km²","format":"A4","annee":"2021","cartographes":"Olivier THOMAS","proprietaire":"8106 - ALBI RESSORT","niveau":"Régional","specialite":"CO à pied","latitude":"43.930992153","longitude":"2.13464301106","date_saisie":"12/12/2021","date_depot":"04/05/2022","valide":"Oui","ppo":"Non","type_carte":"Reprise","base":"2015-D81-278 ALBI PRATGRAUSSALS","fond":"Ortho","obsolete":false}},{"type":"Feature","geometry":{"type":"Polygon","coordinates":[[[1.9913,43.9098],[1.9907,43.9111],[1.9895,43.9127],[1.9882,43.9125],[1.9873,43.9136],[1.9861,43.9133],[1.985,43.9132],[1.9841,43.9131],[1.9834,43.9131],[1.9826,43.9125],[1.9829,43.9117],[1.9835,43.9103],[1.9823,43.91],[1.9815,43.9096],[1.9808,43.9088],[1.9802,43.9081],[1.9794,43.9072],[1.9813,43.906],[1.9855,43.9047],[1.9871,43.9077],[1.9885,43.9089],[1.9913,43.9098]]]},"properties":{"id_ffco":"13064","nom":"RIVIERES-AIGUELEZE","_dept":"81","numero":"2021-D81-363","commune":"RIVIERES","echelle":"1/5000","surface":"0.5 km²","format":"A4","annee":"2021","cartographes":"Olivier THOMAS","proprietaire":"8106 - ALBI RESSORT","niveau":"Interrégional","specialite":"CO à pied","latitude":"43.9093616275","longitude":"1.98529357232","date_saisie":"12/12/2021","date_depot":"04/05/2022","valide":"Oui","ppo":"Non","type_carte":"Reprise","base":"2016-D81-288 AIGUELEZE","fond":"Ortho","obsolete":false}},{"type":"Feature","geometry":{"type":"Polygon","coordinates":[[[2.1594,43.9476],[2.1582,43.9492],[2.1591,43.9496],[2.1603,43.949],[2.1616,43.9482],[2.1632,43.9476],[2.1643,43.9464],[2.1645,43.9463],[2.1632,43.9443],[2.1616,43.9442],[2.1607,43.9445],[2.1605,43.9448],[2.1597,43.946],[2.1594,43.9476]]]},"properties":{"id_ffco":"13058","nom":"BASE DE LOISIRS DE CANTEPAU","_dept":"81","numero":"2021-D81-362","commune":"ALBI","echelle":"1/2500","surface":"0.16 km²","format":"A4","annee":"2021","cartographes":"Christian LAVAL","proprietaire":"81 - Tarn","niveau":"Initiation, Scolaire","specialite":"CO à pied","latitude":"43.9466840353","longitude":"2.16140315535","date_saisie":"10/12/2021","date_depot":"04/05/2022","valide":"Oui","ppo":"Oui (50 postes)","type_carte":"Reprise","base":"2015-D81-259 BASE DE LOISIRS DE CANTEPAU \"2\"","fond":"Ortho","obsolete":false}},{"type":"Feature","geometry":{"type":"Polygon","coordinates":[[[2.3871,43.5033],[2.3864,43.5026],[2.3857,43.5028],[2.3851,43.5033],[2.3845,43.5037],[2.3838,43.5042],[2.3831,43.5044],[2.3829,43.505],[2.3821,43.5074],[2.3809,43.5093],[2.3809,43.51],[2.3817,43.5101],[2.3826,43.5101],[2.384,43.5101],[2.3838,43.5098],[2.3837,43.5094],[2.3841,43.5087],[2.3842,43.5082],[2.3841,43.5077],[2.3841,43.5065],[2.3845,43.5064],[2.3852,43.5061],[2.3859,43.5055],[2.3863,43.5044],[2.387,43.5038],[2.3871,43.5033]]]},"properties":{"id_ffco":"13043","nom":"BONNECOMBE \"2\"","_dept":"81","numero":"2021-D81-361","commune":"MAZAMET","echelle":"1/2500","surface":"0.17 km²","format":"A4","annee":"2021","cartographes":"FRAYSSINET Laurent","proprietaire":"8104 - AZIMUT ORIENTATION CASTRES","niveau":"Initiation, Scolaire","specialite":"CO à pied","latitude":"43.5065246508","longitude":"2.38381501928","date_saisie":"29/11/2021","date_depot":"08/02/2022","valide":"Oui","ppo":"Non","type_carte":"Reprise","base":"2010-D81-120 BONNECOMBE MAZAMET","fond":"Ortho","obsolete":false}},{"type":"Feature","geometry":{"type":"Polygon","coordinates":[[[1.7354,44.0041],[1.7344,44.0049],[1.7335,44.0057],[1.7334,44.0091],[1.7458,44.0089],[1.7458,44.0075],[1.7452,44.0068],[1.7445,44.0053],[1.7442,44.0047],[1.7442,44.0045],[1.7444,44.0042],[1.7446,44.004],[1.7445,44.0036],[1.7441,44.0032],[1.7435,44.0027],[1.7434,44.0023],[1.7433,44.0019],[1.7433,44.0014],[1.743,44.001],[1.7427,44.0007],[1.7422,43.9999],[1.742,43.9997],[1.7421,43.9994],[1.7418,43.9988],[1.7357,43.9987],[1.7356,44.0008],[1.7355,44.0025],[1.7354,44.0033],[1.7354,44.0041]]]},"properties":{"id_ffco":"13250","nom":"LASCROUX \"4\"","_dept":"81","numero":"2022-D81-360","commune":"PUYCELSI","echelle":"1/5000","surface":"0.85 km²","format":"A4","annee":"2022","cartographes":"Alain PELLEGERY,ESCUDIE Christian","proprietaire":"8105 - BALISE ORIENTATION ALBIGEOISE","niveau":"Initiation, Scolaire","specialite":"CO à pied","latitude":"44.0045197448","longitude":"1.73938763102","date_saisie":"14/02/2022","date_depot":"04/05/2022","valide":"Oui","ppo":"Non","type_carte":"Reprise","base":"2017-D81-307 LASCROUX 3","fond":"Ortho","obsolete":false}},{"type":"Feature","geometry":{"type":"Polygon","coordinates":[[[1.9618,43.759],[1.9586,43.7585],[1.9559,43.7625],[1.9549,43.7649],[1.9551,43.7657],[1.9549,43.7676],[1.9569,43.7681],[1.9576,43.7681],[1.9591,43.7683],[1.9601,43.7685],[1.9608,43.7687],[1.9615,43.7684],[1.9618,43.768],[1.9621,43.767],[1.9624,43.7666],[1.9631,43.7665],[1.9636,43.7668],[1.9638,43.7668],[1.9637,43.7645],[1.9631,43.7642],[1.9619,43.7637],[1.9614,43.7626],[1.9613,43.7616],[1.9615,43.7605],[1.9619,43.7593],[1.9618,43.759]]]},"properties":{"id_ffco":"13247","nom":"STADE DE LA JONQUIERE \"2\"","_dept":"81","numero":"2022-D81-359","commune":"GAULHET","echelle":"1/4500","surface":"0.53 km²","format":"A4","annee":"2022","cartographes":"ESCUDIE Christian","proprietaire":"8105 - BALISE ORIENTATION ALBIGEOISE","niveau":"Initiation, Scolaire","specialite":"CO à pied","latitude":"43.7641400639","longitude":"1.95910896186","date_saisie":"14/02/2022","date_depot":"04/05/2022","valide":"Oui","ppo":"Non","type_carte":"Reprise","base":"2008-D81-067 STADE DE LA JONQUIERE","fond":"Ortho","obsolete":false}},{"type":"Feature","geometry":{"type":"Polygon","coordinates":[[[2.1689,43.9246],[2.1651,43.9257],[2.1645,43.9243],[2.1633,43.9246],[2.1626,43.9231],[2.163,43.9223],[2.1679,43.9213],[2.1688,43.9225],[2.1682,43.923],[2.1689,43.9246]]]},"properties":{"id_ffco":"13044","nom":"STADIUM ALBI","_dept":"81","numero":"2021-D81-358","commune":"ALBI","echelle":"1/3000","surface":"0.16 km²","format":"A4","annee":"2021","cartographes":"ESCUDIE Christian","proprietaire":"8105 - BALISE ORIENTATION ALBIGEOISE","niveau":"Initiation, Scolaire","specialite":"CO à pied","latitude":"43.9233816686","longitude":"2.16593363675","date_saisie":"29/11/2021","date_depot":"08/02/2022","valide":"Oui","ppo":"Non","type_carte":"Reprise","base":"2015-D81-267 STADIUM ALBI \"4\"","fond":"Ortho","obsolete":false}},{"type":"Feature","geometry":{"type":"Polygon","coordinates":[[[1.7988,43.8466],[1.8015,43.8485],[1.8009,43.8498],[1.8003,43.8498],[1.7999,43.8502],[1.802,43.8512],[1.8036,43.8524],[1.8049,43.8538],[1.8068,43.8559],[1.8082,43.8581],[1.8097,43.8602],[1.8106,43.8611],[1.8161,43.8638],[1.8163,43.8642],[1.8169,43.8647],[1.8207,43.8662],[1.8233,43.8629],[1.8199,43.8612],[1.817,43.8596],[1.8153,43.8579],[1.8141,43.8559],[1.8133,43.8543],[1.8128,43.852],[1.8129,43.8505],[1.8132,43.8492],[1.8139,43.8479],[1.8174,43.8455],[1.8156,43.8444],[1.8129,43.8431],[1.8131,43.8429],[1.8106,43.8421],[1.8093,43.8411],[1.8066,43.8411],[1.8062,43.8405],[1.8016,43.8407],[1.8011,43.8414],[1.801,43.8422],[1.7979,43.8435],[1.796,43.8453],[1.7988,43.8466]]]},"properties":{"id_ffco":"12919","nom":"LISLE SUR TARN","_dept":"81","numero":"2021-D81-357","commune":"LISLE SUR TARN","echelle":"1/7000","surface":"2.33 km²","format":"A3","annee":"2021","cartographes":"ESCUDIE Christian,Alain Pellegry","proprietaire":"8105 - BALISE ORIENTATION ALBIGEOISE","niveau":"Interrégional","specialite":"CO à pied","latitude":"43.851199708","longitude":"1.80928400468","date_saisie":"02/10/2021","date_depot":"08/02/2022","valide":"Oui","ppo":"Non","type_carte":"Nouvelle carte","fond":"Ortho","obsolete":false}},{"type":"Feature","geometry":{"type":"Polygon","coordinates":[[[1.9919,43.7633],[1.9946,43.765],[1.9961,43.7647],[1.9961,43.7643],[1.9964,43.7632],[1.9963,43.763],[1.996,43.7627],[1.9958,43.7626],[1.9951,43.7627],[1.9919,43.7629],[1.9918,43.763],[1.9919,43.7633]]]},"properties":{"id_ffco":"13246","nom":"COMPLEXE SPORTIF NOËL PELISSOU \"3\"","_dept":"81","numero":"2022-D81-356","commune":"GRAULHET","echelle":"1/2000","surface":"0.06 km²","format":"A5","annee":"2022","cartographes":"ESCUDIE Christian","proprietaire":"8105 - BALISE ORIENTATION ALBIGEOISE","niveau":"Initiation, Scolaire","specialite":"CO à pied","latitude":"43.763652439","longitude":"1.99444435205","date_saisie":"14/02/2022","date_depot":"04/05/2022","valide":"Oui","ppo":"Non","type_carte":"Reprise","base":"2011-D81-181 COMPLEXE SPORTIF NOËL PELISSOU  \"2\"","fond":"Ortho","obsolete":false}},{"type":"Feature","geometry":{"type":"Polygon","coordinates":[[[1.6889,43.7903],[1.683,43.7867],[1.6798,43.786],[1.6799,43.784],[1.6782,43.7837],[1.6777,43.7852],[1.6733,43.7856],[1.6685,43.7861],[1.6665,43.7855],[1.6631,43.7841],[1.6576,43.782],[1.6514,43.7812],[1.6455,43.7801],[1.6402,43.7798],[1.6361,43.7811],[1.6355,43.7807],[1.6344,43.7811],[1.6347,43.7816],[1.6299,43.7847],[1.6259,43.789],[1.6259,43.7909],[1.6249,43.7938],[1.6238,43.7957],[1.623,43.7966],[1.6232,43.798],[1.622,43.7993],[1.6243,43.7988],[1.6249,43.7981],[1.6264,43.7992],[1.6264,43.8034],[1.6269,43.8087],[1.6266,43.81],[1.6233,43.8124],[1.6213,43.8128],[1.6221,43.8156],[1.6259,43.8145],[1.6274,43.8152],[1.6292,43.8161],[1.6334,43.8164],[1.6353,43.8165],[1.6388,43.82],[1.6407,43.8205],[1.6443,43.8222],[1.6457,43.8227],[1.6486,43.8218],[1.6528,43.8205],[1.6553,43.8185],[1.6564,43.8156],[1.6575,43.814],[1.6689,43.8104],[1.6691,43.8096],[1.6695,43.8086],[1.6824,43.8064],[1.6866,43.8041],[1.6841,43.8001],[1.6854,43.7942],[1.6857,43.7931],[1.6854,43.7919],[1.6845,43.7908],[1.6866,43.7888],[1.6889,43.7903]]]},"properties":{"id_ffco":"12199","nom":"MEZENS","_dept":"81","numero":"2021-D81-355","commune":"MEZENS","echelle":"1/10000","surface":"16.63 km²","format":"A3","annee":"2021","cartographes":"ESCUDIE Christian,Alain Pellegry","proprietaire":"8105 - BALISE ORIENTATION ALBIGEOISE","niveau":"Interrégional","specialite":"CO à pied","latitude":"43.7993423684","longitude":"1.65219449341","date_saisie":"07/10/2020","date_depot":"08/02/2022","valide":"Oui","ppo":"Non","type_carte":"Reprise","base":"2017-D81-294 Communes de MEZENS, ROQUEMAURE, GRAZAC et BUZET","fond":"Ortho","obsolete":false}},{"type":"Feature","geometry":{"type":"Polygon","coordinates":[[[1.7434,43.8244],[1.7438,43.8233],[1.7442,43.8177],[1.7434,43.8181],[1.7408,43.8164],[1.7404,43.8134],[1.7368,43.8108],[1.739,43.809],[1.7388,43.8083],[1.7375,43.8059],[1.7351,43.804],[1.7321,43.8066],[1.7297,43.8084],[1.7282,43.8098],[1.7279,43.8106],[1.7275,43.8118],[1.7267,43.8118],[1.7246,43.814],[1.7237,43.8141],[1.724,43.8147],[1.724,43.8152],[1.7223,43.8161],[1.724,43.8174],[1.7261,43.8194],[1.7276,43.8211],[1.7301,43.8239],[1.7317,43.8255],[1.7337,43.8266],[1.7355,43.8275],[1.7367,43.8276],[1.7385,43.8269],[1.7415,43.8254],[1.7434,43.8244]]]},"properties":{"id_ffco":"12846","nom":"COUFFOULEUX","_dept":"81","numero":"2021-D81-354","commune":"COUFFOULEUX","echelle":"1/6000","surface":"2.53 km²","format":"A3","annee":"2021","cartographes":"ESCUDIE Christian","proprietaire":"8105 - BALISE ORIENTATION ALBIGEOISE","niveau":"Interrégional","specialite":"CO à pied","latitude":"43.8169288172","longitude":"1.73425176403","date_saisie":"09/08/2021","date_depot":"08/02/2022","valide":"Oui","ppo":"Non","type_carte":"Nouvelle carte","fond":"Ortho","obsolete":false}},{"type":"Feature","geometry":{"type":"Polygon","coordinates":[[[1.7087,43.8136],[1.7099,43.8134],[1.7114,43.8133],[1.7126,43.8131],[1.7152,43.8115],[1.7186,43.813],[1.7236,43.8168],[1.7269,43.8203],[1.7305,43.8244],[1.7334,43.8264],[1.7353,43.8274],[1.7371,43.8283],[1.7375,43.831],[1.7374,43.8327],[1.7298,43.8337],[1.7252,43.8355],[1.7243,43.8355],[1.7206,43.836],[1.7203,43.8356],[1.7203,43.8353],[1.7197,43.8352],[1.7188,43.8335],[1.7182,43.8329],[1.7168,43.8331],[1.7156,43.8326],[1.7128,43.8312],[1.7123,43.8303],[1.7115,43.8294],[1.7126,43.8286],[1.7113,43.8277],[1.711,43.828],[1.7102,43.8276],[1.7097,43.8274],[1.7101,43.8268],[1.7079,43.8263],[1.7079,43.8253],[1.7076,43.8255],[1.7076,43.8242],[1.707,43.8225],[1.7066,43.8221],[1.7059,43.8223],[1.7057,43.8217],[1.7061,43.8214],[1.704,43.8207],[1.704,43.8168],[1.7039,43.8162],[1.7032,43.8153],[1.7053,43.8145],[1.7069,43.8151],[1.7079,43.8146],[1.7079,43.8135],[1.7087,43.8136]]]},"properties":{"id_ffco":"12845","nom":"RABASTENS","_dept":"81","numero":"2021-D81-353","commune":"RABASTENS","echelle":"1/6000","surface":"4.13 km²","format":"+","annee":"2021","cartographes":"ESCUDIE Christian","proprietaire":"8105 - BALISE ORIENTATION ALBIGEOISE","niveau":"Interrégional","specialite":"CO à pied","latitude":"43.8242545131","longitude":"1.71954180685","date_saisie":"09/08/2021","date_depot":"13/10/2021","valide":"Oui","ppo":"Non","type_carte":"Nouvelle carte","fond":"Ortho","obsolete":false}},{"type":"Feature","geometry":{"type":"Polygon","coordinates":[[[1.6829,43.777],[1.6811,43.7755],[1.6799,43.7748],[1.6783,43.7742],[1.6773,43.7735],[1.6765,43.7733],[1.6778,43.7712],[1.6779,43.7708],[1.6771,43.7697],[1.6793,43.7686],[1.6809,43.7672],[1.6812,43.7666],[1.6828,43.7662],[1.6852,43.7656],[1.6877,43.7646],[1.6875,43.7641],[1.6884,43.7659],[1.6905,43.7664],[1.692,43.7668],[1.693,43.766],[1.6943,43.7649],[1.6956,43.7655],[1.6961,43.7667],[1.6983,43.767],[1.6985,43.7688],[1.6971,43.7688],[1.6958,43.7688],[1.6955,43.7695],[1.6964,43.7702],[1.6963,43.7711],[1.6958,43.7712],[1.6959,43.7722],[1.6965,43.772],[1.6958,43.7726],[1.6958,43.7734],[1.6959,43.7744],[1.6965,43.7765],[1.6936,43.7766],[1.691,43.7766],[1.6884,43.7766],[1.6857,43.777],[1.6844,43.7772],[1.6829,43.777]]]},"properties":{"id_ffco":"12844","nom":"St SULPICE","_dept":"81","numero":"2021-D81-352","commune":"SAINT SULPICE","echelle":"1/5000","surface":"1.7 km²","format":"A3","annee":"2021","cartographes":"ESCUDIE Christian","proprietaire":"8105 - BALISE ORIENTATION ALBIGEOISE","niveau":"Interrégional","specialite":"CO à pied","latitude":"43.7712162562","longitude":"1.68768560308","date_saisie":"09/08/2021","date_depot":"13/10/2021","valide":"Oui","ppo":"Non","type_carte":"Nouvelle carte","fond":"Ortho","obsolete":false}},{"type":"Feature","geometry":{"type":"Polygon","coordinates":[[[1.7755,44.0031],[1.7727,44.0026],[1.7709,44.0024],[1.77,44.0015],[1.7682,44.0019],[1.767,44.002],[1.7659,44.0016],[1.7619,44.001],[1.761,43.9992],[1.7568,43.9998],[1.7552,44.0002],[1.7536,44.0012],[1.7524,44.0023],[1.7506,44.0034],[1.7491,44.0045],[1.7447,44.0039],[1.7442,44.0032],[1.7435,44.0021],[1.7424,43.9998],[1.7414,43.9976],[1.7413,43.9961],[1.7411,43.9952],[1.7415,43.9938],[1.7415,43.9929],[1.7401,43.9912],[1.735,43.9913],[1.7337,43.9912],[1.7294,43.9899],[1.7264,43.9904],[1.7237,43.9906],[1.7193,43.9897],[1.7142,43.9905],[1.7128,43.9888],[1.7101,43.9881],[1.7054,43.9909],[1.7013,43.9907],[1.7001,43.9917],[1.6985,43.9957],[1.6971,43.9964],[1.6964,43.9974],[1.6962,43.9984],[1.6941,43.9996],[1.6928,44.0014],[1.692,44.0024],[1.6905,44.0029],[1.6887,44.0021],[1.685,44.0009],[1.6823,44.0011],[1.6813,44.0017],[1.6812,44.0027],[1.6817,44.0047],[1.68,44.0045],[1.6766,44.0045],[1.6747,44.0039],[1.6733,44.0037],[1.6714,44.0038],[1.6701,44.0038],[1.67,44.0043],[1.6707,44.0047],[1.6691,44.0067],[1.6673,44.0083],[1.6658,44.0087],[1.6639,44.0099],[1.6643,44.0116],[1.6647,44.0127],[1.6643,44.0149],[1.6635,44.0163],[1.6636,44.0176],[1.6633,44.0193],[1.6621,44.0218],[1.662,44.0237],[1.6625,44.0248],[1.6614,44.0248],[1.6601,44.0254],[1.6591,44.026],[1.6576,44.0259],[1.6555,44.0262],[1.6543,44.0265],[1.6531,44.0261],[1.6513,44.0257],[1.6503,44.0255],[1.6492,44.0263],[1.6495,44.027],[1.6499,44.0286],[1.6495,44.0307],[1.6494,44.0317],[1.6498,44.0333],[1.6516,44.0372],[1.6526,44.0392],[1.6524,44.041],[1.6524,44.0462],[1.6516,44.0489],[1.651,44.051],[1.6507,44.0525],[1.6522,44.054],[1.6543,44.057],[1.6542,44.0589],[1.6521,44.0613],[1.6549,44.0615],[1.6561,44.0614],[1.6579,44.0606],[1.666,44.061],[1.6667,44.0589],[1.6679,44.0578],[1.6705,44.0572],[1.6718,44.0582],[1.6727,44.0613],[1.6731,44.0648],[1.6737,44.0663],[1.6773,44.0645],[1.683,44.0626],[1.6839,44.0621],[1.684,44.0611],[1.6853,44.0609],[1.6861,44.0605],[1.6879,44.0604],[1.6903,44.0599],[1.6921,44.06],[1.6946,44.0595],[1.6963,44.0588],[1.6967,44.0588],[1.6979,44.0594],[1.6995,44.0596],[1.7038,44.0597],[1.7064,44.0599],[1.7107,44.0597],[1.717,44.0601],[1.7187,44.0605],[1.7202,44.0609],[1.7206,44.06],[1.7215,44.0597],[1.7228,44.0598],[1.7241,44.0599],[1.7252,44.0602],[1.7262,44.0606],[1.7279,44.0605],[1.7329,44.0629],[1.7389,44.0625],[1.7514,44.0579],[1.7532,44.0576],[1.7555,44.0573],[1.7588,44.0576],[1.7613,44.0572],[1.7636,44.0569],[1.7658,44.0573],[1.768,44.0574],[1.7703,44.0575],[1.7723,44.0581],[1.7717,44.0562],[1.7724,44.0563],[1.7727,44.0566],[1.7747,44.0563],[1.7755,44.0554],[1.7782,44.0542],[1.7816,44.0534],[1.7819,44.052],[1.7836,44.0513],[1.7849,44.0503],[1.7854,44.0498],[1.7856,44.0487],[1.7855,44.0479],[1.7872,44.0477],[1.7884,44.048],[1.7908,44.0472],[1.7913,44.0468],[1.7904,44.046],[1.7893,44.0454],[1.7907,44.0445],[1.7927,44.0437],[1.7937,44.0431],[1.7945,44.0428],[1.7957,44.0418],[1.7973,44.0409],[1.798,44.0391],[1.7984,44.0374],[1.7997,44.037],[1.8012,44.0364],[1.8023,44.0355],[1.8041,44.0356],[1.8048,44.0358],[1.8072,44.0349],[1.8063,44.0339],[1.8048,44.0335],[1.8038,44.0325],[1.8023,44.0318],[1.8012,44.033],[1.7989,44.0325],[1.8002,44.0302],[1.8005,44.0288],[1.7964,44.0293],[1.7966,44.0288],[1.7961,44.0279],[1.7988,44.0248],[1.8,44.0241],[1.8009,44.0234],[1.8036,44.0224],[1.804,44.0215],[1.8036,44.0202],[1.8021,44.0175],[1.8036,44.0161],[1.8032,44.0135],[1.8001,44.011],[1.8,44.0093],[1.7966,44.0087],[1.7971,44.0076],[1.7975,44.0062],[1.7981,44.0045],[1.7948,44.0037],[1.7932,44.0045],[1.7929,44.0065],[1.792,44.0083],[1.7906,44.0091],[1.7877,44.0092],[1.7851,44.0089],[1.7839,44.0083],[1.7845,44.0073],[1.7841,44.0056],[1.7834,44.0044],[1.782,44.0047],[1.7807,44.0046],[1.778,44.0036],[1.7765,44.0031],[1.7755,44.0031]]]},"properties":{"id_ffco":"12784","nom":"VTT'O INFERNOU","_dept":"81","numero":"2021-D81-351","commune":"PUYCELCI","echelle":"1/20000","surface":"75.03 km²","format":"A3","annee":"2021","cartographes":"Alain Pellegry,ESCUDIE Christian","proprietaire":"8105 - BALISE ORIENTATION ALBIGEOISE","niveau":"Interrégional","specialite":"CO à VTT","latitude":"44.0291261155","longitude":"1.72474923754","date_saisie":"29/05/2021","date_depot":"21/06/2021","valide":"Oui","ppo":"Non","type_carte":"Nouvelle carte","fond":"Ortho","obsolete":false}},{"type":"Feature","geometry":{"type":"Polygon","coordinates":[[[1.7644,44.0203],[1.7641,44.0195],[1.7614,44.0188],[1.7606,44.0179],[1.7614,44.0164],[1.7645,44.0145],[1.766,44.0139],[1.7667,44.012],[1.769,44.0102],[1.7707,44.0087],[1.7727,44.0062],[1.7748,44.0048],[1.7758,44.0038],[1.7756,44.0031],[1.7781,44.0036],[1.7813,44.0047],[1.782,44.0045],[1.7836,44.0043],[1.7845,44.0061],[1.7845,44.0074],[1.7842,44.0085],[1.7859,44.009],[1.7849,44.0118],[1.788,44.0131],[1.7871,44.0153],[1.7868,44.0161],[1.7873,44.0174],[1.7882,44.0178],[1.7907,44.0184],[1.7913,44.0198],[1.7908,44.0296],[1.7714,44.0296],[1.7712,44.0241],[1.7644,44.0203]]]},"properties":{"id_ffco":"12787","nom":"LE RO ORIENTAL","_dept":"81","numero":"2021-D81-350","commune":"CASTELNAU DE MONTMIRAL","echelle":"1/10000","surface":"4.55 km²","format":"A3","annee":"2021","cartographes":"Alain PELLEGERY,ESCUDIE Christian","proprietaire":"8105 - BALISE ORIENTATION ALBIGEOISE","niveau":"Interrégional","specialite":"CO à pied","latitude":"44.0179369185","longitude":"1.77795660873","date_saisie":"02/06/2021","date_depot":"21/06/2021","valide":"Oui","ppo":"Non","type_carte":"Nouvelle carte","fond":"Ortho","obsolete":false}},{"type":"Feature","geometry":{"type":"Polygon","coordinates":[[[1.7651,44.0207],[1.757,44.0206],[1.7541,44.0198],[1.7514,44.0185],[1.748,44.0185],[1.7452,44.0151],[1.744,44.0135],[1.7441,44.012],[1.7462,44.0116],[1.7442,44.0095],[1.7442,44.0088],[1.7446,44.0077],[1.7496,44.0074],[1.7518,44.0078],[1.7551,44.0078],[1.7563,44.0082],[1.7594,44.0076],[1.7619,44.0076],[1.7652,44.0078],[1.7697,44.0099],[1.7688,44.0108],[1.7673,44.0124],[1.7664,44.0142],[1.7642,44.0153],[1.7627,44.0167],[1.7617,44.017],[1.7615,44.018],[1.7633,44.0186],[1.7646,44.0191],[1.7651,44.0207]]]},"properties":{"id_ffco":"12782","nom":"PECH DU MIDI","_dept":"81","numero":"2021-D81-349","commune":"CASTELNAU DE MONTMIRAL","echelle":"1/10000","surface":"2.2 km²","format":"A4","annee":"2021","cartographes":"Alain Pellegry,ESCUDIE Christian","proprietaire":"8105 - BALISE ORIENTATION ALBIGEOISE","niveau":"National, International","specialite":"CO à pied","latitude":"44.0132955785","longitude":"1.75598674316","date_saisie":"28/05/2021","date_depot":"21/06/2021","valide":"Oui","ppo":"Non","type_carte":"Nouvelle carte","fond":"Ortho","obsolete":false}},{"type":"Feature","geometry":{"type":"Polygon","coordinates":[[[2.4907,43.6324],[2.4903,43.632],[2.4911,43.6311],[2.4918,43.6299],[2.4943,43.6293],[2.4958,43.6302],[2.4955,43.6308],[2.4951,43.6315],[2.4943,43.6319],[2.4933,43.6325],[2.4927,43.6326],[2.4915,43.6323],[2.4907,43.6324]]]},"properties":{"id_ffco":"12605","nom":"LA LANDE BRASSAC","_dept":"81","numero":"2021-D81-348","commune":"BRASSAC","echelle":"1/2000","surface":"0.1 km²","format":"A4","annee":"2021","cartographes":"FRAYSSINET Laurent","proprietaire":"8104 - AZIMUT ORIENTATION CASTRES","niveau":"Initiation, Scolaire","specialite":"CO à pied","latitude":"43.6309924037","longitude":"2.49317112669","date_saisie":"09/02/2021","date_depot":"21/06/2021","valide":"Oui","ppo":"Non","type_carte":"Nouvelle carte","fond":"Ortho","obsolete":false}},{"type":"Feature","geometry":{"type":"Polygon","coordinates":[[[2.43,43.6951],[2.4281,43.6955],[2.4261,43.6956],[2.4241,43.6953],[2.423,43.6948],[2.4224,43.6941],[2.4215,43.6935],[2.4207,43.6934],[2.4197,43.6931],[2.4181,43.6925],[2.4167,43.6917],[2.4166,43.6912],[2.4165,43.6902],[2.4166,43.6892],[2.4172,43.6888],[2.4198,43.6885],[2.4218,43.6885],[2.4241,43.6888],[2.426,43.6893],[2.4282,43.6904],[2.4293,43.6912],[2.4296,43.6932],[2.43,43.6951]]]},"properties":{"id_ffco":"12603","nom":"VABRE","_dept":"81","numero":"2021-D81-347","commune":"VABRE","echelle":"1/4000","surface":"0.6 km²","format":"A4","annee":"2021","cartographes":"FRAYSSINET Laurent","proprietaire":"8104 - AZIMUT ORIENTATION CASTRES","niveau":"Interrégional","specialite":"CO à pied","latitude":"43.6917998446","longitude":"2.42351728695","date_saisie":"09/02/2021","date_depot":"21/06/2021","valide":"Oui","ppo":"Non","type_carte":"Nouvelle carte","fond":"Ortho","obsolete":false}},{"type":"Feature","geometry":{"type":"Polygon","coordinates":[[[1.6627,43.7746],[1.6639,43.7748],[1.664,43.7736],[1.664,43.7732],[1.664,43.773],[1.6629,43.7721],[1.6631,43.7718],[1.666,43.7716],[1.667,43.7723],[1.6683,43.7732],[1.669,43.7742],[1.6683,43.7744],[1.6681,43.7746],[1.6677,43.7747],[1.6678,43.7756],[1.664,43.7749],[1.6638,43.775],[1.664,43.7752],[1.6638,43.7753],[1.6627,43.7746]]]},"properties":{"id_ffco":"12560","nom":"COMPLEXE SPORTIF DE MOLETRINCADE \"4\"","_dept":"81","numero":"2021-D81-346","commune":"SAINT SULPICE LA POINTE","echelle":"1/2500","surface":"0.13 km²","format":"A4","annee":"2021","cartographes":"ESCUDIE Christian","proprietaire":"8105 - BALISE ORIENTATION ALBIGEOISE","niveau":"Initiation, Scolaire","specialite":"CO à pied","latitude":"43.773554824","longitude":"1.66585747424","date_saisie":"22/01/2021","date_depot":"21/06/2021","valide":"Oui","ppo":"Non","type_carte":"Reprise","base":"2015-D81-270 COMPLEXE SPORTIF DE MOLETRINCADE \"3\"","fond":"Ortho","obsolete":false}},{"type":"Feature","geometry":{"type":"Polygon","coordinates":[[[2.5491,43.6349],[2.5498,43.6292],[2.547,43.6258],[2.5381,43.6227],[2.5323,43.6187],[2.5282,43.619],[2.5257,43.6204],[2.5248,43.6211],[2.524,43.6197],[2.5214,43.6194],[2.5161,43.6193],[2.5148,43.6177],[2.5123,43.6181],[2.51,43.6189],[2.511,43.6212],[2.5086,43.6217],[2.5027,43.6215],[2.5121,43.6268],[2.5136,43.6278],[2.5142,43.6298],[2.5128,43.6323],[2.5159,43.6355],[2.5208,43.6386],[2.5269,43.645],[2.5284,43.6455],[2.5267,43.6466],[2.5336,43.6535],[2.538,43.6566],[2.5438,43.6591],[2.5469,43.6592],[2.5493,43.6575],[2.5496,43.6475],[2.5505,43.644],[2.5524,43.6419],[2.5534,43.6403],[2.5535,43.6381],[2.5491,43.6349]]]},"properties":{"id_ffco":"12559","nom":"PLANTATION DE PIEYRE VTT'O","_dept":"81","numero":"2021-D81-345","commune":"BRASSAC","echelle":"1/15000","surface":"9.57 km²","format":"A4","annee":"2021","cartographes":"FRAYSSINET Laurent","proprietaire":"8104 - AZIMUT ORIENTATION CASTRES","niveau":"National, International","specialite":"CO à VTT","latitude":"43.6359662905","longitude":"2.53326259444","date_saisie":"22/01/2021","date_depot":"21/06/2021","valide":"Oui","ppo":"Non","type_carte":"Nouvelle carte","fond":"Ortho","obsolete":false}},{"type":"Feature","geometry":{"type":"Polygon","coordinates":[[[2.2454,43.6186],[2.2527,43.6242],[2.2531,43.6253],[2.2558,43.6268],[2.2583,43.6297],[2.2609,43.6313],[2.2636,43.6318],[2.2666,43.6324],[2.2694,43.6321],[2.2716,43.6241],[2.2704,43.6212],[2.2705,43.6197],[2.2705,43.6181],[2.2691,43.6159],[2.2667,43.612],[2.265,43.6111],[2.2625,43.6114],[2.258,43.6118],[2.2563,43.6127],[2.2542,43.6148],[2.252,43.6161],[2.2495,43.6172],[2.2454,43.6186]]]},"properties":{"id_ffco":"12558","nom":"GOURJADE BORDE BASSE VTT'O","_dept":"81","numero":"2021-D81-344","commune":"CASTRES","echelle":"1/7500","surface":"3.05 km²","format":"A4","annee":"2021","cartographes":"FRAYSSINET Laurent","proprietaire":"8104 - AZIMUT ORIENTATION CASTRES","niveau":"Interrégional","specialite":"CO à VTT","latitude":"43.621418699","longitude":"2.26118209571","date_saisie":"22/01/2021","date_depot":"21/06/2021","valide":"Oui","ppo":"Non","type_carte":"Nouvelle carte","fond":"Ortho","obsolete":false}},{"type":"Feature","geometry":{"type":"Polygon","coordinates":[[[1.7512,43.9532],[1.7418,43.9488],[1.7424,43.9472],[1.7473,43.9434],[1.7481,43.9404],[1.743,43.9408],[1.7347,43.9406],[1.7324,43.9397],[1.7293,43.9387],[1.7291,43.9376],[1.7291,43.9357],[1.7312,43.9337],[1.7364,43.9292],[1.7368,43.9276],[1.7389,43.9258],[1.7423,43.9235],[1.7477,43.9179],[1.7499,43.9155],[1.7529,43.9151],[1.7527,43.9135],[1.7564,43.9132],[1.7585,43.9133],[1.76,43.9123],[1.7624,43.9134],[1.764,43.9142],[1.7661,43.9146],[1.7691,43.9166],[1.7709,43.918],[1.7737,43.9187],[1.7791,43.9204],[1.7824,43.9221],[1.7849,43.9227],[1.7869,43.9237],[1.7728,43.9294],[1.7708,43.9334],[1.7659,43.9349],[1.7624,43.9369],[1.7616,43.9399],[1.7572,43.9471],[1.7512,43.9532]]]},"properties":{"id_ffco":"12291","nom":"Forêt Départementale de SIVENS VTT'O","_dept":"81","numero":"2021-D81-343","commune":"LES BARRIERES  LISLE SUR TARN","echelle":"1/15000","surface":"9.35 km²","format":"A3","annee":"2021","cartographes":"Alian PELLEGRY,ESCUDIE Christian","proprietaire":"8105 - BALISE ORIENTATION ALBIGEOISE","niveau":"Interrégional","specialite":"CO à VTT","latitude":"43.9303484992","longitude":"1.75506603604","date_saisie":"16/11/2020","date_depot":"21/01/2021","valide":"Oui","ppo":"Non","type_carte":"Nouvelle carte","fond":"Ortho","obsolete":false}},{"type":"Feature","geometry":{"type":"Polygon","coordinates":[[[1.8973,43.9036],[1.8977,43.9044],[1.8964,43.9044],[1.8965,43.9042],[1.897,43.9037],[1.8971,43.9036],[1.8973,43.9036]]]},"properties":{"id_ffco":"12907","nom":"SQUARE JOFFRE  à GAILLAC","_dept":"81","numero":"2021-D81-342","commune":"GAILLAC","echelle":"1/70","surface":"0.01 km²","format":"A3","annee":"2021","cartographes":"Alain VIGUIER","proprietaire":"8105 - BALISE ORIENTATION ALBIGEOISE","niveau":"Initiation, Scolaire","specialite":"CO à pied","latitude":"43.9040972654","longitude":"1.89711813533","date_saisie":"26/09/2021","date_depot":"13/10/2021","valide":"Oui","ppo":"Non","type_carte":"Nouvelle carte","fond":"Ortho","obsolete":false}},{"type":"Feature","geometry":{"type":"Polygon","coordinates":[[[1.7914,43.9733],[1.7903,43.9725],[1.7849,43.9693],[1.7863,43.9672],[1.788,43.9671],[1.7908,43.968],[1.7913,43.9685],[1.7926,43.9696],[1.7934,43.9704],[1.7942,43.9707],[1.7951,43.9713],[1.7917,43.9733],[1.7914,43.9733]]]},"properties":{"id_ffco":"12843","nom":"BASE DE LOISIRS VERE GRESIGNE","_dept":"81","numero":"2021-D81-341","commune":"CASTELNAU DE MONTMIRAL","echelle":"1/3000","surface":"0.28 km²","format":"A4","annee":"2021","cartographes":"ESCUDIE Christian","proprietaire":"8105 - BALISE ORIENTATION ALBIGEOISE","niveau":"Initiation, Scolaire","specialite":"CO à pied","latitude":"43.9700102527","longitude":"1.78981266162","date_saisie":"09/08/2021","date_depot":"13/10/2021","valide":"Oui","ppo":"Non","type_carte":"Nouvelle carte","fond":"Ortho","obsolete":false}},{"type":"Feature","geometry":{"type":"Polygon","coordinates":[[[2.3654,43.6645],[2.3655,43.6643],[2.3654,43.6643],[2.3649,43.6642],[2.3645,43.6638],[2.3645,43.6634],[2.3639,43.6632],[2.363,43.663],[2.3621,43.6626],[2.3609,43.6623],[2.3594,43.6621],[2.3594,43.6612],[2.3585,43.6605],[2.3588,43.6604],[2.3607,43.6596],[2.3617,43.6593],[2.3631,43.6588],[2.3645,43.6583],[2.3651,43.6587],[2.3655,43.6587],[2.3655,43.6593],[2.3668,43.6597],[2.3687,43.6598],[2.3703,43.6598],[2.3719,43.6598],[2.3738,43.6598],[2.3747,43.6598],[2.3753,43.6595],[2.3761,43.6595],[2.3769,43.6596],[2.3778,43.6597],[2.3784,43.6597],[2.3793,43.6597],[2.3804,43.6601],[2.3814,43.6606],[2.3828,43.6617],[2.384,43.6627],[2.385,43.6631],[2.3861,43.6634],[2.3877,43.6634],[2.3885,43.664],[2.3894,43.6644],[2.3907,43.6649],[2.3921,43.6649],[2.3935,43.6651],[2.3952,43.6652],[2.3961,43.6648],[2.3971,43.6647],[2.3971,43.6667],[2.3979,43.6674],[2.3977,43.6687],[2.3959,43.6705],[2.394,43.6707],[2.391,43.6696],[2.3893,43.669],[2.3829,43.6671],[2.3826,43.666],[2.3821,43.6656],[2.3806,43.6654],[2.3783,43.6638],[2.3768,43.6641],[2.3759,43.6662],[2.3757,43.6662],[2.3754,43.666],[2.3742,43.6669],[2.3738,43.6669],[2.3735,43.6668],[2.3734,43.6666],[2.3732,43.6663],[2.373,43.6662],[2.372,43.6664],[2.3701,43.6657],[2.3692,43.6649],[2.3685,43.6645],[2.3658,43.6643],[2.3654,43.6645]]]},"properties":{"id_ffco":"12126","nom":"Les rochers du Sidobre","_dept":"81","numero":"2020-D81-340","commune":"LACROUZETTE","echelle":"1/10000","surface":"1.7 km²","format":"A3","annee":"2020","cartographes":"Léo Falcone","proprietaire":"8104 - AZIMUT ORIENTATION CASTRES","niveau":"Interrégional","specialite":"CO à pied","latitude":"43.6639856035","longitude":"2.37882837988","date_saisie":"20/09/2020","date_depot":"09/10/2020","valide":"Oui","ppo":"Non","type_carte":"Nouvelle carte","fond":"Ortho","obsolete":false}},{"type":"Feature","geometry":{"type":"Polygon","coordinates":[[[1.8812,43.6972],[1.8815,43.6968],[1.8843,43.6972],[1.8867,43.698],[1.8926,43.6992],[1.8908,43.7016],[1.8896,43.7017],[1.8876,43.7023],[1.8842,43.7025],[1.8774,43.7035],[1.8764,43.7031],[1.8762,43.702],[1.8764,43.6999],[1.8757,43.6981],[1.8762,43.6979],[1.8766,43.6989],[1.8768,43.6995],[1.881,43.6975],[1.8812,43.6972]]]},"properties":{"id_ffco":"12106","nom":"BOIS DE LA PERE","_dept":"81","numero":"2020-D81-339","commune":"LABASTE SAINT GEORGES","echelle":"1/7500","surface":"0.63 km²","format":"A4","annee":"2020","cartographes":"Chistian ESCUDIE","proprietaire":"8105 - BALISE ORIENTATION ALBIGEOISE","niveau":"Régional","specialite":"CO à pied","latitude":"43.7002602224","longitude":"1.88337978267","date_saisie":"31/08/2020","date_depot":"22/09/2020","valide":"Oui","ppo":"Non","type_carte":"Nouvelle carte","fond":"Ortho","obsolete":false}},{"type":"Feature","geometry":{"type":"Polygon","coordinates":[[[2.0855,43.9403],[2.0855,43.9399],[2.0856,43.9392],[2.0854,43.939],[2.0859,43.9388],[2.0866,43.9385],[2.0866,43.9382],[2.0895,43.9381],[2.0898,43.9366],[2.0885,43.9362],[2.0872,43.9359],[2.0854,43.9358],[2.0841,43.9355],[2.0835,43.9353],[2.0832,43.9346],[2.0831,43.934],[2.0824,43.934],[2.0815,43.9333],[2.0789,43.9336],[2.078,43.9358],[2.0757,43.9367],[2.0764,43.9395],[2.0804,43.9385],[2.0818,43.941],[2.0839,43.9409],[2.0855,43.9403]]]},"properties":{"id_ffco":"12105","nom":"CASTELNAU DE LEVIS","_dept":"81","numero":"2020-D81-338","commune":"CASTELNAU DE LEVIS","echelle":"1/4000","surface":"0.51 km²","format":"A4","annee":"2020","cartographes":"Olivier THOMAS","proprietaire":"8106 - ALBI RESSORT","niveau":"National, International","specialite":"CO à pied","latitude":"43.9372110033","longitude":"2.08219833195","date_saisie":"31/08/2020","date_depot":"08/10/2020","valide":"Oui","ppo":"Non","type_carte":"Nouvelle carte","fond":"Ortho","obsolete":false}},{"type":"Feature","geometry":{"type":"Polygon","coordinates":[[[2.1371,44.0119],[2.1346,44.0128],[2.1318,44.015],[2.1308,44.0155],[2.1289,44.0193],[2.1277,44.0225],[2.127,44.0249],[2.1277,44.026],[2.1293,44.0278],[2.1321,44.0271],[2.1331,44.0283],[2.1356,44.0295],[2.137,44.0296],[2.1379,44.0299],[2.1401,44.0295],[2.1414,44.0302],[2.1424,44.0301],[2.1449,44.0302],[2.1459,44.03],[2.149,44.0302],[2.1512,44.0299],[2.1529,44.0286],[2.1541,44.0274],[2.1541,44.0252],[2.1522,44.0223],[2.1516,44.0197],[2.1528,44.0162],[2.1528,44.0157],[2.1507,44.0157],[2.1498,44.0159],[2.1471,44.0137],[2.1457,44.0129],[2.1439,44.0132],[2.1432,44.014],[2.1434,44.0132],[2.1425,44.0114],[2.1429,44.0102],[2.1443,44.0093],[2.1459,44.0079],[2.1469,44.0074],[2.1474,44.0067],[2.1488,44.0062],[2.1501,44.0057],[2.1501,44.0041],[2.1489,44.0025],[2.1481,44.0022],[2.1471,43.9996],[2.1482,43.9972],[2.1484,43.9966],[2.1477,43.9966],[2.1477,43.9963],[2.1471,43.9959],[2.1483,43.9959],[2.1469,43.9944],[2.1457,43.9926],[2.1453,43.9911],[2.1432,43.9901],[2.1413,43.9888],[2.1393,43.9884],[2.1387,43.9884],[2.1404,43.9852],[2.1388,43.9832],[2.1376,43.9826],[2.135,43.9822],[2.1308,43.9823],[2.1278,43.9827],[2.1263,43.9833],[2.124,43.9834],[2.1232,43.9843],[2.1248,43.9853],[2.1241,43.9861],[2.1224,43.987],[2.1227,43.9885],[2.1223,43.9894],[2.1232,43.9906],[2.1246,43.9907],[2.1266,43.9918],[2.1274,43.9916],[2.128,43.9909],[2.1299,43.9907],[2.1317,43.9911],[2.1331,43.9927],[2.131,43.9943],[2.1292,43.9952],[2.1268,43.9986],[2.1247,44.0009],[2.126,44.0014],[2.1256,44.0018],[2.1303,44.0029],[2.131,44.0028],[2.1365,44.0038],[2.1364,44.0078],[2.1363,44.0097],[2.1371,44.0119]]]},"properties":{"id_ffco":"12053","nom":"VTT'O CAP DECOUVERTE","_dept":"81","numero":"2020-D81-337","commune":"BLAYE LES MINES","echelle":"1/15000","surface":"7.48 km²","format":"A3","annee":"2020","cartographes":"Alain Pellegry,ESCUDIE Christian","proprietaire":"8105 - BALISE ORIENTATION ALBIGEOISE","niveau":"National, International","specialite":"CO à VTT","latitude":"44.0077002665","longitude":"2.13867347917","date_saisie":"22/05/2020","date_depot":"22/09/2020","valide":"Oui","ppo":"Non","type_carte":"Nouvelle carte","fond":"Ortho","obsolete":false}},{"type":"Feature","geometry":{"type":"Polygon","coordinates":[[[2.2973,43.5324],[2.2988,43.5309],[2.2995,43.5303],[2.3002,43.5299],[2.3004,43.5289],[2.301,43.5279],[2.3018,43.5264],[2.3034,43.5233],[2.3056,43.5221],[2.3081,43.5229],[2.3103,43.5225],[2.3121,43.5215],[2.3132,43.5209],[2.3151,43.5205],[2.3184,43.5203],[2.3223,43.5208],[2.3234,43.521],[2.3261,43.5214],[2.3274,43.5212],[2.3282,43.5212],[2.3298,43.5208],[2.3327,43.5213],[2.3366,43.5216],[2.3397,43.5199],[2.3398,43.5201],[2.3399,43.5178],[2.3419,43.5182],[2.3435,43.5188],[2.3445,43.5191],[2.3464,43.52],[2.3434,43.519],[2.3451,43.5198],[2.3479,43.5203],[2.3506,43.5202],[2.3529,43.5202],[2.3555,43.522],[2.3537,43.5244],[2.3536,43.5283],[2.352,43.5296],[2.3513,43.5311],[2.3502,43.5339],[2.3492,43.5365],[2.3478,43.5386],[2.3478,43.5393],[2.3468,43.541],[2.3438,43.5439],[2.3416,43.5429],[2.3352,43.5462],[2.3285,43.5495],[2.3259,43.5499],[2.3235,43.5504],[2.3198,43.5539],[2.3131,43.5542],[2.3103,43.5561],[2.3096,43.5548],[2.309,43.5535],[2.3022,43.5527],[2.2981,43.5509],[2.301,43.5483],[2.3003,43.5476],[2.2985,43.5471],[2.2968,43.5473],[2.295,43.5476],[2.295,43.5483],[2.2918,43.5519],[2.2909,43.5518],[2.284,43.5451],[2.2786,43.5466],[2.2787,43.5404],[2.2833,43.5396],[2.2897,43.5363],[2.2925,43.5362],[2.295,43.5347],[2.296,43.5339],[2.2964,43.5331],[2.2973,43.5324]]]},"properties":{"id_ffco":"11915","nom":"CAUSSE DE CAUCALIERES \"3\"","_dept":"81","numero":"2020-D81-336","commune":"CAUCALIERES","echelle":"1/10000","surface":"15.09 km²","format":"+","annee":"2020","cartographes":"FRAYSSINET Laurent","proprietaire":"8104 - AZIMUT ORIENTATION CASTRES","niveau":"National, International","specialite":"CO à pied","latitude":"43.5362815455","longitude":"2.31937211681","date_saisie":"13/01/2020","date_depot":"22/09/2020","valide":"Oui","ppo":"Non","type_carte":"Reprise","base":"2010-D81-141 LE CAUSSE DE CAUCALIERES L' AURIOL","fond":"Ortho","obsolete":false}},{"type":"Feature","geometry":{"type":"Polygon","coordinates":[[[2.3004,43.5282],[2.3018,43.5258],[2.3034,43.5233],[2.305,43.5217],[2.306,43.5216],[2.3061,43.521],[2.3065,43.5212],[2.3078,43.5205],[2.3073,43.5207],[2.3084,43.52],[2.3109,43.5197],[2.3131,43.5207],[2.3149,43.5202],[2.3177,43.5204],[2.3203,43.5206],[2.3231,43.5211],[2.3249,43.521],[2.3264,43.5218],[2.3299,43.5213],[2.3323,43.5228],[2.3376,43.5227],[2.3402,43.523],[2.3469,43.5233],[2.3456,43.5245],[2.336,43.5314],[2.3254,43.5383],[2.3224,43.5363],[2.3207,43.5347],[2.3195,43.5344],[2.3176,43.5336],[2.3156,43.5326],[2.3148,43.5321],[2.3142,43.5321],[2.314,43.5319],[2.3137,43.532],[2.313,43.5317],[2.31,43.5303],[2.3076,43.5289],[2.3052,43.5283],[2.3036,43.5283],[2.3004,43.5282]]]},"properties":{"id_ffco":"11914","nom":"LE PLO DU CAMBON","_dept":"81","numero":"2020-D81-335","commune":"PRAYRIN AUGMONTEIL","echelle":"1/10000","surface":"4.02 km²","format":"A4","annee":"2020","cartographes":"FRAYSSINET Laurent","proprietaire":"8104 - AZIMUT ORIENTATION CASTRES","niveau":"Interrégional","specialite":"CO à pied","latitude":"43.5272660109","longitude":"2.32259980188","date_saisie":"13/01/2020","date_depot":"21/06/2021","valide":"Oui","ppo":"Non","type_carte":"Nouvelle carte","fond":"Ortho","obsolete":false}},{"type":"Feature","geometry":{"type":"Polygon","coordinates":[[[2.3352,43.6631],[2.3336,43.6629],[2.3331,43.6619],[2.3311,43.6619],[2.3312,43.6605],[2.3315,43.6596],[2.3331,43.6578],[2.335,43.6577],[2.3358,43.6595],[2.3368,43.6611],[2.3365,43.6621],[2.3357,43.663],[2.3352,43.6631]]]},"properties":{"id_ffco":"11913","nom":"LA BESSIERE","_dept":"81","numero":"2020-D81-334","commune":"LA CROUZETTE","echelle":"1/2500","surface":"0.19 km²","format":"A4","annee":"2020","cartographes":"FRAYSSINET Laureznt","proprietaire":"8104 - AZIMUT ORIENTATION CASTRES","niveau":"Départemental","specialite":"CO à pied","latitude":"43.6605117695","longitude":"2.33402310451","date_saisie":"13/01/2020","date_depot":"22/09/2020","valide":"Oui","ppo":"Oui (16 postes)","type_carte":"Nouvelle carte","fond":"Ortho","obsolete":false}},{"type":"Feature","geometry":{"type":"Polygon","coordinates":[[[1.7254,43.9426],[1.7328,43.9408],[1.7464,43.9397],[1.7458,43.936],[1.7443,43.9332],[1.7431,43.9303],[1.7448,43.9277],[1.744,43.9271],[1.7443,43.9253],[1.7464,43.9262],[1.7461,43.9249],[1.7437,43.9237],[1.7427,43.9231],[1.7425,43.9227],[1.7406,43.9233],[1.7387,43.9251],[1.7369,43.9269],[1.7331,43.9267],[1.7337,43.9256],[1.7312,43.9247],[1.7279,43.9263],[1.7269,43.9285],[1.7271,43.9309],[1.7254,43.9333],[1.7244,43.9361],[1.7226,43.9382],[1.7199,43.9406],[1.7192,43.942],[1.7254,43.9426]]]},"properties":{"id_ffco":"11912","nom":"SIVENS LES BARRIERES","_dept":"81","numero":"2020-D81-333","commune":"LISLE SUR TARN","echelle":"1/10000","surface":"2.84 km²","format":"A4","annee":"2020","cartographes":"ESCUDIE Christian","proprietaire":"8105 - BALISE ORIENTATION ALBIGEOISE","niveau":"Interrégional","specialite":"CO à pied","latitude":"43.9337860589","longitude":"1.73452080107","date_saisie":"13/01/2020","date_depot":"23/09/2020","valide":"Oui","ppo":"Non","type_carte":"Nouvelle carte","fond":"Ortho","obsolete":false}},{"type":"Feature","geometry":{"type":"Polygon","coordinates":[[[1.7445,43.8232],[1.7439,43.8243],[1.74,43.8263],[1.7368,43.8275],[1.7342,43.827],[1.7313,43.8251],[1.7284,43.8222],[1.7271,43.8203],[1.7257,43.8187],[1.7247,43.8178],[1.7238,43.8163],[1.7228,43.8154],[1.7237,43.8144],[1.7261,43.8141],[1.727,43.8128],[1.7274,43.8118],[1.728,43.8104],[1.7284,43.8095],[1.7305,43.8076],[1.7325,43.806],[1.7344,43.8038],[1.7363,43.8048],[1.7389,43.8071],[1.7393,43.809],[1.7374,43.8109],[1.7369,43.8116],[1.7395,43.814],[1.7385,43.8152],[1.7408,43.8168],[1.7409,43.8174],[1.7424,43.8179],[1.743,43.8188],[1.7435,43.8208],[1.7427,43.8226],[1.7445,43.8232]]]},"properties":{"id_ffco":"11888","nom":"COUFFOULEUX \" Village","_dept":"81","numero":"2019-D81-332","commune":"COUFFOULEUX","echelle":"1/5000","surface":"2.43 km²","format":"A3","annee":"2019","cartographes":"ESCUDIE Christian","proprietaire":"8105 - BALISE ORIENTATION ALBIGEOISE","niveau":"Interrégional","specialite":"CO à pied","latitude":"43.8168699965","longitude":"1.7341441472","date_saisie":"03/01/2020","date_depot":"14/02/2020","valide":"Oui","ppo":"Non","type_carte":"Nouvelle carte","fond":"Ortho","obsolete":false}},{"type":"Feature","geometry":{"type":"Polygon","coordinates":[[[2.1801,43.6204],[2.1782,43.6213],[2.1765,43.6223],[2.1741,43.6237],[2.1725,43.6247],[2.1715,43.6254],[2.1708,43.6266],[2.1688,43.6273],[2.1643,43.6294],[2.1627,43.6297],[2.1633,43.6312],[2.1646,43.6319],[2.1668,43.6324],[2.1681,43.6326],[2.1669,43.6346],[2.1671,43.6353],[2.1686,43.6362],[2.1698,43.6375],[2.1724,43.6377],[2.1738,43.6374],[2.1768,43.6369],[2.1777,43.6358],[2.1812,43.6352],[2.1851,43.6346],[2.1845,43.6329],[2.1844,43.6316],[2.1851,43.6309],[2.1844,43.6305],[2.1836,43.6299],[2.1831,43.6291],[2.1836,43.6279],[2.1828,43.6258],[2.1819,43.6242],[2.1814,43.623],[2.1808,43.6217],[2.1801,43.6204]]]},"properties":{"id_ffco":"11800","nom":"DOMAIE \"CHATEAU DOR DE LASTOURS\"","_dept":"81","numero":"2019-D81-331","commune":"AVIS 81 100 CASTRES","echelle":"1/10000","surface":"1.95 km²","format":"A4","annee":"2019","cartographes":"ESCUDIE Christian","proprietaire":"8105 - BALISE ORIENTATION ALBIGEOISE","niveau":"Départemental","specialite":"CO à pied","latitude":"43.6301675283","longitude":"2.17528480443","date_saisie":"26/11/2019","date_depot":"14/02/2020","valide":"Oui","ppo":"Oui (10 postes)","type_carte":"Nouvelle carte","fond":"Ortho","obsolete":false}},{"type":"Feature","geometry":{"type":"Polygon","coordinates":[[[2.3106,43.9896],[2.3147,43.9898],[2.3175,43.9897],[2.3188,43.988],[2.3203,43.9869],[2.3203,43.9864],[2.3222,43.9854],[2.3237,43.9853],[2.3235,43.9845],[2.3264,43.9839],[2.3285,43.9834],[2.33,43.984],[2.3302,43.9829],[2.3388,43.9819],[2.3365,43.9765],[2.3364,43.9737],[2.3367,43.9721],[2.3321,43.9721],[2.3279,43.9718],[2.3255,43.9714],[2.3243,43.9722],[2.3227,43.9734],[2.3211,43.9737],[2.3202,43.9737],[2.3198,43.9737],[2.3192,43.9736],[2.3176,43.9739],[2.3165,43.9733],[2.3136,43.9755],[2.311,43.9766],[2.3082,43.978],[2.3063,43.979],[2.3057,43.9783],[2.305,43.9789],[2.3037,43.9788],[2.3018,43.9797],[2.3027,43.9804],[2.3033,43.9811],[2.3034,43.9819],[2.3033,43.9829],[2.3035,43.9839],[2.3048,43.9862],[2.3065,43.9865],[2.3069,43.9888],[2.3106,43.9896]]]},"properties":{"id_ffco":"11799","nom":"SERENAC \"5\"","_dept":"81","numero":"2019-D81-330","commune":"SERENAC","echelle":"1/10000","surface":"3.6 km²","format":"A4","annee":"2019","cartographes":"Olivier THOMAS","proprietaire":"8106 - ALBI RESSORT","niveau":"Interrégional","specialite":"CO à pied","latitude":"43.9802959841","longitude":"2.32025913853","date_saisie":"26/11/2019","date_depot":"22/09/2020","valide":"Oui","ppo":"Non","type_carte":"Reprise","base":"2017-D81-293 SERENAC \"4\"","fond":"Ortho","obsolete":false}},{"type":"Feature","geometry":{"type":"Polygon","coordinates":[[[1.7408,43.7663],[1.7388,43.7635],[1.7383,43.7618],[1.7402,43.7606],[1.7415,43.7607],[1.7432,43.761],[1.7451,43.7617],[1.7466,43.7622],[1.7472,43.7625],[1.7477,43.7648],[1.7408,43.7663]]]},"properties":{"id_ffco":"11669","nom":"LUDOLAC \"2\"","_dept":"81","numero":"2019-D81-329","commune":"Saint lieu Les Lavaur","echelle":"1/2500","surface":"0.32 km²","format":"A4","annee":"2019","cartographes":"ESCUDIE Christian","proprietaire":"8105 - BALISE ORIENTATION ALBIGEOISE","niveau":"Initiation, Scolaire","specialite":"CO à pied","latitude":"43.7633687774","longitude":"1.74276850426","date_saisie":"13/09/2019","date_depot":"15/11/2019","valide":"Oui","ppo":"Oui (30 postes)","type_carte":"Reprise","base":"2018-D81-310  LUDOLAC","fond":"Ortho","obsolete":false}},{"type":"Feature","geometry":{"type":"Polygon","coordinates":[[[1.8209,43.8663],[1.8241,43.8633],[1.8195,43.8613],[1.8154,43.8584],[1.8124,43.8521],[1.8137,43.8477],[1.8136,43.8469],[1.8118,43.8459],[1.8095,43.8448],[1.8058,43.8441],[1.8026,43.8445],[1.7985,43.8463],[1.8012,43.8486],[1.8019,43.8499],[1.8013,43.8502],[1.8038,43.8521],[1.8059,43.8547],[1.8088,43.8587],[1.8102,43.8604],[1.8156,43.8633],[1.8209,43.8663]]]},"properties":{"id_ffco":"11730","nom":"LISLE SUR TARN","_dept":"81","numero":"2019-D81-328","commune":"LISLE SUR TARN","echelle":"1/7000","surface":"1.68 km²","format":"A3","annee":"2019","cartographes":"ESCUDIE Christian","proprietaire":"8105 - BALISE ORIENTATION ALBIGEOISE","niveau":"Interrégional","specialite":"CO à pied","latitude":"43.8536598585","longitude":"1.81025990184","date_saisie":"02/11/2019","date_depot":"15/11/2019","valide":"Oui","ppo":"Oui (30 postes)","type_carte":"Reprise","base":"2016-D81-281 LISLE SUR TARN","fond":"Ortho","obsolete":false}},{"type":"Feature","geometry":{"type":"Polygon","coordinates":[[[2.4101,43.628],[2.4158,43.6287],[2.4206,43.6278],[2.4263,43.63],[2.4283,43.6301],[2.43,43.6295],[2.4311,43.6279],[2.4329,43.6264],[2.4408,43.6261],[2.4424,43.6281],[2.4442,43.6286],[2.4507,43.6354],[2.4506,43.6374],[2.4495,43.6389],[2.4476,43.6407],[2.4449,43.6427],[2.4434,43.6443],[2.4426,43.6462],[2.4438,43.6476],[2.4423,43.6492],[2.4339,43.6534],[2.4276,43.6581],[2.426,43.6588],[2.4173,43.6603],[2.4158,43.6608],[2.4137,43.6618],[2.411,43.6624],[2.4076,43.6626],[2.4009,43.6647],[2.3995,43.6657],[2.3947,43.6662],[2.3732,43.6656],[2.3738,43.6597],[2.3747,43.6513],[2.3828,43.648],[2.3909,43.6387],[2.4055,43.6355],[2.4079,43.6301],[2.4101,43.628]]]},"properties":{"id_ffco":"11661","nom":"LE SIDOBRE VTT'O","_dept":"81","numero":"2019-D81-327","commune":"LE BEZ et LACROUZETTE","echelle":"1/15000","surface":"17.11 km²","format":"A4","annee":"2019","cartographes":"FRAYSSINET Laurent","proprietaire":"8104 - AZIMUT ORIENTATION CASTRES","niveau":"Interrégional","specialite":"CO à VTT","latitude":"43.6468473802","longitude":"2.41186387961","date_saisie":"10/09/2019","date_depot":"15/11/2019","valide":"Oui","ppo":"Non","type_carte":"Nouvelle carte","fond":"Ortho","obsolete":false}},{"type":"Feature","geometry":{"type":"Polygon","coordinates":[[[1.7984,43.9267],[1.7957,43.9249],[1.7777,43.9198],[1.7663,43.9148],[1.7546,43.913],[1.7485,43.9168],[1.7431,43.9232],[1.7403,43.9247],[1.7358,43.9251],[1.7341,43.9254],[1.7312,43.9243],[1.7291,43.9252],[1.7278,43.9253],[1.7244,43.936],[1.7193,43.9419],[1.7235,43.9429],[1.7321,43.9409],[1.737,43.9409],[1.7488,43.9396],[1.7488,43.9424],[1.7479,43.9437],[1.7449,43.9454],[1.743,43.9479],[1.7429,43.9492],[1.7514,43.9534],[1.7544,43.9495],[1.7573,43.9481],[1.7575,43.9442],[1.7625,43.9416],[1.7625,43.9393],[1.7646,43.9371],[1.7628,43.9363],[1.7647,43.9351],[1.7684,43.9338],[1.77,43.9348],[1.7738,43.9362],[1.7759,43.9374],[1.7972,43.9291],[1.7984,43.9267]]]},"properties":{"id_ffco":"11731","nom":"FORET DEPARTEMENTALE DE SIVENS","_dept":"81","numero":"2020-D81-326","commune":"LISLE SUR TARN","echelle":"1/15000","surface":"12.58 km²","format":"A3","annee":"2020","cartographes":"ESCUDIE Christian,Alain Pellegry","proprietaire":"8105 - BALISE ORIENTATION ALBIGEOISE","niveau":"Interrégional","specialite":"CO à pied","latitude":"43.9305027979","longitude":"1.75692554184","date_saisie":"02/11/2019","date_depot":"21/01/2021","valide":"Oui","ppo":"Oui (27 postes)","type_carte":"Nouvelle carte","base":"2011-D81-173 FORET DEPARTEMENTALE DE SIVENS \"2\"  EXTRAIT","fond":"Ortho","obsolete":false}},{"type":"Feature","geometry":{"type":"Polygon","coordinates":[[[2.4548,43.5563],[2.4535,43.5573],[2.4546,43.5679],[2.4795,43.5679],[2.4796,43.5689],[2.4869,43.5697],[2.4976,43.5678],[2.496,43.5656],[2.4967,43.5641],[2.4975,43.561],[2.4972,43.5591],[2.4964,43.5584],[2.4975,43.5578],[2.4977,43.5564],[2.4989,43.5554],[2.5003,43.5546],[2.5001,43.5534],[2.5012,43.5511],[2.5022,43.5445],[2.5014,43.5422],[2.4758,43.5424],[2.4626,43.5517],[2.4613,43.5532],[2.4548,43.5563]]]},"properties":{"id_ffco":"11660","nom":"LE RIALET VTT'O","_dept":"81","numero":"2019-D81-325","commune":"LE RIALET","echelle":"1/15000","surface":"9.06 km²","format":"A4","annee":"2019","cartographes":"FRAYSSINET Laurent","proprietaire":"8104 - AZIMUT ORIENTATION CASTRES","niveau":"Interrégional","specialite":"CO à VTT","latitude":"43.5562361939","longitude":"2.47942780473","date_saisie":"10/09/2019","date_depot":"15/11/2019","valide":"Oui","ppo":"Non","type_carte":"Nouvelle carte","fond":"Ortho","obsolete":false}},{"type":"Feature","geometry":{"type":"Polygon","coordinates":[[[1.7934,44.0329],[1.7946,44.0324],[1.7946,44.0308],[1.7956,44.0297],[1.7958,44.0292],[1.8,44.0293],[1.7997,44.0306],[1.799,44.0324],[1.7986,44.0333],[1.7983,44.034],[1.7983,44.0346],[1.7989,44.035],[1.8002,44.0349],[1.8007,44.0347],[1.8017,44.0347],[1.8024,44.0351],[1.8019,44.0357],[1.801,44.0366],[1.7988,44.0371],[1.798,44.0382],[1.7976,44.0402],[1.7962,44.0413],[1.7948,44.0426],[1.7939,44.0429],[1.7925,44.0437],[1.7894,44.045],[1.7893,44.0453],[1.7909,44.0461],[1.7912,44.0467],[1.7903,44.0473],[1.7889,44.0478],[1.7874,44.0477],[1.7857,44.0476],[1.7855,44.0482],[1.7854,44.0492],[1.7854,44.0497],[1.7842,44.0505],[1.7827,44.0513],[1.7818,44.0516],[1.7816,44.0533],[1.7797,44.0538],[1.7771,44.0544],[1.7755,44.0552],[1.7748,44.0556],[1.7729,44.056],[1.7713,44.0559],[1.77,44.0554],[1.7692,44.0548],[1.7689,44.0541],[1.7684,44.0534],[1.7677,44.053],[1.7663,44.053],[1.7652,44.0529],[1.7639,44.053],[1.7626,44.0532],[1.7609,44.0532],[1.7598,44.0533],[1.7585,44.0528],[1.7579,44.0518],[1.7576,44.0509],[1.7566,44.0501],[1.7557,44.0503],[1.7541,44.0509],[1.7526,44.0512],[1.7511,44.0513],[1.7492,44.051],[1.7475,44.0513],[1.7465,44.0517],[1.7458,44.0527],[1.7434,44.0553],[1.7436,44.0545],[1.7401,44.0533],[1.7381,44.0521],[1.7345,44.0511],[1.7333,44.0508],[1.7335,44.0504],[1.7332,44.0501],[1.7335,44.0499],[1.734,44.049],[1.7348,44.048],[1.742,44.0407],[1.7425,44.0408],[1.7427,44.0416],[1.7445,44.0424],[1.7464,44.043],[1.7479,44.0435],[1.749,44.0444],[1.7502,44.0452],[1.7508,44.0449],[1.7505,44.0441],[1.7505,44.0435],[1.751,44.0431],[1.7504,44.0428],[1.7503,44.0422],[1.7519,44.0413],[1.7519,44.0408],[1.752,44.0402],[1.7579,44.0386],[1.7602,44.0388],[1.7616,44.0392],[1.7615,44.0401],[1.7618,44.0412],[1.7624,44.042],[1.7642,44.0436],[1.7645,44.0441],[1.7649,44.0432],[1.7658,44.0426],[1.7685,44.0426],[1.7717,44.0413],[1.7737,44.0426],[1.7749,44.0435],[1.7761,44.0444],[1.7773,44.0445],[1.7777,44.0443],[1.7835,44.0449],[1.7839,44.0441],[1.7853,44.0442],[1.7858,44.0444],[1.787,44.0433],[1.7888,44.0423],[1.7898,44.0411],[1.7909,44.0403],[1.791,44.0394],[1.7917,44.0391],[1.792,44.038],[1.7917,44.037],[1.792,44.0358],[1.7925,44.035],[1.7931,44.0342],[1.7934,44.0341],[1.7934,44.0329]]]},"properties":{"id_ffco":"11505","nom":"INFERNOU 2019","_dept":"81","numero":"2019-D81-324","commune":"Puycelsi","echelle":"1/20000","surface":"5.65 km²","format":"+","annee":"2019","cartographes":"Alain Pellegry,ESCUDIE Christian","proprietaire":"8105 - BALISE ORIENTATION ALBIGEOISE","niveau":"National, International","specialite":"CO à pied","latitude":"44.0460435913","longitude":"1.76622117933","date_saisie":"20/05/2019","date_depot":"15/11/2019","valide":"Oui","ppo":"Non","type_carte":"Nouvelle carte","fond":"Ortho","obsolete":false}},{"type":"Feature","geometry":{"type":"Polygon","coordinates":[[[1.8573,43.6644],[1.8502,43.6597],[1.8539,43.6561],[1.856,43.6538],[1.8582,43.6521],[1.8628,43.6482],[1.8657,43.6495],[1.8681,43.6502],[1.8686,43.6507],[1.8707,43.6506],[1.8711,43.6518],[1.8742,43.6514],[1.8764,43.6508],[1.8782,43.65],[1.8792,43.6494],[1.8806,43.651],[1.8837,43.6521],[1.8858,43.6543],[1.8862,43.6553],[1.8891,43.6561],[1.8855,43.6575],[1.8827,43.6595],[1.8797,43.6618],[1.8787,43.6636],[1.8785,43.6651],[1.876,43.6676],[1.8737,43.6677],[1.8726,43.6675],[1.8701,43.6668],[1.8705,43.6661],[1.8691,43.6652],[1.8672,43.6658],[1.8655,43.665],[1.863,43.6654],[1.8602,43.6649],[1.8596,43.6648],[1.8589,43.6649],[1.8582,43.6648],[1.8573,43.6644]]]},"properties":{"id_ffco":"11334","nom":"MASSAC SERAN \"VOIE ROMAINE","_dept":"81","numero":"2019-D81-323","commune":"Massac Seran","echelle":"1/10000","surface":"3.91 km²","format":"A4","annee":"2019","cartographes":"ESCUDIE Christian","proprietaire":"8105 - BALISE ORIENTATION ALBIGEOISE","niveau":"Départemental","specialite":"CO à pied","latitude":"43.6579133038","longitude":"1.86894318223","date_saisie":"03/01/2019","date_depot":"28/01/2019","valide":"Oui","ppo":"Oui (40 postes)","type_carte":"Reprise","base":"2010-D81-138 MASSAC SERAN","fond":"Ortho","obsolete":false}},{"type":"Feature","geometry":{"type":"Polygon","coordinates":[[[1.7383,43.8136],[1.7375,43.8131],[1.7366,43.8139],[1.7362,43.8144],[1.7372,43.8148],[1.7383,43.8136]]]},"properties":{"id_ffco":"11333","nom":"ECOLE PRIMAIRE JEAN LOUIS ETIENNE","_dept":"81","numero":"2019-D81-322","commune":"COUFOULEUX","echelle":"1/200","surface":"0.02 km²","format":"A4","annee":"2019","cartographes":"ESCUDIE Christian","proprietaire":"8105 - BALISE ORIENTATION ALBIGEOISE","niveau":"Initiation, Scolaire","specialite":"CO à pied","latitude":"43.8139922743","longitude":"1.73726639656","date_saisie":"03/01/2019","date_depot":"28/01/2019","valide":"Oui","ppo":"Non","type_carte":"Nouvelle carte","fond":"Ortho","obsolete":false}},{"type":"Feature","geometry":{"type":"Polygon","coordinates":[[[2.3757,43.4818],[2.3779,43.4817],[2.3788,43.4807],[2.3794,43.4812],[2.3801,43.4809],[2.3799,43.4798],[2.3803,43.4793],[2.3818,43.4777],[2.3788,43.4779],[2.3775,43.4775],[2.3762,43.4772],[2.3753,43.4767],[2.3737,43.4758],[2.373,43.4756],[2.3725,43.4758],[2.3709,43.4769],[2.3716,43.4789],[2.3728,43.4803],[2.3738,43.4809],[2.375,43.4808],[2.3754,43.4814],[2.3757,43.4818]]]},"properties":{"id_ffco":"11256","nom":"SAINT SAUVEUR- D'HAUTPOUL","_dept":"81","numero":"2018-D81-321","commune":"HAUTPOUL","echelle":"1/2500","surface":"0.33 km²","format":"A4","annee":"2018","cartographes":"FRAYSSINET Laurent","proprietaire":"8104 - AZIMUT ORIENTATION CASTRES","niveau":"Initiation, Scolaire","specialite":"CO à pied","latitude":"43.4788485489","longitude":"2.37573278813","date_saisie":"08/12/2018","date_depot":"15/11/2019","valide":"Oui","ppo":"Non","type_carte":"Nouvelle carte","fond":"Ortho","obsolete":false}},{"type":"Feature","geometry":{"type":"Polygon","coordinates":[[[1.6974,43.8307],[1.6982,43.8298],[1.6998,43.8299],[1.7024,43.8308],[1.7041,43.8342],[1.7028,43.8349],[1.7047,43.8393],[1.7034,43.8395],[1.7029,43.8402],[1.7032,43.841],[1.7018,43.8411],[1.7017,43.8414],[1.7006,43.8414],[1.6997,43.8422],[1.6974,43.8422],[1.6958,43.8402],[1.6937,43.8399],[1.6934,43.8338],[1.6945,43.833],[1.6954,43.8327],[1.6959,43.8312],[1.6974,43.8307]]]},"properties":{"id_ffco":"11255","nom":"LAC DES AUZERALS \"5\"","_dept":"81","numero":"2018-D81-320","commune":"RABASTENS","echelle":"1/5000","surface":"0.91 km²","format":"A4","annee":"2018","cartographes":"ESCUDIE Christian","proprietaire":"8105 - BALISE ORIENTATION ALBIGEOISE","niveau":"Initiation, Scolaire","specialite":"CO à pied","latitude":"43.8361270264","longitude":"1.6988465245","date_saisie":"08/12/2018","date_depot":"28/01/2019","valide":"Oui","ppo":"Oui (13 postes)","type_carte":"Reprise","base":"2016-D81-280 LAC DES AUZERALS \"4\"","fond":"Ortho","obsolete":false}},{"type":"Feature","geometry":{"type":"Polygon","coordinates":[[[2.2735,43.589],[2.2735,43.589],[2.2733,43.589],[2.2731,43.589],[2.271,43.5888],[2.2709,43.5884],[2.2709,43.5882],[2.271,43.5875],[2.2719,43.5864],[2.2728,43.5869],[2.2725,43.5872],[2.2736,43.5876],[2.2736,43.589],[2.2735,43.589]]]},"properties":{"id_ffco":"11246","nom":"PARC DU CHATEAU DU SILA","_dept":"81","numero":"2018-D81-319","commune":"CASTRES","echelle":"1/1000","surface":"0.04 km²","format":"A4","annee":"2018","cartographes":"Laurent FRAYSINET","proprietaire":"8104 - AZIMUT ORIENTATION CASTRES","niveau":"Initiation, Scolaire","specialite":"CO à pied","latitude":"43.5879334048","longitude":"2.27225324364","date_saisie":"03/12/2018","date_depot":"15/11/2019","valide":"Oui","ppo":"Non","type_carte":"Nouvelle carte","fond":"Ortho","obsolete":false}},{"type":"Feature","geometry":{"type":"Polygon","coordinates":[[[2.4917,43.5383],[2.4905,43.5374],[2.4884,43.5385],[2.4853,43.5393],[2.4841,43.539],[2.4841,43.5369],[2.4835,43.5359],[2.4827,43.5345],[2.4868,43.5281],[2.4891,43.528],[2.4915,43.5287],[2.4924,43.5281],[2.4921,43.5266],[2.4911,43.5245],[2.4918,43.5232],[2.4933,43.5207],[2.4936,43.5178],[2.4944,43.5165],[2.4937,43.5151],[2.4916,43.5141],[2.4906,43.5118],[2.4883,43.5105],[2.4887,43.5082],[2.4912,43.5084],[2.4938,43.5106],[2.4978,43.5132],[2.4999,43.5155],[2.5053,43.5191],[2.5106,43.518],[2.5121,43.5177],[2.5148,43.5172],[2.5175,43.5172],[2.5186,43.5173],[2.5239,43.5186],[2.5277,43.52],[2.5291,43.5203],[2.5312,43.5212],[2.5319,43.522],[2.5327,43.5224],[2.5333,43.5223],[2.5345,43.5206],[2.5354,43.5189],[2.5371,43.5186],[2.5371,43.5198],[2.5398,43.5215],[2.5389,43.5235],[2.5412,43.5243],[2.5375,43.5275],[2.5375,43.5284],[2.5375,43.5296],[2.5384,43.5307],[2.5401,43.5315],[2.5419,43.5326],[2.5419,43.5332],[2.54,43.5343],[2.5369,43.5364],[2.5359,43.5375],[2.5318,43.5383],[2.5278,43.5393],[2.5256,43.5413],[2.524,43.5427],[2.5231,43.5436],[2.4917,43.5383]]]},"properties":{"id_ffco":"11237","nom":"FORET DE SAINT AMANS VOLTORET","_dept":"81","numero":"2018-D81-318","commune":"SAINT AMANS VALTORET","echelle":"1/10000","surface":"10.33 km²","format":"A3","annee":"2018","cartographes":"Laurent AUDOUIN,FRAYSSINET Laurent","proprietaire":"8104 - AZIMUT ORIENTATION CASTRES","niveau":"National, International","specialite":"CO à pied","latitude":"43.529073963","longitude":"2.51209968618","date_saisie":"02/12/2018","date_depot":"28/01/2019","valide":"Oui","ppo":"Oui (80 postes)","type_carte":"Reprise","base":"2015-D81-261 FORET DE SAINT AMANS VALTORET","fond":"Ortho","obsolete":false}},{"type":"Feature","geometry":{"type":"Polygon","coordinates":[[[2.4918,43.5392],[2.4839,43.5391],[2.4833,43.536],[2.4826,43.535],[2.486,43.5291],[2.4878,43.5278],[2.4909,43.5286],[2.4924,43.5284],[2.492,43.5262],[2.4911,43.5246],[2.4924,43.5222],[2.4931,43.5198],[2.494,43.5166],[2.4913,43.5156],[2.4874,43.5136],[2.4863,43.5099],[2.5426,43.5093],[2.5403,43.527],[2.5405,43.5359],[2.5317,43.5395],[2.529,43.5411],[2.5307,43.5435],[2.5288,43.5446],[2.5236,43.542],[2.4918,43.5392]]]},"properties":{"id_ffco":"11236","nom":"FORET DE SAINT AMANS VALTORET","_dept":"81","numero":"2018-D81-317","commune":"SAINT AMANS VOLTORET","echelle":"1/15000","surface":"14.5 km²","format":"A3","annee":"2018","cartographes":"FRAYSSINET Laurent","proprietaire":"8104 - AZIMUT ORIENTATION CASTRES","niveau":"National, International","specialite":"CO à VTT","latitude":"43.5252638293","longitude":"2.51470056331","date_saisie":"02/12/2018","date_depot":"28/01/2018","valide":"Oui","ppo":"Oui (40 postes)","type_carte":"Nouvelle carte","fond":"Ortho","obsolete":false}},{"type":"Feature","geometry":{"type":"Polygon","coordinates":[[[1.7485,43.9394],[1.749,43.9413],[1.7489,43.9426],[1.7475,43.944],[1.7454,43.9453],[1.744,43.9463],[1.7428,43.9481],[1.7426,43.9506],[1.7512,43.9535],[1.7528,43.9509],[1.7548,43.9496],[1.7566,43.9487],[1.7574,43.948],[1.7575,43.9464],[1.7575,43.9446],[1.7585,43.9437],[1.7597,43.9429],[1.7613,43.9422],[1.7627,43.9415],[1.7627,43.9404],[1.7631,43.9389],[1.7644,43.938],[1.763,43.9355],[1.7603,43.9367],[1.7592,43.9374],[1.7563,43.9373],[1.7521,43.9377],[1.7497,43.9387],[1.7486,43.9392],[1.7485,43.9394]]]},"properties":{"id_ffco":"10941","nom":"Ruisseau de Sivens","_dept":"81","numero":"2018-D81-316","commune":"LISLE SUR TARN","echelle":"1/10000","surface":"1.69 km²","format":"A4","annee":"2018","cartographes":"ESCUDIE Christian","proprietaire":"8105 - BALISE ORIENTATION ALBIGEOISE","niveau":"Régional","specialite":"CO à pied","latitude":"43.9443466291","longitude":"1.75294550101","date_saisie":"01/10/2018","date_depot":"28/01/2019","valide":"Oui","ppo":"Non","type_carte":"Reprise","base":"2011-D81-180 RUISSEAU DE SIVENS","fond":"Ortho","obsolete":false}},{"type":"Feature","geometry":{"type":"Polygon","coordinates":[[[1.8711,43.6812],[1.8581,43.6817],[1.8586,43.6896],[1.865,43.6896],[1.8681,43.6896],[1.8712,43.6895],[1.8711,43.6812]]]},"properties":{"id_ffco":"10780","nom":"LA FERME D'ANDARASSOU","_dept":"81","numero":"2018-D81-315","commune":"LAVAUR","echelle":"1/5000","surface":"0.94 km²","format":"A4","annee":"2018","cartographes":"ESCUDIE Christian","proprietaire":"8105 - BALISE ORIENTATION ALBIGEOISE","niveau":"Départemental","specialite":"CO à pied","latitude":"43.6854917318","longitude":"1.8648245881","date_saisie":"30/04/2018","date_depot":"21/06/2018","valide":"Oui","ppo":"Non","type_carte":"Nouvelle carte","fond":"Ortho","obsolete":false}},{"type":"Feature","geometry":{"type":"Polygon","coordinates":[[[1.7182,43.8226],[1.7176,43.8214],[1.7179,43.8212],[1.7198,43.8211],[1.7203,43.8222],[1.7182,43.8226]]]},"properties":{"id_ffco":"10779","nom":"STADE DU MOULIN A VENT","_dept":"81","numero":"2018-D81-314","commune":"RABASTENS","echelle":"1/1250","surface":"0.03 km²","format":"A5","annee":"2018","cartographes":"ESCUDIE Christian","proprietaire":"8105 - BALISE ORIENTATION ALBIGEOISE","niveau":"Initiation, Scolaire","specialite":"CO à pied","latitude":"43.8218022693","longitude":"1.71895519972","date_saisie":"30/04/2018","date_depot":"21/06/2018","valide":"Oui","ppo":"Non","type_carte":"Reprise","base":"2012-D81-209 STADE DU MOULIN A VENT \"3\"","fond":"Ortho","obsolete":false}},{"type":"Feature","geometry":{"type":"Polygon","coordinates":[[[1.7307,43.8149],[1.7294,43.8143],[1.7287,43.8147],[1.7274,43.8147],[1.7268,43.8142],[1.7269,43.8133],[1.7276,43.8124],[1.7284,43.812],[1.7293,43.8118],[1.7299,43.8125],[1.7306,43.8132],[1.7316,43.814],[1.7307,43.8149]]]},"properties":{"id_ffco":"10773","nom":"STADE DE COUFFOULEUX","_dept":"81","numero":"2018-D81-313","commune":"COUFFOULEUX","echelle":"1/2000","surface":"0.08 km²","format":"A4","annee":"2018","cartographes":"ESCUDIE Christian","proprietaire":"8105 - BALISE ORIENTATION ALBIGEOISE","niveau":"Initiation, Scolaire","specialite":"CO à pied","latitude":"43.8135008907","longitude":"1.72894737315","date_saisie":"29/04/2018","date_depot":"21/06/2018","valide":"Oui","ppo":"Non","type_carte":"Reprise","base":"2012-D81-210 STADE DE COUFFOULEUX \"2\"","fond":"Ortho","obsolete":false}},{"type":"Feature","geometry":{"type":"Polygon","coordinates":[[[1.6837,43.7776],[1.6804,43.7751],[1.6791,43.7741],[1.6803,43.7727],[1.6849,43.7722],[1.6863,43.773],[1.6883,43.7723],[1.6899,43.7728],[1.6901,43.7763],[1.688,43.7765],[1.6837,43.7776]]]},"properties":{"id_ffco":"10756","nom":"SAINT SULPICE LA POINTE","_dept":"81","numero":"2018-D81-312","commune":"SAINT SULPICE LA POINTE","echelle":"1/4000","surface":"0.37 km²","format":"A4","annee":"2018","cartographes":"Luc Berbett","proprietaire":"8105 - BALISE ORIENTATION ALBIGEOISE","niveau":"National, International","specialite":"CO à pied","latitude":"43.7746232024","longitude":"1.68504457299","date_saisie":"10/04/2018","date_depot":"21/06/2018","valide":"Oui","ppo":"Non","type_carte":"Reprise","base":"2012-D81-188 ST SULPICE \"2\"","fond":"Ortho","obsolete":false}},{"type":"Feature","geometry":{"type":"Polygon","coordinates":[[[2.1331,43.9926],[2.1322,43.9918],[2.1318,43.991],[2.1297,43.9907],[2.1278,43.9909],[2.1272,43.9917],[2.1257,43.9917],[2.1247,43.9907],[2.1237,43.9904],[2.1229,43.9901],[2.1224,43.9895],[2.1229,43.9887],[2.1226,43.9877],[2.1219,43.9869],[2.1247,43.9864],[2.1242,43.9852],[2.1238,43.9834],[2.1259,43.9833],[2.1385,43.9829],[2.1398,43.9832],[2.1403,43.9845],[2.1403,43.9858],[2.1388,43.9883],[2.1396,43.9887],[2.1414,43.989],[2.1436,43.9905],[2.1456,43.9915],[2.1458,43.9931],[2.1467,43.9944],[2.1469,43.9951],[2.1468,43.9958],[2.1476,43.9962],[2.1476,43.9966],[2.1482,43.9965],[2.1485,43.9969],[2.1478,43.9979],[2.1473,43.9999],[2.148,44.0018],[2.1494,44.0029],[2.151,44.0043],[2.1513,44.0055],[2.1512,44.0058],[2.148,44.0066],[2.1462,44.007],[2.1447,44.0082],[2.1428,44.0092],[2.1433,44.0098],[2.1427,44.0111],[2.1434,44.0132],[2.1433,44.0137],[2.1438,44.0133],[2.146,44.013],[2.1481,44.0145],[2.1496,44.0157],[2.1521,44.0156],[2.1532,44.0157],[2.1522,44.0175],[2.1519,44.0197],[2.1523,44.0218],[2.1535,44.0237],[2.1543,44.0264],[2.1544,44.0275],[2.1533,44.0283],[2.1519,44.0295],[2.1506,44.0301],[2.1467,44.03],[2.1454,44.03],[2.1434,44.0303],[2.1418,44.0301],[2.1403,44.0297],[2.14,44.0292],[2.138,44.0288],[2.1361,44.0288],[2.1356,44.0292],[2.1333,44.0289],[2.1325,44.0282],[2.1319,44.0275],[2.1317,44.027],[2.1293,44.0277],[2.1277,44.0255],[2.1271,44.0244],[2.1281,44.0207],[2.1291,44.0186],[2.1307,44.0157],[2.132,44.014],[2.133,44.0141],[2.1368,44.0117],[2.1365,44.0106],[2.1363,44.0091],[2.1365,44.0051],[2.1366,44.0036],[2.1309,44.0028],[2.1265,44.0015],[2.1235,44.0007],[2.1222,44.0003],[2.121,43.9988],[2.1207,43.9982],[2.1263,43.9958],[2.1302,43.9943],[2.1323,43.9932],[2.1331,43.9926]]]},"properties":{"id_ffco":"10755","nom":"ST MARGUERITE  CAP DECOURVETE","_dept":"81","numero":"2018-D81-311","commune":"CARMAUX","echelle":"1/15000","surface":"7.59 km²","format":"A3","annee":"2018","cartographes":"Olivier THOMAS","proprietaire":"8105 - BALISE ORIENTATION ALBIGEOISE","niveau":"Régional","specialite":"CO à pied","latitude":"44.0076281677","longitude":"2.13842640592","date_saisie":"10/04/2018","date_depot":"02/04/2019","valide":"Oui","ppo":"Oui (80 postes)","type_carte":"Reprise","base":"2010-D81-156 STE MARGUERITE CAP DECOUVERTE","fond":"Ortho","obsolete":false}},{"type":"Feature","geometry":{"type":"Polygon","coordinates":[[[1.7477,43.7649],[1.741,43.7663],[1.7391,43.7638],[1.7383,43.7622],[1.7393,43.761],[1.741,43.7605],[1.7425,43.7611],[1.7452,43.7614],[1.7464,43.7622],[1.7472,43.7626],[1.7477,43.7649]]]},"properties":{"id_ffco":"10627","nom":"LUDOLAC","_dept":"81","numero":"2018-D81-310","commune":"SAINT LIEU LES LAVAUR","echelle":"1/2500","surface":"0.32 km²","format":"A4","annee":"2018","cartographes":"ESCUDIE Christian","niveau":"Initiation, Scolaire","specialite":"CO à pied","latitude":"43.7633799619","longitude":"1.742853899","date_saisie":"28/12/2017","date_depot":"21/06/2018","valide":"Oui","ppo":"Non","type_carte":"Nouvelle carte","fond":"Ortho","obsolete":false}},{"type":"Feature","geometry":{"type":"Polygon","coordinates":[[[2.097,44.0687],[2.098,44.069],[2.0987,44.0691],[2.0993,44.0685],[2.1009,44.0675],[2.1013,44.0673],[2.1013,44.0681],[2.1023,44.0681],[2.1032,44.0673],[2.1045,44.0672],[2.1064,44.0673],[2.1077,44.0678],[2.1151,44.0703],[2.1165,44.0705],[2.1178,44.0698],[2.1198,44.0691],[2.1219,44.0684],[2.1235,44.0677],[2.1246,44.0672],[2.1245,44.0667],[2.1247,44.0657],[2.1256,44.0641],[2.1268,44.0638],[2.1296,44.0673],[2.1319,44.067],[2.1328,44.0673],[2.1327,44.0686],[2.1339,44.0696],[2.1342,44.0714],[2.1351,44.0739],[2.1354,44.0756],[2.1353,44.0792],[2.1351,44.0819],[2.1332,44.0847],[2.1318,44.085],[2.1298,44.0848],[2.1276,44.0843],[2.1258,44.0842],[2.1242,44.0845],[2.1217,44.0849],[2.1192,44.0844],[2.1182,44.0842],[2.1168,44.0852],[2.1153,44.0856],[2.1135,44.0849],[2.1126,44.085],[2.1116,44.0859],[2.1104,44.0863],[2.1095,44.0867],[2.1096,44.0878],[2.1086,44.0892],[2.1069,44.0898],[2.1038,44.09],[2.1033,44.0897],[2.1025,44.0893],[2.1024,44.0884],[2.1026,44.0874],[2.1012,44.0869],[2.1008,44.0863],[2.1003,44.0851],[2.0994,44.085],[2.0986,44.0855],[2.0971,44.0858],[2.0965,44.085],[2.0967,44.084],[2.0962,44.0836],[2.0955,44.0832],[2.0944,44.0832],[2.0941,44.082],[2.0923,44.0815],[2.0917,44.081],[2.0922,44.0795],[2.0932,44.0792],[2.0929,44.0785],[2.0968,44.077],[2.0977,44.0761],[2.0962,44.0748],[2.096,44.0738],[2.0958,44.0726],[2.0962,44.0713],[2.0974,44.0707],[2.0965,44.0701],[2.0964,44.0689],[2.097,44.0687]]]},"properties":{"id_ffco":"10620","nom":"MONESTIES","_dept":"81","numero":"2017-D81-309","commune":"MONESTIES","echelle":"1/10000","surface":"6.27 km²","format":"A3","annee":"2017","cartographes":"ESCUDIE Christian","proprietaire":"8105 - BALISE ORIENTATION ALBIGEOISE","niveau":"Départemental","specialite":"CO à pied","latitude":"44.0771034991","longitude":"2.11462540457","date_saisie":"26/12/2017","date_depot":"29/03/2018","valide":"Oui","ppo":"Non","type_carte":"Nouvelle carte","fond":"Ortho","obsolete":false}},{"type":"Feature","geometry":{"type":"Polygon","coordinates":[[[2.4573,43.8881],[2.458,43.8884],[2.4585,43.8887],[2.4592,43.8886],[2.4602,43.8884],[2.4609,43.8882],[2.4615,43.8879],[2.4619,43.8877],[2.4622,43.8876],[2.4621,43.8871],[2.4622,43.8866],[2.4621,43.8854],[2.4617,43.8849],[2.4609,43.8844],[2.4604,43.884],[2.4602,43.8837],[2.4601,43.8833],[2.4601,43.883],[2.46,43.8824],[2.4595,43.8824],[2.4587,43.8821],[2.4578,43.8825],[2.4571,43.8824],[2.4566,43.8827],[2.4564,43.883],[2.4568,43.8832],[2.4572,43.8839],[2.4559,43.8841],[2.456,43.8855],[2.4564,43.8855],[2.456,43.8858],[2.4564,43.8861],[2.4568,43.8864],[2.4571,43.887],[2.4575,43.8875],[2.4573,43.8881]]]},"properties":{"id_ffco":"10619","nom":"COLLEGE ET STADE D'ALBAN","_dept":"81","numero":"2017-D81-308","commune":"ALBAN","echelle":"1/3000","surface":"0.25 km²","format":"A4","annee":"2017","cartographes":"ESCUDIE Christian","proprietaire":"8105 - BALISE ORIENTATION ALBIGEOISE","niveau":"Initiation, Scolaire","specialite":"CO à pied","latitude":"43.885559119","longitude":"2.45904117363","date_saisie":"26/12/2017","date_depot":"29/03/2018","valide":"Oui","ppo":"Non","type_carte":"Nouvelle carte","fond":"Ortho","obsolete":false}},{"type":"Feature","geometry":{"type":"Polygon","coordinates":[[[1.7344,44.0053],[1.7354,44.0044],[1.7355,44.0037],[1.735,44.0026],[1.7357,44.0021],[1.7357,43.9992],[1.7421,43.9992],[1.7424,44.0001],[1.7431,44.001],[1.7433,44.0021],[1.7438,44.0028],[1.7444,44.0034],[1.7447,44.004],[1.7447,44.0051],[1.7453,44.0059],[1.7456,44.0066],[1.7461,44.0074],[1.7461,44.0079],[1.7461,44.0088],[1.7346,44.0088],[1.7344,44.0053]]]},"properties":{"id_ffco":"10618","nom":"LASCROUX 3","_dept":"81","numero":"2017-D81-307","commune":"PUYCELSI","echelle":"1/5000","surface":"0.79 km²","format":"A4","annee":"2017","cartographes":"ESCUDIE Christian","proprietaire":"8105 - BALISE ORIENTATION ALBIGEOISE","niveau":"Départemental","specialite":"CO à pied","latitude":"44.0045125146","longitude":"1.73979433195","date_saisie":"26/12/2017","date_depot":"29/03/2018","valide":"Oui","ppo":"Non","type_carte":"Reprise","base":"2013-D81-214 LASCROUX - 2 -","fond":"IGN","obsolete":false}},{"type":"Feature","geometry":{"type":"Polygon","coordinates":[[[1.7791,43.7849],[1.7786,43.7849],[1.7776,43.784],[1.7775,43.7833],[1.7777,43.7832],[1.777,43.7816],[1.7767,43.7809],[1.7761,43.7802],[1.7799,43.7789],[1.7828,43.7772],[1.7837,43.7764],[1.7857,43.7761],[1.7873,43.7781],[1.7874,43.7822],[1.7862,43.7819],[1.786,43.7813],[1.7841,43.7821],[1.7829,43.7832],[1.7818,43.7839],[1.7803,43.7847],[1.7791,43.7849]]]},"properties":{"id_ffco":"10204","nom":"GIROUSSENS Champ de tir","_dept":"81","numero":"2017-D81-306","commune":"GIROUSSENS","echelle":"1/5000","surface":"0.51 km²","format":"A4","annee":"2017","cartographes":"ESCUDIE Christian","proprietaire":"8105 - BALISE ORIENTATION ALBIGEOISE","niveau":"Régional","specialite":"CO à pied","latitude":"43.780517893","longitude":"1.78219444967","date_saisie":"29/05/2017","date_depot":"29/03/2018","valide":"Oui","ppo":"Non","type_carte":"Reprise","base":"1999-D81-014 GIROUSSENS","fond":"Ortho","obsolete":false}},{"type":"Feature","geometry":{"type":"Polygon","coordinates":[[[1.7325,43.8264],[1.7322,43.8273],[1.7352,43.8284],[1.7361,43.8305],[1.7294,43.8327],[1.7298,43.8335],[1.7251,43.8346],[1.7228,43.8355],[1.7209,43.8355],[1.7203,43.8341],[1.7192,43.8341],[1.7169,43.8331],[1.7163,43.8325],[1.7136,43.8311],[1.7129,43.8299],[1.7103,43.8273],[1.7101,43.8265],[1.7082,43.8261],[1.7075,43.8255],[1.7071,43.8243],[1.7067,43.8219],[1.7041,43.8209],[1.7039,43.8162],[1.7033,43.8152],[1.7079,43.8133],[1.7089,43.8135],[1.7101,43.8133],[1.7119,43.8122],[1.713,43.8129],[1.7156,43.8111],[1.7185,43.8129],[1.7224,43.8159],[1.7252,43.8184],[1.7281,43.8215],[1.7308,43.8244],[1.7325,43.8264]]]},"properties":{"id_ffco":"10361","nom":"RABASTENS","_dept":"81","numero":"2017-D81-305","commune":"RABASTENS","echelle":"1/4000","surface":"3.91 km²","format":"+","annee":"2017","cartographes":"ESCUDIE Christian","proprietaire":"8105 - BALISE ORIENTATION ALBIGEOISE","niveau":"Départemental","specialite":"CO à pied","latitude":"43.8236306467","longitude":"1.7186508317","date_saisie":"04/10/2017","date_depot":"29/03/2018","valide":"Oui","ppo":"Non","type_carte":"Nouvelle carte","fond":"Ortho","obsolete":false}},{"type":"Feature","geometry":{"type":"Polygon","coordinates":[[[1.6818,43.7768],[1.6814,43.7776],[1.6826,43.7778],[1.6828,43.7769],[1.6818,43.7768]]]},"properties":{"id_ffco":"10360","nom":"COLLEGE SAINT JEAN","_dept":"81","numero":"2017-D81-304","commune":"SAINT SULPICE","echelle":"1/750","surface":"0.01 km²","format":"A4","annee":"2017","cartographes":"ESCUDIE Christian","proprietaire":"8105 - BALISE ORIENTATION ALBIGEOISE","niveau":"Initiation, Scolaire","specialite":"CO à pied","latitude":"43.7772924573","longitude":"1.68215033631","date_saisie":"04/10/2017","date_depot":"29/03/2018","valide":"Oui","ppo":"Non","type_carte":"Nouvelle carte","fond":"Ortho","obsolete":false}},{"type":"Feature","geometry":{"type":"Polygon","coordinates":[[[1.6824,43.7765],[1.6836,43.7775],[1.6832,43.7778],[1.6829,43.7782],[1.6826,43.7788],[1.6813,43.7789],[1.6807,43.7782],[1.6798,43.7771],[1.6798,43.7767],[1.68,43.7765],[1.6807,43.7766],[1.6817,43.7767],[1.6822,43.7765],[1.6824,43.7765]]]},"properties":{"id_ffco":"10359","nom":"FONDATION D'AUTEUIL COLLEGE SAINT JEAN","_dept":"81","numero":"2017-D81-303","commune":"SAINT SULPICE LA POINTE","echelle":"1/1500","surface":"0.05 km²","format":"A4","annee":"2017","cartographes":"ESCUDIE Christian","proprietaire":"8105 - BALISE ORIENTATION ALBIGEOISE","niveau":"Initiation, Scolaire","specialite":"CO à pied","latitude":"43.7775941119","longitude":"1.68165829378","date_saisie":"04/10/2017","date_depot":"29/03/2018","valide":"Oui","ppo":"Non","type_carte":"Reprise","base":"2015-D81-274 FONDATION D'AUTEUIL COLLEGE SAINT JEAN","fond":"Ortho","obsolete":false}},{"type":"Feature","geometry":{"type":"Polygon","coordinates":[[[2.2472,43.618],[2.2508,43.6174],[2.2504,43.6165],[2.2528,43.6155],[2.2543,43.6146],[2.2558,43.6136],[2.2569,43.6125],[2.2584,43.6122],[2.2597,43.6122],[2.2621,43.6124],[2.2643,43.616],[2.2681,43.6149],[2.27,43.6175],[2.2706,43.619],[2.2705,43.6201],[2.2693,43.6204],[2.2676,43.621],[2.2676,43.6215],[2.2672,43.6218],[2.2678,43.6227],[2.2709,43.6228],[2.2715,43.6242],[2.27,43.6325],[2.2662,43.6327],[2.2617,43.6319],[2.2591,43.6306],[2.2571,43.6289],[2.2561,43.6278],[2.2553,43.626],[2.2553,43.6251],[2.2556,43.6246],[2.2559,43.6239],[2.2543,43.6245],[2.2534,43.6247],[2.2519,43.6237],[2.2495,43.6216],[2.2476,43.6205],[2.2454,43.6189],[2.2472,43.618]]]},"properties":{"id_ffco":"10215","nom":"CASTRES GOURJADE BORDE BASSE","_dept":"81","numero":"2017-D81-302","commune":"CASTRES","echelle":"1/10000","surface":"2.8 km²","format":"A4","annee":"2017","cartographes":"ESCUDIE Christian,Laurent AUDOUIN","proprietaire":"8104 - AZIMUT ORIENTATION CASTRES","niveau":"Régional","specialite":"CO à pied","latitude":"43.622210723","longitude":"2.26092226595","date_saisie":"06/06/2017","date_depot":"16/06/2017","valide":"Oui","ppo":"Oui (100 postes)","type_carte":"Nouvelle carte","fond":"Ortho","obsolete":false}},{"type":"Feature","geometry":{"type":"Polygon","coordinates":[[[2.3358,43.6632],[2.3347,43.6631],[2.334,43.663],[2.3335,43.6625],[2.3333,43.662],[2.3331,43.6618],[2.3324,43.6616],[2.3317,43.6613],[2.3315,43.6607],[2.3314,43.6603],[2.3314,43.6596],[2.3321,43.6585],[2.3326,43.658],[2.333,43.6577],[2.3333,43.6574],[2.3344,43.6571],[2.3347,43.6578],[2.3349,43.6584],[2.3353,43.6592],[2.3361,43.6601],[2.3367,43.6607],[2.3371,43.6611],[2.3371,43.6615],[2.3368,43.662],[2.3358,43.6632]]]},"properties":{"id_ffco":"10203","nom":"LA BESSIERE 2 \"Stade de Lacrouzette\"","_dept":"81","numero":"2017-D81-301","commune":"LACROUZETTE","echelle":"1/2500","surface":"0.19 km²","format":"A4","annee":"2017","cartographes":"ESCUDIE Christian","proprietaire":"81 - Tarn","niveau":"Initiation, Scolaire","specialite":"CO à pied","latitude":"43.660419899","longitude":"2.33415233556","date_saisie":"29/05/2017","date_depot":"16/06/2017","valide":"Oui","ppo":"Oui (20 postes)","type_carte":"Reprise","base":"2011-D81-176 LA BESSIERE \"STADE DE LACROUZETTE","fond":"Ortho","obsolete":false}},{"type":"Feature","geometry":{"type":"Polygon","coordinates":[[[1.6978,43.7307],[1.6966,43.7306],[1.6957,43.7306],[1.693,43.7294],[1.6924,43.7297],[1.6918,43.73],[1.6896,43.7301],[1.6891,43.73],[1.6877,43.7308],[1.6897,43.7324],[1.6904,43.7323],[1.6915,43.7323],[1.6924,43.7323],[1.6933,43.7325],[1.6943,43.7324],[1.6958,43.732],[1.6969,43.7316],[1.6978,43.7307]]]},"properties":{"id_ffco":"10238","nom":"Centre Aéré de la TREILLE","_dept":"81","numero":"2017-D81-300","commune":"SAINT SULPICE","echelle":"1/2500","surface":"0.17 km²","format":"A4","annee":"2017","cartographes":"ESCUDIE Christian","proprietaire":"8105 - BALISE ORIENTATION ALBIGEOISE","niveau":"Initiation, Scolaire","specialite":"CO à pied","latitude":"43.7311238612","longitude":"1.69253883897","date_saisie":"30/06/2017","date_depot":"29/03/2018","valide":"Oui","ppo":"Non","type_carte":"Nouvelle carte","fond":"Ortho","obsolete":false}},{"type":"Feature","geometry":{"type":"Polygon","coordinates":[[[1.8991,43.8989],[1.8949,43.8978],[1.8957,43.8949],[1.8975,43.892],[1.9001,43.8906],[1.9032,43.8899],[1.906,43.8897],[1.906,43.8903],[1.9041,43.8925],[1.9024,43.8946],[1.9008,43.8955],[1.8997,43.8962],[1.8994,43.8976],[1.8991,43.8989]]]},"properties":{"id_ffco":"10158","nom":"GAILAC: d'un pont à l'autre le parc Foucault et l'espace St Roc","_dept":"81","numero":"2017-D81-299","commune":"GAILLAC","echelle":"1/4000","surface":"0.43 km²","format":"A4","annee":"2017","cartographes":"Alain VIGUIER","proprietaire":"8105 - BALISE ORIENTATION ALBIGEOISE","niveau":"Régional","specialite":"CO à pied","latitude":"43.8938770872","longitude":"1.89984128709","date_saisie":"18/04/2017","date_depot":"16/06/2017","valide":"Oui","ppo":"Non","type_carte":"Nouvelle carte","fond":"Ortho","obsolete":false}},{"type":"Feature","geometry":{"type":"Polygon","coordinates":[[[1.8138,43.6955],[1.8134,43.6953],[1.8137,43.695],[1.8118,43.6943],[1.8109,43.6941],[1.8108,43.6944],[1.8107,43.6947],[1.8105,43.6949],[1.8101,43.695],[1.8097,43.6951],[1.8094,43.6952],[1.8089,43.6952],[1.8085,43.6957],[1.8091,43.6959],[1.81,43.6961],[1.8102,43.6962],[1.8107,43.6961],[1.811,43.6965],[1.8112,43.6966],[1.8118,43.6966],[1.8118,43.6964],[1.8125,43.6963],[1.8132,43.696],[1.8136,43.6959],[1.8138,43.6958],[1.8138,43.6955]]]},"properties":{"id_ffco":"10088","nom":"TERRAIN DE MOTOCROSS LAVAUR","_dept":"81","numero":"2017-D81-298","commune":"LAVAUR","echelle":"1/1000","surface":"0.07 km²","format":"A4","annee":"2017","cartographes":"Stéphane LACAZE","proprietaire":"81 - Tarn","niveau":"Initiation, Scolaire","specialite":"CO à pied","latitude":"43.6954365589","longitude":"1.81140344182","date_saisie":"04/03/2017","date_depot":"06/04/2017","valide":"Oui","ppo":"Non","type_carte":"Nouvelle carte","fond":"Ortho","obsolete":false}},{"type":"Feature","geometry":{"type":"Polygon","coordinates":[[[2.2206,43.3996],[2.2212,43.3992],[2.221,43.3984],[2.2199,43.3975],[2.2201,43.3966],[2.2202,43.3956],[2.22,43.3951],[2.2203,43.3942],[2.2203,43.3932],[2.218,43.391],[2.2173,43.3908],[2.2172,43.3904],[2.2174,43.3893],[2.2172,43.3887],[2.2164,43.3885],[2.2146,43.3888],[2.2136,43.3892],[2.213,43.3896],[2.2117,43.3894],[2.211,43.3888],[2.2102,43.3883],[2.2084,43.3881],[2.2072,43.3883],[2.205,43.3882],[2.2043,43.3887],[2.2038,43.3886],[2.2036,43.3881],[2.2033,43.3878],[2.2015,43.3878],[2.1998,43.3887],[2.1993,43.3903],[2.1977,43.3905],[2.197,43.39],[2.1958,43.3898],[2.1943,43.3907],[2.1933,43.3919],[2.1933,43.3927],[2.1936,43.3937],[2.1942,43.394],[2.1939,43.3943],[2.194,43.3948],[2.1929,43.3947],[2.1938,43.3987],[2.1959,43.3983],[2.1963,43.3992],[2.1966,43.4012],[2.1958,43.4025],[2.1939,43.4047],[2.1937,43.4053],[2.1896,43.4062],[2.189,43.407],[2.1884,43.4076],[2.1887,43.4093],[2.1893,43.4103],[2.1899,43.4099],[2.1903,43.4091],[2.1908,43.409],[2.1915,43.4096],[2.1915,43.41],[2.1921,43.41],[2.1939,43.4097],[2.1954,43.4097],[2.1971,43.4097],[2.1983,43.4097],[2.1998,43.4093],[2.2004,43.4086],[2.2014,43.4074],[2.2018,43.4065],[2.2028,43.4055],[2.2051,43.4044],[2.2076,43.4035],[2.2119,43.4023],[2.214,43.4017],[2.2157,43.4009],[2.2172,43.4003],[2.2194,43.3998],[2.2206,43.3996]]]},"properties":{"id_ffco":"10078","nom":"CHATEAU DE RAMONDENS","_dept":"81","numero":"2017-D81-297","commune":"ARFON","echelle":"1/10000","surface":"3.74 km²","format":"A3","annee":"2017","cartographes":"A Pellegry","proprietaire":"8104 - AZIMUT ORIENTATION CASTRES","niveau":"Interrégional","specialite":"CO à pied","latitude":"43.3976209278","longitude":"2.20486274019","date_saisie":"28/02/2017","date_depot":"06/04/2017","valide":"Oui","ppo":"Non","type_carte":"Nouvelle carte","fond":"Ortho","obsolete":false}},{"type":"Feature","geometry":{"type":"Polygon","coordinates":[[[1.6727,44.057],[1.6747,44.0486],[1.6747,44.0417],[1.6713,44.0378],[1.6878,44.0407],[1.6981,44.0353],[1.7125,44.0368],[1.729,44.0368],[1.7324,44.0397],[1.7283,44.0461],[1.7406,44.0535],[1.7496,44.0511],[1.7619,44.0476],[1.7715,44.0575],[1.7455,44.058],[1.7386,44.0614],[1.72,44.0605],[1.7008,44.0585],[1.6898,44.0614],[1.6802,44.0644],[1.6727,44.057]]]},"properties":{"id_ffco":"10079","nom":"Raid INFERNOU 2017","_dept":"81","numero":"2017-D81-296","commune":"PUYCELSI","echelle":"1/20000","surface":"14.46 km²","format":"A3","annee":"2017","cartographes":"Alain Pellegry,C. ESCUDIE","proprietaire":"8105 - BALISE ORIENTATION ALBIGEOISE","niveau":"Interrégional","specialite":"CO à pied","latitude":"44.0501395584","longitude":"1.71142068121","date_saisie":"28/02/2017","date_depot":"05/04/2017","valide":"Oui","ppo":"Non","type_carte":"Nouvelle carte","base":"2015-D81-260 Raid INFERNOU 2015","fond":"Ortho","obsolete":false}},{"type":"Feature","geometry":{"type":"Polygon","coordinates":[[[2.1219,44.0784],[2.1185,44.0795],[2.1147,44.0801],[2.1132,44.0802],[2.1126,44.0795],[2.1116,44.0792],[2.1099,44.0793],[2.1088,44.0785],[2.1081,44.0775],[2.1063,44.0776],[2.105,44.0776],[2.1044,44.0771],[2.1046,44.0713],[2.1063,44.0714],[2.1068,44.0726],[2.1079,44.0733],[2.1081,44.0731],[2.1089,44.0737],[2.1177,44.0719],[2.1177,44.0713],[2.1208,44.0712],[2.1208,44.072],[2.1204,44.0733],[2.1198,44.0746],[2.1195,44.0756],[2.1191,44.0769],[2.1195,44.0774],[2.1205,44.0778],[2.1219,44.0784]]]},"properties":{"id_ffco":"10044","nom":"PUECH BLANC \"MONESTIES\"","_dept":"81","numero":"2017-D81-295","commune":"MONESTIES","echelle":"1/5000","surface":"0.92 km²","format":"A4","annee":"2017","cartographes":"ESCUDIE Christian","proprietaire":"8105 - BALISE ORIENTATION ALBIGEOISE","niveau":"Départemental","specialite":"CO à pied","latitude":"44.075727895","longitude":"2.11303997195","date_saisie":"08/02/2017","date_depot":"06/04/2017","valide":"Oui","ppo":"Non","type_carte":"Nouvelle carte","fond":"Ortho","obsolete":false}},{"type":"Feature","geometry":{"type":"Polygon","coordinates":[[[1.6842,43.7875],[1.6791,43.7862],[1.6774,43.7857],[1.6733,43.7859],[1.6716,43.7862],[1.6695,43.7865],[1.6675,43.7866],[1.6661,43.7859],[1.6635,43.7846],[1.6592,43.7829],[1.6554,43.7819],[1.6509,43.7815],[1.6477,43.7811],[1.6436,43.7799],[1.6403,43.7799],[1.6361,43.7811],[1.6322,43.7833],[1.628,43.7866],[1.6262,43.7893],[1.6266,43.7897],[1.6255,43.7916],[1.6255,43.7938],[1.6244,43.7952],[1.6234,43.7963],[1.6231,43.7976],[1.6235,43.7983],[1.6252,43.7976],[1.6261,43.7989],[1.6265,43.8019],[1.6267,43.8053],[1.6272,43.8096],[1.6273,43.8106],[1.6266,43.8112],[1.6249,43.8118],[1.6221,43.8132],[1.6221,43.8141],[1.6225,43.8145],[1.6243,43.8138],[1.626,43.8133],[1.6273,43.813],[1.6281,43.8148],[1.6292,43.8159],[1.6309,43.8162],[1.6345,43.816],[1.6377,43.8174],[1.6577,43.8168],[1.6578,43.8159],[1.6578,43.8154],[1.6585,43.8142],[1.66,43.8134],[1.66,43.8119],[1.6688,43.8106],[1.6687,43.8096],[1.6713,43.8086],[1.6842,43.8082],[1.6842,43.7875]]]},"properties":{"id_ffco":"10043","nom":"Communes de MEZENS, ROQUEMAURE, GRAZAC et BUZET","_dept":"81","numero":"2017-D81-294","commune":"MEZENS","echelle":"1/15000","surface":"15.62 km²","format":"A3","annee":"2017","cartographes":"ESCUDIE Christian,Jean Damien BOURGEOIS","proprietaire":"8105 - BALISE ORIENTATION ALBIGEOISE","niveau":"Interrégional","specialite":"CO à pied","latitude":"43.7987434605","longitude":"1.65252691496","date_saisie":"08/02/2017","date_depot":"06/04/2017","valide":"Oui","ppo":"Non","type_carte":"Reprise","base":"2014-D81-246 MEZENS ROQUEMAURE GRAZAC BUZET","fond":"Ortho","obsolete":false}},{"type":"Feature","geometry":{"type":"Polygon","coordinates":[[[2.3385,43.9814],[2.3367,43.9772],[2.3363,43.9739],[2.3368,43.9722],[2.3318,43.972],[2.3292,43.9722],[2.3207,43.9747],[2.3187,43.9743],[2.3159,43.9746],[2.3103,43.9776],[2.3077,43.9781],[2.3028,43.9798],[2.3039,43.983],[2.3052,43.9852],[2.307,43.9871],[2.31,43.989],[2.3122,43.9892],[2.3182,43.9866],[2.3247,43.9842],[2.3304,43.9828],[2.3385,43.9814]]]},"properties":{"id_ffco":"10042","nom":"SERENAC \"4\"","_dept":"81","numero":"2017-D81-293","commune":"SERENAC","echelle":"1/10000","surface":"3.17 km²","format":"A4","annee":"2017","cartographes":"Brono MARCHGAY","proprietaire":"8106 - ALBI RESSORT","niveau":"National, International","specialite":"CO à pied","latitude":"43.9800943013","longitude":"2.32060999134","date_saisie":"08/02/2017","date_depot":"16/06/2017","valide":"Oui","ppo":"Non","type_carte":"Reprise","base":"2011-D81-183 FORET DEPARTEMENTALE DE SERENAC \"3\"","fond":"Ortho","obsolete":false}},{"type":"Feature","geometry":{"type":"Polygon","coordinates":[[[2.2929,44.076],[2.2936,44.0747],[2.2943,44.0737],[2.295,44.0734],[2.2944,44.0726],[2.2941,44.0724],[2.295,44.0724],[2.2962,44.0726],[2.2972,44.0722],[2.2987,44.0724],[2.3026,44.0726],[2.3031,44.0749],[2.3035,44.0751],[2.3031,44.0767],[2.3026,44.0773],[2.3011,44.077],[2.2992,44.0771],[2.2975,44.0774],[2.2968,44.0774],[2.2929,44.076]]]},"properties":{"id_ffco":"9822","nom":"CHATEAU VERGNET","_dept":"81","numero":"2017-D81-292","commune":"MOURALES   TANUS","echelle":"1/3000","surface":"0.38 km²","format":"A4","annee":"2017","cartographes":"ESCUDIE Christian","proprietaire":"8105 - BALISE ORIENTATION ALBIGEOISE","niveau":"Initiation, Scolaire","specialite":"CO à pied","latitude":"44.0748495953","longitude":"2.29847709237","date_saisie":"05/11/2016","date_depot":"06/04/2017","valide":"Oui","ppo":"Oui (30 postes)","type_carte":"Nouvelle carte","fond":"Ortho","obsolete":false}},{"type":"Feature","geometry":{"type":"Polygon","coordinates":[[[2.4018,44.0209],[2.4009,44.0222],[2.4006,44.023],[2.4004,44.0236],[2.4001,44.024],[2.3994,44.0244],[2.399,44.0251],[2.3981,44.0255],[2.3954,44.026],[2.3951,44.0247],[2.3956,44.0238],[2.3965,44.023],[2.3981,44.022],[2.3989,44.0211],[2.3998,44.0201],[2.4019,44.0208],[2.4018,44.0209]]]},"properties":{"id_ffco":"9714","nom":"Collège Départemental, stade et lac de VALLENCE D'ALBIGEOIS","_dept":"81","numero":"2016-D81-291","commune":"VALLENCE D'ALBIGEOIS","echelle":"1/3000","surface":"0.17 km²","format":"A4","annee":"2016","cartographes":"ESCUDIE Christian","proprietaire":"8105 - BALISE ORIENTATION ALBIGEOISE","niveau":"Initiation, Scolaire","specialite":"CO à pied","latitude":"44.0232524878","longitude":"2.39840030485","date_saisie":"05/10/2016","date_depot":"02/11/2016","valide":"Oui","ppo":"Non","type_carte":"Reprise","base":"2012-D81-201 COLLEGE DEPARTEMENTAL STADE ET LAC DE VALLENCE D'ALBIGEIOS","fond":"Ortho","obsolete":false}},{"type":"Feature","geometry":{"type":"Polygon","coordinates":[[[1.684,43.7776],[1.6855,43.7771],[1.6869,43.7768],[1.6887,43.7767],[1.691,43.7767],[1.693,43.7767],[1.6948,43.7767],[1.6963,43.7765],[1.6957,43.7731],[1.6961,43.773],[1.6963,43.7723],[1.6959,43.7711],[1.6959,43.7702],[1.6959,43.7695],[1.696,43.769],[1.6975,43.7688],[1.6981,43.7685],[1.698,43.7677],[1.698,43.7667],[1.6965,43.7667],[1.6953,43.7653],[1.6947,43.7649],[1.693,43.7659],[1.6921,43.7666],[1.6913,43.7668],[1.6903,43.7666],[1.6891,43.7663],[1.6883,43.7663],[1.6873,43.766],[1.6856,43.7663],[1.6852,43.7669],[1.6852,43.7675],[1.6842,43.7675],[1.6836,43.7677],[1.6838,43.7687],[1.6815,43.7689],[1.68,43.7683],[1.6768,43.7696],[1.6769,43.7702],[1.677,43.7709],[1.677,43.7715],[1.677,43.7721],[1.6768,43.773],[1.6767,43.7734],[1.6801,43.7751],[1.6819,43.7764],[1.6836,43.7777],[1.684,43.7776]]]},"properties":{"id_ffco":"9662","nom":"St SULPICE LA POINTE","_dept":"81","numero":"2016-D81-290","commune":"SAINT SULPICE LA POINTE","echelle":"1/4500","surface":"1.6 km²","format":"A3","annee":"2016","cartographes":"ESCUDIE Christian","proprietaire":"8105 - BALISE ORIENTATION ALBIGEOISE","niveau":"Interrégional","specialite":"CO à pied","latitude":"43.7716231517","longitude":"1.68781715533","date_saisie":"06/09/2016","date_depot":"01/02/2017","valide":"Oui","ppo":"Non","type_carte":"Nouvelle carte","fond":"Ortho","obsolete":false}},{"type":"Feature","geometry":{"type":"Polygon","coordinates":[[[2.263,43.5363],[2.266,43.5356],[2.2663,43.5348],[2.2667,43.5335],[2.2667,43.533],[2.2653,43.5331],[2.2641,43.5333],[2.2629,43.5339],[2.263,43.5363]]]},"properties":{"id_ffco":"9647","nom":"College de la Montagne Noire et stade","_dept":"81","numero":"2016-D81-289","commune":"LABRUGUIERE","echelle":"1/2000","surface":"0.08 km²","format":"A4","annee":"2016","cartographes":"ESCUDIE Christian","proprietaire":"8104 - AZIMUT ORIENTATION CASTRES","niveau":"Initiation, Scolaire","specialite":"CO à pied","latitude":"43.534553493","longitude":"2.26468591707","date_saisie":"17/08/2016","date_depot":"04/10/2016","valide":"Oui","ppo":"Non","type_carte":"Nouvelle carte","fond":"Ortho","obsolete":false}},{"type":"Feature","geometry":{"type":"Polygon","coordinates":[[[1.9903,43.9098],[1.9893,43.9094],[1.9881,43.9087],[1.9875,43.908],[1.9869,43.9072],[1.9864,43.906],[1.9861,43.9056],[1.9858,43.9048],[1.9832,43.9052],[1.9799,43.9065],[1.98,43.9073],[1.9804,43.9081],[1.9809,43.9091],[1.9817,43.9098],[1.9826,43.91],[1.9834,43.9103],[1.9838,43.9105],[1.9841,43.9108],[1.9839,43.9117],[1.9836,43.9131],[1.9847,43.9131],[1.9859,43.9133],[1.9873,43.9135],[1.9887,43.9115],[1.9897,43.9117],[1.9903,43.9098]]]},"properties":{"id_ffco":"9646","nom":"AIGUELEZE","_dept":"81","numero":"2016-D81-288","commune":"RIVIERES","echelle":"1/4000","surface":"0.44 km²","format":"A4","annee":"2016","cartographes":"FENIEUL B","proprietaire":"8106 - ALBI RESSORT","niveau":"Régional","specialite":"CO à pied","latitude":"43.9090585147","longitude":"1.98502479232","date_saisie":"17/08/2016","date_depot":"02/11/2016","valide":"Oui","ppo":"Non","type_carte":"Reprise","base":"2010-D81-151 AIGUELEZE  BASE DE LOISIRS","fond":"Ortho","obsolete":false}},{"type":"Feature","geometry":{"type":"Polygon","coordinates":[[[1.9604,44.0628],[1.9602,44.0605],[1.9461,44.0609],[1.9458,44.063],[1.9459,44.0656],[1.9482,44.0654],[1.9519,44.0656],[1.9536,44.0669],[1.9599,44.0648],[1.9604,44.0628]]]},"properties":{"id_ffco":"9517","nom":"CORDES SUR CIEL","_dept":"81","numero":"2016-D81-287","commune":"CORDES SUR CIERL","echelle":"1/4000","surface":"0.64 km²","format":"A4","annee":"2016","cartographes":"Alain Pellegry","proprietaire":"8105 - BALISE ORIENTATION ALBIGEOISE","niveau":"Régional","specialite":"CO à pied","latitude":"44.0632383442","longitude":"1.95314295899","date_saisie":"01/04/2016","date_depot":"19/04/2016","valide":"Oui","ppo":"Non","type_carte":"Nouvelle carte","fond":"Ortho","obsolete":false}},{"type":"Feature","geometry":{"type":"Polygon","coordinates":[[[2.0971,43.9334],[2.1,43.9329],[2.1046,43.9325],[2.1046,43.9367],[2.1032,43.9369],[2.1014,43.9371],[2.0994,43.9369],[2.0979,43.9366],[2.0961,43.9353],[2.095,43.9339],[2.0971,43.9334]]]},"properties":{"id_ffco":"9461","nom":"PLAINE DES SPORTS \"LA GUITARDIE\"","_dept":"81","numero":"2016-D81-286","commune":"ALBI","echelle":"1/3500","surface":"0.29 km²","format":"A4","annee":"2016","cartographes":"ESCUDIE Christian","proprietaire":"8105 - BALISE ORIENTATION ALBIGEOISE","niveau":"Initiation, Scolaire","specialite":"CO à pied","latitude":"43.9348161657","longitude":"2.10065319416","date_saisie":"13/03/2016","date_depot":"19/04/2016","valide":"Oui","ppo":"Non","type_carte":"Nouvelle carte","fond":"Ortho","obsolete":false}},{"type":"Feature","geometry":{"type":"Polygon","coordinates":[[[2.1658,43.8924],[2.1665,43.8925],[2.1676,43.8925],[2.1683,43.8923],[2.1689,43.8921],[2.1692,43.8922],[2.1695,43.8923],[2.1703,43.8923],[2.1712,43.8922],[2.172,43.8922],[2.1724,43.8921],[2.1724,43.8928],[2.1722,43.8934],[2.1721,43.894],[2.172,43.8948],[2.1666,43.8955],[2.1652,43.8961],[2.165,43.8959],[2.165,43.8952],[2.1649,43.8945],[2.1653,43.8942],[2.1657,43.8937],[2.1659,43.8935],[2.1658,43.8924]]]},"properties":{"id_ffco":"9459","nom":"ECOLE ET STADE DE PUYGOUZON","_dept":"81","numero":"2016-D81-285","commune":"PUYGOUZON","echelle":"1/2500","surface":"0.18 km²","format":"A4","annee":"2016","cartographes":"ESCUDIE Christian","proprietaire":"8105 - BALISE ORIENTATION ALBIGEOISE","niveau":"Initiation, Scolaire","specialite":"CO à pied","latitude":"43.8938505893","longitude":"2.16863895613","date_saisie":"13/03/2016","date_depot":"19/04/2016","valide":"Oui","ppo":"Non","type_carte":"Nouvelle carte","fond":"Ortho","obsolete":false}},{"type":"Feature","geometry":{"type":"Polygon","coordinates":[[[1.9549,44.0731],[1.9554,44.0725],[1.956,44.072],[1.9565,44.0719],[1.9566,44.0715],[1.9566,44.0708],[1.9564,44.0703],[1.9558,44.0694],[1.9557,44.0689],[1.9556,44.0685],[1.9553,44.0683],[1.9547,44.0681],[1.9542,44.068],[1.9537,44.0677],[1.9531,44.0673],[1.9528,44.0672],[1.9525,44.0677],[1.9513,44.0686],[1.9513,44.0689],[1.9512,44.0691],[1.9511,44.0693],[1.9511,44.0696],[1.9512,44.07],[1.9511,44.0701],[1.9511,44.0703],[1.951,44.0706],[1.9511,44.0721],[1.9513,44.0723],[1.9549,44.0731]]]},"properties":{"id_ffco":"9457","nom":"STADE DE CORDES \"2\"","_dept":"81","numero":"2016-D81-284","commune":"CORDES SUR CIEL","echelle":"1/3500","surface":"0.21 km²","format":"A4","annee":"2016","cartographes":"ESCUDIE Christian","proprietaire":"8105 - BALISE ORIENTATION ALBIGEOISE","niveau":"O+","specialite":"CO à pied","latitude":"44.0703828493","longitude":"1.95364864356","date_saisie":"13/03/2016","date_depot":"19/04/2016","valide":"Oui","ppo":"Non","type_carte":"Reprise","base":"2009-D81-107 STADE DE CORDE","fond":"Ortho","obsolete":false}},{"type":"Feature","geometry":{"type":"Polygon","coordinates":[[[1.7909,43.974],[1.7866,43.9791],[1.7893,43.98],[1.7897,43.9792],[1.7906,43.9784],[1.7915,43.9776],[1.7924,43.9771],[1.7927,43.9772],[1.7931,43.9771],[1.7935,43.9768],[1.7931,43.9765],[1.7918,43.9755],[1.7914,43.9747],[1.7909,43.974]]]},"properties":{"id_ffco":"9456","nom":"CAMPING DU CHENE VERT \"3\"","_dept":"81","numero":"2016-D81-283","commune":"CASTELNAU DE MONTMIRAL","echelle":"1/2500","surface":"0.15 km²","format":"A4","annee":"2016","cartographes":"ESCUDIE Christian","proprietaire":"8105 - BALISE ORIENTATION ALBIGEOISE","niveau":"Départemental","specialite":"CO à pied","latitude":"43.9772445893","longitude":"1.78998051026","date_saisie":"13/03/2016","date_depot":"19/04/2016","valide":"Oui","ppo":"Oui (30 postes)","type_carte":"Reprise","base":"2012-D81-189 CAMPING DU CHENE VERT \"2\"","fond":"Ortho","obsolete":false}},{"type":"Feature","geometry":{"type":"Polygon","coordinates":[[[2.1575,43.9216],[2.1572,43.9205],[2.1576,43.9202],[2.1575,43.9196],[2.1571,43.919],[2.1574,43.9184],[2.1577,43.9177],[2.1578,43.9175],[2.1581,43.9175],[2.1583,43.9172],[2.1632,43.9182],[2.162,43.9191],[2.161,43.9198],[2.1613,43.9203],[2.1608,43.9206],[2.1606,43.9205],[2.1596,43.9208],[2.1588,43.9212],[2.1577,43.9215],[2.1575,43.9216]]]},"properties":{"id_ffco":"9406","nom":"CITE SCOLAIRE - BELLE VUE - ALBI","_dept":"81","numero":"2016-D81-282","commune":"ALBI","echelle":"1/1500","surface":"0.13 km²","format":"A4","annee":"2016","cartographes":"ESCUDIE Christian","proprietaire":"8105 - BALISE ORIENTATION ALBIGEOISE","niveau":"Initiation, Scolaire","specialite":"CO à pied","latitude":"43.9191749832","longitude":"2.1594975152","date_saisie":"02/03/2016","date_depot":"17/06/2016","valide":"Oui","ppo":"Non","type_carte":"Nouvelle carte","fond":"Ortho","obsolete":false}},{"type":"Feature","geometry":{"type":"Polygon","coordinates":[[[1.8001,43.8469],[1.8012,43.8458],[1.802,43.846],[1.8024,43.8456],[1.8033,43.8454],[1.8049,43.8451],[1.8052,43.8444],[1.8096,43.8454],[1.8115,43.8459],[1.8129,43.8467],[1.8134,43.8472],[1.8138,43.8477],[1.8132,43.8496],[1.8129,43.8525],[1.8136,43.8551],[1.8148,43.8571],[1.8158,43.8587],[1.8169,43.8596],[1.8183,43.8604],[1.82,43.8613],[1.8231,43.8626],[1.8241,43.8634],[1.821,43.8661],[1.8193,43.8654],[1.8179,43.8649],[1.817,43.8645],[1.8166,43.8641],[1.814,43.8627],[1.8108,43.861],[1.8091,43.8593],[1.8071,43.8562],[1.8056,43.8546],[1.8044,43.8531],[1.8033,43.8519],[1.8015,43.851],[1.7995,43.8502],[1.8,43.8498],[1.8017,43.8485],[1.8002,43.8473],[1.8001,43.8469]]]},"properties":{"id_ffco":"9256","nom":"LISLE SUR TARN","_dept":"81","numero":"2016-D81-281","commune":"LISLE SUR TARN","echelle":"1/7000","surface":"1.65 km²","format":"A3","annee":"2016","cartographes":"ESCUDIE Christian","proprietaire":"8105 - BALISE ORIENTATION ALBIGEOISE","niveau":"Régional","specialite":"CO à pied","latitude":"43.8542102598","longitude":"1.81057475949","date_saisie":"13/02/2016","date_depot":"02/06/2016","valide":"Oui","ppo":"Non","type_carte":"Reprise","base":"2012-D81-204 LISLE SUR TARN","fond":"Ortho","obsolete":false}},{"type":"Feature","geometry":{"type":"Polygon","coordinates":[[[1.6985,43.83],[1.702,43.8308],[1.7047,43.8349],[1.7023,43.8357],[1.7046,43.8391],[1.7048,43.8397],[1.7037,43.84],[1.7038,43.8408],[1.7033,43.8413],[1.7023,43.8417],[1.7009,43.842],[1.6992,43.8422],[1.6966,43.8424],[1.6959,43.8405],[1.695,43.8389],[1.6927,43.8389],[1.6925,43.8376],[1.6932,43.8345],[1.6938,43.8335],[1.6953,43.8326],[1.6958,43.832],[1.6959,43.8314],[1.697,43.8307],[1.6978,43.8304],[1.6985,43.83]]]},"properties":{"id_ffco":"9226","nom":"LAC DES AUZERALS \"4\"","_dept":"81","numero":"2016-D81-280","commune":"RABASTENS","echelle":"1/5000","surface":"0.94 km²","format":"A4","annee":"2016","cartographes":"C. ESCUDIE","proprietaire":"8105 - BALISE ORIENTATION ALBIGEOISE","niveau":"Départemental","specialite":"CO à pied","latitude":"43.836359494","longitude":"1.6988087253","date_saisie":"25/01/2016","date_depot":"17/06/2016","valide":"Oui","ppo":"Non","type_carte":"Reprise","base":"2015-D81-258 LAC DES AUZERALS '3'","fond":"Ortho","obsolete":false}},{"type":"Feature","geometry":{"type":"Polygon","coordinates":[[[2.416,43.817],[2.3932,43.8173],[2.3922,43.8185],[2.3903,43.8187],[2.3885,43.8188],[2.3873,43.82],[2.3866,43.8211],[2.3855,43.8219],[2.3846,43.8227],[2.3847,43.8235],[2.3844,43.8238],[2.3827,43.8243],[2.3805,43.8248],[2.3794,43.8258],[2.3787,43.8275],[2.3785,43.8291],[2.3777,43.8306],[2.3772,43.8319],[2.3769,43.8326],[2.3773,43.8331],[2.3782,43.8331],[2.3794,43.8329],[2.3803,43.8333],[2.3802,43.8336],[2.3788,43.8342],[2.3778,43.8351],[2.3776,43.837],[2.3779,43.8382],[2.3788,43.8388],[2.3799,43.839],[2.3806,43.8387],[2.3804,43.8377],[2.3801,43.837],[2.38,43.8367],[2.3806,43.8371],[2.3818,43.8388],[2.3829,43.8397],[2.3878,43.8399],[2.3877,43.8386],[2.389,43.8389],[2.3906,43.8396],[2.3934,43.8397],[2.3959,43.8397],[2.3974,43.84],[2.4022,43.8401],[2.405,43.8401],[2.4091,43.8398],[2.4116,43.8389],[2.4138,43.8377],[2.4145,43.8373],[2.4166,43.8377],[2.419,43.8385],[2.4208,43.8388],[2.4218,43.8388],[2.4221,43.8169],[2.416,43.817]]]},"properties":{"id_ffco":"9221","nom":"RAYSSAC NORD-OUEST","_dept":"81","numero":"2015-D81-279","commune":"RAYSSAC","echelle":"1/12500","surface":"8.02 km²","format":"A4","annee":"2015","cartographes":"Bruno FENEUIL","proprietaire":"8106 - ALBI RESSORT","niveau":"Régional","specialite":"CO à pied","latitude":"43.828815628","longitude":"2.40126403281","date_saisie":"21/01/2016","date_depot":"17/06/2016","valide":"Oui","ppo":"Non","type_carte":"Nouvelle carte","fond":"Ortho","obsolete":false}},{"type":"Feature","geometry":{"type":"Polygon","coordinates":[[[2.1379,43.9327],[2.1378,43.9322],[2.1376,43.9314],[2.1379,43.9304],[2.1383,43.9299],[2.1387,43.9294],[2.1374,43.9289],[2.1352,43.9286],[2.1335,43.9289],[2.1317,43.9298],[2.1308,43.9307],[2.1308,43.9316],[2.1316,43.9324],[2.1328,43.9335],[2.1379,43.9326],[2.1373,43.9327],[2.1379,43.9327]]]},"properties":{"id_ffco":"9220","nom":"ALBI PRATGRAUSSALS","_dept":"81","numero":"2015-D81-278","commune":"ALBI","echelle":"1/3000","surface":"0.24 km²","format":"A4","annee":"2015","cartographes":"Bruno FENEUIL","proprietaire":"8106 - ALBI RESSORT","niveau":"Départemental","specialite":"CO à pied","latitude":"43.9309954329","longitude":"2.13465219538","date_saisie":"21/01/2016","date_depot":"17/06/2016","valide":"Oui","ppo":"Non","type_carte":"Reprise","base":"2013-D81-222 BASE de LOISIRS de PRATGRAUSSALS - 3 -","fond":"Ortho","obsolete":false}},{"type":"Feature","geometry":{"type":"Polygon","coordinates":[[[2.1474,43.9323],[2.1375,43.9286],[2.1393,43.9266],[2.14,43.9255],[2.14,43.9247],[2.1396,43.9239],[2.1424,43.9229],[2.1419,43.9224],[2.1462,43.9226],[2.1458,43.9233],[2.1466,43.9236],[2.1471,43.9242],[2.1477,43.9251],[2.149,43.9251],[2.1474,43.9323]]]},"properties":{"id_ffco":"9219","nom":"ALIBI CITE EPISCOPALE","_dept":"81","numero":"2015-D81-277","commune":"ALIBI","echelle":"1/4000","surface":"0.62 km²","format":"A4","annee":"2015","cartographes":"Bruno FENEUIL","proprietaire":"8106 - ALBI RESSORT","niveau":"Régional","specialite":"CO à pied","latitude":"43.9270988861","longitude":"2.14392590414","date_saisie":"21/01/2016","date_depot":"17/06/2016","valide":"Oui","ppo":"Non","type_carte":"Nouvelle carte","fond":"Ortho","obsolete":false}},{"type":"Feature","geometry":{"type":"Polygon","coordinates":[[[2.1444,43.5768],[2.1481,43.5793],[2.1453,43.5812],[2.1457,43.5814],[2.1451,43.5826],[2.1448,43.5834],[2.1447,43.5843],[2.1454,43.5849],[2.146,43.5851],[2.1464,43.5857],[2.1465,43.5861],[2.1468,43.5864],[2.1463,43.5868],[2.1464,43.5874],[2.1471,43.5875],[2.1478,43.5884],[2.1471,43.5885],[2.1473,43.589],[2.1466,43.5891],[2.1472,43.5898],[2.1468,43.5902],[2.1472,43.591],[2.1446,43.5919],[2.1436,43.5918],[2.14,43.5908],[2.1381,43.5906],[2.1365,43.5888],[2.136,43.5868],[2.1382,43.5854],[2.1366,43.5816],[2.136,43.5791],[2.1355,43.577],[2.1367,43.5772],[2.1381,43.5779],[2.1392,43.5782],[2.1403,43.5782],[2.1423,43.5776],[2.1444,43.5768]]]},"properties":{"id_ffco":"9093","nom":"BASE DE LOISIRS DES ETANGS \"3\"","_dept":"81","numero":"2015-D81-276","commune":"SAIX","echelle":"1/6000","surface":"1.17 km²","format":"A4","annee":"2015","cartographes":"ESCUDIE Christian","proprietaire":"8104 - AZIMUT ORIENTATION CASTRES","niveau":"Départemental","specialite":"CO à pied","latitude":"43.5843578674","longitude":"2.14167869905","date_saisie":"18/12/2015","date_depot":"17/06/2016","valide":"Oui","ppo":"Oui (40 postes)","type_carte":"Reprise","base":"2009-D81-094 BASE DE LOISIRS DES ETANG 2","fond":"Ortho","obsolete":false}},{"type":"Feature","geometry":{"type":"Polygon","coordinates":[[[1.6231,43.8135],[1.6227,43.8131],[1.623,43.813],[1.6227,43.8128],[1.623,43.8127],[1.6239,43.8131],[1.6231,43.8135]]]},"properties":{"id_ffco":"9092","nom":"ECOLE DE ROQUMAURE","_dept":"81","numero":"2015-D81-275","commune":"ROQUMAURE","echelle":"1/500","surface":"0.0 km²","format":"A5","annee":"2015","cartographes":"ESCUDIE Christian","proprietaire":"8105 - BALISE ORIENTATION ALBIGEOISE","niveau":"Initiation, Scolaire","specialite":"CO à pied","latitude":"43.8130764237","longitude":"1.62322726095","date_saisie":"18/12/2015","date_depot":"17/06/2016","valide":"Oui","ppo":"Non","type_carte":"Nouvelle carte","fond":"Ortho","obsolete":false}},{"type":"Feature","geometry":{"type":"Polygon","coordinates":[[[1.6813,43.7789],[1.6827,43.7787],[1.6836,43.7775],[1.6825,43.7765],[1.6819,43.7767],[1.6815,43.7768],[1.6807,43.7767],[1.6802,43.7766],[1.6798,43.7766],[1.6797,43.7767],[1.6808,43.7783],[1.6812,43.779],[1.6813,43.7789]]]},"properties":{"id_ffco":"8528","nom":"FONDATION D'AUTEUIL COLLEGE SAINT JEAN","_dept":"81","numero":"2015-D81-274","commune":"St Sulpice","echelle":"1/1500","surface":"0.05 km²","format":"A4","annee":"2015","cartographes":"ESCUDIE Christian","proprietaire":"8105 - BALISE ORIENTATION ALBIGEOISE","niveau":"Initiation, Scolaire","specialite":"CO à pied","latitude":"43.7776456669","longitude":"1.68174962844","date_saisie":"22/07/2015","date_depot":"22/01/2016","valide":"Oui","ppo":"Non","type_carte":"Nouvelle carte","fond":"Ortho","obsolete":false}},{"type":"Feature","geometry":{"type":"Polygon","coordinates":[[[1.6841,43.7761],[1.6831,43.7762],[1.6811,43.775],[1.6813,43.7748],[1.6838,43.7744],[1.684,43.7745],[1.6839,43.7748],[1.6841,43.7757],[1.6842,43.776],[1.6841,43.7761]]]},"properties":{"id_ffco":"8527","nom":"PARC DE LA MAIRIE \"3\"","_dept":"81","numero":"2015-D81-273","commune":"St Sulpice","echelle":"1/1500","surface":"0.03 km²","format":"A4","annee":"2015","cartographes":"ESCUDIE Christian","proprietaire":"8105 - BALISE ORIENTATION ALBIGEOISE","niveau":"Initiation, Scolaire","specialite":"CO à pied","latitude":"43.7752395274","longitude":"1.68293179493","date_saisie":"22/07/2015","date_depot":"22/01/2016","valide":"Oui","ppo":"Non","type_carte":"Reprise","base":"2008-D81-058 PARC DE LA MAIRIE DE ST SULPICE","fond":"Ortho","obsolete":false}},{"type":"Feature","geometry":{"type":"Polygon","coordinates":[[[1.6835,43.7744],[1.6813,43.7749],[1.6796,43.774],[1.6795,43.7739],[1.68,43.7739],[1.6802,43.774],[1.68,43.7724],[1.6804,43.7724],[1.6808,43.7726],[1.6812,43.7727],[1.6815,43.7728],[1.6819,43.7728],[1.6825,43.7728],[1.6835,43.7744]]]},"properties":{"id_ffco":"8526","nom":"STADE DE LA MASSALE \"3\"","_dept":"81","numero":"2015-D81-272","commune":"St Sulpice","echelle":"1/1500","surface":"0.05 km²","format":"A4","annee":"2015","cartographes":"ESCUDIE Christian","proprietaire":"8105 - BALISE ORIENTATION ALBIGEOISE","niveau":"Initiation, Scolaire","specialite":"CO à pied","latitude":"43.7737188861","longitude":"1.68151948124","date_saisie":"22/07/2015","date_depot":"22/01/2016","valide":"Oui","ppo":"Non","type_carte":"Reprise","base":"2009-D81-111 STADE MESSALE","fond":"Ortho","obsolete":false}},{"type":"Feature","geometry":{"type":"Polygon","coordinates":[[[1.6837,43.7776],[1.6822,43.7765],[1.6827,43.7761],[1.681,43.7749],[1.6845,43.7743],[1.6855,43.774],[1.6864,43.7735],[1.687,43.773],[1.6874,43.7728],[1.6879,43.7726],[1.6883,43.773],[1.6885,43.7741],[1.6887,43.775],[1.6888,43.776],[1.6837,43.7776]]]},"properties":{"id_ffco":"8524","nom":"SAINT SULPICE \"3\"","_dept":"81","numero":"2015-D81-271","commune":"St Sulpice","echelle":"1/3000","surface":"0.18 km²","format":"A4","annee":"2015","cartographes":"ESCUDIE Christian","proprietaire":"8105 - BALISE ORIENTATION ALBIGEOISE","niveau":"Initiation, Scolaire","specialite":"CO à pied","latitude":"43.7753009043","longitude":"1.68551165728","date_saisie":"21/07/2015","date_depot":"22/01/2016","valide":"Oui","ppo":"Non","type_carte":"Reprise","base":"2008-D81-059 SAINT SULPICE (Castela).","fond":"Ortho","obsolete":false}},{"type":"Feature","geometry":{"type":"Polygon","coordinates":[[[1.6639,43.7748],[1.6639,43.7718],[1.6657,43.7717],[1.6658,43.7722],[1.6667,43.7723],[1.6673,43.7725],[1.6678,43.7729],[1.6684,43.7736],[1.6687,43.7741],[1.6684,43.7743],[1.668,43.7746],[1.667,43.7746],[1.6667,43.7747],[1.6671,43.7752],[1.6666,43.7753],[1.6652,43.775],[1.6641,43.7749],[1.6639,43.7748]]]},"properties":{"id_ffco":"8523","nom":"COMPLEXE SPORTIF DE MOLETRINCADE \"3\"","_dept":"81","numero":"2015-D81-270","commune":"SAINT SULPICE LA POINTE","echelle":"1/2500","surface":"0.11 km²","format":"A4","annee":"2015","cartographes":"ESCUDIE Christian","proprietaire":"8105 - BALISE ORIENTATION ALBIGEOISE","niveau":"Initiation, Scolaire","specialite":"CO à pied","latitude":"43.7735379685","longitude":"1.6658637085","date_saisie":"21/07/2015","date_depot":"22/01/2016","valide":"Oui","ppo":"Non","type_carte":"Reprise","base":"2008-D81-056 Complexe sportif de MOLETRINCADE","fond":"Ortho","obsolete":false}},{"type":"Feature","geometry":{"type":"Polygon","coordinates":[[[2.3528,43.5195],[2.3531,43.5193],[2.3533,43.5192],[2.3538,43.5191],[2.3546,43.519],[2.3554,43.5189],[2.3559,43.5189],[2.3561,43.5196],[2.3561,43.5201],[2.3561,43.5209],[2.3562,43.5213],[2.3562,43.5217],[2.356,43.522],[2.3559,43.5222],[2.3558,43.5225],[2.3544,43.5223],[2.3534,43.5222],[2.3524,43.5221],[2.3518,43.522],[2.3517,43.5215],[2.3516,43.5211],[2.352,43.5209],[2.3516,43.5202],[2.3516,43.52],[2.352,43.5199],[2.3525,43.5197],[2.3528,43.5195]]]},"properties":{"id_ffco":"8478","nom":"COMPLEXE SPORTIF LA NAURE","_dept":"81","numero":"2015-D81-269","commune":"PAYRIN AUGMONTEL","echelle":"1/2000","surface":"0.12 km²","format":"A4","annee":"2015","cartographes":"ESCUDIE Christian","proprietaire":"8104 - AZIMUT ORIENTATION CASTRES","niveau":"Initiation, Scolaire","specialite":"CO à pied","latitude":"43.5207356008","longitude":"2.35409753189","date_saisie":"17/06/2015","date_depot":"22/01/2016","valide":"Oui","ppo":"Non","type_carte":"Nouvelle carte","fond":"Ortho","obsolete":false}},{"type":"Feature","geometry":{"type":"Polygon","coordinates":[[[2.3503,43.5173],[2.3503,43.517],[2.3503,43.5167],[2.3496,43.5164],[2.3491,43.5161],[2.3495,43.5158],[2.3498,43.515],[2.35,43.5145],[2.3502,43.5141],[2.3503,43.5137],[2.3506,43.5133],[2.351,43.5129],[2.3514,43.5128],[2.3518,43.5129],[2.3524,43.5131],[2.353,43.5132],[2.3536,43.5142],[2.3543,43.5156],[2.3527,43.5162],[2.3516,43.5166],[2.3508,43.5167],[2.3506,43.517],[2.3503,43.5173]]]},"properties":{"id_ffco":"8477","nom":"LOU BRUGUET","_dept":"81","numero":"2015-D81-268","commune":"PAYRIN AUGMONTEL","echelle":"1/2000","surface":"0.12 km²","format":"A4","annee":"2015","cartographes":"ESCUDIE Christian","proprietaire":"8104 - AZIMUT ORIENTATION CASTRES","niveau":"Initiation, Scolaire","specialite":"CO à pied","latitude":"43.5149264333","longitude":"2.35167790503","date_saisie":"17/06/2015","date_depot":"22/01/2016","valide":"Oui","ppo":"Non","type_carte":"Nouvelle carte","fond":"Ortho","obsolete":false}},{"type":"Feature","geometry":{"type":"Polygon","coordinates":[[[2.1651,43.9258],[2.1663,43.9254],[2.1687,43.9247],[2.168,43.9232],[2.1689,43.9226],[2.1678,43.9214],[2.165,43.9219],[2.165,43.9225],[2.1646,43.9226],[2.1628,43.9224],[2.1629,43.9228],[2.1628,43.9232],[2.1627,43.9233],[2.1634,43.9244],[2.1647,43.9243],[2.1651,43.9258]]]},"properties":{"id_ffco":"8446","nom":"STADIUM ALBI \"4\"","_dept":"81","numero":"2015-D81-267","commune":"ALBI","echelle":"1/3000","surface":"0.15 km²","format":"A4","annee":"2015","cartographes":"ESCUDIE Christian","proprietaire":"8105 - BALISE ORIENTATION ALBIGEOISE","niveau":"Initiation, Scolaire","specialite":"CO à pied","latitude":"43.9234611284","longitude":"2.16601159078","date_saisie":"28/05/2015","date_depot":"22/01/2016","valide":"Oui","ppo":"Non","type_carte":"Reprise","base":"2013-D81-219 STADIUM ALBI - 3","fond":"Ortho","obsolete":false}},{"type":"Feature","geometry":{"type":"Polygon","coordinates":[[[2.1921,43.9498],[2.1933,43.9475],[2.1938,43.9476],[2.1942,43.947],[2.1957,43.9473],[2.1963,43.9476],[2.1969,43.9476],[2.1974,43.9478],[2.1971,43.9482],[2.1978,43.9484],[2.1966,43.9508],[2.1951,43.9512],[2.1942,43.9512],[2.1928,43.9506],[2.1921,43.9498]]]},"properties":{"id_ffco":"8445","nom":"COMPLEXE SPOPTIF DE L'ALBARET SAINT JUERY (3)","_dept":"81","numero":"2015-D81-266","commune":"SAINT JUERY","echelle":"1/2500","surface":"0.15 km²","format":"A4","annee":"2015","cartographes":"ESCUDIE Christian","proprietaire":"8105 - BALISE ORIENTATION ALBIGEOISE","niveau":"Initiation, Scolaire","specialite":"CO à pied","latitude":"43.9491939839","longitude":"2.19491274443","date_saisie":"28/05/2015","date_depot":"23/06/2016","valide":"Oui","ppo":"Oui (50 postes)","type_carte":"Reprise","base":"2010-D81-146 COMPLEXE SPORTIF DE L'ALBARET SAINT JUERY (2)","fond":"Ortho","obsolete":false}},{"type":"Feature","geometry":{"type":"Polygon","coordinates":[[[1.813,43.7069],[1.8141,43.7059],[1.8138,43.7057],[1.8128,43.7053],[1.8124,43.7052],[1.8121,43.7056],[1.8121,43.7062],[1.8123,43.7066],[1.813,43.7069]]]},"properties":{"id_ffco":"8439","nom":"ECOLE DU PIGNE","_dept":"81","numero":"2015-D81-265","commune":"LAVAUR","echelle":"1/1000","surface":"0.02 km²","format":"A4","annee":"2015","cartographes":"ESCUDIE Christian","proprietaire":"8105 - BALISE ORIENTATION ALBIGEOISE","niveau":"Initiation, Scolaire","specialite":"CO à pied","latitude":"43.7060106498","longitude":"1.8128822124","date_saisie":"26/05/2015","date_depot":"22/01/2016","valide":"Oui","ppo":"Non","type_carte":"Nouvelle carte","fond":"Ortho","obsolete":false}},{"type":"Feature","geometry":{"type":"Polygon","coordinates":[[[1.8146,43.7074],[1.8157,43.7069],[1.8169,43.7071],[1.817,43.7065],[1.8171,43.7058],[1.8149,43.7055],[1.8146,43.7055],[1.8129,43.7068],[1.8135,43.7071],[1.8146,43.7074]]]},"properties":{"id_ffco":"8438","nom":"STADE DU PIGNE \"LAVAUR","_dept":"81","numero":"2015-D81-264","commune":"LAVAUR","echelle":"1/1000","surface":"0.05 km²","format":"A5","annee":"2015","cartographes":"ESCUDIE Christian","proprietaire":"8105 - BALISE ORIENTATION ALBIGEOISE","niveau":"Initiation, Scolaire","specialite":"CO à pied","latitude":"43.7064333591","longitude":"1.81516881916","date_saisie":"26/05/2015","date_depot":"22/01/2016","valide":"Oui","ppo":"Non","type_carte":"Nouvelle carte","fond":"Ortho","obsolete":false}},{"type":"Feature","geometry":{"type":"Polygon","coordinates":[[[2.512,43.6215],[2.5161,43.6226],[2.5151,43.624],[2.5149,43.6244],[2.5148,43.6251],[2.5143,43.6257],[2.514,43.626],[2.5141,43.6265],[2.5143,43.6268],[2.5145,43.6289],[2.5131,43.6291],[2.512,43.6291],[2.5106,43.6292],[2.5099,43.6294],[2.5089,43.6293],[2.5087,43.6291],[2.5084,43.6289],[2.5075,43.6291],[2.5066,43.6293],[2.5056,43.629],[2.5044,43.6285],[2.5036,43.6279],[2.5028,43.6274],[2.5015,43.6264],[2.5009,43.6258],[2.5002,43.6249],[2.5002,43.6242],[2.5004,43.6233],[2.5012,43.6225],[2.502,43.622],[2.5036,43.622],[2.5055,43.6221],[2.5074,43.6222],[2.5089,43.6223],[2.5098,43.6223],[2.5105,43.6218],[2.512,43.6215]]]},"properties":{"id_ffco":"8437","nom":"LE SALAS \"2\"","_dept":"81","numero":"2015-D81-263","commune":"BRASSAC","echelle":"1/5000","surface":"0.83 km²","format":"A4","annee":"2015","cartographes":"ESCUDIE Christian","proprietaire":"8104 - AZIMUT ORIENTATION CASTRES","niveau":"Départemental","specialite":"CO à pied","latitude":"43.6253090788","longitude":"2.50819580311","date_saisie":"26/05/2015","date_depot":"22/01/2016","valide":"Oui","ppo":"Non","type_carte":"Reprise","base":"2014-D81-229 LE SALLAS brassac (81)","fond":"Ortho","obsolete":false}},{"type":"Feature","geometry":{"type":"Polygon","coordinates":[[[2.4916,43.539],[2.4902,43.5385],[2.4906,43.5373],[2.4889,43.5374],[2.4878,43.5385],[2.4855,43.5392],[2.4845,43.5385],[2.4846,43.5368],[2.4839,43.5357],[2.4833,43.5349],[2.4842,43.5327],[2.4859,43.5308],[2.4875,43.5277],[2.4906,43.5283],[2.4927,43.5285],[2.4926,43.5267],[2.4915,43.5243],[2.4923,43.5229],[2.4933,43.521],[2.4939,43.5186],[2.4947,43.5172],[2.4952,43.5164],[2.4957,43.5165],[2.4958,43.5159],[2.4957,43.515],[2.4933,43.5146],[2.4911,43.5135],[2.4908,43.5123],[2.4913,43.5115],[2.4921,43.5109],[2.4941,43.511],[2.4959,43.5123],[2.4976,43.5137],[2.4989,43.5148],[2.5001,43.5157],[2.502,43.5154],[2.5036,43.515],[2.5039,43.5138],[2.504,43.5121],[2.5049,43.5112],[2.5057,43.511],[2.5067,43.5117],[2.5072,43.5124],[2.5083,43.5122],[2.5087,43.5123],[2.5102,43.5118],[2.512,43.5107],[2.5145,43.5098],[2.5182,43.5099],[2.5201,43.5099],[2.5218,43.5101],[2.523,43.511],[2.5233,43.5124],[2.5241,43.5116],[2.5256,43.5101],[2.5272,43.5095],[2.5285,43.5095],[2.5301,43.51],[2.5312,43.5105],[2.5329,43.5111],[2.5355,43.5111],[2.5366,43.5098],[2.5381,43.5089],[2.5396,43.5105],[2.5398,43.5119],[2.5403,43.5129],[2.5416,43.514],[2.5424,43.5149],[2.5367,43.515],[2.5366,43.516],[2.5369,43.5164],[2.5388,43.517],[2.5398,43.5184],[2.5405,43.5196],[2.5414,43.5207],[2.5414,43.5217],[2.5399,43.5219],[2.5391,43.5233],[2.5402,43.5236],[2.5411,43.524],[2.5402,43.525],[2.538,43.5271],[2.5364,43.5286],[2.5346,43.5309],[2.5356,43.5323],[2.5349,43.5335],[2.5341,43.5348],[2.5347,43.5348],[2.5356,43.5342],[2.5375,43.5338],[2.5388,43.5341],[2.5378,43.5349],[2.5376,43.5358],[2.536,43.537],[2.5346,43.5375],[2.5318,43.5382],[2.5289,43.5386],[2.5271,43.5398],[2.5248,43.5418],[2.5242,43.5428],[2.5238,43.5434],[2.5202,43.5427],[2.5131,43.5423],[2.5073,43.5411],[2.5056,43.5398],[2.5022,43.5395],[2.4958,43.5393],[2.4916,43.539]]]},"properties":{"id_ffco":"8436","nom":"FORET DE SAINT AMANS VALTORET VVT O","_dept":"81","numero":"2015-D81-262","commune":"SAINT AMANS VALTORET","echelle":"1/20000","surface":"12.59 km²","format":"A3","annee":"2015","cartographes":"Alain Pellegry","proprietaire":"8104 - AZIMUT ORIENTATION CASTRES","niveau":"National, International","specialite":"CO à VTT","latitude":"43.5260807909","longitude":"2.5144712668","date_saisie":"26/05/2015","date_depot":"22/01/2016","valide":"Oui","ppo":"Oui (50 postes)","type_carte":"Nouvelle carte","fond":"Ortho","obsolete":false}},{"type":"Feature","geometry":{"type":"Polygon","coordinates":[[[2.5234,43.5424],[2.5257,43.5411],[2.5281,43.5389],[2.53,43.5384],[2.5321,43.5383],[2.5342,43.5378],[2.5358,43.5372],[2.5366,43.5365],[2.5381,43.5355],[2.5393,43.5349],[2.5407,43.5339],[2.5414,43.5334],[2.5406,43.5321],[2.5392,43.5308],[2.5381,43.5302],[2.5377,43.5291],[2.5376,43.5277],[2.5386,43.5261],[2.5399,43.525],[2.5408,43.5244],[2.541,43.5239],[2.5394,43.5236],[2.5389,43.5234],[2.5396,43.5218],[2.5411,43.5216],[2.5415,43.521],[2.5405,43.5197],[2.5404,43.5189],[2.5391,43.5175],[2.5363,43.5182],[2.5348,43.5195],[2.5341,43.5214],[2.5334,43.5224],[2.5323,43.5224],[2.5315,43.5211],[2.5287,43.5203],[2.5274,43.5199],[2.5248,43.5191],[2.5217,43.5183],[2.5188,43.5174],[2.5154,43.5172],[2.5123,43.5177],[2.5083,43.5183],[2.5051,43.5191],[2.5032,43.5175],[2.5001,43.5158],[2.4968,43.513],[2.4947,43.5114],[2.4925,43.5109],[2.4917,43.5111],[2.491,43.5121],[2.491,43.5132],[2.4918,43.5139],[2.4937,43.5143],[2.4954,43.5146],[2.4958,43.5153],[2.4957,43.5164],[2.4953,43.5163],[2.4948,43.5168],[2.4944,43.518],[2.4944,43.5201],[2.4939,43.5217],[2.4933,43.5225],[2.4918,43.5237],[2.4921,43.5248],[2.493,43.5262],[2.4934,43.5276],[2.493,43.5287],[2.491,43.5286],[2.4888,43.5278],[2.4874,43.5281],[2.4866,43.5293],[2.4862,43.5306],[2.4849,43.5318],[2.4842,43.5329],[2.4836,43.5341],[2.4832,43.5352],[2.4837,43.5357],[2.4843,43.5361],[2.4844,43.5372],[2.4844,43.5384],[2.4846,43.5389],[2.4857,43.5391],[2.4875,43.5387],[2.4887,43.538],[2.4897,43.5375],[2.4906,43.5383],[2.492,43.5395],[2.4969,43.539],[2.5039,43.5399],[2.5069,43.5404],[2.5081,43.5416],[2.5097,43.5423],[2.5151,43.5419],[2.5193,43.5421],[2.5234,43.5424]]]},"properties":{"id_ffco":"8435","nom":"FORET DE SAINT AMANS VALTORET","_dept":"81","numero":"2015-D81-261","commune":"SAINT AMANS VALTORET","echelle":"1/15000","surface":"10.03 km²","format":"A3","annee":"2015","cartographes":"Alain Pellegry","proprietaire":"8104 - AZIMUT ORIENTATION CASTRES","niveau":"National, International","specialite":"CO à pied","latitude":"43.5292413362","longitude":"2.51290550827","date_saisie":"26/05/2015","date_depot":"22/01/2016","valide":"Oui","ppo":"Oui (80 postes)","type_carte":"Nouvelle carte","fond":"Ortho","obsolete":false}},{"type":"Feature","geometry":{"type":"Polygon","coordinates":[[[1.6665,44.0617],[1.6521,44.0609],[1.6545,44.0582],[1.651,44.0535],[1.6531,44.0456],[1.649,44.0269],[1.662,44.0257],[1.6655,44.0155],[1.6651,44.0108],[1.6703,44.0069],[1.6706,44.0044],[1.6809,44.0044],[1.6854,44.0005],[1.6919,44.0027],[1.6881,44.0136],[1.685,44.0195],[1.7012,44.0363],[1.6922,44.0375],[1.684,44.0407],[1.6795,44.04],[1.6747,44.0439],[1.6754,44.0498],[1.6703,44.0555],[1.6665,44.0617]]]},"properties":{"id_ffco":"8207","nom":"Raid INFERNOU 2015","_dept":"81","numero":"2015-D81-260","commune":"PUYCELSI LARROQUE BRUNIQUEL","echelle":"1/20000","surface":"14.09 km²","format":"+","annee":"2015","cartographes":"A Pellegry,C. ESCUDIE","proprietaire":"8105 - BALISE ORIENTATION ALBIGEOISE","niveau":"National, International","specialite":"Raid'O","latitude":"44.0316772301","longitude":"1.67167939223","date_saisie":"04/03/2015","date_depot":"01/01/2015","valide":"Oui","ppo":"Non","type_carte":"Nouvelle carte","fond":"Ortho","obsolete":false}},{"type":"Feature","geometry":{"type":"Polygon","coordinates":[[[2.1583,43.9493],[2.159,43.9485],[2.1596,43.9476],[2.1598,43.9466],[2.1603,43.9453],[2.1609,43.9447],[2.162,43.9443],[2.1632,43.9438],[2.1639,43.9447],[2.1644,43.9463],[2.1642,43.9471],[2.1631,43.9479],[2.16,43.9495],[2.1592,43.9497],[2.1583,43.9493]]]},"properties":{"id_ffco":"8158","nom":"BASE DE LOISIRS DE CANTEPAU \"2\"","_dept":"81","numero":"2015-D81-259","commune":"ALBI","echelle":"1/2500","surface":"0.17 km²","format":"A4","annee":"2015","cartographes":"ESCUDIE Christian","proprietaire":"8105 - BALISE ORIENTATION ALBIGEOISE","niveau":"Initiation, Scolaire","specialite":"CO à pied","latitude":"43.9467387677","longitude":"2.1616542186","date_saisie":"19/02/2015","date_depot":"04/05/2015","valide":"Oui","ppo":"Oui (50 postes)","type_carte":"Reprise","base":"2009-D81-074 BASE DE LOISIRS DE CANTEPEAU","fond":"Ortho","obsolete":false}},{"type":"Feature","geometry":{"type":"Polygon","coordinates":[[[1.7022,43.831],[1.7045,43.8348],[1.7023,43.8355],[1.7037,43.8372],[1.7045,43.839],[1.7037,43.8394],[1.7038,43.8399],[1.7029,43.8401],[1.7028,43.8406],[1.7006,43.841],[1.7001,43.8412],[1.6994,43.8418],[1.6979,43.8419],[1.6962,43.842],[1.6951,43.8396],[1.6946,43.8388],[1.6931,43.8387],[1.6933,43.8339],[1.6943,43.8332],[1.6953,43.8325],[1.6956,43.8319],[1.696,43.8313],[1.6966,43.8309],[1.6975,43.8305],[1.6982,43.8299],[1.7022,43.831]]]},"properties":{"id_ffco":"7985","nom":"LAC DES AUZERALS '3'","_dept":"81","numero":"2015-D81-258","commune":"RABASTENS","echelle":"1/5000","surface":"0.88 km²","format":"A4","annee":"2015","cartographes":"ESCUDIE Christian","proprietaire":"8105 - BALISE ORIENTATION ALBIGEOISE","niveau":"Départemental","specialite":"CO à pied","latitude":"43.8360871926","longitude":"1.69872736309","date_saisie":"29/01/2015","date_depot":"04/05/2015","valide":"Oui","ppo":"Non","type_carte":"Reprise","base":"1999-D81-015 LAC DES AUZERALS","fond":"Ortho","obsolete":false}},{"type":"Feature","geometry":{"type":"Polygon","coordinates":[[[2.2561,43.5334],[2.2547,43.5336],[2.2548,43.5331],[2.255,43.5327],[2.2553,43.5323],[2.2553,43.5319],[2.2551,43.5317],[2.2548,43.5314],[2.2547,43.531],[2.2547,43.5309],[2.2538,43.5309],[2.2538,43.5303],[2.2533,43.5295],[2.2526,43.5287],[2.252,43.5281],[2.252,43.5274],[2.2521,43.5264],[2.2521,43.5259],[2.2532,43.5259],[2.2537,43.526],[2.2544,43.5264],[2.2547,43.5271],[2.2557,43.527],[2.256,43.5272],[2.2563,43.5278],[2.2565,43.5287],[2.2566,43.5292],[2.2567,43.5295],[2.2568,43.5312],[2.2567,43.5333],[2.2561,43.5334]]]},"properties":{"id_ffco":"7968","nom":"DOMAINE D'EN LAURE","_dept":"81","numero":"2015-D81-257","commune":"LABRUGUIERE","echelle":"1/3500","surface":"0.19 km²","format":"A4","annee":"2015","cartographes":"ESCUDIE Christian","proprietaire":"8104 - AZIMUT ORIENTATION CASTRES","niveau":"Initiation, Scolaire","specialite":"CO à pied","latitude":"43.529298159","longitude":"2.25473037624","date_saisie":"19/01/2015","date_depot":"04/05/2015","valide":"Oui","ppo":"Oui (23 postes)","type_carte":"Nouvelle carte","fond":"Ortho","obsolete":false}},{"type":"Feature","geometry":{"type":"Polygon","coordinates":[[[2.0883,43.8444],[2.088,43.8438],[2.088,43.8436],[2.0891,43.8435],[2.0897,43.8433],[2.0901,43.8427],[2.0896,43.8418],[2.0903,43.8414],[2.0911,43.8417],[2.0914,43.8417],[2.0921,43.841],[2.0925,43.8412],[2.0918,43.8422],[2.0921,43.8427],[2.0923,43.8431],[2.0919,43.8433],[2.0911,43.8437],[2.0883,43.8444]]]},"properties":{"id_ffco":"7967","nom":"ORBAN - LE CASSIEU","_dept":"81","numero":"2014-D81-256","commune":"ORBAN","echelle":"1/2000","surface":"0.05 km²","format":"A4","annee":"2014","cartographes":"Olivier THOMAS","proprietaire":"8106 - ALBI RESSORT","niveau":"Initiation, Scolaire","specialite":"CO à pied","latitude":"43.8428126394","longitude":"2.09054228018","date_saisie":"19/01/2015","date_depot":"04/05/2015","valide":"Oui","ppo":"Non","type_carte":"Nouvelle carte","fond":"Ortho","obsolete":false}},{"type":"Feature","geometry":{"type":"Polygon","coordinates":[[[2.0836,43.8431],[2.083,43.8426],[2.0832,43.8421],[2.0833,43.8419],[2.0837,43.8419],[2.0842,43.8419],[2.0845,43.8425],[2.0845,43.8427],[2.0843,43.8428],[2.0836,43.8431]]]},"properties":{"id_ffco":"7966","nom":"ORBAN","_dept":"81","numero":"2014-D81-255","commune":"ORBAN","echelle":"1/1000","surface":"0.01 km²","format":"A4","annee":"2014","cartographes":"Olivier THOMAS","proprietaire":"8106 - ALBI RESSORT","niveau":"Initiation, Scolaire","specialite":"CO à pied","latitude":"43.8424734225","longitude":"2.08373461371","date_saisie":"19/01/2015","date_depot":"04/05/2015","valide":"Oui","ppo":"Non","type_carte":"Nouvelle carte","fond":"Ortho","obsolete":false}},{"type":"Feature","geometry":{"type":"Polygon","coordinates":[[[2.035,43.8202],[2.0341,43.8197],[2.0347,43.8187],[2.0361,43.819],[2.0367,43.8193],[2.0373,43.8196],[2.0371,43.8199],[2.0364,43.8197],[2.0361,43.8201],[2.035,43.8202]]]},"properties":{"id_ffco":"7965","nom":"STADE DE LASGRAÏSSES","_dept":"81","numero":"2014-D81-254","commune":"LASGRAÏSSES","echelle":"1/1000","surface":"0.03 km²","format":"A4","annee":"2014","cartographes":"Olivier THOMAS","proprietaire":"8106 - ALBI RESSORT","niveau":"Initiation, Scolaire","specialite":"CO à pied","latitude":"43.8194865429","longitude":"2.03547912812","date_saisie":"19/01/2015","date_depot":"04/05/2015","valide":"Oui","ppo":"Non","type_carte":"Nouvelle carte","fond":"Ortho","obsolete":false}},{"type":"Feature","geometry":{"type":"Polygon","coordinates":[[[2.0326,43.9159],[2.0326,43.9147],[2.0295,43.9149],[2.0295,43.9153],[2.0291,43.9153],[2.0284,43.9152],[2.0278,43.9151],[2.0269,43.9153],[2.0263,43.9153],[2.0259,43.9157],[2.0256,43.9162],[2.0255,43.9165],[2.0258,43.9168],[2.0266,43.917],[2.0272,43.9171],[2.0283,43.9173],[2.0288,43.9173],[2.0287,43.9175],[2.0289,43.9178],[2.0293,43.9179],[2.0294,43.9179],[2.0299,43.9178],[2.0299,43.9174],[2.0299,43.9166],[2.0298,43.9161],[2.0297,43.9158],[2.0303,43.9159],[2.0308,43.9161],[2.0315,43.9161],[2.0321,43.9161],[2.0326,43.9159]]]},"properties":{"id_ffco":"7964","nom":"MARSAC SUR TARN - Centre","_dept":"81","numero":"2014-D81-253","commune":"MARSAC","echelle":"1/2000","surface":"0.11 km²","format":"A4","annee":"2014","cartographes":"Olivier THOMAS","proprietaire":"8106 - ALBI RESSORT","niveau":"Initiation, Scolaire","specialite":"CO à pied","latitude":"43.9160486494","longitude":"2.02898272065","date_saisie":"19/01/2015","date_depot":"04/05/2015","valide":"Oui","ppo":"Non","type_carte":"Nouvelle carte","fond":"Ortho","obsolete":false}},{"type":"Feature","geometry":{"type":"Polygon","coordinates":[[[1.989,43.8508],[1.99,43.8527],[1.9905,43.8526],[1.9909,43.8526],[1.9912,43.8526],[1.9916,43.8525],[1.992,43.8522],[1.9922,43.852],[1.9927,43.8518],[1.9934,43.8518],[1.994,43.8503],[1.9934,43.8503],[1.9919,43.8505],[1.9904,43.8506],[1.989,43.8508]]]},"properties":{"id_ffco":"7963","nom":"CADALEN - LE STADE ET LE PONT BASCULE","_dept":"81","numero":"2014-D81-252","commune":"CADALEN","echelle":"1/1500","surface":"0.07 km²","format":"A4","annee":"2014","cartographes":"Bruno FENEUIL","proprietaire":"8106 - ALBI RESSORT","niveau":"Initiation, Scolaire","specialite":"CO à pied","latitude":"43.8513645666","longitude":"1.9914549482","date_saisie":"19/01/2015","date_depot":"04/05/2015","valide":"Oui","ppo":"Non","type_carte":"Nouvelle carte","fond":"Ortho","obsolete":false}},{"type":"Feature","geometry":{"type":"Polygon","coordinates":[[[2.1471,43.9323],[2.1494,43.9324],[2.1496,43.9281],[2.1495,43.9279],[2.1492,43.9279],[2.1497,43.9278],[2.1492,43.9268],[2.1492,43.9254],[2.1455,43.9252],[2.1429,43.9258],[2.1421,43.9265],[2.1409,43.9258],[2.14,43.926],[2.1394,43.9267],[2.139,43.9274],[2.138,43.9283],[2.1379,43.9286],[2.1471,43.9323]]]},"properties":{"id_ffco":"7962","nom":"ALBI - Vieille Ville","_dept":"81","numero":"2014-D81-251","commune":"ALBI","echelle":"1/4000","surface":"0.51 km²","format":"A4","annee":"2014","cartographes":"Bruno FENEUIL","proprietaire":"8106 - ALBI RESSORT","niveau":"Initiation, Scolaire","specialite":"CO à pied","latitude":"43.9284939391","longitude":"2.14493660755","date_saisie":"19/01/2015","date_depot":"04/05/2015","valide":"Oui","ppo":"Non","type_carte":"Nouvelle carte","fond":"Ortho","obsolete":false}},{"type":"Feature","geometry":{"type":"Polygon","coordinates":[[[2.1629,43.9311],[2.1653,43.9317],[2.1666,43.9321],[2.168,43.9322],[2.169,43.9321],[2.1704,43.9318],[2.1718,43.9317],[2.1719,43.9314],[2.1721,43.931],[2.1722,43.9312],[2.1727,43.9312],[2.1727,43.9305],[2.1729,43.9302],[2.1738,43.9295],[2.1737,43.9283],[2.1732,43.9269],[2.1728,43.9265],[2.1723,43.9267],[2.1718,43.9267],[2.1712,43.9267],[2.1707,43.9266],[2.171,43.9262],[2.1701,43.9263],[2.1691,43.9264],[2.1681,43.9264],[2.1674,43.9263],[2.1676,43.9266],[2.1676,43.9269],[2.1676,43.9272],[2.1675,43.9274],[2.1672,43.9277],[2.1666,43.9279],[2.1662,43.9281],[2.1661,43.9284],[2.166,43.9291],[2.1659,43.9298],[2.1658,43.9305],[2.1657,43.9309],[2.1642,43.9307],[2.1632,43.9306],[2.1629,43.9311]]]},"properties":{"id_ffco":"7961","nom":"ALBI - JAOUTZOU ET CAUSSELS","_dept":"81","numero":"2014-D81-250","commune":"ALBI","echelle":"1/4000","surface":"0.36 km²","format":"A4","annee":"2014","cartographes":"Bruno FENEUIL","proprietaire":"8106 - ALBI RESSORT","niveau":"Départemental","specialite":"CO à pied","latitude":"43.9293600948","longitude":"2.16938769217","date_saisie":"19/01/2015","date_depot":"04/05/2015","valide":"Oui","ppo":"Non","type_carte":"Nouvelle carte","fond":"Ortho","obsolete":false}},{"type":"Feature","geometry":{"type":"Polygon","coordinates":[[[2.152,43.9297],[2.1475,43.9295],[2.1472,43.931],[2.147,43.9318],[2.1524,43.9355],[2.1531,43.9355],[2.1541,43.9357],[2.1559,43.9356],[2.1578,43.9355],[2.159,43.9354],[2.1593,43.9352],[2.1597,43.9349],[2.1602,43.9351],[2.1605,43.9348],[2.1596,43.9341],[2.1591,43.9338],[2.1586,43.9336],[2.1583,43.9332],[2.1573,43.933],[2.1562,43.9326],[2.1555,43.9323],[2.1543,43.9318],[2.1544,43.9302],[2.1535,43.93],[2.1528,43.9299],[2.1525,43.9298],[2.152,43.9297]]]},"properties":{"id_ffco":"8176","nom":"Albi - Le Caussels du Pioulet","_dept":"81","numero":"2014-D81-249","commune":"Albi","echelle":"1/4000","surface":"0.42 km²","format":"A4","annee":"2014","cartographes":"Bruno FENEUIL","proprietaire":"8106 - ALBI RESSORT","niveau":"Départemental","specialite":"CO à pied","latitude":"43.9327442314","longitude":"2.15288258561","date_saisie":"20/02/2015","date_depot":"04/05/2015","valide":"Oui","ppo":"Non","type_carte":"Nouvelle carte","fond":"Cadastre","obsolete":false}},{"type":"Feature","geometry":{"type":"Polygon","coordinates":[[[2.1541,43.9317],[2.1541,43.9318],[2.158,43.9337],[2.1584,43.9336],[2.1583,43.9331],[2.1583,43.9327],[2.1588,43.9326],[2.159,43.9313],[2.1596,43.9313],[2.1598,43.9305],[2.1598,43.9304],[2.1543,43.93],[2.1541,43.9317]]]},"properties":{"id_ffco":"7960","nom":"ALBI - GRATAUREILLE","_dept":"81","numero":"2014-D81-248","commune":"ALBI","echelle":"1/2000","surface":"0.12 km²","format":"A4","annee":"2014","cartographes":"Bruno FENEUIL","proprietaire":"8106 - ALBI RESSORT","niveau":"Initiation, Scolaire","specialite":"CO à pied","latitude":"43.9315204551","longitude":"2.15684895698","date_saisie":"19/01/2015","date_depot":"04/05/2015","valide":"Oui","ppo":"Non","type_carte":"Nouvelle carte","fond":"Ortho","obsolete":false}},{"type":"Feature","geometry":{"type":"Polygon","coordinates":[[[2.1669,43.932],[2.1645,43.9313],[2.1578,43.9314],[2.1578,43.9335],[2.1584,43.9336],[2.1591,43.9338],[2.1595,43.934],[2.1611,43.9339],[2.1637,43.9344],[2.1654,43.9338],[2.1668,43.9344],[2.1669,43.932]]]},"properties":{"id_ffco":"7959","nom":"ALBI - LES PLANQUES (sur l' échappée verte)","_dept":"81","numero":"2014-D81-247","commune":"ALBI","echelle":"1/2500","surface":"0.21 km²","format":"A4","annee":"2014","cartographes":"Bruno FENEUIL","proprietaire":"8106 - ALBI RESSORT","niveau":"Initiation, Scolaire","specialite":"CO à pied","latitude":"43.9327124036","longitude":"2.16236574495","date_saisie":"19/01/2015","date_depot":"04/05/2015","valide":"Oui","ppo":"Non","type_carte":"Nouvelle carte","fond":"Ortho","obsolete":false}},{"type":"Feature","geometry":{"type":"Polygon","coordinates":[[[1.6698,43.7868],[1.6678,43.7869],[1.6662,43.7866],[1.6655,43.7857],[1.6622,43.7842],[1.6612,43.784],[1.6576,43.7823],[1.6553,43.7821],[1.6535,43.7817],[1.6511,43.7819],[1.6492,43.7816],[1.6481,43.7816],[1.6447,43.7803],[1.6422,43.7801],[1.6403,43.7802],[1.6373,43.7807],[1.631,43.7843],[1.6271,43.7879],[1.6265,43.789],[1.6264,43.7906],[1.6257,43.7919],[1.6257,43.7938],[1.6255,43.7947],[1.6243,43.7958],[1.6234,43.7967],[1.6236,43.7978],[1.6236,43.7981],[1.6245,43.7976],[1.6252,43.7975],[1.6262,43.7988],[1.6265,43.8013],[1.6269,43.8045],[1.6276,43.8087],[1.6275,43.81],[1.6276,43.8107],[1.627,43.8111],[1.6275,43.8125],[1.6281,43.8133],[1.6283,43.8145],[1.6301,43.8157],[1.6314,43.8158],[1.6347,43.8157],[1.6357,43.8159],[1.6376,43.817],[1.6386,43.8189],[1.6395,43.8194],[1.6427,43.8205],[1.6445,43.8216],[1.6456,43.8223],[1.6475,43.8213],[1.6509,43.8203],[1.6533,43.8199],[1.6557,43.82],[1.6569,43.8177],[1.6596,43.8157],[1.6589,43.8189],[1.6614,43.8165],[1.6623,43.8152],[1.6646,43.8132],[1.6685,43.8113],[1.6684,43.8105],[1.6682,43.8094],[1.6706,43.8085],[1.6733,43.8083],[1.6758,43.8074],[1.6785,43.8059],[1.6845,43.8029],[1.6843,43.8017],[1.6839,43.801],[1.6828,43.8002],[1.6825,43.7993],[1.6821,43.7977],[1.6836,43.7967],[1.6846,43.7941],[1.6852,43.7931],[1.6855,43.7921],[1.6858,43.7905],[1.6847,43.7895],[1.6829,43.7885],[1.6824,43.7874],[1.6809,43.787],[1.6788,43.7864],[1.6782,43.7859],[1.676,43.786],[1.6742,43.786],[1.6732,43.7864],[1.6722,43.7866],[1.6714,43.7867],[1.6698,43.7868]]]},"properties":{"id_ffco":"7943","nom":"MEZENS ROQUEMAURE GRAZAC BUZET","_dept":"81","numero":"2014-D81-246","commune":"MEZENS","echelle":"1/15000","surface":"15.81 km²","format":"A3","annee":"2014","cartographes":"ESCUDIE Christian","proprietaire":"8105 - BALISE ORIENTATION ALBIGEOISE","niveau":"Interrégional","specialite":"CO à pied","latitude":"43.7995229336","longitude":"1.65225632038","date_saisie":"13/01/2015","date_depot":"05/10/2016","valide":"Oui","ppo":"Non","type_carte":"Nouvelle carte","fond":"Ortho","obsolete":false}},{"type":"Feature","geometry":{"type":"Polygon","coordinates":[[[1.9768,43.6461],[1.9759,43.6455],[1.9763,43.6448],[1.9779,43.6431],[1.9803,43.6439],[1.9802,43.6444],[1.9792,43.6451],[1.9768,43.6461]]]},"properties":{"id_ffco":"7942","nom":"COMPLEXXE SPORTIF DE SAINT PAUL CAP DE JOUX","_dept":"81","numero":"2014-D81-245","commune":"SAINT PAUL CAP DE JOUX","echelle":"1/2000","surface":"0.07 km²","format":"A4","annee":"2014","cartographes":"ESCUDIE Christian","proprietaire":"81 - Tarn","niveau":"Initiation, Scolaire","specialite":"CO à pied","latitude":"43.6445724907","longitude":"1.97804416992","date_saisie":"13/01/2015","date_depot":"02/05/2015","valide":"Oui","ppo":"Non","type_carte":"Nouvelle carte","fond":"Ortho","obsolete":false}},{"type":"Feature","geometry":{"type":"Polygon","coordinates":[[[1.9176,43.8845],[1.9186,43.8845],[1.9194,43.8843],[1.9202,43.8839],[1.9233,43.8838],[1.9221,43.8849],[1.9204,43.8864],[1.9196,43.8861],[1.9185,43.8854],[1.918,43.8846],[1.9176,43.8845]]]},"properties":{"id_ffco":"7941","nom":"STADE DE BRENS","_dept":"81","numero":"2014-D81-244","commune":"BRENS","echelle":"1/2000","surface":"0.07 km²","format":"A4","annee":"2014","cartographes":"Bruno FENEUIL","proprietaire":"81 - Tarn","niveau":"Initiation, Scolaire","specialite":"CO à pied","latitude":"43.8848790891","longitude":"1.92049042148","date_saisie":"13/01/2015","date_depot":"07/02/2015","valide":"Oui","ppo":"Non","type_carte":"Nouvelle carte","fond":"Ortho","obsolete":false}},{"type":"Feature","geometry":{"type":"Polygon","coordinates":[[[1.9053,43.8909],[1.9053,43.8901],[1.9052,43.8897],[1.9032,43.8897],[1.9007,43.8904],[1.8997,43.8911],[1.8996,43.8922],[1.9006,43.8927],[1.9014,43.8929],[1.9019,43.8931],[1.9028,43.8926],[1.9037,43.8925],[1.9053,43.8909]]]},"properties":{"id_ffco":"7940","nom":"BORD DU TARN ST ROCH","_dept":"81","numero":"2014-D81-243","commune":"GAILLAC","echelle":"1/1500","surface":"0.12 km²","format":"A4","annee":"2014","cartographes":"ESCUDIE Christian","proprietaire":"8105 - BALISE ORIENTATION ALBIGEOISE","niveau":"Initiation, Scolaire","specialite":"CO à pied","latitude":"43.8912682198","longitude":"1.90246292624","date_saisie":"13/01/2015","date_depot":"07/02/2015","valide":"Oui","ppo":"Non","type_carte":"Nouvelle carte","fond":"Ortho","obsolete":false}},{"type":"Feature","geometry":{"type":"Polygon","coordinates":[[[1.9025,43.8913],[1.9024,43.8922],[1.9021,43.8923],[1.9019,43.8923],[1.9016,43.8925],[1.9013,43.8929],[1.9009,43.8928],[1.8997,43.8923],[1.8999,43.8919],[1.9002,43.8916],[1.9005,43.8915],[1.9009,43.8914],[1.9013,43.8914],[1.9019,43.8913],[1.9025,43.8913]]]},"properties":{"id_ffco":"7939","nom":"STADE ST ROC","_dept":"81","numero":"2014-D81-242","commune":"GAILLAC","echelle":"1/750","surface":"0.03 km²","format":"A4","annee":"2014","cartographes":"ESCUDIE Christian","proprietaire":"8105 - BALISE ORIENTATION ALBIGEOISE","niveau":"Initiation, Scolaire","specialite":"CO à pied","latitude":"43.8920097244","longitude":"1.90117378427","date_saisie":"13/01/2015","date_depot":"28/07/2015","valide":"Oui","ppo":"Non","type_carte":"Nouvelle carte","fond":"Ortho","obsolete":false}},{"type":"Feature","geometry":{"type":"Polygon","coordinates":[[[2.3423,43.5263],[2.3449,43.5284],[2.3467,43.5286],[2.351,43.5289],[2.3522,43.5298],[2.3492,43.5337],[2.3482,43.5377],[2.3463,43.5386],[2.3464,43.5401],[2.3432,43.5424],[2.331,43.5481],[2.3241,43.5517],[2.3183,43.5543],[2.3088,43.5627],[2.3058,43.5648],[2.3021,43.563],[2.2973,43.565],[2.297,43.5629],[2.2938,43.5622],[2.2923,43.562],[2.2903,43.5619],[2.2854,43.562],[2.2916,43.5576],[2.294,43.5546],[2.2954,43.5529],[2.2985,43.5505],[2.3052,43.5466],[2.3137,43.5416],[2.3236,43.537],[2.3423,43.5263]]]},"properties":{"id_ffco":"7938","nom":"LE CAUSSE D'AUGMONTEL","_dept":"81","numero":"2014-D81-241","commune":"CASTRES","echelle":"1/10000","surface":"7.74 km²","format":"A4","annee":"2014","cartographes":"Olivier THOMAS","proprietaire":"8104 - AZIMUT ORIENTATION CASTRES","niveau":"Interrégional","specialite":"CO à pied","contacts":"8 ième RPIMA , 81100, CASTRES","latitude":"43.5462330723","longitude":"2.32058882213","date_saisie":"13/01/2015","date_depot":"01/01/2014","valide":"Oui","ppo":"Non","type_carte":"Nouvelle carte","fond":"Ortho","obsolete":false}},{"type":"Feature","geometry":{"type":"Polygon","coordinates":[[[1.812,43.8568],[1.8113,43.8569],[1.8111,43.8562],[1.8111,43.8559],[1.8128,43.8554],[1.8131,43.8559],[1.8128,43.8559],[1.8119,43.8562],[1.8117,43.8563],[1.8118,43.8566],[1.812,43.8568]]]},"properties":{"id_ffco":"7937","nom":"ECOLE PRIMAIRE GALILEE","_dept":"81","numero":"2014-D81-240","commune":"LISLE SUR TARN","echelle":"1/1000","surface":"0.01 km²","format":"A4","annee":"2014","cartographes":"Nicolas DURAMAY","proprietaire":"8105 - BALISE ORIENTATION ALBIGEOISE","niveau":"Initiation, Scolaire","specialite":"CO à pied","latitude":"43.8560654869","longitude":"1.81193729329","date_saisie":"13/01/2015","date_depot":"07/02/2015","valide":"Oui","ppo":"Non","type_carte":"Nouvelle carte","fond":"Ortho","obsolete":false}},{"type":"Feature","geometry":{"type":"Polygon","coordinates":[[[1.7424,44.0577],[1.7424,44.0568],[1.7426,44.0563],[1.7431,44.0551],[1.7446,44.0536],[1.746,44.052],[1.7474,44.0512],[1.7477,44.0511],[1.749,44.0509],[1.7506,44.0511],[1.7515,44.0512],[1.7524,44.0511],[1.7536,44.0509],[1.7547,44.0505],[1.756,44.0499],[1.7565,44.0499],[1.7569,44.0499],[1.7582,44.0511],[1.7583,44.0519],[1.7587,44.0525],[1.7593,44.0529],[1.76,44.0531],[1.7599,44.0573],[1.7588,44.0575],[1.7579,44.0574],[1.7561,44.0571],[1.7544,44.057],[1.7533,44.0574],[1.7519,44.0576],[1.7509,44.0574],[1.7498,44.0573],[1.7474,44.0567],[1.7467,44.0565],[1.7459,44.0568],[1.7435,44.0567],[1.7435,44.0576],[1.7424,44.0577]]]},"properties":{"id_ffco":"7936","nom":"FONT BONNE","_dept":"81","numero":"2014-D81-239","commune":"PENNE","echelle":"1/5000","surface":"0.85 km²","format":"A4","annee":"2014","cartographes":"Alain Pellegry","proprietaire":"8105 - BALISE ORIENTATION ALBIGEOISE","niveau":"Départemental","specialite":"CO à pied","latitude":"44.0542230368","longitude":"1.75207598719","date_saisie":"13/01/2015","date_depot":"07/02/2015","valide":"Oui","ppo":"Non","type_carte":"Nouvelle carte","fond":"Ortho","obsolete":false}},{"type":"Feature","geometry":{"type":"Polygon","coordinates":[[[2.4556,43.6936],[2.4559,43.6928],[2.4512,43.6927],[2.451,43.6925],[2.4511,43.692],[2.4517,43.691],[2.4517,43.6895],[2.4481,43.69],[2.4463,43.6899],[2.4447,43.6873],[2.4397,43.6842],[2.4398,43.6817],[2.4391,43.6807],[2.4398,43.6794],[2.4408,43.6786],[2.4415,43.6781],[2.4429,43.6775],[2.4433,43.6771],[2.4457,43.6775],[2.4467,43.678],[2.4476,43.6786],[2.4495,43.6791],[2.4509,43.6803],[2.452,43.6804],[2.4539,43.6808],[2.4551,43.6807],[2.4563,43.6803],[2.4572,43.6804],[2.4582,43.68],[2.4596,43.6799],[2.4605,43.6802],[2.4619,43.6806],[2.4606,43.6821],[2.46,43.6829],[2.46,43.684],[2.4597,43.6853],[2.4596,43.6859],[2.4609,43.6863],[2.4614,43.6895],[2.4641,43.6893],[2.4667,43.6885],[2.4684,43.688],[2.4712,43.6876],[2.4731,43.6864],[2.4737,43.686],[2.4736,43.6868],[2.4742,43.6871],[2.4745,43.6877],[2.4746,43.6887],[2.4754,43.6889],[2.4765,43.6886],[2.4772,43.6886],[2.4782,43.689],[2.4779,43.6933],[2.4772,43.6938],[2.4766,43.6941],[2.476,43.6947],[2.479,43.6946],[2.4813,43.6948],[2.483,43.6942],[2.4839,43.6934],[2.4856,43.6928],[2.4865,43.6927],[2.4888,43.6925],[2.4909,43.6923],[2.4917,43.6923],[2.4921,43.6939],[2.4928,43.6948],[2.4941,43.6961],[2.4942,43.6993],[2.4931,43.7],[2.4917,43.7003],[2.489,43.7],[2.488,43.6992],[2.4873,43.6991],[2.4865,43.6996],[2.4851,43.7001],[2.4837,43.7],[2.4827,43.6996],[2.4815,43.7],[2.4789,43.7001],[2.4782,43.7008],[2.4781,43.7016],[2.4774,43.7014],[2.4765,43.7016],[2.4729,43.7019],[2.4722,43.7016],[2.4721,43.7006],[2.4718,43.7001],[2.471,43.6998],[2.4704,43.6999],[2.4696,43.7006],[2.4689,43.701],[2.4671,43.7013],[2.4655,43.7011],[2.4649,43.7008],[2.4641,43.7003],[2.4633,43.7004],[2.4622,43.6998],[2.4615,43.6992],[2.4613,43.6983],[2.4609,43.6987],[2.4602,43.6983],[2.4586,43.6984],[2.4575,43.6981],[2.4569,43.6976],[2.4563,43.6974],[2.4566,43.6964],[2.4569,43.6954],[2.4569,43.695],[2.4565,43.6946],[2.456,43.6942],[2.4556,43.6936]]]},"properties":{"id_ffco":"7935","nom":"FORET DE MONTAGNOL","_dept":"81","numero":"2014-D81-238","commune":"BRASSAC","echelle":"1/10000","surface":"5.08 km²","format":"A3","annee":"2014","cartographes":"Alain Pellegry","proprietaire":"8104 - AZIMUT ORIENTATION CASTRES","niveau":"Interrégional","specialite":"CO à pied","latitude":"43.6911460928","longitude":"2.4647740163","date_saisie":"13/01/2015","date_depot":"07/02/2015","valide":"Oui","ppo":"Non","type_carte":"Nouvelle carte","fond":"Ortho","obsolete":false}},{"type":"Feature","geometry":{"type":"Polygon","coordinates":[[[2.1333,43.6993],[2.1321,43.7005],[2.1319,43.7012],[2.1319,43.7016],[2.1323,43.7018],[2.1328,43.7019],[2.1332,43.7021],[2.1333,43.7023],[2.133,43.7024],[2.1339,43.7034],[2.1339,43.7038],[2.1316,43.7038],[2.1311,43.705],[2.1294,43.7048],[2.1295,43.7037],[2.1299,43.7021],[2.1301,43.7008],[2.1302,43.6993],[2.1301,43.6989],[2.13,43.6983],[2.1303,43.6979],[2.1306,43.6977],[2.1309,43.6977],[2.1324,43.6988],[2.1333,43.6993]]]},"properties":{"id_ffco":"7934","nom":"BASE DE LOISIRS \"LAUTREC\"","_dept":"81","numero":"2014-D81-237","commune":"LAUTREC","echelle":"1/3500","surface":"0.16 km²","format":"A4","annee":"2014","cartographes":"ESCUDIE Christian","proprietaire":"8105 - BALISE ORIENTATION ALBIGEOISE","niveau":"Initiation, Scolaire","specialite":"CO à pied","latitude":"43.7016085126","longitude":"2.13129134075","date_saisie":"13/01/2015","date_depot":"07/02/2015","valide":"Oui","ppo":"Oui (50 postes)","type_carte":"Nouvelle carte","fond":"Ortho","obsolete":false}},{"type":"Feature","geometry":{"type":"Polygon","coordinates":[[[1.7198,44.0364],[1.7111,44.0368],[1.6994,44.0307],[1.699,44.0157],[1.7014,44.0148],[1.7031,44.0138],[1.7044,44.013],[1.7049,44.0122],[1.7055,44.012],[1.7068,44.0121],[1.7071,44.0122],[1.7082,44.0122],[1.7117,44.0107],[1.7142,44.0118],[1.7145,44.0123],[1.7157,44.0127],[1.7161,44.0137],[1.7169,44.0134],[1.7185,44.014],[1.7214,44.0157],[1.722,44.0167],[1.7225,44.0174],[1.7231,44.0181],[1.723,44.0187],[1.7231,44.0191],[1.7232,44.0197],[1.7243,44.0199],[1.7251,44.0202],[1.7251,44.0212],[1.7248,44.0215],[1.7243,44.0217],[1.7241,44.0223],[1.724,44.0227],[1.7241,44.0232],[1.7243,44.0235],[1.724,44.024],[1.7243,44.0244],[1.7246,44.0247],[1.725,44.0249],[1.7247,44.0254],[1.724,44.0255],[1.7234,44.0257],[1.7234,44.0261],[1.7236,44.0265],[1.724,44.0267],[1.7235,44.0273],[1.7231,44.0277],[1.7226,44.0279],[1.7226,44.0281],[1.7229,44.0284],[1.7228,44.029],[1.7235,44.029],[1.7246,44.0291],[1.7252,44.0291],[1.725,44.0365],[1.7198,44.0364]]]},"properties":{"id_ffco":"7933","nom":"MONTOULIEU","_dept":"81","numero":"2014-D81-236","commune":"PUYCELSI","echelle":"1/10000","surface":"4.85 km²","format":"A4","annee":"2014","cartographes":"Alain Pellegry","proprietaire":"8105 - BALISE ORIENTATION ALBIGEOISE","niveau":"Interrégional","specialite":"CO à pied","latitude":"44.0244313249","longitude":"1.71210462223","date_saisie":"13/01/2015","date_depot":"07/02/2015","valide":"Oui","ppo":"Non","type_carte":"Nouvelle carte","fond":"Ortho","obsolete":false}},{"type":"Feature","geometry":{"type":"Polygon","coordinates":[[[1.9903,43.8526],[1.9895,43.8509],[1.9932,43.8505],[1.9927,43.8518],[1.9925,43.8518],[1.9922,43.852],[1.9919,43.8522],[1.9916,43.8525],[1.9914,43.8526],[1.991,43.8526],[1.9903,43.8526]]]},"properties":{"id_ffco":"7932","nom":"COMPLEXE SPORTIF DE CADALEN","_dept":"81","numero":"2014-D81-235","commune":"CADALEN","echelle":"1/2500","surface":"0.04 km²","format":"A5","annee":"2014","cartographes":"ESCUDIE Christian","proprietaire":"81 - Tarn","niveau":"Initiation, Scolaire","specialite":"CO à pied","latitude":"43.8515005294","longitude":"1.99131478258","date_saisie":"13/01/2015","date_depot":"07/02/2015","valide":"Oui","ppo":"Oui (22 postes)","type_carte":"Nouvelle carte","fond":"Ortho","obsolete":false}},{"type":"Feature","geometry":{"type":"Polygon","coordinates":[[[2.467,43.6377],[2.465,43.6377],[2.4627,43.6384],[2.4621,43.6387],[2.46,43.639],[2.4582,43.6395],[2.4574,43.6399],[2.456,43.64],[2.4546,43.6396],[2.4535,43.6385],[2.4533,43.6375],[2.4534,43.6364],[2.4537,43.6351],[2.4534,43.6338],[2.453,43.6336],[2.4534,43.633],[2.4543,43.6324],[2.4546,43.6319],[2.4549,43.6312],[2.4556,43.6306],[2.4551,43.63],[2.4553,43.6296],[2.456,43.6298],[2.4563,43.6296],[2.4567,43.6289],[2.4569,43.6285],[2.457,43.6283],[2.4579,43.6283],[2.4589,43.6283],[2.4604,43.6284],[2.4645,43.629],[2.4698,43.6282],[2.4712,43.6283],[2.4723,43.6301],[2.4751,43.6307],[2.4754,43.6314],[2.4765,43.6326],[2.4771,43.6339],[2.4769,43.6345],[2.4772,43.6352],[2.4774,43.6354],[2.4776,43.6357],[2.4768,43.6361],[2.4749,43.6363],[2.4727,43.6365],[2.4712,43.6366],[2.4696,43.6368],[2.4679,43.6371],[2.4672,43.6374],[2.467,43.6377]]]},"properties":{"id_ffco":"7931","nom":"MONT REDON Brassac (81)","_dept":"81","numero":"2014-D81-234","commune":"BRASSAC","echelle":"1/5000","surface":"1.8 km²","format":"A4","annee":"2014","cartographes":"ESCUDIE Christian","proprietaire":"8104 - AZIMUT ORIENTATION CASTRES","niveau":"Initiation, Scolaire","specialite":"CO à pied","latitude":"43.6336458941","longitude":"2.46401525398","date_saisie":"13/01/2015","date_depot":"07/02/2015","valide":"Oui","ppo":"Non","type_carte":"Nouvelle carte","fond":"Ortho","obsolete":false}},{"type":"Feature","geometry":{"type":"Polygon","coordinates":[[[2.4969,43.6291],[2.4965,43.6288],[2.497,43.6286],[2.497,43.6284],[2.497,43.6283],[2.4969,43.628],[2.4971,43.6277],[2.4974,43.6265],[2.4984,43.6262],[2.4988,43.6264],[2.4987,43.6271],[2.4981,43.628],[2.4979,43.6284],[2.4974,43.6288],[2.4972,43.629],[2.4969,43.6291]]]},"properties":{"id_ffco":"7930","nom":"PARC DE LA MARQUISE \"BRASSAC\"","_dept":"81","numero":"2014-D81-233","commune":"BRSSAC","echelle":"1/1000","surface":"0.03 km²","format":"A4","annee":"2014","cartographes":"ESCUDIE Christian","proprietaire":"8104 - AZIMUT ORIENTATION CASTRES","niveau":"Initiation, Scolaire","specialite":"CO à pied","latitude":"43.6275186467","longitude":"2.49774844967","date_saisie":"13/01/2015","date_depot":"07/02/2015","valide":"Oui","ppo":"Non","type_carte":"Nouvelle carte","fond":"Ortho","obsolete":false}},{"type":"Feature","geometry":{"type":"Polygon","coordinates":[[[2.6848,43.7093],[2.6835,43.7091],[2.6803,43.7089],[2.6777,43.7085],[2.6755,43.7079],[2.6745,43.7065],[2.6746,43.7052],[2.6754,43.7042],[2.6764,43.7033],[2.6776,43.703],[2.6797,43.7029],[2.6812,43.7033],[2.6821,43.7035],[2.6832,43.7041],[2.6844,43.7047],[2.6854,43.7052],[2.6853,43.7056],[2.6853,43.7061],[2.6857,43.7064],[2.6864,43.7067],[2.6877,43.707],[2.6886,43.7071],[2.6895,43.7072],[2.6903,43.7071],[2.6917,43.7072],[2.6918,43.7076],[2.6922,43.7079],[2.6927,43.7083],[2.6923,43.7086],[2.6923,43.7097],[2.6941,43.7096],[2.6947,43.7102],[2.6953,43.7105],[2.6958,43.7107],[2.6959,43.711],[2.6954,43.7111],[2.695,43.7114],[2.695,43.7125],[2.6952,43.7135],[2.695,43.7151],[2.6938,43.7162],[2.6925,43.7167],[2.6918,43.7161],[2.6916,43.7154],[2.6917,43.7149],[2.691,43.7144],[2.69,43.7139],[2.6891,43.7133],[2.6882,43.7124],[2.6876,43.7117],[2.6868,43.711],[2.6856,43.7115],[2.6845,43.7111],[2.6849,43.7106],[2.6846,43.7101],[2.6848,43.7093]]]},"properties":{"id_ffco":"7929","nom":"LACAUNE \"Puech de Mares, ville et La Balme\"","_dept":"81","numero":"2014-D81-232","commune":"LACAUNE","echelle":"1/7000","surface":"1.03 km²","format":"A4","annee":"2014","cartographes":"ESCUDIE Christian","proprietaire":"8104 - AZIMUT ORIENTATION CASTRES","niveau":"Départemental","specialite":"CO à pied","latitude":"43.7087335194","longitude":"2.68559987007","date_saisie":"13/01/2015","date_depot":"07/02/2015","valide":"Oui","ppo":"Non","type_carte":"Nouvelle carte","fond":"Ortho","obsolete":false}},{"type":"Feature","geometry":{"type":"Polygon","coordinates":[[[2.6847,43.7094],[2.6783,43.709],[2.6771,43.7086],[2.6758,43.7077],[2.6747,43.7068],[2.6747,43.7056],[2.6752,43.7044],[2.6761,43.7036],[2.6772,43.7031],[2.6785,43.7029],[2.68,43.703],[2.6815,43.7034],[2.6824,43.7037],[2.6833,43.7041],[2.684,43.7045],[2.6848,43.7049],[2.6852,43.7052],[2.6854,43.7056],[2.6853,43.706],[2.6856,43.7064],[2.686,43.7066],[2.6847,43.7094]]]},"properties":{"id_ffco":"7928","nom":"LE PECH DE MARES \" LACAUNE\"","_dept":"81","numero":"2014-D81-231","commune":"LACAUNE","echelle":"1/4000","surface":"0.49 km²","format":"A4","annee":"2014","cartographes":"ESCUDIE Christian","proprietaire":"8104 - AZIMUT ORIENTATION CASTRES","niveau":"Initiation, Scolaire","specialite":"CO à pied","latitude":"43.7062233245","longitude":"2.68022451868","date_saisie":"13/01/2015","date_depot":"07/02/2015","valide":"Oui","ppo":"Non","type_carte":"Nouvelle carte","fond":"Ortho","obsolete":false}},{"type":"Feature","geometry":{"type":"Polygon","coordinates":[[[2.695,43.7105],[2.6945,43.7106],[2.6941,43.7108],[2.6939,43.7109],[2.6937,43.7109],[2.6926,43.7105],[2.6925,43.7101],[2.6917,43.7102],[2.6913,43.7105],[2.6904,43.7106],[2.6894,43.7107],[2.6886,43.7106],[2.6881,43.7102],[2.6878,43.71],[2.6878,43.7102],[2.6879,43.7104],[2.6879,43.7106],[2.6878,43.7109],[2.6874,43.711],[2.6871,43.711],[2.6874,43.7114],[2.6882,43.7123],[2.6887,43.713],[2.6895,43.7137],[2.6907,43.7142],[2.6913,43.7146],[2.6915,43.7148],[2.6917,43.7153],[2.6917,43.7158],[2.6917,43.7162],[2.692,43.7165],[2.693,43.7164],[2.6938,43.7164],[2.6943,43.7151],[2.6939,43.7152],[2.6937,43.7151],[2.6942,43.7145],[2.6951,43.7137],[2.6951,43.7132],[2.6949,43.7124],[2.695,43.7114],[2.6954,43.7111],[2.6957,43.7109],[2.6958,43.7107],[2.6956,43.7106],[2.695,43.7105]]]},"properties":{"id_ffco":"7927","nom":"LA BALME \" LACAUNE\"","_dept":"81","numero":"2014-D81-230","commune":"LACAUNE","echelle":"1/3500","surface":"0.27 km²","format":"A4","annee":"2014","cartographes":"ESCUDIE Christian","proprietaire":"8104 - AZIMUT ORIENTATION CASTRES","niveau":"Initiation, Scolaire","specialite":"CO à pied","latitude":"43.7127594745","longitude":"2.69188299112","date_saisie":"13/01/2015","date_depot":"07/02/2015","valide":"Oui","ppo":"Oui (15 postes)","type_carte":"Nouvelle carte","fond":"Ortho","obsolete":false}},{"type":"Feature","geometry":{"type":"Polygon","coordinates":[[[2.5117,43.6214],[2.5107,43.6222],[2.5063,43.622],[2.5032,43.6219],[2.5017,43.6227],[2.5008,43.6247],[2.5037,43.6266],[2.5049,43.6279],[2.5064,43.6294],[2.5086,43.6294],[2.5105,43.6291],[2.5124,43.629],[2.5129,43.6273],[2.5131,43.6257],[2.5133,43.6245],[2.5131,43.6233],[2.5124,43.6215],[2.5117,43.6214]]]},"properties":{"id_ffco":"7926","nom":"LE SALLAS brassac (81)","_dept":"81","numero":"2014-D81-229","commune":"BRASSAC","echelle":"1/5000","surface":"0.65 km²","format":"A4","annee":"2014","cartographes":"ESCUDIE Christian","proprietaire":"8104 - AZIMUT ORIENTATION CASTRES","niveau":"Départemental","specialite":"CO à pied","latitude":"43.6252615276","longitude":"2.50781763162","date_saisie":"13/01/2015","date_depot":"07/02/2015","valide":"Oui","ppo":"Non","type_carte":"Nouvelle carte","fond":"Ortho","obsolete":false}},{"type":"Feature","geometry":{"type":"Polygon","coordinates":[[[2.1245,43.9013],[2.124,43.9019],[2.1235,43.903],[2.1223,43.9031],[2.1189,43.9033],[2.1189,43.904],[2.1197,43.9041],[2.1203,43.9044],[2.1197,43.9055],[2.1195,43.906],[2.1161,43.9064],[2.1116,43.9062],[2.1116,43.9048],[2.1103,43.9037],[2.1102,43.9028],[2.1121,43.9021],[2.1137,43.9013],[2.1161,43.901],[2.1187,43.9007],[2.1213,43.9006],[2.1235,43.9008],[2.1245,43.9013]]]},"properties":{"id_ffco":"7925","nom":"La GARDIE 2","_dept":"81","numero":"2014-D81-228","commune":"LE SEQUESTRE","echelle":"1/5000","surface":"0.48 km²","format":"A4","annee":"2014","cartographes":"ESCUDIE Christian","proprietaire":"8105 - BALISE ORIENTATION ALBIGEOISE","niveau":"Initiation, Scolaire","specialite":"CO à pied","latitude":"43.903349209","longitude":"2.11673278458","date_saisie":"13/01/2015","date_depot":"22/01/2016","valide":"Oui","ppo":"Non","type_carte":"Nouvelle carte","fond":"Ortho","obsolete":false}},{"type":"Feature","geometry":{"type":"Polygon","coordinates":[[[2.172,43.926],[2.1734,43.9281],[2.1735,43.9296],[2.1731,43.9315],[2.1716,43.9316],[2.1693,43.9318],[2.1683,43.932],[2.1667,43.932],[2.1656,43.9317],[2.1662,43.9281],[2.167,43.928],[2.1674,43.9275],[2.1683,43.9275],[2.1683,43.9265],[2.1704,43.9262],[2.172,43.926]]]},"properties":{"id_ffco":"7924","nom":"ALBI - Saint Jean du Caussels","_dept":"81","numero":"2013-D81-227","commune":"ALBI","echelle":"1/4000","surface":"0.32 km²","format":"A4","annee":"2013","cartographes":"Olivier THOMAS","proprietaire":"8106 - ALBI RESSORT","niveau":"Départemental","specialite":"CO à pied","latitude":"43.929265786","longitude":"2.16975890599","date_saisie":"13/01/2015","date_depot":"09/07/2014","valide":"Oui","ppo":"Non","type_carte":"Nouvelle carte","fond":"Ortho","obsolete":false}},{"type":"Feature","geometry":{"type":"Polygon","coordinates":[[[2.1463,44.0502],[2.1408,44.0503],[2.1365,44.0481],[2.1381,44.0465],[2.1389,44.0457],[2.1436,44.0447],[2.145,44.0472],[2.1457,44.0491],[2.1463,44.0502]]]},"properties":{"id_ffco":"7923","nom":"PARC DE LA VERRERIE","_dept":"81","numero":"2013-D81-226","commune":"CARMAUX","echelle":"1/3000","surface":"0.32 km²","format":"A4","annee":"2013","cartographes":"ESCUDIE Christian","proprietaire":"8105 - BALISE ORIENTATION ALBIGEOISE","niveau":"Initiation, Scolaire","specialite":"CO à pied","latitude":"44.0477940276","longitude":"2.14166916938","date_saisie":"13/01/2015","date_depot":"22/01/2016","valide":"Oui","ppo":"Non","type_carte":"Nouvelle carte","fond":"Ortho","obsolete":false}},{"type":"Feature","geometry":{"type":"Polygon","coordinates":[[[2.1634,44.0506],[2.1633,44.05],[2.163,44.05],[2.163,44.0497],[2.1629,44.0493],[2.1627,44.0491],[2.1625,44.0489],[2.1621,44.0488],[2.1621,44.0485],[2.1624,44.0481],[2.1626,44.0476],[2.1628,44.0473],[2.1629,44.0469],[2.1634,44.047],[2.164,44.047],[2.1643,44.0472],[2.1648,44.0478],[2.166,44.0488],[2.1666,44.0492],[2.1668,44.0493],[2.1668,44.0496],[2.1651,44.0504],[2.1645,44.0507],[2.1644,44.0508],[2.1643,44.0505],[2.1641,44.0504],[2.1638,44.0505],[2.1634,44.0506]]]},"properties":{"id_ffco":"7508","nom":"PARC JEAN JAURES - 2 -","_dept":"81","numero":"2013-D81-224","commune":"Carmaux","echelle":"1/2000","surface":"0.09 km²","format":"A4","annee":"2013","cartographes":"ESCUDIE Christian","proprietaire":"8105 - BALISE ORIENTATION ALBIGEOISE","niveau":"Initiation, Scolaire","specialite":"CO à pied","contacts":"BOA, 05 63 40 69 98, cd.co.81@voila.fr","latitude":"44.0488790753","longitude":"2.16422109719","date_saisie":"24/10/2014","date_depot":"05/12/2014","valide":"Oui","ppo":"Non","type_carte":"Reprise","base":"2009-D81-103 PARC JEAN JAURES  CARMAUX","fond":"IGN","obsolete":false}},{"type":"Feature","geometry":{"type":"Polygon","coordinates":[[[2.007,43.5658],[2.0057,43.5663],[2.0026,43.5653],[2.0023,43.5656],[2.0008,43.5651],[2.0005,43.5649],[2.0003,43.565],[2.0003,43.5652],[2.0002,43.5655],[2.0,43.5658],[1.9995,43.5661],[1.9999,43.5664],[2.0004,43.5668],[1.9994,43.5673],[1.9985,43.5677],[1.9976,43.5682],[1.9988,43.5687],[1.9984,43.5693],[1.9986,43.5695],[1.9995,43.5696],[1.9996,43.5702],[2.0048,43.5693],[2.005,43.5692],[2.0056,43.5698],[2.0064,43.5696],[2.0069,43.5696],[2.0073,43.5699],[2.0084,43.5699],[2.0084,43.5701],[2.0088,43.57],[2.0093,43.5699],[2.0109,43.5693],[2.0116,43.5691],[2.0112,43.5688],[2.0115,43.5687],[2.0116,43.5684],[2.0116,43.5677],[2.0116,43.5672],[2.0114,43.5672],[2.0111,43.5668],[2.0104,43.5666],[2.0095,43.5664],[2.0082,43.5666],[2.0073,43.5668],[2.007,43.5658]]]},"properties":{"id_ffco":"7509","nom":"Stade de Foot et de Rugby PUYLAURENS - 2 -","_dept":"81","numero":"2013-D81-223","commune":"Puylaurens","echelle":"1/4000","surface":"0.42 km²","format":"A4","annee":"2013","cartographes":"ESCUDIE Christian","proprietaire":"8105 - BALISE ORIENTATION ALBIGEOISE","niveau":"Initiation, Scolaire","specialite":"CO à pied","contacts":"BOA, 05 63 40 69 98, cd.co.81@voila.fr","latitude":"43.5678850505","longitude":"2.00469739148","date_saisie":"24/10/2014","date_depot":"05/12/2014","valide":"Oui","ppo":"Non","type_carte":"Reprise","base":"2009-D81-101 STADE DE RUGBY PUYLAURENS","fond":"Cadastre","obsolete":false}},{"type":"Feature","geometry":{"type":"Polygon","coordinates":[[[2.1395,43.9343],[2.1385,43.9336],[2.1381,43.9327],[2.1378,43.9321],[2.1377,43.9315],[2.1378,43.9309],[2.138,43.9302],[2.1381,43.93],[2.1379,43.9298],[2.1373,43.9296],[2.1361,43.9292],[2.1356,43.9291],[2.1354,43.9288],[2.1347,43.9288],[2.1336,43.9287],[2.1322,43.9291],[2.1311,43.9299],[2.1303,43.9311],[2.1309,43.9322],[2.1323,43.9335],[2.133,43.9344],[2.1346,43.9341],[2.1363,43.9338],[2.1372,43.9337],[2.1379,43.934],[2.1395,43.9343]]]},"properties":{"id_ffco":"7567","nom":"BASE de LOISIRS de PRATGRAUSSALS - 3 -","_dept":"81","numero":"2013-D81-222","commune":"ALBI","echelle":"1/4000","surface":"0.3 km²","format":"A4","annee":"2013","cartographes":"ESCUDIE Christian","proprietaire":"8105 - BALISE ORIENTATION ALBIGEOISE","niveau":"Initiation, Scolaire","specialite":"CO à pied","contacts":"BOA, 05 63 40 69 98, cd.co.81@voila.fr","latitude":"43.9315298508","longitude":"2.13452711446","date_saisie":"25/10/2014","date_depot":"05/12/2014","valide":"Oui","ppo":"Non","type_carte":"Reprise","base":"2011-D81-186 BASE DE LOISIRS DE PRATGRAUSAL \"2\"","fond":"Cadastre","obsolete":false}},{"type":"Feature","geometry":{"type":"Polygon","coordinates":[[[1.7623,44.0397],[1.7853,44.0444],[1.7932,44.038],[1.7966,44.0294],[1.8031,44.0205],[1.799,44.0057],[1.7952,44.0049],[1.7952,44.0091],[1.7842,44.0094],[1.7832,44.0044],[1.7733,44.0024],[1.7592,43.9997],[1.7461,44.0042],[1.7389,43.9916],[1.7173,43.9911],[1.7115,43.9879],[1.7053,43.9918],[1.7077,44.0039],[1.6922,44.0086],[1.6926,44.0299],[1.6909,44.038],[1.7283,44.0395],[1.7286,44.0338],[1.7437,44.0269],[1.7479,44.0217],[1.7667,44.0217],[1.7757,44.0182],[1.7667,44.0318],[1.763,44.0338],[1.7623,44.0397]]]},"properties":{"id_ffco":"7572","nom":"RAID INFERNOU 2013","_dept":"81","numero":"2013-D81-221","commune":"Puycelsy","echelle":"1/20000","surface":"33.17 km²","format":"+","annee":"2013","cartographes":"Alain Pellegry,ESCUDIE Christian","proprietaire":"8105 - BALISE ORIENTATION ALBIGEOISE","niveau":"Interrégional","specialite":"Raid'O","contacts":"BOA, 05 63 40 69 98, cd.co.81@voila.fr","latitude":"44.0173753207","longitude":"1.74285399153","date_saisie":"27/10/2014","date_depot":"05/12/2014","valide":"Oui","ppo":"Non","type_carte":"Nouvelle carte","fond":"Ortho","obsolete":false}},{"type":"Feature","geometry":{"type":"Polygon","coordinates":[[[2.1344,43.9259],[2.1345,43.9258],[2.1346,43.9259],[2.1352,43.9252],[2.1357,43.9246],[2.1359,43.9244],[2.1359,43.9243],[2.1366,43.9242],[2.1373,43.924],[2.1376,43.924],[2.1378,43.9241],[2.1381,43.9243],[2.1381,43.9244],[2.1381,43.9245],[2.138,43.9246],[2.138,43.9246],[2.1375,43.9249],[2.1375,43.9249],[2.1374,43.9249],[2.1374,43.925],[2.1375,43.9251],[2.1371,43.9252],[2.1371,43.9253],[2.1371,43.9254],[2.1368,43.9255],[2.1367,43.9251],[2.136,43.9251],[2.1354,43.9263],[2.1353,43.9263],[2.1344,43.9259]]]},"properties":{"id_ffco":"7568","nom":"STADE LAGREZE -2 -","_dept":"81","numero":"2013-D81-220","commune":"ALBI","echelle":"1/1250","surface":"0.03 km²","format":"A4","annee":"2013","cartographes":"ESCUDIE Christian","proprietaire":"8105 - BALISE ORIENTATION ALBIGEOISE","niveau":"Initiation, Scolaire","specialite":"CO à pied","contacts":"BOA, 05 63 40 69 98, cd.co.81@voila.fr","latitude":"43.9249382691","longitude":"2.13636790577","date_saisie":"26/10/2014","date_depot":"05/12/2014","valide":"Oui","ppo":"Non","type_carte":"Reprise","base":"2008-D81-068 STADE LAGREZE","fond":"Cadastre","obsolete":false}},{"type":"Feature","geometry":{"type":"Polygon","coordinates":[[[2.1634,43.9244],[2.1625,43.9231],[2.1629,43.9225],[2.1646,43.9226],[2.1648,43.9225],[2.1646,43.9219],[2.1678,43.9214],[2.1689,43.9226],[2.168,43.9233],[2.1689,43.9247],[2.1656,43.9256],[2.165,43.9258],[2.1648,43.9242],[2.1634,43.9244]]]},"properties":{"id_ffco":"7569","nom":"STADIUM ALBI - 3","_dept":"81","numero":"2013-D81-219","commune":"ALBI","echelle":"1/3000","surface":"0.15 km²","format":"A4","annee":"2013","cartographes":"ESCUDIE Cristian","proprietaire":"8105 - BALISE ORIENTATION ALBIGEOISE","niveau":"Initiation, Scolaire","specialite":"CO à pied","contacts":"BOA, 05 63 40 69 98, cd.co.81@voila.fr","latitude":"43.9234417789","longitude":"2.16601351837","date_saisie":"26/10/2014","date_depot":"05/12/2014","valide":"Oui","ppo":"Non","type_carte":"Reprise","base":"2008-D81-048 STADIUM ALBI","fond":"Cadastre","obsolete":false}},{"type":"Feature","geometry":{"type":"Polygon","coordinates":[[[1.7614,44.0382],[1.7697,44.038],[1.7784,44.0379],[1.7843,44.038],[1.7846,44.0173],[1.773,44.0158],[1.7727,44.0166],[1.7724,44.0166],[1.7725,44.0187],[1.776,44.0183],[1.7727,44.0205],[1.771,44.0217],[1.77,44.0231],[1.7694,44.0233],[1.7686,44.025],[1.7677,44.0253],[1.767,44.027],[1.7672,44.0285],[1.7677,44.03],[1.767,44.0306],[1.7667,44.0309],[1.7661,44.0318],[1.7649,44.0322],[1.7646,44.0332],[1.7618,44.0338],[1.7614,44.0343],[1.7614,44.0349],[1.7613,44.0381],[1.7614,44.0382]]]},"properties":{"id_ffco":"7570","nom":"PETIT VICHY - 2 -","_dept":"81","numero":"2013-D81-218","commune":"Castelman de Montmiral","echelle":"1/10000","surface":"3.23 km²","format":"A4","annee":"2013","cartographes":"ESCUDIE Christian","proprietaire":"8105 - BALISE ORIENTATION ALBIGEOISE","niveau":"Interrégional","specialite":"CO à pied","contacts":"BOA, 05 63 40 69 98, cd.co.81@voila.fr","latitude":"44.0287046245","longitude":"1.77543642573","date_saisie":"26/10/2014","date_depot":"05/12/2014","valide":"Oui","ppo":"Non","type_carte":"Reprise","base":"2010-D81-132 LE PETIT VICHY","fond":"Ortho","obsolete":false}},{"type":"Feature","geometry":{"type":"Polygon","coordinates":[[[1.7644,44.0196],[1.7649,44.0203],[1.7665,44.0195],[1.7681,44.0188],[1.7704,44.0188],[1.7728,44.0187],[1.7749,44.0185],[1.7776,44.0179],[1.7778,44.0173],[1.7783,44.0167],[1.7789,44.0161],[1.7803,44.0149],[1.7807,44.014],[1.7817,44.0129],[1.7822,44.0121],[1.7822,44.0111],[1.7832,44.0083],[1.7844,44.0071],[1.7834,44.0045],[1.7827,44.0046],[1.7815,44.0051],[1.7795,44.0046],[1.7777,44.0038],[1.7775,44.0037],[1.7761,44.0036],[1.7758,44.0035],[1.7758,44.0041],[1.7755,44.0046],[1.7734,44.0064],[1.7726,44.0072],[1.7713,44.008],[1.7703,44.0093],[1.7694,44.0102],[1.7688,44.0105],[1.767,44.0122],[1.7666,44.0135],[1.766,44.0141],[1.7643,44.0149],[1.763,44.0161],[1.7621,44.0166],[1.7611,44.0171],[1.7612,44.0184],[1.7621,44.0189],[1.7636,44.0192],[1.7644,44.0196]]]},"properties":{"id_ffco":"7571","nom":"RO ORIENTAL","_dept":"81","numero":"2013-D81-217","commune":"Castelnau de Montmiral","echelle":"1/10000","surface":"1.77 km²","format":"A4","annee":"2013","cartographes":"Alain Pellegry","proprietaire":"8105 - BALISE ORIENTATION ALBIGEOISE","niveau":"Interrégional","specialite":"CO à pied","contacts":"BOA, 05 63 40 69 98, cd.co.81@voila.fr","latitude":"44.0123568176","longitude":"1.7739518961","date_saisie":"26/10/2014","date_depot":"05/12/2014","valide":"Oui","ppo":"Non","type_carte":"Nouvelle carte","fond":"Ortho","obsolete":false}},{"type":"Feature","geometry":{"type":"Polygon","coordinates":[[[2.1288,44.0271],[2.1274,44.0252],[2.1272,44.0247],[2.1271,44.0243],[2.1288,44.0206],[2.129,44.02],[2.129,44.0197],[2.1294,44.0195],[2.1295,44.0191],[2.1306,44.0164],[2.131,44.0157],[2.1313,44.0154],[2.1331,44.0145],[2.1339,44.0139],[2.1351,44.0128],[2.1362,44.0123],[2.1374,44.012],[2.1368,44.0109],[2.1366,44.01],[2.1366,44.0094],[2.1366,44.0083],[2.1367,44.0072],[2.1368,44.0047],[2.1369,44.0034],[2.1363,44.0034],[2.135,44.0033],[2.1333,44.003],[2.132,44.0027],[2.1309,44.0025],[2.129,44.0019],[2.1265,44.0013],[2.1262,44.0013],[2.126,44.0011],[2.1252,44.0008],[2.1268,43.9988],[2.1279,43.9972],[2.1284,43.9968],[2.1294,43.9954],[2.1297,43.995],[2.1303,43.9945],[2.132,43.9938],[2.1335,43.9928],[2.1328,43.9921],[2.1323,43.9916],[2.132,43.991],[2.1315,43.9908],[2.13,43.9905],[2.1291,43.9906],[2.1281,43.9906],[2.1273,43.9909],[2.1272,43.9915],[2.1266,43.9917],[2.1257,43.9914],[2.1252,43.9911],[2.1247,43.9905],[2.124,43.9903],[2.1233,43.9903],[2.1228,43.99],[2.1224,43.9894],[2.1226,43.989],[2.1229,43.9884],[2.1229,43.9877],[2.1227,43.9871],[2.1224,43.9869],[2.1222,43.9869],[2.1234,43.9868],[2.1234,43.9863],[2.1237,43.986],[2.1244,43.9859],[2.1254,43.9856],[2.1247,43.9851],[2.1244,43.9846],[2.1241,43.984],[2.124,43.9835],[2.1257,43.9834],[2.1274,43.9834],[2.1285,43.9836],[2.1291,43.9836],[2.13,43.9832],[2.1309,43.9832],[2.1313,43.9833],[2.1387,43.9831],[2.1393,43.9833],[2.1398,43.9838],[2.1403,43.9845],[2.1405,43.9852],[2.1394,43.9862],[2.1389,43.9872],[2.1385,43.988],[2.1388,43.9884],[2.1389,43.9887],[2.1393,43.9883],[2.1413,43.9889],[2.1423,43.9895],[2.1431,43.9903],[2.1439,43.9908],[2.1448,43.9911],[2.1454,43.9914],[2.1456,43.9919],[2.1456,43.9932],[2.1463,43.9941],[2.1469,43.9948],[2.147,43.9949],[2.147,43.9959],[2.1471,43.9962],[2.1476,43.9964],[2.1476,43.9965],[2.1474,43.9966],[2.1477,43.9967],[2.1481,43.9966],[2.1483,43.9967],[2.1479,43.9973],[2.1472,43.9982],[2.147,43.999],[2.1471,43.9999],[2.1477,44.0015],[2.148,44.002],[2.1479,44.0023],[2.1489,44.0028],[2.149,44.003],[2.1497,44.0036],[2.1498,44.0039],[2.1498,44.0044],[2.1499,44.0051],[2.1498,44.0058],[2.1491,44.0061],[2.1481,44.0063],[2.1476,44.0063],[2.1473,44.0065],[2.1467,44.0068],[2.1469,44.0072],[2.1463,44.0073],[2.1455,44.008],[2.1449,44.0087],[2.1439,44.0093],[2.1429,44.0098],[2.1423,44.0111],[2.1426,44.0122],[2.1431,44.0131],[2.1431,44.0135],[2.1428,44.014],[2.1429,44.0142],[2.1434,44.014],[2.1436,44.0136],[2.1447,44.0132],[2.1457,44.0133],[2.1465,44.0135],[2.1475,44.0142],[2.1486,44.0151],[2.1494,44.0158],[2.15,44.0161],[2.1505,44.0158],[2.1515,44.0158],[2.1524,44.0157],[2.1526,44.0159],[2.1531,44.0161],[2.1527,44.0163],[2.1521,44.0175],[2.1518,44.0184],[2.1517,44.0195],[2.1518,44.0208],[2.152,44.0218],[2.1526,44.0227],[2.1537,44.0242],[2.154,44.0253],[2.154,44.0267],[2.1542,44.0273],[2.1537,44.0276],[2.1528,44.0283],[2.1523,44.0289],[2.1514,44.0296],[2.1501,44.0299],[2.149,44.0299],[2.148,44.0299],[2.1468,44.0298],[2.1454,44.03],[2.1446,44.0301],[2.1434,44.03],[2.1414,44.0299],[2.1409,44.0296],[2.1401,44.0295],[2.1388,44.0294],[2.1378,44.0298],[2.1345,44.0291],[2.1299,44.0265],[2.1288,44.0271]]]},"properties":{"id_ffco":"7576","nom":"Ste MARGUERITE CITEE DE L'HOM","_dept":"81","numero":"2013-D81-216","commune":"Blaye les Mines","echelle":"1/2000","surface":"7.09 km²","format":"A3","annee":"2013","cartographes":"ESCUDIE Christian","proprietaire":"8105 - BALISE ORIENTATION ALBIGEOISE","niveau":"Interrégional","specialite":"CO à pied","contacts":"BOA, 05 63 40 69 98, cd.co.81@voila.fr","latitude":"44.0080250247","longitude":"2.13884660609","date_saisie":"27/10/2014","date_depot":"05/12/2014","valide":"Oui","ppo":"Non","type_carte":"Nouvelle carte","fond":"Cadastre","obsolete":false}},{"type":"Feature","geometry":{"type":"Polygon","coordinates":[[[2.129,44.0276],[2.128,44.0257],[2.1271,44.0247],[2.128,44.0223],[2.1289,44.0202],[2.1289,44.0194],[2.1295,44.0193],[2.131,44.0155],[2.1331,44.0146],[2.134,44.014],[2.1349,44.0131],[2.1359,44.0125],[2.1373,44.0121],[2.1383,44.0117],[2.1384,44.0121],[2.1425,44.0119],[2.1429,44.0126],[2.1431,44.0134],[2.1428,44.014],[2.1429,44.0141],[2.1434,44.014],[2.1433,44.0276],[2.129,44.0276]]]},"properties":{"id_ffco":"7579","nom":"PARC de TITANS","_dept":"81","numero":"2013-D81-215","commune":"Blaye les Mines","echelle":"1/7500","surface":"1.85 km²","format":"A4","annee":"2013","cartographes":"ESCUDIE Christian","proprietaire":"8105 - BALISE ORIENTATION ALBIGEOISE","niveau":"Régional","specialite":"CO à pied","contacts":"BOA, 05 63 40 69 98, cd.co.81@voila.fr","latitude":"44.0205627153","longitude":"2.13640541098","date_saisie":"27/10/2014","date_depot":"05/12/2014","valide":"Oui","ppo":"Non","type_carte":"Nouvelle carte","fond":"Ortho","obsolete":false}},{"type":"Feature","geometry":{"type":"Polygon","coordinates":[[[1.7458,44.0083],[1.7459,44.007],[1.7449,44.0052],[1.7447,44.0047],[1.7449,44.0045],[1.7448,44.0037],[1.7435,44.003],[1.7433,44.0024],[1.7433,44.0016],[1.7422,43.9998],[1.7421,43.9993],[1.7416,43.9987],[1.7354,43.9984],[1.7333,44.006],[1.7336,44.0084],[1.7458,44.0083]]]},"properties":{"id_ffco":"7580","nom":"LASCROUX - 2 -","_dept":"81","numero":"2013-D81-214","commune":"Puycelsi","echelle":"1/5000","surface":"0.87 km²","format":"A4","annee":"2013","cartographes":"ESCUDIE Christian","proprietaire":"8105 - BALISE ORIENTATION ALBIGEOISE","niveau":"Régional","specialite":"CO à pied","contacts":"BOA, 05 63 40 69 98, cd.co.81@voila.fr","latitude":"44.0040127186","longitude":"1.73914046195","date_saisie":"27/10/2014","date_depot":"05/12/2014","valide":"Oui","ppo":"Non","type_carte":"Reprise","base":"2008-D81-046 LASCROUX","fond":"Ortho","obsolete":false}},{"type":"Feature","geometry":{"type":"Polygon","coordinates":[[[1.811,43.8608],[1.8186,43.8608],[1.8173,43.8599],[1.8157,43.8587],[1.8141,43.8559],[1.8134,43.8548],[1.8129,43.8537],[1.8125,43.8522],[1.8126,43.8509],[1.8127,43.8499],[1.8038,43.85],[1.8039,43.8525],[1.8054,43.854],[1.8064,43.8554],[1.8083,43.8577],[1.8096,43.8598],[1.8102,43.8603],[1.811,43.8608]]]},"properties":{"id_ffco":"8153","nom":"VIEUX QUARTIER  -  LISLE SUR TARN","_dept":"81","numero":"2012-D81-213","commune":"LISLE SUR TARN","echelle":"1/5500","surface":"0.74 km²","format":"A4","annee":"2012","cartographes":"C. ESCUDIE","proprietaire":"8105 - BALISE ORIENTATION ALBIGEOISE","niveau":"Départemental","specialite":"CO à pied","latitude":"43.8551344464","longitude":"1.81026842182","date_saisie":"11/02/2015","date_depot":"05/12/2014","valide":"Oui","ppo":"Non","type_carte":"Nouvelle carte","fond":"Ortho","obsolete":false}},{"type":"Feature","geometry":{"type":"Polygon","coordinates":[[[2.3987,43.5011],[2.3988,43.5008],[2.4016,43.501],[2.4028,43.5004],[2.4033,43.501],[2.4044,43.5014],[2.4056,43.5019],[2.4063,43.5023],[2.4061,43.5032],[2.4047,43.5032],[2.4032,43.5032],[2.4027,43.5031],[2.4027,43.5027],[2.4022,43.5025],[2.4006,43.5024],[2.3995,43.5023],[2.3991,43.5022],[2.3989,43.5018],[2.3987,43.5011]]]},"properties":{"id_ffco":"8152","nom":"PARCOURS DE SANTE ET STADE - BOUT DU ONT DE L' ARN \"3\"","_dept":"81","numero":"2012-D81-212","commune":"BOUT DU PONT DE L'ARN","echelle":"1/2000","surface":"0.11 km²","format":"A4","annee":"2012","cartographes":"C. ESCUDIE","proprietaire":"81 - Tarn","niveau":"Initiation, Scolaire","specialite":"CO à pied","latitude":"43.5019343286","longitude":"2.40260189993","date_saisie":"11/02/2015","date_depot":"04/12/2014","valide":"Oui","ppo":"Non","type_carte":"Reprise","base":"2009-D81-099 STADE DE BOUT DU PONT  DE L'ARN","fond":"Cadastre","obsolete":false}},{"type":"Feature","geometry":{"type":"Polygon","coordinates":[[[1.8032,43.8505],[1.8049,43.8507],[1.805,43.8484],[1.8041,43.8483],[1.804,43.8488],[1.8022,43.8488],[1.8032,43.8505]]]},"properties":{"id_ffco":"8151","nom":"STADE DE RUGBY  -  LISLE SUR TARN","_dept":"81","numero":"2012-D81-211","commune":"LISLE SUR TARN","echelle":"1/1000","surface":"0.04 km²","format":"A4","annee":"2012","cartographes":"C. ESCUDIE","proprietaire":"8105 - BALISE ORIENTATION ALBIGEOISE","niveau":"Initiation, Scolaire","specialite":"CO à pied","latitude":"43.849513679","longitude":"1.8038971045","date_saisie":"11/02/2015","date_depot":"04/12/2014","valide":"Oui","ppo":"Non","type_carte":"Nouvelle carte","fond":"Ortho","obsolete":false}},{"type":"Feature","geometry":{"type":"Polygon","coordinates":[[[1.7278,43.8118],[1.7293,43.8118],[1.73,43.8126],[1.7306,43.8133],[1.7315,43.814],[1.7316,43.8142],[1.7312,43.8144],[1.731,43.8144],[1.7305,43.8146],[1.7296,43.8144],[1.7292,43.8146],[1.7282,43.8146],[1.7271,43.8148],[1.7271,43.8145],[1.7269,43.8141],[1.7268,43.8137],[1.7271,43.8128],[1.7275,43.8119],[1.7278,43.8118]]]},"properties":{"id_ffco":"8150","nom":"STADE DE COUFFOULEUX \"2\"","_dept":"81","numero":"2012-D81-210","commune":"COUFFOULEUX","echelle":"1/2000","surface":"0.09 km²","format":"A4","annee":"2012","cartographes":"C. ESCUDIE","proprietaire":"8105 - BALISE ORIENTATION ALBIGEOISE","niveau":"Initiation, Scolaire","specialite":"CO à pied","latitude":"43.813412362","longitude":"1.7288454955","date_saisie":"11/02/2015","date_depot":"04/12/2014","valide":"Oui","ppo":"Non","type_carte":"Reprise","base":"2010-D81-121 STADE COUFFOULEUX","fond":"Ortho","obsolete":false}},{"type":"Feature","geometry":{"type":"Polygon","coordinates":[[[1.7182,43.8226],[1.7179,43.822],[1.7178,43.8215],[1.7178,43.8212],[1.72,43.821],[1.7203,43.8221],[1.7182,43.8226]]]},"properties":{"id_ffco":"8149","nom":"STADE DU MOULIN A VENT \"3\"","_dept":"81","numero":"2012-D81-209","commune":"RABASTENS","echelle":"1/1250","surface":"0.03 km²","format":"A5","annee":"2012","cartographes":"C. ESCUDIE","proprietaire":"8105 - BALISE ORIENTATION ALBIGEOISE","niveau":"Initiation, Scolaire","specialite":"CO à pied","latitude":"43.8217217887","longitude":"1.71902258456","date_saisie":"11/02/2015","date_depot":"04/12/2014","valide":"Oui","ppo":"Non","type_carte":"Reprise","base":"1999-D81-016 STADE DU MOULIN A VENT","fond":"Ortho","obsolete":false}},{"type":"Feature","geometry":{"type":"Polygon","coordinates":[[[1.8033,43.8484],[1.8027,43.8481],[1.8021,43.8479],[1.8015,43.8477],[1.8006,43.8474],[1.8002,43.847],[1.8005,43.8462],[1.8011,43.8457],[1.802,43.8461],[1.8024,43.8457],[1.8034,43.8455],[1.8039,43.8464],[1.804,43.8474],[1.8033,43.8484]]]},"properties":{"id_ffco":"8148","nom":"STADE DE FOOTBALL  - LISLE SUR TARN","_dept":"81","numero":"2012-D81-208","commune":"LISLE SUR TARN","echelle":"1/1500","surface":"0.06 km²","format":"A4","annee":"2012","cartographes":"C. ESCUDIE","proprietaire":"8105 - BALISE ORIENTATION ALBIGEOISE","niveau":"Initiation, Scolaire","specialite":"CO à pied","latitude":"43.8468536083","longitude":"1.80228897873","date_saisie":"11/02/2015","date_depot":"04/12/2014","valide":"Oui","ppo":"Non","type_carte":"Nouvelle carte","fond":"Ortho","obsolete":false}},{"type":"Feature","geometry":{"type":"Polygon","coordinates":[[[1.8222,43.8644],[1.8169,43.8644],[1.8108,43.8609],[1.8107,43.8548],[1.8128,43.8542],[1.8169,43.8597],[1.82,43.8612],[1.8228,43.8626],[1.8232,43.8628],[1.8222,43.8644]]]},"properties":{"id_ffco":"8147","nom":"ECOLE, LAC DE BELLEVUE - LISLE SUR TARN","_dept":"81","numero":"2012-D81-207","commune":"LISLE SUR TARN","echelle":"1/4500","surface":"0.53 km²","format":"A4","annee":"2012","cartographes":"C. ESUDIE","proprietaire":"8105 - BALISE ORIENTATION ALBIGEOISE","niveau":"Départemental","specialite":"CO à pied","latitude":"43.8603378136","longitude":"1.81550041048","date_saisie":"11/02/2015","date_depot":"05/12/2014","valide":"Oui","ppo":"Oui (30 postes)","type_carte":"Extrait","base":"2012-D81-204 LISLE SUR TARN","fond":"Ortho","obsolete":false}},{"type":"Feature","geometry":{"type":"Polygon","coordinates":[[[1.724,44.0055],[1.7238,44.0045],[1.7231,44.0032],[1.7219,44.0021],[1.7202,44.0012],[1.7194,44.0009],[1.7191,44.0004],[1.7197,43.9999],[1.7209,43.9995],[1.72,43.9987],[1.7192,43.9981],[1.7191,43.9973],[1.719,43.9964],[1.719,43.9957],[1.7187,43.9942],[1.7322,43.9941],[1.7317,44.0054],[1.724,44.0055]]]},"properties":{"id_ffco":"8146","nom":"LA JANADE - PUYCELSI","_dept":"81","numero":"2012-D81-206","commune":"PUYCELSI","echelle":"1/5000","surface":"1.14 km²","format":"A4","annee":"2012","cartographes":"C. ESCUDIE","proprietaire":"8105 - BALISE ORIENTATION ALBIGEOISE","niveau":"Régional","specialite":"CO à pied","latitude":"43.9992497896","longitude":"1.72612385362","date_saisie":"11/02/2015","date_depot":"05/12/2014","valide":"Oui","ppo":"Non","type_carte":"Reprise","base":"1999-D81-018 LA JANADE","fond":"Ortho","obsolete":false}},{"type":"Feature","geometry":{"type":"Polygon","coordinates":[[[1.7079,43.9896],[1.7094,43.9885],[1.7105,43.9881],[1.7125,43.9886],[1.7131,43.9892],[1.7138,43.9903],[1.7338,43.9905],[1.7325,44.0109],[1.7114,44.0105],[1.7097,44.0078],[1.7084,44.0053],[1.7079,43.9896]]]},"properties":{"id_ffco":"8145","nom":"PUYCELSI -  LA JANADE","_dept":"81","numero":"2012-D81-205","commune":"PUYCELSI","echelle":"1/10000","surface":"4.54 km²","format":"A4","annee":"2012","cartographes":"C. ESCUDIE","proprietaire":"8105 - BALISE ORIENTATION ALBIGEOISE","niveau":"Interrégional","specialite":"CO à pied","latitude":"44.0000859042","longitude":"1.72067831166","date_saisie":"11/02/2015","date_depot":"05/12/2014","valide":"Oui","ppo":"Non","type_carte":"Reprise","base":"1999-D81-017 PUYCELCI - LA JANADE","fond":"Ortho","obsolete":false}},{"type":"Feature","geometry":{"type":"Polygon","coordinates":[[[1.8234,43.8628],[1.8215,43.8651],[1.8206,43.8659],[1.8195,43.8656],[1.8183,43.865],[1.8176,43.8646],[1.8171,43.8645],[1.8166,43.8641],[1.8123,43.8616],[1.8106,43.8607],[1.8094,43.8596],[1.8084,43.858],[1.8075,43.8567],[1.8062,43.8548],[1.8051,43.8537],[1.8039,43.8526],[1.8031,43.8517],[1.8017,43.8508],[1.8,43.85],[1.8008,43.85],[1.8014,43.85],[1.8022,43.8495],[1.8021,43.849],[1.8008,43.8479],[1.8002,43.8474],[1.7999,43.847],[1.8014,43.8455],[1.8021,43.846],[1.8028,43.8454],[1.8033,43.8456],[1.8047,43.8457],[1.8066,43.8459],[1.8076,43.8447],[1.8139,43.8477],[1.8128,43.8519],[1.8132,43.8541],[1.8142,43.856],[1.8153,43.8581],[1.8174,43.86],[1.8234,43.8628]]]},"properties":{"id_ffco":"8144","nom":"LISLE SUR TARN","_dept":"81","numero":"2012-D81-204","commune":"LISLE SUR TARN","echelle":"1/7000","surface":"1.55 km²","format":"A4","annee":"2012","cartographes":"C. ESCUDIE","proprietaire":"8105 - BALISE ORIENTATION ALBIGEOISE","niveau":"Régional","specialite":"CO à pied","latitude":"43.8543142168","longitude":"1.81064118596","date_saisie":"11/02/2015","date_depot":"05/12/2014","valide":"Oui","ppo":"Non","type_carte":"Nouvelle carte","fond":"Ortho","obsolete":false}},{"type":"Feature","geometry":{"type":"Polygon","coordinates":[[[1.8236,43.863],[1.821,43.866],[1.8186,43.8652],[1.8168,43.8642],[1.8128,43.8619],[1.811,43.8609],[1.8099,43.8602],[1.8091,43.8594],[1.8074,43.8566],[1.806,43.8548],[1.8036,43.8524],[1.804,43.846],[1.8051,43.8461],[1.8054,43.8466],[1.8058,43.8474],[1.8066,43.8477],[1.8069,43.8474],[1.8089,43.8482],[1.8128,43.8486],[1.813,43.8498],[1.8128,43.8522],[1.8132,43.8542],[1.8145,43.8567],[1.8153,43.858],[1.8171,43.8598],[1.8202,43.8612],[1.8219,43.8621],[1.8236,43.863]]]},"properties":{"id_ffco":"8143","nom":"LISLE SUR TARN ET VIEUX QUARTIER","_dept":"81","numero":"2012-D81-203","commune":"LISLE SUR TARN","echelle":"1/5500","surface":"1.25 km²","format":"A4","annee":"2012","cartographes":"C. ESCUDIE","proprietaire":"8105 - BALISE ORIENTATION ALBIGEOISE","niveau":"Départemental","specialite":"CO à pied","latitude":"43.8560783712","longitude":"1.8118024056","date_saisie":"11/02/2015","date_depot":"05/12/2014","valide":"Oui","ppo":"Non","type_carte":"Extrait","base":"2012-D81-204 LISLE SUR TARN","fond":"Ortho","obsolete":false}},{"type":"Feature","geometry":{"type":"Polygon","coordinates":[[[1.8166,43.8645],[1.8205,43.8647],[1.8206,43.8616],[1.8182,43.8604],[1.8158,43.8586],[1.8148,43.8572],[1.814,43.8561],[1.8112,43.8557],[1.8115,43.8611],[1.8148,43.8633],[1.8166,43.8645]]]},"properties":{"id_ffco":"8142","nom":"LAC DE BELLEVUE","_dept":"81","numero":"2012-D81-202","commune":"LISLE SUR TARN","echelle":"1/3500","surface":"0.42 km²","format":"A4","annee":"2012","cartographes":"C. ESCUDIE","proprietaire":"8105 - BALISE ORIENTATION ALBIGEOISE","niveau":"Initiation, Scolaire","specialite":"CO à pied","latitude":"43.8606833473","longitude":"1.81550685353","date_saisie":"11/02/2015","date_depot":"05/12/2014","valide":"Oui","ppo":"Oui (30 postes)","type_carte":"Extrait","base":"2012-D81-204 LISLE SUR TARN","fond":"Ortho","obsolete":false}},{"type":"Feature","geometry":{"type":"Polygon","coordinates":[[[2.4017,44.0209],[2.3997,44.0204],[2.3992,44.021],[2.3993,44.0216],[2.3984,44.0218],[2.3977,44.0217],[2.3954,44.0237],[2.3949,44.0245],[2.3952,44.0255],[2.3957,44.0261],[2.3969,44.0258],[2.3984,44.0255],[2.399,44.025],[2.3996,44.0247],[2.4006,44.0238],[2.4009,44.023],[2.4017,44.0209]]]},"properties":{"id_ffco":"8141","nom":"COLLEGE DEPARTEMENTAL STADE ET LAC DE VALLENCE D'ALBIGEIOS","_dept":"81","numero":"2012-D81-201","commune":"VALLENCE D'ALBIGEOIS","echelle":"1/3000","surface":"0.18 km²","format":"A4","annee":"2012","cartographes":"C. ESCUDIE","proprietaire":"8105 - BALISE ORIENTATION ALBIGEOISE","niveau":"Initiation, Scolaire","specialite":"CO à pied","latitude":"44.0233855939","longitude":"2.39830839128","date_saisie":"11/02/2015","date_depot":"05/12/2014","valide":"Oui","ppo":"Non","type_carte":"Nouvelle carte","fond":"Ortho","obsolete":false}},{"type":"Feature","geometry":{"type":"Polygon","coordinates":[[[2.246,43.6073],[2.2443,43.6076],[2.2427,43.6081],[2.2417,43.6085],[2.2403,43.609],[2.2395,43.6091],[2.2385,43.6096],[2.2377,43.61],[2.2372,43.6094],[2.237,43.6087],[2.2368,43.6074],[2.2366,43.6058],[2.237,43.6043],[2.2376,43.6037],[2.2383,43.6028],[2.2398,43.6023],[2.2405,43.6022],[2.2358,43.5946],[2.2367,43.5941],[2.2409,43.5938],[2.2423,43.5937],[2.2428,43.5943],[2.2431,43.5972],[2.2438,43.5997],[2.2443,43.6024],[2.2452,43.604],[2.246,43.6058],[2.246,43.6073]]]},"properties":{"id_ffco":"8140","nom":"CASTRE CENTRE VILLE","_dept":"81","numero":"2012-D81-200","commune":"CASTRES","echelle":"1/5000","surface":"0.87 km²","format":"A3","annee":"2012","cartographes":"C. ESCUDIE","proprietaire":"8104 - AZIMUT ORIENTATION CASTRES","niveau":"Interrégional","specialite":"CO à pied","latitude":"43.6019741903","longitude":"2.24081130407","date_saisie":"11/02/2015","date_depot":"05/12/2014","valide":"Oui","ppo":"Non","type_carte":"Nouvelle carte","fond":"Ortho","obsolete":false}},{"type":"Feature","geometry":{"type":"Polygon","coordinates":[[[2.1125,43.6969],[2.1127,43.6961],[2.1132,43.6957],[2.1141,43.6952],[2.1155,43.6943],[2.1163,43.6941],[2.1174,43.6945],[2.1186,43.6947],[2.1187,43.6951],[2.1182,43.6955],[2.1175,43.6964],[2.1177,43.696],[2.1174,43.6964],[2.1168,43.6968],[2.1125,43.6969]]]},"properties":{"id_ffco":"8139","nom":"REALIS DE BRAMETOURTE","_dept":"81","numero":"2012-D81-199","commune":"LAUTREC","echelle":"1/2000","surface":"0.1 km²","format":"A4","annee":"2012","cartographes":"C. ESCUDIE","proprietaire":"8105 - BALISE ORIENTATION ALBIGEOISE","niveau":"Initiation, Scolaire","specialite":"CO à pied","latitude":"43.6956707992","longitude":"2.11567719524","date_saisie":"11/02/2015","date_depot":"05/12/2014","valide":"Oui","ppo":"Non","type_carte":"Nouvelle carte","fond":"Ortho","obsolete":false}},{"type":"Feature","geometry":{"type":"Polygon","coordinates":[[[1.7573,44.0204],[1.7516,44.0185],[1.7487,44.0164],[1.7468,44.0134],[1.7443,44.0092],[1.7446,44.0078],[1.7443,44.0061],[1.7439,44.0043],[1.7448,44.0038],[1.7465,44.0042],[1.749,44.0039],[1.7507,44.0029],[1.753,44.0016],[1.7546,44.0004],[1.7555,43.9998],[1.758,43.9994],[1.7611,43.9993],[1.762,44.0006],[1.7627,44.0011],[1.7652,44.0014],[1.7673,44.0017],[1.7685,44.0018],[1.7691,44.0015],[1.7706,44.0017],[1.7753,44.003],[1.7768,44.0031],[1.7783,44.0039],[1.7798,44.0045],[1.7814,44.0046],[1.783,44.0044],[1.7836,44.0046],[1.7846,44.0066],[1.7839,44.0079],[1.7825,44.0113],[1.7826,44.0125],[1.7808,44.0145],[1.7788,44.017],[1.7775,44.0183],[1.7748,44.019],[1.7707,44.0191],[1.768,44.0192],[1.7659,44.0201],[1.7648,44.0208],[1.7573,44.0204]]]},"properties":{"id_ffco":"8138","nom":"LE PECH DU MIDI \"2\"","_dept":"81","numero":"2012-D81-198","commune":"CASTELNAU DE MONT MIRAL","echelle":"1/10000","surface":"5.54 km²","format":"A3","annee":"2012","cartographes":"A Pellegry","proprietaire":"8105 - BALISE ORIENTATION ALBIGEOISE","niveau":"National, International","specialite":"CO à pied","latitude":"44.0102320085","longitude":"1.76372413162","date_saisie":"11/02/2015","date_depot":"04/12/2014","valide":"Oui","ppo":"Non","type_carte":"Reprise","base":"1985-D81-004 LE PECH DU MIDI","fond":"Ortho","obsolete":false}},{"type":"Feature","geometry":{"type":"Polygon","coordinates":[[[1.938,43.7881],[1.9379,43.7895],[1.9372,43.7901],[1.9363,43.7908],[1.9361,43.7935],[1.9361,43.7938],[1.9351,43.7938],[1.9339,43.7937],[1.9331,43.7935],[1.9326,43.7933],[1.932,43.7929],[1.932,43.7923],[1.932,43.7919],[1.9318,43.7915],[1.9321,43.791],[1.9331,43.7905],[1.9336,43.79],[1.9337,43.7896],[1.9347,43.789],[1.9355,43.7888],[1.9353,43.7884],[1.9355,43.7881],[1.9364,43.788],[1.938,43.7881]]]},"properties":{"id_ffco":"8137","nom":"LA COURBE","_dept":"81","numero":"2012-D81-197","commune":"BUSQUE","echelle":"1/2500","surface":"0.19 km²","format":"A4","annee":"2012","cartographes":"N. DURAMAY","proprietaire":"8105 - BALISE ORIENTATION ALBIGEOISE","niveau":"Initiation, Scolaire","specialite":"CO à pied","latitude":"43.7910320031","longitude":"1.93489391022","date_saisie":"11/02/2015","date_depot":"04/12/2014","valide":"Oui","ppo":"Non","type_carte":"Reprise","base":"2010-D81-119 LA COUBRE","fond":"Cadastre","obsolete":false}},{"type":"Feature","geometry":{"type":"Polygon","coordinates":[[[1.7124,43.99],[1.7129,43.9935],[1.713,43.9945],[1.7102,43.9957],[1.7081,43.9953],[1.7067,43.9952],[1.707,43.9941],[1.7069,43.9927],[1.7097,43.99],[1.7124,43.99]]]},"properties":{"id_ffco":"8136","nom":"PUYCELSI VILLAGE \"3\"","_dept":"81","numero":"2012-D81-196","commune":"PUYCELSI","echelle":"1/2000","surface":"0.24 km²","format":"A4","annee":"2012","cartographes":"C. ESCUDIE","proprietaire":"8105 - BALISE ORIENTATION ALBIGEOISE","niveau":"Départemental","specialite":"CO à pied","latitude":"43.9929483519","longitude":"1.7100360315","date_saisie":"11/02/2015","date_depot":"04/12/2014","valide":"Oui","ppo":"Non","type_carte":"Reprise","base":"2006-D81-038 PUYCELSI Village","fond":"Cadastre","obsolete":false}},{"type":"Feature","geometry":{"type":"Polygon","coordinates":[[[1.6981,43.8301],[1.6999,43.8301],[1.7005,43.8303],[1.7021,43.8308],[1.7028,43.8321],[1.7039,43.834],[1.7047,43.8349],[1.7031,43.8353],[1.7034,43.8372],[1.7046,43.839],[1.7036,43.8394],[1.7037,43.84],[1.7029,43.8402],[1.7034,43.8412],[1.7017,43.8414],[1.6997,43.8422],[1.6992,43.8419],[1.6976,43.8421],[1.6964,43.8418],[1.6956,43.8406],[1.695,43.8401],[1.6939,43.8386],[1.6935,43.8385],[1.6932,43.8373],[1.6931,43.8339],[1.6939,43.8335],[1.6952,43.8327],[1.6958,43.8321],[1.696,43.8312],[1.6973,43.8307],[1.6981,43.8301]]]},"properties":{"id_ffco":"8135","nom":"LAC DES AUZERALS \"2\"","_dept":"81","numero":"2012-D81-195","commune":"RABASTENS","echelle":"1/5000","surface":"0.91 km²","format":"A4","annee":"2012","cartographes":"C. ESCUDIE","proprietaire":"8105 - BALISE ORIENTATION ALBIGEOISE","niveau":"Départemental","specialite":"CO à pied","latitude":"43.8362378584","longitude":"1.69881729169","date_saisie":"11/02/2015","date_depot":"04/12/2014","valide":"Oui","ppo":"Non","type_carte":"Reprise","base":"1999-D81-015 LAC DES AUZERALS","fond":"Ortho","obsolete":false}},{"type":"Feature","geometry":{"type":"Polygon","coordinates":[[[2.1066,43.9182],[2.1062,43.9189],[2.1071,43.9191],[2.1069,43.9209],[2.1044,43.921],[2.1011,43.9209],[2.0986,43.9207],[2.0988,43.9204],[2.0973,43.9199],[2.0976,43.9193],[2.0974,43.919],[2.0977,43.9181],[2.0979,43.9177],[2.0993,43.9178],[2.1014,43.918],[2.1033,43.9181],[2.1051,43.9182],[2.1066,43.9182]]]},"properties":{"id_ffco":"8134","nom":"FONLABOUR LYCEE AGRICOLE","_dept":"81","numero":"2012-D81-194","commune":"SEQUESTRE","echelle":"1/3500","surface":"0.23 km²","format":"A4","annee":"2012","cartographes":"C. ESCUDIE","proprietaire":"8105 - BALISE ORIENTATION ALBIGEOISE","niveau":"Initiation, Scolaire","specialite":"CO à pied","latitude":"43.9194171828","longitude":"2.10218788076","date_saisie":"11/02/2015","date_depot":"04/12/2014","valide":"Oui","ppo":"Non","type_carte":"Nouvelle carte","fond":"Ortho","obsolete":false}},{"type":"Feature","geometry":{"type":"Polygon","coordinates":[[[2.1097,43.9028],[2.1106,43.9025],[2.1125,43.9016],[2.1138,43.9011],[2.1154,43.9008],[2.118,43.9006],[2.1199,43.9005],[2.1224,43.9005],[2.1237,43.9007],[2.1248,43.9014],[2.1245,43.9035],[2.1235,43.9032],[2.1224,43.9031],[2.1218,43.9031],[2.1205,43.9033],[2.1198,43.9033],[2.1188,43.9034],[2.119,43.9038],[2.1204,43.904],[2.121,43.9041],[2.1215,43.9043],[2.1207,43.9049],[2.1194,43.9054],[2.119,43.9059],[2.1172,43.9064],[2.1169,43.9067],[2.116,43.9063],[2.1141,43.9065],[2.1115,43.9063],[2.1111,43.9062],[2.1115,43.9056],[2.111,43.9057],[2.1103,43.9059],[2.1097,43.9028]]]},"properties":{"id_ffco":"8133","nom":"LA GARDIER","_dept":"81","numero":"2012-D81-193","commune":"SEQUESTRE","echelle":"1/5000","surface":"0.56 km²","format":"A4","annee":"2012","cartographes":"C. ESCUDIE","proprietaire":"8105 - BALISE ORIENTATION ALBIGEOISE","niveau":"Initiation, Scolaire","specialite":"CO à pied","latitude":"43.9033284483","longitude":"2.11669661968","date_saisie":"11/02/2015","date_depot":"04/12/2014","valide":"Oui","ppo":"Non","type_carte":"Nouvelle carte","fond":"Ortho","obsolete":false}},{"type":"Feature","geometry":{"type":"Polygon","coordinates":[[[1.6628,43.7746],[1.6638,43.7747],[1.6637,43.7726],[1.663,43.772],[1.6635,43.7716],[1.6659,43.7715],[1.6667,43.7722],[1.6678,43.7728],[1.6686,43.7735],[1.669,43.7743],[1.6684,43.7744],[1.6681,43.7745],[1.6682,43.7746],[1.6677,43.7747],[1.668,43.7757],[1.6661,43.7753],[1.6643,43.775],[1.6641,43.7753],[1.6629,43.7748],[1.6628,43.7746]]]},"properties":{"id_ffco":"8120","nom":"COMPLEXE SPORTIF DE MOLETRINCADE \"2\"","_dept":"81","numero":"2012-D81-192","commune":"SAINT SULPICE","echelle":"1/2500","surface":"0.14 km²","format":"A4","annee":"2012","cartographes":"C. ESCUDIE","proprietaire":"8105 - BALISE ORIENTATION ALBIGEOISE","niveau":"Initiation, Scolaire","specialite":"CO à pied","latitude":"43.7735777499","longitude":"1.66579345366","date_saisie":"11/02/2015","date_depot":"04/12/2014","valide":"Oui","ppo":"Non","type_carte":"Reprise","base":"2008-D81-056 Complexe sportif de MOLETRINCADE","fond":"Cadastre","obsolete":false}},{"type":"Feature","geometry":{"type":"Polygon","coordinates":[[[1.6831,43.7763],[1.6829,43.7761],[1.6812,43.7752],[1.6808,43.7748],[1.6827,43.7746],[1.6838,43.7743],[1.6843,43.7754],[1.6843,43.7762],[1.6841,43.7763],[1.6831,43.7763]]]},"properties":{"id_ffco":"8132","nom":"PARC DE LA MAIRIE DE ST SULPICE","_dept":"81","numero":"2012-D81-191","commune":"SAINT SULPICE","echelle":"1/1500","surface":"0.04 km²","format":"A4","annee":"2012","cartographes":"C. ESCUDIE","proprietaire":"8105 - BALISE ORIENTATION ALBIGEOISE","niveau":"Initiation, Scolaire","specialite":"CO à pied","latitude":"43.7753169738","longitude":"1.68295484843","date_saisie":"11/02/2015","date_depot":"04/12/2014","valide":"Oui","ppo":"Non","type_carte":"Reprise","base":"2008-D81-058 PARC DE LA MAIRIE DE ST SULPICE","fond":"Cadastre","obsolete":false}},{"type":"Feature","geometry":{"type":"Polygon","coordinates":[[[1.6839,43.7745],[1.6835,43.7745],[1.683,43.7735],[1.6824,43.773],[1.6816,43.7727],[1.6805,43.7725],[1.6797,43.7724],[1.6798,43.7732],[1.6793,43.7739],[1.68,43.7743],[1.6808,43.7746],[1.6813,43.775],[1.6825,43.7749],[1.6833,43.7747],[1.6839,43.7745]]]},"properties":{"id_ffco":"8131","nom":"STADE MESSALE \"2\"","_dept":"81","numero":"2012-D81-190","commune":"SAINT SULPICE","echelle":"1/1500","surface":"0.06 km²","format":"A4","annee":"2012","cartographes":"C. ESCUDIE","proprietaire":"8105 - BALISE ORIENTATION ALBIGEOISE","niveau":"Initiation, Scolaire","specialite":"CO à pied","latitude":"43.773777328","longitude":"1.68140816109","date_saisie":"11/02/2015","date_depot":"04/12/2014","valide":"Oui","ppo":"Non","type_carte":"Reprise","base":"2009-D81-111 STADE MESSALE","fond":"Cadastre","obsolete":false}},{"type":"Feature","geometry":{"type":"Polygon","coordinates":[[[1.787,43.9788],[1.787,43.9793],[1.7896,43.98],[1.7899,43.9794],[1.7911,43.9783],[1.7933,43.9771],[1.7921,43.9753],[1.7911,43.9737],[1.7902,43.9745],[1.7882,43.9768],[1.7869,43.9783],[1.7867,43.9786],[1.787,43.9788]]]},"properties":{"id_ffco":"8130","nom":"CAMPING DU CHENE VERT \"2\"","_dept":"81","numero":"2012-D81-189","commune":"CASTELNAU DE MONT MIRAL","echelle":"1/2500","surface":"0.17 km²","format":"A4","annee":"2012","cartographes":"C. ESCUDIE","proprietaire":"8105 - BALISE ORIENTATION ALBIGEOISE","niveau":"Initiation, Scolaire","specialite":"CO à pied","latitude":"43.9771789491","longitude":"1.78999084444","date_saisie":"11/02/2015","date_depot":"31/12/2014","valide":"Oui","ppo":"Non","type_carte":"Reprise","base":"2010-D81-144 CAMPING DU CHENE VERT","fond":"Ortho","obsolete":false}},{"type":"Feature","geometry":{"type":"Polygon","coordinates":[[[1.6838,43.7777],[1.6857,43.7771],[1.687,43.7767],[1.6888,43.7766],[1.6895,43.7765],[1.6897,43.7761],[1.6892,43.7757],[1.689,43.7749],[1.6887,43.7738],[1.6886,43.7733],[1.6882,43.7731],[1.6877,43.7728],[1.6867,43.7732],[1.6857,43.7737],[1.6855,43.7739],[1.6837,43.7743],[1.6807,43.7748],[1.6811,43.7752],[1.6827,43.7759],[1.6827,43.7761],[1.6822,43.7765],[1.6838,43.7777]]]},"properties":{"id_ffco":"8129","nom":"ST SULPICE \"2\"","_dept":"81","numero":"2012-D81-188","commune":"SAINT SULPICE","echelle":"1/3000","surface":"0.21 km²","format":"A4","annee":"2012","cartographes":"C. ESCUDIE","proprietaire":"8105 - BALISE ORIENTATION ALBIGEOISE","niveau":"Initiation, Scolaire","specialite":"CO à pied","latitude":"43.775345696","longitude":"1.68567736541","date_saisie":"11/02/2015","date_depot":"31/12/2014","valide":"Oui","ppo":"Non","type_carte":"Reprise","base":"2008-D81-059 SAINT SULPICE (Castela).","fond":"Cadastre","obsolete":false}},{"type":"Feature","geometry":{"type":"Polygon","coordinates":[[[1.8627,43.6653],[1.8611,43.6651],[1.86,43.6649],[1.8594,43.665],[1.8592,43.664],[1.8583,43.6639],[1.8582,43.6602],[1.8634,43.6601],[1.8632,43.6653],[1.8627,43.6653]]]},"properties":{"id_ffco":"8128","nom":"COLLEGE MASSAC SERAN","_dept":"81","numero":"2011-D81-187","commune":"MASSAC SERAN","echelle":"1/2500","surface":"0.21 km²","format":"A4","annee":"2011","cartographes":"C. ESCUDIE","proprietaire":"8105 - BALISE ORIENTATION ALBIGEOISE","niveau":"Initiation, Scolaire","specialite":"CO à pied","latitude":"43.6625128917","longitude":"1.86089823767","date_saisie":"11/02/2015","date_depot":"31/12/2014","valide":"Oui","ppo":"Non","type_carte":"Nouvelle carte","fond":"Ortho","obsolete":false}},{"type":"Feature","geometry":{"type":"Polygon","coordinates":[[[2.1397,43.9343],[2.1381,43.9327],[2.1378,43.9312],[2.1382,43.9301],[2.1388,43.9292],[2.1309,43.9301],[2.1305,43.9314],[2.1317,43.9333],[2.1325,43.9339],[2.1337,43.9346],[2.1349,43.9344],[2.1352,43.934],[2.1348,43.9338],[2.1347,43.9333],[2.1354,43.9332],[2.1356,43.9337],[2.1369,43.9337],[2.1375,43.9338],[2.1378,43.9341],[2.1388,43.9343],[2.1397,43.9343]]]},"properties":{"id_ffco":"8127","nom":"BASE DE LOISIRS DE PRATGRAUSAL \"2\"","_dept":"81","numero":"2011-D81-186","commune":"ALBI","echelle":"1/4000","surface":"0.28 km²","format":"A4","annee":"2011","cartographes":"C. ESCUDIE","proprietaire":"8105 - BALISE ORIENTATION ALBIGEOISE","niveau":"Départemental","specialite":"CO à pied","latitude":"43.9318304824","longitude":"2.13480582903","date_saisie":"11/02/2015","date_depot":"31/12/2014","valide":"Oui","ppo":"Non","type_carte":"Reprise","base":"2009-D81-078 BASSE DE LOISIRS DE PRATGROSSAL","fond":"Cadastre","obsolete":false}},{"type":"Feature","geometry":{"type":"Polygon","coordinates":[[[2.1829,43.4246],[2.1825,43.4243],[2.1814,43.4241],[2.1809,43.4244],[2.181,43.4249],[2.1883,43.4304],[2.1897,43.4313],[2.1993,43.4327],[2.2,43.432],[2.2009,43.4309],[2.202,43.4304],[2.202,43.429],[2.2025,43.4282],[2.2033,43.4274],[2.2041,43.4266],[2.2056,43.4257],[2.2077,43.4243],[2.2095,43.4227],[2.2109,43.4214],[2.2137,43.4198],[2.2145,43.4188],[2.2167,43.417],[2.2183,43.4161],[2.2204,43.4156],[2.2226,43.4146],[2.2249,43.4131],[2.2259,43.4114],[2.2258,43.4098],[2.2326,43.4056],[2.2331,43.4041],[2.2338,43.4027],[2.235,43.4018],[2.2366,43.4011],[2.2368,43.3977],[2.2346,43.3973],[2.2329,43.3971],[2.2313,43.3972],[2.2284,43.3966],[2.2264,43.396],[2.225,43.3951],[2.224,43.3942],[2.2234,43.3941],[2.2226,43.3942],[2.2216,43.3946],[2.2215,43.3934],[2.221,43.3927],[2.2202,43.3919],[2.2173,43.3906],[2.2174,43.3891],[2.2167,43.3886],[2.2152,43.3887],[2.2138,43.389],[2.2131,43.3893],[2.2119,43.3893],[2.2101,43.3885],[2.208,43.3882],[2.206,43.3883],[2.2041,43.3886],[2.2033,43.3879],[2.1991,43.3891],[2.1985,43.3905],[2.1978,43.3904],[2.1964,43.3898],[2.194,43.3905],[2.1929,43.3928],[2.1939,43.3939],[2.1941,43.3948],[2.1948,43.3981],[2.1952,43.3984],[2.196,43.3985],[2.1968,43.4012],[2.1934,43.4053],[2.1896,43.4062],[2.189,43.4071],[2.1889,43.4101],[2.1883,43.4113],[2.1884,43.4117],[2.1877,43.4126],[2.1866,43.4145],[2.1865,43.4155],[2.1869,43.4162],[2.1871,43.4195],[2.1867,43.42],[2.1849,43.4203],[2.1834,43.4215],[2.1831,43.4219],[2.1821,43.4225],[2.1825,43.4233],[2.1831,43.4242],[2.1829,43.4246]]]},"properties":{"id_ffco":"8126","nom":"CHATEAU DE RAMONDENS \"2\"","_dept":"81","numero":"2011-D81-185","commune":"ARFONT","echelle":"1/15000","surface":"11.94 km²","format":"A3","annee":"2011","cartographes":"A Pellegry","proprietaire":"8104 - AZIMUT ORIENTATION CASTRES","niveau":"Interrégional","specialite":"CO à pied","latitude":"43.4086716856","longitude":"2.20673311662","date_saisie":"11/02/2015","date_depot":"31/12/2014","valide":"Oui","ppo":"Non","type_carte":"Reprise","base":"1982-D81-000 FORET DE RAMONDENS","fond":"Ortho","obsolete":false}},{"type":"Feature","geometry":{"type":"Polygon","coordinates":[[[2.2403,43.462],[2.238,43.462],[2.2375,43.463],[2.237,43.4644],[2.236,43.4645],[2.2354,43.4642],[2.2349,43.4646],[2.2342,43.4648],[2.2332,43.4644],[2.2319,43.4635],[2.2302,43.4624],[2.2293,43.4621],[2.2279,43.462],[2.2273,43.4608],[2.2269,43.4595],[2.2266,43.4584],[2.2264,43.4561],[2.2264,43.4551],[2.2264,43.4537],[2.2271,43.453],[2.2267,43.4521],[2.2269,43.451],[2.2271,43.4505],[2.2285,43.4497],[2.2283,43.4468],[2.2285,43.4438],[2.2276,43.4422],[2.2249,43.4389],[2.2246,43.4372],[2.2297,43.4361],[2.234,43.4361],[2.2356,43.4363],[2.2464,43.438],[2.2501,43.4399],[2.2516,43.4429],[2.2528,43.4444],[2.2583,43.4483],[2.2597,43.4491],[2.2661,43.4522],[2.2683,43.4501],[2.271,43.4487],[2.2728,43.4477],[2.2757,43.4494],[2.2774,43.4506],[2.2779,43.4515],[2.278,43.4525],[2.2782,43.4549],[2.2781,43.4567],[2.2782,43.4575],[2.2793,43.4582],[2.281,43.4587],[2.2816,43.4623],[2.2813,43.4649],[2.2816,43.4669],[2.2814,43.4678],[2.2815,43.4696],[2.2812,43.4703],[2.2803,43.4709],[2.2795,43.4714],[2.2713,43.4705],[2.2635,43.4701],[2.2628,43.4709],[2.2615,43.4716],[2.2598,43.4717],[2.2595,43.4715],[2.2588,43.4719],[2.2579,43.4715],[2.2565,43.4724],[2.2551,43.473],[2.2546,43.4741],[2.2546,43.4749],[2.2513,43.4742],[2.2511,43.4726],[2.2506,43.4717],[2.2514,43.4708],[2.2523,43.4705],[2.2509,43.4703],[2.2498,43.47],[2.2476,43.4707],[2.2469,43.4706],[2.2465,43.4701],[2.2436,43.4705],[2.2429,43.4703],[2.2414,43.4683],[2.2407,43.4658],[2.2406,43.4634],[2.2403,43.462]]]},"properties":{"id_ffco":"8125","nom":"FONT BRUNO \"2\"","_dept":"81","numero":"2011-D81-184","commune":"FONT BRUNO","echelle":"1/10000","surface":"12.15 km²","format":"+","annee":"2011","cartographes":"A Pellegry","proprietaire":"8104 - AZIMUT ORIENTATION CASTRES","niveau":"Interrégional","specialite":"CO à pied","latitude":"43.4559525961","longitude":"2.25180811199","date_saisie":"11/02/2015","date_depot":"07/02/2015","valide":"Oui","ppo":"Non","type_carte":"Reprise","base":"2004-D81-030 FONT BRUNO","fond":"Ortho","obsolete":false}},{"type":"Feature","geometry":{"type":"Polygon","coordinates":[[[2.3387,43.9816],[2.3364,43.9758],[2.3366,43.9727],[2.3313,43.972],[2.3257,43.9714],[2.3222,43.9738],[2.3212,43.9747],[2.3201,43.9745],[2.3194,43.9748],[2.318,43.9744],[2.3191,43.9741],[2.3178,43.9737],[2.3157,43.9749],[2.3129,43.9764],[2.3088,43.9776],[2.3074,43.9773],[2.304,43.9774],[2.3038,43.978],[2.3031,43.9793],[2.303,43.9803],[2.3026,43.985],[2.3034,43.9859],[2.3036,43.9865],[2.304,43.9875],[2.3059,43.9866],[2.3067,43.9892],[2.316,43.9891],[2.3171,43.9885],[2.3217,43.9858],[2.3261,43.9843],[2.3303,43.9827],[2.3387,43.9816]]]},"properties":{"id_ffco":"8124","nom":"FORET DEPARTEMENTALE DE SERENAC \"3\"","_dept":"81","numero":"2011-D81-183","commune":"SERENAC","echelle":"1/10000","surface":"3.55 km²","format":"A4","annee":"2011","cartographes":"A Pellegry","proprietaire":"81 - Tarn","niveau":"Interrégional","specialite":"CO à pied","latitude":"43.9803380238","longitude":"2.31981224982","date_saisie":"11/02/2015","date_depot":"31/12/2014","valide":"Oui","ppo":"Non","type_carte":"Reprise","base":"1982-D81-002 SERENAC","fond":"Ortho","obsolete":false}},{"type":"Feature","geometry":{"type":"Polygon","coordinates":[[[1.9704,43.7601],[1.9695,43.7601],[1.9685,43.76],[1.9677,43.7587],[1.9665,43.7574],[1.9661,43.7559],[1.9659,43.7543],[1.9655,43.7532],[1.9653,43.7525],[1.9651,43.7513],[1.9718,43.7512],[1.9719,43.7545],[1.9719,43.7551],[1.972,43.7557],[1.9719,43.7562],[1.9716,43.7568],[1.9717,43.7575],[1.9707,43.7591],[1.9703,43.7594],[1.97,43.7599],[1.9704,43.7601]]]},"properties":{"id_ffco":"8123","nom":"LAC DE NABEILLOU \"2\"","_dept":"81","numero":"2011-D81-182","commune":"GRAULHET","echelle":"1/5000","surface":"0.41 km²","format":"A5","annee":"2011","cartographes":"N. DURAMAY,C. ESCUDIE","proprietaire":"8105 - BALISE ORIENTATION ALBIGEOISE","niveau":"Initiation, Scolaire","specialite":"CO à pied","latitude":"43.7550051213","longitude":"1.96888721022","date_saisie":"11/02/2015","date_depot":"31/12/2014","valide":"Oui","ppo":"Oui (30 postes)","type_carte":"Reprise","base":"2007-D81-043 Lac de Nabeillou","fond":"Ortho","obsolete":false}},{"type":"Feature","geometry":{"type":"Polygon","coordinates":[[[1.996,43.7647],[1.9964,43.7633],[1.996,43.7626],[1.9917,43.7628],[1.9915,43.7631],[1.9935,43.7644],[1.9945,43.765],[1.996,43.7647]]]},"properties":{"id_ffco":"8122","nom":"COMPLEXE SPORTIF NOËL PELISSOU  \"2\"","_dept":"81","numero":"2011-D81-181","commune":"GRAULHET","echelle":"1/2000","surface":"0.07 km²","format":"A5","annee":"2011","cartographes":"N. DURAMAY","proprietaire":"8105 - BALISE ORIENTATION ALBIGEOISE","niveau":"Initiation, Scolaire","specialite":"CO à pied","latitude":"43.7636575527","longitude":"1.99435756939","date_saisie":"11/02/2015","date_depot":"31/12/2014","valide":"Oui","ppo":"Non","type_carte":"Reprise","base":"2008-D81-051 Complexe sportif Noël Pélissou","fond":"Cadastre","obsolete":false}},{"type":"Feature","geometry":{"type":"Polygon","coordinates":[[[1.7425,43.9519],[1.7429,43.9512],[1.7428,43.9499],[1.743,43.9484],[1.7431,43.9476],[1.7444,43.9461],[1.7455,43.9451],[1.7472,43.9444],[1.7482,43.9433],[1.7489,43.9416],[1.7489,43.9401],[1.7485,43.9394],[1.7458,43.9395],[1.7454,43.9383],[1.7451,43.9363],[1.7446,43.9349],[1.743,43.9314],[1.746,43.9287],[1.769,43.9285],[1.7688,43.9341],[1.7661,43.9346],[1.7628,43.936],[1.763,43.9383],[1.7624,43.9401],[1.7625,43.9418],[1.7617,43.9422],[1.7582,43.9438],[1.7576,43.9451],[1.7576,43.947],[1.7577,43.9481],[1.7564,43.949],[1.7551,43.9498],[1.7533,43.9507],[1.7519,43.9525],[1.7509,43.9533],[1.7425,43.9519]]]},"properties":{"id_ffco":"8121","nom":"RUISSEAU DE SIVENS","_dept":"81","numero":"2011-D81-180","commune":"LISLE SUR TARN","echelle":"1/10000","surface":"3.56 km²","format":"A4","annee":"2011","cartographes":"A Pellegry","proprietaire":"8105 - BALISE ORIENTATION ALBIGEOISE","niveau":"Interrégional","specialite":"CO à pied","latitude":"43.9385953769","longitude":"1.75408914327","date_saisie":"11/02/2015","date_depot":"31/12/2014","valide":"Oui","ppo":"Non","type_carte":"Reprise","base":"2011-D81-180 RUISSEAU DE SIVENS","fond":"Ortho","obsolete":false}},{"type":"Feature","geometry":{"type":"Polygon","coordinates":[[[2.0672,43.4493],[2.0676,43.4504],[2.0688,43.4504],[2.0703,43.4503],[2.0723,43.4503],[2.0732,43.4507],[2.0729,43.4519],[2.0727,43.4528],[2.0718,43.4534],[2.0709,43.4536],[2.0698,43.4537],[2.0671,43.4543],[2.0647,43.4524],[2.0642,43.4513],[2.0635,43.4512],[2.0629,43.4509],[2.0632,43.4505],[2.0639,43.4503],[2.0644,43.4502],[2.0647,43.4496],[2.0672,43.4493]]]},"properties":{"id_ffco":"8119","nom":"SOREZE \"2\"","_dept":"81","numero":"2011-D81-179","commune":"SOREZE","echelle":"1/4000","surface":"0.28 km²","format":"A4","annee":"2011","cartographes":"R Antunes,J BATIST","proprietaire":"8104 - AZIMUT ORIENTATION CASTRES","niveau":"Interrégional","specialite":"CO à pied","latitude":"43.4517552428","longitude":"2.06830428225","date_saisie":"11/02/2015","date_depot":"31/12/2014","valide":"Oui","ppo":"Non","type_carte":"Reprise","base":"2009-D81-096 SOREZE","fond":"Cadastre","obsolete":false}},{"type":"Feature","geometry":{"type":"Polygon","coordinates":[[[2.073,43.4132],[2.0728,43.4144],[2.0723,43.4157],[2.0736,43.417],[2.0759,43.4178],[2.0811,43.4174],[2.0836,43.4176],[2.0829,43.4197],[2.0828,43.421],[2.0828,43.4216],[2.0816,43.4222],[2.0748,43.4246],[2.0754,43.4267],[2.0756,43.4279],[2.0747,43.4279],[2.0734,43.4278],[2.0716,43.4276],[2.0696,43.4281],[2.0687,43.4289],[2.0686,43.4295],[2.0685,43.4303],[2.0688,43.431],[2.068,43.4315],[2.0677,43.432],[2.0676,43.4326],[2.0673,43.4335],[2.067,43.4343],[2.0666,43.4347],[2.066,43.4347],[2.0655,43.4345],[2.0649,43.4344],[2.0637,43.4348],[2.0625,43.434],[2.0613,43.4339],[2.0598,43.4341],[2.0577,43.4345],[2.0571,43.4338],[2.0571,43.4331],[2.0569,43.4326],[2.0562,43.4321],[2.055,43.4315],[2.0543,43.4307],[2.0548,43.4304],[2.056,43.4294],[2.0574,43.4282],[2.0588,43.4275],[2.0594,43.4268],[2.059,43.4262],[2.0576,43.4263],[2.0567,43.4262],[2.0571,43.4241],[2.0595,43.4218],[2.0598,43.42],[2.0615,43.4186],[2.0614,43.418],[2.0614,43.4168],[2.0621,43.4157],[2.0641,43.4146],[2.0662,43.4139],[2.069,43.4131],[2.0718,43.4129],[2.073,43.4132]]]},"properties":{"id_ffco":"8118","nom":"CAMMAZES 2","_dept":"81","numero":"2011-D81-178","commune":"LES CAMMAZES","echelle":"1/12500","surface":"2.97 km²","format":"A4","annee":"2011","cartographes":"R Antunes,J Batista","proprietaire":"8104 - AZIMUT ORIENTATION CASTRES","niveau":"Interrégional","specialite":"CO à pied","latitude":"43.4235430515","longitude":"2.06756317965","date_saisie":"11/02/2015","date_depot":"31/12/2014","valide":"Oui","ppo":"Non","type_carte":"Reprise","base":"2002-D81-028 Forêt de l'Aiguille","fond":"Ortho","obsolete":false}},{"type":"Feature","geometry":{"type":"Polygon","coordinates":[[[2.2598,43.6095],[2.2622,43.6103],[2.2653,43.6099],[2.265,43.6083],[2.2629,43.6081],[2.2628,43.6083],[2.2614,43.6086],[2.2606,43.6088],[2.26,43.6092],[2.2598,43.6095]]]},"properties":{"id_ffco":"8117","nom":"PARC DES EXPOSITIONS CASTRES","_dept":"81","numero":"2011-D81-177","commune":"CASTRES","echelle":"1/2500","surface":"0.07 km²","format":"A4","annee":"2011","cartographes":"L. AUDOUIN","proprietaire":"8104 - AZIMUT ORIENTATION CASTRES","niveau":"Initiation, Scolaire","specialite":"CO à pied","latitude":"43.6092523395","longitude":"2.26287137673","date_saisie":"11/02/2015","date_depot":"31/12/2014","valide":"Oui","ppo":"Non","type_carte":"Nouvelle carte","fond":"Ortho","obsolete":false}},{"type":"Feature","geometry":{"type":"Polygon","coordinates":[[[2.3362,43.6627],[2.3366,43.662],[2.3369,43.6615],[2.3369,43.661],[2.3363,43.6604],[2.3359,43.66],[2.3354,43.6593],[2.3349,43.6585],[2.3341,43.6576],[2.3313,43.66],[2.3312,43.6606],[2.3317,43.6612],[2.332,43.6615],[2.3331,43.6618],[2.3334,43.662],[2.3338,43.663],[2.3353,43.6631],[2.3359,43.6632],[2.3362,43.6627]]]},"properties":{"id_ffco":"8116","nom":"LA BESSIERE \"STADE DE LACROUZETTE","_dept":"81","numero":"2011-D81-176","commune":"LACROUZETTE","echelle":"1/2500","surface":"0.16 km²","format":"A4","annee":"2011","cartographes":"C. ESCUDIE","proprietaire":"81 - Tarn","niveau":"Initiation, Scolaire","specialite":"CO à pied","latitude":"43.6606474949","longitude":"2.33418687966","date_saisie":"11/02/2015","date_depot":"31/12/2014","valide":"Oui","ppo":"Oui (20 postes)","type_carte":"Nouvelle carte","fond":"Ortho","obsolete":false}},{"type":"Feature","geometry":{"type":"Polygon","coordinates":[[[2.3652,43.6582],[2.3653,43.6585],[2.3653,43.659],[2.3651,43.6596],[2.3649,43.6601],[2.3647,43.6605],[2.3646,43.6609],[2.3647,43.6614],[2.3647,43.6618],[2.3648,43.6621],[2.3651,43.6623],[2.3654,43.6624],[2.3667,43.6625],[2.3671,43.6625],[2.3678,43.6624],[2.3685,43.6623],[2.3693,43.6627],[2.37,43.663],[2.3709,43.6631],[2.3718,43.6631],[2.3723,43.6628],[2.3731,43.6625],[2.3716,43.6612],[2.3699,43.6597],[2.3706,43.6594],[2.3693,43.6586],[2.3682,43.6588],[2.3672,43.6582],[2.3652,43.6582]]]},"properties":{"id_ffco":"8115","nom":"LA CROIX BEYRIES","_dept":"81","numero":"2011-D81-175","commune":"LACROUZETTE","echelle":"1/3000","surface":"0.23 km²","format":"A4","annee":"2011","cartographes":"C. ESCUDIE","proprietaire":"81 - Tarn","niveau":"Départemental","specialite":"CO à pied","latitude":"43.6608026895","longitude":"2.36819924256","date_saisie":"11/02/2015","date_depot":"31/12/2014","valide":"Oui","ppo":"Non","type_carte":"Nouvelle carte","fond":"Ortho","obsolete":false}},{"type":"Feature","geometry":{"type":"Polygon","coordinates":[[[1.7664,43.9145],[1.7657,43.9145],[1.7649,43.9147],[1.7642,43.9158],[1.7635,43.9166],[1.7627,43.9172],[1.7622,43.9189],[1.7582,43.9199],[1.7579,43.9208],[1.7539,43.9217],[1.7532,43.9216],[1.7515,43.9226],[1.7506,43.9233],[1.7491,43.9238],[1.7487,43.9252],[1.7473,43.9266],[1.7457,43.9281],[1.7441,43.9298],[1.7443,43.9304],[1.7438,43.9307],[1.7433,43.9304],[1.7427,43.9304],[1.7432,43.9319],[1.7435,43.9331],[1.7439,43.9343],[1.7453,43.9364],[1.7455,43.9375],[1.7457,43.9387],[1.7458,43.9397],[1.749,43.9395],[1.7498,43.9394],[1.7511,43.9388],[1.7538,43.9382],[1.7569,43.9382],[1.7594,43.9383],[1.7609,43.9373],[1.763,43.9362],[1.7647,43.9351],[1.7672,43.9342],[1.769,43.9339],[1.7712,43.9352],[1.7731,43.9361],[1.7751,43.9374],[1.7783,43.9368],[1.7795,43.9375],[1.7802,43.9372],[1.7805,43.9363],[1.7834,43.9355],[1.7853,43.9353],[1.7862,43.9352],[1.7885,43.9347],[1.7908,43.933],[1.7904,43.9321],[1.7909,43.931],[1.791,43.9297],[1.7908,43.9283],[1.7937,43.9254],[1.7945,43.9245],[1.7915,43.9241],[1.7879,43.9242],[1.7853,43.9232],[1.7837,43.9227],[1.7823,43.9223],[1.781,43.9213],[1.7793,43.9206],[1.7749,43.9191],[1.7733,43.9186],[1.7703,43.9177],[1.7686,43.9163],[1.7672,43.9155],[1.7664,43.9145]]]},"properties":{"id_ffco":"8114","nom":"FORET DEPARTEMENTALE DE SIVENS \"3\"","_dept":"81","numero":"2011-D81-174","commune":"LISLE SUR TARN","echelle":"1/15000","surface":"6.62 km²","format":"A4","annee":"2011","cartographes":"C. ESCUDIE,A Pellegry","proprietaire":"8105 - BALISE ORIENTATION ALBIGEOISE","niveau":"Interrégional","specialite":"CO à pied","latitude":"43.9284943942","longitude":"1.76711655203","date_saisie":"11/02/2015","date_depot":"31/12/2014","valide":"Oui","ppo":"Non","type_carte":"Reprise","base":"2001-D81-027 FORET DEPARTEMENTALE DE SIVENS - LA JASSE","fond":"Ortho","obsolete":false}},{"type":"Feature","geometry":{"type":"Polygon","coordinates":[[[1.7518,43.9384],[1.7542,43.9381],[1.7567,43.938],[1.7592,43.9384],[1.7609,43.9376],[1.7625,43.9366],[1.7646,43.9352],[1.7668,43.9343],[1.7681,43.9338],[1.7693,43.9343],[1.772,43.9357],[1.7728,43.9359],[1.7739,43.9362],[1.7754,43.9371],[1.7767,43.9369],[1.7785,43.9366],[1.7794,43.9374],[1.78,43.9371],[1.7799,43.9366],[1.7839,43.9353],[1.7847,43.9228],[1.7579,43.9223],[1.7573,43.9242],[1.755,43.925],[1.7515,43.9264],[1.7518,43.9384]]]},"properties":{"id_ffco":"8113","nom":"FORET DEPARTEMENTALE DE SIVENS \"2\"  EXTRAIT","_dept":"81","numero":"2011-D81-173","commune":"LISLE SUR TARN","echelle":"1/10000","surface":"3.91 km²","format":"A4","annee":"2011","cartographes":"C. ESCUDIE,A Pellegry","proprietaire":"8105 - BALISE ORIENTATION ALBIGEOISE","niveau":"Interrégional","specialite":"CO à pied","latitude":"43.9297552798","longitude":"1.7679734914","date_saisie":"10/02/2015","date_depot":"31/12/2014","valide":"Oui","ppo":"Non","type_carte":"Extrait","base":"2001-D81-027 FORET DEPARTEMENTALE DE SIVENS - LA JASSE","fond":"Ortho","obsolete":false}},{"type":"Feature","geometry":{"type":"Polygon","coordinates":[[[1.769,43.9339],[1.767,43.9329],[1.7662,43.9321],[1.7657,43.9319],[1.7642,43.9314],[1.7636,43.931],[1.7628,43.9318],[1.763,43.923],[1.7682,43.923],[1.7693,43.923],[1.7694,43.9232],[1.7703,43.9239],[1.771,43.9258],[1.7711,43.928],[1.7708,43.9309],[1.7705,43.9329],[1.769,43.9339]]]},"properties":{"id_ffco":"8112","nom":"LA JASSE \"2\"","_dept":"81","numero":"2011-D81-172","commune":"LISLE SUR TARN","echelle":"1/5000","surface":"0.67 km²","format":"A4","annee":"2011","cartographes":"C. ESCUDIE,A Pellegry","proprietaire":"8105 - BALISE ORIENTATION ALBIGEOISE","niveau":"Départemental","specialite":"CO à pied","latitude":"43.9278776812","longitude":"1.7670377418","date_saisie":"10/02/2015","date_depot":"31/12/2014","valide":"Oui","ppo":"Non","type_carte":"Nouvelle carte","fond":"Ortho","obsolete":false}},{"type":"Feature","geometry":{"type":"Polygon","coordinates":[[[1.9109,43.8861],[1.9125,43.8862],[1.9134,43.8856],[1.9133,43.8849],[1.9148,43.8847],[1.9152,43.8824],[1.9125,43.8814],[1.9114,43.8808],[1.911,43.8813],[1.9106,43.8824],[1.91,43.8832],[1.9094,43.8842],[1.909,43.8846],[1.9096,43.885],[1.9108,43.886],[1.9109,43.8861]]]},"properties":{"id_ffco":"8111","nom":"INEOPLOE \"2\" CFP BRENS","_dept":"81","numero":"2011-D81-171","commune":"BRENS","echelle":"1/1500","surface":"0.18 km²","format":"A4","annee":"2011","cartographes":"C. ESCUDIE","proprietaire":"8105 - BALISE ORIENTATION ALBIGEOISE","niveau":"Initiation, Scolaire","specialite":"CO à pied","latitude":"43.8836834884","longitude":"1.91219929458","date_saisie":"10/02/2015","date_depot":"31/12/2014","valide":"Oui","ppo":"Non","type_carte":"Reprise","base":"2010-D81-128 INEOPOLE CEP DE BRENS","fond":"Ortho","obsolete":false}},{"type":"Feature","geometry":{"type":"Polygon","coordinates":[[[1.9089,43.8849],[1.9096,43.8839],[1.9106,43.8823],[1.9109,43.8809],[1.9111,43.8805],[1.9133,43.8814],[1.9162,43.8825],[1.9175,43.8827],[1.9177,43.8829],[1.9176,43.8835],[1.9181,43.8843],[1.916,43.8855],[1.9155,43.8858],[1.9161,43.886],[1.9147,43.8868],[1.9131,43.887],[1.9118,43.8869],[1.9107,43.8861],[1.9104,43.8855],[1.9097,43.8851],[1.9089,43.8849]]]},"properties":{"id_ffco":"8110","nom":"CAZALENS  \"2\"  INEOPOLE C.F.P. BRENS","_dept":"81","numero":"2011-D81-170","commune":"BRENS","echelle":"1/3000","surface":"0.31 km²","format":"A4","annee":"2011","cartographes":"C. ESCUDIE","proprietaire":"8105 - BALISE ORIENTATION ALBIGEOISE","niveau":"Initiation, Scolaire","specialite":"CO à pied","latitude":"43.8840382656","longitude":"1.91333671776","date_saisie":"10/02/2015","date_depot":"31/12/2014","valide":"Oui","ppo":"Non","type_carte":"Reprise","base":"2010-D81-129 CAZALENS  INEOPOLE CFP  BRENS","fond":"Ortho","obsolete":false}},{"type":"Feature","geometry":{"type":"Polygon","coordinates":[[[1.8989,43.8968],[1.8991,43.8964],[1.8998,43.8958],[1.9007,43.8954],[1.9001,43.8945],[1.8989,43.8934],[1.8985,43.8933],[1.8984,43.8927],[1.8981,43.8926],[1.8976,43.8932],[1.8971,43.8939],[1.8968,43.8948],[1.8966,43.8953],[1.8966,43.8954],[1.8974,43.8956],[1.8974,43.8958],[1.8979,43.8959],[1.8984,43.8963],[1.8986,43.8965],[1.8989,43.8968]]]},"properties":{"id_ffco":"8109","nom":"PARC DE FOUCAUD \"2\"","_dept":"81","numero":"2011-D81-169","commune":"GAILLAC","echelle":"1/1500","surface":"0.08 km²","format":"A4","annee":"2011","niveau":"Initiation, Scolaire","specialite":"CO à pied","latitude":"43.8947687705","longitude":"1.89849730301","date_saisie":"10/02/2015","date_depot":"31/12/2014","valide":"Oui","ppo":"Oui (43 postes)","type_carte":"Reprise","base":"2009-D81-084 PARC DE FOUCAUD GAILLAC","fond":"Ortho","obsolete":false}},{"type":"Feature","geometry":{"type":"Polygon","coordinates":[[[1.6707,43.7873],[1.657,43.7823],[1.6409,43.78],[1.6276,43.7875],[1.6237,43.7976],[1.6275,43.8066],[1.6271,43.8125],[1.6299,43.8155],[1.6358,43.816],[1.6399,43.8197],[1.6453,43.8223],[1.6544,43.82],[1.6614,43.821],[1.6715,43.8195],[1.6711,43.814],[1.6678,43.8063],[1.6697,43.7985],[1.671,43.7935],[1.6707,43.7873]]]},"properties":{"id_ffco":"7920","nom":"NOTRE DAME DE GRACE","_dept":"81","numero":"2011-D81-168","commune":"MEZENS","echelle":"1/15000","surface":"14.15 km²","format":"A3","annee":"2011","cartographes":"escudie christain","proprietaire":"8105 - BALISE ORIENTATION ALBIGEOISE","niveau":"Interrégional","specialite":"CO à pied","contacts":"BOA, 05 63 40 69 98, cd.co.81@voila.fr","latitude":"43.8011501299","longitude":"1.64865422847","date_saisie":"12/01/2015","date_depot":"31/12/2014","valide":"Oui","ppo":"Non","type_carte":"Nouvelle carte","fond":"Ortho","obsolete":false}},{"type":"Feature","geometry":{"type":"Polygon","coordinates":[[[2.1399,43.9886],[2.1414,43.9888],[2.1425,43.9894],[2.1445,43.9907],[2.1456,43.9913],[2.1458,43.9929],[2.146,43.9936],[2.1468,43.9945],[2.1471,43.9957],[2.1477,43.9963],[2.1483,43.9965],[2.1481,43.9972],[2.1474,43.9985],[2.148,44.0016],[2.1486,44.0026],[2.15,44.004],[2.1501,44.0045],[2.1497,44.0061],[2.1463,44.0073],[2.1451,44.0087],[2.1431,44.01],[2.1425,44.0107],[2.1425,44.0113],[2.1429,44.0122],[2.1436,44.0134],[2.1428,44.0141],[2.1429,44.015],[2.1417,44.0154],[2.1401,44.0156],[2.1389,44.0164],[2.1376,44.0166],[2.1373,44.0157],[2.1374,44.0146],[2.1377,44.0132],[2.1382,44.0125],[2.1377,44.0127],[2.1374,44.012],[2.1365,44.0106],[2.1363,44.0079],[2.1368,44.0034],[2.1309,44.0025],[2.1272,44.0017],[2.1232,44.0006],[2.1214,44.0002],[2.1207,43.9987],[2.1221,43.9974],[2.1244,43.9964],[2.1282,43.9951],[2.1314,43.9937],[2.1325,43.9927],[2.1325,43.9917],[2.132,43.9909],[2.1301,43.9904],[2.1286,43.9907],[2.1276,43.9911],[2.1272,43.9918],[2.1261,43.9916],[2.1248,43.9908],[2.1238,43.9903],[2.1226,43.99],[2.1223,43.9894],[2.1226,43.9886],[2.1226,43.9876],[2.1219,43.9868],[2.1234,43.9865],[2.1226,43.9852],[2.1247,43.9833],[2.1273,43.9833],[2.1393,43.9833],[2.1404,43.9836],[2.1404,43.9851],[2.1395,43.9869],[2.1389,43.9885],[2.1399,43.9886]]]},"properties":{"id_ffco":"8108","nom":"LES RAYSSES  CAP DECOUVERTE","_dept":"81","numero":"2010-D81-167","commune":"CAGNAC LES MINES","echelle":"1/10000","surface":"4.38 km²","format":"A3","annee":"2010","cartographes":"O.Thomas","proprietaire":"8105 - BALISE ORIENTATION ALBIGEOISE","niveau":"Interrégional","specialite":"CO à pied","latitude":"43.9970687499","longitude":"2.13642833847","date_saisie":"10/02/2015","date_depot":"31/12/2014","valide":"Oui","ppo":"Non","type_carte":"Nouvelle carte","fond":"Ortho","obsolete":false}},{"type":"Feature","geometry":{"type":"Polygon","coordinates":[[[1.9266,43.966],[1.9249,43.9659],[1.9244,43.9664],[1.9227,43.9687],[1.9199,43.9674],[1.9183,43.9664],[1.9185,43.9659],[1.9187,43.9653],[1.9193,43.9639],[1.9182,43.9627],[1.9227,43.9596],[1.9233,43.9597],[1.9244,43.9592],[1.9267,43.9594],[1.9276,43.9609],[1.9264,43.9608],[1.9266,43.9618],[1.9272,43.9624],[1.9284,43.9627],[1.9291,43.963],[1.9294,43.964],[1.9294,43.9647],[1.9294,43.9653],[1.9296,43.9661],[1.9295,43.9678],[1.9283,43.9678],[1.9276,43.9676],[1.9265,43.9671],[1.9266,43.966]]]},"properties":{"id_ffco":"8107","nom":"CHATEAU SALETTE","_dept":"81","numero":"2010-D81-166","commune":"SENOUILLAC","echelle":"1/5000","surface":"0.63 km²","format":"A4","annee":"2010","cartographes":"O.Thomas","proprietaire":"8105 - BALISE ORIENTATION ALBIGEOISE","niveau":"Initiation, Scolaire","specialite":"CO à pied","latitude":"43.9639728681","longitude":"1.92388789297","date_saisie":"10/02/2015","date_depot":"31/12/2014","valide":"Oui","ppo":"Non","type_carte":"Nouvelle carte","fond":"Ortho","obsolete":false}},{"type":"Feature","geometry":{"type":"Polygon","coordinates":[[[2.148,44.0175],[2.148,44.0145],[2.1475,44.014],[2.1462,44.0131],[2.1451,44.013],[2.1439,44.0132],[2.1435,44.0135],[2.1431,44.014],[2.1429,44.014],[2.1432,44.0137],[2.1433,44.0132],[2.143,44.0126],[2.1379,44.0134],[2.1377,44.0142],[2.1373,44.015],[2.1375,44.0157],[2.1376,44.0163],[2.1377,44.0169],[2.1373,44.0176],[2.148,44.0175]]]},"properties":{"id_ffco":"8106","nom":"STADE - CAP DECOUVERTE","_dept":"81","numero":"2010-D81-165","commune":"CAGNAC LES MINES","echelle":"1/3000","surface":"0.4 km²","format":"A4","annee":"2010","cartographes":"O.Thomas","proprietaire":"8105 - BALISE ORIENTATION ALBIGEOISE","niveau":"Départemental","specialite":"CO à pied","latitude":"44.0153430327","longitude":"2.14267591267","date_saisie":"10/02/2015","date_depot":"31/12/2014","valide":"Oui","ppo":"Non","type_carte":"Extrait","base":"2010-D81-156 STE MARGUERITE CAP DECOUVERTE","fond":"Cadastre","obsolete":false}},{"type":"Feature","geometry":{"type":"Polygon","coordinates":[[[2.1419,44.0157],[2.1416,44.0147],[2.1412,44.0134],[2.141,44.0117],[2.1409,44.0109],[2.138,44.0119],[2.1372,44.012],[2.1363,44.0123],[2.1356,44.0126],[2.135,44.0128],[2.1341,44.0135],[2.1328,44.0144],[2.1314,44.0152],[2.1304,44.0167],[2.1297,44.0182],[2.1292,44.0191],[2.1287,44.0197],[2.1288,44.0208],[2.13,44.0214],[2.1311,44.0219],[2.1325,44.0223],[2.1334,44.0231],[2.1371,44.0226],[2.1364,44.0215],[2.1359,44.0206],[2.1369,44.0184],[2.138,44.0176],[2.1387,44.0171],[2.1399,44.0167],[2.1401,44.0163],[2.1404,44.016],[2.1409,44.0158],[2.1419,44.0157]]]},"properties":{"id_ffco":"8105","nom":"CAP DECOUVERTE PARC DES TITAN","_dept":"81","numero":"2010-D81-164","commune":"cagnac les mines","echelle":"1/5000","surface":"0.74 km²","format":"A4","annee":"2010","cartographes":"O.Thomas","proprietaire":"8105 - BALISE ORIENTATION ALBIGEOISE","niveau":"Régional","specialite":"CO à pied","latitude":"44.0170763333","longitude":"2.13514485278","date_saisie":"10/02/2015","date_depot":"31/12/2014","valide":"Oui","ppo":"Non","type_carte":"Extrait","base":"2010-D81-156 STE MARGUERITE CAP DECOUVERTE","fond":"Ortho","obsolete":false}},{"type":"Feature","geometry":{"type":"Polygon","coordinates":[[[2.1376,44.0167],[2.1375,44.016],[2.1374,44.0153],[2.1375,44.0147],[2.1379,44.0136],[2.138,44.0125],[2.1374,44.0127],[2.1369,44.0116],[2.1365,44.0104],[2.1364,44.0084],[2.1367,44.0055],[2.1374,43.9958],[2.1367,43.9948],[2.1364,43.9944],[2.1346,43.9936],[2.1337,43.9931],[2.1329,43.9925],[2.132,43.9914],[2.131,43.991],[2.1295,43.9914],[2.1294,43.989],[2.1302,43.9886],[2.1295,43.988],[2.1301,43.987],[2.1311,43.9855],[2.1318,43.9844],[2.1344,43.9837],[2.1353,43.9837],[2.1386,43.9834],[2.1404,43.9847],[2.1405,43.9856],[2.1396,43.9873],[2.1392,43.9884],[2.1404,43.9891],[2.1412,43.9889],[2.1428,43.9894],[2.144,43.9906],[2.1456,43.9912],[2.1459,43.9923],[2.1465,43.9939],[2.1471,43.9947],[2.1469,43.9957],[2.1477,43.9962],[2.1483,43.9967],[2.1477,43.9978],[2.1478,44.0015],[2.1485,44.0022],[2.1498,44.0039],[2.1499,44.0059],[2.1484,44.0063],[2.1469,44.0068],[2.1467,44.0075],[2.1454,44.0085],[2.1439,44.0097],[2.1426,44.0106],[2.1428,44.012],[2.1435,44.0137],[2.1441,44.0151],[2.1376,44.0167]]]},"properties":{"id_ffco":"8104","nom":"LA GACHE  CAP DECOUVERTE","_dept":"81","numero":"2010-D81-163","commune":"CAGNAC LES MINES","echelle":"1/10000","surface":"2.89 km²","format":"A3","annee":"2010","cartographes":"O.Thomas","proprietaire":"8105 - BALISE ORIENTATION ALBIGEOISE","niveau":"Interrégional","specialite":"CO à pied","latitude":"43.9986753042","longitude":"2.14020341852","date_saisie":"10/02/2015","date_depot":"31/12/2014","valide":"Oui","ppo":"Non","type_carte":"Extrait","base":"2010-D81-156 STE MARGUERITE CAP DECOUVERTE","fond":"Ortho","obsolete":false}},{"type":"Feature","geometry":{"type":"Polygon","coordinates":[[[2.2566,43.6238],[2.2556,43.625],[2.2556,43.6264],[2.2569,43.6285],[2.259,43.63],[2.2617,43.6314],[2.2638,43.6319],[2.2668,43.6324],[2.2696,43.6322],[2.2709,43.6318],[2.2706,43.6232],[2.27,43.6234],[2.2689,43.6231],[2.2673,43.6229],[2.2661,43.623],[2.2653,43.6232],[2.2646,43.6232],[2.2646,43.6218],[2.265,43.6218],[2.2664,43.6213],[2.2658,43.6169],[2.2645,43.616],[2.2628,43.6128],[2.261,43.6122],[2.2597,43.6122],[2.2581,43.6118],[2.2571,43.6124],[2.2565,43.613],[2.2558,43.6138],[2.2551,43.6144],[2.2535,43.6153],[2.2506,43.6164],[2.2501,43.6168],[2.2505,43.6175],[2.2483,43.6182],[2.2471,43.6183],[2.246,43.6187],[2.2482,43.6209],[2.2509,43.6231],[2.2524,43.6241],[2.2531,43.6247],[2.2555,43.6244],[2.2566,43.6238]]]},"properties":{"id_ffco":"8103","nom":"CASTRES GOURJADE BORDE BASSE","_dept":"81","numero":"2010-D81-162","commune":"CASTRES","echelle":"1/10000","surface":"2.48 km²","format":"A4","annee":"2010","cartographes":"C. ESCUDIE","proprietaire":"8104 - AZIMUT ORIENTATION CASTRES","niveau":"Régional","specialite":"CO à pied","latitude":"43.6223748563","longitude":"2.2602630525","date_saisie":"10/02/2015","date_depot":"31/12/2014","valide":"Oui","ppo":"Oui (50 postes)","type_carte":"Reprise","base":"1999-D81-020 CASTRES GOURJADE. BORDE BASSE","fond":"Ortho","obsolete":false}},{"type":"Feature","geometry":{"type":"Polygon","coordinates":[[[2.2531,43.6248],[2.257,43.6238],[2.2619,43.6224],[2.2656,43.6214],[2.2653,43.6154],[2.2626,43.6126],[2.2605,43.6122],[2.2592,43.6119],[2.2579,43.612],[2.2564,43.6127],[2.2558,43.6129],[2.2552,43.6141],[2.2541,43.6146],[2.2522,43.6156],[2.2503,43.6163],[2.2505,43.6172],[2.2479,43.6179],[2.2467,43.6182],[2.2461,43.6189],[2.2531,43.6248]]]},"properties":{"id_ffco":"8102","nom":"CASTRES GOURJADE","_dept":"81","numero":"2010-D81-161","commune":"CASTRES","echelle":"1/5000","surface":"1.41 km²","format":"A3","annee":"2010","cartographes":"C. ESCUDIE","proprietaire":"8104 - AZIMUT ORIENTATION CASTRES","niveau":"Départemental","specialite":"CO à pied","latitude":"43.6184639236","longitude":"2.25716788909","date_saisie":"10/02/2015","date_depot":"31/12/2014","valide":"Oui","ppo":"Non","type_carte":"Reprise","base":"2005-D81-032 CASTRES GOURJADE","fond":"Ortho","obsolete":false}},{"type":"Feature","geometry":{"type":"Polygon","coordinates":[[[2.2708,43.632],[2.2708,43.6234],[2.27,43.6234],[2.2691,43.6233],[2.2681,43.6231],[2.2672,43.623],[2.2664,43.6229],[2.2656,43.6231],[2.2649,43.6233],[2.2644,43.6232],[2.2648,43.6211],[2.2613,43.6218],[2.2563,43.6235],[2.2555,43.6256],[2.2555,43.6263],[2.257,43.6284],[2.2606,43.6311],[2.263,43.6318],[2.2649,43.6322],[2.2674,43.6324],[2.2708,43.632]]]},"properties":{"id_ffco":"8101","nom":"CASTRES BORDE BASSE","_dept":"81","numero":"2010-D81-160","commune":"CASTRES","echelle":"1/5000","surface":"1.14 km²","format":"A3","annee":"2010","cartographes":"C. ESCUDIE","proprietaire":"8104 - AZIMUT ORIENTATION CASTRES","niveau":"Départemental","specialite":"CO à pied","latitude":"43.6269864683","longitude":"2.26386999346","date_saisie":"10/02/2015","date_depot":"31/12/2014","valide":"Oui","ppo":"Non","type_carte":"Reprise","base":"2005-D81-033 CASTRES BORDE BASSE","fond":"Ortho","obsolete":false}},{"type":"Feature","geometry":{"type":"Polygon","coordinates":[[[2.1292,44.0282],[2.1317,44.0274],[2.1344,44.0295],[2.1367,44.0297],[2.1375,44.0299],[2.1388,44.0297],[2.1406,44.0298],[2.1424,44.0299],[2.1447,44.0303],[2.1464,44.03],[2.1479,44.0301],[2.1499,44.03],[2.1519,44.0297],[2.1528,44.0287],[2.1541,44.0275],[2.1546,44.027],[2.1546,44.0254],[2.1525,44.0218],[2.1525,44.0176],[2.1529,44.0161],[2.1528,44.0155],[2.1508,44.0155],[2.1499,44.0159],[2.1478,44.0141],[2.1456,44.0129],[2.1442,44.013],[2.1436,44.0133],[2.1432,44.0138],[2.1431,44.0127],[2.1428,44.0117],[2.1408,44.0116],[2.1386,44.0117],[2.1376,44.0118],[2.1359,44.0124],[2.1339,44.0133],[2.1312,44.0152],[2.1284,44.0206],[2.1274,44.0237],[2.1269,44.025],[2.1292,44.0282]]]},"properties":{"id_ffco":"8100","nom":"CAP DECOUVERTE","_dept":"81","numero":"2010-D81-159","commune":"CAGNAC LES MINES","echelle":"1/10000","surface":"3.48 km²","format":"A4","annee":"2010","cartographes":"O  THOMAT","proprietaire":"8105 - BALISE ORIENTATION ALBIGEOISE","niveau":"Régional","specialite":"CO à pied","latitude":"44.0216632447","longitude":"2.14104332286","date_saisie":"10/02/2015","date_depot":"31/12/2014","valide":"Oui","ppo":"Non","type_carte":"Extrait","base":"2010-D81-156 STE MARGUERITE CAP DECOUVERTE","fond":"Ortho","obsolete":false}},{"type":"Feature","geometry":{"type":"Polygon","coordinates":[[[2.1298,44.0287],[2.1323,44.0284],[2.135,44.0298],[2.1363,44.0297],[2.1372,44.0296],[2.1384,44.0296],[2.1402,44.0296],[2.1426,44.0299],[2.1447,44.03],[2.1462,44.0299],[2.148,44.0299],[2.1502,44.03],[2.1517,44.0296],[2.1542,44.0274],[2.154,44.0263],[2.1538,44.0245],[2.153,44.0229],[2.152,44.0215],[2.1518,44.0188],[2.1529,44.0162],[2.1511,44.0156],[2.1499,44.016],[2.1466,44.0132],[2.1458,44.013],[2.1441,44.013],[2.1432,44.0139],[2.143,44.0125],[2.1425,44.0107],[2.143,44.0099],[2.1439,44.0094],[2.1455,44.0082],[2.1465,44.0073],[2.1471,44.0067],[2.1477,44.0065],[2.1486,44.0065],[2.1499,44.0059],[2.1501,44.005],[2.1501,44.0038],[2.1493,44.0028],[2.1483,44.0021],[2.1474,44.0007],[2.1473,43.9994],[2.1477,43.9976],[2.1484,43.9968],[2.1479,43.9963],[2.1467,43.9949],[2.1428,43.9935],[2.1388,43.9921],[2.1373,43.9918],[2.1362,43.9929],[2.1356,43.9939],[2.1368,43.9948],[2.1365,44.0078],[2.1364,44.0098],[2.1373,44.012],[2.1365,44.012],[2.1345,44.0131],[2.1331,44.0144],[2.1312,44.0152],[2.1302,44.0167],[2.129,44.0193],[2.1281,44.0218],[2.1271,44.0239],[2.1271,44.0252],[2.1283,44.027],[2.1298,44.0287]]]},"properties":{"id_ffco":"8099","nom":"LA JAMIE  CAP DECOUVERTE","_dept":"81","numero":"2010-D81-158","commune":"CAGANC LES MINES","echelle":"1/15000","surface":"5.17 km²","format":"A4","annee":"2010","cartographes":"O.Thomas","proprietaire":"8105 - BALISE ORIENTATION ALBIGEOISE","niveau":"Interrégional","specialite":"CO à pied","latitude":"44.0150368627","longitude":"2.14117246889","date_saisie":"10/02/2015","date_depot":"31/12/2014","valide":"Oui","ppo":"Non","type_carte":"Extrait","base":"2010-D81-156 STE MARGUERITE CAP DECOUVERTE","fond":"Ortho","obsolete":false}},{"type":"Feature","geometry":{"type":"Polygon","coordinates":[[[2.1416,43.989],[2.1398,43.989],[2.1394,43.9889],[2.1386,43.9883],[2.1388,43.9874],[2.1398,43.9856],[2.1392,43.9834],[2.1385,43.9832],[2.1329,43.9833],[2.1316,43.9834],[2.1301,43.9835],[2.1295,43.9844],[2.1295,43.9873],[2.1297,43.9882],[2.1301,43.9889],[2.1296,43.9895],[2.1298,43.9903],[2.1313,43.9908],[2.1322,43.9917],[2.1332,43.9924],[2.1348,43.992],[2.1335,43.9928],[2.1351,43.9938],[2.1368,43.9946],[2.1374,43.9959],[2.1364,44.0082],[2.1365,44.0107],[2.1372,44.012],[2.1351,44.0129],[2.133,44.0144],[2.1315,44.0151],[2.1293,44.0189],[2.1284,44.0218],[2.1271,44.0249],[2.1291,44.0279],[2.1316,44.0271],[2.1351,44.0303],[2.1357,44.03],[2.1373,44.0297],[2.1384,44.0297],[2.1407,44.0298],[2.1425,44.0301],[2.1447,44.0304],[2.146,44.0299],[2.1484,44.03],[2.1513,44.0299],[2.1525,44.0291],[2.1543,44.0275],[2.1543,44.0259],[2.1538,44.0241],[2.1525,44.0219],[2.152,44.0196],[2.1521,44.0175],[2.1523,44.0167],[2.1531,44.0157],[2.1503,44.0155],[2.1498,44.0157],[2.1477,44.0141],[2.1462,44.013],[2.1439,44.0131],[2.1435,44.014],[2.1431,44.014],[2.1434,44.0133],[2.1427,44.012],[2.1425,44.0105],[2.1438,44.0095],[2.146,44.0077],[2.147,44.0072],[2.1468,44.007],[2.1479,44.0064],[2.1496,44.0061],[2.1501,44.0046],[2.1475,44.0006],[2.1471,43.9988],[2.1481,43.9968],[2.1477,43.9965],[2.1475,43.9961],[2.1468,43.9958],[2.1468,43.995],[2.1464,43.9939],[2.1456,43.9927],[2.1455,43.9912],[2.1416,43.989]]]},"properties":{"id_ffco":"8097","nom":"LA JAMBOUNIE","_dept":"81","numero":"2010-D81-157","commune":"CAGNAC LES MINES","echelle":"1/15000","surface":"6.08 km²","format":"A3","annee":"2010","cartographes":"O.Thomas","proprietaire":"8105 - BALISE ORIENTATION ALBIGEOISE","niveau":"Interrégional","specialite":"CO à pied","latitude":"44.0109447726","longitude":"2.14057271314","date_saisie":"10/02/2015","date_depot":"31/12/2014","valide":"Oui","ppo":"Oui (80 postes)","type_carte":"Extrait","fond":"Ortho","obsolete":false}},{"type":"Feature","geometry":{"type":"Polygon","coordinates":[[[2.1518,44.0156],[2.1505,44.0157],[2.1498,44.016],[2.148,44.0144],[2.1463,44.0132],[2.1453,44.013],[2.1441,44.0132],[2.1436,44.0136],[2.1432,44.014],[2.1433,44.0134],[2.1431,44.0124],[2.1425,44.0112],[2.1429,44.0102],[2.1442,44.0093],[2.1454,44.0085],[2.1461,44.0076],[2.1463,44.007],[2.1471,44.0066],[2.1483,44.0063],[2.1499,44.0057],[2.1501,44.0049],[2.1501,44.0039],[2.1484,44.0023],[2.1478,44.0007],[2.1475,43.9983],[2.1481,43.9969],[2.1479,43.996],[2.1472,43.9951],[2.1465,43.9939],[2.1459,43.993],[2.1459,43.992],[2.1446,43.9907],[2.1428,43.9897],[2.1414,43.9886],[2.139,43.9884],[2.1385,43.988],[2.1392,43.9864],[2.1399,43.9851],[2.1393,43.9837],[2.138,43.9829],[2.1363,43.9823],[2.1341,43.982],[2.1319,43.9824],[2.1317,43.9832],[2.1329,43.9844],[2.132,43.9849],[2.131,43.9861],[2.1299,43.9876],[2.1301,43.9883],[2.1298,43.989],[2.1292,43.9897],[2.13,43.9906],[2.1317,43.9909],[2.1335,43.9928],[2.1356,43.9938],[2.1369,43.9947],[2.1375,43.996],[2.1366,44.0066],[2.1367,44.0103],[2.1373,44.0119],[2.1364,44.0124],[2.1344,44.0134],[2.1326,44.0148],[2.1313,44.0153],[2.1302,44.017],[2.1292,44.0194],[2.1284,44.0209],[2.1275,44.0229],[2.1268,44.0247],[2.1287,44.0274],[2.1304,44.0264],[2.1371,44.0296],[2.1381,44.0298],[2.1392,44.0296],[2.1406,44.0298],[2.1419,44.03],[2.1443,44.03],[2.1459,44.0301],[2.1478,44.0301],[2.1506,44.0299],[2.1525,44.0291],[2.1536,44.0279],[2.1542,44.0274],[2.1543,44.0262],[2.1538,44.0243],[2.1528,44.0227],[2.152,44.0218],[2.1519,44.0207],[2.1519,44.0186],[2.1524,44.017],[2.1529,44.016],[2.1518,44.0156]]]},"properties":{"id_ffco":"8096","nom":"STE MARGUERITE CAP DECOUVERTE","_dept":"81","numero":"2010-D81-156","commune":"CAGNAC LES MINES","echelle":"1/20000","surface":"6.0 km²","format":"A4","annee":"2010","cartographes":"O.Thomas","proprietaire":"8105 - BALISE ORIENTATION ALBIGEOISE","niveau":"Interrégional","specialite":"CO à pied","latitude":"44.0107129462","longitude":"2.14066747743","date_saisie":"10/02/2015","date_depot":"31/12/2014","valide":"Oui","ppo":"Non","type_carte":"Nouvelle carte","fond":"Ortho","obsolete":false}},{"type":"Feature","geometry":{"type":"Polygon","coordinates":[[[2.4215,43.822],[2.4247,43.8194],[2.4247,43.8149],[2.4191,43.8127],[2.408,43.8128],[2.4084,43.8203],[2.4095,43.8229],[2.4134,43.8231],[2.4175,43.8228],[2.4215,43.822]]]},"properties":{"id_ffco":"8095","nom":"RAYSSAC LE BOURG \"2\"","_dept":"81","numero":"2010-D81-155","commune":"RAYSSAC","echelle":"1/4000","surface":"1.34 km²","format":"A3","annee":"2010","cartographes":"B. FENEUIL","proprietaire":"8106 - ALBI RESSORT","niveau":"Initiation, Scolaire","specialite":"CO à pied","latitude":"43.8177193634","longitude":"2.41590986728","date_saisie":"10/02/2015","date_depot":"31/12/2014","valide":"Oui","ppo":"Non","type_carte":"Reprise","base":"2008-D81-062 Rayssac (Le Bourg)","fond":"Cadastre","obsolete":false}},{"type":"Feature","geometry":{"type":"Polygon","coordinates":[[[2.3965,43.8393],[2.395,43.8396],[2.393,43.8399],[2.3908,43.8396],[2.389,43.8388],[2.3879,43.8384],[2.3874,43.8388],[2.3878,43.8404],[2.3887,43.8415],[2.3879,43.8425],[2.3861,43.8425],[2.3844,43.8415],[2.3833,43.8398],[2.3805,43.8369],[2.3798,43.8364],[2.3799,43.8373],[2.3804,43.8383],[2.3799,43.8391],[2.3788,43.8387],[2.3777,43.8376],[2.3775,43.8362],[2.378,43.8346],[2.3792,43.8339],[2.38,43.8335],[2.3799,43.8329],[2.3792,43.8327],[2.3781,43.833],[2.3769,43.8331],[2.3768,43.832],[2.3779,43.8305],[2.3786,43.8296],[2.3786,43.8283],[2.3791,43.8261],[2.3801,43.8252],[2.3818,43.8245],[2.3832,43.8243],[2.3843,43.8236],[2.3835,43.8228],[2.3824,43.8225],[2.3811,43.8224],[2.3807,43.8212],[2.3809,43.82],[2.3817,43.819],[2.3818,43.8173],[2.3835,43.8173],[2.3964,43.8103],[2.4343,43.8107],[2.4365,43.812],[2.4398,43.812],[2.4423,43.8108],[2.4441,43.8107],[2.4469,43.8112],[2.4484,43.8115],[2.4515,43.8114],[2.4507,43.8203],[2.45,43.8213],[2.4493,43.822],[2.4478,43.8224],[2.4491,43.8229],[2.4503,43.8238],[2.4499,43.8251],[2.4394,43.8308],[2.4364,43.8322],[2.4363,43.8343],[2.4335,43.8338],[2.4326,43.8346],[2.4312,43.8357],[2.4275,43.8351],[2.4255,43.8362],[2.4239,43.8378],[2.4224,43.8386],[2.4182,43.838],[2.4151,43.8373],[2.4136,43.8375],[2.4116,43.8388],[2.4099,43.8396],[2.4065,43.8403],[2.4026,43.8403],[2.4024,43.8425],[2.4024,43.844],[2.399,43.8439],[2.3976,43.8442],[2.3972,43.8431],[2.3982,43.8413],[2.3987,43.8403],[2.3975,43.8396],[2.3965,43.8393]]]},"properties":{"id_ffco":"8094","nom":"RAYSSAC - ENTRE MONT ROC ET SAINT JEAN","_dept":"81","numero":"2010-D81-154","commune":"RAYSSAC","echelle":"1/15000","surface":"15.89 km²","format":"A3","annee":"2010","cartographes":"B. FENEUIL,J. FENEUIL","proprietaire":"8106 - ALBI RESSORT","niveau":"Régional","specialite":"CO à pied","latitude":"43.8246855851","longitude":"2.41267063644","date_saisie":"10/02/2015","date_depot":"31/12/2014","valide":"Oui","ppo":"Non","type_carte":"Nouvelle carte","fond":"Ortho","obsolete":false}},{"type":"Feature","geometry":{"type":"Polygon","coordinates":[[[1.9872,43.9077],[1.9859,43.905],[1.9833,43.905],[1.9794,43.9056],[1.9796,43.9083],[1.9808,43.9096],[1.9811,43.9117],[1.981,43.9122],[1.9815,43.9132],[1.9833,43.9131],[1.984,43.9133],[1.9859,43.9134],[1.9875,43.9136],[1.9877,43.9135],[1.9879,43.9128],[1.9886,43.9119],[1.9901,43.9096],[1.9882,43.9089],[1.9872,43.9077]]]},"properties":{"id_ffco":"8093","nom":"AIGUELEZE - MARTROU","_dept":"81","numero":"2010-D81-153","commune":"RIVIERES","echelle":"1/2500","surface":"0.56 km²","format":"A3","annee":"2010","cartographes":"B. FENEUIL","proprietaire":"8106 - ALBI RESSORT","niveau":"Départemental","specialite":"CO à pied","latitude":"43.9092718805","longitude":"1.98428692533","date_saisie":"10/02/2015","date_depot":"31/12/2014","valide":"Oui","ppo":"Non","type_carte":"Nouvelle carte","fond":"Ortho","obsolete":false}},{"type":"Feature","geometry":{"type":"Polygon","coordinates":[[[2.1501,43.9298],[2.1497,43.9309],[2.1496,43.9313],[2.1498,43.9317],[2.1514,43.9324],[2.1538,43.9337],[2.154,43.9347],[2.1559,43.9348],[2.1569,43.9348],[2.1574,43.9342],[2.1584,43.9338],[2.1589,43.9336],[2.1579,43.9332],[2.1565,43.9324],[2.1549,43.9319],[2.1533,43.9311],[2.1525,43.9306],[2.1518,43.9302],[2.1514,43.9298],[2.1501,43.9298]]]},"properties":{"id_ffco":"8092","nom":"LYCEE RASCOL 6 ALBI 8","_dept":"81","numero":"2010-D81-152","commune":"ALBI","echelle":"1/3000","surface":"0.17 km²","format":"A4","annee":"2010","cartographes":"B. FENEUIL","proprietaire":"8106 - ALBI RESSORT","niveau":"Initiation, Scolaire","specialite":"CO à pied","latitude":"43.93247913","longitude":"2.15382343784","date_saisie":"10/02/2015","date_depot":"06/01/2015","valide":"Oui","ppo":"Non","type_carte":"Nouvelle carte","fond":"Ortho","obsolete":false}},{"type":"Feature","geometry":{"type":"Polygon","coordinates":[[[1.9894,43.9093],[1.9887,43.9109],[1.9872,43.9116],[1.9843,43.9113],[1.9821,43.9106],[1.9809,43.9095],[1.9799,43.9078],[1.9808,43.907],[1.9841,43.9062],[1.9863,43.9062],[1.9879,43.9085],[1.9894,43.9093]]]},"properties":{"id_ffco":"8091","nom":"AIGUELEZE  BASE DE LOISIRS","_dept":"81","numero":"2010-D81-151","commune":"RIVIERES","echelle":"1/3000","surface":"0.31 km²","format":"A4","annee":"2010","cartographes":"B. FENEUIL","proprietaire":"8106 - ALBI RESSORT","niveau":"Départemental","specialite":"CO à pied","latitude":"43.9088915369","longitude":"1.98468340244","date_saisie":"10/02/2015","date_depot":"06/01/2015","valide":"Oui","ppo":"Non","type_carte":"Nouvelle carte","fond":"Ortho","obsolete":false}},{"type":"Feature","geometry":{"type":"Polygon","coordinates":[[[1.6964,43.9086],[1.6964,43.9076],[1.6951,43.9073],[1.6941,43.9072],[1.6936,43.9072],[1.6926,43.9074],[1.691,43.9075],[1.6913,43.9087],[1.6914,43.9094],[1.6941,43.9087],[1.6964,43.9086]]]},"properties":{"id_ffco":"8090","nom":"STADE DE LA ROSIERE \"2\"","_dept":"81","numero":"2010-D81-150","commune":"SALVAGNAC","echelle":"1/1500","surface":"0.07 km²","format":"A4","annee":"2010","cartographes":"P. NATALI","proprietaire":"8105 - BALISE ORIENTATION ALBIGEOISE","niveau":"Initiation, Scolaire","specialite":"CO à pied","latitude":"43.9081268405","longitude":"1.69357233276","date_saisie":"09/02/2015","date_depot":"06/01/2015","valide":"Oui","ppo":"Non","type_carte":"Reprise","base":"2008-D81-070 STADE DE LA ROSIERE","fond":"Ortho","obsolete":false}},{"type":"Feature","geometry":{"type":"Polygon","coordinates":[[[1.6542,43.7998],[1.6548,43.7818],[1.653,43.7815],[1.6516,43.7816],[1.6497,43.7812],[1.6482,43.7814],[1.6459,43.7804],[1.6432,43.7796],[1.6388,43.7802],[1.636,43.7812],[1.6328,43.7828],[1.6269,43.7878],[1.6263,43.7894],[1.6261,43.7904],[1.6255,43.7918],[1.6253,43.7932],[1.6252,43.7943],[1.6233,43.7968],[1.6234,43.7982],[1.624,43.7981],[1.6245,43.7978],[1.6248,43.7976],[1.6253,43.7976],[1.6263,43.7991],[1.6267,43.8014],[1.6269,43.8032],[1.6268,43.8055],[1.6274,43.8076],[1.6275,43.8093],[1.6273,43.8108],[1.6262,43.8113],[1.6248,43.8124],[1.6252,43.8126],[1.6263,43.8129],[1.6275,43.8129],[1.628,43.8146],[1.6287,43.8156],[1.6298,43.816],[1.6325,43.8161],[1.6357,43.816],[1.6364,43.8173],[1.6535,43.8172],[1.6542,43.7998]]]},"properties":{"id_ffco":"8098","nom":"BUZET ROQUEMAURE","_dept":"81","numero":"2010-D81-149","commune":"ROQUEMAURE","echelle":"1/15000","surface":"8.69 km²","format":"A4","annee":"2010","cartographes":"C. ESCUDIE","niveau":"Interrégional","specialite":"CO à pied","latitude":"43.7990195269","longitude":"1.64070711989","date_saisie":"10/02/2015","date_depot":"06/01/2015","valide":"Oui","ppo":"Non","type_carte":"Nouvelle carte","fond":"Ortho","obsolete":false}},{"type":"Feature","geometry":{"type":"Polygon","coordinates":[[[2.1473,43.9322],[2.1436,43.931],[2.1435,43.9306],[2.1419,43.9299],[2.1413,43.9294],[2.1415,43.9285],[2.1416,43.9276],[2.1418,43.9271],[2.1419,43.9264],[2.1433,43.9257],[2.1434,43.9247],[2.1445,43.9246],[2.1452,43.9245],[2.146,43.925],[2.1465,43.9244],[2.1468,43.9241],[2.149,43.9242],[2.1488,43.9249],[2.1501,43.9248],[2.1499,43.9254],[2.1485,43.9266],[2.1482,43.9293],[2.1473,43.9322]]]},"properties":{"id_ffco":"8089","nom":"ALBI","_dept":"81","numero":"2010-D81-148","commune":"ALBI","echelle":"1/2500","surface":"0.39 km²","format":"A4","annee":"2010","cartographes":"C. ESCUDIE","proprietaire":"8105 - BALISE ORIENTATION ALBIGEOISE","niveau":"Régional","specialite":"CO à pied","latitude":"43.9278336767","longitude":"2.14548831935","date_saisie":"09/02/2015","date_depot":"06/01/2015","valide":"Oui","ppo":"Non","type_carte":"Reprise","base":"2010-D81-125 VIEIL ALBY","fond":"Ortho","obsolete":false}},{"type":"Feature","geometry":{"type":"Polygon","coordinates":[[[2.2843,44.0085],[2.2843,44.0124],[2.2837,44.0138],[2.2814,44.0133],[2.2797,44.0127],[2.2782,44.0126],[2.2764,44.0132],[2.2747,44.0138],[2.2708,44.0138],[2.2709,44.0132],[2.2682,44.0119],[2.2685,44.0094],[2.2681,44.0088],[2.268,44.0077],[2.2685,44.0071],[2.2697,44.006],[2.2705,44.0053],[2.2736,44.0043],[2.2752,44.0041],[2.278,44.0037],[2.2797,44.0057],[2.2805,44.0067],[2.2823,44.0075],[2.2843,44.0085]]]},"properties":{"id_ffco":"8088","nom":"PUY ST GEORGES","_dept":"81","numero":"2010-D81-147","commune":"VALDERIES","echelle":"1/500","surface":"1.1 km²","format":"A4","annee":"2010","cartographes":"C. ESCUDIE","proprietaire":"81 - Tarn","niveau":"Initiation, Scolaire","specialite":"CO à pied","latitude":"44.0092413632","longitude":"2.27593117036","date_saisie":"09/02/2015","date_depot":"06/01/2015","valide":"Oui","ppo":"Non","type_carte":"Nouvelle carte","fond":"Ortho","obsolete":false}},{"type":"Feature","geometry":{"type":"Polygon","coordinates":[[[2.1919,43.9497],[2.193,43.9476],[2.1935,43.9476],[2.1938,43.9475],[2.194,43.9476],[2.1944,43.9469],[2.195,43.947],[2.1958,43.9473],[2.1966,43.9476],[2.1971,43.9477],[2.1982,43.9478],[2.1981,43.9485],[2.1971,43.9508],[2.196,43.9509],[2.1952,43.9512],[2.1945,43.9513],[2.1931,43.9509],[2.1923,43.9502],[2.1919,43.9497]]]},"properties":{"id_ffco":"8081","nom":"COMPLEXE SPORTIF DE L'ALBARET SAINT JUERY (2)","_dept":"81","numero":"2010-D81-146","commune":"SAINT JUERY","echelle":"1/2500","surface":"0.17 km²","format":"A4","annee":"2010","cartographes":"C. ESCUDIE","proprietaire":"81 - Tarn","niveau":"Initiation, Scolaire","specialite":"CO à pied","latitude":"43.9491773211","longitude":"2.19504116073","date_saisie":"09/02/2015","date_depot":"06/01/2015","valide":"Oui","ppo":"Oui (50 postes)","type_carte":"Reprise","base":"2009-D81-109 COMPLEXE SPORTIF DE L'ALBERET SAINT JUERY","fond":"Cadastre","obsolete":false}},{"type":"Feature","geometry":{"type":"Polygon","coordinates":[[[1.6241,43.7961],[1.6235,43.7965],[1.6236,43.798],[1.6239,43.7982],[1.6257,43.7979],[1.6265,43.7994],[1.6265,43.8014],[1.6267,43.804],[1.6272,43.8078],[1.6273,43.8096],[1.6273,43.8107],[1.6267,43.8113],[1.6273,43.8128],[1.6283,43.8151],[1.6297,43.816],[1.6316,43.8163],[1.6372,43.8167],[1.6437,43.8165],[1.6435,43.8087],[1.6455,43.8088],[1.6473,43.8085],[1.6477,43.7919],[1.6256,43.7919],[1.6255,43.7935],[1.6254,43.7943],[1.6245,43.7953],[1.6241,43.7961]]]},"properties":{"id_ffco":"8087","nom":"ROQUEMAURE","_dept":"81","numero":"2010-D81-145","commune":"ROQUEMAURE","echelle":"1/10000","surface":"4.33 km²","format":"A4","annee":"2010","cartographes":"C. ESCUDIE","proprietaire":"8105 - BALISE ORIENTATION ALBIGEOISE","niveau":"Interrégional","specialite":"CO à pied","latitude":"43.8032583226","longitude":"1.63642779327","date_saisie":"09/02/2015","date_depot":"06/01/2015","valide":"Oui","ppo":"Non","type_carte":"Nouvelle carte","fond":"Ortho","obsolete":false}},{"type":"Feature","geometry":{"type":"Polygon","coordinates":[[[1.7937,43.9767],[1.7927,43.9762],[1.791,43.9738],[1.7904,43.9743],[1.7889,43.9759],[1.7879,43.9772],[1.7863,43.9791],[1.7896,43.9801],[1.7909,43.9786],[1.7933,43.9773],[1.7937,43.9767]]]},"properties":{"id_ffco":"8086","nom":"CAMPING DU CHENE VERT","_dept":"81","numero":"2010-D81-144","commune":"CASTELNAU DE MONT MIRAL","echelle":"1/2500","surface":"0.19 km²","format":"A4","annee":"2010","cartographes":"C. ESCUDIE","proprietaire":"8105 - BALISE ORIENTATION ALBIGEOISE","niveau":"Initiation, Scolaire","specialite":"CO à pied","latitude":"43.9772555901","longitude":"1.79003749279","date_saisie":"09/02/2015","date_depot":"06/01/2015","valide":"Oui","ppo":"Oui (30 postes)","type_carte":"Nouvelle carte","fond":"Ortho","obsolete":false}},{"type":"Feature","geometry":{"type":"Polygon","coordinates":[[[2.4908,43.4764],[2.4918,43.4762],[2.4929,43.4762],[2.4937,43.4761],[2.4953,43.4758],[2.4971,43.4755],[2.4977,43.4755],[2.4975,43.4751],[2.4982,43.4747],[2.4986,43.4744],[2.4985,43.4739],[2.4983,43.4728],[2.498,43.472],[2.4979,43.4711],[2.4981,43.4706],[2.4983,43.4702],[2.498,43.4697],[2.4984,43.4693],[2.4995,43.4685],[2.498,43.4671],[2.497,43.4675],[2.497,43.467],[2.4967,43.4667],[2.4964,43.467],[2.4954,43.4661],[2.494,43.466],[2.4939,43.4671],[2.4928,43.4675],[2.4915,43.4688],[2.492,43.4697],[2.4912,43.4702],[2.4911,43.4715],[2.4907,43.4724],[2.4901,43.4735],[2.4901,43.4741],[2.4903,43.4746],[2.4899,43.4755],[2.4897,43.4759],[2.4908,43.4764]]]},"properties":{"id_ffco":"8085","nom":"CHATEAU ET PARC SOULT BERG DE SAINT AMANS SOULT","_dept":"81","numero":"2010-D81-143","commune":"SAINT AMANS SOULT","echelle":"1/5000","surface":"0.59 km²","format":"A4","annee":"2010","cartographes":"C. ESCUDIE","proprietaire":"81 - Tarn","niveau":"Initiation, Scolaire","specialite":"CO à pied","latitude":"43.4716071992","longitude":"2.49456378491","date_saisie":"09/02/2015","date_depot":"06/01/2015","valide":"Oui","ppo":"Non","type_carte":"Nouvelle carte","fond":"Ortho","obsolete":false}},{"type":"Feature","geometry":{"type":"Polygon","coordinates":[[[2.4058,43.5025],[2.4056,43.5031],[2.4044,43.5032],[2.4029,43.5032],[2.4027,43.5028],[2.4022,43.5025],[2.4008,43.5023],[2.3997,43.5022],[2.399,43.502],[2.3989,43.5018],[2.3986,43.5013],[2.3983,43.5011],[2.3987,43.5008],[2.3993,43.5009],[2.4007,43.5013],[2.4014,43.5012],[2.4021,43.5006],[2.4024,43.5006],[2.4032,43.5011],[2.4049,43.5018],[2.4058,43.5025]]]},"properties":{"id_ffco":"8084","nom":"PARCOURS DE SANTE ET STADE BOUT DU PONT DE L'ARN","_dept":"81","numero":"2010-D81-142","commune":"BOUT DU PONT DE L'ARN","echelle":"1/2000","surface":"0.09 km²","format":"A4","annee":"2010","cartographes":"C. ESCUDIE","proprietaire":"81 - Tarn","niveau":"Initiation, Scolaire","specialite":"CO à pied","latitude":"43.5019450571","longitude":"2.40230742196","date_saisie":"09/02/2015","date_depot":"06/01/2015","valide":"Oui","ppo":"Non","type_carte":"Nouvelle carte","fond":"Ortho","obsolete":false}},{"type":"Feature","geometry":{"type":"Polygon","coordinates":[[[2.3008,43.5297],[2.3005,43.5299],[2.2997,43.5301],[2.2961,43.5342],[2.2947,43.5354],[2.2913,43.5369],[2.2812,43.5402],[2.2813,43.5422],[2.3067,43.5416],[2.3066,43.5339],[2.3066,43.5299],[2.3008,43.5297]]]},"properties":{"id_ffco":"8083","nom":"LE CAUSSE DE CAUCALIERES L' AURIOL","_dept":"81","numero":"2010-D81-141","commune":"CAUCALIERES","echelle":"1/7500","surface":"1.63 km²","format":"A4","annee":"2010","cartographes":"L. AUDOUIN","proprietaire":"8104 - AZIMUT ORIENTATION CASTRES","niveau":"Départemental","specialite":"CO à pied","latitude":"43.5373469758","longitude":"2.29751607108","date_saisie":"09/02/2015","date_depot":"06/01/2015","valide":"Oui","ppo":"Non","type_carte":"Nouvelle carte","fond":"Ortho","obsolete":false}},{"type":"Feature","geometry":{"type":"Polygon","coordinates":[[[2.3014,43.53],[2.3005,43.5299],[2.2988,43.5309],[2.2976,43.5328],[2.2971,43.5334],[2.297,43.5358],[2.2983,43.5361],[2.2992,43.5362],[2.3001,43.5359],[2.3016,43.5356],[2.3029,43.5353],[2.3043,43.5337],[2.3042,43.5328],[2.3042,43.5325],[2.3043,43.532],[2.3037,43.5315],[2.3029,43.5311],[2.302,43.5308],[2.3014,43.5304],[2.3014,43.53]]]},"properties":{"id_ffco":"8082","nom":"CENTRE EQUESTRE DE BONNERY","_dept":"81","numero":"2010-D81-140","commune":"CAUCALIERES","echelle":"1/2500","surface":"0.29 km²","format":"A4","annee":"2010","cartographes":"L. AUDOUIN","proprietaire":"8104 - AZIMUT ORIENTATION CASTRES","niveau":"Initiation, Scolaire","specialite":"CO à pied","latitude":"43.5332972362","longitude":"2.30056355175","date_saisie":"09/02/2015","date_depot":"06/01/2015","valide":"Oui","ppo":"Non","type_carte":"Nouvelle carte","fond":"Ortho","obsolete":false}},{"type":"Feature","geometry":{"type":"Polygon","coordinates":[[[1.8593,43.665],[1.8581,43.6636],[1.8583,43.6571],[1.8605,43.6571],[1.8619,43.6567],[1.8628,43.6562],[1.8624,43.6553],[1.8621,43.6548],[1.8621,43.654],[1.8709,43.6534],[1.8709,43.6543],[1.8715,43.6544],[1.8711,43.6659],[1.8705,43.6658],[1.8691,43.6655],[1.8679,43.6658],[1.8667,43.6658],[1.8659,43.6656],[1.8651,43.6651],[1.8645,43.665],[1.8635,43.6652],[1.8626,43.6652],[1.8617,43.6652],[1.861,43.6652],[1.86,43.665],[1.8593,43.665]]]},"properties":{"id_ffco":"8080","nom":"LE BOURG DE MASSAC SERAN","_dept":"81","numero":"2010-D81-139","commune":"MASSAC SERAN","echelle":"1/5000","surface":"1.24 km²","format":"A4","annee":"2010","cartographes":"C. ESCUDIE","proprietaire":"8105 - BALISE ORIENTATION ALBIGEOISE","niveau":"Initiation, Scolaire","specialite":"CO à pied","latitude":"43.659897186","longitude":"1.86533771625","date_saisie":"09/02/2015","date_depot":"06/01/2015","valide":"Oui","ppo":"Non","type_carte":"Nouvelle carte","fond":"Ortho","obsolete":false}},{"type":"Feature","geometry":{"type":"Polygon","coordinates":[[[1.8592,43.6649],[1.8591,43.665],[1.8593,43.6525],[1.8781,43.6524],[1.8779,43.6633],[1.878,43.6657],[1.8773,43.6661],[1.8708,43.6661],[1.8695,43.6656],[1.8681,43.6655],[1.867,43.6658],[1.8656,43.6654],[1.8592,43.6649]]]},"properties":{"id_ffco":"8079","nom":"MASSAC SERAN","_dept":"81","numero":"2010-D81-138","commune":"MASSAC SERAN","echelle":"1/7500","surface":"2.23 km²","format":"A4","annee":"2010","cartographes":"C. ESCUDIE","proprietaire":"8105 - BALISE ORIENTATION ALBIGEOISE","niveau":"Initiation, Scolaire","specialite":"CO à pied","latitude":"43.6590607439","longitude":"1.86879220742","date_saisie":"09/02/2015","date_depot":"06/01/2015","valide":"Oui","ppo":"Non","type_carte":"Nouvelle carte","fond":"Ortho","obsolete":false}},{"type":"Feature","geometry":{"type":"Polygon","coordinates":[[[2.307,43.5279],[2.3049,43.5273],[2.302,43.5275],[2.301,43.5279],[2.3004,43.5293],[2.3006,43.53],[2.2992,43.5303],[2.2988,43.5308],[2.2981,43.5317],[2.297,43.5335],[2.2954,43.535],[2.2951,43.5355],[2.2944,43.5393],[2.2952,43.5398],[2.2968,43.5399],[2.3,43.5395],[2.3043,43.5389],[2.3055,43.5393],[2.3065,43.5394],[2.307,43.5279]]]},"properties":{"id_ffco":"8078","nom":"LE CAUSSE CENTRE EQUESTRE","_dept":"81","numero":"2010-D81-137","commune":"CAUCALIERES","echelle":"1/5600","surface":"1.03 km²","format":"A4","annee":"2010","cartographes":"L. AUDOUIN","proprietaire":"8104 - AZIMUT ORIENTATION CASTRES","niveau":"Initiation, Scolaire","specialite":"CO à pied","latitude":"43.5342609062","longitude":"2.30159950578","date_saisie":"09/02/2015","date_depot":"06/01/2015","valide":"Oui","ppo":"Non","type_carte":"Nouvelle carte","fond":"Ortho","obsolete":false}},{"type":"Feature","geometry":{"type":"Polygon","coordinates":[[[2.3258,43.5373],[2.3252,43.5368],[2.3232,43.536],[2.3222,43.5354],[2.3216,43.5344],[2.3208,43.5333],[2.319,43.5332],[2.3171,43.5324],[2.3158,43.5317],[2.3137,43.5311],[2.3121,43.5305],[2.3106,43.5299],[2.3089,43.5289],[2.308,43.5283],[2.3067,43.5279],[2.3053,43.5272],[2.303,43.5274],[2.3014,43.5277],[2.3003,43.5292],[2.3005,43.5301],[2.2997,43.5301],[2.2989,43.5307],[2.2987,43.5403],[2.3006,43.5406],[2.3026,43.5406],[2.3038,43.5411],[2.3056,43.5407],[2.3076,43.5407],[2.3086,43.5406],[2.3134,43.5406],[2.3155,43.5406],[2.3181,43.5408],[2.3199,43.5411],[2.3258,43.5373]]]},"properties":{"id_ffco":"8077","nom":"LE CAUSSE D'AURIOL","_dept":"81","numero":"2010-D81-136","commune":"CAUCALIERES","echelle":"1/7500","surface":"2.26 km²","format":"A4","annee":"2010","cartographes":"O. THAMAS","proprietaire":"8104 - AZIMUT ORIENTATION CASTRES","niveau":"Interrégional","specialite":"CO à pied","latitude":"43.5352786653","longitude":"2.30968352152","date_saisie":"09/02/2015","date_depot":"06/01/2015","valide":"Oui","ppo":"Non","type_carte":"Nouvelle carte","fond":"Ortho","obsolete":false}},{"type":"Feature","geometry":{"type":"Polygon","coordinates":[[[2.1494,43.9316],[2.1478,43.9324],[2.1445,43.9311],[2.1395,43.9292],[2.1376,43.9284],[2.1394,43.927],[2.1397,43.9269],[2.14,43.9269],[2.1402,43.9267],[2.1406,43.9264],[2.1455,43.9252],[2.1491,43.9254],[2.1486,43.9286],[2.1489,43.9301],[2.1494,43.9316]]]},"properties":{"id_ffco":"8076","nom":"ALBI VIELLE VILLE","_dept":"81","numero":"2010-D81-135","commune":"ALBI","echelle":"1/3000","surface":"0.46 km²","format":"A3","annee":"2010","cartographes":"B. FENEUL","proprietaire":"8106 - ALBI RESSORT","niveau":"Interrégional","specialite":"CO à pied","latitude":"43.9284286841","longitude":"2.14469105069","date_saisie":"09/02/2015","date_depot":"06/01/2015","valide":"Oui","ppo":"Non","type_carte":"Nouvelle carte","fond":"Ortho","obsolete":false}},{"type":"Feature","geometry":{"type":"Polygon","coordinates":[[[1.8679,43.8873],[1.865,43.8872],[1.8648,43.888],[1.8654,43.8881],[1.8654,43.8886],[1.8666,43.8889],[1.8668,43.8884],[1.8673,43.8884],[1.8677,43.8877],[1.8679,43.8878],[1.8679,43.8873]]]},"properties":{"id_ffco":"8075","nom":"MAISON FAMILIALE  BEL ASPECT","_dept":"81","numero":"2010-D81-134","commune":"GAILLAC","echelle":"1/1000","surface":"0.03 km²","format":"A4","annee":"2010","cartographes":"C. ESCUDIE","proprietaire":"81 - Tarn","niveau":"Initiation, Scolaire","specialite":"CO à pied","latitude":"43.8878970733","longitude":"1.86632718829","date_saisie":"09/02/2015","date_depot":"06/01/2015","valide":"Oui","ppo":"Non","type_carte":"Nouvelle carte","fond":"Ortho","obsolete":false}},{"type":"Feature","geometry":{"type":"Polygon","coordinates":[[[1.749,43.9389],[1.7495,43.937],[1.7509,43.9348],[1.752,43.9333],[1.7506,43.9323],[1.75,43.9311],[1.75,43.9283],[1.7536,43.9267],[1.7535,43.9214],[1.7799,43.9219],[1.7797,43.9339],[1.7786,43.9345],[1.7765,43.9353],[1.7753,43.9368],[1.7741,43.9364],[1.772,43.9356],[1.7694,43.9343],[1.7683,43.9338],[1.765,43.9348],[1.7624,43.9364],[1.7609,43.9372],[1.7596,43.9381],[1.7554,43.938],[1.7512,43.9387],[1.749,43.9389]]]},"properties":{"id_ffco":"8074","nom":"FORET DE DEPARTEMENTALE DE SIVENS\"2\"","_dept":"81","numero":"2010-D81-133","commune":"LISLE SUR TARN","echelle":"1/10000","surface":"3.69 km²","format":"A4","annee":"2010","cartographes":"C. ESCUDIE","proprietaire":"81 - Tarn","niveau":"Interrégional","specialite":"CO à pied","latitude":"43.9292887595","longitude":"1.76477840883","date_saisie":"09/02/2015","date_depot":"06/01/2015","valide":"Oui","ppo":"Non","type_carte":"Reprise","base":"1982-D81-001 SIVENS","fond":"Ortho","obsolete":false}},{"type":"Feature","geometry":{"type":"Polygon","coordinates":[[[1.7787,44.0348],[1.7818,44.0348],[1.782,44.0189],[1.7742,44.0191],[1.7721,44.0207],[1.7697,44.0225],[1.7679,44.0249],[1.7676,44.0261],[1.7673,44.0271],[1.767,44.0347],[1.7787,44.0348]]]},"properties":{"id_ffco":"8073","nom":"LE PETIT VICHY","_dept":"81","numero":"2010-D81-132","commune":"CASTELNAU DE MONT MIRAL","echelle":"1/5000","surface":"1.88 km²","format":"A4","annee":"2010","cartographes":"C. ESCUDIE,P. NATALI","proprietaire":"8105 - BALISE ORIENTATION ALBIGEOISE","niveau":"Interrégional","specialite":"CO à pied","latitude":"44.0274466846","longitude":"1.77507119521","date_saisie":"09/02/2015","date_depot":"06/01/2015","valide":"Oui","ppo":"Non","type_carte":"Reprise","base":"2008-D81-069 Gresigne OPIDUM ST CLEMENT","fond":"Cadastre","obsolete":false}},{"type":"Feature","geometry":{"type":"Polygon","coordinates":[[[1.746,43.9397],[1.7456,43.9387],[1.7451,43.9364],[1.7442,43.9346],[1.7434,43.9329],[1.7428,43.931],[1.744,43.93],[1.7453,43.9287],[1.7472,43.9268],[1.7476,43.9263],[1.7499,43.9268],[1.7531,43.926],[1.7542,43.9251],[1.7573,43.9244],[1.7579,43.9233],[1.7582,43.9223],[1.758,43.9208],[1.7582,43.92],[1.7585,43.9199],[1.7592,43.92],[1.76,43.9197],[1.7622,43.919],[1.7626,43.9163],[1.7642,43.9161],[1.7651,43.9145],[1.7667,43.915],[1.7701,43.9175],[1.7721,43.9184],[1.7745,43.9191],[1.7788,43.9203],[1.7811,43.9213],[1.7821,43.9221],[1.7836,43.9225],[1.7873,43.9239],[1.7927,43.9242],[1.7941,43.925],[1.7927,43.9264],[1.7902,43.9285],[1.7883,43.9304],[1.7879,43.9323],[1.7882,43.9328],[1.7912,43.9334],[1.7894,43.9348],[1.7868,43.9353],[1.7815,43.9364],[1.7802,43.9367],[1.7805,43.9373],[1.7795,43.9377],[1.7786,43.9371],[1.7756,43.9373],[1.7683,43.9338],[1.7661,43.9346],[1.7633,43.9358],[1.7618,43.937],[1.7601,43.9382],[1.7506,43.9391],[1.7492,43.9396],[1.746,43.9397]]]},"properties":{"id_ffco":"8072","nom":"FORET DE SIVENS","_dept":"81","numero":"2010-D81-131","commune":"LISLE SUR TARN","echelle":"1/10000","surface":"6.3 km²","format":"A3","annee":"2010","cartographes":"A. PELEGRY","proprietaire":"8105 - BALISE ORIENTATION ALBIGEOISE","niveau":"Interrégional","specialite":"CO à pied","latitude":"43.9287733856","longitude":"1.76753018404","date_saisie":"09/02/2015","date_depot":"06/01/2015","valide":"Oui","ppo":"Non","type_carte":"Reprise","base":"1982-D81-001 SIVENS","fond":"Ortho","obsolete":false}},{"type":"Feature","geometry":{"type":"Polygon","coordinates":[[[1.7784,44.0175],[1.7774,44.0176],[1.7763,44.0181],[1.7754,44.0183],[1.7742,44.0192],[1.7716,44.021],[1.7697,44.0228],[1.7688,44.0237],[1.7682,44.0248],[1.7667,44.0272],[1.7672,44.0289],[1.7673,44.0299],[1.7667,44.0307],[1.766,44.0315],[1.7652,44.0321],[1.7644,44.0329],[1.7616,44.0337],[1.7612,44.0345],[1.7611,44.0368],[1.7611,44.0369],[1.7804,44.0369],[1.792,44.037],[1.7927,44.0358],[1.7927,44.035],[1.7937,44.0342],[1.7941,44.0339],[1.7936,44.0332],[1.794,44.0329],[1.7951,44.0326],[1.795,44.0317],[1.7953,44.0309],[1.7961,44.0301],[1.7961,44.0293],[1.7965,44.0288],[1.7962,44.0284],[1.7959,44.0278],[1.7961,44.0273],[1.7971,44.0265],[1.7974,44.0259],[1.7986,44.0255],[1.7987,44.0251],[1.7992,44.0245],[1.7999,44.0239],[1.8004,44.023],[1.8007,44.0219],[1.8009,44.0174],[1.7784,44.0175]]]},"properties":{"id_ffco":"8071","nom":"RIOU NEGRE  GRESIGNE EST","_dept":"81","numero":"2010-D81-130","commune":"CASTELNAU DE MONT MIRAL","echelle":"1/10000","surface":"5.12 km²","format":"A4","annee":"2010","cartographes":"C. ESCUDIE,P. NATALI","proprietaire":"8105 - BALISE ORIENTATION ALBIGEOISE","niveau":"Interrégional","specialite":"CO à pied","latitude":"44.0274302811","longitude":"1.78225748661","date_saisie":"09/02/2015","date_depot":"08/01/2015","valide":"Oui","ppo":"Non","type_carte":"Reprise","base":"2008-D81-069 Gresigne OPIDUM ST CLEMENT","fond":"Ortho","obsolete":false}},{"type":"Feature","geometry":{"type":"Polygon","coordinates":[[[1.9112,43.8804],[1.9136,43.8814],[1.9171,43.8828],[1.9181,43.8831],[1.9184,43.8845],[1.9176,43.8848],[1.9159,43.8855],[1.9159,43.8862],[1.9143,43.8867],[1.912,43.887],[1.911,43.8865],[1.9103,43.8863],[1.9089,43.8851],[1.9093,43.8842],[1.9103,43.8826],[1.9108,43.8818],[1.9112,43.8804]]]},"properties":{"id_ffco":"8070","nom":"CAZALENS  INEOPOLE CFP  BRENS","_dept":"81","numero":"2010-D81-129","commune":"BRENS","echelle":"1/3000","surface":"0.33 km²","format":"A4","annee":"2010","cartographes":"C. ESCUDIE","proprietaire":"81 - Tarn","niveau":"Initiation, Scolaire","specialite":"CO à pied","latitude":"43.8840498147","longitude":"1.91332076876","date_saisie":"09/02/2015","date_depot":"08/01/2015","valide":"Oui","ppo":"Non","type_carte":"Nouvelle carte","fond":"Ortho","obsolete":false}},{"type":"Feature","geometry":{"type":"Polygon","coordinates":[[[1.9109,43.8862],[1.9092,43.8847],[1.9096,43.8839],[1.9106,43.8824],[1.911,43.881],[1.9117,43.8808],[1.9133,43.8816],[1.9151,43.8824],[1.915,43.8836],[1.9135,43.8855],[1.9128,43.8862],[1.9109,43.8862]]]},"properties":{"id_ffco":"8069","nom":"INEOPOLE CEP DE BRENS","_dept":"81","numero":"2010-D81-128","commune":"BRENS","echelle":"1/1500","surface":"0.18 km²","format":"A4","annee":"2010","cartographes":"C. ESCUDIE","proprietaire":"81 - Tarn","niveau":"Initiation, Scolaire","specialite":"CO à pied","latitude":"43.8836748313","longitude":"1.91217668388","date_saisie":"09/02/2015","date_depot":"08/01/2015","valide":"Oui","ppo":"Non","type_carte":"Nouvelle carte","fond":"Ortho","obsolete":false}},{"type":"Feature","geometry":{"type":"Polygon","coordinates":[[[1.8989,43.8968],[1.8982,43.8961],[1.8973,43.8954],[1.8966,43.8951],[1.8974,43.8937],[1.898,43.8927],[1.8983,43.893],[1.8989,43.8936],[1.9002,43.8946],[1.9008,43.8952],[1.8997,43.8959],[1.8989,43.8964],[1.8989,43.8968]]]},"properties":{"id_ffco":"8068","nom":"PARC FOUCAUD Arborétum","_dept":"81","numero":"2010-D81-127","commune":"GAILLAC","echelle":"1/1500","surface":"0.07 km²","format":"A4","annee":"2010","cartographes":"C. ESCUDIE","proprietaire":"81 - Tarn","niveau":"Initiation, Scolaire","specialite":"CO à pied","latitude":"43.8947796878","longitude":"1.89856787185","date_saisie":"09/02/2015","date_depot":"08/01/2015","valide":"Oui","ppo":"Oui (30 postes)","type_carte":"Nouvelle carte","fond":"Ortho","obsolete":false}},{"type":"Feature","geometry":{"type":"Polygon","coordinates":[[[1.6983,43.83],[1.7016,43.8307],[1.7047,43.8347],[1.7044,43.8351],[1.7027,43.8356],[1.7028,43.8365],[1.7034,43.8372],[1.7045,43.8391],[1.7035,43.8395],[1.7038,43.8399],[1.7041,43.8407],[1.7042,43.8408],[1.7034,43.8409],[1.7036,43.8412],[1.7026,43.8414],[1.6994,43.8421],[1.6979,43.842],[1.6968,43.8422],[1.6954,43.8395],[1.695,43.8389],[1.6932,43.839],[1.6932,43.8374],[1.694,43.8368],[1.6938,43.8334],[1.695,43.8329],[1.6956,43.8323],[1.6958,43.8316],[1.6963,43.8311],[1.6974,43.8307],[1.6979,43.8303],[1.6983,43.83]]]},"properties":{"id_ffco":"8067","nom":"LAC DES AUZERALS","_dept":"81","numero":"2010-D81-126","commune":"RABASTENS","echelle":"1/5000","surface":"0.88 km²","format":"A4","annee":"2010","cartographes":"C. ESCUDIE","proprietaire":"8105 - BALISE ORIENTATION ALBIGEOISE","niveau":"Départemental","specialite":"CO à pied","latitude":"43.8362981169","longitude":"1.69900742127","date_saisie":"09/02/2015","date_depot":"08/01/2015","valide":"Oui","ppo":"Non","type_carte":"Reprise","base":"1999-D81-015 LAC DES AUZERALS","fond":"Ortho","obsolete":false}},{"type":"Feature","geometry":{"type":"Polygon","coordinates":[[[2.1469,43.9322],[2.1425,43.9306],[2.1404,43.9297],[2.141,43.9289],[2.1414,43.9277],[2.1417,43.9267],[2.1426,43.9259],[2.1443,43.9256],[2.1458,43.9252],[2.1489,43.9254],[2.1472,43.9321],[2.1469,43.9322]]]},"properties":{"id_ffco":"8066","nom":"VIEIL ALBY","_dept":"81","numero":"2010-D81-125","commune":"ALBI","echelle":"1/2500","surface":"0.35 km²","format":"A4","annee":"2010","cartographes":"C. ESCUDIE","proprietaire":"8105 - BALISE ORIENTATION ALBIGEOISE","niveau":"Départemental","specialite":"CO à pied","latitude":"43.9283666887","longitude":"2.14502958219","date_saisie":"09/02/2015","date_depot":"08/01/2015","valide":"Oui","ppo":"Non","type_carte":"Nouvelle carte","fond":"Ortho","obsolete":false}},{"type":"Feature","geometry":{"type":"Polygon","coordinates":[[[1.9819,43.9132],[1.9816,43.9118],[1.9812,43.9114],[1.9823,43.9104],[1.9818,43.9101],[1.9815,43.9097],[1.981,43.9091],[1.9805,43.9082],[1.9801,43.9078],[1.9806,43.9074],[1.9812,43.9072],[1.9807,43.9067],[1.9834,43.9054],[1.9857,43.9053],[1.9871,43.9077],[1.9887,43.909],[1.9901,43.9095],[1.9903,43.9101],[1.9893,43.9112],[1.9879,43.9136],[1.9875,43.9137],[1.9867,43.9134],[1.9848,43.9131],[1.9837,43.913],[1.9819,43.9132]]]},"properties":{"id_ffco":"8065","nom":"AIGUELEZE","_dept":"81","numero":"2010-D81-124","commune":"RIVIERES","echelle":"1/3500","surface":"0.48 km²","format":"A4","annee":"2010","cartographes":"C. ESCUDIE","proprietaire":"8105 - BALISE ORIENTATION ALBIGEOISE","niveau":"Départemental","specialite":"CO à pied","latitude":"43.9095997188","longitude":"1.98494950309","date_saisie":"09/02/2015","date_depot":"08/01/2015","valide":"Oui","ppo":"Non","type_carte":"Nouvelle carte","fond":"Ortho","obsolete":false}},{"type":"Feature","geometry":{"type":"Polygon","coordinates":[[[1.869,43.8864],[1.8651,43.8847],[1.8649,43.8858],[1.8645,43.8858],[1.864,43.8873],[1.864,43.8876],[1.865,43.8876],[1.8651,43.8882],[1.8656,43.8882],[1.8656,43.8887],[1.8667,43.8889],[1.8669,43.8884],[1.8674,43.8884],[1.8676,43.8878],[1.8683,43.8879],[1.869,43.8864]]]},"properties":{"id_ffco":"8064","nom":"BEL ASPECT","_dept":"81","numero":"2010-D81-123","commune":"GAILLAC","echelle":"1/2000","surface":"0.11 km²","format":"A4","annee":"2010","cartographes":"C. ESCUDIE","proprietaire":"81 - Tarn","niveau":"Initiation, Scolaire","specialite":"CO à pied","latitude":"43.886860813","longitude":"1.86635969605","date_saisie":"09/02/2015","date_depot":"08/01/2015","valide":"Oui","ppo":"Non","type_carte":"Nouvelle carte","fond":"Ortho","obsolete":false}},{"type":"Feature","geometry":{"type":"Polygon","coordinates":[[[1.8989,43.8966],[1.8992,43.8962],[1.9002,43.8954],[1.9017,43.8949],[1.9026,43.894],[1.9037,43.8928],[1.9051,43.8912],[1.9055,43.8908],[1.9058,43.8899],[1.8984,43.8914],[1.8966,43.8933],[1.896,43.8952],[1.8955,43.8966],[1.8965,43.8969],[1.8969,43.8963],[1.8975,43.8958],[1.8982,43.8959],[1.8989,43.8966]]]},"properties":{"id_ffco":"8063","nom":"PARC FOUCAUD ET STADE SAINT ROCH  GAILLAC","_dept":"81","numero":"2010-D81-122","commune":"GAILLAC","echelle":"1/3800","surface":"0.3 km²","format":"A4","annee":"2010","cartographes":"C. ESCUDIE","proprietaire":"81 - Tarn","niveau":"Initiation, Scolaire","specialite":"CO à pied","latitude":"43.8932088629","longitude":"1.90022649401","date_saisie":"09/02/2015","date_depot":"08/01/2015","valide":"Oui","ppo":"Non","type_carte":"Nouvelle carte","fond":"Ortho","obsolete":false}},{"type":"Feature","geometry":{"type":"Polygon","coordinates":[[[1.7271,43.8131],[1.7266,43.8129],[1.7269,43.8119],[1.7277,43.8119],[1.7291,43.8117],[1.7301,43.8124],[1.7306,43.8133],[1.7317,43.8141],[1.7306,43.8149],[1.7298,43.8145],[1.7294,43.8144],[1.7291,43.8146],[1.7275,43.8147],[1.7267,43.8147],[1.7271,43.8142],[1.7265,43.814],[1.7271,43.8131]]]},"properties":{"id_ffco":"8062","nom":"STADE COUFFOULEUX","_dept":"81","numero":"2010-D81-121","commune":"COUFOULEUX","echelle":"1/2000","surface":"0.1 km²","format":"A4","annee":"2010","cartographes":"C. ESCUDIE","niveau":"Initiation, Scolaire","specialite":"CO à pied","latitude":"43.8133789131","longitude":"1.72876262113","date_saisie":"09/02/2015","date_depot":"08/01/2015","valide":"Oui","ppo":"Non","type_carte":"Nouvelle carte","fond":"Ortho","obsolete":false}},{"type":"Feature","geometry":{"type":"Polygon","coordinates":[[[2.3841,43.5086],[2.3841,43.5076],[2.3842,43.5067],[2.3845,43.5063],[2.3857,43.5058],[2.3864,43.5049],[2.3868,43.5039],[2.387,43.5036],[2.3866,43.5027],[2.3857,43.5031],[2.3847,43.5039],[2.384,43.5045],[2.3833,43.5046],[2.383,43.5048],[2.3834,43.5051],[2.3836,43.5056],[2.3832,43.5061],[2.381,43.5097],[2.3816,43.5098],[2.3827,43.5094],[2.3835,43.5091],[2.3841,43.5086]]]},"properties":{"id_ffco":"8060","nom":"BONNECOMBE MAZAMET","_dept":"81","numero":"2010-D81-120","commune":"MAZAMET","echelle":"1/2500","surface":"0.12 km²","format":"A4","annee":"2010","cartographes":"G. BANCAREL,G. BARON SELVES","proprietaire":"81 - Tarn","niveau":"Initiation, Scolaire","specialite":"CO à pied","latitude":"43.5062615082","longitude":"2.38410213577","date_saisie":"09/02/2015","date_depot":"08/01/2015","valide":"Oui","ppo":"Oui (80 postes)","type_carte":"Nouvelle carte","fond":"Ortho","obsolete":false}},{"type":"Feature","geometry":{"type":"Polygon","coordinates":[[[1.9361,43.794],[1.9362,43.7923],[1.9363,43.7911],[1.9365,43.7905],[1.9376,43.79],[1.9385,43.7893],[1.9385,43.7885],[1.9368,43.7879],[1.9358,43.7881],[1.9352,43.7883],[1.9352,43.7884],[1.9353,43.7888],[1.9339,43.7894],[1.9339,43.7898],[1.9329,43.7902],[1.9328,43.7908],[1.9327,43.7917],[1.9327,43.7923],[1.9326,43.7929],[1.9332,43.7934],[1.9337,43.7937],[1.9344,43.794],[1.9354,43.7939],[1.9361,43.794]]]},"properties":{"id_ffco":"8059","nom":"LA COUBRE","_dept":"81","numero":"2010-D81-119","commune":"BUSQUE","echelle":"1/2500","surface":"0.18 km²","format":"A4","annee":"2010","cartographes":"N. DURAMAY","proprietaire":"8105 - BALISE ORIENTATION ALBIGEOISE","niveau":"Initiation, Scolaire","specialite":"CO à pied","latitude":"43.7909244588","longitude":"1.93522201841","date_saisie":"09/02/2015","date_depot":"08/01/2015","valide":"Oui","ppo":"Non","type_carte":"Nouvelle carte","fond":"Ortho","obsolete":false}},{"type":"Feature","geometry":{"type":"Polygon","coordinates":[[[2.2084,43.9442],[2.2074,43.9427],[2.2052,43.9435],[2.2062,43.9443],[2.207,43.9448],[2.2085,43.9444],[2.2084,43.9442]]]},"properties":{"id_ffco":"8058","nom":"COLLEGE SAUT DU SABO","_dept":"81","numero":"2010-D81-118","commune":"SAINT JUERY","echelle":"1/1000","surface":"0.03 km²","format":"A4","annee":"2010","cartographes":"C. ESCUDIE","proprietaire":"81 - Tarn","niveau":"Initiation, Scolaire","specialite":"CO à pied","latitude":"43.943788627","longitude":"2.20695178107","date_saisie":"09/02/2015","date_depot":"08/01/2015","valide":"Oui","ppo":"Non","type_carte":"Nouvelle carte","fond":"Ortho","obsolete":false}},{"type":"Feature","geometry":{"type":"Polygon","coordinates":[[[1.7916,43.9733],[1.7933,43.9722],[1.795,43.9713],[1.7939,43.9706],[1.7933,43.9703],[1.7926,43.9696],[1.7916,43.9688],[1.7909,43.9681],[1.79,43.9677],[1.7885,43.9672],[1.7875,43.9666],[1.7864,43.967],[1.7856,43.9682],[1.7848,43.9691],[1.7853,43.9695],[1.7889,43.9714],[1.7912,43.973],[1.7916,43.9733]]]},"properties":{"id_ffco":"8061","nom":"BASE DELOISIRS DE VERE GRESIGNE","_dept":"81","numero":"2009-D81-117","commune":"CASTELNAU DE MONT MIRAL","echelle":"1/3000","surface":"0.28 km²","format":"A4","annee":"2009","cartographes":"C. ESCUDIE","proprietaire":"81 - Tarn","niveau":"Initiation, Scolaire","specialite":"CO à pied","latitude":"43.9698750548","longitude":"1.78970739761","date_saisie":"09/02/2015","date_depot":"08/01/2015","valide":"Oui","ppo":"Oui (30 postes)","type_carte":"Nouvelle carte","fond":"Ortho","obsolete":false}},{"type":"Feature","geometry":{"type":"Polygon","coordinates":[[[2.326,43.5371],[2.3243,43.5362],[2.3221,43.5348],[2.3213,43.5338],[2.3204,43.5331],[2.3179,43.5325],[2.3161,43.531],[2.3126,43.53],[2.311,43.5297],[2.3092,43.5282],[2.3044,43.5271],[2.3013,43.5276],[2.3006,43.5286],[2.3006,43.53],[2.2996,43.5303],[2.2986,43.5308],[2.2961,43.534],[2.2936,43.5358],[2.2916,43.5367],[2.2893,43.5371],[2.2837,43.539],[2.2819,43.5401],[2.278,43.54],[2.2784,43.5453],[2.2791,43.5436],[2.2812,43.5434],[2.2832,43.5432],[2.2914,43.5496],[2.2915,43.5519],[2.2927,43.5506],[2.2946,43.5487],[2.2949,43.5482],[2.295,43.5474],[2.2988,43.5471],[2.2974,43.5476],[2.296,43.5488],[2.2973,43.5499],[2.2976,43.5512],[2.3018,43.5528],[2.3048,43.5511],[2.306,43.5506],[2.307,43.5497],[2.3072,43.5491],[2.3073,43.5487],[2.308,43.5488],[2.3081,43.5484],[2.3078,43.548],[2.3085,43.5483],[2.3113,43.5471],[2.3115,43.5464],[2.3201,43.5411],[2.326,43.5371]]]},"properties":{"id_ffco":"5000","nom":"Le Causse de Caucalières 2","_dept":"81","numero":"2009-D81-116","commune":"Caucalières","echelle":"1/10000","surface":"5.49 km²","format":"A3","annee":"2009","cartographes":"O.Thomas,M Haberkorn","proprietaire":"8104 - AZIMUT ORIENTATION CASTRES","niveau":"National, International","specialite":"CO à pied","latitude":"43.5398345665","longitude":"2.30292713036","date_saisie":"07/07/2010","date_depot":"12/07/2010","valide":"Oui","ppo":"Non","type_carte":"Reprise","base":"2008-D81-054 Le Causse de Caucalières","fond":"Ortho","obsolete":false}},{"type":"Feature","geometry":{"type":"Polygon","coordinates":[[[2.0076,43.5698],[2.0084,43.5699],[2.0117,43.5691],[2.012,43.5684],[2.0122,43.5674],[2.0117,43.5666],[2.0104,43.5665],[2.009,43.5669],[2.0071,43.5663],[2.006,43.5662],[2.0045,43.5658],[2.0026,43.5653],[2.0024,43.5655],[2.0011,43.565],[1.9997,43.5656],[2.0004,43.5666],[1.9972,43.568],[1.9971,43.568],[1.9987,43.5691],[1.9991,43.5696],[1.9994,43.57],[2.0023,43.5701],[2.0037,43.5703],[2.0042,43.5698],[2.0052,43.5697],[2.0057,43.5702],[2.0068,43.5701],[2.0076,43.5698]]]},"properties":{"id_ffco":"8056","nom":"STADE DE FOOT ET DE RUGBY PUYLAURENS","_dept":"81","numero":"2009-D81-115","commune":"PUYLAURENS","echelle":"1/4000","surface":"0.46 km²","format":"A4","annee":"2009","cartographes":"C. ESCUDIE","proprietaire":"81 - Tarn","niveau":"Initiation, Scolaire","specialite":"CO à pied","latitude":"43.5679666235","longitude":"2.00468193748","date_saisie":"09/02/2015","date_depot":"08/01/2015","valide":"Oui","ppo":"Non","type_carte":"Nouvelle carte","fond":"Ortho","obsolete":false}},{"type":"Feature","geometry":{"type":"Polygon","coordinates":[[[2.0638,43.4507],[2.0642,43.4509],[2.0647,43.4512],[2.0648,43.4515],[2.065,43.4524],[2.0654,43.4531],[2.0657,43.4535],[2.0662,43.4538],[2.0671,43.4541],[2.0679,43.4541],[2.0686,43.4538],[2.0692,43.4535],[2.0698,43.4534],[2.0705,43.4534],[2.071,43.4535],[2.0716,43.4532],[2.0723,43.4529],[2.0729,43.4514],[2.0729,43.4506],[2.0725,43.4504],[2.0714,43.4503],[2.0703,43.4503],[2.069,43.4503],[2.0678,43.4505],[2.0675,43.4502],[2.0673,43.4497],[2.0671,43.4494],[2.0663,43.4495],[2.065,43.4499],[2.0638,43.4507]]]},"properties":{"id_ffco":"8525","nom":"SOREZE VILLAGE","_dept":"81","numero":"2009-D81-114","commune":"SOREZE","echelle":"1/2500","surface":"0.25 km²","format":"A4","annee":"2009","cartographes":"ESCUDIE Christian","proprietaire":"8104 - AZIMUT ORIENTATION CASTRES","niveau":"Régional","specialite":"CO à pied","latitude":"43.4517823548","longitude":"2.06843808728","date_saisie":"21/07/2015","date_depot":"22/01/2016","valide":"Oui","ppo":"Non","type_carte":"Nouvelle carte","fond":"Ortho","obsolete":false}},{"type":"Feature","geometry":{"type":"Polygon","coordinates":[[[2.0662,43.4508],[2.0677,43.4504],[2.07,43.4503],[2.0714,43.4525],[2.0706,43.4529],[2.0697,43.4533],[2.0691,43.4536],[2.0688,43.4536],[2.0684,43.4531],[2.0677,43.4527],[2.0674,43.4526],[2.0668,43.452],[2.0662,43.4508]]]},"properties":{"id_ffco":"8054","nom":"PARC DE L'ABBAYE  SORREZE","_dept":"81","numero":"2009-D81-113","commune":"SOREZE","echelle":"1/2000","surface":"0.1 km²","format":"A4","annee":"2009","cartographes":"C. ESCUDIE","proprietaire":"8104 - AZIMUT ORIENTATION CASTRES","niveau":"Initiation, Scolaire","specialite":"CO à pied","latitude":"43.451765803","longitude":"2.06887426166","date_saisie":"09/02/2015","date_depot":"08/01/2015","valide":"Oui","ppo":"Non","type_carte":"Nouvelle carte","fond":"Ortho","obsolete":false}},{"type":"Feature","geometry":{"type":"Polygon","coordinates":[[[2.3337,43.9778],[2.3338,43.9823],[2.3309,43.9825],[2.3289,43.9829],[2.3268,43.9833],[2.3184,43.9862],[2.3166,43.9864],[2.3163,43.9787],[2.3337,43.9778]]]},"properties":{"id_ffco":"8053","nom":"FORET DEPARTEMENTALE DE SERSNAC","_dept":"81","numero":"2009-D81-112","commune":"SERENAC","echelle":"1/5000","surface":"0.91 km²","format":"A4","annee":"2009","cartographes":"C. ESCUDIE,L. AUDOUIN","proprietaire":"81 - Tarn","niveau":"Départemental","specialite":"CO à pied","latitude":"43.9813139014","longitude":"2.32413658153","date_saisie":"09/02/2015","date_depot":"08/01/2015","valide":"Oui","ppo":"Non","type_carte":"Reprise","base":"1982-D81-002 SERENAC","fond":"Cadastre","obsolete":false}},{"type":"Feature","geometry":{"type":"Polygon","coordinates":[[[1.6837,43.7747],[1.6832,43.7746],[1.6814,43.7749],[1.6794,43.7739],[1.6801,43.7732],[1.6803,43.7726],[1.6821,43.7728],[1.6825,43.7735],[1.6834,43.774],[1.6836,43.7744],[1.6837,43.7747]]]},"properties":{"id_ffco":"8052","nom":"STADE MESSALE","_dept":"81","numero":"2009-D81-111","commune":"SAINT SULPICE","echelle":"1/1500","surface":"0.05 km²","format":"A4","annee":"2009","cartographes":"C. ESCUDIE","proprietaire":"8105 - BALISE ORIENTATION ALBIGEOISE","niveau":"Initiation, Scolaire","specialite":"CO à pied","latitude":"43.7738283941","longitude":"1.68147460783","date_saisie":"09/02/2015","date_depot":"08/01/2015","valide":"Oui","ppo":"Non","type_carte":"Nouvelle carte","fond":"Ortho","obsolete":false}},{"type":"Feature","geometry":{"type":"Polygon","coordinates":[[[1.7079,43.9949],[1.7078,43.9925],[1.7096,43.9909],[1.7103,43.9909],[1.7104,43.9902],[1.7128,43.9902],[1.7126,43.9949],[1.7079,43.9949]]]},"properties":{"id_ffco":"8051","nom":"PUYCELSI VILLAGE","_dept":"81","numero":"2009-D81-110","commune":"PUYCELSI","echelle":"1/2000","surface":"0.17 km²","format":"A4","annee":"2009","cartographes":"C. ESCUDIE","proprietaire":"8105 - BALISE ORIENTATION ALBIGEOISE","niveau":"Départemental","specialite":"CO à pied","latitude":"43.9927790834","longitude":"1.71052732569","date_saisie":"09/02/2015","date_depot":"08/01/2015","valide":"Oui","ppo":"Non","type_carte":"Reprise","base":"2006-D81-038 PUYCELSI Village","fond":"Ortho","obsolete":false}},{"type":"Feature","geometry":{"type":"Polygon","coordinates":[[[2.1946,43.947],[2.194,43.9469],[2.1936,43.9475],[2.1928,43.9474],[2.1918,43.9494],[2.1927,43.9502],[2.1933,43.9509],[2.1939,43.9512],[2.1949,43.9512],[2.1967,43.9509],[2.1978,43.9478],[2.1969,43.9476],[2.1958,43.9473],[2.1951,43.947],[2.1946,43.947]]]},"properties":{"id_ffco":"8050","nom":"COMPLEXE SPORTIF DE L'ALBERET SAINT JUERY","_dept":"81","numero":"2009-D81-109","commune":"SAINT JUERY","echelle":"1/2500","surface":"0.16 km²","format":"A4","annee":"2009","cartographes":"C. ESCUDIE","proprietaire":"81 - Tarn","niveau":"Initiation, Scolaire","specialite":"CO à pied","latitude":"43.949097716","longitude":"2.19481186538","date_saisie":"09/02/2015","date_depot":"08/01/2015","valide":"Oui","ppo":"Non","type_carte":"Nouvelle carte","fond":"Ortho","obsolete":false}},{"type":"Feature","geometry":{"type":"Polygon","coordinates":[[[2.0029,43.5651],[2.0019,43.5659],[2.0005,43.5665],[2.0001,43.5668],[2.0007,43.5676],[2.0015,43.5686],[2.0023,43.5691],[2.0033,43.5695],[2.0041,43.5695],[2.0077,43.5694],[2.0084,43.5696],[2.0084,43.569],[2.0081,43.5677],[2.0074,43.5663],[2.0067,43.5664],[2.0052,43.566],[2.0029,43.5651]]]},"properties":{"id_ffco":"8049","nom":"COLLEGE J. DURAND ET SATDE DE RUGBY","_dept":"81","numero":"2009-D81-108","commune":"PUYLAURENS","echelle":"1/2500","surface":"0.22 km²","format":"A4","annee":"2009","niveau":"Initiation, Scolaire","specialite":"CO à pied","latitude":"43.5675900126","longitude":"2.0044038877","date_saisie":"09/02/2015","date_depot":"08/01/2015","valide":"Oui","ppo":"Non","type_carte":"Nouvelle carte","fond":"Ortho","obsolete":false}},{"type":"Feature","geometry":{"type":"Polygon","coordinates":[[[1.9545,44.0681],[1.9552,44.0682],[1.9556,44.0686],[1.9555,44.0692],[1.9558,44.0697],[1.9566,44.0708],[1.9569,44.0711],[1.9564,44.0716],[1.9555,44.0724],[1.9549,44.0732],[1.951,44.0723],[1.9513,44.0706],[1.9516,44.0694],[1.9528,44.0681],[1.9532,44.0675],[1.9542,44.0679],[1.9545,44.0681]]]},"properties":{"id_ffco":"8048","nom":"STADE DE CORDE","_dept":"81","numero":"2009-D81-107","commune":"CORDES SUR CIEL","echelle":"1/2500","surface":"0.19 km²","format":"A4","annee":"2009","cartographes":"C. ESCUDIE","proprietaire":"81 - Tarn","niveau":"Initiation, Scolaire","specialite":"CO à pied","latitude":"44.070591323","longitude":"1.95377745049","date_saisie":"09/02/2015","date_depot":"08/01/2015","valide":"Oui","ppo":"Non","type_carte":"Nouvelle carte","fond":"Ortho","obsolete":false}},{"type":"Feature","geometry":{"type":"Polygon","coordinates":[[[1.9435,44.0677],[1.9441,44.0663],[1.9497,44.0662],[1.9504,44.0663],[1.9504,44.0673],[1.9489,44.0674],[1.9481,44.0679],[1.9468,44.0681],[1.945,44.0679],[1.9444,44.068],[1.9435,44.0677]]]},"properties":{"id_ffco":"8047","nom":"COLLEGE VAL CEROU CORDES SUR CIEL","_dept":"81","numero":"2009-D81-106","commune":"CORDES SUR CIEL","echelle":"1/2000","surface":"0.09 km²","format":"A4","annee":"2009","cartographes":"C. ESCUDIE","proprietaire":"81 - Tarn","niveau":"Initiation, Scolaire","specialite":"CO à pied","latitude":"44.0670564365","longitude":"1.94688236451","date_saisie":"09/02/2015","date_depot":"07/01/2015","valide":"Oui","ppo":"Non","type_carte":"Nouvelle carte","fond":"Ortho","obsolete":false}},{"type":"Feature","geometry":{"type":"Polygon","coordinates":[[[2.0077,43.5697],[2.0084,43.5699],[2.0121,43.5692],[2.0117,43.5688],[2.0125,43.5685],[2.0123,43.5681],[2.012,43.5671],[2.0112,43.5667],[2.0103,43.5664],[2.0089,43.5667],[2.0072,43.5671],[2.0073,43.568],[2.0077,43.5697]]]},"properties":{"id_ffco":"8046","nom":"LAC ET PARC DES SPORTS PUYLAURENS","_dept":"81","numero":"2009-D81-105","commune":"PUYLAURENS","echelle":"1/2000","surface":"0.12 km²","format":"A4","annee":"2009","cartographes":"C. ESCUDIE","proprietaire":"81 - Tarn","niveau":"Initiation, Scolaire","specialite":"CO à pied","latitude":"43.568135168","longitude":"2.00969279476","date_saisie":"09/02/2015","date_depot":"07/01/2015","valide":"Oui","ppo":"Non","type_carte":"Nouvelle carte","fond":"Ortho","obsolete":false}},{"type":"Feature","geometry":{"type":"Polygon","coordinates":[[[2.1523,44.0576],[2.1518,44.0553],[2.1547,44.055],[2.1547,44.0546],[2.156,44.0542],[2.1575,44.0532],[2.1585,44.0526],[2.16,44.0536],[2.1577,44.0552],[2.1563,44.0563],[2.1556,44.057],[2.1549,44.0573],[2.1537,44.0576],[2.1528,44.0578],[2.1523,44.0576]]]},"properties":{"id_ffco":"8038","nom":"STADE JEAN VAREILLES","_dept":"81","numero":"2009-D81-104","commune":"CARMAUX","echelle":"1/3000","surface":"0.15 km²","format":"A4","annee":"2009","cartographes":"C. ESCUDIE","proprietaire":"81 - Tarn","niveau":"Initiation, Scolaire","specialite":"CO à pied","latitude":"44.0553863643","longitude":"2.15549159237","date_saisie":"06/02/2015","date_depot":"07/01/2015","valide":"Oui","ppo":"Non","type_carte":"Nouvelle carte","fond":"Ortho","obsolete":false}},{"type":"Feature","geometry":{"type":"Polygon","coordinates":[[[2.1644,44.0509],[2.164,44.0505],[2.1633,44.0505],[2.163,44.0491],[2.162,44.0485],[2.1625,44.0478],[2.163,44.0468],[2.1643,44.047],[2.1647,44.0473],[2.1661,44.0486],[2.1662,44.049],[2.1665,44.0491],[2.1666,44.0498],[2.1656,44.0501],[2.1646,44.0503],[2.1646,44.0507],[2.1644,44.0509]]]},"properties":{"id_ffco":"8039","nom":"PARC JEAN JAURES  CARMAUX","_dept":"81","numero":"2009-D81-103","commune":"CARMAUX","echelle":"1/2000","surface":"0.09 km²","format":"A4","annee":"2009","cartographes":"C. ESCUDIE","proprietaire":"81 - Tarn","niveau":"Initiation, Scolaire","specialite":"CO à pied","latitude":"44.0487907567","longitude":"2.16424742125","date_saisie":"06/02/2015","date_depot":"07/01/2015","valide":"Oui","ppo":"Non","type_carte":"Nouvelle carte","fond":"Ortho","obsolete":false}},{"type":"Feature","geometry":{"type":"Polygon","coordinates":[[[2.1465,44.0503],[2.1459,44.049],[2.1454,44.0484],[2.1453,44.0477],[2.1445,44.0473],[2.1444,44.0466],[2.1439,44.0458],[2.1436,44.0451],[2.1433,44.0446],[2.1409,44.0445],[2.1399,44.0448],[2.1391,44.0453],[2.1389,44.0458],[2.1388,44.0463],[2.138,44.0463],[2.1369,44.0462],[2.1347,44.0474],[2.1361,44.0482],[2.1378,44.0489],[2.1393,44.0496],[2.1404,44.0502],[2.141,44.0504],[2.1437,44.0506],[2.1464,44.0504],[2.1465,44.0503]]]},"properties":{"id_ffco":"8037","nom":"PARC DE LA VERERIE","_dept":"81","numero":"2009-D81-102","commune":"CARMAUX","echelle":"1/3000","surface":"0.37 km²","format":"A4","annee":"2009","cartographes":"C. ESCUDIE","proprietaire":"81 - Tarn","niveau":"Initiation, Scolaire","specialite":"CO à pied","latitude":"44.0477382666","longitude":"2.14121770087","date_saisie":"06/02/2015","date_depot":"07/01/2015","valide":"Oui","ppo":"Non","type_carte":"Nouvelle carte","fond":"Ortho","obsolete":false}},{"type":"Feature","geometry":{"type":"Polygon","coordinates":[[[2.0086,43.5699],[2.0082,43.5685],[2.0076,43.567],[2.0071,43.5671],[2.0061,43.5668],[2.0039,43.5661],[2.0022,43.5653],[2.0007,43.5649],[1.9993,43.5657],[2.0002,43.5666],[1.9974,43.5679],[1.9971,43.5681],[1.9987,43.569],[1.9983,43.5696],[1.9995,43.5695],[1.9998,43.5704],[2.0025,43.5702],[2.004,43.5697],[2.005,43.5694],[2.0054,43.57],[2.0066,43.5697],[2.0069,43.57],[2.0086,43.5699]]]},"properties":{"id_ffco":"8036","nom":"STADE DE RUGBY PUYLAURENS","_dept":"81","numero":"2009-D81-101","commune":"PUYLAURENS","echelle":"1/3000","surface":"0.34 km²","format":"A4","annee":"2009","cartographes":"C. ESCUDIE","proprietaire":"81 - Tarn","niveau":"Initiation, Scolaire","specialite":"CO à pied","latitude":"43.5680146354","longitude":"2.0028970413","date_saisie":"06/02/2015","date_depot":"07/01/2015","valide":"Oui","ppo":"Non","type_carte":"Nouvelle carte","fond":"Ortho","obsolete":false}},{"type":"Feature","geometry":{"type":"Polygon","coordinates":[[[1.9059,43.8897],[1.9035,43.8897],[1.9008,43.8903],[1.8989,43.8911],[1.8981,43.8916],[1.8975,43.8921],[1.8979,43.8925],[1.898,43.8929],[1.8984,43.8935],[1.8988,43.8939],[1.8991,43.894],[1.8995,43.8935],[1.9004,43.894],[1.9013,43.8942],[1.9022,43.894],[1.903,43.8937],[1.9037,43.8928],[1.9047,43.8915],[1.9053,43.8908],[1.9059,43.8901],[1.9059,43.8897]]]},"properties":{"id_ffco":"8035","nom":"STADE ST ROCH GAILLAC","_dept":"81","numero":"2009-D81-100","commune":"GAILLAC","echelle":"1/2500","surface":"0.21 km²","format":"A4","annee":"2009","cartographes":"C. ESCUDIE","proprietaire":"81 - Tarn","niveau":"Initiation, Scolaire","specialite":"CO à pied","latitude":"43.8918647532","longitude":"1.90163558408","date_saisie":"06/02/2015","date_depot":"30/12/2014","valide":"Oui","ppo":"Non","type_carte":"Nouvelle carte","fond":"Ortho","obsolete":false}},{"type":"Feature","geometry":{"type":"Polygon","coordinates":[[[2.4023,43.5006],[2.4013,43.501],[2.4006,43.5011],[2.3994,43.5022],[2.3999,43.5024],[2.4009,43.5024],[2.4015,43.5025],[2.4026,43.5026],[2.403,43.5029],[2.4036,43.5032],[2.4047,43.5033],[2.4056,43.5032],[2.4061,43.5025],[2.4049,43.502],[2.4039,43.5016],[2.4027,43.501],[2.4023,43.5006]]]},"properties":{"id_ffco":"8034","nom":"STADE DE BOUT DU PONT  DE L'ARN","_dept":"81","numero":"2009-D81-099","commune":"BOUT DU PONT DE L'ARN","echelle":"1/1500","surface":"0.08 km²","format":"A4","annee":"2009","cartographes":"C. ECUDIE","proprietaire":"81 - Tarn","niveau":"Initiation, Scolaire","specialite":"CO à pied","latitude":"43.5020828128","longitude":"2.40281239866","date_saisie":"06/02/2015","date_depot":"30/12/2014","valide":"Oui","ppo":"Non","type_carte":"Nouvelle carte","fond":"Ortho","obsolete":false}},{"type":"Feature","geometry":{"type":"Polygon","coordinates":[[[2.2749,43.5362],[2.2744,43.5355],[2.2735,43.5341],[2.2759,43.5336],[2.2787,43.533],[2.2791,43.5339],[2.2793,43.5349],[2.2766,43.5354],[2.277,43.536],[2.2749,43.5365],[2.2749,43.5362]]]},"properties":{"id_ffco":"8033","nom":"STADE MUNICIPAL LA BRUGUIERE","_dept":"81","numero":"2009-D81-098","commune":"LABRUGUIERE","echelle":"1/2000","surface":"0.1 km²","format":"A4","annee":"2009","cartographes":"C. ESCUDIE","proprietaire":"81 - Tarn","niveau":"Initiation, Scolaire","specialite":"CO à pied","latitude":"43.5345985567","longitude":"2.27643420517","date_saisie":"06/02/2015","date_depot":"30/12/2014","valide":"Oui","ppo":"Non","type_carte":"Nouvelle carte","fond":"Ortho","obsolete":false}},{"type":"Feature","geometry":{"type":"Polygon","coordinates":[[[2.2545,43.5916],[2.2542,43.5912],[2.2539,43.591],[2.253,43.5907],[2.2519,43.5904],[2.2518,43.5902],[2.2514,43.5895],[2.2518,43.5887],[2.252,43.5883],[2.2523,43.5879],[2.2526,43.5877],[2.2533,43.5876],[2.2533,43.5874],[2.2566,43.5873],[2.2567,43.5881],[2.2565,43.589],[2.256,43.5899],[2.2555,43.5908],[2.2548,43.5914],[2.2545,43.5916]]]},"properties":{"id_ffco":"8032","nom":"STADE DE LAMELHIE","_dept":"81","numero":"2009-D81-097","commune":"CASTRES","echelle":"1/2500","surface":"0.14 km²","format":"A4","annee":"2009","cartographes":"C. ESCUDIE","proprietaire":"81 - Tarn","niveau":"Initiation, Scolaire","specialite":"CO à pied","latitude":"43.5891154178","longitude":"2.25419165971","date_saisie":"06/02/2015","date_depot":"30/12/2014","valide":"Oui","ppo":"Non","type_carte":"Nouvelle carte","fond":"Ortho","obsolete":false}},{"type":"Feature","geometry":{"type":"Polygon","coordinates":[[[2.0685,43.4544],[2.0706,43.4534],[2.0714,43.4535],[2.0708,43.453],[2.0727,43.452],[2.0712,43.4504],[2.0706,43.4503],[2.0698,43.4503],[2.0691,43.4503],[2.068,43.4504],[2.0674,43.4493],[2.0647,43.4494],[2.0646,43.4501],[2.0643,43.4503],[2.0637,43.4506],[2.064,43.4509],[2.0648,43.4513],[2.0648,43.4519],[2.065,43.4524],[2.0657,43.453],[2.0662,43.4536],[2.0671,43.454],[2.0678,43.4541],[2.0685,43.4544]]]},"properties":{"id_ffco":"8031","nom":"SOREZE","_dept":"81","numero":"2009-D81-096","commune":"SOREZE","echelle":"1/3000","surface":"0.24 km²","format":"A4","annee":"2009","cartographes":"C. ESCUDIE","proprietaire":"8104 - AZIMUT ORIENTATION CASTRES","niveau":"Départemental","specialite":"CO à pied","latitude":"43.4517398398","longitude":"2.06804412339","date_saisie":"06/02/2015","date_depot":"30/12/2014","valide":"Oui","ppo":"Non","type_carte":"Nouvelle carte","fond":"Ortho","obsolete":false}},{"type":"Feature","geometry":{"type":"Polygon","coordinates":[[[2.1421,43.5807],[2.1453,43.5807],[2.1452,43.5876],[2.1436,43.5876],[2.1376,43.5878],[2.1369,43.5859],[2.1377,43.5853],[2.1366,43.5811],[2.138,43.581],[2.1385,43.5822],[2.1398,43.583],[2.1411,43.5828],[2.1419,43.5824],[2.1421,43.5807]]]},"properties":{"id_ffco":"8030","nom":"BAES DE LOISIRS DES ETANG 2","_dept":"81","numero":"2009-D81-095","commune":"SAIX","echelle":"1/2000","surface":"0.44 km²","format":"A4","annee":"2009","cartographes":"C. ESUDIE","proprietaire":"8104 - AZIMUT ORIENTATION CASTRES","niveau":"Initiation, Scolaire","specialite":"CO à pied","latitude":"43.5845256496","longitude":"2.1413690387","date_saisie":"06/02/2015","date_depot":"30/12/2014","valide":"Oui","ppo":"Non","type_carte":"Extrait","base":"2006-D81-041 Base de Loisirs des Etangs","fond":"Ortho","obsolete":false}},{"type":"Feature","geometry":{"type":"Polygon","coordinates":[[[2.1483,43.5792],[2.1443,43.5768],[2.1432,43.5773],[2.1419,43.5778],[2.1409,43.5782],[2.1388,43.5781],[2.1377,43.5776],[2.136,43.577],[2.1356,43.577],[2.1365,43.5812],[2.1382,43.5855],[2.1359,43.5865],[2.1358,43.5871],[2.1362,43.5885],[2.1371,43.5898],[2.138,43.5905],[2.1386,43.5906],[2.1407,43.591],[2.1432,43.5917],[2.1442,43.5921],[2.1455,43.5924],[2.1444,43.5897],[2.1465,43.5892],[2.1462,43.5886],[2.1471,43.5882],[2.1457,43.5867],[2.1447,43.5854],[2.1441,43.5833],[2.1452,43.5824],[2.1471,43.5808],[2.1487,43.5795],[2.1483,43.5792]]]},"properties":{"id_ffco":"8029","nom":"BASE DE LOISIRS DES ETANG 2","_dept":"81","numero":"2009-D81-094","commune":"SAIX","echelle":"1/6000","surface":"1.12 km²","format":"A4","annee":"2009","cartographes":"Frédéric Jordan,C. ESCUDIE","proprietaire":"8104 - AZIMUT ORIENTATION CASTRES","niveau":"Départemental","specialite":"CO à pied","latitude":"43.5840509442","longitude":"2.14145118777","date_saisie":"06/02/2015","date_depot":"30/12/2014","valide":"Oui","ppo":"Non","type_carte":"Reprise","base":"2006-D81-041 Base de Loisirs des Etangs","fond":"Ortho","obsolete":false}},{"type":"Feature","geometry":{"type":"Polygon","coordinates":[[[2.383,43.5011],[2.3846,43.5004],[2.3856,43.4999],[2.3863,43.4998],[2.3869,43.4994],[2.3871,43.499],[2.3883,43.4985],[2.3915,43.4982],[2.3909,43.496],[2.3886,43.4965],[2.3864,43.4969],[2.3846,43.4967],[2.3823,43.4964],[2.3819,43.4962],[2.3815,43.4964],[2.3821,43.4968],[2.3813,43.4971],[2.381,43.4976],[2.3813,43.4982],[2.3814,43.4989],[2.3819,43.4997],[2.3825,43.5006],[2.3828,43.501],[2.383,43.5011]]]},"properties":{"id_ffco":"8028","nom":"PARC ET STADE DE LA CHEVALIERE","_dept":"81","numero":"2009-D81-093","commune":"MAZAMENT","echelle":"1/3000","surface":"0.26 km²","format":"A4","annee":"2009","cartographes":"C. ESCUDIE","proprietaire":"81 - Tarn","niveau":"Initiation, Scolaire","specialite":"CO à pied","latitude":"43.498158586","longitude":"2.3856161443","date_saisie":"06/02/2015","date_depot":"30/12/2014","valide":"Oui","ppo":"Non","type_carte":"Nouvelle carte","fond":"Ortho","obsolete":false}},{"type":"Feature","geometry":{"type":"Polygon","coordinates":[[[2.3854,43.4997],[2.3854,43.499],[2.3819,43.4965],[2.3831,43.4965],[2.3852,43.4967],[2.3871,43.4967],[2.389,43.4963],[2.3906,43.4961],[2.3914,43.4982],[2.3895,43.4983],[2.3879,43.4986],[2.3868,43.4991],[2.3867,43.4996],[2.3864,43.4998],[2.3854,43.4997]]]},"properties":{"id_ffco":"8027","nom":"STADE DE LA MOLIERE ET PICSINE","_dept":"81","numero":"2009-D81-092","commune":"MAZAMET","echelle":"1/2500","surface":"0.15 km²","format":"A4","annee":"2009","cartographes":"C. ESCUDIE","proprietaire":"81 - Tarn","niveau":"Initiation, Scolaire","specialite":"CO à pied","latitude":"43.4976309941","longitude":"2.38711825381","date_saisie":"06/02/2015","date_depot":"30/12/2014","valide":"Oui","ppo":"Non","type_carte":"Nouvelle carte","fond":"Ortho","obsolete":false}},{"type":"Feature","geometry":{"type":"Polygon","coordinates":[[[2.3828,43.5012],[2.3848,43.5002],[2.3859,43.4997],[2.3859,43.4991],[2.385,43.4983],[2.3829,43.4969],[2.3818,43.4977],[2.3813,43.4978],[2.3814,43.4987],[2.3825,43.5007],[2.3828,43.5012]]]},"properties":{"id_ffco":"8026","nom":"PARC DE LA MOLIERE  MAZAMET","_dept":"81","numero":"2009-D81-091","commune":"MAZAMET","echelle":"1/2000","surface":"0.1 km²","format":"A4","annee":"2009","cartographes":"C. ESCUDIE","proprietaire":"81 - Tarn","niveau":"Initiation, Scolaire","specialite":"CO à pied","latitude":"43.4990096233","longitude":"2.3834300446","date_saisie":"06/02/2015","date_depot":"30/12/2014","valide":"Oui","ppo":"Non","type_carte":"Nouvelle carte","fond":"Ortho","obsolete":false}},{"type":"Feature","geometry":{"type":"Polygon","coordinates":[[[1.8819,43.8891],[1.8816,43.8868],[1.8814,43.8843],[1.8813,43.884],[1.8705,43.8816],[1.8704,43.8806],[1.8673,43.8804],[1.8669,43.8817],[1.8681,43.8827],[1.8681,43.884],[1.8703,43.8841],[1.8701,43.8853],[1.8723,43.8855],[1.8719,43.8864],[1.8729,43.8865],[1.8728,43.8872],[1.8757,43.8879],[1.8758,43.8892],[1.8819,43.8891]]]},"properties":{"id_ffco":"8025","nom":"STADE DE LONGEVILLE GAILLAC","_dept":"81","numero":"2009-D81-090","commune":"GAILLAC","echelle":"1/5000","surface":"0.6 km²","format":"A4","annee":"2009","cartographes":"C. ESCUDIE","proprietaire":"81 - Tarn","niveau":"Initiation, Scolaire","specialite":"CO à pied","latitude":"43.8850575438","longitude":"1.87522323003","date_saisie":"06/02/2015","date_depot":"30/12/2014","valide":"Oui","ppo":"Non","type_carte":"Nouvelle carte","fond":"Ortho","obsolete":false}},{"type":"Feature","geometry":{"type":"Polygon","coordinates":[[[2.3607,43.4968],[2.3595,43.4951],[2.3605,43.4939],[2.3601,43.4931],[2.363,43.4925],[2.363,43.493],[2.3635,43.4932],[2.3636,43.4938],[2.3632,43.494],[2.3633,43.4946],[2.3637,43.4955],[2.3642,43.496],[2.3644,43.4963],[2.3642,43.4967],[2.3637,43.4969],[2.362,43.4975],[2.3618,43.4969],[2.3607,43.4968]]]},"properties":{"id_ffco":"8024","nom":"STADE RENE CARAOYN","_dept":"81","numero":"2009-D81-089","commune":"AUSSILLON","echelle":"1/2000","surface":"0.13 km²","format":"A4","annee":"2009","cartographes":"C. ESCUDIE","proprietaire":"81 - Tarn","niveau":"Initiation, Scolaire","specialite":"CO à pied","latitude":"43.4950229192","longitude":"2.36194884733","date_saisie":"06/02/2015","date_depot":"30/12/2014","valide":"Oui","ppo":"Oui (30 postes)","type_carte":"Nouvelle carte","fond":"Ortho","obsolete":false}},{"type":"Feature","geometry":{"type":"Polygon","coordinates":[[[2.3795,43.5052],[2.3804,43.5056],[2.3818,43.5059],[2.3824,43.5058],[2.3835,43.5049],[2.3835,43.5038],[2.3831,43.5028],[2.383,43.5019],[2.3828,43.5009],[2.3819,43.5016],[2.3795,43.5052]]]},"properties":{"id_ffco":"8023","nom":"STADE Gymnase Laprérouze à MAZANET","_dept":"81","numero":"2009-D81-088","commune":"MAZAMET","echelle":"1/2000","surface":"0.1 km²","format":"A4","annee":"2009","cartographes":"C. ESCUDIE","proprietaire":"81 - Tarn","niveau":"Initiation, Scolaire","specialite":"CO à pied","latitude":"43.5039059732","longitude":"2.38186520033","date_saisie":"06/02/2015","date_depot":"30/12/2014","valide":"Oui","ppo":"Non","type_carte":"Nouvelle carte","fond":"Ortho","obsolete":false}},{"type":"Feature","geometry":{"type":"Polygon","coordinates":[[[2.2316,43.6092],[2.2292,43.6101],[2.2311,43.6127],[2.2311,43.6128],[2.2316,43.6133],[2.2339,43.6118],[2.2316,43.6092]]]},"properties":{"id_ffco":"8022","nom":"STADE DU TRAVET  CASTRES","_dept":"81","numero":"2009-D81-087","commune":"CASTRES","echelle":"1/2000","surface":"0.09 km²","format":"A4","annee":"2009","cartographes":"C. ESCUDIE","proprietaire":"81 - Tarn","niveau":"Initiation, Scolaire","specialite":"CO à pied","latitude":"43.6111314113","longitude":"2.23153906233","date_saisie":"06/02/2015","date_depot":"30/12/2014","valide":"Oui","ppo":"Non","type_carte":"Nouvelle carte","fond":"Ortho","obsolete":false}},{"type":"Feature","geometry":{"type":"Polygon","coordinates":[[[2.2464,43.5869],[2.2472,43.5865],[2.2481,43.5858],[2.2489,43.5852],[2.2498,43.5845],[2.251,43.5839],[2.2515,43.5834],[2.2507,43.5827],[2.2501,43.5826],[2.249,43.5828],[2.2473,43.5831],[2.2469,43.5837],[2.2463,43.5843],[2.2453,43.5846],[2.2449,43.5849],[2.2448,43.586],[2.2456,43.5863],[2.2464,43.5869]]]},"properties":{"id_ffco":"8021","nom":"STADE DE LA CAPLANIE ET BOIS DE VERDUN","_dept":"81","numero":"2009-D81-086","commune":"CASTRES","echelle":"1/2500","surface":"0.12 km²","format":"A4","annee":"2009","cartographes":"C. ESCUDIE","proprietaire":"81 - Tarn","niveau":"Initiation, Scolaire","specialite":"CO à pied","latitude":"43.5845381932","longitude":"2.24787578318","date_saisie":"06/02/2015","date_depot":"30/12/2014","valide":"Oui","ppo":"Non","type_carte":"Nouvelle carte","fond":"Ortho","obsolete":false}},{"type":"Feature","geometry":{"type":"Polygon","coordinates":[[[1.9032,43.9019],[1.9027,43.9026],[1.9021,43.9041],[1.9028,43.9051],[1.9032,43.9048],[1.9042,43.9043],[1.9054,43.9037],[1.9057,43.9034],[1.9057,43.9032],[1.9032,43.9019]]]},"properties":{"id_ffco":"8020","nom":"GYMNASE PICHERY  GAILLAC","_dept":"81","numero":"2009-D81-085","commune":"GAILLAC","echelle":"1/1500","surface":"0.05 km²","format":"A4","annee":"2009","cartographes":"C. ESCUDIE","proprietaire":"81 - Tarn","niveau":"Initiation, Scolaire","specialite":"CO à pied","latitude":"43.9034824252","longitude":"1.90366876939","date_saisie":"06/02/2015","date_depot":"30/12/2014","valide":"Oui","ppo":"Non","type_carte":"Nouvelle carte","fond":"Ortho","obsolete":false}},{"type":"Feature","geometry":{"type":"Polygon","coordinates":[[[1.899,43.8968],[1.8989,43.8965],[1.8994,43.896],[1.9,43.8956],[1.9005,43.8953],[1.9005,43.8951],[1.899,43.8936],[1.8986,43.8933],[1.8983,43.8928],[1.8982,43.8926],[1.8974,43.8933],[1.8971,43.8939],[1.8966,43.8951],[1.8967,43.8953],[1.8976,43.8956],[1.8982,43.8963],[1.899,43.8968]]]},"properties":{"id_ffco":"8019","nom":"PARC DE FOUCAUD GAILLAC","_dept":"81","numero":"2009-D81-084","commune":"GAILLAC","echelle":"1/1500","surface":"0.07 km²","format":"A4","annee":"2009","cartographes":"C. ESCUDIE","proprietaire":"81 - Tarn","niveau":"Initiation, Scolaire","specialite":"CO à pied","latitude":"43.8947519532","longitude":"1.89842721852","date_saisie":"06/02/2015","date_depot":"29/12/2014","valide":"Oui","ppo":"Oui (43 postes)","type_carte":"Nouvelle carte","fond":"Ortho","obsolete":false}},{"type":"Feature","geometry":{"type":"Polygon","coordinates":[[[2.4923,43.4826],[2.4919,43.4823],[2.4915,43.482],[2.4913,43.4817],[2.4912,43.4814],[2.4911,43.4812],[2.4911,43.481],[2.491,43.4808],[2.49,43.4811],[2.4899,43.481],[2.4891,43.4811],[2.489,43.4813],[2.4888,43.4816],[2.4888,43.4817],[2.4889,43.4819],[2.4886,43.4819],[2.4882,43.4818],[2.4883,43.4819],[2.4881,43.4825],[2.4876,43.4837],[2.4871,43.4844],[2.487,43.4847],[2.4872,43.4847],[2.4875,43.4846],[2.4881,43.4845],[2.4885,43.4845],[2.489,43.4841],[2.4893,43.4839],[2.49,43.4838],[2.4906,43.4834],[2.4912,43.4833],[2.4916,43.4833],[2.4917,43.4832],[2.4923,43.4826]]]},"properties":{"id_ffco":"8018","nom":"PARC DU CHATEAU SAINT AMANS VALTORET","_dept":"81","numero":"2009-D81-083","commune":"SAINT AMANS VALTORET","echelle":"1/2000","surface":"0.09 km²","format":"A4","annee":"2009","cartographes":"C. ESCUDIE","proprietaire":"81 - Tarn","niveau":"Initiation, Scolaire","specialite":"CO à pied","latitude":"43.4827206577","longitude":"2.48961912203","date_saisie":"06/02/2015","date_depot":"29/12/2014","valide":"Oui","ppo":"Non","type_carte":"Nouvelle carte","fond":"Ortho","obsolete":false}},{"type":"Feature","geometry":{"type":"Polygon","coordinates":[[[2.3966,43.5075],[2.3986,43.5059],[2.4003,43.5072],[2.3999,43.5075],[2.3995,43.5072],[2.3981,43.5079],[2.3978,43.5082],[2.3966,43.5075]]]},"properties":{"id_ffco":"8017","nom":"STADE DU PONT DE L'ARN","_dept":"81","numero":"2009-D81-082","commune":"PONT DE L' ARN","echelle":"1/2000","surface":"0.03 km²","format":"A4","annee":"2009","cartographes":"C. ESCUDIE","proprietaire":"81 - Tarn","niveau":"Initiation, Scolaire","specialite":"CO à pied","latitude":"43.5071120781","longitude":"2.3983621862","date_saisie":"06/02/2015","date_depot":"29/12/2014","valide":"Oui","ppo":"Non","type_carte":"Nouvelle carte","fond":"Ortho","obsolete":false}},{"type":"Feature","geometry":{"type":"Polygon","coordinates":[[[2.252,43.6073],[2.2559,43.6083],[2.2569,43.6083],[2.2573,43.6079],[2.2569,43.6072],[2.256,43.6056],[2.2552,43.6044],[2.2549,43.6043],[2.2524,43.6068],[2.252,43.6073]]]},"properties":{"id_ffco":"8016","nom":"COLLEGE JEAN MONET","_dept":"81","numero":"2009-D81-081","commune":"CASTRES","echelle":"1/2000","surface":"0.1 km²","format":"A4","annee":"2009","cartographes":"C. ESCUDIE","proprietaire":"81 - Tarn","niveau":"Initiation, Scolaire","specialite":"CO à pied","latitude":"43.6066262781","longitude":"2.25486857154","date_saisie":"06/02/2015","date_depot":"29/12/2014","valide":"Oui","ppo":"Non","type_carte":"Nouvelle carte","fond":"Ortho","obsolete":false}},{"type":"Feature","geometry":{"type":"Polygon","coordinates":[[[2.1208,43.9984],[2.121,43.9988],[2.1211,43.9993],[2.1219,44.0001],[2.1231,44.0006],[2.1247,44.001],[2.1266,44.0014],[2.1289,44.002],[2.1306,44.0025],[2.1323,44.003],[2.1356,44.0036],[2.1369,44.0036],[2.1373,44.0028],[2.1377,43.9956],[2.1372,43.9944],[2.1358,43.9938],[2.1344,43.9932],[2.1336,43.9926],[2.1315,43.9939],[2.1287,43.9951],[2.1254,43.9963],[2.1208,43.9984]]]},"properties":{"id_ffco":"8015","nom":"CITE DE LOMPS  CAGNAC LES MINES","_dept":"81","numero":"2009-D81-080","commune":"CAGNAC LES MINES","echelle":"1/3500","surface":"1.01 km²","format":"A4","annee":"2009","cartographes":"C. ESCUDIE","proprietaire":"8105 - BALISE ORIENTATION ALBIGEOISE","niveau":"Initiation, Scolaire","specialite":"CO à pied","latitude":"43.9984890301","longitude":"2.13105015941","date_saisie":"05/02/2015","date_depot":"29/12/2014","valide":"Oui","ppo":"Non","type_carte":"Nouvelle carte","fond":"Ortho","obsolete":false}},{"type":"Feature","geometry":{"type":"Polygon","coordinates":[[[2.1252,43.9965],[2.1347,44.0],[2.1373,44.0001],[2.1377,43.9952],[2.136,43.9939],[2.1336,43.9927],[2.1319,43.9938],[2.1296,43.9948],[2.1252,43.9965]]]},"properties":{"id_ffco":"8014","nom":"LAC D'HOMPS  CAGNAC LES MINES","_dept":"81","numero":"2009-D81-079","commune":"CAGNAC LES MINES","echelle":"1/2500","surface":"0.46 km²","format":"A4","annee":"2009","cartographes":"C. ESCUDIE","proprietaire":"8105 - BALISE ORIENTATION ALBIGEOISE","niveau":"Initiation, Scolaire","specialite":"CO à pied","latitude":"43.9965847406","longitude":"2.13299491327","date_saisie":"05/02/2015","date_depot":"29/12/2014","valide":"Oui","ppo":"Non","type_carte":"Nouvelle carte","fond":"Ortho","obsolete":false}},{"type":"Feature","geometry":{"type":"Polygon","coordinates":[[[2.1375,43.934],[2.1394,43.9343],[2.1386,43.9334],[2.1377,43.9321],[2.1377,43.931],[2.1383,43.9299],[2.1386,43.9293],[2.1381,43.9291],[2.1313,43.93],[2.1305,43.931],[2.1313,43.9327],[2.1323,43.9337],[2.1343,43.9352],[2.1375,43.934]]]},"properties":{"id_ffco":"8013","nom":"BASSE DE LOISIRS DE PRATGROSSAL","_dept":"81","numero":"2009-D81-078","commune":"ALBI","echelle":"1/4000","surface":"0.3 km²","format":"A4","annee":"2009","cartographes":"C. ESCUDIE","proprietaire":"8105 - BALISE ORIENTATION ALBIGEOISE","niveau":"Initiation, Scolaire","specialite":"CO à pied","latitude":"43.931978041","longitude":"2.13483470007","date_saisie":"05/02/2015","date_depot":"29/12/2014","valide":"Oui","ppo":"Non","type_carte":"Nouvelle carte","fond":"Ortho","obsolete":false}},{"type":"Feature","geometry":{"type":"Polygon","coordinates":[[[2.1429,43.9422],[2.1429,43.9412],[2.1425,43.9412],[2.1425,43.9408],[2.1431,43.9409],[2.1435,43.9407],[2.1434,43.9394],[2.1462,43.9395],[2.1462,43.9401],[2.1467,43.9406],[2.1468,43.9411],[2.1452,43.9415],[2.1453,43.9422],[2.1429,43.9422]]]},"properties":{"id_ffco":"8012","nom":"STADE DE MAZICOU","_dept":"81","numero":"2009-D81-077","commune":"ALBI","echelle":"1/2500","surface":"0.07 km²","format":"A4","annee":"2009","cartographes":"C. ESCUDIE","proprietaire":"8105 - BALISE ORIENTATION ALBIGEOISE","niveau":"Initiation, Scolaire","specialite":"CO à pied","latitude":"43.9408142789","longitude":"2.14463877427","date_saisie":"05/02/2015","date_depot":"29/12/2014","valide":"Oui","ppo":"Non","type_carte":"Nouvelle carte","fond":"Ortho","obsolete":false}},{"type":"Feature","geometry":{"type":"Polygon","coordinates":[[[2.1704,43.9331],[2.1709,43.9316],[2.1732,43.9316],[2.1727,43.9339],[2.1704,43.9331]]]},"properties":{"id_ffco":"8011","nom":"STADE DE CAUSSELS  ASPTT ALBI","_dept":"81","numero":"2009-D81-076","commune":"ALBI","echelle":"1/1500","surface":"0.04 km²","format":"A4","annee":"2009","cartographes":"C. ESCUDIE","proprietaire":"8105 - BALISE ORIENTATION ALBIGEOISE","niveau":"Initiation, Scolaire","specialite":"CO à pied","latitude":"43.9325480664","longitude":"2.17188783858","date_saisie":"05/02/2015","date_depot":"29/12/2014","valide":"Oui","ppo":"Non","type_carte":"Nouvelle carte","fond":"Ortho","obsolete":false}},{"type":"Feature","geometry":{"type":"Polygon","coordinates":[[[2.1443,43.9227],[2.1442,43.9223],[2.1442,43.9218],[2.1438,43.921],[2.1433,43.9202],[2.144,43.9202],[2.1454,43.9205],[2.146,43.921],[2.1466,43.9217],[2.146,43.9228],[2.1443,43.9227]]]},"properties":{"id_ffco":"8010","nom":"PARC DE ROCHEGUDE","_dept":"81","numero":"2009-D81-075","commune":"ALBI","echelle":"1/500","surface":"0.05 km²","format":"A4","annee":"2009","cartographes":"C. ESCUDIE","proprietaire":"8105 - BALISE ORIENTATION ALBIGEOISE","niveau":"Initiation, Scolaire","specialite":"CO à pied","latitude":"43.9215125804","longitude":"2.14505608964","date_saisie":"05/02/2015","date_depot":"29/12/2014","valide":"Oui","ppo":"Non","type_carte":"Reprise","base":"1983-D81-003 ROCHEGUDE","fond":"Ortho","obsolete":false}},{"type":"Feature","geometry":{"type":"Polygon","coordinates":[[[2.1587,43.9498],[2.158,43.9495],[2.1588,43.9486],[2.1595,43.9477],[2.1598,43.9465],[2.1601,43.9452],[2.1608,43.9447],[2.1619,43.944],[2.1631,43.9437],[2.1638,43.9445],[2.1646,43.9462],[2.1645,43.9473],[2.1622,43.9483],[2.1593,43.9499],[2.1587,43.9498]]]},"properties":{"id_ffco":"8009","nom":"BASE DE LOISIRS DE CANTEPEAU","_dept":"81","numero":"2009-D81-074","commune":"ALBI","echelle":"1/2500","surface":"0.19 km²","format":"A4","annee":"2009","cartographes":"C. ESCUDIE","proprietaire":"8105 - BALISE ORIENTATION ALBIGEOISE","niveau":"Initiation, Scolaire","specialite":"CO à pied","latitude":"43.9467751387","longitude":"2.16161801456","date_saisie":"05/02/2015","date_depot":"29/12/2014","valide":"Oui","ppo":"Oui (50 postes)","type_carte":"Nouvelle carte","fond":"Ortho","obsolete":false}},{"type":"Feature","geometry":{"type":"Polygon","coordinates":[[[2.3009,43.5297],[2.3002,43.5302],[2.2963,43.5343],[2.295,43.5351],[2.2923,43.5366],[2.2907,43.5366],[2.2875,43.5371],[2.2818,43.5402],[2.2821,43.5425],[2.3067,43.5422],[2.3064,43.5297],[2.301,43.5297],[2.3009,43.5297]]]},"properties":{"id_ffco":"8008","nom":"LE CAUSSE DE CAUCALIERES","_dept":"81","numero":"2009-D81-073","commune":"CAUCALIERES","echelle":"1/5000","surface":"1.74 km²","format":"A4","annee":"2009","cartographes":"L. AUDOUIN","proprietaire":"8104 - AZIMUT ORIENTATION CASTRES","niveau":"Départemental","specialite":"CO à pied","latitude":"43.5376365319","longitude":"2.29719559788","date_saisie":"05/02/2015","date_depot":"29/12/2014","valide":"Oui","ppo":"Non","type_carte":"Nouvelle carte","fond":"Ortho","obsolete":false}},{"type":"Feature","geometry":{"type":"Polygon","coordinates":[[[1.681,43.9142],[1.681,43.9166],[1.6821,43.9165],[1.6836,43.9166],[1.6849,43.917],[1.6861,43.9172],[1.6869,43.9175],[1.6872,43.9175],[1.6876,43.9143],[1.6853,43.9143],[1.681,43.9142]]]},"properties":{"id_ffco":"8007","nom":"LES SOURIGOUS","_dept":"81","numero":"2009-D81-072","commune":"SALVAGNAC","echelle":"1/2500","surface":"0.15 km²","format":"A4","annee":"2009","cartographes":"P. NATALI","proprietaire":"8105 - BALISE ORIENTATION ALBIGEOISE","niveau":"Initiation, Scolaire","specialite":"CO à pied","latitude":"43.9155786854","longitude":"1.68440813621","date_saisie":"05/02/2015","date_depot":"22/01/2016","valide":"Oui","ppo":"Oui (30 postes)","type_carte":"Nouvelle carte","fond":"Ortho","obsolete":false}},{"type":"Feature","geometry":{"type":"Polygon","coordinates":[[[1.7791,44.0293],[1.7792,44.027],[1.7669,44.0265],[1.7669,44.0276],[1.7673,44.0291],[1.7675,44.0298],[1.7672,44.0303],[1.7665,44.0308],[1.7659,44.0317],[1.7664,44.0419],[1.7693,44.0418],[1.7695,44.039],[1.7709,44.0355],[1.7732,44.0327],[1.7791,44.0293]]]},"properties":{"id_ffco":"8006","nom":"OPPIDUM ST CLEMENT","_dept":"81","numero":"2008-D81-071","commune":"CASTELNAU DE MONT MIRAL","echelle":"1/5000","surface":"0.92 km²","format":"A4","annee":"2008","cartographes":"M. COTIRA,A. MARUIS,J. VIGUIER,L. TINTAR","proprietaire":"8105 - BALISE ORIENTATION ALBIGEOISE","niveau":"Interrégional","specialite":"CO à pied","latitude":"44.032209613","longitude":"1.77072872086","date_saisie":"05/02/2015","date_depot":"22/01/2016","valide":"Oui","ppo":"Non","type_carte":"Nouvelle carte","fond":"Ortho","obsolete":false}},{"type":"Feature","geometry":{"type":"Polygon","coordinates":[[[1.6964,43.9076],[1.6936,43.9072],[1.6911,43.9083],[1.6917,43.9094],[1.6939,43.9086],[1.6964,43.9088],[1.6964,43.9076]]]},"properties":{"id_ffco":"8005","nom":"STADE DE LA ROSIERE","_dept":"81","numero":"2008-D81-070","commune":"SALVAGNAC","echelle":"1/2000","surface":"0.06 km²","format":"A5","annee":"2008","cartographes":"P. NATALI","proprietaire":"8105 - BALISE ORIENTATION ALBIGEOISE","niveau":"Initiation, Scolaire","specialite":"CO à pied","latitude":"43.9082018008","longitude":"1.69382236721","date_saisie":"05/02/2015","date_depot":"22/01/2016","valide":"Oui","ppo":"Non","type_carte":"Nouvelle carte","fond":"Ortho","obsolete":false}},{"type":"Feature","geometry":{"type":"Polygon","coordinates":[[[1.7753,44.0183],[1.7776,44.0176],[1.7781,44.0177],[1.7789,44.0196],[1.7796,44.0208],[1.7807,44.0215],[1.7818,44.0222],[1.7821,44.0231],[1.7822,44.0238],[1.7828,44.0247],[1.7836,44.0251],[1.7848,44.0254],[1.7861,44.0249],[1.7853,44.0437],[1.7838,44.0436],[1.783,44.0431],[1.7637,44.0439],[1.7635,44.0432],[1.7622,44.0423],[1.7617,44.0414],[1.7616,44.04],[1.7613,44.0382],[1.7618,44.034],[1.7642,44.033],[1.7647,44.0322],[1.7658,44.0315],[1.7668,44.0302],[1.7672,44.0296],[1.7668,44.0274],[1.7671,44.0257],[1.7685,44.0242],[1.7701,44.0225],[1.7713,44.0214],[1.7735,44.0201],[1.7753,44.0183]]]},"properties":{"id_ffco":"8004","nom":"Gresigne OPIDUM ST CLEMENT","_dept":"81","numero":"2008-D81-069","commune":"CASTELNAU DE MONT MIRAL","echelle":"1/10000","surface":"4.17 km²","format":"A4","annee":"2008","cartographes":"J. VIGUIER,D Rosca,L. TINTAR,M. COTIRA","proprietaire":"8105 - BALISE ORIENTATION ALBIGEOISE","niveau":"National, International","specialite":"CO à pied","latitude":"44.0330371609","longitude":"1.77478791739","date_saisie":"05/02/2015","date_depot":"22/01/2016","valide":"Oui","ppo":"Non","type_carte":"Nouvelle carte","fond":"Ortho","obsolete":false}},{"type":"Feature","geometry":{"type":"Polygon","coordinates":[[[2.1381,43.9244],[2.1377,43.924],[2.137,43.924],[2.136,43.9242],[2.1358,43.9243],[2.1344,43.9257],[2.1348,43.9261],[2.1353,43.9263],[2.1356,43.9264],[2.1358,43.9257],[2.136,43.9252],[2.1364,43.9253],[2.1368,43.9254],[2.1371,43.9254],[2.137,43.9251],[2.1378,43.9247],[2.1381,43.9244]]]},"properties":{"id_ffco":"4716","nom":"STADE LAGREZE","_dept":"81","numero":"2008-D81-068","commune":"Albi","echelle":"1/2500","surface":"0.04 km²","format":"A4","annee":"2008","cartographes":"Escudié Ch.","proprietaire":"8105 - BALISE ORIENTATION ALBIGEOISE","niveau":"Initiation, Scolaire","specialite":"CO à pied","latitude":"43.9249820135","longitude":"2.13620459676","date_saisie":"13/01/2010","date_depot":"20/01/2010","valide":"Oui","ppo":"Non","type_carte":"Nouvelle carte","fond":"Ortho","obsolete":false}},{"type":"Feature","geometry":{"type":"Polygon","coordinates":[[[1.9558,43.7677],[1.9563,43.7664],[1.9559,43.7662],[1.9557,43.766],[1.9559,43.7625],[1.9584,43.7585],[1.962,43.759],[1.9616,43.7594],[1.9616,43.7601],[1.9613,43.7612],[1.9613,43.762],[1.9615,43.7632],[1.9618,43.7637],[1.963,43.7642],[1.9634,43.7645],[1.9638,43.7651],[1.9637,43.7664],[1.9631,43.7665],[1.9617,43.7678],[1.9618,43.7684],[1.9612,43.7684],[1.9609,43.7686],[1.9598,43.7686],[1.9581,43.7682],[1.957,43.7682],[1.9559,43.7679],[1.9558,43.7677]]]},"properties":{"id_ffco":"4715","nom":"STADE DE LA JONQUIERE","_dept":"81","numero":"2008-D81-067","commune":"Graulhet","echelle":"1/4500","surface":"0.5 km²","format":"A4","annee":"2008","cartographes":"Escudié Ch.","proprietaire":"8105 - BALISE ORIENTATION ALBIGEOISE","niveau":"Initiation, Scolaire","specialite":"CO à pied","latitude":"43.7640571338","longitude":"1.95932578902","date_saisie":"13/01/2010","date_depot":"20/01/2010","valide":"Oui","ppo":"Non","type_carte":"Nouvelle carte","fond":"Ortho","obsolete":false}},{"type":"Feature","geometry":{"type":"Polygon","coordinates":[[[1.6838,43.7777],[1.6851,43.7772],[1.6872,43.7768],[1.6892,43.7767],[1.6894,43.776],[1.6891,43.7753],[1.6887,43.7743],[1.6884,43.7735],[1.6885,43.7726],[1.6889,43.7726],[1.6889,43.7724],[1.6885,43.7724],[1.6884,43.7722],[1.688,43.7722],[1.6878,43.7727],[1.6876,43.773],[1.686,43.7737],[1.6858,43.7738],[1.6857,43.7741],[1.6839,43.7744],[1.6835,43.7744],[1.6821,43.7746],[1.6812,43.7748],[1.6811,43.775],[1.682,43.7755],[1.6828,43.776],[1.6825,43.7761],[1.6824,43.7765],[1.6838,43.7777]]]},"properties":{"id_ffco":"4714","nom":"ST SULPICE","_dept":"81","numero":"2008-D81-066","commune":"St Sulpice","echelle":"1/2000","surface":"0.2 km²","format":"A4","annee":"2008","cartographes":"Escudié Ch.","proprietaire":"8105 - BALISE ORIENTATION ALBIGEOISE","niveau":"Initiation, Scolaire","specialite":"CO à pied","latitude":"43.7753524669","longitude":"1.68582768312","date_saisie":"13/01/2010","date_depot":"20/01/2010","valide":"Oui","ppo":"Non","type_carte":"Nouvelle carte","fond":"Ortho","obsolete":false}},{"type":"Feature","geometry":{"type":"Polygon","coordinates":[[[1.8593,43.665],[1.8569,43.6643],[1.8503,43.6597],[1.8527,43.6578],[1.8548,43.6555],[1.8571,43.6532],[1.8588,43.6518],[1.8621,43.6491],[1.8641,43.6491],[1.8652,43.6497],[1.8664,43.6499],[1.8677,43.6502],[1.8682,43.6508],[1.869,43.651],[1.8702,43.6512],[1.8707,43.6514],[1.8731,43.651],[1.8732,43.6503],[1.8748,43.6494],[1.8781,43.6478],[1.8792,43.648],[1.8795,43.6486],[1.8789,43.6491],[1.8788,43.6493],[1.8796,43.6498],[1.8802,43.6509],[1.881,43.6511],[1.8817,43.6512],[1.8821,43.6517],[1.8824,43.6519],[1.8831,43.6521],[1.8838,43.6525],[1.8844,43.653],[1.8856,43.6532],[1.8868,43.6531],[1.8871,43.6535],[1.8864,43.6539],[1.8859,43.6543],[1.886,43.655],[1.8863,43.6555],[1.8879,43.6553],[1.8881,43.6568],[1.8874,43.6572],[1.8864,43.6573],[1.8854,43.6573],[1.8837,43.6585],[1.8818,43.66],[1.8801,43.6615],[1.8789,43.6628],[1.8781,43.6635],[1.8782,43.6642],[1.8781,43.6652],[1.8774,43.6658],[1.8765,43.6665],[1.8757,43.6673],[1.875,43.6678],[1.8743,43.6678],[1.8732,43.6673],[1.872,43.667],[1.8713,43.6669],[1.8707,43.6663],[1.8702,43.6657],[1.8694,43.6652],[1.8674,43.6659],[1.8669,43.6655],[1.8656,43.6651],[1.8646,43.665],[1.8637,43.6653],[1.8623,43.6653],[1.861,43.6652],[1.8601,43.665],[1.8593,43.665]]]},"properties":{"id_ffco":"5001","nom":"VOIE ROMAINE","_dept":"81","numero":"2009-D81-065","commune":"Massac-Seran","echelle":"1/10000","surface":"3.93 km²","format":"A4","annee":"2009","cartographes":"C. ESCUDIE","proprietaire":"8105 - BALISE ORIENTATION ALBIGEOISE","niveau":"Départemental","specialite":"CO à pied","latitude":"43.6577105378","longitude":"1.869214165","date_saisie":"07/07/2010","date_depot":"12/07/2010","valide":"Oui","ppo":"Non","type_carte":"Nouvelle carte","fond":"Ortho","obsolete":false}},{"type":"Feature","geometry":{"type":"Polygon","coordinates":[[[1.8061,43.691],[1.8049,43.6919],[1.8035,43.6911],[1.8024,43.6908],[1.8019,43.6902],[1.801,43.6893],[1.8007,43.6884],[1.8002,43.6876],[1.7997,43.6869],[1.7991,43.6863],[1.7986,43.6856],[1.798,43.6847],[1.7977,43.684],[1.7974,43.6835],[1.8071,43.6831],[1.8064,43.6843],[1.8063,43.6849],[1.8064,43.6852],[1.8081,43.6853],[1.8076,43.687],[1.8061,43.691]]]},"properties":{"id_ffco":"5002","nom":"LE PECH","_dept":"81","numero":"2009-D81-064","commune":"Lavaur","echelle":"1/3000","surface":"0.51 km²","format":"A4","annee":"2009","cartographes":"S Lacaze","proprietaire":"81 - Tarn","niveau":"Initiation, Scolaire","specialite":"CO à pied","latitude":"43.6867255204","longitude":"1.80331403882","date_saisie":"07/07/2010","date_depot":"12/07/2010","valide":"Oui","ppo":"Non","type_carte":"Nouvelle carte","fond":"Ortho","obsolete":false}},{"type":"Feature","geometry":{"type":"Polygon","coordinates":[[[1.8486,43.6824],[1.8742,43.681],[1.8747,43.6812],[1.8757,43.6819],[1.876,43.6823],[1.8761,43.6846],[1.8766,43.6867],[1.8763,43.6876],[1.8746,43.6887],[1.8737,43.6891],[1.8563,43.6893],[1.8547,43.6887],[1.853,43.6882],[1.8522,43.6878],[1.8516,43.687],[1.8514,43.6861],[1.8512,43.6857],[1.8509,43.6854],[1.8501,43.6853],[1.8492,43.6847],[1.8489,43.6844],[1.8486,43.6824]]]},"properties":{"id_ffco":"4713","nom":"EN DARASSOU 2","_dept":"81","numero":"2009-D81-063","commune":"Lavaur","echelle":"1/7500","surface":"1.7 km²","format":"A4","annee":"2009","cartographes":"Escudié Ch.","proprietaire":"8105 - BALISE ORIENTATION ALBIGEOISE","niveau":"Départemental","specialite":"CO à pied","latitude":"43.6852579807","longitude":"1.86366477095","date_saisie":"13/01/2010","date_depot":"20/01/2010","valide":"Oui","ppo":"Non","type_carte":"Nouvelle carte","fond":"Ortho","obsolete":false}},{"type":"Feature","geometry":{"type":"Polygon","coordinates":[[[2.4173,43.8209],[2.418,43.82],[2.4197,43.8201],[2.4196,43.8154],[2.4102,43.8156],[2.4103,43.8169],[2.4095,43.8178],[2.4089,43.8208],[2.4173,43.8209]]]},"properties":{"id_ffco":"4712","nom":"Rayssac (Le Bourg)","_dept":"81","numero":"2008-D81-062","commune":"Rayssac","echelle":"1/2500","surface":"0.47 km²","format":"A4","annee":"2008","cartographes":"B. FENEUIL","proprietaire":"8106 - ALBI RESSORT","niveau":"Initiation, Scolaire","specialite":"CO à pied","latitude":"43.8181789544","longitude":"2.41450722475","date_saisie":"13/01/2010","date_depot":"20/01/2010","valide":"Oui","ppo":"Non","type_carte":"Nouvelle carte","fond":"Ortho","obsolete":false}},{"type":"Feature","geometry":{"type":"Polygon","coordinates":[[[2.2993,43.8613],[2.2958,43.8612],[2.2959,43.8551],[2.2961,43.8544],[2.2996,43.8501],[2.3027,43.8502],[2.3084,43.8504],[2.3082,43.855],[2.2993,43.8613]]]},"properties":{"id_ffco":"4711","nom":"St Salvy de Fourestès","_dept":"81","numero":"2008-D81-061","commune":"Terre Clapier","echelle":"1/5000","surface":"0.9 km²","format":"A4","annee":"2008","cartographes":"B. FENEUIL","proprietaire":"8106 - ALBI RESSORT","niveau":"Initiation, Scolaire","specialite":"CO à pied","latitude":"43.8550985564","longitude":"2.30157214066","date_saisie":"13/01/2010","date_depot":"20/01/2010","valide":"Oui","ppo":"Non","type_carte":"Nouvelle carte","fond":"Ortho","obsolete":false}},{"type":"Feature","geometry":{"type":"Polygon","coordinates":[[[2.2545,43.5337],[2.2567,43.5335],[2.2567,43.5297],[2.2566,43.5293],[2.2564,43.5281],[2.2558,43.527],[2.2553,43.5259],[2.2529,43.5259],[2.2521,43.5259],[2.2521,43.5269],[2.2511,43.527],[2.2523,43.5286],[2.2536,43.5302],[2.2536,43.5318],[2.254,43.5326],[2.2545,43.5337]]]},"properties":{"id_ffco":"5009","nom":"LABRUGRUIERE Domaine D'EN LAURE","_dept":"81","numero":"2009-D81-060","commune":"La Bruguière","echelle":"1/3500","surface":"0.24 km²","format":"A4","annee":"2009","cartographes":"C. ESCUDIE","proprietaire":"8104 - AZIMUT ORIENTATION CASTRES","niveau":"Initiation, Scolaire","specialite":"CO à pied","latitude":"43.5294484835","longitude":"2.25460087277","date_saisie":"07/07/2010","date_depot":"12/07/2010","valide":"Oui","ppo":"Oui (23 postes)","type_carte":"Nouvelle carte","fond":"Ortho","obsolete":false}},{"type":"Feature","geometry":{"type":"Polygon","coordinates":[[[1.6842,43.7774],[1.6838,43.7759],[1.6836,43.7745],[1.6857,43.7741],[1.6858,43.7737],[1.6876,43.773],[1.6883,43.7729],[1.6884,43.7738],[1.6889,43.7748],[1.6892,43.7756],[1.6891,43.7762],[1.6889,43.7766],[1.6873,43.7768],[1.6842,43.7774]]]},"properties":{"id_ffco":"4710","nom":"SAINT SULPICE (Castela).","_dept":"81","numero":"2008-D81-059","commune":"St Sulpice","echelle":"1/1500","surface":"0.15 km²","format":"A4","annee":"2008","cartographes":"Escudié Ch.","proprietaire":"8105 - BALISE ORIENTATION ALBIGEOISE","niveau":"Initiation, Scolaire","specialite":"CO à pied","latitude":"43.7752902559","longitude":"1.68644261021","date_saisie":"13/01/2010","date_depot":"20/01/2010","valide":"Oui","ppo":"Non","type_carte":"Nouvelle carte","fond":"Ortho","obsolete":false}},{"type":"Feature","geometry":{"type":"Polygon","coordinates":[[[1.6828,43.7762],[1.6842,43.7761],[1.6837,43.7744],[1.6809,43.7748],[1.6828,43.7762]]]},"properties":{"id_ffco":"4709","nom":"PARC DE LA MAIRIE DE ST SULPICE","_dept":"81","numero":"2008-D81-058","commune":"St Sulpice","echelle":"1/1500","surface":"0.03 km²","format":"A4","annee":"2008","cartographes":"Escudié Ch.","proprietaire":"8105 - BALISE ORIENTATION ALBIGEOISE","niveau":"Initiation, Scolaire","specialite":"CO à pied","latitude":"43.7752742538","longitude":"1.68285053926","date_saisie":"13/01/2010","date_depot":"20/01/2010","valide":"Oui","ppo":"Non","type_carte":"Nouvelle carte","fond":"Ortho","obsolete":false}},{"type":"Feature","geometry":{"type":"Polygon","coordinates":[[[2.0085,43.7673],[2.0085,43.7665],[2.006,43.7656],[2.0055,43.7669],[2.0058,43.7671],[2.0066,43.7673],[2.0074,43.7675],[2.0085,43.7674],[2.0085,43.7673]]]},"properties":{"id_ffco":"4708","nom":"Le Forum de Graulhet","_dept":"81","numero":"2008-D81-057","commune":"Graulhet","echelle":"1/1500","surface":"0.03 km²","format":"A4","annee":"2008","cartographes":"N. DURAMAY","proprietaire":"8105 - BALISE ORIENTATION ALBIGEOISE","niveau":"Initiation, Scolaire","specialite":"CO à pied","latitude":"43.7666761245","longitude":"2.00701757267","date_saisie":"13/01/2010","date_depot":"20/01/2010","valide":"Oui","ppo":"Non","type_carte":"Nouvelle carte","fond":"Ortho","obsolete":false}},{"type":"Feature","geometry":{"type":"Polygon","coordinates":[[[1.6505,43.8],[1.6571,43.8],[1.6606,43.7987],[1.6661,43.7979],[1.6674,43.7866],[1.6665,43.7862],[1.6651,43.7853],[1.6623,43.7843],[1.65,43.7841],[1.6371,43.7841],[1.6372,43.8],[1.6397,43.7999],[1.6423,43.8],[1.6452,43.7999],[1.6505,43.8]]]},"properties":{"id_ffco":"4707","nom":"Complexe sportif de MOLETRINCADE","_dept":"81","numero":"2008-D81-056","commune":"St Sulpice","echelle":"1/2500","surface":"4.04 km²","format":"A4","annee":"2008","cartographes":"Escudié Ch.","proprietaire":"8105 - BALISE ORIENTATION ALBIGEOISE","niveau":"Initiation, Scolaire","specialite":"CO à pied","latitude":"43.7918916649","longitude":"1.6515052131","date_saisie":"13/01/2010","date_depot":"20/01/2010","valide":"Oui","ppo":"Non","type_carte":"Nouvelle carte","fond":"Ortho","obsolete":false}},{"type":"Feature","geometry":{"type":"Polygon","coordinates":[[[2.2807,43.5401],[2.2809,43.5424],[2.281,43.5429],[2.2912,43.5487],[2.2914,43.5491],[2.2939,43.5491],[2.2944,43.5486],[2.2948,43.5482],[2.295,43.5474],[2.2979,43.5471],[2.3001,43.5474],[2.301,43.5481],[2.3007,43.549],[2.3072,43.5493],[2.307,43.5488],[2.3079,43.5487],[2.3082,43.5485],[2.308,43.5481],[2.3087,43.5482],[2.3112,43.5473],[2.313,43.5465],[2.3172,43.5433],[2.3232,43.5392],[2.3226,43.5361],[2.3209,43.5343],[2.3198,43.5336],[2.3178,43.5327],[2.3149,43.5312],[2.3119,43.5303],[2.3101,43.5295],[2.3004,43.5297],[2.299,43.5308],[2.2982,43.5322],[2.2968,43.534],[2.2948,43.535],[2.2919,43.5364],[2.29,43.5366],[2.2873,43.537],[2.2836,43.5386],[2.283,43.5396],[2.2807,43.5401]]]},"properties":{"id_ffco":"5010","nom":"Le Causse de Caucalières","_dept":"81","numero":"2008-D81-054","commune":"Caucalières","echelle":"1/10000","surface":"4.89 km²","format":"A3","annee":"2008","cartographes":"O.Thomas,M Haberkorn","proprietaire":"8104 - AZIMUT ORIENTATION CASTRES","niveau":"Initiation, Scolaire","specialite":"CO à pied","latitude":"43.5397108605","longitude":"2.30303361389","date_saisie":"07/07/2010","date_depot":"12/07/2010","valide":"Oui","ppo":"Non","type_carte":"Nouvelle carte","fond":"Ortho","obsolete":false}},{"type":"Feature","geometry":{"type":"Polygon","coordinates":[[[1.8227,43.6904],[1.8185,43.6857],[1.8175,43.686],[1.8174,43.6861],[1.8178,43.6865],[1.8178,43.6868],[1.818,43.6871],[1.8168,43.6884],[1.8173,43.6903],[1.8182,43.6906],[1.8191,43.691],[1.8196,43.6913],[1.8204,43.6911],[1.8208,43.691],[1.8211,43.6908],[1.8216,43.6913],[1.8227,43.6904]]]},"properties":{"id_ffco":"4706","nom":"LES CLAUZADES","_dept":"81","numero":"2008-D81-053","commune":"Lavaur","echelle":"1/2500","surface":"0.16 km²","format":"A4","annee":"2008","cartographes":"Escudié Ch.","proprietaire":"8105 - BALISE ORIENTATION ALBIGEOISE","niveau":"Initiation, Scolaire","specialite":"CO à pied","latitude":"43.6889703207","longitude":"1.81936006882","date_saisie":"13/01/2010","date_depot":"20/01/2010","valide":"Oui","ppo":"Non","type_carte":"Nouvelle carte","fond":"Ortho","obsolete":false}},{"type":"Feature","geometry":{"type":"Polygon","coordinates":[[[2.2364,43.3978],[2.2366,43.4011],[2.2323,43.4062],[2.2279,43.4072],[2.2273,43.411],[2.2245,43.4134],[2.2228,43.4153],[2.2221,43.4147],[2.2196,43.4161],[2.2188,43.4161],[2.2172,43.4167],[2.2145,43.4188],[2.2128,43.4205],[2.2098,43.4222],[2.2083,43.4239],[2.2067,43.4252],[2.2046,43.4262],[2.2036,43.4273],[2.2028,43.4278],[2.2022,43.4286],[2.202,43.4299],[2.2018,43.4304],[2.2006,43.4314],[2.2002,43.4318],[2.1996,43.4324],[2.199,43.4326],[2.1945,43.432],[2.1909,43.4315],[2.187,43.4295],[2.183,43.4262],[2.1808,43.4247],[2.1823,43.4241],[2.183,43.4245],[2.1823,43.4237],[2.1822,43.4227],[2.1835,43.4218],[2.1842,43.4211],[2.1849,43.4203],[2.1866,43.4199],[2.1871,43.4195],[2.1873,43.4179],[2.1873,43.4166],[2.1865,43.4158],[2.1869,43.4144],[2.1878,43.4124],[2.1887,43.4118],[2.1887,43.4104],[2.189,43.4097],[2.1884,43.4075],[2.1891,43.4065],[2.1899,43.406],[2.1931,43.4055],[2.1936,43.405],[2.1946,43.4033],[2.1956,43.4022],[2.1965,43.4011],[2.1962,43.3991],[2.1959,43.3981],[2.194,43.3953],[2.1938,43.3946],[2.1942,43.394],[2.1932,43.3933],[2.1936,43.3911],[2.1953,43.39],[2.1972,43.3901],[2.1978,43.3904],[2.1988,43.3902],[2.1999,43.3883],[2.2019,43.3878],[2.2035,43.3878],[2.2038,43.3881],[2.2041,43.3887],[2.2051,43.3881],[2.2075,43.3881],[2.21,43.388],[2.2115,43.389],[2.2128,43.3895],[2.2141,43.389],[2.2158,43.3885],[2.2171,43.3887],[2.2174,43.3899],[2.2175,43.3907],[2.2195,43.3923],[2.2204,43.3933],[2.2219,43.3935],[2.2217,43.3943],[2.2222,43.3944],[2.2233,43.3942],[2.2241,43.3944],[2.2252,43.3953],[2.2263,43.3956],[2.2276,43.3961],[2.2291,43.3967],[2.2307,43.397],[2.2317,43.3971],[2.2337,43.3972],[2.2364,43.3978]]]},"properties":{"id_ffco":"8003","nom":"CHATEAU DE RAMONDENS VTT O","_dept":"81","numero":"2008-D81-052","commune":"ARFONT","echelle":"1/15000","surface":"12.01 km²","format":"A3","annee":"2008","cartographes":"Alain Pellegry","proprietaire":"8104 - AZIMUT ORIENTATION CASTRES","niveau":"National, International","specialite":"CO à VTT","latitude":"43.4086445291","longitude":"2.20685488733","date_saisie":"05/02/2015","date_depot":"05/10/2016","valide":"Oui","ppo":"Non","type_carte":"Nouvelle carte","fond":"Ortho","obsolete":false}},{"type":"Feature","geometry":{"type":"Polygon","coordinates":[[[1.9947,43.7649],[1.9918,43.7632],[1.9917,43.763],[1.9921,43.7629],[1.9958,43.7625],[1.9961,43.7627],[1.9964,43.7631],[1.9961,43.7647],[1.9947,43.7649]]]},"properties":{"id_ffco":"4705","nom":"Complexe sportif Noël Pélissou","_dept":"81","numero":"2008-D81-051","commune":"Graulhet","echelle":"1/2000","surface":"0.06 km²","format":"A5","annee":"2008","cartographes":"N. DURAMAY","proprietaire":"8105 - BALISE ORIENTATION ALBIGEOISE","niveau":"Initiation, Scolaire","specialite":"CO à pied","latitude":"43.7635932892","longitude":"1.99449777487","date_saisie":"13/01/2010","date_depot":"20/01/2010","valide":"Oui","ppo":"Non","type_carte":"Nouvelle carte","fond":"Ortho","obsolete":false}},{"type":"Feature","geometry":{"type":"Polygon","coordinates":[[[1.7182,43.8226],[1.7176,43.8212],[1.7197,43.821],[1.7205,43.8221],[1.7182,43.8226]]]},"properties":{"id_ffco":"4704","nom":"STADE DU MOULIN A VENT n°2","_dept":"81","numero":"2008-D81-050","commune":"Rabastens","echelle":"1/1250","surface":"0.03 km²","format":"A5","annee":"2008","cartographes":"ESCUDIE Christian","proprietaire":"8105 - BALISE ORIENTATION ALBIGEOISE","niveau":"Initiation, Scolaire","specialite":"CO à pied","latitude":"43.8217456995","longitude":"1.71897604403","date_saisie":"13/01/2010","date_depot":"20/01/2010","valide":"Oui","ppo":"Non","type_carte":"Nouvelle carte","fond":"Ortho","obsolete":false}},{"type":"Feature","geometry":{"type":"Polygon","coordinates":[[[1.8475,43.6824],[1.8739,43.6809],[1.8749,43.6808],[1.8759,43.6819],[1.8763,43.6843],[1.8765,43.6866],[1.8756,43.6882],[1.8734,43.6897],[1.8722,43.6921],[1.8718,43.6945],[1.8714,43.6964],[1.8705,43.6971],[1.8678,43.6979],[1.866,43.6985],[1.8646,43.6983],[1.8637,43.6963],[1.8619,43.6933],[1.8595,43.6922],[1.8582,43.6909],[1.8557,43.6896],[1.8535,43.6888],[1.8523,43.6883],[1.8512,43.6862],[1.8512,43.6857],[1.8507,43.6854],[1.8499,43.6852],[1.8485,43.6844],[1.8478,43.684],[1.8475,43.6839],[1.8475,43.6824]]]},"properties":{"id_ffco":"4703","nom":"FLAMARENS (2). Domaine Agricole Expérimental","_dept":"81","numero":"2008-D81-049","commune":"Lavaur","echelle":"1/10000","surface":"2.62 km²","format":"A4","annee":"2008","cartographes":"ESCUDIE Christian","proprietaire":"8105 - BALISE ORIENTATION ALBIGEOISE","niveau":"Régional","specialite":"CO à pied","latitude":"43.687691505","longitude":"1.86432217807","date_saisie":"13/01/2010","date_depot":"20/01/2010","valide":"Oui","ppo":"Non","type_carte":"Nouvelle carte","fond":"Ortho","obsolete":false}},{"type":"Feature","geometry":{"type":"Polygon","coordinates":[[[2.1689,43.9246],[2.1654,43.9256],[2.165,43.9257],[2.1648,43.9242],[2.1634,43.9244],[2.1629,43.9236],[2.1626,43.9232],[2.1626,43.9229],[2.1628,43.9226],[2.1645,43.9226],[2.1648,43.9225],[2.1648,43.922],[2.1679,43.9214],[2.1683,43.9219],[2.1688,43.9225],[2.1688,43.9227],[2.1681,43.9231],[2.1689,43.9246]]]},"properties":{"id_ffco":"4702","nom":"STADIUM ALBI","_dept":"81","numero":"2008-D81-048","commune":"Albi","echelle":"1/3000","surface":"0.15 km²","format":"A4","annee":"2008","cartographes":"P. NATALI","proprietaire":"8105 - BALISE ORIENTATION ALBIGEOISE","niveau":"Initiation, Scolaire","specialite":"CO à pied","latitude":"43.9234335586","longitude":"2.16605211178","date_saisie":"13/01/2010","date_depot":"20/01/2010","valide":"Oui","ppo":"Non","type_carte":"Nouvelle carte","fond":"Ortho","obsolete":false}},{"type":"Feature","geometry":{"type":"Polygon","coordinates":[[[1.7287,44.0082],[1.7294,44.007],[1.7314,44.0056],[1.7322,44.0053],[1.733,44.0055],[1.7349,44.005],[1.7359,44.0044],[1.7363,44.0002],[1.7376,43.9984],[1.7404,43.9979],[1.7418,43.998],[1.7427,44.0003],[1.7436,44.0022],[1.7441,44.0031],[1.7446,44.0041],[1.7446,44.0046],[1.7453,44.0064],[1.7457,44.0072],[1.7453,44.0079],[1.7448,44.0089],[1.745,44.0095],[1.7466,44.0114],[1.7476,44.0128],[1.7479,44.0145],[1.7488,44.0158],[1.751,44.0177],[1.7518,44.0182],[1.7518,44.0224],[1.745,44.0224],[1.7396,44.0223],[1.7376,44.0214],[1.7352,44.0209],[1.7346,44.0212],[1.7331,44.0215],[1.7319,44.0217],[1.7304,44.0214],[1.7296,44.0212],[1.7294,44.0208],[1.7287,44.0082]]]},"properties":{"id_ffco":"5003","nom":"LA MARTINIO","_dept":"81","numero":"2008-D81-047","commune":"Puycelsi","echelle":"1/10000","surface":"3.27 km²","format":"A4","annee":"2008","cartographes":"C. ESCUDIE","proprietaire":"8105 - BALISE ORIENTATION ALBIGEOISE","niveau":"Interrégional","specialite":"CO à pied","latitude":"44.0125949968","longitude":"1.73916126202","date_saisie":"07/07/2010","date_depot":"12/07/2010","valide":"Oui","ppo":"Non","type_carte":"Nouvelle carte","fond":"Ortho","obsolete":false}},{"type":"Feature","geometry":{"type":"Polygon","coordinates":[[[1.7446,44.0089],[1.7448,44.0084],[1.7452,44.0078],[1.7454,44.0074],[1.7449,44.0062],[1.7445,44.0049],[1.7445,44.0043],[1.7446,44.0039],[1.7444,44.0033],[1.7437,44.0026],[1.7435,44.0018],[1.7433,44.0014],[1.7427,44.0003],[1.7421,43.9994],[1.7393,43.9993],[1.7388,43.9997],[1.738,44.0001],[1.7373,44.0004],[1.7367,44.0009],[1.7364,44.0013],[1.7359,44.0024],[1.7353,44.0052],[1.7344,44.0055],[1.7336,44.0058],[1.7334,44.0058],[1.7336,44.009],[1.7446,44.0089]]]},"properties":{"id_ffco":"8002","nom":"LASCROUX","_dept":"81","numero":"2008-D81-046","commune":"PUYCELSI","echelle":"1/5000","surface":"0.76 km²","format":"A4","annee":"2008","cartographes":"DORRETSOV V.,ZEEV A.","proprietaire":"8105 - BALISE ORIENTATION ALBIGEOISE","niveau":"Départemental","specialite":"CO à pied","latitude":"44.0049152901","longitude":"1.7396083804","date_saisie":"05/02/2015","date_depot":"22/01/2016","valide":"Oui","ppo":"Non","type_carte":"Nouvelle carte","fond":"Ortho","obsolete":false}},{"type":"Feature","geometry":{"type":"Polygon","coordinates":[[[1.7421,43.9991],[1.7391,43.9994],[1.738,44.0001],[1.7367,44.0006],[1.7362,44.0046],[1.7346,44.0054],[1.7332,44.0057],[1.7324,44.0055],[1.7317,44.0055],[1.7309,44.0063],[1.73,44.0074],[1.7291,44.0083],[1.7289,44.0087],[1.7274,44.0088],[1.7263,44.0087],[1.7259,44.0079],[1.7249,44.0068],[1.7168,44.0091],[1.7162,44.0092],[1.715,44.0094],[1.7155,44.0128],[1.7158,44.0133],[1.716,44.014],[1.7167,44.0137],[1.7173,44.0135],[1.7211,44.0158],[1.7216,44.0167],[1.7222,44.0175],[1.7227,44.0182],[1.7226,44.0186],[1.7228,44.0193],[1.723,44.0198],[1.7237,44.0199],[1.7247,44.0203],[1.7249,44.0209],[1.7249,44.0215],[1.7258,44.0215],[1.7265,44.0213],[1.7271,44.0214],[1.7278,44.0216],[1.7289,44.0215],[1.7296,44.0214],[1.7305,44.0222],[1.7352,44.0208],[1.7367,44.021],[1.7385,44.0203],[1.7403,44.0201],[1.7421,43.9991]]]},"properties":{"id_ffco":"4432","nom":"LE PAS DU SAUZE","_dept":"81","numero":"2007-D81-045","commune":"Puycelci","echelle":"1/10000","surface":"3.06 km²","format":"A4","annee":"2007","cartographes":"V Dobretsov,A Zuev","proprietaire":"MP - Midi-Pyrénées","niveau":"National, International","specialite":"CO à pied","latitude":"44.0123702317","longitude":"1.73106453004","date_saisie":"29/12/2007","date_depot":"22/10/2009","valide":"Oui","ppo":"Non","type_carte":"Nouvelle carte","fond":"Ortho","obsolete":false}},{"type":"Feature","geometry":{"type":"Polygon","coordinates":[[[1.798,44.0103],[1.7982,44.0096],[1.7973,44.0095],[1.797,44.0089],[1.7954,44.0085],[1.7921,44.0084],[1.7911,44.0089],[1.7892,44.0092],[1.7873,44.0093],[1.7855,44.0089],[1.784,44.0082],[1.7833,44.0079],[1.7825,44.0096],[1.7818,44.0109],[1.7819,44.0115],[1.7817,44.0126],[1.7806,44.0136],[1.7788,44.0162],[1.777,44.0177],[1.7758,44.0181],[1.7738,44.0196],[1.7699,44.0225],[1.7685,44.025],[1.7672,44.0256],[1.7668,44.0273],[1.7668,44.0282],[1.7673,44.0297],[1.7673,44.0301],[1.7662,44.0313],[1.7651,44.0321],[1.7642,44.0329],[1.7633,44.0334],[1.7642,44.0451],[1.7697,44.0443],[1.7737,44.0441],[1.7863,44.0444],[1.7886,44.0425],[1.7907,44.0409],[1.7918,44.0394],[1.7923,44.038],[1.7923,44.0364],[1.7928,44.0352],[1.7939,44.0344],[1.7939,44.0334],[1.7941,44.0328],[1.7952,44.0326],[1.795,44.0314],[1.7961,44.0301],[1.7961,44.0282],[1.796,44.0275],[1.7972,44.0261],[1.7983,44.0253],[1.7986,44.0248],[1.7995,44.024],[1.8005,44.0239],[1.8008,44.0118],[1.798,44.0103]]]},"properties":{"id_ffco":"4435","nom":"L'INFERNOU","_dept":"81","numero":"2007-D81-044","commune":"Castelnau Montmiral","echelle":"1/10000","surface":"8.29 km²","format":"A4","annee":"2007","cartographes":"M Cotirta,T Liviu,A Marius,R Dionisie","proprietaire":"8105 - BALISE ORIENTATION ALBIGEOISE","niveau":"National, International","specialite":"CO à pied","latitude":"44.027612542","longitude":"1.78276736372","date_saisie":"29/12/2007","date_depot":"22/10/2009","valide":"Oui","ppo":"Non","type_carte":"Nouvelle carte","fond":"Ortho","obsolete":false}},{"type":"Feature","geometry":{"type":"Polygon","coordinates":[[[1.97,43.7601],[1.9684,43.7599],[1.9679,43.7587],[1.9668,43.7574],[1.9665,43.7571],[1.9662,43.7558],[1.9661,43.7549],[1.9656,43.7535],[1.9651,43.7527],[1.9652,43.7519],[1.9714,43.7519],[1.9725,43.7522],[1.9723,43.7543],[1.9718,43.7543],[1.9716,43.7547],[1.9718,43.7549],[1.9718,43.7553],[1.9719,43.7558],[1.9719,43.756],[1.9717,43.7568],[1.9716,43.7573],[1.9715,43.7581],[1.9712,43.7587],[1.9707,43.7591],[1.9702,43.7594],[1.9701,43.7598],[1.97,43.7601]]]},"properties":{"id_ffco":"4693","nom":"Lac de Nabeillou","_dept":"81","numero":"2007-D81-043","commune":"Graulhet","echelle":"1/5000","surface":"0.38 km²","format":"A5","annee":"2007","cartographes":"N. DURAMAY","proprietaire":"8105 - BALISE ORIENTATION ALBIGEOISE","niveau":"Initiation, Scolaire","specialite":"CO à pied","latitude":"43.7552604157","longitude":"1.9690144543","date_saisie":"15/12/2009","date_depot":"22/12/2009","valide":"Oui","ppo":"Oui (30 postes)","type_carte":"Nouvelle carte","fond":"Ortho","obsolete":false}},{"type":"Feature","geometry":{"type":"Polygon","coordinates":[[[1.8081,43.7953],[1.8046,43.7963],[1.8061,43.7987],[1.8064,43.799],[1.8041,43.8021],[1.8012,43.803],[1.7979,43.8045],[1.7954,43.8055],[1.7925,43.806],[1.7896,43.8063],[1.7873,43.8067],[1.7854,43.8063],[1.7837,43.8066],[1.7809,43.8059],[1.777,43.8044],[1.7752,43.8032],[1.7752,43.8029],[1.7761,43.8026],[1.7749,43.8011],[1.7741,43.7998],[1.7734,43.7974],[1.7711,43.7945],[1.7698,43.7929],[1.7691,43.7915],[1.7699,43.7888],[1.7707,43.7869],[1.7727,43.786],[1.7722,43.7849],[1.7739,43.7843],[1.7776,43.7832],[1.7786,43.7833],[1.7794,43.7842],[1.7816,43.783],[1.7839,43.7815],[1.7858,43.7804],[1.7864,43.7805],[1.7872,43.7801],[1.7886,43.7794],[1.7903,43.7796],[1.7935,43.7789],[1.7955,43.778],[1.7987,43.7772],[1.8003,43.7772],[1.8041,43.7789],[1.8068,43.7807],[1.8091,43.7831],[1.8112,43.7837],[1.814,43.7852],[1.8149,43.7874],[1.8176,43.7887],[1.8186,43.789],[1.8202,43.7917],[1.8199,43.7921],[1.8182,43.7917],[1.8163,43.7921],[1.8145,43.7927],[1.8133,43.7924],[1.8075,43.7938],[1.8081,43.7953]]]},"properties":{"id_ffco":"4433","nom":"Giroussens O VTT","_dept":"81","numero":"2007-D81-042","commune":"Giroussens","echelle":"1/15000","surface":"8.31 km²","format":"A4","annee":"2007","cartographes":"Ph Vergé","proprietaire":"MP - Midi-Pyrénées","niveau":"National, International","specialite":"CO à VTT","latitude":"43.7919356645","longitude":"1.79203713003","date_saisie":"29/12/2007","date_depot":"22/10/2009","valide":"Oui","ppo":"Non","type_carte":"Nouvelle carte","fond":"Ortho","obsolete":false}},{"type":"Feature","geometry":{"type":"Polygon","coordinates":[[[2.1446,43.5767],[2.1484,43.5792],[2.1477,43.5798],[2.148,43.5803],[2.1453,43.5829],[2.1444,43.5833],[2.1446,43.5855],[2.1453,43.5857],[2.1459,43.5858],[2.1463,43.5865],[2.1465,43.587],[2.1459,43.5871],[2.1455,43.5876],[2.1451,43.5877],[2.1456,43.5883],[2.1452,43.5888],[2.1434,43.5895],[2.1428,43.5909],[2.1424,43.5914],[2.1403,43.591],[2.1382,43.5906],[2.137,43.5898],[2.1361,43.5884],[2.1358,43.5872],[2.1358,43.5865],[2.1383,43.5855],[2.1369,43.5813],[2.1357,43.5772],[2.1361,43.577],[2.1378,43.5775],[2.1387,43.5781],[2.1404,43.5782],[2.1419,43.5778],[2.1446,43.5767]]]},"properties":{"id_ffco":"5004","nom":"Base de Loisirs des Etangs","_dept":"81","numero":"2006-D81-041","commune":"Saïx","echelle":"1/4000","surface":"1.06 km²","format":"A3","annee":"2006","cartographes":"F Jordan","proprietaire":"8104 - AZIMUT ORIENTATION CASTRES","niveau":"Départemental","specialite":"CO à pied","latitude":"43.5836663797","longitude":"2.14142097333","date_saisie":"07/07/2010","date_depot":"02/11/2016","valide":"Oui","ppo":"Oui (40 postes)","type_carte":"Nouvelle carte","fond":"Ortho","obsolete":false}},{"type":"Feature","geometry":{"type":"Polygon","coordinates":[[[2.3546,43.8079],[2.3539,43.809],[2.3539,43.8099],[2.353,43.8115],[2.3518,43.8126],[2.3518,43.8137],[2.3515,43.8146],[2.3511,43.8155],[2.3507,43.8161],[2.3499,43.8167],[2.3476,43.8165],[2.3461,43.8156],[2.3452,43.8161],[2.3442,43.8164],[2.3454,43.8155],[2.3438,43.8141],[2.3433,43.8129],[2.343,43.8116],[2.3425,43.8101],[2.3427,43.8094],[2.3415,43.8087],[2.3406,43.8083],[2.3398,43.8073],[2.3397,43.8063],[2.3407,43.8062],[2.3417,43.8062],[2.3443,43.8061],[2.3529,43.8064],[2.3537,43.8074],[2.3546,43.8079]]]},"properties":{"id_ffco":"4692","nom":"Base de plein air de la Razisse","_dept":"81","numero":"2006-D81-040","commune":"Mont Roc","echelle":"1/5000","surface":"0.91 km²","format":"A4","annee":"2006","cartographes":"F Jordan","proprietaire":"8105 - BALISE ORIENTATION ALBIGEOISE","niveau":"Initiation, Scolaire","specialite":"CO à pied","latitude":"43.8105121181","longitude":"2.34760748365","date_saisie":"15/12/2009","date_depot":"22/01/2016","valide":"Oui","ppo":"Non","type_carte":"Nouvelle carte","fond":"Ortho","obsolete":false}},{"type":"Feature","geometry":{"type":"Polygon","coordinates":[[[2.1536,43.8028],[2.1531,43.8017],[2.1515,43.801],[2.1498,43.7998],[2.1491,43.7992],[2.1487,43.7991],[2.1481,43.7995],[2.1453,43.8005],[2.1452,43.801],[2.1458,43.8023],[2.1462,43.8032],[2.1476,43.804],[2.1484,43.8046],[2.1488,43.8049],[2.1491,43.8053],[2.1495,43.8057],[2.1504,43.8053],[2.1516,43.8052],[2.1518,43.8048],[2.1516,43.8042],[2.1529,43.8036],[2.1536,43.8028]]]},"properties":{"id_ffco":"5008","nom":"Lombers","_dept":"81","numero":"2007-D81-039","commune":"Lombers","echelle":"1/5000","surface":"0.29 km²","format":"A5","annee":"2007","cartographes":"ESCUDIE Christian","proprietaire":"8105 - BALISE ORIENTATION ALBIGEOISE","niveau":"Initiation, Scolaire","specialite":"CO à pied","latitude":"43.8023190029","longitude":"2.14931046081","date_saisie":"07/07/2010","date_depot":"12/07/2010","valide":"Oui","ppo":"Non","type_carte":"Nouvelle carte","fond":"Ortho","obsolete":false}},{"type":"Feature","geometry":{"type":"Polygon","coordinates":[[[1.7079,43.9949],[1.7125,43.9949],[1.7124,43.9901],[1.708,43.9901],[1.7079,43.9949]]]},"properties":{"id_ffco":"5007","nom":"PUYCELSI Village","_dept":"81","numero":"2006-D81-038","commune":"Puycelsi","echelle":"1/2000","surface":"0.19 km²","format":"A4","annee":"2006","cartographes":"C. ESCUDIE","proprietaire":"8105 - BALISE ORIENTATION ALBIGEOISE","niveau":"Départemental","specialite":"CO à pied","latitude":"43.9925365558","longitude":"1.71019088728","date_saisie":"07/07/2010","date_depot":"12/07/2010","valide":"Oui","ppo":"Non","type_carte":"Nouvelle carte","fond":"Ortho","obsolete":false}},{"type":"Feature","geometry":{"type":"Polygon","coordinates":[[[1.6713,43.7895],[1.6724,43.7865],[1.6704,43.7864],[1.668,43.7868],[1.6664,43.7863],[1.6656,43.7855],[1.663,43.7844],[1.6617,43.7839],[1.6602,43.7835],[1.6579,43.7822],[1.6556,43.782],[1.6529,43.7816],[1.6509,43.7818],[1.6485,43.7814],[1.6469,43.7809],[1.6446,43.7801],[1.6419,43.7798],[1.6381,43.7805],[1.635,43.7818],[1.6305,43.7843],[1.6282,43.7864],[1.6269,43.7878],[1.6264,43.7889],[1.6267,43.7896],[1.6261,43.7908],[1.6256,43.792],[1.6255,43.7933],[1.626,43.7934],[1.6267,43.7935],[1.6278,43.794],[1.6285,43.794],[1.6282,43.7944],[1.6284,43.795],[1.6288,43.7967],[1.6295,43.7977],[1.6304,43.7986],[1.6314,43.7995],[1.6321,43.8002],[1.636,43.8001],[1.6384,43.7999],[1.6409,43.8001],[1.6413,43.801],[1.645,43.8003],[1.6498,43.7998],[1.651,43.8],[1.6535,43.7999],[1.6557,43.7999],[1.658,43.7993],[1.659,43.799],[1.661,43.7988],[1.6629,43.7985],[1.6657,43.7982],[1.6666,43.7978],[1.668,43.7974],[1.6699,43.7971],[1.6706,43.7969],[1.6711,43.7956],[1.6718,43.7948],[1.6716,43.7943],[1.6709,43.7936],[1.6701,43.7932],[1.6698,43.7923],[1.6698,43.7911],[1.6694,43.7902],[1.67,43.7897],[1.6713,43.7895]]]},"properties":{"id_ffco":"4339","nom":"Le Grand Bois","_dept":"81","numero":"2005-D81-037","commune":"Mezens","echelle":"1/10000","surface":"6.46 km²","format":"A3","annee":"2005","cartographes":"F Jordan","proprietaire":"8105 - BALISE ORIENTATION ALBIGEOISE","niveau":"Interrégional","specialite":"CO à pied","latitude":"43.7908979629","longitude":"1.6480030974","date_saisie":"30/05/2007","date_depot":"30/05/2007","valide":"Oui","ppo":"Non","type_carte":"Nouvelle carte","fond":"Ortho","obsolete":false}},{"type":"Feature","geometry":{"type":"Polygon","coordinates":[[[2.0902,43.6275],[2.0911,43.6274],[2.092,43.6275],[2.0926,43.6277],[2.0938,43.6273],[2.0945,43.6272],[2.0937,43.625],[2.0932,43.623],[2.0928,43.6216],[2.0927,43.6205],[2.093,43.6183],[2.0909,43.6183],[2.0868,43.6183],[2.085,43.6184],[2.0847,43.6188],[2.0847,43.6194],[2.0849,43.6197],[2.0853,43.6201],[2.0852,43.6208],[2.0856,43.6213],[2.0861,43.6219],[2.0868,43.6218],[2.0871,43.623],[2.0883,43.623],[2.0884,43.6237],[2.0871,43.624],[2.0853,43.6246],[2.0852,43.6249],[2.0861,43.6257],[2.0866,43.6257],[2.0877,43.6253],[2.0889,43.6251],[2.0894,43.6257],[2.0902,43.6275]]]},"properties":{"id_ffco":"4189","nom":"VIELMUR SUR AGOUT","_dept":"81","numero":"2005-D81-036","commune":"Vielmur sur Agout","echelle":"1/5000","surface":"0.53 km²","format":"A4","annee":"2005","cartographes":"G Lévêque","proprietaire":"8104 - AZIMUT ORIENTATION CASTRES","niveau":"Départemental","specialite":"CO à pied","latitude":"43.622486375","longitude":"2.08983713338","date_saisie":"19/01/2006","date_depot":"15/02/2006","valide":"Oui","ppo":"Non","type_carte":"Nouvelle carte","fond":"Ortho","obsolete":false}},{"type":"Feature","geometry":{"type":"Polygon","coordinates":[[[2.136,43.711],[2.1366,43.7109],[2.1372,43.7102],[2.1379,43.7096],[2.1381,43.7092],[2.1383,43.7089],[2.1391,43.7091],[2.1394,43.7086],[2.1414,43.7081],[2.1428,43.7076],[2.143,43.7053],[2.1423,43.705],[2.1419,43.7042],[2.1419,43.7035],[2.1416,43.7029],[2.1407,43.7024],[2.1399,43.7022],[2.1388,43.702],[2.1386,43.7021],[2.1375,43.7016],[2.1363,43.7011],[2.136,43.7009],[2.1349,43.7009],[2.1352,43.7024],[2.1356,43.7037],[2.1357,43.7048],[2.1364,43.7057],[2.1373,43.707],[2.1365,43.7072],[2.1361,43.7075],[2.1365,43.708],[2.1353,43.7086],[2.1348,43.7094],[2.135,43.7098],[2.1356,43.7101],[2.136,43.711]]]},"properties":{"id_ffco":"4188","nom":"LAUTREC","_dept":"81","numero":"2005-D81-035","commune":"Lautrec","echelle":"1/4000","surface":"0.43 km²","format":"A4","annee":"2005","cartographes":"G Lévêque","proprietaire":"8104 - AZIMUT ORIENTATION CASTRES","niveau":"Interrégional","specialite":"CO à pied","latitude":"43.7056064728","longitude":"2.13862147218","date_saisie":"19/01/2006","date_depot":"15/02/2006","valide":"Oui","ppo":"Non","type_carte":"Nouvelle carte","fond":"Ortho","obsolete":false}},{"type":"Feature","geometry":{"type":"Polygon","coordinates":[[[2.2532,43.6245],[2.2565,43.6237],[2.2559,43.6247],[2.2555,43.6261],[2.2565,43.6277],[2.2582,43.6293],[2.2598,43.6307],[2.2619,43.6315],[2.2647,43.6321],[2.2667,43.6323],[2.2693,43.6323],[2.2723,43.6319],[2.2743,43.6316],[2.2723,43.625],[2.2712,43.6234],[2.2702,43.6233],[2.2696,43.6234],[2.2686,43.6232],[2.2675,43.623],[2.2665,43.623],[2.2653,43.6232],[2.2645,43.6232],[2.2641,43.6229],[2.2642,43.6223],[2.2649,43.6215],[2.2645,43.6207],[2.264,43.6197],[2.2635,43.6188],[2.263,43.6181],[2.2629,43.6172],[2.2624,43.6162],[2.2622,43.6149],[2.262,43.6139],[2.2616,43.6131],[2.2608,43.6124],[2.2596,43.6121],[2.2581,43.612],[2.2555,43.6139],[2.2531,43.6155],[2.2519,43.6162],[2.2507,43.6168],[2.2493,43.6174],[2.2483,43.6178],[2.2473,43.6181],[2.2466,43.619],[2.2532,43.6245]]]},"properties":{"id_ffco":"4187","nom":"CASTRES GOURJADE BORDE BASSE","_dept":"81","numero":"2005-D81-034","commune":"Castres","echelle":"1/10000","surface":"2.43 km²","format":"A4","annee":"2005","cartographes":"G Lévêque","proprietaire":"8104 - AZIMUT ORIENTATION CASTRES","niveau":"Départemental","specialite":"CO à pied","latitude":"43.6231636639","longitude":"2.26094455237","date_saisie":"19/01/2006","date_depot":"15/02/2006","valide":"Oui","ppo":"Oui (100 postes)","type_carte":"Nouvelle carte","fond":"Ortho","obsolete":false}},{"type":"Feature","geometry":{"type":"Polygon","coordinates":[[[2.2556,43.624],[2.2554,43.6251],[2.2557,43.6264],[2.2566,43.6283],[2.2586,43.63],[2.2607,43.6312],[2.2634,43.6319],[2.2662,43.6324],[2.2696,43.6323],[2.2704,43.632],[2.2709,43.6251],[2.2716,43.6243],[2.2712,43.6233],[2.2702,43.6232],[2.2696,43.6232],[2.2682,43.623],[2.267,43.6229],[2.2661,43.6229],[2.2655,43.6232],[2.265,43.6233],[2.2645,43.6232],[2.2643,43.623],[2.2647,43.6213],[2.2599,43.6224],[2.2576,43.6231],[2.2556,43.624]]]},"properties":{"id_ffco":"4186","nom":"CASTRES BORDE BASSE","_dept":"81","numero":"2005-D81-033","commune":"Castres","echelle":"1/5000","surface":"1.15 km²","format":"A3","annee":"2005","cartographes":"G Lévêque","proprietaire":"8104 - AZIMUT ORIENTATION CASTRES","niveau":"Départemental","specialite":"CO à pied","latitude":"43.6269956078","longitude":"2.26385476162","date_saisie":"19/01/2006","date_depot":"15/02/2006","valide":"Oui","ppo":"Non","type_carte":"Reprise","base":"1999-D81-019 CASTRES BORDE BASSE","fond":"Ortho","obsolete":false}},{"type":"Feature","geometry":{"type":"Polygon","coordinates":[[[2.2532,43.6246],[2.2592,43.623],[2.2648,43.6215],[2.2632,43.6168],[2.264,43.6164],[2.2626,43.6128],[2.2607,43.6123],[2.2598,43.6124],[2.2588,43.6122],[2.2579,43.6122],[2.2572,43.6125],[2.2566,43.6131],[2.2549,43.614],[2.2543,43.6147],[2.2535,43.6152],[2.2527,43.6156],[2.2502,43.6165],[2.251,43.6173],[2.2476,43.6183],[2.2469,43.6184],[2.2467,43.6192],[2.2499,43.6221],[2.2532,43.6246]]]},"properties":{"id_ffco":"4185","nom":"CASTRES GOURJADE","_dept":"81","numero":"2005-D81-032","commune":"Castres","echelle":"1/5000","surface":"1.24 km²","format":"A3","annee":"2005","cartographes":"G Lévêque","proprietaire":"8104 - AZIMUT ORIENTATION CASTRES","niveau":"Départemental","specialite":"CO à pied","latitude":"43.6185632961","longitude":"2.25670070927","date_saisie":"19/01/2006","date_depot":"15/02/2006","valide":"Oui","ppo":"Non","type_carte":"Reprise","base":"1999-D81-013 CASTRES . GOURJADE","fond":"Ortho","obsolete":false}},{"type":"Feature","geometry":{"type":"Polygon","coordinates":[[[2.1937,43.4054],[2.194,43.4045],[2.1953,43.403],[2.1964,43.4018],[2.1968,43.4009],[2.196,43.3983],[2.1942,43.3986],[2.1937,43.3951],[2.1939,43.3943],[2.1939,43.3937],[2.1933,43.3925],[2.1938,43.3909],[2.195,43.3901],[2.1968,43.3899],[2.1974,43.3904],[2.1985,43.3904],[2.199,43.3902],[2.1993,43.3893],[2.2006,43.3883],[2.2026,43.3877],[2.2037,43.388],[2.2041,43.3885],[2.2048,43.3883],[2.2065,43.3882],[2.2077,43.3882],[2.2086,43.3881],[2.21,43.3882],[2.2112,43.3887],[2.2118,43.3891],[2.2126,43.3893],[2.2134,43.3892],[2.2152,43.3886],[2.2168,43.3884],[2.2173,43.3888],[2.2171,43.39],[2.2171,43.3906],[2.2183,43.3913],[2.2208,43.3922],[2.2213,43.3929],[2.2217,43.3936],[2.2215,43.3942],[2.2217,43.3946],[2.2224,43.3943],[2.2237,43.3942],[2.2249,43.3949],[2.2263,43.3958],[2.2284,43.3963],[2.2294,43.3967],[2.2304,43.3969],[2.2312,43.397],[2.2323,43.3964],[2.2335,43.3967],[2.2342,43.3972],[2.2353,43.3974],[2.2361,43.3975],[2.236,43.4013],[2.2348,43.4023],[2.2338,43.4033],[2.2327,43.4055],[2.2285,43.4061],[2.227,43.4069],[2.226,43.4087],[2.2254,43.4116],[2.2242,43.4133],[2.2239,43.4141],[2.2229,43.4151],[2.2224,43.4148],[2.2206,43.4155],[2.2196,43.4161],[2.2186,43.4161],[2.2168,43.4168],[2.2153,43.4179],[2.2143,43.4192],[2.2136,43.4199],[2.2119,43.4209],[2.2098,43.4223],[2.2085,43.4236],[2.2077,43.4243],[2.2066,43.4251],[2.2056,43.4256],[2.2042,43.4265],[2.2031,43.4276],[2.2026,43.4281],[2.202,43.4292],[2.2019,43.4301],[2.2016,43.4307],[2.201,43.4312],[2.2,43.4319],[2.1995,43.4328],[2.1911,43.4315],[2.1898,43.4313],[2.1851,43.4281],[2.1813,43.4251],[2.1805,43.4245],[2.1812,43.4242],[2.1819,43.4242],[2.1827,43.4245],[2.1831,43.4244],[2.1825,43.4233],[2.1821,43.4227],[2.1834,43.4219],[2.1841,43.421],[2.1847,43.4203],[2.1863,43.4198],[2.1871,43.4195],[2.1872,43.4183],[2.1872,43.4171],[2.1869,43.4163],[2.1865,43.4151],[2.1869,43.4142],[2.1877,43.4128],[2.1882,43.4121],[2.1886,43.4117],[2.1886,43.4108],[2.1889,43.4101],[2.1889,43.4093],[2.1885,43.4082],[2.1885,43.4073],[2.1892,43.4065],[2.1903,43.406],[2.1937,43.4054]]]},"properties":{"id_ffco":"4190","nom":"CHÂTEAU DE RAMONDENS","_dept":"81","numero":"2004-D81-031","commune":"ARFONT","echelle":"1/15000","surface":"11.91 km²","format":"A3","annee":"2004","cartographes":"A Pellegry","proprietaire":"8104 - AZIMUT ORIENTATION CASTRES","niveau":"Interrégional","specialite":"CO à pied","latitude":"43.408641471","longitude":"2.20656638692","date_saisie":"19/01/2006","date_depot":"15/02/2006","valide":"Oui","ppo":"Non","type_carte":"Nouvelle carte","fond":"Ortho","obsolete":false}},{"type":"Feature","geometry":{"type":"Polygon","coordinates":[[[2.2598,43.4494],[2.2668,43.4516],[2.2686,43.4518],[2.2687,43.4523],[2.2683,43.4531],[2.2694,43.4534],[2.2707,43.4539],[2.2716,43.4545],[2.2722,43.4555],[2.2724,43.4563],[2.2724,43.4569],[2.2725,43.4578],[2.2728,43.4587],[2.2726,43.4593],[2.2731,43.4598],[2.2739,43.4604],[2.2746,43.461],[2.2737,43.4626],[2.2737,43.4658],[2.2737,43.47],[2.2681,43.47],[2.2615,43.47],[2.2564,43.47],[2.2544,43.4695],[2.2542,43.4698],[2.2534,43.47],[2.2522,43.4698],[2.2516,43.4696],[2.2504,43.4699],[2.2489,43.4702],[2.2475,43.4705],[2.247,43.4705],[2.2463,43.4701],[2.2441,43.4703],[2.2432,43.4703],[2.2419,43.4691],[2.2411,43.4673],[2.2403,43.465],[2.2407,43.4633],[2.2372,43.4636],[2.2369,43.4645],[2.2358,43.4643],[2.2352,43.4643],[2.2342,43.4648],[2.2333,43.4645],[2.2313,43.4629],[2.2298,43.4623],[2.2283,43.4619],[2.2276,43.4614],[2.2269,43.4602],[2.227,43.4594],[2.2264,43.4572],[2.2262,43.4557],[2.2263,43.4552],[2.2266,43.4539],[2.2267,43.4535],[2.227,43.4532],[2.2276,43.4527],[2.2279,43.4514],[2.2282,43.45],[2.2286,43.448],[2.2285,43.4459],[2.2286,43.445],[2.2286,43.4439],[2.2286,43.4432],[2.2277,43.442],[2.2255,43.4393],[2.225,43.4382],[2.2249,43.4374],[2.2266,43.4368],[2.2311,43.4362],[2.2337,43.4358],[2.2342,43.4362],[2.2351,43.4369],[2.2366,43.4374],[2.2463,43.4385],[2.25,43.4398],[2.2516,43.441],[2.2535,43.4449],[2.2553,43.4465],[2.2568,43.4475],[2.2587,43.4483],[2.2598,43.4494]]]},"properties":{"id_ffco":"3801","nom":"FONT BRUNO","_dept":"81","numero":"2004-D81-030","commune":"Labruguiere","echelle":"1/15000","surface":"10.2 km²","format":"A3","annee":"2004","cartographes":"A Pellegry","proprietaire":"8104 - AZIMUT ORIENTATION CASTRES","niveau":"Interrégional","specialite":"CO à pied","latitude":"43.4550550639","longitude":"2.24820080732","date_saisie":"20/07/2004","date_depot":"22/07/2004","valide":"Oui","ppo":"Non","type_carte":"Nouvelle carte","fond":"Ortho","obsolete":false}},{"type":"Feature","geometry":{"type":"Polygon","coordinates":[[[1.7026,43.991],[1.705,43.991],[1.7099,43.9884],[1.7107,43.988],[1.7127,43.9889],[1.7146,43.9907],[1.7399,43.9904],[1.7413,43.9928],[1.7418,43.9952],[1.7421,43.9981],[1.7433,44.0017],[1.745,44.0052],[1.7461,44.0073],[1.7452,44.0093],[1.7476,44.0128],[1.7495,44.0253],[1.7391,44.0249],[1.7385,44.0226],[1.7241,44.0222],[1.7229,44.0192],[1.7209,44.0169],[1.719,44.0145],[1.7158,44.0133],[1.712,44.0112],[1.7105,44.0104],[1.7091,44.009],[1.7086,44.0074],[1.7091,44.0062],[1.7089,44.0042],[1.7089,44.0026],[1.7089,44.0011],[1.7081,43.9995],[1.7064,43.9974],[1.705,43.9958],[1.7037,43.9938],[1.7029,43.9921],[1.7026,43.991]]]},"properties":{"id_ffco":"3802","nom":"Puycelsi-Grésigne","_dept":"81","numero":"2004-D81-029","commune":"Puycelsi","echelle":"1/10000","surface":"9.8 km²","format":"A3","annee":"2004","cartographes":"C Lecourt","proprietaire":"8105 - BALISE ORIENTATION ALBIGEOISE","niveau":"Interrégional","specialite":"CO à pied","latitude":"44.0057631722","longitude":"1.72809430428","date_saisie":"20/07/2004","date_depot":"22/07/2004","valide":"Oui","ppo":"Non","type_carte":"Nouvelle carte","fond":"Ortho","obsolete":false}},{"type":"Feature","geometry":{"type":"Polygon","coordinates":[[[2.0822,43.413],[2.0829,43.4133],[2.0834,43.4133],[2.0844,43.4122],[2.0853,43.4121],[2.0863,43.4131],[2.0868,43.4137],[2.0873,43.414],[2.0868,43.4145],[2.0868,43.4156],[2.0872,43.4174],[2.0876,43.4188],[2.0866,43.4189],[2.0854,43.4194],[2.0843,43.4201],[2.0837,43.4207],[2.0835,43.422],[2.0836,43.4223],[2.0827,43.4223],[2.0822,43.4227],[2.0819,43.4234],[2.0816,43.424],[2.0812,43.4245],[2.0803,43.4245],[2.0789,43.4246],[2.0777,43.4245],[2.0765,43.4246],[2.0765,43.4264],[2.0768,43.4277],[2.0768,43.4281],[2.0761,43.4284],[2.0748,43.429],[2.074,43.4295],[2.0723,43.4297],[2.0694,43.4295],[2.0665,43.4345],[2.0591,43.4363],[2.0562,43.4354],[2.0535,43.4353],[2.0522,43.4349],[2.051,43.4345],[2.0503,43.434],[2.0519,43.4315],[2.0573,43.4274],[2.0592,43.4265],[2.0579,43.4263],[2.0566,43.4263],[2.0568,43.4254],[2.0574,43.4234],[2.0592,43.4215],[2.0598,43.4198],[2.0614,43.4189],[2.0611,43.4175],[2.0615,43.4156],[2.062,43.4147],[2.064,43.4132],[2.0664,43.4122],[2.0684,43.4123],[2.0694,43.413],[2.0712,43.4129],[2.0732,43.4122],[2.0749,43.4118],[2.0761,43.4117],[2.077,43.4093],[2.0822,43.4094],[2.0822,43.4127],[2.0822,43.413]]]},"properties":{"id_ffco":"4044","nom":"Forêt de l'Aiguille","_dept":"81","numero":"2002-D81-028","commune":"Les Cammazes","echelle":"1/10000","surface":"4.56 km²","format":"A3","annee":"2002","cartographes":"J. VIGUIER,M Cotirta","proprietaire":"8104 - AZIMUT ORIENTATION CASTRES","niveau":"National, International","specialite":"CO à pied","latitude":"43.4224844776","longitude":"2.06946234421","date_saisie":"13/09/2005","date_depot":"21/09/2005","valide":"Oui","ppo":"Non","type_carte":"Nouvelle carte","fond":"Ortho","obsolete":false}},{"type":"Feature","geometry":{"type":"Polygon","coordinates":[[[1.7951,43.9247],[1.7883,43.924],[1.7834,43.9224],[1.7762,43.9195],[1.7693,43.9171],[1.7671,43.9151],[1.7555,43.914],[1.7547,43.9171],[1.7542,43.9205],[1.7533,43.9239],[1.7502,43.9296],[1.7488,43.9315],[1.7493,43.9336],[1.7473,43.9391],[1.7484,43.9398],[1.7515,43.939],[1.7571,43.9384],[1.7597,43.9384],[1.7652,43.9356],[1.7678,43.9347],[1.7719,43.9359],[1.7748,43.9374],[1.7816,43.9376],[1.7852,43.9359],[1.7875,43.9336],[1.7926,43.9288],[1.7951,43.9247]]]},"properties":{"id_ffco":"4043","nom":"FORET DEPARTEMENTALE DE SIVENS - LA JASSE","_dept":"81","numero":"2001-D81-027","commune":"LISLE SUR TARN","echelle":"1/10000","surface":"6.58 km²","format":"A3","annee":"2001","cartographes":"ESCUDIE Christian","proprietaire":"8105 - BALISE ORIENTATION ALBIGEOISE","niveau":"National, International","specialite":"CO à pied","latitude":"43.9277097888","longitude":"1.76865378038","date_saisie":"13/09/2005","date_depot":"21/09/2005","valide":"Oui","ppo":"Non","type_carte":"Nouvelle carte","fond":"Ortho","obsolete":false}},{"type":"Feature","geometry":{"type":"Polygon","coordinates":[[[1.7485,43.9393],[1.7491,43.9409],[1.7486,43.9427],[1.7483,43.9435],[1.7461,43.9447],[1.7443,43.9458],[1.7431,43.9471],[1.7424,43.9484],[1.7427,43.9504],[1.7425,43.9517],[1.7441,43.9517],[1.7506,43.9539],[1.7522,43.9521],[1.7524,43.9512],[1.7534,43.9501],[1.7549,43.9493],[1.7572,43.9483],[1.7576,43.9482],[1.7579,43.9474],[1.7579,43.9458],[1.7582,43.9444],[1.7606,43.9426],[1.7621,43.9421],[1.763,43.9411],[1.7631,43.9394],[1.764,43.938],[1.7652,43.9368],[1.7631,43.9357],[1.7609,43.9368],[1.7597,43.9376],[1.7582,43.9377],[1.7555,43.9376],[1.7529,43.9378],[1.75,43.9387],[1.7485,43.9393]]]},"properties":{"id_ffco":"4042","nom":"RUISSEAU DE SIVENS","_dept":"81","numero":"2001-D81-026","commune":"LISLE SUR TARN","echelle":"1/10000","surface":"1.74 km²","format":"A4","annee":"2001","cartographes":"ESCUDIE Christian","proprietaire":"81 - Tarn","niveau":"Régional","specialite":"CO à pied","latitude":"43.9446536981","longitude":"1.75281587323","date_saisie":"13/09/2005","date_depot":"21/09/2005","valide":"Oui","ppo":"Non","type_carte":"Nouvelle carte","fond":"Ortho","obsolete":false}},{"type":"Feature","geometry":{"type":"Polygon","coordinates":[[[2.3384,43.9814],[2.3294,43.9831],[2.3229,43.9849],[2.3185,43.9867],[2.317,43.9882],[2.3153,43.9888],[2.3144,43.9892],[2.3111,43.9893],[2.3071,43.9885],[2.3062,43.9865],[2.3032,43.9879],[2.3027,43.9877],[2.302,43.9867],[2.3017,43.9804],[2.3029,43.9793],[2.3033,43.9773],[2.3057,43.9767],[2.3072,43.9759],[2.3131,43.9757],[2.3167,43.9745],[2.3174,43.9744],[2.318,43.9745],[2.3176,43.9751],[2.3195,43.9749],[2.3213,43.9748],[2.3257,43.9716],[2.3364,43.9723],[2.3365,43.9763],[2.3384,43.9814]]]},"properties":{"id_ffco":"4041","nom":"Forêt Départementale de SERENAC \"2\"","_dept":"81","numero":"2001-D81-025","commune":"Serenac","echelle":"1/10000","surface":"3.64 km²","format":"A4","annee":"2001","cartographes":"ESCUDIE Christian","proprietaire":"81 - Tarn","niveau":"Interrégional","specialite":"CO à pied","latitude":"43.9802362647","longitude":"2.31911965526","date_saisie":"13/09/2005","date_depot":"21/09/2005","valide":"Oui","ppo":"Non","type_carte":"Reprise","base":"1982-D81-002 SERENAC","fond":"Ortho","obsolete":false}},{"type":"Feature","geometry":{"type":"Polygon","coordinates":[[[1.7662,43.9146],[1.768,43.9158],[1.7704,43.9179],[1.7727,43.9185],[1.7753,43.9191],[1.7762,43.9196],[1.7758,43.9292],[1.7752,43.93],[1.7742,43.9311],[1.7727,43.9325],[1.7723,43.9342],[1.7718,43.9356],[1.7704,43.9349],[1.7693,43.9341],[1.7676,43.9341],[1.764,43.9355],[1.7625,43.9364],[1.7609,43.9375],[1.7599,43.9382],[1.7585,43.9383],[1.7564,43.9382],[1.7542,43.9383],[1.7527,43.9382],[1.7523,43.9362],[1.7522,43.934],[1.7512,43.9325],[1.7503,43.9318],[1.75,43.9307],[1.7513,43.9302],[1.753,43.9301],[1.7538,43.9299],[1.7548,43.9285],[1.7548,43.927],[1.754,43.9252],[1.7535,43.9232],[1.7539,43.921],[1.7546,43.9195],[1.7551,43.9175],[1.755,43.916],[1.7552,43.915],[1.7557,43.9138],[1.7578,43.9129],[1.7591,43.9123],[1.7596,43.9122],[1.7616,43.9132],[1.7639,43.9142],[1.7662,43.9146]]]},"properties":{"id_ffco":"4040","nom":"FORET DEPARTEMENTALE DE SIVENS","_dept":"81","numero":"2000-D81-024","commune":"LISLE SUR TARN","echelle":"1/10000","surface":"4.06 km²","format":"A4","annee":"2000","cartographes":"C. ESCUDIE","proprietaire":"8105 - BALISE ORIENTATION ALBIGEOISE","niveau":"Interrégional","specialite":"CO à pied","latitude":"43.9258154233","longitude":"1.76329754033","date_saisie":"13/09/2005","date_depot":"21/09/2005","valide":"Oui","ppo":"Oui (27 postes)","type_carte":"Nouvelle carte","fond":"Ortho","obsolete":false}},{"type":"Feature","geometry":{"type":"Polygon","coordinates":[[[1.7703,43.9326],[1.7699,43.9319],[1.77,43.931],[1.7699,43.9301],[1.7702,43.9293],[1.7704,43.9285],[1.7706,43.9281],[1.7714,43.9202],[1.7591,43.9202],[1.7585,43.9305],[1.7598,43.93],[1.7619,43.9304],[1.7641,43.9315],[1.7657,43.9323],[1.7671,43.9316],[1.7703,43.9326]]]},"properties":{"id_ffco":"4039","nom":"FORET DOMANIALE DE SIVENS LA JASSE","_dept":"81","numero":"2000-D81-023","commune":"LISLE SUR TARN","echelle":"1/5000","surface":"1.18 km²","format":"A4","annee":"2000","cartographes":"C. ESCUDIE","proprietaire":"8105 - BALISE ORIENTATION ALBIGEOISE","niveau":"Départemental","specialite":"CO à pied","latitude":"43.9257071605","longitude":"1.76498578095","date_saisie":"13/09/2005","date_depot":"21/09/2005","valide":"Oui","ppo":"Non","type_carte":"Nouvelle carte","fond":"Ortho","obsolete":false}},{"type":"Feature","geometry":{"type":"Polygon","coordinates":[[[1.8533,43.6882],[1.8534,43.6882],[1.8555,43.689],[1.8564,43.6894],[1.8574,43.6897],[1.8584,43.6899],[1.8592,43.6901],[1.8596,43.6903],[1.873,43.6902],[1.8741,43.6889],[1.876,43.6879],[1.8766,43.6867],[1.8764,43.6851],[1.876,43.6837],[1.876,43.6827],[1.8762,43.6819],[1.8758,43.6816],[1.8753,43.6813],[1.8749,43.6808],[1.8498,43.6823],[1.8502,43.6851],[1.8509,43.6853],[1.8513,43.6858],[1.8514,43.6865],[1.8518,43.6874],[1.852,43.6878],[1.8529,43.6882],[1.8533,43.6882]]]},"properties":{"id_ffco":"4038","nom":"ENDARASSOU","_dept":"81","numero":"2000-D81-022","commune":"Lavaur","echelle":"1/7500","surface":"1.84 km²","format":"A4","annee":"2000","cartographes":"C. ESCUDIE","proprietaire":"8105 - BALISE ORIENTATION ALBIGEOISE","niveau":"Départemental","specialite":"CO à pied","latitude":"43.6855844434","longitude":"1.86411595565","date_saisie":"13/09/2005","date_depot":"21/09/2005","valide":"Oui","ppo":"Non","type_carte":"Nouvelle carte","fond":"Ortho","obsolete":false}},{"type":"Feature","geometry":{"type":"Polygon","coordinates":[[[1.8482,43.6823],[1.8481,43.6836],[1.8493,43.6847],[1.8503,43.6852],[1.851,43.6855],[1.8514,43.6863],[1.8518,43.6875],[1.8534,43.6883],[1.8551,43.6888],[1.8569,43.6896],[1.8588,43.6902],[1.8597,43.6902],[1.8583,43.6911],[1.8594,43.6921],[1.8614,43.6934],[1.8627,43.6947],[1.8634,43.6959],[1.864,43.6972],[1.8644,43.6983],[1.8654,43.6986],[1.8678,43.698],[1.87,43.6975],[1.8713,43.6965],[1.8718,43.6946],[1.872,43.6923],[1.873,43.6903],[1.8736,43.6894],[1.875,43.6884],[1.8763,43.6878],[1.8765,43.686],[1.8762,43.6843],[1.876,43.6832],[1.876,43.6823],[1.8755,43.6819],[1.875,43.6814],[1.8749,43.6808],[1.8482,43.6823]]]},"properties":{"id_ffco":"4037","nom":"FLAMARENS Domaine Agricole Expérimental","_dept":"81","numero":"2000-D81-021","commune":"Lavaur","echelle":"1/10000","surface":"2.59 km²","format":"A4","annee":"2000","cartographes":"C. ESCUDIE","proprietaire":"8105 - BALISE ORIENTATION ALBIGEOISE","niveau":"Interrégional","specialite":"CO à pied","latitude":"43.687729605","longitude":"1.86449923581","date_saisie":"13/09/2005","date_depot":"21/09/2005","valide":"Oui","ppo":"Oui (30 postes)","type_carte":"Nouvelle carte","fond":"Ortho","obsolete":false}},{"type":"Feature","geometry":{"type":"Polygon","coordinates":[[[2.2531,43.6244],[2.2475,43.6197],[2.2493,43.619],[2.2513,43.618],[2.2521,43.618],[2.2533,43.6165],[2.2542,43.6157],[2.2562,43.6146],[2.2574,43.6135],[2.258,43.6127],[2.2597,43.6128],[2.261,43.6134],[2.2615,43.6147],[2.261,43.6164],[2.2601,43.6177],[2.2598,43.6159],[2.263,43.6194],[2.2637,43.6211],[2.266,43.6212],[2.2666,43.622],[2.2667,43.6229],[2.2694,43.6234],[2.271,43.6234],[2.2726,43.6263],[2.2706,43.6265],[2.2701,43.632],[2.2691,43.6323],[2.2652,43.6322],[2.2619,43.6313],[2.2598,43.6303],[2.2567,43.6281],[2.2562,43.6267],[2.2555,43.6256],[2.2564,43.6238],[2.2531,43.6244]]]},"properties":{"id_ffco":"3490","nom":"CASTRES GOURJADE. BORDE BASSE","_dept":"81","numero":"1999-D81-020","commune":"CASTRES","echelle":"1/10000","surface":"2.06 km²","format":"A4","annee":"1999","cartographes":"ESCUDIE Christian,VIDAL J.,T. BOUTOUT","proprietaire":"8104 - AZIMUT ORIENTATION CASTRES","niveau":"Régional","specialite":"CO à pied","latitude":"43.6233432208","longitude":"2.26068843958","date_saisie":"09/03/2002","date_depot":"16/04/2002","valide":"Oui","ppo":"Non","type_carte":"Nouvelle carte","fond":"Ortho","obsolete":false}},{"type":"Feature","geometry":{"type":"Polygon","coordinates":[[[2.2539,43.6245],[2.2561,43.624],[2.2554,43.6253],[2.2558,43.6271],[2.257,43.6288],[2.2586,43.63],[2.2611,43.6314],[2.264,43.6322],[2.267,43.6325],[2.2692,43.6323],[2.2704,43.6321],[2.2716,43.6243],[2.2712,43.6234],[2.2704,43.6233],[2.2699,43.6233],[2.2685,43.6232],[2.2675,43.623],[2.2667,43.6229],[2.2666,43.6206],[2.2534,43.6242],[2.2539,43.6245]]]},"properties":{"id_ffco":"3487","nom":"CASTRES BORDE BASSE","_dept":"81","numero":"1999-D81-019","commune":"CASTRES","echelle":"1/5000","surface":"1.23 km²","format":"A3","annee":"1999","cartographes":"ESCUDIE Christian,VIDAL J.,T. BOUTOUT","proprietaire":"8104 - AZIMUT ORIENTATION CASTRES","niveau":"Départemental","specialite":"CO à pied","latitude":"43.6268411671","longitude":"2.26394918772","date_saisie":"09/03/2002","date_depot":"16/04/2002","valide":"Oui","ppo":"Non","type_carte":"Nouvelle carte","fond":"Ortho","obsolete":false}},{"type":"Feature","geometry":{"type":"Polygon","coordinates":[[[1.719,43.9917],[1.719,43.9919],[1.718,43.9927],[1.7167,43.9933],[1.7147,43.9936],[1.7132,43.9939],[1.7124,43.9937],[1.712,43.994],[1.7125,43.9944],[1.7123,43.995],[1.7113,43.9954],[1.7109,43.996],[1.7104,43.9964],[1.7097,43.9968],[1.7094,43.9974],[1.7097,43.9978],[1.7097,43.9984],[1.7095,43.9995],[1.7091,44.0003],[1.7096,44.0013],[1.7104,44.0021],[1.7105,44.0027],[1.7108,44.0031],[1.7115,44.0038],[1.7117,44.0048],[1.7116,44.0054],[1.7154,44.0079],[1.717,44.0074],[1.7183,44.0076],[1.7205,44.0082],[1.72,44.0077],[1.7192,44.0073],[1.7191,44.007],[1.7197,44.0067],[1.7212,44.0064],[1.7222,44.0078],[1.7228,44.0077],[1.723,44.0073],[1.7236,44.0071],[1.7243,44.0076],[1.7251,44.0075],[1.7256,44.0078],[1.7259,44.0085],[1.7266,44.0089],[1.7282,44.0089],[1.7291,44.0091],[1.7296,44.008],[1.7308,44.007],[1.7322,44.0057],[1.7325,44.0046],[1.7326,44.0037],[1.7326,44.0026],[1.7335,44.0002],[1.7343,43.9989],[1.7346,43.9975],[1.7355,43.9951],[1.7358,43.9939],[1.7354,43.9923],[1.7353,43.9919],[1.7301,43.9918],[1.7272,43.992],[1.7246,43.9915],[1.7223,43.9916],[1.719,43.9917]]]},"properties":{"id_ffco":"4035","nom":"LA JANADE","_dept":"81","numero":"1999-D81-018","commune":"Puycelsi","echelle":"1/10000","surface":"3.13 km²","format":"A4","annee":"1999","cartographes":"ESCUDIE Christian","proprietaire":"8105 - BALISE ORIENTATION ALBIGEOISE","niveau":"Interrégional","specialite":"CO à pied","latitude":"43.9996094056","longitude":"1.72271198296","date_saisie":"13/09/2005","date_depot":"22/01/2016","valide":"Oui","ppo":"Non","type_carte":"Nouvelle carte","fond":"Ortho","obsolete":false}},{"type":"Feature","geometry":{"type":"Polygon","coordinates":[[[1.7242,44.0059],[1.7314,44.0059],[1.7323,44.0051],[1.7331,43.9943],[1.7194,43.9944],[1.7195,43.9982],[1.7203,43.9988],[1.7212,43.999],[1.7211,43.9994],[1.72,43.9998],[1.7194,44.0],[1.7192,44.0006],[1.7202,44.0013],[1.7221,44.0023],[1.7234,44.0034],[1.724,44.0044],[1.7242,44.0059]]]},"properties":{"id_ffco":"4034","nom":"PUYCELCI - LA JANADE","_dept":"81","numero":"1999-D81-017","commune":"Puycelsi","echelle":"1/5000","surface":"1.19 km²","format":"A4","annee":"1999","cartographes":"ESCUDIE Christian","proprietaire":"8105 - BALISE ORIENTATION ALBIGEOISE","niveau":"Interrégional","specialite":"CO à pied","latitude":"43.9995866431","longitude":"1.72668645781","date_saisie":"13/09/2005","date_depot":"22/01/2016","valide":"Oui","ppo":"Non","type_carte":"Nouvelle carte","fond":"Ortho","obsolete":false}},{"type":"Feature","geometry":{"type":"Polygon","coordinates":[[[1.7185,43.8225],[1.7203,43.8221],[1.7199,43.821],[1.718,43.8212],[1.7178,43.8214],[1.7182,43.8221],[1.7185,43.8225]]]},"properties":{"id_ffco":"4033","nom":"STADE DU MOULIN A VENT","_dept":"81","numero":"1999-D81-016","commune":"Rabastens","echelle":"1/1250","surface":"0.02 km²","format":"A5","annee":"1999","cartographes":"ESCUDIE Christian","proprietaire":"8105 - BALISE ORIENTATION ALBIGEOISE","niveau":"Initiation, Scolaire","specialite":"CO à pied","latitude":"43.8216949701","longitude":"1.71905405634","date_saisie":"13/09/2005","date_depot":"22/01/2016","valide":"Oui","ppo":"Non","type_carte":"Nouvelle carte","fond":"Ortho","obsolete":false}},{"type":"Feature","geometry":{"type":"Polygon","coordinates":[[[1.6985,43.8299],[1.7023,43.8309],[1.7043,43.8347],[1.7044,43.8352],[1.7031,43.8357],[1.7045,43.8391],[1.7045,43.8393],[1.7036,43.8394],[1.7038,43.84],[1.7028,43.8403],[1.7028,43.8409],[1.7022,43.8411],[1.7023,43.8413],[1.7006,43.8415],[1.6991,43.8419],[1.6979,43.842],[1.6962,43.842],[1.6948,43.8399],[1.6931,43.8385],[1.6933,43.8375],[1.6931,43.8372],[1.6939,43.8336],[1.6951,43.8328],[1.6956,43.8324],[1.6959,43.8316],[1.6967,43.831],[1.6978,43.8303],[1.6985,43.8299]]]},"properties":{"id_ffco":"4032","nom":"LAC DES AUZERALS","_dept":"81","numero":"1999-D81-015","commune":"Rabastens","echelle":"1/5000","surface":"0.91 km²","format":"A4","annee":"1999","cartographes":"ESCUDIE Christian","proprietaire":"8105 - BALISE ORIENTATION ALBIGEOISE","niveau":"Départemental","specialite":"CO à pied","latitude":"43.8362344472","longitude":"1.69885143728","date_saisie":"13/09/2005","date_depot":"21/09/2005","valide":"Oui","ppo":"Oui (13 postes)","type_carte":"Nouvelle carte","fond":"IGN","obsolete":false}},{"type":"Feature","geometry":{"type":"Polygon","coordinates":[[[1.7828,43.8066],[1.7748,43.8032],[1.7761,43.8028],[1.7736,43.7983],[1.7701,43.7934],[1.7693,43.79],[1.7703,43.7875],[1.7718,43.7866],[1.773,43.7861],[1.7722,43.7848],[1.777,43.7831],[1.7783,43.7829],[1.7794,43.7841],[1.7818,43.7828],[1.7835,43.7814],[1.7858,43.7805],[1.7885,43.7792],[1.7886,43.7787],[1.7894,43.7786],[1.7914,43.7782],[1.7923,43.7781],[1.7925,43.7793],[1.7941,43.7788],[1.7944,43.7771],[1.7967,43.777],[1.7964,43.7785],[1.7982,43.7777],[1.7994,43.7771],[1.8034,43.7786],[1.8079,43.7816],[1.8098,43.7835],[1.8126,43.7844],[1.8143,43.786],[1.8146,43.7871],[1.8166,43.7885],[1.8179,43.7888],[1.8188,43.7893],[1.8195,43.7911],[1.8209,43.7921],[1.8206,43.7924],[1.8197,43.7918],[1.8183,43.792],[1.8179,43.7916],[1.8155,43.7925],[1.8145,43.7926],[1.8142,43.7925],[1.8112,43.7929],[1.8081,43.7938],[1.8078,43.7935],[1.807,43.7937],[1.8081,43.7953],[1.8065,43.7957],[1.8062,43.796],[1.8081,43.7978],[1.8081,43.7983],[1.807,43.7996],[1.8053,43.8018],[1.8023,43.8024],[1.7982,43.8042],[1.7948,43.8056],[1.7918,43.8062],[1.7887,43.8064],[1.7871,43.8067],[1.7861,43.8064],[1.7846,43.8062],[1.7828,43.8066]]]},"properties":{"id_ffco":"4031","nom":"GIROUSSENS","_dept":"81","numero":"1999-D81-014","commune":"Giroussens","echelle":"1/15000","surface":"8.42 km²","format":"A4","annee":"1999","cartographes":"C. ESCUDIE","proprietaire":"8105 - BALISE ORIENTATION ALBIGEOISE","niveau":"Interrégional","specialite":"CO à pied","latitude":"43.7918914292","longitude":"1.79211975591","date_saisie":"13/09/2005","date_depot":"21/09/2005","valide":"Oui","ppo":"Non","type_carte":"Nouvelle carte","fond":"IGN","obsolete":false}},{"type":"Feature","geometry":{"type":"Polygon","coordinates":[[[2.2532,43.6245],[2.2467,43.6196],[2.2479,43.6189],[2.2485,43.6181],[2.2505,43.6172],[2.2504,43.6162],[2.2536,43.615],[2.2539,43.615],[2.2542,43.6149],[2.2547,43.6147],[2.2553,43.6142],[2.2563,43.6129],[2.2578,43.6127],[2.2608,43.6123],[2.2622,43.6128],[2.2641,43.6162],[2.2639,43.6167],[2.2631,43.6172],[2.2636,43.6177],[2.264,43.6185],[2.2638,43.6194],[2.2643,43.6214],[2.2631,43.6217],[2.2604,43.6224],[2.2594,43.6228],[2.257,43.6236],[2.2539,43.6247],[2.2532,43.6245]]]},"properties":{"id_ffco":"3488","nom":"CASTRES . GOURJADE","_dept":"81","numero":"1999-D81-013","commune":"CASTRES","echelle":"1/5000","surface":"1.22 km²","format":"A3","annee":"1999","cartographes":"BONTOUT T.,VIDL J.,C. ESCUDIE","proprietaire":"8104 - AZIMUT ORIENTATION CASTRES","niveau":"Départemental","specialite":"CO à pied","latitude":"43.6185565519","longitude":"2.25662389564","date_saisie":"09/03/2002","date_depot":"16/04/2002","valide":"Oui","ppo":"Non","type_carte":"Nouvelle carte","fond":"Ortho","obsolete":false}},{"type":"Feature","geometry":{"type":"Polygon","coordinates":[[[1.7445,44.004],[1.7414,44.0041],[1.741,44.004],[1.7406,44.0054],[1.7384,44.0062],[1.7377,44.0067],[1.7364,44.0074],[1.7358,44.0078],[1.7355,44.0088],[1.7368,44.0108],[1.7371,44.0118],[1.7358,44.0132],[1.7344,44.0144],[1.7339,44.0152],[1.7337,44.0158],[1.7334,44.0163],[1.7331,44.0157],[1.7323,44.0157],[1.731,44.0162],[1.7307,44.0174],[1.7306,44.0184],[1.7306,44.0191],[1.7308,44.0199],[1.7305,44.021],[1.7303,44.0218],[1.7315,44.023],[1.7359,44.0237],[1.7345,44.0246],[1.733,44.0256],[1.7306,44.0254],[1.7289,44.0255],[1.7276,44.0263],[1.728,44.0269],[1.729,44.0275],[1.7315,44.0294],[1.7304,44.0305],[1.7297,44.0317],[1.7294,44.0334],[1.7316,44.0349],[1.734,44.0353],[1.7355,44.0356],[1.7355,44.0373],[1.7373,44.0372],[1.7401,44.0367],[1.7417,44.0366],[1.7437,44.0366],[1.7456,44.0368],[1.7466,44.0365],[1.7487,44.0359],[1.7512,44.0356],[1.7536,44.0362],[1.7543,44.0365],[1.7557,44.0366],[1.7561,44.0358],[1.7566,44.035],[1.7575,44.0342],[1.7583,44.0333],[1.7587,44.0322],[1.7594,44.031],[1.7603,44.0306],[1.7609,44.0295],[1.7621,44.0291],[1.762,44.0284],[1.7612,44.0279],[1.7615,44.027],[1.7625,44.0266],[1.7625,44.0253],[1.7625,44.0241],[1.7631,44.0229],[1.7639,44.022],[1.7649,44.0209],[1.7651,44.0199],[1.7629,44.0188],[1.7613,44.0183],[1.7614,44.0172],[1.7631,44.0162],[1.7646,44.0152],[1.7663,44.014],[1.7672,44.0124],[1.7686,44.0109],[1.7697,44.0101],[1.7685,44.0103],[1.7679,44.0105],[1.7645,44.0097],[1.7631,44.0095],[1.761,44.01],[1.7607,44.0101],[1.7591,44.0108],[1.7581,44.0111],[1.7566,44.0111],[1.7564,44.0103],[1.755,44.0099],[1.7525,44.0066],[1.7506,44.0056],[1.7496,44.0048],[1.7492,44.0044],[1.7463,44.0043],[1.7445,44.004]]]},"properties":{"id_ffco":"8000","nom":"LA GRESIGNE Le RÖ \"2\"","_dept":"81","numero":"1994-D81-012","commune":"CASTELNAU DE MONT MIRAL","echelle":"1/15000","surface":"7.91 km²","format":"A4","annee":"1994","cartographes":"ESCUDIE Christian","proprietaire":"81 - Tarn","niveau":"Interrégional","specialite":"CO à pied","latitude":"44.021395667","longitude":"1.74701833662","date_saisie":"02/02/2015","date_depot":"22/01/2016","valide":"Oui","ppo":"Non","type_carte":"Nouvelle carte","fond":"Ortho","obsolete":false}},{"type":"Feature","geometry":{"type":"Polygon","coordinates":[[[2.4635,43.5243],[2.4622,43.5243],[2.461,43.5247],[2.4603,43.5254],[2.4594,43.5261],[2.4587,43.5261],[2.4576,43.5263],[2.456,43.5272],[2.4553,43.5281],[2.4551,43.529],[2.4552,43.5297],[2.4552,43.53],[2.4546,43.5307],[2.4541,43.5315],[2.4535,43.5329],[2.4534,43.534],[2.4531,43.5348],[2.4526,43.5359],[2.4528,43.5363],[2.4532,43.5368],[2.4525,43.5373],[2.4512,43.5383],[2.4504,43.5392],[2.4506,43.5406],[2.4507,43.5422],[2.4503,43.5431],[2.4502,43.5437],[2.4506,43.5442],[2.4513,43.5444],[2.4518,43.5447],[2.4525,43.5453],[2.4522,43.546],[2.4521,43.547],[2.4519,43.5479],[2.4514,43.5484],[2.4515,43.549],[2.4526,43.5493],[2.4537,43.5495],[2.4587,43.5493],[2.4593,43.5491],[2.4601,43.5487],[2.4619,43.5486],[2.4646,43.5475],[2.4663,43.5463],[2.4684,43.5452],[2.4703,43.5442],[2.4722,43.5434],[2.4737,43.5425],[2.4748,43.5416],[2.4772,43.541],[2.4793,43.5406],[2.4818,43.5406],[2.4822,43.5404],[2.4833,43.54],[2.4841,43.5394],[2.4842,43.5387],[2.484,43.5375],[2.4841,43.5367],[2.4834,43.536],[2.4827,43.535],[2.4825,43.534],[2.4812,43.5338],[2.4797,43.5339],[2.4784,43.5341],[2.4769,43.534],[2.476,43.5336],[2.4758,43.5325],[2.4757,43.5308],[2.4758,43.5302],[2.4768,43.5293],[2.4777,43.5284],[2.4793,43.5272],[2.4793,43.526],[2.4787,43.5253],[2.4774,43.5245],[2.4767,43.5241],[2.4749,43.5245],[2.4743,43.5252],[2.4741,43.526],[2.4729,43.5261],[2.472,43.5263],[2.4715,43.5262],[2.4703,43.5263],[2.4683,43.5268],[2.4677,43.5271],[2.4675,43.5277],[2.4669,43.5279],[2.4657,43.5274],[2.4653,43.5267],[2.4644,43.5263],[2.4638,43.526],[2.4635,43.5243]]]},"properties":{"id_ffco":"3123","nom":"LE VINTROU","_dept":"81","numero":"1998-D81-011","commune":"VINTROU","echelle":"1/15000","surface":"4.88 km²","format":"A4","annee":"1998","cartographes":"M Cotirta,PRAT H.P.,THUILLER L.","proprietaire":"8104 - AZIMUT ORIENTATION CASTRES","niveau":"National, International","specialite":"CO à pied","latitude":"43.536769226","longitude":"2.46528784083","date_depot":"22/01/2016","valide":"Oui","ppo":"Non","type_carte":"Nouvelle carte","fond":"Ortho","obsolete":false}},{"type":"Feature","geometry":{"type":"Polygon","coordinates":[[[2.3383,43.9815],[2.3333,43.9818],[2.3293,43.9825],[2.3255,43.9835],[2.3205,43.9852],[2.3169,43.9874],[2.3154,43.9883],[2.3139,43.9891],[2.3112,43.9891],[2.3074,43.9883],[2.3064,43.9864],[2.304,43.983],[2.3027,43.9795],[2.304,43.9789],[2.3036,43.9784],[2.3035,43.9779],[2.3039,43.9775],[2.3048,43.9774],[2.3075,43.976],[2.3124,43.976],[2.3179,43.9737],[2.3185,43.9743],[2.3202,43.975],[2.3216,43.9746],[2.3246,43.9724],[2.326,43.9717],[2.3317,43.9722],[2.3364,43.9725],[2.3364,43.973],[2.3364,43.9759],[2.3375,43.9786],[2.3384,43.9814],[2.3383,43.9815]]]},"properties":{"id_ffco":"3156","nom":"Forêt Départementale de SERENAC","_dept":"81","numero":"1996-D81-010","commune":"SERENAC","echelle":"1/10000","surface":"3.31 km²","format":"A4","annee":"1996","cartographes":"Gérard VENON","proprietaire":"81 - Tarn","niveau":"Interrégional","specialite":"CO à pied","latitude":"43.9798517336","longitude":"2.31990934472","date_depot":"22/01/2016","valide":"Oui","ppo":"Non","type_carte":"Nouvelle carte","fond":"IGN","obsolete":false}},{"type":"Feature","geometry":{"type":"Polygon","coordinates":[[[1.798,43.9273],[1.793,43.9331],[1.7901,43.9352],[1.7879,43.9365],[1.7873,43.9377],[1.7854,43.9396],[1.7774,43.9397],[1.776,43.938],[1.7748,43.9363],[1.7726,43.9357],[1.7706,43.9349],[1.7688,43.9338],[1.7674,43.9339],[1.7627,43.9363],[1.7605,43.9374],[1.7594,43.9383],[1.7568,43.9382],[1.7528,43.9383],[1.7509,43.9389],[1.7492,43.9395],[1.7462,43.9397],[1.7456,43.9393],[1.7454,43.9366],[1.7438,43.9341],[1.7433,43.9322],[1.7426,43.9307],[1.7423,43.9302],[1.7429,43.9289],[1.7438,43.9282],[1.7442,43.9279],[1.7434,43.9277],[1.7434,43.9268],[1.7434,43.9263],[1.7431,43.9255],[1.744,43.9251],[1.745,43.9253],[1.7457,43.9254],[1.7458,43.9252],[1.7443,43.9244],[1.7432,43.924],[1.747,43.9173],[1.7484,43.9167],[1.7494,43.9164],[1.7501,43.9156],[1.7502,43.9146],[1.7514,43.9139],[1.7525,43.9124],[1.7566,43.9131],[1.758,43.9133],[1.7588,43.9126],[1.7594,43.9122],[1.7605,43.9128],[1.7621,43.9137],[1.7632,43.9141],[1.7647,43.9145],[1.7658,43.9145],[1.7673,43.9156],[1.7696,43.9175],[1.7708,43.9181],[1.775,43.9191],[1.7794,43.9206],[1.7812,43.9216],[1.7827,43.9223],[1.7854,43.9232],[1.7875,43.924],[1.7894,43.924],[1.7934,43.9242],[1.7957,43.9249],[1.798,43.9273]]]},"properties":{"id_ffco":"2987","nom":"FORET DEPARTEMENTALE DE SIVENS","_dept":"81","numero":"1997-D81-009","commune":"LISLE SUR TARN","echelle":"1/15000","surface":"8.72 km²","format":"A4","annee":"1997","cartographes":"Gérard VENON","proprietaire":"81 - Tarn","niveau":"National, International","specialite":"CO à pied","latitude":"43.9273883592","longitude":"1.76655554684","date_depot":"22/01/2016","valide":"Oui","ppo":"Non","type_carte":"Nouvelle carte","fond":"IGN","obsolete":false}},{"type":"Feature","geometry":{"type":"Polygon","coordinates":[[[1.7777,43.9408],[1.7833,43.9408],[1.7867,43.9384],[1.7872,43.9367],[1.7933,43.9329],[1.7947,43.9326],[1.7936,43.9321],[1.7954,43.9295],[1.7985,43.9277],[1.7976,43.927],[1.7967,43.926],[1.7945,43.9247],[1.7916,43.9241],[1.7884,43.9242],[1.7864,43.9237],[1.7828,43.9226],[1.7814,43.9216],[1.7789,43.9206],[1.7754,43.9193],[1.7724,43.9185],[1.7704,43.9178],[1.7684,43.9163],[1.7665,43.9151],[1.7664,43.9144],[1.7656,43.9147],[1.7642,43.9147],[1.7628,43.9141],[1.7607,43.9132],[1.76,43.9128],[1.7594,43.9121],[1.758,43.9118],[1.7567,43.9118],[1.7561,43.9125],[1.7549,43.9125],[1.7536,43.9128],[1.7524,43.9133],[1.7514,43.9141],[1.7506,43.9149],[1.75,43.9159],[1.7491,43.9166],[1.7479,43.9169],[1.7471,43.9173],[1.7466,43.9181],[1.7461,43.9192],[1.7456,43.9199],[1.7452,43.9207],[1.7445,43.9216],[1.7436,43.9226],[1.743,43.9236],[1.7435,43.924],[1.7448,43.9245],[1.7456,43.9249],[1.7435,43.9253],[1.7435,43.9266],[1.7435,43.9274],[1.7433,43.9285],[1.7422,43.9302],[1.7434,43.9321],[1.7439,43.9338],[1.7443,43.9349],[1.7451,43.9359],[1.7458,43.9396],[1.747,43.9393],[1.7489,43.9393],[1.7503,43.9392],[1.7529,43.9382],[1.7581,43.938],[1.7594,43.9381],[1.7611,43.9371],[1.7633,43.9359],[1.7652,43.9348],[1.7675,43.9341],[1.769,43.9339],[1.7707,43.9351],[1.7724,43.9358],[1.7736,43.9361],[1.7752,43.9374],[1.7777,43.9406],[1.7777,43.9408]]]},"properties":{"id_ffco":"5005","nom":"LA JASSE","_dept":"81","numero":"1994-D81-008","commune":"LISLE SUR TARN","echelle":"1/15000","surface":"8.75 km²","format":"A4","annee":"1994","cartographes":"C. ESCUDIE","proprietaire":"17  RGP MONTAUBAN","niveau":"Interrégional","specialite":"CO à pied","latitude":"43.9274476501","longitude":"1.76657557528","date_saisie":"07/07/2010","date_depot":"22/01/2016","valide":"Oui","ppo":"Non","type_carte":"Nouvelle carte","fond":"IGN","obsolete":false}},{"type":"Feature","geometry":{"type":"Polygon","coordinates":[[[1.7446,44.0039],[1.7431,44.0039],[1.7423,44.0039],[1.7414,44.0037],[1.7409,44.0037],[1.7406,44.0042],[1.7403,44.0052],[1.7387,44.0057],[1.7376,44.0063],[1.737,44.0068],[1.7361,44.0074],[1.7352,44.0081],[1.7352,44.0089],[1.7366,44.0094],[1.7373,44.0097],[1.7368,44.0105],[1.737,44.0112],[1.7374,44.0121],[1.7371,44.0125],[1.7361,44.0128],[1.7349,44.0134],[1.7343,44.0144],[1.7339,44.0154],[1.7335,44.016],[1.7335,44.0165],[1.7331,44.0161],[1.7329,44.0158],[1.7319,44.0161],[1.7314,44.0163],[1.7309,44.0164],[1.7306,44.0173],[1.7307,44.0182],[1.7309,44.019],[1.7312,44.0201],[1.7309,44.021],[1.731,44.0217],[1.7314,44.0226],[1.736,44.0226],[1.736,44.0231],[1.7357,44.0236],[1.7348,44.024],[1.7343,44.0242],[1.7333,44.0244],[1.7325,44.0245],[1.732,44.0247],[1.7317,44.0252],[1.7352,44.0287],[1.7335,44.0293],[1.7318,44.0298],[1.7307,44.0306],[1.7298,44.0318],[1.7291,44.0322],[1.7286,44.0328],[1.7299,44.0338],[1.7321,44.0343],[1.7349,44.0341],[1.7355,44.0346],[1.7355,44.0346],[1.7355,44.0349],[1.7356,44.0351],[1.7356,44.0353],[1.7357,44.0358],[1.7357,44.0359],[1.7358,44.036],[1.7358,44.036],[1.7358,44.0357],[1.7357,44.0365],[1.7388,44.0354],[1.7427,44.0346],[1.7443,44.0351],[1.7458,44.0344],[1.7478,44.0341],[1.7506,44.0335],[1.7529,44.0349],[1.754,44.0351],[1.7548,44.0359],[1.7556,44.0361],[1.7561,44.0352],[1.7572,44.0344],[1.7579,44.0335],[1.7587,44.0319],[1.7589,44.0309],[1.76,44.0305],[1.7606,44.0299],[1.7617,44.0291],[1.7618,44.0287],[1.7608,44.0278],[1.7615,44.0268],[1.7624,44.0263],[1.7623,44.0251],[1.7625,44.0237],[1.763,44.0228],[1.7636,44.022],[1.7642,44.0211],[1.7647,44.0205],[1.7567,44.0201],[1.7509,44.0181],[1.7478,44.0151],[1.7472,44.0124],[1.7455,44.0105],[1.7443,44.0094],[1.7448,44.0083],[1.7452,44.0075],[1.745,44.0062],[1.7446,44.0039]]]},"properties":{"id_ffco":"7970","nom":"LE RÔ         Forêt de la Grésigne","_dept":"81","numero":"1994-D81-007","commune":"CASTELNAU DE MONT MIRAL","echelle":"1/15000","surface":"5.55 km²","format":"A4","annee":"1994","cartographes":"VILLET,LAZAROVICZ,RENARD,PETIT,REMY","proprietaire":"17 RGP MONTAUBAN","niveau":"Interrégional","specialite":"CO à pied","latitude":"44.0230811367","longitude":"1.74488049008","date_saisie":"20/01/2015","date_depot":"22/01/2016","valide":"Oui","ppo":"Non","type_carte":"Nouvelle carte","fond":"IGN","obsolete":false}},{"type":"Feature","geometry":{"type":"Polygon","coordinates":[[[2.1933,43.3948],[2.1944,43.3981],[2.1962,43.3994],[2.1962,43.4011],[2.1942,43.4039],[2.193,43.4049],[2.1923,43.4052],[2.1901,43.4057],[2.1891,43.4062],[2.1883,43.4079],[2.1888,43.4094],[2.1883,43.4108],[2.1864,43.4145],[2.1869,43.4175],[2.1869,43.419],[2.1855,43.4196],[2.1843,43.4206],[2.1834,43.4216],[2.1827,43.4224],[2.1831,43.4234],[2.1826,43.4241],[2.1808,43.4241],[2.181,43.4251],[2.184,43.4269],[2.1857,43.4286],[2.1868,43.4295],[2.1881,43.4307],[2.1902,43.432],[2.1923,43.4332],[2.1948,43.4341],[2.1961,43.4342],[2.1981,43.4334],[2.2,43.4324],[2.2013,43.4305],[2.2025,43.4285],[2.2041,43.427],[2.2076,43.4245],[2.2127,43.4204],[2.2159,43.4175],[2.2192,43.4158],[2.2241,43.4138],[2.2234,43.413],[2.2239,43.412],[2.2244,43.4099],[2.2239,43.4085],[2.2228,43.4077],[2.2223,43.4064],[2.2236,43.4049],[2.2247,43.403],[2.2251,43.4016],[2.2246,43.4007],[2.2234,43.4001],[2.2221,43.3991],[2.221,43.3976],[2.2206,43.3963],[2.2204,43.3947],[2.2201,43.3926],[2.219,43.3911],[2.2172,43.3893],[2.2166,43.3881],[2.2134,43.389],[2.2096,43.3881],[2.2061,43.3881],[2.2034,43.388],[2.2005,43.3881],[2.199,43.3896],[2.1964,43.3901],[2.194,43.3906],[2.193,43.3917],[2.1932,43.3932],[2.1933,43.3948]]]},"properties":{"id_ffco":"5006","nom":"CHÂTEAU DE RAMONDENS","_dept":"81","numero":"1995-D81-006","commune":"Arfon","echelle":"1/15000","surface":"10.92 km²","format":"A3","annee":"1995","cartographes":"Gérald LEVEL,Philippe PAGE","proprietaire":"8104 - AZIMUT ORIENTATION CASTRES","niveau":"Interrégional","specialite":"CO à pied","latitude":"43.4097077851","longitude":"2.20382630263","date_saisie":"07/07/2010","date_depot":"22/01/2016","valide":"Oui","ppo":"Non","type_carte":"Nouvelle carte","fond":"IGN","obsolete":false}},{"type":"Feature","geometry":{"type":"Polygon","coordinates":[[[2.2567,43.5308],[2.2568,43.5294],[2.2566,43.5289],[2.2564,43.5281],[2.2562,43.5275],[2.2557,43.5269],[2.2546,43.5271],[2.2554,43.526],[2.2541,43.526],[2.2521,43.5259],[2.2503,43.5259],[2.2512,43.5274],[2.2531,43.5292],[2.2538,43.5304],[2.2537,43.5317],[2.2539,43.5323],[2.2546,43.5338],[2.2562,43.5337],[2.2561,43.5342],[2.2567,43.5342],[2.2567,43.5308]]]},"properties":{"id_ffco":"2460","nom":"LABRUGUIERE - DOMAINE D'EN LAURE","_dept":"81","numero":"1995-D81-005","commune":"LABRUGUIERE","echelle":"1/5000","surface":"0.25 km²","format":"A4","annee":"1995","cartographes":"J. VIGUIER","proprietaire":"8104 - AZIMUT ORIENTATION CASTRES","niveau":"Initiation, Scolaire","specialite":"CO à pied","latitude":"43.5293571693","longitude":"2.25444436565","date_depot":"22/01/2016","valide":"Oui","ppo":"Non","type_carte":"Nouvelle carte","fond":"IGN","obsolete":false}},{"type":"Feature","geometry":{"type":"Polygon","coordinates":[[[1.7628,44.0234],[1.7636,44.0223],[1.7642,44.0213],[1.7647,44.0204],[1.7669,44.0193],[1.7694,44.0189],[1.7748,44.0186],[1.7774,44.0182],[1.7791,44.0166],[1.781,44.0145],[1.7829,44.0114],[1.7835,44.0088],[1.7845,44.0067],[1.7838,44.0046],[1.7831,44.0046],[1.7816,44.0047],[1.7797,44.0043],[1.7782,44.0035],[1.7771,44.0029],[1.7758,44.0031],[1.775,44.0031],[1.7727,44.0028],[1.771,44.0026],[1.7701,44.0019],[1.7697,44.0016],[1.7689,44.002],[1.7674,44.002],[1.7658,44.0017],[1.7633,44.0013],[1.7621,44.0012],[1.7611,43.9994],[1.7593,43.9995],[1.7567,43.9998],[1.7547,44.0003],[1.7529,44.0017],[1.7513,44.0025],[1.7495,44.0037],[1.7485,44.0043],[1.7465,44.0042],[1.7446,44.0037],[1.7436,44.0042],[1.7415,44.0041],[1.7403,44.0042],[1.7388,44.0049],[1.7367,44.0059],[1.7354,44.0066],[1.7362,44.0104],[1.7364,44.0128],[1.7365,44.0131],[1.7351,44.0138],[1.7343,44.0152],[1.738,44.0189],[1.738,44.0198],[1.7385,44.0203],[1.7402,44.0208],[1.7417,44.0213],[1.7434,44.0216],[1.7454,44.022],[1.7461,44.0231],[1.7628,44.0234]]]},"properties":{"id_ffco":"1404","nom":"LE PECH DU MIDI","_dept":"81","numero":"1985-D81-004","commune":"CASTELNAU DE MONTMIRAL","echelle":"1/15000","surface":"7.53 km²","format":"A4","annee":"1985","cartographes":"LAZAROWIZ,W Collet,CHABRIDO","proprietaire":"17 RCP MONTAUBAN","niveau":"Interrégional","specialite":"CO à pied","latitude":"44.0117219529","longitude":"1.75853641066","date_depot":"22/01/2016","valide":"Oui","ppo":"Non","type_carte":"Nouvelle carte","fond":"IGN","obsolete":false}},{"type":"Feature","geometry":{"type":"Polygon","coordinates":[[[2.1459,43.9228],[2.1444,43.9227],[2.1443,43.9223],[2.1442,43.9219],[2.1441,43.9215],[2.1434,43.9202],[2.1443,43.9203],[2.1451,43.9205],[2.1456,43.9207],[2.1462,43.9211],[2.1466,43.9215],[2.1466,43.9216],[2.146,43.9225],[2.1459,43.9228]]]},"properties":{"id_ffco":"5011","nom":"ROCHEGUDE","_dept":"81","numero":"1983-D81-003","commune":"Albi","echelle":"1/2500","surface":"0.04 km²","format":"A5","annee":"1983","cartographes":"JM Ruiz","proprietaire":"CSM Laperouse","niveau":"Initiation, Scolaire","specialite":"CO à pied","latitude":"43.9215248406","longitude":"2.14505506154","date_saisie":"07/07/2010","date_depot":"22/01/2016","valide":"Oui","ppo":"Non","type_carte":"Nouvelle carte","fond":"Cadastre","obsolete":false}},{"type":"Feature","geometry":{"type":"Polygon","coordinates":[[[2.3382,43.9812],[2.3336,43.9814],[2.3298,43.9818],[2.3285,43.9824],[2.325,43.9831],[2.3209,43.9842],[2.317,43.9859],[2.3144,43.9876],[2.3135,43.9876],[2.3128,43.9872],[2.313,43.9864],[2.3126,43.986],[2.3106,43.9855],[2.3087,43.9842],[2.3083,43.9836],[2.3091,43.9829],[2.3094,43.9826],[2.3086,43.9823],[2.3074,43.982],[2.3069,43.9816],[2.3068,43.9812],[2.3071,43.9806],[2.3074,43.9804],[2.3077,43.9788],[2.3074,43.9784],[2.3075,43.9781],[2.3086,43.978],[2.3099,43.9777],[2.3111,43.9773],[2.3126,43.9766],[2.3139,43.9762],[2.3146,43.9757],[2.3152,43.9752],[2.3168,43.9748],[2.3182,43.9752],[2.3194,43.9755],[2.3208,43.9756],[2.3214,43.975],[2.3224,43.9745],[2.3242,43.9742],[2.3255,43.9737],[2.3273,43.9732],[2.3292,43.9727],[2.3302,43.9723],[2.3307,43.9722],[2.3337,43.9722],[2.3364,43.9723],[2.3363,43.9758],[2.337,43.9779],[2.3382,43.9812]]]},"properties":{"id_ffco":"2459","nom":"SERENAC","_dept":"81","numero":"1982-D81-002","commune":"SERENAC","echelle":"1/10000","surface":"2.43 km²","format":"A4","annee":"1982","cartographes":"J.M. RUIZ","proprietaire":"8102","niveau":"Interrégional","specialite":"CO à pied","latitude":"43.9792354527","longitude":"2.32245841609","date_depot":"22/01/2016","valide":"Oui","ppo":"Non","type_carte":"Nouvelle carte","fond":"IGN","obsolete":false}},{"type":"Feature","geometry":{"type":"Polygon","coordinates":[[[1.7612,44.0184],[1.7634,44.019],[1.7647,44.0199],[1.7636,44.0221],[1.7621,44.0248],[1.7622,44.0258],[1.7621,44.0265],[1.7613,44.027],[1.7607,44.0277],[1.761,44.0281],[1.7617,44.0285],[1.7617,44.029],[1.7609,44.0294],[1.7603,44.0302],[1.7595,44.0307],[1.7588,44.0313],[1.7583,44.0327],[1.7579,44.0335],[1.7573,44.0341],[1.7564,44.0349],[1.7559,44.0353],[1.7935,44.0354],[1.7944,44.0225],[1.7921,44.0202],[1.79,44.0181],[1.7875,44.0165],[1.7795,44.0165],[1.7612,44.0184]]]},"properties":{"id_ffco":"1403","nom":"SIVENS","_dept":"81","numero":"1982-D81-001","commune":"CASTELNAU DE MONTMIRAL","echelle":"1/15000","surface":"5.21 km²","format":"A4","annee":"1982","cartographes":"PETIT Patrick","proprietaire":"17 RCP Montauban","niveau":"Interrégional","specialite":"CO à pied","latitude":"44.0266907472","longitude":"1.77741687901","date_depot":"22/01/2016","valide":"Oui","ppo":"Non","type_carte":"Nouvelle carte","fond":"IGN","obsolete":false}},{"type":"Feature","geometry":{"type":"Polygon","coordinates":[[[2.1904,43.3941],[2.191,43.3855],[2.1918,43.3861],[2.1924,43.3865],[2.193,43.3867],[2.1931,43.3858],[2.1936,43.385],[2.1946,43.3847],[2.1953,43.3853],[2.1959,43.3853],[2.1964,43.3848],[2.1962,43.3844],[2.1961,43.3838],[2.1961,43.3828],[2.197,43.3826],[2.1992,43.3825],[2.2003,43.383],[2.2016,43.3841],[2.2029,43.3844],[2.2043,43.3846],[2.2052,43.3848],[2.2057,43.3854],[2.2061,43.3857],[2.2072,43.386],[2.2081,43.386],[2.2089,43.3865],[2.2098,43.3866],[2.211,43.3863],[2.2126,43.3866],[2.2134,43.3871],[2.214,43.3874],[2.2158,43.3872],[2.2167,43.3874],[2.2176,43.388],[2.2183,43.3895],[2.2194,43.3911],[2.2202,43.3915],[2.2211,43.3928],[2.2215,43.3935],[2.2213,43.3943],[2.2216,43.3946],[2.2222,43.3943],[2.2234,43.3943],[2.2242,43.3945],[2.2251,43.3952],[2.2259,43.3959],[2.2266,43.3961],[2.2268,43.3964],[2.2259,43.397],[2.2256,43.3986],[2.226,43.4002],[2.2261,43.4012],[2.226,43.4018],[2.2252,43.4019],[2.2244,43.4021],[2.2236,43.4019],[2.2227,43.4021],[2.2234,43.4037],[2.2237,43.4043],[2.2236,43.405],[2.2231,43.4057],[2.2205,43.4055],[2.2196,43.4058],[2.2189,43.4071],[2.2187,43.4076],[2.2177,43.4087],[2.2173,43.4096],[2.217,43.4103],[2.216,43.4113],[2.2153,43.4118],[2.2147,43.4122],[2.2131,43.4131],[2.2043,43.4121],[2.2035,43.4141],[2.2022,43.4131],[2.1994,43.4112],[2.1989,43.4097],[2.1971,43.4098],[2.1949,43.4096],[2.1937,43.4098],[2.1922,43.41],[2.1916,43.41],[2.1913,43.4093],[2.1909,43.4089],[2.1902,43.4093],[2.1896,43.4099],[2.1888,43.4074],[2.1898,43.4065],[2.1921,43.406],[2.1937,43.4054],[2.1943,43.4042],[2.1955,43.4026],[2.1965,43.4016],[2.1968,43.4006],[2.1965,43.3992],[2.1962,43.3981],[2.1952,43.3983],[2.1904,43.3941]]]},"properties":{"id_ffco":"7969","nom":"FORET DE RAMONDENS","_dept":"81","numero":"1982-D81-000","commune":"ARFON","echelle":"1/15000","surface":"6.86 km²","format":"A4","annee":"1982","cartographes":"H Midy,U Werner","niveau":"Interrégional","specialite":"CO à pied","contacts":"CS 4èRE DE CASTELENAUDERY","latitude":"43.398419572","longitude":"2.20690096006","date_saisie":"20/01/2015","date_depot":"22/01/2016","valide":"Oui","ppo":"Non","type_carte":"Nouvelle carte","fond":"IGN","obsolete":false}}]}