{"type":"FeatureCollection","features":[{"type":"Feature","geometry":{"type":"Polygon","coordinates":[[[6.6042,43.4686],[6.5966,43.493],[6.6227,43.4935],[6.6253,43.4663],[6.6209,43.4654],[6.6129,43.4684],[6.6042,43.4686]]]},"properties":{"id_ffco":"5635","nom":"Palayson Sud","_dept":"83","numero":"2004-D83-99","commune":"Le Muy","echelle":"1/10000","surface":"5.47 km²","format":"A3","annee":"2004","cartographes":"Alain Pellegry","proprietaire":"83 - Var","niveau":"Interrégional","specialite":"CO à pied","latitude":"43.4807757853","longitude":"6.61243292997","date_saisie":"19/12/2012","date_depot":"11/12/2015","valide":"Oui","ppo":"Non","type_carte":"Reprise","base":"2004-D83-99 Palayson Sud","fond":"Ortho","obsolete":false}},{"type":"Feature","geometry":{"type":"Polygon","coordinates":[[[6.1266,43.1004],[6.1243,43.1009],[6.1238,43.0994],[6.1243,43.0975],[6.1245,43.0971],[6.1261,43.0969],[6.1266,43.0969],[6.1271,43.0966],[6.1272,43.0958],[6.1279,43.0955],[6.1283,43.0973],[6.1282,43.0986],[6.1278,43.0994],[6.1271,43.1004],[6.1266,43.1004]]]},"properties":{"id_ffco":"5636","nom":"Notre Dame de Consolation","_dept":"83","numero":"2004-D83-98","commune":"Hyeres","echelle":"1/2500","surface":"0.14 km²","format":"A4","annee":"2004","cartographes":"GIACCHI Guillaume","proprietaire":"83 - Var","niveau":"Initiation, Scolaire","specialite":"CO à pied","latitude":"43.0985327131","longitude":"6.12613177615","date_saisie":"19/12/2012","date_depot":"11/12/2015","valide":"Oui","ppo":"Non","type_carte":"Nouvelle carte","fond":"Ortho","obsolete":false}},{"type":"Feature","geometry":{"type":"Polygon","coordinates":[[[6.1527,43.1353],[6.1435,43.132],[6.1361,43.1311],[6.1246,43.1267],[6.1237,43.131],[6.121,43.1337],[6.1191,43.1343],[6.1133,43.1336],[6.111,43.1343],[6.11,43.1364],[6.1067,43.1368],[6.1069,43.1429],[6.1127,43.1467],[6.1228,43.1505],[6.1304,43.1461],[6.1327,43.1445],[6.138,43.145],[6.1403,43.1455],[6.1424,43.1456],[6.1431,43.145],[6.144,43.1429],[6.1459,43.1413],[6.149,43.1402],[6.1501,43.1399],[6.1527,43.1353]]]},"properties":{"id_ffco":"5657","nom":"Le Fenouillet","_dept":"83","numero":"2004-D83-97","commune":"Hyères","echelle":"1/10000","surface":"5.45 km²","format":"A3","annee":"2004","niveau":"Initiation, Scolaire","specialite":"CO à pied","latitude":"43.1389820288","longitude":"6.12811106025","date_saisie":"21/12/2012","date_depot":"11/12/2015","valide":"Oui","ppo":"Non","type_carte":"Nouvelle carte","fond":"Ortho","obsolete":false}},{"type":"Feature","geometry":{"type":"Polygon","coordinates":[[[6.4284,43.3424],[6.4277,43.3462],[6.4277,43.3496],[6.4306,43.3544],[6.4433,43.3605],[6.4461,43.3645],[6.4511,43.3579],[6.4478,43.3554],[6.4467,43.3523],[6.4443,43.35],[6.4431,43.3472],[6.4428,43.3462],[6.4403,43.3453],[6.4387,43.3441],[6.4361,43.344],[6.4329,43.3441],[6.4307,43.3435],[6.4284,43.3424]]]},"properties":{"id_ffco":"5639","nom":"Le Trémorède","_dept":"83","numero":"2003-D83-96","commune":"Vidauban","echelle":"1/10000","surface":"2.28 km²","format":"A4","annee":"2003","cartographes":"Alain Pellegry","proprietaire":"83 - Var","niveau":"Interrégional","specialite":"CO à pied","latitude":"43.3523004429","longitude":"6.43865217739","date_saisie":"19/12/2012","date_depot":"11/12/2015","valide":"Oui","ppo":"Non","type_carte":"Nouvelle carte","fond":"Ortho","obsolete":false}},{"type":"Feature","geometry":{"type":"Polygon","coordinates":[[[6.4422,43.3777],[6.4394,43.3767],[6.4366,43.3766],[6.4321,43.3734],[6.4296,43.3732],[6.4269,43.3711],[6.4224,43.3703],[6.4207,43.3679],[6.4163,43.3674],[6.4143,43.3659],[6.4124,43.365],[6.4127,43.3614],[6.4186,43.3583],[6.4197,43.3581],[6.4218,43.3567],[6.4225,43.3551],[6.4252,43.3545],[6.4271,43.3553],[6.4279,43.3549],[6.4278,43.3512],[6.4288,43.3506],[6.4306,43.3536],[6.4361,43.3568],[6.4428,43.3594],[6.4437,43.3604],[6.446,43.3643],[6.4457,43.3663],[6.447,43.3684],[6.447,43.3706],[6.4479,43.3711],[6.4486,43.373],[6.4455,43.3744],[6.4422,43.3777]]]},"properties":{"id_ffco":"5641","nom":"Le collet de Preire","_dept":"83","numero":"2003-D83-94","commune":"Vidauban","echelle":"1/10000","surface":"4.62 km²","format":"A3","annee":"2003","cartographes":"Alain Pellegry","proprietaire":"83 - Var","niveau":"National, International","specialite":"CO à pied","latitude":"43.3650083724","longitude":"6.4317437714","date_saisie":"19/12/2012","valide":"Non","ppo":"Non","type_carte":"Reprise","base":"1981-D83-19 LE ROUQUAN","fond":"Ortho","obsolete":false}},{"type":"Feature","geometry":{"type":"Polygon","coordinates":[[[6.6181,43.7655],[6.6272,43.7721],[6.627,43.7871],[6.6272,43.7952],[6.6199,43.7985],[6.6136,43.7981],[6.6045,43.7967],[6.6003,43.7979],[6.5849,43.8002],[6.5811,43.799],[6.5759,43.7951],[6.5713,43.7919],[6.567,43.7917],[6.5651,43.7905],[6.5626,43.7874],[6.5596,43.7858],[6.5566,43.7839],[6.5552,43.7821],[6.5499,43.7756],[6.5628,43.7667],[6.5703,43.7634],[6.5804,43.7625],[6.5857,43.7643],[6.5933,43.7654],[6.6006,43.7662],[6.6088,43.7664],[6.6141,43.7663],[6.6181,43.7655]]]},"properties":{"id_ffco":"5642","nom":"La Martre-Château Vieux","_dept":"83","numero":"2002-D83-93","commune":"La Martre-Château Vieux","echelle":"1/15000","surface":"19.32 km²","format":"A3","annee":"2002","cartographes":"Alain Pellegry,RICHAUD Alain","niveau":"National, International","specialite":"CO à pied","latitude":"43.7809162277","longitude":"6.5924225157","date_saisie":"19/12/2012","date_depot":"17/06/2016","valide":"Oui","ppo":"Non","type_carte":"Nouvelle carte","fond":"Ortho","obsolete":false}},{"type":"Feature","geometry":{"type":"Polygon","coordinates":[[[6.5311,43.6819],[6.5111,43.6812],[6.5106,43.651],[6.5202,43.6485],[6.5465,43.6532],[6.5438,43.6718],[6.5327,43.6723],[6.5311,43.6819]]]},"properties":{"id_ffco":"5644","nom":"Plan de Luby","_dept":"83","numero":"2002-D83-91","commune":"Camp de Canjuers","echelle":"1/10000","surface":"8.43 km²","format":"A4","annee":"2002","cartographes":"Alain Pellegry","proprietaire":"EAA Draguignan","niveau":"Interrégional","specialite":"CO à pied","contacts":"CDCO83, 0494361314, 0619320242, contact@cdco83.fr, http://cdco83.fr/","latitude":"43.6643948205","longitude":"6.52627213925","date_saisie":"19/12/2012","date_depot":"11/12/2015","valide":"Oui","ppo":"Non","type_carte":"Nouvelle carte","fond":"Ortho","obsolete":false}},{"type":"Feature","geometry":{"type":"Polygon","coordinates":[[[6.5657,43.6522],[6.5671,43.6569],[6.573,43.664],[6.5704,43.6659],[6.5766,43.6695],[6.5816,43.6701],[6.5854,43.674],[6.5876,43.6778],[6.5855,43.6866],[6.5645,43.6871],[6.5635,43.686],[6.5609,43.6864],[6.5584,43.6882],[6.5557,43.6845],[6.5529,43.6845],[6.5503,43.679],[6.5489,43.6776],[6.5479,43.6801],[6.5406,43.6789],[6.5259,43.6777],[6.5268,43.6584],[6.5275,43.6542],[6.5657,43.6522]]]},"properties":{"id_ffco":"5645","nom":"Broves","_dept":"83","numero":"2002-D83-90","commune":"Camp de Canjuers","echelle":"1/10000","surface":"13.62 km²","format":"A4","annee":"2002","cartographes":"Alain Pellegry","proprietaire":"EAA Draguignan","niveau":"Interrégional","specialite":"CO à pied","latitude":"43.6698742461","longitude":"6.55501402882","date_saisie":"19/12/2012","date_depot":"11/12/2015","valide":"Oui","ppo":"Non","type_carte":"Nouvelle carte","fond":"Ortho","obsolete":false}},{"type":"Feature","geometry":{"type":"Polygon","coordinates":[[[6.4748,43.7478],[6.4801,43.7502],[6.4805,43.7573],[6.4844,43.7576],[6.4785,43.7681],[6.4816,43.769],[6.4902,43.7677],[6.4958,43.7683],[6.4975,43.7721],[6.4964,43.778],[6.4933,43.787],[6.4823,43.7878],[6.4714,43.7911],[6.4643,43.7958],[6.4602,43.7952],[6.4504,43.7943],[6.4429,43.7924],[6.4442,43.7895],[6.4436,43.786],[6.4453,43.7851],[6.4451,43.7805],[6.4454,43.7793],[6.4449,43.778],[6.4467,43.7762],[6.4486,43.7765],[6.4474,43.7733],[6.4493,43.7722],[6.4477,43.7678],[6.45,43.7636],[6.4603,43.7575],[6.4745,43.7477],[6.4748,43.7478]]]},"properties":{"id_ffco":"9006","nom":"Trigance Est","_dept":"83","numero":"2011-D83-89","commune":"Trigance","echelle":"1/15000","surface":"14.21 km²","format":"A3","annee":"2011","cartographes":"PELLEGRY","proprietaire":"83 - Var","niveau":"National, International","specialite":"Raid'O","contacts":"CDCO83, 0494361314, 0619320242, contact@cdco83.fr, http://cdco83.fr/","latitude":"43.7748581958","longitude":"6.46884003534","date_saisie":"08/12/2015","date_depot":"17/06/2016","valide":"Oui","ppo":"Non","type_carte":"Nouvelle carte","fond":"Ortho","obsolete":false}},{"type":"Feature","geometry":{"type":"Polygon","coordinates":[[[6.5151,43.6628],[6.5151,43.6824],[6.5502,43.6824],[6.5502,43.6628],[6.5151,43.6628]]]},"properties":{"id_ffco":"5646","nom":"Chardan","_dept":"83","numero":"2002-D83-88","commune":"Camp de Canjuers","echelle":"1/10000","surface":"6.15 km²","format":"A4","annee":"2002","cartographes":"Alain Pellegry","proprietaire":"EAA Draguignan","niveau":"Interrégional","specialite":"CO à pied","latitude":"43.6726046826","longitude":"6.53263807297","date_saisie":"19/12/2012","date_depot":"11/12/2015","valide":"Oui","ppo":"Non","type_carte":"Extrait","base":"2002-D83-91 Plan de Luby","fond":"Ortho","obsolete":false}},{"type":"Feature","geometry":{"type":"Polygon","coordinates":[[[6.519,43.538],[6.5479,43.5308],[6.5511,43.5097],[6.5508,43.5043],[6.5382,43.4972],[6.5297,43.4957],[6.5169,43.4935],[6.5113,43.5066],[6.5179,43.517],[6.518,43.5252],[6.5211,43.5299],[6.5202,43.5307],[6.5149,43.5332],[6.519,43.538]]]},"properties":{"id_ffco":"3516","nom":"LA VAUGINE","_dept":"83","numero":"2002-D83-86","commune":"Draguignan","echelle":"1/15000","surface":"11.33 km²","format":"A3","annee":"2002","proprietaire":"8302 - DRAGUIGNAN COURSE D'ORIENTATION","niveau":"Régional","specialite":"CO à VTT","latitude":"43.5148562185","longitude":"6.53154436733","date_saisie":"07/06/2002","date_depot":"11/12/2015","valide":"Oui","ppo":"Non","type_carte":"Reprise","base":"1992-D83-12 VAUGINE","fond":"Ortho","obsolete":false}},{"type":"Feature","geometry":{"type":"Polygon","coordinates":[[[6.5274,43.5242],[6.5295,43.5276],[6.5375,43.5271],[6.5411,43.5325],[6.5197,43.5382],[6.5166,43.5371],[6.5146,43.536],[6.5132,43.5351],[6.5184,43.532],[6.5194,43.5299],[6.5224,43.5287],[6.5235,43.5263],[6.5235,43.5246],[6.5274,43.5242]]]},"properties":{"id_ffco":"5648","nom":"La Vaugine","_dept":"83","numero":"2001-D83-85","commune":"Draguignan","echelle":"1/10000","surface":"1.77 km²","format":"A4","annee":"2001","cartographes":"CERINI J.M.","proprietaire":"83 - Var","niveau":"Régional","specialite":"CO à pied","latitude":"43.5317183929","longitude":"6.52716717094","date_saisie":"19/12/2012","date_depot":"10/06/2002","valide":"Oui","ppo":"Non","type_carte":"Reprise","base":"1992-D83-12 VAUGINE","fond":"Ortho","obsolete":false}},{"type":"Feature","geometry":{"type":"Polygon","coordinates":[[[6.3594,43.3176],[6.3643,43.3234],[6.3685,43.3246],[6.3722,43.3287],[6.3719,43.3331],[6.3714,43.3378],[6.3707,43.34],[6.3674,43.345],[6.3643,43.3441],[6.3575,43.3395],[6.3507,43.3373],[6.3484,43.3351],[6.3498,43.3309],[6.3495,43.3216],[6.3517,43.3193],[6.3552,43.3185],[6.3594,43.3176]]]},"properties":{"id_ffco":"5649","nom":"Les Mayons","_dept":"83","numero":"2002-D83-84","commune":"Les Mayons","echelle":"1/10000","surface":"3.92 km²","format":"A3","annee":"2002","cartographes":"PELLEGRY","proprietaire":"83 - Var","niveau":"Régional","specialite":"CO à pied","contacts":"CDCO83, 0494361314, 0619320242, contact@cdco83.fr, http://cdco83.fr/","latitude":"43.3310114438","longitude":"6.36040919438","date_saisie":"19/12/2012","date_depot":"17/06/2016","valide":"Oui","ppo":"Non","type_carte":"Reprise","base":"2006-D83-20 LES MAYONS","fond":"Ortho","obsolete":false}},{"type":"Feature","geometry":{"type":"Polygon","coordinates":[[[6.1795,43.296],[6.1687,43.293],[6.1638,43.2883],[6.1641,43.284],[6.1681,43.2817],[6.1757,43.2808],[6.1818,43.2829],[6.1845,43.2865],[6.188,43.2906],[6.1888,43.2942],[6.188,43.2955],[6.1866,43.2957],[6.1816,43.2958],[6.1795,43.296]]]},"properties":{"id_ffco":"5651","nom":"Le Bron","_dept":"83","numero":"2002-D83-82","commune":"Carnoules","echelle":"1/4000","surface":"2.42 km²","format":"A4","annee":"2002","cartographes":"Alain Pellegry","proprietaire":"83 - Var","niveau":"Initiation, Scolaire","specialite":"CO à pied","latitude":"43.2885823396","longitude":"6.1761070485","date_saisie":"19/12/2012","date_depot":"15/12/2016","valide":"Oui","ppo":"Non","type_carte":"Nouvelle carte","fond":"IGN","obsolete":false}},{"type":"Feature","geometry":{"type":"Polygon","coordinates":[[[6.4837,43.386],[6.4997,43.3961],[6.515,43.4022],[6.5232,43.3932],[6.5311,43.3916],[6.5373,43.3842],[6.5241,43.3731],[6.5103,43.3594],[6.4655,43.352],[6.4475,43.3613],[6.4671,43.3764],[6.4625,43.3862],[6.4776,43.3922],[6.4837,43.386]]]},"properties":{"id_ffco":"5652","nom":"Niouris","_dept":"83","numero":"2001-D83-81","commune":"Vidauban","echelle":"1/20000","surface":"22.03 km²","format":"A3","annee":"2001","cartographes":"MASONI Bruno","proprietaire":"83 - Var","niveau":"Régional","specialite":"CO à VTT","latitude":"43.3753023837","longitude":"6.49343960488","date_saisie":"19/12/2012","date_depot":"15/12/2016","valide":"Oui","ppo":"Non","type_carte":"Nouvelle carte","fond":"IGN","obsolete":false}},{"type":"Feature","geometry":null,"properties":{"id_ffco":"5653","nom":"La Bégude","_dept":"83","numero":"2001-D83-80","commune":"Le Camp","echelle":"1/20000","surface":"None km²","format":"A3","annee":"2001","cartographes":"GAILLARD X.,POMET E.","proprietaire":"83 - Var","specialite":"CO à VTT","date_saisie":"19/12/2012","valide":"Non","ppo":"Non","obsolete":false}},{"type":"Feature","geometry":{"type":"Polygon","coordinates":[[[6.4431,43.7948],[6.4486,43.7653],[6.4673,43.7525],[6.476,43.7465],[6.474,43.7416],[6.4558,43.7384],[6.4333,43.7395],[6.4231,43.7429],[6.4231,43.7664],[6.4192,43.7903],[6.4318,43.7914],[6.4431,43.7948]]]},"properties":{"id_ffco":"5621","nom":"Trigance Ouest","_dept":"83","numero":"2011-D83-79","commune":"Trigance","echelle":"1/15000","surface":"15.68 km²","format":"A3","annee":"2011","cartographes":"Alain Pellegry","proprietaire":"83 - Var","niveau":"National, International","specialite":"Raid'O","contacts":"CDCO83, 0494361314, 0619320242, contact@cdco83.fr, http://cdco83.fr/","latitude":"43.7615642821","longitude":"6.44102059734","date_saisie":"19/12/2012","date_depot":"17/06/2016","valide":"Non","ppo":"Non","type_carte":"Reprise","base":"2011-D83-79 Trigance Ouest","fond":"Ortho","obsolete":false}},{"type":"Feature","geometry":{"type":"Polygon","coordinates":[[[6.8125,43.4178],[6.8126,43.4171],[6.8215,43.4186],[6.8224,43.4191],[6.8232,43.4202],[6.8233,43.422],[6.8226,43.4266],[6.8206,43.4267],[6.8197,43.4267],[6.8191,43.427],[6.8164,43.4282],[6.8149,43.4286],[6.8124,43.4286],[6.8114,43.4254],[6.8129,43.4241],[6.8139,43.4234],[6.8157,43.4228],[6.8157,43.4225],[6.8156,43.4222],[6.8135,43.4209],[6.8133,43.4206],[6.8135,43.4195],[6.8135,43.4192],[6.8122,43.4189],[6.8125,43.4178]]]},"properties":{"id_ffco":"8557","nom":"ESO - Saint Raphael _ Creps de Boulouris","_dept":"83","numero":"2012-D83-77","commune":"SAINT RAPHAEL","echelle":"1/5000","surface":"0.85 km²","format":"A4","annee":"2012","cartographes":"AlPellegry,GIACCHI Guillaume","proprietaire":"83 - Var","niveau":"Départemental","specialite":"CO à pied","contacts":"CDCO83, 0494361314, 0619320242, contact@cdco83.fr, http://cdco83.fr/","latitude":"43.4229609777","longitude":"6.81752057219","date_saisie":"25/08/2015","date_depot":"11/12/2015","valide":"Oui","ppo":"Oui (100 postes)","type_carte":"Reprise","base":"2004-D83-33 CREPS DE BOULOURIS","fond":"Ortho","obsolete":false}},{"type":"Feature","geometry":{"type":"Polygon","coordinates":[[[6.1643,43.1567],[6.1663,43.1552],[6.1742,43.1584],[6.1711,43.1619],[6.1689,43.1605],[6.1682,43.1584],[6.1658,43.157],[6.1644,43.1566],[6.1643,43.1567]]]},"properties":{"id_ffco":"5174","nom":"ESO des BORRELS","_dept":"83","numero":"2011-D83-74","commune":"HYERES","echelle":"1/3000","surface":"0.23 km²","format":"A4","annee":"2011","cartographes":"Alain Pellegry,GIACCHI Guillaume,Deli Georges","proprietaire":"83 - Var","niveau":"Initiation, Scolaire","specialite":"CO à pied","contacts":"CDCO83, 0494361314, 0619320242, contact@cdco83.fr, http://cdco83.fr/","latitude":"43.1583801783","longitude":"6.16971685083","date_saisie":"02/12/2011","date_depot":"17/06/2016","valide":"Oui","ppo":"Oui (100 postes)","type_carte":"Reprise","base":"2011-D83-74 ESO des BORRELS","fond":"Ortho","obsolete":false}},{"type":"Feature","geometry":{"type":"Polygon","coordinates":[[[6.02,43.3107],[6.0399,43.3049],[6.0502,43.293],[6.0502,43.2777],[6.0413,43.269],[6.0313,43.2641],[6.0265,43.2607],[6.0214,43.2582],[6.0167,43.2573],[6.0047,43.2568],[6.004,43.2592],[5.9984,43.2592],[5.993,43.269],[5.9912,43.286],[5.9937,43.2959],[6.0054,43.3042],[6.02,43.3107]]]},"properties":{"id_ffco":"3016","nom":"NEOULES - MASSIF DE LA VERRERIE","_dept":"83","numero":"2002-D83-63","commune":"NEOULES","echelle":"1/15000","surface":"21.61 km²","format":"A3","annee":"2002","cartographes":"PELLEGRY","proprietaire":"83 - Var","niveau":"Interrégional","specialite":"CO à pied","contacts":"CDCO83, 0494361314, 0619320242, contact@cdco83.fr, http://cdco83.fr/","latitude":"43.2834700344","longitude":"6.01972301894","date_depot":"17/06/2016","valide":"Oui","ppo":"Non","type_carte":"Nouvelle carte","fond":"Ortho","obsolete":false}},{"type":"Feature","geometry":{"type":"Polygon","coordinates":[[[6.0541,43.1129],[6.0565,43.1106],[6.0585,43.1111],[6.0625,43.1054],[6.0791,43.1017],[6.081,43.1032],[6.0826,43.1067],[6.0875,43.1084],[6.0839,43.1131],[6.0798,43.1146],[6.0815,43.1174],[6.0722,43.1191],[6.0652,43.1191],[6.0611,43.1177],[6.0565,43.1149],[6.0541,43.1129]]]},"properties":{"id_ffco":"2026-D83-241","nom":"Le Beau VEZE","_dept":"83","numero":"2026-D83-241","commune":"CARQUEIRANNE","echelle":"1/10000","surface":"3.3 km²","format":"A4","annee":"2026","cartographes":"COTIRTA Marian","proprietaire":"83 - Var","niveau":"Départemental","specialite":"CO à pied","latitude":"43.111110207","longitude":"6.07124050943","date_saisie":"15/05/2026","valide":"Non","ppo":"Non","type_carte":"Nouvelle carte","fond":"Laser","obsolete":false}},{"type":"Feature","geometry":{"type":"Polygon","coordinates":[[[5.9148,43.3609],[5.9134,43.3527],[5.9014,43.3582],[5.8798,43.3609],[5.8743,43.3609],[5.8695,43.3584],[5.8698,43.3554],[5.8606,43.3527],[5.8492,43.3532],[5.8279,43.3524],[5.8056,43.3472],[5.8025,43.3706],[5.8564,43.3826],[5.8908,43.3849],[5.9148,43.3609]]]},"properties":{"id_ffco":"15432","nom":"Mazaugues VTT","_dept":"83","numero":"2025-D83-240","commune":"MAZAUGUES","echelle":"1/10000","surface":"23.47 km²","format":"A3","annee":"2025","cartographes":"Alain Pellegry,COTIRTA Marian,Deli Georges","proprietaire":"83 - Var","niveau":"Régional","specialite":"CO à VTT","contacts":"CDCO83, 0494361314, 0619320242, contact@cdco83.fr, http://cdco83.fr/","latitude":"43.3667616144","longitude":"5.85559545008","date_saisie":"11/01/2026","valide":"Non","ppo":"Non","type_carte":"Reprise","base":"2007-D83-107 Le Grand Gaudin","fond":"Ortho","url":"https://cdco83.fr/","obsolete":false}},{"type":"Feature","geometry":{"type":"Polygon","coordinates":[[[5.7443,43.3346],[5.7415,43.3404],[5.7448,43.3422],[5.7527,43.342],[5.7546,43.3425],[5.7574,43.3431],[5.76,43.3424],[5.7617,43.3413],[5.7647,43.3418],[5.7667,43.3421],[5.7672,43.3427],[5.7667,43.3428],[5.7664,43.3437],[5.766,43.344],[5.7673,43.3444],[5.768,43.3457],[5.7682,43.3462],[5.7683,43.3476],[5.7709,43.3486],[5.7729,43.349],[5.7756,43.3482],[5.7768,43.3476],[5.778,43.3475],[5.78,43.3478],[5.7817,43.3484],[5.7839,43.3488],[5.7854,43.3487],[5.7872,43.3482],[5.7898,43.348],[5.7932,43.3483],[5.7948,43.3453],[5.7927,43.3444],[5.7911,43.3435],[5.7892,43.3417],[5.7867,43.3411],[5.784,43.3399],[5.7795,43.3386],[5.7759,43.3377],[5.7728,43.3372],[5.7679,43.3363],[5.7657,43.3358],[5.7656,43.3347],[5.762,43.3337],[5.7584,43.3332],[5.7569,43.3331],[5.7568,43.3346],[5.7548,43.3346],[5.7443,43.3346]]]},"properties":{"id_ffco":"15433","nom":"Hotellerie de la Sainte Baume","_dept":"83","numero":"2026-D83-239","commune":"Plan d'Aups","echelle":"1/10000","surface":"3.81 km²","format":"A3","annee":"2026","cartographes":"Ray Hulse","proprietaire":"PZ - Provence-Alpes-Côte d'Azur","niveau":"National, International","specialite":"CO à pied","latitude":"43.3411499732","longitude":"5.76804158028","date_saisie":"11/01/2026","valide":"Non","ppo":"Non","type_carte":"Nouvelle carte","fond":"Laser","obsolete":false}},{"type":"Feature","geometry":{"type":"Polygon","coordinates":[[[6.0356,43.1978],[6.0342,43.1963],[6.0356,43.1944],[6.0369,43.1941],[6.038,43.1928],[6.0371,43.1907],[6.0373,43.1887],[6.0382,43.1879],[6.0452,43.1887],[6.0465,43.1917],[6.0467,43.1949],[6.0472,43.1966],[6.0476,43.1984],[6.0446,43.199],[6.0412,43.1961],[6.0356,43.1978]]]},"properties":{"id_ffco":"15298","nom":"Sollies Pont (83)","_dept":"83","numero":"2025-D83-238","commune":"Sollies Pont","echelle":"1/4000","surface":"0.83 km²","format":"A4","annee":"2025","cartographes":"COTIRTA Marian,Deli Georges","proprietaire":"83 - Var","niveau":"Départemental","specialite":"Sprint (ISSOM)","contacts":"CDCO83, 0494361314, 0619320242, contact@cdco83.fr, http://cdco83.fr/","latitude":"43.1934045666","longitude":"6.04164538543","date_saisie":"06/11/2025","date_depot":"27/01/2026","valide":"Oui","ppo":"Non","type_carte":"Nouvelle carte","fond":"Laser","obsolete":false}},{"type":"Feature","geometry":{"type":"Polygon","coordinates":[[[6.186,43.4859],[6.1858,43.4843],[6.1749,43.4841],[6.1744,43.4874],[6.176,43.4907],[6.1793,43.4934],[6.1845,43.4926],[6.1878,43.4921],[6.191,43.4903],[6.1916,43.4895],[6.19,43.4881],[6.186,43.4859]]]},"properties":{"id_ffco":"15268","nom":"CARCES (83) - PIEFAMA","_dept":"83","numero":"2025-D83-237","commune":"Carces","echelle":"1/7500","surface":"1.01 km²","format":"A4","annee":"2025","cartographes":"COTIRTA Marian","proprietaire":"83 - Var","niveau":"Régional","specialite":"CO à pied","contacts":"CDCO83, 0494361314, 0619320242, contact@cdco83.fr, http://cdco83.fr/","latitude":"43.4885290569","longitude":"6.1820803294","date_saisie":"21/10/2025","valide":"Non","ppo":"Oui (50 postes)","type_carte":"Nouvelle carte","fond":"Ortho","obsolete":false}},{"type":"Feature","geometry":{"type":"Polygon","coordinates":[[[6.1315,43.6618],[6.1334,43.6612],[6.1356,43.6614],[6.136,43.6614],[6.1368,43.6606],[6.1361,43.6594],[6.1358,43.6589],[6.1352,43.6588],[6.1317,43.659],[6.1307,43.6589],[6.1305,43.6594],[6.1315,43.6618]]]},"properties":{"id_ffco":"15163","nom":"Bois du Claou - Regusse","_dept":"83","numero":"2025-D83-236","commune":"REGUSSE","echelle":"1/10000","surface":"0.12 km²","format":"A4","annee":"2025","cartographes":"Deli Georges","proprietaire":"83 - Var","niveau":"Initiation, Scolaire","specialite":"CO à pied","contacts":"CDCO83, 0494361314, 0619320242, contact@cdco83.fr, http://cdco83.fr/","latitude":"43.6601508923","longitude":"6.13356796467","date_saisie":"05/09/2025","date_depot":"15/01/2026","valide":"Oui","ppo":"Oui (30 postes)","type_carte":"Extrait","base":"2017-D83-151 Artignosc-Baudinard-Regusse","fond":"Ortho","obsolete":false}},{"type":"Feature","geometry":{"type":"Polygon","coordinates":[[[6.4274,43.4276],[6.4255,43.4279],[6.4245,43.4276],[6.4243,43.4264],[6.4244,43.4252],[6.4243,43.4248],[6.4277,43.4236],[6.4303,43.4264],[6.4274,43.4276]]]},"properties":{"id_ffco":"15158","nom":"Vidauban - Parc de La Tuiliere","_dept":"83","numero":"2025-D83-235","commune":"Vidauban","echelle":"1/2500","surface":"0.15 km²","format":"A4","annee":"2025","cartographes":"COTIRTA Marian","proprietaire":"83 - Var","niveau":"Initiation, Scolaire","specialite":"CO à pied","contacts":"CDCO83, 0494361314, 0619320242, contact@cdco83.fr, http://cdco83.fr/","latitude":"43.4259245984","longitude":"6.42683878242","date_saisie":"03/09/2025","date_depot":"15/01/2026","valide":"Oui","ppo":"Non","type_carte":"Extrait","base":"2025-D83-234 Vidauban - Centre Ville","fond":"Ortho","obsolete":false}},{"type":"Feature","geometry":{"type":"Polygon","coordinates":[[[6.4267,43.4356],[6.4254,43.4344],[6.4261,43.4329],[6.4257,43.4322],[6.4254,43.4318],[6.4273,43.4295],[6.4281,43.4288],[6.4278,43.4278],[6.4268,43.4277],[6.4252,43.428],[6.4244,43.4274],[6.4243,43.425],[6.4279,43.4237],[6.4307,43.4224],[6.4338,43.4254],[6.4344,43.4268],[6.4347,43.4288],[6.4337,43.4315],[6.4332,43.4329],[6.4324,43.4339],[6.4296,43.4351],[6.4267,43.4356]]]},"properties":{"id_ffco":"15157","nom":"Vidauban - Centre Ville","_dept":"83","numero":"2025-D83-234","commune":"Vidauban","echelle":"1/5000","surface":"0.81 km²","format":"A4","annee":"2025","cartographes":"COTIRTA Marian","proprietaire":"83 - Var","niveau":"Régional","specialite":"Sprint (ISSOM)","contacts":"CDCO83, 0494361314, 0619320242, contact@cdco83.fr, http://cdco83.fr/","latitude":"43.4289735766","longitude":"6.42968224561","date_saisie":"03/09/2025","date_depot":"15/01/2026","valide":"Oui","ppo":"Non","type_carte":"Nouvelle carte","fond":"Ortho","obsolete":false}},{"type":"Feature","geometry":{"type":"Polygon","coordinates":[[[5.8859,43.1366],[5.8852,43.1366],[5.8851,43.1362],[5.8858,43.1357],[5.8862,43.1342],[5.8874,43.134],[5.8879,43.1333],[5.8877,43.1319],[5.8871,43.1315],[5.8868,43.1313],[5.8863,43.1313],[5.8854,43.1314],[5.8851,43.1319],[5.8852,43.1328],[5.8842,43.133],[5.8843,43.1341],[5.8823,43.1345],[5.8826,43.135],[5.8805,43.1352],[5.88,43.1362],[5.8808,43.1367],[5.8808,43.1367],[5.8807,43.1373],[5.8812,43.1376],[5.8828,43.1377],[5.8828,43.1394],[5.883,43.1397],[5.8838,43.1395],[5.8853,43.1393],[5.8864,43.1371],[5.8859,43.1366]]]},"properties":{"id_ffco":"15156","nom":"La Beaucaure Est - Toulon","_dept":"83","numero":"2025-D83-233","commune":"TOULON","echelle":"1/4000","surface":"0.27 km²","format":"A4","annee":"2025","cartographes":"COTIRTA Marian","proprietaire":"83 - Var","niveau":"Départemental","specialite":"CO à pied","contacts":"CDCO83, 0494361314, 0619320242, contact@cdco83.fr, http://cdco83.fr/","latitude":"43.1356192192","longitude":"5.88428744567","date_saisie":"02/09/2025","date_depot":"15/01/2026","valide":"Oui","ppo":"Non","type_carte":"Nouvelle carte","fond":"Ortho","obsolete":false}},{"type":"Feature","geometry":{"type":"Polygon","coordinates":[[[6.1455,43.1321],[6.1469,43.1331],[6.1484,43.1331],[6.1498,43.132],[6.1505,43.1295],[6.1507,43.129],[6.1505,43.1288],[6.1532,43.1277],[6.1526,43.1268],[6.1514,43.1261],[6.1503,43.1248],[6.1468,43.1237],[6.1454,43.1252],[6.1449,43.1253],[6.1437,43.1268],[6.1431,43.1281],[6.1429,43.1291],[6.1434,43.1301],[6.144,43.131],[6.144,43.1317],[6.1442,43.132],[6.1446,43.1321],[6.145,43.1321],[6.1455,43.1321]]]},"properties":{"id_ffco":"15155","nom":"Val des Rougières - Hyères","_dept":"83","numero":"2025-D83-232","commune":"Hyères","echelle":"1/5000","surface":"0.53 km²","format":"A4","annee":"2025","cartographes":"COTIRTA Marian","proprietaire":"83 - Var","niveau":"Départemental","specialite":"CO à pied","contacts":"CDCO83, 0494361314, 0619320242, contact@cdco83.fr, http://cdco83.fr/","latitude":"43.1284147651","longitude":"6.1474822532","date_saisie":"02/09/2025","date_depot":"15/01/2026","valide":"Oui","ppo":"Non","type_carte":"Nouvelle carte","fond":"Ortho","obsolete":false}},{"type":"Feature","geometry":{"type":"Polygon","coordinates":[[[5.9401,43.1264],[5.9402,43.1259],[5.9414,43.1261],[5.9419,43.1261],[5.9422,43.1272],[5.9401,43.1264]]]},"properties":{"id_ffco":"15151","nom":"Parc de la Loubière - Toulon","_dept":"83","numero":"2025-D83-231","commune":"TOULON","echelle":"1/1000","surface":"0.01 km²","format":"A4","annee":"2025","cartographes":"COTIRTA Marian","proprietaire":"83 - Var","niveau":"Initiation, Scolaire","specialite":"CO à pied","contacts":"CDCO83, 0494361314, 0619320242, contact@cdco83.fr, http://cdco83.fr/","latitude":"43.1264339936","longitude":"5.94119381984","date_saisie":"02/09/2025","date_depot":"15/01/2026","valide":"Oui","ppo":"Non","type_carte":"Nouvelle carte","fond":"Ortho","obsolete":false}},{"type":"Feature","geometry":{"type":"Polygon","coordinates":[[[5.9499,43.1224],[5.9513,43.1225],[5.9514,43.1218],[5.9523,43.1218],[5.9524,43.1212],[5.9512,43.1209],[5.951,43.1214],[5.9499,43.1215],[5.9499,43.1224]]]},"properties":{"id_ffco":"15150","nom":"Parc du Pré Sandin - Toulon","_dept":"83","numero":"2025-D83-230","commune":"TOULON","echelle":"1/1000","surface":"0.02 km²","format":"A4","annee":"2025","cartographes":"COTIRTA Marian","proprietaire":"83 - Var","niveau":"Initiation, Scolaire","specialite":"CO à pied","contacts":"CDCO83, 0494361314, 0619320242, contact@cdco83.fr, http://cdco83.fr/","latitude":"43.1217485405","longitude":"5.9510245567","date_saisie":"02/09/2025","date_depot":"15/01/2026","valide":"Oui","ppo":"Non","type_carte":"Nouvelle carte","fond":"Ortho","obsolete":false}},{"type":"Feature","geometry":{"type":"Polygon","coordinates":[[[6.355,43.3899],[6.3571,43.39],[6.3602,43.3892],[6.3664,43.387],[6.371,43.3815],[6.368,43.379],[6.3675,43.3783],[6.3644,43.3769],[6.3602,43.3813],[6.3592,43.3826],[6.3599,43.3852],[6.359,43.3863],[6.355,43.3899]]]},"properties":{"id_ffco":"15149","nom":"Vallon de Badelune","_dept":"83","numero":"2025-D83-229","commune":"Le Cannet des Maures","echelle":"1/7500","surface":"0.86 km²","format":"A4","annee":"2025","cartographes":"COTIRTA Marian","proprietaire":"83 - Var","niveau":"Régional","specialite":"CO à pied","contacts":"CDCO83, 0494361314, 0619320242, contact@cdco83.fr, http://cdco83.fr/","latitude":"43.3835813029","longitude":"6.36372609266","date_saisie":"02/09/2025","date_depot":"15/01/2026","valide":"Oui","ppo":"Non","type_carte":"Nouvelle carte","fond":"Laser","obsolete":false}},{"type":"Feature","geometry":{"type":"Polygon","coordinates":[[[5.7458,43.1375],[5.744,43.1369],[5.7439,43.1367],[5.7439,43.1356],[5.7448,43.1353],[5.7449,43.1362],[5.7468,43.136],[5.747,43.1366],[5.7466,43.1372],[5.7458,43.1375]]]},"properties":{"id_ffco":"15148","nom":"Parc du Canet - Bandol","_dept":"83","numero":"2025-D83-228","commune":"Bandol","echelle":"1/1500","surface":"0.04 km²","format":"A4","annee":"2025","cartographes":"COTIRTA Marian","proprietaire":"83 - Var","niveau":"Départemental","specialite":"CO à pied","contacts":"CDCO83, 0494361314, 0619320242, contact@cdco83.fr, http://cdco83.fr/","latitude":"43.1365190432","longitude":"5.74532887919","date_saisie":"02/09/2025","date_depot":"15/01/2026","valide":"Oui","ppo":"Non","type_carte":"Nouvelle carte","fond":"Ortho","obsolete":false}},{"type":"Feature","geometry":{"type":"Polygon","coordinates":[[[5.7476,43.1398],[5.747,43.1395],[5.7467,43.1388],[5.7467,43.1384],[5.7482,43.1386],[5.7483,43.1384],[5.7492,43.1385],[5.7492,43.1387],[5.748,43.1398],[5.7476,43.1398]]]},"properties":{"id_ffco":"15147","nom":"Collège Raimu - Bandol","_dept":"83","numero":"2025-D83-227","commune":"Bandol","echelle":"1/1000","surface":"0.02 km²","format":"A4","annee":"2025","cartographes":"COTIRTA Marian","proprietaire":"83 - Var","niveau":"Initiation, Scolaire","specialite":"CO à pied","contacts":"CDCO83, 0494361314, 0619320242, contact@cdco83.fr, http://cdco83.fr/","latitude":"43.1390268999","longitude":"5.74785507067","date_saisie":"02/09/2025","date_depot":"15/01/2025","valide":"Oui","ppo":"Non","type_carte":"Nouvelle carte","fond":"Cadastre","obsolete":false}},{"type":"Feature","geometry":{"type":"Polygon","coordinates":[[[5.8576,43.1278],[5.8576,43.1282],[5.8571,43.129],[5.8565,43.1294],[5.8557,43.1297],[5.8541,43.1298],[5.8527,43.1303],[5.8501,43.1305],[5.85,43.1298],[5.8489,43.1288],[5.8504,43.128],[5.8516,43.1279],[5.8551,43.1277],[5.8564,43.1276],[5.8576,43.1278]]]},"properties":{"id_ffco":"15146","nom":"Ollioules - Parc des oliviers Castellane","_dept":"83","numero":"2025-D83-226","commune":"Ollioules","echelle":"1/700","surface":"0.15 km²","format":"A4","annee":"2025","cartographes":"Deli Georges","proprietaire":"83 - Var","niveau":"Départemental","specialite":"CO à pied","latitude":"43.1289200704","longitude":"5.85320833187","date_saisie":"02/09/2025","date_depot":"15/01/2026","valide":"Oui","ppo":"Non","type_carte":"Nouvelle carte","fond":"Ortho","obsolete":false}},{"type":"Feature","geometry":{"type":"Polygon","coordinates":[[[6.1214,43.0807],[6.1219,43.0822],[6.123,43.0817],[6.1244,43.0813],[6.1245,43.0799],[6.1238,43.08],[6.1214,43.0807]]]},"properties":{"id_ffco":"15145","nom":"Site Archéologique Olbia (Hyères)","_dept":"83","numero":"2025-D83-225","commune":"Hyères","echelle":"1/1000","surface":"0.04 km²","format":"A4","annee":"2025","cartographes":"Deli Georges","proprietaire":"83 - Var","niveau":"Départemental","specialite":"CO à pied","contacts":"CDCO83, 0494361314, 0619320242, contact@cdco83.fr, http://cdco83.fr/","latitude":"43.0809808854","longitude":"6.12300553043","date_saisie":"02/09/2025","date_depot":"15/01/2025","valide":"Oui","ppo":"Non","type_carte":"Nouvelle carte","fond":"Ortho","obsolete":false}},{"type":"Feature","geometry":{"type":"Polygon","coordinates":[[[6.331,43.3511],[6.3286,43.3488],[6.3303,43.3469],[6.3317,43.3468],[6.3322,43.3447],[6.3373,43.3445],[6.3398,43.3463],[6.3398,43.3466],[6.3396,43.3471],[6.335,43.3501],[6.331,43.3511]]]},"properties":{"id_ffco":"15143","nom":"Circuit du Luc","_dept":"83","numero":"2025-D83-224","commune":"Les Mayons","echelle":"1/5000","surface":"0.4 km²","format":"A4","annee":"2025","cartographes":"COTIRTA Marian","proprietaire":"83 - Var","niveau":"Départemental","specialite":"CO à pied","latitude":"43.3475915177","longitude":"6.33412532812","date_saisie":"01/09/2025","date_depot":"15/01/2025","valide":"Oui","ppo":"Non","type_carte":"Nouvelle carte","fond":"Laser","obsolete":false}},{"type":"Feature","geometry":{"type":"Polygon","coordinates":[[[6.3088,43.3976],[6.3082,43.3974],[6.3071,43.3974],[6.3046,43.3971],[6.3037,43.397],[6.3021,43.3964],[6.3009,43.3958],[6.3007,43.3953],[6.2988,43.3942],[6.2989,43.3935],[6.2988,43.3933],[6.2998,43.3916],[6.3,43.3914],[6.3004,43.3914],[6.301,43.3917],[6.3032,43.3921],[6.3039,43.3922],[6.3063,43.3926],[6.3077,43.3932],[6.3103,43.3943],[6.3088,43.3976]]]},"properties":{"id_ffco":"15144","nom":"Vergeiras - Le Luc","_dept":"83","numero":"2025-D83-223","commune":"Le Luc","echelle":"1/4000","surface":"0.4 km²","format":"A4","annee":"2025","cartographes":"COTIRTA Marian,Deli Georges","proprietaire":"83 - Var","niveau":"Départemental","specialite":"CO à pied","contacts":"CDCO83, 0494361314, 0619320242, contact@cdco83.fr, http://cdco83.fr/","latitude":"43.3945578067","longitude":"6.30447274811","date_saisie":"02/09/2025","date_depot":"15/01/2025","valide":"Oui","ppo":"Non","type_carte":"Nouvelle carte","fond":"Laser","obsolete":false}},{"type":"Feature","geometry":{"type":"Polygon","coordinates":[[[6.1576,43.0344],[6.1576,43.033],[6.1581,43.0321],[6.158,43.0317],[6.1594,43.0308],[6.1596,43.0312],[6.1598,43.0313],[6.1602,43.0312],[6.1607,43.0308],[6.1616,43.0305],[6.1654,43.0315],[6.1667,43.0327],[6.1678,43.0329],[6.1686,43.0328],[6.1694,43.033],[6.1702,43.033],[6.1709,43.0327],[6.1723,43.0326],[6.1728,43.0328],[6.1719,43.0329],[6.1718,43.0336],[6.1714,43.0336],[6.171,43.0334],[6.1706,43.0335],[6.1707,43.0339],[6.1698,43.034],[6.1696,43.0343],[6.1692,43.035],[6.1686,43.0353],[6.1679,43.0352],[6.1665,43.0349],[6.1655,43.0346],[6.1647,43.0346],[6.1644,43.0345],[6.1642,43.0346],[6.164,43.0345],[6.1638,43.0346],[6.1627,43.0346],[6.1614,43.0341],[6.1604,43.0343],[6.1599,43.0343],[6.1595,43.0347],[6.1587,43.0346],[6.1583,43.0347],[6.158,43.0346],[6.1576,43.0344]]]},"properties":{"id_ffco":"15142","nom":"Bellambra-Giens Les criques Hyeres (83)","_dept":"83","numero":"2025-D83-222","commune":"Hyères","echelle":"1/4000","surface":"0.35 km²","format":"A4","annee":"2025","cartographes":"COTIRTA Marian,Deli Georges","proprietaire":"83 - Var","niveau":"Départemental","specialite":"CO à pied","latitude":"43.0330571917","longitude":"6.16363402849","date_saisie":"01/09/2025","date_depot":"15/01/2025","valide":"Oui","ppo":"Non","type_carte":"Nouvelle carte","fond":"Laser","obsolete":false}},{"type":"Feature","geometry":{"type":"Polygon","coordinates":[[[5.9548,43.1266],[5.9543,43.1279],[5.9561,43.1282],[5.9562,43.1274],[5.9564,43.1268],[5.9548,43.1266]]]},"properties":{"id_ffco":"15131","nom":"Ecole Notre Dame","_dept":"83","numero":"2025-D83-221","commune":"Toulon","echelle":"1/1000","surface":"0.02 km²","format":"A4","annee":"2025","cartographes":"COTIRTA Marian","proprietaire":"83 - Var","niveau":"Initiation, Scolaire","specialite":"CO à pied","latitude":"43.1273768322","longitude":"5.95539821406","date_saisie":"29/08/2025","valide":"Non","ppo":"Non","type_carte":"Nouvelle carte","fond":"Ortho","obsolete":false}},{"type":"Feature","geometry":{"type":"Polygon","coordinates":[[[5.9252,43.1771],[5.9267,43.1775],[5.928,43.1778],[5.9292,43.178],[5.9301,43.1777],[5.9301,43.1763],[5.9296,43.1751],[5.9291,43.1744],[5.9286,43.1742],[5.9274,43.1742],[5.9259,43.1752],[5.9258,43.1761],[5.9254,43.1768],[5.9253,43.177],[5.9252,43.1771]]]},"properties":{"id_ffco":"14620","nom":"Le Revest centre ville","_dept":"83","numero":"2024-D83-220","commune":"Le Revest","echelle":"1/2500","surface":"0.12 km²","format":"A4","annee":"2024","cartographes":"COTI","proprietaire":"83 - Var","niveau":"Départemental","specialite":"Sprint (ISSOM)","contacts":"CDCO83, 0494361314, 0619320242, contact@cdco83.fr, http://cdco83.fr/","latitude":"43.1761741994","longitude":"5.92793594982","date_saisie":"13/09/2024","valide":"Non","ppo":"Non","type_carte":"Nouvelle carte","fond":"Ortho","obsolete":false}},{"type":"Feature","geometry":{"type":"Polygon","coordinates":[[[5.8499,43.1274],[5.85,43.1284],[5.8492,43.129],[5.8495,43.1297],[5.8501,43.1301],[5.8503,43.1306],[5.852,43.1304],[5.8539,43.1298],[5.8558,43.1296],[5.8568,43.1293],[5.8571,43.129],[5.8577,43.1283],[5.8576,43.1279],[5.857,43.1276],[5.855,43.1277],[5.852,43.1275],[5.8518,43.1277],[5.8509,43.1274],[5.8499,43.1274]]]},"properties":{"id_ffco":"14404","nom":"Parc de La Castellane","_dept":"83","numero":"2024-D83-219","commune":"Ollioules","echelle":"1/2500","surface":"0.16 km²","format":"A5","annee":"2024","cartographes":"COTIRTA Marian","proprietaire":"83 - Var","niveau":"Départemental","specialite":"CO à pied","latitude":"43.1288180583","longitude":"5.85309881159","date_saisie":"10/03/2024","valide":"Non","ppo":"Non","type_carte":"Nouvelle carte","fond":"Ortho","obsolete":false}},{"type":"Feature","geometry":{"type":"Polygon","coordinates":[[[6.4809,43.5282],[6.4814,43.5294],[6.4829,43.5292],[6.4831,43.5296],[6.4854,43.5291],[6.4874,43.5288],[6.4885,43.5292],[6.4907,43.5292],[6.4937,43.528],[6.4928,43.5267],[6.49,43.5252],[6.4878,43.5254],[6.4868,43.5265],[6.4836,43.5274],[6.4809,43.5282]]]},"properties":{"id_ffco":"14401","nom":"Collège E.Thomas - Lycée Leon Blum - Ste Barbe","_dept":"83","numero":"2023-D83-218","commune":"Draguignan","echelle":"1/3000","surface":"0.28 km²","format":"A4","annee":"2023","cartographes":"COTIRTA Marian","proprietaire":"83 - Var","niveau":"Initiation, Scolaire","specialite":"CO à pied","latitude":"43.5276530106","longitude":"6.48780325488","date_saisie":"09/03/2024","valide":"Non","ppo":"Non","type_carte":"Nouvelle carte","fond":"Ortho","obsolete":false}},{"type":"Feature","geometry":{"type":"Polygon","coordinates":[[[6.1864,43.4809],[6.1874,43.4816],[6.1892,43.4814],[6.1898,43.4812],[6.1894,43.4802],[6.1874,43.4803],[6.1874,43.4806],[6.1875,43.4808],[6.1864,43.4809]]]},"properties":{"id_ffco":"14402","nom":"Collège De Gaulle-Anthonioz","_dept":"83","numero":"2024-D83-217","commune":"Carcés","echelle":"1/1000","surface":"0.03 km²","format":"A4","annee":"2024","cartographes":"COTIRTA Marian","proprietaire":"83 - Var","niveau":"Initiation, Scolaire","specialite":"CO à pied","latitude":"43.4808942663","longitude":"6.18831718471","date_saisie":"09/03/2024","valide":"Non","ppo":"Non","type_carte":"Nouvelle carte","fond":"Ortho","obsolete":false}},{"type":"Feature","geometry":{"type":"Polygon","coordinates":[[[5.8648,43.1028],[5.8644,43.1024],[5.8641,43.1024],[5.8629,43.1025],[5.8621,43.1024],[5.8622,43.1031],[5.8625,43.1036],[5.8628,43.1032],[5.8632,43.1032],[5.8639,43.1029],[5.8648,43.1028]]]},"properties":{"id_ffco":"14400","nom":"Domaine de la Dominante","_dept":"83","numero":"2023-D83-216","commune":"La Seyne","echelle":"1/1000","surface":"0.02 km²","format":"A5","annee":"2023","cartographes":"COTIRTA Marian","proprietaire":"83 - Var","niveau":"Initiation, Scolaire","specialite":"CO à pied","latitude":"43.1028056596","longitude":"5.86319305406","date_saisie":"08/03/2024","valide":"Non","ppo":"Non","type_carte":"Nouvelle carte","fond":"Ortho","obsolete":false}},{"type":"Feature","geometry":{"type":"Polygon","coordinates":[[[6.1319,43.1109],[6.132,43.1114],[6.1331,43.1114],[6.1348,43.1109],[6.1349,43.1125],[6.1373,43.1108],[6.1382,43.1095],[6.1374,43.1095],[6.1361,43.1095],[6.1348,43.11],[6.1326,43.1107],[6.1319,43.1109]]]},"properties":{"id_ffco":"14399","nom":"Parc Olbius Riquier","_dept":"83","numero":"2023-D83-215","commune":"Hyeres","echelle":"1/2000","surface":"0.07 km²","format":"A4","annee":"2023","cartographes":"COTIRTA Marian","proprietaire":"83 - Var","niveau":"Initiation, Scolaire","specialite":"CO à pied","latitude":"43.1106485708","longitude":"6.13533808568","date_saisie":"08/03/2024","valide":"Non","ppo":"Non","type_carte":"Nouvelle carte","fond":"Ortho","obsolete":false}},{"type":"Feature","geometry":{"type":"Polygon","coordinates":[[[5.8818,43.1313],[5.8793,43.1319],[5.8781,43.1329],[5.8783,43.1339],[5.8792,43.135],[5.88,43.1364],[5.8808,43.1367],[5.8808,43.1372],[5.8812,43.1376],[5.882,43.1376],[5.8827,43.1376],[5.8831,43.1369],[5.8829,43.1356],[5.882,43.1338],[5.8819,43.1329],[5.882,43.1314],[5.8818,43.1313]]]},"properties":{"id_ffco":"14396","nom":"Toulon - La Beaucaire Nord","_dept":"83","numero":"2023-D83-214","commune":"Toulon","echelle":"1/3000","surface":"0.17 km²","format":"A4","annee":"2023","cartographes":"COTIRTA Marian","proprietaire":"83 - Var","niveau":"Départemental","specialite":"CO à pied","contacts":"CDCO83, 0494361314, 0619320242, contact@cdco83.fr, http://cdco83.fr/","latitude":"43.1344373356","longitude":"5.88078127152","date_saisie":"08/03/2024","valide":"Non","ppo":"Non","type_carte":"Nouvelle carte","fond":"Ortho","obsolete":false}},{"type":"Feature","geometry":{"type":"Polygon","coordinates":[[[5.8828,43.1355],[5.8819,43.1355],[5.8808,43.1369],[5.8808,43.1374],[5.8814,43.1376],[5.8823,43.1376],[5.8828,43.1376],[5.8831,43.1367],[5.8828,43.1355]]]},"properties":{"id_ffco":"14397","nom":"Toulon Bok'R Concept","_dept":"83","numero":"2024-D83-213","commune":"Toulon","echelle":"1/1500","surface":"0.03 km²","format":"A5","annee":"2024","cartographes":"COTIRTA Marian","proprietaire":"83 - Var","niveau":"Départemental","specialite":"CO à pied","contacts":"CDCO83, 0494361314, 0619320242, contact@cdco83.fr, http://cdco83.fr/","latitude":"43.1366554521","longitude":"5.88206683025","date_saisie":"08/03/2024","valide":"Non","ppo":"Non","type_carte":"Nouvelle carte","fond":"Ortho","obsolete":false}},{"type":"Feature","geometry":{"type":"Polygon","coordinates":[[[6.7166,43.4836],[6.7202,43.4836],[6.7211,43.4826],[6.722,43.4804],[6.722,43.4786],[6.723,43.477],[6.7233,43.4769],[6.7237,43.4746],[6.7236,43.4692],[6.7234,43.4687],[6.7234,43.468],[6.7228,43.4678],[6.7221,43.4681],[6.7219,43.4682],[6.7206,43.468],[6.7158,43.4765],[6.7151,43.4802],[6.7157,43.4816],[6.7163,43.4832],[6.7166,43.4836]]]},"properties":{"id_ffco":"14395","nom":"Frejus-Camp Lecocq","_dept":"83","numero":"2023-D83-212","commune":"Fréjus","echelle":"1/4500","surface":"0.81 km²","format":"A4","annee":"2023","cartographes":"COTIRTA Marian","proprietaire":"83 - Var","niveau":"Initiation, Scolaire","specialite":"CO à pied","contacts":"Frejus-Camp Lecocq","latitude":"43.4762735285","longitude":"6.71977211113","date_saisie":"08/03/2024","valide":"Non","ppo":"Non","type_carte":"Nouvelle carte","fond":"Ortho","url":"http://cdco83.fr/","obsolete":false}},{"type":"Feature","geometry":{"type":"Polygon","coordinates":[[[6.077,43.095],[6.0764,43.0943],[6.0763,43.0936],[6.0778,43.0933],[6.0784,43.0934],[6.0785,43.0933],[6.0784,43.0931],[6.0804,43.0926],[6.0806,43.0941],[6.077,43.095]]]},"properties":{"id_ffco":"14398","nom":"Parc St Vincent","_dept":"83","numero":"2023-D83-211","commune":"Carqueiranne","echelle":"1/2000","surface":"0.05 km²","format":"A5","annee":"2023","cartographes":"COTIRTA Marian","proprietaire":"83 - Var","niveau":"Initiation, Scolaire","specialite":"CO à pied","latitude":"43.0938345767","longitude":"6.07853184083","date_saisie":"08/03/2024","valide":"Non","ppo":"Non","type_carte":"Nouvelle carte","fond":"Ortho","obsolete":false}},{"type":"Feature","geometry":{"type":"Polygon","coordinates":[[[5.9207,43.3462],[5.9236,43.3463],[5.924,43.3498],[5.9236,43.3514],[5.9201,43.3513],[5.9207,43.3462]]]},"properties":{"id_ffco":"14392","nom":"Mazaugues Village (83)","_dept":"83","numero":"2024-D83-210","commune":"Mazaugues","echelle":"1/3000","surface":"0.16 km²","format":"A5","annee":"2024","cartographes":"COTIRTA Marian","proprietaire":"83 - Var","niveau":"Départemental","specialite":"CO à pied","contacts":"CDCO83, 0494361314, 0619320242, contact@cdco83.fr, http://cdco83.fr/","latitude":"43.34889001","longitude":"5.92209434165","date_saisie":"06/03/2024","valide":"Non","ppo":"Non","type_carte":"Nouvelle carte","fond":"Ortho","obsolete":false}},{"type":"Feature","geometry":{"type":"Polygon","coordinates":[[[5.9047,43.3724],[5.8976,43.3719],[5.8951,43.3718],[5.8927,43.3721],[5.8896,43.3726],[5.8847,43.3722],[5.8808,43.3718],[5.8767,43.3702],[5.8752,43.3676],[5.8741,43.3662],[5.8715,43.3646],[5.8723,43.3616],[5.8734,43.3608],[5.8768,43.3609],[5.8799,43.3611],[5.8814,43.3615],[5.8835,43.3602],[5.8855,43.3598],[5.8887,43.3598],[5.8928,43.3593],[5.8954,43.3591],[5.8985,43.3587],[5.9011,43.3583],[5.905,43.3583],[5.9078,43.3592],[5.9123,43.3594],[5.9146,43.3595],[5.9149,43.3605],[5.9154,43.3614],[5.9187,43.3609],[5.92,43.3596],[5.9209,43.3596],[5.9255,43.3594],[5.9264,43.3593],[5.9268,43.3601],[5.9269,43.3624],[5.9286,43.3644],[5.9296,43.3681],[5.9241,43.3675],[5.9229,43.3664],[5.9206,43.3685],[5.9195,43.3691],[5.9169,43.3694],[5.9138,43.3708],[5.9109,43.3715],[5.9071,43.372],[5.9047,43.3724]]]},"properties":{"id_ffco":"14376","nom":"Le Grand Gaudin","_dept":"83","numero":"2024-D83-209","commune":"Mazaugues","echelle":"1/10000","surface":"5.48 km²","format":"A4","annee":"2024","cartographes":"Ray Hulse","proprietaire":"PZ - Provence-Alpes-Côte d'Azur","niveau":"National, International","specialite":"CO à pied","latitude":"43.3653644384","longitude":"5.89977834616","date_saisie":"17/02/2024","valide":"Non","ppo":"Non","type_carte":"Nouvelle carte","fond":"Laser","obsolete":false}},{"type":"Feature","geometry":{"type":"Polygon","coordinates":[[[5.8702,43.4575],[5.8681,43.4582],[5.8667,43.4585],[5.8651,43.4585],[5.8639,43.4584],[5.8636,43.4561],[5.8631,43.4545],[5.863,43.4538],[5.8603,43.4539],[5.8603,43.4534],[5.8602,43.4525],[5.8602,43.4521],[5.8621,43.4514],[5.8618,43.4503],[5.8628,43.4485],[5.8639,43.4495],[5.8653,43.4507],[5.8669,43.4523],[5.8678,43.4533],[5.8693,43.4547],[5.8681,43.4553],[5.8696,43.4569],[5.8702,43.4575]]]},"properties":{"id_ffco":"14375","nom":"Saint Maximin","_dept":"83","numero":"2024-D83-208","commune":"Saint Maximin","echelle":"1/4000","surface":"0.43 km²","format":"A4","annee":"2024","cartographes":"Matthieu Puech","proprietaire":"PZ - Provence-Alpes-Côte d'Azur","niveau":"National, International","specialite":"Sprint (ISSOM)","latitude":"43.4541804962","longitude":"5.86507239857","date_saisie":"17/02/2024","valide":"Non","ppo":"Non","type_carte":"Nouvelle carte","fond":"Ortho","obsolete":false}},{"type":"Feature","geometry":{"type":"Polygon","coordinates":[[[6.009,43.1348],[6.0094,43.1338],[6.0091,43.1334],[6.0097,43.1334],[6.0093,43.133],[6.0083,43.1312],[6.0079,43.1312],[6.0053,43.1291],[6.0041,43.1279],[6.0027,43.1286],[6.0027,43.1292],[6.0026,43.1295],[6.0049,43.1315],[6.0036,43.1323],[6.0036,43.1332],[6.0037,43.1336],[6.003,43.1348],[6.0017,43.1349],[6.0015,43.1367],[6.009,43.1348]]]},"properties":{"id_ffco":"13818","nom":"Le Thouar Est","_dept":"83","numero":"2023-D83-207","commune":"La Valette","echelle":"1/4000","surface":"0.31 km²","format":"A4","annee":"2023","cartographes":"Alain Pellegry,Eric Pomet","proprietaire":"83 - Var","niveau":"Départemental","specialite":"CO à pied","contacts":"CDCO83, 0494361314, 0619320242, contact@cdco83.fr, http://cdco83.fr/","latitude":"43.1327879348","longitude":"6.00552209366","date_saisie":"28/01/2023","date_depot":"16/02/2023","valide":"Oui","ppo":"Non","type_carte":"Reprise","base":"2004-D83-105 La Valette_Le Thouar","fond":"Ortho","obsolete":false}},{"type":"Feature","geometry":{"type":"Polygon","coordinates":[[[6.4587,43.5381],[6.4599,43.5394],[6.4608,43.539],[6.4599,43.5377],[6.4587,43.538],[6.4587,43.5381]]]},"properties":{"id_ffco":"13814","nom":"Draguignan Parc Haussman","_dept":"83","numero":"2023-D83-206","commune":"Draguignan","echelle":"1/1000","surface":"0.02 km²","format":"A4","annee":"2023","cartographes":"CHAIX Cyrille","proprietaire":"83 - Var","niveau":"Initiation, Scolaire","specialite":"CO à pied","contacts":"CDCO83, 0494361314, 0619320242, contact@cdco83.fr, http://cdco83.fr/","latitude":"43.5385134564","longitude":"6.45978500322","date_saisie":"25/01/2023","date_depot":"21/02/2023","valide":"Oui","ppo":"Non","type_carte":"Nouvelle carte","fond":"Cadastre","obsolete":false}},{"type":"Feature","geometry":{"type":"Polygon","coordinates":[[[6.4712,43.5326],[6.4739,43.5351],[6.4746,43.5357],[6.4778,43.5345],[6.4777,43.534],[6.4769,43.5336],[6.4752,43.5327],[6.4739,43.5316],[6.4714,43.5324],[6.4712,43.5326]]]},"properties":{"id_ffco":"13813","nom":"Draguignan - Parc Chabran","_dept":"83","numero":"2023-D83-205","commune":"Draguignan","echelle":"1/2500","surface":"0.12 km²","format":"A4","annee":"2023","cartographes":"CHAIX Cyrille","proprietaire":"83 - Var","niveau":"Initiation, Scolaire","specialite":"CO à pied","contacts":"CDCO83, 0494361314, 0619320242, contact@cdco83.fr, http://cdco83.fr/","latitude":"43.5336509215","longitude":"6.47448689231","date_saisie":"25/01/2023","date_depot":"21/02/2023","valide":"Oui","ppo":"Non","type_carte":"Nouvelle carte","fond":"Cadastre","obsolete":false}},{"type":"Feature","geometry":{"type":"Polygon","coordinates":[[[5.9082,43.1343],[5.9093,43.1343],[5.9096,43.1328],[5.9087,43.1327],[5.9082,43.1341],[5.9082,43.1343]]]},"properties":{"id_ffco":"13812","nom":"Toulon-Parc des Oiseaux","_dept":"83","numero":"2023-D83-204","commune":"Toulon","echelle":"1/1000","surface":"0.01 km²","format":"A4","annee":"2023","cartographes":"COTIRTA Marian","proprietaire":"83 - Var","niveau":"Initiation, Scolaire","specialite":"CO à pied","contacts":"CDCO83, 0494361314, 0619320242, contact@cdco83.fr, http://cdco83.fr/","latitude":"43.133576337","longitude":"5.90893343452","date_saisie":"25/01/2023","date_depot":"21/02/2023","valide":"Oui","ppo":"Non","type_carte":"Nouvelle carte","fond":"Cadastre","obsolete":false}},{"type":"Feature","geometry":{"type":"Polygon","coordinates":[[[5.9219,43.1286],[5.9227,43.1269],[5.9222,43.1261],[5.9291,43.1231],[5.9285,43.1219],[5.9362,43.1178],[5.9401,43.1134],[5.9406,43.1143],[5.9421,43.115],[5.9428,43.1155],[5.9433,43.1169],[5.9427,43.1211],[5.9393,43.1226],[5.94,43.125],[5.9261,43.1292],[5.9242,43.1291],[5.9219,43.1286]]]},"properties":{"id_ffco":"13811","nom":"Toulon-Le port et Centre Ancien","_dept":"83","numero":"2023-D83-203","commune":"Toulon","echelle":"1/9000","surface":"1.27 km²","format":"A4","annee":"2023","cartographes":"COTIRTA Marian,Deli Georges","proprietaire":"83 - Var","niveau":"Régional","specialite":"Sprint (ISSOM)","contacts":"CDCO83, 0494361314, 0619320242, contact@cdco83.fr, http://cdco83.fr/","latitude":"43.1225459003","longitude":"5.93402490714","date_saisie":"25/01/2023","date_depot":"21/02/2023","valide":"Oui","ppo":"Non","type_carte":"Reprise","base":"2018-D83-161 TOULON - Centre Ville ancien","fond":"Cadastre","url":"http://cdco83.fr/","obsolete":false}},{"type":"Feature","geometry":{"type":"Polygon","coordinates":[[[5.931,43.1252],[5.9363,43.1242],[5.9376,43.1235],[5.9384,43.1214],[5.9388,43.1198],[5.9363,43.1196],[5.9348,43.1183],[5.9283,43.1217],[5.931,43.1252]]]},"properties":{"id_ffco":"13591","nom":"Toulon Centre Ancien","_dept":"83","numero":"2022-D83-202","commune":"TOULON","echelle":"1/4000","surface":"0.39 km²","format":"A4","annee":"2022","cartographes":"Deli Georges","proprietaire":"83 - Var","niveau":"Régional","specialite":"Sprint (ISSOM)","contacts":"CDCO83, 0494361314, 0619320242, contact@cdco83.fr, http://cdco83.fr/","latitude":"43.1219175875","longitude":"5.93378159537","date_saisie":"28/09/2022","date_depot":"05/01/2023","valide":"Oui","ppo":"Non","type_carte":"Reprise","base":"2018-D83-161 TOULON - Centre Ville ancien","fond":"Ortho","obsolete":false}},{"type":"Feature","geometry":{"type":"Polygon","coordinates":[[[5.9453,43.1135],[5.9483,43.113],[5.9482,43.1119],[5.9468,43.1119],[5.9453,43.1135],[5.9453,43.1135]]]},"properties":{"id_ffco":"13573","nom":"Ecole Bon Accueil","_dept":"83","numero":"2022-D83-201","commune":"TOULON","echelle":"1/500","surface":"0.02 km²","format":"A5","annee":"2022","cartographes":"GIACCHI Guillaume","proprietaire":"83 - Var","niveau":"Initiation, Scolaire","specialite":"CO à pied","contacts":"CDCO83, 0494361314, 0619320242, contact@cdco83.fr, http://cdco83.fr/","latitude":"43.1126501989","longitude":"5.94707371171","date_saisie":"23/09/2022","date_depot":"20/10/2022","valide":"Oui","ppo":"Non","type_carte":"Nouvelle carte","fond":"Cadastre","obsolete":false}},{"type":"Feature","geometry":{"type":"Polygon","coordinates":[[[5.8287,43.3582],[5.8322,43.3598],[5.8342,43.3624],[5.8331,43.3641],[5.8318,43.3644],[5.8335,43.3691],[5.83,43.3861],[5.8436,43.3837],[5.8601,43.3807],[5.8563,43.3772],[5.8579,43.3749],[5.8651,43.3748],[5.8649,43.3603],[5.8287,43.3582]]]},"properties":{"id_ffco":"13566","nom":"ROUGIERs","_dept":"83","numero":"2022-D83-200","commune":"ROUGIERS","echelle":"1/10000","surface":"6.59 km²","format":"A3","annee":"2022","cartographes":"COTIRTA Marian","proprietaire":"83 - Var","niveau":"Interrégional","specialite":"CO à pied","contacts":"CDCO83, 0494361314, 0619320242, contact@cdco83.fr, http://cdco83.fr/","latitude":"43.370990181","longitude":"5.84687330915","date_saisie":"11/09/2022","date_depot":"21/09/2022","valide":"Oui","ppo":"Non","type_carte":"Nouvelle carte","fond":"Ortho","obsolete":false}},{"type":"Feature","geometry":{"type":"Polygon","coordinates":[[[6.4844,43.5015],[6.4847,43.5015],[6.4859,43.5009],[6.4868,43.501],[6.4873,43.5022],[6.4878,43.5022],[6.4914,43.5023],[6.4925,43.5019],[6.4906,43.5035],[6.4899,43.5044],[6.4898,43.505],[6.4872,43.5057],[6.4865,43.5048],[6.4855,43.5042],[6.4843,43.505],[6.4836,43.506],[6.4826,43.5052],[6.4844,43.5015]]]},"properties":{"id_ffco":"13503","nom":"Trans en Provence","_dept":"83","numero":"2022-D83-199","commune":"TRANS EN PROVENCE","echelle":"1/4000","surface":"0.22 km²","format":"A4","annee":"2022","cartographes":"COTIRTA Marian","proprietaire":"83 - Var","niveau":"Départemental","specialite":"Sprint (ISSOM)","contacts":"CDCO83, 0494361314, 0619320242, contact@cdco83.fr, http://cdco83.fr/","latitude":"43.5034413921","longitude":"6.48685952917","date_saisie":"17/08/2022","date_depot":"21/09/2022","valide":"Oui","ppo":"Non","type_carte":"Nouvelle carte","fond":"Cadastre","obsolete":false}},{"type":"Feature","geometry":{"type":"Polygon","coordinates":[[[6.5824,43.5194],[6.5817,43.5215],[6.5839,43.5215],[6.6016,43.5239],[6.6204,43.5192],[6.6183,43.5165],[6.6237,43.5174],[6.631,43.5158],[6.6273,43.5138],[6.6304,43.511],[6.6311,43.5007],[6.6274,43.4949],[6.6273,43.4868],[6.6329,43.4644],[6.5989,43.4689],[6.5921,43.4844],[6.5883,43.4931],[6.5945,43.4971],[6.5824,43.5194]]]},"properties":{"id_ffco":"13502","nom":"Palayson VTT","_dept":"83","numero":"2022-D83-198","commune":"LE MUY","echelle":"1/15000","surface":"18.7 km²","format":"A3","annee":"2022","cartographes":"COTIRTA Marian","proprietaire":"83 - Var","niveau":"Interrégional","specialite":"CO à VTT","contacts":"CDCO83, 0494361314, 0619320242, contact@cdco83.fr, http://cdco83.fr/","latitude":"43.4955286187","longitude":"6.60972413706","date_saisie":"17/08/2022","date_depot":"21/09/2022","valide":"Oui","ppo":"Non","type_carte":"Reprise","base":"1994-D83-17 PALAYSON","fond":"Ortho","obsolete":false}},{"type":"Feature","geometry":{"type":"Polygon","coordinates":[[[6.1789,43.4792],[6.1826,43.4804],[6.184,43.4787],[6.1866,43.478],[6.1871,43.4777],[6.1876,43.4768],[6.1867,43.4762],[6.186,43.4747],[6.1866,43.4732],[6.1869,43.4733],[6.1867,43.472],[6.1874,43.4709],[6.1865,43.4707],[6.1851,43.4701],[6.1844,43.4716],[6.1844,43.4711],[6.1828,43.4706],[6.1814,43.4705],[6.1806,43.4717],[6.1774,43.4727],[6.1752,43.4732],[6.175,43.4738],[6.1773,43.4748],[6.1791,43.4756],[6.1792,43.4764],[6.1792,43.4772],[6.1803,43.4776],[6.1789,43.4792]]]},"properties":{"id_ffco":"13484","nom":"CARCES - Centre Ville","_dept":"83","numero":"2022-D83-197","commune":"CARCES","echelle":"1/4000","surface":"0.63 km²","format":"A4","annee":"2022","cartographes":"COTIRTA Marian","proprietaire":"83 - Var","niveau":"Régional","specialite":"Sprint (ISSOM)","contacts":"CDCO83, 0494361314, 0619320242, contact@cdco83.fr, http://cdco83.fr/","latitude":"43.4749236249","longitude":"6.18232651681","date_saisie":"08/08/2022","date_depot":"21/09/2022","valide":"Oui","ppo":"Non","type_carte":"Nouvelle carte","fond":"Ortho","obsolete":false}},{"type":"Feature","geometry":{"type":"Polygon","coordinates":[[[6.5615,43.4705],[6.561,43.4732],[6.5656,43.4745],[6.5688,43.4754],[6.5706,43.4742],[6.5734,43.4712],[6.5722,43.4697],[6.5722,43.4692],[6.5728,43.4672],[6.5742,43.4667],[6.5728,43.4659],[6.5722,43.4649],[6.5688,43.4649],[6.5678,43.4676],[6.565,43.4675],[6.5615,43.4705]]]},"properties":{"id_ffco":"13483","nom":"LE MUY","_dept":"83","numero":"2022-D83-196","commune":"LE MUY","echelle":"1/4000","surface":"0.74 km²","format":"A4","annee":"2022","cartographes":"COTIRTA Marian","proprietaire":"83 - Var","niveau":"Départemental","specialite":"Sprint (ISSOM)","contacts":"CDCO83, 0494361314, 0619320242, contact@cdco83.fr, http://cdco83.fr/","latitude":"43.4703759324","longitude":"6.56785403701","date_saisie":"08/08/2022","date_depot":"21/09/2022","valide":"Oui","ppo":"Non","type_carte":"Nouvelle carte","fond":"Ortho","obsolete":false}},{"type":"Feature","geometry":{"type":"Polygon","coordinates":[[[6.5843,43.521],[6.6014,43.5239],[6.6063,43.5233],[6.6154,43.5199],[6.6151,43.5121],[6.6127,43.5097],[6.6081,43.5096],[6.6034,43.509],[6.6011,43.5072],[6.5977,43.507],[6.5925,43.5051],[6.591,43.5035],[6.5891,43.5103],[6.5869,43.5122],[6.5843,43.521]]]},"properties":{"id_ffco":"13482","nom":"CATCHEOU","_dept":"83","numero":"2022-D83-195","commune":"LE MUY","echelle":"1/10000","surface":"3.73 km²","format":"A4","annee":"2022","cartographes":"COTIRTA Marian","proprietaire":"83 - Var","niveau":"Régional","specialite":"CO à pied","contacts":"CDCO83, 0494361314, 0619320242, contact@cdco83.fr, http://cdco83.fr/","latitude":"43.5153549563","longitude":"6.59991410433","date_saisie":"08/08/2022","date_depot":"21/09/2022","valide":"Oui","ppo":"Non","type_carte":"Reprise","base":"2006-D83-117 Catchéou","fond":"Ortho","obsolete":false}},{"type":"Feature","geometry":{"type":"Polygon","coordinates":[[[6.1242,43.6583],[6.1286,43.6566],[6.1295,43.6582],[6.1347,43.658],[6.134,43.6555],[6.1331,43.6546],[6.2095,43.6331],[6.2204,43.6171],[6.1899,43.592],[6.1796,43.5936],[6.1725,43.5907],[6.1624,43.5878],[6.1415,43.5971],[6.1051,43.6066],[6.0747,43.6231],[6.0809,43.645],[6.1242,43.6583]]]},"properties":{"id_ffco":"13478","nom":"Les CADENIERES","_dept":"83","numero":"2022-D83-194","commune":"REGUSSE","echelle":"1/20000","surface":"56.78 km²","format":"A3","annee":"2022","cartographes":"RICHAUD Alain,Eric Pomet","proprietaire":"83 - Var","niveau":"Régional","specialite":"CO à VTT","contacts":"CDCO83, 0494361314, 0619320242, contact@cdco83.fr, http://cdco83.fr/","latitude":"43.6234767034","longitude":"6.1462826575","date_saisie":"08/08/2022","date_depot":"21/09/2022","valide":"Oui","ppo":"Non","type_carte":"Nouvelle carte","fond":"Ortho","obsolete":false}},{"type":"Feature","geometry":{"type":"Polygon","coordinates":[[[5.7322,43.5081],[5.7334,43.5081],[5.7357,43.5063],[5.7365,43.5052],[5.7369,43.5047],[5.7397,43.5042],[5.7398,43.5038],[5.7401,43.5035],[5.7405,43.5023],[5.7408,43.5008],[5.7383,43.5008],[5.7384,43.5],[5.7353,43.5009],[5.735,43.5001],[5.7336,43.5003],[5.7335,43.4997],[5.7328,43.4997],[5.7318,43.5],[5.732,43.5018],[5.7314,43.5034],[5.7315,43.5043],[5.7322,43.5081]]]},"properties":{"id_ffco":"13480","nom":"POURRIERES","_dept":"83","numero":"2022-D83-193","commune":"POURRIERES","echelle":"1/4000","surface":"0.44 km²","format":"A4","annee":"2022","cartographes":"Pierre Delenne","proprietaire":"83 - Var","niveau":"Régional","specialite":"Sprint (ISSOM)","contacts":"CDCO83, 0494361314, 0619320242, contact@cdco83.fr, http://cdco83.fr/","latitude":"43.5033374324","longitude":"5.735292112","date_saisie":"08/08/2022","date_depot":"21/09/2022","valide":"Oui","ppo":"Non","type_carte":"Nouvelle carte","fond":"Cadastre","obsolete":false}},{"type":"Feature","geometry":{"type":"Polygon","coordinates":[[[6.4618,43.5379],[6.4642,43.5405],[6.4651,43.5417],[6.4665,43.5415],[6.4676,43.541],[6.4677,43.5409],[6.4688,43.5406],[6.4689,43.5394],[6.4691,43.5383],[6.4699,43.5372],[6.4695,43.5368],[6.4682,43.5367],[6.4649,43.5365],[6.4642,43.5364],[6.4618,43.5379]]]},"properties":{"id_ffco":"13327","nom":"Draguignan Centre Ville","_dept":"83","numero":"2021-D83-192","commune":"DRAGUIGNAN","echelle":"1/3000","surface":"0.24 km²","format":"A4","annee":"2021","cartographes":"COTIRTA Marian","proprietaire":"83 - Var","niveau":"Départemental","specialite":"Sprint (ISSOM)","contacts":"CDCO83, 0494361314, 0619320242, contact@cdco83.fr, http://cdco83.fr/","latitude":"43.5387310093","longitude":"6.46603725961","date_saisie":"30/03/2022","date_depot":"04/05/2022","valide":"Oui","ppo":"Non","type_carte":"Nouvelle carte","fond":"Ortho","obsolete":false}},{"type":"Feature","geometry":{"type":"Polygon","coordinates":[[[5.9002,43.1167],[5.901,43.1195],[5.8983,43.1223],[5.8987,43.1225],[5.8986,43.1232],[5.8998,43.1232],[5.9002,43.1234],[5.9026,43.1237],[5.9037,43.1239],[5.9041,43.123],[5.9065,43.1214],[5.9064,43.1208],[5.9073,43.1196],[5.907,43.1167],[5.9064,43.1164],[5.9047,43.116],[5.9027,43.1159],[5.9011,43.1162],[5.9002,43.1167]]]},"properties":{"id_ffco":"13190","nom":"MALBOUSQUET","_dept":"83","numero":"2022-D83-191","commune":"TOULON","echelle":"1/4000","surface":"0.44 km²","format":"A4","annee":"2022","cartographes":"Deli Georges","proprietaire":"83 - Var","niveau":"Départemental","specialite":"CO à pied","latitude":"43.1197718758","longitude":"5.90319093581","date_saisie":"21/01/2022","date_depot":"08/02/2022","valide":"Oui","ppo":"Oui (56 postes)","type_carte":"Nouvelle carte","fond":"Cadastre","obsolete":false}},{"type":"Feature","geometry":{"type":"Polygon","coordinates":[[[6.6889,43.536],[6.6787,43.5358],[6.6606,43.5338],[6.6538,43.5282],[6.6503,43.5251],[6.6494,43.5216],[6.6513,43.5172],[6.6524,43.5162],[6.6556,43.5119],[6.6659,43.5123],[6.6684,43.5128],[6.7077,43.508],[6.7101,43.5144],[6.7124,43.517],[6.7164,43.5166],[6.7171,43.5174],[6.715,43.5202],[6.7133,43.5217],[6.7058,43.5236],[6.7001,43.5211],[6.6984,43.5238],[6.6906,43.5327],[6.6889,43.536]]]},"properties":{"id_ffco":"13195","nom":"BAGNOLS en FORET-Rand'Orientation","_dept":"83","numero":"2022-D83-190","commune":"BAGNOLS EN FORET","echelle":"1/20000","surface":"10.83 km²","format":"A3","annee":"2022","cartographes":"COTIRTA Marian","proprietaire":"83 - Var","niveau":"Interrégional","specialite":"Rand'O","contacts":"Mairie de Bagnols en Foret, Grande rue, Bagnols en foret (83)","latitude":"43.5215354423","longitude":"6.68016027089","date_saisie":"21/01/2022","date_depot":"08/02/2022","valide":"Oui","ppo":"Oui (150 postes)","type_carte":"Nouvelle carte","fond":"Ortho","obsolete":false}},{"type":"Feature","geometry":{"type":"Polygon","coordinates":[[[6.6929,43.5419],[6.6951,43.5393],[6.6968,43.5368],[6.7041,43.5332],[6.7072,43.5327],[6.7108,43.5302],[6.712,43.5286],[6.7138,43.5298],[6.713,43.5327],[6.7157,43.5349],[6.7187,43.5358],[6.7244,43.5361],[6.7258,43.5406],[6.7255,43.5431],[6.7229,43.5437],[6.7177,43.5422],[6.7153,43.5403],[6.7132,43.541],[6.7086,43.5421],[6.6929,43.5419]]]},"properties":{"id_ffco":"13194","nom":"BAGNOLS en FORET-Vallon de Vouloube","_dept":"83","numero":"2022-D83-188","commune":"BAGNOLS EN FORET","echelle":"1/6000","surface":"2.14 km²","format":"A4","annee":"2022","cartographes":"COTIRTA Marian","proprietaire":"83 - Var","niveau":"Régional","specialite":"Sprint (ISSOM)","contacts":"Mairie de Bagnols en Foret, Grande rue, Bagnols en foret (83)","latitude":"43.53789383","longitude":"6.7103457864","date_saisie":"21/01/2022","date_depot":"08/02/2022","valide":"Oui","ppo":"Oui (25 postes)","type_carte":"Nouvelle carte","fond":"Ortho","obsolete":false}},{"type":"Feature","geometry":{"type":"Polygon","coordinates":[[[6.689,43.5358],[6.678,43.5356],[6.6748,43.535],[6.6716,43.5353],[6.665,43.5344],[6.6613,43.534],[6.6584,43.5324],[6.6544,43.5289],[6.6502,43.5246],[6.6498,43.5216],[6.6562,43.5167],[6.6545,43.5124],[6.658,43.5119],[6.6599,43.5127],[6.6653,43.5126],[6.6684,43.5128],[6.6633,43.5148],[6.6659,43.5153],[6.6611,43.5179],[6.6641,43.5193],[6.6666,43.5184],[6.6687,43.5201],[6.6709,43.5194],[6.6699,43.5217],[6.6687,43.5221],[6.6668,43.5213],[6.6676,43.5259],[6.6896,43.535],[6.689,43.5358]]]},"properties":{"id_ffco":"13193","nom":"BAGNOLS en FORET Foret du Defens 10000","_dept":"83","numero":"2022-D83-187","commune":"BAGNOLS EN FORET","echelle":"1/10000","surface":"3.48 km²","format":"A4","annee":"2022","cartographes":"COTIRTA Marian","proprietaire":"83 - Var","niveau":"Régional","specialite":"CO à pied","contacts":"CDCO83, 0494361314, 0619320242, contact@cdco83.fr, http://cdco83.fr/","latitude":"43.5258839608","longitude":"6.66457409028","date_saisie":"21/01/2022","date_depot":"08/02/2022","valide":"Oui","ppo":"Oui (105 postes)","type_carte":"Nouvelle carte","fond":"Ortho","obsolete":false}},{"type":"Feature","geometry":{"type":"Polygon","coordinates":[[[6.6895,43.5351],[6.6672,43.5264],[6.6595,43.5325],[6.6611,43.5337],[6.6676,43.5347],[6.6731,43.535],[6.6788,43.5358],[6.6889,43.5358],[6.6895,43.5351]]]},"properties":{"id_ffco":"13192","nom":"BAGNOLS en FORET Foret du Defens 5000","_dept":"83","numero":"2022-D83-186","commune":"BAGNOLS EN FORET","echelle":"1/5000","surface":"1.25 km²","format":"A4","annee":"2022","cartographes":"COTIRTA Marian","proprietaire":"83 - Var","niveau":"Régional","specialite":"CO à pied","latitude":"43.5321567657","longitude":"6.67268856368","date_saisie":"21/01/2022","date_depot":"08/02/2022","valide":"Oui","ppo":"Oui (65 postes)","type_carte":"Nouvelle carte","fond":"Ortho","obsolete":false}},{"type":"Feature","geometry":{"type":"Polygon","coordinates":[[[5.9527,43.1259],[5.9528,43.1253],[5.9538,43.1254],[5.9538,43.1257],[5.9527,43.1259],[5.9527,43.1259]]]},"properties":{"id_ffco":"13204","nom":"Ecole St Jean du VAR Toulon","_dept":"83","numero":"2022-D83-185","commune":"TOULON","echelle":"1/500","surface":"0.0 km²","format":"A5","annee":"2022","cartographes":"PHAM Raphael","proprietaire":"83 - Var","niveau":"Initiation, Scolaire","specialite":"CO à pied","contacts":"CDCO83, 0494361314, 0619320242, contact@cdco83.fr, http://cdco83.fr/","latitude":"43.1256146374","longitude":"5.95322443163","date_saisie":"26/01/2022","valide":"Non","ppo":"Non","type_carte":"Nouvelle carte","fond":"Cadastre","obsolete":false}},{"type":"Feature","geometry":{"type":"Polygon","coordinates":[[[5.8359,43.0567],[5.8367,43.0562],[5.8374,43.0562],[5.8383,43.056],[5.8393,43.0558],[5.8397,43.0557],[5.8401,43.0561],[5.8399,43.0565],[5.8403,43.0573],[5.839,43.0574],[5.839,43.0582],[5.8393,43.0585],[5.8392,43.0592],[5.8397,43.0594],[5.8406,43.0593],[5.8414,43.0593],[5.8416,43.0597],[5.8421,43.0596],[5.8427,43.0596],[5.8434,43.0597],[5.8438,43.0596],[5.8439,43.0601],[5.8441,43.0605],[5.8449,43.0608],[5.8455,43.0612],[5.8458,43.0617],[5.8458,43.0623],[5.8458,43.0629],[5.8446,43.0668],[5.8448,43.067],[5.8442,43.0673],[5.8437,43.068],[5.8438,43.0688],[5.8435,43.0703],[5.838,43.0731],[5.835,43.077],[5.8334,43.0777],[5.8324,43.0777],[5.8309,43.0764],[5.8301,43.0748],[5.8305,43.0738],[5.8312,43.0724],[5.8315,43.0708],[5.8314,43.0699],[5.8285,43.0654],[5.8283,43.0641],[5.8299,43.0641],[5.8306,43.0634],[5.8305,43.0624],[5.8309,43.0621],[5.832,43.061],[5.8334,43.0606],[5.8338,43.0603],[5.8337,43.0597],[5.8351,43.0587],[5.8353,43.0576],[5.8355,43.0575],[5.8359,43.0575],[5.8363,43.0574],[5.8364,43.0572],[5.8362,43.0568],[5.8359,43.0567]]]},"properties":{"id_ffco":"13191","nom":"ROUMAGNAN - SIX FOURS (83)","_dept":"83","numero":"2022-D83-184","commune":"SIX FOURS","echelle":"1/7500","surface":"1.98 km²","format":"A4","annee":"2022","cartographes":"Eric Charles","proprietaire":"83 - Var","niveau":"Départemental","specialite":"CO à pied","contacts":"CDCO83, 0494361314, 0619320242, contact@cdco83.fr, http://cdco83.fr/","latitude":"43.0664382593","longitude":"5.83693901744","date_saisie":"21/01/2022","date_depot":"08/02/2022","valide":"Oui","ppo":"Non","type_carte":"Nouvelle carte","fond":"Ortho","obsolete":false}},{"type":"Feature","geometry":{"type":"Polygon","coordinates":[[[5.9969,43.1195],[5.9973,43.1196],[5.9977,43.1194],[5.9976,43.1191],[5.9977,43.1186],[5.9977,43.1178],[5.9976,43.1174],[5.9988,43.1171],[5.9985,43.1166],[5.9974,43.1167],[5.9976,43.1172],[5.9965,43.1175],[5.9964,43.1177],[5.9968,43.1186],[5.9969,43.1195]]]},"properties":{"id_ffco":"12775","nom":"Henri Wallon - La Garde","_dept":"83","numero":"2021-D83-183","commune":"LA GARDE","echelle":"1/2000","surface":"0.03 km²","format":"A4","annee":"2021","cartographes":"GIACCHI Guillaume","proprietaire":"83 - Var","niveau":"Initiation, Scolaire","specialite":"CO à pied","contacts":"Comité du Var de CO, 133 bld Av Général Brosset, 83200, TOULON, 0494361314, 0619320242, president@cdco83.fr, http://cdco83.fr/","latitude":"43.1179962798","longitude":"5.99741082166","date_saisie":"24/05/2021","valide":"Non","ppo":"Non","type_carte":"Nouvelle carte","fond":"Ortho","obsolete":false}},{"type":"Feature","geometry":{"type":"Polygon","coordinates":[[[5.9726,43.1262],[5.9709,43.1274],[5.9734,43.1293],[5.9752,43.1281],[5.9726,43.1262]]]},"properties":{"id_ffco":"12774","nom":"Toulon-Complexe sportif Leo Lagrange","_dept":"83","numero":"2021-D83-182","commune":"TOULON","echelle":"1/2500","surface":"0.06 km²","format":"A4","annee":"2021","cartographes":"PHAM Raphael","proprietaire":"83 - Var","niveau":"Initiation, Scolaire","specialite":"CO à pied","contacts":"Comité du Var de CO, 133 bld Av Général Brosset, 83200, TOULON, 0494361314, 0619320242, president@cdco83.fr, http://cdco83.fr/","latitude":"43.1277486364","longitude":"5.97304088132","date_saisie":"24/05/2021","valide":"Non","ppo":"Non","type_carte":"Nouvelle carte","fond":"Ortho","obsolete":false}},{"type":"Feature","geometry":{"type":"Polygon","coordinates":[[[5.8578,43.1142],[5.8579,43.1143],[5.8583,43.1142],[5.8583,43.114],[5.8581,43.1138],[5.8578,43.1138],[5.8578,43.1142]]]},"properties":{"id_ffco":"12623","nom":"Ecole Georges Brassens","_dept":"83","numero":"2021-D83-181","commune":"LA SEYNE","echelle":"1/2500","surface":"0.0 km²","format":"A4","annee":"2021","cartographes":"Deli Georges,PHAM Raphael","proprietaire":"83 - Var","niveau":"O+","specialite":"CO à pied","contacts":"Georges DELI, 370 Chemin des Aiguiers, 83210, Solliès-Pont, 0494361314, 0619320242, deli.georges@bbox.fr, http://cdco83.fr/","latitude":"43.1140205542","longitude":"5.85803309655","date_saisie":"01/03/2021","valide":"Non","ppo":"Non","type_carte":"Nouvelle carte","fond":"Cadastre","obsolete":false}},{"type":"Feature","geometry":{"type":"Polygon","coordinates":[[[6.8124,43.4286],[6.8133,43.4285],[6.8147,43.4286],[6.8173,43.428],[6.8185,43.4275],[6.8191,43.4269],[6.82,43.4266],[6.8215,43.4267],[6.8224,43.4266],[6.8226,43.4265],[6.8235,43.4216],[6.8233,43.4213],[6.8233,43.4208],[6.8233,43.4204],[6.8232,43.42],[6.8227,43.4196],[6.8226,43.4191],[6.8225,43.419],[6.822,43.4188],[6.8217,43.4188],[6.8217,43.4186],[6.8126,43.4171],[6.8124,43.4178],[6.8125,43.4192],[6.8135,43.4194],[6.8133,43.4206],[6.8141,43.4213],[6.8155,43.4219],[6.8158,43.4223],[6.8157,43.4227],[6.8138,43.4233],[6.813,43.4242],[6.8118,43.4252],[6.8113,43.4254],[6.8117,43.4259],[6.8122,43.4272],[6.8124,43.4283],[6.8124,43.4286]]]},"properties":{"id_ffco":"12528","nom":"CREPS de Boulouris","_dept":"83","numero":"2021-D83-180","commune":"ST RAPHAEL","echelle":"1/5000","surface":"0.86 km²","format":"A4","annee":"2021","cartographes":"COTIRTA Marian","proprietaire":"83 - Var","niveau":"Départemental","specialite":"CO à pied","contacts":"Georges DELI, 370 Chemin des Aiguiers, 83210, Solliès-Pont, 0494361314, 0619320242, deli.georges@bbox.fr, http://cdco83.fr/","latitude":"43.4229299103","longitude":"6.81757047844","date_saisie":"18/01/2021","date_depot":"15/02/2021","valide":"Oui","ppo":"Oui (105 postes)","type_carte":"Reprise","base":"2012-D83-77 ESO - Saint Raphael _ Creps de Boulouris","fond":"Ortho","obsolete":false}},{"type":"Feature","geometry":{"type":"Polygon","coordinates":[[[6.7368,43.4251],[6.7305,43.4215],[6.7274,43.4156],[6.7324,43.4118],[6.7373,43.4104],[6.7466,43.4189],[6.745,43.42],[6.742,43.4209],[6.7368,43.4251]]]},"properties":{"id_ffco":"12525","nom":"Base Nature Frejus","_dept":"83","numero":"2021-D83-179","commune":"FREJUS","echelle":"1/7500","surface":"1.41 km²","format":"A4","annee":"2021","cartographes":"COTIRTA Marian","proprietaire":"83 - Var","niveau":"Départemental","specialite":"CO à pied","contacts":"Georges DELI, 370 Chemin des Aiguiers, 83210, Solliès-Pont, 0494361314, 0619320242, deli.georges@bbox.fr, http://cdco83.fr/","latitude":"43.4175606719","longitude":"6.73631210739","date_saisie":"15/01/2021","valide":"Non","ppo":"Non","type_carte":"Nouvelle carte","fond":"Ortho","obsolete":false}},{"type":"Feature","geometry":{"type":"Polygon","coordinates":[[[5.8142,43.0973],[5.8163,43.0975],[5.8183,43.0975],[5.8197,43.0976],[5.8205,43.0967],[5.8208,43.0968],[5.8214,43.0957],[5.8216,43.0953],[5.8199,43.0933],[5.8209,43.0928],[5.82,43.0918],[5.8188,43.0919],[5.8173,43.0927],[5.8175,43.0932],[5.8176,43.0938],[5.8176,43.0947],[5.8158,43.0957],[5.8145,43.0964],[5.8143,43.0972],[5.8142,43.0973]]]},"properties":{"id_ffco":"12524","nom":"La Coudouliere","_dept":"83","numero":"2021-D83-178","commune":"SIX FOURS","echelle":"1/2500","surface":"0.21 km²","format":"A4","annee":"2021","cartographes":"COTIRTA Marian","proprietaire":"83 - Var","niveau":"Initiation, Scolaire","specialite":"CO à pied","latitude":"43.0952289749","longitude":"5.81848305199","date_saisie":"15/01/2021","date_depot":"15/02/2021","valide":"Oui","ppo":"Non","type_carte":"Reprise","base":"2005-D83-113 La Coudoulière","fond":"Ortho","obsolete":false}},{"type":"Feature","geometry":{"type":"Polygon","coordinates":[[[5.8603,43.0748],[5.8604,43.0753],[5.8602,43.0758],[5.861,43.0765],[5.8607,43.0781],[5.8613,43.0786],[5.8612,43.0794],[5.8616,43.0804],[5.8628,43.0807],[5.8641,43.0805],[5.8653,43.0806],[5.866,43.0808],[5.8673,43.0807],[5.8676,43.0798],[5.8688,43.0794],[5.8701,43.0784],[5.871,43.0777],[5.8719,43.0749],[5.8713,43.072],[5.8688,43.0716],[5.8663,43.0707],[5.8645,43.0708],[5.8637,43.0707],[5.8625,43.0708],[5.8628,43.0719],[5.8603,43.0738],[5.8603,43.0748]]]},"properties":{"id_ffco":"12523","nom":"Bois de Fabregas","_dept":"83","numero":"2021-D83-177","commune":"LA SEYNE","echelle":"1/5000","surface":"0.82 km²","format":"A4","annee":"2021","cartographes":"COTIRTA Marian","proprietaire":"83 - Var","niveau":"Départemental","specialite":"CO à pied","contacts":"Georges DELI, 370 Chemin des Aiguiers, 83210, Solliès-Pont, 0494361314, 0619320242, deli.georges@bbox.fr, http://cdco83.fr/","latitude":"43.0756274994","longitude":"5.8659031501","date_saisie":"15/01/2021","date_depot":"15/02/2021","valide":"Oui","ppo":"Non","type_carte":"Nouvelle carte","fond":"Ortho","obsolete":false}},{"type":"Feature","geometry":{"type":"Polygon","coordinates":[[[5.8662,43.0809],[5.8675,43.0798],[5.8686,43.0796],[5.8703,43.0784],[5.8709,43.0779],[5.8714,43.0775],[5.8718,43.0749],[5.871,43.0719],[5.8679,43.0714],[5.8659,43.0707],[5.864,43.0708],[5.8636,43.0704],[5.8655,43.0683],[5.867,43.0674],[5.8677,43.0674],[5.8677,43.0668],[5.8651,43.0628],[5.8649,43.0617],[5.8624,43.0608],[5.8612,43.0589],[5.8578,43.0587],[5.8556,43.0595],[5.8534,43.0609],[5.851,43.0611],[5.8494,43.0601],[5.8496,43.0592],[5.8479,43.0592],[5.8474,43.0595],[5.8461,43.0623],[5.8465,43.0631],[5.8459,43.0632],[5.8445,43.0668],[5.845,43.067],[5.844,43.0674],[5.8436,43.0706],[5.844,43.0711],[5.8452,43.0717],[5.8462,43.0723],[5.8471,43.0729],[5.8474,43.0734],[5.8475,43.0742],[5.8479,43.0748],[5.8485,43.0756],[5.8495,43.0773],[5.8539,43.0762],[5.8543,43.0743],[5.8555,43.0737],[5.857,43.0735],[5.8594,43.0743],[5.8603,43.0746],[5.8604,43.0757],[5.8611,43.0764],[5.8608,43.0775],[5.8611,43.0784],[5.8614,43.0794],[5.8612,43.0799],[5.8625,43.0806],[5.8649,43.0803],[5.8662,43.0809]]]},"properties":{"id_ffco":"12522","nom":"Foret de Janas / Six Fours","_dept":"83","numero":"2021-D83-176","commune":"LA SEYNE","echelle":"1/10000","surface":"3.41 km²","format":"A4","annee":"2021","cartographes":"COTIRTA Marian","proprietaire":"83 - Var","niveau":"Régional","specialite":"CO à pied","contacts":"Georges DELI, 370 Chemin des Aiguiers, 83210, Solliès-Pont, 0494361314, 0619320242, deli.georges@bbox.fr, http://cdco83.fr/","latitude":"43.0692196839","longitude":"5.85749010761","date_saisie":"15/01/2021","date_depot":"15/02/2021","valide":"Oui","ppo":"Non","type_carte":"Reprise","base":"1987-D83-14 JANAS (CRAPA)","fond":"Ortho","obsolete":false}},{"type":"Feature","geometry":{"type":"Polygon","coordinates":[[[5.991,43.2728],[5.9892,43.2728],[5.9869,43.2737],[5.9862,43.2734],[5.9862,43.2716],[5.9862,43.2706],[5.9868,43.27],[5.988,43.2695],[5.9887,43.2692],[5.9905,43.2678],[5.9912,43.2677],[5.9911,43.2698],[5.9948,43.2697],[5.998,43.2697],[5.9979,43.2723],[5.9962,43.2727],[5.9944,43.2729],[5.9937,43.2725],[5.991,43.2728]]]},"properties":{"id_ffco":"12521","nom":"Fourgelys-Meounes","_dept":"83","numero":"2021-D83-175","commune":"MEOUNES","echelle":"1/2500","surface":"0.36 km²","format":"A4","annee":"2021","cartographes":"COTIRTA Marian","proprietaire":"83 - Var","niveau":"Départemental","specialite":"CO à pied","contacts":"Georges DELI, 370 Chemin des Aiguiers, 83210, Solliès-Pont, 0494361314, 0619320242, deli.georges@bbox.fr, http://cdco83.fr/","latitude":"43.2711077821","longitude":"5.99168067945","date_saisie":"15/01/2021","date_depot":"15/02/2021","valide":"Non","ppo":"Non","type_carte":"Nouvelle carte","fond":"Ortho","obsolete":false}},{"type":"Feature","geometry":{"type":"Polygon","coordinates":[[[6.0861,43.1431],[6.0873,43.1423],[6.0908,43.1425],[6.0926,43.1427],[6.0928,43.1436],[6.0946,43.1439],[6.0951,43.1438],[6.0946,43.1436],[6.0946,43.1414],[6.097,43.1381],[6.0968,43.1378],[6.0968,43.1376],[6.0972,43.1373],[6.097,43.1371],[6.0964,43.137],[6.0947,43.1371],[6.0938,43.137],[6.0928,43.1371],[6.0921,43.1366],[6.0902,43.1365],[6.09,43.1363],[6.0891,43.1363],[6.088,43.1364],[6.087,43.1366],[6.0866,43.1366],[6.0852,43.1368],[6.085,43.1394],[6.0856,43.1395],[6.0862,43.1408],[6.0854,43.1426],[6.0861,43.1431]]]},"properties":{"id_ffco":"12520","nom":"Parc Nature La CRAU","_dept":"83","numero":"2021-D83-174","commune":"LA CRAU","echelle":"1/4000","surface":"0.57 km²","format":"A4","annee":"2021","cartographes":"COTIRTA Marian","proprietaire":"83 - Var","niveau":"Départemental","specialite":"CO à pied","latitude":"43.1395701316","longitude":"6.09068067333","date_saisie":"15/01/2021","date_depot":"15/02/2021","valide":"Oui","ppo":"Non","type_carte":"Nouvelle carte","fond":"Ortho","obsolete":false}},{"type":"Feature","geometry":{"type":"Polygon","coordinates":[[[6.2013,43.2327],[6.2094,43.2339],[6.2113,43.233],[6.2123,43.2315],[6.2134,43.2298],[6.2146,43.2288],[6.2139,43.2286],[6.2126,43.2288],[6.2117,43.2285],[6.2115,43.2287],[6.2113,43.2285],[6.2092,43.2276],[6.2076,43.2263],[6.2076,43.2253],[6.2079,43.2246],[6.2081,43.2237],[6.2071,43.224],[6.2062,43.2238],[6.206,43.2234],[6.2052,43.2232],[6.2049,43.223],[6.2043,43.2233],[6.2038,43.2237],[6.2031,43.224],[6.2023,43.2238],[6.2018,43.2233],[6.2012,43.2234],[6.2004,43.2239],[6.201,43.2277],[6.2014,43.2273],[6.202,43.2279],[6.2018,43.2288],[6.203,43.2314],[6.2024,43.2316],[6.2016,43.2318],[6.2013,43.2325],[6.2013,43.2327]]]},"properties":{"id_ffco":"12519","nom":"Arboretum Pierrefeu","_dept":"83","numero":"2021-D83-173","commune":"PIERREFEU","echelle":"1/4000","surface":"0.79 km²","format":"A4","annee":"2021","cartographes":"COTIRTA Marian","proprietaire":"83 - Var","niveau":"Départemental","specialite":"CO à pied","contacts":"Georges DELI, 370 Chemin des Aiguiers, 83210, Solliès-Pont, 0494361314, 0619320242, deli.georges@bbox.fr, http://cdco83.fr/","latitude":"43.2288740228","longitude":"6.20633898279","date_saisie":"15/01/2021","date_depot":"15/02/2021","valide":"Oui","ppo":"Non","type_carte":"Nouvelle carte","fond":"Ortho","obsolete":false}},{"type":"Feature","geometry":{"type":"Polygon","coordinates":[[[6.0109,43.1188],[6.0186,43.124],[6.0195,43.1244],[6.0245,43.1234],[6.0285,43.1222],[6.0314,43.1223],[6.032,43.1224],[6.0329,43.121],[6.0279,43.1191],[6.0278,43.1162],[6.0299,43.115],[6.0311,43.1139],[6.0311,43.113],[6.0321,43.112],[6.0233,43.1096],[6.0197,43.1104],[6.0166,43.1107],[6.0149,43.1127],[6.0137,43.1142],[6.0117,43.1158],[6.0109,43.1178],[6.0109,43.1188]]]},"properties":{"id_ffco":"12518","nom":"Le Plan La Garde/Le Pradet","_dept":"83","numero":"2021-D83-172","commune":"LA GARDE","echelle":"1/7500","surface":"1.91 km²","format":"A4","annee":"2021","cartographes":"COTIRTA Marian","proprietaire":"83 - Var","niveau":"Départemental","specialite":"CO à pied","contacts":"Georges DELI, 370 Chemin des Aiguiers, 83210, Solliès-Pont, 0494361314, 0619320242, deli.georges@bbox.fr, http://cdco83.fr/","latitude":"43.1169355989","longitude":"6.02162972835","date_saisie":"15/01/2021","date_depot":"15/02/2021","valide":"Oui","ppo":"Non","type_carte":"Nouvelle carte","fond":"Ortho","obsolete":false}},{"type":"Feature","geometry":{"type":"Polygon","coordinates":[[[6.2424,43.1283],[6.2426,43.1298],[6.2436,43.13],[6.2427,43.1305],[6.2464,43.1304],[6.2469,43.1296],[6.2468,43.1284],[6.2467,43.1282],[6.2462,43.1282],[6.2449,43.1273],[6.2424,43.1283]]]},"properties":{"id_ffco":"12147","nom":"La Brulade","_dept":"83","numero":"2020-D83-171","commune":"LA LONDE","echelle":"1/2500","surface":"0.1 km²","format":"A4","annee":"2020","cartographes":"COTIRTA Marian","proprietaire":"83 - Var","niveau":"Départemental","specialite":"CO à pied","contacts":"Georges DELI, 370 Chemin des Aiguiers, 83210, Solliès-Pont, 0494361314, 0619320242, deli.georges@bbox.fr, http://cdco83.fr/","latitude":"43.129068302","longitude":"6.24466278526","date_saisie":"28/09/2020","valide":"Non","ppo":"Non","type_carte":"Nouvelle carte","fond":"Cadastre","obsolete":false}},{"type":"Feature","geometry":{"type":"Polygon","coordinates":[[[6.0396,43.3234],[6.041,43.324],[6.0413,43.3236],[6.0418,43.3238],[6.0418,43.3234],[6.0424,43.323],[6.0426,43.3221],[6.0408,43.3216],[6.0396,43.3234]]]},"properties":{"id_ffco":"11922","nom":"collège guy maupasant","_dept":"83","numero":"2020-D83-170","commune":"GAREOULT","echelle":"1/1000","surface":"0.04 km²","format":"A4","annee":"2020","cartographes":"Coudray PY","proprietaire":"83 - Var","niveau":"O+","specialite":"CO à pied","contacts":"CDCO83, 133, bld du Général Brosset, 83200, TOULON, 0494361314, 0494361314, raphael.pham@cdco83.fr, http://cdco83.fr/","latitude":"43.3227808812","longitude":"6.04114492265","date_saisie":"16/01/2020","date_depot":"13/02/2020","valide":"Oui","ppo":"Non","type_carte":"Nouvelle carte","fond":"Cadastre","obsolete":false}},{"type":"Feature","geometry":{"type":"Polygon","coordinates":[[[6.0429,43.3246],[6.0436,43.3229],[6.0444,43.3232],[6.0451,43.3242],[6.0454,43.3245],[6.045,43.3249],[6.0438,43.3249],[6.0429,43.3246]]]},"properties":{"id_ffco":"11921","nom":"complexe sportif collège guy maupassant 2000","_dept":"83","numero":"2020-D83-169","commune":"GAREOULT","echelle":"1/2000","surface":"0.03 km²","format":"A4","annee":"2020","cartographes":"Coudray PY","niveau":"O+","specialite":"CO à pied","contacts":"Challenge O'83, 0494361314, 0494361314, raphael.pham@cdco83.fr, http://cdco83.fr/","latitude":"43.3240706083","longitude":"6.04408371649","date_saisie":"16/01/2020","date_depot":"13/02/2020","valide":"Oui","ppo":"Non","type_carte":"Nouvelle carte","fond":"Cadastre","obsolete":false}},{"type":"Feature","geometry":{"type":"Polygon","coordinates":[[[6.0404,43.1809],[6.0372,43.1821],[6.0369,43.1822],[6.0349,43.1819],[6.0348,43.1825],[6.0366,43.184],[6.0377,43.1842],[6.0381,43.1841],[6.039,43.184],[6.0401,43.1832],[6.0394,43.1824],[6.0396,43.1818],[6.0405,43.181],[6.0404,43.181],[6.0404,43.1809]]]},"properties":{"id_ffco":"11920","nom":"SOLLIES VILLE","_dept":"83","numero":"2020-D83-168","commune":"SOLLIES VILLE","echelle":"1/2500","surface":"0.09 km²","format":"A4","annee":"2020","cartographes":"Daniel HUE","proprietaire":"83 - Var","niveau":"Départemental","specialite":"Sprint (ISSOM)","latitude":"43.1827957247","longitude":"6.03774603255","date_saisie":"16/01/2020","date_depot":"28/01/2020","valide":"Oui","ppo":"Non","type_carte":"Nouvelle carte","fond":"Cadastre","obsolete":false}},{"type":"Feature","geometry":{"type":"Polygon","coordinates":[[[5.9109,43.1437],[5.9096,43.144],[5.9093,43.1428],[5.9101,43.1423],[5.9104,43.1424],[5.9106,43.1421],[5.9108,43.1427],[5.9109,43.1437],[5.9109,43.1437]]]},"properties":{"id_ffco":"11866","nom":"MUSEUM HISTOIRE NATURELLE - PARC BURNETT - TOULON","_dept":"83","numero":"2019-D83-167","commune":"TOULON","echelle":"1/1000","surface":"0.02 km²","format":"A5","annee":"2019","cartographes":"PHAM Raphael,Deli Georges","proprietaire":"83 - Var","niveau":"O+","specialite":"CO à pied","contacts":"Georges DELI, 370 Chemin des Aiguiers, 83210, Solliès-Pont, 0494361314, 0619320242, deli.georges@bbox.fr, http://cdco83.fr/","latitude":"43.1430992848","longitude":"5.91014881681","date_saisie":"18/12/2019","valide":"Non","ppo":"Non","type_carte":"Nouvelle carte","fond":"Cadastre","obsolete":false}},{"type":"Feature","geometry":{"type":"Polygon","coordinates":[[[6.1167,43.668],[6.0912,43.68],[6.0712,43.7045],[6.0916,43.7267],[6.0861,43.7361],[6.0943,43.7381],[6.1029,43.7374],[6.13,43.7349],[6.1479,43.7242],[6.1672,43.7186],[6.1723,43.7068],[6.1777,43.6949],[6.1803,43.6639],[6.1602,43.6552],[6.1336,43.6592],[6.1167,43.668]]]},"properties":{"id_ffco":"11671","nom":"REGUSSE CO VTT","_dept":"83","numero":"2019-D83-166","commune":"REGUSSE","echelle":"1/25000","surface":"54.6 km²","format":"A3","annee":"2019","cartographes":"Eric Charles","proprietaire":"83 - Var","niveau":"National, International","specialite":"CO à VTT","contacts":"Comité du Var de CO, 133 bld Av Général Brosset, 83200, TOULON, 0494361314, 0619320242, president@cdco83.fr, http://cdco83.fr/","latitude":"43.6969017517","longitude":"6.12973673512","date_saisie":"16/09/2019","date_depot":"08/11/2019","valide":"Oui","ppo":"Non","type_carte":"Nouvelle carte","fond":"Ortho","obsolete":false}},{"type":"Feature","geometry":{"type":"Polygon","coordinates":[[[6.1287,43.6566],[6.1293,43.6582],[6.1379,43.6578],[6.1371,43.6559],[6.1356,43.6538],[6.1339,43.6518],[6.1278,43.6545],[6.1289,43.6564],[6.1287,43.6566]]]},"properties":{"id_ffco":"11471","nom":"Regusse - Village","_dept":"83","numero":"2019-D83-165","commune":"REGUSSE (83)","echelle":"1/4000","surface":"0.37 km²","format":"A4","annee":"2019","cartographes":"Eric Charles","proprietaire":"83 - Var","niveau":"National, International","specialite":"Sprint (ISSOM)","latitude":"43.6555395148","longitude":"6.13272587182","date_saisie":"17/04/2019","valide":"Non","ppo":"Non","type_carte":"Nouvelle carte","fond":"Ortho","obsolete":false}},{"type":"Feature","geometry":{"type":"Polygon","coordinates":[[[5.9367,43.1264],[5.937,43.1268],[5.9361,43.131],[5.9327,43.1311],[5.9304,43.1314],[5.9284,43.1306],[5.9284,43.1295],[5.929,43.1293],[5.9318,43.1295],[5.9321,43.1295],[5.9322,43.1299],[5.9337,43.1299],[5.9346,43.1303],[5.9354,43.1304],[5.9353,43.1298],[5.935,43.1294],[5.9358,43.1266],[5.9365,43.1265],[5.9367,43.1264]]]},"properties":{"id_ffco":"11441","nom":"Le Parc Des Lices (TOULON)","_dept":"83","numero":"2019-D83-164","commune":"TOULON","echelle":"1/2000","surface":"0.13 km²","format":"A4","annee":"2019","cartographes":"Deli Georges,PHAM Raphael","proprietaire":"83 - Var","niveau":"Départemental","specialite":"CO à pied","contacts":"Georges DELI, 370 Chemin des Aiguiers, 83210, Solliès-Pont, 0494361314, 0619320242, deli.georges@bbox.fr, http://cdco83.fr/","latitude":"43.1297252698","longitude":"5.93307215185","date_saisie":"27/03/2019","date_depot":"03/04/2019","valide":"Oui","ppo":"Non","type_carte":"Nouvelle carte","fond":"Cadastre","obsolete":false}},{"type":"Feature","geometry":{"type":"Polygon","coordinates":[[[5.9618,43.4672],[5.9635,43.4682],[5.9626,43.4691],[5.9626,43.4697],[5.9611,43.4696],[5.9603,43.4693],[5.9601,43.4689],[5.9618,43.4672]]]},"properties":{"id_ffco":"11368","nom":"Les Candouliers - Bras (83)","_dept":"83","numero":"2019-D83-163","commune":"BRAS","echelle":"1/1400","surface":"0.04 km²","format":"A4","annee":"2019","cartographes":"PHAM Raphael,Deli Georges","proprietaire":"83 - Var","niveau":"Initiation, Scolaire","specialite":"CO à pied","contacts":"Mairie de BRAS, BRAS","latitude":"43.4685778742","longitude":"5.96177937217","date_saisie":"28/01/2019","valide":"Non","ppo":"Oui (20 postes)","type_carte":"Nouvelle carte","fond":"Ortho","obsolete":false}},{"type":"Feature","geometry":{"type":"Polygon","coordinates":[[[5.9543,43.1684],[5.9699,43.1683],[5.9671,43.1731],[5.9642,43.1759],[5.9645,43.1776],[5.9581,43.1804],[5.9497,43.1833],[5.9439,43.1832],[5.944,43.1791],[5.944,43.1775],[5.9497,43.1757],[5.9513,43.1734],[5.9543,43.1684]]]},"properties":{"id_ffco":"11117","nom":"TOURRIS","_dept":"83","numero":"2018-D83-162","commune":"LE REVEST (83)","echelle":"1/7500","surface":"2.03 km²","format":"A4","annee":"2018","cartographes":"Eric Pomet","proprietaire":"83 - Var","niveau":"Départemental","specialite":"CO à pied","latitude":"43.1754200838","longitude":"5.95630896899","date_saisie":"11/11/2018","valide":"Non","ppo":"Non","type_carte":"Nouvelle carte","fond":"IGN","ref_ign":"3346 ouest","obsolete":false}},{"type":"Feature","geometry":{"type":"Polygon","coordinates":[[[5.9343,43.1192],[5.9355,43.121],[5.9363,43.1213],[5.9367,43.1224],[5.9358,43.123],[5.9353,43.1233],[5.9336,43.1241],[5.9336,43.1247],[5.931,43.1252],[5.929,43.1223],[5.929,43.122],[5.932,43.1204],[5.9343,43.1192]]]},"properties":{"id_ffco":"10733","nom":"TOULON - Centre Ville ancien","_dept":"83","numero":"2018-D83-161","commune":"TOULON","echelle":"1/3000","surface":"0.23 km²","format":"A4","annee":"2018","cartographes":"GIACCHI Guilaume,VINCENT Sébastien","proprietaire":"83 - Var","niveau":"Départemental","specialite":"Sprint (ISSOM)","contacts":"CDCO83, 0494361314, 0619320242, contact@cdco83.fr, http://cdco83.fr/","latitude":"43.1223199108","longitude":"5.93281247042","date_saisie":"04/03/2018","date_depot":"06/09/2018","valide":"Oui","ppo":"Non","type_carte":"Nouvelle carte","fond":"Ortho","obsolete":false}},{"type":"Feature","geometry":{"type":"Polygon","coordinates":[[[5.9854,43.1504],[5.9879,43.1515],[5.9877,43.1529],[5.9866,43.1538],[5.9887,43.1551],[5.9887,43.1561],[5.9888,43.1588],[5.991,43.1681],[5.9821,43.1691],[5.9723,43.1688],[5.9716,43.1631],[5.9735,43.1582],[5.9745,43.1528],[5.9819,43.1503],[5.9854,43.1504]]]},"properties":{"id_ffco":"11116","nom":"Le jardin des oliviers","_dept":"83","numero":"2018-D83-159","commune":"La Valette du Var","echelle":"1/3500","surface":"2.58 km²","format":"A4","annee":"2018","cartographes":"Eric Pomet","proprietaire":"83 - Var","niveau":"Initiation, Scolaire","specialite":"CO à pied","contacts":"CDCO83, 0494361314, 0619320242, contact@cdco83.fr, http://cdco83.fr/","latitude":"43.1605647833","longitude":"5.98113860351","date_saisie":"11/11/2018","valide":"Non","ppo":"Non","type_carte":"Nouvelle carte","fond":"Ortho","obsolete":false}},{"type":"Feature","geometry":{"type":"Polygon","coordinates":[[[5.8814,43.1065],[5.879,43.1077],[5.8736,43.1065],[5.8728,43.1065],[5.8713,43.1041],[5.8706,43.1032],[5.8704,43.1023],[5.87,43.1017],[5.8711,43.1007],[5.8783,43.0982],[5.8789,43.0981],[5.8795,43.0988],[5.8825,43.0989],[5.8839,43.1011],[5.8877,43.1011],[5.8877,43.1036],[5.8841,43.1043],[5.8814,43.1065]]]},"properties":{"id_ffco":"10732","nom":"La Seyne - Centre Ville","_dept":"83","numero":"2018-D83-158","commune":"LA SEYNE / MER","echelle":"1/3000","surface":"0.95 km²","format":"A4","annee":"2018","cartographes":"GIACCHI Guilaume,Deli Georges","proprietaire":"83 - Var","niveau":"Départemental","specialite":"Sprint (ISSOM)","contacts":"CDCO83, 0494361314, 0619320242, contact@cdco83.fr, http://cdco83.fr/","latitude":"43.1028554888","longitude":"5.87836570184","date_saisie":"04/03/2018","date_depot":"06/09/2018","valide":"Oui","ppo":"Non","type_carte":"Nouvelle carte","fond":"Ortho","obsolete":false}},{"type":"Feature","geometry":{"type":"Polygon","coordinates":[[[5.8671,43.444],[5.8648,43.4456],[5.8635,43.4449],[5.8634,43.4447],[5.8633,43.4445],[5.8638,43.4444],[5.8638,43.4442],[5.8655,43.4439],[5.8653,43.4432],[5.8653,43.4426],[5.8656,43.4425],[5.866,43.4425],[5.8671,43.444]]]},"properties":{"id_ffco":"10731","nom":"College Henri Matisse","_dept":"83","numero":"2018-D83-157","commune":"Saint Maximin de la Ste Baume","echelle":"1/2000","surface":"0.04 km²","format":"A4","annee":"2018","cartographes":"Deli Georges","proprietaire":"83 - Var","niveau":"Initiation, Scolaire","specialite":"CO à pied","contacts":"CDCO83, 0494361314, 0619320242, contact@cdco83.fr, http://cdco83.fr/","latitude":"43.4441931161","longitude":"5.86530665062","date_saisie":"04/03/2018","valide":"Non","ppo":"Non","type_carte":"Nouvelle carte","fond":"Ortho","obsolete":false}},{"type":"Feature","geometry":{"type":"Polygon","coordinates":[[[6.0002,43.4532],[6.0011,43.4564],[6.0007,43.4585],[5.9913,43.4584],[5.9907,43.4532],[5.9898,43.4505],[5.998,43.4493],[6.0003,43.453],[6.0002,43.4532]]]},"properties":{"id_ffco":"10730","nom":"Espace Nature BRAS","_dept":"83","numero":"2018-D83-156","commune":"BRAS","echelle":"1/5000","surface":"0.73 km²","format":"A4","annee":"2018","cartographes":"Eric Pomet","proprietaire":"83 - Var","niveau":"Initiation, Scolaire","specialite":"CO à pied","contacts":"CDCO83, 0494361314, 0619320242, contact@cdco83.fr, http://cdco83.fr/","latitude":"43.4542334162","longitude":"5.99555108085","date_saisie":"04/03/2018","valide":"Non","ppo":"Non","type_carte":"Nouvelle carte","fond":"Ortho","obsolete":false}},{"type":"Feature","geometry":{"type":"Polygon","coordinates":[[[6.0116,43.4453],[6.0063,43.4385],[6.0064,43.4331],[5.9879,43.4317],[5.9874,43.4335],[5.9805,43.4412],[5.98,43.4418],[5.9796,43.4421],[5.9788,43.444],[5.9751,43.4485],[5.978,43.4517],[5.985,43.4488],[5.9872,43.4485],[5.9887,43.4485],[5.9929,43.447],[5.9944,43.4476],[6.0116,43.4454],[6.0116,43.4453]]]},"properties":{"id_ffco":"10729","nom":"Les Brasques de BRAS","_dept":"83","numero":"2018-D83-155","commune":"BRAS","echelle":"1/10000","surface":"3.72 km²","format":"A4","annee":"2018","cartographes":"Alain Pellegry","proprietaire":"83 - Var","niveau":"Interrégional","specialite":"CO à pied","contacts":"CDCO83, 0494361314, 0619320242, contact@cdco83.fr, http://cdco83.fr/","latitude":"43.4412034682","longitude":"5.99331725713","date_saisie":"04/03/2018","date_depot":"06/09/2018","valide":"Oui","ppo":"Non","type_carte":"Nouvelle carte","fond":"Ortho","obsolete":false}},{"type":"Feature","geometry":{"type":"Polygon","coordinates":[[[6.8551,43.4266],[6.8551,43.4258],[6.8556,43.4244],[6.8556,43.4234],[6.855,43.4221],[6.8541,43.4212],[6.8533,43.4206],[6.8518,43.4199],[6.8515,43.4198],[6.8511,43.4196],[6.8507,43.4196],[6.8507,43.4195],[6.8505,43.4195],[6.8492,43.4187],[6.847,43.4184],[6.8447,43.418],[6.843,43.418],[6.8399,43.4181],[6.838,43.418],[6.837,43.418],[6.8353,43.4185],[6.8337,43.4188],[6.833,43.4195],[6.8326,43.4197],[6.832,43.4199],[6.8314,43.4203],[6.8304,43.4215],[6.8298,43.4233],[6.8284,43.4249],[6.8269,43.4222],[6.8243,43.4228],[6.8235,43.4216],[6.823,43.423],[6.8226,43.4266],[6.8242,43.4277],[6.8265,43.4281],[6.8284,43.4272],[6.8298,43.4282],[6.8312,43.43],[6.8307,43.4319],[6.8317,43.4331],[6.8327,43.4338],[6.8347,43.434],[6.8364,43.4329],[6.8391,43.433],[6.842,43.4334],[6.8435,43.4333],[6.847,43.4317],[6.8481,43.4303],[6.8522,43.4302],[6.8534,43.4293],[6.8544,43.4292],[6.8546,43.4289],[6.8552,43.4284],[6.8554,43.428],[6.8553,43.4272],[6.8551,43.4266]]]},"properties":{"id_ffco":"10672","nom":"CAP ESTEREL (83)","_dept":"83","numero":"2018-D83-154","commune":"ST RAPHAEL / AGAY","echelle":"1/10000","surface":"3.24 km²","format":"A4","annee":"2018","cartographes":"Alain Pellegry","proprietaire":"83 - Var","niveau":"National, International","specialite":"CO à pied","contacts":"CDCO83, 0494361314, 0619320242, contact@cdco83.fr, http://cdco83.fr/","latitude":"43.425505253","longitude":"6.84042641851","date_saisie":"15/01/2018","date_depot":"06/09/2018","valide":"Non","ppo":"Non","type_carte":"Reprise","base":"1987-D83-55 CAP ESTEREL","fond":"Ortho","obsolete":false}},{"type":"Feature","geometry":{"type":"Polygon","coordinates":[[[6.2401,43.5584],[6.2399,43.5592],[6.2392,43.5602],[6.2385,43.5606],[6.2378,43.5607],[6.2373,43.5604],[6.237,43.5599],[6.2371,43.559],[6.2375,43.5585],[6.2381,43.5581],[6.2385,43.5579],[6.2401,43.5584]]]},"properties":{"id_ffco":"10147","nom":"Salernes - Le stade","_dept":"83","numero":"2017-D83-153","commune":"SALERNES","echelle":"1/1500","surface":"0.05 km²","format":"A4","annee":"2017","cartographes":"GIACCHI Guillaume","niveau":"Initiation, Scolaire","specialite":"CO à pied","latitude":"43.5592914175","longitude":"6.23845777534","date_saisie":"05/04/2017","date_depot":"24/05/2017","valide":"Oui","ppo":"Non","type_carte":"Nouvelle carte","fond":"Ortho","obsolete":false}},{"type":"Feature","geometry":{"type":"Polygon","coordinates":[[[6.2365,43.5616],[6.2368,43.5611],[6.2358,43.5601],[6.2354,43.5603],[6.2342,43.56],[6.2341,43.5609],[6.2351,43.5613],[6.235,43.5614],[6.2359,43.5618],[6.2365,43.5616]]]},"properties":{"id_ffco":"10145","nom":"Salernes - l'école","_dept":"83","numero":"2017-D83-152","commune":"Salernes","echelle":"1/1500","surface":"0.03 km²","format":"A4","annee":"2017","cartographes":"GIACCHI Guillaume","proprietaire":"83 - Var","niveau":"Initiation, Scolaire","specialite":"CO à pied","latitude":"43.5608721396","longitude":"6.23543331491","date_saisie":"05/04/2017","date_depot":"24/05/2017","valide":"Oui","ppo":"Non","type_carte":"Nouvelle carte","fond":"Ortho","obsolete":false}},{"type":"Feature","geometry":{"type":"Polygon","coordinates":[[[6.1348,43.6581],[6.1395,43.6621],[6.1492,43.6727],[6.1599,43.6783],[6.1547,43.6884],[6.1263,43.6877],[6.1122,43.6877],[6.1115,43.683],[6.1072,43.6756],[6.1055,43.6731],[6.1118,43.6685],[6.1225,43.6605],[6.1348,43.6581]]]},"properties":{"id_ffco":"10144","nom":"Artignosc-Baudinard-Regusse","_dept":"83","numero":"2017-D83-151","commune":"REGUSSE","echelle":"1/15000","surface":"9.75 km²","format":"A3","annee":"2017","niveau":"National, International","specialite":"CO à pied","latitude":"43.6757222134","longitude":"6.13171339386","date_saisie":"05/04/2017","date_depot":"24/05/2017","valide":"Oui","ppo":"Oui (96 postes)","type_carte":"Nouvelle carte","fond":"Ortho","obsolete":false}},{"type":"Feature","geometry":{"type":"Polygon","coordinates":[[[6.2197,43.7096],[6.203,43.7105],[6.1974,43.7165],[6.1972,43.7252],[6.2224,43.7256],[6.2233,43.7196],[6.2197,43.7096]]]},"properties":{"id_ffco":"10143","nom":"Bauduen_Bounas","_dept":"83","numero":"2017-D83-150","commune":"Bauduen","echelle":"1/10000","surface":"3.24 km²","format":"A4","annee":"2017","cartographes":"Daniel Seckler","proprietaire":"83 - Var","niveau":"National, International","specialite":"CO à pied","latitude":"43.7182208512","longitude":"6.2103819896","date_saisie":"05/04/2017","date_depot":"24/05/2017","valide":"Oui","ppo":"Non","type_carte":"Nouvelle carte","fond":"Ortho","obsolete":false}},{"type":"Feature","geometry":{"type":"Polygon","coordinates":[[[5.8022,43.3473],[5.7994,43.3514],[5.8032,43.3546],[5.8161,43.36],[5.8172,43.3662],[5.822,43.3694],[5.8312,43.373],[5.8434,43.3731],[5.844,43.3692],[5.8414,43.3666],[5.8419,43.3613],[5.8415,43.3516],[5.8335,43.3526],[5.8292,43.3519],[5.8262,43.3524],[5.8237,43.3502],[5.8211,43.3486],[5.8189,43.3452],[5.8131,43.3415],[5.8042,43.3411],[5.8022,43.3473]]]},"properties":{"id_ffco":"10142","nom":"Plan d'Aups et Mazaugues 2","_dept":"83","numero":"2016-D83-149","commune":"PLAN D'AUPS","echelle":"1/15000","surface":"6.79 km²","format":"A3","annee":"2016","cartographes":"PELLEGRY,Cotirta","proprietaire":"83 - Var","niveau":"National, International","specialite":"CO à pied","latitude":"43.3576272457","longitude":"5.82341069872","date_saisie":"05/04/2017","date_depot":"24/05/2017","valide":"Oui","ppo":"Non","type_carte":"Extrait","base":"2016-D83-148 Plan d'Aups - Mazaugues RAID","fond":"Ortho","obsolete":false}},{"type":"Feature","geometry":{"type":"Polygon","coordinates":[[[5.7503,43.3368],[5.7513,43.3412],[5.7716,43.3433],[5.7929,43.3491],[5.8076,43.3545],[5.8099,43.3601],[5.8188,43.3643],[5.8248,43.3653],[5.8348,43.3641],[5.8432,43.3682],[5.8509,43.3692],[5.8591,43.3751],[5.8737,43.3721],[5.8758,43.3606],[5.8694,43.3593],[5.8681,43.3561],[5.8571,43.3524],[5.8535,43.3536],[5.8437,43.3525],[5.8399,43.3516],[5.8353,43.3531],[5.8279,43.3515],[5.8262,43.3528],[5.8101,43.3485],[5.8039,43.3473],[5.8013,43.3472],[5.7915,43.3437],[5.7896,43.3424],[5.7809,43.3384],[5.7649,43.3352],[5.7503,43.3368]]]},"properties":{"id_ffco":"9871","nom":"Plan d'Aups - Mazaugues RAID","_dept":"83","numero":"2016-D83-148","commune":"Mazaugues et Plan d'Aups","echelle":"1/15000","surface":"12.12 km²","format":"+","annee":"2016","cartographes":"PELLEGRY,Cotirta","niveau":"National, International","specialite":"Raid'O","contacts":"CDCO83, 0494361314, 0619320242, contact@cdco83.fr, http://cdco83.fr/","latitude":"43.3561096393","longitude":"5.82684944613","date_saisie":"24/11/2016","valide":"Non","ppo":"Non","type_carte":"Extrait","base":"2013-D83-114 Mazaugues","fond":"Ortho","obsolete":false}},{"type":"Feature","geometry":{"type":"Polygon","coordinates":[[[5.7942,43.1387],[5.792,43.141],[5.7909,43.141],[5.7908,43.1387],[5.7895,43.1376],[5.7919,43.136],[5.7925,43.138],[5.7941,43.1377],[5.7942,43.1387]]]},"properties":{"id_ffco":"9843","nom":"La Vernette","_dept":"83","numero":"2016-D83-147","commune":"Sanary","echelle":"1/2000","surface":"0.1 km²","format":"A4","annee":"2016","cartographes":"GIACCHI Guillaume","proprietaire":"83 - Var","niveau":"Initiation, Scolaire","specialite":"CO à pied","contacts":"CDCO83, 0494361314, 0619320242, contact@cdco83.fr, http://cdco83.fr/","latitude":"43.138597941","longitude":"5.79188966483","date_saisie":"07/11/2016","date_depot":"15/12/2016","valide":"Oui","ppo":"Non","type_carte":"Nouvelle carte","fond":"IGN","obsolete":false}},{"type":"Feature","geometry":{"type":"Polygon","coordinates":[[[5.9791,43.1596],[5.9796,43.1499],[5.9882,43.1502],[5.9872,43.1599],[5.9791,43.1596]]]},"properties":{"id_ffco":"9842","nom":"Jardin des Oliviers","_dept":"83","numero":"2016-D83-146","commune":"La Valette du Var","echelle":"1/3500","surface":"0.73 km²","format":"A4","annee":"2016","cartographes":"Eric Pomet","proprietaire":"83 - Var","niveau":"Initiation, Scolaire","specialite":"CO à pied","latitude":"43.1548408033","longitude":"5.9835345094","date_saisie":"07/11/2016","date_depot":"15/12/2016","valide":"Oui","ppo":"Non","type_carte":"Nouvelle carte","fond":"IGN","obsolete":false}},{"type":"Feature","geometry":{"type":"Polygon","coordinates":[[[6.116,43.19],[6.0994,43.1895],[6.0954,43.1934],[6.0958,43.1997],[6.1077,43.2017],[6.1178,43.1999],[6.1214,43.1979],[6.1187,43.1921],[6.116,43.19]]]},"properties":{"id_ffco":"9004","nom":"La Navarre_La Crau","_dept":"83","numero":"2013-D83-145","commune":"La Crau","echelle":"1/4000","surface":"2.28 km²","format":"A4","annee":"2013","cartographes":"GIACCHI Guillaume","proprietaire":"83 - Var","niveau":"Départemental","specialite":"CO à pied","contacts":"CDCO83, 0494361314, 0619320242, contact@cdco83.fr, http://cdco83.fr/","latitude":"43.1954346018","longitude":"6.10770713682","date_saisie":"08/12/2015","date_depot":"17/06/2016","valide":"Oui","ppo":"Non","type_carte":"Nouvelle carte","fond":"Ortho","obsolete":false}},{"type":"Feature","geometry":{"type":"Polygon","coordinates":[[[6.0628,43.4096],[6.0594,43.4084],[6.0587,43.4028],[6.0613,43.4025],[6.0649,43.404],[6.066,43.4062],[6.0658,43.4081],[6.0639,43.4099],[6.0628,43.4096]]]},"properties":{"id_ffco":"9003","nom":"Brignoles","_dept":"83","numero":"2010-D83-144","commune":"Brignoles","echelle":"1/4000","surface":"0.36 km²","format":"A4","annee":"2010","cartographes":"Matthieu Puech","proprietaire":"83 - Var","niveau":"Interrégional","specialite":"Sprint (ISSOM)","contacts":"CDCO83, 0494361314, 0619320242, contact@cdco83.fr, http://cdco83.fr/","latitude":"43.4061066859","longitude":"6.06227182958","date_saisie":"08/12/2015","date_depot":"17/06/2016","valide":"Oui","ppo":"Non","type_carte":"Nouvelle carte","fond":"Ortho","obsolete":false}},{"type":"Feature","geometry":{"type":"Polygon","coordinates":[[[5.8698,43.4553],[5.8666,43.4563],[5.8618,43.4567],[5.8584,43.4571],[5.8573,43.4559],[5.8574,43.4538],[5.8588,43.4533],[5.8598,43.4506],[5.8605,43.4485],[5.8632,43.4482],[5.8659,43.4513],[5.8698,43.4553]]]},"properties":{"id_ffco":"9000","nom":"Saint Maximin la Sainte Baume","_dept":"83","numero":"2015-D83-143","commune":"Saint Maximin la Sainte Baume","echelle":"1/4000","surface":"0.59 km²","format":"A4","annee":"2015","cartographes":"Matthieu Puech","proprietaire":"83 - Var","niveau":"Interrégional","specialite":"Sprint (ISSOM)","contacts":"CDCO83, 0494361314, 0619320242, contact@cdco83.fr, http://cdco83.fr/","latitude":"43.4533233044","longitude":"5.8628035984","date_saisie":"08/12/2015","date_depot":"17/06/2016","valide":"Oui","ppo":"Non","type_carte":"Nouvelle carte","fond":"Ortho","obsolete":false}},{"type":"Feature","geometry":{"type":"Polygon","coordinates":[[[5.8865,43.3613],[5.9143,43.3576],[5.9147,43.3619],[5.9124,43.3657],[5.9071,43.3704],[5.8891,43.3706],[5.8769,43.3684],[5.8721,43.3643],[5.8733,43.3604],[5.8865,43.3613]]]},"properties":{"id_ffco":"8991","nom":"Le petit Gaudin","_dept":"83","numero":"2015-D83-142","commune":"Mazaugues","echelle":"1/10000","surface":"3.5 km²","format":"A4","annee":"2015","cartographes":"Alain Pellegry,Coti Marian","proprietaire":"83 - Var","niveau":"National, International","specialite":"CO à pied","contacts":"CDCO83, 0494361314, 0619320242, contact@cdco83.fr, http://cdco83.fr/","latitude":"43.364659382","longitude":"5.89479337386","date_saisie":"04/12/2015","date_depot":"17/06/2016","valide":"Oui","ppo":"Oui (100 postes)","type_carte":"Reprise","base":"2013-D83-114 Mazaugues","fond":"Ortho","obsolete":false}},{"type":"Feature","geometry":{"type":"Polygon","coordinates":[[[6.5255,43.2728],[6.5242,43.2741],[6.5239,43.2756],[6.5265,43.2768],[6.5267,43.2778],[6.5271,43.2787],[6.5252,43.2796],[6.5245,43.2793],[6.5234,43.2789],[6.5222,43.2789],[6.5203,43.2785],[6.5198,43.2784],[6.5196,43.2781],[6.5199,43.2775],[6.5198,43.2773],[6.519,43.2765],[6.5186,43.2764],[6.5182,43.2769],[6.5179,43.2774],[6.5163,43.2776],[6.5158,43.2776],[6.5156,43.2759],[6.5166,43.2747],[6.5173,43.2741],[6.5177,43.2732],[6.5184,43.2732],[6.519,43.2732],[6.5198,43.2731],[6.5203,43.2732],[6.5216,43.2727],[6.5232,43.2723],[6.5243,43.2722],[6.5255,43.2728]]]},"properties":{"id_ffco":"8989","nom":"Grimaud_Village","_dept":"83","numero":"2015-D83-141","commune":"GRIMAUD","echelle":"1/4000","surface":"0.45 km²","format":"A4","annee":"2015","cartographes":"GIACCHI Guillaume","proprietaire":"83 - Var","niveau":"Interrégional","specialite":"Sprint (ISSOM)","latitude":"43.2758925532","longitude":"6.52149081086","date_saisie":"04/12/2015","date_depot":"17/06/2016","valide":"Oui","ppo":"Oui (25 postes)","type_carte":"Nouvelle carte","fond":"Ortho","obsolete":false}},{"type":"Feature","geometry":{"type":"Polygon","coordinates":[[[6.1237,43.1133],[6.122,43.12],[6.1276,43.1231],[6.1326,43.1218],[6.1357,43.1147],[6.1291,43.1135],[6.1237,43.1133]]]},"properties":{"id_ffco":"8990","nom":"HYERES _ Ville","_dept":"83","numero":"2015-D83-140","commune":"Hyeres","echelle":"1/3000","surface":"0.86 km²","format":"A4","annee":"2015","cartographes":"Matthieu Puech","proprietaire":"83 - Var","niveau":"Interrégional","specialite":"Sprint (ISSOM)","contacts":"CDCO83, 0494361314, 0619320242, contact@cdco83.fr, http://cdco83.fr/","latitude":"43.1178271954","longitude":"6.12848710807","date_saisie":"04/12/2015","date_depot":"17/06/2016","valide":"Oui","ppo":"Non","type_carte":"Nouvelle carte","fond":"Ortho","obsolete":false}},{"type":"Feature","geometry":{"type":"Polygon","coordinates":[[[6.1097,43.2029],[6.0966,43.2007],[6.0896,43.2039],[6.0918,43.2289],[6.1011,43.2291],[6.1133,43.2082],[6.1097,43.2029]]]},"properties":{"id_ffco":"5615","nom":"La Bouisse","_dept":"83","numero":"2006-D83-139","commune":"Cuers","echelle":"1/10000","surface":"4.27 km²","format":"A4","annee":"2006","cartographes":"Alain Pellegry","proprietaire":"83 - Var","niveau":"Départemental","specialite":"CO à pied","latitude":"43.2137225244","longitude":"6.09974437208","date_saisie":"19/12/2012","date_depot":"11/12/2015","valide":"Oui","ppo":"Non","type_carte":"Nouvelle carte","fond":"Ortho","obsolete":false}},{"type":"Feature","geometry":{"type":"Polygon","coordinates":[[[5.8171,43.4897],[5.8063,43.4887],[5.787,43.4935],[5.7745,43.5146],[5.7546,43.5268],[5.752,43.5423],[5.7819,43.5401],[5.7876,43.5381],[5.8044,43.5441],[5.8095,43.5406],[5.8113,43.534],[5.8032,43.5162],[5.8015,43.5105],[5.8075,43.4998],[5.8171,43.4897]]]},"properties":{"id_ffco":"8988","nom":"Terres de St Hilaire","_dept":"83","numero":"2015-D83-137","commune":"OLLIERES","echelle":"1/20000","surface":"17.22 km²","format":"A3","annee":"2015","cartographes":"Eric Pomet","proprietaire":"83 - Var","niveau":"Interrégional","specialite":"CO à VTT","latitude":"43.5206181982","longitude":"5.78666968318","date_saisie":"04/12/2015","date_depot":"17/06/2016","valide":"Oui","ppo":"Non","type_carte":"Nouvelle carte","fond":"IGN","obsolete":false}},{"type":"Feature","geometry":{"type":"Polygon","coordinates":[[[6.0425,43.1924],[6.0414,43.1927],[6.0417,43.1936],[6.0455,43.1922],[6.0451,43.1916],[6.0447,43.1918],[6.0445,43.1916],[6.0442,43.1919],[6.0426,43.1919],[6.0425,43.1924],[6.0425,43.1924]]]},"properties":{"id_ffco":"5173","nom":"Le Parc du Chateau de Sollies","_dept":"83","numero":"2010-D83-136","commune":"Sollies Pont","echelle":"1/1000","surface":"0.03 km²","format":"A4","annee":"2010","cartographes":"Rudeaut Dominique","proprietaire":"83 - Var","niveau":"Initiation, Scolaire","specialite":"CO à pied","contacts":"CDCO83, 0494361314, 0619320242, contact@cdco83.fr, http://cdco83.fr/","latitude":"43.192513773","longitude":"6.04328553595","date_saisie":"02/12/2011","date_depot":"17/06/2016","valide":"Oui","ppo":"Non","type_carte":"Nouvelle carte","fond":"Cadastre","obsolete":false}},{"type":"Feature","geometry":{"type":"Polygon","coordinates":[[[6.7785,43.6228],[6.7838,43.6303],[6.7858,43.6339],[6.7892,43.6387],[6.7838,43.6449],[6.78,43.6472],[6.7724,43.6517],[6.7624,43.6586],[6.7582,43.6621],[6.7388,43.664],[6.7351,43.6623],[6.7327,43.6648],[6.7274,43.6679],[6.7208,43.6704],[6.7185,43.6694],[6.7155,43.6643],[6.7112,43.6635],[6.7039,43.6409],[6.7484,43.6346],[6.7785,43.6228]]]},"properties":{"id_ffco":"5591","nom":"Montauroux/Callian/Tourette","_dept":"83","numero":"2010-D83-135","commune":"Montauroux","echelle":"1/15000","surface":"19.22 km²","format":"A3","annee":"2010","niveau":"National, International","specialite":"CO à pied","latitude":"43.6470592103","longitude":"6.74580477147","date_saisie":"17/12/2012","date_depot":"11/12/2015","valide":"Oui","ppo":"Non","type_carte":"Nouvelle carte","fond":"Ortho","obsolete":false}},{"type":"Feature","geometry":null,"properties":{"id_ffco":"5592","nom":"La Tour de l'Horloge","_dept":"83","numero":"2010-D83-134","commune":"Draguignan","echelle":"1/3000","surface":"None km²","format":"A4","annee":"2010","cartographes":"RICHAUD","proprietaire":"8302 - DRAGUIGNAN COURSE D'ORIENTATION","niveau":"Régional","specialite":"CO à pied","date_saisie":"17/12/2012","valide":"Non","ppo":"Non","type_carte":"Nouvelle carte","fond":"Ortho","obsolete":false}},{"type":"Feature","geometry":{"type":"Polygon","coordinates":[[[5.8129,43.7296],[5.835,43.7346],[5.8387,43.7376],[5.8328,43.7447],[5.8271,43.7481],[5.8156,43.7487],[5.8278,43.7648],[5.8132,43.7701],[5.8071,43.7601],[5.8048,43.7535],[5.8032,43.7489],[5.8032,43.7464],[5.8011,43.7428],[5.7999,43.741],[5.8024,43.7383],[5.8042,43.7357],[5.8049,43.7348],[5.8096,43.7331],[5.8117,43.7315],[5.8129,43.7296]]]},"properties":{"id_ffco":"5593","nom":"Vinon - La Magnanerie","_dept":"83","numero":"2010-D83-133","commune":"Vinon sur Verdon","echelle":"1/10000","surface":"7.28 km²","format":"A3","annee":"2010","cartographes":"Alain Pellegry","proprietaire":"83 - Var","niveau":"Régional","specialite":"CO à pied","latitude":"43.7469606048","longitude":"5.81702300487","date_saisie":"17/12/2012","date_depot":"11/12/2015","valide":"Oui","ppo":"Non","type_carte":"Nouvelle carte","fond":"Ortho","obsolete":false}},{"type":"Feature","geometry":{"type":"Polygon","coordinates":[[[6.5083,43.5248],[6.5036,43.5214],[6.5019,43.5218],[6.5011,43.5219],[6.4989,43.5233],[6.4971,43.5237],[6.4959,43.5237],[6.4899,43.5252],[6.4944,43.5299],[6.4997,43.5274],[6.5023,43.5271],[6.5047,43.5256],[6.5083,43.5248]]]},"properties":{"id_ffco":"5594","nom":"Quartier Bonaparte","_dept":"83","numero":"2010-D83-132","commune":"Draguignan","echelle":"1/4000","surface":"0.63 km²","format":"A3","annee":"2010","cartographes":"Rudeaut Dominique","proprietaire":"83 - Var","niveau":"Départemental","specialite":"CO à pied","latitude":"43.5254062532","longitude":"6.4987441841","date_saisie":"17/12/2012","date_depot":"11/12/2015","valide":"Oui","ppo":"Non","type_carte":"Nouvelle carte","fond":"Ortho","obsolete":false}},{"type":"Feature","geometry":{"type":"Polygon","coordinates":[[[5.8799,43.1386],[5.8792,43.1405],[5.8789,43.141],[5.8787,43.141],[5.8785,43.1419],[5.8785,43.1435],[5.879,43.1446],[5.8813,43.1453],[5.8816,43.1455],[5.8821,43.1455],[5.8817,43.1437],[5.8813,43.1424],[5.8834,43.1415],[5.8827,43.1405],[5.8839,43.1405],[5.8838,43.1397],[5.8822,43.1397],[5.8808,43.139],[5.8799,43.1386]]]},"properties":{"id_ffco":"5595","nom":"La Cordeille ou collège St. Joseph","_dept":"83","numero":"2009-D83-131","commune":"Ollioules","echelle":"1/4000","surface":"0.19 km²","format":"A4","annee":"2009","cartographes":"GIACCHI Guillaume","proprietaire":"83 - Var","niveau":"Départemental","specialite":"CO à pied","latitude":"43.1419363954","longitude":"5.88070503263","date_saisie":"17/12/2012","date_depot":"11/12/2015","valide":"Oui","ppo":"Non","type_carte":"Nouvelle carte","fond":"Ortho","obsolete":false}},{"type":"Feature","geometry":{"type":"Polygon","coordinates":[[[6.0838,43.2208],[6.0704,43.2033],[6.0707,43.1928],[6.0772,43.1679],[6.1061,43.1674],[6.1162,43.1733],[6.1152,43.1862],[6.1231,43.1978],[6.1363,43.2077],[6.1428,43.2179],[6.1373,43.2224],[6.1301,43.2247],[6.1117,43.2287],[6.0996,43.2343],[6.0875,43.2342],[6.0838,43.2208]]]},"properties":{"id_ffco":"5600","nom":"La Gordonne","_dept":"83","numero":"2009-D83-129","commune":"Pierrefeu-La Crau-Sollies Pont-Cuers","echelle":"1/20000","surface":"28.15 km²","format":"A3","annee":"2009","cartographes":"Rudeaut Dominique","proprietaire":"83 - Var","niveau":"Interrégional","specialite":"CO à VTT","latitude":"43.2011660949","longitude":"6.10108337769","date_saisie":"18/12/2012","date_depot":"11/12/2015","valide":"Oui","ppo":"Non","type_carte":"Nouvelle carte","fond":"Ortho","obsolete":false}},{"type":"Feature","geometry":{"type":"Polygon","coordinates":[[[6.7797,43.6308],[6.7822,43.6302],[6.7844,43.6308],[6.7864,43.634],[6.7863,43.6365],[6.7833,43.6372],[6.7821,43.6346],[6.7818,43.6327],[6.7797,43.6308]]]},"properties":{"id_ffco":"5604","nom":"Stade Municipal de Montauroux (extrait)","_dept":"83","numero":"2008-D83-127","commune":"Montauroux","echelle":"1/2500","surface":"0.23 km²","format":"A4","annee":"2008","cartographes":"Alain Pellegry","proprietaire":"83 - Var","niveau":"Départemental","specialite":"CO à pied","latitude":"43.6335167966","longitude":"6.78365060999","date_saisie":"18/12/2012","date_depot":"11/12/2015","valide":"Oui","ppo":"Non","type_carte":"Extrait","base":"2010-D83-135 Montauroux/Callian/Tourette","fond":"Ortho","obsolete":false}},{"type":"Feature","geometry":{"type":"Polygon","coordinates":[[[6.3286,43.3486],[6.3306,43.346],[6.3293,43.3441],[6.3271,43.3441],[6.326,43.3444],[6.3247,43.345],[6.3284,43.3487],[6.3286,43.3486]]]},"properties":{"id_ffco":"5605","nom":"Les Sigues","_dept":"83","numero":"2008-D83-126","commune":"Gonfaron","echelle":"1/2500","surface":"0.14 km²","format":"A4","annee":"2008","cartographes":"Alain Pellegry","proprietaire":"83 - Var","niveau":"Initiation, Scolaire","specialite":"CO à pied","latitude":"43.3459404535","longitude":"6.32792371674","date_saisie":"18/12/2012","date_depot":"11/12/2015","valide":"Oui","ppo":"Non","type_carte":"Nouvelle carte","fond":"Ortho","obsolete":false}},{"type":"Feature","geometry":{"type":"Polygon","coordinates":[[[6.6176,43.327],[6.6179,43.3288],[6.6181,43.329],[6.6177,43.3293],[6.6178,43.3322],[6.6152,43.3322],[6.6138,43.3295],[6.6144,43.328],[6.6152,43.3274],[6.6164,43.3269],[6.6176,43.327]]]},"properties":{"id_ffco":"5606","nom":"Les Bosquettes","_dept":"83","numero":"2008-D83-125","commune":"Sainte Maxime","echelle":"1/2500","surface":"0.15 km²","format":"A4","annee":"2008","cartographes":"GIACCHI Guillaume","proprietaire":"83 - Var","niveau":"Initiation, Scolaire","specialite":"CO à pied","latitude":"43.3296277349","longitude":"6.61611126375","date_saisie":"18/12/2012","date_depot":"17/06/2016","valide":"Oui","ppo":"Non","type_carte":"Nouvelle carte","fond":"Ortho","obsolete":false}},{"type":"Feature","geometry":{"type":"Polygon","coordinates":[[[5.8547,43.0716],[5.8613,43.0714],[5.8613,43.0727],[5.8602,43.0745],[5.8612,43.0797],[5.8662,43.0808],[5.8727,43.076],[5.8701,43.072],[5.864,43.0707],[5.8653,43.0685],[5.8675,43.0674],[5.8649,43.0616],[5.8617,43.0605],[5.8611,43.059],[5.8579,43.0587],[5.8549,43.0602],[5.8519,43.0612],[5.8496,43.0606],[5.8496,43.0591],[5.8478,43.0595],[5.8462,43.0631],[5.8456,43.061],[5.842,43.0595],[5.8393,43.0594],[5.8386,43.0577],[5.8403,43.0573],[5.8397,43.056],[5.837,43.0562],[5.8361,43.0566],[5.8364,43.0573],[5.8355,43.0576],[5.8349,43.0588],[5.8324,43.0607],[5.8288,43.0642],[5.8275,43.0678],[5.8294,43.0767],[5.8296,43.0794],[5.8315,43.0811],[5.8376,43.0815],[5.8463,43.0766],[5.8485,43.0757],[5.853,43.0734],[5.8534,43.0713],[5.8547,43.0716]]]},"properties":{"id_ffco":"5622","nom":"Le Poumon de Janas","_dept":"83","numero":"2005-D83-124","commune":"La Seyne-sur-Mer","echelle":"1/10000","surface":"6.23 km²","format":"A3","annee":"2005","cartographes":"Alain Pellegry,POPOV Alexandre","proprietaire":"83 - Var","niveau":"Départemental","specialite":"CO à pied","latitude":"43.0693008457","longitude":"5.84726649511","date_saisie":"19/12/2012","date_depot":"11/12/2015","valide":"Oui","ppo":"Non","type_carte":"Reprise","base":"1994-D83-18 FORET DE JANAS","fond":"Ortho","obsolete":false}},{"type":"Feature","geometry":{"type":"Polygon","coordinates":[[[5.8961,43.0805],[5.895,43.0791],[5.8947,43.0784],[5.8981,43.0777],[5.8989,43.0785],[5.8987,43.0796],[5.8961,43.0805]]]},"properties":{"id_ffco":"5610","nom":"Parc Braudel","_dept":"83","numero":"2007-D83-123","commune":"La Seyne sur Mer","echelle":"1/2500","surface":"0.07 km²","format":"A4","annee":"2007","proprietaire":"83 - Var","niveau":"Initiation, Scolaire","specialite":"CO à pied","latitude":"43.0790117669","longitude":"5.8969186012","date_saisie":"18/12/2012","date_depot":"11/12/2015","valide":"Oui","ppo":"Non","type_carte":"Nouvelle carte","fond":"IGN","obsolete":false}},{"type":"Feature","geometry":{"type":"Polygon","coordinates":[[[6.4749,43.6005],[6.4804,43.5996],[6.4862,43.5976],[6.4955,43.5963],[6.5025,43.5976],[6.5097,43.5983],[6.5173,43.5989],[6.5166,43.6027],[6.5255,43.6025],[6.5343,43.602],[6.5443,43.6025],[6.5497,43.6036],[6.5498,43.6049],[6.5517,43.6097],[6.5462,43.6131],[6.5407,43.614],[6.5396,43.6141],[6.5385,43.6209],[6.5325,43.6204],[6.532,43.62],[6.5271,43.6218],[6.5182,43.6239],[6.515,43.6256],[6.5015,43.6269],[6.4852,43.6262],[6.482,43.6232],[6.483,43.6208],[6.4818,43.6196],[6.4806,43.6164],[6.4796,43.6154],[6.4793,43.6118],[6.4819,43.6098],[6.4809,43.607],[6.4749,43.6005]]]},"properties":{"id_ffco":"5613","nom":"Montferrat-Bargemon","_dept":"83","numero":"2007-D83-122","commune":"Montferrat-Bargemon","echelle":"1/15000","surface":"14.27 km²","format":"A3","annee":"2007","cartographes":"Alain Pellegry","proprietaire":"83 - Var","niveau":"Régional","specialite":"CO à pied","latitude":"43.6115024904","longitude":"6.50974053861","date_saisie":"19/12/2012","date_depot":"11/12/2015","valide":"Oui","ppo":"Non","type_carte":"Nouvelle carte","fond":"Ortho","obsolete":false}},{"type":"Feature","geometry":{"type":"Polygon","coordinates":[[[6.5188,43.6238],[6.5123,43.6258],[6.5077,43.6227],[6.5079,43.6198],[6.5085,43.6156],[6.5047,43.6097],[6.5118,43.6075],[6.5207,43.6066],[6.527,43.6065],[6.5301,43.6076],[6.5291,43.6213],[6.5188,43.6238]]]},"properties":{"id_ffco":"8547","nom":"Bargemon - Chapelle Favas","_dept":"83","numero":"2008-D83-121","commune":"Bargemon","echelle":"1/10000","surface":"3.29 km²","format":"A4","annee":"2008","niveau":"Régional","specialite":"CO à pied","latitude":"43.6151970368","longitude":"6.51823888766","date_saisie":"19/08/2015","date_depot":"11/12/2015","valide":"Oui","ppo":"Non","type_carte":"Extrait","base":"2007-D83-122 Montferrat-Bargemon","fond":"Ortho","obsolete":false}},{"type":"Feature","geometry":{"type":"Polygon","coordinates":[[[6.3672,43.1258],[6.3626,43.1263],[6.3616,43.1249],[6.3616,43.1215],[6.3635,43.1195],[6.3652,43.1202],[6.3662,43.121],[6.3673,43.1235],[6.3676,43.1249],[6.3672,43.1258]]]},"properties":{"id_ffco":"5618","nom":"Port de la Favière","_dept":"83","numero":"2006-D83-119","commune":"BORMES","echelle":"1/4000","surface":"0.28 km²","format":"A4","annee":"2006","cartographes":"Alain Pellegry","proprietaire":"83 - Var","niveau":"Initiation, Scolaire","specialite":"CO à pied","latitude":"43.1232411908","longitude":"6.36431553063","date_saisie":"19/12/2012","date_depot":"11/12/2015","valide":"Oui","ppo":"Non","type_carte":"Nouvelle carte","fond":"Ortho","obsolete":false}},{"type":"Feature","geometry":{"type":"Polygon","coordinates":[[[6.4336,43.4497],[6.4365,43.4525],[6.4356,43.453],[6.4335,43.4525],[6.4307,43.4535],[6.4293,43.4522],[6.4315,43.4504],[6.4336,43.4497]]]},"properties":{"id_ffco":"5631","nom":"Le Stade","_dept":"83","numero":"2004-D83-118","commune":"Taradeau","echelle":"1/3000","surface":"0.13 km²","format":"A4","annee":"2004","niveau":"Initiation, Scolaire","specialite":"CO à pied","latitude":"43.4517278464","longitude":"6.43275079754","date_saisie":"19/12/2012","date_depot":"11/12/2015","valide":"Oui","ppo":"Non","type_carte":"Nouvelle carte","fond":"Ortho","obsolete":false}},{"type":"Feature","geometry":{"type":"Polygon","coordinates":[[[6.5908,43.5035],[6.5916,43.4971],[6.6301,43.505],[6.633,43.5164],[6.624,43.5228],[6.6157,43.5249],[6.5874,43.5232],[6.5842,43.5215],[6.5867,43.5103],[6.5908,43.5035]]]},"properties":{"id_ffco":"5617","nom":"Catchéou","_dept":"83","numero":"2006-D83-117","commune":"Le Muy","echelle":"1/10000","surface":"8.84 km²","format":"A3","annee":"2006","cartographes":"Alain Pellegry","proprietaire":"83 - Var","niveau":"Régional","specialite":"CO à pied","latitude":"43.5125200101","longitude":"6.60766330318","date_saisie":"19/12/2012","date_depot":"11/12/2015","valide":"Oui","ppo":"Non","type_carte":"Nouvelle carte","fond":"Ortho","obsolete":false}},{"type":"Feature","geometry":{"type":"Polygon","coordinates":[[[5.915,43.3607],[5.9204,43.3594],[5.9266,43.3597],[5.9368,43.3611],[5.9427,43.3604],[5.9528,43.3632],[5.9554,43.3656],[5.9567,43.3726],[5.9574,43.3765],[5.9466,43.3769],[5.9323,43.3766],[5.9262,43.3746],[5.9206,43.3729],[5.9235,43.3677],[5.9225,43.366],[5.9216,43.3671],[5.9175,43.3722],[5.9069,43.3712],[5.9127,43.3655],[5.915,43.3607]]]},"properties":{"id_ffco":"5614","nom":"Le Saut du Caramy","_dept":"83","numero":"2012-D83-116","commune":"Mazaugues","echelle":"1/10000","surface":"5.65 km²","format":"A3","annee":"2012","cartographes":"Alain Pellegry","proprietaire":"83 - Var","niveau":"National, International","specialite":"CO à pied","latitude":"43.3682951553","longitude":"5.93487150952","date_saisie":"19/12/2012","date_depot":"17/06/2016","valide":"Oui","ppo":"Non","type_carte":"Nouvelle carte","fond":"Ortho","obsolete":false}},{"type":"Feature","geometry":{"type":"Polygon","coordinates":[[[6.241,43.6214],[6.2277,43.6136],[6.2303,43.6121],[6.2309,43.6099],[6.23,43.6091],[6.2302,43.608],[6.2341,43.6055],[6.2342,43.6036],[6.2361,43.6026],[6.2401,43.601],[6.2565,43.5938],[6.2593,43.5945],[6.2613,43.5976],[6.2739,43.6037],[6.2697,43.6079],[6.2678,43.6097],[6.2694,43.612],[6.2703,43.6122],[6.2729,43.6114],[6.2736,43.6119],[6.2689,43.616],[6.2678,43.6167],[6.2598,43.618],[6.2573,43.6198],[6.2513,43.6216],[6.2472,43.6223],[6.241,43.6214]]]},"properties":{"id_ffco":"5619","nom":"Les Espouveries","_dept":"83","numero":"2006-D83-115","commune":"Tourtour","echelle":"1/15000","surface":"7.28 km²","format":"A3","annee":"2006","cartographes":"RICHAUD","proprietaire":"83 - Var","niveau":"Interrégional","specialite":"CO à VTT","latitude":"43.6090266414","longitude":"6.25127801625","date_saisie":"19/12/2012","date_depot":"11/12/2015","valide":"Oui","ppo":"Non","type_carte":"Nouvelle carte","fond":"Ortho","obsolete":false}},{"type":"Feature","geometry":{"type":"Polygon","coordinates":[[[5.826,43.353],[5.8195,43.356],[5.8243,43.3685],[5.8451,43.3696],[5.8516,43.3695],[5.8852,43.3726],[5.8988,43.3725],[5.9053,43.3717],[5.9132,43.3651],[5.9146,43.3604],[5.9129,43.3535],[5.9127,43.3511],[5.9024,43.3493],[5.8981,43.3463],[5.8926,43.345],[5.8871,43.3438],[5.8755,43.3458],[5.8743,43.3427],[5.8689,43.3417],[5.8643,43.3437],[5.8593,43.345],[5.8571,43.3485],[5.8537,43.3529],[5.826,43.353]]]},"properties":{"id_ffco":"8992","nom":"Mazaugues","_dept":"83","numero":"2013-D83-114","commune":"Mazaugues","echelle":"1/15000","surface":"18.18 km²","format":"A3","annee":"2013","cartographes":"Alain Pellegry","proprietaire":"83 - Var","niveau":"National, International","specialite":"Raid'O","contacts":"CDCO83, 0494361314, 0619320242, contact@cdco83.fr, http://cdco83.fr/","latitude":"43.359133967","longitude":"5.87129775614","date_saisie":"04/12/2015","date_depot":"17/06/2016","valide":"Oui","ppo":"Non","type_carte":"Nouvelle carte","fond":"Ortho","obsolete":false}},{"type":"Feature","geometry":{"type":"Polygon","coordinates":[[[5.8186,43.0921],[5.8218,43.0954],[5.8197,43.0976],[5.8174,43.0973],[5.8179,43.0945],[5.8181,43.094],[5.8172,43.0927],[5.8186,43.0921]]]},"properties":{"id_ffco":"5623","nom":"La Coudoulière","_dept":"83","numero":"2005-D83-113","commune":"Six-Fours","echelle":"1/2500","surface":"0.13 km²","format":"A4","annee":"2005","cartographes":"Alain Pellegry","proprietaire":"83 - Var","niveau":"Initiation, Scolaire","specialite":"CO à pied","latitude":"43.0951571163","longitude":"5.81921238466","date_saisie":"19/12/2012","date_depot":"11/12/2015","valide":"Oui","ppo":"Non","type_carte":"Nouvelle carte","fond":"Ortho","obsolete":false}},{"type":"Feature","geometry":{"type":"Polygon","coordinates":[[[5.9402,43.1082],[5.9403,43.1077],[5.9415,43.1076],[5.9416,43.1072],[5.9414,43.107],[5.9422,43.1067],[5.9422,43.107],[5.9429,43.1067],[5.9431,43.1064],[5.9424,43.1059],[5.9425,43.1058],[5.9445,43.1064],[5.9443,43.1066],[5.944,43.1066],[5.9446,43.1075],[5.9464,43.1074],[5.9465,43.1071],[5.9467,43.1068],[5.9461,43.1064],[5.947,43.1065],[5.9475,43.1066],[5.9476,43.1067],[5.9473,43.1068],[5.9472,43.107],[5.9475,43.1073],[5.9494,43.1074],[5.9495,43.1072],[5.9498,43.1069],[5.9497,43.1066],[5.9492,43.1064],[5.9491,43.1062],[5.9494,43.1062],[5.9503,43.1065],[5.9509,43.1067],[5.9516,43.1067],[5.9518,43.1074],[5.9519,43.1077],[5.9508,43.1077],[5.949,43.1082],[5.9487,43.1082],[5.9454,43.1081],[5.9445,43.1082],[5.9439,43.1083],[5.9429,43.1084],[5.9423,43.1084],[5.9415,43.1085],[5.9408,43.1084],[5.9402,43.1082]]]},"properties":{"id_ffco":"9005","nom":"Parc des Plages du Mourillon","_dept":"83","numero":"2012-D83-112","commune":"Toulon","echelle":"1/3000","surface":"0.13 km²","format":"A4","annee":"2012","cartographes":"GIACCHI Guillaume","proprietaire":"83 - Var","niveau":"O+","specialite":"CO à pied","contacts":"CDCO83, 0494361314, 0619320242, contact@cdco83.fr, http://cdco83.fr/","latitude":"43.1074823218","longitude":"5.94573091416","date_saisie":"08/12/2015","date_depot":"17/06/2016","valide":"Oui","ppo":"Non","type_carte":"Nouvelle carte","fond":"Ortho","obsolete":false}},{"type":"Feature","geometry":{"type":"Polygon","coordinates":[[[6.5891,43.3086],[6.5798,43.3103],[6.571,43.3091],[6.5715,43.3004],[6.5741,43.2971],[6.5746,43.2945],[6.5751,43.2941],[6.5773,43.2941],[6.5778,43.2958],[6.5797,43.2965],[6.5795,43.298],[6.5848,43.2964],[6.5877,43.3015],[6.5889,43.3051],[6.5891,43.3086]]]},"properties":{"id_ffco":"5624","nom":"Les hauts de Ste Maxime Sud","_dept":"83","numero":"2005-D83-111","commune":"Sainte-Maxime","echelle":"1/10000","surface":"1.93 km²","format":"A4","annee":"2005","cartographes":"Alain Pellegry","proprietaire":"83 - Var","niveau":"Initiation, Scolaire","specialite":"CO à pied","latitude":"43.3033441436","longitude":"6.57957740333","date_saisie":"19/12/2012","date_depot":"11/12/2015","valide":"Oui","ppo":"Non","type_carte":"Nouvelle carte","fond":"Ortho","obsolete":false}},{"type":"Feature","geometry":{"type":"Polygon","coordinates":[[[6.5933,43.3057],[6.5891,43.3083],[6.5837,43.3081],[6.5831,43.3205],[6.5896,43.3261],[6.6064,43.3253],[6.6145,43.324],[6.6205,43.3147],[6.6202,43.3077],[6.6042,43.3083],[6.6003,43.3063],[6.5982,43.3079],[6.5961,43.3078],[6.5933,43.3057]]]},"properties":{"id_ffco":"5625","nom":"Les hauts de Ste Maxime Nord","_dept":"83","numero":"2005-D83-110","commune":"Sainte-Maxime","echelle":"1/10000","surface":"5.46 km²","format":"A4","annee":"2005","cartographes":"Alain Pellegry","proprietaire":"83 - Var","niveau":"Départemental","specialite":"CO à pied","latitude":"43.3160857536","longitude":"6.60103991909","date_saisie":"19/12/2012","date_depot":"11/12/2015","valide":"Oui","ppo":"Non","type_carte":"Nouvelle carte","fond":"Ortho","obsolete":false}},{"type":"Feature","geometry":{"type":"Polygon","coordinates":[[[6.6364,43.4396],[6.6351,43.4392],[6.6337,43.4394],[6.6342,43.4409],[6.634,43.4421],[6.6361,43.4441],[6.636,43.445],[6.6362,43.4457],[6.6372,43.4455],[6.6383,43.4451],[6.6397,43.4447],[6.6436,43.4441],[6.6452,43.4436],[6.6457,43.4424],[6.6443,43.4405],[6.6412,43.4383],[6.6398,43.4386],[6.6377,43.4402],[6.6364,43.4396]]]},"properties":{"id_ffco":"5627","nom":"Roquebrune-sur-Argens","_dept":"83","numero":"2006-D83-109","commune":"Roquebrune-sur-Argens","echelle":"1/5000","surface":"0.5 km²","format":"A4","annee":"2006","cartographes":"Alain Pellegry","proprietaire":"83 - Var","niveau":"Régional","specialite":"Sprint (ISSOM)","contacts":"CDCO83, 0494361314, 0619320242, contact@cdco83.fr, http://cdco83.fr/","latitude":"43.4419219328","longitude":"6.6395429414","date_saisie":"19/12/2012","date_depot":"17/06/2016","valide":"Oui","ppo":"Non","type_carte":"Nouvelle carte","fond":"Cadastre","obsolete":false}},{"type":"Feature","geometry":{"type":"Polygon","coordinates":[[[6.5894,43.5034],[6.59,43.4993],[6.5933,43.4967],[6.5937,43.494],[6.5897,43.493],[6.593,43.484],[6.6324,43.4843],[6.6398,43.5091],[6.6366,43.5168],[6.6306,43.5159],[6.6271,43.5142],[6.6244,43.5142],[6.6201,43.5117],[6.6154,43.5121],[6.613,43.5097],[6.6024,43.5089],[6.5894,43.5034]]]},"properties":{"id_ffco":"5626","nom":"Forêt de Palayson Nord","_dept":"83","numero":"2005-D83-108","commune":"Le Muy","echelle":"1/10000","surface":"10.92 km²","format":"A3","annee":"2005","cartographes":"Alain Pellegry","proprietaire":"83 - Var","niveau":"Interrégional","specialite":"CO à pied","latitude":"43.4983333405","longitude":"6.61566853343","date_saisie":"19/12/2012","date_depot":"11/12/2015","valide":"Oui","ppo":"Non","type_carte":"Nouvelle carte","fond":"Ortho","obsolete":false}},{"type":"Feature","geometry":{"type":"Polygon","coordinates":[[[5.913,43.3531],[5.9149,43.3628],[5.906,43.372],[5.8973,43.372],[5.8795,43.3715],[5.8622,43.3694],[5.8635,43.3605],[5.8674,43.3581],[5.8738,43.3609],[5.8803,43.3613],[5.8849,43.3599],[5.9025,43.3578],[5.913,43.3531]]]},"properties":{"id_ffco":"5632","nom":"Le Grand Gaudin","_dept":"83","numero":"2007-D83-107","commune":"Mazaugues","echelle":"1/15000","surface":"5.59 km²","format":"A3","annee":"2007","cartographes":"Alain Pellegry","proprietaire":"83 - Var","niveau":"Interrégional","specialite":"CO à VTT","latitude":"43.36467433","longitude":"5.89005020224","date_saisie":"19/12/2012","date_depot":"11/12/2015","valide":"Oui","ppo":"Non","type_carte":"Nouvelle carte","fond":"Ortho","obsolete":false}},{"type":"Feature","geometry":{"type":"Polygon","coordinates":[[[6.0058,43.1358],[6.009,43.1341],[6.0091,43.1328],[6.0102,43.1315],[6.0058,43.1281],[6.0059,43.1265],[6.0041,43.1243],[6.0041,43.1236],[6.0005,43.1238],[5.9923,43.122],[5.9868,43.1221],[5.9852,43.1228],[5.9873,43.1248],[5.9866,43.1277],[5.9913,43.1301],[5.9939,43.1299],[6.0028,43.1364],[6.0058,43.1358]]]},"properties":{"id_ffco":"8999","nom":"La Valette_Le Thouar","_dept":"83","numero":"2004-D83-105","commune":"La Valette","echelle":"1/10000","surface":"1.76 km²","format":"A4","annee":"2004","cartographes":"PELLEGRY","niveau":"Départemental","specialite":"CO à pied","contacts":"CDCO83, 0494361314, 0619320242, contact@cdco83.fr, http://cdco83.fr/","latitude":"43.1283652887","longitude":"5.99831953517","date_saisie":"08/12/2015","date_depot":"17/06/2016","valide":"Oui","ppo":"Non","type_carte":"Nouvelle carte","fond":"Ortho","obsolete":false}},{"type":"Feature","geometry":{"type":"Polygon","coordinates":[[[6.3089,43.5873],[6.3037,43.5869],[6.2982,43.5904],[6.2963,43.5935],[6.2916,43.5935],[6.2893,43.5957],[6.2897,43.599],[6.2875,43.6011],[6.2826,43.6014],[6.2777,43.6097],[6.2862,43.6128],[6.3086,43.617],[6.3121,43.6204],[6.3154,43.6287],[6.3349,43.6252],[6.3389,43.6262],[6.3428,43.6224],[6.3526,43.6127],[6.3534,43.6069],[6.3397,43.6017],[6.3277,43.6022],[6.3259,43.5988],[6.3219,43.5994],[6.3172,43.5984],[6.3129,43.5971],[6.3118,43.5956],[6.3118,43.5929],[6.3089,43.5873]]]},"properties":{"id_ffco":"5628","nom":"Le Saignadou","_dept":"83","numero":"2005-D83-104","commune":"Tourtour","echelle":"1/10000","surface":"14.36 km²","format":"A3","annee":"2005","cartographes":"Alain Pellegry","proprietaire":"83 - Var","niveau":"Interrégional","specialite":"CO à pied","latitude":"43.6090002633","longitude":"6.31659749194","date_saisie":"19/12/2012","date_depot":"11/12/2015","valide":"Oui","ppo":"Non","type_carte":"Nouvelle carte","fond":"Ortho","obsolete":false}},{"type":"Feature","geometry":{"type":"Polygon","coordinates":[[[6.7442,43.4401],[6.7392,43.4434],[6.7405,43.4483],[6.7452,43.4483],[6.7464,43.4461],[6.7455,43.4421],[6.7451,43.441],[6.7442,43.4401]]]},"properties":{"id_ffco":"5630","nom":"Villa Aurelienne","_dept":"83","numero":"2005-D83-103","commune":"Fréjus","echelle":"1/5000","surface":"0.38 km²","format":"A4","annee":"2005","cartographes":"Alain Pellegry","proprietaire":"83 - Var","niveau":"Initiation, Scolaire","specialite":"CO à pied","latitude":"43.4447555903","longitude":"6.74299036965","date_saisie":"19/12/2012","date_depot":"11/12/2015","valide":"Oui","ppo":"Non","type_carte":"Extrait","base":"1998-D83-68 Frejus Villa Aurelienne","fond":"Ortho","obsolete":false}},{"type":"Feature","geometry":{"type":"Polygon","coordinates":[[[5.8908,43.0926],[5.891,43.0933],[5.8903,43.0946],[5.8911,43.0953],[5.8922,43.0965],[5.8939,43.0971],[5.8951,43.0968],[5.8967,43.0959],[5.8973,43.0953],[5.8978,43.0941],[5.8982,43.0934],[5.8974,43.0922],[5.8939,43.0917],[5.8915,43.0923],[5.8908,43.0926]]]},"properties":{"id_ffco":"5629","nom":"Fort Napoleon","_dept":"83","numero":"2005-D83-102","commune":"La Seyne-sur-Mer","echelle":"1/3000","surface":"0.27 km²","format":"A4","annee":"2005","cartographes":"MANET P.J.,Deli Georges","proprietaire":"83 - Var","niveau":"Départemental","specialite":"CO à pied","contacts":"Maison des Sports, 133 boulevard du Général Brosset, 83200, Toulon, 0494361314, president@cdco83.fr, http://cdco83.fr/","latitude":"43.0942262177","longitude":"5.89423872997","date_saisie":"19/12/2012","date_depot":"11/12/2015","valide":"Oui","ppo":"Oui (70 postes)","type_carte":"Nouvelle carte","fond":"Ortho","obsolete":false}},{"type":"Feature","geometry":{"type":"Polygon","coordinates":[[[5.8501,43.4482],[5.8487,43.4494],[5.8462,43.4486],[5.8472,43.4468],[5.8484,43.4466],[5.8488,43.4474],[5.8495,43.4479],[5.8501,43.4482]]]},"properties":{"id_ffco":"5633","nom":"Le Deffens","_dept":"83","numero":"2004-D83-101","commune":"Saint Maximin","echelle":"1/3000","surface":"0.06 km²","format":"A4","annee":"2004","cartographes":"Alain Pellegry","proprietaire":"83 - Var","niveau":"Initiation, Scolaire","specialite":"CO à pied","latitude":"43.4480295917","longitude":"5.84804036234","date_saisie":"19/12/2012","date_depot":"11/12/2015","valide":"Oui","ppo":"Non","type_carte":"Nouvelle carte","fond":"Ortho","obsolete":false}},{"type":"Feature","geometry":{"type":"Polygon","coordinates":[[[6.096,43.1624],[6.0932,43.1642],[6.0906,43.1652],[6.0892,43.1639],[6.0887,43.1628],[6.0915,43.1619],[6.0944,43.1601],[6.0949,43.1606],[6.0955,43.1605],[6.0957,43.161],[6.0956,43.1614],[6.096,43.1624]]]},"properties":{"id_ffco":"5634","nom":"Vallon du Soleil","_dept":"83","numero":"2004-D83-100","commune":"La Crau","echelle":"1/2500","surface":"0.17 km²","format":"A4","annee":"2004","cartographes":"Alain Pellegry,GIACCHI Guillaume","proprietaire":"83 - Var","niveau":"Départemental","specialite":"CO à pied","latitude":"43.1627308074","longitude":"6.0925212487","date_saisie":"19/12/2012","date_depot":"11/12/2015","valide":"Oui","ppo":"Non","type_carte":"Nouvelle carte","fond":"Ortho","obsolete":false}},{"type":"Feature","geometry":{"type":"Polygon","coordinates":[[[6.4654,43.3715],[6.4538,43.374],[6.4458,43.3755],[6.442,43.3807],[6.4458,43.386],[6.4475,43.3903],[6.4542,43.3924],[6.4553,43.395],[6.4628,43.3965],[6.4685,43.3931],[6.4706,43.3937],[6.4748,43.3933],[6.4818,43.385],[6.4654,43.3715]]]},"properties":{"id_ffco":"3324","nom":"LE ROUMANIEUX","_dept":"83","numero":"2000-D83-076","commune":"Vidauban","echelle":"1/10000","surface":"5.68 km²","format":"A4","annee":"2000","cartographes":"Alain Pellegry","proprietaire":"83 - Var","niveau":"Interrégional","specialite":"CO à pied","contacts":"CDCO83, 0494361314, 0619320242, contact@cdco83.fr, http://cdco83.fr/","latitude":"43.3839357021","longitude":"6.46139426647","date_depot":"02/06/2006","valide":"Oui","ppo":"Non","type_carte":"Nouvelle carte","fond":"Ortho","obsolete":false}},{"type":"Feature","geometry":{"type":"Polygon","coordinates":[[[5.8544,43.0718],[5.8526,43.0735],[5.851,43.0742],[5.8487,43.0746],[5.8478,43.075],[5.8473,43.0747],[5.8473,43.0737],[5.8471,43.0731],[5.8464,43.0725],[5.8456,43.0722],[5.8456,43.0719],[5.8456,43.0703],[5.8468,43.0708],[5.8484,43.0703],[5.849,43.0706],[5.8501,43.0708],[5.8514,43.0708],[5.853,43.0701],[5.8544,43.0718]]]},"properties":{"id_ffco":"9002","nom":"Crapa de Janas","_dept":"83","numero":"2012-D83-072","commune":"La Seyne sur mer","echelle":"1/3500","surface":"0.24 km²","format":"A4","annee":"2012","cartographes":"PELLEGRY","proprietaire":"83 - Var","niveau":"Initiation, Scolaire","specialite":"CO à pied","contacts":"CDCO83, 0494361314, 0619320242, contact@cdco83.fr, http://cdco83.fr/","latitude":"43.0722729188","longitude":"5.84979279315","date_saisie":"08/12/2015","date_depot":"17/06/2016","valide":"Oui","ppo":"Non","type_carte":"Extrait","base":"2005-D83-124 Le Poumon de Janas","fond":"Ortho","obsolete":false}}]}