{"type":"FeatureCollection","features":[{"type":"Feature","geometry":{"type":"Polygon","coordinates":[[[3.0879,47.8867],[3.0887,47.8858],[3.09,47.8861],[3.0906,47.8863],[3.0914,47.8862],[3.092,47.8867],[3.0916,47.8869],[3.0914,47.8867],[3.0908,47.8868],[3.0908,47.8874],[3.0909,47.8888],[3.0909,47.89],[3.0914,47.89],[3.0909,47.8905],[3.0904,47.891],[3.0896,47.891],[3.0895,47.8899],[3.0897,47.8893],[3.0896,47.8891],[3.0894,47.8887],[3.0888,47.8888],[3.088,47.8891],[3.0871,47.8894],[3.0868,47.89],[3.0868,47.8903],[3.0867,47.8908],[3.0863,47.8917],[3.0871,47.892],[3.087,47.8923],[3.0862,47.8922],[3.086,47.8925],[3.086,47.8927],[3.0858,47.8928],[3.0862,47.8937],[3.0861,47.8941],[3.0859,47.8944],[3.0859,47.8947],[3.0854,47.8949],[3.0851,47.895],[3.085,47.8953],[3.0843,47.8953],[3.0843,47.8951],[3.084,47.8945],[3.0841,47.8939],[3.0842,47.8936],[3.0841,47.8932],[3.0844,47.8919],[3.0849,47.891],[3.0856,47.8905],[3.0859,47.8899],[3.0861,47.8895],[3.0855,47.8893],[3.0856,47.889],[3.0863,47.8891],[3.0865,47.8885],[3.0868,47.8879],[3.0879,47.8867]]]},"properties":{"id_ffco":"15595","nom":"Charny-Orée-de-Puisaye. Les étangs","_dept":"89","numero":"2026-D89-225","commune":"Charny-Orée-de-Puisaye","echelle":"1/4000","surface":"0.2 km²","format":"A4","annee":"2026","cartographes":"Fabrice THOMASSIN","proprietaire":"89 - Yonne","niveau":"Initiation, Scolaire","specialite":"CO à pied","latitude":"47.8898800857","longitude":"3.08764400269","date_saisie":"05/04/2026","valide":"Non","ppo":"Oui (30 postes)","type_carte":"Nouvelle carte","fond":"Cadastre","obsolete":false}},{"type":"Feature","geometry":{"type":"Polygon","coordinates":[[[3.0939,47.8958],[3.094,47.8956],[3.0921,47.8955],[3.0931,47.8939],[3.0935,47.8928],[3.0942,47.8912],[3.0957,47.8913],[3.0959,47.891],[3.0976,47.891],[3.0976,47.8924],[3.0972,47.8934],[3.0967,47.8946],[3.0965,47.8959],[3.0939,47.8958]]]},"properties":{"id_ffco":"15324","nom":"Charny-Stade-Collège-Parc","_dept":"89","numero":"2025-D89-224","commune":"Charny-Orée-de-Puisaye","echelle":"1/2000","surface":"0.15 km²","format":"A4","annee":"2025","cartographes":"Fabrice THOMASSIN","proprietaire":"89 - Yonne","niveau":"Initiation, Scolaire","specialite":"CO à pied","latitude":"47.8935045553","longitude":"3.09520314087","date_saisie":"15/11/2025","valide":"Non","ppo":"Non","type_carte":"Reprise","base":"2017-D89-132 Charny. Stade-Collège-Parc","fond":"Ortho","obsolete":false}},{"type":"Feature","geometry":{"type":"Polygon","coordinates":[[[3.4629,47.5277],[3.4622,47.5266],[3.4603,47.5245],[3.4596,47.5235],[3.4596,47.523],[3.4597,47.5225],[3.4604,47.5221],[3.4615,47.5221],[3.463,47.5221],[3.4644,47.5224],[3.4659,47.5233],[3.4665,47.5235],[3.467,47.5235],[3.4675,47.5234],[3.468,47.5233],[3.4694,47.5228],[3.4707,47.5225],[3.4734,47.5216],[3.474,47.5216],[3.4744,47.5219],[3.4746,47.5222],[3.4745,47.5226],[3.4751,47.5239],[3.4759,47.5241],[3.4761,47.5245],[3.4759,47.5249],[3.4782,47.5268],[3.4733,47.5293],[3.4716,47.5307],[3.4713,47.5313],[3.4705,47.5317],[3.4695,47.532],[3.4686,47.5321],[3.467,47.5322],[3.4656,47.532],[3.4645,47.5316],[3.464,47.5312],[3.4636,47.5308],[3.4633,47.5303],[3.463,47.5299],[3.4626,47.5293],[3.4627,47.5285],[3.4629,47.5277]]]},"properties":{"id_ffco":"15187","nom":"Marais d'Andryes","_dept":"89","numero":"2025-D89-223","commune":"Andryes","echelle":"1/7500","surface":"1.02 km²","format":"A4","annee":"2025","cartographes":"Fabrice THOMASSIN","proprietaire":"89 - Yonne","niveau":"Initiation, Scolaire","specialite":"CO à pied","latitude":"47.5265915392","longitude":"3.46852591929","date_saisie":"22/09/2025","valide":"Non","ppo":"Non","type_carte":"Nouvelle carte","fond":"Ortho","obsolete":false}},{"type":"Feature","geometry":{"type":"Polygon","coordinates":[[[3.802,47.4932],[3.7992,47.493],[3.795,47.4924],[3.7916,47.4913],[3.7898,47.4908],[3.7877,47.4899],[3.7843,47.4893],[3.7824,47.489],[3.7801,47.4889],[3.7773,47.4898],[3.7754,47.4902],[3.773,47.49],[3.772,47.489],[3.7714,47.4875],[3.7717,47.4864],[3.7726,47.4848],[3.773,47.4837],[3.7723,47.4812],[3.7724,47.4791],[3.7722,47.4779],[3.772,47.4769],[3.7706,47.4757],[3.7688,47.4744],[3.7682,47.4741],[3.7681,47.4736],[3.768,47.4733],[3.7682,47.473],[3.7686,47.4727],[3.7695,47.4721],[3.7706,47.4714],[3.7723,47.4707],[3.7734,47.4707],[3.7769,47.4702],[3.7802,47.4694],[3.7859,47.4669],[3.7871,47.4664],[3.789,47.466],[3.792,47.4657],[3.7929,47.4659],[3.7938,47.4659],[3.7943,47.4665],[3.7962,47.4679],[3.798,47.4694],[3.7982,47.4701],[3.7982,47.4709],[3.7979,47.4714],[3.7975,47.472],[3.794,47.4751],[3.7926,47.4759],[3.7907,47.4768],[3.7903,47.477],[3.7901,47.4774],[3.7902,47.4777],[3.7907,47.4779],[3.7941,47.4784],[3.7971,47.4785],[3.7995,47.4785],[3.8011,47.4788],[3.8028,47.4793],[3.8044,47.4806],[3.8058,47.4822],[3.8068,47.4832],[3.8077,47.4839],[3.8086,47.484],[3.8095,47.4839],[3.8106,47.4835],[3.8121,47.4828],[3.8131,47.4822],[3.814,47.4812],[3.8156,47.479],[3.8168,47.4768],[3.8173,47.4757],[3.8176,47.4755],[3.8181,47.4754],[3.8185,47.4754],[3.819,47.4755],[3.8211,47.4766],[3.8235,47.4772],[3.8253,47.4774],[3.8267,47.4782],[3.8287,47.4789],[3.8317,47.4794],[3.8356,47.4817],[3.8384,47.4824],[3.8402,47.4832],[3.8432,47.4833],[3.8441,47.4842],[3.846,47.4855],[3.8447,47.4872],[3.8451,47.4879],[3.8468,47.489],[3.8492,47.491],[3.8504,47.4925],[3.8511,47.4942],[3.8507,47.4965],[3.8498,47.4969],[3.8491,47.4974],[3.8488,47.4982],[3.8488,47.4986],[3.8475,47.4986],[3.8473,47.4981],[3.8462,47.4981],[3.845,47.4996],[3.8394,47.5043],[3.8379,47.5054],[3.837,47.5058],[3.8354,47.506],[3.8329,47.5065],[3.8293,47.5069],[3.8268,47.5067],[3.825,47.5061],[3.8237,47.504],[3.8227,47.5011],[3.8207,47.4991],[3.8197,47.4984],[3.8192,47.4981],[3.8178,47.4982],[3.8162,47.4984],[3.8148,47.4986],[3.8129,47.4985],[3.8116,47.4982],[3.8105,47.4977],[3.8097,47.4967],[3.809,47.4951],[3.8086,47.4935],[3.8082,47.493],[3.8078,47.4928],[3.8072,47.4928],[3.8043,47.4931],[3.802,47.4932]]]},"properties":{"id_ffco":"15133","nom":"Le Montmarte-VTT","_dept":"89","numero":"2025-D89-222","commune":"Domecy-sur-le-Vault","echelle":"1/15000","surface":"13.0 km²","format":"A3","annee":"2025","cartographes":"Alain COMMARET,Jean Charles LALEVEE","proprietaire":"89 - Yonne","niveau":"Régional","specialite":"CO à VTT","latitude":"47.4866340152","longitude":"3.81058320431","date_saisie":"29/08/2025","valide":"Non","ppo":"Non","type_carte":"Reprise","base":"2024-D89-220 La Tournelle-VTT","fond":"IGN","ref_ign":"2722ET","obsolete":false}},{"type":"Feature","geometry":{"type":"Polygon","coordinates":[[[3.9885,47.6616],[3.9875,47.6621],[3.9868,47.662],[3.9857,47.6623],[3.9844,47.6623],[3.9833,47.6621],[3.9825,47.6616],[3.9819,47.6611],[3.9812,47.6604],[3.981,47.6598],[3.9809,47.6594],[3.9809,47.6583],[3.981,47.6556],[3.9811,47.6551],[3.9814,47.6547],[3.9819,47.6542],[3.9826,47.654],[3.984,47.6534],[3.985,47.6527],[3.9862,47.6513],[3.9875,47.6506],[3.9884,47.6503],[3.9896,47.6501],[3.9907,47.6501],[3.9913,47.6499],[3.9921,47.6495],[3.9925,47.6492],[3.9931,47.6482],[3.9944,47.647],[3.9954,47.6463],[3.9976,47.6462],[3.9983,47.6464],[3.9996,47.6475],[3.9999,47.648],[4.0001,47.6487],[4.0003,47.6493],[4.0009,47.6503],[4.0019,47.6507],[4.0051,47.6518],[4.0068,47.6521],[4.0103,47.6519],[4.012,47.652],[4.0135,47.6521],[4.0147,47.6523],[4.0156,47.6526],[4.0157,47.6531],[4.0176,47.6543],[4.0204,47.6563],[4.0204,47.6587],[4.0192,47.6595],[4.017,47.6604],[4.0136,47.6616],[4.0126,47.6613],[4.0119,47.6607],[4.0117,47.6601],[4.0114,47.6599],[4.0111,47.6598],[4.0101,47.6598],[4.0089,47.6598],[4.0076,47.6599],[4.0068,47.66],[4.0041,47.6615],[4.0015,47.6628],[4.0006,47.6634],[4.0,47.6648],[3.9997,47.6663],[3.9945,47.6663],[3.9943,47.6661],[3.9943,47.6659],[3.9954,47.6636],[3.9952,47.6631],[3.9948,47.6627],[3.9941,47.6621],[3.9931,47.6617],[3.9908,47.6614],[3.9893,47.6614],[3.9885,47.6616]]]},"properties":{"id_ffco":"14983","nom":"Grimault-Le Frêtoy","_dept":"89","numero":"2025-D89-221","commune":"Grimault","echelle":"1/7500","surface":"3.53 km²","format":"A3","annee":"2025","cartographes":"Fabrice THOMASSIN","proprietaire":"89 - Yonne","niveau":"Interrégional","specialite":"CO à pied","latitude":"47.6563769757","longitude":"3.99897101538","date_saisie":"13/04/2025","valide":"Non","ppo":"Non","type_carte":"Reprise","base":"2020-D89-173 Grimault-Forêt de Noyers","fond":"Laser","obsolete":false}},{"type":"Feature","geometry":{"type":"Polygon","coordinates":[[[3.7644,47.4903],[3.7633,47.4903],[3.7622,47.4901],[3.7612,47.4896],[3.7606,47.4891],[3.7604,47.4886],[3.7605,47.4881],[3.7603,47.4878],[3.7599,47.4873],[3.7591,47.487],[3.7586,47.4866],[3.7583,47.4861],[3.7583,47.4857],[3.7585,47.4852],[3.7584,47.4845],[3.7582,47.4836],[3.7583,47.483],[3.7576,47.4817],[3.7556,47.4817],[3.756,47.4809],[3.7556,47.4791],[3.7557,47.4781],[3.7565,47.4778],[3.7575,47.4775],[3.7586,47.4773],[3.7592,47.4771],[3.7595,47.4764],[3.7597,47.4755],[3.7598,47.4753],[3.7603,47.475],[3.7607,47.4747],[3.761,47.4744],[3.7607,47.4739],[3.7596,47.4733],[3.7593,47.4729],[3.7593,47.4721],[3.7596,47.4713],[3.7601,47.4708],[3.7606,47.4698],[3.7612,47.4693],[3.7617,47.4688],[3.7618,47.4684],[3.7616,47.4682],[3.7611,47.4679],[3.7609,47.4673],[3.7611,47.4664],[3.7615,47.4653],[3.7618,47.4646],[3.7635,47.465],[3.7695,47.465],[3.7692,47.4639],[3.7685,47.4625],[3.7709,47.4636],[3.7711,47.464],[3.7712,47.4648],[3.7713,47.465],[3.7715,47.4651],[3.7719,47.4651],[3.7723,47.465],[3.7727,47.4649],[3.7756,47.4649],[3.7766,47.4647],[3.7809,47.4652],[3.7859,47.4659],[3.7863,47.4658],[3.7867,47.4658],[3.7876,47.4653],[3.7885,47.4649],[3.7899,47.4643],[3.7903,47.4644],[3.7904,47.4646],[3.7902,47.4651],[3.7905,47.4655],[3.7914,47.466],[3.7923,47.4657],[3.7934,47.466],[3.7938,47.4664],[3.7934,47.4668],[3.7934,47.4672],[3.795,47.4683],[3.7961,47.4677],[3.7965,47.4677],[3.7975,47.468],[3.7983,47.4677],[3.7987,47.4682],[3.7996,47.4685],[3.8022,47.4697],[3.8048,47.4702],[3.8093,47.4711],[3.8091,47.4897],[3.8101,47.4904],[3.8088,47.4922],[3.766,47.4921],[3.7662,47.4918],[3.7664,47.4912],[3.7663,47.4909],[3.7657,47.4902],[3.7655,47.4901],[3.7644,47.4903]]]},"properties":{"id_ffco":"14714","nom":"La Tournelle-VTT","_dept":"89","numero":"2024-D89-220","commune":"Asquins","echelle":"1/15000","surface":"10.7 km²","format":"A4","annee":"2024","cartographes":"Jean Charles LALEVEE","proprietaire":"89 - Yonne","niveau":"Régional","specialite":"CO à VTT","latitude":"47.4791413674","longitude":"3.78341503097","date_saisie":"05/11/2024","date_depot":"12/02/2025","valide":"Oui","ppo":"Non","type_carte":"Reprise","base":"2019-D89-163 La Tournelle-VTT","fond":"Ortho","obsolete":false}},{"type":"Feature","geometry":{"type":"Polygon","coordinates":[[[3.0034,48.2059],[3.0009,48.2056],[2.999,48.2055],[2.9988,48.2049],[2.9953,48.2061],[2.9936,48.2061],[2.9919,48.206],[2.9915,48.2072],[2.9909,48.2077],[2.9902,48.2081],[2.9895,48.209],[2.9818,48.209],[2.9818,48.2081],[2.9808,48.2081],[2.9801,48.2076],[2.9812,48.2073],[2.9792,48.2058],[2.9792,48.2056],[2.9828,48.2049],[2.9861,48.2038],[2.9842,48.2022],[2.9845,48.2013],[2.9872,48.2011],[2.9887,48.1993],[2.9893,48.1995],[2.991,48.1982],[2.9901,48.1976],[2.9951,48.1961],[2.9989,48.1963],[2.9995,48.196],[3.0003,48.197],[3.0011,48.1967],[3.0028,48.198],[3.0033,48.1976],[3.0046,48.1982],[3.0044,48.1987],[3.0036,48.1985],[3.0033,48.1988],[3.0042,48.1992],[3.0034,48.2012],[3.0037,48.2016],[3.0045,48.2014],[3.005,48.2014],[3.0053,48.203],[3.0051,48.2031],[3.0041,48.2033],[3.0032,48.2033],[3.003,48.2035],[3.0028,48.204],[3.0032,48.2043],[3.0039,48.2051],[3.0039,48.2059],[3.0034,48.2059]]]},"properties":{"id_ffco":"14672","nom":"Chéroy","_dept":"89","numero":"2024-D89-219","commune":"Chéroy","echelle":"1/5000","surface":"1.56 km²","format":"A3","annee":"2024","cartographes":"Fabrice THOMASSIN","proprietaire":"89 - Yonne","niveau":"Régional","specialite":"Sprint (ISSOM)","latitude":"48.2026364093","longitude":"2.99334461113","date_saisie":"13/10/2024","valide":"Non","ppo":"Oui (20 postes)","type_carte":"Nouvelle carte","fond":"Cadastre","obsolete":false}},{"type":"Feature","geometry":{"type":"Polygon","coordinates":[[[3.6345,48.0986],[3.6338,48.098],[3.632,48.0965],[3.6337,48.0947],[3.6347,48.0938],[3.6351,48.0933],[3.6594,48.0902],[3.6597,48.0902],[3.6601,48.0902],[3.6607,48.0903],[3.6616,48.0906],[3.6623,48.0907],[3.6628,48.0908],[3.6633,48.0908],[3.6632,48.091],[3.6626,48.0915],[3.6621,48.0918],[3.6612,48.0921],[3.6593,48.0929],[3.6585,48.0934],[3.6583,48.0936],[3.6579,48.0953],[3.6577,48.0961],[3.6576,48.0964],[3.6578,48.0967],[3.6584,48.0975],[3.659,48.0983],[3.659,48.0984],[3.6485,48.1028],[3.6447,48.1045],[3.6422,48.1055],[3.6415,48.1057],[3.6414,48.1057],[3.638,48.1022],[3.6358,48.1],[3.6345,48.0986]]]},"properties":{"id_ffco":"14673","nom":"Chailley. La Belle étoile","_dept":"89","numero":"2024-D89-218","commune":"Chailley","echelle":"1/10000","surface":"2.16 km²","format":"A4","annee":"2024","cartographes":"Francis MOINE","proprietaire":"89 - Yonne","niveau":"Régional","specialite":"CO à pied","latitude":"48.0970177674","longitude":"3.64658633748","date_saisie":"13/10/2024","valide":"Non","ppo":"Non","type_carte":"Nouvelle carte","fond":"IGN","ref_ign":"2718 SB","obsolete":false}},{"type":"Feature","geometry":null,"properties":{"id_ffco":"14710","nom":"Le Cormier 3","_dept":"89","numero":"2024-D89-217","commune":"Saint-Georges-sur-Baulche","echelle":"1/5000","surface":"None km²","format":"A4","annee":"2024","cartographes":"Fabrice THOMASSIN","proprietaire":"89 - Yonne","niveau":"Départemental","specialite":"CO à pied","date_saisie":"31/10/2024","valide":"Non","ppo":"Non","type_carte":"Extrait","base":"2014-D89-096 Le Cormier 2","fond":"Ortho","obsolete":false}},{"type":"Feature","geometry":{"type":"Polygon","coordinates":[[[3.5352,47.8067],[3.5362,47.8061],[3.5362,47.806],[3.537,47.8055],[3.5373,47.8055],[3.5377,47.806],[3.5382,47.8062],[3.5382,47.8068],[3.537,47.8074],[3.5357,47.8077],[3.5354,47.8072],[3.5352,47.8067]]]},"properties":{"id_ffco":"14530","nom":"Collège Jean Bertin","_dept":"89","numero":"2024-D89-216","commune":"Saint Georges sur Baulche","echelle":"1/1100","surface":"0.03 km²","format":"A4","annee":"2024","cartographes":"Fabrice THOMASSIN","proprietaire":"89 - Yonne","niveau":"Initiation, Scolaire","specialite":"CO à pied","latitude":"47.8066413928","longitude":"3.53673709049","date_saisie":"06/07/2024","date_depot":"12/02/2025","valide":"Oui","ppo":"Non","type_carte":"Reprise","base":"2014-D89-094 Collège Jean BERTIN","fond":"Ortho","obsolete":false}},{"type":"Feature","geometry":{"type":"Polygon","coordinates":[[[3.5613,47.8116],[3.5622,47.8118],[3.5623,47.8115],[3.5622,47.8114],[3.5623,47.8112],[3.5618,47.8111],[3.5617,47.8113],[3.5616,47.8112],[3.5614,47.8113],[3.5613,47.8115],[3.5613,47.8116]]]},"properties":{"id_ffco":"14529","nom":"Auxerre. Le 89","_dept":"89","numero":"2024-D89-215","commune":"Auxerre","echelle":"1/1000","surface":"0.0 km²","format":"A3","annee":"2024","cartographes":"Fabrice THOMASSIN","proprietaire":"89 - Yonne","niveau":"Initiation, Scolaire","specialite":"CO à pied","latitude":"47.8114424114","longitude":"3.56184255993","date_saisie":"06/07/2024","date_depot":"12/02/2025","valide":"Oui","ppo":"Non","type_carte":"Nouvelle carte","fond":"Cadastre","obsolete":false}},{"type":"Feature","geometry":{"type":"Polygon","coordinates":[[[3.255,48.1602],[3.2552,48.1598],[3.255,48.1597],[3.254,48.1583],[3.2537,48.1574],[3.2532,48.1569],[3.2527,48.1563],[3.2555,48.1555],[3.2551,48.1545],[3.2551,48.1543],[3.255,48.1538],[3.2549,48.1535],[3.2545,48.1528],[3.2569,48.1522],[3.2593,48.1516],[3.2608,48.154],[3.2637,48.1534],[3.2645,48.1534],[3.266,48.1561],[3.2644,48.1567],[3.2656,48.1582],[3.2659,48.1585],[3.2682,48.1583],[3.2678,48.1592],[3.2671,48.1603],[3.2665,48.161],[3.2652,48.1609],[3.2654,48.1616],[3.2651,48.1622],[3.2641,48.1624],[3.2627,48.1621],[3.2624,48.1629],[3.2613,48.1627],[3.2598,48.1621],[3.259,48.1637],[3.2562,48.1632],[3.2567,48.1624],[3.257,48.1613],[3.2549,48.1608],[3.255,48.1602]]]},"properties":{"id_ffco":"14448","nom":"Gron","_dept":"89","numero":"2024-D89-214","commune":"Gron","echelle":"1/4000","surface":"0.89 km²","format":"A3","annee":"2024","cartographes":"Valentin DUHAUTOY,Fabrice THOMASSIN","proprietaire":"89 - Yonne","niveau":"Régional","specialite":"Sprint (ISSOM)","latitude":"48.1577696086","longitude":"3.26009529348","date_saisie":"28/04/2024","valide":"Non","ppo":"Non","type_carte":"Nouvelle carte","fond":"Cadastre","obsolete":false}},{"type":"Feature","geometry":{"type":"Polygon","coordinates":[[[3.3428,48.0543],[3.3425,48.0544],[3.3423,48.0542],[3.3425,48.0541],[3.3415,48.0529],[3.3416,48.0525],[3.3417,48.0524],[3.3419,48.0524],[3.3422,48.0525],[3.3445,48.0513],[3.3471,48.0503],[3.3478,48.0497],[3.3497,48.0515],[3.3524,48.053],[3.3528,48.0528],[3.3536,48.0533],[3.3543,48.0543],[3.3537,48.0549],[3.3519,48.0553],[3.35,48.0558],[3.3488,48.0561],[3.347,48.0566],[3.3454,48.0571],[3.3437,48.0553],[3.3428,48.0543]]]},"properties":{"id_ffco":"14447","nom":"Armeau-Domaine de Formanoir","_dept":"89","numero":"2024-D89-213","commune":"Armeau","echelle":"1/4000","surface":"0.41 km²","format":"A4","annee":"2024","cartographes":"Fabrice THOMASSIN","proprietaire":"89 - Yonne","niveau":"Régional","specialite":"Sprint (ISSOM)","latitude":"48.0536296331","longitude":"3.34755838441","date_saisie":"28/04/2024","date_depot":"11/02/2025","valide":"Oui","ppo":"Non","type_carte":"Nouvelle carte","fond":"Ortho","obsolete":false}},{"type":"Feature","geometry":{"type":"Polygon","coordinates":[[[3.6276,47.8142],[3.6309,47.8147],[3.6313,47.8132],[3.631,47.813],[3.6313,47.8121],[3.6316,47.8114],[3.6323,47.8101],[3.6326,47.8097],[3.6312,47.8095],[3.6306,47.8098],[3.6299,47.8095],[3.6292,47.8095],[3.6278,47.8112],[3.6276,47.8142]]]},"properties":{"id_ffco":"14446","nom":"Venoy-Les Joinchères","_dept":"89","numero":"2024-D89-212","commune":"Venoy","echelle":"1/2500","surface":"0.15 km²","format":"A4","annee":"2024","cartographes":"Francis MOINE","proprietaire":"89 - Yonne","niveau":"Initiation, Scolaire","specialite":"CO à pied","latitude":"47.8119905729","longitude":"3.62977184066","date_saisie":"28/04/2024","date_depot":"11/02/2025","valide":"Oui","ppo":"Non","type_carte":"Nouvelle carte","fond":"Ortho","obsolete":false}},{"type":"Feature","geometry":{"type":"Polygon","coordinates":[[[3.9347,47.487],[3.932,47.488],[3.9303,47.4881],[3.9294,47.4882],[3.9289,47.4884],[3.9276,47.4874],[3.9274,47.4872],[3.9264,47.4854],[3.9256,47.4841],[3.9248,47.4847],[3.9246,47.4844],[3.9254,47.4838],[3.9236,47.4805],[3.9232,47.4797],[3.9231,47.479],[3.923,47.4786],[3.9219,47.4781],[3.921,47.4782],[3.9201,47.4784],[3.9192,47.4786],[3.9174,47.4799],[3.9173,47.4803],[3.9147,47.4801],[3.9147,47.4798],[3.9143,47.4794],[3.914,47.4791],[3.9136,47.4789],[3.9143,47.4784],[3.9149,47.4781],[3.9153,47.4779],[3.9157,47.4777],[3.9164,47.4772],[3.9168,47.4768],[3.917,47.4767],[3.9172,47.4766],[3.918,47.4763],[3.9191,47.476],[3.9199,47.4755],[3.9205,47.4751],[3.921,47.4757],[3.9215,47.4757],[3.9218,47.4757],[3.9227,47.4757],[3.9228,47.4758],[3.9228,47.4765],[3.9229,47.4766],[3.9231,47.4768],[3.9234,47.4769],[3.9237,47.477],[3.9244,47.4772],[3.9249,47.4773],[3.9263,47.4769],[3.9269,47.4767],[3.9271,47.4764],[3.9273,47.476],[3.928,47.476],[3.9282,47.4762],[3.9288,47.4763],[3.9294,47.4763],[3.9304,47.4763],[3.9315,47.4762],[3.9325,47.4761],[3.9335,47.4759],[3.9342,47.4759],[3.9342,47.4763],[3.9353,47.4766],[3.9362,47.4769],[3.9362,47.477],[3.936,47.4774],[3.9357,47.4776],[3.9353,47.4778],[3.9352,47.4782],[3.9354,47.4787],[3.9361,47.4794],[3.9368,47.4799],[3.9373,47.4804],[3.9379,47.4804],[3.9386,47.4804],[3.9397,47.4805],[3.9401,47.4807],[3.94,47.4809],[3.94,47.4811],[3.9397,47.4814],[3.9397,47.4817],[3.9391,47.4821],[3.9388,47.4825],[3.9386,47.4825],[3.9385,47.4832],[3.9384,47.4838],[3.9383,47.4841],[3.9387,47.4843],[3.9386,47.4846],[3.9386,47.4851],[3.9389,47.4857],[3.9383,47.4864],[3.9379,47.4863],[3.9371,47.486],[3.9362,47.4865],[3.9347,47.487]]]},"properties":{"id_ffco":"14445","nom":"Le Bois Dieu - 4","_dept":"89","numero":"2024-D89-211","commune":"Avallon","echelle":"1/7500","surface":"1.41 km²","format":"A4","annee":"2024","cartographes":"Fabrice THOMASSIN","proprietaire":"89 - Yonne","niveau":"Régional","specialite":"CO à pied","latitude":"47.4812627099","longitude":"3.92935634284","date_saisie":"28/04/2024","valide":"Non","ppo":"Oui (50 postes)","type_carte":"Reprise","base":"2020-D89-177 Le Bois Dieu - 3","fond":"Ortho","obsolete":false}},{"type":"Feature","geometry":null,"properties":{"id_ffco":"14444","nom":"La Pommeraie","_dept":"89","numero":"2024-D89-210","commune":"La Chapelle sur Oreuse","echelle":"1/15000","surface":"None km²","format":"A4","annee":"2024","cartographes":"Fabrice THOMASSIN","proprietaire":"89 - Yonne","niveau":"Interrégional","specialite":"CO à pied","date_saisie":"28/04/2024","valide":"Non","ppo":"Non","type_carte":"Reprise","base":"2013-D89-085 Bois de la Pommeraie","fond":"Cadastre","obsolete":false}},{"type":"Feature","geometry":{"type":"Polygon","coordinates":[[[3.2335,48.0908],[3.2324,48.0892],[3.2321,48.0889],[3.2316,48.0887],[3.2312,48.0886],[3.2311,48.089],[3.2283,48.0891],[3.2279,48.0887],[3.2269,48.0889],[3.2263,48.0889],[3.2258,48.0887],[3.2255,48.0885],[3.2251,48.0882],[3.2246,48.0873],[3.2247,48.0865],[3.2252,48.0855],[3.2252,48.0849],[3.2253,48.0844],[3.2252,48.084],[3.2245,48.0831],[3.2238,48.0813],[3.2234,48.0805],[3.2235,48.08],[3.2228,48.0801],[3.2224,48.0794],[3.223,48.0792],[3.2227,48.0789],[3.2221,48.0785],[3.2208,48.0761],[3.2197,48.0756],[3.2184,48.073],[3.2175,48.0728],[3.2162,48.072],[3.2157,48.0713],[3.2179,48.0681],[3.2195,48.0666],[3.2227,48.0665],[3.224,48.067],[3.2246,48.0674],[3.2252,48.0676],[3.2281,48.068],[3.2284,48.0679],[3.2285,48.0677],[3.2286,48.0664],[3.2288,48.0662],[3.2293,48.0661],[3.2304,48.0661],[3.232,48.0662],[3.2332,48.0664],[3.2339,48.0663],[3.2346,48.0666],[3.2363,48.0677],[3.2372,48.0684],[3.2532,48.0683],[3.2618,48.0751],[3.2622,48.0753],[3.2627,48.0753],[3.2644,48.0753],[3.2658,48.0756],[3.2669,48.076],[3.2674,48.0763],[3.2676,48.0767],[3.2678,48.0772],[3.2678,48.0781],[3.2676,48.0789],[3.267,48.0796],[3.2658,48.0802],[3.2646,48.0806],[3.258,48.0809],[3.2573,48.081],[3.2562,48.0813],[3.2545,48.0823],[3.2535,48.0825],[3.2522,48.0825],[3.2512,48.0823],[3.2499,48.082],[3.2475,48.0819],[3.2466,48.0821],[3.2457,48.0823],[3.2449,48.0828],[3.2444,48.0832],[3.2441,48.0837],[3.244,48.0842],[3.2441,48.0852],[3.2443,48.0864],[3.2442,48.0877],[3.2439,48.0887],[3.2434,48.0897],[3.2425,48.0902],[3.2415,48.0905],[3.2405,48.0904],[3.2392,48.0902],[3.2387,48.0902],[3.2383,48.0903],[3.2377,48.0906],[3.2372,48.0909],[3.2366,48.0911],[3.2356,48.0912],[3.2346,48.0911],[3.2335,48.0908]]]},"properties":{"id_ffco":"14443","nom":"Forêt du Legs-Thénard-VTT","_dept":"89","numero":"2024-D89-209","commune":"Rousson","echelle":"1/15000","surface":"6.2 km²","format":"A4","annee":"2024","cartographes":"Aimé LOUAT","proprietaire":"89 - Yonne","niveau":"Régional","specialite":"CO à VTT","latitude":"48.0771248386","longitude":"3.23909318483","date_saisie":"28/04/2024","date_depot":"11/02/2025","valide":"Oui","ppo":"Non","type_carte":"Reprise","base":"2018-D89-149 Bussy-le-Repos-VTT","fond":"Cadastre","obsolete":false}},{"type":"Feature","geometry":{"type":"Polygon","coordinates":[[[3.7308,47.661],[3.731,47.661],[3.731,47.6609],[3.7321,47.6603],[3.7325,47.66],[3.7329,47.6597],[3.7336,47.6591],[3.7341,47.6582],[3.7326,47.6581],[3.7326,47.6577],[3.7303,47.6577],[3.7297,47.6578],[3.73,47.658],[3.7303,47.6583],[3.7303,47.6587],[3.7303,47.6592],[3.73,47.6599],[3.7296,47.6603],[3.7289,47.6607],[3.7297,47.6614],[3.7302,47.6613],[3.7307,47.661],[3.7308,47.661]]]},"properties":{"id_ffco":"14106","nom":"Vermenton. Aire de loisirs","_dept":"89","numero":"2023-D89-208","commune":"Vermenton","echelle":"1/2000","surface":"0.08 km²","format":"A4","annee":"2023","cartographes":"Fabrice THOMASSIN","proprietaire":"89 - Yonne","niveau":"Initiation, Scolaire","specialite":"CO à pied","latitude":"47.6593259243","longitude":"3.73139717563","date_saisie":"15/10/2023","date_depot":"11/02/2025","valide":"Oui","ppo":"Non","type_carte":"Extrait","base":"2023-D89-200 Vermenton. Centre historique","fond":"Ortho","obsolete":false}},{"type":"Feature","geometry":{"type":"Polygon","coordinates":[[[3.1392,47.7391],[3.1398,47.7388],[3.1401,47.7387],[3.1402,47.7385],[3.1402,47.7384],[3.1395,47.7373],[3.1384,47.7358],[3.138,47.7358],[3.1368,47.7355],[3.136,47.7353],[3.1357,47.7354],[3.1353,47.7363],[3.1346,47.7369],[3.1334,47.7374],[3.1324,47.7377],[3.1307,47.7379],[3.1301,47.7381],[3.1298,47.7379],[3.13,47.7375],[3.1295,47.7375],[3.1287,47.7379],[3.1278,47.7381],[3.127,47.7381],[3.1264,47.7381],[3.1263,47.7382],[3.1262,47.7384],[3.1262,47.7387],[3.1264,47.7395],[3.1269,47.7403],[3.1279,47.742],[3.1284,47.7433],[3.1303,47.7443],[3.1361,47.7443],[3.1361,47.7441],[3.1359,47.7438],[3.1377,47.743],[3.1378,47.7429],[3.1378,47.7428],[3.1378,47.7427],[3.1375,47.7423],[3.1375,47.7422],[3.1375,47.7421],[3.138,47.7418],[3.138,47.7417],[3.1379,47.7416],[3.1376,47.7413],[3.1374,47.7412],[3.1374,47.7411],[3.1375,47.741],[3.1391,47.7399],[3.1392,47.7397],[3.1391,47.7394],[3.1392,47.7391]]]},"properties":{"id_ffco":"14105","nom":"Le Bois de la Garenne","_dept":"89","numero":"2023-D89-207","commune":"Tannerre-en-Puisaye","echelle":"1/5000","surface":"0.66 km²","format":"A4","annee":"2023","cartographes":"Fabrice THOMASSIN","proprietaire":"89 - Yonne","niveau":"Régional","specialite":"CO à pied","latitude":"47.7402081218","longitude":"3.1333659344","date_saisie":"15/10/2023","date_depot":"11/02/2025","valide":"Oui","ppo":"Oui (25 postes)","type_carte":"Reprise","base":"2011-D89-076 Bois de la Garenne","fond":"Ortho","obsolete":false}},{"type":"Feature","geometry":{"type":"Polygon","coordinates":[[[3.913,47.4891],[3.9141,47.4891],[3.9145,47.4891],[3.9149,47.4889],[3.9157,47.4891],[3.9174,47.4894],[3.9177,47.4895],[3.918,47.4895],[3.9192,47.4886],[3.9205,47.4888],[3.9208,47.4893],[3.9225,47.4885],[3.9227,47.4886],[3.9236,47.4882],[3.922,47.4865],[3.9228,47.4859],[3.9238,47.4852],[3.9211,47.4835],[3.9204,47.484],[3.9179,47.4831],[3.9157,47.4852],[3.9152,47.4851],[3.915,47.4851],[3.9147,47.4852],[3.9145,47.4852],[3.9143,47.4853],[3.9141,47.4853],[3.9132,47.485],[3.9127,47.4849],[3.9122,47.4848],[3.9115,47.4844],[3.9109,47.484],[3.9104,47.4839],[3.9101,47.4837],[3.91,47.4836],[3.91,47.4834],[3.9098,47.4834],[3.9098,47.4835],[3.9096,47.4836],[3.9096,47.4837],[3.9096,47.4839],[3.9095,47.4843],[3.91,47.4844],[3.91,47.4846],[3.9099,47.4847],[3.9102,47.4847],[3.91,47.4853],[3.9107,47.4853],[3.9107,47.4856],[3.9107,47.4859],[3.9108,47.4864],[3.911,47.487],[3.9111,47.4874],[3.9113,47.4882],[3.9121,47.4891],[3.913,47.4891]]]},"properties":{"id_ffco":"14070","nom":"Les Chaumes","_dept":"89","numero":"2023-D89-206","commune":"Avallon","echelle":"1/4000","surface":"0.49 km²","format":"A4","annee":"2023","cartographes":"Arnaud DUPLESSIS","proprietaire":"89 - Yonne","niveau":"Régional","specialite":"Sprint (ISSOM)","latitude":"47.4865355534","longitude":"3.91704938754","date_saisie":"04/09/2023","date_depot":"11/02/2025","valide":"Oui","ppo":"Non","type_carte":"Nouvelle carte","fond":"Ortho","obsolete":false}},{"type":"Feature","geometry":{"type":"Polygon","coordinates":[[[3.7203,47.9931],[3.7211,47.9938],[3.7215,47.9941],[3.7222,47.9945],[3.7228,47.9949],[3.7238,47.9954],[3.7246,47.9957],[3.7254,47.9959],[3.7262,47.9961],[3.7271,47.9961],[3.7277,47.9962],[3.7284,47.9961],[3.7283,47.9956],[3.7281,47.9953],[3.7272,47.9943],[3.7264,47.9936],[3.725,47.993],[3.7242,47.9926],[3.7238,47.9924],[3.7227,47.9911],[3.7218,47.9904],[3.7213,47.9898],[3.7203,47.9917],[3.7203,47.9931]]]},"properties":{"id_ffco":"14069","nom":"Saint-Florentin. Complexe sportif","_dept":"89","numero":"2023-D89-205","commune":"Saint-Florentin","echelle":"1/3000","surface":"0.19 km²","format":"A4","annee":"2023","cartographes":"Francis MOINE","proprietaire":"89 - Yonne","niveau":"Initiation, Scolaire","specialite":"CO à pied","latitude":"47.9935893449","longitude":"3.72379137195","date_saisie":"04/09/2023","date_depot":"11/02/2025","valide":"Oui","ppo":"Non","type_carte":"Nouvelle carte","fond":"Ortho","obsolete":false}},{"type":"Feature","geometry":{"type":"Polygon","coordinates":[[[3.1146,47.6166],[3.1109,47.6116],[3.1109,47.6109],[3.1113,47.6103],[3.1121,47.6093],[3.1155,47.6092],[3.117,47.6086],[3.118,47.6083],[3.1192,47.6078],[3.1203,47.6076],[3.1224,47.6071],[3.1245,47.6071],[3.1262,47.6074],[3.1276,47.6084],[3.1277,47.6091],[3.1276,47.6098],[3.1272,47.6107],[3.1271,47.6114],[3.1277,47.6127],[3.1279,47.6137],[3.1276,47.6144],[3.1264,47.616],[3.1248,47.6171],[3.1218,47.6175],[3.1196,47.6177],[3.1185,47.6176],[3.1173,47.6174],[3.1157,47.617],[3.1146,47.6166]]]},"properties":{"id_ffco":"14068","nom":"Le Bois des Rublins","_dept":"89","numero":"2023-D89-204","commune":"Saint-Fargeau","echelle":"1/7500","surface":"1.14 km²","format":"A4","annee":"2023","cartographes":"Fabrice THOMASSIN","proprietaire":"89 - Yonne","niveau":"Départemental","specialite":"CO à pied","latitude":"47.6124082834","longitude":"3.12014374916","date_saisie":"04/09/2023","date_depot":"11/02/2024","valide":"Oui","ppo":"Non","type_carte":"Reprise","base":"2008-D89-053 Base du Bourdon. Bois des Rublins","fond":"Ortho","obsolete":false}},{"type":"Feature","geometry":{"type":"Polygon","coordinates":[[[3.4911,47.6115],[3.4911,47.6117],[3.4913,47.6118],[3.4914,47.6119],[3.4915,47.612],[3.4917,47.612],[3.4919,47.612],[3.4922,47.6119],[3.4927,47.6119],[3.4937,47.6119],[3.4944,47.612],[3.4948,47.6121],[3.4949,47.6122],[3.4951,47.6122],[3.4953,47.6121],[3.4954,47.6121],[3.4955,47.612],[3.4964,47.6111],[3.4963,47.611],[3.4962,47.611],[3.4955,47.6107],[3.4955,47.6106],[3.4955,47.6105],[3.4955,47.6104],[3.4953,47.6103],[3.495,47.6102],[3.4948,47.6102],[3.4947,47.6103],[3.4946,47.6104],[3.4944,47.6106],[3.4943,47.6106],[3.4942,47.6106],[3.494,47.6107],[3.4937,47.6106],[3.4935,47.6105],[3.4933,47.6103],[3.4931,47.6103],[3.493,47.6103],[3.4929,47.6103],[3.4911,47.6114],[3.4911,47.6115]]]},"properties":{"id_ffco":"14067","nom":"Courson. Stade & Collège","_dept":"89","numero":"2023-D89-203","commune":"Courson-les-Carrières","echelle":"1/1500","surface":"0.06 km²","format":"A4","annee":"2023","cartographes":"Fabrice THOMASSIN","proprietaire":"89 - Yonne","niveau":"Initiation, Scolaire","specialite":"CO à pied","latitude":"47.6112554635","longitude":"3.49376877412","date_saisie":"04/09/2023","date_depot":"11/02/2025","valide":"Oui","ppo":"Non","type_carte":"Reprise","base":"2008-D89-049 COURSON les CARRIERES Groupe scolaire","fond":"Ortho","obsolete":false}},{"type":"Feature","geometry":{"type":"Polygon","coordinates":[[[3.1174,47.6092],[3.1197,47.6089],[3.1201,47.6087],[3.1202,47.6088],[3.121,47.6089],[3.1217,47.6089],[3.1222,47.6095],[3.12,47.6108],[3.1189,47.6105],[3.1162,47.6101],[3.1162,47.6097],[3.1163,47.6093],[3.1174,47.6092]]]},"properties":{"id_ffco":"14066","nom":"Camping de la Calanque","_dept":"89","numero":"2023-D89-202","commune":"Saint-Fargeau","echelle":"1/2000","surface":"0.06 km²","format":"A4","annee":"2023","cartographes":"Fabrice THOMASSIN","proprietaire":"89 - Yonne","niveau":"Initiation, Scolaire","specialite":"CO à pied","latitude":"47.6096931561","longitude":"3.11926184729","date_saisie":"04/09/2023","date_depot":"11/02/2025","valide":"Oui","ppo":"Non","type_carte":"Reprise","base":"2010-D89-070 St Fargeau. Camping de la Calanque","fond":"Ortho","obsolete":false}},{"type":"Feature","geometry":{"type":"Polygon","coordinates":[[[3.1998,47.6399],[3.1997,47.6394],[3.1995,47.6388],[3.198,47.6375],[3.1972,47.6375],[3.197,47.638],[3.197,47.6389],[3.1968,47.6399],[3.1916,47.64],[3.1915,47.6359],[3.1918,47.6359],[3.1925,47.6365],[3.1933,47.6359],[3.1929,47.635],[3.1922,47.6349],[3.1921,47.6335],[3.1918,47.6331],[3.1916,47.632],[3.1923,47.6315],[3.1923,47.6308],[3.192,47.63],[3.1917,47.6296],[3.1985,47.6295],[3.1974,47.6305],[3.1971,47.6317],[3.1985,47.633],[3.1994,47.6332],[3.2001,47.6342],[3.2004,47.6343],[3.2007,47.6342],[3.2014,47.6331],[3.202,47.6328],[3.2021,47.6354],[3.2021,47.6375],[3.2016,47.638],[3.2015,47.6399],[3.1998,47.6399]]]},"properties":{"id_ffco":"14065","nom":"Les Joumiers","_dept":"89","numero":"2023-D89-201","commune":"Saint-Sauveur-en-Puisaye","echelle":"1/4000","surface":"0.68 km²","format":"A4","annee":"2023","cartographes":"Fabrice THOMASSIN","proprietaire":"89 - Yonne","niveau":"Initiation, Scolaire","specialite":"CO à pied","latitude":"47.6351552941","longitude":"3.19627846704","date_saisie":"04/09/2023","valide":"Non","ppo":"Non","type_carte":"Nouvelle carte","fond":"Ortho","obsolete":false}},{"type":"Feature","geometry":{"type":"Polygon","coordinates":[[[3.7306,47.6666],[3.7314,47.6668],[3.7316,47.667],[3.7319,47.6672],[3.7322,47.6674],[3.7327,47.6677],[3.734,47.668],[3.7351,47.6682],[3.7357,47.6681],[3.7363,47.6677],[3.7369,47.6674],[3.7383,47.6667],[3.7388,47.6668],[3.7398,47.6667],[3.7398,47.6641],[3.7391,47.6638],[3.7381,47.6623],[3.7363,47.6619],[3.7344,47.6614],[3.7333,47.6614],[3.7322,47.6602],[3.7319,47.6601],[3.7317,47.66],[3.7317,47.6596],[3.7302,47.6595],[3.7299,47.66],[3.7295,47.6605],[3.729,47.6607],[3.7299,47.6613],[3.7305,47.6617],[3.7306,47.6647],[3.7306,47.6666]]]},"properties":{"id_ffco":"14064","nom":"Vermenton. Centre historique","_dept":"89","numero":"2023-D89-200","commune":"Vermenton","echelle":"1/4000","surface":"0.46 km²","format":"A4","annee":"2023","cartographes":"Fabrice THOMASSIN","proprietaire":"89 - Yonne","niveau":"Régional","specialite":"Sprint (ISSOM)","latitude":"47.6642641629","longitude":"3.7344503249","date_saisie":"04/09/2023","date_depot":"11/02/2025","valide":"Oui","ppo":"Non","type_carte":"Nouvelle carte","fond":"Ortho","obsolete":false}},{"type":"Feature","geometry":{"type":"Polygon","coordinates":[[[3.6865,47.6843],[3.687,47.6825],[3.6871,47.6815],[3.687,47.6811],[3.687,47.6806],[3.6871,47.6803],[3.6873,47.68],[3.6884,47.6801],[3.6897,47.6803],[3.6895,47.6805],[3.6903,47.6805],[3.6903,47.6804],[3.6913,47.6803],[3.6917,47.6803],[3.6916,47.6805],[3.6924,47.681],[3.6944,47.682],[3.6955,47.6827],[3.6953,47.6828],[3.6961,47.6833],[3.6947,47.6845],[3.6948,47.6846],[3.6945,47.6849],[3.6946,47.685],[3.6916,47.6852],[3.6909,47.6855],[3.6907,47.6854],[3.6904,47.6858],[3.6895,47.6855],[3.6879,47.6848],[3.6865,47.6843]]]},"properties":{"id_ffco":"14063","nom":"Cravant. Centre historique","_dept":"89","numero":"2023-D89-199","commune":"Deux Rivières","echelle":"1/4000","surface":"0.3 km²","format":"A4","annee":"2023","cartographes":"Francis MOINE","proprietaire":"89 - Yonne","niveau":"Régional","specialite":"Sprint (ISSOM)","latitude":"47.6829294439","longitude":"3.69073803466","date_saisie":"04/09/2023","date_depot":"11/02/2025","valide":"Oui","ppo":"Non","type_carte":"Nouvelle carte","fond":"Ortho","obsolete":false}},{"type":"Feature","geometry":{"type":"Polygon","coordinates":[[[3.9054,47.4897],[3.9053,47.4895],[3.9054,47.4894],[3.9055,47.4895],[3.9061,47.4895],[3.9063,47.4894],[3.9071,47.4895],[3.9075,47.4895],[3.9078,47.4895],[3.9081,47.4895],[3.9083,47.4895],[3.9086,47.4896],[3.9098,47.4891],[3.91,47.489],[3.91,47.4889],[3.9099,47.4887],[3.9099,47.4885],[3.9099,47.4883],[3.9099,47.488],[3.9103,47.4879],[3.91,47.4874],[3.9098,47.4872],[3.9098,47.4863],[3.9095,47.4856],[3.9095,47.4853],[3.9096,47.485],[3.9097,47.4841],[3.9097,47.4837],[3.9099,47.4835],[3.91,47.4833],[3.9095,47.4831],[3.9086,47.4826],[3.9085,47.4826],[3.9083,47.4826],[3.9079,47.4825],[3.9076,47.4824],[3.9075,47.4824],[3.9074,47.4824],[3.9069,47.4824],[3.9068,47.4823],[3.9066,47.4821],[3.9065,47.482],[3.9062,47.4819],[3.9059,47.482],[3.9057,47.4821],[3.9054,47.4823],[3.905,47.4826],[3.9046,47.483],[3.9045,47.4832],[3.9043,47.4832],[3.9037,47.4821],[3.9026,47.4824],[3.9021,47.4825],[3.9022,47.4827],[3.9025,47.483],[3.9026,47.4831],[3.9026,47.4832],[3.9028,47.4835],[3.9029,47.4837],[3.9031,47.4838],[3.9032,47.4839],[3.9029,47.4841],[3.9029,47.4845],[3.903,47.4846],[3.9028,47.4847],[3.9025,47.485],[3.9022,47.4854],[3.9021,47.4856],[3.902,47.4858],[3.9019,47.4862],[3.9019,47.4865],[3.9021,47.4868],[3.9022,47.4871],[3.9024,47.4875],[3.9026,47.4877],[3.9027,47.4879],[3.9027,47.4884],[3.9028,47.4889],[3.9028,47.4895],[3.903,47.4898],[3.9041,47.4898],[3.9054,47.4897],[3.9054,47.4897]]]},"properties":{"id_ffco":"14062","nom":"Les Deux Cousins","_dept":"89","numero":"2023-D89-198","commune":"Avallon","echelle":"1/4000","surface":"0.43 km²","format":"A4","annee":"2023","cartographes":"Arnaud DUPLESSIS","proprietaire":"89 - Yonne","niveau":"Régional","specialite":"Sprint (ISSOM)","latitude":"47.4860293223","longitude":"3.90606361041","date_saisie":"04/09/2023","date_depot":"11/02/2025","valide":"Oui","ppo":"Non","type_carte":"Reprise","base":"2013-D89-090 Avallon-Les Terreaux","fond":"Ortho","obsolete":false}},{"type":"Feature","geometry":{"type":"Polygon","coordinates":[[[3.2772,48.2901],[3.2778,48.2901],[3.2865,48.2914],[3.2901,48.2918],[3.2936,48.2922],[3.2955,48.2924],[3.2979,48.2924],[3.3017,48.2923],[3.3045,48.2924],[3.3054,48.2925],[3.3059,48.2928],[3.3061,48.2932],[3.306,48.2939],[3.3059,48.2974],[3.3048,48.3003],[3.3038,48.3009],[3.3024,48.3013],[3.2992,48.3016],[3.2955,48.3016],[3.2924,48.3013],[3.2856,48.3008],[3.2852,48.3008],[3.2844,48.3004],[3.2802,48.2995],[3.278,48.299],[3.2766,48.2985],[3.2768,48.2903],[3.2772,48.2901]]]},"properties":{"id_ffco":"13879","nom":"Le Ravin de la Perdrotte","_dept":"89","numero":"2023-D89-197","commune":"La Chapelle-sur-Oreuse","echelle":"1/7500","surface":"2.18 km²","format":"A4","annee":"2023","cartographes":"Fabrice THOMASSIN","proprietaire":"89 - Yonne","niveau":"Interrégional","specialite":"CO à pied","contacts":"CDCO 89, 06 45 11 08 27, cdco89@free.fr, http://cdco89.free.fr/index.php?option=com_content&view=section&id=8&Itemid=56","latitude":"48.2962035555","longitude":"3.2911244833","date_saisie":"08/03/2023","date_depot":"28/06/2023","valide":"Oui","ppo":"Non","type_carte":"Reprise","base":"2013-D89-085 Bois de la Pommeraie","fond":"Ortho","obsolete":false}},{"type":"Feature","geometry":{"type":"Polygon","coordinates":[[[3.276,48.1884],[3.2759,48.1883],[3.2757,48.1882],[3.2755,48.188],[3.2752,48.1877],[3.2744,48.1866],[3.2752,48.186],[3.2755,48.1856],[3.2756,48.1849],[3.2754,48.1844],[3.2748,48.1837],[3.2755,48.1829],[3.2751,48.1828],[3.2756,48.1823],[3.276,48.1825],[3.2757,48.1828],[3.2774,48.1832],[3.2828,48.1829],[3.2831,48.1822],[3.2862,48.1824],[3.2881,48.1826],[3.2869,48.1844],[3.2852,48.187],[3.2848,48.1877],[3.2845,48.1884],[3.2838,48.1883],[3.2828,48.1885],[3.2823,48.1884],[3.2818,48.1887],[3.2814,48.1888],[3.2802,48.1888],[3.2793,48.1885],[3.2785,48.1882],[3.2775,48.1884],[3.2763,48.1884],[3.276,48.1884]]]},"properties":{"id_ffco":"13883","nom":"Monsalé-Sud","_dept":"89","numero":"2023-D89-196","commune":"Sens","echelle":"1/4000","surface":"0.52 km²","format":"A4","annee":"2023","cartographes":"Aimé LOUAT,Fabrice THOMASSIN","proprietaire":"89 - Yonne","niveau":"Régional","specialite":"Sprint (ISSOM)","contacts":"CDCO 89, 06 45 11 08 27, cdco89@free.fr, http://cdco89.free.fr/index.php?option=com_content&view=section&id=8&Itemid=56","latitude":"48.185456088","longitude":"3.28090476961","date_saisie":"08/03/2023","date_depot":"28/06/2023","valide":"Oui","ppo":"Non","type_carte":"Nouvelle carte","fond":"Ortho","obsolete":false}},{"type":"Feature","geometry":null,"properties":{"id_ffco":"13882","nom":"Parc de l'Arbre Sec","_dept":"89","numero":"2023-D89-195","commune":"Auxerre","echelle":"1/4000","surface":"None km²","format":"A4","annee":"2023","cartographes":"Fabrice THOMASSIN","proprietaire":"89 - Yonne","niveau":"Départemental","specialite":"Sprint (ISSOM)","date_saisie":"08/03/2023","valide":"Non","ppo":"Non","type_carte":"Reprise","base":"2010-D89-066 Auxerre. Parc de l'Arbre Sec","fond":"Ortho","obsolete":false}},{"type":"Feature","geometry":{"type":"Polygon","coordinates":[[[3.3043,47.7575],[3.304,47.7567],[3.3035,47.7562],[3.3031,47.7561],[3.303,47.7557],[3.303,47.7556],[3.3032,47.755],[3.3033,47.7546],[3.3029,47.7537],[3.3013,47.7525],[3.3012,47.7519],[3.3012,47.751],[3.3016,47.7508],[3.3029,47.7493],[3.3035,47.7484],[3.3032,47.7482],[3.3041,47.7465],[3.3048,47.746],[3.3062,47.7455],[3.3073,47.7451],[3.3076,47.7453],[3.3081,47.7455],[3.3087,47.7457],[3.3093,47.7456],[3.31,47.7454],[3.311,47.7448],[3.3121,47.7442],[3.3132,47.7439],[3.3134,47.7435],[3.3137,47.7432],[3.3151,47.7431],[3.316,47.7433],[3.3157,47.7436],[3.3167,47.7447],[3.3171,47.7447],[3.3175,47.7451],[3.3177,47.7456],[3.317,47.7458],[3.3177,47.7477],[3.3182,47.7483],[3.3188,47.7488],[3.3189,47.7494],[3.3171,47.75],[3.317,47.7505],[3.3175,47.751],[3.3183,47.7516],[3.3172,47.7526],[3.3174,47.7529],[3.3156,47.7562],[3.3144,47.7578],[3.3145,47.7584],[3.3154,47.7595],[3.3153,47.7597],[3.3151,47.7599],[3.3143,47.7597],[3.3135,47.76],[3.3129,47.7609],[3.3122,47.7611],[3.3113,47.7611],[3.3102,47.7612],[3.3091,47.7617],[3.3078,47.762],[3.3071,47.7619],[3.3065,47.7618],[3.3041,47.7598],[3.3042,47.7595],[3.3044,47.7588],[3.3043,47.7575]]]},"properties":{"id_ffco":"13881","nom":"Toucy. Les Gilats","_dept":"89","numero":"2023-D89-194","commune":"Toucy","echelle":"1/7500","surface":"1.82 km²","format":"A4","annee":"2023","cartographes":"Fabrice THOMASSIN","proprietaire":"89 - Yonne","niveau":"Régional","specialite":"CO à pied","contacts":"La Pyramide du Loup, Les Gilats, 89130, Toucy, 09 54 94 64 47, contact@lapyramideduloup.com, https://www.lapyramideduloup.com/","latitude":"47.7524094379","longitude":"3.31010989195","date_saisie":"08/03/2023","date_depot":"11/02/2025","valide":"Oui","ppo":"Oui (31 postes)","type_carte":"Nouvelle carte","fond":"Ortho","obsolete":false}},{"type":"Feature","geometry":{"type":"Polygon","coordinates":[[[3.2703,48.1862],[3.2711,48.186],[3.2714,48.186],[3.2716,48.1862],[3.2714,48.1864],[3.2703,48.1868],[3.2688,48.1873],[3.2683,48.1876],[3.2679,48.1878],[3.2659,48.1879],[3.2654,48.1873],[3.2648,48.187],[3.2647,48.1868],[3.2637,48.1856],[3.2638,48.1854],[3.263,48.1844],[3.2625,48.1838],[3.262,48.1831],[3.2618,48.1827],[3.2617,48.1822],[3.2617,48.1814],[3.2615,48.1808],[3.2613,48.1802],[3.2612,48.1792],[3.261,48.1782],[3.2608,48.1777],[3.2605,48.1772],[3.2603,48.1765],[3.2604,48.1759],[3.2606,48.1756],[3.261,48.1753],[3.2618,48.175],[3.2628,48.1748],[3.264,48.1748],[3.2656,48.175],[3.2672,48.1753],[3.2683,48.1754],[3.2689,48.1754],[3.2694,48.1753],[3.2702,48.1765],[3.2706,48.1772],[3.271,48.1771],[3.2713,48.1777],[3.271,48.1778],[3.2705,48.178],[3.2705,48.1783],[3.2706,48.1796],[3.271,48.1812],[3.2683,48.1816],[3.2693,48.1853],[3.2703,48.1862]]]},"properties":{"id_ffco":"13880","nom":"Sens-Parc des Champs captants","_dept":"89","numero":"2023-D89-193","commune":"Sens","echelle":"1/5000","surface":"0.82 km²","format":"A4","annee":"2023","cartographes":"Fabrice THOMASSIN,Aimé LOUAT,Eric MAGNY","proprietaire":"89 - Yonne","niveau":"Départemental","specialite":"CO à pied","latitude":"48.180619739","longitude":"3.2658604316","date_saisie":"08/03/2023","date_depot":"11/02/2025","valide":"Oui","ppo":"Non","type_carte":"Nouvelle carte","fond":"Ortho","obsolete":false}},{"type":"Feature","geometry":{"type":"Polygon","coordinates":[[[3.3012,48.2045],[3.3025,48.2048],[3.3025,48.2048],[3.3051,48.2053],[3.3047,48.2062],[3.3051,48.2066],[3.3042,48.207],[3.3033,48.2065],[3.3018,48.2056],[3.3014,48.2054],[3.3009,48.2052],[3.3012,48.2045]]]},"properties":{"id_ffco":"13616","nom":"EPNAK-Sens","_dept":"89","numero":"2022-D89-192","commune":"Sens","echelle":"1/1500","surface":"0.04 km²","format":"A4","annee":"2022","cartographes":"Fabrice THOMASSIN","proprietaire":"89 - Yonne","niveau":"Initiation, Scolaire","specialite":"CO à pied","contacts":"CDCO 89, 06 45 11 08 27, cdco89@free.fr, http://cdco89.free.fr/index.php?option=com_content&view=section&id=8&Itemid=56","latitude":"48.2056464256","longitude":"3.30323408668","date_saisie":"16/10/2022","date_depot":"28/06/2023","valide":"Oui","ppo":"Non","type_carte":"Nouvelle carte","fond":"Ortho","obsolete":false}},{"type":"Feature","geometry":{"type":"Polygon","coordinates":[[[3.2982,48.1913],[3.2986,48.1912],[3.2987,48.1913],[3.2989,48.1914],[3.299,48.1914],[3.3001,48.1908],[3.3005,48.1904],[3.3018,48.1897],[3.3029,48.1891],[3.3027,48.1889],[3.3024,48.189],[3.3021,48.1881],[3.3019,48.187],[3.3019,48.1866],[3.3018,48.1857],[3.301,48.1856],[3.3001,48.1855],[3.2993,48.1855],[3.2985,48.1857],[3.2977,48.186],[3.2965,48.1863],[3.2954,48.1866],[3.2951,48.1866],[3.2951,48.1868],[3.2953,48.1871],[3.2954,48.1875],[3.2958,48.1875],[3.2958,48.1876],[3.2964,48.1876],[3.2971,48.1883],[3.2971,48.1885],[3.2967,48.1886],[3.2968,48.1887],[3.2956,48.1891],[3.2969,48.1908],[3.2976,48.1915],[3.2982,48.1913]]]},"properties":{"id_ffco":"13615","nom":"SENS-Complexe sportif René Binet","_dept":"89","numero":"2022-D89-191","commune":"Sens","echelle":"1/4000","surface":"0.25 km²","format":"A4","annee":"2022","cartographes":"Aimé LOUAT,Fabrice THOMASSIN","proprietaire":"89 - Yonne","niveau":"Initiation, Scolaire","specialite":"CO à pied","contacts":"CDCO 89, 06 45 11 08 27, cdco89@free.fr, http://cdco89.free.fr/index.php?option=com_content&view=section&id=8&Itemid=56","latitude":"48.18830046","longitude":"3.29904185718","date_saisie":"16/10/2022","date_depot":"28/06/2023","valide":"Oui","ppo":"Non","type_carte":"Reprise","base":"2015-D89-112 Complexe sportif René Binet","fond":"Ortho","obsolete":false}},{"type":"Feature","geometry":{"type":"Polygon","coordinates":[[[3.9958,47.7025],[3.996,47.7021],[3.9964,47.7011],[3.9968,47.7003],[3.9969,47.7],[3.9966,47.6997],[3.9966,47.6995],[3.9967,47.6994],[3.9984,47.6994],[3.9988,47.6995],[3.9992,47.6999],[3.9999,47.7005],[4.0,47.701],[4.0004,47.7013],[4.0007,47.7015],[4.0013,47.7017],[4.0019,47.7016],[4.0032,47.7012],[4.004,47.7008],[4.0049,47.7005],[4.0052,47.7005],[4.0054,47.7005],[4.0056,47.7007],[4.0057,47.7009],[4.0057,47.7035],[4.0055,47.7036],[4.0053,47.7037],[4.0038,47.7038],[4.0025,47.7039],[4.0016,47.704],[4.0011,47.704],[4.0007,47.704],[4.0003,47.7039],[3.9996,47.7034],[3.9992,47.7032],[3.9988,47.7033],[3.9973,47.7033],[3.9968,47.7033],[3.9963,47.7032],[3.996,47.7029],[3.9958,47.7025]]]},"properties":{"id_ffco":"13533","nom":"Noyers. Le plateau du Vieux château","_dept":"89","numero":"2022-D89-190","commune":"Noyers-sur-Serein","echelle":"1/2500","surface":"0.24 km²","format":"A4","annee":"2022","cartographes":"Fabrice THOMASSIN","proprietaire":"89 - Yonne","niveau":"Régional","specialite":"CO à pied","contacts":"CDCO 89, 06 45 11 08 27, cdco89@free.fr, http://cdco89.free.fr/index.php?option=com_content&view=section&id=8&Itemid=56","latitude":"47.7020382728","longitude":"4.000725267","date_saisie":"23/08/2022","date_depot":"28/06/2023","valide":"Oui","ppo":"Non","type_carte":"Reprise","base":"2016-D89-124 Noyers-Cité médiévale","fond":"IGN","ref_ign":"2820-Ouest","obsolete":false}},{"type":"Feature","geometry":{"type":"Polygon","coordinates":[[[3.2815,48.1982],[3.2823,48.198],[3.2823,48.1978],[3.2815,48.1976],[3.2815,48.1976],[3.2814,48.1982],[3.2815,48.1982]]]},"properties":{"id_ffco":"13532","nom":"Sens. Marché couvert","_dept":"89","numero":"2022-D89-189","commune":"Sens","echelle":"1/700","surface":"0.0 km²","format":"A4","annee":"2022","cartographes":"Fabrice THOMASSIN","proprietaire":"89 - Yonne","niveau":"Initiation, Scolaire","specialite":"CO à pied","contacts":"CDCO 89, 06 45 11 08 27, cdco89@free.fr, http://cdco89.free.fr/index.php?option=com_content&view=section&id=8&Itemid=56","latitude":"48.19788779","longitude":"3.28180385857","date_saisie":"23/08/2022","date_depot":"28/06/2023","valide":"Oui","ppo":"Non","type_carte":"Nouvelle carte","fond":"Cadastre","obsolete":false}},{"type":"Feature","geometry":{"type":"Polygon","coordinates":[[[3.9487,47.6068],[3.9482,47.6068],[3.9386,47.6068],[3.9382,47.6061],[3.9372,47.605],[3.9359,47.6034],[3.9355,47.6015],[3.9351,47.6002],[3.9351,47.5999],[3.9353,47.5994],[3.9357,47.5991],[3.9415,47.5991],[3.9441,47.6001],[3.9465,47.6015],[3.9476,47.6029],[3.9481,47.6032],[3.9486,47.6034],[3.9492,47.6035],[3.9498,47.6034],[3.9507,47.6031],[3.9512,47.6032],[3.9514,47.6032],[3.9515,47.6033],[3.9516,47.6035],[3.9515,47.6037],[3.9508,47.605],[3.9503,47.6059],[3.9492,47.6067],[3.9487,47.6068]]]},"properties":{"id_ffco":"13531","nom":"Coutarnoux. Les Bois de Champ Retard","_dept":"89","numero":"2022-D89-188","commune":"Coutarnoux","echelle":"1/5000","surface":"0.75 km²","format":"A4","annee":"2022","cartographes":"Fabrice THOMASSIN","proprietaire":"89 - Yonne","niveau":"Régional","specialite":"CO à pied","contacts":"AB Loisirs, Rue du Gravier, 89450, Saint Père sous Vézelay, 0386333838, http://www.abloisirs.com/","latitude":"47.6032767621","longitude":"3.94241456626","date_saisie":"23/08/2022","date_depot":"28/06/2023","valide":"Oui","ppo":"Oui (35 postes)","type_carte":"Reprise","base":"2010-D89-071 Hervaux 2","fond":"IGN","ref_ign":"2721-Est","obsolete":false}},{"type":"Feature","geometry":{"type":"Polygon","coordinates":[[[3.5817,47.8468],[3.5827,47.8471],[3.584,47.8475],[3.5848,47.8478],[3.5858,47.8481],[3.5866,47.8483],[3.5873,47.8487],[3.5876,47.8488],[3.5879,47.8492],[3.5876,47.8502],[3.5873,47.8505],[3.5871,47.8508],[3.5867,47.8509],[3.5866,47.8514],[3.5878,47.8515],[3.5909,47.8515],[3.5945,47.8518],[3.5954,47.8519],[3.5965,47.852],[3.5971,47.8519],[3.5977,47.8517],[3.6003,47.8505],[3.6009,47.8502],[3.6017,47.8498],[3.6025,47.8492],[3.6044,47.8471],[3.6033,47.8456],[3.5994,47.8403],[3.5991,47.8399],[3.599,47.8397],[3.5991,47.8394],[3.5994,47.8391],[3.5982,47.8385],[3.5979,47.8381],[3.5978,47.8378],[3.5977,47.8373],[3.5974,47.8369],[3.5968,47.8365],[3.5962,47.8363],[3.5955,47.8361],[3.5949,47.836],[3.5943,47.8357],[3.5938,47.8352],[3.5929,47.8337],[3.5927,47.8338],[3.5926,47.8341],[3.5924,47.8346],[3.5921,47.835],[3.5913,47.8354],[3.5909,47.8356],[3.5906,47.8358],[3.5905,47.8361],[3.5903,47.8371],[3.5903,47.8382],[3.5903,47.8388],[3.59,47.8399],[3.5896,47.8407],[3.5893,47.8416],[3.5884,47.8421],[3.588,47.8423],[3.5861,47.8421],[3.5854,47.8421],[3.5852,47.8424],[3.5844,47.8448],[3.5826,47.8445],[3.5822,47.8456],[3.5818,47.846],[3.5817,47.8468]]]},"properties":{"id_ffco":"13394","nom":"Le Thureau-VTT","_dept":"89","numero":"2022-D89-187","commune":"Monéteau","echelle":"1/7500","surface":"1.84 km²","format":"A4","annee":"2022","cartographes":"Jean Charles LALEVEE","proprietaire":"89 - Yonne","niveau":"Régional","specialite":"CO à VTT","latitude":"47.8446958621","longitude":"3.59375213809","date_saisie":"19/05/2022","date_depot":"22/06/2022","valide":"Oui","ppo":"Non","type_carte":"Reprise","base":"2019-D89-160 Monéteau-Forêt du Thureau","fond":"Ortho","obsolete":false}},{"type":"Feature","geometry":{"type":"Polygon","coordinates":[[[3.2543,48.1853],[3.254,48.1849],[3.2537,48.1845],[3.2534,48.1843],[3.2527,48.1838],[3.2522,48.1836],[3.2514,48.1835],[3.2515,48.1829],[3.2533,48.1829],[3.254,48.183],[3.255,48.1831],[3.2571,48.1832],[3.2573,48.1837],[3.2577,48.1841],[3.2578,48.1843],[3.2577,48.1844],[3.2575,48.1848],[3.2573,48.1856],[3.257,48.1859],[3.2566,48.1863],[3.2561,48.1865],[3.2555,48.1865],[3.2546,48.1857],[3.2543,48.1853]]]},"properties":{"id_ffco":"13393","nom":"Paron. Complexe sportif Roger Treillé","_dept":"89","numero":"2021-D89-186","commune":"Paron","echelle":"1/2000","surface":"0.11 km²","format":"A4","annee":"2021","cartographes":"Fabrice THOMASSIN","proprietaire":"89 - Yonne","niveau":"Initiation, Scolaire","specialite":"CO à pied","contacts":"CDCO 89, 06 45 11 08 27, cdco89@free.fr, http://cdco89.free.fr/index.php?option=com_content&view=section&id=8&Itemid=56","latitude":"48.1843703478","longitude":"3.25519038898","date_saisie":"19/05/2022","date_depot":"28/06/2023","valide":"Oui","ppo":"Non","type_carte":"Extrait","base":"2021-D89-185 La Côte de Paron","fond":"Ortho","obsolete":false}},{"type":"Feature","geometry":{"type":"Polygon","coordinates":[[[3.2479,48.1805],[3.2483,48.1809],[3.248,48.1816],[3.2483,48.1821],[3.2489,48.1823],[3.2485,48.1827],[3.2481,48.1826],[3.2479,48.1828],[3.2479,48.1834],[3.2482,48.1836],[3.2481,48.1852],[3.2486,48.1857],[3.2483,48.1864],[3.2492,48.1865],[3.2533,48.1877],[3.2568,48.1876],[3.2623,48.1877],[3.2618,48.1865],[3.2605,48.1844],[3.2597,48.1827],[3.2589,48.181],[3.2584,48.1792],[3.2574,48.1793],[3.2562,48.1792],[3.2483,48.1784],[3.2478,48.1803],[3.2479,48.1805]]]},"properties":{"id_ffco":"13037","nom":"La Côte de Paron","_dept":"89","numero":"2021-D89-185","commune":"Paron","echelle":"1/5000","surface":"0.84 km²","format":"A4","annee":"2021","cartographes":"Jacques SELLIER,Fabrice THOMASSIN","proprietaire":"89 - Yonne","niveau":"Régional","specialite":"CO à pied","contacts":"CDCO 89, 06 45 11 08 27, cdco89@free.fr, http://cdco89.free.fr/index.php?option=com_content&view=section&id=8&Itemid=56","latitude":"48.1834003658","longitude":"3.25427139662","date_saisie":"23/11/2021","date_depot":"28/06/2023","valide":"Oui","ppo":"Non","type_carte":"Nouvelle carte","fond":"Ortho","obsolete":false}},{"type":"Feature","geometry":{"type":"Polygon","coordinates":[[[3.9717,47.859],[3.9718,47.8589],[3.9722,47.8588],[3.9728,47.8586],[3.9735,47.8584],[3.9736,47.8583],[3.9737,47.8583],[3.9737,47.8583],[3.9739,47.8587],[3.974,47.8588],[3.9741,47.8588],[3.9743,47.8587],[3.9748,47.8586],[3.9752,47.859],[3.9738,47.8594],[3.9734,47.8596],[3.9731,47.8596],[3.9725,47.8598],[3.9716,47.8602],[3.9715,47.86],[3.9716,47.86],[3.9715,47.8599],[3.9714,47.8598],[3.9714,47.8597],[3.9713,47.8595],[3.9715,47.8593],[3.9716,47.8591],[3.9717,47.859]]]},"properties":{"id_ffco":"12974","nom":"Tonnerre. Square du Pâtis","_dept":"89","numero":"2021-D89-184","commune":"Tonnerre","echelle":"1/1000","surface":"0.03 km²","format":"A4","annee":"2021","cartographes":"Emeline MOINE,Francis MOINE","proprietaire":"89 - Yonne","niveau":"Initiation, Scolaire","specialite":"CO à pied","latitude":"47.8591760561","longitude":"3.97298460869","date_saisie":"31/10/2021","date_depot":"22/06/2022","valide":"Oui","ppo":"Non","type_carte":"Extrait","base":"2020-D89-175 Tonnerre-Centre-Historique","fond":"Cadastre","obsolete":false}},{"type":"Feature","geometry":{"type":"Polygon","coordinates":[[[3.6515,47.7914],[3.6512,47.7913],[3.6515,47.7897],[3.6517,47.7897],[3.6519,47.7897],[3.6523,47.7896],[3.6527,47.7896],[3.6552,47.7893],[3.6554,47.7893],[3.6554,47.7894],[3.6557,47.7901],[3.656,47.7905],[3.6558,47.7905],[3.6564,47.7916],[3.656,47.7917],[3.6559,47.792],[3.6564,47.7925],[3.6564,47.7926],[3.6539,47.7926],[3.6538,47.793],[3.6533,47.793],[3.6533,47.7929],[3.6521,47.7928],[3.6522,47.7924],[3.6514,47.7924],[3.6515,47.7914]]]},"properties":{"id_ffco":"12973","nom":"Venoy-LEGTPA La Brosse-2","_dept":"89","numero":"2021-D89-183","commune":"Venoy","echelle":"1/2000","surface":"0.12 km²","format":"A4","annee":"2021","cartographes":"Fabrice THOMASSIN","proprietaire":"89 - Yonne","niveau":"Initiation, Scolaire","specialite":"CO à pied","latitude":"47.7911307441","longitude":"3.65374056183","date_saisie":"31/10/2021","date_depot":"22/06/2022","valide":"Oui","ppo":"Non","type_carte":"Reprise","base":"2014-D89-104 Venoy-LEGTPA La Brosse","fond":"Ortho","obsolete":false}},{"type":"Feature","geometry":{"type":"Polygon","coordinates":[[[3.9828,47.8676],[3.9849,47.8682],[3.9869,47.869],[3.9874,47.8698],[3.9877,47.8703],[3.9878,47.8709],[3.9881,47.8715],[3.9884,47.872],[3.9888,47.8725],[3.9894,47.8734],[3.9896,47.8743],[3.9897,47.8749],[3.9901,47.8756],[3.9909,47.8763],[3.9917,47.877],[3.9917,47.8771],[3.9916,47.8772],[3.991,47.8774],[3.9905,47.8776],[3.9898,47.8777],[3.9891,47.8779],[3.9882,47.878],[3.9835,47.8779],[3.9792,47.8779],[3.9782,47.8779],[3.9771,47.8776],[3.9762,47.8773],[3.9754,47.8771],[3.9748,47.8769],[3.9737,47.8765],[3.9729,47.8761],[3.9724,47.8756],[3.9718,47.8751],[3.9715,47.8744],[3.9714,47.8739],[3.9715,47.8734],[3.9717,47.873],[3.9721,47.872],[3.9725,47.8712],[3.9734,47.8701],[3.9735,47.8699],[3.9734,47.8698],[3.9731,47.8695],[3.9731,47.8691],[3.9733,47.8685],[3.9758,47.8676],[3.9828,47.8676]]]},"properties":{"id_ffco":"12972","nom":"Epineuil","_dept":"89","numero":"2021-D89-182","commune":"Epineuil","echelle":"1/4000","surface":"1.34 km²","format":"A3","annee":"2021","cartographes":"Francis MOINE","proprietaire":"89 - Yonne","niveau":"Départemental","specialite":"Sprint (ISSOM)","contacts":"CDCO 89, 06 45 11 08 27, cdco89@free.fr, http://cdco89.free.fr/index.php?option=com_content&view=section&id=8&Itemid=56","latitude":"47.8730683514","longitude":"3.98089048144","date_saisie":"31/10/2021","date_depot":"28/06/2023","valide":"Oui","ppo":"Non","type_carte":"Nouvelle carte","fond":"Cadastre","obsolete":false}},{"type":"Feature","geometry":{"type":"Polygon","coordinates":[[[3.9819,47.6861],[3.9826,47.6861],[3.9841,47.6879],[3.9833,47.6885],[3.9859,47.6904],[3.9878,47.6907],[3.9887,47.6912],[3.9892,47.6912],[3.99,47.6904],[3.9913,47.6896],[3.9916,47.6898],[3.9921,47.6895],[3.9916,47.6889],[3.992,47.6878],[3.9924,47.6874],[3.9912,47.6866],[3.991,47.6866],[3.9898,47.6859],[3.9888,47.6855],[3.9881,47.6851],[3.987,47.6844],[3.9851,47.6836],[3.9847,47.6841],[3.9838,47.6839],[3.9833,47.6838],[3.9827,47.6846],[3.9822,47.6851],[3.9819,47.6851],[3.9814,47.685],[3.9812,47.6843],[3.9796,47.6842],[3.9793,47.6847],[3.9797,47.6848],[3.9798,47.6855],[3.9802,47.6862],[3.9809,47.6861],[3.9811,47.6865],[3.9818,47.6863],[3.9819,47.6861]]]},"properties":{"id_ffco":"12881","nom":"Les Survignes 3","_dept":"89","numero":"2021-D89-181","commune":"Noyers-sur-Serein","echelle":"1/4000","surface":"0.42 km²","format":"A4","annee":"2021","cartographes":"Fabrice THOMASSIN","proprietaire":"89 - Yonne","niveau":"Régional","specialite":"CO à pied","latitude":"47.6872548913","longitude":"3.98661914776","date_saisie":"19/09/2021","date_depot":"22/06/2022","valide":"Oui","ppo":"Oui (60 postes)","type_carte":"Reprise","base":"2009-D89-063 NOYERS sur SEREIN Les Survignes","fond":"Ortho","obsolete":false}},{"type":"Feature","geometry":{"type":"Polygon","coordinates":[[[3.2512,48.1859],[3.2502,48.1855],[3.2489,48.1851],[3.2484,48.1848],[3.2483,48.1845],[3.2484,48.1841],[3.2485,48.1836],[3.2487,48.1832],[3.249,48.1829],[3.2495,48.1826],[3.2501,48.1825],[3.2511,48.1826],[3.2521,48.1826],[3.2534,48.1826],[3.2544,48.1827],[3.2547,48.1831],[3.2549,48.1833],[3.2555,48.1836],[3.2542,48.1853],[3.2536,48.1857],[3.2527,48.1861],[3.2512,48.1861],[3.2512,48.1859]]]},"properties":{"id_ffco":"12243","nom":"Paron. Bois de St-Bond","_dept":"89","numero":"2020-D89-180","commune":"Paron","echelle":"1/2000","surface":"0.16 km²","format":"A4","annee":"2020","cartographes":"Jacques SELLIER,Fabrice THOMASSIN","proprietaire":"89 - Yonne","niveau":"Initiation, Scolaire","specialite":"CO à pied","latitude":"48.1841659664","longitude":"3.25177290417","date_saisie":"30/10/2020","date_depot":"22/06/2022","valide":"Oui","ppo":"Oui (30 postes)","type_carte":"Reprise","base":"2009-D89-057 PARON-Bois de Saint Bond","fond":"Ortho","obsolete":false}},{"type":"Feature","geometry":{"type":"Polygon","coordinates":[[[3.7292,47.6672],[3.7296,47.6671],[3.7303,47.6669],[3.7304,47.6668],[3.73,47.6668],[3.7298,47.6666],[3.7293,47.6666],[3.729,47.666],[3.729,47.6657],[3.7287,47.6653],[3.7283,47.6651],[3.7278,47.6646],[3.7274,47.6643],[3.7266,47.6643],[3.7266,47.6645],[3.7269,47.6646],[3.7269,47.6652],[3.7271,47.6655],[3.727,47.6659],[3.7273,47.6666],[3.7275,47.6669],[3.7276,47.6672],[3.7274,47.6674],[3.7273,47.6676],[3.7277,47.6678],[3.7279,47.6676],[3.7287,47.6674],[3.7292,47.6672]]]},"properties":{"id_ffco":"12242","nom":"Vermenton-Le Parc des îles","_dept":"89","numero":"2020-D89-179","commune":"Vermenton","echelle":"1/1500","surface":"0.05 km²","format":"A4","annee":"2020","cartographes":"Fabrice THOMASSIN","proprietaire":"89 - Yonne","niveau":"Initiation, Scolaire","specialite":"CO à pied","latitude":"47.6660944482","longitude":"3.72810773751","date_saisie":"30/10/2020","date_depot":"22/01/2021","valide":"Oui","ppo":"Non","type_carte":"Nouvelle carte","fond":"Ortho","obsolete":false}},{"type":"Feature","geometry":{"type":"Polygon","coordinates":[[[3.739,47.6674],[3.741,47.6679],[3.7414,47.668],[3.742,47.6672],[3.7408,47.6666],[3.7405,47.6664],[3.7395,47.6662],[3.7392,47.6664],[3.739,47.6669],[3.739,47.6672],[3.739,47.6674],[3.739,47.6674]]]},"properties":{"id_ffco":"12241","nom":"Vermenton-Collège André Leroi-Gourhan","_dept":"89","numero":"2020-D89-178","commune":"Vermenton","echelle":"1/1500","surface":"0.03 km²","format":"A4","annee":"2020","cartographes":"Fabrice THOMASSIN","proprietaire":"89 - Yonne","niveau":"Initiation, Scolaire","specialite":"CO à pied","latitude":"47.6671073012","longitude":"3.74034001668","date_saisie":"30/10/2020","date_depot":"22/01/2021","valide":"Oui","ppo":"Non","type_carte":"Nouvelle carte","fond":"Ortho","obsolete":false}},{"type":"Feature","geometry":{"type":"Polygon","coordinates":[[[3.9282,47.4879],[3.9272,47.4874],[3.9253,47.4841],[3.9223,47.4791],[3.9212,47.4792],[3.9173,47.4774],[3.9174,47.4762],[3.9205,47.4752],[3.9234,47.4757],[3.9236,47.4762],[3.9241,47.4765],[3.9276,47.476],[3.9305,47.4761],[3.932,47.4759],[3.9339,47.4754],[3.9368,47.4763],[3.9357,47.4785],[3.9374,47.4801],[3.94,47.48],[3.94,47.4819],[3.939,47.4827],[3.9389,47.4839],[3.9387,47.4848],[3.9387,47.4859],[3.9322,47.488],[3.9289,47.4884],[3.9282,47.4879]]]},"properties":{"id_ffco":"12240","nom":"Le Bois Dieu - 3","_dept":"89","numero":"2020-D89-177","commune":"Avallon","echelle":"1/7500","surface":"1.48 km²","format":"A4","annee":"2020","cartographes":"Arnaud DUPLESSIS","proprietaire":"89 - Yonne","niveau":"Régional","specialite":"CO à pied","latitude":"47.4811733219","longitude":"3.93010837947","date_saisie":"30/10/2020","date_depot":"22/01/2021","valide":"Oui","ppo":"Non","type_carte":"Reprise","base":"2016-D89-121 Le Bois Dieu 2","fond":"Ortho","obsolete":false}},{"type":"Feature","geometry":{"type":"Polygon","coordinates":[[[3.3366,47.7222],[3.3361,47.7223],[3.3358,47.7221],[3.3354,47.721],[3.3343,47.7201],[3.3345,47.7199],[3.3322,47.7183],[3.3324,47.7179],[3.3348,47.7179],[3.3354,47.7182],[3.3378,47.7195],[3.3412,47.7195],[3.3436,47.7181],[3.3442,47.7185],[3.3458,47.7179],[3.3465,47.7184],[3.3457,47.7189],[3.3461,47.7193],[3.3465,47.7193],[3.3468,47.7194],[3.3477,47.7203],[3.349,47.7198],[3.3493,47.7202],[3.3482,47.7208],[3.3503,47.7228],[3.3531,47.7245],[3.3537,47.7243],[3.3544,47.7243],[3.3539,47.7247],[3.353,47.7262],[3.3527,47.7265],[3.3519,47.7268],[3.3511,47.727],[3.3497,47.7275],[3.3485,47.728],[3.3469,47.7285],[3.3453,47.7286],[3.3436,47.7285],[3.3429,47.7284],[3.3422,47.7283],[3.3418,47.7284],[3.3407,47.7284],[3.3402,47.7283],[3.3401,47.7281],[3.3395,47.7279],[3.3387,47.7279],[3.337,47.728],[3.3374,47.7248],[3.338,47.7248],[3.3386,47.7238],[3.3386,47.723],[3.3366,47.7222]]]},"properties":{"id_ffco":"12084","nom":"DIGES-Le Bois de Sauilly","_dept":"89","numero":"2020-D89-176","commune":"Diges","echelle":"1/7500","surface":"1.1 km²","format":"A4","annee":"2020","cartographes":"Fabrice THOMASSIN","proprietaire":"89 - Yonne","niveau":"Départemental","specialite":"CO à pied","latitude":"47.72354671","longitude":"3.34356021975","date_saisie":"04/08/2020","date_depot":"22/01/2021","valide":"Oui","ppo":"Non","type_carte":"Nouvelle carte","fond":"IGN","ref_ign":"2620 Ouest","obsolete":false}},{"type":"Feature","geometry":{"type":"Polygon","coordinates":[[[3.9785,47.8544],[3.9794,47.8541],[3.9793,47.853],[3.9797,47.8529],[3.9788,47.8521],[3.9783,47.8513],[3.9772,47.8505],[3.976,47.8497],[3.9728,47.8497],[3.971,47.8504],[3.9703,47.8512],[3.9705,47.852],[3.9705,47.8525],[3.9701,47.8528],[3.9689,47.8531],[3.9682,47.8532],[3.9676,47.8531],[3.9671,47.8531],[3.9669,47.8532],[3.9668,47.8534],[3.9661,47.8545],[3.9646,47.8551],[3.9638,47.8554],[3.9634,47.8559],[3.9639,47.8563],[3.9644,47.857],[3.9646,47.8576],[3.9647,47.8581],[3.9646,47.8585],[3.9642,47.8587],[3.9641,47.8589],[3.9642,47.8591],[3.9648,47.8592],[3.9654,47.8595],[3.9656,47.8596],[3.9657,47.8599],[3.9657,47.8602],[3.9658,47.8605],[3.9657,47.8608],[3.9698,47.8608],[3.9729,47.8598],[3.9769,47.8585],[3.9794,47.8576],[3.9818,47.8569],[3.981,47.854],[3.9791,47.8546],[3.979,47.8548],[3.9789,47.8549],[3.9785,47.8544]]]},"properties":{"id_ffco":"12244","nom":"Tonnerre-Centre-Historique","_dept":"89","numero":"2020-D89-175","commune":"Tonnerre","echelle":"1/4000","surface":"1.06 km²","format":"A4","annee":"2020","cartographes":"Emeline MOINE,Francis MOINE","proprietaire":"89 - Yonne","niveau":"Départemental","specialite":"Sprint (ISSOM)","latitude":"47.8555523891","longitude":"3.97252251406","date_saisie":"30/10/2020","date_depot":"22/01/2021","valide":"Oui","ppo":"Non","type_carte":"Nouvelle carte","fond":"Cadastre","obsolete":false}},{"type":"Feature","geometry":{"type":"Polygon","coordinates":[[[3.3011,48.2024],[3.303,48.2006],[3.3043,48.2007],[3.3053,48.2009],[3.3065,48.201],[3.3093,48.2012],[3.3103,48.2013],[3.3107,48.2014],[3.3109,48.2015],[3.3109,48.2017],[3.3108,48.2019],[3.3106,48.2021],[3.31,48.203],[3.3098,48.2036],[3.3089,48.2036],[3.3053,48.2035],[3.305,48.2033],[3.3048,48.2032],[3.3046,48.2031],[3.3011,48.2024]]]},"properties":{"id_ffco":"12052","nom":"Sens. Lycées Janot et Curie","_dept":"89","numero":"2020-D89-174","commune":"Sens","echelle":"1/2500","surface":"0.16 km²","format":"A4","annee":"2020","cartographes":"Sylvain CORDIER,Emmanuel AGOSTINI,Fabrice THOMASSIN","proprietaire":"89 - Yonne","niveau":"Initiation, Scolaire","specialite":"CO à pied","latitude":"48.2021252006","longitude":"3.30621914932","date_saisie":"21/05/2020","date_depot":"22/06/2022","valide":"Oui","ppo":"Non","type_carte":"Nouvelle carte","fond":"Cadastre","obsolete":false}},{"type":"Feature","geometry":{"type":"Polygon","coordinates":[[[3.2273,48.2129],[3.2262,48.213],[3.2248,48.2133],[3.2238,48.2139],[3.223,48.2147],[3.2226,48.2156],[3.2224,48.2165],[3.2216,48.2165],[3.2212,48.2164],[3.2208,48.2164],[3.22,48.2167],[3.2191,48.2173],[3.2185,48.2179],[3.2181,48.2186],[3.218,48.2195],[3.2088,48.2201],[3.2049,48.2202],[3.2049,48.2219],[3.204,48.2219],[3.2006,48.222],[3.1975,48.2221],[3.1964,48.2223],[3.1954,48.2226],[3.1939,48.2232],[3.1914,48.2241],[3.1897,48.2245],[3.1875,48.2249],[3.1856,48.2253],[3.1841,48.2256],[3.1835,48.2257],[3.183,48.2256],[3.182,48.2253],[3.1816,48.2252],[3.181,48.2252],[3.18,48.2252],[3.1791,48.2252],[3.1791,48.2231],[3.1755,48.2224],[3.1755,48.2216],[3.1747,48.2216],[3.1735,48.2212],[3.1736,48.2198],[3.1749,48.2188],[3.1757,48.2176],[3.1761,48.2166],[3.1759,48.2154],[3.175,48.214],[3.1738,48.2131],[3.1737,48.2013],[3.1736,48.1933],[3.1753,48.192],[3.1767,48.1903],[3.18,48.1881],[3.1805,48.1876],[3.184,48.1877],[3.1927,48.1938],[3.1929,48.1935],[3.1929,48.1931],[3.1923,48.1923],[3.1921,48.1919],[3.192,48.1914],[3.1911,48.1898],[3.1915,48.1882],[3.1914,48.1874],[3.2015,48.1874],[3.2032,48.1886],[3.2035,48.1889],[3.2035,48.189],[3.2034,48.1892],[3.2025,48.1903],[3.2024,48.1905],[3.2024,48.1916],[3.2026,48.1921],[3.2024,48.1926],[3.2019,48.1933],[3.2021,48.1935],[3.2031,48.1938],[3.2041,48.1939],[3.2053,48.1939],[3.2063,48.1938],[3.2068,48.1939],[3.2079,48.1944],[3.2085,48.1948],[3.2102,48.195],[3.2104,48.1946],[3.2113,48.1948],[3.2126,48.1952],[3.2142,48.1955],[3.2155,48.1955],[3.2164,48.1956],[3.2171,48.1953],[3.2179,48.1952],[3.219,48.1951],[3.2198,48.1952],[3.2204,48.1954],[3.2211,48.1955],[3.2214,48.1956],[3.2219,48.1959],[3.222,48.1961],[3.2221,48.1965],[3.2223,48.1967],[3.2227,48.1969],[3.2232,48.1967],[3.2242,48.1964],[3.2251,48.1962],[3.2263,48.1959],[3.2293,48.1959],[3.2302,48.1961],[3.2311,48.1961],[3.2323,48.1964],[3.2333,48.1965],[3.2321,48.1882],[3.2345,48.1882],[3.2371,48.1883],[3.2384,48.1884],[3.2397,48.1883],[3.2396,48.1907],[3.2391,48.1914],[3.2389,48.1919],[3.239,48.1929],[3.2393,48.193],[3.2395,48.1932],[3.2397,48.1933],[3.2401,48.1934],[3.242,48.1931],[3.243,48.1931],[3.2445,48.1929],[3.245,48.1927],[3.2453,48.1925],[3.2456,48.1924],[3.2466,48.1925],[3.2479,48.1924],[3.2492,48.1922],[3.2504,48.1919],[3.2507,48.1918],[3.2514,48.1915],[3.2516,48.1918],[3.2522,48.1922],[3.2529,48.1928],[3.2532,48.1931],[3.2535,48.1934],[3.2536,48.1936],[3.2537,48.1941],[3.2541,48.1946],[3.2547,48.1954],[3.2551,48.196],[3.2552,48.1969],[3.2554,48.1976],[3.2557,48.1979],[3.2562,48.1978],[3.257,48.1975],[3.2576,48.1972],[3.2582,48.1971],[3.2585,48.2065],[3.2566,48.2064],[3.2546,48.2062],[3.2527,48.2059],[3.2507,48.2055],[3.2491,48.2052],[3.2474,48.2047],[3.2457,48.2042],[3.2447,48.2036],[3.2427,48.2025],[3.2406,48.2018],[3.2393,48.2013],[3.2388,48.2012],[3.2385,48.2013],[3.2382,48.2014],[3.238,48.2017],[3.2379,48.2024],[3.2381,48.203],[3.2385,48.2035],[3.2396,48.2043],[3.2409,48.2049],[3.2416,48.2057],[3.2415,48.2065],[3.2408,48.2074],[3.2406,48.2081],[3.2407,48.2086],[3.2412,48.2092],[3.2464,48.2121],[3.2529,48.2157],[3.2581,48.2187],[3.2566,48.2195],[3.2551,48.2202],[3.254,48.2207],[3.2527,48.221],[3.2514,48.2212],[3.2494,48.2214],[3.2476,48.2215],[3.245,48.2215],[3.2435,48.2216],[3.2427,48.2215],[3.2419,48.2215],[3.2409,48.2217],[3.2396,48.2222],[3.2382,48.2225],[3.2373,48.221],[3.2353,48.2184],[3.2342,48.2169],[3.2332,48.2159],[3.2323,48.2153],[3.2309,48.214],[3.2293,48.2129],[3.2273,48.2129]]]},"properties":{"id_ffco":"12050","nom":"Les Chollets-VTT","_dept":"89","numero":"2020-D89-172","commune":"St-Martin-du-Tertre","echelle":"1/15000","surface":"18.36 km²","format":"A3","annee":"2020","cartographes":"Jacques SELLIER,Aimé LOUAT","proprietaire":"89 - Yonne","niveau":"Régional","specialite":"CO à VTT","latitude":"48.2060838475","longitude":"3.21074894012","date_saisie":"21/05/2020","date_depot":"22/01/2021","valide":"Oui","ppo":"Non","type_carte":"Reprise","base":"2017-D89-137 De Villebougis à St-Martin-VTT","fond":"Cadastre","obsolete":false}},{"type":"Feature","geometry":{"type":"Polygon","coordinates":[[[3.6335,47.5217],[3.6329,47.5223],[3.6339,47.5227],[3.6337,47.5237],[3.6338,47.5244],[3.6333,47.5253],[3.634,47.5254],[3.6341,47.525],[3.634,47.5244],[3.6349,47.5245],[3.6354,47.5234],[3.6359,47.523],[3.6366,47.5223],[3.637,47.5219],[3.6373,47.5215],[3.6373,47.5209],[3.6373,47.5207],[3.6373,47.5205],[3.6368,47.5198],[3.6366,47.5198],[3.6363,47.5197],[3.6361,47.5194],[3.6352,47.5194],[3.6351,47.5195],[3.635,47.5193],[3.6344,47.5181],[3.6338,47.5183],[3.6345,47.5192],[3.635,47.5203],[3.6352,47.5211],[3.6342,47.5209],[3.6335,47.5217]]]},"properties":{"id_ffco":"12049","nom":"Le Jardin des Alouettes","_dept":"89","numero":"2020-D89-171","commune":"Châtel-Censoir","echelle":"1/3000","surface":"0.11 km²","format":"A4","annee":"2020","cartographes":"Fabrice THOMASSIN,Paul HALLET","proprietaire":"89 - Yonne","niveau":"Initiation, Scolaire","specialite":"CO à pied","contacts":"Kate et Olivier HALLET, Le Moulin des Alouettes, Route d'Asnières, 89660, Châtel-Censoir, 09 88 18 84 54, lesalouettes@orange.fr, https://www.gitealouettes.com/","latitude":"47.5217545589","longitude":"3.63517601707","date_saisie":"21/05/2020","date_depot":"22/01/2021","valide":"Oui","ppo":"Oui (30 postes)","type_carte":"Nouvelle carte","fond":"Cadastre","obsolete":false}},{"type":"Feature","geometry":{"type":"Polygon","coordinates":[[[3.2901,48.0988],[3.2932,48.0948],[3.2892,48.0943],[3.2893,48.0941],[3.2889,48.0941],[3.2884,48.0957],[3.2879,48.0963],[3.2872,48.097],[3.2861,48.0979],[3.2849,48.0989],[3.2836,48.0998],[3.2829,48.1002],[3.2807,48.1013],[3.2797,48.1018],[3.2788,48.1024],[3.2763,48.1037],[3.2769,48.104],[3.2773,48.1038],[3.2789,48.1046],[3.2813,48.1059],[3.281,48.1077],[3.2835,48.108],[3.2835,48.1083],[3.2851,48.1084],[3.285,48.1077],[3.285,48.107],[3.2853,48.106],[3.2862,48.1039],[3.2875,48.1021],[3.2901,48.0988]]]},"properties":{"id_ffco":"11757","nom":"Aire de loisirs des étangs-VSY","_dept":"89","numero":"2019-D89-170","commune":"Villeneuve-sur-Yonne","echelle":"1/7500","surface":"0.65 km²","format":"A4","annee":"2019","cartographes":"Fabrice THOMASSIN","proprietaire":"89 - Yonne","niveau":"Initiation, Scolaire","specialite":"CO à pied","contacts":"Office de Tourisme de SENS, 6 Rue du Général Leclerc, 89100, SENS, 03 86 65 19 49, http://www.tourisme-sens.com/","latitude":"48.1015364969","longitude":"3.28499928001","date_saisie":"17/11/2019","date_depot":"28/01/2020","valide":"Oui","ppo":"Oui (29 postes)","type_carte":"Nouvelle carte","fond":"Cadastre","obsolete":false}},{"type":"Feature","geometry":{"type":"Polygon","coordinates":[[[3.2994,48.0845],[3.3021,48.0834],[3.3015,48.0827],[3.3005,48.083],[3.2995,48.0834],[3.2992,48.0843],[3.2993,48.0844],[3.2994,48.0845]]]},"properties":{"id_ffco":"11674","nom":"Collège Châteaubriand","_dept":"89","numero":"2019-D89-169","commune":"Villeneuve sur Yonne","echelle":"1/1500","surface":"0.02 km²","format":"A4","annee":"2019","cartographes":"Fabrice THOMASSIN","proprietaire":"89 - Yonne","niveau":"Initiation, Scolaire","specialite":"CO à pied","latitude":"48.0835228084","longitude":"3.30055898583","date_saisie":"16/09/2019","date_depot":"28/01/2020","valide":"Oui","ppo":"Non","type_carte":"Extrait","base":"2017-D89-146 Villeneuve sur Yonne","fond":"Cadastre","obsolete":false}},{"type":"Feature","geometry":{"type":"Polygon","coordinates":[[[3.2942,47.7392],[3.2973,47.7392],[3.2995,47.7381],[3.2996,47.7375],[3.3003,47.7372],[3.3023,47.7364],[3.3035,47.736],[3.304,47.736],[3.304,47.7351],[3.3038,47.7347],[3.303,47.7341],[3.3026,47.7339],[3.3022,47.7337],[3.3014,47.7336],[3.2997,47.7331],[3.2987,47.7326],[3.2981,47.7325],[3.2978,47.7323],[3.2979,47.7319],[3.2989,47.7312],[3.2997,47.7304],[3.3002,47.7304],[3.3007,47.7303],[3.3,47.7297],[3.2993,47.729],[3.2988,47.7282],[3.2982,47.7283],[3.2983,47.7279],[3.2985,47.7273],[3.2986,47.7271],[3.2987,47.7268],[3.298,47.7268],[3.2966,47.7278],[3.2953,47.7288],[3.2918,47.7314],[3.2915,47.7319],[3.2915,47.7323],[3.2915,47.7329],[3.2917,47.7332],[3.2919,47.7333],[3.2921,47.7335],[3.2922,47.7336],[3.2922,47.7337],[3.2921,47.7339],[3.2918,47.734],[3.2913,47.7345],[3.2911,47.7347],[3.2911,47.7349],[3.2911,47.7351],[3.2913,47.7353],[3.2915,47.7354],[3.2918,47.7356],[3.2923,47.7358],[3.2924,47.736],[3.2924,47.7362],[3.2923,47.7365],[3.2919,47.7372],[3.2916,47.7381],[3.2914,47.7385],[3.2914,47.7388],[3.2915,47.7389],[3.2917,47.7391],[3.2942,47.7392]]]},"properties":{"id_ffco":"11579","nom":"Toucy-Coeur de Puisaye","_dept":"89","numero":"2019-D89-168","commune":"Toucy","echelle":"1/5000","surface":"0.75 km²","format":"A4","annee":"2019","cartographes":"Fabrice THOMASSIN","proprietaire":"89 - Yonne","niveau":"Régional","specialite":"Sprint (ISSOM)","latitude":"47.7340851452","longitude":"3.29657301838","date_saisie":"14/07/2019","date_depot":"28/01/2020","valide":"Oui","ppo":"Non","type_carte":"Nouvelle carte","fond":"Cadastre","obsolete":false}},{"type":"Feature","geometry":{"type":"Polygon","coordinates":[[[3.273,48.2017],[3.2746,48.2017],[3.2749,48.2012],[3.2752,48.2009],[3.2756,48.2007],[3.276,48.2006],[3.2779,48.2007],[3.278,48.2006],[3.2781,48.2005],[3.2813,48.2005],[3.2818,48.2012],[3.2821,48.2014],[3.2823,48.2014],[3.2825,48.2012],[3.2828,48.2008],[3.2833,48.2006],[3.2893,48.2005],[3.2911,48.199],[3.2924,48.1991],[3.2924,48.1989],[3.2922,48.1984],[3.2919,48.1978],[3.291,48.1974],[3.2909,48.1968],[3.2899,48.1961],[3.2897,48.1951],[3.2895,48.1948],[3.2878,48.1946],[3.285,48.1943],[3.2836,48.1942],[3.2809,48.1943],[3.2751,48.1947],[3.2732,48.1947],[3.2732,48.195],[3.273,48.2017]]]},"properties":{"id_ffco":"11578","nom":"Sens-Centre-ville","_dept":"89","numero":"2019-D89-167","commune":"Sens","echelle":"1/5000","surface":"0.91 km²","format":"A4","annee":"2019","cartographes":"Aimé LOUAT,Jérôme LEHUP,Fabrice THOMASSIN","proprietaire":"89 - Yonne","niveau":"Régional","specialite":"Sprint (ISSOM)","latitude":"48.1976356424","longitude":"3.28175283917","date_saisie":"14/07/2019","date_depot":"28/01/2020","valide":"Oui","ppo":"Oui (51 postes)","type_carte":"Reprise","base":"2016-D89-126 SENS-Centre-ville","fond":"Cadastre","obsolete":false}},{"type":"Feature","geometry":{"type":"Polygon","coordinates":[[[3.614,47.9859],[3.6134,47.986],[3.6132,47.986],[3.613,47.9856],[3.6124,47.9857],[3.6123,47.9856],[3.6127,47.9854],[3.613,47.9851],[3.6129,47.9846],[3.6125,47.9846],[3.6125,47.9845],[3.6126,47.9843],[3.6123,47.9841],[3.6126,47.9833],[3.6127,47.9833],[3.6132,47.9819],[3.6149,47.9822],[3.615,47.9821],[3.6155,47.9822],[3.6157,47.9819],[3.616,47.9816],[3.6163,47.9809],[3.6164,47.9805],[3.6161,47.9799],[3.6167,47.9799],[3.6174,47.9806],[3.6177,47.9812],[3.6181,47.9817],[3.6184,47.9821],[3.6186,47.9827],[3.6185,47.9833],[3.6183,47.9837],[3.618,47.984],[3.6175,47.9842],[3.6165,47.9847],[3.6165,47.9851],[3.6162,47.9852],[3.6151,47.9854],[3.6151,47.9855],[3.614,47.9859]]]},"properties":{"id_ffco":"11577","nom":"Brienon-sur-Armançon. L'île St Martin","_dept":"89","numero":"2019-D89-166","commune":"Brienon sur Armançon","echelle":"1/2500","surface":"0.17 km²","format":"A4","annee":"2019","cartographes":"Fabrice THOMASSIN","proprietaire":"89 - Yonne","niveau":"Initiation, Scolaire","specialite":"CO à pied","latitude":"47.9833329308","longitude":"3.61548342188","date_saisie":"14/07/2019","date_depot":"28/01/2020","valide":"Oui","ppo":"Non","type_carte":"Nouvelle carte","fond":"Cadastre","obsolete":false}},{"type":"Feature","geometry":{"type":"Polygon","coordinates":[[[3.9122,47.4805],[3.9126,47.4806],[3.9131,47.4808],[3.9136,47.481],[3.914,47.4812],[3.914,47.4813],[3.9143,47.481],[3.9144,47.4808],[3.9145,47.4807],[3.9146,47.4807],[3.9147,47.4804],[3.9146,47.4799],[3.9145,47.4797],[3.9141,47.4793],[3.9138,47.479],[3.9136,47.4789],[3.9135,47.4791],[3.9132,47.4795],[3.9128,47.4799],[3.9124,47.4804],[3.9122,47.4805]]]},"properties":{"id_ffco":"11576","nom":"Avallon-Camping Sous Roche","_dept":"89","numero":"2019-D89-165","commune":"Avallon","echelle":"1/1500","surface":"0.03 km²","format":"A4","annee":"2019","cartographes":"Fabrice THOMASSIN,Stage carto 03/07/2019,Emma BLAUWART (stagiaire L2-Géo).","proprietaire":"89 - Yonne","niveau":"Initiation, Scolaire","specialite":"CO à pied","latitude":"47.4801550698","longitude":"3.91367785837","date_saisie":"14/07/2019","date_depot":"28/01/2020","valide":"Oui","ppo":"Non","type_carte":"Nouvelle carte","fond":"Cadastre","obsolete":false}},{"type":"Feature","geometry":{"type":"Polygon","coordinates":[[[3.601,47.8278],[3.6006,47.8281],[3.6004,47.8278],[3.5997,47.8279],[3.5986,47.828],[3.5984,47.828],[3.5982,47.8279],[3.5981,47.8278],[3.5976,47.8278],[3.5972,47.8265],[3.5969,47.8264],[3.5966,47.8262],[3.5965,47.826],[3.5967,47.8255],[3.5969,47.825],[3.5971,47.8247],[3.5972,47.8246],[3.5974,47.8245],[3.5982,47.8241],[3.5986,47.8238],[3.5987,47.8236],[3.5987,47.8234],[3.5987,47.8231],[3.5992,47.823],[3.5997,47.8231],[3.6005,47.8232],[3.6014,47.8235],[3.6022,47.8239],[3.6033,47.8247],[3.6033,47.8253],[3.6024,47.8267],[3.6021,47.827],[3.6018,47.8271],[3.6016,47.8273],[3.6015,47.8275],[3.6015,47.8278],[3.601,47.8278]]]},"properties":{"id_ffco":"11575","nom":"Auxerre-Parc aventure du Thureau","_dept":"89","numero":"2019-D89-164","commune":"Auxerre","echelle":"1/3000","surface":"0.2 km²","format":"A4","annee":"2019","cartographes":"Fabrice THOMASSIN","proprietaire":"89 - Yonne","niveau":"Initiation, Scolaire","specialite":"CO à pied","latitude":"47.8256168505","longitude":"3.59990073281","date_saisie":"14/07/2019","date_depot":"28/01/2020","valide":"Oui","ppo":"Non","type_carte":"Nouvelle carte","fond":"Cadastre","obsolete":false}},{"type":"Feature","geometry":{"type":"Polygon","coordinates":[[[3.7617,47.4832],[3.7599,47.4834],[3.7599,47.4838],[3.7584,47.4837],[3.757,47.4804],[3.7587,47.4801],[3.7585,47.4798],[3.7624,47.4791],[3.7623,47.4721],[3.7684,47.4701],[3.7684,47.4642],[3.7761,47.4641],[3.7859,47.4654],[3.7885,47.4638],[3.7945,47.4637],[3.8019,47.4685],[3.8024,47.4699],[3.8021,47.472],[3.8111,47.475],[3.8126,47.4776],[3.8142,47.4798],[3.8141,47.4859],[3.8141,47.4921],[3.7964,47.4921],[3.7929,47.4915],[3.7753,47.4882],[3.7617,47.4832]]]},"properties":{"id_ffco":"11574","nom":"La Tournelle-VTT","_dept":"89","numero":"2019-D89-163","commune":"Asquins","echelle":"1/15000","surface":"9.7 km²","format":"A4","annee":"2019","cartographes":"Jean Charles LALEVEE","proprietaire":"89 - Yonne","niveau":"Régional","specialite":"CO à VTT","latitude":"47.478492973","longitude":"3.78795869775","date_saisie":"14/07/2019","date_depot":"28/01/2020","valide":"Oui","ppo":"Non","type_carte":"Reprise","base":"2007-D89-047 Le Gros Mont","fond":"IGN","obsolete":false}},{"type":"Feature","geometry":{"type":"Polygon","coordinates":[[[3.9316,47.4921],[3.9271,47.4895],[3.9255,47.4882],[3.9246,47.4863],[3.9237,47.4857],[3.92,47.4884],[3.9175,47.4866],[3.9142,47.4853],[3.9143,47.4777],[3.9161,47.4768],[3.917,47.4764],[3.9192,47.4758],[3.92,47.4751],[3.9213,47.4748],[3.9219,47.4747],[3.9225,47.4748],[3.923,47.4751],[3.923,47.4756],[3.9229,47.4762],[3.9231,47.4765],[3.9235,47.4768],[3.9243,47.477],[3.9247,47.477],[3.925,47.4769],[3.9252,47.4768],[3.9259,47.4763],[3.9267,47.4761],[3.9275,47.476],[3.9282,47.476],[3.929,47.476],[3.9293,47.4762],[3.931,47.4763],[3.9339,47.4759],[3.9348,47.4761],[3.9359,47.4771],[3.936,47.4774],[3.9355,47.4778],[3.9352,47.4781],[3.9358,47.4791],[3.9373,47.4803],[3.9381,47.4804],[3.9396,47.4804],[3.9413,47.4803],[3.942,47.4805],[3.9429,47.4803],[3.9434,47.4801],[3.9437,47.4798],[3.9436,47.4791],[3.9438,47.4786],[3.9446,47.4784],[3.9457,47.4784],[3.9468,47.4781],[3.9474,47.4775],[3.9481,47.4778],[3.9494,47.4784],[3.9499,47.4787],[3.9506,47.4785],[3.9526,47.4794],[3.9536,47.4794],[3.9541,47.4792],[3.9549,47.4794],[3.9553,47.4801],[3.9564,47.4806],[3.9568,47.4813],[3.9576,47.4818],[3.9575,47.4826],[3.9578,47.4828],[3.9583,47.4829],[3.959,47.4837],[3.9609,47.4848],[3.9615,47.4855],[3.9661,47.4887],[3.965,47.4893],[3.9637,47.4897],[3.9633,47.4905],[3.9634,47.4917],[3.9629,47.4924],[3.964,47.4935],[3.9636,47.4942],[3.9637,47.4948],[3.9592,47.4971],[3.9552,47.4969],[3.9498,47.4965],[3.9447,47.4958],[3.9423,47.4954],[3.9393,47.4948],[3.9366,47.4942],[3.9316,47.4931],[3.9316,47.4921]]]},"properties":{"id_ffco":"11493","nom":"Chassigny-VTT","_dept":"89","numero":"2019-D89-162","commune":"Avallon","echelle":"1/10000","surface":"5.94 km²","format":"A4","annee":"2019","cartographes":"Arnaud DUPLESSIS","proprietaire":"89 - Yonne","niveau":"Régional","specialite":"CO à VTT","latitude":"47.4860722694","longitude":"3.94025581879","date_saisie":"09/05/2019","date_depot":"28/01/2020","valide":"Oui","ppo":"Non","type_carte":"Nouvelle carte","fond":"IGN","obsolete":false}},{"type":"Feature","geometry":{"type":"Polygon","coordinates":[[[3.3574,48.1169],[3.3512,48.1163],[3.3508,48.116],[3.3502,48.1163],[3.3506,48.1166],[3.3504,48.1187],[3.3525,48.1194],[3.3531,48.1227],[3.3531,48.1235],[3.3535,48.1235],[3.3535,48.1239],[3.3534,48.1244],[3.3538,48.1251],[3.3541,48.1259],[3.3544,48.1273],[3.3551,48.1276],[3.3552,48.1283],[3.3572,48.1283],[3.3583,48.1284],[3.3599,48.1285],[3.3597,48.1292],[3.3637,48.1298],[3.3639,48.1292],[3.3674,48.13],[3.3701,48.1306],[3.3725,48.1311],[3.3731,48.1311],[3.3739,48.1311],[3.3747,48.1311],[3.3761,48.1309],[3.3766,48.131],[3.3781,48.1311],[3.3793,48.1313],[3.3795,48.1313],[3.3822,48.1293],[3.383,48.1295],[3.385,48.1282],[3.385,48.1277],[3.3854,48.1271],[3.3856,48.1268],[3.3857,48.1237],[3.3827,48.1234],[3.3816,48.1234],[3.3795,48.1227],[3.3821,48.1204],[3.3764,48.1184],[3.3739,48.1175],[3.3702,48.1161],[3.3698,48.1166],[3.3698,48.1171],[3.3684,48.1171],[3.3683,48.117],[3.3678,48.1171],[3.3675,48.1171],[3.3659,48.1171],[3.362,48.1173],[3.3611,48.1175],[3.36,48.1175],[3.3594,48.1175],[3.3574,48.1173],[3.3574,48.1169]]]},"properties":{"id_ffco":"11382","nom":"Bois de Véron","_dept":"89","numero":"2019-D89-161","commune":"Véron","echelle":"1/10000","surface":"3.1 km²","format":"A4","annee":"2019","cartographes":"Jacques SELLIER,Aimé LOUAT","proprietaire":"89 - Yonne","niveau":"Départemental","specialite":"CO à pied","latitude":"48.1237025342","longitude":"3.36817514254","date_saisie":"10/02/2019","date_depot":"28/01/2020","valide":"Oui","ppo":"Non","type_carte":"Nouvelle carte","fond":"IGN","obsolete":false}},{"type":"Feature","geometry":{"type":"Polygon","coordinates":[[[3.585,47.8448],[3.5856,47.8449],[3.5857,47.8445],[3.5869,47.8446],[3.5877,47.8426],[3.5881,47.8425],[3.5884,47.842],[3.5887,47.842],[3.589,47.8416],[3.5889,47.8415],[3.5896,47.8399],[3.5899,47.8399],[3.5903,47.8393],[3.5902,47.8388],[3.5902,47.8381],[3.5903,47.8369],[3.5906,47.8357],[3.5914,47.8354],[3.5922,47.8349],[3.5926,47.8341],[3.5928,47.8336],[3.5934,47.8346],[3.5939,47.8353],[3.5943,47.8357],[3.5949,47.836],[3.5957,47.8362],[3.5963,47.8362],[3.5968,47.8365],[3.5973,47.8368],[3.5977,47.8373],[3.5977,47.8378],[3.5978,47.8381],[3.5981,47.8384],[3.5993,47.8391],[3.5991,47.8394],[3.599,47.8397],[3.5992,47.84],[3.6052,47.8483],[3.6029,47.8496],[3.6002,47.8511],[3.5971,47.8524],[3.594,47.8524],[3.594,47.8518],[3.5911,47.8515],[3.5877,47.8515],[3.5871,47.8514],[3.5871,47.8508],[3.5874,47.8505],[3.5875,47.85],[3.5878,47.8496],[3.5877,47.8491],[3.5875,47.8488],[3.5871,47.8485],[3.5858,47.8481],[3.5849,47.8479],[3.5842,47.8475],[3.5829,47.8472],[3.583,47.8468],[3.5825,47.8467],[3.5829,47.8456],[3.5822,47.8455],[3.5824,47.8452],[3.5846,47.8455],[3.585,47.8448]]]},"properties":{"id_ffco":"11381","nom":"Monéteau-Forêt du Thureau","_dept":"89","numero":"2019-D89-160","commune":"Monéteau","echelle":"1/10000","surface":"1.82 km²","format":"A4","annee":"2019","cartographes":"Fabrice THOMASSIN","proprietaire":"89 - Yonne","niveau":"Régional","specialite":"CO à pied","latitude":"47.8448840031","longitude":"3.5943093991","date_saisie":"10/02/2019","date_depot":"28/01/2020","valide":"Oui","ppo":"Oui (31 postes)","type_carte":"Reprise","base":"2014-D89-103 Monéteau-Le Thureau-Sud","fond":"IGN","ref_ign":"2620 Est ; 2720 Ouest","obsolete":false}},{"type":"Feature","geometry":{"type":"Polygon","coordinates":[[[3.7932,47.8123],[3.793,47.8124],[3.7924,47.8119],[3.7923,47.8119],[3.7911,47.811],[3.7902,47.8104],[3.7908,47.8101],[3.79,47.809],[3.7893,47.8088],[3.7898,47.8084],[3.7902,47.8086],[3.7902,47.8087],[3.7929,47.8087],[3.7943,47.8094],[3.7948,47.8099],[3.7948,47.8107],[3.795,47.8108],[3.7957,47.8111],[3.7945,47.8118],[3.7937,47.8121],[3.7932,47.8123]]]},"properties":{"id_ffco":"11380","nom":"Chablis. Stade-Ecole-Collège","_dept":"89","numero":"2019-D89-159","commune":"Chablis","echelle":"1/2000","surface":"0.11 km²","format":"A4","annee":"2019","cartographes":"Fabrice THOMASSIN","proprietaire":"89 - Yonne","niveau":"Initiation, Scolaire","specialite":"CO à pied","latitude":"47.8103221254","longitude":"3.79265200211","date_saisie":"10/02/2019","date_depot":"28/01/2020","valide":"Oui","ppo":"Non","type_carte":"Nouvelle carte","fond":"Cadastre","obsolete":false}},{"type":"Feature","geometry":{"type":"Polygon","coordinates":[[[3.6032,47.7338],[3.6021,47.734],[3.6012,47.7344],[3.6007,47.7346],[3.6016,47.7349],[3.6015,47.7351],[3.6021,47.7353],[3.6025,47.7353],[3.6026,47.7351],[3.6033,47.735],[3.6033,47.7341],[3.6032,47.7338]]]},"properties":{"id_ffco":"11325","nom":"Champs-sur-Yonne. LEPA-Albert Schweitzer","_dept":"89","numero":"2019-D89-158","commune":"Champs sur Yonne","echelle":"1/1500","surface":"0.02 km²","format":"A4","annee":"2019","cartographes":"Fabrice THOMASSIN","proprietaire":"89 - Yonne","niveau":"Initiation, Scolaire","specialite":"CO à pied","latitude":"47.7345760623","longitude":"3.60230144481","date_saisie":"01/01/2019","date_depot":"28/01/2020","valide":"Oui","ppo":"Non","type_carte":"Nouvelle carte","fond":"Cadastre","obsolete":false}},{"type":"Feature","geometry":{"type":"Polygon","coordinates":[[[3.2541,48.3442],[3.2548,48.3444],[3.2567,48.3449],[3.2587,48.3453],[3.2602,48.3458],[3.2604,48.346],[3.2605,48.3465],[3.2606,48.3471],[3.2608,48.3472],[3.261,48.3473],[3.262,48.3472],[3.2625,48.3471],[3.263,48.3469],[3.2635,48.3467],[3.2639,48.3465],[3.2644,48.3465],[3.2648,48.3464],[3.2651,48.3462],[3.2652,48.346],[3.2651,48.3453],[3.265,48.3444],[3.2656,48.34],[3.2654,48.3394],[3.2665,48.3374],[3.2661,48.3372],[3.2662,48.3371],[3.2655,48.3368],[3.2649,48.3367],[3.2643,48.3367],[3.2637,48.3368],[3.2634,48.3368],[3.2629,48.3368],[3.2626,48.3367],[3.2618,48.3365],[3.2602,48.3361],[3.2592,48.3353],[3.259,48.3353],[3.2589,48.3354],[3.2588,48.3355],[3.2589,48.3357],[3.2588,48.3358],[3.2587,48.3359],[3.2584,48.3359],[3.258,48.3359],[3.2576,48.336],[3.2569,48.336],[3.2562,48.3374],[3.2559,48.338],[3.2557,48.3382],[3.2555,48.3383],[3.2551,48.3383],[3.2548,48.3383],[3.254,48.3382],[3.2532,48.3381],[3.2529,48.3381],[3.2527,48.3383],[3.2515,48.3403],[3.2537,48.341],[3.2543,48.3414],[3.2546,48.3419],[3.2546,48.3426],[3.2541,48.3442]]]},"properties":{"id_ffco":"10963","nom":"Sergines","_dept":"89","numero":"2018-D89-157","commune":"Sergines","echelle":"1/5000","surface":"0.89 km²","format":"A4","annee":"2018","cartographes":"Emmanuel AGOSTINI,Rodolphe MILLOT,Fabrice THOMASSIN","proprietaire":"89 - Yonne","niveau":"Régional","specialite":"Sprint (ISSOM)","latitude":"48.3410753529","longitude":"3.25990323599","date_saisie":"10/10/2018","date_depot":"29/03/2019","valide":"Oui","ppo":"Non","type_carte":"Nouvelle carte","fond":"Cadastre","obsolete":false}},{"type":"Feature","geometry":{"type":"Polygon","coordinates":[[[3.4562,48.3251],[3.456,48.3252],[3.4563,48.3272],[3.457,48.3272],[3.4596,48.3294],[3.46,48.3305],[3.4599,48.3327],[3.4604,48.3331],[3.4609,48.3351],[3.4613,48.3354],[3.4631,48.3356],[3.4664,48.3368],[3.4691,48.3378],[3.4716,48.3389],[3.4779,48.3415],[3.4801,48.3407],[3.4813,48.3402],[3.4827,48.34],[3.4854,48.3408],[3.4877,48.3389],[3.4908,48.3392],[3.4935,48.3378],[3.4971,48.3401],[3.4979,48.3398],[3.5014,48.3404],[3.5027,48.3401],[3.5025,48.3395],[3.502,48.3388],[3.4998,48.3369],[3.4991,48.3357],[3.4983,48.3348],[3.4967,48.3338],[3.496,48.3331],[3.4912,48.3303],[3.4916,48.3296],[3.4879,48.3274],[3.4875,48.3259],[3.4882,48.3241],[3.4898,48.3222],[3.49,48.3204],[3.4822,48.3193],[3.481,48.3206],[3.4682,48.3167],[3.4673,48.318],[3.4631,48.318],[3.4628,48.3185],[3.4645,48.3189],[3.4621,48.3222],[3.4597,48.3233],[3.4573,48.3233],[3.4563,48.3237],[3.4562,48.3251]]]},"properties":{"id_ffco":"10962","nom":"Bois de Traînel","_dept":"89","numero":"2018-D89-156","commune":"St-Maurice-aux-Riches-Hommes","echelle":"1/15000","surface":"5.46 km²","format":"A4","annee":"2018","cartographes":"Rodolphe MILLOT","proprietaire":"89 - Yonne","niveau":"Régional","specialite":"CO à pied","latitude":"48.329771371","longitude":"3.47696271541","date_saisie":"10/10/2018","date_depot":"29/03/2019","valide":"Oui","ppo":"Non","type_carte":"Nouvelle carte","fond":"IGN","ref_ign":"2617Est","obsolete":false}},{"type":"Feature","geometry":{"type":"Polygon","coordinates":[[[3.6372,47.806],[3.6379,47.8059],[3.6379,47.8061],[3.6383,47.806],[3.6383,47.8059],[3.6388,47.8058],[3.6389,47.8064],[3.6385,47.8064],[3.6385,47.8068],[3.6381,47.807],[3.6373,47.8066],[3.6371,47.8062],[3.6372,47.806]]]},"properties":{"id_ffco":"10961","nom":"Ecole de Venoy","_dept":"89","numero":"2018-D89-155","commune":"Venoy","echelle":"1/1000","surface":"0.01 km²","format":"A4","annee":"2018","cartographes":"Caroline LACRABE","proprietaire":"89 - Yonne","niveau":"Initiation, Scolaire","specialite":"CO à pied","latitude":"47.806355651","longitude":"3.63800173089","date_saisie":"10/10/2018","date_depot":"29/03/2019","valide":"Oui","ppo":"Non","type_carte":"Nouvelle carte","fond":"Cadastre","obsolete":false}},{"type":"Feature","geometry":{"type":"Polygon","coordinates":[[[3.4206,47.9748],[3.4208,47.9749],[3.421,47.9748],[3.4212,47.9747],[3.4213,47.9747],[3.4213,47.9749],[3.4213,47.975],[3.4215,47.9753],[3.4217,47.9756],[3.4221,47.9755],[3.423,47.9769],[3.4226,47.977],[3.4228,47.9773],[3.4225,47.9774],[3.4198,47.978],[3.4201,47.9787],[3.4193,47.9789],[3.4192,47.9787],[3.4191,47.9786],[3.4184,47.9787],[3.4182,47.9789],[3.4181,47.9789],[3.4179,47.9788],[3.4176,47.9788],[3.4165,47.9788],[3.4164,47.9783],[3.4162,47.9781],[3.416,47.9776],[3.4156,47.9777],[3.4155,47.9775],[3.4163,47.9772],[3.4162,47.9771],[3.4161,47.9769],[3.4159,47.9768],[3.4161,47.9767],[3.4166,47.9767],[3.4174,47.9765],[3.4173,47.9761],[3.417,47.9757],[3.4178,47.9755],[3.4188,47.9752],[3.4204,47.9747],[3.4206,47.9748]]]},"properties":{"id_ffco":"10960","nom":"Joigny-Stade","_dept":"89","numero":"2018-D89-154","commune":"Joigny","echelle":"1/2500","surface":"0.16 km²","format":"A4","annee":"2018","cartographes":"Fabrice THOMASSIN","proprietaire":"89 - Yonne","niveau":"Initiation, Scolaire","specialite":"CO à pied","latitude":"47.976867238","longitude":"3.41930215464","date_saisie":"10/10/2018","date_depot":"29/03/2019","valide":"Oui","ppo":"Non","type_carte":"Nouvelle carte","fond":"Ortho","obsolete":false}},{"type":"Feature","geometry":{"type":"Polygon","coordinates":[[[3.5213,47.9706],[3.5188,47.9699],[3.5188,47.9687],[3.5194,47.9684],[3.5193,47.9682],[3.5189,47.9674],[3.5188,47.9668],[3.519,47.9656],[3.5191,47.9652],[3.5197,47.9653],[3.5204,47.9654],[3.5213,47.9657],[3.5229,47.9663],[3.5245,47.9668],[3.5256,47.9673],[3.5255,47.9677],[3.5248,47.9693],[3.523,47.9694],[3.5222,47.9705],[3.5213,47.9706]]]},"properties":{"id_ffco":"10894","nom":"Migennes-Parc du Pot Levé","_dept":"89","numero":"2018-D89-153","commune":"Migennes","echelle":"1/2500","surface":"0.21 km²","format":"A4","annee":"2018","cartographes":"Fabrice THOMASSIN","proprietaire":"89 - Yonne","niveau":"Initiation, Scolaire","specialite":"CO à pied","latitude":"47.9679422241","longitude":"3.5216509771","date_saisie":"02/09/2018","date_depot":"29/03/2019","valide":"Oui","ppo":"Oui (20 postes)","type_carte":"Reprise","base":"1998-D89-019 MIGENNES Le Pot Levé","fond":"Cadastre","obsolete":false}},{"type":"Feature","geometry":{"type":"Polygon","coordinates":[[[3.8844,47.4814],[3.8837,47.4819],[3.8835,47.4827],[3.8838,47.4831],[3.8842,47.4834],[3.8845,47.4836],[3.8841,47.4839],[3.8836,47.4841],[3.8829,47.4847],[3.8825,47.4849],[3.8815,47.485],[3.8801,47.485],[3.879,47.4855],[3.8776,47.486],[3.877,47.4864],[3.875,47.4867],[3.8735,47.4866],[3.8728,47.4865],[3.8712,47.4871],[3.8701,47.4873],[3.8691,47.4875],[3.8589,47.4874],[3.8583,47.4865],[3.8578,47.4857],[3.8572,47.4848],[3.8569,47.4846],[3.8557,47.484],[3.8554,47.4835],[3.8553,47.483],[3.8557,47.4822],[3.8556,47.4818],[3.8552,47.4807],[3.8558,47.4789],[3.8559,47.477],[3.8564,47.4741],[3.8569,47.4717],[3.8561,47.4708],[3.8558,47.4692],[3.8558,47.4678],[3.8564,47.4661],[3.8597,47.464],[3.8615,47.4647],[3.8626,47.4652],[3.863,47.4653],[3.8632,47.4651],[3.8633,47.4648],[3.8664,47.4617],[3.8691,47.4595],[3.8693,47.4584],[3.8705,47.4574],[3.8721,47.4553],[3.8726,47.4547],[3.8733,47.4536],[3.8741,47.4528],[3.8734,47.4524],[3.8733,47.4509],[3.873,47.4499],[3.8726,47.4493],[3.872,47.4491],[3.8715,47.4488],[3.8707,47.4487],[3.8703,47.4486],[3.8712,47.4479],[3.8717,47.4458],[3.8716,47.4441],[3.8707,47.443],[3.8711,47.442],[3.87,47.44],[3.8689,47.4393],[3.8718,47.4363],[3.8702,47.4339],[3.8788,47.4328],[3.8937,47.4325],[3.894,47.4329],[3.8969,47.4345],[3.8973,47.4348],[3.8985,47.4371],[3.8998,47.4397],[3.9016,47.443],[3.9018,47.4438],[3.9016,47.4443],[3.901,47.4453],[3.9009,47.4457],[3.9011,47.4486],[3.9009,47.4489],[3.9002,47.4493],[3.8998,47.4497],[3.8996,47.45],[3.8995,47.4506],[3.8998,47.4512],[3.9004,47.4519],[3.9028,47.457],[3.903,47.459],[3.9026,47.46],[3.9026,47.4612],[3.9025,47.4615],[3.9022,47.4616],[3.9018,47.4617],[3.9015,47.4616],[3.9012,47.4617],[3.9012,47.4621],[3.9015,47.4631],[3.9019,47.4637],[3.9022,47.4641],[3.9024,47.4647],[3.9024,47.4661],[3.9024,47.4669],[3.9029,47.4675],[3.9011,47.4688],[3.9013,47.4703],[3.9019,47.4711],[3.902,47.4718],[3.9023,47.4726],[3.9019,47.4736],[3.9023,47.4757],[3.9025,47.4764],[3.9023,47.4772],[3.9019,47.478],[3.9018,47.4785],[3.9015,47.4794],[3.9016,47.4803],[3.9021,47.4811],[3.9015,47.4819],[3.9005,47.4816],[3.8999,47.4816],[3.8995,47.482],[3.898,47.4831],[3.8968,47.4839],[3.8962,47.484],[3.8955,47.484],[3.8951,47.4837],[3.8948,47.4834],[3.8949,47.4831],[3.8949,47.4829],[3.8944,47.4825],[3.8934,47.4816],[3.8927,47.4813],[3.8917,47.481],[3.8904,47.4811],[3.8893,47.481],[3.8878,47.481],[3.8863,47.4808],[3.8855,47.4808],[3.8849,47.4811],[3.8844,47.4814]]]},"properties":{"id_ffco":"10893","nom":"Le Rû d'Aillon-VTT","_dept":"89","numero":"2018-D89-152","commune":"Avallon","echelle":"1/15000","surface":"15.74 km²","format":"A3","annee":"2018","cartographes":"Alain COMMARET,Arnaud DUPLESSIS","proprietaire":"89 - Yonne","niveau":"Régional","specialite":"CO à VTT","latitude":"47.4619126213","longitude":"3.88171338181","date_saisie":"02/09/2018","date_depot":"29/03/2019","valide":"Oui","ppo":"Non","type_carte":"Reprise","base":"2008-D89-055 La Rencontre Aux Loups Vallée du Cousin-Avallonnais","fond":"IGN","ref_ign":"2722ET","obsolete":false}},{"type":"Feature","geometry":{"type":"Polygon","coordinates":[[[3.5247,48.1121],[3.5237,48.1121],[3.5229,48.1122],[3.522,48.1124],[3.5212,48.1126],[3.5207,48.113],[3.5205,48.1132],[3.5204,48.1134],[3.5203,48.1137],[3.5205,48.1141],[3.5207,48.1145],[3.5212,48.1149],[3.5225,48.1154],[3.5253,48.1161],[3.5268,48.1167],[3.529,48.1179],[3.5296,48.1181],[3.5303,48.1181],[3.5379,48.1156],[3.5471,48.1127],[3.5513,48.1111],[3.5519,48.1105],[3.5519,48.1097],[3.5517,48.1094],[3.5511,48.109],[3.5498,48.1086],[3.5478,48.1073],[3.5468,48.1072],[3.5444,48.1041],[3.5438,48.1036],[3.5432,48.1036],[3.5399,48.1029],[3.5384,48.1025],[3.5335,48.102],[3.5331,48.102],[3.5328,48.1023],[3.5321,48.1047],[3.5307,48.1055],[3.5293,48.1063],[3.5289,48.1069],[3.5286,48.1075],[3.5274,48.1108],[3.5268,48.1115],[3.526,48.1119],[3.5255,48.1121],[3.5247,48.1121]]]},"properties":{"id_ffco":"10892","nom":"Forêt de Cerisiers 2","_dept":"89","numero":"2018-D89-151","commune":"Cerisiers","echelle":"1/10000","surface":"2.24 km²","format":"A4","annee":"2018","cartographes":"Jérôme LEHUP,Fabrice THOMASSIN","proprietaire":"89 - Yonne","niveau":"Régional","specialite":"CO à pied","latitude":"48.1102791816","longitude":"3.53633506376","date_saisie":"02/09/2018","date_depot":"29/03/2019","valide":"Oui","ppo":"Non","type_carte":"Reprise","base":"2015-D89-119 Forêt de Cerisiers","fond":"IGN","ref_ign":"2618 Est","obsolete":false}},{"type":"Feature","geometry":{"type":"Polygon","coordinates":[[[3.2758,48.1846],[3.2761,48.1853],[3.2764,48.1857],[3.2772,48.1862],[3.2777,48.1863],[3.2783,48.1863],[3.2788,48.1864],[3.2789,48.1865],[3.2791,48.1866],[3.2797,48.1866],[3.28,48.1866],[3.2803,48.1864],[3.2805,48.1861],[3.2806,48.1858],[3.2808,48.1855],[3.2809,48.1854],[3.281,48.1853],[3.2815,48.1852],[3.2817,48.1851],[3.2819,48.185],[3.2821,48.185],[3.2824,48.185],[3.2827,48.1852],[3.283,48.1853],[3.2832,48.1853],[3.2833,48.1853],[3.2834,48.1852],[3.2841,48.1849],[3.2847,48.1844],[3.2852,48.1843],[3.2858,48.1843],[3.2861,48.1842],[3.2863,48.184],[3.2871,48.1842],[3.2883,48.1823],[3.2871,48.1821],[3.287,48.1823],[3.286,48.1824],[3.2838,48.1822],[3.2828,48.183],[3.2781,48.1834],[3.2768,48.1836],[3.2753,48.1832],[3.2747,48.1837],[3.2758,48.1846]]]},"properties":{"id_ffco":"10891","nom":"SENS-Parc du Moulin à Tan","_dept":"89","numero":"2018-D89-150","commune":"Sens","echelle":"1/3500","surface":"0.24 km²","format":"A4","annee":"2018","cartographes":"Aimé LOUAT,Fabrice THOMASSIN","proprietaire":"89 - Yonne","niveau":"Initiation, Scolaire","specialite":"CO à pied","contacts":"Office de Tourisme de SENS, 6 Rue du Général Leclerc, 89100, SENS, 03 86 65 19 49, http://www.tourisme-sens.com/","latitude":"48.1841742445","longitude":"3.28124845022","date_saisie":"02/09/2018","date_depot":"29/03/2019","valide":"Oui","ppo":"Oui (42 postes)","type_carte":"Reprise","base":"2014-D89-093 Parc du Moulin à Tan","fond":"Ortho","obsolete":false}},{"type":"Feature","geometry":{"type":"Polygon","coordinates":[[[3.2238,48.077],[3.2228,48.0777],[3.2232,48.0784],[3.2228,48.0785],[3.2227,48.0786],[3.2228,48.0791],[3.2232,48.0795],[3.2235,48.0799],[3.2234,48.0804],[3.2237,48.0809],[3.2245,48.083],[3.2253,48.0842],[3.2253,48.0845],[3.2252,48.0849],[3.2252,48.0856],[3.2255,48.086],[3.226,48.0863],[3.2257,48.0866],[3.2253,48.0868],[3.2254,48.0871],[3.2255,48.0874],[3.2256,48.0876],[3.2259,48.0878],[3.2262,48.088],[3.2283,48.0886],[3.229,48.0886],[3.2296,48.0886],[3.231,48.0886],[3.2317,48.0887],[3.2321,48.0889],[3.2324,48.0891],[3.2335,48.0908],[3.2347,48.0911],[3.2352,48.0915],[3.2382,48.0915],[3.2389,48.0908],[3.2393,48.0905],[3.2412,48.091],[3.2434,48.0907],[3.2443,48.088],[3.245,48.0854],[3.2433,48.0845],[3.242,48.0838],[3.2412,48.0829],[3.2467,48.0809],[3.2503,48.0794],[3.2534,48.0795],[3.2572,48.0802],[3.2683,48.0801],[3.2682,48.0764],[3.2668,48.0765],[3.2659,48.0764],[3.2653,48.0765],[3.2535,48.0691],[3.2385,48.0691],[3.2353,48.067],[3.234,48.0663],[3.2333,48.0664],[3.2323,48.0663],[3.2305,48.0661],[3.2293,48.0661],[3.225,48.0661],[3.2241,48.0669],[3.2239,48.067],[3.2236,48.067],[3.223,48.0669],[3.2218,48.0668],[3.2209,48.0669],[3.2204,48.0672],[3.22,48.0678],[3.219,48.0699],[3.219,48.0702],[3.219,48.0712],[3.2193,48.0717],[3.2201,48.0723],[3.2203,48.0727],[3.2204,48.0731],[3.2205,48.0735],[3.2214,48.0739],[3.2231,48.0751],[3.2238,48.077]]]},"properties":{"id_ffco":"10696","nom":"Bussy-le-Repos-VTT","_dept":"89","numero":"2018-D89-149","commune":"Bussy-le-Repos","echelle":"1/15000","surface":"5.63 km²","format":"A4","annee":"2018","cartographes":"Jacques SELLIER","proprietaire":"89 - Yonne","niveau":"Régional","specialite":"CO à VTT","latitude":"48.0772033893","longitude":"3.23931337457","date_saisie":"03/02/2018","date_depot":"29/03/2019","valide":"Oui","ppo":"Non","type_carte":"Nouvelle carte","fond":"IGN","ref_ign":"2518 Est","obsolete":false}},{"type":"Feature","geometry":{"type":"Polygon","coordinates":[[[3.3908,47.9814],[3.3905,47.9807],[3.3903,47.9804],[3.3885,47.9805],[3.3885,47.9798],[3.3905,47.9793],[3.3907,47.9793],[3.3921,47.9798],[3.3921,47.98],[3.3931,47.98],[3.3935,47.9807],[3.3935,47.9809],[3.3912,47.9813],[3.3908,47.9814]]]},"properties":{"id_ffco":"10677","nom":"Joigny-Le Parc du Chapeau","_dept":"89","numero":"2018-D89-148","commune":"Joigny","echelle":"1/1500","surface":"0.05 km²","format":"A4","annee":"2018","cartographes":"Fabrice THOMASSIN","proprietaire":"89 - Yonne","niveau":"Initiation, Scolaire","specialite":"CO à pied","latitude":"47.9802887477","longitude":"3.39108688324","date_saisie":"21/01/2018","date_depot":"29/03/2019","valide":"Oui","ppo":"Non","type_carte":"Nouvelle carte","fond":"Cadastre","obsolete":false}},{"type":"Feature","geometry":{"type":"Polygon","coordinates":[[[3.3876,47.9847],[3.3875,47.9854],[3.3889,47.9855],[3.3892,47.9855],[3.3893,47.9854],[3.3895,47.9854],[3.3898,47.9854],[3.3901,47.9854],[3.3901,47.9845],[3.3901,47.9844],[3.3901,47.9842],[3.3903,47.9839],[3.3906,47.9837],[3.391,47.9835],[3.391,47.9834],[3.3909,47.9834],[3.3902,47.9834],[3.3897,47.9834],[3.3891,47.9835],[3.3886,47.9834],[3.3884,47.9834],[3.3884,47.9837],[3.3889,47.9837],[3.3889,47.9842],[3.3878,47.9842],[3.3877,47.9838],[3.3874,47.9838],[3.3874,47.9841],[3.3875,47.9844],[3.3876,47.9847]]]},"properties":{"id_ffco":"10676","nom":"Joigny-Collège Saint Jacques","_dept":"89","numero":"2018-D89-147","commune":"Joigny","echelle":"1/1500","surface":"0.04 km²","format":"A4","annee":"2018","cartographes":"Fabrice THOMASSIN","proprietaire":"89 - Yonne","niveau":"Initiation, Scolaire","specialite":"CO à pied","latitude":"47.9844910006","longitude":"3.38901632575","date_saisie":"21/01/2018","date_depot":"29/03/2019","valide":"Oui","ppo":"Non","type_carte":"Nouvelle carte","fond":"Cadastre","obsolete":false}},{"type":"Feature","geometry":{"type":"Polygon","coordinates":[[[3.2913,48.0836],[3.2916,48.0838],[3.2918,48.084],[3.2919,48.0843],[3.2918,48.0847],[3.2918,48.0859],[3.2918,48.0864],[3.2923,48.0865],[3.2928,48.087],[3.2943,48.087],[3.2954,48.0868],[3.2956,48.0865],[3.296,48.0862],[3.2968,48.0861],[3.2975,48.0862],[3.2982,48.0864],[3.3005,48.0859],[3.3,48.0847],[3.3,48.0845],[3.3019,48.0838],[3.3022,48.0838],[3.3025,48.0838],[3.3025,48.083],[3.3028,48.083],[3.3028,48.0825],[3.3029,48.0823],[3.3032,48.082],[3.303,48.0819],[3.3024,48.082],[3.3022,48.0815],[3.302,48.0809],[3.3016,48.0802],[3.3011,48.0795],[3.3002,48.0786],[3.2999,48.0784],[3.2987,48.0784],[3.2937,48.0785],[3.2936,48.0785],[3.2933,48.0789],[3.2926,48.0792],[3.2917,48.0794],[3.2908,48.0797],[3.2907,48.0801],[3.289,48.0801],[3.2883,48.0803],[3.2884,48.0805],[3.2869,48.081],[3.2874,48.082],[3.2881,48.0821],[3.2888,48.0825],[3.2894,48.0825],[3.2899,48.0836],[3.2913,48.0836]]]},"properties":{"id_ffco":"10528","nom":"Villeneuve sur Yonne","_dept":"89","numero":"2017-D89-146","commune":"Villeneuve sur Yonne","echelle":"1/5000","surface":"0.74 km²","format":"A4","annee":"2017","cartographes":"Fabrice THOMASSIN","proprietaire":"89 - Yonne","niveau":"Régional","specialite":"Sprint (ISSOM)","latitude":"48.0823311776","longitude":"3.29569587956","date_saisie":"18/11/2017","date_depot":"02/02/2018","valide":"Oui","ppo":"Non","type_carte":"Nouvelle carte","fond":"Cadastre","obsolete":false}},{"type":"Feature","geometry":{"type":"Polygon","coordinates":[[[3.7809,47.4337],[3.7822,47.4333],[3.7823,47.4325],[3.7812,47.4318],[3.7806,47.4313],[3.7802,47.4307],[3.78,47.4304],[3.7799,47.4301],[3.7799,47.4287],[3.7798,47.4281],[3.7793,47.427],[3.7792,47.4263],[3.7791,47.4258],[3.7793,47.4254],[3.7799,47.4245],[3.78,47.4241],[3.7799,47.4238],[3.7797,47.4235],[3.7793,47.4227],[3.7794,47.4219],[3.7798,47.4198],[3.7803,47.4176],[3.7808,47.4167],[3.7821,47.4165],[3.7838,47.4158],[3.7843,47.4155],[3.7845,47.4152],[3.785,47.4146],[3.7854,47.4142],[3.786,47.414],[3.7871,47.4138],[3.7883,47.4134],[3.7888,47.4132],[3.789,47.4128],[3.7893,47.4124],[3.7904,47.4119],[3.7931,47.4113],[3.7944,47.4109],[3.7954,47.4106],[3.7963,47.4104],[3.7971,47.4101],[3.7974,47.4102],[3.7988,47.4102],[3.7989,47.4097],[3.7991,47.409],[3.7995,47.4085],[3.8002,47.4089],[3.8007,47.4092],[3.8022,47.4099],[3.8035,47.4099],[3.8046,47.4105],[3.8054,47.4107],[3.8071,47.411],[3.8087,47.4112],[3.8095,47.4114],[3.8101,47.4116],[3.8106,47.412],[3.8111,47.4125],[3.8115,47.413],[3.8118,47.4136],[3.8122,47.4143],[3.8123,47.4148],[3.8124,47.4152],[3.8127,47.4156],[3.8131,47.4158],[3.8137,47.4161],[3.8137,47.4345],[3.8119,47.4361],[3.8116,47.4358],[3.8113,47.4355],[3.8114,47.435],[3.8112,47.4346],[3.8107,47.4345],[3.81,47.4346],[3.8086,47.4339],[3.8067,47.434],[3.8055,47.4344],[3.8033,47.4349],[3.8029,47.435],[3.8028,47.4352],[3.8026,47.4357],[3.8026,47.4361],[3.8025,47.4364],[3.8022,47.4368],[3.8018,47.437],[3.8002,47.4376],[3.7994,47.4378],[3.7984,47.438],[3.7968,47.438],[3.7959,47.438],[3.7951,47.4379],[3.7945,47.4378],[3.7936,47.4374],[3.7929,47.4369],[3.792,47.4365],[3.7913,47.4363],[3.7911,47.4361],[3.7906,47.4361],[3.7901,47.4361],[3.7895,47.4363],[3.7869,47.4371],[3.7863,47.4381],[3.7849,47.4391],[3.7842,47.4408],[3.7838,47.4409],[3.7835,47.441],[3.783,47.4411],[3.7826,47.4411],[3.7808,47.4408],[3.7762,47.4405],[3.7761,47.4401],[3.7758,47.4397],[3.7755,47.4396],[3.7755,47.436],[3.7766,47.4351],[3.777,47.4348],[3.7809,47.4337]]]},"properties":{"id_ffco":"10527","nom":"Pierre-Perthuis. Les deux ponts","_dept":"89","numero":"2017-D89-145","commune":"Pierre-Perthuis","echelle":"1/15000","surface":"7.21 km²","format":"A4","annee":"2017","cartographes":"Fabrice THOMASSIN","proprietaire":"89 - Yonne","niveau":"Régional","specialite":"CO à pied","latitude":"47.4248932925","longitude":"3.79605986618","date_saisie":"18/11/2017","date_depot":"29/03/2019","valide":"Oui","ppo":"Non","type_carte":"Nouvelle carte","fond":"IGN","ref_ign":"2722ET","obsolete":false}},{"type":"Feature","geometry":{"type":"Polygon","coordinates":[[[3.2959,47.7385],[3.2966,47.7384],[3.2972,47.7387],[3.2991,47.7379],[3.3001,47.7375],[3.3001,47.7365],[3.2996,47.7364],[3.2982,47.7364],[3.2977,47.7365],[3.2973,47.7366],[3.2968,47.7366],[3.2959,47.7365],[3.2955,47.7366],[3.2951,47.7367],[3.2951,47.7374],[3.2955,47.7378],[3.2957,47.7383],[3.2959,47.7385]]]},"properties":{"id_ffco":"10526","nom":"Toucy-Cité scolaire Pierre Larousse","_dept":"89","numero":"2017-D89-144","commune":"Toucy","echelle":"1/1500","surface":"0.07 km²","format":"A4","annee":"2017","cartographes":"Fabrice THOMASSIN","proprietaire":"89 - Yonne","niveau":"Initiation, Scolaire","specialite":"CO à pied","latitude":"47.7373667197","longitude":"3.29755183185","date_saisie":"18/11/2017","date_depot":"29/03/2019","valide":"Oui","ppo":"Non","type_carte":"Reprise","base":"1999-D89-026 TOUCY Lycée Collège Pierre Larousse","fond":"Ortho","obsolete":false}},{"type":"Feature","geometry":{"type":"Polygon","coordinates":[[[3.291,47.7415],[3.2922,47.7415],[3.2926,47.7415],[3.2931,47.7414],[3.2935,47.7414],[3.2938,47.7418],[3.2942,47.7419],[3.2943,47.7422],[3.2937,47.7424],[3.2938,47.7428],[3.2937,47.7431],[3.2924,47.7439],[3.2922,47.7438],[3.2911,47.7441],[3.291,47.7436],[3.2909,47.7431],[3.2909,47.7425],[3.291,47.7415]]]},"properties":{"id_ffco":"10525","nom":"Toucy-Stade municipal","_dept":"89","numero":"2017-D89-143","commune":"Toucy","echelle":"1/1500","surface":"0.06 km²","format":"A4","annee":"2017","cartographes":"Fabrice THOMASSIN","proprietaire":"89 - Yonne","niveau":"Initiation, Scolaire","specialite":"CO à pied","latitude":"47.7425957664","longitude":"3.29233131575","date_saisie":"18/11/2017","date_depot":"29/03/2019","valide":"Oui","ppo":"Non","type_carte":"Nouvelle carte","fond":"Cadastre","obsolete":false}},{"type":"Feature","geometry":{"type":"Polygon","coordinates":[[[3.8946,47.4887],[3.8941,47.4891],[3.8951,47.4893],[3.8955,47.4894],[3.8955,47.4897],[3.8956,47.4909],[3.8951,47.4922],[3.8956,47.4923],[3.8971,47.4924],[3.8979,47.4925],[3.8985,47.4926],[3.8991,47.4927],[3.9,47.4926],[3.9012,47.4925],[3.9037,47.4922],[3.9025,47.4904],[3.9019,47.4876],[3.9015,47.4874],[3.9012,47.4865],[3.901,47.4865],[3.9009,47.4857],[3.9005,47.4857],[3.9007,47.4847],[3.9006,47.4845],[3.9001,47.4844],[3.8986,47.4847],[3.8978,47.4851],[3.8961,47.4854],[3.8957,47.4854],[3.8951,47.4853],[3.8951,47.4865],[3.8951,47.4877],[3.8946,47.4887]]]},"properties":{"id_ffco":"10353","nom":"Avallon-La Morlande","_dept":"89","numero":"2017-D89-142","commune":"Avallon","echelle":"1/4000","surface":"0.43 km²","format":"A4","annee":"2017","cartographes":"Arnaud DUPLESSIS","proprietaire":"89 - Yonne","niveau":"Régional","specialite":"Sprint (ISSOM)","latitude":"47.4889540604","longitude":"3.89871886859","date_saisie":"01/10/2017","date_depot":"21/11/2017","valide":"Oui","ppo":"Non","type_carte":"Nouvelle carte","fond":"Cadastre","obsolete":false}},{"type":"Feature","geometry":{"type":"Polygon","coordinates":[[[3.5566,47.8114],[3.5576,47.813],[3.558,47.8134],[3.5585,47.8132],[3.5592,47.814],[3.5602,47.8137],[3.5598,47.8132],[3.5606,47.813],[3.5604,47.8125],[3.5609,47.8123],[3.5608,47.8122],[3.5611,47.812],[3.5611,47.812],[3.5612,47.8119],[3.5612,47.8117],[3.5611,47.8108],[3.5609,47.8104],[3.5608,47.8101],[3.5607,47.81],[3.5603,47.8101],[3.5592,47.8106],[3.559,47.8105],[3.5586,47.8107],[3.5576,47.811],[3.557,47.8112],[3.5566,47.8114]]]},"properties":{"id_ffco":"10273","nom":"Auxerre-Lycée-Collège St Joseph","_dept":"89","numero":"2017-D89-141","commune":"Auxerre","echelle":"1/2000","surface":"0.09 km²","format":"A4","annee":"2017","cartographes":"Fabrice THOMASSIN","proprietaire":"89 - Yonne","niveau":"Initiation, Scolaire","specialite":"CO à pied","latitude":"47.8119241345","longitude":"3.55915335112","date_saisie":"13/08/2017","date_depot":"21/11/2017","valide":"Oui","ppo":"Non","type_carte":"Reprise","base":"2013-D89-084 Auxerre. Lycée-Collège St Joseph","fond":"Cadastre","obsolete":false}},{"type":"Feature","geometry":{"type":"Polygon","coordinates":[[[3.286,48.2114],[3.2863,48.2127],[3.2878,48.2129],[3.2899,48.2135],[3.2914,48.214],[3.2915,48.2138],[3.2921,48.2134],[3.293,48.2127],[3.2923,48.2116],[3.2918,48.2111],[3.2902,48.2096],[3.2898,48.2088],[3.2897,48.2086],[3.2896,48.2082],[3.2897,48.208],[3.2895,48.208],[3.2894,48.208],[3.2891,48.2081],[3.2886,48.2085],[3.2878,48.2089],[3.2877,48.209],[3.2874,48.2089],[3.2873,48.2089],[3.2873,48.2091],[3.2876,48.2094],[3.2875,48.2101],[3.2869,48.2102],[3.2858,48.2102],[3.286,48.2114]]]},"properties":{"id_ffco":"10272","nom":"Parc de la Ballastière 2","_dept":"89","numero":"2017-D89-140","commune":"Saint Clément ; Sens","echelle":"1/2500","surface":"0.19 km²","format":"A4","annee":"2017","cartographes":"Aimé LOUAT,Fabrice THOMASSIN","proprietaire":"89 - Yonne","niveau":"Départemental","specialite":"CO à pied","contacts":"Office de Tourisme de SENS, 6 Rue du Général Leclerc, 89100, SENS, 03 86 65 19 49, http://www.tourisme-sens.com/","latitude":"48.2113322946","longitude":"3.28925470652","date_saisie":"13/08/2017","date_depot":"21/11/2017","valide":"Oui","ppo":"Oui (30 postes)","type_carte":"Reprise","base":"2016-D89-131 Saint-Clément-Parc de la Ballastière","fond":"Cadastre","obsolete":false}},{"type":"Feature","geometry":{"type":"Polygon","coordinates":[[[3.505,47.9681],[3.5067,47.9682],[3.507,47.9683],[3.5074,47.9683],[3.5075,47.968],[3.5084,47.9681],[3.5082,47.9694],[3.5076,47.9694],[3.5075,47.9698],[3.5074,47.97],[3.5071,47.9699],[3.5069,47.9698],[3.5047,47.9696],[3.5047,47.9694],[3.5047,47.9687],[3.5049,47.9681],[3.505,47.9681]]]},"properties":{"id_ffco":"10228","nom":"Migennes-Collège Jacques Prévert","_dept":"89","numero":"2017-D89-139","commune":"Migennes","echelle":"1/1500","surface":"0.04 km²","format":"A4","annee":"2017","cartographes":"Adeline MORVAND","proprietaire":"89 - Yonne","niveau":"Initiation, Scolaire","specialite":"CO à pied","latitude":"47.9689029919","longitude":"3.50650206087","date_saisie":"14/06/2017","date_depot":"21/11/2017","valide":"Oui","ppo":"Non","type_carte":"Nouvelle carte","fond":"IGN","ref_ign":"2619 Est","obsolete":false}},{"type":"Feature","geometry":{"type":"Polygon","coordinates":[[[3.1264,48.2934],[3.1271,48.2947],[3.1273,48.2952],[3.1275,48.2967],[3.1273,48.2973],[3.1267,48.2988],[3.1259,48.2997],[3.1255,48.3003],[3.1253,48.3009],[3.1253,48.3014],[3.1256,48.3019],[3.1266,48.3026],[3.1275,48.3027],[3.1313,48.3043],[3.1335,48.3053],[3.1389,48.3083],[3.1396,48.3083],[3.1399,48.3085],[3.1414,48.3094],[3.1429,48.3105],[3.1441,48.3114],[3.1445,48.3114],[3.1453,48.3117],[3.1461,48.3124],[3.1478,48.3118],[3.1494,48.3111],[3.1503,48.3106],[3.1507,48.3102],[3.1512,48.3097],[3.1516,48.3096],[3.152,48.3097],[3.1523,48.3099],[3.1526,48.3105],[3.1531,48.3111],[3.159,48.311],[3.1594,48.3106],[3.1703,48.306],[3.1702,48.3048],[3.1705,48.3035],[3.1726,48.3004],[3.1749,48.2967],[3.1756,48.2977],[3.1773,48.2993],[3.1785,48.3001],[3.1788,48.3003],[3.1793,48.3003],[3.1803,48.3003],[3.1814,48.3006],[3.1819,48.301],[3.1843,48.3],[3.1877,48.2982],[3.1921,48.2957],[3.1972,48.2927],[3.2014,48.2903],[3.2013,48.2892],[3.2012,48.2882],[3.2014,48.2871],[3.2007,48.2868],[3.1994,48.2864],[3.1975,48.286],[3.1879,48.2835],[3.1864,48.282],[3.1853,48.2814],[3.1844,48.2805],[3.1844,48.2802],[3.1839,48.2796],[3.1834,48.2791],[3.1829,48.2784],[3.1822,48.2775],[3.1809,48.2764],[3.1806,48.2762],[3.1802,48.2761],[3.1797,48.2761],[3.1789,48.2762],[3.1776,48.276],[3.1765,48.2757],[3.1745,48.2753],[3.1738,48.275],[3.1706,48.2732],[3.1699,48.2725],[3.1692,48.272],[3.1654,48.2705],[3.1637,48.27],[3.1621,48.2694],[3.1576,48.2686],[3.1567,48.2686],[3.1559,48.2686],[3.153,48.269],[3.1494,48.2695],[3.1488,48.2695],[3.147,48.269],[3.1461,48.2689],[3.1441,48.2687],[3.1431,48.2686],[3.1427,48.2687],[3.1418,48.269],[3.1412,48.2691],[3.1405,48.2692],[3.1388,48.2695],[3.1372,48.2696],[3.1383,48.2708],[3.1397,48.2719],[3.1405,48.2723],[3.1417,48.2733],[3.1444,48.2758],[3.149,48.2816],[3.1485,48.2824],[3.1485,48.2832],[3.1488,48.2844],[3.1487,48.2862],[3.1496,48.288],[3.1496,48.2889],[3.1502,48.2902],[3.1503,48.2944],[3.1459,48.2944],[3.1432,48.293],[3.1413,48.2909],[3.1384,48.2893],[3.1303,48.2871],[3.1248,48.2836],[3.1247,48.2846],[3.1254,48.2869],[3.1253,48.2877],[3.1255,48.2884],[3.1254,48.2896],[3.1256,48.2902],[3.1261,48.2911],[3.1263,48.2917],[3.1264,48.2934]]]},"properties":{"id_ffco":"10084","nom":"La Roche qui va boire-VTT","_dept":"89","numero":"2017-D89-138","commune":"Pont-sur-Yonne","echelle":"1/15000","surface":"15.16 km²","format":"A3","annee":"2017","cartographes":"Nicolas Pinsard","proprietaire":"89 - Yonne","niveau":"Régional","specialite":"CO à VTT","latitude":"48.2906892618","longitude":"3.16034280963","date_saisie":"28/02/2017","date_depot":"16/06/2017","valide":"Oui","ppo":"Non","type_carte":"Nouvelle carte","fond":"IGN","ref_ign":"2518 E","obsolete":false}},{"type":"Feature","geometry":{"type":"Polygon","coordinates":[[[3.1744,48.2127],[3.1738,48.2125],[3.1727,48.2123],[3.1717,48.2117],[3.1712,48.2116],[3.1691,48.2115],[3.1683,48.2116],[3.167,48.2116],[3.1654,48.2117],[3.1646,48.2116],[3.1636,48.2114],[3.1628,48.2111],[3.1615,48.2104],[3.1599,48.2099],[3.1596,48.2097],[3.1593,48.2091],[3.1591,48.2087],[3.1592,48.208],[3.1597,48.2074],[3.16,48.207],[3.1602,48.2067],[3.1597,48.2045],[3.1596,48.2035],[3.1594,48.2026],[3.16,48.2013],[3.162,48.1985],[3.1624,48.1979],[3.1627,48.1973],[3.1631,48.1966],[3.1673,48.1905],[3.1762,48.1906],[3.1803,48.187],[3.1816,48.1863],[3.1845,48.1883],[3.1871,48.1901],[3.1897,48.192],[3.1925,48.1939],[3.1928,48.1936],[3.1929,48.1931],[3.1922,48.1922],[3.192,48.1914],[3.1911,48.1898],[3.1915,48.1883],[3.1915,48.1874],[3.1913,48.1867],[3.1907,48.1856],[3.1932,48.1855],[3.1958,48.1857],[3.1993,48.1855],[3.2016,48.1874],[3.2033,48.1887],[3.2035,48.1889],[3.2035,48.1891],[3.2024,48.1904],[3.2025,48.1917],[3.2026,48.1922],[3.2025,48.1925],[3.202,48.1932],[3.2019,48.1935],[3.2035,48.1938],[3.2053,48.1939],[3.2062,48.1938],[3.2067,48.1939],[3.2074,48.1941],[3.2079,48.1944],[3.2085,48.1947],[3.2101,48.195],[3.2103,48.1948],[3.2104,48.1946],[3.2107,48.1946],[3.2126,48.1952],[3.2141,48.1955],[3.2153,48.1955],[3.2163,48.1956],[3.2171,48.1953],[3.218,48.1951],[3.2189,48.1952],[3.2197,48.1952],[3.2205,48.1955],[3.2213,48.1955],[3.2221,48.196],[3.2221,48.1965],[3.2223,48.1966],[3.2226,48.1968],[3.2244,48.1963],[3.2265,48.1959],[3.2292,48.1959],[3.2303,48.1961],[3.2313,48.1961],[3.232,48.1962],[3.2325,48.1959],[3.2328,48.1956],[3.2317,48.1879],[3.239,48.188],[3.239,48.1916],[3.239,48.1929],[3.2394,48.1931],[3.2396,48.1933],[3.24,48.1934],[3.242,48.1931],[3.2429,48.1931],[3.2447,48.1928],[3.2451,48.1927],[3.2453,48.1925],[3.2457,48.1924],[3.2466,48.1925],[3.2481,48.1923],[3.2497,48.1921],[3.251,48.1917],[3.2514,48.1915],[3.2517,48.1918],[3.2522,48.1922],[3.2529,48.1929],[3.2536,48.1934],[3.2537,48.194],[3.2539,48.1945],[3.2549,48.1958],[3.2551,48.1961],[3.2552,48.197],[3.2555,48.1976],[3.2558,48.1979],[3.2564,48.1978],[3.2572,48.1974],[3.2575,48.2064],[3.2521,48.2053],[3.2466,48.2049],[3.2463,48.2047],[3.2456,48.2041],[3.2444,48.2033],[3.2428,48.2026],[3.2372,48.2006],[3.2356,48.2002],[3.2359,48.2024],[3.237,48.2031],[3.2404,48.2048],[3.2419,48.2057],[3.2419,48.2065],[3.2417,48.207],[3.2404,48.2083],[3.2583,48.2185],[3.2563,48.2195],[3.2545,48.2205],[3.2533,48.2209],[3.2523,48.2211],[3.251,48.2212],[3.2488,48.2214],[3.245,48.2216],[3.2437,48.2216],[3.2421,48.2215],[3.241,48.2217],[3.2396,48.2222],[3.2384,48.2225],[3.2368,48.2198],[3.235,48.2176],[3.2327,48.2154],[3.2304,48.2135],[3.2262,48.2132],[3.2222,48.2135],[3.2211,48.2145],[3.2207,48.2162],[3.2175,48.2164],[3.217,48.2168],[3.2182,48.2192],[3.2178,48.2194],[3.2125,48.2202],[3.2051,48.2204],[3.2049,48.2219],[3.2039,48.2219],[3.2002,48.222],[3.1979,48.2221],[3.1968,48.2222],[3.1958,48.2225],[3.1921,48.2239],[3.1912,48.2241],[3.1884,48.2247],[3.1851,48.2254],[3.1838,48.2257],[3.1835,48.2257],[3.1831,48.2257],[3.182,48.2253],[3.1814,48.2252],[3.1807,48.2252],[3.1797,48.2253],[3.1788,48.2253],[3.1756,48.2249],[3.1738,48.2247],[3.1737,48.221],[3.1742,48.2201],[3.1753,48.2194],[3.176,48.2185],[3.1765,48.2174],[3.1767,48.2164],[3.1766,48.2153],[3.176,48.2143],[3.1755,48.2136],[3.1748,48.2131],[3.1744,48.2127]]]},"properties":{"id_ffco":"10083","nom":"De Villebougis à St-Martin-VTT","_dept":"89","numero":"2017-D89-137","commune":"Villebougis","echelle":"1/15000","surface":"20.55 km²","format":"A3","annee":"2017","cartographes":"Nicolas Pinsard","proprietaire":"89 - Yonne","niveau":"Régional","specialite":"CO à VTT","latitude":"48.205568747","longitude":"3.20588842743","date_saisie":"28/02/2017","date_depot":"16/06/2017","valide":"Oui","ppo":"Non","type_carte":"Nouvelle carte","fond":"IGN","ref_ign":"2517 E","obsolete":false}},{"type":"Feature","geometry":{"type":"Polygon","coordinates":[[[4.0061,47.3552],[4.0057,47.3556],[4.0055,47.3561],[4.0053,47.3567],[4.0054,47.3572],[4.0055,47.3579],[4.0057,47.3587],[4.0057,47.3601],[4.0046,47.36],[4.0039,47.3598],[4.0029,47.3594],[4.0018,47.3594],[4.0002,47.3597],[3.9989,47.36],[3.9973,47.3601],[3.9964,47.3598],[3.996,47.3593],[3.9952,47.3589],[3.9944,47.3587],[3.9922,47.3587],[3.9905,47.3594],[3.9898,47.3603],[3.9886,47.3603],[3.9863,47.3575],[3.9869,47.3569],[3.9868,47.3551],[3.9884,47.3541],[3.9922,47.3531],[3.9936,47.3526],[3.9947,47.3522],[3.9951,47.3518],[3.995,47.3515],[3.9945,47.3505],[3.9942,47.35],[3.9942,47.3494],[3.9945,47.3471],[3.9951,47.3433],[4.0085,47.3427],[4.0086,47.3525],[4.0061,47.3552]]]},"properties":{"id_ffco":"10082","nom":"Le Griottier blanc-VTT","_dept":"89","numero":"2017-D89-136","commune":"Quarré-les-Tombes","echelle":"1/7500","surface":"2.19 km²","format":"A4","annee":"2017","cartographes":"Nicolas Pinsard","proprietaire":"89 - Yonne","niveau":"Régional","specialite":"CO à VTT","latitude":"47.3519007719","longitude":"3.9994390495","date_saisie":"28/02/2017","date_depot":"16/06/2017","valide":"Oui","ppo":"Non","type_carte":"Nouvelle carte","fond":"IGN","ref_ign":"2822 OT","obsolete":false}},{"type":"Feature","geometry":{"type":"Polygon","coordinates":[[[3.7712,47.4474],[3.7706,47.4496],[3.7701,47.4504],[3.7696,47.4523],[3.7697,47.4535],[3.7694,47.4539],[3.7686,47.4545],[3.767,47.4562],[3.7727,47.458],[3.7727,47.4603],[3.7691,47.4634],[3.7644,47.4626],[3.7626,47.464],[3.7614,47.4675],[3.7623,47.4684],[3.7617,47.4695],[3.7599,47.4725],[3.76,47.473],[3.7612,47.4739],[3.7613,47.4743],[3.7609,47.475],[3.7601,47.4756],[3.7594,47.4774],[3.762,47.4792],[3.7622,47.4858],[3.7569,47.4859],[3.7564,47.4853],[3.7557,47.4848],[3.7551,47.4843],[3.7544,47.4839],[3.7534,47.4847],[3.7522,47.4856],[3.7511,47.4862],[3.7503,47.4866],[3.7496,47.4871],[3.7485,47.4875],[3.7423,47.4827],[3.7342,47.4802],[3.7341,47.472],[3.7335,47.472],[3.7324,47.4718],[3.7316,47.4715],[3.731,47.4713],[3.7304,47.4712],[3.729,47.4712],[3.7282,47.4711],[3.7277,47.4709],[3.7272,47.4707],[3.7263,47.4705],[3.7253,47.4702],[3.7242,47.47],[3.7229,47.47],[3.7216,47.4697],[3.7196,47.4697],[3.7183,47.4693],[3.718,47.4693],[3.7176,47.4693],[3.7171,47.4696],[3.7135,47.4707],[3.713,47.4708],[3.7124,47.471],[3.7119,47.4711],[3.7106,47.4698],[3.7101,47.4689],[3.7094,47.4677],[3.71,47.4674],[3.7116,47.4665],[3.7142,47.4635],[3.7147,47.4633],[3.7162,47.4628],[3.717,47.4625],[3.7173,47.4621],[3.7175,47.4618],[3.7179,47.4615],[3.7183,47.4615],[3.7187,47.4616],[3.7202,47.4628],[3.721,47.4632],[3.7216,47.4636],[3.7218,47.464],[3.7221,47.4643],[3.7225,47.4644],[3.7228,47.4643],[3.7233,47.464],[3.7238,47.4638],[3.7243,47.4637],[3.7249,47.4638],[3.726,47.464],[3.7271,47.4642],[3.7283,47.4641],[3.7291,47.4642],[3.7304,47.4644],[3.7314,47.4646],[3.7322,47.4645],[3.733,47.4646],[3.7335,47.4644],[3.7343,47.4647],[3.7351,47.4649],[3.7358,47.4648],[3.7363,47.4646],[3.7374,47.4636],[3.7381,47.4628],[3.7372,47.4627],[3.7365,47.4623],[3.7351,47.4605],[3.7345,47.4595],[3.7337,47.4587],[3.7342,47.4577],[3.7347,47.4579],[3.735,47.4578],[3.7363,47.4569],[3.7368,47.4568],[3.7365,47.4564],[3.7363,47.4561],[3.7361,47.4555],[3.7356,47.455],[3.7351,47.4545],[3.7346,47.4541],[3.7341,47.4535],[3.7333,47.4528],[3.7324,47.4518],[3.7318,47.4513],[3.7315,47.4512],[3.7308,47.4512],[3.7306,47.4511],[3.7308,47.4509],[3.7311,47.4507],[3.7314,47.4504],[3.7314,47.4497],[3.7316,47.4495],[3.7321,47.4493],[3.7324,47.449],[3.7325,47.4484],[3.7325,47.4479],[3.7324,47.4479],[3.7322,47.4478],[3.7311,47.4477],[3.7307,47.4475],[3.7291,47.4453],[3.7291,47.445],[3.7294,47.4448],[3.7301,47.4445],[3.7304,47.4445],[3.731,47.4447],[3.7313,47.4447],[3.7347,47.4433],[3.7352,47.443],[3.7355,47.4424],[3.7355,47.4422],[3.7352,47.4406],[3.7355,47.4395],[3.7354,47.4391],[3.7352,47.4383],[3.7345,47.4376],[3.7343,47.437],[3.7337,47.4363],[3.7332,47.4355],[3.7328,47.4347],[3.7328,47.4343],[3.733,47.4341],[3.7334,47.4342],[3.734,47.4346],[3.7355,47.4351],[3.7364,47.4353],[3.7385,47.4365],[3.7401,47.4363],[3.7408,47.4362],[3.7412,47.4365],[3.7416,47.4368],[3.7418,47.437],[3.7418,47.4373],[3.7418,47.4379],[3.742,47.4381],[3.7422,47.4383],[3.7424,47.4383],[3.743,47.4385],[3.7446,47.4395],[3.7464,47.4406],[3.7478,47.4413],[3.7483,47.4415],[3.7487,47.4415],[3.7488,47.4414],[3.749,47.4412],[3.7493,47.4408],[3.7506,47.4405],[3.7517,47.4401],[3.7522,47.4401],[3.753,47.4403],[3.7538,47.4402],[3.7543,47.44],[3.7551,47.4395],[3.7552,47.4393],[3.7551,47.4391],[3.7547,47.4389],[3.754,47.4386],[3.753,47.438],[3.7524,47.4377],[3.7518,47.4374],[3.7515,47.4371],[3.7517,47.4368],[3.7524,47.4366],[3.7526,47.4363],[3.7526,47.4358],[3.7528,47.4356],[3.753,47.4356],[3.7533,47.4357],[3.7535,47.4358],[3.7537,47.4359],[3.7545,47.4358],[3.7558,47.4358],[3.7567,47.4358],[3.7573,47.4359],[3.7585,47.4362],[3.7605,47.4372],[3.761,47.4374],[3.7614,47.4374],[3.7617,47.4374],[3.7622,47.437],[3.7627,47.4367],[3.7631,47.4365],[3.7636,47.4361],[3.7636,47.4357],[3.7635,47.4353],[3.7634,47.4351],[3.7634,47.435],[3.764,47.4355],[3.7646,47.4365],[3.7657,47.4372],[3.7689,47.4387],[3.7726,47.4404],[3.7723,47.4418],[3.7712,47.4474]]]},"properties":{"id_ffco":"10081","nom":"La Colline éternelle-VTT","_dept":"89","numero":"2017-D89-135","commune":"Vézelay","echelle":"1/15000","surface":"14.01 km²","format":"A3","annee":"2017","cartographes":"Nicolas Pinsard","proprietaire":"89 - Yonne","niveau":"Régional","specialite":"CO à VTT","latitude":"47.4598391586","longitude":"3.74820337558","date_saisie":"28/02/2017","date_depot":"16/06/2017","valide":"Oui","ppo":"Non","type_carte":"Nouvelle carte","fond":"IGN","ref_ign":"2722 ET","obsolete":false}},{"type":"Feature","geometry":{"type":"Polygon","coordinates":[[[4.0942,47.3508],[4.099,47.3518],[4.1031,47.3519],[4.1059,47.3532],[4.1068,47.3546],[4.1069,47.3559],[4.1086,47.3566],[4.1152,47.3572],[4.1173,47.358],[4.1201,47.3585],[4.1248,47.3584],[4.1268,47.3585],[4.1303,47.359],[4.1344,47.36],[4.1363,47.3604],[4.1378,47.3609],[4.1384,47.3615],[4.1387,47.3621],[4.1393,47.3635],[4.1397,47.3647],[4.1398,47.3663],[4.1397,47.3674],[4.1394,47.368],[4.1391,47.3684],[4.1387,47.3687],[4.1381,47.369],[4.1375,47.3689],[4.136,47.3689],[4.1355,47.3691],[4.135,47.3695],[4.1352,47.3702],[4.135,47.3708],[4.135,47.3711],[4.1356,47.3716],[4.136,47.372],[4.1357,47.3724],[4.1357,47.3729],[4.1347,47.375],[4.1346,47.3752],[4.1343,47.3755],[4.1344,47.3759],[4.1349,47.3763],[4.1396,47.379],[4.1394,47.3791],[4.1384,47.379],[4.1376,47.3792],[4.1367,47.3791],[4.1356,47.3789],[4.1346,47.3787],[4.1334,47.3787],[4.1329,47.3789],[4.1323,47.379],[4.1317,47.379],[4.1312,47.3798],[4.1311,47.38],[4.1306,47.3804],[4.1298,47.3805],[4.1293,47.3807],[4.1289,47.3808],[4.1284,47.3817],[4.1282,47.382],[4.1279,47.3821],[4.1268,47.3825],[4.1257,47.3827],[4.1243,47.3833],[4.1232,47.3843],[4.123,47.3847],[4.123,47.3854],[4.1225,47.3855],[4.1218,47.3853],[4.1212,47.3852],[4.1203,47.385],[4.1197,47.3849],[4.1193,47.3847],[4.1188,47.3845],[4.118,47.3845],[4.117,47.3847],[4.1166,47.385],[4.1164,47.3852],[4.1161,47.3858],[4.1157,47.3859],[4.1146,47.3859],[4.1141,47.3861],[4.1125,47.3865],[4.1117,47.3865],[4.1111,47.3866],[4.1089,47.3873],[4.1081,47.3875],[4.107,47.3877],[4.1066,47.3881],[4.1065,47.3885],[4.1065,47.3888],[4.1063,47.3892],[4.1055,47.3897],[4.1049,47.3908],[4.1043,47.3912],[4.1038,47.3916],[4.1029,47.3919],[4.1024,47.3923],[4.102,47.3927],[4.1015,47.3937],[4.1012,47.3946],[4.1001,47.3953],[4.0991,47.3956],[4.0982,47.3964],[4.0977,47.3972],[4.0973,47.3974],[4.0969,47.3972],[4.096,47.3967],[4.0956,47.3961],[4.0955,47.3953],[4.094,47.3927],[4.0927,47.3908],[4.0922,47.3904],[4.09,47.3893],[4.0888,47.3884],[4.0877,47.3874],[4.0864,47.3869],[4.0858,47.3867],[4.0852,47.3867],[4.0845,47.3867],[4.084,47.3866],[4.0822,47.3861],[4.0818,47.3861],[4.0807,47.3865],[4.0802,47.3864],[4.0789,47.3862],[4.078,47.3867],[4.0775,47.3869],[4.0773,47.3878],[4.077,47.3882],[4.0757,47.3876],[4.075,47.3877],[4.0746,47.3877],[4.0739,47.3873],[4.0734,47.3868],[4.0732,47.3864],[4.0731,47.3862],[4.0728,47.3864],[4.0729,47.3867],[4.0729,47.3872],[4.0727,47.3877],[4.0721,47.3881],[4.0702,47.388],[4.0693,47.3879],[4.0688,47.3877],[4.0679,47.387],[4.0675,47.387],[4.0671,47.3872],[4.0667,47.3878],[4.0663,47.3879],[4.0652,47.3879],[4.0638,47.3877],[4.0631,47.3874],[4.0627,47.3873],[4.0622,47.3872],[4.0606,47.3872],[4.0598,47.3869],[4.0593,47.3871],[4.059,47.387],[4.0583,47.3863],[4.0569,47.3859],[4.0562,47.3857],[4.0556,47.3854],[4.0541,47.3854],[4.0539,47.3854],[4.0531,47.3857],[4.0524,47.3862],[4.0509,47.3867],[4.0497,47.3863],[4.0455,47.3853],[4.0446,47.3854],[4.0451,47.3841],[4.0456,47.3825],[4.0464,47.3809],[4.0468,47.3803],[4.0467,47.38],[4.0464,47.3798],[4.0461,47.3795],[4.0462,47.3792],[4.0467,47.3791],[4.0471,47.379],[4.0473,47.3789],[4.0475,47.3784],[4.0475,47.378],[4.0475,47.3778],[4.047,47.3772],[4.0467,47.3759],[4.0471,47.3746],[4.0471,47.3744],[4.0469,47.3741],[4.0459,47.3737],[4.0456,47.3736],[4.0447,47.3728],[4.0444,47.3723],[4.0437,47.372],[4.0431,47.3712],[4.0427,47.3705],[4.0423,47.3693],[4.0415,47.3678],[4.0404,47.367],[4.0397,47.3666],[4.0391,47.3665],[4.0385,47.3663],[4.0377,47.3659],[4.0369,47.3655],[4.0357,47.3642],[4.0353,47.363],[4.0347,47.3619],[4.0345,47.3618],[4.0339,47.3616],[4.0334,47.3614],[4.0321,47.3603],[4.032,47.3594],[4.0324,47.3588],[4.033,47.3583],[4.0334,47.3583],[4.0337,47.3583],[4.0343,47.3581],[4.0346,47.3579],[4.0348,47.3576],[4.035,47.3571],[4.0353,47.357],[4.0369,47.3567],[4.0373,47.3567],[4.0376,47.3568],[4.0383,47.3574],[4.0392,47.3581],[4.0396,47.3584],[4.0403,47.3592],[4.0411,47.3597],[4.0426,47.3602],[4.0432,47.3604],[4.0451,47.3603],[4.0465,47.3603],[4.0472,47.3604],[4.0478,47.3605],[4.0481,47.3605],[4.0483,47.3603],[4.0484,47.3594],[4.0485,47.3588],[4.0491,47.3575],[4.0494,47.3573],[4.0505,47.3571],[4.051,47.357],[4.053,47.3559],[4.0535,47.3556],[4.0538,47.3552],[4.0539,47.3549],[4.0536,47.3544],[4.0533,47.3536],[4.0516,47.3507],[4.0525,47.3485],[4.0519,47.3471],[4.0526,47.3463],[4.0536,47.3454],[4.0541,47.345],[4.0552,47.3448],[4.056,47.3446],[4.0566,47.3447],[4.0584,47.3446],[4.0598,47.3441],[4.0594,47.343],[4.059,47.3423],[4.0591,47.3419],[4.0595,47.3412],[4.0603,47.3414],[4.0657,47.34],[4.0694,47.3387],[4.0723,47.3379],[4.0758,47.335],[4.0791,47.335],[4.0827,47.3415],[4.0846,47.3425],[4.0862,47.3442],[4.0866,47.3458],[4.0878,47.3468],[4.0879,47.3481],[4.088,47.3492],[4.093,47.351],[4.0942,47.3508]]]},"properties":{"id_ffco":"10077","nom":"La-Pierre-qui-Vire-VTT","_dept":"89","numero":"2017-D89-134","commune":"Saint Léger Vauban","echelle":"1/20000","surface":"29.23 km²","format":"A3","annee":"2017","cartographes":"Nicolas Pinsard","proprietaire":"89 - Yonne","niveau":"Régional","specialite":"CO à VTT","latitude":"47.3675116076","longitude":"4.08554663236","date_saisie":"28/02/2017","date_depot":"16/06/2017","valide":"Oui","ppo":"Non","type_carte":"Nouvelle carte","fond":"IGN","ref_ign":"2822 OT","obsolete":false}},{"type":"Feature","geometry":{"type":"Polygon","coordinates":[[[3.0875,47.8892],[3.0872,47.8892],[3.0871,47.8893],[3.0866,47.8892],[3.0866,47.8891],[3.0862,47.8891],[3.0865,47.8886],[3.0866,47.8882],[3.0867,47.888],[3.0869,47.8877],[3.0877,47.887],[3.0883,47.8863],[3.0888,47.8857],[3.089,47.8857],[3.0905,47.8862],[3.0909,47.8864],[3.0915,47.8863],[3.0917,47.8865],[3.092,47.8867],[3.0915,47.887],[3.0911,47.8871],[3.091,47.8875],[3.0906,47.8875],[3.0906,47.8871],[3.0905,47.8868],[3.0903,47.8868],[3.0897,47.8874],[3.0897,47.8876],[3.09,47.8881],[3.09,47.8882],[3.0896,47.8883],[3.0888,47.8885],[3.0888,47.8886],[3.0887,47.8888],[3.0882,47.889],[3.0875,47.8892]]]},"properties":{"id_ffco":"10002","nom":"Charny. Base de loisirs","_dept":"89","numero":"2017-D89-133","commune":"Charny Orée de Puisaye","echelle":"1/2000","surface":"0.08 km²","format":"A4","annee":"2017","cartographes":"Fabrice THOMASSIN","proprietaire":"89 - Yonne","niveau":"Initiation, Scolaire","specialite":"CO à pied","latitude":"47.8874705388","longitude":"3.08877130899","date_saisie":"22/12/2016","date_depot":"16/06/2017","valide":"Oui","ppo":"Non","type_carte":"Nouvelle carte","fond":"Cadastre","obsolete":false}},{"type":"Feature","geometry":{"type":"Polygon","coordinates":[[[3.3074,48.2699],[3.3035,48.2705],[3.3033,48.2729],[3.3032,48.2752],[3.3065,48.2756],[3.3074,48.277],[3.3125,48.2772],[3.3151,48.2778],[3.3174,48.2816],[3.3177,48.2833],[3.3202,48.2833],[3.3214,48.2788],[3.3248,48.2792],[3.3281,48.2819],[3.3343,48.2811],[3.3349,48.2822],[3.3425,48.2813],[3.3445,48.2828],[3.3484,48.2828],[3.3486,48.2781],[3.3511,48.2778],[3.3522,48.2813],[3.3525,48.2826],[3.3577,48.2825],[3.3604,48.2817],[3.3599,48.2809],[3.3573,48.2753],[3.356,48.2678],[3.3537,48.266],[3.3494,48.2625],[3.3438,48.2616],[3.3407,48.2614],[3.336,48.2575],[3.3341,48.2561],[3.3325,48.2561],[3.3287,48.2578],[3.3254,48.2581],[3.3168,48.2593],[3.3151,48.2598],[3.3145,48.2604],[3.3125,48.2612],[3.31,48.2621],[3.3068,48.2632],[3.3063,48.2648],[3.3074,48.2699]]]},"properties":{"id_ffco":"9757","nom":"Forêt de Soucy","_dept":"89","numero":"2016-D89-130","commune":"Soucy","echelle":"1/15000","surface":"8.54 km²","format":"A4","annee":"2016","cartographes":"Jérôme LEHUP,Fabrice THOMASSIN","proprietaire":"89 - Yonne","niveau":"Régional","specialite":"CO à pied","latitude":"48.2706269688","longitude":"3.33161059032","date_saisie":"24/10/2016","date_depot":"16/06/2017","valide":"Oui","ppo":"Oui (65 postes)","type_carte":"Reprise","base":"2016-D89-122 Le Val d'Oreuse","fond":"IGN","ref_ign":"2617 Ouest","obsolete":false}},{"type":"Feature","geometry":{"type":"Polygon","coordinates":[[[3.6746,48.0836],[3.6738,48.084],[3.6728,48.0844],[3.6721,48.0849],[3.671,48.0857],[3.6701,48.0864],[3.669,48.087],[3.6686,48.0874],[3.6682,48.0879],[3.6677,48.0884],[3.6673,48.0889],[3.6666,48.0894],[3.6637,48.0897],[3.6639,48.09],[3.6639,48.0904],[3.6635,48.0908],[3.6628,48.0908],[3.6605,48.0903],[3.6597,48.0902],[3.6566,48.0906],[3.6443,48.0921],[3.6402,48.0927],[3.6351,48.0933],[3.6385,48.0892],[3.6436,48.0842],[3.6503,48.0773],[3.653,48.0783],[3.6552,48.0787],[3.6572,48.0789],[3.6604,48.0789],[3.6636,48.0784],[3.6663,48.0777],[3.6682,48.0773],[3.6745,48.0773],[3.6746,48.0836]]]},"properties":{"id_ffco":"9756","nom":"Venizy-Forêt communale","_dept":"89","numero":"2016-D89-129","commune":"Venizy","echelle":"1/10000","surface":"3.11 km²","format":"A4","annee":"2016","cartographes":"Francis MOINE","proprietaire":"89 - Yonne","niveau":"Départemental","specialite":"CO à pied","latitude":"48.0848416402","longitude":"3.65664696457","date_saisie":"24/10/2016","date_depot":"02/02/2018","valide":"Oui","ppo":"Non","type_carte":"Nouvelle carte","fond":"IGN","ref_ign":"2718 Ouest","obsolete":false}},{"type":"Feature","geometry":{"type":"Polygon","coordinates":[[[3.2664,48.2897],[3.2648,48.2919],[3.2633,48.2937],[3.262,48.2953],[3.264,48.2971],[3.265,48.2981],[3.2659,48.2993],[3.2644,48.3017],[3.2653,48.302],[3.2659,48.3026],[3.2659,48.3028],[3.2644,48.3051],[3.2653,48.3084],[3.2668,48.3086],[3.2694,48.3087],[3.2728,48.3099],[3.2807,48.3112],[3.2817,48.311],[3.2837,48.3121],[3.2829,48.313],[3.2869,48.3134],[3.2874,48.312],[3.2883,48.3121],[3.2917,48.3123],[3.2945,48.3121],[3.298,48.3129],[3.3023,48.3142],[3.3026,48.3138],[3.305,48.3145],[3.3063,48.315],[3.3074,48.3152],[3.3081,48.314],[3.3112,48.3145],[3.3156,48.3132],[3.3195,48.3125],[3.3212,48.3125],[3.3239,48.3131],[3.3284,48.3135],[3.3586,48.3137],[3.3615,48.3129],[3.3635,48.3123],[3.3645,48.312],[3.3683,48.3094],[3.3686,48.3091],[3.3715,48.3038],[3.3719,48.3033],[3.3726,48.3029],[3.3737,48.3026],[3.3746,48.3022],[3.3751,48.3018],[3.3745,48.3012],[3.3748,48.3002],[3.3743,48.299],[3.3773,48.2964],[3.3767,48.2937],[3.3774,48.2922],[3.3767,48.2915],[3.3766,48.2909],[3.3772,48.2904],[3.377,48.2857],[3.3763,48.2852],[3.3757,48.2846],[3.3763,48.2836],[3.3769,48.2824],[3.3802,48.2808],[3.3815,48.2805],[3.384,48.2797],[3.3849,48.2796],[3.3857,48.2796],[3.3865,48.2798],[3.3877,48.2796],[3.3883,48.2796],[3.3889,48.2796],[3.3899,48.2795],[3.3901,48.2797],[3.3939,48.2784],[3.3964,48.2785],[3.3978,48.2776],[3.3995,48.2776],[3.4057,48.2714],[3.4052,48.2693],[3.4043,48.2692],[3.4044,48.2661],[3.4047,48.2632],[3.4058,48.2613],[3.4059,48.261],[3.4058,48.2607],[3.4052,48.2604],[3.4048,48.2602],[3.4045,48.2597],[3.4046,48.2592],[3.4043,48.2589],[3.4041,48.2587],[3.4039,48.2584],[3.4035,48.2581],[3.4032,48.2578],[3.4032,48.2573],[3.403,48.257],[3.4026,48.2565],[3.4024,48.2561],[3.4022,48.2558],[3.4021,48.2553],[3.4018,48.255],[3.4013,48.2548],[3.4004,48.2549],[3.4,48.2548],[3.3999,48.2545],[3.4001,48.2541],[3.4004,48.2536],[3.4007,48.2521],[3.3963,48.2504],[3.3948,48.2503],[3.3943,48.25],[3.3937,48.2498],[3.3937,48.2484],[3.3885,48.2484],[3.3886,48.2499],[3.388,48.25],[3.3881,48.2512],[3.3872,48.2513],[3.3869,48.2522],[3.3751,48.2524],[3.3731,48.2525],[3.3638,48.2539],[3.3623,48.2541],[3.3612,48.2539],[3.3575,48.2526],[3.3554,48.2518],[3.3506,48.2511],[3.3507,48.2496],[3.3499,48.2499],[3.3498,48.2484],[3.3376,48.2478],[3.3297,48.2473],[3.3272,48.2453],[3.3256,48.2448],[3.3224,48.2446],[3.3222,48.245],[3.319,48.2432],[3.3179,48.2428],[3.3171,48.242],[3.3162,48.2416],[3.315,48.2417],[3.3106,48.2506],[3.3088,48.2513],[3.3086,48.251],[3.3077,48.2511],[3.3077,48.252],[3.3064,48.2545],[3.3062,48.2555],[3.3065,48.2569],[3.3042,48.2582],[3.3037,48.2604],[3.3019,48.261],[3.3015,48.2624],[3.3011,48.2625],[3.2991,48.2617],[3.2974,48.2616],[3.2955,48.2618],[3.2938,48.2617],[3.2909,48.2623],[3.2896,48.2609],[3.2883,48.2596],[3.2883,48.2582],[3.2876,48.2579],[3.2836,48.2639],[3.2831,48.2638],[3.2826,48.2643],[3.2828,48.2648],[3.2804,48.2684],[3.2823,48.2697],[3.2818,48.2701],[3.2825,48.2705],[3.2826,48.2719],[3.2835,48.2732],[3.2814,48.2742],[3.2788,48.2757],[3.2767,48.277],[3.2751,48.2784],[3.2735,48.2799],[3.2722,48.2815],[3.2702,48.2843],[3.2684,48.2868],[3.2664,48.2897]]]},"properties":{"id_ffco":"9644","nom":"Le Val d'Oreuse-VTT","_dept":"89","numero":"2016-D89-128","commune":"St Martin sur Oreuse","echelle":"1/20000","surface":"57.35 km²","format":"+","annee":"2016","cartographes":"Jean Charles LALEVEE,Aimé LOUAT,Jérôme LEHUP,Fabrice THOMASSIN","proprietaire":"89 - Yonne","niveau":"National, International","specialite":"CO à VTT","latitude":"48.281107398","longitude":"3.3324488599","date_saisie":"02/08/2016","date_depot":"04/10/2016","valide":"Oui","ppo":"Non","type_carte":"Reprise","base":"2016-D89-122 Le Val d'Oreuse","fond":"IGN","obsolete":false}},{"type":"Feature","geometry":{"type":"Polygon","coordinates":[[[3.4005,47.9941],[3.4012,47.9943],[3.4017,47.9947],[3.402,47.9951],[3.4024,47.9956],[3.4027,47.996],[3.403,47.9985],[3.4034,47.9994],[3.4039,48.0003],[3.4118,48.0003],[3.4119,47.9945],[3.4119,47.9883],[3.4097,47.9883],[3.4089,47.9881],[3.4076,47.9874],[3.3986,47.9874],[3.3986,47.9937],[3.4005,47.9941]]]},"properties":{"id_ffco":"9643","nom":"JOIGNY-Le Bois aux Coeurs","_dept":"89","numero":"2016-D89-127","commune":"Joigny","echelle":"1/5000","surface":"1.18 km²","format":"A4","annee":"2016","cartographes":"Fabrice THOMASSIN","proprietaire":"89 - Yonne","niveau":"Régional","specialite":"CO à pied","latitude":"47.9933206479","longitude":"3.40595389076","date_saisie":"02/08/2016","date_depot":"04/10/2016","valide":"Oui","ppo":"Non","type_carte":"Reprise","base":"1999-D89-023 Joigny III","fond":"IGN","obsolete":false}},{"type":"Feature","geometry":{"type":"Polygon","coordinates":[[[3.2809,48.1943],[3.2764,48.1945],[3.2763,48.1946],[3.273,48.1946],[3.273,48.1959],[3.2726,48.197],[3.2727,48.1997],[3.2727,48.2003],[3.2726,48.2008],[3.2727,48.2018],[3.2745,48.2018],[3.2751,48.2009],[3.2753,48.2007],[3.2755,48.2007],[3.278,48.2007],[3.2782,48.2004],[3.2823,48.2004],[3.2837,48.2007],[3.2871,48.2007],[3.2895,48.2005],[3.2913,48.1989],[3.2911,48.1981],[3.2911,48.1968],[3.2899,48.1958],[3.2897,48.1949],[3.2878,48.1947],[3.2849,48.1944],[3.283,48.1943],[3.2809,48.1943]]]},"properties":{"id_ffco":"9642","nom":"SENS-Centre-ville","_dept":"89","numero":"2016-D89-126","commune":"Sens","echelle":"1/5000","surface":"0.91 km²","format":"A4","annee":"2016","cartographes":"Aimé LOUAT,Jérôme LEHUP,Fabrice THOMASSIN","proprietaire":"89 - Yonne","niveau":"Régional","specialite":"Sprint (ISSOM)","latitude":"48.197653837","longitude":"3.28144201868","date_saisie":"02/08/2016","date_depot":"21/11/2017","valide":"Oui","ppo":"Non","type_carte":"Nouvelle carte","fond":"Cadastre","obsolete":false}},{"type":"Feature","geometry":{"type":"Polygon","coordinates":[[[3.9129,47.4937],[3.9124,47.4927],[3.9124,47.4926],[3.9127,47.4926],[3.914,47.4923],[3.9144,47.4923],[3.9147,47.4924],[3.915,47.4924],[3.9152,47.4924],[3.9152,47.4923],[3.9154,47.4923],[3.9154,47.4924],[3.9158,47.4925],[3.9155,47.4932],[3.9148,47.4935],[3.9129,47.4937]]]},"properties":{"id_ffco":"9534","nom":"Avallon-Collège Maurice Clavel","_dept":"89","numero":"2016-D89-125","commune":"Avallon","echelle":"1/1000","surface":"0.03 km²","format":"A4","annee":"2016","cartographes":"Alain COMMARET","proprietaire":"89 - Yonne","niveau":"Initiation, Scolaire","specialite":"CO à pied","latitude":"47.4929535102","longitude":"3.91405477873","date_saisie":"11/04/2016","date_depot":"04/10/2016","valide":"Oui","ppo":"Non","type_carte":"Nouvelle carte","fond":"Cadastre","obsolete":false}},{"type":"Feature","geometry":{"type":"Polygon","coordinates":[[[3.9987,47.6994],[3.9992,47.6995],[3.9994,47.6998],[3.9998,47.7],[4.0,47.7003],[3.9999,47.7005],[4.0,47.7012],[4.0003,47.7016],[4.0007,47.7017],[4.0013,47.7018],[4.0025,47.7016],[4.0039,47.7011],[4.005,47.7009],[4.0051,47.7009],[4.0052,47.7009],[4.0052,47.7035],[4.0043,47.7033],[4.0037,47.7033],[4.0031,47.7034],[4.0025,47.7036],[4.0018,47.7037],[4.0006,47.7039],[4.0001,47.7034],[3.9996,47.7032],[3.9991,47.7032],[3.9986,47.7032],[3.9979,47.7033],[3.9974,47.7033],[3.9968,47.7033],[3.9964,47.7032],[3.996,47.7031],[3.9958,47.7031],[3.9957,47.703],[3.9956,47.7029],[3.9955,47.7028],[3.9956,47.7027],[3.9957,47.7025],[3.9958,47.7024],[3.9959,47.7023],[3.996,47.7021],[3.996,47.7018],[3.9961,47.7015],[3.9963,47.7011],[3.9965,47.7007],[3.9966,47.7002],[3.9966,47.6999],[3.9966,47.6996],[3.9966,47.6995],[3.9965,47.6994],[3.9964,47.6994],[3.9962,47.6994],[3.9955,47.6995],[3.9954,47.6995],[3.9953,47.6995],[3.9952,47.6995],[3.9952,47.6995],[3.9951,47.6994],[3.9949,47.699],[3.9948,47.6988],[3.9946,47.6986],[3.9941,47.6983],[3.9935,47.6981],[3.9929,47.6978],[3.9925,47.6975],[3.9922,47.6973],[3.992,47.697],[3.992,47.6967],[3.9919,47.6965],[3.9919,47.6961],[3.992,47.6957],[3.992,47.6953],[3.9921,47.6952],[3.9922,47.695],[3.9924,47.6949],[3.9926,47.6948],[3.9928,47.6947],[3.9931,47.6947],[3.9936,47.6946],[3.9939,47.6945],[3.9941,47.6943],[3.994,47.6942],[3.9938,47.6941],[3.9935,47.694],[3.993,47.6941],[3.9926,47.6939],[3.9934,47.6932],[3.9939,47.6933],[3.9943,47.6935],[3.9945,47.6935],[3.9946,47.6935],[3.9947,47.6934],[3.9948,47.6933],[3.9948,47.6932],[3.995,47.6927],[3.9954,47.6922],[3.9956,47.692],[3.9958,47.6918],[3.9961,47.6917],[3.997,47.6916],[3.9981,47.6916],[3.9986,47.6916],[3.999,47.6917],[3.9992,47.6918],[3.9994,47.6921],[3.9997,47.6924],[4.0006,47.6928],[4.0007,47.6929],[4.0012,47.6929],[4.0014,47.6929],[4.0017,47.6929],[4.0021,47.6927],[4.0027,47.6925],[4.0032,47.6923],[4.0035,47.6923],[4.0039,47.6922],[4.0044,47.6922],[4.0041,47.6928],[4.0039,47.6934],[4.0038,47.6941],[4.0039,47.6946],[4.0041,47.695],[4.0044,47.6952],[4.0045,47.6957],[4.0044,47.6958],[4.0042,47.6958],[3.999,47.696],[3.9982,47.6961],[3.9979,47.6963],[3.9974,47.6965],[3.9971,47.6968],[3.9969,47.6971],[3.997,47.6976],[3.9975,47.6985],[3.9983,47.6991],[3.9987,47.6994]]]},"properties":{"id_ffco":"9533","nom":"Noyers-Cité médiévale","_dept":"89","numero":"2016-D89-124","commune":"Noyers sur Serein","echelle":"1/5000","surface":"0.67 km²","format":"A4","annee":"2016","cartographes":"Fabrice THOMASSIN","proprietaire":"89 - Yonne","niveau":"Régional","specialite":"Sprint (ISSOM)","latitude":"47.6972084576","longitude":"3.99837575052","date_saisie":"11/04/2016","date_depot":"16/06/2017","valide":"Oui","ppo":"Non","type_carte":"Nouvelle carte","fond":"Cadastre","obsolete":false}},{"type":"Feature","geometry":{"type":"Polygon","coordinates":[[[3.4858,47.5914],[3.4852,47.5919],[3.4855,47.5929],[3.4848,47.5934],[3.4849,47.5939],[3.48,47.5951],[3.4785,47.5954],[3.4778,47.5964],[3.4776,47.5973],[3.478,47.5981],[3.4782,47.5987],[3.4787,47.599],[3.479,47.5992],[3.4806,47.6007],[3.4841,47.6007],[3.4846,47.6003],[3.4891,47.6004],[3.4899,47.5998],[3.4943,47.5998],[3.495,47.6002],[3.4962,47.6005],[3.4973,47.6005],[3.4997,47.6002],[3.4994,47.5994],[3.4994,47.5985],[3.499,47.5972],[3.4986,47.5962],[3.4997,47.5961],[3.5,47.596],[3.5003,47.5952],[3.5003,47.5949],[3.4995,47.594],[3.4979,47.592],[3.4972,47.591],[3.4976,47.5909],[3.4976,47.5895],[3.4981,47.5885],[3.4954,47.5884],[3.4945,47.5885],[3.4929,47.5888],[3.4929,47.5891],[3.4914,47.5893],[3.4904,47.5894],[3.4894,47.5891],[3.4883,47.589],[3.4877,47.5887],[3.4863,47.5877],[3.4831,47.589],[3.4857,47.5907],[3.4858,47.5914]]]},"properties":{"id_ffco":"9529","nom":"Courson-Bois de Villepot","_dept":"89","numero":"2016-D89-123","commune":"Courson les Carrières","echelle":"1/7500","surface":"1.66 km²","format":"A4","annee":"2016","cartographes":"Fabrice THOMASSIN","proprietaire":"89 - Yonne","niveau":"Départemental","specialite":"CO à pied","latitude":"47.5951157519","longitude":"3.48994091156","date_saisie":"11/04/2016","date_depot":"04/10/2016","valide":"Oui","ppo":"Non","type_carte":"Nouvelle carte","fond":"IGN","ref_ign":"2621 Est","obsolete":false}},{"type":"Feature","geometry":{"type":"Polygon","coordinates":[[[3.3089,48.2512],[3.3087,48.251],[3.3079,48.251],[3.3079,48.2519],[3.3068,48.2542],[3.3069,48.2569],[3.3046,48.2584],[3.3041,48.2605],[3.3022,48.2611],[3.3018,48.2628],[3.301,48.2626],[3.2993,48.2619],[3.2976,48.2618],[3.2946,48.2619],[3.2925,48.262],[3.2909,48.2624],[3.2896,48.2609],[3.2883,48.2596],[3.2882,48.2584],[3.2873,48.2582],[3.2834,48.2638],[3.2828,48.2639],[3.2824,48.2644],[3.2827,48.2649],[3.2803,48.2683],[3.2824,48.2696],[3.2819,48.2702],[3.2825,48.2706],[3.2827,48.2721],[3.2834,48.2731],[3.2809,48.2745],[3.2785,48.2759],[3.2765,48.2772],[3.275,48.2785],[3.2737,48.2797],[3.2716,48.2821],[3.2683,48.2868],[3.2651,48.2915],[3.2628,48.2944],[3.262,48.2953],[3.264,48.2971],[3.2651,48.2982],[3.2659,48.2993],[3.2649,48.3006],[3.2644,48.3017],[3.2659,48.3024],[3.2662,48.3028],[3.2662,48.3032],[3.2649,48.3051],[3.266,48.3054],[3.2661,48.3082],[3.2691,48.3083],[3.2723,48.3098],[3.273,48.3099],[3.2738,48.3101],[3.2772,48.3106],[3.2809,48.3111],[3.2818,48.3109],[3.2836,48.312],[3.2847,48.3125],[3.2853,48.3127],[3.2858,48.3127],[3.2862,48.3126],[3.2865,48.3124],[3.2875,48.312],[3.2884,48.3122],[3.2897,48.3122],[3.2921,48.3123],[3.2945,48.312],[3.2997,48.3132],[3.3018,48.3138],[3.3114,48.314],[3.3203,48.3128],[3.3238,48.3132],[3.3289,48.314],[3.3347,48.3137],[3.3374,48.3134],[3.3474,48.3135],[3.3496,48.3129],[3.3542,48.3128],[3.3585,48.3137],[3.3638,48.3122],[3.3642,48.3121],[3.3645,48.3119],[3.3681,48.3095],[3.3686,48.3091],[3.369,48.3086],[3.3705,48.3057],[3.3716,48.3037],[3.3719,48.3033],[3.3724,48.303],[3.3736,48.3026],[3.3745,48.3022],[3.375,48.3018],[3.3748,48.3016],[3.3746,48.3013],[3.3745,48.301],[3.3748,48.3002],[3.3743,48.299],[3.3764,48.2972],[3.3768,48.295],[3.3765,48.2906],[3.3768,48.2856],[3.3757,48.2846],[3.3763,48.2836],[3.377,48.2823],[3.3779,48.282],[3.3789,48.2814],[3.3801,48.2808],[3.3813,48.2805],[3.3835,48.2798],[3.3847,48.2796],[3.3856,48.2796],[3.3866,48.2798],[3.3882,48.2796],[3.3899,48.2795],[3.3901,48.2798],[3.3962,48.2793],[3.3967,48.2784],[3.3978,48.2775],[3.3998,48.2776],[3.4026,48.2742],[3.4054,48.2714],[3.4058,48.2715],[3.4052,48.2693],[3.4042,48.2693],[3.4045,48.2662],[3.4047,48.2636],[3.4048,48.2631],[3.4055,48.2618],[3.406,48.2612],[3.4058,48.2607],[3.405,48.2603],[3.4045,48.2597],[3.4045,48.2593],[3.4044,48.259],[3.4041,48.2588],[3.4039,48.2584],[3.4035,48.2581],[3.4032,48.2578],[3.4031,48.2573],[3.403,48.257],[3.4026,48.2565],[3.4024,48.2561],[3.4022,48.2557],[3.402,48.2552],[3.4017,48.2549],[3.4013,48.2548],[3.4003,48.2549],[3.4,48.2548],[3.3999,48.2546],[3.4,48.2541],[3.4004,48.2534],[3.4005,48.2518],[3.3982,48.2494],[3.3967,48.2489],[3.3927,48.2489],[3.3927,48.2477],[3.3877,48.2478],[3.3887,48.2483],[3.3888,48.25],[3.3883,48.25],[3.3881,48.2512],[3.3873,48.2512],[3.387,48.2522],[3.3846,48.2522],[3.3752,48.2524],[3.3735,48.2525],[3.3661,48.2535],[3.3622,48.2541],[3.3617,48.254],[3.3602,48.2536],[3.3589,48.2532],[3.3575,48.2525],[3.3564,48.2521],[3.3552,48.2517],[3.3496,48.2509],[3.3496,48.2503],[3.3505,48.2498],[3.3504,48.2486],[3.3448,48.2485],[3.3437,48.2491],[3.3427,48.2489],[3.3412,48.2489],[3.3399,48.2488],[3.3386,48.2484],[3.3378,48.2472],[3.3371,48.2472],[3.3364,48.2478],[3.3354,48.2479],[3.3318,48.2477],[3.331,48.2476],[3.3303,48.2474],[3.3298,48.2468],[3.3287,48.2462],[3.3275,48.2459],[3.3274,48.2454],[3.3251,48.2449],[3.3224,48.2446],[3.3222,48.245],[3.3191,48.2433],[3.318,48.2428],[3.3154,48.2427],[3.3144,48.2427],[3.3139,48.2428],[3.3134,48.243],[3.3135,48.2448],[3.3127,48.2472],[3.3107,48.2506],[3.3089,48.2512]]]},"properties":{"id_ffco":"9528","nom":"Le Val d'Oreuse","_dept":"89","numero":"2016-D89-122","commune":"St-Martin-sur-Oreuse","echelle":"1/15000","surface":"57.16 km²","format":"+","annee":"2016","cartographes":"Jérôme LEHUP,Fabrice THOMASSIN,Aimé LOUAT","proprietaire":"89 - Yonne","niveau":"National, International","specialite":"Raid'O","latitude":"48.2810464163","longitude":"3.33264710031","date_saisie":"11/04/2016","valide":"Oui","ppo":"Non","type_carte":"Nouvelle carte","fond":"IGN","ref_ign":"2617 Ouest","obsolete":false}},{"type":"Feature","geometry":{"type":"Polygon","coordinates":[[[3.735,47.9987],[3.7351,47.9973],[3.7351,47.9965],[3.735,47.9955],[3.7344,47.9956],[3.7341,47.9955],[3.7315,47.9957],[3.7312,47.9958],[3.7295,47.996],[3.7281,47.9961],[3.7276,47.9961],[3.7266,47.9963],[3.7266,47.9963],[3.7262,47.9965],[3.7252,47.9965],[3.7246,47.9965],[3.7237,47.9965],[3.7231,47.9965],[3.7228,47.9965],[3.7226,47.9965],[3.7224,47.9965],[3.7222,47.9966],[3.7221,47.9967],[3.7218,47.9986],[3.7218,48.0003],[3.7219,48.0013],[3.722,48.0019],[3.7222,48.0025],[3.7224,48.0037],[3.7228,48.0045],[3.7236,48.0052],[3.7252,48.0066],[3.7262,48.0071],[3.7267,48.0071],[3.7272,48.0071],[3.7292,48.0065],[3.7327,48.0055],[3.7339,48.0051],[3.7354,48.0048],[3.7354,48.0042],[3.7353,48.0039],[3.7339,48.0032],[3.7329,48.0023],[3.7326,48.002],[3.7326,48.0016],[3.7327,48.0012],[3.7328,48.0007],[3.7334,47.9999],[3.7348,47.9989],[3.735,47.9987]]]},"properties":{"id_ffco":"8851","nom":"Saint-Florentin","_dept":"89","numero":"2015-D89-120","commune":"Saint-Florentin","echelle":"1/4000","surface":"1.0 km²","format":"A4","annee":"2015","cartographes":"Francis MOINE","proprietaire":"89 - Yonne","niveau":"Régional","specialite":"Sprint (ISSOM)","contacts":"CDCO 89, 06 45 11 08 27, cdco89@free.fr, http://cdco89.free.fr/index.php?option=com_content&view=section&id=8&Itemid=56","latitude":"48.0009850802","longitude":"3.72830590815","date_saisie":"06/11/2015","date_depot":"27/01/2016","valide":"Oui","ppo":"Non","type_carte":"Nouvelle carte","fond":"Cadastre","obsolete":false}},{"type":"Feature","geometry":{"type":"Polygon","coordinates":[[[3.529,48.1096],[3.5289,48.1097],[3.5289,48.1101],[3.5287,48.1109],[3.5284,48.1115],[3.5279,48.1122],[3.5269,48.1127],[3.5262,48.113],[3.5251,48.1128],[3.5242,48.1126],[3.5237,48.1125],[3.5233,48.1125],[3.5224,48.1127],[3.5199,48.1135],[3.521,48.1149],[3.5235,48.1153],[3.5252,48.116],[3.5262,48.1156],[3.5267,48.1159],[3.5272,48.1164],[3.5278,48.1163],[3.5281,48.1163],[3.529,48.117],[3.53,48.1178],[3.5308,48.1192],[3.5306,48.1202],[3.539,48.1188],[3.5436,48.118],[3.548,48.1172],[3.5515,48.1167],[3.5536,48.1163],[3.5568,48.1157],[3.5599,48.1151],[3.5625,48.1142],[3.5649,48.1131],[3.5697,48.11],[3.5719,48.1085],[3.5719,48.1071],[3.5678,48.1075],[3.5636,48.1076],[3.5634,48.108],[3.5625,48.108],[3.5621,48.1081],[3.554,48.1078],[3.5505,48.1097],[3.55,48.1095],[3.5485,48.1084],[3.5479,48.108],[3.5477,48.1078],[3.5468,48.1078],[3.5458,48.107],[3.5437,48.1043],[3.5415,48.1038],[3.5397,48.1035],[3.5339,48.1025],[3.5335,48.1032],[3.5335,48.1038],[3.5329,48.1043],[3.5291,48.1062],[3.5301,48.1066],[3.5297,48.1069],[3.5291,48.1095],[3.529,48.1096]]]},"properties":{"id_ffco":"8850","nom":"Forêt de Cerisiers","_dept":"89","numero":"2015-D89-119","commune":"Cerisiers","echelle":"1/15000","surface":"3.67 km²","format":"A4","annee":"2015","cartographes":"Fabrice THOMASSIN,Aimé LOUAT","proprietaire":"89 - Yonne","niveau":"Départemental","specialite":"Rand'O","contacts":"CDCO 89, 03 86 44 27 22, cdco89@free.fr","latitude":"48.1116981341","longitude":"3.5439578785","date_saisie":"06/11/2015","date_depot":"16/06/2017","valide":"Oui","ppo":"Non","type_carte":"Nouvelle carte","fond":"IGN","ref_ign":"2618Est","obsolete":false}},{"type":"Feature","geometry":{"type":"Polygon","coordinates":[[[3.1048,48.1781],[3.1046,48.1781],[3.1046,48.1783],[3.1044,48.1784],[3.103,48.1786],[3.1028,48.178],[3.1027,48.1779],[3.1026,48.1779],[3.1029,48.177],[3.1031,48.1759],[3.1038,48.1757],[3.1048,48.1767],[3.1049,48.1776],[3.1055,48.1778],[3.1048,48.1781]]]},"properties":{"id_ffco":"8854","nom":"St Valérien-Le Parc du Bois Joli","_dept":"89","numero":"2015-D89-118","commune":"Saint Valérien","echelle":"1/1500","surface":"0.04 km²","format":"A4","annee":"2015","cartographes":"Aimé LOUAT","proprietaire":"89 - Yonne","niveau":"Initiation, Scolaire","specialite":"CO à pied","contacts":"CDCO 89, 06 45 11 08 27, cdco89@free.fr, http://cdco89.free.fr/index.php?option=com_content&view=section&id=8&Itemid=56","latitude":"48.1772861563","longitude":"3.10381990975","date_saisie":"06/11/2015","date_depot":"27/01/2016","valide":"Oui","ppo":"Non","type_carte":"Nouvelle carte","fond":"Cadastre","obsolete":false}},{"type":"Feature","geometry":{"type":"Polygon","coordinates":[[[3.0932,48.1746],[3.0933,48.175],[3.0942,48.1752],[3.095,48.1753],[3.0955,48.1754],[3.0959,48.175],[3.0962,48.1746],[3.0979,48.1747],[3.0981,48.1743],[3.0987,48.1733],[3.0974,48.1729],[3.097,48.1732],[3.0953,48.1729],[3.0931,48.1726],[3.093,48.1733],[3.0929,48.1737],[3.0929,48.1738],[3.0931,48.1743],[3.0932,48.1746]]]},"properties":{"id_ffco":"8489","nom":"Saint-Valérien-Collège du Gâtinais","_dept":"89","numero":"2015-D89-117","commune":"Saint-Valérien","echelle":"1/1500","surface":"0.09 km²","format":"A4","annee":"2015","cartographes":"Aimé LOUAT,Fabrice THOMASSIN","proprietaire":"89 - Yonne","niveau":"Initiation, Scolaire","specialite":"CO à pied","latitude":"48.1739277901","longitude":"3.09544531119","date_saisie":"06/07/2015","date_depot":"20/10/2015","valide":"Oui","ppo":"Non","type_carte":"Nouvelle carte","fond":"IGN","ref_ign":"2518E","obsolete":false}},{"type":"Feature","geometry":{"type":"Polygon","coordinates":[[[3.4111,47.9831],[3.4093,47.9833],[3.4073,47.9837],[3.4057,47.9839],[3.4044,47.9841],[3.4033,47.9842],[3.4021,47.9843],[3.4021,47.9845],[3.4022,47.9953],[3.4026,47.9957],[3.4026,47.996],[3.4029,47.9982],[3.403,47.9987],[3.4032,47.9992],[3.404,48.0004],[3.4042,48.001],[3.4043,48.0016],[3.4045,48.0021],[3.4049,48.0028],[3.4056,48.0038],[3.4063,48.0048],[3.407,48.006],[3.4073,48.0067],[3.408,48.008],[3.4127,48.008],[3.4132,48.0077],[3.4166,48.0064],[3.4187,48.0051],[3.4207,48.0038],[3.4245,48.0021],[3.4269,48.0013],[3.4292,48.0007],[3.4292,47.9936],[3.4258,47.9921],[3.4231,47.9909],[3.4225,47.9904],[3.4223,47.99],[3.4221,47.9894],[3.4219,47.9872],[3.4217,47.9863],[3.4213,47.9854],[3.4204,47.9836],[3.42,47.982],[3.4146,47.982],[3.4133,47.9825],[3.4111,47.9831]]]},"properties":{"id_ffco":"8490","nom":"Joigny-Le Fort Bouquin","_dept":"89","numero":"2015-D89-116","commune":"Joigny","echelle":"1/10000","surface":"4.24 km²","format":"A4","annee":"2015","cartographes":"Fabrice THOMASSIN,Patrick BARBIER","proprietaire":"89 - Yonne","niveau":"Régional","specialite":"CO à pied","latitude":"47.994750579","longitude":"3.41421011049","date_saisie":"06/07/2015","date_depot":"27/01/2016","valide":"Oui","ppo":"Non","type_carte":"Reprise","base":"1999-D89-023 Joigny III","fond":"Ortho","obsolete":false}},{"type":"Feature","geometry":{"type":"Polygon","coordinates":[[[4.0003,47.6942],[4.0036,47.6941],[4.0036,47.6937],[4.0038,47.6931],[4.004,47.6923],[4.0036,47.6923],[4.0028,47.6925],[4.002,47.6929],[4.0014,47.693],[4.0009,47.693],[4.0007,47.6929],[4.0005,47.6935],[4.0003,47.6942]]]},"properties":{"id_ffco":"8352","nom":"Collège Miles de Noyers","_dept":"89","numero":"2015-D89-115","commune":"Noyers sur Serein","echelle":"1/1000","surface":"0.04 km²","format":"A4","annee":"2015","cartographes":"Fabrice THOMASSIN","proprietaire":"89 - Yonne","niveau":"Initiation, Scolaire","specialite":"CO à pied","latitude":"47.6933891231","longitude":"4.00228693314","date_saisie":"26/04/2015","date_depot":"20/10/2015","valide":"Oui","ppo":"Non","type_carte":"Extrait","base":"2015-D89-114 Noyers-Le Pré de l'Horloge","fond":"IGN","ref_ign":"2821 Ouest","obsolete":false}},{"type":"Feature","geometry":{"type":"Polygon","coordinates":[[[3.9964,47.6947],[3.9967,47.695],[3.9966,47.6955],[3.9966,47.6959],[3.9966,47.6968],[3.9968,47.6973],[3.9969,47.6978],[3.9971,47.6983],[3.9974,47.6987],[3.9979,47.699],[3.9984,47.6994],[3.999,47.6996],[3.9999,47.6998],[4.0005,47.6998],[4.0007,47.6996],[4.001,47.6994],[4.0015,47.6993],[4.0021,47.6992],[4.0029,47.6991],[4.0034,47.6988],[4.0038,47.6983],[4.0041,47.6974],[4.0042,47.6965],[4.0041,47.6961],[4.0043,47.6959],[4.0044,47.6956],[4.0041,47.6953],[4.0036,47.6947],[4.0036,47.6942],[4.0037,47.6938],[4.0042,47.6923],[4.0037,47.6923],[4.0032,47.6923],[4.0021,47.6928],[4.0014,47.6929],[4.0006,47.6929],[3.9999,47.6926],[3.998,47.6923],[3.9973,47.6922],[3.9966,47.6922],[3.9967,47.6928],[3.9962,47.6944],[3.9964,47.6947]]]},"properties":{"id_ffco":"8351","nom":"Noyers-Le Pré de l'Horloge","_dept":"89","numero":"2015-D89-114","commune":"Noyers sur Serein","echelle":"1/4000","surface":"0.41 km²","format":"A4","annee":"2015","cartographes":"Fabrice THOMASSIN","proprietaire":"89 - Yonne","niveau":"Départemental","specialite":"CO à pied","latitude":"47.6958429975","longitude":"4.00026707708","date_saisie":"26/04/2015","date_depot":"20/10/2015","valide":"Oui","ppo":"Non","type_carte":"Nouvelle carte","fond":"IGN","ref_ign":"2821 Ouest","obsolete":false}},{"type":"Feature","geometry":{"type":"Polygon","coordinates":[[[3.3006,48.194],[3.3007,48.1941],[3.302,48.1938],[3.3034,48.1934],[3.3054,48.1928],[3.3054,48.1926],[3.3053,48.1924],[3.3053,48.1922],[3.3052,48.1921],[3.3052,48.1919],[3.3053,48.1917],[3.3054,48.1915],[3.3054,48.1914],[3.3054,48.1912],[3.3053,48.191],[3.3053,48.191],[3.305,48.1911],[3.3047,48.1912],[3.3042,48.1913],[3.3036,48.1915],[3.3033,48.1916],[3.3031,48.1914],[3.3025,48.1916],[3.3019,48.1916],[3.301,48.1916],[3.3011,48.1918],[3.3012,48.192],[3.3016,48.1922],[3.3017,48.1924],[3.3018,48.1926],[3.3019,48.1927],[3.3021,48.1929],[3.302,48.193],[3.3018,48.1932],[3.3014,48.1935],[3.3009,48.1938],[3.3006,48.194]]]},"properties":{"id_ffco":"8353","nom":"Sens-Collège des Champs Plaisants","_dept":"89","numero":"2015-D89-113","commune":"Sens","echelle":"1/1500","surface":"0.06 km²","format":"A4","annee":"2015","cartographes":"Aimé LOUAT","proprietaire":"89 - Yonne","niveau":"Initiation, Scolaire","specialite":"CO à pied","latitude":"48.1924469893","longitude":"3.3032907415","date_saisie":"26/04/2015","date_depot":"20/10/2015","valide":"Oui","ppo":"Non","type_carte":"Nouvelle carte","fond":"Cadastre","obsolete":false}},{"type":"Feature","geometry":{"type":"Polygon","coordinates":[[[3.6173,47.993],[3.6221,47.992],[3.6209,47.9892],[3.6193,47.9878],[3.6172,47.9894],[3.6166,47.9895],[3.6162,47.9896],[3.6171,47.9929],[3.6173,47.993]]]},"properties":{"id_ffco":"7208","nom":"Parc Saint Loup","_dept":"89","numero":"2015-D89-111","commune":"Brienon sur Armançon","echelle":"1/2500","surface":"0.16 km²","format":"A4","annee":"2015","cartographes":"Fabrice THOMASSIN","proprietaire":"89 - Yonne","niveau":"Initiation, Scolaire","specialite":"CO à pied","latitude":"47.9906608352","longitude":"3.61901443876","date_saisie":"16/01/2014","date_depot":"20/10/2015","valide":"Oui","ppo":"Non","type_carte":"Nouvelle carte","fond":"Cadastre","obsolete":false}},{"type":"Feature","geometry":{"type":"Polygon","coordinates":[[[3.6072,47.9952],[3.6091,47.9949],[3.6092,47.9952],[3.6096,47.9965],[3.6099,47.9966],[3.61,47.9967],[3.6075,47.9968],[3.6074,47.9967],[3.6072,47.9953],[3.6072,47.9952]]]},"properties":{"id_ffco":"7207","nom":"Collège Philippe Cousteau","_dept":"89","numero":"2015-D89-110","commune":"Brienon sur Armançon","echelle":"1/1000","surface":"0.03 km²","format":"A4","annee":"2015","cartographes":"Fabrice THOMASSIN","proprietaire":"89 - Yonne","niveau":"Initiation, Scolaire","specialite":"CO à pied","latitude":"47.9959259578","longitude":"3.60842335318","date_saisie":"16/01/2014","date_depot":"20/10/2015","valide":"Oui","ppo":"Non","type_carte":"Nouvelle carte","fond":"Cadastre","obsolete":false}},{"type":"Feature","geometry":{"type":"Polygon","coordinates":[[[3.5693,47.7881],[3.5695,47.788],[3.5707,47.7868],[3.5708,47.7867],[3.5711,47.7866],[3.5718,47.787],[3.5726,47.7874],[3.5735,47.7876],[3.5735,47.7879],[3.5734,47.7881],[3.5726,47.7889],[3.5723,47.7889],[3.5721,47.7893],[3.5725,47.7897],[3.5726,47.7899],[3.5735,47.7901],[3.5731,47.7908],[3.5726,47.7907],[3.5721,47.7905],[3.5717,47.7904],[3.5716,47.7895],[3.5708,47.7895],[3.5708,47.7892],[3.571,47.7889],[3.5698,47.7884],[3.5693,47.7881]]]},"properties":{"id_ffco":"489","nom":"Auxerre. Parc de l'Arboretum","_dept":"89","numero":"2015-D89-109","commune":"Auxerre","echelle":"1/1500","surface":"0.07 km²","format":"A4","annee":"2015","cartographes":"Eric SOEUVRE","proprietaire":"89 - Yonne","niveau":"Initiation, Scolaire","specialite":"CO à pied","latitude":"47.7884596715","longitude":"3.57165844621","date_depot":"20/10/2015","valide":"Oui","ppo":"Non","type_carte":"Nouvelle carte","fond":"Cadastre","obsolete":false}},{"type":"Feature","geometry":{"type":"Polygon","coordinates":[[[3.2871,48.1987],[3.2896,48.1988],[3.2896,48.1989],[3.2895,48.1991],[3.2892,48.1993],[3.289,48.1993],[3.2882,48.1994],[3.2878,48.1994],[3.2876,48.1994],[3.287,48.1993],[3.2871,48.1987]]]},"properties":{"id_ffco":"483","nom":"Collège Mallarmé","_dept":"89","numero":"2015-D89-108","commune":"Sens","echelle":"1/1000","surface":"0.01 km²","format":"A4","annee":"2015","cartographes":"Jérôme LEHUP","proprietaire":"89 - Yonne","niveau":"Initiation, Scolaire","specialite":"CO à pied","latitude":"48.1990464662","longitude":"3.28819114055","date_depot":"20/10/2015","valide":"Oui","ppo":"Non","type_carte":"Nouvelle carte","fond":"Cadastre","obsolete":false}},{"type":"Feature","geometry":{"type":"Polygon","coordinates":[[[3.9055,47.4897],[3.9078,47.4898],[3.9079,47.4895],[3.9062,47.4894],[3.9055,47.4896],[3.9055,47.4897]]]},"properties":{"id_ffco":"7708","nom":"Les Terreaux Vauban","_dept":"89","numero":"2014-D89-107","commune":"Avallon","echelle":"1/500","surface":"0.01 km²","format":"A4","annee":"2014","cartographes":"Arnaud DUPLESSIS","proprietaire":"89 - Yonne","niveau":"O+","specialite":"CO à pied","latitude":"47.4896379767","longitude":"3.90675301726","date_saisie":"12/12/2014","date_depot":"20/10/2015","valide":"Oui","ppo":"Non","type_carte":"Extrait","base":"2013-D89-090 Avallon-Les Terreaux","fond":"IGN","ref_ign":"2722 Est","obsolete":false}},{"type":"Feature","geometry":{"type":"Polygon","coordinates":[[[3.9126,47.4874],[3.9129,47.4867],[3.9123,47.4866],[3.912,47.4872],[3.9126,47.4874]]]},"properties":{"id_ffco":"7707","nom":"Gymnase Gazillo","_dept":"89","numero":"2014-D89-106","commune":"Avallon","echelle":"1/250","surface":"0.0 km²","format":"A4","annee":"2014","cartographes":"Aranaud DUPLESSIS","proprietaire":"89 - Yonne","niveau":"Initiation, Scolaire","specialite":"CO à pied","latitude":"47.4869897638","longitude":"3.91243531812","date_saisie":"12/12/2014","date_depot":"22/10/2015","valide":"Oui","ppo":"Non","type_carte":"Extrait","base":"2012-D89-083 Le Parc des Chaumes","fond":"IGN","ref_ign":"2722 Est","obsolete":false}},{"type":"Feature","geometry":{"type":"Polygon","coordinates":[[[3.3542,48.268],[3.3536,48.2678],[3.3528,48.2672],[3.3515,48.2658],[3.3497,48.265],[3.3479,48.2642],[3.3482,48.2639],[3.349,48.263],[3.35,48.2627],[3.3483,48.2601],[3.3506,48.2594],[3.3503,48.2579],[3.3552,48.2572],[3.3556,48.258],[3.3568,48.258],[3.3577,48.2581],[3.3585,48.2581],[3.3593,48.2581],[3.3608,48.2582],[3.3613,48.2583],[3.3617,48.2582],[3.3619,48.2573],[3.3707,48.2575],[3.3712,48.2588],[3.3722,48.2586],[3.3731,48.2598],[3.3735,48.2598],[3.3741,48.2594],[3.3751,48.2589],[3.3774,48.2579],[3.3777,48.2567],[3.3809,48.2567],[3.3814,48.2573],[3.3846,48.2576],[3.3877,48.2581],[3.3877,48.2587],[3.3912,48.2593],[3.3934,48.2586],[3.3948,48.2581],[3.3959,48.2599],[3.3936,48.2613],[3.3951,48.2655],[3.3965,48.2704],[3.3956,48.2708],[3.3961,48.2732],[3.3962,48.2735],[3.3944,48.2738],[3.3935,48.2741],[3.392,48.2745],[3.3919,48.2748],[3.3895,48.2753],[3.3882,48.2761],[3.386,48.2766],[3.3852,48.2758],[3.3833,48.2763],[3.3836,48.277],[3.3813,48.2775],[3.3801,48.2774],[3.3796,48.2752],[3.3788,48.2743],[3.3757,48.2756],[3.377,48.2767],[3.3729,48.2786],[3.3716,48.2779],[3.3705,48.2773],[3.3696,48.2766],[3.3688,48.2777],[3.3683,48.2777],[3.3677,48.2778],[3.3672,48.2773],[3.3664,48.2762],[3.3655,48.275],[3.3647,48.2739],[3.3636,48.2731],[3.3624,48.2719],[3.3618,48.2713],[3.3607,48.2708],[3.3597,48.2704],[3.3584,48.2699],[3.3577,48.2695],[3.3573,48.2692],[3.3568,48.2689],[3.3565,48.2685],[3.3563,48.2684],[3.3561,48.2682],[3.3557,48.2684],[3.3549,48.2682],[3.3542,48.268]]]},"properties":{"id_ffco":"7706","nom":"Forêt de Voisines","_dept":"89","numero":"2014-D89-105","commune":"Voisines","echelle":"1/15000","surface":"6.03 km²","format":"A4","annee":"2014","cartographes":"Jérôme LEHUP,Aimé LOUAT,Emmanuel AGOSTINI","proprietaire":"89 - Yonne","niveau":"Régional","specialite":"CO à pied","latitude":"48.2663924996","longitude":"3.37434363633","date_saisie":"12/12/2014","date_depot":"20/10/2015","valide":"Oui","ppo":"Non","type_carte":"Nouvelle carte","fond":"IGN","ref_ign":"2617 Est","obsolete":false}},{"type":"Feature","geometry":{"type":"Polygon","coordinates":[[[3.6504,47.7911],[3.6511,47.7898],[3.652,47.7897],[3.6527,47.7896],[3.6552,47.7893],[3.6555,47.79],[3.6561,47.7912],[3.6565,47.7918],[3.656,47.792],[3.6563,47.7926],[3.6536,47.7927],[3.6536,47.7932],[3.6513,47.7931],[3.6511,47.7931],[3.6495,47.7928],[3.6495,47.7917],[3.6504,47.7911]]]},"properties":{"id_ffco":"7705","nom":"Venoy-LEGTPA La Brosse","_dept":"89","numero":"2014-D89-104","commune":"Venoy","echelle":"1/3000","surface":"0.16 km²","format":"A4","annee":"2014","cartographes":"Fabrice THOMASSIN","proprietaire":"89 - Yonne","niveau":"Initiation, Scolaire","specialite":"CO à pied","latitude":"47.7913744809","longitude":"3.6529824573","date_saisie":"12/12/2014","date_depot":"22/10/2015","valide":"Oui","ppo":"Non","type_carte":"Nouvelle carte","fond":"IGN","ref_ign":"2720 Ouest","obsolete":false}},{"type":"Feature","geometry":{"type":"Polygon","coordinates":[[[2.9426,47.698],[2.9436,47.6975],[2.9443,47.6972],[2.9448,47.6971],[2.9453,47.6972],[2.946,47.6973],[2.9462,47.6974],[2.9464,47.6973],[2.9466,47.6971],[2.9468,47.6971],[2.9474,47.6971],[2.9476,47.6972],[2.9477,47.6973],[2.9477,47.6973],[2.9477,47.6974],[2.9477,47.6975],[2.9479,47.6975],[2.9477,47.6978],[2.9482,47.6981],[2.948,47.6982],[2.9476,47.6979],[2.9468,47.6981],[2.9455,47.699],[2.9451,47.6988],[2.9448,47.6989],[2.9446,47.699],[2.9427,47.6981],[2.9426,47.698]]]},"properties":{"id_ffco":"7406","nom":"Bléneau-Les Jardins d'eau","_dept":"89","numero":"2014-D89-102","commune":"Bléneau","echelle":"1/1500","surface":"0.05 km²","format":"A4","annee":"2014","cartographes":"Fabrice THOMASSIN","proprietaire":"89 - Yonne","niveau":"Initiation, Scolaire","specialite":"CO à pied","latitude":"47.6979286258","longitude":"2.94528510924","date_saisie":"05/07/2014","date_depot":"20/10/2015","valide":"Oui","ppo":"Non","type_carte":"Nouvelle carte","fond":"IGN","ref_ign":"2520-Ouest","obsolete":false}},{"type":"Feature","geometry":{"type":"Polygon","coordinates":[[[3.4146,47.982],[3.4142,47.981],[3.4145,47.9809],[3.4157,47.9807],[3.4162,47.9806],[3.4168,47.9815],[3.4193,47.9813],[3.4198,47.9823],[3.4198,47.9825],[3.4155,47.9833],[3.4151,47.9831],[3.415,47.9829],[3.4146,47.9826],[3.4146,47.982]]]},"properties":{"id_ffco":"485","nom":"Joigny-Lycée Louis Davier","_dept":"89","numero":"2014-D89-101","commune":"Joigny","echelle":"1/2000","surface":"0.08 km²","format":"A4","annee":"2014","cartographes":"Fabrice THOMASSIN","proprietaire":"89 - Yonne","niveau":"Initiation, Scolaire","specialite":"CO à pied","contacts":"CDCO 89, 03 86 44 27 22, cdco89@free.fr","latitude":"47.9820153868","longitude":"3.41675696726","date_depot":"20/10/2015","valide":"Oui","ppo":"Non","type_carte":"Nouvelle carte","fond":"Cadastre","obsolete":false}},{"type":"Feature","geometry":{"type":"Polygon","coordinates":[[[3.5678,47.7921],[3.5697,47.7916],[3.5724,47.7922],[3.5778,47.7932],[3.579,47.7949],[3.578,47.7953],[3.5789,47.7962],[3.5782,47.7965],[3.5775,47.7984],[3.5759,47.7989],[3.5754,47.7999],[3.5755,47.8014],[3.5732,47.8018],[3.5681,47.8009],[3.5648,47.7976],[3.5641,47.7959],[3.5643,47.7951],[3.5652,47.794],[3.5671,47.7925],[3.5678,47.7921]]]},"properties":{"id_ffco":"7204","nom":"Auxerre-Centre-Ville","_dept":"89","numero":"2014-D89-100","commune":"Auxerre","echelle":"1/5000","surface":"0.88 km²","format":"A4","annee":"2014","cartographes":"Fabrice THOMASSIN","proprietaire":"89 - Yonne","niveau":"National, International","specialite":"Sprint (ISSOM)","latitude":"47.7965110327","longitude":"3.57145786183","date_saisie":"16/01/2014","date_depot":"20/10/2015","valide":"Oui","ppo":"Non","type_carte":"Nouvelle carte","fond":"Cadastre","obsolete":false}},{"type":"Feature","geometry":{"type":"Polygon","coordinates":[[[3.7587,47.459],[3.7587,47.4629],[3.7633,47.4631],[3.7649,47.4618],[3.7652,47.4617],[3.766,47.4617],[3.7674,47.4622],[3.7686,47.4614],[3.7725,47.4591],[3.7717,47.4586],[3.7722,47.4576],[3.7711,47.4572],[3.7715,47.4566],[3.7704,47.4566],[3.7673,47.4562],[3.7686,47.4549],[3.7588,47.4549],[3.7587,47.4568],[3.7587,47.459]]]},"properties":{"id_ffco":"7407","nom":"Saint Père sous Vézelay-Les îles","_dept":"89","numero":"2014-D89-099","commune":"Saint Père sous Vézelay","echelle":"1/5000","surface":"0.72 km²","format":"A4","annee":"2014","cartographes":"Arnaud DUPLESSIS,Joël MARTIN,Fabrice THOMASSIN","proprietaire":"89 - Yonne","niveau":"Départemental","specialite":"CO à pied","latitude":"47.4587391437","longitude":"3.76440100116","date_saisie":"05/07/2014","date_depot":"22/10/2015","valide":"Oui","ppo":"Non","type_carte":"Nouvelle carte","fond":"IGN","ref_ign":"2722-ET","obsolete":false}},{"type":"Feature","geometry":{"type":"Polygon","coordinates":[[[3.744,47.4392],[3.7457,47.4402],[3.7464,47.4407],[3.7473,47.4411],[3.7478,47.4413],[3.7483,47.4415],[3.7487,47.4415],[3.7492,47.441],[3.7505,47.4406],[3.7519,47.44],[3.7529,47.4403],[3.7538,47.4402],[3.7547,47.4398],[3.7552,47.4395],[3.7551,47.4392],[3.7531,47.438],[3.752,47.4375],[3.7515,47.4372],[3.7517,47.4369],[3.7526,47.4365],[3.7526,47.4362],[3.7525,47.4358],[3.7528,47.4356],[3.7537,47.4358],[3.7552,47.4358],[3.7567,47.4358],[3.7582,47.436],[3.7597,47.4367],[3.7603,47.4371],[3.7613,47.4375],[3.7616,47.4375],[3.7619,47.4374],[3.7628,47.4367],[3.7633,47.4365],[3.7636,47.4359],[3.7635,47.4354],[3.7634,47.435],[3.7641,47.4356],[3.7647,47.4368],[3.7668,47.4378],[3.7725,47.4405],[3.772,47.4432],[3.7712,47.4474],[3.7708,47.4495],[3.7702,47.4504],[3.7697,47.4521],[3.7696,47.4539],[3.7683,47.4548],[3.7672,47.4561],[3.7665,47.4565],[3.7653,47.457],[3.7647,47.4573],[3.7647,47.4575],[3.7646,47.4576],[3.7634,47.4582],[3.7631,47.4583],[3.7628,47.4583],[3.7624,47.4583],[3.7611,47.4576],[3.7595,47.4572],[3.7574,47.4571],[3.7564,47.4569],[3.7542,47.4567],[3.7528,47.4563],[3.7514,47.4552],[3.7496,47.4544],[3.7438,47.4523],[3.7411,47.4514],[3.7383,47.4509],[3.7373,47.451],[3.7365,47.451],[3.7349,47.4504],[3.734,47.4497],[3.7323,47.4491],[3.7325,47.4483],[3.7325,47.4479],[3.7324,47.4477],[3.731,47.4476],[3.7291,47.4452],[3.7291,47.445],[3.7303,47.4445],[3.7313,47.4447],[3.7346,47.4433],[3.7352,47.4431],[3.7356,47.4423],[3.7353,47.4406],[3.7355,47.4394],[3.7353,47.4384],[3.7346,47.4378],[3.7343,47.437],[3.7333,47.4357],[3.7329,47.4346],[3.733,47.4342],[3.7335,47.4343],[3.7344,47.4347],[3.7352,47.4351],[3.7363,47.4352],[3.7368,47.4354],[3.7375,47.4361],[3.7379,47.4364],[3.7387,47.4365],[3.7399,47.4364],[3.7409,47.4363],[3.7414,47.4365],[3.7419,47.437],[3.7417,47.4381],[3.7432,47.4386],[3.744,47.4392]]]},"properties":{"id_ffco":"486","nom":"St Père-Le Mont Liboeuf","_dept":"89","numero":"2014-D89-098","commune":"St Père sous Vézelay","echelle":"1/10000","surface":"5.31 km²","format":"A4","annee":"2014","cartographes":"Arnaud DUPLESSIS","proprietaire":"89 - Yonne","niveau":"Départemental","specialite":"Rand'O","contacts":"AB Loisirs, Rue du Gravier, 89450, Saint Père sous Vézelay, 0386333838, http://www.abloisirs.com/","latitude":"47.4461629327","longitude":"3.75336507258","date_depot":"20/10/2015","valide":"Oui","ppo":"Oui (30 postes)","type_carte":"Nouvelle carte","fond":"IGN","ref_ign":"2722 O","obsolete":false}},{"type":"Feature","geometry":{"type":"Polygon","coordinates":[[[3.8885,47.4764],[3.8892,47.473],[3.8901,47.4728],[3.891,47.4731],[3.8905,47.4747],[3.8908,47.475],[3.8917,47.4754],[3.8922,47.4754],[3.8921,47.4759],[3.89,47.4765],[3.8885,47.4764]]]},"properties":{"id_ffco":"7408","nom":"Avallon-Parc aventure des Châtelaines","_dept":"89","numero":"2014-D89-097","commune":"Avallon","echelle":"1/2000","surface":"0.07 km²","format":"A4","annee":"2014","cartographes":"Fabrice THOMASSIN","proprietaire":"89 - Yonne","niveau":"Initiation, Scolaire","specialite":"CO à pied","contacts":"AB Loisirs, Rue du Gravier, 89450, Saint Père sous Vézelay, 0386333838, http://www.abloisirs.com/","latitude":"47.4749134299","longitude":"3.89002825598","date_saisie":"05/07/2014","date_depot":"20/10/2015","valide":"Oui","ppo":"Non","type_carte":"Nouvelle carte","fond":"IGN","ref_ign":"2722-ET","obsolete":false}},{"type":"Feature","geometry":{"type":"Polygon","coordinates":[[[3.5366,47.8046],[3.5374,47.8041],[3.5391,47.8033],[3.5415,47.8022],[3.5414,47.8017],[3.5428,47.8015],[3.5453,47.8009],[3.5461,47.801],[3.5464,47.8011],[3.548,47.8009],[3.5483,47.8012],[3.5506,47.801],[3.5506,47.8027],[3.5527,47.8027],[3.5536,47.8058],[3.552,47.8062],[3.5517,47.8065],[3.553,47.8087],[3.5551,47.8115],[3.5565,47.8112],[3.558,47.8107],[3.5588,47.8104],[3.5593,47.81],[3.5595,47.8094],[3.56,47.8095],[3.5606,47.81],[3.5609,47.8103],[3.5611,47.811],[3.5612,47.8126],[3.5613,47.8135],[3.5603,47.8139],[3.559,47.8143],[3.558,47.8146],[3.5574,47.815],[3.5574,47.8153],[3.5569,47.8156],[3.5545,47.8166],[3.554,47.8163],[3.5533,47.8168],[3.5511,47.8173],[3.5486,47.8179],[3.5434,47.8178],[3.5393,47.8186],[3.5391,47.8169],[3.5382,47.8148],[3.5349,47.8088],[3.5363,47.8083],[3.5353,47.8066],[3.5373,47.8054],[3.5366,47.8046]]]},"properties":{"id_ffco":"484","nom":"Le Cormier 2","_dept":"89","numero":"2014-D89-096","commune":"Saint Georges sur Baulche","echelle":"1/10000","surface":"2.43 km²","format":"A4","annee":"2014","cartographes":"Fabrice THOMASSIN","proprietaire":"89 - Yonne","niveau":"Départemental","specialite":"CO à pied","latitude":"47.8101090253","longitude":"3.54652876587","date_depot":"22/10/2015","valide":"Oui","ppo":"Non","type_carte":"Reprise","base":"2000-D89-029 Le Cormier","fond":"IGN","ref_ign":"2620 E","obsolete":false}},{"type":"Feature","geometry":{"type":"Polygon","coordinates":[[[3.0856,47.617],[3.0906,47.6173],[3.0912,47.6177],[3.0923,47.6195],[3.0908,47.6196],[3.0912,47.6206],[3.0906,47.6207],[3.0907,47.6209],[3.0901,47.621],[3.0895,47.6205],[3.089,47.62],[3.0874,47.6201],[3.0871,47.6191],[3.0863,47.6191],[3.0859,47.6182],[3.0851,47.6181],[3.0855,47.6173],[3.0856,47.617]]]},"properties":{"id_ffco":"488","nom":"St Fargeau. Les Jardins de la Digue VNF","_dept":"89","numero":"2014-D89-095","commune":"Saint Fargeau","echelle":"1/3000","surface":"0.14 km²","format":"A4","annee":"2014","cartographes":"Fabrice THOMASSIN","proprietaire":"89 - Yonne","niveau":"Initiation, Scolaire","specialite":"CO à pied","latitude":"47.6186568635","longitude":"3.08886463686","date_depot":"22/10/2015","valide":"Oui","ppo":"Non","type_carte":"Nouvelle carte","fond":"IGN","ref_ign":"2521 E","obsolete":false}},{"type":"Feature","geometry":{"type":"Polygon","coordinates":[[[3.5356,47.8078],[3.5383,47.8071],[3.5387,47.8065],[3.5378,47.8063],[3.5373,47.8056],[3.535,47.8068],[3.5356,47.8078]]]},"properties":{"id_ffco":"7239","nom":"Collège Jean BERTIN","_dept":"89","numero":"2014-D89-094","commune":"St Georges sur Baulche","echelle":"1/1500","surface":"0.03 km²","format":"A4","annee":"2014","cartographes":"Fabrice THOMASSIN","proprietaire":"89 - Yonne","niveau":"Initiation, Scolaire","specialite":"CO à pied","latitude":"47.8067613667","longitude":"3.53673611297","date_saisie":"26/02/2014","date_depot":"20/10/2015","valide":"Oui","ppo":"Non","type_carte":"Nouvelle carte","fond":"Cadastre","obsolete":false}},{"type":"Feature","geometry":{"type":"Polygon","coordinates":[[[3.6761,47.5974],[3.6786,47.5986],[3.6777,47.5986],[3.677,47.5986],[3.6763,47.5984],[3.6756,47.5981],[3.6747,47.5978],[3.674,47.5974],[3.6748,47.5968],[3.6761,47.5974]]]},"properties":{"id_ffco":"7141","nom":"Mailly-la-Ville. Base de loisirs","_dept":"89","numero":"2013-D89-092","commune":"Mailly la Ville","echelle":"1/1500","surface":"0.03 km²","format":"A4","annee":"2013","cartographes":"Fabrice THOMASSIN","proprietaire":"89 - Yonne","niveau":"Initiation, Scolaire","specialite":"CO à pied","contacts":"CDCO 89, 06 45 11 08 27, cdco89@free.fr, http://cdco89.free.fr/index.php?option=com_content&view=section&id=8&Itemid=56","latitude":"47.597805039","longitude":"3.67599307029","date_saisie":"24/12/2013","date_depot":"15/05/2014","valide":"Oui","ppo":"Non","type_carte":"Nouvelle carte","fond":"IGN","ref_ign":"2721-Ouest","obsolete":false}},{"type":"Feature","geometry":{"type":"Polygon","coordinates":[[[3.7598,47.7967],[3.7592,47.7973],[3.76,47.7977],[3.7581,47.7989],[3.7621,47.8023],[3.7639,47.8046],[3.7668,47.8065],[3.7687,47.8073],[3.7718,47.8074],[3.773,47.807],[3.7738,47.8072],[3.7752,47.8066],[3.7741,47.806],[3.7715,47.8043],[3.7719,47.8029],[3.7676,47.8006],[3.7639,47.798],[3.761,47.7969],[3.7598,47.7967]]]},"properties":{"id_ffco":"7148","nom":"Chablis. Le Bois des Lys","_dept":"89","numero":"2013-D89-091","commune":"Chablis","echelle":"1/7500","surface":"0.63 km²","format":"A4","annee":"2013","cartographes":"Fabrice THOMASSIN","proprietaire":"89 - Yonne","niveau":"Départemental","specialite":"CO à pied","contacts":"CDCO 89, 06 45 11 08 27, cdco89@free.fr, http://cdco89.free.fr/index.php?option=com_content&view=section&id=8&Itemid=56","latitude":"47.8025460825","longitude":"3.76620622122","date_saisie":"24/12/2013","date_depot":"20/10/2015","valide":"Oui","ppo":"Oui (30 postes)","type_carte":"Reprise","base":"1999-D89-021 CHABLIS \"Bois des Lys\"","fond":"IGN","ref_ign":"2720-Est","obsolete":false}},{"type":"Feature","geometry":{"type":"Polygon","coordinates":[[[3.91,47.4872],[3.9109,47.4887],[3.9118,47.4894],[3.9117,47.4901],[3.903,47.4901],[3.9027,47.4894],[3.9026,47.4878],[3.9021,47.4867],[3.9021,47.486],[3.9024,47.4852],[3.9037,47.4839],[3.9043,47.4838],[3.9054,47.4824],[3.9057,47.482],[3.9074,47.4824],[3.9082,47.4832],[3.91,47.4833],[3.9097,47.4841],[3.9097,47.4857],[3.9098,47.4861],[3.9098,47.4868],[3.9104,47.4879],[3.91,47.4872]]]},"properties":{"id_ffco":"7142","nom":"Avallon-Les Terreaux","_dept":"89","numero":"2013-D89-090","commune":"Avallon","echelle":"1/4000","surface":"0.46 km²","format":"A4","annee":"2013","cartographes":"Arnaud DUPLESSIS","proprietaire":"89 - Yonne","niveau":"Régional","specialite":"Sprint (ISSOM)","contacts":"CDCO 89, 06 45 11 08 27, cdco89@free.fr, http://cdco89.free.fr/index.php?option=com_content&view=section&id=8&Itemid=56","latitude":"47.4867248321","longitude":"3.90653394547","date_saisie":"24/12/2013","date_depot":"15/05/2014","valide":"Oui","ppo":"Non","type_carte":"Nouvelle carte","fond":"Cadastre","obsolete":false}},{"type":"Feature","geometry":{"type":"Polygon","coordinates":[[[3.7423,47.4622],[3.7451,47.4633],[3.746,47.4638],[3.7469,47.4638],[3.7473,47.4646],[3.7493,47.4646],[3.751,47.4651],[3.752,47.4662],[3.7519,47.4675],[3.7509,47.4682],[3.7496,47.4685],[3.7483,47.4686],[3.7469,47.4682],[3.745,47.4675],[3.7442,47.4666],[3.7433,47.465],[3.7422,47.4642],[3.741,47.4635],[3.7417,47.4627],[3.7418,47.462],[3.7423,47.4622]]]},"properties":{"id_ffco":"7143","nom":"La Colline de Vézelay","_dept":"89","numero":"2013-D89-089","commune":"Vézelay","echelle":"1/4000","surface":"0.29 km²","format":"A4","annee":"2013","cartographes":"Arnaud DUPLESSIS","proprietaire":"89 - Yonne","niveau":"Régional","specialite":"Sprint (ISSOM)","contacts":"CDCO 89, 03 86 44 27 22, cdco89@free.fr","latitude":"47.4657169223","longitude":"3.74689802987","date_saisie":"24/12/2013","date_depot":"15/05/2014","valide":"Oui","ppo":"Non","type_carte":"Reprise","base":"2008-D89-051 La Colline de Vézelay","fond":"IGN","ref_ign":"2722 ET","obsolete":false}},{"type":"Feature","geometry":{"type":"Polygon","coordinates":[[[3.8729,47.4866],[3.8718,47.485],[3.8711,47.4838],[3.8732,47.4822],[3.8737,47.4812],[3.8729,47.4796],[3.8731,47.4789],[3.8746,47.478],[3.8753,47.4753],[3.8762,47.4738],[3.8755,47.4727],[3.8763,47.471],[3.8763,47.4682],[3.8778,47.4664],[3.88,47.466],[3.8896,47.4661],[3.8917,47.4671],[3.893,47.4675],[3.8943,47.4674],[3.8938,47.4695],[3.9019,47.471],[3.9024,47.4728],[3.9019,47.4734],[3.8984,47.475],[3.8947,47.4765],[3.8958,47.478],[3.8979,47.4786],[3.8965,47.4816],[3.8974,47.482],[3.8965,47.483],[3.8948,47.4829],[3.8946,47.4826],[3.8935,47.4831],[3.8929,47.4824],[3.8902,47.4821],[3.8872,47.4821],[3.8876,47.4831],[3.8876,47.4842],[3.8855,47.4853],[3.8804,47.4865],[3.8729,47.4866]]]},"properties":{"id_ffco":"7147","nom":"Avallon. Les Châtelaines","_dept":"89","numero":"2013-D89-088","commune":"Avallon","echelle":"1/10000","surface":"3.48 km²","format":"A4","annee":"2013","cartographes":"Fabrice THOMASSIN","proprietaire":"89 - Yonne","niveau":"Régional","specialite":"CO à pied","latitude":"47.4760279113","longitude":"3.8854159064","date_saisie":"24/12/2013","date_depot":"15/05/2014","valide":"Oui","ppo":"Oui (56 postes)","type_carte":"Nouvelle carte","base":"2008-D89-055 La Rencontre Aux Loups Vallée du Cousin-Avallonnais","fond":"IGN","ref_ign":"2722 ET","obsolete":false}},{"type":"Feature","geometry":{"type":"Polygon","coordinates":[[[4.0033,47.8634],[4.0082,47.8638],[4.0086,47.865],[4.0085,47.8721],[4.0073,47.8729],[3.9993,47.8728],[3.995,47.8712],[3.9923,47.8703],[3.9906,47.8692],[3.9894,47.8677],[3.9891,47.8663],[3.9887,47.8651],[3.9883,47.8648],[3.9889,47.8639],[3.9859,47.8631],[3.9864,47.8625],[3.9878,47.8619],[3.9892,47.861],[3.9897,47.8608],[3.9928,47.861],[3.9953,47.8613],[4.0003,47.8628],[4.003,47.8635],[4.0029,47.8634],[4.0033,47.8634]]]},"properties":{"id_ffco":"7146","nom":"Tonnerre. Les Rondots","_dept":"89","numero":"2013-D89-087","commune":"Tonnerre","echelle":"1/7500","surface":"1.56 km²","format":"A4","annee":"2013","cartographes":"Fabrice THOMASSIN","proprietaire":"89 - Yonne","niveau":"Initiation, Scolaire","specialite":"CO à pied","latitude":"47.8669315679","longitude":"3.9986111104","date_saisie":"24/12/2013","date_depot":"15/05/2014","valide":"Oui","ppo":"Non","type_carte":"Reprise","base":"1993-D89-005 Tonnerre-Maison Rouge","fond":"IGN","ref_ign":"2820 Ouest","obsolete":false}},{"type":"Feature","geometry":{"type":"Polygon","coordinates":[[[3.9894,47.8606],[3.9919,47.8609],[3.9923,47.8618],[3.9919,47.862],[3.9915,47.8618],[3.9906,47.8619],[3.9896,47.8631],[3.989,47.8639],[3.9859,47.8631],[3.9862,47.8625],[3.9876,47.8621],[3.9892,47.861],[3.9894,47.8606]]]},"properties":{"id_ffco":"7145","nom":"Tonnerre. Collège Abel Minard","_dept":"89","numero":"2013-D89-086","commune":"Tonnerre","echelle":"1/2000","surface":"0.08 km²","format":"A4","annee":"2013","cartographes":"Fabrice THOMASSIN","proprietaire":"89 - Yonne","niveau":"Initiation, Scolaire","specialite":"CO à pied","contacts":"CDCO 89, 06 45 11 08 27, cdco89@free.fr, http://cdco89.free.fr/index.php?option=com_content&view=section&id=8&Itemid=56","latitude":"47.8621820503","longitude":"3.98913517323","date_saisie":"24/12/2013","valide":"Oui","ppo":"Non","type_carte":"Extrait","base":"2013-D89-087 Tonnerre. Les Rondots","fond":"IGN","ref_ign":"2820 Ouest","obsolete":false}},{"type":"Feature","geometry":{"type":"Polygon","coordinates":[[[3.9138,47.4877],[3.9136,47.4886],[3.9151,47.4889],[3.9151,47.4891],[3.9128,47.4892],[3.9123,47.4891],[3.9117,47.4889],[3.9113,47.4884],[3.9111,47.488],[3.9111,47.4875],[3.9108,47.4869],[3.9106,47.4861],[3.9107,47.4854],[3.9106,47.4849],[3.9115,47.4857],[3.9112,47.4858],[3.9113,47.4859],[3.9123,47.4861],[3.9138,47.4864],[3.9134,47.4874],[3.9139,47.4875],[3.9138,47.4877]]]},"properties":{"id_ffco":"7163","nom":"Le Parc des Chaumes","_dept":"89","numero":"2012-D89-083","commune":"Avallon","echelle":"1/2000","surface":"0.07 km²","format":"A4","annee":"2012","cartographes":"Arnaud DUPLESSIS","proprietaire":"89 - Yonne","niveau":"Initiation, Scolaire","specialite":"CO à pied","contacts":"CDCO 89, 06 45 11 08 27, cdco89@free.fr, http://cdco89.free.fr/index.php?option=com_content&view=section&id=8&Itemid=56","latitude":"47.4874659359","longitude":"3.91235811261","date_saisie":"25/12/2013","date_depot":"25/09/2013","valide":"Oui","ppo":"Non","type_carte":"Nouvelle carte","fond":"Cadastre","obsolete":false}},{"type":"Feature","geometry":{"type":"Polygon","coordinates":[[[3.4189,48.0173],[3.4217,48.0166],[3.4221,48.0162],[3.4234,48.016],[3.4241,48.0164],[3.4271,48.0155],[3.4294,48.0143],[3.4307,48.0141],[3.4321,48.0141],[3.4354,48.014],[3.4372,48.0151],[3.4388,48.017],[3.4404,48.0184],[3.4452,48.0219],[3.4489,48.0233],[3.4295,48.0324],[3.4281,48.0323],[3.4281,48.0315],[3.4272,48.0306],[3.4261,48.0287],[3.4258,48.028],[3.4255,48.0257],[3.4247,48.0222],[3.4245,48.0218],[3.4238,48.0214],[3.4233,48.0205],[3.4217,48.0193],[3.4198,48.0184],[3.4189,48.0173]]]},"properties":{"id_ffco":"7152","nom":"Joigny. Réserve forestière","_dept":"89","numero":"2012-D89-082","commune":"Joigny","echelle":"1/10000","surface":"2.34 km²","format":"A4","annee":"2012","cartographes":"Fabrice THOMASSIN","proprietaire":"89 - Yonne","niveau":"Régional","specialite":"CO à pied","contacts":"CDCO 89, 06 45 11 08 27, cdco89@free.fr, http://cdco89.free.fr/index.php?option=com_content&view=section&id=8&Itemid=56","latitude":"48.0223353329","longitude":"3.43305275931","date_saisie":"25/12/2013","date_depot":"25/09/2013","valide":"Oui","ppo":"Non","type_carte":"Nouvelle carte","fond":"Ortho","obsolete":false}},{"type":"Feature","geometry":{"type":"Polygon","coordinates":[[[3.3961,47.9815],[3.3983,47.9802],[3.4007,47.9802],[3.4012,47.9811],[3.4021,47.982],[3.4023,47.9824],[3.4026,47.9834],[3.4006,47.9839],[3.3992,47.9845],[3.3985,47.9846],[3.3965,47.9848],[3.396,47.985],[3.3941,47.9852],[3.3931,47.9849],[3.3917,47.9842],[3.3913,47.9837],[3.3911,47.9834],[3.3911,47.9825],[3.3961,47.9815]]]},"properties":{"id_ffco":"7151","nom":"Joigny. Centre-ville","_dept":"89","numero":"2012-D89-081","commune":"Joigny","echelle":"1/3000","surface":"0.3 km²","format":"A4","annee":"2012","cartographes":"Fabrice THOMASSIN","proprietaire":"89 - Yonne","niveau":"Régional","specialite":"CO à pied","contacts":"CDCO 89, 06 45 11 08 27, cdco89@free.fr, http://cdco89.free.fr/index.php?option=com_content&view=section&id=8&Itemid=56","latitude":"47.9828585295","longitude":"3.39703180191","date_saisie":"25/12/2013","date_depot":"25/09/2013","valide":"Oui","ppo":"Non","type_carte":"Nouvelle carte","fond":"Cadastre","obsolete":false}},{"type":"Feature","geometry":{"type":"Polygon","coordinates":[[[3.1266,47.5719],[3.1269,47.5724],[3.1268,47.5731],[3.1267,47.5738],[3.1266,47.5746],[3.1264,47.5755],[3.1266,47.5761],[3.1249,47.5762],[3.1242,47.5761],[3.1236,47.5742],[3.1237,47.574],[3.1244,47.5736],[3.1266,47.5719]]]},"properties":{"id_ffco":"7150","nom":"Parc aventure du Bois de la Folie","_dept":"89","numero":"2012-D89-080","commune":"St Sauveur en Puisaye","echelle":"1/2000","surface":"0.08 km²","format":"A4","annee":"2012","cartographes":"Fabrice THOMASSIN","proprietaire":"89 - Yonne","niveau":"Initiation, Scolaire","specialite":"CO à pied","contacts":"Parc aventure du Bois de la Folie, 03.86.74.70.33, 06.30.07.74.28, http://www.natureadventure.fr/","latitude":"47.5744058754","longitude":"3.12540936517","date_saisie":"25/12/2013","date_depot":"25/09/2013","valide":"Oui","ppo":"Oui (30 postes)","type_carte":"Nouvelle carte","fond":"Cadastre","obsolete":false}},{"type":"Feature","geometry":{"type":"Polygon","coordinates":[[[3.1165,47.6093],[3.1149,47.6096],[3.1149,47.6103],[3.1164,47.6103],[3.1168,47.61],[3.1165,47.6093]]]},"properties":{"id_ffco":"5181","nom":"Base de loisirs Daniel Bailly","_dept":"89","numero":"2011-D89-079","commune":"Saint Fargeau","echelle":"1/1000","surface":"0.01 km²","format":"A4","annee":"2011","cartographes":"Fabrice THOMASSIN","proprietaire":"89 - Yonne","niveau":"Initiation, Scolaire","specialite":"CO à pied","contacts":"Base loisirs Daniel Bailly, 0386740407, baseloisirs.bourdon@wanadoo.fr, http://www.baseloisirs-bourdon.com/","latitude":"47.6098824894","longitude":"3.1158524287","date_saisie":"04/12/2011","date_depot":"07/11/2012","valide":"Oui","ppo":"Oui (25 postes)","type_carte":"Nouvelle carte","fond":"Cadastre","obsolete":false}},{"type":"Feature","geometry":{"type":"Polygon","coordinates":[[[3.9221,47.4865],[3.924,47.4882],[3.9231,47.4887],[3.9213,47.4871],[3.9221,47.4865]]]},"properties":{"id_ffco":"5182","nom":"Le Stade du Bois Dieu","_dept":"89","numero":"2011-D89-078","commune":"Avallon","echelle":"1/1000","surface":"0.02 km²","format":"A4","annee":"2011","cartographes":"Arnaud DUPLESSIS","proprietaire":"89 - Yonne","niveau":"Initiation, Scolaire","specialite":"CO à pied","latitude":"47.4876278399","longitude":"3.9226428009","date_saisie":"04/12/2011","date_depot":"07/11/2012","valide":"Oui","ppo":"Non","type_carte":"Nouvelle carte","fond":"Cadastre","obsolete":false}},{"type":"Feature","geometry":{"type":"Polygon","coordinates":[[[3.5328,47.8827],[3.5355,47.8833],[3.5356,47.8831],[3.5358,47.8833],[3.536,47.8836],[3.536,47.884],[3.5357,47.8844],[3.5347,47.8848],[3.5341,47.885],[3.5337,47.8851],[3.5333,47.885],[3.5339,47.8845],[3.5333,47.8844],[3.5334,47.8842],[3.5334,47.8839],[3.5341,47.8838],[3.5339,47.8832],[3.5329,47.883],[3.5328,47.8827]]]},"properties":{"id_ffco":"5183","nom":"Le Parc du Gué de la Pucelle","_dept":"89","numero":"2011-D89-077","commune":"Appoigny","echelle":"1/1500","surface":"0.03 km²","format":"A4","annee":"2011","cartographes":"Arnaud DUPLESSIS","proprietaire":"89 - Yonne","niveau":"Initiation, Scolaire","specialite":"CO à pied","latitude":"47.8839389587","longitude":"3.53457195522","date_saisie":"04/12/2011","date_depot":"07/11/2012","valide":"Oui","ppo":"Non","type_carte":"Nouvelle carte","fond":"Cadastre","obsolete":false}},{"type":"Feature","geometry":{"type":"Polygon","coordinates":[[[3.3052,48.2897],[3.2693,48.2873],[3.2651,48.2935],[3.2649,48.299],[3.2667,48.3018],[3.2663,48.3088],[3.2768,48.3107],[3.289,48.3054],[3.3017,48.302],[3.3025,48.2999],[3.3049,48.299],[3.3106,48.2961],[3.3149,48.2963],[3.3166,48.2938],[3.321,48.2941],[3.3213,48.289],[3.3052,48.2897]]]},"properties":{"id_ffco":"5184","nom":"La Pommeraie-VTT","_dept":"89","numero":"2011-D89-075","commune":"La Chapelle s/ Oreuse","echelle":"1/15000","surface":"6.63 km²","format":"A4","annee":"2011","cartographes":"Emmanuel AGOSTINI,Aimé LOUAT,Jean Charles LALEVEE,Fabrice THOMASSIN","proprietaire":"89 - Yonne","niveau":"National, International","specialite":"CO à VTT","contacts":"CDCO 89, 06 45 11 08 27, cdco89@free.fr, http://cdco89.free.fr/index.php?option=com_content&view=section&id=8&Itemid=56","latitude":"48.2970951277","longitude":"3.2869961626","date_saisie":"04/12/2011","date_depot":"07/11/2012","valide":"Oui","ppo":"Non","type_carte":"Nouvelle carte","fond":"Ortho","obsolete":false}},{"type":"Feature","geometry":{"type":"Polygon","coordinates":[[[3.3208,48.2932],[3.32,48.2963],[3.3155,48.2962],[3.3112,48.2974],[3.3055,48.2941],[3.3061,48.2644],[3.3121,48.2625],[3.3478,48.2629],[3.3473,48.2908],[3.3423,48.2908],[3.3411,48.2937],[3.3373,48.293],[3.3282,48.2933],[3.321,48.2923],[3.3212,48.2923],[3.3208,48.2932]]]},"properties":{"id_ffco":"5185","nom":"Soucy-VTT","_dept":"89","numero":"2011-D89-074","commune":"Soucy","echelle":"1/15000","surface":"10.69 km²","format":"A4","annee":"2011","cartographes":"Emmanuel AGOSTINI,Aimé LOUAT,Jean Charles LALEVEE,Fabrice THOMASSIN","proprietaire":"89 - Yonne","niveau":"National, International","specialite":"CO à VTT","contacts":"CDCO 89, 06 45 11 08 27, cdco89@free.fr, http://cdco89.free.fr/index.php?option=com_content&view=section&id=8&Itemid=56","latitude":"48.2784069279","longitude":"3.32606251644","date_saisie":"04/12/2011","date_depot":"07/11/2012","valide":"Oui","ppo":"Non","type_carte":"Nouvelle carte","fond":"Ortho","obsolete":false}},{"type":"Feature","geometry":{"type":"Polygon","coordinates":[[[3.4394,47.9941],[3.4385,47.9973],[3.4358,48.002],[3.4349,48.0047],[3.4346,48.0089],[3.4083,48.0087],[3.4061,48.0048],[3.4045,48.002],[3.4035,47.9996],[3.403,47.9978],[3.4025,47.9953],[3.4006,47.9938],[3.3959,47.9927],[3.3897,47.9912],[3.3879,47.9902],[3.3832,47.9888],[3.3825,47.9866],[3.3834,47.9861],[3.3867,47.9862],[3.3915,47.9874],[3.3951,47.9874],[3.3961,47.9865],[3.3961,47.9853],[3.4033,47.9832],[3.4042,47.9839],[3.4153,47.9831],[3.4181,47.9827],[3.4232,47.9854],[3.4394,47.9876],[3.4394,47.9941]]]},"properties":{"id_ffco":"5186","nom":"La Côte St Jacques-VTT","_dept":"89","numero":"2011-D89-073","commune":"Joigny","echelle":"1/15000","surface":"7.66 km²","format":"A4","annee":"2011","cartographes":"Jean Charles LALEVEE","proprietaire":"89 - Yonne","niveau":"National, International","specialite":"CO à VTT","contacts":"CDCO 89, 03 86 44 27 22, cdco89@free.fr","latitude":"47.9952018506","longitude":"3.4170101257","date_saisie":"04/12/2011","date_depot":"07/11/2012","valide":"Oui","ppo":"Non","type_carte":"Nouvelle carte","fond":"Ortho","obsolete":false}},{"type":"Feature","geometry":{"type":"Polygon","coordinates":[[[3.5326,47.8804],[3.5325,47.881],[3.5331,47.881],[3.5325,47.8827],[3.5318,47.8826],[3.5316,47.8833],[3.5305,47.8831],[3.5315,47.8802],[3.5326,47.8804]]]},"properties":{"id_ffco":"5115","nom":"Appoigny. Stade Laguillaumie","_dept":"89","numero":"2010-D89-072","commune":"Appoigny","echelle":"1/2500","surface":"0.04 km²","format":"A4","annee":"2010","cartographes":"Arnaud DUPLESSIS","proprietaire":"89 - Yonne","niveau":"Initiation, Scolaire","specialite":"CO à pied","latitude":"47.8817814231","longitude":"3.5317868915","date_saisie":"20/09/2011","date_depot":"07/11/2012","valide":"Oui","ppo":"Non","type_carte":"Nouvelle carte","fond":"Cadastre","obsolete":false}},{"type":"Feature","geometry":{"type":"Polygon","coordinates":[[[3.9065,47.6331],[3.9186,47.6326],[3.9553,47.6252],[3.957,47.616],[3.9553,47.613],[3.9515,47.6086],[3.9553,47.6044],[3.9529,47.5979],[3.9416,47.5859],[3.9313,47.5801],[3.9192,47.5886],[3.911,47.597],[3.9089,47.6044],[3.9093,47.6134],[3.9076,47.625],[3.9079,47.6241],[3.9065,47.6331]]]},"properties":{"id_ffco":"5113","nom":"Hervaux 2","_dept":"89","numero":"2010-D89-071","commune":"Joux la Ville","echelle":"1/15000","surface":"15.89 km²","format":"A3","annee":"2010","cartographes":"Fabrice THOMASSIN","proprietaire":"89 - Yonne","niveau":"Interrégional","specialite":"CO à pied","latitude":"47.6092056736","longitude":"3.93090803303","date_saisie":"16/09/2011","date_depot":"07/11/2012","valide":"Oui","ppo":"Non","type_carte":"Nouvelle carte","fond":"Ortho","obsolete":false}},{"type":"Feature","geometry":{"type":"Polygon","coordinates":[[[3.4255,48.1671],[3.4205,48.166],[3.4189,48.1673],[3.4201,48.1699],[3.4215,48.1702],[3.4255,48.1671]]]},"properties":{"id_ffco":"5145","nom":"THEIL sur VANNE-Parc de Grève","_dept":"89","numero":"2010-D89-069","commune":"Theil sur Vanne","echelle":"1/3500","surface":"0.13 km²","format":"A4","annee":"2010","cartographes":"Emmanuel AGOSTINI,Fabrice THOMASSIN","proprietaire":"89 - Yonne","niveau":"Initiation, Scolaire","specialite":"CO à pied","contacts":"CDCO 89, 06 45 11 08 27, cdco89@free.fr, http://cdco89.free.fr/index.php?option=com_content&view=section&id=8&Itemid=56","latitude":"48.1679409134","longitude":"3.42168903934","date_saisie":"10/10/2011","date_depot":"07/11/2012","valide":"Oui","ppo":"Non","type_carte":"Nouvelle carte","fond":"Cadastre","obsolete":false}},{"type":"Feature","geometry":{"type":"Polygon","coordinates":[[[3.751,47.4871],[3.7545,47.4846],[3.7562,47.4854],[3.7618,47.4847],[3.7617,47.4796],[3.7588,47.4776],[3.7596,47.477],[3.7612,47.4738],[3.7592,47.4725],[3.7617,47.4689],[3.7608,47.4673],[3.7624,47.4635],[3.7637,47.4628],[3.7678,47.4625],[3.7732,47.4594],[3.7733,47.4563],[3.7612,47.4543],[3.7611,47.4555],[3.7549,47.455],[3.7544,47.4558],[3.7526,47.4552],[3.7479,47.453],[3.7408,47.4507],[3.7365,47.4505],[3.7344,47.4496],[3.7318,47.4515],[3.7326,47.4805],[3.751,47.4871]]]},"properties":{"id_ffco":"7162","nom":"Les Chemins de St Jacques","_dept":"89","numero":"2010-D89-068","commune":"Vézelay","echelle":"1/15000","surface":"8.29 km²","format":"A4","annee":"2010","cartographes":"Arnaud DUPLESSIS","proprietaire":"89 - Yonne","niveau":"Départemental","specialite":"Rand'O","contacts":"CDCO 89, 06 45 11 08 27, cdco89@free.fr, http://cdco89.free.fr/index.php?option=com_content&view=section&id=8&Itemid=56","latitude":"47.4676358025","longitude":"3.74810609326","date_saisie":"25/12/2013","date_depot":"07/11/2012","valide":"Oui","ppo":"Non","type_carte":"Nouvelle carte","fond":"Ortho","obsolete":false}},{"type":"Feature","geometry":{"type":"Polygon","coordinates":[[[3.7241,47.4637],[3.7258,47.464],[3.7275,47.4643],[3.731,47.4657],[3.7322,47.4664],[3.736,47.4693],[3.7359,47.4707],[3.7353,47.4717],[3.7348,47.4716],[3.7335,47.4719],[3.7326,47.4718],[3.7313,47.4711],[3.7305,47.4711],[3.729,47.471],[3.728,47.4708],[3.7272,47.4705],[3.7262,47.4704],[3.7256,47.4703],[3.7241,47.4698],[3.7226,47.4698],[3.7215,47.4695],[3.7198,47.4695],[3.7183,47.4691],[3.7175,47.4691],[3.717,47.4693],[3.7121,47.4708],[3.7108,47.4698],[3.7098,47.4677],[3.7112,47.467],[3.7118,47.4664],[3.7134,47.4648],[3.7145,47.4636],[3.7174,47.4625],[3.7177,47.462],[3.718,47.4617],[3.7184,47.4615],[3.719,47.4618],[3.7201,47.4627],[3.7216,47.4637],[3.7222,47.4646],[3.7227,47.4646],[3.7237,47.464],[3.7241,47.4637]]]},"properties":{"id_ffco":"7161","nom":"Vézelay. La Goulotte","_dept":"89","numero":"2010-D89-067","commune":"Vézelay","echelle":"1/7500","surface":"1.21 km²","format":"A4","annee":"2010","cartographes":"Arnaud DUPLESSIS","proprietaire":"89 - Yonne","niveau":"Initiation, Scolaire","specialite":"CO à pied","contacts":"CDCO 89, 06 45 11 08 27, cdco89@free.fr, http://cdco89.free.fr/index.php?option=com_content&view=section&id=8&Itemid=56","latitude":"47.4673010801","longitude":"3.72269242937","date_saisie":"25/12/2013","date_depot":"07/11/2012","valide":"Oui","ppo":"Non","type_carte":"Nouvelle carte","fond":"Ortho","obsolete":false}},{"type":"Feature","geometry":{"type":"Polygon","coordinates":[[[3.5852,47.7881],[3.5865,47.7886],[3.5867,47.7884],[3.5872,47.7886],[3.5875,47.7883],[3.5889,47.7889],[3.5881,47.7898],[3.5865,47.7913],[3.5859,47.7918],[3.585,47.7922],[3.5847,47.7923],[3.5849,47.7931],[3.5832,47.794],[3.582,47.793],[3.5823,47.7927],[3.5821,47.7923],[3.582,47.7914],[3.582,47.7903],[3.5827,47.7898],[3.5845,47.7882],[3.585,47.788],[3.5852,47.7881]]]},"properties":{"id_ffco":"7160","nom":"Auxerre. Parc de l'Arbre Sec","_dept":"89","numero":"2010-D89-066","commune":"Auxerre","echelle":"1/3000","surface":"0.18 km²","format":"A4","annee":"2010","cartographes":"Quentin REVEL,Fabrice THOMASSIN","proprietaire":"89 - Yonne","niveau":"Initiation, Scolaire","specialite":"CO à pied","contacts":"CDCO 89, 06 45 11 08 27, cdco89@free.fr, http://cdco89.free.fr/index.php?option=com_content&view=section&id=8&Itemid=56","latitude":"47.7906399499","longitude":"3.58478418732","date_saisie":"25/12/2013","date_depot":"07/11/2012","valide":"Oui","ppo":"Oui (16 postes)","type_carte":"Nouvelle carte","fond":"Cadastre","obsolete":false}},{"type":"Feature","geometry":{"type":"Polygon","coordinates":[[[3.7047,47.5854],[3.7059,47.5858],[3.7071,47.5864],[3.7065,47.587],[3.7059,47.5875],[3.7066,47.5879],[3.7072,47.5878],[3.7077,47.5875],[3.7076,47.5871],[3.7091,47.5864],[3.7087,47.5863],[3.71,47.5858],[3.7107,47.5858],[3.7135,47.5863],[3.717,47.587],[3.7183,47.5871],[3.7195,47.5871],[3.7247,47.5865],[3.7298,47.5859],[3.731,47.5856],[3.7316,47.5852],[3.736,47.5819],[3.7411,47.5781],[3.7455,47.5748],[3.7482,47.5727],[3.7486,47.5639],[3.7491,47.5596],[3.748,47.5591],[3.7453,47.5578],[3.7441,47.557],[3.7432,47.5565],[3.7424,47.5557],[3.7414,47.5544],[3.7415,47.5538],[3.7415,47.5527],[3.7412,47.5517],[3.7402,47.5507],[3.7395,47.5496],[3.739,47.5491],[3.7385,47.5486],[3.7367,47.5469],[3.735,47.5456],[3.7339,47.5447],[3.7321,47.5438],[3.7317,47.5433],[3.7292,47.5436],[3.727,47.5437],[3.7176,47.5447],[3.7154,47.5457],[3.7153,47.546],[3.7155,47.5462],[3.7147,47.5466],[3.7142,47.5468],[3.7133,47.5468],[3.7118,47.5473],[3.7113,47.5466],[3.7063,47.5478],[3.7062,47.5481],[3.7056,47.5484],[3.7044,47.5489],[3.7029,47.5499],[3.7027,47.5512],[3.7018,47.552],[3.7017,47.5523],[3.7013,47.5524],[3.6971,47.5533],[3.696,47.5535],[3.6954,47.5536],[3.6953,47.5587],[3.6951,47.5688],[3.6959,47.569],[3.6965,47.5695],[3.6978,47.5703],[3.6989,47.5715],[3.6999,47.5723],[3.7011,47.5734],[3.7,47.5746],[3.7017,47.5771],[3.7048,47.5805],[3.707,47.5835],[3.7069,47.5844],[3.7053,47.5846],[3.7047,47.5854]]]},"properties":{"id_ffco":"5147","nom":"La Chapelle d'Avigny","_dept":"89","numero":"2010-D89-065","commune":"Mailly la Ville","echelle":"1/20000","surface":"14.8 km²","format":"A4","annee":"2010","cartographes":"Fabrice THOMASSIN","proprietaire":"89 - Yonne","niveau":"Départemental","specialite":"Rand'O","latitude":"47.565248338","longitude":"3.72166950043","date_saisie":"10/10/2011","date_depot":"07/11/2012","valide":"Oui","ppo":"Non","type_carte":"Nouvelle carte","fond":"Ortho","obsolete":false}},{"type":"Feature","geometry":{"type":"Polygon","coordinates":[[[3.583,47.704],[3.5841,47.7043],[3.5857,47.7046],[3.5858,47.7049],[3.5854,47.7051],[3.585,47.7054],[3.5842,47.7048],[3.5836,47.7045],[3.5831,47.7044],[3.5829,47.7042],[3.583,47.704]]]},"properties":{"id_ffco":"7159","nom":"Le Magny","_dept":"89","numero":"2010-D89-064","commune":"Coulanges la Vineuse","echelle":"1/1000","surface":"0.01 km²","format":"A4","annee":"2010","cartographes":"Fabrice THOMASSIN","proprietaire":"89 - Yonne","niveau":"Initiation, Scolaire","specialite":"CO à pied","latitude":"47.7046468781","longitude":"3.58453988406","date_saisie":"25/12/2013","date_depot":"07/11/2012","valide":"Oui","ppo":"Non","type_carte":"Nouvelle carte","fond":"IGN","ref_ign":"2621 Est","obsolete":false}},{"type":"Feature","geometry":{"type":"Polygon","coordinates":[[[3.1948,48.3205],[3.1958,48.3199],[3.1977,48.3191],[3.1992,48.3181],[3.2001,48.3175],[3.1999,48.3191],[3.1983,48.32],[3.1961,48.3213],[3.1958,48.3214],[3.1956,48.3213],[3.1948,48.3205]]]},"properties":{"id_ffco":"5042","nom":"SERBONNES C.C.A.S.","_dept":"89","numero":"2009-D89-059","commune":"Serbonnes","echelle":"1/2000","surface":"0.06 km²","format":"A4","annee":"2009","cartographes":"Emmanuel AGOSTINI","proprietaire":"89 - Yonne","niveau":"Initiation, Scolaire","specialite":"CO à pied","latitude":"48.3196755157","longitude":"3.19761696644","date_saisie":"09/08/2010","date_depot":"22/09/2010","valide":"Oui","ppo":"Non","type_carte":"Nouvelle carte","fond":"IGN","ref_ign":"2517-Est","obsolete":false}},{"type":"Feature","geometry":{"type":"Polygon","coordinates":[[[3.1393,48.3338],[3.1359,48.3338],[3.1342,48.3334],[3.1335,48.3331],[3.1328,48.3324],[3.1329,48.3316],[3.1334,48.3307],[3.1352,48.3295],[3.1358,48.3293],[3.1362,48.3293],[3.1381,48.3287],[3.1396,48.3285],[3.1414,48.3287],[3.1413,48.3312],[3.1402,48.3312],[3.1412,48.3337],[3.1393,48.3338]]]},"properties":{"id_ffco":"5041","nom":"VINNEUF Les Gravières","_dept":"89","numero":"2009-D89-058","commune":"Vinneuf","echelle":"1/3500","surface":"0.29 km²","format":"A4","annee":"2009","cartographes":"Emmanuel AGOSTINI","proprietaire":"CDCO-89","niveau":"Initiation, Scolaire","specialite":"CO à pied","latitude":"48.3313351838","longitude":"3.1374638995","date_saisie":"09/08/2010","date_depot":"22/09/2010","valide":"Oui","ppo":"Non","type_carte":"Nouvelle carte","fond":"IGN","ref_ign":"2517 Est","obsolete":false}},{"type":"Feature","geometry":{"type":"Polygon","coordinates":[[[3.9192,47.4921],[3.9211,47.4924],[3.9238,47.4925],[3.9261,47.4925],[3.9306,47.4931],[3.9372,47.4944],[3.9423,47.4955],[3.9501,47.4965],[3.9644,47.4974],[3.9669,47.4969],[3.9684,47.4957],[3.9704,47.4944],[3.974,47.4928],[3.974,47.4916],[3.9749,47.4892],[3.9764,47.4882],[3.9774,47.4858],[3.9773,47.4851],[3.9777,47.484],[3.9778,47.4822],[3.9774,47.4822],[3.9774,47.4816],[3.977,47.481],[3.9775,47.4804],[3.9774,47.4795],[3.9764,47.4779],[3.9761,47.477],[3.9752,47.4763],[3.9746,47.4757],[3.9713,47.4737],[3.9689,47.471],[3.968,47.4701],[3.9677,47.4694],[3.9684,47.468],[3.9692,47.4669],[3.9707,47.4663],[3.9716,47.4667],[3.9721,47.4663],[3.9715,47.4663],[3.9712,47.4661],[3.9671,47.4667],[3.9669,47.4663],[3.9707,47.4648],[3.9705,47.4646],[3.9694,47.465],[3.968,47.4637],[3.968,47.463],[3.9674,47.4625],[3.9672,47.4619],[3.9649,47.4607],[3.9647,47.4597],[3.9643,47.459],[3.9634,47.4584],[3.9635,47.4576],[3.9635,47.4569],[3.9632,47.4567],[3.9625,47.4573],[3.9618,47.4572],[3.9611,47.4562],[3.9607,47.4553],[3.9584,47.4546],[3.9556,47.4526],[3.9549,47.452],[3.9539,47.4515],[3.9537,47.451],[3.9519,47.4509],[3.9515,47.4506],[3.9517,47.4503],[3.9519,47.4495],[3.9515,47.4486],[3.9507,47.4482],[3.9504,47.4477],[3.95,47.4475],[3.9489,47.4475],[3.9483,47.4474],[3.9474,47.447],[3.9455,47.4452],[3.9442,47.4443],[3.9428,47.4421],[3.941,47.4412],[3.9407,47.4404],[3.94,47.4398],[3.9401,47.4389],[3.9395,47.4384],[3.9385,47.4369],[3.9364,47.4364],[3.935,47.4357],[3.9347,47.4351],[3.9351,47.4337],[3.935,47.4335],[3.9334,47.4325],[3.9318,47.4311],[3.9302,47.4264],[3.9272,47.4259],[3.9264,47.4266],[3.9256,47.4265],[3.925,47.4266],[3.9245,47.4277],[3.9245,47.4289],[3.9229,47.4301],[3.9214,47.4305],[3.9205,47.4314],[3.9187,47.4317],[3.9168,47.4322],[3.9159,47.4323],[3.9149,47.4326],[3.9129,47.4337],[3.9106,47.4338],[3.9097,47.4336],[3.9087,47.4336],[3.9068,47.4337],[3.9063,47.4332],[3.9048,47.4342],[3.9042,47.4349],[3.9041,47.4356],[3.9027,47.4361],[3.902,47.437],[3.9013,47.4377],[3.9016,47.439],[3.9013,47.4392],[3.9006,47.4393],[3.9001,47.4396],[3.8972,47.4346],[3.8948,47.4332],[3.8938,47.4326],[3.8926,47.4297],[3.8921,47.4273],[3.8799,47.4274],[3.8785,47.4338],[3.879,47.4378],[3.8787,47.4409],[3.8802,47.4429],[3.8821,47.4473],[3.8826,47.4499],[3.8801,47.4565],[3.8892,47.4596],[3.8904,47.4621],[3.8902,47.4654],[3.8887,47.4675],[3.8852,47.47],[3.8789,47.4716],[3.8777,47.4726],[3.877,47.4742],[3.8757,47.477],[3.8729,47.4792],[3.8736,47.4812],[3.8732,47.4821],[3.8722,47.4829],[3.8707,47.4839],[3.8677,47.4848],[3.8672,47.4848],[3.8665,47.4855],[3.8658,47.4865],[3.8652,47.4871],[3.8634,47.4887],[3.8624,47.489],[3.8617,47.4897],[3.8632,47.49],[3.8643,47.4906],[3.865,47.4911],[3.8654,47.4918],[3.866,47.4918],[3.8675,47.4928],[3.8685,47.4928],[3.8701,47.4931],[3.872,47.4929],[3.8737,47.4926],[3.8839,47.4914],[3.8853,47.4914],[3.8954,47.4923],[3.8986,47.4926],[3.901,47.4933],[3.9029,47.4936],[3.904,47.4944],[3.9067,47.4934],[3.9076,47.493],[3.908,47.4926],[3.9121,47.4913],[3.9153,47.4915],[3.9192,47.4921]]]},"properties":{"id_ffco":"4776","nom":"La Rencontre Aux Loups Vallée du Cousin-Avallonnais","_dept":"89","numero":"2008-D89-055","commune":"Avallon","echelle":"1/20000","surface":"43.26 km²","format":"+","annee":"2008","cartographes":"Jean-Luc CHANDEZON","proprietaire":"89 - Yonne","niveau":"Interrégional","specialite":"Raid'O","latitude":"47.4663260677","longitude":"3.92180704906","date_saisie":"30/01/2010","date_depot":"17/02/2010","valide":"Oui","ppo":"Non","type_carte":"Nouvelle carte","fond":"IGN","ref_ign":"2722 ET","obsolete":false}},{"type":"Feature","geometry":{"type":"Polygon","coordinates":[[[3.9211,47.4751],[3.9241,47.477],[3.9294,47.4765],[3.9339,47.4763],[3.9359,47.4774],[3.9349,47.4789],[3.9374,47.4807],[3.9407,47.4811],[3.9433,47.48],[3.9479,47.4777],[3.9521,47.4776],[3.9544,47.4787],[3.9563,47.472],[3.9607,47.4678],[3.9609,47.4618],[3.9536,47.4595],[3.9537,47.441],[3.9524,47.4374],[3.9472,47.4347],[3.9385,47.4352],[3.9294,47.4377],[3.924,47.4419],[3.9208,47.4496],[3.9199,47.4531],[3.9189,47.456],[3.9199,47.4577],[3.9165,47.4602],[3.9196,47.4655],[3.9196,47.4691],[3.9172,47.4709],[3.9172,47.4733],[3.9163,47.4754],[3.9167,47.4765],[3.9211,47.4751]]]},"properties":{"id_ffco":"5039","nom":"Bois des Courtois","_dept":"89","numero":"2008-D89-054","commune":"Avallon","echelle":"1/10000","surface":"12.31 km²","format":"A3","annee":"2008","cartographes":"Jean-Luc CHANDEZON","proprietaire":"89 - Yonne","niveau":"Interrégional","specialite":"CO à pied","latitude":"47.4585123594","longitude":"3.93828952294","date_saisie":"09/08/2010","date_depot":"22/09/2010","valide":"Oui","ppo":"Non","type_carte":"Extrait","base":"2008-D89-055 La Rencontre Aux Loups Vallée du Cousin-Avallonnais","fond":"IGN","ref_ign":"2722 Est","obsolete":false}},{"type":"Feature","geometry":{"type":"Polygon","coordinates":[[[3.6355,47.5651],[3.6364,47.5647],[3.6375,47.5643],[3.6389,47.5638],[3.6413,47.5633],[3.6416,47.5641],[3.6434,47.564],[3.6433,47.5625],[3.6434,47.5606],[3.6435,47.5581],[3.6424,47.558],[3.6414,47.5581],[3.6408,47.5584],[3.6406,47.5592],[3.64,47.5597],[3.6401,47.5601],[3.6393,47.5602],[3.6377,47.5603],[3.6337,47.5593],[3.6311,47.5588],[3.6304,47.5584],[3.629,47.5572],[3.6279,47.5557],[3.6269,47.5544],[3.6265,47.5529],[3.6241,47.5534],[3.6214,47.5534],[3.6202,47.5531],[3.6175,47.5519],[3.6167,47.5527],[3.6132,47.5554],[3.6117,47.5565],[3.6106,47.557],[3.6098,47.5575],[3.6088,47.5583],[3.6145,47.5614],[3.6144,47.5621],[3.6142,47.5632],[3.6159,47.5635],[3.6176,47.5634],[3.6179,47.5633],[3.6183,47.5628],[3.619,47.563],[3.6204,47.5635],[3.6225,47.5644],[3.6229,47.5645],[3.6233,47.5645],[3.625,47.5641],[3.6257,47.5642],[3.6269,47.5651],[3.628,47.5656],[3.6299,47.5653],[3.6302,47.5651],[3.6307,47.5648],[3.6315,47.5647],[3.6319,47.5647],[3.6324,47.5649],[3.633,47.5651],[3.6341,47.5653],[3.6348,47.5657],[3.6355,47.5651]]]},"properties":{"id_ffco":"4780","nom":"MERRY sur Yonne- Le Bois de la Tour2","_dept":"89","numero":"2008-D89-052","commune":"Merry-sur-Yonne","echelle":"1/10000","surface":"2.1 km²","format":"A4","annee":"2008","cartographes":"Fabrice THOMASSIN","proprietaire":"8903 - YONNE COURSE ORIENTATION NATURE ET EVASION","niveau":"Régional","specialite":"CO à pied","latitude":"47.5596273398","longitude":"3.62535328003","date_saisie":"30/01/2010","date_depot":"17/02/2010","valide":"Oui","ppo":"Non","type_carte":"Reprise","base":"2007-D89-043 MERRY SUR YONNE - Bois de la Tour","fond":"IGN","ref_ign":"2721 Ouest","obsolete":false}},{"type":"Feature","geometry":{"type":"Polygon","coordinates":[[[3.5007,47.6139],[3.4992,47.613],[3.4984,47.6125],[3.4977,47.6131],[3.4994,47.6144],[3.5007,47.6139]]]},"properties":{"id_ffco":"4778","nom":"COURSON les CARRIERES Groupe scolaire","_dept":"89","numero":"2008-D89-049","commune":"Courson-les-Carrières","echelle":"1/600","surface":"0.02 km²","format":"A4","annee":"2008","cartographes":"Cécile COMTE,Fabrice THOMASSIN","proprietaire":"89 - Yonne","niveau":"Initiation, Scolaire","specialite":"CO à pied","latitude":"47.6135039328","longitude":"3.4991434678","date_saisie":"30/01/2010","date_depot":"17/02/2010","valide":"Oui","ppo":"Non","type_carte":"Nouvelle carte","fond":"Cadastre","obsolete":false}},{"type":"Feature","geometry":{"type":"Polygon","coordinates":[[[3.815,47.4819],[3.8107,47.4754],[3.808,47.4752],[3.8071,47.4741],[3.8015,47.4722],[3.7908,47.4655],[3.7901,47.4642],[3.7865,47.4659],[3.7773,47.4646],[3.7716,47.465],[3.7714,47.4636],[3.7687,47.4637],[3.7685,47.4844],[3.7868,47.492],[3.7959,47.4954],[3.8015,47.4969],[3.8106,47.4938],[3.815,47.4819]]]},"properties":{"id_ffco":"4636","nom":"Le Gros Mont","_dept":"89","numero":"2007-D89-047","commune":"St Père sous Vézelay","echelle":"1/20000","surface":"8.86 km²","format":"A4","annee":"2007","cartographes":"Joël MARTIN,Fabrice THOMASSIN,Arnaud DUPLESSIS","proprietaire":"89 - Yonne","niveau":"Régional","specialite":"CO à VTT","latitude":"47.4800778845","longitude":"3.79048670209","date_saisie":"09/12/2009","date_depot":"15/12/2009","valide":"Oui","ppo":"Non","type_carte":"Nouvelle carte","fond":"IGN","ref_ign":"2722 Ouest","obsolete":false}},{"type":"Feature","geometry":{"type":"Polygon","coordinates":[[[3.5283,47.8523],[3.545,47.854],[3.5487,47.8477],[3.5503,47.8442],[3.5509,47.8416],[3.5482,47.8407],[3.5462,47.8393],[3.5467,47.8388],[3.5456,47.8382],[3.5449,47.8386],[3.5433,47.8376],[3.5417,47.8363],[3.5317,47.8365],[3.5245,47.8427],[3.5233,47.8432],[3.5231,47.8512],[3.5283,47.8523]]]},"properties":{"id_ffco":"4634","nom":"Bois de Chaumoi","_dept":"89","numero":"2007-D89-045","commune":"Perrigny","echelle":"1/10000","surface":"3.1 km²","format":"A4","annee":"2007","cartographes":"Gisèle JOUBERT","proprietaire":"8903 puis CDCO 89","niveau":"Régional","specialite":"CO à pied","latitude":"47.8452473826","longitude":"3.53670725805","date_saisie":"09/12/2009","date_depot":"15/12/2009","valide":"Oui","ppo":"Non","type_carte":"Reprise","base":"2006-D89-039 Bois de Chaumoi","fond":"IGN","ref_ign":"2620 Est","obsolete":false}},{"type":"Feature","geometry":{"type":"Polygon","coordinates":[[[3.5086,47.8569],[3.51,47.86],[3.512,47.8615],[3.5189,47.8615],[3.5227,47.8607],[3.5275,47.861],[3.5279,47.8575],[3.5276,47.8564],[3.5276,47.854],[3.5307,47.8549],[3.5321,47.8557],[3.5344,47.8544],[3.5367,47.8529],[3.5394,47.8531],[3.5424,47.8534],[3.5447,47.8539],[3.5459,47.8517],[3.5476,47.8495],[3.5501,47.8445],[3.5503,47.8419],[3.5411,47.8361],[3.5347,47.8362],[3.5299,47.84],[3.5242,47.8407],[3.5242,47.8429],[3.5026,47.846],[3.5022,47.8493],[3.5086,47.8569]]]},"properties":{"id_ffco":"4633","nom":"Les Bois d'APPOIGNY","_dept":"89","numero":"2007-D89-044","commune":"Auxerre","echelle":"1/15000","surface":"5.94 km²","format":"A4","annee":"2007","cartographes":"Gisèle JOUBERT,Fabrice THOMASSIN","proprietaire":"8903 puis CDCO 89","niveau":"Régional","specialite":"CO à pied","latitude":"47.8489182493","longitude":"3.52674538147","date_saisie":"09/12/2009","date_depot":"15/12/2009","valide":"Oui","ppo":"Non","type_carte":"Reprise","base":"1999-D89-022 Appoigny","fond":"IGN","ref_ign":"2620 Est","obsolete":false}},{"type":"Feature","geometry":{"type":"Polygon","coordinates":[[[3.4672,47.7319],[3.4685,47.7322],[3.4691,47.7321],[3.4702,47.7322],[3.4703,47.732],[3.4704,47.732],[3.4704,47.7315],[3.4702,47.731],[3.4699,47.7306],[3.4699,47.7304],[3.4703,47.73],[3.4706,47.7297],[3.4705,47.729],[3.4695,47.729],[3.4688,47.729],[3.4685,47.7297],[3.4682,47.7304],[3.4681,47.7307],[3.4677,47.7314],[3.4672,47.7319]]]},"properties":{"id_ffco":"4226","nom":"ESCAMPS - Base de loisirs","_dept":"89","numero":"2005-D89-038","commune":"Escamps","echelle":"1/1500","surface":"0.06 km²","format":"A4","annee":"2005","cartographes":"Gisèle JOUBERT","proprietaire":"89 - Yonne","niveau":"Initiation, Scolaire","specialite":"CO à pied","latitude":"47.7307244833","longitude":"3.4691842954","date_saisie":"03/03/2006","date_depot":"03/03/2006","valide":"Oui","ppo":"Non","type_carte":"Nouvelle carte","fond":"Cadastre","obsolete":false}},{"type":"Feature","geometry":{"type":"Polygon","coordinates":[[[3.5504,47.7949],[3.5514,47.7942],[3.5509,47.794],[3.5511,47.7939],[3.5508,47.7938],[3.5516,47.7933],[3.5518,47.7934],[3.5533,47.7926],[3.5531,47.7924],[3.5552,47.7912],[3.5545,47.7905],[3.5528,47.791],[3.5524,47.7908],[3.5513,47.7911],[3.5504,47.7916],[3.5498,47.7921],[3.5495,47.7927],[3.5494,47.7933],[3.5495,47.794],[3.55,47.7946],[3.5504,47.7949]]]},"properties":{"id_ffco":"3889","nom":"Lycée J. Fourier. AUXERRE","_dept":"89","numero":"2005-D89-037","commune":"Auxerre","echelle":"1/2000","surface":"0.09 km²","format":"A4","annee":"2005","cartographes":"Gisèle JOUBERT","proprietaire":"89 - Yonne","niveau":"Initiation, Scolaire","specialite":"CO à pied","latitude":"47.7923541254","longitude":"3.55175297882","date_saisie":"18/03/2005","date_depot":"25/03/2005","valide":"Oui","ppo":"Non","type_carte":"Nouvelle carte","fond":"Cadastre","obsolete":false}},{"type":"Feature","geometry":{"type":"Polygon","coordinates":[[[3.2965,47.7314],[3.297,47.7319],[3.2983,47.7313],[3.2994,47.7305],[3.3,47.7296],[3.2981,47.7291],[3.2983,47.7277],[3.2976,47.7271],[3.2948,47.7292],[3.293,47.7306],[3.2923,47.7311],[3.2925,47.7321],[3.2943,47.7323],[3.2949,47.7324],[3.2965,47.7314]]]},"properties":{"id_ffco":"3886","nom":"Toucy. Base de loisirs du Foulon","_dept":"89","numero":"2004-D89-034","commune":"Toucy","echelle":"1/3000","surface":"0.17 km²","format":"A4","annee":"2004","cartographes":"Fabrice THOMASSIN","proprietaire":"89 - Yonne","niveau":"Initiation, Scolaire","specialite":"CO à pied","latitude":"47.7301901195","longitude":"3.29615569957","date_saisie":"18/03/2005","date_depot":"25/03/2005","valide":"Oui","ppo":"Non","type_carte":"Nouvelle carte","fond":"IGN","ref_ign":"2620 Ouest","obsolete":false}},{"type":"Feature","geometry":{"type":"Polygon","coordinates":[[[3.5106,47.9568],[3.514,47.9544],[3.513,47.9536],[3.512,47.9529],[3.5114,47.9522],[3.5111,47.9514],[3.511,47.9506],[3.5111,47.9498],[3.511,47.949],[3.5108,47.9486],[3.5102,47.9483],[3.509,47.948],[3.5081,47.9479],[3.5074,47.9481],[3.5071,47.9486],[3.5073,47.9491],[3.5081,47.9495],[3.5087,47.95],[3.5092,47.9506],[3.509,47.9513],[3.5086,47.9519],[3.5077,47.9531],[3.5069,47.9541],[3.5063,47.9546],[3.51,47.9569],[3.5106,47.9568]]]},"properties":{"id_ffco":"3078","nom":"MIGENNES -Stade Lucien.Masson","_dept":"89","numero":"1997-D89-009","commune":"Migennes","echelle":"1/5000","surface":"0.27 km²","format":"A4","annee":"1997","cartographes":"Fabrice THOMASSIN","proprietaire":"8902 puis CDCO 89","niveau":"Initiation, Scolaire","specialite":"CO à pied","latitude":"47.952880051","longitude":"3.50989611307","valide":"Oui","ppo":"Non","type_carte":"Nouvelle carte","fond":"IGN","ref_ign":"2619 Est","obsolete":false}}]}